SupplyNode,PlantLocation,Feedstock,FlowTons,Distance_km
CLUSTER_109,Plant_0,horse_man,2924.0,56.91550315136137
CLUSTER_109,Plant_0,pig_man,121.22265,56.91550315136137
CLUSTER_115,Plant_0,pig_man,276.8087,66.92245886889485
CLUSTER_125,Plant_0,cattle_man,948.6167834262496,49.24456669874694
CLUSTER_125,Plant_0,horse_man,653.0,49.24456669874694
CLUSTER_125,Plant_0,pig_man,536.0,49.24456669874694
CLUSTER_130,Plant_0,cattle_man,16580.99999999989,22.307293649137133
CLUSTER_130,Plant_0,horse_man,373.2,22.307293649137133
CLUSTER_130,Plant_0,pig_man,304.35,22.307293649137133
CLUSTER_140,Plant_0,cattle_man,7209.0,16.207115421562925
CLUSTER_140,Plant_0,cattle_slu,35860.0,16.207115421562925
CLUSTER_140,Plant_0,horse_man,867.0,16.207115421562925
CLUSTER_140,Plant_0,pig_man,765.7,16.207115421562925
CLUSTER_143,Plant_0,cattle_man,20920.0,41.5756652291717
CLUSTER_143,Plant_0,horse_man,1329.0,41.5756652291717
CLUSTER_143,Plant_0,pig_man,52.20089,41.5756652291717
CLUSTER_147,Plant_0,horse_man,869.8,51.60977276567978
CLUSTER_150,Plant_0,cattle_man,18940.0,39.594433183778136
CLUSTER_150,Plant_0,horse_man,998.0,39.594433183778136
CLUSTER_150,Plant_0,pig_man,605.1,39.594433183778136
CLUSTER_167,Plant_0,cattle_man,16680.0,30.145299954234066
CLUSTER_167,Plant_0,horse_man,1062.4,30.145299954234066
CLUSTER_167,Plant_0,pig_man,722.3,30.145299954234066
CLUSTER_17,Plant_0,cattle_man,9479.999999999894,31.924738478869838
CLUSTER_17,Plant_0,horse_man,663.59,31.924738478869838
CLUSTER_17,Plant_0,pig_man,202.955,31.924738478869838
CLUSTER_175,Plant_0,horse_man,1207.3,52.90068423071538
CLUSTER_175,Plant_0,pig_man,35.4,52.90068423071538
CLUSTER_18,Plant_0,pig_man,338.1159,62.03173749187246
CLUSTER_180,Plant_0,pig_man,6160.0,75.70326006692405
CLUSTER_186,Plant_0,horse_man,2019.1,55.11270456218086
CLUSTER_186,Plant_0,pig_man,471.4,55.11270456218086
CLUSTER_195,Plant_0,horse_man,1276.5,51.14617895025157
CLUSTER_195,Plant_0,pig_man,34.13825,51.14617895025157
CLUSTER_197,Plant_0,horse_man,194.9,50.45938232231348
CLUSTER_227,Plant_0,pig_man,882.0,71.44905751259303
CLUSTER_230,Plant_0,cattle_man,11370.0,31.612466058858885
CLUSTER_230,Plant_0,horse_man,900.0,31.612466058858885
CLUSTER_230,Plant_0,pig_man,156.99,31.612466058858885
CLUSTER_231,Plant_0,horse_man,1176.0,51.56090042545957
CLUSTER_231,Plant_0,pig_man,10.6436,51.56090042545957
CLUSTER_234,Plant_0,horse_man,2507.0,58.25384598993631
CLUSTER_234,Plant_0,pig_man,472.3,58.25384598993631
CLUSTER_240,Plant_0,cattle_man,402.04,46.25819238083162
CLUSTER_240,Plant_0,horse_man,172.5,46.25819238083162
CLUSTER_240,Plant_0,pig_man,24.931,46.25819238083162
CLUSTER_249,Plant_0,cattle_man,9836.0,43.89180035111569
CLUSTER_249,Plant_0,horse_man,1754.0,43.89180035111569
CLUSTER_249,Plant_0,pig_man,509.2300000000001,43.89180035111569
CLUSTER_259,Plant_0,cattle_man,11538.0,30.524319727818984
CLUSTER_259,Plant_0,horse_man,817.5999999999899,30.524319727818984
CLUSTER_259,Plant_0,pig_man,260.08,30.524319727818984
CLUSTER_261,Plant_0,pig_man,42.392,53.682359682569306
CLUSTER_262,Plant_0,cattle_man,7320.0,45.783604742549166
CLUSTER_267,Plant_0,horse_man,951.0,60.90915145841621
CLUSTER_267,Plant_0,pig_man,778.8,60.90915145841621
CLUSTER_280,Plant_0,cattle_man,7664.0,28.10529572525899
CLUSTER_280,Plant_0,horse_man,1101.277,28.10529572525899
CLUSTER_280,Plant_0,pig_man,171.3,28.10529572525899
CLUSTER_290,Plant_0,cattle_man,4269.0,39.85947437597891
CLUSTER_290,Plant_0,horse_man,887.0,39.85947437597891
CLUSTER_290,Plant_0,pig_man,122.18799999999999,39.85947437597891
CLUSTER_295,Plant_0,cattle_man,1036.53,39.9933429020321
CLUSTER_295,Plant_0,horse_man,46.7,39.9933429020321
CLUSTER_301,Plant_0,cattle_man,2641.0,45.44870821719725
CLUSTER_301,Plant_0,horse_man,760.0,45.44870821719725
CLUSTER_301,Plant_0,pig_man,225.23,45.44870821719725
CLUSTER_31,Plant_0,cattle_man,11270.176000000081,21.27927428359998
CLUSTER_31,Plant_0,horse_man,3786.0,21.27927428359998
CLUSTER_31,Plant_0,pig_man,390.4,21.27927428359998
CLUSTER_311,Plant_0,cattle_man,22700.0,47.01440273257802
CLUSTER_311,Plant_0,horse_man,1250.5,47.01440273257802
CLUSTER_32,Plant_0,cattle_man,20691.0,39.31452115373015
CLUSTER_32,Plant_0,horse_man,1842.9,39.31452115373015
CLUSTER_32,Plant_0,pig_man,176.1042,39.31452115373015
CLUSTER_321,Plant_0,cattle_man,2184.0,42.64197220146799
CLUSTER_321,Plant_0,horse_man,1668.0,42.64197220146799
CLUSTER_321,Plant_0,pig_man,53.32708,42.64197220146799
CLUSTER_333,Plant_0,cattle_man,11299.999999999876,17.58831881687555
CLUSTER_333,Plant_0,cattle_slu,53090.0,17.58831881687555
CLUSTER_333,Plant_0,horse_man,712.5,17.58831881687555
CLUSTER_333,Plant_0,pig_man,364.2,17.58831881687555
CLUSTER_343,Plant_0,cattle_man,10539.999999999998,21.392081457750727
CLUSTER_343,Plant_0,horse_man,329.269,21.392081457750727
CLUSTER_343,Plant_0,pig_man,296.7,21.392081457750727
CLUSTER_357,Plant_0,horse_man,1403.7,52.27414038064896
CLUSTER_357,Plant_0,pig_man,843.3,52.27414038064896
CLUSTER_370,Plant_0,cattle_man,11090.0,47.87132112093098
CLUSTER_370,Plant_0,horse_man,1921.0,47.87132112093098
CLUSTER_370,Plant_0,pig_man,15.373134,47.87132112093098
CLUSTER_372,Plant_0,cattle_man,9440.0,15.877813507818091
CLUSTER_372,Plant_0,cattle_slu,40550.0,15.877813507818091
CLUSTER_372,Plant_0,horse_man,1283.0,15.877813507818091
CLUSTER_372,Plant_0,pig_man,127.52,15.877813507818091
CLUSTER_385,Plant_0,cattle_man,5530.0,7.310414404393848
CLUSTER_385,Plant_0,cattle_slu,21689.999999999938,7.310414404393848
CLUSTER_385,Plant_0,horse_man,616.3,7.310414404393848
CLUSTER_385,Plant_0,pig_man,407.79,7.310414404393848
CLUSTER_387,Plant_0,cattle_man,7795.0,31.30526471719585
CLUSTER_387,Plant_0,horse_man,1714.3,31.30526471719585
CLUSTER_387,Plant_0,pig_man,180.0399,31.30526471719585
CLUSTER_392,Plant_0,cattle_man,5800.0,44.76189340971456
CLUSTER_397,Plant_0,cattle_man,5686.00000000022,29.03559810617336
CLUSTER_397,Plant_0,horse_man,797.2,29.03559810617336
CLUSTER_397,Plant_0,pig_man,80.291,29.03559810617336
CLUSTER_399,Plant_0,horse_man,218.1,53.36483774760319
CLUSTER_399,Plant_0,pig_man,646.33,53.36483774760319
CLUSTER_408,Plant_0,cattle_man,7585.8,29.639528629436704
CLUSTER_408,Plant_0,horse_man,3122.0,29.639528629436704
CLUSTER_408,Plant_0,pig_man,511.6000000000001,29.639528629436704
CLUSTER_409,Plant_0,cattle_man,12230.0,19.14095819599221
CLUSTER_409,Plant_0,cattle_slu,14047.718547938424,19.14095819599221
CLUSTER_409,Plant_0,horse_man,858.0,19.14095819599221
CLUSTER_409,Plant_0,pig_man,568.9,19.14095819599221
CLUSTER_413,Plant_0,horse_man,36.0,51.185372478246144
CLUSTER_413,Plant_0,pig_man,1220.808,51.185372478246144
CLUSTER_414,Plant_0,pig_man,218.538,56.783352826812646
CLUSTER_429,Plant_0,cattle_man,6420.0,38.035769518318645
CLUSTER_429,Plant_0,horse_man,723.0,38.035769518318645
CLUSTER_438,Plant_0,cattle_man,3331.0,41.6447283908398
CLUSTER_438,Plant_0,horse_man,832.8,41.6447283908398
CLUSTER_438,Plant_0,pig_man,223.18,41.6447283908398
CLUSTER_439,Plant_0,cattle_man,12440.0,13.508260646556272
CLUSTER_439,Plant_0,cattle_slu,56500.00000000006,13.508260646556272
CLUSTER_439,Plant_0,horse_man,163.7,13.508260646556272
CLUSTER_439,Plant_0,pig_man,625.9,13.508260646556272
CLUSTER_45,Plant_0,cattle_man,15750.00000000032,33.241001929567126
CLUSTER_45,Plant_0,horse_man,1188.0,33.241001929567126
CLUSTER_45,Plant_0,pig_man,55.502,33.241001929567126
CLUSTER_451,Plant_0,cattle_man,7650.0,48.12473563603833
CLUSTER_451,Plant_0,horse_man,523.0,48.12473563603833
CLUSTER_451,Plant_0,pig_man,528.0,48.12473563603833
CLUSTER_453,Plant_0,horse_man,209.4,53.377578580855584
CLUSTER_453,Plant_0,pig_man,269.0,53.377578580855584
CLUSTER_470,Plant_0,horse_man,1289.0,58.01210171835981
CLUSTER_470,Plant_0,pig_man,190.5,58.01210171835981
CLUSTER_472,Plant_0,cattle_man,24810.0,27.98947227546038
CLUSTER_472,Plant_0,horse_man,709.0,27.98947227546038
CLUSTER_472,Plant_0,pig_man,22.5159,27.98947227546038
CLUSTER_477,Plant_0,cattle_man,6130.0,33.86447494093737
CLUSTER_477,Plant_0,horse_man,908.0,33.86447494093737
CLUSTER_48,Plant_0,pig_man,1701.4,66.65707888323035
CLUSTER_484,Plant_0,cattle_man,10649.99999999978,34.896734287953024
CLUSTER_484,Plant_0,horse_man,420.9,34.896734287953024
CLUSTER_484,Plant_0,pig_man,64.9729,34.896734287953024
CLUSTER_50,Plant_0,cattle_man,17080.0,7.056251906945724
CLUSTER_50,Plant_0,cattle_slu,83500.0000000001,7.056251906945724
CLUSTER_50,Plant_0,horse_man,1154.13,7.056251906945724
CLUSTER_50,Plant_0,pig_man,604.7121,7.056251906945724
CLUSTER_501,Plant_0,horse_man,474.5,67.30740777147346
CLUSTER_501,Plant_0,pig_man,1378.0,67.30740777147346
CLUSTER_503,Plant_0,cattle_man,1023.7099999999999,34.86585940219994
CLUSTER_503,Plant_0,horse_man,847.1,34.86585940219994
CLUSTER_505,Plant_0,cattle_man,10770.0,28.779726169575888
CLUSTER_505,Plant_0,horse_man,942.0,28.779726169575888
CLUSTER_509,Plant_0,cattle_man,10453.0,38.43800071790578
CLUSTER_509,Plant_0,horse_man,798.0,38.43800071790578
CLUSTER_509,Plant_0,pig_man,70.445,38.43800071790578
CLUSTER_512,Plant_0,cattle_man,5080.0,39.28800834312959
CLUSTER_512,Plant_0,horse_man,541.0,39.28800834312959
CLUSTER_512,Plant_0,pig_man,391.0,39.28800834312959
CLUSTER_529,Plant_0,cattle_man,7480.0,39.70437152053922
CLUSTER_529,Plant_0,horse_man,807.0,39.70437152053922
CLUSTER_529,Plant_0,pig_man,18.6,39.70437152053922
CLUSTER_536,Plant_0,cattle_man,3358.0,47.88498827377884
CLUSTER_542,Plant_0,cattle_man,20360.0,13.12546828641489
CLUSTER_542,Plant_0,cattle_slu,100999.99999999999,13.12546828641489
CLUSTER_542,Plant_0,horse_man,1452.1,13.12546828641489
CLUSTER_542,Plant_0,pig_man,564.19,13.12546828641489
CLUSTER_59,Plant_0,cattle_man,5668.0,28.58679063001636
CLUSTER_59,Plant_0,horse_man,456.477,28.58679063001636
CLUSTER_59,Plant_0,pig_man,56.019,28.58679063001636
CLUSTER_7,Plant_0,cattle_man,6818.0000000001455,24.807584993973062
CLUSTER_7,Plant_0,horse_man,843.8,24.807584993973062
CLUSTER_7,Plant_0,pig_man,353.272,24.807584993973062
CLUSTER_77,Plant_0,cattle_man,15680.0,41.324493253384496
CLUSTER_77,Plant_0,horse_man,1160.0,41.324493253384496
CLUSTER_77,Plant_0,pig_man,82.7,41.324493253384496
CLUSTER_89,Plant_0,cattle_man,6220.0,38.12676312185547
CLUSTER_89,Plant_0,horse_man,1274.4,38.12676312185547
CLUSTER_89,Plant_0,pig_man,499.7749999999999,38.12676312185547
CLUSTER_91,Plant_0,horse_man,619.6,54.24351891532021
CLUSTER_91,Plant_0,pig_man,218.0,54.24351891532021
CLUSTER_99,Plant_0,cattle_man,18959.99999999994,26.17086259743293
CLUSTER_99,Plant_0,horse_man,170.398,26.17086259743293
CLUSTER_99,Plant_0,pig_man,173.7,26.17086259743293
CLUSTER_105,Plant_1,cattle_man,16042.0,1.2073722204572015
CLUSTER_105,Plant_1,cattle_slu,80198.79999999994,1.2073722204572015
CLUSTER_105,Plant_1,horse_man,2293.0,1.2073722204572015
CLUSTER_105,Plant_1,pig_slu,58.81,1.2073722204572015
CLUSTER_106,Plant_1,horse_man,1081.1,46.863818298351696
CLUSTER_106,Plant_1,pig_man,245.613,46.863818298351696
CLUSTER_111,Plant_1,horse_man,2114.0,34.8099770458154
CLUSTER_111,Plant_1,pig_man,262.226,34.8099770458154
CLUSTER_117,Plant_1,pig_man,153.071,71.67733792879392
CLUSTER_118,Plant_1,horse_man,710.0,39.455084200438776
CLUSTER_127,Plant_1,cattle_man,15806.0,27.643226895463084
CLUSTER_127,Plant_1,horse_man,2828.1,27.643226895463084
CLUSTER_13,Plant_1,cattle_man,22490.0,16.14952545556032
CLUSTER_13,Plant_1,horse_man,4880.0,16.14952545556032
CLUSTER_13,Plant_1,pig_man,152.17000000000002,16.14952545556032
CLUSTER_136,Plant_1,cattle_man,22229.999999999614,22.289592034253943
CLUSTER_136,Plant_1,horse_man,3775.0,22.289592034253943
CLUSTER_137,Plant_1,horse_man,2768.0,47.11688995425562
CLUSTER_137,Plant_1,pig_man,11.12,47.11688995425562
CLUSTER_152,Plant_1,pig_man,174.14849999999998,72.81191976966787
CLUSTER_157,Plant_1,cattle_man,22880.0,27.763520037410945
CLUSTER_157,Plant_1,horse_man,3454.0,27.763520037410945
CLUSTER_166,Plant_1,pig_man,110.044731,62.6490536608908
CLUSTER_174,Plant_1,cattle_man,17810.000000000102,26.06526148418517
CLUSTER_174,Plant_1,horse_man,1427.5,26.06526148418517
CLUSTER_178,Plant_1,cattle_man,16790.00000000035,29.229017202057616
CLUSTER_178,Plant_1,horse_man,5256.0,29.229017202057616
CLUSTER_187,Plant_1,pig_man,939.3,47.96396907744219
CLUSTER_191,Plant_1,horse_man,1592.0,48.26203135254636
CLUSTER_201,Plant_1,horse_man,2174.1,37.02323688708511
CLUSTER_204,Plant_1,horse_man,2958.0,38.35283894483407
CLUSTER_204,Plant_1,pig_man,37.494,38.35283894483407
CLUSTER_206,Plant_1,horse_man,726.8,53.83431676174942
CLUSTER_206,Plant_1,pig_man,146.60494999999997,53.83431676174942
CLUSTER_207,Plant_1,cattle_man,25080.0,22.24971867658879
CLUSTER_207,Plant_1,horse_man,1783.0,22.24971867658879
CLUSTER_209,Plant_1,cattle_man,13940.0,21.92588514229361
CLUSTER_209,Plant_1,horse_man,1265.6,21.92588514229361
CLUSTER_210,Plant_1,horse_man,779.0,37.590787940697936
CLUSTER_210,Plant_1,pig_man,122.09999999999998,37.590787940697936
CLUSTER_226,Plant_1,horse_man,2471.6,49.60226561989128
CLUSTER_243,Plant_1,cattle_man,19320.0,15.300273058435106
CLUSTER_243,Plant_1,cattle_slu,2146.207166167834,15.300273058435106
CLUSTER_243,Plant_1,horse_man,2781.0,15.300273058435106
CLUSTER_252,Plant_1,horse_man,2046.0,33.65448629228488
CLUSTER_256,Plant_1,horse_man,2930.0,52.27088465851004
CLUSTER_256,Plant_1,pig_man,14.8359,52.27088465851004
CLUSTER_264,Plant_1,horse_man,387.684,41.8381439600695
CLUSTER_264,Plant_1,pig_man,100.19925,41.8381439600695
CLUSTER_27,Plant_1,horse_man,4194.0,37.50631454467659
CLUSTER_28,Plant_1,horse_man,2761.9,39.11469094091162
CLUSTER_287,Plant_1,horse_man,1571.0,48.47567477336217
CLUSTER_297,Plant_1,horse_man,3459.0,45.70145830807096
CLUSTER_297,Plant_1,pig_man,153.126,45.70145830807096
CLUSTER_3,Plant_1,horse_man,5876.999999999948,39.02416567674808
CLUSTER_3,Plant_1,pig_man,16.916,39.02416567674808
CLUSTER_304,Plant_1,horse_man,706.6,40.57144773173232
CLUSTER_313,Plant_1,cattle_man,20560.0,19.17757914136222
CLUSTER_313,Plant_1,horse_man,2810.0,19.17757914136222
CLUSTER_313,Plant_1,pig_man,14.107,19.17757914136222
CLUSTER_315,Plant_1,pig_man,304.38530000000003,54.88960621724279
CLUSTER_324,Plant_1,pig_man,258.47,61.628982700856255
CLUSTER_341,Plant_1,pig_man,160.94299999999998,73.53011531859906
CLUSTER_342,Plant_1,horse_man,2247.0,50.94695810183924
CLUSTER_342,Plant_1,pig_man,109.9,50.94695810183924
CLUSTER_352,Plant_1,horse_man,3832.0,46.58045704732176
CLUSTER_352,Plant_1,pig_man,32.1,46.58045704732176
CLUSTER_360,Plant_1,cattle_man,8890.0,22.27344057787612
CLUSTER_360,Plant_1,horse_man,2360.0,22.27344057787612
CLUSTER_362,Plant_1,cattle_man,13100.0,10.658867349875228
CLUSTER_362,Plant_1,cattle_slu,81599.99999999977,10.658867349875228
CLUSTER_362,Plant_1,horse_man,2769.0,10.658867349875228
CLUSTER_368,Plant_1,pig_man,61.345000000000006,59.97571628160485
CLUSTER_369,Plant_1,horse_man,3562.3,46.59730763801079
CLUSTER_375,Plant_1,horse_man,280.5,51.08495484376535
CLUSTER_376,Plant_1,pig_man,263.4000241,47.06834066845746
CLUSTER_379,Plant_1,cattle_man,18540.0,26.6733418019738
CLUSTER_379,Plant_1,horse_man,612.5,26.6733418019738
CLUSTER_39,Plant_1,cattle_man,19310.0,22.16717764416581
CLUSTER_39,Plant_1,horse_man,1942.0,22.16717764416581
CLUSTER_391,Plant_1,cattle_man,11195.000000000005,26.66693277081911
CLUSTER_391,Plant_1,horse_man,3066.0,26.66693277081911
CLUSTER_411,Plant_1,horse_man,1163.4,46.09428505817906
CLUSTER_411,Plant_1,pig_man,527.79,46.09428505817906
CLUSTER_412,Plant_1,cattle_man,16640.0,10.923480277990103
CLUSTER_412,Plant_1,cattle_slu,84530.00000000023,10.923480277990103
CLUSTER_412,Plant_1,horse_man,2158.0,10.923480277990103
CLUSTER_415,Plant_1,horse_man,3241.0,42.454629013207416
CLUSTER_422,Plant_1,cattle_man,4670.0,31.768552588371573
CLUSTER_422,Plant_1,horse_man,1414.0,31.768552588371573
CLUSTER_428,Plant_1,cattle_man,6499.999999999835,29.22920540972827
CLUSTER_428,Plant_1,horse_man,792.0,29.22920540972827
CLUSTER_428,Plant_1,pig_man,58.397,29.22920540972827
CLUSTER_432,Plant_1,horse_man,1122.3,38.31230772340065
CLUSTER_432,Plant_1,pig_man,80.1,38.31230772340065
CLUSTER_434,Plant_1,cattle_man,10390.0,30.06209977393327
CLUSTER_434,Plant_1,horse_man,816.4,30.06209977393327
CLUSTER_443,Plant_1,cattle_man,12880.0,24.38341084899848
CLUSTER_443,Plant_1,horse_man,1016.9999999999999,24.38341084899848
CLUSTER_446,Plant_1,horse_man,1600.0,41.96574327479552
CLUSTER_446,Plant_1,pig_man,216.2920123,41.96574327479552
CLUSTER_463,Plant_1,pig_man,180.00319,63.19018177816417
CLUSTER_489,Plant_1,horse_man,367.49999999997493,36.16937530238518
CLUSTER_499,Plant_1,pig_man,128.13,69.1355624376611
CLUSTER_5,Plant_1,horse_man,895.0,53.27983113219867
CLUSTER_502,Plant_1,cattle_man,12710.000000000011,16.566535083874243
CLUSTER_502,Plant_1,horse_man,2093.0,16.566535083874243
CLUSTER_507,Plant_1,horse_man,1199.4,38.68689307929222
CLUSTER_508,Plant_1,horse_man,188.0576438499054,56.08246993554249
CLUSTER_51,Plant_1,horse_man,2617.0,37.489436679885216
CLUSTER_511,Plant_1,pig_man,317.6,47.69812897168697
CLUSTER_521,Plant_1,horse_man,1448.0,42.03037653376845
CLUSTER_527,Plant_1,pig_man,48.0347,72.96904612928974
CLUSTER_53,Plant_1,cattle_man,6226.92,26.568058572006446
CLUSTER_53,Plant_1,horse_man,1543.0,26.568058572006446
CLUSTER_534,Plant_1,pig_man,1003.0,54.1476843042791
CLUSTER_543,Plant_1,horse_man,158.9,33.62930181691601
CLUSTER_543,Plant_1,pig_man,36.089,33.62930181691601
CLUSTER_548,Plant_1,horse_man,2324.0,53.12193759673608
CLUSTER_63,Plant_1,pig_man,79.20406,60.511905022930414
CLUSTER_65,Plant_1,horse_man,2654.0,50.879942295424
CLUSTER_65,Plant_1,pig_man,165.989,50.879942295424
CLUSTER_74,Plant_1,cattle_man,27550.0,11.629189778503022
CLUSTER_74,Plant_1,cattle_slu,168800.0,11.629189778503022
CLUSTER_74,Plant_1,horse_man,3010.0,11.629189778503022
CLUSTER_84,Plant_1,cattle_man,15427.9,27.23922572772253
CLUSTER_84,Plant_1,horse_man,4351.0,27.23922572772253
CLUSTER_86,Plant_1,cattle_man,15698.0,8.525006119700137
CLUSTER_86,Plant_1,cattle_slu,74300.00000000004,8.525006119700137
CLUSTER_86,Plant_1,horse_man,1875.0,8.525006119700137
CLUSTER_1,Plant_2,cattle_man,7654.55,33.83731136891351
CLUSTER_1,Plant_2,horse_man,642.4,33.83731136891351
CLUSTER_1,Plant_2,pig_man,381.6,33.83731136891351
CLUSTER_101,Plant_2,cattle_man,7667.4141,49.254493816900286
CLUSTER_101,Plant_2,horse_man,1895.41,49.254493816900286
CLUSTER_101,Plant_2,pig_man,311.45,49.254493816900286
CLUSTER_103,Plant_2,cattle_man,2660.0000000002888,34.09846682897246
CLUSTER_103,Plant_2,horse_man,678.2,34.09846682897246
CLUSTER_103,Plant_2,pig_man,791.300184,34.09846682897246
CLUSTER_107,Plant_2,pig_man,993.2,105.0491626182389
CLUSTER_108,Plant_2,horse_man,2893.0,59.14785760265818
CLUSTER_108,Plant_2,pig_man,291.926,59.14785760265818
CLUSTER_11,Plant_2,cattle_man,3764.1,54.62748404625408
CLUSTER_11,Plant_2,horse_man,1455.0,54.62748404625408
CLUSTER_11,Plant_2,pig_man,23.6720704,54.62748404625408
CLUSTER_114,Plant_2,pig_man,77.82100000000001,88.76991273990704
CLUSTER_12,Plant_2,cattle_man,6212.0,48.06071113094609
CLUSTER_12,Plant_2,horse_man,2496.5,48.06071113094609
CLUSTER_12,Plant_2,pig_man,96.610847,48.06071113094609
CLUSTER_129,Plant_2,horse_man,1743.9,80.6849155561177
CLUSTER_129,Plant_2,pig_man,245.9917,80.6849155561177
CLUSTER_134,Plant_2,pig_man,777.1339419790867,84.34215364426761
CLUSTER_141,Plant_2,cattle_man,6618.0,12.18582700314476
CLUSTER_141,Plant_2,cattle_slu,53750.0,12.18582700314476
CLUSTER_141,Plant_2,horse_man,2815.0,12.18582700314476
CLUSTER_141,Plant_2,legume_str,364.1,12.18582700314476
CLUSTER_141,Plant_2,pig_man,111.971,12.18582700314476
CLUSTER_141,Plant_2,rape_str,1518.4,12.18582700314476
CLUSTER_144,Plant_2,pig_man,1094.5,100.11400732428152
CLUSTER_145,Plant_2,horse_man,1174.0,57.61490027677796
CLUSTER_145,Plant_2,pig_man,104.2,57.61490027677796
CLUSTER_147,Plant_2,pig_man,23.898,66.7799821563593
CLUSTER_148,Plant_2,cattle_man,4501.0,40.31945208056154
CLUSTER_148,Plant_2,horse_man,500.77,40.31945208056154
CLUSTER_148,Plant_2,pig_man,361.14175,40.31945208056154
CLUSTER_15,Plant_2,cattle_man,7650.0,44.52916641666892
CLUSTER_15,Plant_2,horse_man,5057.0,44.52916641666892
CLUSTER_15,Plant_2,pig_man,68.319,44.52916641666892
CLUSTER_153,Plant_2,horse_man,1262.5,56.13586632563288
CLUSTER_153,Plant_2,pig_man,71.88691,56.13586632563288
CLUSTER_154,Plant_2,pig_man,309.885,82.53768575938771
CLUSTER_16,Plant_2,pig_man,563.7029,77.18256628166115
CLUSTER_160,Plant_2,cattle_man,5620.0,27.379876946704737
CLUSTER_160,Plant_2,horse_man,2174.2,27.379876946704737
CLUSTER_160,Plant_2,pig_man,238.759,27.379876946704737
CLUSTER_161,Plant_2,cattle_man,6850.0,44.06974685331927
CLUSTER_161,Plant_2,horse_man,429.62,44.06974685331927
CLUSTER_161,Plant_2,pig_man,1184.0,44.06974685331927
CLUSTER_162,Plant_2,horse_man,3375.9,69.46120382497706
CLUSTER_162,Plant_2,pig_man,126.94,69.46120382497706
CLUSTER_169,Plant_2,cattle_man,8425.7,18.84538994458241
CLUSTER_169,Plant_2,cattle_slu,42497.0,18.84538994458241
CLUSTER_169,Plant_2,horse_man,1079.5,18.84538994458241
CLUSTER_169,Plant_2,pig_man,332.076,18.84538994458241
CLUSTER_171,Plant_2,cattle_man,11040.0,28.338397744420387
CLUSTER_171,Plant_2,horse_man,1981.0000000000002,28.338397744420387
CLUSTER_171,Plant_2,pig_man,887.0,28.338397744420387
CLUSTER_176,Plant_2,cattle_man,2533.200000000069,57.2602798245298
CLUSTER_176,Plant_2,horse_man,750.0,57.2602798245298
CLUSTER_176,Plant_2,pig_man,232.96,57.2602798245298
CLUSTER_181,Plant_2,cattle_man,10934.199,56.39608711282503
CLUSTER_181,Plant_2,horse_man,824.1,56.39608711282503
CLUSTER_181,Plant_2,pig_man,1482.4,56.39608711282503
CLUSTER_182,Plant_2,pig_man,1527.0,93.21969024208698
CLUSTER_183,Plant_2,cattle_man,16594.0,37.40226159444355
CLUSTER_183,Plant_2,horse_man,2503.0,37.40226159444355
CLUSTER_183,Plant_2,pig_man,458.82,37.40226159444355
CLUSTER_188,Plant_2,cattle_man,6172.00000000023,21.56702478088365
CLUSTER_188,Plant_2,cattle_slu,18189.056519641563,21.56702478088365
CLUSTER_188,Plant_2,horse_man,1732.0,21.56702478088365
CLUSTER_188,Plant_2,pig_man,27.346000000000004,21.56702478088365
CLUSTER_19,Plant_2,pig_man,322.3,75.79627175699765
CLUSTER_190,Plant_2,cattle_man,9508.99999999983,35.98879674938755
CLUSTER_190,Plant_2,horse_man,1595.7,35.98879674938755
CLUSTER_190,Plant_2,pig_man,1086.0,35.98879674938755
CLUSTER_199,Plant_2,pig_man,341.399,78.8031007414919
CLUSTER_212,Plant_2,horse_man,525.0,75.25884852395275
CLUSTER_212,Plant_2,pig_man,132.0,75.25884852395275
CLUSTER_217,Plant_2,pig_man,542.22,79.83939470917426
CLUSTER_219,Plant_2,cattle_man,5290.0,46.066011194027936
CLUSTER_219,Plant_2,horse_man,452.0,46.066011194027936
CLUSTER_219,Plant_2,pig_man,686.0,46.066011194027936
CLUSTER_220,Plant_2,horse_man,806.0,68.58900071206685
CLUSTER_220,Plant_2,pig_man,25.08,68.58900071206685
CLUSTER_221,Plant_2,pig_man,218.174,77.14480688506995
CLUSTER_222,Plant_2,pig_man,43.141,72.161339533495
CLUSTER_229,Plant_2,horse_man,466.3,66.51765433028532
CLUSTER_229,Plant_2,pig_man,38.028209,66.51765433028532
CLUSTER_232,Plant_2,cattle_man,9900.0,25.834565052808045
CLUSTER_232,Plant_2,horse_man,3168.0,25.834565052808045
CLUSTER_232,Plant_2,pig_man,245.34999999999997,25.834565052808045
CLUSTER_237,Plant_2,cattle_man,4862.000000000548,28.933446631726586
CLUSTER_237,Plant_2,horse_man,478.63,28.933446631726586
CLUSTER_237,Plant_2,pig_man,687.516,28.933446631726586
CLUSTER_24,Plant_2,pig_man,438.94,81.86741425326524
CLUSTER_242,Plant_2,cattle_man,11300.0,23.83070040503254
CLUSTER_242,Plant_2,horse_man,850.0,23.83070040503254
CLUSTER_242,Plant_2,pig_man,257.9398,23.83070040503254
CLUSTER_246,Plant_2,pig_man,400.322,78.91014653166391
CLUSTER_248,Plant_2,cattle_man,377.0,47.39891073044607
CLUSTER_248,Plant_2,horse_man,258.4,47.39891073044607
CLUSTER_248,Plant_2,pig_man,337.0,47.39891073044607
CLUSTER_253,Plant_2,pig_man,379.28,114.03985320490126
CLUSTER_262,Plant_2,horse_man,491.0,58.60785498336012
CLUSTER_262,Plant_2,pig_man,55.52,58.60785498336012
CLUSTER_263,Plant_2,pig_man,198.21,112.15029755960605
CLUSTER_265,Plant_2,horse_man,1119.1,59.87900726862216
CLUSTER_265,Plant_2,pig_man,39.79,59.87900726862216
CLUSTER_266,Plant_2,cattle_man,5864.8,10.267157002581197
CLUSTER_266,Plant_2,cattle_slu,34980.0,10.267157002581197
CLUSTER_266,Plant_2,horse_man,271.0126,10.267157002581197
CLUSTER_266,Plant_2,legume_str,14.388000000000002,10.267157002581197
CLUSTER_266,Plant_2,pig_man,616.51,10.267157002581197
CLUSTER_266,Plant_2,rape_str,64.9,10.267157002581197
CLUSTER_272,Plant_2,cattle_man,3166.9,36.30873408822555
CLUSTER_272,Plant_2,horse_man,1033.0,36.30873408822555
CLUSTER_278,Plant_2,cattle_man,5274.7,40.10704363382104
CLUSTER_278,Plant_2,horse_man,660.7,40.10704363382104
CLUSTER_278,Plant_2,pig_man,334.991,40.10704363382104
CLUSTER_283,Plant_2,pig_man,1637.37,73.51139698728925
CLUSTER_289,Plant_2,cattle_man,2928.51287,51.99792343244405
CLUSTER_289,Plant_2,horse_man,747.4,51.99792343244405
CLUSTER_289,Plant_2,pig_man,222.68,51.99792343244405
CLUSTER_294,Plant_2,cattle_man,6386.0,12.363011925182924
CLUSTER_294,Plant_2,cattle_slu,28322.09999999988,12.363011925182924
CLUSTER_294,Plant_2,horse_man,1187.9,12.363011925182924
CLUSTER_294,Plant_2,legume_str,168.2,12.363011925182924
CLUSTER_294,Plant_2,pig_man,937.6,12.363011925182924
CLUSTER_294,Plant_2,rape_str,684.0,12.363011925182924
CLUSTER_30,Plant_2,cattle_man,5446.59,38.44559064213472
CLUSTER_30,Plant_2,horse_man,478.27,38.44559064213472
CLUSTER_30,Plant_2,pig_man,2280.0,38.44559064213472
CLUSTER_303,Plant_2,cattle_man,3262.0,56.49741304848178
CLUSTER_303,Plant_2,horse_man,1570.0,56.49741304848178
CLUSTER_303,Plant_2,pig_man,1707.0,56.49741304848178
CLUSTER_314,Plant_2,cattle_man,812.91,25.42250920023082
CLUSTER_314,Plant_2,horse_man,639.0,25.42250920023082
CLUSTER_314,Plant_2,pig_man,452.226,25.42250920023082
CLUSTER_316,Plant_2,pig_man,1285.8,85.01179757116107
CLUSTER_320,Plant_2,pig_man,16.0,90.59335605831934
CLUSTER_322,Plant_2,cattle_man,5790.0,46.33527640225103
CLUSTER_322,Plant_2,horse_man,1355.0,46.33527640225103
CLUSTER_322,Plant_2,pig_man,57.48,46.33527640225103
CLUSTER_336,Plant_2,horse_man,579.9,66.16518594458958
CLUSTER_336,Plant_2,pig_man,552.236,66.16518594458958
CLUSTER_338,Plant_2,pig_man,496.0,94.11449255572848
CLUSTER_339,Plant_2,pig_man,586.97,77.59419125464224
CLUSTER_340,Plant_2,horse_man,1279.0,80.04089902731013
CLUSTER_340,Plant_2,pig_man,150.7,80.04089902731013
CLUSTER_344,Plant_2,horse_man,1961.0,81.27290702691725
CLUSTER_344,Plant_2,pig_man,347.5,81.27290702691725
CLUSTER_346,Plant_2,cattle_man,146.3,39.55395767607496
CLUSTER_346,Plant_2,horse_man,804.599999999996,39.55395767607496
CLUSTER_347,Plant_2,pig_man,55.193,69.17004895468314
CLUSTER_348,Plant_2,cattle_man,2194.0,51.18103848633495
CLUSTER_348,Plant_2,horse_man,429.0,51.18103848633495
CLUSTER_348,Plant_2,pig_man,264.2,51.18103848633495
CLUSTER_349,Plant_2,horse_man,668.0,65.8961050181428
CLUSTER_349,Plant_2,pig_man,105.746,65.8961050181428
CLUSTER_35,Plant_2,horse_man,655.3,59.5739527715361
CLUSTER_35,Plant_2,pig_man,754.8290000000001,59.5739527715361
CLUSTER_351,Plant_2,cattle_man,14749.999999999645,36.14984849881122
CLUSTER_351,Plant_2,horse_man,1500.0,36.14984849881122
CLUSTER_351,Plant_2,pig_man,456.3,36.14984849881122
CLUSTER_353,Plant_2,horse_man,840.0,79.25881766143696
CLUSTER_353,Plant_2,pig_man,473.0,79.25881766143696
CLUSTER_361,Plant_2,horse_man,200.3,60.57604513306953
CLUSTER_361,Plant_2,pig_man,900.0,60.57604513306953
CLUSTER_373,Plant_2,horse_man,1879.8,71.63225839878058
CLUSTER_377,Plant_2,horse_man,627.7,62.07027984538362
CLUSTER_377,Plant_2,pig_man,294.4,62.07027984538362
CLUSTER_38,Plant_2,pig_man,315.61,68.9635985732481
CLUSTER_380,Plant_2,pig_man,506.99999999999994,90.50174715921663
CLUSTER_381,Plant_2,cattle_man,4175.2,29.36411488830664
CLUSTER_381,Plant_2,horse_man,1692.89,29.36411488830664
CLUSTER_381,Plant_2,pig_man,167.133571,29.36411488830664
CLUSTER_382,Plant_2,cattle_man,2959.0,44.675506153491455
CLUSTER_382,Plant_2,horse_man,1045.0,44.675506153491455
CLUSTER_382,Plant_2,pig_man,429.0,44.675506153491455
CLUSTER_384,Plant_2,horse_man,619.0,63.27302956462067
CLUSTER_384,Plant_2,pig_man,123.71,63.27302956462067
CLUSTER_389,Plant_2,pig_man,58.461,74.51410178916333
CLUSTER_390,Plant_2,cattle_man,4736.3999999996895,28.061120837150305
CLUSTER_390,Plant_2,horse_man,147.848,28.061120837150305
CLUSTER_390,Plant_2,pig_man,1056.886,28.061120837150305
CLUSTER_392,Plant_2,horse_man,513.0,56.62466749668483
CLUSTER_392,Plant_2,pig_man,46.5,56.62466749668483
CLUSTER_394,Plant_2,cattle_man,6080.0,48.4490673037098
CLUSTER_394,Plant_2,horse_man,571.3,48.4490673037098
CLUSTER_394,Plant_2,pig_man,434.7,48.4490673037098
CLUSTER_395,Plant_2,cattle_man,1724.5,40.23065765355614
CLUSTER_395,Plant_2,horse_man,552.0799999999999,40.23065765355614
CLUSTER_395,Plant_2,pig_man,29.4111,40.23065765355614
CLUSTER_4,Plant_2,horse_man,2532.2,63.31195361250007
CLUSTER_4,Plant_2,pig_man,730.49,63.31195361250007
CLUSTER_40,Plant_2,cattle_man,5321.0,55.19214016388478
CLUSTER_40,Plant_2,horse_man,2457.6,55.19214016388478
CLUSTER_40,Plant_2,pig_man,213.46,55.19214016388478
CLUSTER_404,Plant_2,cattle_man,4430.0,13.818066068011785
CLUSTER_404,Plant_2,cattle_slu,40280.0,13.818066068011785
CLUSTER_404,Plant_2,horse_man,1860.0,13.818066068011785
CLUSTER_404,Plant_2,legume_str,89.80000000000001,13.818066068011785
CLUSTER_404,Plant_2,pig_man,75.63,13.818066068011785
CLUSTER_404,Plant_2,rape_str,430.0,13.818066068011785
CLUSTER_405,Plant_2,cattle_man,3574.0,44.98993833613741
CLUSTER_405,Plant_2,horse_man,311.8,44.98993833613741
CLUSTER_405,Plant_2,pig_man,1316.0,44.98993833613741
CLUSTER_41,Plant_2,cattle_man,390.8,49.29791934211464
CLUSTER_41,Plant_2,horse_man,2108.8,49.29791934211464
CLUSTER_41,Plant_2,pig_man,16.8586,49.29791934211464
CLUSTER_417,Plant_2,pig_man,197.25,74.76276032292724
CLUSTER_42,Plant_2,horse_man,1097.5,69.7780227714609
CLUSTER_42,Plant_2,pig_man,1804.5,69.7780227714609
CLUSTER_420,Plant_2,cattle_man,7063.999999999427,34.34366517346991
CLUSTER_420,Plant_2,horse_man,315.77,34.34366517346991
CLUSTER_420,Plant_2,pig_man,412.5,34.34366517346991
CLUSTER_421,Plant_2,cattle_man,2121.0,47.48716416061691
CLUSTER_421,Plant_2,horse_man,802.6,47.48716416061691
CLUSTER_425,Plant_2,cattle_man,2512.95,51.129392968573626
CLUSTER_425,Plant_2,horse_man,526.6,51.129392968573626
CLUSTER_425,Plant_2,pig_man,14.561,51.129392968573626
CLUSTER_431,Plant_2,horse_man,1912.0,79.6036536266161
CLUSTER_431,Plant_2,pig_man,238.34,79.6036536266161
CLUSTER_433,Plant_2,cattle_man,4450.029699999802,19.01653033283456
CLUSTER_433,Plant_2,cattle_slu,24750.0,19.01653033283456
CLUSTER_433,Plant_2,horse_man,1106.0,19.01653033283456
CLUSTER_433,Plant_2,pig_man,179.118,19.01653033283456
CLUSTER_435,Plant_2,cattle_man,3989.9999999999995,33.854590044794115
CLUSTER_435,Plant_2,horse_man,1508.0,33.854590044794115
CLUSTER_435,Plant_2,pig_man,46.49,33.854590044794115
CLUSTER_444,Plant_2,horse_man,379.2,69.25329342441327
CLUSTER_444,Plant_2,pig_man,84.611,69.25329342441327
CLUSTER_445,Plant_2,cattle_man,831.9,46.69850460812755
CLUSTER_445,Plant_2,horse_man,58.691,46.69850460812755
CLUSTER_445,Plant_2,pig_man,3700.0,46.69850460812755
CLUSTER_452,Plant_2,horse_man,922.0,64.56038852983025
CLUSTER_452,Plant_2,pig_man,550.0,64.56038852983025
CLUSTER_454,Plant_2,cattle_man,5716.1,11.27744827766573
CLUSTER_454,Plant_2,cattle_slu,32900.0,11.27744827766573
CLUSTER_454,Plant_2,horse_man,105.4,11.27744827766573
CLUSTER_454,Plant_2,legume_str,117.9,11.27744827766573
CLUSTER_454,Plant_2,pig_man,279.8,11.27744827766573
CLUSTER_454,Plant_2,rape_str,1065.8200000000002,11.27744827766573
CLUSTER_459,Plant_2,cattle_man,3719.2,38.55916919640006
CLUSTER_459,Plant_2,horse_man,167.4,38.55916919640006
CLUSTER_459,Plant_2,pig_man,243.8,38.55916919640006
CLUSTER_46,Plant_2,pig_man,83.87871,65.64692819393652
CLUSTER_460,Plant_2,cattle_man,3371.2,42.84626402695383
CLUSTER_460,Plant_2,horse_man,392.16,42.84626402695383
CLUSTER_460,Plant_2,pig_man,189.907,42.84626402695383
CLUSTER_462,Plant_2,cattle_man,3029.0,35.78982595780102
CLUSTER_462,Plant_2,horse_man,386.0,35.78982595780102
CLUSTER_462,Plant_2,pig_man,169.4,35.78982595780102
CLUSTER_464,Plant_2,horse_man,752.0,88.74949595936357
CLUSTER_464,Plant_2,pig_man,54.032,88.74949595936357
CLUSTER_468,Plant_2,horse_man,11.2,59.267246984776506
CLUSTER_469,Plant_2,cattle_man,3134.0,56.02162322002726
CLUSTER_469,Plant_2,horse_man,840.0,56.02162322002726
CLUSTER_469,Plant_2,pig_man,324.0,56.02162322002726
CLUSTER_476,Plant_2,cattle_man,2730.0,27.01252459963057
CLUSTER_476,Plant_2,horse_man,492.00000000000006,27.01252459963057
CLUSTER_478,Plant_2,horse_man,340.1,70.17132172350738
CLUSTER_478,Plant_2,pig_man,35.400000000000006,70.17132172350738
CLUSTER_481,Plant_2,horse_man,1085.0,62.17357640742805
CLUSTER_481,Plant_2,pig_man,527.3,62.17357640742805
CLUSTER_483,Plant_2,cattle_man,2116.9,51.527544603360816
CLUSTER_483,Plant_2,horse_man,289.75,51.527544603360816
CLUSTER_483,Plant_2,pig_man,2458.9,51.527544603360816
CLUSTER_486,Plant_2,cattle_man,1157.9999999998183,36.57509464895804
CLUSTER_486,Plant_2,horse_man,429.2,36.57509464895804
CLUSTER_486,Plant_2,pig_man,772.0,36.57509464895804
CLUSTER_490,Plant_2,cattle_man,3600.0,3.7499551976240286
CLUSTER_490,Plant_2,cattle_slu,21550.0,3.7499551976240286
CLUSTER_490,Plant_2,horse_man,745.2,3.7499551976240286
CLUSTER_490,Plant_2,legume_str,80.4,3.7499551976240286
CLUSTER_490,Plant_2,pig_man,105.9,3.7499551976240286
CLUSTER_490,Plant_2,pig_slu,1230.0,3.7499551976240286
CLUSTER_490,Plant_2,rape_str,340.0,3.7499551976240286
CLUSTER_494,Plant_2,horse_man,104.9,63.74411172176115
CLUSTER_494,Plant_2,pig_man,566.9,63.74411172176115
CLUSTER_496,Plant_2,horse_man,451.0,69.10286109136555
CLUSTER_496,Plant_2,pig_man,687.3,69.10286109136555
CLUSTER_510,Plant_2,cattle_man,2238.5,45.35559086661505
CLUSTER_510,Plant_2,horse_man,1319.0,45.35559086661505
CLUSTER_515,Plant_2,horse_man,126.2,76.66877100118096
CLUSTER_515,Plant_2,pig_man,1089.0,76.66877100118096
CLUSTER_524,Plant_2,cattle_man,2192.0,44.10296281079437
CLUSTER_524,Plant_2,horse_man,1677.6,44.10296281079437
CLUSTER_524,Plant_2,pig_man,18.178,44.10296281079437
CLUSTER_531,Plant_2,pig_man,133.0,90.1687346671622
CLUSTER_532,Plant_2,cattle_man,3510.050800000171,24.550109876747896
CLUSTER_532,Plant_2,horse_man,177.7,24.550109876747896
CLUSTER_532,Plant_2,pig_man,411.16,24.550109876747896
CLUSTER_533,Plant_2,pig_man,70.10000000000001,106.62290411985364
CLUSTER_536,Plant_2,horse_man,483.9,61.16821609755298
CLUSTER_536,Plant_2,pig_man,168.6,61.16821609755298
CLUSTER_55,Plant_2,cattle_man,3272.0,43.08144582818227
CLUSTER_55,Plant_2,horse_man,3076.3,43.08144582818227
CLUSTER_55,Plant_2,pig_man,46.48,43.08144582818227
CLUSTER_6,Plant_2,cattle_man,810.17,50.20481106553893
CLUSTER_6,Plant_2,horse_man,339.439139,50.20481106553893
CLUSTER_6,Plant_2,pig_man,1816.7,50.20481106553893
CLUSTER_66,Plant_2,cattle_man,2641.0375,29.81969411048829
CLUSTER_66,Plant_2,horse_man,880.00908,29.81969411048829
CLUSTER_66,Plant_2,pig_man,180.310571,29.81969411048829
CLUSTER_72,Plant_2,cattle_man,21650.0,48.52016648011264
CLUSTER_72,Plant_2,horse_man,4938.0,48.52016648011264
CLUSTER_72,Plant_2,pig_man,949.3,48.52016648011264
CLUSTER_75,Plant_2,horse_man,1454.5,58.22852315131488
CLUSTER_75,Plant_2,pig_man,1113.72,58.22852315131488
CLUSTER_76,Plant_2,cattle_man,2539.0,17.817096525391747
CLUSTER_76,Plant_2,cattle_slu,16801.3,17.817096525391747
CLUSTER_76,Plant_2,horse_man,2263.0,17.817096525391747
CLUSTER_76,Plant_2,pig_man,125.42999999999999,17.817096525391747
CLUSTER_78,Plant_2,cattle_man,7012.0,17.07838840844826
CLUSTER_78,Plant_2,cattle_slu,45580.0,17.07838840844826
CLUSTER_78,Plant_2,horse_man,873.4,17.07838840844826
CLUSTER_78,Plant_2,pig_man,141.0,17.07838840844826
CLUSTER_82,Plant_2,cattle_man,7392.7,46.89802086532436
CLUSTER_82,Plant_2,horse_man,1220.1,46.89802086532436
CLUSTER_82,Plant_2,pig_man,554.226263,46.89802086532436
CLUSTER_87,Plant_2,horse_man,362.10543,70.90101875269914
CLUSTER_87,Plant_2,pig_man,544.04,70.90101875269914
CLUSTER_88,Plant_2,cattle_man,1437.0000000000173,36.53378721049075
CLUSTER_88,Plant_2,horse_man,1496.2,36.53378721049075
CLUSTER_88,Plant_2,pig_man,46.485800000000005,36.53378721049075
CLUSTER_9,Plant_2,pig_man,1813.0,75.83882248091028
CLUSTER_96,Plant_2,cattle_man,3690.0,23.002556427030655
CLUSTER_96,Plant_2,horse_man,2943.838,23.002556427030655
CLUSTER_96,Plant_2,pig_man,107.14,23.002556427030655
CLUSTER_104,Plant_3,horse_man,871.7,46.37781561076781
CLUSTER_104,Plant_3,pig_man,527.2180000000001,46.37781561076781
CLUSTER_124,Plant_3,cattle_man,20030.0,36.6762778799673
CLUSTER_124,Plant_3,horse_man,2749.0,36.6762778799673
CLUSTER_124,Plant_3,pig_man,225.04,36.6762778799673
CLUSTER_131,Plant_3,horse_man,1232.0,68.12419003609025
CLUSTER_131,Plant_3,pig_man,1497.8,68.12419003609025
CLUSTER_146,Plant_3,cattle_man,2485.0,37.609463766397226
CLUSTER_146,Plant_3,horse_man,847.0,37.609463766397226
CLUSTER_155,Plant_3,cattle_man,533.52,34.24025946118727
CLUSTER_155,Plant_3,horse_man,1141.3,34.24025946118727
CLUSTER_155,Plant_3,pig_man,1243.7,34.24025946118727
CLUSTER_159,Plant_3,cattle_man,8440.000000000153,30.25070749479934
CLUSTER_159,Plant_3,horse_man,2721.0,30.25070749479934
CLUSTER_159,Plant_3,pig_man,3550.315,30.25070749479934
CLUSTER_165,Plant_3,horse_man,1926.7,68.83844037596155
CLUSTER_165,Plant_3,pig_man,1019.9,68.83844037596155
CLUSTER_184,Plant_3,horse_man,556.0,49.84991751240003
CLUSTER_184,Plant_3,pig_man,1364.0,49.84991751240003
CLUSTER_189,Plant_3,cattle_man,4488.98,39.729638632318085
CLUSTER_189,Plant_3,horse_man,1789.0,39.729638632318085
CLUSTER_193,Plant_3,cattle_man,1113.0,42.15237732919704
CLUSTER_193,Plant_3,horse_man,1133.0,42.15237732919704
CLUSTER_196,Plant_3,horse_man,1807.0,54.94290763524117
CLUSTER_2,Plant_3,cattle_man,3616.0,35.5938582746315
CLUSTER_2,Plant_3,horse_man,975.2,35.5938582746315
CLUSTER_2,Plant_3,pig_man,1666.5,35.5938582746315
CLUSTER_20,Plant_3,horse_man,3289.0,57.11432593958664
CLUSTER_20,Plant_3,pig_man,3376.0,57.11432593958664
CLUSTER_202,Plant_3,cattle_man,16100.0,11.510847024861928
CLUSTER_202,Plant_3,cattle_slu,88059.99999999991,11.510847024861928
CLUSTER_202,Plant_3,horse_man,1917.3,11.510847024861928
CLUSTER_202,Plant_3,pig_man,229.17,11.510847024861928
CLUSTER_208,Plant_3,horse_man,1364.6,47.72436678771789
CLUSTER_208,Plant_3,pig_man,22.65,47.72436678771789
CLUSTER_214,Plant_3,horse_man,1119.6,47.61535990862284
CLUSTER_214,Plant_3,pig_man,13.92,47.61535990862284
CLUSTER_223,Plant_3,cattle_man,9325.999999987227,35.14439633344717
CLUSTER_223,Plant_3,horse_man,1582.6,35.14439633344717
CLUSTER_223,Plant_3,pig_man,439.43865700002414,35.14439633344717
CLUSTER_225,Plant_3,cattle_man,6770.0,15.405170540667552
CLUSTER_225,Plant_3,cattle_slu,30790.0,15.405170540667552
CLUSTER_225,Plant_3,horse_man,1039.7,15.405170540667552
CLUSTER_225,Plant_3,pig_man,1314.9,15.405170540667552
CLUSTER_228,Plant_3,cattle_man,10463.000000000091,23.36627080726801
CLUSTER_228,Plant_3,horse_man,1313.4,23.36627080726801
CLUSTER_233,Plant_3,cattle_man,5430.000000000288,15.53977511340516
CLUSTER_233,Plant_3,cattle_slu,18830.0,15.53977511340516
CLUSTER_233,Plant_3,horse_man,1224.0,15.53977511340516
CLUSTER_233,Plant_3,pig_man,435.2,15.53977511340516
CLUSTER_241,Plant_3,cattle_man,10429.999999999898,32.57698023566746
CLUSTER_241,Plant_3,horse_man,968.1,32.57698023566746
CLUSTER_250,Plant_3,cattle_man,8735.820000000012,27.383873068336868
CLUSTER_250,Plant_3,horse_man,1190.0,27.383873068336868
CLUSTER_250,Plant_3,pig_man,54.334,27.383873068336868
CLUSTER_254,Plant_3,cattle_man,8256.0,31.64606452318286
CLUSTER_254,Plant_3,horse_man,1711.5,31.64606452318286
CLUSTER_258,Plant_3,cattle_man,16819.999999999658,33.81635002134197
CLUSTER_258,Plant_3,horse_man,1914.0,33.81635002134197
CLUSTER_270,Plant_3,cattle_man,9711.999999999944,20.246502781445862
CLUSTER_270,Plant_3,horse_man,2875.0,20.246502781445862
CLUSTER_270,Plant_3,pig_man,61.2952,20.246502781445862
CLUSTER_273,Plant_3,cattle_man,6690.0,42.84950997833277
CLUSTER_273,Plant_3,horse_man,1064.0,42.84950997833277
CLUSTER_273,Plant_3,pig_man,524.6,42.84950997833277
CLUSTER_274,Plant_3,cattle_man,2163.0,23.586515013930608
CLUSTER_274,Plant_3,horse_man,783.4,23.586515013930608
CLUSTER_274,Plant_3,pig_man,587.9,23.586515013930608
CLUSTER_276,Plant_3,horse_man,1192.0,50.641654129158425
CLUSTER_282,Plant_3,cattle_man,10020.0,8.39680995023255
CLUSTER_282,Plant_3,cattle_slu,48900.0,8.39680995023255
CLUSTER_282,Plant_3,horse_man,1029.0,8.39680995023255
CLUSTER_282,Plant_3,pig_man,277.076,8.39680995023255
CLUSTER_284,Plant_3,cattle_man,1152.783,36.85889753481402
CLUSTER_284,Plant_3,horse_man,195.4,36.85889753481402
CLUSTER_284,Plant_3,pig_man,447.9,36.85889753481402
CLUSTER_285,Plant_3,cattle_man,15870.000000000138,29.79770658676977
CLUSTER_285,Plant_3,horse_man,3438.0,29.79770658676977
CLUSTER_291,Plant_3,cattle_man,2457.376,37.23336673020037
CLUSTER_291,Plant_3,horse_man,1658.0,37.23336673020037
CLUSTER_291,Plant_3,pig_man,7740.0,37.23336673020037
CLUSTER_292,Plant_3,cattle_man,8900.000000000296,26.95250705345702
CLUSTER_292,Plant_3,horse_man,3197.0,26.95250705345702
CLUSTER_292,Plant_3,pig_man,2862.0,26.95250705345702
CLUSTER_296,Plant_3,cattle_man,6572.99999999995,23.43516986708056
CLUSTER_296,Plant_3,horse_man,902.0,23.43516986708056
CLUSTER_302,Plant_3,horse_man,1597.0,50.10409467576304
CLUSTER_302,Plant_3,pig_man,141.874306,50.10409467576304
CLUSTER_319,Plant_3,horse_man,1821.5,65.14258027435761
CLUSTER_319,Plant_3,pig_man,343.0,65.14258027435761
CLUSTER_33,Plant_3,horse_man,1803.0,49.84623997836314
CLUSTER_330,Plant_3,horse_man,1269.6,53.49300516005335
CLUSTER_330,Plant_3,pig_man,378.71,53.49300516005335
CLUSTER_354,Plant_3,horse_man,793.6,47.90837293737059
CLUSTER_354,Plant_3,pig_man,883.52,47.90837293737059
CLUSTER_355,Plant_3,cattle_man,3894.99999999992,26.490598316694435
CLUSTER_355,Plant_3,horse_man,1202.0,26.490598316694435
CLUSTER_355,Plant_3,pig_man,1341.0,26.490598316694435
CLUSTER_37,Plant_3,cattle_man,15347.00612044701,44.27531687751478
CLUSTER_37,Plant_3,horse_man,943.0,44.27531687751478
CLUSTER_37,Plant_3,pig_man,3353.8,44.27531687751478
CLUSTER_371,Plant_3,pig_man,228.32,80.18885533753534
CLUSTER_398,Plant_3,horse_man,1395.0,58.7858833824697
CLUSTER_398,Plant_3,pig_man,169.0001898,58.7858833824697
CLUSTER_400,Plant_3,cattle_man,3903.8,41.833494156867374
CLUSTER_400,Plant_3,horse_man,1512.9999999999777,41.833494156867374
CLUSTER_400,Plant_3,pig_man,2588.0,41.833494156867374
CLUSTER_402,Plant_3,horse_man,859.0,44.38450331117723
CLUSTER_402,Plant_3,pig_man,1540.0,44.38450331117723
CLUSTER_403,Plant_3,horse_man,1197.0,65.32094181554635
CLUSTER_403,Plant_3,pig_man,782.0,65.32094181554635
CLUSTER_406,Plant_3,cattle_man,16790.0,40.84009408117299
CLUSTER_406,Plant_3,horse_man,1539.0000000001455,40.84009408117299
CLUSTER_406,Plant_3,pig_man,52.746,40.84009408117299
CLUSTER_416,Plant_3,horse_man,387.2,48.61530929938042
CLUSTER_436,Plant_3,cattle_man,14080.0,36.195944576781386
CLUSTER_436,Plant_3,horse_man,830.0,36.195944576781386
CLUSTER_436,Plant_3,pig_man,326.0,36.195944576781386
CLUSTER_442,Plant_3,horse_man,2096.0,45.78282702990868
CLUSTER_450,Plant_3,cattle_man,18270.0,40.455795586396
CLUSTER_450,Plant_3,horse_man,963.9,40.455795586396
CLUSTER_450,Plant_3,pig_man,315.5,40.455795586396
CLUSTER_456,Plant_3,cattle_man,18.534,9.90516707572636
CLUSTER_456,Plant_3,cattle_slu,45.89,9.90516707572636
CLUSTER_456,Plant_3,horse_man,275.0,9.90516707572636
CLUSTER_456,Plant_3,pig_man,30.472,9.90516707572636
CLUSTER_457,Plant_3,cattle_man,11400.000000000011,27.13967225301956
CLUSTER_457,Plant_3,horse_man,1512.5,27.13967225301956
CLUSTER_473,Plant_3,cattle_man,11380.0,33.943938243717504
CLUSTER_473,Plant_3,horse_man,745.0,33.943938243717504
CLUSTER_473,Plant_3,pig_man,510.99999999999994,33.943938243717504
CLUSTER_488,Plant_3,cattle_man,62.5000000000721,19.0072762260102
CLUSTER_488,Plant_3,horse_man,236.9,19.0072762260102
CLUSTER_488,Plant_3,pig_man,1185.8,19.0072762260102
CLUSTER_493,Plant_3,horse_man,951.2,52.22752794920692
CLUSTER_493,Plant_3,pig_man,193.15,52.22752794920692
CLUSTER_513,Plant_3,cattle_man,2780.0,2.4307791593292984
CLUSTER_513,Plant_3,cattle_slu,5462.000000000493,2.4307791593292984
CLUSTER_513,Plant_3,horse_man,1042.0,2.4307791593292984
CLUSTER_513,Plant_3,pig_man,657.0,2.4307791593292984
CLUSTER_513,Plant_3,pig_slu,10620.000000000435,2.4307791593292984
CLUSTER_514,Plant_3,cattle_man,11580.000000000056,18.178523703285933
CLUSTER_514,Plant_3,cattle_slu,37706.9507977327,18.178523703285933
CLUSTER_514,Plant_3,horse_man,1246.0,18.178523703285933
CLUSTER_514,Plant_3,pig_man,13.03,18.178523703285933
CLUSTER_516,Plant_3,cattle_man,8820.0,42.97391038516735
CLUSTER_516,Plant_3,horse_man,1178.0,42.97391038516735
CLUSTER_516,Plant_3,pig_man,123.100375,42.97391038516735
CLUSTER_520,Plant_3,cattle_man,3690.0,36.91185540292253
CLUSTER_520,Plant_3,horse_man,799.0,36.91185540292253
CLUSTER_528,Plant_3,cattle_man,7939.999999999999,42.057115163050106
CLUSTER_528,Plant_3,horse_man,1337.0,42.057115163050106
CLUSTER_537,Plant_3,cattle_man,2682.0,36.32052900196938
CLUSTER_537,Plant_3,horse_man,1468.0,36.32052900196938
CLUSTER_537,Plant_3,pig_man,2429.0,36.32052900196938
CLUSTER_540,Plant_3,horse_man,1390.0,54.631437000984896
CLUSTER_541,Plant_3,horse_man,835.5,59.59758875231187
CLUSTER_547,Plant_3,cattle_man,10789.999999999636,30.973139404011143
CLUSTER_547,Plant_3,horse_man,1621.0,30.973139404011143
CLUSTER_549,Plant_3,cattle_man,6580.0,15.245891234887834
CLUSTER_549,Plant_3,cattle_slu,38900.0,15.245891234887834
CLUSTER_549,Plant_3,horse_man,1622.0,15.245891234887834
CLUSTER_61,Plant_3,cattle_man,33290.0000000003,28.853900061722324
CLUSTER_61,Plant_3,horse_man,2388.0,28.853900061722324
CLUSTER_61,Plant_3,pig_man,392.8,28.853900061722324
CLUSTER_64,Plant_3,pig_man,1190.4,63.73688715467509
CLUSTER_68,Plant_3,cattle_man,2715.3,11.11112032202099
CLUSTER_68,Plant_3,cattle_slu,608.0,11.11112032202099
CLUSTER_68,Plant_3,horse_man,1155.3,11.11112032202099
CLUSTER_68,Plant_3,pig_man,1241.4,11.11112032202099
CLUSTER_70,Plant_3,cattle_man,18095.00000000009,23.942970652686828
CLUSTER_70,Plant_3,horse_man,1087.859,23.942970652686828
CLUSTER_70,Plant_3,pig_man,751.0,23.942970652686828
CLUSTER_73,Plant_3,horse_man,1613.1,56.87125570151256
CLUSTER_73,Plant_3,pig_man,3455.0,56.87125570151256
CLUSTER_79,Plant_3,cattle_man,15570.000000000167,17.958734457728625
CLUSTER_79,Plant_3,cattle_slu,91500.0,17.958734457728625
CLUSTER_79,Plant_3,horse_man,1933.0,17.958734457728625
CLUSTER_79,Plant_3,pig_man,1322.00245,17.958734457728625
CLUSTER_92,Plant_3,horse_man,2276.0,56.30090540010583
CLUSTER_92,Plant_3,pig_man,122.73699999999998,56.30090540010583
CLUSTER_102,Plant_4,cattle_man,1724.0,8.90926766903544
CLUSTER_102,Plant_4,cattle_slu,10771.0,8.90926766903544
CLUSTER_102,Plant_4,clover_alfalfa_grass,1948.5,8.90926766903544
CLUSTER_102,Plant_4,horse_man,961.0,8.90926766903544
CLUSTER_102,Plant_4,legume_str,12.3,8.90926766903544
CLUSTER_102,Plant_4,rape_str,88.5,8.90926766903544
CLUSTER_11,Plant_4,legume_str,180.37,56.38183173802831
CLUSTER_11,Plant_4,maize_str,190.9,56.38183173802831
CLUSTER_11,Plant_4,rape_str,672.41,56.38183173802831
CLUSTER_112,Plant_4,cattle_man,13057.0,10.897051411271669
CLUSTER_112,Plant_4,cattle_slu,8525.792097597989,10.897051411271669
CLUSTER_112,Plant_4,clover_alfalfa_grass,8797.0,10.897051411271669
CLUSTER_112,Plant_4,horse_man,1571.0,10.897051411271669
CLUSTER_112,Plant_4,legume_str,69.21000000000001,10.897051411271669
CLUSTER_112,Plant_4,pig_man,508.8,10.897051411271669
CLUSTER_112,Plant_4,rape_str,740.13,10.897051411271669
CLUSTER_113,Plant_4,cattle_man,1617.0,32.7338480385576
CLUSTER_113,Plant_4,horse_man,513.4,32.7338480385576
CLUSTER_113,Plant_4,legume_str,53.1,32.7338480385576
CLUSTER_113,Plant_4,rape_str,57.67,32.7338480385576
CLUSTER_114,Plant_4,horse_man,9.388317353850596,41.58688927843811
CLUSTER_114,Plant_4,maize_str,77.8,41.58688927843811
CLUSTER_115,Plant_4,horse_man,190.35,34.69913247798749
CLUSTER_115,Plant_4,legume_str,147.8,34.69913247798749
CLUSTER_115,Plant_4,rape_str,646.0,34.69913247798749
CLUSTER_12,Plant_4,legume_str,192.82,69.3389141601376
CLUSTER_12,Plant_4,maize_str,50.79,69.3389141601376
CLUSTER_120,Plant_4,horse_man,643.23,35.41433058885986
CLUSTER_120,Plant_4,legume_str,254.4,35.41433058885986
CLUSTER_120,Plant_4,pig_man,313.972,35.41433058885986
CLUSTER_120,Plant_4,rape_str,1687.0,35.41433058885986
CLUSTER_133,Plant_4,horse_man,538.3,46.40989037571204
CLUSTER_133,Plant_4,rape_str,74.2,46.40989037571204
CLUSTER_147,Plant_4,legume_str,68.23,51.12814982808733
CLUSTER_147,Plant_4,maize_str,127.70000000000002,51.12814982808733
CLUSTER_147,Plant_4,rape_str,506.3,51.12814982808733
CLUSTER_167,Plant_4,legume_str,378.19,54.48420755669764
CLUSTER_167,Plant_4,maize_str,255.30000000000004,54.48420755669764
CLUSTER_167,Plant_4,rape_str,2138.0,54.48420755669764
CLUSTER_168,Plant_4,horse_man,2384.0,37.82211889298204
CLUSTER_168,Plant_4,legume_str,159.0,37.82211889298204
CLUSTER_168,Plant_4,maize_str,165.79,37.82211889298204
CLUSTER_168,Plant_4,pig_man,426.892,37.82211889298204
CLUSTER_168,Plant_4,rape_str,528.6,37.82211889298204
CLUSTER_18,Plant_4,beet_leaf,100.32,25.86870309980201
CLUSTER_18,Plant_4,cattle_man,14355.0,25.86870309980201
CLUSTER_18,Plant_4,horse_man,809.7,25.86870309980201
CLUSTER_18,Plant_4,legume_str,160.1,25.86870309980201
CLUSTER_18,Plant_4,rape_str,930.0,25.86870309980201
CLUSTER_185,Plant_4,horse_man,786.4,35.76435381489241
CLUSTER_185,Plant_4,legume_str,368.9,35.76435381489241
CLUSTER_185,Plant_4,pig_man,183.43,35.76435381489241
CLUSTER_185,Plant_4,rape_str,980.9000000000001,35.76435381489241
CLUSTER_19,Plant_4,horse_man,1890.0,37.23795102265082
CLUSTER_19,Plant_4,legume_str,163.01,37.23795102265082
CLUSTER_19,Plant_4,rape_str,1053.0,37.23795102265082
CLUSTER_197,Plant_4,cattle_man,6600.0,31.988713914381822
CLUSTER_197,Plant_4,legume_str,64.6,31.988713914381822
CLUSTER_197,Plant_4,maize_str,23.0,31.988713914381822
CLUSTER_197,Plant_4,rape_str,192.0,31.988713914381822
CLUSTER_199,Plant_4,horse_man,704.0,41.23700158090246
CLUSTER_199,Plant_4,legume_str,218.02,41.23700158090246
CLUSTER_199,Plant_4,maize_str,12.3167,41.23700158090246
CLUSTER_199,Plant_4,rape_str,2095.0,41.23700158090246
CLUSTER_21,Plant_4,beet_leaf,47.05,18.278529234692307
CLUSTER_21,Plant_4,cattle_man,11680.0,18.278529234692307
CLUSTER_21,Plant_4,clover_alfalfa_grass,7618.0,18.278529234692307
CLUSTER_21,Plant_4,horse_man,1242.7,18.278529234692307
CLUSTER_21,Plant_4,legume_str,141.0,18.278529234692307
CLUSTER_21,Plant_4,rape_str,567.3,18.278529234692307
CLUSTER_211,Plant_4,cattle_man,4080.0000000000005,17.428161980790186
CLUSTER_211,Plant_4,clover_alfalfa_grass,3120.0,17.428161980790186
CLUSTER_211,Plant_4,horse_man,442.0,17.428161980790186
CLUSTER_211,Plant_4,legume_str,121.2,17.428161980790186
CLUSTER_211,Plant_4,pig_man,51.2,17.428161980790186
CLUSTER_211,Plant_4,rape_str,526.0,17.428161980790186
CLUSTER_216,Plant_4,beet_leaf,134.0,17.6084624608514
CLUSTER_216,Plant_4,cattle_man,6405.0,17.6084624608514
CLUSTER_216,Plant_4,clover_alfalfa_grass,15071.0,17.6084624608514
CLUSTER_216,Plant_4,horse_man,1391.183,17.6084624608514
CLUSTER_216,Plant_4,legume_str,149.51999999999998,17.6084624608514
CLUSTER_216,Plant_4,rape_str,604.0,17.6084624608514
CLUSTER_220,Plant_4,legume_str,140.7,42.50250299165333
CLUSTER_220,Plant_4,rape_str,396.0,42.50250299165333
CLUSTER_221,Plant_4,horse_man,1171.9,35.560324223975215
CLUSTER_221,Plant_4,legume_str,89.54,35.560324223975215
CLUSTER_221,Plant_4,maize_str,70.25,35.560324223975215
CLUSTER_221,Plant_4,rape_str,447.85,35.560324223975215
CLUSTER_227,Plant_4,horse_man,79.97,41.19791817922077
CLUSTER_227,Plant_4,legume_str,212.3,41.19791817922077
CLUSTER_227,Plant_4,rape_str,1209.0,41.19791817922077
CLUSTER_234,Plant_4,legume_str,176.9,49.449348983413856
CLUSTER_234,Plant_4,maize_str,20.8,49.449348983413856
CLUSTER_234,Plant_4,rape_str,1344.0,49.449348983413856
CLUSTER_245,Plant_4,beet_leaf,61.3,26.57007763754448
CLUSTER_245,Plant_4,cattle_man,13085.0,26.57007763754448
CLUSTER_245,Plant_4,horse_man,793.9,26.57007763754448
CLUSTER_245,Plant_4,legume_str,148.70000000000002,26.57007763754448
CLUSTER_245,Plant_4,pig_man,381.8,26.57007763754448
CLUSTER_245,Plant_4,rape_str,863.6,26.57007763754448
CLUSTER_249,Plant_4,legume_str,275.8,41.008283542540894
CLUSTER_249,Plant_4,maize_str,56.66,41.008283542540894
CLUSTER_249,Plant_4,rape_str,1051.2,41.008283542540894
CLUSTER_25,Plant_4,cattle_man,2469.58,31.37591904279917
CLUSTER_25,Plant_4,horse_man,395.1,31.37591904279917
CLUSTER_25,Plant_4,legume_str,111.18,31.37591904279917
CLUSTER_25,Plant_4,rape_str,361.4,31.37591904279917
CLUSTER_259,Plant_4,legume_str,90.26,65.3641772580775
CLUSTER_259,Plant_4,maize_str,51.0,65.3641772580775
CLUSTER_259,Plant_4,rape_str,1130.8,65.3641772580775
CLUSTER_261,Plant_4,beet_leaf,64.58,26.66919694236144
CLUSTER_261,Plant_4,cattle_man,10670.0,26.66919694236144
CLUSTER_261,Plant_4,horse_man,1088.2,26.66919694236144
CLUSTER_261,Plant_4,legume_str,260.0,26.66919694236144
CLUSTER_261,Plant_4,maize_str,132.71,26.66919694236144
CLUSTER_261,Plant_4,rape_str,885.0,26.66919694236144
CLUSTER_262,Plant_4,legume_str,189.5,68.45262269739989
CLUSTER_262,Plant_4,maize_str,19.9,68.45262269739989
CLUSTER_265,Plant_4,maize_str,149.62,53.79406771586573
CLUSTER_269,Plant_4,cattle_man,10313.0,23.443624011565863
CLUSTER_269,Plant_4,clover_alfalfa_grass,5516.0,23.443624011565863
CLUSTER_269,Plant_4,horse_man,2387.8,23.443624011565863
CLUSTER_269,Plant_4,legume_str,139.774,23.443624011565863
CLUSTER_269,Plant_4,pig_man,389.745,23.443624011565863
CLUSTER_269,Plant_4,rape_str,727.1,23.443624011565863
CLUSTER_286,Plant_4,cattle_man,4579.0,31.605910893785627
CLUSTER_286,Plant_4,horse_man,502.1,31.605910893785627
CLUSTER_286,Plant_4,legume_str,241.6,31.605910893785627
CLUSTER_286,Plant_4,pig_man,407.6,31.605910893785627
CLUSTER_286,Plant_4,rape_str,875.9,31.605910893785627
CLUSTER_299,Plant_4,beet_leaf,35.65,15.37550645466336
CLUSTER_299,Plant_4,cattle_man,4359.0,15.37550645466336
CLUSTER_299,Plant_4,clover_alfalfa_grass,3146.0,15.37550645466336
CLUSTER_299,Plant_4,horse_man,817.8,15.37550645466336
CLUSTER_299,Plant_4,legume_str,62.4,15.37550645466336
CLUSTER_299,Plant_4,pig_man,111.861,15.37550645466336
CLUSTER_299,Plant_4,rape_str,270.28,15.37550645466336
CLUSTER_307,Plant_4,beet_leaf,28.9,25.92589203340839
CLUSTER_307,Plant_4,cattle_man,3600.0,25.92589203340839
CLUSTER_307,Plant_4,horse_man,1101.0,25.92589203340839
CLUSTER_307,Plant_4,legume_str,128.0,25.92589203340839
CLUSTER_307,Plant_4,rape_str,648.6,25.92589203340839
CLUSTER_309,Plant_4,beet_leaf,64.7,9.6264614268891
CLUSTER_309,Plant_4,cattle_man,7630.0,9.6264614268891
CLUSTER_309,Plant_4,cattle_slu,56380.0,9.6264614268891
CLUSTER_309,Plant_4,clover_alfalfa_grass,4163.0,9.6264614268891
CLUSTER_309,Plant_4,horse_man,240.3,9.6264614268891
CLUSTER_309,Plant_4,legume_str,115.88,9.6264614268891
CLUSTER_309,Plant_4,pig_man,216.09,9.6264614268891
CLUSTER_309,Plant_4,rape_str,199.0,9.6264614268891
CLUSTER_32,Plant_4,legume_str,282.0,52.53051479488984
CLUSTER_32,Plant_4,maize_str,10.9,52.53051479488984
CLUSTER_32,Plant_4,rape_str,1330.0,52.53051479488984
CLUSTER_327,Plant_4,horse_man,336.5,55.41168474197248
CLUSTER_327,Plant_4,legume_str,27.7,55.41168474197248
CLUSTER_327,Plant_4,rape_str,68.7,55.41168474197248
CLUSTER_331,Plant_4,cattle_man,5700.0,28.57109402362705
CLUSTER_331,Plant_4,horse_man,3020.0,28.57109402362705
CLUSTER_331,Plant_4,legume_str,336.0,28.57109402362705
CLUSTER_331,Plant_4,maize_str,232.3,28.57109402362705
CLUSTER_331,Plant_4,pig_man,621.0,28.57109402362705
CLUSTER_331,Plant_4,rape_str,1228.0,28.57109402362705
CLUSTER_333,Plant_4,legume_str,254.9,64.68512864555484
CLUSTER_333,Plant_4,maize_str,122.09999999999998,64.68512864555484
CLUSTER_333,Plant_4,rape_str,1408.0,64.68512864555484
CLUSTER_335,Plant_4,cattle_man,4820.0,22.928791860045266
CLUSTER_335,Plant_4,clover_alfalfa_grass,8442.0,22.928791860045266
CLUSTER_335,Plant_4,horse_man,3071.0,22.928791860045266
CLUSTER_335,Plant_4,legume_str,75.2,22.928791860045266
CLUSTER_335,Plant_4,maize_str,16.3,22.928791860045266
CLUSTER_335,Plant_4,pig_man,497.042,22.928791860045266
CLUSTER_335,Plant_4,rape_str,517.7,22.928791860045266
CLUSTER_357,Plant_4,cattle_man,11532.0,32.338269799927495
CLUSTER_357,Plant_4,legume_str,131.1,32.338269799927495
CLUSTER_357,Plant_4,maize_str,105.7,32.338269799927495
CLUSTER_357,Plant_4,rape_str,1320.0,32.338269799927495
CLUSTER_358,Plant_4,beet_leaf,105.7,10.452051629446466
CLUSTER_358,Plant_4,cattle_man,8329.0,10.452051629446466
CLUSTER_358,Plant_4,cattle_slu,38440.0,10.452051629446466
CLUSTER_358,Plant_4,clover_alfalfa_grass,9675.0,10.452051629446466
CLUSTER_358,Plant_4,horse_man,586.9,10.452051629446466
CLUSTER_358,Plant_4,legume_str,122.64,10.452051629446466
CLUSTER_358,Plant_4,pig_man,505.06,10.452051629446466
CLUSTER_358,Plant_4,rape_str,1314.0,10.452051629446466
CLUSTER_359,Plant_4,horse_man,362.1,46.035511626123125
CLUSTER_359,Plant_4,legume_str,17.74,46.035511626123125
CLUSTER_359,Plant_4,maize_str,36.5,46.035511626123125
CLUSTER_359,Plant_4,pig_man,13.947,46.035511626123125
CLUSTER_359,Plant_4,rape_str,388.5,46.035511626123125
CLUSTER_380,Plant_4,cattle_man,6580.0,30.951663774254108
CLUSTER_380,Plant_4,horse_man,1242.0,30.951663774254108
CLUSTER_380,Plant_4,legume_str,263.0,30.951663774254108
CLUSTER_380,Plant_4,maize_str,92.9,30.951663774254108
CLUSTER_380,Plant_4,rape_str,2235.0,30.951663774254108
CLUSTER_384,Plant_4,legume_str,93.3,48.79200656209962
CLUSTER_384,Plant_4,rape_str,817.0,48.79200656209962
CLUSTER_387,Plant_4,legume_str,99.478,52.08405894915378
CLUSTER_387,Plant_4,maize_str,85.39,52.08405894915378
CLUSTER_387,Plant_4,rape_str,583.1,52.08405894915378
CLUSTER_40,Plant_4,legume_str,180.49,58.35980104829739
CLUSTER_40,Plant_4,maize_str,53.400000000000006,58.35980104829739
CLUSTER_40,Plant_4,rape_str,458.3,58.35980104829739
CLUSTER_401,Plant_4,horse_man,929.5,45.46835797714683
CLUSTER_401,Plant_4,legume_str,39.49,45.46835797714683
CLUSTER_401,Plant_4,maize_str,100.7,45.46835797714683
CLUSTER_401,Plant_4,rape_str,292.6,45.46835797714683
CLUSTER_409,Plant_4,legume_str,168.2,63.05370441431696
CLUSTER_409,Plant_4,maize_str,369.0,63.05370441431696
CLUSTER_409,Plant_4,rape_str,1187.0,63.05370441431696
CLUSTER_413,Plant_4,legume_str,164.1,42.589577111100645
CLUSTER_413,Plant_4,maize_str,14.1,42.589577111100645
CLUSTER_413,Plant_4,rape_str,1054.0,42.589577111100645
CLUSTER_414,Plant_4,cattle_man,13020.0,29.685700991646137
CLUSTER_414,Plant_4,horse_man,1048.1,29.685700991646137
CLUSTER_414,Plant_4,legume_str,213.38,29.685700991646137
CLUSTER_414,Plant_4,rape_str,522.6,29.685700991646137
CLUSTER_419,Plant_4,cattle_man,2304.0,18.391220937872657
CLUSTER_419,Plant_4,clover_alfalfa_grass,5001.0,18.391220937872657
CLUSTER_419,Plant_4,horse_man,791.0,18.391220937872657
CLUSTER_419,Plant_4,legume_str,177.2,18.391220937872657
CLUSTER_419,Plant_4,maize_str,23.4,18.391220937872657
CLUSTER_419,Plant_4,pig_man,62.91951999999999,18.391220937872657
CLUSTER_419,Plant_4,rape_str,386.1,18.391220937872657
CLUSTER_437,Plant_4,cattle_man,8510.0,14.880879029368089
CLUSTER_437,Plant_4,clover_alfalfa_grass,7018.0,14.880879029368089
CLUSTER_437,Plant_4,horse_man,938.0,14.880879029368089
CLUSTER_437,Plant_4,legume_str,135.0,14.880879029368089
CLUSTER_437,Plant_4,pig_man,50.0,14.880879029368089
CLUSTER_437,Plant_4,rape_str,308.6,14.880879029368089
CLUSTER_438,Plant_4,legume_str,13.04,39.42908177089387
CLUSTER_438,Plant_4,rape_str,20.6,39.42908177089387
CLUSTER_444,Plant_4,maize_str,46.25,47.75126210761926
CLUSTER_45,Plant_4,legume_str,252.20000000000002,68.44317461310824
CLUSTER_45,Plant_4,maize_str,13.21,68.44317461310824
CLUSTER_461,Plant_4,cattle_man,3302.0,29.352799901417804
CLUSTER_461,Plant_4,horse_man,1385.0,29.352799901417804
CLUSTER_461,Plant_4,legume_str,79.77,29.352799901417804
CLUSTER_461,Plant_4,pig_man,138.37,29.352799901417804
CLUSTER_461,Plant_4,rape_str,342.2,29.352799901417804
CLUSTER_471,Plant_4,cattle_man,292.0,0.8860820618049856
CLUSTER_471,Plant_4,cattle_slu,1307.0,0.8860820618049856
CLUSTER_471,Plant_4,clover_alfalfa_grass,212.8,0.8860820618049856
CLUSTER_471,Plant_4,horse_man,250.50000000000003,0.8860820618049856
CLUSTER_471,Plant_4,legume_str,10.2,0.8860820618049856
CLUSTER_471,Plant_4,rape_str,11.4,0.8860820618049856
CLUSTER_475,Plant_4,cattle_man,3878.0,27.428523048562457
CLUSTER_475,Plant_4,horse_man,665.9,27.428523048562457
CLUSTER_475,Plant_4,legume_str,261.4,27.428523048562457
CLUSTER_475,Plant_4,pig_man,250.66,27.428523048562457
CLUSTER_475,Plant_4,rape_str,859.6,27.428523048562457
CLUSTER_505,Plant_4,legume_str,212.3,60.949787612833845
CLUSTER_505,Plant_4,maize_str,18.72,60.949787612833845
CLUSTER_505,Plant_4,rape_str,1195.0,60.949787612833845
CLUSTER_512,Plant_4,legume_str,138.2,58.49709778561675
CLUSTER_512,Plant_4,maize_str,72.075,58.49709778561675
CLUSTER_512,Plant_4,rape_str,499.0,58.49709778561675
CLUSTER_518,Plant_4,beet_leaf,23.3,19.458082358435774
CLUSTER_518,Plant_4,cattle_man,9270.0,19.458082358435774
CLUSTER_518,Plant_4,clover_alfalfa_grass,7810.0,19.458082358435774
CLUSTER_518,Plant_4,horse_man,1313.0,19.458082358435774
CLUSTER_518,Plant_4,legume_str,172.5,19.458082358435774
CLUSTER_518,Plant_4,pig_man,245.9,19.458082358435774
CLUSTER_518,Plant_4,rape_str,1018.0,19.458082358435774
CLUSTER_522,Plant_4,beet_leaf,103.0,19.7912468894212
CLUSTER_522,Plant_4,cattle_man,6580.0,19.7912468894212
CLUSTER_522,Plant_4,clover_alfalfa_grass,7290.0,19.7912468894212
CLUSTER_522,Plant_4,horse_man,288.1,19.7912468894212
CLUSTER_522,Plant_4,legume_str,144.6,19.7912468894212
CLUSTER_522,Plant_4,pig_man,183.7,19.7912468894212
CLUSTER_522,Plant_4,rape_str,722.0,19.7912468894212
CLUSTER_529,Plant_4,legume_str,186.5,49.50003432658592
CLUSTER_529,Plant_4,maize_str,99.2,49.50003432658592
CLUSTER_529,Plant_4,rape_str,859.0,49.50003432658592
CLUSTER_536,Plant_4,legume_str,88.69999999999999,61.26499117628953
CLUSTER_536,Plant_4,rape_str,222.0,61.26499117628953
CLUSTER_539,Plant_4,horse_man,433.0,38.567970571385416
CLUSTER_539,Plant_4,legume_str,111.4,38.567970571385416
CLUSTER_539,Plant_4,maize_str,65.900231,38.567970571385416
CLUSTER_539,Plant_4,rape_str,737.0,38.567970571385416
CLUSTER_55,Plant_4,maize_str,329.6,68.37815198710301
CLUSTER_59,Plant_4,legume_str,177.1,51.90213225942623
CLUSTER_59,Plant_4,maize_str,77.9,51.90213225942623
CLUSTER_59,Plant_4,rape_str,1029.9,51.90213225942623
CLUSTER_98,Plant_4,cattle_man,5002.1,20.9656185978337
CLUSTER_98,Plant_4,clover_alfalfa_grass,6049.0,20.9656185978337
CLUSTER_98,Plant_4,horse_man,673.1,20.9656185978337
CLUSTER_98,Plant_4,legume_str,294.81,20.9656185978337
CLUSTER_98,Plant_4,pig_man,181.343,20.9656185978337
CLUSTER_98,Plant_4,rape_str,1266.0,20.9656185978337
CLUSTER_100,Plant_5,legume_str,592.6,34.91842305697695
CLUSTER_100,Plant_5,pig_man,69.61,34.91842305697695
CLUSTER_100,Plant_5,rape_str,1247.0,34.91842305697695
CLUSTER_116,Plant_5,beet_leaf,1830.0,8.956443145193512
CLUSTER_116,Plant_5,cattle_man,856.0,8.956443145193512
CLUSTER_116,Plant_5,cattle_slu,3950.0000000000005,8.956443145193512
CLUSTER_116,Plant_5,horse_man,1252.0,8.956443145193512
CLUSTER_116,Plant_5,legume_str,256.53,8.956443145193512
CLUSTER_116,Plant_5,maize_str,4270.0,8.956443145193512
CLUSTER_116,Plant_5,pig_man,144.5,8.956443145193512
CLUSTER_116,Plant_5,rape_str,1331.7,8.956443145193512
CLUSTER_125,Plant_5,legume_str,441.0,39.06976743286084
CLUSTER_125,Plant_5,rape_str,3920.0,39.06976743286084
CLUSTER_126,Plant_5,beet_leaf,6252.0,23.906628030860997
CLUSTER_126,Plant_5,horse_man,1435.2,23.906628030860997
CLUSTER_126,Plant_5,legume_str,544.6000000001262,23.906628030860997
CLUSTER_126,Plant_5,pig_man,2894.0,23.906628030860997
CLUSTER_126,Plant_5,rape_str,2381.0000000000155,23.906628030860997
CLUSTER_131,Plant_5,legume_str,1003.9999999999999,33.66517025219511
CLUSTER_131,Plant_5,rape_str,1908.0,33.66517025219511
CLUSTER_144,Plant_5,legume_str,474.3,35.99125907133647
CLUSTER_144,Plant_5,rape_str,1689.0,35.99125907133647
CLUSTER_152,Plant_5,legume_str,331.6,48.92987934711633
CLUSTER_162,Plant_5,legume_str,744.7,31.737831848973165
CLUSTER_162,Plant_5,rape_str,2424.0,31.737831848973165
CLUSTER_165,Plant_5,legume_str,854.0,41.3721013727117
CLUSTER_165,Plant_5,rape_str,1507.0,41.3721013727117
CLUSTER_175,Plant_5,legume_str,508.2,41.36171099263823
CLUSTER_175,Plant_5,rape_str,1513.0,41.36171099263823
CLUSTER_180,Plant_5,beet_leaf,6890.0,22.874547832223623
CLUSTER_180,Plant_5,horse_man,1481.0,22.874547832223623
CLUSTER_180,Plant_5,legume_str,350.0,22.874547832223623
CLUSTER_180,Plant_5,maize_str,3607.9103594855596,22.874547832223623
CLUSTER_180,Plant_5,rape_str,2510.0,22.874547832223623
CLUSTER_184,Plant_5,legume_str,480.0,46.74419403430053
CLUSTER_186,Plant_5,legume_str,321.6,29.46998570253079
CLUSTER_186,Plant_5,rape_str,2267.0,29.46998570253079
CLUSTER_20,Plant_5,legume_str,1043.0,46.061133975877134
CLUSTER_20,Plant_5,rape_str,2658.0,46.061133975877134
CLUSTER_212,Plant_5,beet_leaf,11460.0,25.82602370596637
CLUSTER_212,Plant_5,legume_str,423.4,25.82602370596637
CLUSTER_212,Plant_5,rape_str,2993.99999999992,25.82602370596637
CLUSTER_239,Plant_5,horse_man,2882.5,23.226457590598415
CLUSTER_239,Plant_5,legume_str,357.8,23.226457590598415
CLUSTER_239,Plant_5,pig_man,931.74,23.226457590598415
CLUSTER_239,Plant_5,rape_str,1717.0,23.226457590598415
CLUSTER_240,Plant_5,legume_str,511.70000000000016,46.22651890861532
CLUSTER_240,Plant_5,rape_str,698.0,46.22651890861532
CLUSTER_257,Plant_5,beet_leaf,421.68,11.423952993206717
CLUSTER_257,Plant_5,cattle_man,512.5,11.423952993206717
CLUSTER_257,Plant_5,cattle_slu,3397.0,11.423952993206717
CLUSTER_257,Plant_5,horse_man,1598.0,11.423952993206717
CLUSTER_257,Plant_5,legume_str,280.6,11.423952993206717
CLUSTER_257,Plant_5,maize_str,4463.0,11.423952993206717
CLUSTER_257,Plant_5,pig_man,1704.41,11.423952993206717
CLUSTER_257,Plant_5,rape_str,1210.4,11.423952993206717
CLUSTER_263,Plant_5,legume_str,774.2,43.494610931440086
CLUSTER_263,Plant_5,rape_str,1071.4,43.494610931440086
CLUSTER_267,Plant_5,legume_str,523.5,30.440529804354632
CLUSTER_267,Plant_5,rape_str,1938.0,30.440529804354632
CLUSTER_288,Plant_5,legume_str,851.0,42.09511230423687
CLUSTER_288,Plant_5,rape_str,1600.0,42.09511230423687
CLUSTER_290,Plant_5,legume_str,233.8,43.46504433048249
CLUSTER_290,Plant_5,rape_str,1121.03,43.46504433048249
CLUSTER_306,Plant_5,beet_leaf,350.409,18.22491994989489
CLUSTER_306,Plant_5,cattle_man,13760.0,18.22491994989489
CLUSTER_306,Plant_5,horse_man,2610.0,18.22491994989489
CLUSTER_306,Plant_5,legume_str,1097.0,18.22491994989489
CLUSTER_306,Plant_5,maize_str,5143.0,18.22491994989489
CLUSTER_306,Plant_5,pig_man,479.4,18.22491994989489
CLUSTER_306,Plant_5,rape_str,2326.999999999968,18.22491994989489
CLUSTER_321,Plant_5,legume_str,474.1,41.64459195854416
CLUSTER_321,Plant_5,rape_str,1433.0,41.64459195854416
CLUSTER_34,Plant_5,beet_leaf,905.2,20.77944686907644
CLUSTER_34,Plant_5,cattle_man,4823.3,20.77944686907644
CLUSTER_34,Plant_5,horse_man,3660.3,20.77944686907644
CLUSTER_34,Plant_5,legume_str,428.6,20.77944686907644
CLUSTER_34,Plant_5,maize_str,4809.0,20.77944686907644
CLUSTER_34,Plant_5,pig_man,547.047,20.77944686907644
CLUSTER_34,Plant_5,rape_str,1322.6,20.77944686907644
CLUSTER_340,Plant_5,beet_leaf,20402.0,19.169386400943047
CLUSTER_340,Plant_5,cattle_man,979.0,19.169386400943047
CLUSTER_340,Plant_5,legume_str,294.533,19.169386400943047
CLUSTER_340,Plant_5,maize_str,1072.4,19.169386400943047
CLUSTER_340,Plant_5,rape_str,944.0,19.169386400943047
CLUSTER_345,Plant_5,legume_str,1226.0,39.890355663361504
CLUSTER_345,Plant_5,pig_man,131.752025,39.890355663361504
CLUSTER_345,Plant_5,rape_str,1424.0,39.890355663361504
CLUSTER_349,Plant_5,legume_str,257.0,41.45533204572232
CLUSTER_349,Plant_5,rape_str,1306.0,41.45533204572232
CLUSTER_35,Plant_5,legume_str,631.6,38.90488580042996
CLUSTER_35,Plant_5,rape_str,3218.0,38.90488580042996
CLUSTER_354,Plant_5,legume_str,257.3,47.27888002941167
CLUSTER_371,Plant_5,horse_man,1280.1,33.88394020418679
CLUSTER_371,Plant_5,legume_str,445.8,33.88394020418679
CLUSTER_371,Plant_5,rape_str,918.4,33.88394020418679
CLUSTER_373,Plant_5,beet_leaf,8366.788084868755,26.846325152802763
CLUSTER_373,Plant_5,legume_str,370.5,26.846325152802763
CLUSTER_373,Plant_5,rape_str,814.9,26.846325152802763
CLUSTER_399,Plant_5,legume_str,297.37,29.939294222424117
CLUSTER_399,Plant_5,rape_str,723.2,29.939294222424117
CLUSTER_423,Plant_5,legume_str,670.7,44.0174701900958
CLUSTER_423,Plant_5,rape_str,1295.9,44.0174701900958
CLUSTER_431,Plant_5,legume_str,310.4,30.606379988864457
CLUSTER_431,Plant_5,rape_str,203.4,30.606379988864457
CLUSTER_441,Plant_5,beet_leaf,58.7,16.09953130321332
CLUSTER_441,Plant_5,cattle_man,3147.0,16.09953130321332
CLUSTER_441,Plant_5,horse_man,821.0,16.09953130321332
CLUSTER_441,Plant_5,legume_str,342.2,16.09953130321332
CLUSTER_441,Plant_5,maize_str,2827.0,16.09953130321332
CLUSTER_441,Plant_5,pig_man,1272.0,16.09953130321332
CLUSTER_441,Plant_5,rape_str,1217.0,16.09953130321332
CLUSTER_447,Plant_5,horse_man,3973.0,28.851626703349936
CLUSTER_447,Plant_5,legume_str,578.0,28.851626703349936
CLUSTER_447,Plant_5,pig_man,67.14,28.851626703349936
CLUSTER_447,Plant_5,rape_str,901.0,28.851626703349936
CLUSTER_464,Plant_5,legume_str,235.0,29.31031972879019
CLUSTER_464,Plant_5,rape_str,387.0,29.31031972879019
CLUSTER_466,Plant_5,legume_str,253.7,46.410724583840334
CLUSTER_469,Plant_5,legume_str,204.7,46.01593025674944
CLUSTER_469,Plant_5,rape_str,1099.0,46.01593025674944
CLUSTER_48,Plant_5,beet_leaf,4005.1000000000004,17.51645431005561
CLUSTER_48,Plant_5,cattle_man,4164.0,17.51645431005561
CLUSTER_48,Plant_5,horse_man,1045.96,17.51645431005561
CLUSTER_48,Plant_5,legume_str,448.03,17.51645431005561
CLUSTER_48,Plant_5,maize_str,4581.0,17.51645431005561
CLUSTER_48,Plant_5,rape_str,1712.0,17.51645431005561
CLUSTER_481,Plant_5,legume_str,620.0,41.88785606126978
CLUSTER_481,Plant_5,rape_str,4790.0,41.88785606126978
CLUSTER_495,Plant_5,horse_man,1575.0,33.9924459842619
CLUSTER_495,Plant_5,legume_str,495.0,33.9924459842619
CLUSTER_495,Plant_5,pig_man,180.446,33.9924459842619
CLUSTER_495,Plant_5,rape_str,574.7,33.9924459842619
CLUSTER_501,Plant_5,legume_str,355.2,33.88594048528292
CLUSTER_501,Plant_5,rape_str,1822.0,33.88594048528292
CLUSTER_503,Plant_5,legume_str,401.2,48.06039708615416
CLUSTER_504,Plant_5,cattle_man,41.0,8.001674123729849
CLUSTER_504,Plant_5,cattle_slu,403.0,8.001674123729849
CLUSTER_504,Plant_5,horse_man,1033.0,8.001674123729849
CLUSTER_504,Plant_5,legume_str,94.63,8.001674123729849
CLUSTER_504,Plant_5,maize_str,1285.0,8.001674123729849
CLUSTER_504,Plant_5,pig_man,442.0,8.001674123729849
CLUSTER_504,Plant_5,rape_str,268.5,8.001674123729849
CLUSTER_52,Plant_5,beet_leaf,27950.0,15.238141434944357
CLUSTER_52,Plant_5,cattle_man,3984.5,15.238141434944357
CLUSTER_52,Plant_5,horse_man,1083.1,15.238141434944357
CLUSTER_52,Plant_5,legume_str,277.4,15.238141434944357
CLUSTER_52,Plant_5,maize_str,4642.0,15.238141434944357
CLUSTER_52,Plant_5,pig_man,917.46,15.238141434944357
CLUSTER_52,Plant_5,rape_str,675.0,15.238141434944357
CLUSTER_544,Plant_5,legume_str,101.3,33.529047347780505
CLUSTER_544,Plant_5,pig_man,15.550000000000002,33.529047347780505
CLUSTER_544,Plant_5,rape_str,531.0,33.529047347780505
CLUSTER_545,Plant_5,cattle_man,1080.0,5.8417827811221
CLUSTER_545,Plant_5,cattle_slu,3630.0,5.8417827811221
CLUSTER_545,Plant_5,clover_alfalfa_grass,2220.0,5.8417827811221
CLUSTER_545,Plant_5,horse_man,1719.0,5.8417827811221
CLUSTER_545,Plant_5,legume_str,184.9,5.8417827811221
CLUSTER_545,Plant_5,maize_str,2700.0,5.8417827811221
CLUSTER_545,Plant_5,pig_man,227.1,5.8417827811221
CLUSTER_545,Plant_5,pig_slu,3820.0,5.8417827811221
CLUSTER_545,Plant_5,rape_str,992.0,5.8417827811221
CLUSTER_71,Plant_5,beet_leaf,4858.7,23.7732708845833
CLUSTER_71,Plant_5,horse_man,2948.9,23.7732708845833
CLUSTER_71,Plant_5,legume_str,1174.2,23.7732708845833
CLUSTER_71,Plant_5,pig_man,226.348,23.7732708845833
CLUSTER_71,Plant_5,rape_str,2450.0,23.7732708845833
CLUSTER_73,Plant_5,legume_str,648.0,36.31377933010244
CLUSTER_73,Plant_5,rape_str,3434.0,36.31377933010244
CLUSTER_0,Plant_6,horse_man,2610.0,28.00743020479746
CLUSTER_0,Plant_6,pig_man,1695.2,28.00743020479746
CLUSTER_121,Plant_6,horse_man,2073.0,40.34812741168755
CLUSTER_122,Plant_6,cattle_man,17000.0,25.17309446018477
CLUSTER_122,Plant_6,horse_man,5260.0,25.17309446018477
CLUSTER_122,Plant_6,pig_man,40.78257,25.17309446018477
CLUSTER_135,Plant_6,horse_man,2847.0,39.19115416024403
CLUSTER_135,Plant_6,pig_man,159.368,39.19115416024403
CLUSTER_142,Plant_6,cattle_man,32190.000000000004,13.093553773294236
CLUSTER_142,Plant_6,cattle_slu,23989.237637857026,13.093553773294236
CLUSTER_142,Plant_6,horse_man,1981.9999999999998,13.093553773294236
CLUSTER_142,Plant_6,pig_man,67.2671,13.093553773294236
CLUSTER_149,Plant_6,cattle_man,19570.0,11.03998703888195
CLUSTER_149,Plant_6,cattle_slu,98800.00000000013,11.03998703888195
CLUSTER_149,Plant_6,horse_man,2613.8,11.03998703888195
CLUSTER_149,Plant_6,pig_man,19.0894,11.03998703888195
CLUSTER_151,Plant_6,horse_man,5352.0,36.441317771538834
CLUSTER_151,Plant_6,pig_man,33.274,36.441317771538834
CLUSTER_198,Plant_6,horse_man,2306.0,35.47240966484045
CLUSTER_203,Plant_6,cattle_man,28660.00000000282,14.362814281506152
CLUSTER_203,Plant_6,horse_man,3313.0,14.362814281506152
CLUSTER_203,Plant_6,pig_man,696.08362,14.362814281506152
CLUSTER_205,Plant_6,cattle_man,16567.00000000146,24.08368812579061
CLUSTER_205,Plant_6,horse_man,3447.0,24.08368812579061
CLUSTER_205,Plant_6,pig_man,123.23616,24.08368812579061
CLUSTER_215,Plant_6,horse_man,2969.0,38.01886685770446
CLUSTER_218,Plant_6,cattle_man,42980.00000000083,16.971953166392712
CLUSTER_218,Plant_6,horse_man,4008.0000000000005,16.971953166392712
CLUSTER_22,Plant_6,cattle_man,44030.0,22.05030629572448
CLUSTER_22,Plant_6,horse_man,2301.0,22.05030629572448
CLUSTER_22,Plant_6,pig_man,696.0,22.05030629572448
CLUSTER_244,Plant_6,horse_man,3070.0,28.42974659454024
CLUSTER_26,Plant_6,cattle_man,27390.0,22.05558858400597
CLUSTER_26,Plant_6,horse_man,4471.0,22.05558858400597
CLUSTER_279,Plant_6,horse_man,1665.3,33.92715714960962
CLUSTER_279,Plant_6,pig_man,723.8400164000001,33.92715714960962
CLUSTER_288,Plant_6,horse_man,1884.0,42.09496780773975
CLUSTER_288,Plant_6,pig_man,786.0,42.09496780773975
CLUSTER_29,Plant_6,cattle_man,35210.0,10.992133669297935
CLUSTER_29,Plant_6,cattle_slu,162470.0,10.992133669297935
CLUSTER_29,Plant_6,horse_man,2338.7,10.992133669297935
CLUSTER_300,Plant_6,horse_man,6326.0,36.52114116528112
CLUSTER_300,Plant_6,pig_man,581.8449999999999,36.52114116528112
CLUSTER_323,Plant_6,cattle_man,18150.0,24.94425884353389
CLUSTER_323,Plant_6,horse_man,2339.0,24.94425884353389
CLUSTER_323,Plant_6,pig_man,275.81,24.94425884353389
CLUSTER_350,Plant_6,cattle_man,14500.0,25.10393786342778
CLUSTER_350,Plant_6,horse_man,2875.0,25.10393786342778
CLUSTER_350,Plant_6,pig_man,183.62,25.10393786342778
CLUSTER_363,Plant_6,cattle_man,13187.063777877682,27.28034388103124
CLUSTER_363,Plant_6,horse_man,3180.0,27.28034388103124
CLUSTER_363,Plant_6,pig_man,154.91,27.28034388103124
CLUSTER_378,Plant_6,cattle_man,31200.0,13.394964018496427
CLUSTER_378,Plant_6,horse_man,1373.0,13.394964018496427
CLUSTER_378,Plant_6,pig_man,297.007,13.394964018496427
CLUSTER_386,Plant_6,horse_man,3289.0,38.506352114731285
CLUSTER_423,Plant_6,horse_man,1678.0106,41.95335420918551
CLUSTER_423,Plant_6,pig_man,669.519,41.95335420918551
CLUSTER_43,Plant_6,pig_man,36.5,48.417528203118266
CLUSTER_440,Plant_6,horse_man,2708.0,34.46298108427904
CLUSTER_448,Plant_6,horse_man,654.0,37.76934295671687
CLUSTER_466,Plant_6,horse_man,4155.0,43.881394988563976
CLUSTER_466,Plant_6,pig_man,43.27128999999999,43.881394988563976
CLUSTER_474,Plant_6,cattle_man,11990.0,18.206763856946743
CLUSTER_474,Plant_6,horse_man,1341.0,18.206763856946743
CLUSTER_482,Plant_6,cattle_man,16500.0,2.8880622048441538
CLUSTER_482,Plant_6,cattle_slu,67590.0,2.8880622048441538
CLUSTER_482,Plant_6,horse_man,1167.3,2.8880622048441538
CLUSTER_482,Plant_6,pig_man,28.99635,2.8880622048441538
CLUSTER_482,Plant_6,pig_slu,174.61,2.8880622048441538
CLUSTER_498,Plant_6,horse_man,2767.0,30.725441079512347
CLUSTER_523,Plant_6,cattle_man,13260.0,20.77852867684173
CLUSTER_523,Plant_6,horse_man,1417.0,20.77852867684173
CLUSTER_523,Plant_6,pig_man,56.7,20.77852867684173
CLUSTER_57,Plant_6,horse_man,1420.0,42.24984327881255
CLUSTER_58,Plant_6,horse_man,3739.600000001086,31.34370618890401
CLUSTER_58,Plant_6,pig_man,585.7193,31.34370618890401
CLUSTER_62,Plant_6,cattle_man,29750.0,24.701816296716245
CLUSTER_62,Plant_6,horse_man,4905.0,24.701816296716245
CLUSTER_62,Plant_6,pig_man,33.995,24.701816296716245
CLUSTER_64,Plant_6,horse_man,1753.8000000004845,35.23362836109947
CLUSTER_67,Plant_6,horse_man,2276.6,36.39685350074565
CLUSTER_69,Plant_6,horse_man,2441.2,31.46498484632612
CLUSTER_69,Plant_6,pig_man,1247.43,31.46498484632612
CLUSTER_8,Plant_6,horse_man,7120.0,40.717891900287526
CLUSTER_8,Plant_6,pig_man,13.2831,40.717891900287526
CLUSTER_81,Plant_6,cattle_man,26470.0,4.384913005600588
CLUSTER_81,Plant_6,cattle_slu,122779.9999999999,4.384913005600588
CLUSTER_81,Plant_6,horse_man,1535.0,4.384913005600588
CLUSTER_81,Plant_6,pig_man,12.9891,4.384913005600588
CLUSTER_81,Plant_6,pig_slu,244.84000000000003,4.384913005600588
CLUSTER_85,Plant_6,pig_man,109.2627,53.09869899189423
CLUSTER_90,Plant_6,horse_man,1376.0,28.326083106926117
CLUSTER_93,Plant_6,pig_man,56.565000000000005,47.07818452260542
CLUSTER_10,Plant_7,cattle_man,3121.0,24.948689758049326
CLUSTER_10,Plant_7,clover_alfalfa_grass,908.308,24.948689758049326
CLUSTER_10,Plant_7,horse_man,1392.2,24.948689758049326
CLUSTER_10,Plant_7,legume_str,66.8,24.948689758049326
CLUSTER_10,Plant_7,maize_str,92.1,24.948689758049326
CLUSTER_10,Plant_7,pig_man,15.9693,24.948689758049326
CLUSTER_10,Plant_7,rape_str,247.74999999999997,24.948689758049326
CLUSTER_110,Plant_7,horse_man,797.0,39.055563390771816
CLUSTER_110,Plant_7,legume_str,32.8,39.055563390771816
CLUSTER_110,Plant_7,rape_str,218.1,39.055563390771816
CLUSTER_119,Plant_7,cattle_man,14930.0,28.305297710919252
CLUSTER_119,Plant_7,horse_man,1764.0,28.305297710919252
CLUSTER_119,Plant_7,legume_str,143.3,28.305297710919252
CLUSTER_119,Plant_7,pig_man,210.9,28.305297710919252
CLUSTER_119,Plant_7,rape_str,1302.0,28.305297710919252
CLUSTER_134,Plant_7,beet_leaf,32079.999999999996,23.87155709043419
CLUSTER_134,Plant_7,cattle_man,8431.4,23.87155709043419
CLUSTER_134,Plant_7,clover_alfalfa_grass,7349.0,23.87155709043419
CLUSTER_134,Plant_7,horse_man,721.52,23.87155709043419
CLUSTER_134,Plant_7,legume_str,277.13,23.87155709043419
CLUSTER_134,Plant_7,maize_str,712.3,23.87155709043419
CLUSTER_134,Plant_7,pig_man,244.42605802091322,23.87155709043419
CLUSTER_134,Plant_7,rape_str,1039.3,23.87155709043419
CLUSTER_139,Plant_7,beet_leaf,3099.2,12.136463516270505
CLUSTER_139,Plant_7,cattle_man,3032.51,12.136463516270505
CLUSTER_139,Plant_7,clover_alfalfa_grass,1889.3,12.136463516270505
CLUSTER_139,Plant_7,horse_man,980.3,12.136463516270505
CLUSTER_139,Plant_7,legume_str,570.9,12.136463516270505
CLUSTER_139,Plant_7,pig_man,42.67,12.136463516270505
CLUSTER_139,Plant_7,rape_str,1083.5,12.136463516270505
CLUSTER_154,Plant_7,horse_man,347.6,34.374035027239046
CLUSTER_154,Plant_7,legume_str,348.1,34.374035027239046
CLUSTER_154,Plant_7,maize_str,84.14,34.374035027239046
CLUSTER_154,Plant_7,rape_str,1500.8,34.374035027239046
CLUSTER_156,Plant_7,beet_leaf,1645.165,18.01175980117659
CLUSTER_156,Plant_7,cattle_man,3713.2,18.01175980117659
CLUSTER_156,Plant_7,clover_alfalfa_grass,2190.9,18.01175980117659
CLUSTER_156,Plant_7,horse_man,1144.7,18.01175980117659
CLUSTER_156,Plant_7,legume_str,342.4,18.01175980117659
CLUSTER_156,Plant_7,maize_str,250.71100000000004,18.01175980117659
CLUSTER_156,Plant_7,pig_man,137.8229,18.01175980117659
CLUSTER_156,Plant_7,rape_str,1599.0,18.01175980117659
CLUSTER_158,Plant_7,cattle_man,792.0,14.260027397471996
CLUSTER_158,Plant_7,clover_alfalfa_grass,109.0,14.260027397471996
CLUSTER_158,Plant_7,horse_man,253.79999999999998,14.260027397471996
CLUSTER_158,Plant_7,legume_str,41.66,14.260027397471996
CLUSTER_158,Plant_7,rape_str,44.4,14.260027397471996
CLUSTER_16,Plant_7,beet_leaf,6731.959388054218,27.95988309721836
CLUSTER_16,Plant_7,cattle_man,11750.6,27.95988309721836
CLUSTER_16,Plant_7,horse_man,1532.4,27.95988309721836
CLUSTER_16,Plant_7,legume_str,320.2,27.95988309721836
CLUSTER_16,Plant_7,maize_str,361.46,27.95988309721836
CLUSTER_16,Plant_7,rape_str,1459.3,27.95988309721836
CLUSTER_163,Plant_7,horse_man,1805.0,56.781514190915146
CLUSTER_163,Plant_7,legume_str,26.23,56.781514190915146
CLUSTER_163,Plant_7,rape_str,435.3,56.781514190915146
CLUSTER_164,Plant_7,beet_leaf,410.7,17.015391092203725
CLUSTER_164,Plant_7,cattle_man,5420.0,17.015391092203725
CLUSTER_164,Plant_7,clover_alfalfa_grass,2054.0,17.015391092203725
CLUSTER_164,Plant_7,horse_man,1264.0,17.015391092203725
CLUSTER_164,Plant_7,legume_str,154.5,17.015391092203725
CLUSTER_164,Plant_7,maize_str,100.7,17.015391092203725
CLUSTER_164,Plant_7,pig_man,46.635000000000005,17.015391092203725
CLUSTER_164,Plant_7,rape_str,740.0,17.015391092203725
CLUSTER_170,Plant_7,cattle_man,2987.28,15.519336257794478
CLUSTER_170,Plant_7,clover_alfalfa_grass,582.0,15.519336257794478
CLUSTER_170,Plant_7,horse_man,782.0,15.519336257794478
CLUSTER_170,Plant_7,maize_str,38.8,15.519336257794478
CLUSTER_170,Plant_7,rape_str,334.9,15.519336257794478
CLUSTER_172,Plant_7,horse_man,2882.7,37.24842902473733
CLUSTER_172,Plant_7,legume_str,102.3,37.24842902473733
CLUSTER_172,Plant_7,maize_str,54.92,37.24842902473733
CLUSTER_172,Plant_7,rape_str,473.5,37.24842902473733
CLUSTER_173,Plant_7,horse_man,973.0,43.01371728370807
CLUSTER_173,Plant_7,legume_str,245.0,43.01371728370807
CLUSTER_173,Plant_7,pig_man,64.52416,43.01371728370807
CLUSTER_173,Plant_7,rape_str,696.9,43.01371728370807
CLUSTER_177,Plant_7,maize_str,263.9,44.322083629170734
CLUSTER_179,Plant_7,cattle_man,11220.0,32.95618327895701
CLUSTER_179,Plant_7,horse_man,1139.0,32.95618327895701
CLUSTER_179,Plant_7,legume_str,197.6,32.95618327895701
CLUSTER_179,Plant_7,pig_man,63.56600000000001,32.95618327895701
CLUSTER_179,Plant_7,rape_str,741.5,32.95618327895701
CLUSTER_181,Plant_7,legume_str,393.5,48.87129776956958
CLUSTER_181,Plant_7,maize_str,737.8,48.87129776956958
CLUSTER_181,Plant_7,rape_str,425.5,48.87129776956958
CLUSTER_213,Plant_7,cattle_man,3968.0,28.42412162327834
CLUSTER_213,Plant_7,horse_man,642.2,28.42412162327834
CLUSTER_213,Plant_7,legume_str,10.36,28.42412162327834
CLUSTER_213,Plant_7,rape_str,43.9,28.42412162327834
CLUSTER_23,Plant_7,horse_man,1920.4,44.37623250800405
CLUSTER_23,Plant_7,legume_str,30.65,44.37623250800405
CLUSTER_23,Plant_7,maize_str,518.53,44.37623250800405
CLUSTER_23,Plant_7,rape_str,579.28,44.37623250800405
CLUSTER_236,Plant_7,beet_leaf,1965.0000000000002,25.53585472462775
CLUSTER_236,Plant_7,cattle_man,1177.4,25.53585472462775
CLUSTER_236,Plant_7,clover_alfalfa_grass,253.47605686131365,25.53585472462775
CLUSTER_236,Plant_7,horse_man,1045.5,25.53585472462775
CLUSTER_236,Plant_7,legume_str,601.0999999999486,25.53585472462775
CLUSTER_236,Plant_7,maize_str,46.4,25.53585472462775
CLUSTER_236,Plant_7,pig_man,144.7,25.53585472462775
CLUSTER_236,Plant_7,rape_str,1247.0,25.53585472462775
CLUSTER_246,Plant_7,cattle_man,2279.3,30.30346044425953
CLUSTER_246,Plant_7,horse_man,1160.4,30.30346044425953
CLUSTER_246,Plant_7,legume_str,345.0,30.30346044425953
CLUSTER_246,Plant_7,maize_str,156.3,30.30346044425953
CLUSTER_246,Plant_7,rape_str,1181.0,30.30346044425953
CLUSTER_251,Plant_7,beet_leaf,2187.6,22.507855739738005
CLUSTER_251,Plant_7,cattle_man,1718.4,22.507855739738005
CLUSTER_251,Plant_7,clover_alfalfa_grass,2525.0,22.507855739738005
CLUSTER_251,Plant_7,horse_man,239.3,22.507855739738005
CLUSTER_251,Plant_7,legume_str,633.1999999999999,22.507855739738005
CLUSTER_251,Plant_7,maize_str,70.9,22.507855739738005
CLUSTER_251,Plant_7,pig_man,335.71000000000004,22.507855739738005
CLUSTER_251,Plant_7,rape_str,2183.0,22.507855739738005
CLUSTER_260,Plant_7,horse_man,1035.0,37.71977281599006
CLUSTER_260,Plant_7,legume_str,66.4,37.71977281599006
CLUSTER_260,Plant_7,maize_str,57.0,37.71977281599006
CLUSTER_260,Plant_7,pig_man,45.446,37.71977281599006
CLUSTER_260,Plant_7,rape_str,97.5,37.71977281599006
CLUSTER_275,Plant_7,beet_leaf,3992.0,10.654847749840906
CLUSTER_275,Plant_7,cattle_man,3212.5,10.654847749840906
CLUSTER_275,Plant_7,cattle_slu,989.6,10.654847749840906
CLUSTER_275,Plant_7,clover_alfalfa_grass,2152.0,10.654847749840906
CLUSTER_275,Plant_7,horse_man,564.0,10.654847749840906
CLUSTER_275,Plant_7,legume_str,322.6,10.654847749840906
CLUSTER_275,Plant_7,maize_str,130.5,10.654847749840906
CLUSTER_275,Plant_7,rape_str,2420.0,10.654847749840906
CLUSTER_277,Plant_7,beet_leaf,7043.0,1.0052656643142417
CLUSTER_277,Plant_7,cattle_man,6870.0,1.0052656643142417
CLUSTER_277,Plant_7,cattle_slu,4845.1,1.0052656643142417
CLUSTER_277,Plant_7,clover_alfalfa_grass,3792.0,1.0052656643142417
CLUSTER_277,Plant_7,horse_man,872.3,1.0052656643142417
CLUSTER_277,Plant_7,legume_str,748.8,1.0052656643142417
CLUSTER_277,Plant_7,maize_str,52.900000000000006,1.0052656643142417
CLUSTER_277,Plant_7,pig_man,203.959,1.0052656643142417
CLUSTER_277,Plant_7,pig_slu,4650.06,1.0052656643142417
CLUSTER_277,Plant_7,rape_str,2519.0,1.0052656643142417
CLUSTER_283,Plant_7,cattle_man,4490.4,32.90599292796782
CLUSTER_283,Plant_7,horse_man,349.112,32.90599292796782
CLUSTER_283,Plant_7,legume_str,287.6,32.90599292796782
CLUSTER_283,Plant_7,maize_str,483.1,32.90599292796782
CLUSTER_283,Plant_7,rape_str,1599.65,32.90599292796782
CLUSTER_30,Plant_7,maize_str,530.4,67.27358285816834
CLUSTER_310,Plant_7,horse_man,462.0,44.12968439601588
CLUSTER_310,Plant_7,legume_str,87.58,44.12968439601588
CLUSTER_310,Plant_7,maize_str,164.1,44.12968439601588
CLUSTER_310,Plant_7,pig_man,67.1,44.12968439601588
CLUSTER_310,Plant_7,rape_str,699.0,44.12968439601588
CLUSTER_318,Plant_7,horse_man,569.4,53.62379340939049
CLUSTER_318,Plant_7,legume_str,57.2,53.62379340939049
CLUSTER_318,Plant_7,maize_str,17.7,53.62379340939049
CLUSTER_318,Plant_7,rape_str,518.0,53.62379340939049
CLUSTER_320,Plant_7,maize_str,24.130000000000003,38.066930193010414
CLUSTER_325,Plant_7,horse_man,3401.8,47.538376223232525
CLUSTER_325,Plant_7,legume_str,43.68,47.538376223232525
CLUSTER_325,Plant_7,maize_str,2223.0,47.538376223232525
CLUSTER_325,Plant_7,pig_man,710.15139,47.538376223232525
CLUSTER_325,Plant_7,rape_str,1476.0,47.538376223232525
CLUSTER_332,Plant_7,beet_leaf,3292.0,18.75865197316761
CLUSTER_332,Plant_7,cattle_man,620.3,18.75865197316761
CLUSTER_332,Plant_7,clover_alfalfa_grass,3199.0,18.75865197316761
CLUSTER_332,Plant_7,horse_man,404.6,18.75865197316761
CLUSTER_332,Plant_7,legume_str,553.2,18.75865197316761
CLUSTER_332,Plant_7,maize_str,50.4,18.75865197316761
CLUSTER_332,Plant_7,pig_man,132.8458,18.75865197316761
CLUSTER_332,Plant_7,rape_str,1546.9,18.75865197316761
CLUSTER_334,Plant_7,horse_man,1501.5,50.56169832646789
CLUSTER_334,Plant_7,legume_str,53.6,50.56169832646789
CLUSTER_334,Plant_7,maize_str,648.16,50.56169832646789
CLUSTER_334,Plant_7,pig_man,214.22,50.56169832646789
CLUSTER_334,Plant_7,rape_str,438.62,50.56169832646789
CLUSTER_336,Plant_7,legume_str,270.07,39.499463812362166
CLUSTER_336,Plant_7,maize_str,516.74,39.499463812362166
CLUSTER_336,Plant_7,rape_str,912.3,39.499463812362166
CLUSTER_361,Plant_7,legume_str,175.4,48.36223834666647
CLUSTER_361,Plant_7,maize_str,579.6,48.36223834666647
CLUSTER_361,Plant_7,rape_str,169.4,48.36223834666647
CLUSTER_364,Plant_7,horse_man,483.8,46.40251266557968
CLUSTER_364,Plant_7,legume_str,64.12,46.40251266557968
CLUSTER_364,Plant_7,maize_str,34.79,46.40251266557968
CLUSTER_364,Plant_7,rape_str,184.8,46.40251266557968
CLUSTER_388,Plant_7,cattle_man,490.4,24.672421718072997
CLUSTER_388,Plant_7,horse_man,410.3,24.672421718072997
CLUSTER_389,Plant_7,horse_man,483.0,37.045310580420654
CLUSTER_389,Plant_7,legume_str,294.0,37.045310580420654
CLUSTER_389,Plant_7,maize_str,132.9,37.045310580420654
CLUSTER_389,Plant_7,rape_str,826.81,37.045310580420654
CLUSTER_410,Plant_7,beet_leaf,1747.4,21.26493902837379
CLUSTER_410,Plant_7,cattle_man,8090.0,21.26493902837379
CLUSTER_410,Plant_7,clover_alfalfa_grass,6962.0,21.26493902837379
CLUSTER_410,Plant_7,horse_man,808.4,21.26493902837379
CLUSTER_410,Plant_7,legume_str,361.8,21.26493902837379
CLUSTER_410,Plant_7,maize_str,31.67,21.26493902837379
CLUSTER_410,Plant_7,pig_man,261.9019,21.26493902837379
CLUSTER_410,Plant_7,rape_str,2374.0,21.26493902837379
CLUSTER_424,Plant_7,beet_leaf,3601.0,12.306816788497914
CLUSTER_424,Plant_7,cattle_man,6654.0,12.306816788497914
CLUSTER_424,Plant_7,clover_alfalfa_grass,4204.0,12.306816788497914
CLUSTER_424,Plant_7,horse_man,879.04,12.306816788497914
CLUSTER_424,Plant_7,legume_str,524.5,12.306816788497914
CLUSTER_424,Plant_7,maize_str,42.1,12.306816788497914
CLUSTER_424,Plant_7,pig_man,185.966,12.306816788497914
CLUSTER_424,Plant_7,rape_str,2239.8,12.306816788497914
CLUSTER_426,Plant_7,horse_man,3962.2,41.76195454329249
CLUSTER_426,Plant_7,legume_str,76.906,41.76195454329249
CLUSTER_426,Plant_7,maize_str,506.6000000000001,41.76195454329249
CLUSTER_426,Plant_7,pig_man,46.733,41.76195454329249
CLUSTER_426,Plant_7,rape_str,345.91,41.76195454329249
CLUSTER_430,Plant_7,horse_man,480.0,49.74382125208189
CLUSTER_430,Plant_7,legume_str,108.18,49.74382125208189
CLUSTER_430,Plant_7,maize_str,59.93000000000001,49.74382125208189
CLUSTER_430,Plant_7,pig_man,159.375,49.74382125208189
CLUSTER_430,Plant_7,rape_str,1226.0,49.74382125208189
CLUSTER_445,Plant_7,legume_str,171.5,64.0470133761747
CLUSTER_445,Plant_7,maize_str,620.6,64.0470133761747
CLUSTER_445,Plant_7,rape_str,1059.0,64.0470133761747
CLUSTER_449,Plant_7,maize_str,119.0,57.30945703066772
CLUSTER_47,Plant_7,cattle_man,681.7,26.412694881457075
CLUSTER_47,Plant_7,horse_man,414.0,26.412694881457075
CLUSTER_47,Plant_7,rape_str,155.0,26.412694881457075
CLUSTER_483,Plant_7,legume_str,415.5,56.03669532859567
CLUSTER_483,Plant_7,maize_str,387.2,56.03669532859567
CLUSTER_483,Plant_7,rape_str,440.9,56.03669532859567
CLUSTER_487,Plant_7,beet_leaf,25760.0,27.20317193564784
CLUSTER_487,Plant_7,cattle_man,16400.0,27.20317193564784
CLUSTER_487,Plant_7,horse_man,431.5,27.20317193564784
CLUSTER_487,Plant_7,legume_str,702.12,27.20317193564784
CLUSTER_487,Plant_7,maize_str,637.4,27.20317193564784
CLUSTER_487,Plant_7,pig_man,299.25,27.20317193564784
CLUSTER_487,Plant_7,rape_str,1529.0,27.20317193564784
CLUSTER_49,Plant_7,cattle_man,15490.0,33.77153964782777
CLUSTER_49,Plant_7,horse_man,1710.1,33.77153964782777
CLUSTER_49,Plant_7,legume_str,470.83199999999636,33.77153964782777
CLUSTER_49,Plant_7,maize_str,516.3,33.77153964782777
CLUSTER_49,Plant_7,pig_man,231.961,33.77153964782777
CLUSTER_49,Plant_7,rape_str,2778.0,33.77153964782777
CLUSTER_494,Plant_7,legume_str,89.8,51.01676090914669
CLUSTER_494,Plant_7,maize_str,343.7,51.01676090914669
CLUSTER_494,Plant_7,rape_str,500.2,51.01676090914669
CLUSTER_497,Plant_7,beet_leaf,4640.0,7.019567315396364
CLUSTER_497,Plant_7,cattle_man,5760.0,7.019567315396364
CLUSTER_497,Plant_7,cattle_slu,2060.0,7.019567315396364
CLUSTER_497,Plant_7,clover_alfalfa_grass,770.4,7.019567315396364
CLUSTER_497,Plant_7,horse_man,138.1,7.019567315396364
CLUSTER_497,Plant_7,legume_str,206.1,7.019567315396364
CLUSTER_497,Plant_7,maize_str,25.5,7.019567315396364
CLUSTER_497,Plant_7,pig_man,347.9,7.019567315396364
CLUSTER_497,Plant_7,rape_str,1290.0,7.019567315396364
CLUSTER_519,Plant_7,horse_man,814.0,48.68953188275638
CLUSTER_519,Plant_7,legume_str,11.1,48.68953188275638
CLUSTER_530,Plant_7,horse_man,443.6,38.56270527630795
CLUSTER_530,Plant_7,legume_str,212.8,38.56270527630795
CLUSTER_530,Plant_7,pig_man,84.5,38.56270527630795
CLUSTER_530,Plant_7,rape_str,1253.0,38.56270527630795
CLUSTER_538,Plant_7,horse_man,768.4,35.32117444725449
CLUSTER_538,Plant_7,legume_str,213.05,35.32117444725449
CLUSTER_538,Plant_7,maize_str,24.6,35.32117444725449
CLUSTER_538,Plant_7,pig_man,151.197,35.32117444725449
CLUSTER_538,Plant_7,rape_str,957.0,35.32117444725449
CLUSTER_546,Plant_7,legume_str,32.5,68.84720115196689
CLUSTER_56,Plant_7,horse_man,1846.8,38.333436694996166
CLUSTER_56,Plant_7,legume_str,61.13,38.333436694996166
CLUSTER_56,Plant_7,maize_str,373.4,38.333436694996166
CLUSTER_56,Plant_7,pig_man,427.76,38.333436694996166
CLUSTER_56,Plant_7,rape_str,1531.2,38.333436694996166
CLUSTER_60,Plant_7,horse_man,2507.8,35.77281787227095
CLUSTER_60,Plant_7,legume_str,82.928,35.77281787227095
CLUSTER_60,Plant_7,maize_str,135.7,35.77281787227095
CLUSTER_60,Plant_7,pig_man,45.1582,35.77281787227095
CLUSTER_60,Plant_7,rape_str,542.5,35.77281787227095
CLUSTER_75,Plant_7,legume_str,172.5,47.92051728263619
CLUSTER_75,Plant_7,maize_str,550.06,47.92051728263619
CLUSTER_75,Plant_7,rape_str,1046.1,47.92051728263619
CLUSTER_87,Plant_7,legume_str,729.0,39.624299510916615
CLUSTER_87,Plant_7,maize_str,676.6,39.624299510916615
CLUSTER_87,Plant_7,rape_str,922.9,39.624299510916615
CLUSTER_97,Plant_7,beet_leaf,10300.0,14.536153239650105
CLUSTER_97,Plant_7,cattle_man,4494.0,14.536153239650105
CLUSTER_97,Plant_7,clover_alfalfa_grass,9077.0,14.536153239650105
CLUSTER_97,Plant_7,horse_man,1266.8,14.536153239650105
CLUSTER_97,Plant_7,legume_str,684.7,14.536153239650105
CLUSTER_97,Plant_7,maize_str,150.8,14.536153239650105
CLUSTER_97,Plant_7,pig_man,302.6467,14.536153239650105
CLUSTER_97,Plant_7,rape_str,3629.0,14.536153239650105
CLUSTER_101,Plant_8,legume_str,210.4,46.378284322887644
CLUSTER_101,Plant_8,rape_str,1060.3,46.378284322887644
CLUSTER_107,Plant_8,horse_man,1668.9,39.15266808559954
CLUSTER_107,Plant_8,legume_str,421.2,39.15266808559954
CLUSTER_107,Plant_8,maize_str,552.2692382553088,39.15266808559954
CLUSTER_107,Plant_8,rape_str,1132.0,39.15266808559954
CLUSTER_111,Plant_8,legume_str,253.9,40.65214791313525
CLUSTER_111,Plant_8,rape_str,739.75,40.65214791313525
CLUSTER_123,Plant_8,beet_leaf,1203.0,22.48625221139733
CLUSTER_123,Plant_8,cattle_man,9000.0,22.48625221139733
CLUSTER_123,Plant_8,horse_man,1614.0,22.48625221139733
CLUSTER_123,Plant_8,legume_str,222.8,22.48625221139733
CLUSTER_123,Plant_8,maize_str,965.9,22.48625221139733
CLUSTER_123,Plant_8,pig_man,92.5800179,22.48625221139733
CLUSTER_123,Plant_8,rape_str,1051.0,22.48625221139733
CLUSTER_127,Plant_8,legume_str,193.6,48.80368168777664
CLUSTER_127,Plant_8,rape_str,575.6,48.80368168777664
CLUSTER_128,Plant_8,horse_man,2411.7,33.26007370002238
CLUSTER_128,Plant_8,legume_str,170.4,33.26007370002238
CLUSTER_128,Plant_8,maize_str,1924.5,33.26007370002238
CLUSTER_128,Plant_8,pig_man,539.0,33.26007370002238
CLUSTER_128,Plant_8,rape_str,635.2,33.26007370002238
CLUSTER_129,Plant_8,legume_str,211.4,32.12508457442198
CLUSTER_129,Plant_8,maize_str,396.8,32.12508457442198
CLUSTER_129,Plant_8,rape_str,408.7,32.12508457442198
CLUSTER_132,Plant_8,beet_leaf,10410.0,8.286852641775132
CLUSTER_132,Plant_8,cattle_man,7032.59,8.286852641775132
CLUSTER_132,Plant_8,cattle_slu,23140.0,8.286852641775132
CLUSTER_132,Plant_8,horse_man,795.885,8.286852641775132
CLUSTER_132,Plant_8,legume_str,147.22,8.286852641775132
CLUSTER_132,Plant_8,maize_str,1533.2,8.286852641775132
CLUSTER_132,Plant_8,pig_man,943.9,8.286852641775132
CLUSTER_132,Plant_8,rape_str,929.0,8.286852641775132
CLUSTER_138,Plant_8,beet_leaf,6203.0,19.345328498355524
CLUSTER_138,Plant_8,cattle_man,10203.0,19.345328498355524
CLUSTER_138,Plant_8,horse_man,665.1,19.345328498355524
CLUSTER_138,Plant_8,legume_str,467.8,19.345328498355524
CLUSTER_138,Plant_8,maize_str,2746.0,19.345328498355524
CLUSTER_138,Plant_8,pig_man,1203.8,19.345328498355524
CLUSTER_138,Plant_8,rape_str,1121.4,19.345328498355524
CLUSTER_14,Plant_8,beet_leaf,1545.1000000000688,11.6195810247086
CLUSTER_14,Plant_8,cattle_man,9659.0,11.6195810247086
CLUSTER_14,Plant_8,cattle_slu,6923.667114124506,11.6195810247086
CLUSTER_14,Plant_8,horse_man,2695.2,11.6195810247086
CLUSTER_14,Plant_8,legume_str,20.98,11.6195810247086
CLUSTER_14,Plant_8,maize_str,853.8,11.6195810247086
CLUSTER_14,Plant_8,pig_man,256.805,11.6195810247086
CLUSTER_14,Plant_8,rape_str,1443.9,11.6195810247086
CLUSTER_145,Plant_8,legume_str,263.2,45.84372065519319
CLUSTER_145,Plant_8,rape_str,1224.0,45.84372065519319
CLUSTER_166,Plant_8,legume_str,112.33,45.84310700498239
CLUSTER_166,Plant_8,rape_str,257.0,45.84310700498239
CLUSTER_176,Plant_8,legume_str,185.1,36.46831759485335
CLUSTER_176,Plant_8,maize_str,248.73000000000002,36.46831759485335
CLUSTER_176,Plant_8,rape_str,773.6,36.46831759485335
CLUSTER_182,Plant_8,horse_man,2035.0,30.239235391768005
CLUSTER_182,Plant_8,legume_str,180.1,30.239235391768005
CLUSTER_182,Plant_8,maize_str,2575.0,30.239235391768005
CLUSTER_182,Plant_8,rape_str,811.0,30.239235391768005
CLUSTER_187,Plant_8,horse_man,2955.0,27.52680865015114
CLUSTER_187,Plant_8,legume_str,419.6,27.52680865015114
CLUSTER_187,Plant_8,maize_str,1046.0,27.52680865015114
CLUSTER_187,Plant_8,rape_str,1186.6,27.52680865015114
CLUSTER_201,Plant_8,legume_str,94.3,50.94949197650971
CLUSTER_201,Plant_8,rape_str,52.69,50.94949197650971
CLUSTER_206,Plant_8,legume_str,98.69,49.79389295219047
CLUSTER_206,Plant_8,rape_str,81.58,49.79389295219047
CLUSTER_210,Plant_8,legume_str,108.0,45.20303039376607
CLUSTER_210,Plant_8,rape_str,548.7,45.20303039376607
CLUSTER_229,Plant_8,legume_str,169.7,27.36952687510752
CLUSTER_229,Plant_8,maize_str,474.61,27.36952687510752
CLUSTER_229,Plant_8,rape_str,30.7,27.36952687510752
CLUSTER_235,Plant_8,beet_leaf,5684.0,8.57542110540176
CLUSTER_235,Plant_8,cattle_man,3182.0,8.57542110540176
CLUSTER_235,Plant_8,cattle_slu,11970.0,8.57542110540176
CLUSTER_235,Plant_8,clover_alfalfa_grass,2548.6,8.57542110540176
CLUSTER_235,Plant_8,horse_man,1307.7,8.57542110540176
CLUSTER_235,Plant_8,legume_str,260.6,8.57542110540176
CLUSTER_235,Plant_8,maize_str,1195.0,8.57542110540176
CLUSTER_235,Plant_8,pig_man,439.78,8.57542110540176
CLUSTER_235,Plant_8,rape_str,208.9,8.57542110540176
CLUSTER_248,Plant_8,legume_str,201.2,45.40189707417827
CLUSTER_248,Plant_8,rape_str,349.9,45.40189707417827
CLUSTER_253,Plant_8,legume_str,352.0,45.95633087335086
CLUSTER_253,Plant_8,rape_str,1129.4,45.95633087335086
CLUSTER_297,Plant_8,legume_str,363.98,45.70496436136611
CLUSTER_297,Plant_8,rape_str,668.0,45.70496436136611
CLUSTER_303,Plant_8,legume_str,375.4,35.63999605656786
CLUSTER_303,Plant_8,maize_str,378.0,35.63999605656786
CLUSTER_303,Plant_8,rape_str,914.0,35.63999605656786
CLUSTER_305,Plant_8,beet_leaf,4975.0,22.527359435184245
CLUSTER_305,Plant_8,cattle_man,4426.0,22.527359435184245
CLUSTER_305,Plant_8,horse_man,533.2,22.527359435184245
CLUSTER_305,Plant_8,legume_str,120.96,22.527359435184245
CLUSTER_305,Plant_8,maize_str,1335.4,22.527359435184245
CLUSTER_305,Plant_8,pig_man,388.58,22.527359435184245
CLUSTER_305,Plant_8,rape_str,1126.6,22.527359435184245
CLUSTER_315,Plant_8,horse_man,1179.8,38.86953365156562
CLUSTER_315,Plant_8,legume_str,373.6,38.86953365156562
CLUSTER_315,Plant_8,maize_str,775.3,38.86953365156562
CLUSTER_315,Plant_8,rape_str,1513.0,38.86953365156562
CLUSTER_316,Plant_8,beet_leaf,20115.0,17.385974606720673
CLUSTER_316,Plant_8,cattle_man,7202.0,17.385974606720673
CLUSTER_316,Plant_8,horse_man,1505.3,17.385974606720673
CLUSTER_316,Plant_8,legume_str,235.5,17.385974606720673
CLUSTER_316,Plant_8,maize_str,2021.2999999999997,17.385974606720673
CLUSTER_316,Plant_8,rape_str,1137.0,17.385974606720673
CLUSTER_324,Plant_8,horse_man,736.19,41.7262686454688
CLUSTER_324,Plant_8,legume_str,578.7,41.7262686454688
CLUSTER_324,Plant_8,rape_str,1080.0,41.7262686454688
CLUSTER_337,Plant_8,horse_man,1000.0599999999998,29.713610172359783
CLUSTER_337,Plant_8,legume_str,187.9,29.713610172359783
CLUSTER_337,Plant_8,maize_str,130.3155,29.713610172359783
CLUSTER_337,Plant_8,rape_str,148.0,29.713610172359783
CLUSTER_338,Plant_8,horse_man,816.0,40.832259073178506
CLUSTER_338,Plant_8,legume_str,307.0,40.832259073178506
CLUSTER_338,Plant_8,rape_str,566.0,40.832259073178506
CLUSTER_339,Plant_8,beet_leaf,11011.0,21.56227308071127
CLUSTER_339,Plant_8,cattle_man,3014.917,21.56227308071127
CLUSTER_339,Plant_8,horse_man,2136.8,21.56227308071127
CLUSTER_339,Plant_8,legume_str,276.25,21.56227308071127
CLUSTER_339,Plant_8,maize_str,1719.0,21.56227308071127
CLUSTER_339,Plant_8,rape_str,716.33,21.56227308071127
CLUSTER_341,Plant_8,legume_str,177.98,49.8685129623592
CLUSTER_341,Plant_8,rape_str,497.09999999999997,49.8685129623592
CLUSTER_342,Plant_8,legume_str,689.9,55.4057419050207
CLUSTER_344,Plant_8,legume_str,332.0,41.97070929448476
CLUSTER_344,Plant_8,rape_str,232.2,41.97070929448476
CLUSTER_353,Plant_8,legume_str,276.0,31.958466088430036
CLUSTER_353,Plant_8,maize_str,3170.0,31.958466088430036
CLUSTER_353,Plant_8,rape_str,696.0,31.958466088430036
CLUSTER_365,Plant_8,beet_leaf,181.0,18.888210514780106
CLUSTER_365,Plant_8,cattle_man,16119.999999999998,18.888210514780106
CLUSTER_365,Plant_8,horse_man,1341.0,18.888210514780106
CLUSTER_365,Plant_8,legume_str,86.1,18.888210514780106
CLUSTER_365,Plant_8,maize_str,269.0,18.888210514780106
CLUSTER_365,Plant_8,rape_str,408.7,18.888210514780106
CLUSTER_368,Plant_8,horse_man,1001.7000000000002,37.287002067294914
CLUSTER_368,Plant_8,legume_str,152.78,37.287002067294914
CLUSTER_368,Plant_8,maize_str,310.2,37.287002067294914
CLUSTER_368,Plant_8,rape_str,482.8,37.287002067294914
CLUSTER_376,Plant_8,horse_man,494.96000000000004,35.550376700528886
CLUSTER_376,Plant_8,legume_str,508.0,35.550376700528886
CLUSTER_376,Plant_8,maize_str,681.8,35.550376700528886
CLUSTER_376,Plant_8,rape_str,1421.0,35.550376700528886
CLUSTER_377,Plant_8,legume_str,142.95,36.46834431969097
CLUSTER_377,Plant_8,maize_str,329.2,36.46834431969097
CLUSTER_377,Plant_8,rape_str,504.0299999999999,36.46834431969097
CLUSTER_383,Plant_8,horse_man,1382.2,31.89323126319118
CLUSTER_383,Plant_8,legume_str,135.1,31.89323126319118
CLUSTER_383,Plant_8,maize_str,862.0,31.89323126319118
CLUSTER_383,Plant_8,pig_man,350.7,31.89323126319118
CLUSTER_383,Plant_8,rape_str,355.5,31.89323126319118
CLUSTER_393,Plant_8,beet_leaf,1190.0,1.8405867194537708
CLUSTER_393,Plant_8,cattle_man,1357.0,1.8405867194537708
CLUSTER_393,Plant_8,cattle_slu,6467.0,1.8405867194537708
CLUSTER_393,Plant_8,clover_alfalfa_grass,277.6,1.8405867194537708
CLUSTER_393,Plant_8,horse_man,968.1,1.8405867194537708
CLUSTER_393,Plant_8,legume_str,44.84,1.8405867194537708
CLUSTER_393,Plant_8,maize_str,311.5,1.8405867194537708
CLUSTER_393,Plant_8,rape_str,213.5,1.8405867194537708
CLUSTER_411,Plant_8,legume_str,302.2,43.29124931188326
CLUSTER_411,Plant_8,rape_str,409.6,43.29124931188326
CLUSTER_42,Plant_8,beet_leaf,8847.0,23.944949687536237
CLUSTER_42,Plant_8,cattle_man,15075.0,23.944949687536237
CLUSTER_42,Plant_8,legume_str,175.21,23.944949687536237
CLUSTER_42,Plant_8,maize_str,1879.0,23.944949687536237
CLUSTER_42,Plant_8,rape_str,813.0,23.944949687536237
CLUSTER_427,Plant_8,horse_man,3104.5,26.731716643057883
CLUSTER_427,Plant_8,legume_str,351.0,26.731716643057883
CLUSTER_427,Plant_8,maize_str,2221.8,26.731716643057883
CLUSTER_427,Plant_8,pig_man,799.2,26.731716643057883
CLUSTER_427,Plant_8,rape_str,1173.4,26.731716643057883
CLUSTER_428,Plant_8,legume_str,401.5,48.82738070193161
CLUSTER_428,Plant_8,rape_str,780.5,48.82738070193161
CLUSTER_432,Plant_8,legume_str,291.34000000000003,38.530434804493936
CLUSTER_432,Plant_8,maize_str,329.9,38.530434804493936
CLUSTER_432,Plant_8,rape_str,1000.6999999999999,38.530434804493936
CLUSTER_44,Plant_8,horse_man,1288.0,32.89168459621212
CLUSTER_44,Plant_8,legume_str,336.7,32.89168459621212
CLUSTER_44,Plant_8,maize_str,129.64239999999998,32.89168459621212
CLUSTER_44,Plant_8,rape_str,694.67,32.89168459621212
CLUSTER_443,Plant_8,legume_str,58.24,55.01683716536661
CLUSTER_446,Plant_8,legume_str,132.72,35.731265317187884
CLUSTER_446,Plant_8,maize_str,265.09,35.731265317187884
CLUSTER_446,Plant_8,rape_str,165.0,35.731265317187884
CLUSTER_452,Plant_8,cattle_man,3960.0,26.41157719042075
CLUSTER_452,Plant_8,legume_str,173.8,26.41157719042075
CLUSTER_452,Plant_8,maize_str,639.0,26.41157719042075
CLUSTER_452,Plant_8,rape_str,580.0,26.41157719042075
CLUSTER_459,Plant_8,legume_str,28.68,53.20731159538444
CLUSTER_463,Plant_8,legume_str,20.57,53.62049586303433
CLUSTER_478,Plant_8,legume_str,86.75,41.45609597485696
CLUSTER_478,Plant_8,rape_str,205.7,41.45609597485696
CLUSTER_479,Plant_8,cattle_man,6870.0,19.053414198994787
CLUSTER_479,Plant_8,horse_man,1092.0,19.053414198994787
CLUSTER_479,Plant_8,legume_str,75.09,19.053414198994787
CLUSTER_479,Plant_8,maize_str,21.09,19.053414198994787
CLUSTER_479,Plant_8,rape_str,157.9,19.053414198994787
CLUSTER_485,Plant_8,beet_leaf,1510.0,19.55435224850256
CLUSTER_485,Plant_8,cattle_man,3740.0,19.55435224850256
CLUSTER_485,Plant_8,horse_man,1447.0,19.55435224850256
CLUSTER_485,Plant_8,legume_str,229.0,19.55435224850256
CLUSTER_485,Plant_8,maize_str,988.0,19.55435224850256
CLUSTER_485,Plant_8,pig_man,19.72,19.55435224850256
CLUSTER_485,Plant_8,rape_str,948.0,19.55435224850256
CLUSTER_496,Plant_8,legume_str,144.6,31.863082046425625
CLUSTER_496,Plant_8,maize_str,1429.0,31.863082046425625
CLUSTER_496,Plant_8,rape_str,1060.0,31.863082046425625
CLUSTER_499,Plant_8,legume_str,206.8,48.215261644849136
CLUSTER_499,Plant_8,rape_str,500.0,48.215261644849136
CLUSTER_500,Plant_8,horse_man,798.0,41.74420926663655
CLUSTER_500,Plant_8,legume_str,135.3,41.74420926663655
CLUSTER_500,Plant_8,pig_man,32.309999999999995,41.74420926663655
CLUSTER_500,Plant_8,rape_str,858.0,41.74420926663655
CLUSTER_507,Plant_8,legume_str,319.0,43.15771835079072
CLUSTER_507,Plant_8,rape_str,1388.0,43.15771835079072
CLUSTER_511,Plant_8,horse_man,1308.3100000000002,30.07821191481086
CLUSTER_511,Plant_8,legume_str,142.4,30.07821191481086
CLUSTER_511,Plant_8,maize_str,399.7,30.07821191481086
CLUSTER_511,Plant_8,rape_str,393.2,30.07821191481086
CLUSTER_515,Plant_8,legume_str,82.35000000000001,27.3559725170927
CLUSTER_515,Plant_8,maize_str,787.1,27.3559725170927
CLUSTER_515,Plant_8,rape_str,366.0,27.3559725170927
CLUSTER_531,Plant_8,cattle_man,750.0,26.225572907439854
CLUSTER_531,Plant_8,horse_man,424.9,26.225572907439854
CLUSTER_531,Plant_8,legume_str,89.3,26.225572907439854
CLUSTER_531,Plant_8,maize_str,337.7,26.225572907439854
CLUSTER_531,Plant_8,rape_str,167.0,26.225572907439854
CLUSTER_533,Plant_8,horse_man,654.0,42.9578003599347
CLUSTER_533,Plant_8,legume_str,42.59,42.9578003599347
CLUSTER_533,Plant_8,rape_str,542.0,42.9578003599347
CLUSTER_534,Plant_8,horse_man,1873.6,31.14912837376667
CLUSTER_534,Plant_8,legume_str,317.1,31.14912837376667
CLUSTER_534,Plant_8,maize_str,1117.0,31.14912837376667
CLUSTER_534,Plant_8,rape_str,1184.0,31.14912837376667
CLUSTER_543,Plant_8,legume_str,17.48,54.546113051639104
CLUSTER_6,Plant_8,legume_str,401.8,47.13909181966876
CLUSTER_6,Plant_8,rape_str,644.6,47.13909181966876
CLUSTER_63,Plant_8,legume_str,611.5,53.28806150485763
CLUSTER_82,Plant_8,legume_str,122.92,44.05351003492279
CLUSTER_82,Plant_8,rape_str,680.1,44.05351003492279
CLUSTER_83,Plant_8,beet_leaf,205.0,11.166885775578182
CLUSTER_83,Plant_8,cattle_man,8530.0,11.166885775578182
CLUSTER_83,Plant_8,cattle_slu,46620.0,11.166885775578182
CLUSTER_83,Plant_8,horse_man,2092.0,11.166885775578182
CLUSTER_83,Plant_8,legume_str,40.02,11.166885775578182
CLUSTER_83,Plant_8,maize_str,573.0,11.166885775578182
CLUSTER_83,Plant_8,pig_man,44.2,11.166885775578182
CLUSTER_83,Plant_8,rape_str,472.0,11.166885775578182
CLUSTER_9,Plant_8,beet_leaf,23583.999999999873,16.15584744969609
CLUSTER_9,Plant_8,cattle_man,4512.6,16.15584744969609
CLUSTER_9,Plant_8,horse_man,1859.2,16.15584744969609
CLUSTER_9,Plant_8,legume_str,267.44,16.15584744969609
CLUSTER_9,Plant_8,maize_str,2940.98,16.15584744969609
CLUSTER_9,Plant_8,rape_str,712.84,16.15584744969609
CLUSTER_108,Plant_9,legume_str,386.8,33.19339009265849
CLUSTER_108,Plant_9,maize_str,350.0,33.19339009265849
CLUSTER_108,Plant_9,rape_str,1296.1,33.19339009265849
CLUSTER_114,Plant_9,horse_man,623.5116826461493,35.78233459843715
CLUSTER_114,Plant_9,legume_str,233.9,35.78233459843715
CLUSTER_114,Plant_9,rape_str,2133.0,35.78233459843715
CLUSTER_148,Plant_9,legume_str,71.2,43.34803275596931
CLUSTER_148,Plant_9,maize_str,21.2,43.34803275596931
CLUSTER_148,Plant_9,rape_str,856.0,43.34803275596931
CLUSTER_153,Plant_9,beet_leaf,2287.9,24.61069489719825
CLUSTER_153,Plant_9,cattle_man,5103.062,24.61069489719825
CLUSTER_153,Plant_9,legume_str,465.2,24.61069489719825
CLUSTER_153,Plant_9,maize_str,346.3,24.61069489719825
CLUSTER_153,Plant_9,rape_str,2865.0,24.61069489719825
CLUSTER_160,Plant_9,legume_str,109.73,53.310795824412565
CLUSTER_160,Plant_9,maize_str,250.69999999999996,53.310795824412565
CLUSTER_160,Plant_9,rape_str,1197.5,53.310795824412565
CLUSTER_177,Plant_9,horse_man,285.4,40.15081440386184
CLUSTER_177,Plant_9,legume_str,144.7,40.15081440386184
CLUSTER_177,Plant_9,pig_man,779.21,40.15081440386184
CLUSTER_177,Plant_9,rape_str,3337.0,40.15081440386184
CLUSTER_194,Plant_9,beet_leaf,1746.0,6.9963827591790135
CLUSTER_194,Plant_9,cattle_man,4180.5,6.9963827591790135
CLUSTER_194,Plant_9,cattle_slu,4298.8,6.9963827591790135
CLUSTER_194,Plant_9,clover_alfalfa_grass,2639.0,6.9963827591790135
CLUSTER_194,Plant_9,horse_man,974.4,6.9963827591790135
CLUSTER_194,Plant_9,legume_str,213.55,6.9963827591790135
CLUSTER_194,Plant_9,maize_str,238.4,6.9963827591790135
CLUSTER_194,Plant_9,pig_man,308.943,6.9963827591790135
CLUSTER_194,Plant_9,rape_str,1397.0,6.9963827591790135
CLUSTER_200,Plant_9,horse_man,797.9,38.32559084131042
CLUSTER_200,Plant_9,legume_str,199.5,38.32559084131042
CLUSTER_200,Plant_9,maize_str,105.4,38.32559084131042
CLUSTER_200,Plant_9,pig_man,508.565,38.32559084131042
CLUSTER_200,Plant_9,rape_str,2260.0,38.32559084131042
CLUSTER_217,Plant_9,beet_leaf,1679.0,22.548543627452585
CLUSTER_217,Plant_9,cattle_man,3099.0,22.548543627452585
CLUSTER_217,Plant_9,horse_man,1360.0,22.548543627452585
CLUSTER_217,Plant_9,legume_str,337.90000000000174,22.548543627452585
CLUSTER_217,Plant_9,maize_str,304.0,22.548543627452585
CLUSTER_217,Plant_9,rape_str,2680.0000000000473,22.548543627452585
CLUSTER_222,Plant_9,beet_leaf,240.748,17.972811427264944
CLUSTER_222,Plant_9,cattle_man,794.6,17.972811427264944
CLUSTER_222,Plant_9,clover_alfalfa_grass,1839.2,17.972811427264944
CLUSTER_222,Plant_9,horse_man,643.3,17.972811427264944
CLUSTER_222,Plant_9,legume_str,145.8,17.972811427264944
CLUSTER_222,Plant_9,maize_str,154.36,17.972811427264944
CLUSTER_222,Plant_9,rape_str,844.8,17.972811427264944
CLUSTER_238,Plant_9,legume_str,234.7,62.91084593178947
CLUSTER_238,Plant_9,pig_man,123.38,62.91084593178947
CLUSTER_24,Plant_9,beet_leaf,13343.0,21.230453970975223
CLUSTER_24,Plant_9,cattle_man,15326.0,21.230453970975223
CLUSTER_24,Plant_9,clover_alfalfa_grass,12192.0,21.230453970975223
CLUSTER_24,Plant_9,horse_man,1586.5,21.230453970975223
CLUSTER_24,Plant_9,legume_str,769.8,21.230453970975223
CLUSTER_24,Plant_9,maize_str,610.37,21.230453970975223
CLUSTER_24,Plant_9,rape_str,4848.0,21.230453970975223
CLUSTER_242,Plant_9,legume_str,233.5,59.36190411999274
CLUSTER_242,Plant_9,maize_str,82.1,59.36190411999274
CLUSTER_242,Plant_9,rape_str,1229.6,59.36190411999274
CLUSTER_247,Plant_9,cattle_man,2871.0,29.636460463198357
CLUSTER_247,Plant_9,horse_man,632.0,29.636460463198357
CLUSTER_247,Plant_9,legume_str,474.1,29.636460463198357
CLUSTER_247,Plant_9,maize_str,161.1,29.636460463198357
CLUSTER_247,Plant_9,pig_man,228.0,29.636460463198357
CLUSTER_247,Plant_9,rape_str,3410.0,29.636460463198357
CLUSTER_255,Plant_9,horse_man,1720.5,32.82690431338751
CLUSTER_255,Plant_9,legume_str,246.64000000000001,32.82690431338751
CLUSTER_255,Plant_9,maize_str,91.14,32.82690431338751
CLUSTER_255,Plant_9,pig_man,204.36,32.82690431338751
CLUSTER_255,Plant_9,rape_str,1415.5,32.82690431338751
CLUSTER_265,Plant_9,legume_str,130.86,43.96926073193144
CLUSTER_265,Plant_9,rape_str,352.79,43.96926073193144
CLUSTER_271,Plant_9,horse_man,278.4,51.82125840966043
CLUSTER_271,Plant_9,legume_str,258.8,51.82125840966043
CLUSTER_271,Plant_9,maize_str,266.3,51.82125840966043
CLUSTER_271,Plant_9,pig_man,831.7,51.82125840966043
CLUSTER_271,Plant_9,rape_str,2906.0,51.82125840966043
CLUSTER_272,Plant_9,legume_str,111.767,51.48018143170374
CLUSTER_272,Plant_9,maize_str,27.6,51.48018143170374
CLUSTER_272,Plant_9,rape_str,238.3,51.48018143170374
CLUSTER_289,Plant_9,legume_str,485.4,31.08870310257345
CLUSTER_289,Plant_9,maize_str,455.8,31.08870310257345
CLUSTER_289,Plant_9,rape_str,1516.0,31.08870310257345
CLUSTER_293,Plant_9,beet_leaf,629.168,9.900932401527914
CLUSTER_293,Plant_9,cattle_man,4637.0,9.900932401527914
CLUSTER_293,Plant_9,cattle_slu,19004.0,9.900932401527914
CLUSTER_293,Plant_9,clover_alfalfa_grass,1904.0,9.900932401527914
CLUSTER_293,Plant_9,horse_man,504.0,9.900932401527914
CLUSTER_293,Plant_9,legume_str,195.85,9.900932401527914
CLUSTER_293,Plant_9,maize_str,181.2,9.900932401527914
CLUSTER_293,Plant_9,pig_man,338.2269,9.900932401527914
CLUSTER_293,Plant_9,rape_str,1991.0000000000002,9.900932401527914
CLUSTER_298,Plant_9,beet_leaf,290.0,18.038879085600836
CLUSTER_298,Plant_9,cattle_man,6560.0,18.038879085600836
CLUSTER_298,Plant_9,clover_alfalfa_grass,1282.8,18.038879085600836
CLUSTER_298,Plant_9,horse_man,591.0,18.038879085600836
CLUSTER_298,Plant_9,legume_str,191.9,18.038879085600836
CLUSTER_298,Plant_9,maize_str,131.71,18.038879085600836
CLUSTER_298,Plant_9,rape_str,1018.0,18.038879085600836
CLUSTER_30,Plant_9,legume_str,592.4,62.925386847840414
CLUSTER_317,Plant_9,beet_leaf,1037.0,26.144652639700848
CLUSTER_317,Plant_9,cattle_man,11860.0,26.144652639700848
CLUSTER_317,Plant_9,horse_man,217.4,26.144652639700848
CLUSTER_317,Plant_9,legume_str,236.2,26.144652639700848
CLUSTER_317,Plant_9,maize_str,120.7,26.144652639700848
CLUSTER_317,Plant_9,pig_man,92.31,26.144652639700848
CLUSTER_317,Plant_9,rape_str,692.0,26.144652639700848
CLUSTER_320,Plant_9,horse_man,151.8,32.23551282300128
CLUSTER_320,Plant_9,legume_str,113.12,32.23551282300128
CLUSTER_320,Plant_9,rape_str,1162.3,32.23551282300128
CLUSTER_326,Plant_9,beet_leaf,1131.0,19.60275375377244
CLUSTER_326,Plant_9,cattle_man,7270.0,19.60275375377244
CLUSTER_326,Plant_9,clover_alfalfa_grass,4181.0,19.60275375377244
CLUSTER_326,Plant_9,horse_man,1285.4,19.60275375377244
CLUSTER_326,Plant_9,legume_str,268.6,19.60275375377244
CLUSTER_326,Plant_9,maize_str,598.0,19.60275375377244
CLUSTER_326,Plant_9,pig_man,707.3,19.60275375377244
CLUSTER_326,Plant_9,rape_str,2611.0,19.60275375377244
CLUSTER_328,Plant_9,beet_leaf,2953.0,21.638496645122736
CLUSTER_328,Plant_9,cattle_man,9120.0,21.638496645122736
CLUSTER_328,Plant_9,clover_alfalfa_grass,6407.0,21.638496645122736
CLUSTER_328,Plant_9,horse_man,333.38,21.638496645122736
CLUSTER_328,Plant_9,legume_str,524.0,21.638496645122736
CLUSTER_328,Plant_9,maize_str,276.0,21.638496645122736
CLUSTER_328,Plant_9,pig_man,824.57,21.638496645122736
CLUSTER_328,Plant_9,rape_str,1819.0,21.638496645122736
CLUSTER_347,Plant_9,beet_leaf,426.0,26.26577037062468
CLUSTER_347,Plant_9,cattle_man,674.0,26.26577037062468
CLUSTER_347,Plant_9,horse_man,826.5,26.26577037062468
CLUSTER_347,Plant_9,legume_str,72.69999999999999,26.26577037062468
CLUSTER_347,Plant_9,maize_str,40.67,26.26577037062468
CLUSTER_347,Plant_9,rape_str,703.0,26.26577037062468
CLUSTER_348,Plant_9,legume_str,156.9,41.14480154803592
CLUSTER_348,Plant_9,maize_str,65.0,41.14480154803592
CLUSTER_348,Plant_9,rape_str,718.0,41.14480154803592
CLUSTER_36,Plant_9,horse_man,1610.7,41.28356284948483
CLUSTER_36,Plant_9,legume_str,273.0,41.28356284948483
CLUSTER_36,Plant_9,maize_str,381.1,41.28356284948483
CLUSTER_36,Plant_9,pig_man,1634.0,41.28356284948483
CLUSTER_36,Plant_9,rape_str,1517.0,41.28356284948483
CLUSTER_367,Plant_9,beet_leaf,562.0,27.05226725244024
CLUSTER_367,Plant_9,cattle_man,1682.0,27.05226725244024
CLUSTER_367,Plant_9,horse_man,1169.9,27.05226725244024
CLUSTER_367,Plant_9,legume_str,263.8,27.05226725244024
CLUSTER_367,Plant_9,maize_str,296.88,27.05226725244024
CLUSTER_367,Plant_9,pig_man,1184.2,27.05226725244024
CLUSTER_367,Plant_9,rape_str,1095.0,27.05226725244024
CLUSTER_38,Plant_9,beet_leaf,1765.0,24.78870762185648
CLUSTER_38,Plant_9,cattle_man,6536.0,24.78870762185648
CLUSTER_38,Plant_9,horse_man,253.79999999999998,24.78870762185648
CLUSTER_38,Plant_9,legume_str,159.5,24.78870762185648
CLUSTER_38,Plant_9,maize_str,30.0,24.78870762185648
CLUSTER_38,Plant_9,rape_str,891.0,24.78870762185648
CLUSTER_381,Plant_9,legume_str,127.29,53.28954205894901
CLUSTER_381,Plant_9,maize_str,43.94,53.28954205894901
CLUSTER_381,Plant_9,rape_str,1369.1,53.28954205894901
CLUSTER_395,Plant_9,legume_str,73.81,40.64094322770784
CLUSTER_395,Plant_9,maize_str,582.4,40.64094322770784
CLUSTER_395,Plant_9,rape_str,1105.0,40.64094322770784
CLUSTER_4,Plant_9,legume_str,531.23,34.37240219858131
CLUSTER_4,Plant_9,maize_str,287.90000000000003,34.37240219858131
CLUSTER_4,Plant_9,rape_str,2234.4,34.37240219858131
CLUSTER_401,Plant_9,pig_man,189.6729,43.57019794584213
CLUSTER_405,Plant_9,legume_str,321.95,51.94236527680142
CLUSTER_405,Plant_9,maize_str,43.2,51.94236527680142
CLUSTER_405,Plant_9,rape_str,758.7,51.94236527680142
CLUSTER_41,Plant_9,legume_str,35.1,40.29415972888671
CLUSTER_41,Plant_9,maize_str,85.41,40.29415972888671
CLUSTER_41,Plant_9,rape_str,100.22,40.29415972888671
CLUSTER_417,Plant_9,cattle_man,11640.0,28.83230217806272
CLUSTER_417,Plant_9,horse_man,430.8,28.83230217806272
CLUSTER_417,Plant_9,legume_str,179.52,28.83230217806272
CLUSTER_417,Plant_9,maize_str,88.36,28.83230217806272
CLUSTER_417,Plant_9,rape_str,677.4,28.83230217806272
CLUSTER_418,Plant_9,beet_leaf,732.2,7.5300879132956124
CLUSTER_418,Plant_9,cattle_man,5426.46,7.5300879132956124
CLUSTER_418,Plant_9,cattle_slu,10097.0,7.5300879132956124
CLUSTER_418,Plant_9,clover_alfalfa_grass,893.0,7.5300879132956124
CLUSTER_418,Plant_9,horse_man,144.9,7.5300879132956124
CLUSTER_418,Plant_9,legume_str,130.8,7.5300879132956124
CLUSTER_418,Plant_9,maize_str,247.58,7.5300879132956124
CLUSTER_418,Plant_9,pig_man,116.425,7.5300879132956124
CLUSTER_418,Plant_9,rape_str,1244.0,7.5300879132956124
CLUSTER_420,Plant_9,legume_str,308.5,52.649283688256574
CLUSTER_420,Plant_9,maize_str,18.3,52.649283688256574
CLUSTER_420,Plant_9,rape_str,472.0,52.649283688256574
CLUSTER_421,Plant_9,legume_str,191.0,34.879378956911566
CLUSTER_421,Plant_9,maize_str,277.1,34.879378956911566
CLUSTER_421,Plant_9,rape_str,740.8,34.879378956911566
CLUSTER_425,Plant_9,legume_str,35.99,48.03067038687575
CLUSTER_425,Plant_9,maize_str,64.34,48.03067038687575
CLUSTER_425,Plant_9,rape_str,615.3,48.03067038687575
CLUSTER_444,Plant_9,legume_str,165.45999999999998,39.09263717972403
CLUSTER_444,Plant_9,rape_str,842.13,39.09263717972403
CLUSTER_449,Plant_9,horse_man,518.500398,52.95005250619073
CLUSTER_449,Plant_9,legume_str,67.55,52.95005250619073
CLUSTER_449,Plant_9,pig_man,577.091,52.95005250619073
CLUSTER_449,Plant_9,rape_str,2855.0,52.95005250619073
CLUSTER_455,Plant_9,beet_leaf,442.0,11.963514025506724
CLUSTER_455,Plant_9,cattle_man,11640.0,11.963514025506724
CLUSTER_455,Plant_9,cattle_slu,1889.7705258923042,11.963514025506724
CLUSTER_455,Plant_9,clover_alfalfa_grass,4398.0,11.963514025506724
CLUSTER_455,Plant_9,horse_man,810.1,11.963514025506724
CLUSTER_455,Plant_9,legume_str,362.4,11.963514025506724
CLUSTER_455,Plant_9,maize_str,263.67,11.963514025506724
CLUSTER_455,Plant_9,pig_man,488.40999999999997,11.963514025506724
CLUSTER_455,Plant_9,rape_str,1213.0,11.963514025506724
CLUSTER_46,Plant_9,beet_leaf,1646.9999999997733,15.330449068138678
CLUSTER_46,Plant_9,cattle_man,1697.0,15.330449068138678
CLUSTER_46,Plant_9,clover_alfalfa_grass,5228.0,15.330449068138678
CLUSTER_46,Plant_9,horse_man,2237.0,15.330449068138678
CLUSTER_46,Plant_9,legume_str,245.43999999999997,15.330449068138678
CLUSTER_46,Plant_9,maize_str,216.072,15.330449068138678
CLUSTER_46,Plant_9,rape_str,1841.4,15.330449068138678
CLUSTER_465,Plant_9,beet_leaf,1146.0,22.22391907849468
CLUSTER_465,Plant_9,cattle_man,5980.0,22.22391907849468
CLUSTER_465,Plant_9,clover_alfalfa_grass,3966.483255391458,22.22391907849468
CLUSTER_465,Plant_9,horse_man,1448.0,22.22391907849468
CLUSTER_465,Plant_9,legume_str,750.0,22.22391907849468
CLUSTER_465,Plant_9,maize_str,1243.0,22.22391907849468
CLUSTER_465,Plant_9,pig_man,518.0,22.22391907849468
CLUSTER_465,Plant_9,rape_str,2360.0000000000246,22.22391907849468
CLUSTER_467,Plant_9,horse_man,266.5,38.91755238066527
CLUSTER_467,Plant_9,legume_str,423.2,38.91755238066527
CLUSTER_467,Plant_9,maize_str,240.8,38.91755238066527
CLUSTER_467,Plant_9,pig_man,1040.9,38.91755238066527
CLUSTER_467,Plant_9,rape_str,1193.5,38.91755238066527
CLUSTER_468,Plant_9,beet_leaf,826.18,24.904256895488118
CLUSTER_468,Plant_9,cattle_man,1492.0,24.904256895488118
CLUSTER_468,Plant_9,legume_str,142.73,24.904256895488118
CLUSTER_468,Plant_9,maize_str,120.0,24.904256895488118
CLUSTER_468,Plant_9,rape_str,574.4,24.904256895488118
CLUSTER_491,Plant_9,cattle_man,6717.0,31.219123309474448
CLUSTER_491,Plant_9,horse_man,277.6,31.219123309474448
CLUSTER_491,Plant_9,legume_str,275.7,31.219123309474448
CLUSTER_491,Plant_9,maize_str,50.9,31.219123309474448
CLUSTER_491,Plant_9,pig_man,236.64,31.219123309474448
CLUSTER_491,Plant_9,rape_str,1665.0,31.219123309474448
CLUSTER_506,Plant_9,beet_leaf,5910.0,13.040204958798794
CLUSTER_506,Plant_9,cattle_man,1700.0,13.040204958798794
CLUSTER_506,Plant_9,clover_alfalfa_grass,6870.0,13.040204958798794
CLUSTER_506,Plant_9,horse_man,529.0,13.040204958798794
CLUSTER_506,Plant_9,legume_str,340.0,13.040204958798794
CLUSTER_506,Plant_9,maize_str,146.4,13.040204958798794
CLUSTER_506,Plant_9,pig_man,228.0325,13.040204958798794
CLUSTER_506,Plant_9,rape_str,1143.0,13.040204958798794
CLUSTER_510,Plant_9,legume_str,52.36,53.1989592150772
CLUSTER_510,Plant_9,maize_str,22.419,53.1989592150772
CLUSTER_510,Plant_9,rape_str,86.1,53.1989592150772
CLUSTER_517,Plant_9,beet_leaf,221.0,1.2546770186026417
CLUSTER_517,Plant_9,cattle_man,2042.0,1.2546770186026417
CLUSTER_517,Plant_9,cattle_slu,1455.5,1.2546770186026417
CLUSTER_517,Plant_9,clover_alfalfa_grass,1786.0,1.2546770186026417
CLUSTER_517,Plant_9,horse_man,372.7,1.2546770186026417
CLUSTER_517,Plant_9,legume_str,119.6,1.2546770186026417
CLUSTER_517,Plant_9,maize_str,38.76,1.2546770186026417
CLUSTER_517,Plant_9,pig_slu,184.38,1.2546770186026417
CLUSTER_517,Plant_9,rape_str,729.3,1.2546770186026417
CLUSTER_524,Plant_9,legume_str,84.033,47.33332716056596
CLUSTER_524,Plant_9,maize_str,134.6,47.33332716056596
CLUSTER_524,Plant_9,rape_str,55.9,47.33332716056596
CLUSTER_525,Plant_9,cattle_man,4927.7,20.75674139095863
CLUSTER_525,Plant_9,clover_alfalfa_grass,2343.0,20.75674139095863
CLUSTER_525,Plant_9,horse_man,29.06,20.75674139095863
CLUSTER_525,Plant_9,legume_str,32.37,20.75674139095863
CLUSTER_525,Plant_9,maize_str,16.1,20.75674139095863
CLUSTER_525,Plant_9,pig_man,24.965,20.75674139095863
CLUSTER_525,Plant_9,rape_str,758.0,20.75674139095863
CLUSTER_526,Plant_9,horse_man,485.0,36.70991844023878
CLUSTER_526,Plant_9,legume_str,215.0,36.70991844023878
CLUSTER_526,Plant_9,pig_man,141.0,36.70991844023878
CLUSTER_526,Plant_9,rape_str,1150.0,36.70991844023878
CLUSTER_532,Plant_9,legume_str,85.86,66.3397187044214
CLUSTER_535,Plant_9,horse_man,706.0,33.74711109421218
CLUSTER_535,Plant_9,legume_str,91.4,33.74711109421218
CLUSTER_535,Plant_9,maize_str,176.0,33.74711109421218
CLUSTER_535,Plant_9,pig_man,303.3,33.74711109421218
CLUSTER_535,Plant_9,rape_str,709.22,33.74711109421218
CLUSTER_55,Plant_9,legume_str,299.8,62.99787995816188
CLUSTER_80,Plant_9,horse_man,210.9,43.93247372995456
CLUSTER_80,Plant_9,legume_str,346.7,43.93247372995456
CLUSTER_80,Plant_9,maize_str,115.0,43.93247372995456
CLUSTER_80,Plant_9,pig_man,275.303,43.93247372995456
CLUSTER_80,Plant_9,rape_str,3516.0,43.93247372995456
CLUSTER_88,Plant_9,legume_str,227.87,45.04633759897832
CLUSTER_88,Plant_9,maize_str,94.46,45.04633759897832
CLUSTER_88,Plant_9,rape_str,1116.4,45.04633759897832
CLUSTER_95,Plant_9,horse_man,229.22,37.36095062066238
CLUSTER_95,Plant_9,legume_str,380.1,37.36095062066238
CLUSTER_95,Plant_9,maize_str,231.9,37.36095062066238
CLUSTER_95,Plant_9,pig_man,778.92,37.36095062066238
CLUSTER_95,Plant_9,rape_str,4774.0,37.36095062066238
CLUSTER_96,Plant_9,legume_str,216.1,66.69632050440737
