SupplyNode,PlantLocation,Feedstock,FlowTons,Distance_km
CLUSTER_1,Plant_0,pig_man,381.6,84.00528403982257
CLUSTER_100,Plant_0,pig_man,69.61,115.81937511976304
CLUSTER_101,Plant_0,pig_man,311.45,106.56912999533311
CLUSTER_103,Plant_0,pig_man,791.300184,104.62528142573468
CLUSTER_104,Plant_0,pig_man,527.2180000000001,116.2939166055014
CLUSTER_107,Plant_0,pig_man,993.2,130.32609332355327
CLUSTER_108,Plant_0,pig_man,291.926,95.49668664860152
CLUSTER_109,Plant_0,horse_man,2924.0,56.91550315136137
CLUSTER_109,Plant_0,pig_man,121.22265,56.91550315136137
CLUSTER_11,Plant_0,pig_man,23.6720704,73.69898895187741
CLUSTER_112,Plant_0,pig_man,508.8,82.74931903249158
CLUSTER_114,Plant_0,pig_man,77.82100000000001,102.04665353294658
CLUSTER_115,Plant_0,horse_man,190.35,66.92245886889485
CLUSTER_115,Plant_0,pig_man,276.8087,66.92245886889485
CLUSTER_116,Plant_0,pig_man,144.5,88.18663746938535
CLUSTER_12,Plant_0,horse_man,2496.5,59.026417896547656
CLUSTER_12,Plant_0,pig_man,96.610847,59.026417896547656
CLUSTER_120,Plant_0,pig_man,313.972,112.0236336351697
CLUSTER_124,Plant_0,pig_man,225.04,126.42929647052404
CLUSTER_125,Plant_0,horse_man,653.0,49.24456669874694
CLUSTER_125,Plant_0,pig_man,536.0,49.24456669874694
CLUSTER_126,Plant_0,pig_man,2894.0,87.77041314856241
CLUSTER_130,Plant_0,cattle_man,16581.0,22.307293649137133
CLUSTER_130,Plant_0,horse_man,373.2,22.307293649137133
CLUSTER_130,Plant_0,pig_man,304.35,22.307293649137133
CLUSTER_131,Plant_0,pig_man,1497.8,95.319944537918
CLUSTER_138,Plant_0,pig_man,1203.8,132.1392470639045
CLUSTER_140,Plant_0,cattle_man,7209.0,16.207115421562925
CLUSTER_140,Plant_0,horse_man,867.0,16.207115421562925
CLUSTER_140,Plant_0,pig_man,765.7,16.207115421562925
CLUSTER_141,Plant_0,pig_man,111.971,97.270254680179
CLUSTER_143,Plant_0,horse_man,1329.0,41.5756652291717
CLUSTER_143,Plant_0,pig_man,52.20089,41.5756652291717
CLUSTER_144,Plant_0,pig_man,1094.5,115.24726915212698
CLUSTER_145,Plant_0,pig_man,104.2,102.47420469540523
CLUSTER_147,Plant_0,horse_man,869.8,51.60977276567978
CLUSTER_147,Plant_0,pig_man,23.898,51.60977276567978
CLUSTER_148,Plant_0,pig_man,361.14175,117.84146282012496
CLUSTER_15,Plant_0,horse_man,5057.0,57.041313312418055
CLUSTER_15,Plant_0,pig_man,68.319,57.041313312418055
CLUSTER_150,Plant_0,cattle_man,18940.0,39.594433183778136
CLUSTER_150,Plant_0,horse_man,998.0,39.594433183778136
CLUSTER_150,Plant_0,pig_man,605.1,39.594433183778136
CLUSTER_152,Plant_0,pig_man,174.14849999999998,131.695944606103
CLUSTER_153,Plant_0,pig_man,71.88691,112.9629926124246
CLUSTER_155,Plant_0,horse_man,1141.3,70.58852151292618
CLUSTER_155,Plant_0,pig_man,1243.7,70.58852151292618
CLUSTER_159,Plant_0,pig_man,3550.315,126.34245116924326
CLUSTER_160,Plant_0,pig_man,238.759,104.7505156193655
CLUSTER_162,Plant_0,pig_man,126.94,87.15334942696296
CLUSTER_165,Plant_0,pig_man,1019.9,104.24250097470204
CLUSTER_167,Plant_0,cattle_man,16680.0,30.145299954234066
CLUSTER_167,Plant_0,horse_man,1062.4,30.145299954234066
CLUSTER_167,Plant_0,pig_man,722.3,30.145299954234066
CLUSTER_168,Plant_0,pig_man,426.892,112.95754242836432
CLUSTER_169,Plant_0,pig_man,332.076,110.8306277813784
CLUSTER_17,Plant_0,cattle_man,9480.0,31.924738478869838
CLUSTER_17,Plant_0,horse_man,663.59,31.924738478869838
CLUSTER_17,Plant_0,pig_man,202.955,31.924738478869838
CLUSTER_171,Plant_0,pig_man,887.0,93.22919749403606
CLUSTER_175,Plant_0,horse_man,1207.3,52.90068423071538
CLUSTER_175,Plant_0,pig_man,35.4,52.90068423071538
CLUSTER_176,Plant_0,pig_man,232.96,115.22257497457562
CLUSTER_18,Plant_0,horse_man,809.7,62.03173749187246
CLUSTER_18,Plant_0,pig_man,338.1159,62.03173749187246
CLUSTER_180,Plant_0,pig_man,6160.0,75.70326006692405
CLUSTER_182,Plant_0,pig_man,1527.0,126.46875579264682
CLUSTER_184,Plant_0,horse_man,556.0,64.03929021435582
CLUSTER_184,Plant_0,pig_man,1364.0,64.03929021435582
CLUSTER_185,Plant_0,pig_man,183.43,115.62551958913842
CLUSTER_186,Plant_0,horse_man,2019.1,55.11270456218086
CLUSTER_186,Plant_0,pig_man,471.4,55.11270456218086
CLUSTER_188,Plant_0,pig_man,27.346000000000004,80.60949987235772
CLUSTER_19,Plant_0,horse_man,1890.0,60.58257343115832
CLUSTER_19,Plant_0,pig_man,322.3,60.58257343115832
CLUSTER_190,Plant_0,pig_man,1086.0,123.04880011232618
CLUSTER_194,Plant_0,pig_man,308.943,129.79318358380888
CLUSTER_195,Plant_0,horse_man,1276.5,51.14617895025157
CLUSTER_195,Plant_0,pig_man,34.13825,51.14617895025157
CLUSTER_197,Plant_0,horse_man,194.9,50.45938232231348
CLUSTER_199,Plant_0,pig_man,341.399,92.11910974917024
CLUSTER_2,Plant_0,pig_man,1666.5,91.0530006796376
CLUSTER_20,Plant_0,pig_man,3376.0,98.41339122902482
CLUSTER_202,Plant_0,pig_man,229.17,91.45136112920224
CLUSTER_205,Plant_0,pig_man,123.23616,133.56313678367155
CLUSTER_21,Plant_0,horse_man,1242.7,62.97847587592546
CLUSTER_211,Plant_0,pig_man,51.2,87.38383920042558
CLUSTER_212,Plant_0,horse_man,525.0,66.99718775125446
CLUSTER_212,Plant_0,pig_man,132.0,66.99718775125446
CLUSTER_217,Plant_0,pig_man,542.22,108.08813093758384
CLUSTER_219,Plant_0,pig_man,686.0,81.8658757904696
CLUSTER_22,Plant_0,pig_man,696.0,130.90662508258657
CLUSTER_220,Plant_0,pig_man,25.08,72.92686660506541
CLUSTER_221,Plant_0,pig_man,218.174,79.72524917793942
CLUSTER_222,Plant_0,pig_man,43.141,109.68023468343829
CLUSTER_223,Plant_0,horse_man,1582.6,61.66925954207756
CLUSTER_223,Plant_0,pig_man,439.438657,61.66925954207756
CLUSTER_225,Plant_0,pig_man,1314.9,110.93582053683816
CLUSTER_227,Plant_0,horse_man,79.97,71.44905751259303
CLUSTER_227,Plant_0,pig_man,882.0,71.44905751259303
CLUSTER_229,Plant_0,pig_man,38.028209,121.87677629752646
CLUSTER_230,Plant_0,cattle_man,11370.0,31.612466058858885
CLUSTER_230,Plant_0,horse_man,900.0,31.612466058858885
CLUSTER_230,Plant_0,pig_man,156.99,31.612466058858885
CLUSTER_231,Plant_0,horse_man,1176.0,51.56090042545957
CLUSTER_231,Plant_0,pig_man,10.6436,51.56090042545957
CLUSTER_232,Plant_0,pig_man,245.34999999999997,127.03989175529016
CLUSTER_233,Plant_0,pig_man,435.2,105.10910642392214
CLUSTER_234,Plant_0,horse_man,2507.0,58.25384598993631
CLUSTER_234,Plant_0,pig_man,472.3,58.25384598993631
CLUSTER_237,Plant_0,pig_man,687.516,110.5025458447488
CLUSTER_239,Plant_0,pig_man,931.74,105.51946000936849
CLUSTER_240,Plant_0,horse_man,172.5,46.25819238083162
CLUSTER_240,Plant_0,pig_man,24.931,46.25819238083162
CLUSTER_241,Plant_0,horse_man,968.1,65.32614610006304
CLUSTER_242,Plant_0,pig_man,257.9398,111.93262294012747
CLUSTER_245,Plant_0,pig_man,381.8,105.51736080215096
CLUSTER_248,Plant_0,pig_man,337.0,126.28189804124146
CLUSTER_249,Plant_0,horse_man,1754.0,43.89180035111569
CLUSTER_249,Plant_0,pig_man,509.2300000000001,43.89180035111569
CLUSTER_250,Plant_0,pig_man,54.334,96.3809803242242
CLUSTER_254,Plant_0,horse_man,1711.5,72.46456228974976
CLUSTER_255,Plant_0,pig_man,204.36,116.00627238362202
CLUSTER_257,Plant_0,pig_man,1704.41,81.95703371139366
CLUSTER_259,Plant_0,cattle_man,11538.0,30.524319727818984
CLUSTER_259,Plant_0,horse_man,817.6,30.524319727818984
CLUSTER_259,Plant_0,pig_man,260.08,30.524319727818984
CLUSTER_261,Plant_0,horse_man,1088.2,53.682359682569306
CLUSTER_261,Plant_0,pig_man,42.392,53.682359682569306
CLUSTER_262,Plant_0,horse_man,491.0,45.783604742549166
CLUSTER_262,Plant_0,pig_man,55.52,45.783604742549166
CLUSTER_263,Plant_0,pig_man,198.21,125.1752737572928
CLUSTER_265,Plant_0,pig_man,39.79,83.97074415777048
CLUSTER_266,Plant_0,pig_man,616.51,103.70398834751263
CLUSTER_267,Plant_0,horse_man,951.0,60.90915145841621
CLUSTER_267,Plant_0,pig_man,778.8,60.90915145841621
CLUSTER_269,Plant_0,horse_man,2387.8,72.34603402518468
CLUSTER_269,Plant_0,pig_man,389.745,72.34603402518468
CLUSTER_270,Plant_0,pig_man,61.2952,78.31187177793096
CLUSTER_274,Plant_0,pig_man,587.9,73.6460932949345
CLUSTER_278,Plant_0,pig_man,334.991,132.13096244646766
CLUSTER_279,Plant_0,pig_man,723.8400164000001,126.51593521186352
CLUSTER_280,Plant_0,cattle_man,7664.0,28.10529572525899
CLUSTER_280,Plant_0,horse_man,1101.277,28.10529572525899
CLUSTER_280,Plant_0,pig_man,171.3,28.10529572525899
CLUSTER_282,Plant_0,pig_man,277.076,101.70959465504728
CLUSTER_284,Plant_0,horse_man,195.4,62.0820053475648
CLUSTER_284,Plant_0,pig_man,447.9,62.0820053475648
CLUSTER_286,Plant_0,pig_man,407.6,104.01891668095377
CLUSTER_288,Plant_0,pig_man,786.0,117.13746525388798
CLUSTER_289,Plant_0,pig_man,222.68,120.80092286429227
CLUSTER_290,Plant_0,cattle_man,4269.0,39.85947437597891
CLUSTER_290,Plant_0,horse_man,887.0,39.85947437597891
CLUSTER_290,Plant_0,pig_man,122.18799999999999,39.85947437597891
CLUSTER_291,Plant_0,pig_man,7740.0,134.0312140479396
CLUSTER_292,Plant_0,pig_man,2862.0,122.5986399473642
CLUSTER_293,Plant_0,pig_man,338.2269,121.24606657792825
CLUSTER_294,Plant_0,pig_man,937.6,113.5387020188935
CLUSTER_295,Plant_0,cattle_man,1036.53,39.9933429020321
CLUSTER_295,Plant_0,horse_man,46.7,39.9933429020321
CLUSTER_299,Plant_0,horse_man,817.8,66.08865023719414
CLUSTER_299,Plant_0,pig_man,111.861,66.08865023719414
CLUSTER_30,Plant_0,pig_man,2280.0,132.26946951599638
CLUSTER_300,Plant_0,pig_man,581.8449999999999,134.025210817254
CLUSTER_301,Plant_0,horse_man,760.0,45.44870821719725
CLUSTER_301,Plant_0,pig_man,225.23,45.44870821719725
CLUSTER_302,Plant_0,pig_man,141.874306,127.57085376434748
CLUSTER_303,Plant_0,pig_man,1707.0,129.68065009786943
CLUSTER_306,Plant_0,pig_man,479.4,100.07643451914257
CLUSTER_309,Plant_0,pig_man,216.09,87.09994457862574
CLUSTER_31,Plant_0,cattle_man,11270.176,21.27927428359998
CLUSTER_31,Plant_0,horse_man,3786.0,21.27927428359998
CLUSTER_31,Plant_0,pig_man,390.4,21.27927428359998
CLUSTER_311,Plant_0,horse_man,1250.5,47.01440273257802
CLUSTER_314,Plant_0,pig_man,452.226,124.38913334283689
CLUSTER_32,Plant_0,cattle_man,20691.0,39.31452115373015
CLUSTER_32,Plant_0,horse_man,1842.9,39.31452115373015
CLUSTER_32,Plant_0,pig_man,176.1042,39.31452115373015
CLUSTER_321,Plant_0,horse_man,1668.0,42.64197220146799
CLUSTER_321,Plant_0,pig_man,53.32708,42.64197220146799
CLUSTER_322,Plant_0,horse_man,1355.0,55.48142870403878
CLUSTER_322,Plant_0,pig_man,57.48,55.48142870403878
CLUSTER_323,Plant_0,pig_man,275.81,133.24161379267002
CLUSTER_326,Plant_0,pig_man,707.3,130.62318988358936
CLUSTER_33,Plant_0,horse_man,1803.0,67.5595034462671
CLUSTER_330,Plant_0,pig_man,378.71,109.88539706256684
CLUSTER_331,Plant_0,pig_man,621.0,100.1789567465132
CLUSTER_333,Plant_0,cattle_man,11300.0,17.58831881687555
CLUSTER_333,Plant_0,horse_man,712.5,17.58831881687555
CLUSTER_333,Plant_0,pig_man,364.2,17.58831881687555
CLUSTER_335,Plant_0,pig_man,497.042,85.75411947423231
CLUSTER_338,Plant_0,pig_man,496.0,118.32048024639214
CLUSTER_339,Plant_0,pig_man,586.97,125.71666055577508
CLUSTER_34,Plant_0,pig_man,547.047,98.3513119107024
CLUSTER_340,Plant_0,pig_man,150.7,82.19897216134642
CLUSTER_343,Plant_0,cattle_man,10540.0,21.392081457750727
CLUSTER_343,Plant_0,horse_man,329.269,21.392081457750727
CLUSTER_343,Plant_0,pig_man,296.7,21.392081457750727
CLUSTER_344,Plant_0,pig_man,347.5,108.97994647102855
CLUSTER_345,Plant_0,pig_man,131.752025,122.61954584538825
CLUSTER_346,Plant_0,horse_man,804.6,68.75378999557341
CLUSTER_347,Plant_0,pig_man,55.193,101.3888798963307
CLUSTER_348,Plant_0,pig_man,264.2,130.7803856334469
CLUSTER_349,Plant_0,pig_man,105.746,97.13765020348258
CLUSTER_35,Plant_0,pig_man,754.8290000000001,76.48274530032062
CLUSTER_351,Plant_0,pig_man,456.3,73.51729967770608
CLUSTER_353,Plant_0,pig_man,473.0,116.87643394632325
CLUSTER_354,Plant_0,pig_man,883.52,87.0986050589746
CLUSTER_355,Plant_0,pig_man,1341.0,84.64996958672305
CLUSTER_357,Plant_0,horse_man,1403.7,52.27414038064896
CLUSTER_357,Plant_0,pig_man,843.3,52.27414038064896
CLUSTER_358,Plant_0,pig_man,505.06,90.2699717627192
CLUSTER_359,Plant_0,pig_man,13.947,123.64134419475582
CLUSTER_36,Plant_0,pig_man,1634.0,128.50855582018792
CLUSTER_367,Plant_0,pig_man,1184.2,130.08384735473297
CLUSTER_37,Plant_0,pig_man,3353.8,100.6548280047936
CLUSTER_370,Plant_0,horse_man,1921.0,47.87132112093098
CLUSTER_370,Plant_0,pig_man,15.373134,47.87132112093098
CLUSTER_371,Plant_0,pig_man,228.32,105.65281737988091
CLUSTER_372,Plant_0,cattle_man,9440.0,15.877813507818091
CLUSTER_372,Plant_0,horse_man,1283.0,15.877813507818091
CLUSTER_372,Plant_0,pig_man,127.52,15.877813507818091
CLUSTER_380,Plant_0,pig_man,506.99999999999994,92.66417836130904
CLUSTER_381,Plant_0,pig_man,167.133571,95.96072086015754
CLUSTER_382,Plant_0,pig_man,429.0,93.72626935520364
CLUSTER_384,Plant_0,horse_man,619.0,63.64435404039796
CLUSTER_384,Plant_0,pig_man,123.71,63.64435404039796
CLUSTER_385,Plant_0,cattle_man,5530.0,7.310414404393848
CLUSTER_385,Plant_0,cattle_slu,21690.0,7.310414404393848
CLUSTER_385,Plant_0,horse_man,616.3,7.310414404393848
CLUSTER_385,Plant_0,pig_man,407.79,7.310414404393848
CLUSTER_387,Plant_0,cattle_man,7795.0,31.30526471719585
CLUSTER_387,Plant_0,horse_man,1714.3,31.30526471719585
CLUSTER_387,Plant_0,pig_man,180.0399,31.30526471719585
CLUSTER_390,Plant_0,pig_man,1056.886,122.03539698251512
CLUSTER_392,Plant_0,horse_man,513.0,44.76189340971456
CLUSTER_392,Plant_0,pig_man,46.5,44.76189340971456
CLUSTER_394,Plant_0,horse_man,571.3,70.39501400799438
CLUSTER_394,Plant_0,pig_man,434.7,70.39501400799438
CLUSTER_395,Plant_0,pig_man,29.4111,110.4369051100144
CLUSTER_397,Plant_0,cattle_man,5686.0,29.03559810617336
CLUSTER_397,Plant_0,horse_man,797.2,29.03559810617336
CLUSTER_397,Plant_0,pig_man,80.291,29.03559810617336
CLUSTER_398,Plant_0,pig_man,169.0001898,130.7347667220851
CLUSTER_399,Plant_0,horse_man,218.1,53.36483774760319
CLUSTER_399,Plant_0,pig_man,646.33,53.36483774760319
CLUSTER_40,Plant_0,horse_man,2457.6,61.48663427431987
CLUSTER_40,Plant_0,pig_man,213.46,61.48663427431987
CLUSTER_400,Plant_0,pig_man,2588.0,76.13039384341961
CLUSTER_401,Plant_0,pig_man,189.6729,117.76793543241816
CLUSTER_403,Plant_0,pig_man,782.0,111.9567300414538
CLUSTER_404,Plant_0,pig_man,75.63,87.83584268751167
CLUSTER_405,Plant_0,pig_man,1316.0,132.19352072412306
CLUSTER_406,Plant_0,horse_man,1539.0,63.367460875974
CLUSTER_406,Plant_0,pig_man,52.746,63.367460875974
CLUSTER_408,Plant_0,cattle_man,7585.8,29.639528629436704
CLUSTER_408,Plant_0,horse_man,3122.0,29.639528629436704
CLUSTER_408,Plant_0,pig_man,511.6000000000001,29.639528629436704
CLUSTER_409,Plant_0,cattle_man,12230.0,19.14095819599221
CLUSTER_409,Plant_0,horse_man,858.0,19.14095819599221
CLUSTER_409,Plant_0,pig_man,568.9,19.14095819599221
CLUSTER_41,Plant_0,pig_man,16.8586,92.16812515154594
CLUSTER_413,Plant_0,horse_man,36.0,51.185372478246144
CLUSTER_413,Plant_0,pig_man,1220.808,51.185372478246144
CLUSTER_414,Plant_0,horse_man,1048.1,56.783352826812646
CLUSTER_414,Plant_0,pig_man,218.538,56.783352826812646
CLUSTER_418,Plant_0,pig_man,116.425,120.6584402092337
CLUSTER_419,Plant_0,pig_man,62.91951999999999,92.6599457015377
CLUSTER_420,Plant_0,pig_man,412.5,120.22451370124818
CLUSTER_423,Plant_0,pig_man,669.519,111.88365542905832
CLUSTER_425,Plant_0,pig_man,14.561,82.3724912376206
CLUSTER_429,Plant_0,cattle_man,6420.0,38.035769518318645
CLUSTER_429,Plant_0,horse_man,723.0,38.035769518318645
CLUSTER_43,Plant_0,pig_man,36.5,132.20451395674232
CLUSTER_431,Plant_0,pig_man,238.34,98.3533350458471
CLUSTER_433,Plant_0,pig_man,179.118,117.95723585499564
CLUSTER_435,Plant_0,horse_man,1508.0,68.16007552720495
CLUSTER_435,Plant_0,pig_man,46.49,68.16007552720495
CLUSTER_436,Plant_0,pig_man,326.0,126.34746109088628
CLUSTER_437,Plant_0,horse_man,938.0,70.66445775142898
CLUSTER_437,Plant_0,pig_man,50.0,70.66445775142898
CLUSTER_438,Plant_0,horse_man,832.8,41.6447283908398
CLUSTER_438,Plant_0,pig_man,223.18,41.6447283908398
CLUSTER_439,Plant_0,cattle_man,12440.0,13.508260646556272
CLUSTER_439,Plant_0,horse_man,163.7,13.508260646556272
CLUSTER_439,Plant_0,pig_man,625.9,13.508260646556272
CLUSTER_441,Plant_0,pig_man,1272.0,90.07714625364912
CLUSTER_444,Plant_0,pig_man,84.611,88.8979783099273
CLUSTER_447,Plant_0,pig_man,67.14,111.65024859184769
CLUSTER_45,Plant_0,cattle_man,15750.0,33.241001929567126
CLUSTER_45,Plant_0,horse_man,1188.0,33.241001929567126
CLUSTER_45,Plant_0,pig_man,55.502,33.241001929567126
CLUSTER_450,Plant_0,pig_man,315.5,118.89883753949348
CLUSTER_451,Plant_0,horse_man,523.0,48.12473563603833
CLUSTER_451,Plant_0,pig_man,528.0,48.12473563603833
CLUSTER_452,Plant_0,pig_man,550.0,128.3142558647258
CLUSTER_453,Plant_0,horse_man,209.4,53.377578580855584
CLUSTER_453,Plant_0,pig_man,269.0,53.377578580855584
CLUSTER_454,Plant_0,pig_man,279.8,108.1458240793514
CLUSTER_455,Plant_0,pig_man,203.7489436518547,134.3896575528705
CLUSTER_456,Plant_0,pig_man,30.472,86.92808895895995
CLUSTER_459,Plant_0,pig_man,243.8,119.41216788091444
CLUSTER_46,Plant_0,pig_man,83.87871,116.7198073819069
CLUSTER_461,Plant_0,pig_man,138.37,97.40565424644524
CLUSTER_464,Plant_0,pig_man,54.032,103.96590018974966
CLUSTER_465,Plant_0,pig_man,518.0,116.66326973311416
CLUSTER_466,Plant_0,pig_man,43.27128999999999,126.11100350722457
CLUSTER_469,Plant_0,pig_man,324.0,90.45087758012548
CLUSTER_470,Plant_0,horse_man,1289.0,58.01210171835981
CLUSTER_470,Plant_0,pig_man,190.5,58.01210171835981
CLUSTER_472,Plant_0,cattle_man,24810.0,27.98947227546038
CLUSTER_472,Plant_0,horse_man,709.0,27.98947227546038
CLUSTER_472,Plant_0,pig_man,22.5159,27.98947227546038
CLUSTER_473,Plant_0,pig_man,510.99999999999994,107.10872547455904
CLUSTER_475,Plant_0,pig_man,250.66,77.94566520825433
CLUSTER_477,Plant_0,cattle_man,6130.0,33.86447494093737
CLUSTER_477,Plant_0,horse_man,908.0,33.86447494093737
CLUSTER_478,Plant_0,pig_man,35.400000000000006,106.00794315304482
CLUSTER_48,Plant_0,horse_man,1045.96,66.65707888323035
CLUSTER_48,Plant_0,pig_man,1701.4,66.65707888323035
CLUSTER_481,Plant_0,horse_man,1085.0,60.256426593603535
CLUSTER_481,Plant_0,pig_man,527.3,60.256426593603535
CLUSTER_484,Plant_0,cattle_man,10650.0,34.896734287953024
CLUSTER_484,Plant_0,horse_man,420.9,34.896734287953024
CLUSTER_484,Plant_0,pig_man,64.9729,34.896734287953024
CLUSTER_488,Plant_0,pig_man,1185.8,81.9371222952952
CLUSTER_490,Plant_0,pig_man,105.9,98.3001716531691
CLUSTER_495,Plant_0,pig_man,180.446,116.08285460727086
CLUSTER_496,Plant_0,pig_man,687.3,115.45427506680372
CLUSTER_499,Plant_0,pig_man,128.13,132.2269852070145
CLUSTER_50,Plant_0,cattle_man,17080.0,7.056251906945724
CLUSTER_50,Plant_0,cattle_slu,83500.0,7.056251906945724
CLUSTER_50,Plant_0,horse_man,1154.13,7.056251906945724
CLUSTER_50,Plant_0,pig_man,604.7121,7.056251906945724
CLUSTER_501,Plant_0,horse_man,474.5,67.30740777147346
CLUSTER_501,Plant_0,pig_man,1378.0,67.30740777147346
CLUSTER_503,Plant_0,cattle_man,1023.7099999999999,34.86585940219994
CLUSTER_503,Plant_0,horse_man,847.1,34.86585940219994
CLUSTER_504,Plant_0,pig_man,442.0,75.51482647355166
CLUSTER_505,Plant_0,cattle_man,10770.0,28.779726169575888
CLUSTER_505,Plant_0,horse_man,942.0,28.779726169575888
CLUSTER_509,Plant_0,cattle_man,10453.0,38.43800071790578
CLUSTER_509,Plant_0,horse_man,798.0,38.43800071790578
CLUSTER_509,Plant_0,pig_man,70.445,38.43800071790578
CLUSTER_512,Plant_0,cattle_man,5080.0,39.28800834312959
CLUSTER_512,Plant_0,horse_man,541.0,39.28800834312959
CLUSTER_512,Plant_0,pig_man,391.0,39.28800834312959
CLUSTER_513,Plant_0,pig_man,657.0,98.28578355233468
CLUSTER_514,Plant_0,pig_man,13.03,107.97753322739528
CLUSTER_516,Plant_0,pig_man,123.100375,128.15399652457
CLUSTER_518,Plant_0,pig_man,245.9,99.58955696693543
CLUSTER_52,Plant_0,horse_man,1083.1,71.44646027925546
CLUSTER_52,Plant_0,pig_man,917.46,71.44646027925546
CLUSTER_522,Plant_0,pig_man,183.7,95.04556030175708
CLUSTER_524,Plant_0,pig_man,18.178,87.27135158794563
CLUSTER_529,Plant_0,cattle_man,7480.0,39.70437152053922
CLUSTER_529,Plant_0,horse_man,807.0,39.70437152053922
CLUSTER_529,Plant_0,pig_man,18.6,39.70437152053922
CLUSTER_532,Plant_0,pig_man,411.16,119.88581307009002
CLUSTER_535,Plant_0,pig_man,303.3,130.51228763573985
CLUSTER_536,Plant_0,horse_man,483.9,47.88498827377884
CLUSTER_536,Plant_0,pig_man,168.6,47.88498827377884
CLUSTER_537,Plant_0,pig_man,2429.0,131.2543429684223
CLUSTER_542,Plant_0,cattle_man,20360.0,13.12546828641489
CLUSTER_542,Plant_0,horse_man,1452.1,13.12546828641489
CLUSTER_542,Plant_0,pig_man,564.19,13.12546828641489
CLUSTER_544,Plant_0,pig_man,15.550000000000002,110.73096752200172
CLUSTER_545,Plant_0,pig_man,227.1,87.82539686605345
CLUSTER_55,Plant_0,horse_man,3076.3,72.04092284351147
CLUSTER_55,Plant_0,pig_man,46.48,72.04092284351147
CLUSTER_59,Plant_0,cattle_man,5668.0,28.58679063001636
CLUSTER_59,Plant_0,horse_man,456.477,28.58679063001636
CLUSTER_59,Plant_0,pig_man,56.019,28.58679063001636
CLUSTER_6,Plant_0,pig_man,1816.7,133.64673582423865
CLUSTER_61,Plant_0,pig_man,392.8,114.92145189178127
CLUSTER_64,Plant_0,pig_man,1190.4,121.03679057568765
CLUSTER_66,Plant_0,pig_man,180.310571,127.47255840000454
CLUSTER_68,Plant_0,pig_man,1241.4,91.77639255952673
CLUSTER_69,Plant_0,pig_man,1247.43,121.390940481249
CLUSTER_7,Plant_0,cattle_man,6818.0,24.807584993973062
CLUSTER_7,Plant_0,horse_man,843.8,24.807584993973062
CLUSTER_7,Plant_0,pig_man,353.272,24.807584993973062
CLUSTER_70,Plant_0,pig_man,751.0,101.94076956229844
CLUSTER_71,Plant_0,pig_man,226.348,100.5366227828664
CLUSTER_72,Plant_0,horse_man,4938.0,59.49322390291247
CLUSTER_72,Plant_0,pig_man,949.3,59.49322390291247
CLUSTER_73,Plant_0,pig_man,3455.0,78.85180423014377
CLUSTER_76,Plant_0,pig_man,125.42999999999999,87.74994207403505
CLUSTER_77,Plant_0,horse_man,1160.0,41.324493253384496
CLUSTER_77,Plant_0,pig_man,82.7,41.324493253384496
CLUSTER_78,Plant_0,pig_man,141.0,97.0045786402988
CLUSTER_79,Plant_0,pig_man,1322.00245,114.33150454059236
CLUSTER_82,Plant_0,pig_man,554.226263,118.26490492917308
CLUSTER_88,Plant_0,pig_man,46.485800000000005,100.76329577035035
CLUSTER_89,Plant_0,cattle_man,6220.0,38.12676312185547
CLUSTER_89,Plant_0,horse_man,1274.4,38.12676312185547
CLUSTER_89,Plant_0,pig_man,499.7749999999999,38.12676312185547
CLUSTER_9,Plant_0,pig_man,1813.0,132.60538070333035
CLUSTER_91,Plant_0,horse_man,619.6,54.24351891532021
CLUSTER_91,Plant_0,pig_man,218.0,54.24351891532021
CLUSTER_92,Plant_0,pig_man,122.73699999999998,121.62628725252476
CLUSTER_96,Plant_0,pig_man,107.14,85.71135832359067
CLUSTER_98,Plant_0,pig_man,181.343,99.6075564518592
CLUSTER_99,Plant_0,cattle_man,18960.0,26.17086259743293
CLUSTER_99,Plant_0,horse_man,170.398,26.17086259743293
CLUSTER_99,Plant_0,pig_man,173.7,26.17086259743293
CLUSTER_100,Plant_1,pig_man,69.61,94.69201742342544
CLUSTER_101,Plant_1,pig_man,311.45,118.00361624905229
CLUSTER_105,Plant_1,cattle_man,16042.0,1.2073722204572015
CLUSTER_105,Plant_1,cattle_slu,80198.8,1.2073722204572015
CLUSTER_105,Plant_1,horse_man,2293.0,1.2073722204572015
CLUSTER_106,Plant_1,horse_man,1081.1,46.863818298351696
CLUSTER_106,Plant_1,pig_man,245.613,46.863818298351696
CLUSTER_107,Plant_1,pig_man,993.2,71.42744091423164
CLUSTER_111,Plant_1,cattle_man,13173.0,34.8099770458154
CLUSTER_111,Plant_1,horse_man,2114.0,34.8099770458154
CLUSTER_111,Plant_1,pig_man,262.226,34.8099770458154
CLUSTER_116,Plant_1,pig_man,144.5,113.43882958211466
CLUSTER_117,Plant_1,pig_man,153.071,71.67733792879392
CLUSTER_118,Plant_1,horse_man,710.0,39.455084200438776
CLUSTER_122,Plant_1,pig_man,40.78257,84.96509917777713
CLUSTER_123,Plant_1,pig_man,92.5800179,68.75421344646875
CLUSTER_127,Plant_1,cattle_man,15806.0,27.643226895463084
CLUSTER_127,Plant_1,horse_man,2828.1,27.643226895463084
CLUSTER_128,Plant_1,pig_man,539.0,81.52065427727915
CLUSTER_129,Plant_1,pig_man,245.9917,99.1060967578455
CLUSTER_13,Plant_1,cattle_man,22490.0,16.14952545556032
CLUSTER_13,Plant_1,horse_man,4880.0,16.14952545556032
CLUSTER_13,Plant_1,pig_man,152.17000000000002,16.14952545556032
CLUSTER_132,Plant_1,pig_man,943.9,83.64044317133316
CLUSTER_136,Plant_1,cattle_man,22230.0,22.289592034253943
CLUSTER_136,Plant_1,horse_man,3775.0,22.289592034253943
CLUSTER_137,Plant_1,horse_man,2768.0,47.11688995425562
CLUSTER_137,Plant_1,pig_man,11.12,47.11688995425562
CLUSTER_138,Plant_1,pig_man,1203.8,77.87776398576035
CLUSTER_14,Plant_1,pig_man,256.805,73.99668500848196
CLUSTER_142,Plant_1,pig_man,67.2671,104.6338354603936
CLUSTER_144,Plant_1,pig_man,1094.5,86.0247887116104
CLUSTER_145,Plant_1,pig_man,104.2,113.2529353964444
CLUSTER_149,Plant_1,pig_man,19.0894,115.29013255321198
CLUSTER_151,Plant_1,pig_man,33.274,73.83844445223167
CLUSTER_152,Plant_1,pig_man,174.14849999999998,72.81191976966787
CLUSTER_157,Plant_1,cattle_man,22880.0,27.763520037410945
CLUSTER_157,Plant_1,horse_man,3454.0,27.763520037410945
CLUSTER_162,Plant_1,pig_man,126.94,117.76943727490792
CLUSTER_165,Plant_1,pig_man,1019.9,123.59868698415502
CLUSTER_166,Plant_1,horse_man,763.7,62.6490536608908
CLUSTER_166,Plant_1,pig_man,110.044731,62.6490536608908
CLUSTER_174,Plant_1,cattle_man,17810.0,26.06526148418517
CLUSTER_174,Plant_1,horse_man,1427.5,26.06526148418517
CLUSTER_176,Plant_1,pig_man,232.96,108.85897512976284
CLUSTER_178,Plant_1,cattle_man,16790.0,29.229017202057616
CLUSTER_178,Plant_1,horse_man,5256.0,29.229017202057616
CLUSTER_182,Plant_1,pig_man,1527.0,78.32814264651572
CLUSTER_187,Plant_1,horse_man,2955.0,47.96396907744219
CLUSTER_187,Plant_1,pig_man,939.3,47.96396907744219
CLUSTER_191,Plant_1,horse_man,1592.0,48.26203135254636
CLUSTER_201,Plant_1,cattle_man,7892.0,37.02323688708511
CLUSTER_201,Plant_1,horse_man,2174.1,37.02323688708511
CLUSTER_203,Plant_1,pig_man,696.08362,123.5976306817394
CLUSTER_204,Plant_1,horse_man,2958.0,38.35283894483407
CLUSTER_204,Plant_1,pig_man,37.494,38.35283894483407
CLUSTER_206,Plant_1,horse_man,726.8,53.83431676174942
CLUSTER_206,Plant_1,pig_man,146.60494999999997,53.83431676174942
CLUSTER_207,Plant_1,cattle_man,25080.0,22.24971867658879
CLUSTER_207,Plant_1,horse_man,1783.0,22.24971867658879
CLUSTER_209,Plant_1,cattle_man,13940.0,21.92588514229361
CLUSTER_209,Plant_1,horse_man,1265.6,21.92588514229361
CLUSTER_210,Plant_1,horse_man,779.0,37.590787940697936
CLUSTER_210,Plant_1,pig_man,122.09999999999998,37.590787940697936
CLUSTER_22,Plant_1,pig_man,696.0,112.78159558785272
CLUSTER_224,Plant_1,horse_man,1438.0,57.47555636476197
CLUSTER_226,Plant_1,horse_man,2471.6,49.60226561989128
CLUSTER_229,Plant_1,pig_man,38.028209,99.39103408955908
CLUSTER_235,Plant_1,pig_man,439.78,75.12376246704775
CLUSTER_239,Plant_1,pig_man,931.74,96.83953103862584
CLUSTER_243,Plant_1,cattle_man,19320.0,15.300273058435106
CLUSTER_243,Plant_1,horse_man,2781.0,15.300273058435106
CLUSTER_248,Plant_1,pig_man,337.0,120.86053116343682
CLUSTER_252,Plant_1,cattle_man,23950.0,33.65448629228488
CLUSTER_252,Plant_1,horse_man,2046.0,33.65448629228488
CLUSTER_253,Plant_1,pig_man,379.28,83.32094321292949
CLUSTER_256,Plant_1,horse_man,2930.0,52.27088465851004
CLUSTER_256,Plant_1,pig_man,14.8359,52.27088465851004
CLUSTER_257,Plant_1,pig_man,1704.41,124.95407199838353
CLUSTER_263,Plant_1,pig_man,198.21,76.58889868128415
CLUSTER_264,Plant_1,horse_man,387.684,41.8381439600695
CLUSTER_264,Plant_1,pig_man,100.19925,41.8381439600695
CLUSTER_27,Plant_1,horse_man,4194.0,37.50631454467659
CLUSTER_279,Plant_1,pig_man,723.8400164000001,99.30538551260918
CLUSTER_28,Plant_1,horse_man,2761.9,39.11469094091162
CLUSTER_281,Plant_1,horse_man,1024.5,65.84399677529252
CLUSTER_287,Plant_1,horse_man,1571.0,48.47567477336217
CLUSTER_288,Plant_1,pig_man,786.0,103.90247096427268
CLUSTER_297,Plant_1,horse_man,3459.0,45.70145830807096
CLUSTER_297,Plant_1,pig_man,153.126,45.70145830807096
CLUSTER_3,Plant_1,horse_man,5877.0,39.02416567674808
CLUSTER_3,Plant_1,pig_man,16.916,39.02416567674808
CLUSTER_300,Plant_1,pig_man,581.8449999999999,88.02156263348104
CLUSTER_303,Plant_1,pig_man,1707.0,111.09924185644732
CLUSTER_304,Plant_1,horse_man,706.6,40.57144773173232
CLUSTER_305,Plant_1,pig_man,388.58,80.33772364877461
CLUSTER_306,Plant_1,pig_man,479.4,105.70619719112592
CLUSTER_312,Plant_1,horse_man,1544.0,56.26838637830282
CLUSTER_313,Plant_1,cattle_man,20560.0,19.17757914136222
CLUSTER_313,Plant_1,horse_man,2810.0,19.17757914136222
CLUSTER_313,Plant_1,pig_man,14.107,19.17757914136222
CLUSTER_315,Plant_1,horse_man,1179.8,54.88960621724279
CLUSTER_315,Plant_1,pig_man,304.38530000000003,54.88960621724279
CLUSTER_316,Plant_1,pig_man,1285.8,86.89611359622141
CLUSTER_323,Plant_1,pig_man,275.81,100.83031592694728
CLUSTER_324,Plant_1,horse_man,736.19,61.628982700856255
CLUSTER_324,Plant_1,pig_man,258.47,61.628982700856255
CLUSTER_329,Plant_1,horse_man,1337.0,62.8510099958922
CLUSTER_337,Plant_1,horse_man,1000.0599999999998,50.18830878523013
CLUSTER_338,Plant_1,pig_man,496.0,84.0543969506173
CLUSTER_339,Plant_1,pig_man,586.97,88.9764576500042
CLUSTER_34,Plant_1,pig_man,547.047,102.9123198922078
CLUSTER_340,Plant_1,pig_man,150.7,119.51839874181584
CLUSTER_341,Plant_1,pig_man,160.94299999999998,73.53011531859906
CLUSTER_342,Plant_1,horse_man,2247.0,50.94695810183924
CLUSTER_342,Plant_1,pig_man,109.9,50.94695810183924
CLUSTER_344,Plant_1,pig_man,347.5,95.67689868684332
CLUSTER_345,Plant_1,pig_man,131.752025,83.39730358141566
CLUSTER_349,Plant_1,pig_man,105.746,111.46073990185484
CLUSTER_352,Plant_1,horse_man,3832.0,46.58045704732176
CLUSTER_352,Plant_1,pig_man,32.1,46.58045704732176
CLUSTER_353,Plant_1,pig_man,473.0,91.4907459172652
CLUSTER_360,Plant_1,cattle_man,8890.0,22.27344057787612
CLUSTER_360,Plant_1,horse_man,2360.0,22.27344057787612
CLUSTER_362,Plant_1,cattle_man,13100.0,10.658867349875228
CLUSTER_362,Plant_1,horse_man,2769.0,10.658867349875228
CLUSTER_363,Plant_1,pig_man,154.91,82.89094348824086
CLUSTER_365,Plant_1,horse_man,1341.0,61.15618826764026
CLUSTER_366,Plant_1,horse_man,199.48,56.9913887998569
CLUSTER_368,Plant_1,horse_man,1001.7000000000002,59.97571628160485
CLUSTER_368,Plant_1,pig_man,61.345000000000006,59.97571628160485
CLUSTER_369,Plant_1,horse_man,3562.3,46.59730763801079
CLUSTER_371,Plant_1,pig_man,228.32,113.31523440126554
CLUSTER_375,Plant_1,horse_man,280.5,51.08495484376535
CLUSTER_376,Plant_1,horse_man,494.96000000000004,47.06834066845746
CLUSTER_376,Plant_1,pig_man,263.4000241,47.06834066845746
CLUSTER_377,Plant_1,pig_man,294.4,110.60802546138224
CLUSTER_378,Plant_1,pig_man,297.007,118.94970342886032
CLUSTER_379,Plant_1,cattle_man,18540.0,26.6733418019738
CLUSTER_379,Plant_1,horse_man,612.5,26.6733418019738
CLUSTER_383,Plant_1,pig_man,350.7,67.76615858025664
CLUSTER_39,Plant_1,cattle_man,19310.0,22.16717764416581
CLUSTER_39,Plant_1,horse_man,1942.0,22.16717764416581
CLUSTER_391,Plant_1,cattle_man,11195.0,26.66693277081911
CLUSTER_391,Plant_1,horse_man,3066.0,26.66693277081911
CLUSTER_396,Plant_1,horse_man,4460.0,61.14274125284704
CLUSTER_407,Plant_1,horse_man,3348.0,61.27300777828648
CLUSTER_411,Plant_1,horse_man,1163.4,46.09428505817906
CLUSTER_411,Plant_1,pig_man,527.79,46.09428505817906
CLUSTER_412,Plant_1,cattle_man,16640.0,10.923480277990103
CLUSTER_412,Plant_1,horse_man,2158.0,10.923480277990103
CLUSTER_415,Plant_1,horse_man,3241.0,42.454629013207416
CLUSTER_42,Plant_1,pig_man,1804.5,98.9399067130987
CLUSTER_422,Plant_1,cattle_man,4670.0,31.768552588371573
CLUSTER_422,Plant_1,horse_man,1414.0,31.768552588371573
CLUSTER_423,Plant_1,pig_man,669.519,115.906078758739
CLUSTER_427,Plant_1,horse_man,3104.5,66.21661274118863
CLUSTER_427,Plant_1,pig_man,799.2,66.21661274118863
CLUSTER_428,Plant_1,cattle_man,6500.0,29.22920540972827
CLUSTER_428,Plant_1,horse_man,792.0,29.22920540972827
CLUSTER_428,Plant_1,pig_man,58.397,29.22920540972827
CLUSTER_43,Plant_1,pig_man,36.5,80.76159815147983
CLUSTER_431,Plant_1,pig_man,238.34,104.81139377459456
CLUSTER_432,Plant_1,horse_man,1122.3,38.31230772340065
CLUSTER_432,Plant_1,pig_man,80.1,38.31230772340065
CLUSTER_434,Plant_1,cattle_man,10390.0,30.06209977393327
CLUSTER_434,Plant_1,horse_man,816.4,30.06209977393327
CLUSTER_44,Plant_1,horse_man,1288.0,54.336670175400805
CLUSTER_441,Plant_1,pig_man,1272.0,119.0971265508252
CLUSTER_443,Plant_1,cattle_man,12880.0,24.38341084899848
CLUSTER_443,Plant_1,horse_man,1016.9999999999999,24.38341084899848
CLUSTER_446,Plant_1,horse_man,1600.0,41.96574327479552
CLUSTER_446,Plant_1,pig_man,216.2920123,41.96574327479552
CLUSTER_447,Plant_1,pig_man,67.14,92.76061791069624
CLUSTER_452,Plant_1,pig_man,550.0,101.35261040970842
CLUSTER_463,Plant_1,horse_man,384.3,63.19018177816417
CLUSTER_463,Plant_1,pig_man,180.00319,63.19018177816417
CLUSTER_464,Plant_1,pig_man,54.032,97.78229912858538
CLUSTER_466,Plant_1,pig_man,43.27128999999999,90.28912432217768
CLUSTER_469,Plant_1,pig_man,324.0,121.89652122587178
CLUSTER_478,Plant_1,pig_man,35.400000000000006,103.16430849847303
CLUSTER_479,Plant_1,horse_man,1092.0,57.04462898962314
CLUSTER_482,Plant_1,pig_man,28.99635,112.04679615325766
CLUSTER_485,Plant_1,horse_man,1447.0,61.45115961074883
CLUSTER_485,Plant_1,pig_man,19.72,61.45115961074883
CLUSTER_489,Plant_1,cattle_man,1068.0,36.16937530238518
CLUSTER_489,Plant_1,horse_man,367.5,36.16937530238518
CLUSTER_492,Plant_1,horse_man,472.0,62.82041055214321
CLUSTER_495,Plant_1,pig_man,180.446,86.07248030619219
CLUSTER_496,Plant_1,pig_man,687.3,98.99417659103992
CLUSTER_499,Plant_1,pig_man,128.13,69.1355624376611
CLUSTER_5,Plant_1,horse_man,895.0,53.27983113219867
CLUSTER_500,Plant_1,pig_man,32.309999999999995,72.17496463632197
CLUSTER_502,Plant_1,cattle_man,12710.0,16.566535083874243
CLUSTER_502,Plant_1,horse_man,2093.0,16.566535083874243
CLUSTER_507,Plant_1,horse_man,1199.4,38.68689307929222
CLUSTER_508,Plant_1,horse_man,3810.0,56.08246993554249
CLUSTER_51,Plant_1,cattle_man,9551.538436597395,37.489436679885216
CLUSTER_51,Plant_1,horse_man,2617.0,37.489436679885216
CLUSTER_511,Plant_1,horse_man,1308.3100000000002,47.69812897168697
CLUSTER_511,Plant_1,pig_man,317.6,47.69812897168697
CLUSTER_515,Plant_1,pig_man,1089.0,98.07141706838604
CLUSTER_521,Plant_1,horse_man,1448.0,42.03037653376845
CLUSTER_523,Plant_1,pig_man,56.7,95.1782883086726
CLUSTER_527,Plant_1,pig_man,48.0347,72.96904612928974
CLUSTER_53,Plant_1,cattle_man,6226.92,26.568058572006446
CLUSTER_53,Plant_1,horse_man,1543.0,26.568058572006446
CLUSTER_531,Plant_1,pig_man,133.0,88.36727291427692
CLUSTER_533,Plant_1,pig_man,70.10000000000001,88.06367662487523
CLUSTER_534,Plant_1,horse_man,1873.6,54.1476843042791
CLUSTER_534,Plant_1,pig_man,1003.0,54.1476843042791
CLUSTER_543,Plant_1,cattle_man,10570.0,33.62930181691601
CLUSTER_543,Plant_1,horse_man,158.9,33.62930181691601
CLUSTER_543,Plant_1,pig_man,36.089,33.62930181691601
CLUSTER_544,Plant_1,pig_man,15.550000000000002,104.10117464330348
CLUSTER_545,Plant_1,pig_man,227.1,116.1208412553461
CLUSTER_548,Plant_1,horse_man,2324.0,53.12193759673608
CLUSTER_6,Plant_1,pig_man,1816.7,122.11600249385434
CLUSTER_62,Plant_1,pig_man,33.995,91.7468193256108
CLUSTER_63,Plant_1,horse_man,6166.0,60.511905022930414
CLUSTER_63,Plant_1,pig_man,79.20406,60.511905022930414
CLUSTER_65,Plant_1,horse_man,2654.0,50.879942295424
CLUSTER_65,Plant_1,pig_man,165.989,50.879942295424
CLUSTER_69,Plant_1,pig_man,1247.43,117.3265883127
CLUSTER_71,Plant_1,pig_man,226.348,110.78160204281666
CLUSTER_74,Plant_1,cattle_man,27550.0,11.629189778503022
CLUSTER_74,Plant_1,horse_man,3010.0,11.629189778503022
CLUSTER_8,Plant_1,pig_man,13.2831,69.50105297239762
CLUSTER_81,Plant_1,pig_man,12.9891,106.32146968259572
CLUSTER_82,Plant_1,pig_man,554.226263,118.93475379063275
CLUSTER_83,Plant_1,horse_man,2092.0,64.5002334266607
CLUSTER_83,Plant_1,pig_man,44.2,64.5002334266607
CLUSTER_84,Plant_1,cattle_man,15427.9,27.23922572772253
CLUSTER_84,Plant_1,horse_man,4351.0,27.23922572772253
CLUSTER_86,Plant_1,cattle_man,15698.0,8.525006119700137
CLUSTER_86,Plant_1,cattle_slu,74300.0,8.525006119700137
CLUSTER_86,Plant_1,horse_man,1875.0,8.525006119700137
CLUSTER_9,Plant_1,pig_man,1813.0,89.81733144249411
CLUSTER_94,Plant_1,horse_man,907.3,64.2390080359975
CLUSTER_1,Plant_2,horse_man,642.4,33.83731136891351
CLUSTER_1,Plant_2,legume_str,279.7,33.83731136891351
CLUSTER_1,Plant_2,maize_str,371.5,33.83731136891351
CLUSTER_1,Plant_2,pig_man,381.6,33.83731136891351
CLUSTER_1,Plant_2,rape_str,1763.0,33.83731136891351
CLUSTER_101,Plant_2,horse_man,1895.41,49.254493816900286
CLUSTER_101,Plant_2,legume_str,210.4,49.254493816900286
CLUSTER_101,Plant_2,maize_str,163.78503,49.254493816900286
CLUSTER_101,Plant_2,pig_man,311.45,49.254493816900286
CLUSTER_101,Plant_2,rape_str,1060.3,49.254493816900286
CLUSTER_103,Plant_2,horse_man,678.2,34.09846682897246
CLUSTER_103,Plant_2,legume_str,84.58999999999999,34.09846682897246
CLUSTER_103,Plant_2,maize_str,65.200176,34.09846682897246
CLUSTER_103,Plant_2,pig_man,791.300184,34.09846682897246
CLUSTER_103,Plant_2,rape_str,208.4,34.09846682897246
CLUSTER_108,Plant_2,horse_man,2893.0,59.14785760265818
CLUSTER_108,Plant_2,legume_str,386.8,59.14785760265818
CLUSTER_108,Plant_2,pig_man,291.926,59.14785760265818
CLUSTER_11,Plant_2,horse_man,1455.0,54.62748404625408
CLUSTER_11,Plant_2,legume_str,180.37,54.62748404625408
CLUSTER_11,Plant_2,maize_str,190.9,54.62748404625408
CLUSTER_11,Plant_2,pig_man,23.6720704,54.62748404625408
CLUSTER_11,Plant_2,rape_str,672.41,54.62748404625408
CLUSTER_112,Plant_2,pig_man,508.8,102.57715697420474
CLUSTER_114,Plant_2,pig_man,77.82100000000001,88.76991273990704
CLUSTER_116,Plant_2,pig_man,144.5,93.93107813583975
CLUSTER_12,Plant_2,horse_man,2496.5,48.06071113094609
CLUSTER_12,Plant_2,legume_str,192.82,48.06071113094609
CLUSTER_12,Plant_2,maize_str,50.79,48.06071113094609
CLUSTER_12,Plant_2,pig_man,96.610847,48.06071113094609
CLUSTER_12,Plant_2,rape_str,261.194,48.06071113094609
CLUSTER_125,Plant_2,pig_man,536.0,75.60847842363667
CLUSTER_128,Plant_2,pig_man,539.0,103.57320270399369
CLUSTER_129,Plant_2,pig_man,245.9917,80.6849155561177
CLUSTER_132,Plant_2,pig_man,943.9,83.25337480658999
CLUSTER_134,Plant_2,pig_man,1021.56,84.34215364426761
CLUSTER_138,Plant_2,pig_man,1203.8,89.27948388171026
CLUSTER_139,Plant_2,pig_man,42.67,93.46883839149324
CLUSTER_14,Plant_2,pig_man,256.805,96.0425464078893
CLUSTER_140,Plant_2,pig_man,765.7,85.47888929703755
CLUSTER_141,Plant_2,beet_leaf,6053.0,12.18582700314476
CLUSTER_141,Plant_2,cattle_man,6618.0,12.18582700314476
CLUSTER_141,Plant_2,clover_alfalfa_grass,7525.0,12.18582700314476
CLUSTER_141,Plant_2,horse_man,2815.0,12.18582700314476
CLUSTER_141,Plant_2,legume_str,364.1,12.18582700314476
CLUSTER_141,Plant_2,maize_str,54.6,12.18582700314476
CLUSTER_141,Plant_2,pig_man,111.971,12.18582700314476
CLUSTER_141,Plant_2,rape_str,1518.4,12.18582700314476
CLUSTER_144,Plant_2,pig_man,1094.5,100.11400732428152
CLUSTER_145,Plant_2,horse_man,1174.0,57.61490027677796
CLUSTER_145,Plant_2,legume_str,263.2,57.61490027677796
CLUSTER_145,Plant_2,maize_str,1224.5,57.61490027677796
CLUSTER_145,Plant_2,pig_man,104.2,57.61490027677796
CLUSTER_145,Plant_2,rape_str,1224.0,57.61490027677796
CLUSTER_147,Plant_2,pig_man,23.898,66.7799821563593
CLUSTER_148,Plant_2,horse_man,500.77,40.31945208056154
CLUSTER_148,Plant_2,legume_str,71.2,40.31945208056154
CLUSTER_148,Plant_2,maize_str,21.2,40.31945208056154
CLUSTER_148,Plant_2,pig_man,361.14175,40.31945208056154
CLUSTER_148,Plant_2,rape_str,856.0,40.31945208056154
CLUSTER_15,Plant_2,horse_man,5057.0,44.52916641666892
CLUSTER_15,Plant_2,legume_str,224.491,44.52916641666892
CLUSTER_15,Plant_2,maize_str,45.96,44.52916641666892
CLUSTER_15,Plant_2,pig_man,68.319,44.52916641666892
CLUSTER_15,Plant_2,rape_str,787.2,44.52916641666892
CLUSTER_153,Plant_2,horse_man,1262.5,56.13586632563288
CLUSTER_153,Plant_2,legume_str,465.2,56.13586632563288
CLUSTER_153,Plant_2,maize_str,346.3,56.13586632563288
CLUSTER_153,Plant_2,pig_man,71.88691,56.13586632563288
CLUSTER_153,Plant_2,rape_str,2865.0,56.13586632563288
CLUSTER_154,Plant_2,pig_man,309.885,82.53768575938771
CLUSTER_16,Plant_2,pig_man,563.7029,77.18256628166115
CLUSTER_160,Plant_2,cattle_man,5620.0,27.379876946704737
CLUSTER_160,Plant_2,horse_man,2174.2,27.379876946704737
CLUSTER_160,Plant_2,legume_str,109.73,27.379876946704737
CLUSTER_160,Plant_2,maize_str,250.69999999999996,27.379876946704737
CLUSTER_160,Plant_2,pig_man,238.759,27.379876946704737
CLUSTER_160,Plant_2,rape_str,1197.5,27.379876946704737
CLUSTER_161,Plant_2,horse_man,429.62,44.06974685331927
CLUSTER_161,Plant_2,legume_str,357.73,44.06974685331927
CLUSTER_161,Plant_2,maize_str,217.1,44.06974685331927
CLUSTER_161,Plant_2,pig_man,1184.0,44.06974685331927
CLUSTER_161,Plant_2,rape_str,1567.0,44.06974685331927
CLUSTER_162,Plant_2,pig_man,126.94,69.46120382497706
CLUSTER_167,Plant_2,pig_man,722.3,84.79503755473858
CLUSTER_169,Plant_2,beet_leaf,697.2,18.84538994458241
CLUSTER_169,Plant_2,cattle_man,8425.7,18.84538994458241
CLUSTER_169,Plant_2,horse_man,1079.5,18.84538994458241
CLUSTER_169,Plant_2,legume_str,59.436,18.84538994458241
CLUSTER_169,Plant_2,maize_str,446.0,18.84538994458241
CLUSTER_169,Plant_2,pig_man,332.076,18.84538994458241
CLUSTER_169,Plant_2,rape_str,268.41,18.84538994458241
CLUSTER_171,Plant_2,cattle_man,11040.0,28.338397744420387
CLUSTER_171,Plant_2,horse_man,1981.0000000000002,28.338397744420387
CLUSTER_171,Plant_2,legume_str,188.6,28.338397744420387
CLUSTER_171,Plant_2,maize_str,987.0,28.338397744420387
CLUSTER_171,Plant_2,pig_man,887.0,28.338397744420387
CLUSTER_171,Plant_2,rape_str,1563.0,28.338397744420387
CLUSTER_176,Plant_2,horse_man,750.0,57.2602798245298
CLUSTER_176,Plant_2,legume_str,185.1,57.2602798245298
CLUSTER_176,Plant_2,maize_str,248.73000000000002,57.2602798245298
CLUSTER_176,Plant_2,pig_man,232.96,57.2602798245298
CLUSTER_176,Plant_2,rape_str,773.6,57.2602798245298
CLUSTER_181,Plant_2,horse_man,824.1,56.39608711282503
CLUSTER_181,Plant_2,legume_str,393.5,56.39608711282503
CLUSTER_181,Plant_2,maize_str,737.8,56.39608711282503
CLUSTER_181,Plant_2,pig_man,1482.4,56.39608711282503
CLUSTER_181,Plant_2,rape_str,425.5,56.39608711282503
CLUSTER_182,Plant_2,pig_man,1527.0,93.21969024208698
CLUSTER_183,Plant_2,horse_man,2503.0,37.40226159444355
CLUSTER_183,Plant_2,legume_str,266.3,37.40226159444355
CLUSTER_183,Plant_2,maize_str,210.88,37.40226159444355
CLUSTER_183,Plant_2,pig_man,458.82,37.40226159444355
CLUSTER_183,Plant_2,rape_str,1374.3,37.40226159444355
CLUSTER_186,Plant_2,pig_man,471.4,99.4831869214506
CLUSTER_188,Plant_2,cattle_man,6172.0,21.56702478088365
CLUSTER_188,Plant_2,horse_man,1732.0,21.56702478088365
CLUSTER_188,Plant_2,legume_str,67.118,21.56702478088365
CLUSTER_188,Plant_2,maize_str,198.76,21.56702478088365
CLUSTER_188,Plant_2,pig_man,27.346000000000004,21.56702478088365
CLUSTER_188,Plant_2,rape_str,21.25,21.56702478088365
CLUSTER_19,Plant_2,pig_man,322.3,75.79627175699765
CLUSTER_190,Plant_2,horse_man,1595.7,35.98879674938755
CLUSTER_190,Plant_2,legume_str,186.5,35.98879674938755
CLUSTER_190,Plant_2,maize_str,183.5,35.98879674938755
CLUSTER_190,Plant_2,pig_man,1086.0,35.98879674938755
CLUSTER_190,Plant_2,rape_str,642.0,35.98879674938755
CLUSTER_194,Plant_2,pig_man,308.943,76.79592898809247
CLUSTER_199,Plant_2,pig_man,341.399,78.8031007414919
CLUSTER_212,Plant_2,pig_man,132.0,75.25884852395275
CLUSTER_217,Plant_2,pig_man,542.22,79.83939470917426
CLUSTER_219,Plant_2,horse_man,452.0,46.066011194027936
CLUSTER_219,Plant_2,legume_str,276.0,46.066011194027936
CLUSTER_219,Plant_2,maize_str,434.5,46.066011194027936
CLUSTER_219,Plant_2,pig_man,686.0,46.066011194027936
CLUSTER_219,Plant_2,rape_str,2300.0,46.066011194027936
CLUSTER_220,Plant_2,pig_man,25.08,68.58900071206685
CLUSTER_221,Plant_2,pig_man,218.174,77.14480688506995
CLUSTER_222,Plant_2,pig_man,43.141,72.161339533495
CLUSTER_229,Plant_2,pig_man,38.028209,66.51765433028532
CLUSTER_230,Plant_2,pig_man,156.99,69.86177667132351
CLUSTER_232,Plant_2,cattle_man,9900.0,25.834565052808045
CLUSTER_232,Plant_2,horse_man,3168.0,25.834565052808045
CLUSTER_232,Plant_2,legume_str,118.5,25.834565052808045
CLUSTER_232,Plant_2,maize_str,332.4,25.834565052808045
CLUSTER_232,Plant_2,pig_man,245.34999999999997,25.834565052808045
CLUSTER_232,Plant_2,rape_str,928.0,25.834565052808045
CLUSTER_235,Plant_2,pig_man,439.78,90.51094400434388
CLUSTER_236,Plant_2,pig_man,144.7,103.90263149136038
CLUSTER_237,Plant_2,cattle_man,4862.0,28.933446631726586
CLUSTER_237,Plant_2,horse_man,478.63,28.933446631726586
CLUSTER_237,Plant_2,legume_str,29.248,28.933446631726586
CLUSTER_237,Plant_2,maize_str,150.0,28.933446631726586
CLUSTER_237,Plant_2,pig_man,687.516,28.933446631726586
CLUSTER_237,Plant_2,rape_str,431.0,28.933446631726586
CLUSTER_24,Plant_2,pig_man,438.94,81.86741425326524
CLUSTER_242,Plant_2,cattle_man,11300.0,23.83070040503254
CLUSTER_242,Plant_2,horse_man,850.0,23.83070040503254
CLUSTER_242,Plant_2,legume_str,233.5,23.83070040503254
CLUSTER_242,Plant_2,maize_str,82.1,23.83070040503254
CLUSTER_242,Plant_2,pig_man,257.9398,23.83070040503254
CLUSTER_242,Plant_2,rape_str,1229.6,23.83070040503254
CLUSTER_246,Plant_2,pig_man,400.322,78.91014653166391
CLUSTER_247,Plant_2,pig_man,228.0,96.50294980229026
CLUSTER_248,Plant_2,horse_man,258.4,47.39891073044607
CLUSTER_248,Plant_2,legume_str,201.2,47.39891073044607
CLUSTER_248,Plant_2,maize_str,301.88279,47.39891073044607
CLUSTER_248,Plant_2,pig_man,337.0,47.39891073044607
CLUSTER_248,Plant_2,rape_str,349.9,47.39891073044607
CLUSTER_251,Plant_2,pig_man,335.71000000000004,93.18741179042036
CLUSTER_255,Plant_2,pig_man,204.36,98.98039879784706
CLUSTER_259,Plant_2,pig_man,260.08,74.31017489264336
CLUSTER_261,Plant_2,pig_man,42.392,101.75724621875668
CLUSTER_262,Plant_2,horse_man,491.0,58.60785498336012
CLUSTER_262,Plant_2,legume_str,189.5,58.60785498336012
CLUSTER_262,Plant_2,maize_str,19.9,58.60785498336012
CLUSTER_262,Plant_2,pig_man,55.52,58.60785498336012
CLUSTER_265,Plant_2,legume_str,130.86,59.87900726862216
CLUSTER_265,Plant_2,pig_man,39.79,59.87900726862216
CLUSTER_266,Plant_2,beet_leaf,387.0,10.267157002581197
CLUSTER_266,Plant_2,cattle_man,5864.8,10.267157002581197
CLUSTER_266,Plant_2,horse_man,271.0126,10.267157002581197
CLUSTER_266,Plant_2,legume_str,14.388000000000002,10.267157002581197
CLUSTER_266,Plant_2,pig_man,616.51,10.267157002581197
CLUSTER_266,Plant_2,rape_str,64.9,10.267157002581197
CLUSTER_269,Plant_2,pig_man,389.745,87.55165069327144
CLUSTER_272,Plant_2,horse_man,1033.0,36.30873408822555
CLUSTER_272,Plant_2,legume_str,111.767,36.30873408822555
CLUSTER_272,Plant_2,maize_str,27.6,36.30873408822555
CLUSTER_272,Plant_2,rape_str,238.3,36.30873408822555
CLUSTER_278,Plant_2,horse_man,660.7,40.10704363382104
CLUSTER_278,Plant_2,legume_str,94.28,40.10704363382104
CLUSTER_278,Plant_2,maize_str,274.04,40.10704363382104
CLUSTER_278,Plant_2,pig_man,334.991,40.10704363382104
CLUSTER_278,Plant_2,rape_str,532.8,40.10704363382104
CLUSTER_283,Plant_2,pig_man,1637.37,73.51139698728925
CLUSTER_289,Plant_2,horse_man,747.4,51.99792343244405
CLUSTER_289,Plant_2,legume_str,485.4,51.99792343244405
CLUSTER_289,Plant_2,maize_str,455.8,51.99792343244405
CLUSTER_289,Plant_2,pig_man,222.68,51.99792343244405
CLUSTER_289,Plant_2,rape_str,1516.0,51.99792343244405
CLUSTER_290,Plant_2,pig_man,122.18799999999999,86.3391455422576
CLUSTER_293,Plant_2,pig_man,338.2269,83.08702323486486
CLUSTER_294,Plant_2,beet_leaf,572.1,12.363011925182924
CLUSTER_294,Plant_2,cattle_man,6386.0,12.363011925182924
CLUSTER_294,Plant_2,clover_alfalfa_grass,4763.793911181515,12.363011925182924
CLUSTER_294,Plant_2,horse_man,1187.9,12.363011925182924
CLUSTER_294,Plant_2,legume_str,168.2,12.363011925182924
CLUSTER_294,Plant_2,maize_str,175.3,12.363011925182924
CLUSTER_294,Plant_2,pig_man,937.6,12.363011925182924
CLUSTER_294,Plant_2,rape_str,684.0,12.363011925182924
CLUSTER_30,Plant_2,horse_man,478.27,38.44559064213472
CLUSTER_30,Plant_2,legume_str,592.4,38.44559064213472
CLUSTER_30,Plant_2,maize_str,530.4,38.44559064213472
CLUSTER_30,Plant_2,pig_man,2280.0,38.44559064213472
CLUSTER_30,Plant_2,rape_str,844.0,38.44559064213472
CLUSTER_303,Plant_2,horse_man,1570.0,56.49741304848178
CLUSTER_303,Plant_2,legume_str,375.4,56.49741304848178
CLUSTER_303,Plant_2,maize_str,378.0,56.49741304848178
CLUSTER_303,Plant_2,pig_man,1707.0,56.49741304848178
CLUSTER_303,Plant_2,rape_str,914.0,56.49741304848178
CLUSTER_305,Plant_2,pig_man,388.58,96.27444087778714
CLUSTER_31,Plant_2,pig_man,390.4,95.01832214125002
CLUSTER_314,Plant_2,cattle_man,812.91,25.42250920023082
CLUSTER_314,Plant_2,horse_man,639.0,25.42250920023082
CLUSTER_314,Plant_2,legume_str,103.5,25.42250920023082
CLUSTER_314,Plant_2,pig_man,452.226,25.42250920023082
CLUSTER_314,Plant_2,rape_str,258.9,25.42250920023082
CLUSTER_316,Plant_2,pig_man,1285.8,85.01179757116107
CLUSTER_320,Plant_2,pig_man,16.0,90.59335605831934
CLUSTER_321,Plant_2,pig_man,53.32708,98.70333652668292
CLUSTER_322,Plant_2,horse_man,1355.0,46.33527640225103
CLUSTER_322,Plant_2,legume_str,115.8,46.33527640225103
CLUSTER_322,Plant_2,maize_str,206.2,46.33527640225103
CLUSTER_322,Plant_2,pig_man,57.48,46.33527640225103
CLUSTER_322,Plant_2,rape_str,704.3,46.33527640225103
CLUSTER_326,Plant_2,pig_man,707.3,97.69615069558962
CLUSTER_328,Plant_2,pig_man,824.57,97.42699880367388
CLUSTER_331,Plant_2,pig_man,621.0,102.5567147323452
CLUSTER_332,Plant_2,pig_man,132.8458,89.17336504268263
CLUSTER_335,Plant_2,pig_man,497.042,92.98246368228048
CLUSTER_336,Plant_2,pig_man,552.236,66.16518594458958
CLUSTER_338,Plant_2,pig_man,496.0,94.11449255572848
CLUSTER_339,Plant_2,pig_man,586.97,77.59419125464224
CLUSTER_34,Plant_2,pig_man,547.047,92.21997856293554
CLUSTER_340,Plant_2,pig_man,150.7,80.04089902731013
CLUSTER_344,Plant_2,pig_man,347.5,81.27290702691725
CLUSTER_346,Plant_2,horse_man,804.6,39.55395767607496
CLUSTER_346,Plant_2,maize_str,86.7,39.55395767607496
CLUSTER_346,Plant_2,rape_str,14.6,39.55395767607496
CLUSTER_347,Plant_2,pig_man,55.193,69.17004895468314
CLUSTER_348,Plant_2,horse_man,429.0,51.18103848633495
CLUSTER_348,Plant_2,legume_str,156.9,51.18103848633495
CLUSTER_348,Plant_2,maize_str,65.0,51.18103848633495
CLUSTER_348,Plant_2,pig_man,264.2,51.18103848633495
CLUSTER_348,Plant_2,rape_str,718.0,51.18103848633495
CLUSTER_349,Plant_2,pig_man,105.746,65.8961050181428
CLUSTER_35,Plant_2,legume_str,631.6,59.5739527715361
CLUSTER_35,Plant_2,pig_man,754.8290000000001,59.5739527715361
CLUSTER_351,Plant_2,horse_man,1500.0,36.14984849881122
CLUSTER_351,Plant_2,legume_str,523.0,36.14984849881122
CLUSTER_351,Plant_2,maize_str,544.0,36.14984849881122
CLUSTER_351,Plant_2,pig_man,456.3,36.14984849881122
CLUSTER_351,Plant_2,rape_str,1727.0,36.14984849881122
CLUSTER_353,Plant_2,pig_man,473.0,79.25881766143696
CLUSTER_361,Plant_2,legume_str,175.4,60.57604513306953
CLUSTER_361,Plant_2,pig_man,900.0,60.57604513306953
CLUSTER_367,Plant_2,pig_man,1184.2,103.26876257610084
CLUSTER_377,Plant_2,legume_str,142.95,62.07027984538362
CLUSTER_377,Plant_2,pig_man,294.4,62.07027984538362
CLUSTER_38,Plant_2,pig_man,315.61,68.9635985732481
CLUSTER_380,Plant_2,pig_man,506.99999999999994,90.50174715921663
CLUSTER_381,Plant_2,cattle_man,4175.2,29.36411488830664
CLUSTER_381,Plant_2,horse_man,1692.89,29.36411488830664
CLUSTER_381,Plant_2,legume_str,127.29,29.36411488830664
CLUSTER_381,Plant_2,maize_str,43.94,29.36411488830664
CLUSTER_381,Plant_2,pig_man,167.133571,29.36411488830664
CLUSTER_381,Plant_2,rape_str,1369.1,29.36411488830664
CLUSTER_382,Plant_2,horse_man,1045.0,44.675506153491455
CLUSTER_382,Plant_2,legume_str,385.1,44.675506153491455
CLUSTER_382,Plant_2,maize_str,346.7,44.675506153491455
CLUSTER_382,Plant_2,pig_man,429.0,44.675506153491455
CLUSTER_382,Plant_2,rape_str,1028.0,44.675506153491455
CLUSTER_384,Plant_2,legume_str,93.3,63.27302956462067
CLUSTER_384,Plant_2,pig_man,123.71,63.27302956462067
CLUSTER_385,Plant_2,pig_man,407.79,96.18360293756857
CLUSTER_389,Plant_2,pig_man,58.461,74.51410178916333
CLUSTER_390,Plant_2,cattle_man,4736.4,28.061120837150305
CLUSTER_390,Plant_2,horse_man,147.848,28.061120837150305
CLUSTER_390,Plant_2,legume_str,91.61,28.061120837150305
CLUSTER_390,Plant_2,maize_str,92.3,28.061120837150305
CLUSTER_390,Plant_2,pig_man,1056.886,28.061120837150305
CLUSTER_390,Plant_2,rape_str,957.4,28.061120837150305
CLUSTER_392,Plant_2,horse_man,513.0,56.62466749668483
CLUSTER_392,Plant_2,legume_str,315.9,56.62466749668483
CLUSTER_392,Plant_2,pig_man,46.5,56.62466749668483
CLUSTER_392,Plant_2,rape_str,1560.0,56.62466749668483
CLUSTER_394,Plant_2,horse_man,571.3,48.4490673037098
CLUSTER_394,Plant_2,legume_str,403.6,48.4490673037098
CLUSTER_394,Plant_2,maize_str,629.0,48.4490673037098
CLUSTER_394,Plant_2,pig_man,434.7,48.4490673037098
CLUSTER_394,Plant_2,rape_str,3108.0,48.4490673037098
CLUSTER_395,Plant_2,horse_man,552.0799999999999,40.23065765355614
CLUSTER_395,Plant_2,legume_str,73.81,40.23065765355614
CLUSTER_395,Plant_2,maize_str,582.4,40.23065765355614
CLUSTER_395,Plant_2,pig_man,29.4111,40.23065765355614
CLUSTER_395,Plant_2,rape_str,1105.0,40.23065765355614
CLUSTER_397,Plant_2,pig_man,80.291,86.28179436214637
CLUSTER_399,Plant_2,pig_man,646.33,86.87583035274339
CLUSTER_4,Plant_2,legume_str,531.23,63.31195361250007
CLUSTER_4,Plant_2,pig_man,730.49,63.31195361250007
CLUSTER_40,Plant_2,horse_man,2457.6,55.19214016388478
CLUSTER_40,Plant_2,legume_str,180.49,55.19214016388478
CLUSTER_40,Plant_2,maize_str,53.400000000000006,55.19214016388478
CLUSTER_40,Plant_2,pig_man,213.46,55.19214016388478
CLUSTER_40,Plant_2,rape_str,458.3,55.19214016388478
CLUSTER_404,Plant_2,beet_leaf,1040.6,13.818066068011785
CLUSTER_404,Plant_2,cattle_man,4430.0,13.818066068011785
CLUSTER_404,Plant_2,horse_man,1860.0,13.818066068011785
CLUSTER_404,Plant_2,legume_str,89.80000000000001,13.818066068011785
CLUSTER_404,Plant_2,maize_str,137.9,13.818066068011785
CLUSTER_404,Plant_2,pig_man,75.63,13.818066068011785
CLUSTER_404,Plant_2,rape_str,430.0,13.818066068011785
CLUSTER_405,Plant_2,horse_man,311.8,44.98993833613741
CLUSTER_405,Plant_2,legume_str,321.95,44.98993833613741
CLUSTER_405,Plant_2,maize_str,43.2,44.98993833613741
CLUSTER_405,Plant_2,pig_man,1316.0,44.98993833613741
CLUSTER_405,Plant_2,rape_str,758.7,44.98993833613741
CLUSTER_409,Plant_2,pig_man,568.9,90.70246564732788
CLUSTER_41,Plant_2,horse_man,2108.8,49.29791934211464
CLUSTER_41,Plant_2,legume_str,35.1,49.29791934211464
CLUSTER_41,Plant_2,maize_str,85.41,49.29791934211464
CLUSTER_41,Plant_2,pig_man,16.8586,49.29791934211464
CLUSTER_41,Plant_2,rape_str,100.22,49.29791934211464
CLUSTER_414,Plant_2,pig_man,218.538,86.88744286956162
CLUSTER_417,Plant_2,pig_man,197.25,74.76276032292724
CLUSTER_418,Plant_2,pig_man,116.425,74.29492842171295
CLUSTER_42,Plant_2,pig_man,1804.5,69.7780227714609
CLUSTER_420,Plant_2,horse_man,315.77,34.34366517346991
CLUSTER_420,Plant_2,legume_str,308.5,34.34366517346991
CLUSTER_420,Plant_2,maize_str,18.3,34.34366517346991
CLUSTER_420,Plant_2,pig_man,412.5,34.34366517346991
CLUSTER_420,Plant_2,rape_str,472.0,34.34366517346991
CLUSTER_421,Plant_2,horse_man,802.6,47.48716416061691
CLUSTER_421,Plant_2,legume_str,191.0,47.48716416061691
CLUSTER_421,Plant_2,maize_str,277.1,47.48716416061691
CLUSTER_421,Plant_2,rape_str,740.8,47.48716416061691
CLUSTER_424,Plant_2,pig_man,185.966,100.97021210862138
CLUSTER_425,Plant_2,horse_man,526.6,51.129392968573626
CLUSTER_425,Plant_2,legume_str,35.99,51.129392968573626
CLUSTER_425,Plant_2,maize_str,64.34,51.129392968573626
CLUSTER_425,Plant_2,pig_man,14.561,51.129392968573626
CLUSTER_425,Plant_2,rape_str,615.3,51.129392968573626
CLUSTER_427,Plant_2,pig_man,799.2,102.8014082547551
CLUSTER_431,Plant_2,pig_man,238.34,79.6036536266161
CLUSTER_433,Plant_2,beet_leaf,503.0,19.01653033283456
CLUSTER_433,Plant_2,cattle_man,4450.0297,19.01653033283456
CLUSTER_433,Plant_2,horse_man,1106.0,19.01653033283456
CLUSTER_433,Plant_2,legume_str,55.8,19.01653033283456
CLUSTER_433,Plant_2,maize_str,124.49999999999999,19.01653033283456
CLUSTER_433,Plant_2,pig_man,179.118,19.01653033283456
CLUSTER_433,Plant_2,rape_str,464.4,19.01653033283456
CLUSTER_435,Plant_2,horse_man,1508.0,33.854590044794115
CLUSTER_435,Plant_2,legume_str,63.4,33.854590044794115
CLUSTER_435,Plant_2,maize_str,65.7,33.854590044794115
CLUSTER_435,Plant_2,pig_man,46.49,33.854590044794115
CLUSTER_435,Plant_2,rape_str,153.1,33.854590044794115
CLUSTER_437,Plant_2,pig_man,50.0,96.7867504053766
CLUSTER_438,Plant_2,pig_man,223.18,103.89228326902251
CLUSTER_444,Plant_2,pig_man,84.611,69.25329342441327
CLUSTER_445,Plant_2,horse_man,58.691,46.69850460812755
CLUSTER_445,Plant_2,legume_str,171.5,46.69850460812755
CLUSTER_445,Plant_2,maize_str,620.6,46.69850460812755
CLUSTER_445,Plant_2,pig_man,3700.0,46.69850460812755
CLUSTER_445,Plant_2,rape_str,1059.0,46.69850460812755
CLUSTER_451,Plant_2,pig_man,528.0,63.69074720458458
CLUSTER_452,Plant_2,pig_man,550.0,64.56038852983025
CLUSTER_454,Plant_2,beet_leaf,1964.0,11.27744827766573
CLUSTER_454,Plant_2,cattle_man,5716.1,11.27744827766573
CLUSTER_454,Plant_2,clover_alfalfa_grass,3280.0,11.27744827766573
CLUSTER_454,Plant_2,horse_man,105.4,11.27744827766573
CLUSTER_454,Plant_2,legume_str,117.9,11.27744827766573
CLUSTER_454,Plant_2,maize_str,265.5,11.27744827766573
CLUSTER_454,Plant_2,pig_man,279.8,11.27744827766573
CLUSTER_454,Plant_2,rape_str,1065.8200000000002,11.27744827766573
CLUSTER_455,Plant_2,pig_man,488.40999999999997,92.59797016844423
CLUSTER_459,Plant_2,horse_man,167.4,38.55916919640006
CLUSTER_459,Plant_2,legume_str,28.68,38.55916919640006
CLUSTER_459,Plant_2,maize_str,71.0,38.55916919640006
CLUSTER_459,Plant_2,pig_man,243.8,38.55916919640006
CLUSTER_459,Plant_2,rape_str,91.0,38.55916919640006
CLUSTER_46,Plant_2,pig_man,83.87871,65.64692819393652
CLUSTER_460,Plant_2,horse_man,392.16,42.84626402695383
CLUSTER_460,Plant_2,legume_str,101.4,42.84626402695383
CLUSTER_460,Plant_2,maize_str,99.5,42.84626402695383
CLUSTER_460,Plant_2,pig_man,189.907,42.84626402695383
CLUSTER_460,Plant_2,rape_str,204.4,42.84626402695383
CLUSTER_462,Plant_2,horse_man,386.0,35.78982595780102
CLUSTER_462,Plant_2,legume_str,58.4,35.78982595780102
CLUSTER_462,Plant_2,maize_str,119.4,35.78982595780102
CLUSTER_462,Plant_2,pig_man,169.4,35.78982595780102
CLUSTER_462,Plant_2,rape_str,192.1,35.78982595780102
CLUSTER_464,Plant_2,pig_man,54.032,88.74949595936357
CLUSTER_465,Plant_2,pig_man,518.0,90.22101049001516
CLUSTER_468,Plant_2,horse_man,11.2,59.267246984776506
CLUSTER_468,Plant_2,legume_str,142.73,59.267246984776506
CLUSTER_469,Plant_2,horse_man,840.0,56.02162322002726
CLUSTER_469,Plant_2,legume_str,204.7,56.02162322002726
CLUSTER_469,Plant_2,maize_str,488.99999999999994,56.02162322002726
CLUSTER_469,Plant_2,pig_man,324.0,56.02162322002726
CLUSTER_469,Plant_2,rape_str,1099.0,56.02162322002726
CLUSTER_476,Plant_2,cattle_man,2730.0,27.01252459963057
CLUSTER_476,Plant_2,horse_man,492.00000000000006,27.01252459963057
CLUSTER_476,Plant_2,legume_str,20.15,27.01252459963057
CLUSTER_476,Plant_2,maize_str,70.1,27.01252459963057
CLUSTER_476,Plant_2,rape_str,21.8,27.01252459963057
CLUSTER_478,Plant_2,pig_man,35.400000000000006,70.17132172350738
CLUSTER_48,Plant_2,pig_man,1701.4,99.27728714949738
CLUSTER_481,Plant_2,legume_str,620.0,62.17357640742805
CLUSTER_481,Plant_2,pig_man,527.3,62.17357640742805
CLUSTER_483,Plant_2,horse_man,289.75,51.527544603360816
CLUSTER_483,Plant_2,legume_str,415.5,51.527544603360816
CLUSTER_483,Plant_2,maize_str,387.2,51.527544603360816
CLUSTER_483,Plant_2,pig_man,2458.9,51.527544603360816
CLUSTER_483,Plant_2,rape_str,440.9,51.527544603360816
CLUSTER_486,Plant_2,horse_man,429.2,36.57509464895804
CLUSTER_486,Plant_2,legume_str,57.1,36.57509464895804
CLUSTER_486,Plant_2,maize_str,23.9,36.57509464895804
CLUSTER_486,Plant_2,pig_man,772.0,36.57509464895804
CLUSTER_486,Plant_2,rape_str,303.0,36.57509464895804
CLUSTER_487,Plant_2,pig_man,299.25,91.53664320954886
CLUSTER_49,Plant_2,pig_man,231.961,101.70399581421763
CLUSTER_490,Plant_2,beet_leaf,87.2,3.7499551976240286
CLUSTER_490,Plant_2,cattle_man,3600.0,3.7499551976240286
CLUSTER_490,Plant_2,cattle_slu,21550.0,3.7499551976240286
CLUSTER_490,Plant_2,clover_alfalfa_grass,3660.0,3.7499551976240286
CLUSTER_490,Plant_2,horse_man,745.2,3.7499551976240286
CLUSTER_490,Plant_2,legume_str,80.4,3.7499551976240286
CLUSTER_490,Plant_2,maize_str,80.1,3.7499551976240286
CLUSTER_490,Plant_2,pig_man,105.9,3.7499551976240286
CLUSTER_490,Plant_2,rape_str,340.0,3.7499551976240286
CLUSTER_494,Plant_2,pig_man,566.9,63.74411172176115
CLUSTER_496,Plant_2,pig_man,687.3,69.10286109136555
CLUSTER_50,Plant_2,pig_man,604.7121,100.23660483278388
CLUSTER_504,Plant_2,pig_man,442.0,98.8505207987216
CLUSTER_506,Plant_2,pig_man,228.0325,88.00800210131857
CLUSTER_510,Plant_2,horse_man,1319.0,45.35559086661505
CLUSTER_510,Plant_2,legume_str,52.36,45.35559086661505
CLUSTER_510,Plant_2,maize_str,22.419,45.35559086661505
CLUSTER_510,Plant_2,rape_str,86.1,45.35559086661505
CLUSTER_512,Plant_2,pig_man,391.0,70.42190533801157
CLUSTER_515,Plant_2,pig_man,1089.0,76.66877100118096
CLUSTER_52,Plant_2,pig_man,917.46,85.48548475876154
CLUSTER_524,Plant_2,horse_man,1677.6,44.10296281079437
CLUSTER_524,Plant_2,legume_str,84.033,44.10296281079437
CLUSTER_524,Plant_2,maize_str,134.6,44.10296281079437
CLUSTER_524,Plant_2,pig_man,18.178,44.10296281079437
CLUSTER_524,Plant_2,rape_str,55.9,44.10296281079437
CLUSTER_525,Plant_2,pig_man,24.965,101.42051669695024
CLUSTER_529,Plant_2,pig_man,18.6,78.5902576376699
CLUSTER_531,Plant_2,pig_man,133.0,90.1687346671622
CLUSTER_532,Plant_2,cattle_man,3510.0508,24.550109876747896
CLUSTER_532,Plant_2,horse_man,177.7,24.550109876747896
CLUSTER_532,Plant_2,legume_str,85.86,24.550109876747896
CLUSTER_532,Plant_2,maize_str,67.89999999999999,24.550109876747896
CLUSTER_532,Plant_2,pig_man,411.16,24.550109876747896
CLUSTER_532,Plant_2,rape_str,590.2,24.550109876747896
CLUSTER_536,Plant_2,legume_str,88.69999999999999,61.16821609755298
CLUSTER_536,Plant_2,pig_man,168.6,61.16821609755298
CLUSTER_545,Plant_2,pig_man,227.1,103.296255004007
CLUSTER_55,Plant_2,horse_man,3076.3,43.08144582818227
CLUSTER_55,Plant_2,legume_str,299.8,43.08144582818227
CLUSTER_55,Plant_2,maize_str,329.6,43.08144582818227
CLUSTER_55,Plant_2,pig_man,46.48,43.08144582818227
CLUSTER_55,Plant_2,rape_str,291.6,43.08144582818227
CLUSTER_59,Plant_2,pig_man,56.019,99.87393050652084
CLUSTER_6,Plant_2,horse_man,339.439139,50.20481106553893
CLUSTER_6,Plant_2,legume_str,401.8,50.20481106553893
CLUSTER_6,Plant_2,maize_str,359.49,50.20481106553893
CLUSTER_6,Plant_2,pig_man,1816.7,50.20481106553893
CLUSTER_6,Plant_2,rape_str,644.6,50.20481106553893
CLUSTER_66,Plant_2,cattle_man,2641.0375,29.81969411048829
CLUSTER_66,Plant_2,horse_man,880.00908,29.81969411048829
CLUSTER_66,Plant_2,legume_str,66.985,29.81969411048829
CLUSTER_66,Plant_2,pig_man,180.310571,29.81969411048829
CLUSTER_66,Plant_2,rape_str,449.2,29.81969411048829
CLUSTER_7,Plant_2,pig_man,353.272,78.73006456777827
CLUSTER_72,Plant_2,horse_man,4938.0,48.52016648011264
CLUSTER_72,Plant_2,legume_str,700.5,48.52016648011264
CLUSTER_72,Plant_2,maize_str,914.0,48.52016648011264
CLUSTER_72,Plant_2,pig_man,949.3,48.52016648011264
CLUSTER_72,Plant_2,rape_str,3098.0,48.52016648011264
CLUSTER_75,Plant_2,horse_man,1454.5,58.22852315131488
CLUSTER_75,Plant_2,legume_str,172.5,58.22852315131488
CLUSTER_75,Plant_2,maize_str,550.06,58.22852315131488
CLUSTER_75,Plant_2,pig_man,1113.72,58.22852315131488
CLUSTER_76,Plant_2,beet_leaf,13.0,17.817096525391747
CLUSTER_76,Plant_2,cattle_man,2539.0,17.817096525391747
CLUSTER_76,Plant_2,horse_man,2263.0,17.817096525391747
CLUSTER_76,Plant_2,legume_str,109.68,17.817096525391747
CLUSTER_76,Plant_2,maize_str,96.25,17.817096525391747
CLUSTER_76,Plant_2,pig_man,125.42999999999999,17.817096525391747
CLUSTER_76,Plant_2,rape_str,35.114,17.817096525391747
CLUSTER_77,Plant_2,legume_str,300.0,61.9220716838643
CLUSTER_77,Plant_2,pig_man,82.7,61.9220716838643
CLUSTER_78,Plant_2,beet_leaf,818.5,17.07838840844826
CLUSTER_78,Plant_2,cattle_man,7012.0,17.07838840844826
CLUSTER_78,Plant_2,horse_man,873.4,17.07838840844826
CLUSTER_78,Plant_2,legume_str,40.33,17.07838840844826
CLUSTER_78,Plant_2,maize_str,136.0,17.07838840844826
CLUSTER_78,Plant_2,pig_man,141.0,17.07838840844826
CLUSTER_78,Plant_2,rape_str,178.1,17.07838840844826
CLUSTER_82,Plant_2,horse_man,1220.1,46.89802086532436
CLUSTER_82,Plant_2,legume_str,122.92,46.89802086532436
CLUSTER_82,Plant_2,maize_str,505.26,46.89802086532436
CLUSTER_82,Plant_2,pig_man,554.226263,46.89802086532436
CLUSTER_82,Plant_2,rape_str,680.1,46.89802086532436
CLUSTER_83,Plant_2,pig_man,44.2,101.43071372468764
CLUSTER_87,Plant_2,pig_man,544.04,70.90101875269914
CLUSTER_88,Plant_2,horse_man,1496.2,36.53378721049075
CLUSTER_88,Plant_2,legume_str,227.87,36.53378721049075
CLUSTER_88,Plant_2,maize_str,94.46,36.53378721049075
CLUSTER_88,Plant_2,pig_man,46.485800000000005,36.53378721049075
CLUSTER_88,Plant_2,rape_str,1116.4,36.53378721049075
CLUSTER_89,Plant_2,pig_man,499.7749999999999,73.53854070003247
CLUSTER_9,Plant_2,pig_man,1813.0,75.83882248091028
CLUSTER_96,Plant_2,cattle_man,3690.0,23.002556427030655
CLUSTER_96,Plant_2,horse_man,2943.838,23.002556427030655
CLUSTER_96,Plant_2,legume_str,216.1,23.002556427030655
CLUSTER_96,Plant_2,maize_str,261.74,23.002556427030655
CLUSTER_96,Plant_2,pig_man,107.14,23.002556427030655
CLUSTER_96,Plant_2,rape_str,553.6,23.002556427030655
CLUSTER_97,Plant_2,pig_man,302.6467,96.1677435952157
CLUSTER_0,Plant_3,horse_man,2610.0,70.53641595981674
CLUSTER_0,Plant_3,pig_man,1695.2,70.53641595981674
CLUSTER_100,Plant_3,pig_man,69.61,99.8139147960723
CLUSTER_104,Plant_3,horse_man,871.7,46.37781561076781
CLUSTER_104,Plant_3,pig_man,527.2180000000001,46.37781561076781
CLUSTER_107,Plant_3,pig_man,993.2,138.43866094450308
CLUSTER_109,Plant_3,horse_man,2924.0,55.66791733091152
CLUSTER_109,Plant_3,pig_man,121.22265,55.66791733091152
CLUSTER_116,Plant_3,pig_man,144.5,101.81105757325092
CLUSTER_122,Plant_3,pig_man,40.78257,113.20256007373506
CLUSTER_124,Plant_3,cattle_man,20030.0,36.6762778799673
CLUSTER_124,Plant_3,horse_man,2749.0,36.6762778799673
CLUSTER_124,Plant_3,pig_man,225.04,36.6762778799673
CLUSTER_125,Plant_3,pig_man,536.0,100.54638031121613
CLUSTER_126,Plant_3,horse_man,1435.2,72.62978677750894
CLUSTER_126,Plant_3,pig_man,2894.0,72.62978677750894
CLUSTER_130,Plant_3,pig_man,304.35,100.50906061757236
CLUSTER_131,Plant_3,horse_man,1232.0,68.12419003609025
CLUSTER_131,Plant_3,pig_man,1497.8,68.12419003609025
CLUSTER_135,Plant_3,pig_man,159.368,83.11012456114128
CLUSTER_140,Plant_3,pig_man,765.7,109.43835561139028
CLUSTER_142,Plant_3,pig_man,67.2671,93.66048416664437
CLUSTER_143,Plant_3,horse_man,1329.0,61.95887161338485
CLUSTER_143,Plant_3,pig_man,52.20089,61.95887161338485
CLUSTER_144,Plant_3,pig_man,1094.5,123.96773431034818
CLUSTER_146,Plant_3,cattle_man,2485.0,37.609463766397226
CLUSTER_146,Plant_3,horse_man,847.0,37.609463766397226
CLUSTER_149,Plant_3,pig_man,19.0894,100.13047327147392
CLUSTER_15,Plant_3,pig_man,68.319,140.3440914902519
CLUSTER_150,Plant_3,horse_man,998.0,58.395182608281175
CLUSTER_150,Plant_3,pig_man,605.1,58.395182608281175
CLUSTER_151,Plant_3,pig_man,33.274,122.23581717624664
CLUSTER_152,Plant_3,pig_man,174.14849999999998,122.90656540595712
CLUSTER_155,Plant_3,cattle_man,533.52,34.24025946118727
CLUSTER_155,Plant_3,horse_man,1141.3,34.24025946118727
CLUSTER_155,Plant_3,pig_man,1243.7,34.24025946118727
CLUSTER_159,Plant_3,cattle_man,8440.0,30.25070749479934
CLUSTER_159,Plant_3,horse_man,2721.0,30.25070749479934
CLUSTER_159,Plant_3,pig_man,3550.315,30.25070749479934
CLUSTER_162,Plant_3,pig_man,126.94,122.24946252665131
CLUSTER_165,Plant_3,horse_man,1926.7,68.83844037596155
CLUSTER_165,Plant_3,pig_man,1019.9,68.83844037596155
CLUSTER_167,Plant_3,pig_man,722.3,126.87241246969488
CLUSTER_17,Plant_3,pig_man,202.955,91.0329431418545
CLUSTER_175,Plant_3,horse_man,1207.3,63.05197855519543
CLUSTER_175,Plant_3,pig_man,35.4,63.05197855519543
CLUSTER_180,Plant_3,horse_man,1481.0,70.1553765892611
CLUSTER_180,Plant_3,pig_man,6160.0,70.1553765892611
CLUSTER_184,Plant_3,horse_man,556.0,49.84991751240003
CLUSTER_184,Plant_3,pig_man,1364.0,49.84991751240003
CLUSTER_186,Plant_3,pig_man,471.4,77.61221169798904
CLUSTER_189,Plant_3,cattle_man,4488.98,39.729638632318085
CLUSTER_189,Plant_3,horse_man,1789.0,39.729638632318085
CLUSTER_193,Plant_3,cattle_man,1113.0,42.15237732919704
CLUSTER_193,Plant_3,horse_man,1133.0,42.15237732919704
CLUSTER_195,Plant_3,horse_man,1276.5,47.15165302776011
CLUSTER_195,Plant_3,pig_man,34.13825,47.15165302776011
CLUSTER_196,Plant_3,horse_man,1807.0,54.94290763524117
CLUSTER_2,Plant_3,cattle_man,3616.0,35.5938582746315
CLUSTER_2,Plant_3,horse_man,975.2,35.5938582746315
CLUSTER_2,Plant_3,pig_man,1666.5,35.5938582746315
CLUSTER_20,Plant_3,horse_man,3289.0,57.11432593958664
CLUSTER_20,Plant_3,pig_man,3376.0,57.11432593958664
CLUSTER_202,Plant_3,cattle_man,16100.0,11.510847024861928
CLUSTER_202,Plant_3,cattle_slu,88060.0,11.510847024861928
CLUSTER_202,Plant_3,horse_man,1917.3,11.510847024861928
CLUSTER_202,Plant_3,pig_man,229.17,11.510847024861928
CLUSTER_203,Plant_3,pig_man,696.08362,88.92623951163316
CLUSTER_205,Plant_3,horse_man,3447.0,73.00628389981128
CLUSTER_205,Plant_3,pig_man,123.23616,73.00628389981128
CLUSTER_208,Plant_3,horse_man,1364.6,47.72436678771789
CLUSTER_208,Plant_3,pig_man,22.65,47.72436678771789
CLUSTER_212,Plant_3,pig_man,132.0,105.18184285624729
CLUSTER_214,Plant_3,horse_man,1119.6,47.61535990862284
CLUSTER_214,Plant_3,pig_man,13.92,47.61535990862284
CLUSTER_219,Plant_3,pig_man,686.0,136.23968343098724
CLUSTER_22,Plant_3,pig_man,696.0,82.48288075297127
CLUSTER_223,Plant_3,cattle_man,9326.0,35.14439633344717
CLUSTER_223,Plant_3,horse_man,1582.6,35.14439633344717
CLUSTER_223,Plant_3,pig_man,439.438657,35.14439633344717
CLUSTER_225,Plant_3,cattle_man,6770.0,15.405170540667552
CLUSTER_225,Plant_3,horse_man,1039.7,15.405170540667552
CLUSTER_225,Plant_3,pig_man,1314.9,15.405170540667552
CLUSTER_228,Plant_3,cattle_man,10463.0,23.36627080726801
CLUSTER_228,Plant_3,horse_man,1313.4,23.36627080726801
CLUSTER_230,Plant_3,pig_man,156.99,120.1663147045427
CLUSTER_231,Plant_3,horse_man,1176.0,51.37470129564554
CLUSTER_231,Plant_3,pig_man,10.6436,51.37470129564554
CLUSTER_233,Plant_3,cattle_man,5430.0,15.53977511340516
CLUSTER_233,Plant_3,horse_man,1224.0,15.53977511340516
CLUSTER_233,Plant_3,pig_man,435.2,15.53977511340516
CLUSTER_234,Plant_3,pig_man,472.3,137.08934215343106
CLUSTER_239,Plant_3,pig_man,931.74,108.6216843727336
CLUSTER_240,Plant_3,horse_man,172.5,64.8648235258854
CLUSTER_240,Plant_3,pig_man,24.931,64.8648235258854
CLUSTER_241,Plant_3,cattle_man,10430.0,32.57698023566746
CLUSTER_241,Plant_3,horse_man,968.1,32.57698023566746
CLUSTER_249,Plant_3,pig_man,509.2300000000001,134.08668765975182
CLUSTER_250,Plant_3,cattle_man,8735.82,27.383873068336868
CLUSTER_250,Plant_3,horse_man,1190.0,27.383873068336868
CLUSTER_250,Plant_3,pig_man,54.334,27.383873068336868
CLUSTER_254,Plant_3,cattle_man,8256.0,31.64606452318286
CLUSTER_254,Plant_3,horse_man,1711.5,31.64606452318286
CLUSTER_256,Plant_3,pig_man,14.8359,140.16111306158504
CLUSTER_257,Plant_3,pig_man,1704.41,82.03703748588978
CLUSTER_258,Plant_3,cattle_man,16820.0,33.81635002134197
CLUSTER_258,Plant_3,horse_man,1914.0,33.81635002134197
CLUSTER_259,Plant_3,pig_man,260.08,124.05353222585168
CLUSTER_262,Plant_3,pig_man,55.52,135.72168201657274
CLUSTER_263,Plant_3,pig_man,198.21,125.29640479895087
CLUSTER_267,Plant_3,horse_man,951.0,68.51895166745022
CLUSTER_267,Plant_3,pig_man,778.8,68.51895166745022
CLUSTER_270,Plant_3,cattle_man,9712.0,20.246502781445862
CLUSTER_270,Plant_3,horse_man,2875.0,20.246502781445862
CLUSTER_270,Plant_3,pig_man,61.2952,20.246502781445862
CLUSTER_273,Plant_3,cattle_man,6690.0,42.84950997833277
CLUSTER_273,Plant_3,horse_man,1064.0,42.84950997833277
CLUSTER_273,Plant_3,pig_man,524.6,42.84950997833277
CLUSTER_274,Plant_3,cattle_man,2163.0,23.586515013930608
CLUSTER_274,Plant_3,horse_man,783.4,23.586515013930608
CLUSTER_274,Plant_3,pig_man,587.9,23.586515013930608
CLUSTER_276,Plant_3,horse_man,1192.0,50.641654129158425
CLUSTER_279,Plant_3,pig_man,723.8400164000001,92.85756385181853
CLUSTER_280,Plant_3,horse_man,1101.277,68.99652887479522
CLUSTER_280,Plant_3,pig_man,171.3,68.99652887479522
CLUSTER_282,Plant_3,cattle_man,10020.0,8.39680995023255
CLUSTER_282,Plant_3,cattle_slu,48900.0,8.39680995023255
CLUSTER_282,Plant_3,horse_man,1029.0,8.39680995023255
CLUSTER_282,Plant_3,pig_man,277.076,8.39680995023255
CLUSTER_284,Plant_3,cattle_man,1152.783,36.85889753481402
CLUSTER_284,Plant_3,horse_man,195.4,36.85889753481402
CLUSTER_284,Plant_3,pig_man,447.9,36.85889753481402
CLUSTER_285,Plant_3,cattle_man,15869.999999999998,29.79770658676977
CLUSTER_285,Plant_3,horse_man,3438.0,29.79770658676977
CLUSTER_288,Plant_3,pig_man,786.0,88.2787898064632
CLUSTER_290,Plant_3,pig_man,122.18799999999999,90.14392837727443
CLUSTER_291,Plant_3,cattle_man,2457.376,37.23336673020037
CLUSTER_291,Plant_3,horse_man,1658.0,37.23336673020037
CLUSTER_291,Plant_3,pig_man,7740.0,37.23336673020037
CLUSTER_292,Plant_3,cattle_man,8900.0,26.95250705345702
CLUSTER_292,Plant_3,horse_man,3197.0,26.95250705345702
CLUSTER_292,Plant_3,pig_man,2862.0,26.95250705345702
CLUSTER_295,Plant_3,horse_man,46.7,66.03110059708793
CLUSTER_296,Plant_3,cattle_man,6573.0,23.43516986708056
CLUSTER_296,Plant_3,horse_man,902.0,23.43516986708056
CLUSTER_300,Plant_3,pig_man,581.8449999999999,104.17230347232424
CLUSTER_301,Plant_3,horse_man,760.0,55.95825312071377
CLUSTER_301,Plant_3,pig_man,225.23,55.95825312071377
CLUSTER_302,Plant_3,horse_man,1597.0,50.10409467576304
CLUSTER_302,Plant_3,pig_man,141.874306,50.10409467576304
CLUSTER_306,Plant_3,pig_man,479.4,95.67022199295576
CLUSTER_31,Plant_3,pig_man,390.4,87.54954557831626
CLUSTER_311,Plant_3,horse_man,1250.5,67.815237978299
CLUSTER_319,Plant_3,horse_man,1821.5,65.14258027435761
CLUSTER_319,Plant_3,pig_man,343.0,65.14258027435761
CLUSTER_32,Plant_3,pig_man,176.1042,124.10496076321536
CLUSTER_321,Plant_3,pig_man,53.32708,77.55159580458434
CLUSTER_322,Plant_3,pig_man,57.48,133.43292704998237
CLUSTER_323,Plant_3,pig_man,275.81,92.91986170252738
CLUSTER_33,Plant_3,horse_man,1803.0,49.84623997836314
CLUSTER_330,Plant_3,horse_man,1269.6,53.49300516005335
CLUSTER_330,Plant_3,pig_man,378.71,53.49300516005335
CLUSTER_333,Plant_3,pig_man,364.2,110.12481794199446
CLUSTER_338,Plant_3,pig_man,496.0,132.86710325925148
CLUSTER_34,Plant_3,pig_man,547.047,112.7164144682587
CLUSTER_340,Plant_3,pig_man,150.7,109.74002573408644
CLUSTER_343,Plant_3,pig_man,296.7,89.62768240296629
CLUSTER_344,Plant_3,pig_man,347.5,132.9749356977791
CLUSTER_345,Plant_3,pig_man,131.752025,112.52740465700694
CLUSTER_349,Plant_3,pig_man,105.746,133.30601828280953
CLUSTER_35,Plant_3,pig_man,754.8290000000001,123.062623999566
CLUSTER_350,Plant_3,pig_man,183.62,91.40757593118376
CLUSTER_351,Plant_3,pig_man,456.3,140.2476662145922
CLUSTER_354,Plant_3,horse_man,793.6,47.90837293737059
CLUSTER_354,Plant_3,pig_man,883.52,47.90837293737059
CLUSTER_355,Plant_3,cattle_man,3895.0,26.490598316694435
CLUSTER_355,Plant_3,horse_man,1202.0,26.490598316694435
CLUSTER_355,Plant_3,pig_man,1341.0,26.490598316694435
CLUSTER_363,Plant_3,pig_man,154.91,121.17334247684082
CLUSTER_37,Plant_3,cattle_man,16935.258932677112,44.27531687751478
CLUSTER_37,Plant_3,horse_man,943.0,44.27531687751478
CLUSTER_37,Plant_3,pig_man,3353.8,44.27531687751478
CLUSTER_370,Plant_3,horse_man,1921.0,48.98988013160184
CLUSTER_370,Plant_3,pig_man,15.373134,48.98988013160184
CLUSTER_371,Plant_3,pig_man,228.32,80.18885533753534
CLUSTER_372,Plant_3,pig_man,127.52,81.51985554977182
CLUSTER_378,Plant_3,pig_man,297.007,83.65587899554865
CLUSTER_385,Plant_3,pig_man,407.79,95.89043454933866
CLUSTER_387,Plant_3,pig_man,180.0399,122.41720699294628
CLUSTER_392,Plant_3,pig_man,46.5,129.8724681966106
CLUSTER_394,Plant_3,pig_man,434.7,129.2000188987453
CLUSTER_397,Plant_3,pig_man,80.291,93.03149194032004
CLUSTER_398,Plant_3,horse_man,1395.0,58.7858833824697
CLUSTER_398,Plant_3,pig_man,169.0001898,58.7858833824697
CLUSTER_399,Plant_3,pig_man,646.33,89.96488582837543
CLUSTER_400,Plant_3,cattle_man,3903.8,41.833494156867374
CLUSTER_400,Plant_3,horse_man,1513.0,41.833494156867374
CLUSTER_400,Plant_3,pig_man,2588.0,41.833494156867374
CLUSTER_402,Plant_3,horse_man,859.0,44.38450331117723
CLUSTER_402,Plant_3,pig_man,1540.0,44.38450331117723
CLUSTER_403,Plant_3,horse_man,1197.0,65.32094181554635
CLUSTER_403,Plant_3,pig_man,782.0,65.32094181554635
CLUSTER_406,Plant_3,cattle_man,16790.0,40.84009408117299
CLUSTER_406,Plant_3,horse_man,1539.0,40.84009408117299
CLUSTER_406,Plant_3,pig_man,52.746,40.84009408117299
CLUSTER_408,Plant_3,horse_man,3122.0,74.17916071410228
CLUSTER_408,Plant_3,pig_man,511.6000000000001,74.17916071410228
CLUSTER_409,Plant_3,pig_man,568.9,115.93891943960796
CLUSTER_413,Plant_3,pig_man,1220.808,136.47702333145335
CLUSTER_416,Plant_3,horse_man,387.2,48.61530929938042
CLUSTER_423,Plant_3,horse_man,1678.0106,76.12797570024439
CLUSTER_423,Plant_3,pig_man,669.519,76.12797570024439
CLUSTER_429,Plant_3,horse_man,723.0,59.01545426232784
CLUSTER_43,Plant_3,pig_man,36.5,111.5276326340194
CLUSTER_431,Plant_3,pig_man,238.34,123.6006946445114
CLUSTER_436,Plant_3,cattle_man,14080.0,36.195944576781386
CLUSTER_436,Plant_3,horse_man,830.0,36.195944576781386
CLUSTER_436,Plant_3,pig_man,326.0,36.195944576781386
CLUSTER_438,Plant_3,pig_man,223.18,135.12750099607038
CLUSTER_439,Plant_3,pig_man,625.9,98.07274890716636
CLUSTER_441,Plant_3,pig_man,1272.0,82.50790995779558
CLUSTER_442,Plant_3,horse_man,2096.0,45.78282702990868
CLUSTER_447,Plant_3,pig_man,67.14,107.06326004892354
CLUSTER_45,Plant_3,pig_man,55.502,109.00029808828458
CLUSTER_450,Plant_3,cattle_man,18270.0,40.455795586396
CLUSTER_450,Plant_3,horse_man,963.9,40.455795586396
CLUSTER_450,Plant_3,pig_man,315.5,40.455795586396
CLUSTER_451,Plant_3,pig_man,528.0,112.8001917599294
CLUSTER_453,Plant_3,horse_man,209.4,53.25477817191261
CLUSTER_453,Plant_3,pig_man,269.0,53.25477817191261
CLUSTER_456,Plant_3,cattle_man,18.534,9.90516707572636
CLUSTER_456,Plant_3,cattle_slu,45.89,9.90516707572636
CLUSTER_456,Plant_3,horse_man,275.0,9.90516707572636
CLUSTER_456,Plant_3,pig_man,30.472,9.90516707572636
CLUSTER_457,Plant_3,cattle_man,11400.0,27.13967225301956
CLUSTER_457,Plant_3,horse_man,1512.5,27.13967225301956
CLUSTER_464,Plant_3,pig_man,54.032,121.43718337910484
CLUSTER_466,Plant_3,pig_man,43.27128999999999,101.8913325458947
CLUSTER_469,Plant_3,pig_man,324.0,134.9855581182277
CLUSTER_470,Plant_3,horse_man,1289.0,65.29342870709971
CLUSTER_470,Plant_3,pig_man,190.5,65.29342870709971
CLUSTER_472,Plant_3,pig_man,22.5159,80.49210280046452
CLUSTER_473,Plant_3,cattle_man,11380.0,33.943938243717504
CLUSTER_473,Plant_3,horse_man,745.0,33.943938243717504
CLUSTER_473,Plant_3,pig_man,510.99999999999994,33.943938243717504
CLUSTER_477,Plant_3,horse_man,908.0,65.58066859671193
CLUSTER_478,Plant_3,pig_man,35.400000000000006,138.5807100400213
CLUSTER_48,Plant_3,pig_man,1701.4,81.87320939309797
CLUSTER_481,Plant_3,pig_man,527.3,114.67778950951772
CLUSTER_482,Plant_3,pig_man,28.99635,95.90515564637322
CLUSTER_484,Plant_3,horse_man,420.9,70.29164139338705
CLUSTER_484,Plant_3,pig_man,64.9729,70.29164139338705
CLUSTER_488,Plant_3,cattle_man,62.5,19.0072762260102
CLUSTER_488,Plant_3,horse_man,236.9,19.0072762260102
CLUSTER_488,Plant_3,pig_man,1185.8,19.0072762260102
CLUSTER_493,Plant_3,horse_man,951.2,52.22752794920692
CLUSTER_493,Plant_3,pig_man,193.15,52.22752794920692
CLUSTER_495,Plant_3,pig_man,180.446,116.8434106738124
CLUSTER_499,Plant_3,pig_man,128.13,133.26213748451363
CLUSTER_50,Plant_3,pig_man,604.7121,103.21992270647272
CLUSTER_501,Plant_3,horse_man,474.5,60.85982628689412
CLUSTER_501,Plant_3,pig_man,1378.0,60.85982628689412
CLUSTER_504,Plant_3,pig_man,442.0,87.3665663127186
CLUSTER_509,Plant_3,pig_man,70.445,77.6801237198159
CLUSTER_512,Plant_3,pig_man,391.0,133.74447787232796
CLUSTER_513,Plant_3,cattle_man,2780.0,2.4307791593292984
CLUSTER_513,Plant_3,cattle_slu,5462.0,2.4307791593292984
CLUSTER_513,Plant_3,horse_man,1042.0,2.4307791593292984
CLUSTER_513,Plant_3,pig_man,657.0,2.4307791593292984
CLUSTER_514,Plant_3,cattle_man,11580.0,18.178523703285933
CLUSTER_514,Plant_3,horse_man,1246.0,18.178523703285933
CLUSTER_514,Plant_3,pig_man,13.03,18.178523703285933
CLUSTER_516,Plant_3,cattle_man,8820.0,42.97391038516735
CLUSTER_516,Plant_3,horse_man,1178.0,42.97391038516735
CLUSTER_516,Plant_3,pig_man,123.100375,42.97391038516735
CLUSTER_52,Plant_3,pig_man,917.46,97.9785860062792
CLUSTER_520,Plant_3,cattle_man,3690.0,36.91185540292253
CLUSTER_520,Plant_3,horse_man,799.0,36.91185540292253
CLUSTER_523,Plant_3,pig_man,56.7,100.66117049011676
CLUSTER_528,Plant_3,cattle_man,7939.999999999999,42.057115163050106
CLUSTER_528,Plant_3,horse_man,1337.0,42.057115163050106
CLUSTER_529,Plant_3,pig_man,18.6,136.16660028327885
CLUSTER_536,Plant_3,pig_man,168.6,140.4606850617688
CLUSTER_537,Plant_3,cattle_man,2682.0,36.32052900196938
CLUSTER_537,Plant_3,horse_man,1468.0,36.32052900196938
CLUSTER_537,Plant_3,pig_man,2429.0,36.32052900196938
CLUSTER_540,Plant_3,horse_man,1390.0,54.631437000984896
CLUSTER_541,Plant_3,horse_man,835.5,59.59758875231187
CLUSTER_542,Plant_3,pig_man,564.19,87.98048052911727
CLUSTER_544,Plant_3,pig_man,15.550000000000002,89.68277269946499
CLUSTER_545,Plant_3,pig_man,227.1,92.33351782199487
CLUSTER_547,Plant_3,cattle_man,10790.0,30.973139404011143
CLUSTER_547,Plant_3,horse_man,1621.0,30.973139404011143
CLUSTER_549,Plant_3,cattle_man,6580.0,15.245891234887834
CLUSTER_549,Plant_3,horse_man,1622.0,15.245891234887834
CLUSTER_58,Plant_3,pig_man,585.7193,77.53946121665055
CLUSTER_59,Plant_3,pig_man,56.019,123.35471506142405
CLUSTER_61,Plant_3,cattle_man,33290.0,28.853900061722324
CLUSTER_61,Plant_3,horse_man,2388.0,28.853900061722324
CLUSTER_61,Plant_3,pig_man,392.8,28.853900061722324
CLUSTER_62,Plant_3,pig_man,33.995,121.68390215972448
CLUSTER_63,Plant_3,pig_man,79.20406,136.73610106913617
CLUSTER_64,Plant_3,horse_man,1753.8,63.73688715467509
CLUSTER_64,Plant_3,pig_man,1190.4,63.73688715467509
CLUSTER_68,Plant_3,cattle_man,2715.3,11.11112032202099
CLUSTER_68,Plant_3,cattle_slu,608.0,11.11112032202099
CLUSTER_68,Plant_3,horse_man,1155.3,11.11112032202099
CLUSTER_68,Plant_3,pig_man,1241.4,11.11112032202099
CLUSTER_69,Plant_3,horse_man,2441.2,75.70589168525186
CLUSTER_69,Plant_3,pig_man,1247.43,75.70589168525186
CLUSTER_7,Plant_3,pig_man,353.272,105.49647301818592
CLUSTER_70,Plant_3,cattle_man,18095.0,23.942970652686828
CLUSTER_70,Plant_3,horse_man,1087.859,23.942970652686828
CLUSTER_70,Plant_3,pig_man,751.0,23.942970652686828
CLUSTER_71,Plant_3,pig_man,226.348,86.30897045552155
CLUSTER_72,Plant_3,pig_man,949.3,127.75212337014509
CLUSTER_73,Plant_3,horse_man,1613.1,56.87125570151256
CLUSTER_73,Plant_3,pig_man,3455.0,56.87125570151256
CLUSTER_77,Plant_3,pig_man,82.7,118.43671240683636
CLUSTER_79,Plant_3,cattle_man,15570.0,17.958734457728625
CLUSTER_79,Plant_3,horse_man,1933.0,17.958734457728625
CLUSTER_79,Plant_3,pig_man,1322.00245,17.958734457728625
CLUSTER_8,Plant_3,pig_man,13.2831,132.75242783870056
CLUSTER_81,Plant_3,pig_man,12.9891,97.27563896170702
CLUSTER_85,Plant_3,pig_man,109.2627,98.95106910979464
CLUSTER_89,Plant_3,pig_man,499.7749999999999,104.15270258383278
CLUSTER_91,Plant_3,horse_man,619.6,46.414252352165775
CLUSTER_91,Plant_3,pig_man,218.0,46.414252352165775
CLUSTER_92,Plant_3,horse_man,2276.0,56.30090540010583
CLUSTER_92,Plant_3,pig_man,122.73699999999998,56.30090540010583
CLUSTER_93,Plant_3,pig_man,56.565000000000005,91.85626250863028
CLUSTER_99,Plant_3,horse_man,170.398,72.85056870673546
CLUSTER_99,Plant_3,pig_man,173.7,72.85056870673546
CLUSTER_1,Plant_4,pig_man,381.6,118.79860138838384
CLUSTER_101,Plant_4,pig_man,311.45,145.83490094387156
CLUSTER_102,Plant_4,cattle_man,1724.0,8.90926766903544
CLUSTER_102,Plant_4,cattle_slu,10771.0,8.90926766903544
CLUSTER_102,Plant_4,horse_man,961.0,8.90926766903544
CLUSTER_103,Plant_4,pig_man,791.300184,135.5892830570337
CLUSTER_108,Plant_4,horse_man,2893.0,61.15676498272242
CLUSTER_108,Plant_4,pig_man,291.926,61.15676498272242
CLUSTER_109,Plant_4,pig_man,121.22265,124.64607922362158
CLUSTER_11,Plant_4,horse_man,1455.0,56.38183173802831
CLUSTER_11,Plant_4,pig_man,23.6720704,56.38183173802831
CLUSTER_112,Plant_4,cattle_man,13057.0,10.897051411271669
CLUSTER_112,Plant_4,cattle_slu,95060.0,10.897051411271669
CLUSTER_112,Plant_4,horse_man,1571.0,10.897051411271669
CLUSTER_112,Plant_4,pig_man,508.8,10.897051411271669
CLUSTER_113,Plant_4,cattle_man,1617.0,32.7338480385576
CLUSTER_113,Plant_4,horse_man,513.4,32.7338480385576
CLUSTER_114,Plant_4,cattle_man,3025.0,41.58688927843811
CLUSTER_114,Plant_4,horse_man,632.9,41.58688927843811
CLUSTER_114,Plant_4,pig_man,77.82100000000001,41.58688927843811
CLUSTER_115,Plant_4,cattle_man,12403.0,34.69913247798749
CLUSTER_115,Plant_4,horse_man,190.35,34.69913247798749
CLUSTER_115,Plant_4,pig_man,276.8087,34.69913247798749
CLUSTER_116,Plant_4,pig_man,144.5,154.78906744827495
CLUSTER_119,Plant_4,pig_man,210.9,145.48714974595816
CLUSTER_12,Plant_4,horse_man,2496.5,69.3389141601376
CLUSTER_12,Plant_4,pig_man,96.610847,69.3389141601376
CLUSTER_120,Plant_4,cattle_man,10758.0,35.41433058885986
CLUSTER_120,Plant_4,horse_man,643.23,35.41433058885986
CLUSTER_120,Plant_4,pig_man,313.972,35.41433058885986
CLUSTER_125,Plant_4,pig_man,536.0,113.37179417260984
CLUSTER_130,Plant_4,horse_man,373.2,74.4886236757647
CLUSTER_130,Plant_4,pig_man,304.35,74.4886236757647
CLUSTER_133,Plant_4,cattle_man,1800.0,46.40989037571204
CLUSTER_133,Plant_4,horse_man,538.3,46.40989037571204
CLUSTER_134,Plant_4,pig_man,1021.56,125.2389764965458
CLUSTER_139,Plant_4,pig_man,42.67,142.04210674426005
CLUSTER_140,Plant_4,horse_man,867.0,74.03878967138976
CLUSTER_140,Plant_4,pig_man,765.7,74.03878967138976
CLUSTER_141,Plant_4,pig_man,111.971,99.94782254111324
CLUSTER_143,Plant_4,pig_man,52.20089,113.41217975678065
CLUSTER_145,Plant_4,pig_man,104.2,147.75940185967653
CLUSTER_147,Plant_4,cattle_man,5220.0,51.12814982808733
CLUSTER_147,Plant_4,horse_man,869.8,51.12814982808733
CLUSTER_147,Plant_4,pig_man,23.898,51.12814982808733
CLUSTER_148,Plant_4,pig_man,361.14175,97.39030150998153
CLUSTER_15,Plant_4,horse_man,5057.0,81.21606854407595
CLUSTER_15,Plant_4,pig_man,68.319,81.21606854407595
CLUSTER_150,Plant_4,pig_man,605.1,116.13376905563184
CLUSTER_153,Plant_4,horse_man,1262.5,79.36297373873808
CLUSTER_153,Plant_4,pig_man,71.88691,79.36297373873808
CLUSTER_154,Plant_4,pig_man,309.885,112.91426244517574
CLUSTER_155,Plant_4,pig_man,1243.7,150.798691200763
CLUSTER_16,Plant_4,pig_man,563.7029,131.04651702315076
CLUSTER_160,Plant_4,pig_man,238.759,93.8907035692054
CLUSTER_161,Plant_4,pig_man,1184.0,139.30179041855646
CLUSTER_162,Plant_4,pig_man,126.94,142.73120052449298
CLUSTER_164,Plant_4,pig_man,46.635000000000005,149.92579492361887
CLUSTER_167,Plant_4,horse_man,1062.4,54.48420755669764
CLUSTER_167,Plant_4,pig_man,722.3,54.48420755669764
CLUSTER_168,Plant_4,cattle_man,4187.0,37.82211889298204
CLUSTER_168,Plant_4,horse_man,2384.0,37.82211889298204
CLUSTER_168,Plant_4,pig_man,426.892,37.82211889298204
CLUSTER_169,Plant_4,pig_man,332.076,128.90037183034957
CLUSTER_17,Plant_4,horse_man,663.59,86.41710443818276
CLUSTER_17,Plant_4,pig_man,202.955,86.41710443818276
CLUSTER_171,Plant_4,pig_man,887.0,123.56472005280528
CLUSTER_173,Plant_4,pig_man,64.52416,131.28084557536204
CLUSTER_175,Plant_4,pig_man,35.4,131.85020749047436
CLUSTER_176,Plant_4,pig_man,232.96,155.76394878533398
CLUSTER_177,Plant_4,pig_man,779.21,112.83021080888308
CLUSTER_179,Plant_4,pig_man,63.56600000000001,136.47229806521847
CLUSTER_18,Plant_4,cattle_man,14355.0,25.86870309980201
CLUSTER_18,Plant_4,horse_man,809.7,25.86870309980201
CLUSTER_18,Plant_4,pig_man,338.1159,25.86870309980201
CLUSTER_180,Plant_4,pig_man,6160.0,152.02807267997173
CLUSTER_181,Plant_4,pig_man,1482.4,123.10774762005386
CLUSTER_183,Plant_4,pig_man,458.82,145.85568187302908
CLUSTER_184,Plant_4,pig_man,1364.0,144.05674661041633
CLUSTER_185,Plant_4,cattle_man,4461.0,35.76435381489241
CLUSTER_185,Plant_4,horse_man,786.4,35.76435381489241
CLUSTER_185,Plant_4,pig_man,183.43,35.76435381489241
CLUSTER_186,Plant_4,pig_man,471.4,129.97506459679994
CLUSTER_188,Plant_4,pig_man,27.346000000000004,101.74013815639648
CLUSTER_19,Plant_4,cattle_man,13523.0,37.23795102265082
CLUSTER_19,Plant_4,horse_man,1890.0,37.23795102265082
CLUSTER_19,Plant_4,pig_man,322.3,37.23795102265082
CLUSTER_190,Plant_4,pig_man,1086.0,145.9015899217098
CLUSTER_194,Plant_4,horse_man,974.4,83.06361627161772
CLUSTER_194,Plant_4,pig_man,308.943,83.06361627161772
CLUSTER_195,Plant_4,pig_man,34.13825,127.35504876477252
CLUSTER_197,Plant_4,cattle_man,6600.0,31.988713914381822
CLUSTER_197,Plant_4,horse_man,194.9,31.988713914381822
CLUSTER_199,Plant_4,cattle_man,3629.0,41.23700158090246
CLUSTER_199,Plant_4,horse_man,704.0,41.23700158090246
CLUSTER_199,Plant_4,pig_man,341.399,41.23700158090246
CLUSTER_200,Plant_4,pig_man,508.565,103.64834956826844
CLUSTER_21,Plant_4,cattle_man,11680.0,18.278529234692307
CLUSTER_21,Plant_4,horse_man,1242.7,18.278529234692307
CLUSTER_211,Plant_4,cattle_man,4080.0000000000005,17.428161980790186
CLUSTER_211,Plant_4,horse_man,442.0,17.428161980790186
CLUSTER_211,Plant_4,pig_man,51.2,17.428161980790186
CLUSTER_212,Plant_4,pig_man,132.0,129.27539485461088
CLUSTER_216,Plant_4,cattle_man,6405.0,17.6084624608514
CLUSTER_216,Plant_4,horse_man,1391.183,17.6084624608514
CLUSTER_217,Plant_4,horse_man,1360.0,55.21733533746412
CLUSTER_217,Plant_4,pig_man,542.22,55.21733533746412
CLUSTER_219,Plant_4,pig_man,686.0,125.0992076995336
CLUSTER_220,Plant_4,cattle_man,1849.0,42.50250299165333
CLUSTER_220,Plant_4,horse_man,806.0,42.50250299165333
CLUSTER_220,Plant_4,pig_man,25.08,42.50250299165333
CLUSTER_221,Plant_4,cattle_man,8125.0,35.560324223975215
CLUSTER_221,Plant_4,horse_man,1171.9,35.560324223975215
CLUSTER_221,Plant_4,pig_man,218.174,35.560324223975215
CLUSTER_222,Plant_4,horse_man,643.3,63.09267291088225
CLUSTER_222,Plant_4,pig_man,43.141,63.09267291088225
CLUSTER_223,Plant_4,pig_man,439.438657,139.94589439289146
CLUSTER_227,Plant_4,cattle_man,7020.0,41.19791817922077
CLUSTER_227,Plant_4,horse_man,79.97,41.19791817922077
CLUSTER_227,Plant_4,pig_man,882.0,41.19791817922077
CLUSTER_230,Plant_4,horse_man,900.0,74.66899412261563
CLUSTER_230,Plant_4,pig_man,156.99,74.66899412261563
CLUSTER_231,Plant_4,pig_man,10.6436,124.41055721917984
CLUSTER_232,Plant_4,pig_man,245.34999999999997,131.2591509105685
CLUSTER_234,Plant_4,cattle_man,28380.0,49.449348983413856
CLUSTER_234,Plant_4,horse_man,2507.0,49.449348983413856
CLUSTER_234,Plant_4,pig_man,472.3,49.449348983413856
CLUSTER_236,Plant_4,pig_man,144.7,125.8172076928511
CLUSTER_237,Plant_4,pig_man,687.516,135.785165846123
CLUSTER_238,Plant_4,pig_man,123.38,122.57375039592335
CLUSTER_24,Plant_4,pig_man,438.94,98.50515316530708
CLUSTER_240,Plant_4,pig_man,24.931,125.53452000273369
CLUSTER_242,Plant_4,pig_man,257.9398,103.87801103357984
CLUSTER_245,Plant_4,cattle_man,13085.0,26.57007763754448
CLUSTER_245,Plant_4,horse_man,793.9,26.57007763754448
CLUSTER_245,Plant_4,pig_man,381.8,26.57007763754448
CLUSTER_246,Plant_4,pig_man,400.322,141.8793869514288
CLUSTER_247,Plant_4,pig_man,228.0,105.26539466775738
CLUSTER_248,Plant_4,pig_man,337.0,155.32462781539263
CLUSTER_249,Plant_4,cattle_man,9836.0,41.008283542540894
CLUSTER_249,Plant_4,horse_man,1754.0,41.008283542540894
CLUSTER_249,Plant_4,pig_man,509.2300000000001,41.008283542540894
CLUSTER_25,Plant_4,cattle_man,2469.58,31.37591904279917
CLUSTER_25,Plant_4,horse_man,395.1,31.37591904279917
CLUSTER_251,Plant_4,pig_man,335.71000000000004,152.99307534492684
CLUSTER_255,Plant_4,cattle_man,5100.0,49.74125688629118
CLUSTER_255,Plant_4,horse_man,1720.5,49.74125688629118
CLUSTER_255,Plant_4,pig_man,204.36,49.74125688629118
CLUSTER_257,Plant_4,pig_man,1704.41,155.24207447372538
CLUSTER_259,Plant_4,horse_man,817.6,65.3641772580775
CLUSTER_259,Plant_4,pig_man,260.08,65.3641772580775
CLUSTER_261,Plant_4,cattle_man,10670.0,26.66919694236144
CLUSTER_261,Plant_4,horse_man,1088.2,26.66919694236144
CLUSTER_261,Plant_4,pig_man,42.392,26.66919694236144
CLUSTER_262,Plant_4,horse_man,491.0,68.45262269739989
CLUSTER_262,Plant_4,pig_man,55.52,68.45262269739989
CLUSTER_265,Plant_4,horse_man,1119.1,53.79406771586573
CLUSTER_265,Plant_4,pig_man,39.79,53.79406771586573
CLUSTER_266,Plant_4,pig_man,616.51,119.5882186794417
CLUSTER_267,Plant_4,pig_man,778.8,138.0353009403922
CLUSTER_269,Plant_4,cattle_man,10313.0,23.443624011565863
CLUSTER_269,Plant_4,horse_man,2387.8,23.443624011565863
CLUSTER_269,Plant_4,pig_man,389.745,23.443624011565863
CLUSTER_270,Plant_4,pig_man,61.2952,154.7726643461055
CLUSTER_271,Plant_4,pig_man,831.7,111.88730266682958
CLUSTER_272,Plant_4,horse_man,1033.0,76.81162567225002
CLUSTER_274,Plant_4,pig_man,587.9,152.30185105980954
CLUSTER_277,Plant_4,pig_man,203.959,145.9677131473771
CLUSTER_278,Plant_4,pig_man,334.991,151.08025070277
CLUSTER_280,Plant_4,pig_man,171.3,107.90316348200204
CLUSTER_283,Plant_4,pig_man,1637.37,121.61306576689384
CLUSTER_284,Plant_4,pig_man,447.9,141.79146389821315
CLUSTER_286,Plant_4,cattle_man,4579.0,31.605910893785627
CLUSTER_286,Plant_4,horse_man,502.1,31.605910893785627
CLUSTER_286,Plant_4,pig_man,407.6,31.605910893785627
CLUSTER_289,Plant_4,pig_man,222.68,91.48186479008356
CLUSTER_290,Plant_4,pig_man,122.18799999999999,110.84664058156685
CLUSTER_293,Plant_4,horse_man,504.0,67.66622930600342
CLUSTER_293,Plant_4,pig_man,338.2269,67.66622930600342
CLUSTER_294,Plant_4,pig_man,937.6,119.45006183521974
CLUSTER_298,Plant_4,horse_man,591.0,88.94807097501084
CLUSTER_299,Plant_4,cattle_man,4359.0,15.37550645466336
CLUSTER_299,Plant_4,cattle_slu,20499.0,15.37550645466336
CLUSTER_299,Plant_4,horse_man,817.8,15.37550645466336
CLUSTER_299,Plant_4,pig_man,111.861,15.37550645466336
CLUSTER_30,Plant_4,pig_man,2280.0,119.7748684544478
CLUSTER_301,Plant_4,pig_man,225.23,125.78076502687324
CLUSTER_307,Plant_4,cattle_man,3600.0,25.92589203340839
CLUSTER_307,Plant_4,horse_man,1101.0,25.92589203340839
CLUSTER_309,Plant_4,cattle_man,7630.0,9.6264614268891
CLUSTER_309,Plant_4,cattle_slu,56380.0,9.6264614268891
CLUSTER_309,Plant_4,horse_man,240.3,9.6264614268891
CLUSTER_309,Plant_4,pig_man,216.09,9.6264614268891
CLUSTER_31,Plant_4,pig_man,390.4,97.903886935553
CLUSTER_314,Plant_4,pig_man,452.226,121.55865170845934
CLUSTER_317,Plant_4,pig_man,92.31,90.74520398048952
CLUSTER_32,Plant_4,cattle_man,7773.643151770593,52.53051479488984
CLUSTER_32,Plant_4,horse_man,1842.9,52.53051479488984
CLUSTER_32,Plant_4,pig_man,176.1042,52.53051479488984
CLUSTER_320,Plant_4,pig_man,16.0,109.4297305977124
CLUSTER_321,Plant_4,pig_man,53.32708,118.87534257217158
CLUSTER_322,Plant_4,horse_man,1355.0,89.40945925939131
CLUSTER_322,Plant_4,pig_man,57.48,89.40945925939131
CLUSTER_326,Plant_4,horse_man,1285.4,68.89980767894586
CLUSTER_326,Plant_4,pig_man,707.3,68.89980767894586
CLUSTER_327,Plant_4,horse_man,336.5,55.41168474197248
CLUSTER_328,Plant_4,pig_man,824.57,93.83112138094604
CLUSTER_331,Plant_4,cattle_man,5700.0,28.57109402362705
CLUSTER_331,Plant_4,horse_man,3020.0,28.57109402362705
CLUSTER_331,Plant_4,pig_man,621.0,28.57109402362705
CLUSTER_332,Plant_4,pig_man,132.8458,144.13205626767922
CLUSTER_333,Plant_4,horse_man,712.5,64.68512864555484
CLUSTER_333,Plant_4,pig_man,364.2,64.68512864555484
CLUSTER_335,Plant_4,cattle_man,4820.0,22.928791860045266
CLUSTER_335,Plant_4,horse_man,3071.0,22.928791860045266
CLUSTER_335,Plant_4,pig_man,497.042,22.928791860045266
CLUSTER_336,Plant_4,pig_man,552.236,129.31395939692436
CLUSTER_340,Plant_4,pig_man,150.7,144.06251518478
CLUSTER_343,Plant_4,horse_man,329.269,85.1801412412908
CLUSTER_343,Plant_4,pig_man,296.7,85.1801412412908
CLUSTER_346,Plant_4,horse_man,804.6,73.89249572080168
CLUSTER_347,Plant_4,horse_man,826.5,57.45410009298327
CLUSTER_347,Plant_4,pig_man,55.193,57.45410009298327
CLUSTER_348,Plant_4,pig_man,264.2,105.09912542310155
CLUSTER_349,Plant_4,pig_man,105.746,148.38220922648716
CLUSTER_35,Plant_4,pig_man,754.8290000000001,128.67771928100422
CLUSTER_351,Plant_4,pig_man,456.3,108.76007524279976
CLUSTER_357,Plant_4,cattle_man,11532.0,32.338269799927495
CLUSTER_357,Plant_4,horse_man,1403.7,32.338269799927495
CLUSTER_357,Plant_4,pig_man,843.3,32.338269799927495
CLUSTER_358,Plant_4,cattle_man,8329.0,10.452051629446466
CLUSTER_358,Plant_4,cattle_slu,38440.0,10.452051629446466
CLUSTER_358,Plant_4,horse_man,586.9,10.452051629446466
CLUSTER_358,Plant_4,pig_man,505.06,10.452051629446466
CLUSTER_359,Plant_4,cattle_man,4205.0,46.035511626123125
CLUSTER_359,Plant_4,horse_man,362.1,46.035511626123125
CLUSTER_359,Plant_4,pig_man,13.947,46.035511626123125
CLUSTER_36,Plant_4,horse_man,1610.7,56.43703849258544
CLUSTER_36,Plant_4,pig_man,1634.0,56.43703849258544
CLUSTER_361,Plant_4,pig_man,900.0,134.64791952828625
CLUSTER_367,Plant_4,horse_man,1169.9,64.51890617430703
CLUSTER_367,Plant_4,pig_man,1184.2,64.51890617430703
CLUSTER_370,Plant_4,pig_man,15.373134,126.7104959050448
CLUSTER_372,Plant_4,pig_man,127.52,96.14712716437978
CLUSTER_38,Plant_4,pig_man,315.61,98.26129349077011
CLUSTER_380,Plant_4,cattle_man,6580.0,30.951663774254108
CLUSTER_380,Plant_4,horse_man,1242.0,30.951663774254108
CLUSTER_380,Plant_4,pig_man,506.99999999999994,30.951663774254108
CLUSTER_381,Plant_4,horse_man,1692.89,85.92621827007198
CLUSTER_381,Plant_4,pig_man,167.133571,85.92621827007198
CLUSTER_382,Plant_4,pig_man,429.0,134.113710933267
CLUSTER_384,Plant_4,cattle_man,3170.0,48.79200656209962
CLUSTER_384,Plant_4,horse_man,619.0,48.79200656209962
CLUSTER_384,Plant_4,pig_man,123.71,48.79200656209962
CLUSTER_385,Plant_4,horse_man,616.3,84.15919223345476
CLUSTER_385,Plant_4,pig_man,407.79,84.15919223345476
CLUSTER_387,Plant_4,cattle_man,7795.0,52.08405894915378
CLUSTER_387,Plant_4,horse_man,1714.3,52.08405894915378
CLUSTER_387,Plant_4,pig_man,180.0399,52.08405894915378
CLUSTER_389,Plant_4,pig_man,58.461,113.03977495412347
CLUSTER_390,Plant_4,pig_man,1056.886,139.02439332855036
CLUSTER_392,Plant_4,horse_man,513.0,77.93639613069408
CLUSTER_392,Plant_4,pig_man,46.5,77.93639613069408
CLUSTER_394,Plant_4,pig_man,434.7,115.61377211626224
CLUSTER_395,Plant_4,horse_man,552.0799999999999,89.33046513829404
CLUSTER_395,Plant_4,pig_man,29.4111,89.33046513829404
CLUSTER_397,Plant_4,pig_man,80.291,100.21869485110822
CLUSTER_399,Plant_4,pig_man,646.33,123.3008493332738
CLUSTER_4,Plant_4,pig_man,730.49,105.3114092012596
CLUSTER_40,Plant_4,horse_man,2457.6,58.35980104829739
CLUSTER_40,Plant_4,pig_man,213.46,58.35980104829739
CLUSTER_400,Plant_4,pig_man,2588.0,156.3442824467061
CLUSTER_401,Plant_4,cattle_man,1666.8,45.46835797714683
CLUSTER_401,Plant_4,horse_man,929.5,45.46835797714683
CLUSTER_401,Plant_4,pig_man,189.6729,45.46835797714683
CLUSTER_404,Plant_4,pig_man,75.63,99.369896155295
CLUSTER_405,Plant_4,pig_man,1316.0,112.80557674415354
CLUSTER_406,Plant_4,pig_man,52.746,136.31444921637012
CLUSTER_408,Plant_4,pig_man,511.6000000000001,109.30959211517263
CLUSTER_409,Plant_4,horse_man,858.0,63.05370441431696
CLUSTER_409,Plant_4,pig_man,568.9,63.05370441431696
CLUSTER_41,Plant_4,horse_man,2108.8,67.3526108376949
CLUSTER_41,Plant_4,pig_man,16.8586,67.3526108376949
CLUSTER_410,Plant_4,pig_man,261.9019,135.436866359463
CLUSTER_413,Plant_4,cattle_man,8790.0,42.589577111100645
CLUSTER_413,Plant_4,horse_man,36.0,42.589577111100645
CLUSTER_413,Plant_4,pig_man,1220.808,42.589577111100645
CLUSTER_414,Plant_4,cattle_man,13020.0,29.685700991646137
CLUSTER_414,Plant_4,horse_man,1048.1,29.685700991646137
CLUSTER_414,Plant_4,pig_man,218.538,29.685700991646137
CLUSTER_417,Plant_4,pig_man,197.25,104.5059333158632
CLUSTER_418,Plant_4,horse_man,144.9,73.70090984187165
CLUSTER_418,Plant_4,pig_man,116.425,73.70090984187165
CLUSTER_419,Plant_4,cattle_man,2304.0,18.391220937872657
CLUSTER_419,Plant_4,horse_man,791.0,18.391220937872657
CLUSTER_419,Plant_4,pig_man,62.91951999999999,18.391220937872657
CLUSTER_420,Plant_4,pig_man,412.5,105.34731224163345
CLUSTER_421,Plant_4,horse_man,802.6,76.54418148582216
CLUSTER_424,Plant_4,pig_man,185.966,152.70119526753444
CLUSTER_425,Plant_4,horse_man,526.6,61.25344998272598
CLUSTER_425,Plant_4,pig_man,14.561,61.25344998272598
CLUSTER_430,Plant_4,pig_man,159.375,120.22303453148756
CLUSTER_431,Plant_4,pig_man,238.34,156.0550559279599
CLUSTER_433,Plant_4,pig_man,179.118,129.5665555966583
CLUSTER_435,Plant_4,pig_man,46.49,95.3375495713538
CLUSTER_437,Plant_4,cattle_man,8510.0,14.880879029368089
CLUSTER_437,Plant_4,cattle_slu,64299.99999999999,14.880879029368089
CLUSTER_437,Plant_4,horse_man,938.0,14.880879029368089
CLUSTER_437,Plant_4,pig_man,50.0,14.880879029368089
CLUSTER_438,Plant_4,cattle_man,3331.0,39.42908177089387
CLUSTER_438,Plant_4,horse_man,832.8,39.42908177089387
CLUSTER_438,Plant_4,pig_man,223.18,39.42908177089387
CLUSTER_439,Plant_4,horse_man,163.7,76.4594189930627
CLUSTER_439,Plant_4,pig_man,625.9,76.4594189930627
CLUSTER_444,Plant_4,cattle_man,2690.0,47.75126210761926
CLUSTER_444,Plant_4,horse_man,379.2,47.75126210761926
CLUSTER_444,Plant_4,pig_man,84.611,47.75126210761926
CLUSTER_445,Plant_4,pig_man,3700.0,132.53535276440343
CLUSTER_449,Plant_4,pig_man,577.091,117.88797323023732
CLUSTER_45,Plant_4,horse_man,1188.0,68.44317461310824
CLUSTER_45,Plant_4,pig_man,55.502,68.44317461310824
CLUSTER_451,Plant_4,pig_man,528.0,102.883034378112
CLUSTER_453,Plant_4,pig_man,269.0,133.59954102799605
CLUSTER_454,Plant_4,pig_man,279.8,109.84361503798284
CLUSTER_455,Plant_4,horse_man,810.1,77.33598323965533
CLUSTER_455,Plant_4,pig_man,488.40999999999997,77.33598323965533
CLUSTER_459,Plant_4,pig_man,243.8,146.42076604183129
CLUSTER_46,Plant_4,horse_man,2237.0,75.92190360225274
CLUSTER_46,Plant_4,pig_man,83.87871,75.92190360225274
CLUSTER_460,Plant_4,pig_man,189.907,144.8996812800963
CLUSTER_461,Plant_4,cattle_man,3302.0,29.352799901417804
CLUSTER_461,Plant_4,horse_man,1385.0,29.352799901417804
CLUSTER_461,Plant_4,pig_man,138.37,29.352799901417804
CLUSTER_462,Plant_4,pig_man,169.4,135.56347548600604
CLUSTER_465,Plant_4,horse_man,1448.0,56.83665255164379
CLUSTER_465,Plant_4,pig_man,518.0,56.83665255164379
CLUSTER_467,Plant_4,horse_man,266.5,70.89055811024105
CLUSTER_467,Plant_4,pig_man,1040.9,70.89055811024105
CLUSTER_468,Plant_4,horse_man,11.2,69.82316347748011
CLUSTER_469,Plant_4,pig_man,324.0,138.09772614538343
CLUSTER_470,Plant_4,pig_man,190.5,119.75111927857157
CLUSTER_471,Plant_4,cattle_man,292.0,0.8860820618049856
CLUSTER_471,Plant_4,cattle_slu,1307.0,0.8860820618049856
CLUSTER_471,Plant_4,horse_man,250.50000000000003,0.8860820618049856
CLUSTER_471,Plant_4,pig_slu,27.65,0.8860820618049856
CLUSTER_472,Plant_4,pig_man,22.5159,94.74732770296409
CLUSTER_475,Plant_4,cattle_man,3878.0,27.428523048562457
CLUSTER_475,Plant_4,horse_man,665.9,27.428523048562457
CLUSTER_475,Plant_4,pig_man,250.66,27.428523048562457
CLUSTER_478,Plant_4,pig_man,35.400000000000006,156.80221586394646
CLUSTER_48,Plant_4,pig_man,1701.4,139.62300889678798
CLUSTER_481,Plant_4,pig_man,527.3,115.21060123339664
CLUSTER_483,Plant_4,pig_man,2458.9,128.9997206619222
CLUSTER_484,Plant_4,pig_man,64.9729,105.01241263650036
CLUSTER_486,Plant_4,pig_man,772.0,130.01148239884097
CLUSTER_487,Plant_4,pig_man,299.25,119.80864667233098
CLUSTER_49,Plant_4,pig_man,231.961,117.50465321669108
CLUSTER_490,Plant_4,pig_man,105.9,110.564845548849
CLUSTER_491,Plant_4,pig_man,236.64,102.39752665665851
CLUSTER_494,Plant_4,pig_man,566.9,142.92990825868495
CLUSTER_497,Plant_4,pig_man,347.9,153.75271977355004
CLUSTER_50,Plant_4,horse_man,1154.13,73.31549562597309
CLUSTER_50,Plant_4,pig_man,604.7121,73.31549562597309
CLUSTER_501,Plant_4,pig_man,1378.0,145.727810641876
CLUSTER_504,Plant_4,pig_man,442.0,146.71510616453213
CLUSTER_505,Plant_4,horse_man,942.0,60.949787612833845
CLUSTER_506,Plant_4,horse_man,529.0,88.90560679029124
CLUSTER_506,Plant_4,pig_man,228.0325,88.90560679029124
CLUSTER_509,Plant_4,pig_man,70.445,100.39763256241366
CLUSTER_510,Plant_4,horse_man,1319.0,66.0261962374159
CLUSTER_512,Plant_4,horse_man,541.0,58.49709778561675
CLUSTER_512,Plant_4,pig_man,391.0,58.49709778561675
CLUSTER_517,Plant_4,horse_man,372.7,77.91933824853558
CLUSTER_518,Plant_4,cattle_man,9270.0,19.458082358435774
CLUSTER_518,Plant_4,horse_man,1313.0,19.458082358435774
CLUSTER_518,Plant_4,pig_man,245.9,19.458082358435774
CLUSTER_52,Plant_4,pig_man,917.46,137.94502611462167
CLUSTER_522,Plant_4,cattle_man,6580.0,19.7912468894212
CLUSTER_522,Plant_4,horse_man,288.1,19.7912468894212
CLUSTER_522,Plant_4,pig_man,183.7,19.7912468894212
CLUSTER_524,Plant_4,horse_man,1677.6,69.33743737835245
CLUSTER_524,Plant_4,pig_man,18.178,69.33743737835245
CLUSTER_525,Plant_4,horse_man,29.06,81.17558956668898
CLUSTER_525,Plant_4,pig_man,24.965,81.17558956668898
CLUSTER_526,Plant_4,horse_man,485.0,77.86559640574254
CLUSTER_526,Plant_4,pig_man,141.0,77.86559640574254
CLUSTER_529,Plant_4,cattle_man,7480.0,49.50003432658592
CLUSTER_529,Plant_4,horse_man,807.0,49.50003432658592
CLUSTER_529,Plant_4,pig_man,18.6,49.50003432658592
CLUSTER_532,Plant_4,pig_man,411.16,114.08858870402446
CLUSTER_535,Plant_4,horse_man,706.0,61.7210013924487
CLUSTER_535,Plant_4,pig_man,303.3,61.7210013924487
CLUSTER_536,Plant_4,horse_man,483.9,61.26499117628953
CLUSTER_536,Plant_4,pig_man,168.6,61.26499117628953
CLUSTER_538,Plant_4,pig_man,151.197,125.10239476078108
CLUSTER_539,Plant_4,cattle_man,2743.0,38.567970571385416
CLUSTER_539,Plant_4,horse_man,433.0,38.567970571385416
CLUSTER_542,Plant_4,horse_man,1452.1,86.75306937063777
CLUSTER_542,Plant_4,pig_man,564.19,86.75306937063777
CLUSTER_55,Plant_4,horse_man,3076.3,68.37815198710301
CLUSTER_55,Plant_4,pig_man,46.48,68.37815198710301
CLUSTER_59,Plant_4,cattle_man,5668.0,51.90213225942623
CLUSTER_59,Plant_4,horse_man,456.477,51.90213225942623
CLUSTER_59,Plant_4,pig_man,56.019,51.90213225942623
CLUSTER_66,Plant_4,pig_man,180.310571,140.28859736357333
CLUSTER_7,Plant_4,horse_man,843.8,86.60371893426519
CLUSTER_7,Plant_4,pig_man,353.272,86.60371893426519
CLUSTER_72,Plant_4,pig_man,949.3,102.22982178449855
CLUSTER_73,Plant_4,pig_man,3455.0,157.633920001029
CLUSTER_75,Plant_4,pig_man,1113.72,114.47596682817566
CLUSTER_76,Plant_4,pig_man,125.42999999999999,109.83732545030762
CLUSTER_77,Plant_4,horse_man,1160.0,89.27354168581485
CLUSTER_77,Plant_4,pig_man,82.7,89.27354168581485
CLUSTER_78,Plant_4,pig_man,141.0,119.264316338131
CLUSTER_80,Plant_4,pig_man,275.303,112.36055292219002
CLUSTER_82,Plant_4,pig_man,554.226263,151.30234853325683
CLUSTER_87,Plant_4,pig_man,544.04,140.6427750165158
CLUSTER_88,Plant_4,horse_man,1496.2,83.58138853169483
CLUSTER_88,Plant_4,pig_man,46.485800000000005,83.58138853169483
CLUSTER_89,Plant_4,pig_man,499.7749999999999,99.90667781312254
CLUSTER_91,Plant_4,pig_man,218.0,134.43949478053963
CLUSTER_95,Plant_4,pig_man,778.92,97.25576769004836
CLUSTER_96,Plant_4,horse_man,2943.838,88.00248872390841
CLUSTER_96,Plant_4,pig_man,107.14,88.00248872390841
CLUSTER_97,Plant_4,pig_man,302.6467,132.37274736489434
CLUSTER_98,Plant_4,cattle_man,5002.1,20.9656185978337
CLUSTER_98,Plant_4,horse_man,673.1,20.9656185978337
CLUSTER_98,Plant_4,pig_man,181.343,20.9656185978337
CLUSTER_99,Plant_4,pig_man,173.7,101.70391874127036
CLUSTER_0,Plant_5,pig_man,1695.2,82.5369711969697
CLUSTER_1,Plant_5,pig_man,381.6,64.66580763726336
CLUSTER_100,Plant_5,horse_man,3925.5,34.91842305697695
CLUSTER_100,Plant_5,legume_str,592.6,34.91842305697695
CLUSTER_100,Plant_5,pig_man,69.61,34.91842305697695
CLUSTER_100,Plant_5,rape_str,1247.0,34.91842305697695
CLUSTER_101,Plant_5,pig_man,311.45,63.48216143632119
CLUSTER_103,Plant_5,pig_man,791.300184,74.23479012007402
CLUSTER_104,Plant_5,pig_man,527.2180000000001,73.4437534474718
CLUSTER_107,Plant_5,pig_man,993.2,51.988531082966354
CLUSTER_116,Plant_5,beet_leaf,1830.0,8.956443145193512
CLUSTER_116,Plant_5,cattle_man,856.0,8.956443145193512
CLUSTER_116,Plant_5,horse_man,1252.0,8.956443145193512
CLUSTER_116,Plant_5,legume_str,256.53,8.956443145193512
CLUSTER_116,Plant_5,maize_str,4270.0,8.956443145193512
CLUSTER_116,Plant_5,pig_man,144.5,8.956443145193512
CLUSTER_116,Plant_5,rape_str,1331.7,8.956443145193512
CLUSTER_122,Plant_5,pig_man,40.78257,76.01165055760194
CLUSTER_125,Plant_5,horse_man,653.0,39.06976743286084
CLUSTER_125,Plant_5,legume_str,441.0,39.06976743286084
CLUSTER_125,Plant_5,pig_man,536.0,39.06976743286084
CLUSTER_125,Plant_5,rape_str,3920.0,39.06976743286084
CLUSTER_126,Plant_5,cattle_man,6163.0,23.906628030860997
CLUSTER_126,Plant_5,horse_man,1435.2,23.906628030860997
CLUSTER_126,Plant_5,legume_str,544.6,23.906628030860997
CLUSTER_126,Plant_5,pig_man,2894.0,23.906628030860997
CLUSTER_126,Plant_5,rape_str,2381.0,23.906628030860997
CLUSTER_131,Plant_5,horse_man,1232.0,33.66517025219511
CLUSTER_131,Plant_5,legume_str,1003.9999999999999,33.66517025219511
CLUSTER_131,Plant_5,pig_man,1497.8,33.66517025219511
CLUSTER_131,Plant_5,rape_str,1908.0,33.66517025219511
CLUSTER_132,Plant_5,pig_man,943.9,82.13631411696217
CLUSTER_138,Plant_5,pig_man,1203.8,62.70783032519804
CLUSTER_140,Plant_5,pig_man,765.7,80.57368132671742
CLUSTER_142,Plant_5,pig_man,67.2671,71.11489946272478
CLUSTER_144,Plant_5,horse_man,1888.0,35.99125907133647
CLUSTER_144,Plant_5,legume_str,474.3,35.99125907133647
CLUSTER_144,Plant_5,pig_man,1094.5,35.99125907133647
CLUSTER_144,Plant_5,rape_str,1689.0,35.99125907133647
CLUSTER_145,Plant_5,pig_man,104.2,52.92156801864935
CLUSTER_15,Plant_5,pig_man,68.319,81.08273908393035
CLUSTER_150,Plant_5,pig_man,605.1,80.40123411441377
CLUSTER_151,Plant_5,pig_man,33.274,76.17831228963081
CLUSTER_152,Plant_5,pig_man,174.14849999999998,48.92987934711633
CLUSTER_155,Plant_5,pig_man,1243.7,61.56347005843416
CLUSTER_162,Plant_5,horse_man,3375.9,31.737831848973165
CLUSTER_162,Plant_5,legume_str,744.7,31.737831848973165
CLUSTER_162,Plant_5,pig_man,126.94,31.737831848973165
CLUSTER_162,Plant_5,rape_str,2424.0,31.737831848973165
CLUSTER_165,Plant_5,horse_man,1926.7,41.3721013727117
CLUSTER_165,Plant_5,legume_str,854.0,41.3721013727117
CLUSTER_165,Plant_5,pig_man,1019.9,41.3721013727117
CLUSTER_171,Plant_5,pig_man,887.0,71.81263117081973
CLUSTER_175,Plant_5,horse_man,1207.3,41.36171099263823
CLUSTER_175,Plant_5,legume_str,508.2,41.36171099263823
CLUSTER_175,Plant_5,pig_man,35.4,41.36171099263823
CLUSTER_176,Plant_5,pig_man,232.96,65.66856125772622
CLUSTER_180,Plant_5,cattle_man,2402.6,22.874547832223623
CLUSTER_180,Plant_5,horse_man,1481.0,22.874547832223623
CLUSTER_180,Plant_5,legume_str,350.0,22.874547832223623
CLUSTER_180,Plant_5,maize_str,4990.2629350478055,22.874547832223623
CLUSTER_180,Plant_5,pig_man,6160.0,22.874547832223623
CLUSTER_180,Plant_5,rape_str,2510.0,22.874547832223623
CLUSTER_182,Plant_5,pig_man,1527.0,53.17709214974353
CLUSTER_184,Plant_5,horse_man,556.0,46.74419403430053
CLUSTER_184,Plant_5,pig_man,1364.0,46.74419403430053
CLUSTER_186,Plant_5,horse_man,2019.1,29.46998570253079
CLUSTER_186,Plant_5,legume_str,321.6,29.46998570253079
CLUSTER_186,Plant_5,pig_man,471.4,29.46998570253079
CLUSTER_186,Plant_5,rape_str,2267.0,29.46998570253079
CLUSTER_188,Plant_5,pig_man,27.346000000000004,81.42471787011826
CLUSTER_195,Plant_5,pig_man,34.13825,82.255837283776
CLUSTER_2,Plant_5,pig_man,1666.5,60.28320752588424
CLUSTER_20,Plant_5,horse_man,3289.0,46.061133975877134
CLUSTER_20,Plant_5,pig_man,3376.0,46.061133975877134
CLUSTER_205,Plant_5,pig_man,123.23616,73.88300462249013
CLUSTER_212,Plant_5,horse_man,525.0,25.82602370596637
CLUSTER_212,Plant_5,legume_str,423.4,25.82602370596637
CLUSTER_212,Plant_5,pig_man,132.0,25.82602370596637
CLUSTER_212,Plant_5,rape_str,2994.0,25.82602370596637
CLUSTER_219,Plant_5,pig_man,686.0,52.58426112724908
CLUSTER_22,Plant_5,pig_man,696.0,63.31897230441217
CLUSTER_223,Plant_5,pig_man,439.438657,76.10322059782969
CLUSTER_229,Plant_5,pig_man,38.028209,66.0109539905286
CLUSTER_230,Plant_5,pig_man,156.99,77.80997205518018
CLUSTER_235,Plant_5,pig_man,439.78,73.45046627192238
CLUSTER_237,Plant_5,pig_man,687.516,83.88889222574598
CLUSTER_239,Plant_5,cattle_man,3789.0,23.226457590598415
CLUSTER_239,Plant_5,horse_man,2882.5,23.226457590598415
CLUSTER_239,Plant_5,legume_str,357.8,23.226457590598415
CLUSTER_239,Plant_5,pig_man,931.74,23.226457590598415
CLUSTER_239,Plant_5,rape_str,1717.0,23.226457590598415
CLUSTER_240,Plant_5,horse_man,172.5,46.22651890861532
CLUSTER_240,Plant_5,pig_man,24.931,46.22651890861532
CLUSTER_248,Plant_5,pig_man,337.0,87.06882587801454
CLUSTER_256,Plant_5,pig_man,14.8359,71.30161808769631
CLUSTER_257,Plant_5,cattle_man,512.5,11.423952993206717
CLUSTER_257,Plant_5,horse_man,1598.0,11.423952993206717
CLUSTER_257,Plant_5,legume_str,280.6,11.423952993206717
CLUSTER_257,Plant_5,maize_str,4463.0,11.423952993206717
CLUSTER_257,Plant_5,pig_man,1704.41,11.423952993206717
CLUSTER_257,Plant_5,rape_str,1210.4,11.423952993206717
CLUSTER_259,Plant_5,pig_man,260.08,87.03299562094283
CLUSTER_262,Plant_5,pig_man,55.52,87.28236799409454
CLUSTER_263,Plant_5,horse_man,3265.0,43.494610931440086
CLUSTER_263,Plant_5,pig_man,198.21,43.494610931440086
CLUSTER_267,Plant_5,horse_man,951.0,30.440529804354632
CLUSTER_267,Plant_5,legume_str,523.5,30.440529804354632
CLUSTER_267,Plant_5,pig_man,778.8,30.440529804354632
CLUSTER_267,Plant_5,rape_str,1938.0,30.440529804354632
CLUSTER_274,Plant_5,pig_man,587.9,77.19179024093572
CLUSTER_279,Plant_5,pig_man,723.8400164000001,51.17643196125415
CLUSTER_280,Plant_5,pig_man,171.3,70.47729404380772
CLUSTER_284,Plant_5,pig_man,447.9,66.88948016891351
CLUSTER_288,Plant_5,horse_man,1884.0,42.09511230423687
CLUSTER_288,Plant_5,legume_str,851.0,42.09511230423687
CLUSTER_288,Plant_5,pig_man,786.0,42.09511230423687
CLUSTER_290,Plant_5,horse_man,887.0,43.46504433048249
CLUSTER_290,Plant_5,legume_str,233.8,43.46504433048249
CLUSTER_290,Plant_5,pig_man,122.18799999999999,43.46504433048249
CLUSTER_297,Plant_5,pig_man,153.126,75.0379769587296
CLUSTER_3,Plant_5,pig_man,16.916,85.09701972378564
CLUSTER_300,Plant_5,pig_man,581.8449999999999,55.20207498659346
CLUSTER_301,Plant_5,pig_man,225.23,58.09228427942479
CLUSTER_302,Plant_5,pig_man,141.874306,85.17823121215994
CLUSTER_303,Plant_5,pig_man,1707.0,83.83705552720417
CLUSTER_306,Plant_5,cattle_man,13760.0,18.22491994989489
CLUSTER_306,Plant_5,horse_man,2610.0,18.22491994989489
CLUSTER_306,Plant_5,legume_str,1097.0,18.22491994989489
CLUSTER_306,Plant_5,maize_str,5143.0,18.22491994989489
CLUSTER_306,Plant_5,pig_man,479.4,18.22491994989489
CLUSTER_306,Plant_5,rape_str,2327.0,18.22491994989489
CLUSTER_31,Plant_5,pig_man,390.4,61.58083999442854
CLUSTER_315,Plant_5,pig_man,304.38530000000003,67.50982675620035
CLUSTER_321,Plant_5,horse_man,1668.0,41.64459195854416
CLUSTER_321,Plant_5,legume_str,474.1,41.64459195854416
CLUSTER_321,Plant_5,pig_man,53.32708,41.64459195854416
CLUSTER_322,Plant_5,pig_man,57.48,71.2762747653295
CLUSTER_323,Plant_5,pig_man,275.81,59.777370445591664
CLUSTER_324,Plant_5,pig_man,258.47,59.83760515048876
CLUSTER_330,Plant_5,pig_man,378.71,60.08666345114714
CLUSTER_338,Plant_5,horse_man,816.0,42.70068037665615
CLUSTER_338,Plant_5,legume_str,307.0,42.70068037665615
CLUSTER_338,Plant_5,pig_man,496.0,42.70068037665615
CLUSTER_339,Plant_5,pig_man,586.97,62.4472286514532
CLUSTER_34,Plant_5,cattle_man,4823.3,20.77944686907644
CLUSTER_34,Plant_5,horse_man,3660.3,20.77944686907644
CLUSTER_34,Plant_5,legume_str,428.6,20.77944686907644
CLUSTER_34,Plant_5,maize_str,4809.0,20.77944686907644
CLUSTER_34,Plant_5,pig_man,547.047,20.77944686907644
CLUSTER_34,Plant_5,rape_str,1322.6,20.77944686907644
CLUSTER_340,Plant_5,cattle_man,979.0,19.169386400943047
CLUSTER_340,Plant_5,horse_man,1279.0,19.169386400943047
CLUSTER_340,Plant_5,legume_str,294.533,19.169386400943047
CLUSTER_340,Plant_5,maize_str,1072.4,19.169386400943047
CLUSTER_340,Plant_5,pig_man,150.7,19.169386400943047
CLUSTER_340,Plant_5,rape_str,944.0,19.169386400943047
CLUSTER_342,Plant_5,pig_man,109.9,69.46341541576733
CLUSTER_344,Plant_5,horse_man,1961.0,40.19674725205161
CLUSTER_344,Plant_5,legume_str,332.0,40.19674725205161
CLUSTER_344,Plant_5,pig_man,347.5,40.19674725205161
CLUSTER_345,Plant_5,horse_man,3059.0,39.890355663361504
CLUSTER_345,Plant_5,legume_str,1226.0,39.890355663361504
CLUSTER_345,Plant_5,pig_man,131.752025,39.890355663361504
CLUSTER_345,Plant_5,rape_str,1424.0,39.890355663361504
CLUSTER_349,Plant_5,horse_man,668.0,41.45533204572232
CLUSTER_349,Plant_5,legume_str,257.0,41.45533204572232
CLUSTER_349,Plant_5,pig_man,105.746,41.45533204572232
CLUSTER_35,Plant_5,horse_man,655.3,38.90488580042996
CLUSTER_35,Plant_5,legume_str,631.6,38.90488580042996
CLUSTER_35,Plant_5,pig_man,754.8290000000001,38.90488580042996
CLUSTER_35,Plant_5,rape_str,3218.0,38.90488580042996
CLUSTER_351,Plant_5,pig_man,456.3,64.53281940839689
CLUSTER_353,Plant_5,pig_man,473.0,50.61282715009288
CLUSTER_354,Plant_5,pig_man,883.52,47.27888002941167
CLUSTER_355,Plant_5,pig_man,1341.0,66.59397470427973
CLUSTER_363,Plant_5,pig_man,154.91,87.11788388625254
CLUSTER_37,Plant_5,pig_man,3353.8,59.13192613166312
CLUSTER_370,Plant_5,pig_man,15.373134,71.95516496918832
CLUSTER_371,Plant_5,horse_man,1280.1,33.88394020418679
CLUSTER_371,Plant_5,legume_str,445.8,33.88394020418679
CLUSTER_371,Plant_5,pig_man,228.32,33.88394020418679
CLUSTER_371,Plant_5,rape_str,918.4,33.88394020418679
CLUSTER_372,Plant_5,pig_man,127.52,73.02585237944784
CLUSTER_373,Plant_5,horse_man,1879.8,26.846325152802763
CLUSTER_373,Plant_5,legume_str,370.5,26.846325152802763
CLUSTER_373,Plant_5,rape_str,814.9,26.846325152802763
CLUSTER_376,Plant_5,pig_man,263.4000241,78.17947869748807
CLUSTER_378,Plant_5,pig_man,297.007,77.63070299539682
CLUSTER_382,Plant_5,pig_man,429.0,57.89839981655821
CLUSTER_385,Plant_5,pig_man,407.79,75.92633734174838
CLUSTER_392,Plant_5,pig_man,46.5,77.63135207548409
CLUSTER_394,Plant_5,pig_man,434.7,51.48901223093666
CLUSTER_397,Plant_5,pig_man,80.291,54.757185486449885
CLUSTER_398,Plant_5,pig_man,169.0001898,81.79138950823231
CLUSTER_399,Plant_5,horse_man,218.1,29.939294222424117
CLUSTER_399,Plant_5,legume_str,297.37,29.939294222424117
CLUSTER_399,Plant_5,pig_man,646.33,29.939294222424117
CLUSTER_399,Plant_5,rape_str,723.2,29.939294222424117
CLUSTER_400,Plant_5,pig_man,2588.0,51.261959698655744
CLUSTER_403,Plant_5,pig_man,782.0,52.55218522325329
CLUSTER_408,Plant_5,pig_man,511.6000000000001,58.193923546420855
CLUSTER_42,Plant_5,pig_man,1804.5,86.49481119917087
CLUSTER_423,Plant_5,horse_man,1678.0106,44.0174701900958
CLUSTER_423,Plant_5,pig_man,669.519,44.0174701900958
CLUSTER_427,Plant_5,pig_man,799.2,63.45781480731783
CLUSTER_43,Plant_5,pig_man,36.5,50.614784026238375
CLUSTER_431,Plant_5,horse_man,1912.0,30.606379988864457
CLUSTER_431,Plant_5,legume_str,310.4,30.606379988864457
CLUSTER_431,Plant_5,pig_man,238.34,30.606379988864457
CLUSTER_431,Plant_5,rape_str,203.4,30.606379988864457
CLUSTER_435,Plant_5,pig_man,46.49,75.1419149623085
CLUSTER_441,Plant_5,cattle_man,3147.0,16.09953130321332
CLUSTER_441,Plant_5,horse_man,821.0,16.09953130321332
CLUSTER_441,Plant_5,legume_str,342.2,16.09953130321332
CLUSTER_441,Plant_5,maize_str,2827.0,16.09953130321332
CLUSTER_441,Plant_5,pig_man,1272.0,16.09953130321332
CLUSTER_441,Plant_5,rape_str,1217.0,16.09953130321332
CLUSTER_447,Plant_5,horse_man,3973.0,28.851626703349936
CLUSTER_447,Plant_5,legume_str,578.0,28.851626703349936
CLUSTER_447,Plant_5,pig_man,67.14,28.851626703349936
CLUSTER_447,Plant_5,rape_str,901.0,28.851626703349936
CLUSTER_450,Plant_5,pig_man,315.5,82.07398770858671
CLUSTER_451,Plant_5,pig_man,528.0,51.10793198789384
CLUSTER_452,Plant_5,pig_man,550.0,75.51232263712203
CLUSTER_453,Plant_5,pig_man,269.0,51.4743041632462
CLUSTER_456,Plant_5,pig_man,30.472,87.73642075204882
CLUSTER_459,Plant_5,pig_man,243.8,85.89591351036825
CLUSTER_464,Plant_5,horse_man,752.0,29.31031972879019
CLUSTER_464,Plant_5,legume_str,235.0,29.31031972879019
CLUSTER_464,Plant_5,pig_man,54.032,29.31031972879019
CLUSTER_464,Plant_5,rape_str,387.0,29.31031972879019
CLUSTER_466,Plant_5,horse_man,4155.0,46.410724583840334
CLUSTER_466,Plant_5,pig_man,43.27128999999999,46.410724583840334
CLUSTER_469,Plant_5,horse_man,840.0,46.01593025674944
CLUSTER_469,Plant_5,pig_man,324.0,46.01593025674944
CLUSTER_473,Plant_5,pig_man,510.99999999999994,73.92019466749692
CLUSTER_478,Plant_5,horse_man,340.1,45.737828706219815
CLUSTER_478,Plant_5,pig_man,35.400000000000006,45.737828706219815
CLUSTER_48,Plant_5,cattle_man,4164.0,17.51645431005561
CLUSTER_48,Plant_5,horse_man,1045.96,17.51645431005561
CLUSTER_48,Plant_5,legume_str,448.03,17.51645431005561
CLUSTER_48,Plant_5,maize_str,4581.0,17.51645431005561
CLUSTER_48,Plant_5,pig_man,1701.4,17.51645431005561
CLUSTER_48,Plant_5,rape_str,1712.0,17.51645431005561
CLUSTER_481,Plant_5,horse_man,1085.0,41.88785606126978
CLUSTER_481,Plant_5,legume_str,620.0,41.88785606126978
CLUSTER_481,Plant_5,pig_man,527.3,41.88785606126978
CLUSTER_482,Plant_5,pig_man,28.99635,85.77580308577429
CLUSTER_485,Plant_5,pig_man,19.72,74.13810624815399
CLUSTER_488,Plant_5,pig_man,1185.8,75.01384004097096
CLUSTER_495,Plant_5,horse_man,1575.0,33.9924459842619
CLUSTER_495,Plant_5,legume_str,495.0,33.9924459842619
CLUSTER_495,Plant_5,pig_man,180.446,33.9924459842619
CLUSTER_495,Plant_5,rape_str,574.7,33.9924459842619
CLUSTER_496,Plant_5,pig_man,687.3,56.576716252667445
CLUSTER_499,Plant_5,pig_man,128.13,51.22953990836397
CLUSTER_501,Plant_5,horse_man,474.5,33.88594048528292
CLUSTER_501,Plant_5,legume_str,355.2,33.88594048528292
CLUSTER_501,Plant_5,pig_man,1378.0,33.88594048528292
CLUSTER_501,Plant_5,rape_str,1822.0,33.88594048528292
CLUSTER_504,Plant_5,cattle_man,41.0,8.001674123729849
CLUSTER_504,Plant_5,horse_man,1033.0,8.001674123729849
CLUSTER_504,Plant_5,legume_str,94.63,8.001674123729849
CLUSTER_504,Plant_5,maize_str,1285.0,8.001674123729849
CLUSTER_504,Plant_5,pig_man,442.0,8.001674123729849
CLUSTER_504,Plant_5,rape_str,268.5,8.001674123729849
CLUSTER_511,Plant_5,pig_man,317.6,82.9472032896584
CLUSTER_52,Plant_5,cattle_man,3984.5,15.238141434944357
CLUSTER_52,Plant_5,horse_man,1083.1,15.238141434944357
CLUSTER_52,Plant_5,legume_str,277.4,15.238141434944357
CLUSTER_52,Plant_5,maize_str,4642.0,15.238141434944357
CLUSTER_52,Plant_5,pig_man,917.46,15.238141434944357
CLUSTER_52,Plant_5,rape_str,675.0,15.238141434944357
CLUSTER_523,Plant_5,pig_man,56.7,67.44175086809172
CLUSTER_534,Plant_5,pig_man,1003.0,72.55411985738816
CLUSTER_542,Plant_5,pig_man,564.19,87.4594792456907
CLUSTER_544,Plant_5,legume_str,101.3,33.529047347780505
CLUSTER_544,Plant_5,pig_man,15.550000000000002,33.529047347780505
CLUSTER_544,Plant_5,rape_str,531.0,33.529047347780505
CLUSTER_545,Plant_5,cattle_man,1080.0,5.8417827811221
CLUSTER_545,Plant_5,horse_man,1719.0,5.8417827811221
CLUSTER_545,Plant_5,legume_str,184.9,5.8417827811221
CLUSTER_545,Plant_5,maize_str,2700.0,5.8417827811221
CLUSTER_545,Plant_5,pig_man,227.1,5.8417827811221
CLUSTER_545,Plant_5,rape_str,992.0,5.8417827811221
CLUSTER_61,Plant_5,pig_man,392.8,87.85617867952293
CLUSTER_63,Plant_5,pig_man,79.20406,59.65046757909762
CLUSTER_64,Plant_5,pig_man,1190.4,64.64528255964278
CLUSTER_68,Plant_5,pig_man,1241.4,82.02849888816627
CLUSTER_69,Plant_5,pig_man,1247.43,55.826521790179626
CLUSTER_7,Plant_5,pig_man,353.272,66.4650482816149
CLUSTER_70,Plant_5,pig_man,751.0,77.52848085832065
CLUSTER_71,Plant_5,cattle_man,8797.0,23.7732708845833
CLUSTER_71,Plant_5,horse_man,2948.9,23.7732708845833
CLUSTER_71,Plant_5,legume_str,1174.2,23.7732708845833
CLUSTER_71,Plant_5,pig_man,226.348,23.7732708845833
CLUSTER_71,Plant_5,rape_str,2450.0,23.7732708845833
CLUSTER_72,Plant_5,pig_man,949.3,59.00259667279148
CLUSTER_73,Plant_5,horse_man,1613.1,36.31377933010244
CLUSTER_73,Plant_5,legume_str,648.0,36.31377933010244
CLUSTER_73,Plant_5,pig_man,3455.0,36.31377933010244
CLUSTER_73,Plant_5,rape_str,3434.0,36.31377933010244
CLUSTER_76,Plant_5,pig_man,125.42999999999999,81.09618948831256
CLUSTER_77,Plant_5,pig_man,82.7,64.4177070971544
CLUSTER_78,Plant_5,pig_man,141.0,82.89135911896064
CLUSTER_81,Plant_5,pig_man,12.9891,80.23407264335106
CLUSTER_82,Plant_5,pig_man,554.226263,77.50030852691894
CLUSTER_83,Plant_5,pig_man,44.2,82.33158627858249
CLUSTER_89,Plant_5,pig_man,499.7749999999999,52.49216714027276
CLUSTER_9,Plant_5,pig_man,1813.0,72.49150613403873
CLUSTER_91,Plant_5,pig_man,218.0,60.718579938039326
CLUSTER_92,Plant_5,pig_man,122.73699999999998,71.55629886471716
CLUSTER_99,Plant_5,pig_man,173.7,83.37442497814553
CLUSTER_0,Plant_6,horse_man,2610.0,28.00743020479746
CLUSTER_0,Plant_6,pig_man,1695.2,28.00743020479746
CLUSTER_100,Plant_6,pig_man,69.61,54.1950977778287
CLUSTER_104,Plant_6,horse_man,871.7,50.660329159863785
CLUSTER_104,Plant_6,pig_man,527.2180000000001,50.660329159863785
CLUSTER_107,Plant_6,pig_man,993.2,88.79026492584319
CLUSTER_116,Plant_6,pig_man,144.5,86.39154696691386
CLUSTER_121,Plant_6,horse_man,2073.0,40.34812741168755
CLUSTER_122,Plant_6,cattle_man,17000.0,25.17309446018477
CLUSTER_122,Plant_6,horse_man,5260.0,25.17309446018477
CLUSTER_122,Plant_6,pig_man,40.78257,25.17309446018477
CLUSTER_126,Plant_6,pig_man,2894.0,67.03987233380639
CLUSTER_131,Plant_6,pig_man,1497.8,57.98301998367225
CLUSTER_135,Plant_6,horse_man,2847.0,39.19115416024403
CLUSTER_135,Plant_6,pig_man,159.368,39.19115416024403
CLUSTER_142,Plant_6,cattle_man,32190.000000000004,13.093553773294236
CLUSTER_142,Plant_6,horse_man,1981.9999999999998,13.093553773294236
CLUSTER_142,Plant_6,pig_man,67.2671,13.093553773294236
CLUSTER_144,Plant_6,pig_man,1094.5,84.10168624572648
CLUSTER_149,Plant_6,cattle_man,19570.0,11.03998703888195
CLUSTER_149,Plant_6,horse_man,2613.8,11.03998703888195
CLUSTER_149,Plant_6,pig_man,19.0894,11.03998703888195
CLUSTER_151,Plant_6,horse_man,5352.0,36.441317771538834
CLUSTER_151,Plant_6,pig_man,33.274,36.441317771538834
CLUSTER_152,Plant_6,pig_man,174.14849999999998,64.73443456267661
CLUSTER_155,Plant_6,pig_man,1243.7,91.8409852379805
CLUSTER_159,Plant_6,pig_man,3550.315,101.7528705318016
CLUSTER_165,Plant_6,horse_man,1926.7,48.75059545808283
CLUSTER_165,Plant_6,pig_man,1019.9,48.75059545808283
CLUSTER_175,Plant_6,pig_man,35.4,99.94303927419362
CLUSTER_180,Plant_6,pig_man,6160.0,78.56903620543996
CLUSTER_182,Plant_6,pig_man,1527.0,100.5248114330206
CLUSTER_184,Plant_6,pig_man,1364.0,90.58347323474904
CLUSTER_186,Plant_6,pig_man,471.4,100.6975544106387
CLUSTER_198,Plant_6,horse_man,2306.0,35.47240966484045
CLUSTER_2,Plant_6,pig_man,1666.5,70.38794426404588
CLUSTER_20,Plant_6,pig_man,3376.0,55.08224968106084
CLUSTER_203,Plant_6,cattle_man,28660.0,14.362814281506152
CLUSTER_203,Plant_6,horse_man,3313.0,14.362814281506152
CLUSTER_203,Plant_6,pig_man,696.08362,14.362814281506152
CLUSTER_204,Plant_6,pig_man,37.494,71.06034986276488
CLUSTER_205,Plant_6,cattle_man,16567.0,24.08368812579061
CLUSTER_205,Plant_6,horse_man,3447.0,24.08368812579061
CLUSTER_205,Plant_6,pig_man,123.23616,24.08368812579061
CLUSTER_208,Plant_6,pig_man,22.65,62.83952505308383
CLUSTER_215,Plant_6,horse_man,2969.0,38.01886685770446
CLUSTER_218,Plant_6,cattle_man,42980.0,16.971953166392712
CLUSTER_218,Plant_6,horse_man,4008.0000000000005,16.971953166392712
CLUSTER_22,Plant_6,cattle_man,44030.0,22.05030629572448
CLUSTER_22,Plant_6,horse_man,2301.0,22.05030629572448
CLUSTER_22,Plant_6,pig_man,696.0,22.05030629572448
CLUSTER_225,Plant_6,pig_man,1314.9,88.05367527943459
CLUSTER_233,Plant_6,pig_man,435.2,82.0558123100722
CLUSTER_239,Plant_6,pig_man,931.74,75.45452475950349
CLUSTER_244,Plant_6,horse_man,3070.0,28.42974659454024
CLUSTER_256,Plant_6,pig_man,14.8359,66.86974468938232
CLUSTER_257,Plant_6,pig_man,1704.41,77.29841169530766
CLUSTER_26,Plant_6,cattle_man,27390.0,22.05558858400597
CLUSTER_26,Plant_6,horse_man,4471.0,22.05558858400597
CLUSTER_263,Plant_6,pig_man,198.21,75.27330238648508
CLUSTER_267,Plant_6,pig_man,778.8,92.59905621548847
CLUSTER_273,Plant_6,pig_man,524.6,75.2169752785587
CLUSTER_274,Plant_6,pig_man,587.9,101.68527402769432
CLUSTER_279,Plant_6,horse_man,1665.3,33.92715714960962
CLUSTER_279,Plant_6,pig_man,723.8400164000001,33.92715714960962
CLUSTER_282,Plant_6,pig_man,277.076,102.84962109378904
CLUSTER_284,Plant_6,pig_man,447.9,102.92504523015248
CLUSTER_288,Plant_6,horse_man,1884.0,42.09496780773975
CLUSTER_288,Plant_6,pig_man,786.0,42.09496780773975
CLUSTER_29,Plant_6,cattle_man,35210.0,10.992133669297935
CLUSTER_29,Plant_6,horse_man,2338.7,10.992133669297935
CLUSTER_291,Plant_6,pig_man,7740.0,93.88583237151936
CLUSTER_292,Plant_6,pig_man,2862.0,85.3031334413938
CLUSTER_297,Plant_6,pig_man,153.126,87.6505810898503
CLUSTER_3,Plant_6,pig_man,16.916,74.1959812642173
CLUSTER_300,Plant_6,horse_man,6326.0,36.52114116528112
CLUSTER_300,Plant_6,pig_man,581.8449999999999,36.52114116528112
CLUSTER_302,Plant_6,horse_man,1597.0,49.43314058204491
CLUSTER_302,Plant_6,pig_man,141.874306,49.43314058204491
CLUSTER_306,Plant_6,pig_man,479.4,68.17128806413528
CLUSTER_315,Plant_6,pig_man,304.38530000000003,90.02098488674964
CLUSTER_319,Plant_6,horse_man,1821.5,38.09814470327551
CLUSTER_319,Plant_6,pig_man,343.0,38.09814470327551
CLUSTER_323,Plant_6,cattle_man,18150.0,24.94425884353389
CLUSTER_323,Plant_6,horse_man,2339.0,24.94425884353389
CLUSTER_323,Plant_6,pig_man,275.81,24.94425884353389
CLUSTER_324,Plant_6,pig_man,258.47,85.54562317334394
CLUSTER_330,Plant_6,horse_man,1269.6,47.397285097487455
CLUSTER_330,Plant_6,pig_man,378.71,47.397285097487455
CLUSTER_338,Plant_6,pig_man,496.0,93.158511162623
CLUSTER_34,Plant_6,pig_man,547.047,87.68101786624435
CLUSTER_340,Plant_6,pig_man,150.7,100.38882069282502
CLUSTER_342,Plant_6,pig_man,109.9,75.64231278898515
CLUSTER_344,Plant_6,pig_man,347.5,102.8589950973207
CLUSTER_345,Plant_6,pig_man,131.752025,61.04033838002776
CLUSTER_350,Plant_6,cattle_man,14500.0,25.10393786342778
CLUSTER_350,Plant_6,horse_man,2875.0,25.10393786342778
CLUSTER_350,Plant_6,pig_man,183.62,25.10393786342778
CLUSTER_352,Plant_6,pig_man,32.1,63.40839684239448
CLUSTER_354,Plant_6,pig_man,883.52,67.86992121342357
CLUSTER_355,Plant_6,pig_man,1341.0,81.95860139903691
CLUSTER_363,Plant_6,cattle_man,137.08356178815384,27.28034388103124
CLUSTER_363,Plant_6,horse_man,3180.0,27.28034388103124
CLUSTER_363,Plant_6,pig_man,154.91,27.28034388103124
CLUSTER_37,Plant_6,pig_man,3353.8,58.44080375346304
CLUSTER_371,Plant_6,pig_man,228.32,50.7166265018207
CLUSTER_376,Plant_6,pig_man,263.4000241,98.39330673481908
CLUSTER_378,Plant_6,cattle_man,31200.0,13.394964018496427
CLUSTER_378,Plant_6,horse_man,1373.0,13.394964018496427
CLUSTER_378,Plant_6,pig_man,297.007,13.394964018496427
CLUSTER_386,Plant_6,horse_man,3289.0,38.506352114731285
CLUSTER_396,Plant_6,horse_man,4460.0,49.37101278549491
CLUSTER_398,Plant_6,horse_man,1395.0,39.62693642947803
CLUSTER_398,Plant_6,pig_man,169.0001898,39.62693642947803
CLUSTER_400,Plant_6,pig_man,2588.0,80.81079830906256
CLUSTER_402,Plant_6,pig_man,1540.0,86.59037286915988
CLUSTER_403,Plant_6,horse_man,1197.0,41.25787614945848
CLUSTER_403,Plant_6,pig_man,782.0,41.25787614945848
CLUSTER_423,Plant_6,horse_man,1678.0106,41.95335420918551
CLUSTER_423,Plant_6,pig_man,669.519,41.95335420918551
CLUSTER_427,Plant_6,pig_man,799.2,100.371951507404
CLUSTER_428,Plant_6,pig_man,58.397,100.8447546008714
CLUSTER_43,Plant_6,horse_man,1609.1999999999998,48.417528203118266
CLUSTER_43,Plant_6,pig_man,36.5,48.417528203118266
CLUSTER_431,Plant_6,pig_man,238.34,100.97823994621012
CLUSTER_436,Plant_6,pig_man,326.0,70.40054070654665
CLUSTER_440,Plant_6,horse_man,2708.0,34.46298108427904
CLUSTER_441,Plant_6,pig_man,1272.0,69.16176967229515
CLUSTER_447,Plant_6,pig_man,67.14,66.94093129463407
CLUSTER_448,Plant_6,horse_man,654.0,37.76934295671687
CLUSTER_450,Plant_6,pig_man,315.5,57.49623125342613
CLUSTER_453,Plant_6,pig_man,269.0,101.6115507366109
CLUSTER_456,Plant_6,pig_man,30.472,100.46555785137592
CLUSTER_464,Plant_6,pig_man,54.032,92.54433138768286
CLUSTER_466,Plant_6,horse_man,4155.0,43.881394988563976
CLUSTER_466,Plant_6,pig_man,43.27128999999999,43.881394988563976
CLUSTER_473,Plant_6,pig_man,510.99999999999994,63.34071199091575
CLUSTER_474,Plant_6,cattle_man,11990.0,18.206763856946743
CLUSTER_474,Plant_6,horse_man,1341.0,18.206763856946743
CLUSTER_48,Plant_6,pig_man,1701.4,92.10856180230004
CLUSTER_482,Plant_6,cattle_man,16500.0,2.8880622048441538
CLUSTER_482,Plant_6,cattle_slu,67590.0,2.8880622048441538
CLUSTER_482,Plant_6,horse_man,1167.3,2.8880622048441538
CLUSTER_482,Plant_6,pig_man,28.99635,2.8880622048441538
CLUSTER_488,Plant_6,pig_man,1185.8,92.01169794563168
CLUSTER_493,Plant_6,pig_man,193.15,52.93780694023165
CLUSTER_495,Plant_6,pig_man,180.446,73.87782939574198
CLUSTER_498,Plant_6,horse_man,2767.0,30.725441079512347
CLUSTER_499,Plant_6,pig_man,128.13,79.1315248025366
CLUSTER_501,Plant_6,pig_man,1378.0,85.52455060135435
CLUSTER_504,Plant_6,pig_man,442.0,86.99444107715489
CLUSTER_513,Plant_6,pig_man,657.0,94.77994871061452
CLUSTER_516,Plant_6,pig_man,123.100375,60.65797590162976
CLUSTER_52,Plant_6,pig_man,917.46,99.04876428807454
CLUSTER_523,Plant_6,cattle_man,13260.0,20.77852867684173
CLUSTER_523,Plant_6,horse_man,1417.0,20.77852867684173
CLUSTER_523,Plant_6,pig_man,56.7,20.77852867684173
CLUSTER_534,Plant_6,pig_man,1003.0,98.79261652607984
CLUSTER_537,Plant_6,pig_man,2429.0,81.33039411146092
CLUSTER_54,Plant_6,horse_man,1695.0,49.44160334864492
CLUSTER_541,Plant_6,horse_man,835.5,45.825435519057415
CLUSTER_544,Plant_6,pig_man,15.550000000000002,50.93426912909661
CLUSTER_545,Plant_6,pig_man,227.1,78.35401101734031
CLUSTER_57,Plant_6,horse_man,1420.0,42.24984327881255
CLUSTER_58,Plant_6,horse_man,3739.6,31.34370618890401
CLUSTER_58,Plant_6,pig_man,585.7193,31.34370618890401
CLUSTER_61,Plant_6,pig_man,392.8,70.23592476608441
CLUSTER_62,Plant_6,cattle_man,29750.0,24.701816296716245
CLUSTER_62,Plant_6,horse_man,4905.0,24.701816296716245
CLUSTER_62,Plant_6,pig_man,33.995,24.701816296716245
CLUSTER_63,Plant_6,pig_man,79.20406,74.35983938594929
CLUSTER_64,Plant_6,horse_man,1753.8,35.23362836109947
CLUSTER_64,Plant_6,pig_man,1190.4,35.23362836109947
CLUSTER_67,Plant_6,horse_man,2276.6,36.39685350074565
CLUSTER_68,Plant_6,pig_man,1241.4,89.3604777849553
CLUSTER_69,Plant_6,horse_man,2441.2,31.46498484632612
CLUSTER_69,Plant_6,pig_man,1247.43,31.46498484632612
CLUSTER_70,Plant_6,pig_man,751.0,73.42886004680433
CLUSTER_71,Plant_6,pig_man,226.348,60.19899256050997
CLUSTER_73,Plant_6,pig_man,3455.0,74.07810909905696
CLUSTER_79,Plant_6,pig_man,1322.00245,98.58335008503435
CLUSTER_8,Plant_6,horse_man,7120.0,40.717891900287526
CLUSTER_8,Plant_6,pig_man,13.2831,40.717891900287526
CLUSTER_81,Plant_6,cattle_man,26470.0,4.384913005600588
CLUSTER_81,Plant_6,cattle_slu,122780.0,4.384913005600588
CLUSTER_81,Plant_6,horse_man,1535.0,4.384913005600588
CLUSTER_81,Plant_6,pig_man,12.9891,4.384913005600588
CLUSTER_85,Plant_6,pig_man,109.2627,53.09869899189423
CLUSTER_90,Plant_6,horse_man,1376.0,28.326083106926117
CLUSTER_92,Plant_6,horse_man,2276.0,40.81348497236561
CLUSTER_92,Plant_6,pig_man,122.73699999999998,40.81348497236561
CLUSTER_93,Plant_6,horse_man,4360.0,47.07818452260542
CLUSTER_93,Plant_6,pig_man,56.565000000000005,47.07818452260542
CLUSTER_10,Plant_7,cattle_man,3121.0,24.948689758049326
CLUSTER_10,Plant_7,horse_man,1392.2,24.948689758049326
CLUSTER_10,Plant_7,legume_str,66.8,24.948689758049326
CLUSTER_10,Plant_7,maize_str,92.1,24.948689758049326
CLUSTER_10,Plant_7,pig_man,15.9693,24.948689758049326
CLUSTER_10,Plant_7,rape_str,247.74999999999997,24.948689758049326
CLUSTER_108,Plant_7,pig_man,291.926,93.8589058784226
CLUSTER_110,Plant_7,horse_man,797.0,39.055563390771816
CLUSTER_110,Plant_7,legume_str,32.8,39.055563390771816
CLUSTER_110,Plant_7,rape_str,218.1,39.055563390771816
CLUSTER_114,Plant_7,pig_man,77.82100000000001,105.3794500612442
CLUSTER_119,Plant_7,cattle_man,14930.0,28.305297710919252
CLUSTER_119,Plant_7,horse_man,1764.0,28.305297710919252
CLUSTER_119,Plant_7,legume_str,143.3,28.305297710919252
CLUSTER_119,Plant_7,pig_man,210.9,28.305297710919252
CLUSTER_119,Plant_7,rape_str,1302.0,28.305297710919252
CLUSTER_134,Plant_7,cattle_man,8431.4,23.87155709043419
CLUSTER_134,Plant_7,horse_man,721.52,23.87155709043419
CLUSTER_134,Plant_7,legume_str,277.13,23.87155709043419
CLUSTER_134,Plant_7,maize_str,712.3,23.87155709043419
CLUSTER_134,Plant_7,pig_man,1021.56,23.87155709043419
CLUSTER_134,Plant_7,rape_str,1039.3,23.87155709043419
CLUSTER_139,Plant_7,beet_leaf,3099.2,12.136463516270505
CLUSTER_139,Plant_7,cattle_man,3032.51,12.136463516270505
CLUSTER_139,Plant_7,clover_alfalfa_grass,1889.3,12.136463516270505
CLUSTER_139,Plant_7,horse_man,980.3,12.136463516270505
CLUSTER_139,Plant_7,legume_str,570.9,12.136463516270505
CLUSTER_139,Plant_7,pig_man,42.67,12.136463516270505
CLUSTER_139,Plant_7,rape_str,1083.5,12.136463516270505
CLUSTER_141,Plant_7,pig_man,111.971,99.97918156958188
CLUSTER_148,Plant_7,pig_man,361.14175,70.88631872262448
CLUSTER_153,Plant_7,pig_man,71.88691,74.63672345613024
CLUSTER_154,Plant_7,horse_man,347.6,34.374035027239046
CLUSTER_154,Plant_7,legume_str,348.1,34.374035027239046
CLUSTER_154,Plant_7,maize_str,84.14,34.374035027239046
CLUSTER_154,Plant_7,pig_man,309.885,34.374035027239046
CLUSTER_154,Plant_7,rape_str,1500.8,34.374035027239046
CLUSTER_156,Plant_7,beet_leaf,1645.165,18.01175980117659
CLUSTER_156,Plant_7,cattle_man,3713.2,18.01175980117659
CLUSTER_156,Plant_7,horse_man,1144.7,18.01175980117659
CLUSTER_156,Plant_7,legume_str,342.4,18.01175980117659
CLUSTER_156,Plant_7,maize_str,250.71100000000004,18.01175980117659
CLUSTER_156,Plant_7,pig_man,137.8229,18.01175980117659
CLUSTER_156,Plant_7,rape_str,1599.0,18.01175980117659
CLUSTER_158,Plant_7,cattle_man,792.0,14.260027397471996
CLUSTER_158,Plant_7,clover_alfalfa_grass,109.0,14.260027397471996
CLUSTER_158,Plant_7,horse_man,253.79999999999998,14.260027397471996
CLUSTER_158,Plant_7,legume_str,41.66,14.260027397471996
CLUSTER_158,Plant_7,rape_str,44.4,14.260027397471996
CLUSTER_16,Plant_7,cattle_man,11750.6,27.95988309721836
CLUSTER_16,Plant_7,horse_man,1532.4,27.95988309721836
CLUSTER_16,Plant_7,legume_str,320.2,27.95988309721836
CLUSTER_16,Plant_7,maize_str,361.46,27.95988309721836
CLUSTER_16,Plant_7,pig_man,563.7029,27.95988309721836
CLUSTER_16,Plant_7,rape_str,1459.3,27.95988309721836
CLUSTER_160,Plant_7,pig_man,238.759,85.97668891071633
CLUSTER_161,Plant_7,pig_man,1184.0,74.20995282075307
CLUSTER_163,Plant_7,horse_man,1805.0,56.781514190915146
CLUSTER_163,Plant_7,legume_str,26.23,56.781514190915146
CLUSTER_163,Plant_7,rape_str,435.3,56.781514190915146
CLUSTER_164,Plant_7,beet_leaf,410.7,17.015391092203725
CLUSTER_164,Plant_7,cattle_man,5420.0,17.015391092203725
CLUSTER_164,Plant_7,horse_man,1264.0,17.015391092203725
CLUSTER_164,Plant_7,legume_str,154.5,17.015391092203725
CLUSTER_164,Plant_7,maize_str,100.7,17.015391092203725
CLUSTER_164,Plant_7,pig_man,46.635000000000005,17.015391092203725
CLUSTER_164,Plant_7,rape_str,740.0,17.015391092203725
CLUSTER_170,Plant_7,cattle_man,2987.28,15.519336257794478
CLUSTER_170,Plant_7,horse_man,782.0,15.519336257794478
CLUSTER_170,Plant_7,maize_str,38.8,15.519336257794478
CLUSTER_170,Plant_7,rape_str,334.9,15.519336257794478
CLUSTER_172,Plant_7,horse_man,2882.7,37.24842902473733
CLUSTER_172,Plant_7,legume_str,102.3,37.24842902473733
CLUSTER_172,Plant_7,maize_str,54.92,37.24842902473733
CLUSTER_172,Plant_7,rape_str,473.5,37.24842902473733
CLUSTER_173,Plant_7,horse_man,973.0,43.01371728370807
CLUSTER_173,Plant_7,legume_str,245.0,43.01371728370807
CLUSTER_173,Plant_7,pig_man,64.52416,43.01371728370807
CLUSTER_173,Plant_7,rape_str,696.9,43.01371728370807
CLUSTER_177,Plant_7,horse_man,285.4,44.322083629170734
CLUSTER_177,Plant_7,legume_str,144.7,44.322083629170734
CLUSTER_177,Plant_7,maize_str,263.9,44.322083629170734
CLUSTER_177,Plant_7,pig_man,779.21,44.322083629170734
CLUSTER_177,Plant_7,rape_str,3337.0,44.322083629170734
CLUSTER_179,Plant_7,cattle_man,11220.0,32.95618327895701
CLUSTER_179,Plant_7,horse_man,1139.0,32.95618327895701
CLUSTER_179,Plant_7,legume_str,197.6,32.95618327895701
CLUSTER_179,Plant_7,pig_man,63.56600000000001,32.95618327895701
CLUSTER_179,Plant_7,rape_str,741.5,32.95618327895701
CLUSTER_181,Plant_7,horse_man,824.1,48.87129776956958
CLUSTER_181,Plant_7,legume_str,393.5,48.87129776956958
CLUSTER_181,Plant_7,maize_str,737.8,48.87129776956958
CLUSTER_181,Plant_7,pig_man,1482.4,48.87129776956958
CLUSTER_181,Plant_7,rape_str,425.5,48.87129776956958
CLUSTER_183,Plant_7,pig_man,458.82,98.7209422845007
CLUSTER_194,Plant_7,legume_str,213.55,63.936967996947416
CLUSTER_194,Plant_7,pig_man,308.943,63.936967996947416
CLUSTER_200,Plant_7,horse_man,797.9,59.43205305225239
CLUSTER_200,Plant_7,legume_str,199.5,59.43205305225239
CLUSTER_200,Plant_7,maize_str,105.4,59.43205305225239
CLUSTER_200,Plant_7,pig_man,508.565,59.43205305225239
CLUSTER_200,Plant_7,rape_str,2260.0,59.43205305225239
CLUSTER_213,Plant_7,cattle_man,3968.0,28.42412162327834
CLUSTER_213,Plant_7,horse_man,642.2,28.42412162327834
CLUSTER_213,Plant_7,legume_str,10.36,28.42412162327834
CLUSTER_213,Plant_7,rape_str,43.9,28.42412162327834
CLUSTER_217,Plant_7,pig_man,542.22,91.79126450311492
CLUSTER_222,Plant_7,pig_man,43.141,84.85754653861497
CLUSTER_23,Plant_7,horse_man,1920.4,44.37623250800405
CLUSTER_23,Plant_7,legume_str,30.65,44.37623250800405
CLUSTER_23,Plant_7,maize_str,518.53,44.37623250800405
CLUSTER_23,Plant_7,rape_str,579.28,44.37623250800405
CLUSTER_232,Plant_7,pig_man,245.34999999999997,91.5467567098064
CLUSTER_236,Plant_7,cattle_man,1177.4,25.53585472462775
CLUSTER_236,Plant_7,horse_man,1045.5,25.53585472462775
CLUSTER_236,Plant_7,legume_str,601.1,25.53585472462775
CLUSTER_236,Plant_7,maize_str,46.4,25.53585472462775
CLUSTER_236,Plant_7,pig_man,144.7,25.53585472462775
CLUSTER_236,Plant_7,rape_str,1247.0,25.53585472462775
CLUSTER_238,Plant_7,pig_man,123.38,67.32159972059712
CLUSTER_24,Plant_7,horse_man,1586.5,48.40372855487896
CLUSTER_24,Plant_7,legume_str,769.8,48.40372855487896
CLUSTER_24,Plant_7,maize_str,610.37,48.40372855487896
CLUSTER_24,Plant_7,pig_man,438.94,48.40372855487896
CLUSTER_24,Plant_7,rape_str,4848.0,48.40372855487896
CLUSTER_242,Plant_7,pig_man,257.9398,82.94521035115974
CLUSTER_246,Plant_7,cattle_man,2279.3,30.30346044425953
CLUSTER_246,Plant_7,horse_man,1160.4,30.30346044425953
CLUSTER_246,Plant_7,legume_str,345.0,30.30346044425953
CLUSTER_246,Plant_7,maize_str,156.3,30.30346044425953
CLUSTER_246,Plant_7,pig_man,400.322,30.30346044425953
CLUSTER_246,Plant_7,rape_str,1181.0,30.30346044425953
CLUSTER_247,Plant_7,horse_man,632.0,44.63497131951161
CLUSTER_247,Plant_7,legume_str,474.1,44.63497131951161
CLUSTER_247,Plant_7,maize_str,161.1,44.63497131951161
CLUSTER_247,Plant_7,pig_man,228.0,44.63497131951161
CLUSTER_247,Plant_7,rape_str,3410.0,44.63497131951161
CLUSTER_251,Plant_7,cattle_man,1718.4,22.507855739738005
CLUSTER_251,Plant_7,horse_man,239.3,22.507855739738005
CLUSTER_251,Plant_7,legume_str,633.1999999999999,22.507855739738005
CLUSTER_251,Plant_7,maize_str,70.9,22.507855739738005
CLUSTER_251,Plant_7,pig_man,335.71000000000004,22.507855739738005
CLUSTER_251,Plant_7,rape_str,2183.0,22.507855739738005
CLUSTER_255,Plant_7,pig_man,204.36,100.61722508051824
CLUSTER_260,Plant_7,horse_man,1035.0,37.71977281599006
CLUSTER_260,Plant_7,legume_str,66.4,37.71977281599006
CLUSTER_260,Plant_7,maize_str,57.0,37.71977281599006
CLUSTER_260,Plant_7,pig_man,45.446,37.71977281599006
CLUSTER_260,Plant_7,rape_str,97.5,37.71977281599006
CLUSTER_265,Plant_7,pig_man,39.79,105.47223071837428
CLUSTER_271,Plant_7,legume_str,258.8,65.74598552213621
CLUSTER_271,Plant_7,pig_man,831.7,65.74598552213621
CLUSTER_275,Plant_7,beet_leaf,3992.0,10.654847749840906
CLUSTER_275,Plant_7,cattle_man,3212.5,10.654847749840906
CLUSTER_275,Plant_7,clover_alfalfa_grass,2152.0,10.654847749840906
CLUSTER_275,Plant_7,horse_man,564.0,10.654847749840906
CLUSTER_275,Plant_7,legume_str,322.6,10.654847749840906
CLUSTER_275,Plant_7,maize_str,130.5,10.654847749840906
CLUSTER_275,Plant_7,rape_str,2420.0,10.654847749840906
CLUSTER_277,Plant_7,beet_leaf,7043.0,1.0052656643142417
CLUSTER_277,Plant_7,cattle_man,6870.0,1.0052656643142417
CLUSTER_277,Plant_7,cattle_slu,4845.1,1.0052656643142417
CLUSTER_277,Plant_7,clover_alfalfa_grass,3792.0,1.0052656643142417
CLUSTER_277,Plant_7,horse_man,872.3,1.0052656643142417
CLUSTER_277,Plant_7,legume_str,748.8,1.0052656643142417
CLUSTER_277,Plant_7,maize_str,52.900000000000006,1.0052656643142417
CLUSTER_277,Plant_7,pig_man,203.959,1.0052656643142417
CLUSTER_277,Plant_7,rape_str,2519.0,1.0052656643142417
CLUSTER_283,Plant_7,cattle_man,4490.4,32.90599292796782
CLUSTER_283,Plant_7,horse_man,349.112,32.90599292796782
CLUSTER_283,Plant_7,legume_str,287.6,32.90599292796782
CLUSTER_283,Plant_7,maize_str,483.1,32.90599292796782
CLUSTER_283,Plant_7,pig_man,1637.37,32.90599292796782
CLUSTER_283,Plant_7,rape_str,1599.65,32.90599292796782
CLUSTER_289,Plant_7,pig_man,222.68,66.06865341243115
CLUSTER_293,Plant_7,pig_man,338.2269,79.38908125796618
CLUSTER_294,Plant_7,pig_man,937.6,96.81793910397764
CLUSTER_298,Plant_7,horse_man,591.0,60.35749907118583
CLUSTER_298,Plant_7,legume_str,191.9,60.35749907118583
CLUSTER_298,Plant_7,maize_str,131.71,60.35749907118583
CLUSTER_298,Plant_7,rape_str,1018.0,60.35749907118583
CLUSTER_30,Plant_7,pig_man,2280.0,67.27358285816834
CLUSTER_310,Plant_7,horse_man,462.0,44.12968439601588
CLUSTER_310,Plant_7,legume_str,87.58,44.12968439601588
CLUSTER_310,Plant_7,maize_str,164.1,44.12968439601588
CLUSTER_310,Plant_7,pig_man,67.1,44.12968439601588
CLUSTER_310,Plant_7,rape_str,699.0,44.12968439601588
CLUSTER_314,Plant_7,pig_man,452.226,82.34386975190927
CLUSTER_317,Plant_7,legume_str,236.2,65.20902355042509
CLUSTER_317,Plant_7,pig_man,92.31,65.20902355042509
CLUSTER_318,Plant_7,horse_man,569.4,53.62379340939049
CLUSTER_318,Plant_7,legume_str,57.2,53.62379340939049
CLUSTER_318,Plant_7,maize_str,17.7,53.62379340939049
CLUSTER_318,Plant_7,rape_str,518.0,53.62379340939049
CLUSTER_320,Plant_7,horse_man,151.8,38.066930193010414
CLUSTER_320,Plant_7,legume_str,113.12,38.066930193010414
CLUSTER_320,Plant_7,maize_str,24.130000000000003,38.066930193010414
CLUSTER_320,Plant_7,pig_man,16.0,38.066930193010414
CLUSTER_320,Plant_7,rape_str,1162.3,38.066930193010414
CLUSTER_325,Plant_7,horse_man,3401.8,47.538376223232525
CLUSTER_325,Plant_7,legume_str,43.68,47.538376223232525
CLUSTER_325,Plant_7,maize_str,2223.0,47.538376223232525
CLUSTER_325,Plant_7,pig_man,710.15139,47.538376223232525
CLUSTER_325,Plant_7,rape_str,1476.0,47.538376223232525
CLUSTER_326,Plant_7,pig_man,707.3,82.32393480429204
CLUSTER_328,Plant_7,horse_man,333.38,57.28830229014521
CLUSTER_328,Plant_7,legume_str,524.0,57.28830229014521
CLUSTER_328,Plant_7,maize_str,276.0,57.28830229014521
CLUSTER_328,Plant_7,pig_man,824.57,57.28830229014521
CLUSTER_328,Plant_7,rape_str,1819.0,57.28830229014521
CLUSTER_332,Plant_7,beet_leaf,3292.0,18.75865197316761
CLUSTER_332,Plant_7,cattle_man,620.3,18.75865197316761
CLUSTER_332,Plant_7,horse_man,404.6,18.75865197316761
CLUSTER_332,Plant_7,legume_str,553.2,18.75865197316761
CLUSTER_332,Plant_7,maize_str,50.4,18.75865197316761
CLUSTER_332,Plant_7,pig_man,132.8458,18.75865197316761
CLUSTER_332,Plant_7,rape_str,1546.9,18.75865197316761
CLUSTER_334,Plant_7,horse_man,1501.5,50.56169832646789
CLUSTER_334,Plant_7,legume_str,53.6,50.56169832646789
CLUSTER_334,Plant_7,maize_str,648.16,50.56169832646789
CLUSTER_334,Plant_7,pig_man,214.22,50.56169832646789
CLUSTER_334,Plant_7,rape_str,438.62,50.56169832646789
CLUSTER_336,Plant_7,horse_man,579.9,39.499463812362166
CLUSTER_336,Plant_7,legume_str,270.07,39.499463812362166
CLUSTER_336,Plant_7,maize_str,516.74,39.499463812362166
CLUSTER_336,Plant_7,pig_man,552.236,39.499463812362166
CLUSTER_336,Plant_7,rape_str,912.3,39.499463812362166
CLUSTER_347,Plant_7,pig_man,55.193,92.09551973654814
CLUSTER_348,Plant_7,horse_man,429.0,57.51750978178469
CLUSTER_348,Plant_7,legume_str,156.9,57.51750978178469
CLUSTER_348,Plant_7,maize_str,65.0,57.51750978178469
CLUSTER_348,Plant_7,pig_man,264.2,57.51750978178469
CLUSTER_348,Plant_7,rape_str,718.0,57.51750978178469
CLUSTER_36,Plant_7,pig_man,1634.0,103.7328523587075
CLUSTER_361,Plant_7,horse_man,200.3,48.36223834666647
CLUSTER_361,Plant_7,legume_str,175.4,48.36223834666647
CLUSTER_361,Plant_7,maize_str,579.6,48.36223834666647
CLUSTER_361,Plant_7,pig_man,900.0,48.36223834666647
CLUSTER_361,Plant_7,rape_str,169.4,48.36223834666647
CLUSTER_364,Plant_7,horse_man,483.8,46.40251266557968
CLUSTER_364,Plant_7,legume_str,64.12,46.40251266557968
CLUSTER_364,Plant_7,maize_str,34.79,46.40251266557968
CLUSTER_364,Plant_7,rape_str,184.8,46.40251266557968
CLUSTER_367,Plant_7,pig_man,1184.2,89.38867233356126
CLUSTER_38,Plant_7,horse_man,253.79999999999998,51.21792481446901
CLUSTER_38,Plant_7,legume_str,159.5,51.21792481446901
CLUSTER_38,Plant_7,maize_str,30.0,51.21792481446901
CLUSTER_38,Plant_7,pig_man,315.61,51.21792481446901
CLUSTER_38,Plant_7,rape_str,891.0,51.21792481446901
CLUSTER_381,Plant_7,pig_man,167.133571,93.16735779284416
CLUSTER_388,Plant_7,cattle_man,490.4,24.672421718072997
CLUSTER_388,Plant_7,horse_man,410.3,24.672421718072997
CLUSTER_389,Plant_7,horse_man,483.0,37.045310580420654
CLUSTER_389,Plant_7,legume_str,294.0,37.045310580420654
CLUSTER_389,Plant_7,maize_str,132.9,37.045310580420654
CLUSTER_389,Plant_7,pig_man,58.461,37.045310580420654
CLUSTER_389,Plant_7,rape_str,826.81,37.045310580420654
CLUSTER_395,Plant_7,pig_man,29.4111,77.16605022965948
CLUSTER_4,Plant_7,horse_man,2532.2,48.61182441318033
CLUSTER_4,Plant_7,legume_str,531.23,48.61182441318033
CLUSTER_4,Plant_7,maize_str,287.90000000000003,48.61182441318033
CLUSTER_4,Plant_7,pig_man,730.49,48.61182441318033
CLUSTER_4,Plant_7,rape_str,2234.4,48.61182441318033
CLUSTER_405,Plant_7,horse_man,311.8,60.42166977269285
CLUSTER_405,Plant_7,legume_str,321.95,60.42166977269285
CLUSTER_405,Plant_7,maize_str,43.2,60.42166977269285
CLUSTER_405,Plant_7,pig_man,1316.0,60.42166977269285
CLUSTER_41,Plant_7,pig_man,16.8586,95.01964809958024
CLUSTER_410,Plant_7,cattle_man,8090.0,21.26493902837379
CLUSTER_410,Plant_7,horse_man,808.4,21.26493902837379
CLUSTER_410,Plant_7,legume_str,361.8,21.26493902837379
CLUSTER_410,Plant_7,maize_str,31.67,21.26493902837379
CLUSTER_410,Plant_7,pig_man,261.9019,21.26493902837379
CLUSTER_410,Plant_7,rape_str,2374.0,21.26493902837379
CLUSTER_417,Plant_7,horse_man,430.8,43.7904602389745
CLUSTER_417,Plant_7,legume_str,179.52,43.7904602389745
CLUSTER_417,Plant_7,maize_str,88.36,43.7904602389745
CLUSTER_417,Plant_7,pig_man,197.25,43.7904602389745
CLUSTER_417,Plant_7,rape_str,677.4,43.7904602389745
CLUSTER_418,Plant_7,pig_man,116.425,73.5501548727475
CLUSTER_420,Plant_7,pig_man,412.5,72.26904331196667
CLUSTER_424,Plant_7,beet_leaf,3601.0,12.306816788497914
CLUSTER_424,Plant_7,cattle_man,6654.0,12.306816788497914
CLUSTER_424,Plant_7,clover_alfalfa_grass,4204.0,12.306816788497914
CLUSTER_424,Plant_7,horse_man,879.04,12.306816788497914
CLUSTER_424,Plant_7,legume_str,524.5,12.306816788497914
CLUSTER_424,Plant_7,maize_str,42.1,12.306816788497914
CLUSTER_424,Plant_7,pig_man,185.966,12.306816788497914
CLUSTER_424,Plant_7,rape_str,2239.8,12.306816788497914
CLUSTER_425,Plant_7,pig_man,14.561,104.95236897049747
CLUSTER_426,Plant_7,horse_man,3962.2,41.76195454329249
CLUSTER_426,Plant_7,legume_str,76.906,41.76195454329249
CLUSTER_426,Plant_7,maize_str,506.6000000000001,41.76195454329249
CLUSTER_426,Plant_7,pig_man,46.733,41.76195454329249
CLUSTER_426,Plant_7,rape_str,345.91,41.76195454329249
CLUSTER_430,Plant_7,horse_man,480.0,49.74382125208189
CLUSTER_430,Plant_7,legume_str,108.18,49.74382125208189
CLUSTER_430,Plant_7,maize_str,59.93000000000001,49.74382125208189
CLUSTER_430,Plant_7,pig_man,159.375,49.74382125208189
CLUSTER_430,Plant_7,rape_str,1226.0,49.74382125208189
CLUSTER_433,Plant_7,pig_man,179.118,103.84970518949352
CLUSTER_444,Plant_7,pig_man,84.611,104.70699459845912
CLUSTER_445,Plant_7,legume_str,171.5,64.0470133761747
CLUSTER_445,Plant_7,pig_man,3700.0,64.0470133761747
CLUSTER_449,Plant_7,horse_man,518.500398,57.30945703066772
CLUSTER_449,Plant_7,legume_str,67.55,57.30945703066772
CLUSTER_449,Plant_7,maize_str,119.0,57.30945703066772
CLUSTER_449,Plant_7,pig_man,577.091,57.30945703066772
CLUSTER_449,Plant_7,rape_str,2855.0,57.30945703066772
CLUSTER_454,Plant_7,pig_man,279.8,93.88000104203682
CLUSTER_455,Plant_7,pig_man,488.40999999999997,71.99829118113958
CLUSTER_46,Plant_7,pig_man,83.87871,73.49004203742928
CLUSTER_460,Plant_7,pig_man,189.907,84.50834257581567
CLUSTER_462,Plant_7,pig_man,169.4,81.74854044042476
CLUSTER_465,Plant_7,pig_man,518.0,91.0883580229435
CLUSTER_467,Plant_7,pig_man,1040.9,93.70363255685308
CLUSTER_47,Plant_7,cattle_man,681.7,26.412694881457075
CLUSTER_47,Plant_7,horse_man,414.0,26.412694881457075
CLUSTER_47,Plant_7,rape_str,155.0,26.412694881457075
CLUSTER_483,Plant_7,horse_man,289.75,56.03669532859567
CLUSTER_483,Plant_7,legume_str,415.5,56.03669532859567
CLUSTER_483,Plant_7,maize_str,387.2,56.03669532859567
CLUSTER_483,Plant_7,pig_man,2458.9,56.03669532859567
CLUSTER_483,Plant_7,rape_str,440.9,56.03669532859567
CLUSTER_486,Plant_7,pig_man,772.0,74.80431594854893
CLUSTER_487,Plant_7,cattle_man,16400.0,27.20317193564784
CLUSTER_487,Plant_7,horse_man,431.5,27.20317193564784
CLUSTER_487,Plant_7,legume_str,702.12,27.20317193564784
CLUSTER_487,Plant_7,maize_str,637.4,27.20317193564784
CLUSTER_487,Plant_7,pig_man,299.25,27.20317193564784
CLUSTER_487,Plant_7,rape_str,1529.0,27.20317193564784
CLUSTER_49,Plant_7,cattle_man,9467.328896365258,33.77153964782777
CLUSTER_49,Plant_7,horse_man,1710.1,33.77153964782777
CLUSTER_49,Plant_7,legume_str,470.832,33.77153964782777
CLUSTER_49,Plant_7,maize_str,516.3,33.77153964782777
CLUSTER_49,Plant_7,pig_man,231.961,33.77153964782777
CLUSTER_49,Plant_7,rape_str,2778.0,33.77153964782777
CLUSTER_491,Plant_7,horse_man,277.6,52.590037728636815
CLUSTER_491,Plant_7,legume_str,275.7,52.590037728636815
CLUSTER_491,Plant_7,maize_str,50.9,52.590037728636815
CLUSTER_491,Plant_7,pig_man,236.64,52.590037728636815
CLUSTER_491,Plant_7,rape_str,1665.0,52.590037728636815
CLUSTER_494,Plant_7,horse_man,104.9,51.01676090914669
CLUSTER_494,Plant_7,legume_str,89.8,51.01676090914669
CLUSTER_494,Plant_7,maize_str,343.7,51.01676090914669
CLUSTER_494,Plant_7,pig_man,566.9,51.01676090914669
CLUSTER_494,Plant_7,rape_str,500.2,51.01676090914669
CLUSTER_497,Plant_7,beet_leaf,4640.0,7.019567315396364
CLUSTER_497,Plant_7,cattle_man,5760.0,7.019567315396364
CLUSTER_497,Plant_7,cattle_slu,2060.0,7.019567315396364
CLUSTER_497,Plant_7,clover_alfalfa_grass,770.4,7.019567315396364
CLUSTER_497,Plant_7,horse_man,138.1,7.019567315396364
CLUSTER_497,Plant_7,legume_str,206.1,7.019567315396364
CLUSTER_497,Plant_7,maize_str,25.5,7.019567315396364
CLUSTER_497,Plant_7,pig_man,347.9,7.019567315396364
CLUSTER_497,Plant_7,rape_str,1290.0,7.019567315396364
CLUSTER_506,Plant_7,horse_man,529.0,58.94561807957072
CLUSTER_506,Plant_7,legume_str,340.0,58.94561807957072
CLUSTER_506,Plant_7,maize_str,146.4,58.94561807957072
CLUSTER_506,Plant_7,pig_man,228.0325,58.94561807957072
CLUSTER_506,Plant_7,rape_str,1143.0,58.94561807957072
CLUSTER_519,Plant_7,horse_man,814.0,48.68953188275638
CLUSTER_519,Plant_7,legume_str,11.1,48.68953188275638
CLUSTER_524,Plant_7,pig_man,18.178,99.58808001087866
CLUSTER_525,Plant_7,pig_man,24.965,72.33663439253661
CLUSTER_526,Plant_7,pig_man,141.0,86.78719599198644
CLUSTER_530,Plant_7,horse_man,443.6,38.56270527630795
CLUSTER_530,Plant_7,legume_str,212.8,38.56270527630795
CLUSTER_530,Plant_7,pig_man,84.5,38.56270527630795
CLUSTER_530,Plant_7,rape_str,1253.0,38.56270527630795
CLUSTER_532,Plant_7,pig_man,411.16,80.71157184999096
CLUSTER_535,Plant_7,pig_man,303.3,95.43152492847084
CLUSTER_538,Plant_7,horse_man,768.4,35.32117444725449
CLUSTER_538,Plant_7,legume_str,213.05,35.32117444725449
CLUSTER_538,Plant_7,maize_str,24.6,35.32117444725449
CLUSTER_538,Plant_7,pig_man,151.197,35.32117444725449
CLUSTER_538,Plant_7,rape_str,957.0,35.32117444725449
CLUSTER_56,Plant_7,horse_man,1846.8,38.333436694996166
CLUSTER_56,Plant_7,legume_str,61.13,38.333436694996166
CLUSTER_56,Plant_7,maize_str,373.4,38.333436694996166
CLUSTER_56,Plant_7,pig_man,427.76,38.333436694996166
CLUSTER_56,Plant_7,rape_str,1531.2,38.333436694996166
CLUSTER_60,Plant_7,horse_man,2507.8,35.77281787227095
CLUSTER_60,Plant_7,legume_str,82.928,35.77281787227095
CLUSTER_60,Plant_7,maize_str,135.7,35.77281787227095
CLUSTER_60,Plant_7,pig_man,45.1582,35.77281787227095
CLUSTER_60,Plant_7,rape_str,542.5,35.77281787227095
CLUSTER_66,Plant_7,pig_man,180.310571,105.33894967391872
CLUSTER_75,Plant_7,horse_man,1454.5,47.92051728263619
CLUSTER_75,Plant_7,legume_str,172.5,47.92051728263619
CLUSTER_75,Plant_7,maize_str,550.06,47.92051728263619
CLUSTER_75,Plant_7,pig_man,1113.72,47.92051728263619
CLUSTER_75,Plant_7,rape_str,1046.1,47.92051728263619
CLUSTER_80,Plant_7,horse_man,210.9,52.10263785644535
CLUSTER_80,Plant_7,legume_str,346.7,52.10263785644535
CLUSTER_80,Plant_7,maize_str,115.0,52.10263785644535
CLUSTER_80,Plant_7,pig_man,275.303,52.10263785644535
CLUSTER_80,Plant_7,rape_str,3516.0,52.10263785644535
CLUSTER_87,Plant_7,horse_man,362.10543,39.624299510916615
CLUSTER_87,Plant_7,legume_str,729.0,39.624299510916615
CLUSTER_87,Plant_7,maize_str,676.6,39.624299510916615
CLUSTER_87,Plant_7,pig_man,544.04,39.624299510916615
CLUSTER_87,Plant_7,rape_str,922.9,39.624299510916615
CLUSTER_88,Plant_7,pig_man,46.485800000000005,86.84958686150823
CLUSTER_95,Plant_7,pig_man,778.92,67.56572984532804
CLUSTER_96,Plant_7,pig_man,107.14,106.50359098336446
CLUSTER_97,Plant_7,beet_leaf,10300.0,14.536153239650105
CLUSTER_97,Plant_7,cattle_man,4494.0,14.536153239650105
CLUSTER_97,Plant_7,clover_alfalfa_grass,9077.0,14.536153239650105
CLUSTER_97,Plant_7,horse_man,1266.8,14.536153239650105
CLUSTER_97,Plant_7,legume_str,684.7,14.536153239650105
CLUSTER_97,Plant_7,maize_str,150.8,14.536153239650105
CLUSTER_97,Plant_7,pig_man,302.6467,14.536153239650105
CLUSTER_97,Plant_7,rape_str,3629.0,14.536153239650105
CLUSTER_1,Plant_8,horse_man,642.4,73.40693347089194
CLUSTER_1,Plant_8,pig_man,381.6,73.40693347089194
CLUSTER_100,Plant_8,pig_man,69.61,80.48397363510217
CLUSTER_101,Plant_8,horse_man,1895.41,46.378284322887644
CLUSTER_101,Plant_8,pig_man,311.45,46.378284322887644
CLUSTER_103,Plant_8,horse_man,678.2,58.38373614897337
CLUSTER_103,Plant_8,pig_man,791.300184,58.38373614897337
CLUSTER_105,Plant_8,horse_man,2293.0,74.70351765286289
CLUSTER_106,Plant_8,horse_man,1081.1,62.59606458515473
CLUSTER_106,Plant_8,pig_man,245.613,62.59606458515473
CLUSTER_107,Plant_8,cattle_man,13402.1,39.15266808559954
CLUSTER_107,Plant_8,horse_man,1668.9,39.15266808559954
CLUSTER_107,Plant_8,pig_man,993.2,39.15266808559954
CLUSTER_111,Plant_8,cattle_man,13173.0,40.65214791313525
CLUSTER_111,Plant_8,horse_man,2114.0,40.65214791313525
CLUSTER_111,Plant_8,pig_man,262.226,40.65214791313525
CLUSTER_116,Plant_8,horse_man,1252.0,72.75109713978827
CLUSTER_116,Plant_8,pig_man,144.5,72.75109713978827
CLUSTER_117,Plant_8,pig_man,153.071,110.42390334075046
CLUSTER_118,Plant_8,horse_man,710.0,57.11914328832841
CLUSTER_12,Plant_8,pig_man,96.610847,122.86307313505117
CLUSTER_122,Plant_8,pig_man,40.78257,104.59156696671631
CLUSTER_123,Plant_8,cattle_man,9000.0,22.48625221139733
CLUSTER_123,Plant_8,horse_man,1614.0,22.48625221139733
CLUSTER_123,Plant_8,pig_man,92.5800179,22.48625221139733
CLUSTER_125,Plant_8,pig_man,536.0,98.75547028608275
CLUSTER_126,Plant_8,pig_man,2894.0,100.96766439035125
CLUSTER_127,Plant_8,horse_man,2828.1,48.80368168777664
CLUSTER_128,Plant_8,cattle_man,10124.4,33.26007370002238
CLUSTER_128,Plant_8,horse_man,2411.7,33.26007370002238
CLUSTER_128,Plant_8,pig_man,539.0,33.26007370002238
CLUSTER_129,Plant_8,cattle_man,8284.0,32.12508457442198
CLUSTER_129,Plant_8,horse_man,1743.9,32.12508457442198
CLUSTER_129,Plant_8,pig_man,245.9917,32.12508457442198
CLUSTER_13,Plant_8,horse_man,4880.0,59.31069830146211
CLUSTER_13,Plant_8,pig_man,152.17000000000002,59.31069830146211
CLUSTER_131,Plant_8,pig_man,1497.8,107.07084844605002
CLUSTER_132,Plant_8,cattle_man,7032.59,8.286852641775132
CLUSTER_132,Plant_8,cattle_slu,23140.0,8.286852641775132
CLUSTER_132,Plant_8,horse_man,795.885,8.286852641775132
CLUSTER_132,Plant_8,pig_man,943.9,8.286852641775132
CLUSTER_137,Plant_8,pig_man,11.12,86.95869636833994
CLUSTER_138,Plant_8,cattle_man,10203.0,19.345328498355524
CLUSTER_138,Plant_8,horse_man,665.1,19.345328498355524
CLUSTER_138,Plant_8,pig_man,1203.8,19.345328498355524
CLUSTER_14,Plant_8,cattle_man,9659.0,11.6195810247086
CLUSTER_14,Plant_8,cattle_slu,49630.0,11.6195810247086
CLUSTER_14,Plant_8,horse_man,2695.2,11.6195810247086
CLUSTER_14,Plant_8,pig_man,256.805,11.6195810247086
CLUSTER_140,Plant_8,pig_man,765.7,137.413901231059
CLUSTER_141,Plant_8,pig_man,111.971,102.88592493567806
CLUSTER_142,Plant_8,pig_man,67.2671,115.84885921692717
CLUSTER_144,Plant_8,horse_man,1888.0,50.31090792659079
CLUSTER_144,Plant_8,pig_man,1094.5,50.31090792659079
CLUSTER_145,Plant_8,horse_man,1174.0,45.84372065519319
CLUSTER_145,Plant_8,pig_man,104.2,45.84372065519319
CLUSTER_148,Plant_8,pig_man,361.14175,128.79054995422436
CLUSTER_149,Plant_8,pig_man,19.0894,137.2686899161655
CLUSTER_15,Plant_8,pig_man,68.319,111.31892229259626
CLUSTER_151,Plant_8,pig_man,33.274,95.63761059400792
CLUSTER_152,Plant_8,horse_man,2493.3,62.64200838589276
CLUSTER_152,Plant_8,pig_man,174.14849999999998,62.64200838589276
CLUSTER_160,Plant_8,pig_man,238.759,118.02823088200064
CLUSTER_161,Plant_8,pig_man,1184.0,103.92711747570182
CLUSTER_162,Plant_8,horse_man,3375.9,60.87660486229306
CLUSTER_162,Plant_8,pig_man,126.94,60.87660486229306
CLUSTER_165,Plant_8,pig_man,1019.9,110.03184575225774
CLUSTER_166,Plant_8,horse_man,763.7,45.84310700498239
CLUSTER_166,Plant_8,pig_man,110.044731,45.84310700498239
CLUSTER_169,Plant_8,horse_man,1079.5,73.05103481549916
CLUSTER_169,Plant_8,pig_man,332.076,73.05103481549916
CLUSTER_171,Plant_8,horse_man,1981.0000000000002,69.33973799057591
CLUSTER_171,Plant_8,pig_man,887.0,69.33973799057591
CLUSTER_175,Plant_8,pig_man,35.4,121.3303528169952
CLUSTER_176,Plant_8,cattle_man,2533.2,36.46831759485335
CLUSTER_176,Plant_8,horse_man,750.0,36.46831759485335
CLUSTER_176,Plant_8,pig_man,232.96,36.46831759485335
CLUSTER_178,Plant_8,horse_man,5256.0,72.6159494672304
CLUSTER_180,Plant_8,pig_man,6160.0,104.23126021109636
CLUSTER_181,Plant_8,pig_man,1482.4,133.02678301779983
CLUSTER_182,Plant_8,cattle_man,9590.0,30.239235391768005
CLUSTER_182,Plant_8,horse_man,2035.0,30.239235391768005
CLUSTER_182,Plant_8,pig_man,1527.0,30.239235391768005
CLUSTER_183,Plant_8,pig_man,458.82,79.44746555759258
CLUSTER_184,Plant_8,pig_man,1364.0,128.40991433771907
CLUSTER_186,Plant_8,pig_man,471.4,106.75272863599128
CLUSTER_187,Plant_8,cattle_man,4002.9999999999995,27.52680865015114
CLUSTER_187,Plant_8,horse_man,2955.0,27.52680865015114
CLUSTER_187,Plant_8,pig_man,939.3,27.52680865015114
CLUSTER_188,Plant_8,pig_man,27.346000000000004,91.48496030079184
CLUSTER_190,Plant_8,horse_man,1595.7,58.35205528205077
CLUSTER_190,Plant_8,pig_man,1086.0,58.35205528205077
CLUSTER_20,Plant_8,pig_man,3376.0,119.83535423704672
CLUSTER_201,Plant_8,horse_man,2174.1,50.94949197650971
CLUSTER_204,Plant_8,pig_man,37.494,82.4571436286886
CLUSTER_205,Plant_8,pig_man,123.23616,132.11559206800914
CLUSTER_206,Plant_8,horse_man,726.8,49.79389295219047
CLUSTER_206,Plant_8,pig_man,146.60494999999997,49.79389295219047
CLUSTER_209,Plant_8,horse_man,1265.6,57.96797334593781
CLUSTER_210,Plant_8,horse_man,779.0,45.20303039376607
CLUSTER_210,Plant_8,pig_man,122.09999999999998,45.20303039376607
CLUSTER_212,Plant_8,pig_man,132.0,82.28349565123806
CLUSTER_219,Plant_8,horse_man,452.0,68.63142968252225
CLUSTER_219,Plant_8,pig_man,686.0,68.63142968252225
CLUSTER_22,Plant_8,pig_man,696.0,116.54172028465597
CLUSTER_229,Plant_8,cattle_man,1142.8,27.36952687510752
CLUSTER_229,Plant_8,horse_man,466.3,27.36952687510752
CLUSTER_229,Plant_8,pig_man,38.028209,27.36952687510752
CLUSTER_230,Plant_8,pig_man,156.99,126.21701783199978
CLUSTER_232,Plant_8,pig_man,245.34999999999997,89.32694906929919
CLUSTER_235,Plant_8,cattle_man,3182.0,8.57542110540176
CLUSTER_235,Plant_8,cattle_slu,11970.0,8.57542110540176
CLUSTER_235,Plant_8,horse_man,1307.7,8.57542110540176
CLUSTER_235,Plant_8,pig_man,439.78,8.57542110540176
CLUSTER_237,Plant_8,horse_man,478.63,62.02355758479513
CLUSTER_237,Plant_8,pig_man,687.516,62.02355758479513
CLUSTER_239,Plant_8,horse_man,2882.5,65.400389646658
CLUSTER_239,Plant_8,pig_man,931.74,65.400389646658
CLUSTER_240,Plant_8,pig_man,24.931,124.77520820550892
CLUSTER_242,Plant_8,pig_man,257.9398,112.09558282416916
CLUSTER_248,Plant_8,horse_man,258.4,45.40189707417827
CLUSTER_248,Plant_8,pig_man,337.0,45.40189707417827
CLUSTER_253,Plant_8,horse_man,3082.0,45.95633087335086
CLUSTER_253,Plant_8,pig_man,379.28,45.95633087335086
CLUSTER_256,Plant_8,horse_man,2930.0,65.3255542560556
CLUSTER_256,Plant_8,pig_man,14.8359,65.3255542560556
CLUSTER_257,Plant_8,pig_man,1704.41,91.8752164496216
CLUSTER_259,Plant_8,pig_man,260.08,135.23144990651176
CLUSTER_262,Plant_8,pig_man,55.52,125.55491403693262
CLUSTER_263,Plant_8,horse_man,3265.0,53.65976608963105
CLUSTER_263,Plant_8,pig_man,198.21,53.65976608963105
CLUSTER_264,Plant_8,horse_man,387.684,70.61099769625474
CLUSTER_264,Plant_8,pig_man,100.19925,70.61099769625474
CLUSTER_266,Plant_8,pig_man,616.51,80.68325260798468
CLUSTER_267,Plant_8,pig_man,778.8,111.17626080084152
CLUSTER_278,Plant_8,horse_man,660.7,61.77271830110656
CLUSTER_278,Plant_8,pig_man,334.991,61.77271830110656
CLUSTER_279,Plant_8,pig_man,723.8400164000001,98.34718135821048
CLUSTER_288,Plant_8,pig_man,786.0,95.78073904630226
CLUSTER_290,Plant_8,pig_man,122.18799999999999,110.50642954627264
CLUSTER_294,Plant_8,pig_man,937.6,90.7205074873554
CLUSTER_297,Plant_8,horse_man,3459.0,45.70496436136611
CLUSTER_297,Plant_8,pig_man,153.126,45.70496436136611
CLUSTER_3,Plant_8,horse_man,5877.0,68.09572443863685
CLUSTER_3,Plant_8,pig_man,16.916,68.09572443863685
CLUSTER_30,Plant_8,pig_man,2280.0,116.1015937886517
CLUSTER_300,Plant_8,pig_man,581.8449999999999,91.3135479395805
CLUSTER_301,Plant_8,pig_man,225.23,137.50116529423818
CLUSTER_303,Plant_8,cattle_man,3262.0,35.63999605656786
CLUSTER_303,Plant_8,horse_man,1570.0,35.63999605656786
CLUSTER_303,Plant_8,pig_man,1707.0,35.63999605656786
CLUSTER_305,Plant_8,cattle_man,4426.0,22.527359435184245
CLUSTER_305,Plant_8,horse_man,533.2,22.527359435184245
CLUSTER_305,Plant_8,pig_man,388.58,22.527359435184245
CLUSTER_306,Plant_8,pig_man,479.4,78.51283477492123
CLUSTER_31,Plant_8,pig_man,390.4,129.18080132017846
CLUSTER_313,Plant_8,horse_man,2810.0,70.28211639890296
CLUSTER_313,Plant_8,pig_man,14.107,70.28211639890296
CLUSTER_314,Plant_8,pig_man,452.226,101.4183414687247
CLUSTER_315,Plant_8,cattle_man,6294.0,38.86953365156562
CLUSTER_315,Plant_8,horse_man,1179.8,38.86953365156562
CLUSTER_315,Plant_8,pig_man,304.38530000000003,38.86953365156562
CLUSTER_316,Plant_8,cattle_man,7202.0,17.385974606720673
CLUSTER_316,Plant_8,horse_man,1505.3,17.385974606720673
CLUSTER_316,Plant_8,pig_man,1285.8,17.385974606720673
CLUSTER_321,Plant_8,pig_man,53.32708,116.00106388579302
CLUSTER_322,Plant_8,pig_man,57.48,104.26029418119376
CLUSTER_323,Plant_8,pig_man,275.81,105.58220748370869
CLUSTER_324,Plant_8,cattle_man,6315.0,41.7262686454688
CLUSTER_324,Plant_8,horse_man,736.19,41.7262686454688
CLUSTER_324,Plant_8,pig_man,258.47,41.7262686454688
CLUSTER_330,Plant_8,pig_man,378.71,130.6408869567099
CLUSTER_337,Plant_8,cattle_man,13540.0,29.713610172359783
CLUSTER_337,Plant_8,horse_man,1000.0599999999998,29.713610172359783
CLUSTER_338,Plant_8,cattle_man,6102.530000000001,40.832259073178506
CLUSTER_338,Plant_8,horse_man,816.0,40.832259073178506
CLUSTER_338,Plant_8,pig_man,496.0,40.832259073178506
CLUSTER_339,Plant_8,cattle_man,3014.917,21.56227308071127
CLUSTER_339,Plant_8,horse_man,2136.8,21.56227308071127
CLUSTER_339,Plant_8,pig_man,586.97,21.56227308071127
CLUSTER_34,Plant_8,horse_man,3660.3,61.115573231814885
CLUSTER_34,Plant_8,pig_man,547.047,61.115573231814885
CLUSTER_340,Plant_8,horse_man,1279.0,69.61495625774012
CLUSTER_340,Plant_8,pig_man,150.7,69.61495625774012
CLUSTER_341,Plant_8,horse_man,2031.7999999999997,49.8685129623592
CLUSTER_341,Plant_8,pig_man,160.94299999999998,49.8685129623592
CLUSTER_342,Plant_8,horse_man,2247.0,55.4057419050207
CLUSTER_342,Plant_8,pig_man,109.9,55.4057419050207
CLUSTER_344,Plant_8,cattle_man,9980.0,41.97070929448476
CLUSTER_344,Plant_8,horse_man,1961.0,41.97070929448476
CLUSTER_344,Plant_8,pig_man,347.5,41.97070929448476
CLUSTER_345,Plant_8,horse_man,3059.0,68.95626874120734
CLUSTER_345,Plant_8,pig_man,131.752025,68.95626874120734
CLUSTER_348,Plant_8,pig_man,264.2,136.40068826552186
CLUSTER_349,Plant_8,horse_man,668.0,50.16092492182595
CLUSTER_349,Plant_8,pig_man,105.746,50.16092492182595
CLUSTER_35,Plant_8,horse_man,655.3,70.81047394970864
CLUSTER_35,Plant_8,pig_man,754.8290000000001,70.81047394970864
CLUSTER_351,Plant_8,pig_man,456.3,83.73389730067652
CLUSTER_352,Plant_8,pig_man,32.1,89.88135635364064
CLUSTER_353,Plant_8,cattle_man,9000.0,31.958466088430036
CLUSTER_353,Plant_8,horse_man,840.0,31.958466088430036
CLUSTER_353,Plant_8,pig_man,473.0,31.958466088430036
CLUSTER_354,Plant_8,pig_man,883.52,125.92769855200272
CLUSTER_361,Plant_8,pig_man,900.0,130.0056095423995
CLUSTER_362,Plant_8,horse_man,2769.0,67.79146613925359
CLUSTER_363,Plant_8,pig_man,154.91,110.7891353799799
CLUSTER_365,Plant_8,cattle_man,16119.999999999998,18.888210514780106
CLUSTER_365,Plant_8,horse_man,1341.0,18.888210514780106
CLUSTER_366,Plant_8,horse_man,199.48,58.181810919056936
CLUSTER_368,Plant_8,cattle_man,6947.0,37.287002067294914
CLUSTER_368,Plant_8,horse_man,1001.7000000000002,37.287002067294914
CLUSTER_368,Plant_8,pig_man,61.345000000000006,37.287002067294914
CLUSTER_37,Plant_8,pig_man,3353.8,134.22445592120803
CLUSTER_371,Plant_8,pig_man,228.32,97.9927999103013
CLUSTER_373,Plant_8,horse_man,1879.8,72.15451007968935
CLUSTER_376,Plant_8,cattle_man,2955.0,35.550376700528886
CLUSTER_376,Plant_8,horse_man,494.96000000000004,35.550376700528886
CLUSTER_376,Plant_8,pig_man,263.4000241,35.550376700528886
CLUSTER_377,Plant_8,cattle_man,1881.3,36.46834431969097
CLUSTER_377,Plant_8,horse_man,627.7,36.46834431969097
CLUSTER_377,Plant_8,pig_man,294.4,36.46834431969097
CLUSTER_378,Plant_8,pig_man,297.007,129.38986764549762
CLUSTER_379,Plant_8,horse_man,612.5,60.56123258110486
CLUSTER_381,Plant_8,pig_man,167.133571,120.0534460171022
CLUSTER_382,Plant_8,horse_man,1045.0,58.33095653600235
CLUSTER_382,Plant_8,pig_man,429.0,58.33095653600235
CLUSTER_383,Plant_8,cattle_man,4512.0,31.89323126319118
CLUSTER_383,Plant_8,horse_man,1382.2,31.89323126319118
CLUSTER_383,Plant_8,pig_man,350.7,31.89323126319118
CLUSTER_390,Plant_8,horse_man,147.848,69.09755592031654
CLUSTER_390,Plant_8,pig_man,1056.886,69.09755592031654
CLUSTER_392,Plant_8,pig_man,46.5,117.32835609909134
CLUSTER_393,Plant_8,cattle_man,1357.0,1.8405867194537708
CLUSTER_393,Plant_8,cattle_slu,6467.0,1.8405867194537708
CLUSTER_393,Plant_8,horse_man,968.1,1.8405867194537708
CLUSTER_394,Plant_8,pig_man,434.7,79.6817597004161
CLUSTER_395,Plant_8,pig_man,29.4111,130.5432163731035
CLUSTER_397,Plant_8,pig_man,80.291,119.29615513391433
CLUSTER_399,Plant_8,pig_man,646.33,99.58495774680723
CLUSTER_40,Plant_8,pig_man,213.46,134.0723020198484
CLUSTER_400,Plant_8,pig_man,2588.0,132.3522561134694
CLUSTER_403,Plant_8,pig_man,782.0,119.01792337809133
CLUSTER_404,Plant_8,pig_man,75.63,97.25079638569495
CLUSTER_405,Plant_8,pig_man,1316.0,126.91286739066392
CLUSTER_408,Plant_8,pig_man,511.6000000000001,131.96989878702158
CLUSTER_411,Plant_8,cattle_man,5031.116960176607,43.29124931188326
CLUSTER_411,Plant_8,horse_man,1163.4,43.29124931188326
CLUSTER_411,Plant_8,pig_man,527.79,43.29124931188326
CLUSTER_415,Plant_8,horse_man,3241.0,60.16957873945348
CLUSTER_42,Plant_8,cattle_man,15075.0,23.944949687536237
CLUSTER_42,Plant_8,horse_man,1097.5,23.944949687536237
CLUSTER_42,Plant_8,pig_man,1804.5,23.944949687536237
CLUSTER_420,Plant_8,pig_man,412.5,120.50915383070718
CLUSTER_423,Plant_8,pig_man,669.519,106.48212189023202
CLUSTER_427,Plant_8,cattle_man,8930.0,26.731716643057883
CLUSTER_427,Plant_8,horse_man,3104.5,26.731716643057883
CLUSTER_427,Plant_8,pig_man,799.2,26.731716643057883
CLUSTER_428,Plant_8,horse_man,792.0,48.82738070193161
CLUSTER_428,Plant_8,pig_man,58.397,48.82738070193161
CLUSTER_43,Plant_8,pig_man,36.5,79.17229074893254
CLUSTER_431,Plant_8,horse_man,1912.0,52.786456987264046
CLUSTER_431,Plant_8,pig_man,238.34,52.786456987264046
CLUSTER_432,Plant_8,cattle_man,3340.0,38.530434804493936
CLUSTER_432,Plant_8,horse_man,1122.3,38.530434804493936
CLUSTER_432,Plant_8,pig_man,80.1,38.530434804493936
CLUSTER_433,Plant_8,pig_man,179.118,79.86957527930743
CLUSTER_434,Plant_8,horse_man,816.4,69.0316211390609
CLUSTER_435,Plant_8,pig_man,46.49,96.87417094309252
CLUSTER_44,Plant_8,cattle_man,14660.0,32.89168459621212
CLUSTER_44,Plant_8,horse_man,1288.0,32.89168459621212
CLUSTER_441,Plant_8,pig_man,1272.0,91.04641455637032
CLUSTER_443,Plant_8,horse_man,1016.9999999999999,55.01683716536661
CLUSTER_445,Plant_8,pig_man,3700.0,114.79697147141152
CLUSTER_446,Plant_8,cattle_man,11600.0,35.731265317187884
CLUSTER_446,Plant_8,horse_man,1600.0,35.731265317187884
CLUSTER_446,Plant_8,pig_man,216.2920123,35.731265317187884
CLUSTER_447,Plant_8,horse_man,3973.0,69.20698014917778
CLUSTER_447,Plant_8,pig_man,67.14,69.20698014917778
CLUSTER_451,Plant_8,pig_man,528.0,99.849756744425
CLUSTER_452,Plant_8,cattle_man,3960.0,26.41157719042075
CLUSTER_452,Plant_8,horse_man,922.0,26.41157719042075
CLUSTER_452,Plant_8,pig_man,550.0,26.41157719042075
CLUSTER_453,Plant_8,pig_man,269.0,132.18472308600693
CLUSTER_454,Plant_8,pig_man,279.8,99.20149063216812
CLUSTER_458,Plant_8,horse_man,2320.0,72.38192464247102
CLUSTER_459,Plant_8,horse_man,167.4,53.20731159538444
CLUSTER_459,Plant_8,pig_man,243.8,53.20731159538444
CLUSTER_460,Plant_8,pig_man,189.907,93.51319751587248
CLUSTER_462,Plant_8,pig_man,169.4,97.12944781885578
CLUSTER_463,Plant_8,horse_man,384.3,53.62049586303433
CLUSTER_463,Plant_8,pig_man,180.00319,53.62049586303433
CLUSTER_464,Plant_8,horse_man,752.0,52.43284006830575
CLUSTER_464,Plant_8,pig_man,54.032,52.43284006830575
CLUSTER_466,Plant_8,pig_man,43.27128999999999,86.10930543344836
CLUSTER_469,Plant_8,horse_man,840.0,57.37486439668902
CLUSTER_469,Plant_8,pig_man,324.0,57.37486439668902
CLUSTER_478,Plant_8,cattle_man,1374.0,41.45609597485696
CLUSTER_478,Plant_8,horse_man,340.1,41.45609597485696
CLUSTER_478,Plant_8,pig_man,35.400000000000006,41.45609597485696
CLUSTER_479,Plant_8,cattle_man,6870.0,19.053414198994787
CLUSTER_479,Plant_8,horse_man,1092.0,19.053414198994787
CLUSTER_48,Plant_8,pig_man,1701.4,96.9011931021254
CLUSTER_481,Plant_8,pig_man,527.3,87.08179523724388
CLUSTER_482,Plant_8,pig_man,28.99635,129.9166550772352
CLUSTER_483,Plant_8,pig_man,2458.9,123.53332663652796
CLUSTER_485,Plant_8,cattle_man,3740.0,19.55435224850256
CLUSTER_485,Plant_8,horse_man,1447.0,19.55435224850256
CLUSTER_485,Plant_8,pig_man,19.72,19.55435224850256
CLUSTER_486,Plant_8,pig_man,772.0,105.03753816815832
CLUSTER_490,Plant_8,pig_man,105.9,89.22537297267333
CLUSTER_494,Plant_8,pig_man,566.9,127.15207562342616
CLUSTER_495,Plant_8,horse_man,1575.0,59.26467934790118
CLUSTER_495,Plant_8,pig_man,180.446,59.26467934790118
CLUSTER_496,Plant_8,cattle_man,6675.3,31.863082046425625
CLUSTER_496,Plant_8,horse_man,451.0,31.863082046425625
CLUSTER_496,Plant_8,pig_man,687.3,31.863082046425625
CLUSTER_499,Plant_8,horse_man,3670.0,48.215261644849136
CLUSTER_499,Plant_8,pig_man,128.13,48.215261644849136
CLUSTER_500,Plant_8,cattle_man,5430.0,41.74420926663655
CLUSTER_500,Plant_8,horse_man,798.0,41.74420926663655
CLUSTER_500,Plant_8,pig_man,32.309999999999995,41.74420926663655
CLUSTER_501,Plant_8,pig_man,1378.0,115.57779328345126
CLUSTER_502,Plant_8,horse_man,2093.0,69.4908418476874
CLUSTER_504,Plant_8,pig_man,442.0,88.72496240035301
CLUSTER_507,Plant_8,cattle_man,9890.0,43.15771835079072
CLUSTER_507,Plant_8,horse_man,1199.4,43.15771835079072
CLUSTER_511,Plant_8,cattle_man,2498.0,30.07821191481086
CLUSTER_511,Plant_8,horse_man,1308.3100000000002,30.07821191481086
CLUSTER_511,Plant_8,pig_man,317.6,30.07821191481086
CLUSTER_512,Plant_8,pig_man,391.0,137.64627203793373
CLUSTER_515,Plant_8,cattle_man,990.9999999999999,27.3559725170927
CLUSTER_515,Plant_8,horse_man,126.2,27.3559725170927
CLUSTER_515,Plant_8,pig_man,1089.0,27.3559725170927
CLUSTER_52,Plant_8,pig_man,917.46,82.81163071103283
CLUSTER_523,Plant_8,pig_man,56.7,106.4800046265564
CLUSTER_524,Plant_8,pig_man,18.178,133.07648647045943
CLUSTER_527,Plant_8,pig_man,48.0347,116.2056871951247
CLUSTER_531,Plant_8,cattle_man,750.0,26.225572907439854
CLUSTER_531,Plant_8,horse_man,424.9,26.225572907439854
CLUSTER_531,Plant_8,pig_man,133.0,26.225572907439854
CLUSTER_532,Plant_8,pig_man,411.16,106.91664258780642
CLUSTER_533,Plant_8,cattle_man,693.0,42.9578003599347
CLUSTER_533,Plant_8,horse_man,654.0,42.9578003599347
CLUSTER_533,Plant_8,pig_man,70.10000000000001,42.9578003599347
CLUSTER_534,Plant_8,cattle_man,2189.0,31.14912837376667
CLUSTER_534,Plant_8,horse_man,1873.6,31.14912837376667
CLUSTER_534,Plant_8,pig_man,1003.0,31.14912837376667
CLUSTER_536,Plant_8,pig_man,168.6,131.99444495110936
CLUSTER_543,Plant_8,horse_man,158.9,54.546113051639104
CLUSTER_543,Plant_8,pig_man,36.089,54.546113051639104
CLUSTER_544,Plant_8,pig_man,15.550000000000002,89.6901266188986
CLUSTER_545,Plant_8,pig_man,227.1,81.38073616140387
CLUSTER_548,Plant_8,horse_man,2324.0,67.32785785547796
CLUSTER_55,Plant_8,pig_man,46.48,126.10506403042652
CLUSTER_6,Plant_8,horse_man,339.439139,47.13909181966876
CLUSTER_6,Plant_8,pig_man,1816.7,47.13909181966876
CLUSTER_62,Plant_8,pig_man,33.995,123.44322026687075
CLUSTER_63,Plant_8,horse_man,6166.0,53.28806150485763
CLUSTER_63,Plant_8,pig_man,79.20406,53.28806150485763
CLUSTER_64,Plant_8,pig_man,1190.4,129.0219313708048
CLUSTER_65,Plant_8,pig_man,165.989,101.76644730228482
CLUSTER_66,Plant_8,horse_man,880.00908,74.39178344318054
CLUSTER_66,Plant_8,pig_man,180.310571,74.39178344318054
CLUSTER_69,Plant_8,pig_man,1247.43,114.91904086469172
CLUSTER_7,Plant_8,pig_man,353.272,123.52495112592312
CLUSTER_71,Plant_8,pig_man,226.348,88.95827718591941
CLUSTER_72,Plant_8,pig_man,949.3,93.08240740946894
CLUSTER_73,Plant_8,pig_man,3455.0,116.77328207389156
CLUSTER_76,Plant_8,pig_man,125.42999999999999,84.1884686990788
CLUSTER_77,Plant_8,pig_man,82.7,110.575960949086
CLUSTER_78,Plant_8,pig_man,141.0,76.44340539570075
CLUSTER_8,Plant_8,pig_man,13.2831,102.7145994489378
CLUSTER_81,Plant_8,pig_man,12.9891,122.76472188411364
CLUSTER_82,Plant_8,horse_man,1220.1,44.05351003492279
CLUSTER_82,Plant_8,pig_man,554.226263,44.05351003492279
CLUSTER_83,Plant_8,cattle_man,8530.0,11.166885775578182
CLUSTER_83,Plant_8,cattle_slu,46620.0,11.166885775578182
CLUSTER_83,Plant_8,horse_man,2092.0,11.166885775578182
CLUSTER_83,Plant_8,pig_man,44.2,11.166885775578182
CLUSTER_84,Plant_8,horse_man,4351.0,59.87933206883276
CLUSTER_86,Plant_8,horse_man,1875.0,74.84160457776356
CLUSTER_87,Plant_8,pig_man,544.04,138.41142209942757
CLUSTER_88,Plant_8,pig_man,46.485800000000005,127.4750592379647
CLUSTER_89,Plant_8,pig_man,499.7749999999999,109.13748540728136
CLUSTER_9,Plant_8,cattle_man,4512.6,16.15584744969609
CLUSTER_9,Plant_8,horse_man,1859.2,16.15584744969609
CLUSTER_9,Plant_8,pig_man,1813.0,16.15584744969609
CLUSTER_92,Plant_8,pig_man,122.73699999999998,138.53281066127576
CLUSTER_96,Plant_8,pig_man,107.14,110.08859497037108
CLUSTER_10,Plant_9,pig_man,15.9693,93.41224188349932
CLUSTER_108,Plant_9,horse_man,2893.0,33.19339009265849
CLUSTER_108,Plant_9,legume_str,386.8,33.19339009265849
CLUSTER_108,Plant_9,maize_str,350.0,33.19339009265849
CLUSTER_108,Plant_9,pig_man,291.926,33.19339009265849
CLUSTER_108,Plant_9,rape_str,1296.1,33.19339009265849
CLUSTER_11,Plant_9,horse_man,1455.0,55.382247839012685
CLUSTER_11,Plant_9,legume_str,180.37,55.382247839012685
CLUSTER_11,Plant_9,pig_man,23.6720704,55.382247839012685
CLUSTER_112,Plant_9,pig_man,508.8,66.59975554708365
CLUSTER_114,Plant_9,horse_man,632.9,35.78233459843715
CLUSTER_114,Plant_9,legume_str,233.9,35.78233459843715
CLUSTER_114,Plant_9,maize_str,77.8,35.78233459843715
CLUSTER_114,Plant_9,pig_man,77.82100000000001,35.78233459843715
CLUSTER_114,Plant_9,rape_str,2133.0,35.78233459843715
CLUSTER_119,Plant_9,pig_man,210.9,70.60844956227784
CLUSTER_12,Plant_9,pig_man,96.610847,76.21063318555028
CLUSTER_120,Plant_9,pig_man,313.972,92.34362618668676
CLUSTER_134,Plant_9,horse_man,721.52,48.76575097837143
CLUSTER_134,Plant_9,legume_str,277.13,48.76575097837143
CLUSTER_134,Plant_9,maize_str,712.3,48.76575097837143
CLUSTER_134,Plant_9,pig_man,1021.56,48.76575097837143
CLUSTER_134,Plant_9,rape_str,1039.3,48.76575097837143
CLUSTER_139,Plant_9,pig_man,42.67,65.48214943771907
CLUSTER_141,Plant_9,pig_man,111.971,69.39970614596008
CLUSTER_147,Plant_9,pig_man,23.898,76.13664283253645
CLUSTER_148,Plant_9,horse_man,500.77,43.34803275596931
CLUSTER_148,Plant_9,legume_str,71.2,43.34803275596931
CLUSTER_148,Plant_9,maize_str,21.2,43.34803275596931
CLUSTER_148,Plant_9,pig_man,361.14175,43.34803275596931
CLUSTER_148,Plant_9,rape_str,856.0,43.34803275596931
CLUSTER_15,Plant_9,pig_man,68.319,87.22887966540698
CLUSTER_153,Plant_9,cattle_man,5103.062,24.61069489719825
CLUSTER_153,Plant_9,horse_man,1262.5,24.61069489719825
CLUSTER_153,Plant_9,legume_str,465.2,24.61069489719825
CLUSTER_153,Plant_9,maize_str,346.3,24.61069489719825
CLUSTER_153,Plant_9,pig_man,71.88691,24.61069489719825
CLUSTER_153,Plant_9,rape_str,2865.0,24.61069489719825
CLUSTER_154,Plant_9,horse_man,347.6,35.99515987762425
CLUSTER_154,Plant_9,legume_str,348.1,35.99515987762425
CLUSTER_154,Plant_9,maize_str,84.14,35.99515987762425
CLUSTER_154,Plant_9,pig_man,309.885,35.99515987762425
CLUSTER_154,Plant_9,rape_str,1500.8,35.99515987762425
CLUSTER_156,Plant_9,pig_man,137.8229,84.37808990918845
CLUSTER_16,Plant_9,legume_str,320.2,56.84704207891362
CLUSTER_16,Plant_9,pig_man,563.7029,56.84704207891362
CLUSTER_160,Plant_9,horse_man,2174.2,53.310795824412565
CLUSTER_160,Plant_9,legume_str,109.73,53.310795824412565
CLUSTER_160,Plant_9,pig_man,238.759,53.310795824412565
CLUSTER_160,Plant_9,rape_str,1197.5,53.310795824412565
CLUSTER_161,Plant_9,pig_man,1184.0,83.17533856272928
CLUSTER_164,Plant_9,pig_man,46.635000000000005,73.28239539674958
CLUSTER_167,Plant_9,pig_man,722.3,98.10363416804884
CLUSTER_168,Plant_9,horse_man,2384.0,51.35321744326137
CLUSTER_168,Plant_9,legume_str,159.0,51.35321744326137
CLUSTER_168,Plant_9,pig_man,426.892,51.35321744326137
CLUSTER_168,Plant_9,rape_str,528.6,51.35321744326137
CLUSTER_169,Plant_9,pig_man,332.076,98.13313254277432
CLUSTER_173,Plant_9,pig_man,64.52416,60.39216377063468
CLUSTER_177,Plant_9,horse_man,285.4,40.15081440386184
CLUSTER_177,Plant_9,legume_str,144.7,40.15081440386184
CLUSTER_177,Plant_9,maize_str,263.9,40.15081440386184
CLUSTER_177,Plant_9,pig_man,779.21,40.15081440386184
CLUSTER_177,Plant_9,rape_str,3337.0,40.15081440386184
CLUSTER_179,Plant_9,pig_man,63.56600000000001,62.65638905316422
CLUSTER_18,Plant_9,pig_man,338.1159,99.85187101554048
CLUSTER_181,Plant_9,horse_man,824.1,56.31969897498704
CLUSTER_181,Plant_9,legume_str,393.5,56.31969897498704
CLUSTER_181,Plant_9,pig_man,1482.4,56.31969897498704
CLUSTER_183,Plant_9,pig_man,458.82,100.51565736250664
CLUSTER_185,Plant_9,pig_man,183.43,81.24876072783277
CLUSTER_188,Plant_9,pig_man,27.346000000000004,88.2790372479309
CLUSTER_19,Plant_9,pig_man,322.3,68.44729692474968
CLUSTER_194,Plant_9,beet_leaf,1746.0,6.9963827591790135
CLUSTER_194,Plant_9,cattle_man,4180.5,6.9963827591790135
CLUSTER_194,Plant_9,clover_alfalfa_grass,1791.604386496696,6.9963827591790135
CLUSTER_194,Plant_9,horse_man,974.4,6.9963827591790135
CLUSTER_194,Plant_9,legume_str,213.55,6.9963827591790135
CLUSTER_194,Plant_9,maize_str,238.4,6.9963827591790135
CLUSTER_194,Plant_9,pig_man,308.943,6.9963827591790135
CLUSTER_194,Plant_9,rape_str,1397.0,6.9963827591790135
CLUSTER_199,Plant_9,horse_man,704.0,39.06432939299385
CLUSTER_199,Plant_9,legume_str,218.02,39.06432939299385
CLUSTER_199,Plant_9,maize_str,12.3167,39.06432939299385
CLUSTER_199,Plant_9,pig_man,341.399,39.06432939299385
CLUSTER_199,Plant_9,rape_str,2095.0,39.06432939299385
CLUSTER_200,Plant_9,horse_man,797.9,38.32559084131042
CLUSTER_200,Plant_9,legume_str,199.5,38.32559084131042
CLUSTER_200,Plant_9,maize_str,105.4,38.32559084131042
CLUSTER_200,Plant_9,pig_man,508.565,38.32559084131042
CLUSTER_200,Plant_9,rape_str,2260.0,38.32559084131042
CLUSTER_211,Plant_9,pig_man,51.2,91.96091808620903
CLUSTER_217,Plant_9,cattle_man,3099.0,22.548543627452585
CLUSTER_217,Plant_9,horse_man,1360.0,22.548543627452585
CLUSTER_217,Plant_9,legume_str,337.9,22.548543627452585
CLUSTER_217,Plant_9,maize_str,304.0,22.548543627452585
CLUSTER_217,Plant_9,pig_man,542.22,22.548543627452585
CLUSTER_217,Plant_9,rape_str,2680.0,22.548543627452585
CLUSTER_220,Plant_9,horse_man,806.0,54.99570421614914
CLUSTER_220,Plant_9,legume_str,140.7,54.99570421614914
CLUSTER_220,Plant_9,pig_man,25.08,54.99570421614914
CLUSTER_221,Plant_9,horse_man,1171.9,50.72860009595602
CLUSTER_221,Plant_9,legume_str,89.54,50.72860009595602
CLUSTER_221,Plant_9,pig_man,218.174,50.72860009595602
CLUSTER_221,Plant_9,rape_str,447.85,50.72860009595602
CLUSTER_222,Plant_9,cattle_man,794.6,17.972811427264944
CLUSTER_222,Plant_9,horse_man,643.3,17.972811427264944
CLUSTER_222,Plant_9,legume_str,145.8,17.972811427264944
CLUSTER_222,Plant_9,maize_str,154.36,17.972811427264944
CLUSTER_222,Plant_9,pig_man,43.141,17.972811427264944
CLUSTER_222,Plant_9,rape_str,844.8,17.972811427264944
CLUSTER_232,Plant_9,pig_man,245.34999999999997,86.21715557780418
CLUSTER_236,Plant_9,horse_man,1045.5,49.22514917537711
CLUSTER_236,Plant_9,legume_str,601.1,49.22514917537711
CLUSTER_236,Plant_9,maize_str,46.4,49.22514917537711
CLUSTER_236,Plant_9,pig_man,144.7,49.22514917537711
CLUSTER_236,Plant_9,rape_str,1247.0,49.22514917537711
CLUSTER_238,Plant_9,pig_man,123.38,62.91084593178947
CLUSTER_24,Plant_9,cattle_man,15326.0,21.230453970975223
CLUSTER_24,Plant_9,horse_man,1586.5,21.230453970975223
CLUSTER_24,Plant_9,legume_str,769.8,21.230453970975223
CLUSTER_24,Plant_9,maize_str,610.37,21.230453970975223
CLUSTER_24,Plant_9,pig_man,438.94,21.230453970975223
CLUSTER_24,Plant_9,rape_str,4848.0,21.230453970975223
CLUSTER_242,Plant_9,pig_man,257.9398,59.36190411999274
CLUSTER_245,Plant_9,pig_man,381.8,83.23589112280054
CLUSTER_246,Plant_9,pig_man,400.322,68.74775836041394
CLUSTER_247,Plant_9,cattle_man,2871.0,29.636460463198357
CLUSTER_247,Plant_9,horse_man,632.0,29.636460463198357
CLUSTER_247,Plant_9,legume_str,474.1,29.636460463198357
CLUSTER_247,Plant_9,maize_str,161.1,29.636460463198357
CLUSTER_247,Plant_9,pig_man,228.0,29.636460463198357
CLUSTER_247,Plant_9,rape_str,3410.0,29.636460463198357
CLUSTER_251,Plant_9,pig_man,335.71000000000004,77.72041976831079
CLUSTER_255,Plant_9,horse_man,1720.5,32.82690431338751
CLUSTER_255,Plant_9,legume_str,246.64000000000001,32.82690431338751
CLUSTER_255,Plant_9,maize_str,91.14,32.82690431338751
CLUSTER_255,Plant_9,pig_man,204.36,32.82690431338751
CLUSTER_255,Plant_9,rape_str,1415.5,32.82690431338751
CLUSTER_259,Plant_9,pig_man,260.08,98.52294519901
CLUSTER_261,Plant_9,pig_man,42.392,89.92422111353747
CLUSTER_262,Plant_9,pig_man,55.52,87.38046087831853
CLUSTER_265,Plant_9,horse_man,1119.1,43.96926073193144
CLUSTER_265,Plant_9,legume_str,130.86,43.96926073193144
CLUSTER_265,Plant_9,maize_str,149.62,43.96926073193144
CLUSTER_265,Plant_9,pig_man,39.79,43.96926073193144
CLUSTER_265,Plant_9,rape_str,352.79,43.96926073193144
CLUSTER_266,Plant_9,pig_man,616.51,90.81815586033274
CLUSTER_269,Plant_9,pig_man,389.745,63.36535474177606
CLUSTER_271,Plant_9,horse_man,278.4,51.82125840966043
CLUSTER_271,Plant_9,legume_str,258.8,51.82125840966043
CLUSTER_271,Plant_9,pig_man,831.7,51.82125840966043
CLUSTER_271,Plant_9,rape_str,2906.0,51.82125840966043
CLUSTER_272,Plant_9,horse_man,1033.0,51.48018143170374
CLUSTER_272,Plant_9,legume_str,111.767,51.48018143170374
CLUSTER_272,Plant_9,rape_str,238.3,51.48018143170374
CLUSTER_277,Plant_9,pig_man,203.959,68.65049769870879
CLUSTER_283,Plant_9,horse_man,349.112,47.47052774309776
CLUSTER_283,Plant_9,legume_str,287.6,47.47052774309776
CLUSTER_283,Plant_9,maize_str,483.1,47.47052774309776
CLUSTER_283,Plant_9,pig_man,1637.37,47.47052774309776
CLUSTER_283,Plant_9,rape_str,1599.65,47.47052774309776
CLUSTER_286,Plant_9,pig_man,407.6,97.23666434848414
CLUSTER_289,Plant_9,horse_man,747.4,31.08870310257345
CLUSTER_289,Plant_9,legume_str,485.4,31.08870310257345
CLUSTER_289,Plant_9,maize_str,455.8,31.08870310257345
CLUSTER_289,Plant_9,pig_man,222.68,31.08870310257345
CLUSTER_289,Plant_9,rape_str,1516.0,31.08870310257345
CLUSTER_293,Plant_9,beet_leaf,629.168,9.900932401527914
CLUSTER_293,Plant_9,cattle_man,4637.0,9.900932401527914
CLUSTER_293,Plant_9,horse_man,504.0,9.900932401527914
CLUSTER_293,Plant_9,legume_str,195.85,9.900932401527914
CLUSTER_293,Plant_9,maize_str,181.2,9.900932401527914
CLUSTER_293,Plant_9,pig_man,338.2269,9.900932401527914
CLUSTER_293,Plant_9,rape_str,1991.0000000000002,9.900932401527914
CLUSTER_294,Plant_9,pig_man,937.6,80.91401527281397
CLUSTER_298,Plant_9,cattle_man,6560.0,18.038879085600836
CLUSTER_298,Plant_9,horse_man,591.0,18.038879085600836
CLUSTER_298,Plant_9,legume_str,191.9,18.038879085600836
CLUSTER_298,Plant_9,maize_str,131.71,18.038879085600836
CLUSTER_298,Plant_9,rape_str,1018.0,18.038879085600836
CLUSTER_299,Plant_9,pig_man,111.861,87.64638412202582
CLUSTER_30,Plant_9,pig_man,2280.0,62.925386847840414
CLUSTER_309,Plant_9,pig_man,216.09,82.5327505295953
CLUSTER_314,Plant_9,pig_man,452.226,73.43174066531118
CLUSTER_317,Plant_9,cattle_man,11860.0,26.144652639700848
CLUSTER_317,Plant_9,horse_man,217.4,26.144652639700848
CLUSTER_317,Plant_9,legume_str,236.2,26.144652639700848
CLUSTER_317,Plant_9,maize_str,120.7,26.144652639700848
CLUSTER_317,Plant_9,pig_man,92.31,26.144652639700848
CLUSTER_317,Plant_9,rape_str,692.0,26.144652639700848
CLUSTER_320,Plant_9,horse_man,151.8,32.23551282300128
CLUSTER_320,Plant_9,legume_str,113.12,32.23551282300128
CLUSTER_320,Plant_9,maize_str,24.130000000000003,32.23551282300128
CLUSTER_320,Plant_9,pig_man,16.0,32.23551282300128
CLUSTER_320,Plant_9,rape_str,1162.3,32.23551282300128
CLUSTER_322,Plant_9,pig_man,57.48,96.59062765639776
CLUSTER_326,Plant_9,cattle_man,7270.0,19.60275375377244
CLUSTER_326,Plant_9,horse_man,1285.4,19.60275375377244
CLUSTER_326,Plant_9,legume_str,268.6,19.60275375377244
CLUSTER_326,Plant_9,maize_str,598.0,19.60275375377244
CLUSTER_326,Plant_9,pig_man,707.3,19.60275375377244
CLUSTER_326,Plant_9,rape_str,2611.0,19.60275375377244
CLUSTER_328,Plant_9,cattle_man,9120.0,21.638496645122736
CLUSTER_328,Plant_9,horse_man,333.38,21.638496645122736
CLUSTER_328,Plant_9,legume_str,524.0,21.638496645122736
CLUSTER_328,Plant_9,maize_str,276.0,21.638496645122736
CLUSTER_328,Plant_9,pig_man,824.57,21.638496645122736
CLUSTER_328,Plant_9,rape_str,1819.0,21.638496645122736
CLUSTER_331,Plant_9,horse_man,3020.0,51.178419682241376
CLUSTER_331,Plant_9,legume_str,336.0,51.178419682241376
CLUSTER_331,Plant_9,pig_man,621.0,51.178419682241376
CLUSTER_331,Plant_9,rape_str,1228.0,51.178419682241376
CLUSTER_332,Plant_9,pig_man,132.8458,68.56338815968509
CLUSTER_335,Plant_9,horse_man,3071.0,55.14486469409144
CLUSTER_335,Plant_9,legume_str,75.2,55.14486469409144
CLUSTER_335,Plant_9,pig_man,497.042,55.14486469409144
CLUSTER_336,Plant_9,pig_man,552.236,58.83111955020423
CLUSTER_347,Plant_9,cattle_man,674.0,26.26577037062468
CLUSTER_347,Plant_9,horse_man,826.5,26.26577037062468
CLUSTER_347,Plant_9,legume_str,72.69999999999999,26.26577037062468
CLUSTER_347,Plant_9,maize_str,40.67,26.26577037062468
CLUSTER_347,Plant_9,pig_man,55.193,26.26577037062468
CLUSTER_347,Plant_9,rape_str,703.0,26.26577037062468
CLUSTER_348,Plant_9,horse_man,429.0,41.14480154803592
CLUSTER_348,Plant_9,legume_str,156.9,41.14480154803592
CLUSTER_348,Plant_9,maize_str,65.0,41.14480154803592
CLUSTER_348,Plant_9,pig_man,264.2,41.14480154803592
CLUSTER_348,Plant_9,rape_str,718.0,41.14480154803592
CLUSTER_358,Plant_9,pig_man,505.06,71.49833821365928
CLUSTER_359,Plant_9,legume_str,17.74,57.07788314492916
CLUSTER_359,Plant_9,pig_man,13.947,57.07788314492916
CLUSTER_36,Plant_9,horse_man,1610.7,41.28356284948483
CLUSTER_36,Plant_9,legume_str,273.0,41.28356284948483
CLUSTER_36,Plant_9,maize_str,381.1,41.28356284948483
CLUSTER_36,Plant_9,pig_man,1634.0,41.28356284948483
CLUSTER_36,Plant_9,rape_str,1517.0,41.28356284948483
CLUSTER_361,Plant_9,pig_man,900.0,67.61185170063092
CLUSTER_367,Plant_9,cattle_man,1682.0,27.05226725244024
CLUSTER_367,Plant_9,horse_man,1169.9,27.05226725244024
CLUSTER_367,Plant_9,legume_str,263.8,27.05226725244024
CLUSTER_367,Plant_9,maize_str,296.88,27.05226725244024
CLUSTER_367,Plant_9,pig_man,1184.2,27.05226725244024
CLUSTER_367,Plant_9,rape_str,1095.0,27.05226725244024
CLUSTER_38,Plant_9,cattle_man,6536.0,24.78870762185648
CLUSTER_38,Plant_9,horse_man,253.79999999999998,24.78870762185648
CLUSTER_38,Plant_9,legume_str,159.5,24.78870762185648
CLUSTER_38,Plant_9,maize_str,30.0,24.78870762185648
CLUSTER_38,Plant_9,pig_man,315.61,24.78870762185648
CLUSTER_38,Plant_9,rape_str,891.0,24.78870762185648
CLUSTER_380,Plant_9,horse_man,1242.0,46.53950990588539
CLUSTER_380,Plant_9,legume_str,263.0,46.53950990588539
CLUSTER_380,Plant_9,maize_str,92.9,46.53950990588539
CLUSTER_380,Plant_9,pig_man,506.99999999999994,46.53950990588539
CLUSTER_380,Plant_9,rape_str,2235.0,46.53950990588539
CLUSTER_381,Plant_9,horse_man,1692.89,53.28954205894901
CLUSTER_381,Plant_9,legume_str,127.29,53.28954205894901
CLUSTER_381,Plant_9,pig_man,167.133571,53.28954205894901
CLUSTER_381,Plant_9,rape_str,1369.1,53.28954205894901
CLUSTER_384,Plant_9,pig_man,123.71,64.06482697651954
CLUSTER_389,Plant_9,horse_man,483.0,37.88552262384461
CLUSTER_389,Plant_9,legume_str,294.0,37.88552262384461
CLUSTER_389,Plant_9,maize_str,132.9,37.88552262384461
CLUSTER_389,Plant_9,pig_man,58.461,37.88552262384461
CLUSTER_389,Plant_9,rape_str,826.81,37.88552262384461
CLUSTER_392,Plant_9,pig_man,46.5,94.78290016733186
CLUSTER_395,Plant_9,horse_man,552.0799999999999,40.64094322770784
CLUSTER_395,Plant_9,legume_str,73.81,40.64094322770784
CLUSTER_395,Plant_9,maize_str,582.4,40.64094322770784
CLUSTER_395,Plant_9,pig_man,29.4111,40.64094322770784
CLUSTER_395,Plant_9,rape_str,1105.0,40.64094322770784
CLUSTER_4,Plant_9,horse_man,2532.2,34.37240219858131
CLUSTER_4,Plant_9,legume_str,531.23,34.37240219858131
CLUSTER_4,Plant_9,maize_str,287.90000000000003,34.37240219858131
CLUSTER_4,Plant_9,pig_man,730.49,34.37240219858131
CLUSTER_4,Plant_9,rape_str,2234.4,34.37240219858131
CLUSTER_40,Plant_9,pig_man,213.46,68.30739388958038
CLUSTER_401,Plant_9,horse_man,929.5,43.57019794584213
CLUSTER_401,Plant_9,legume_str,39.49,43.57019794584213
CLUSTER_401,Plant_9,maize_str,100.7,43.57019794584213
CLUSTER_401,Plant_9,pig_man,189.6729,43.57019794584213
CLUSTER_401,Plant_9,rape_str,292.6,43.57019794584213
CLUSTER_404,Plant_9,pig_man,75.63,78.22820032085589
CLUSTER_405,Plant_9,horse_man,311.8,51.94236527680142
CLUSTER_405,Plant_9,legume_str,321.95,51.94236527680142
CLUSTER_405,Plant_9,pig_man,1316.0,51.94236527680142
CLUSTER_405,Plant_9,rape_str,758.7,51.94236527680142
CLUSTER_41,Plant_9,horse_man,2108.8,40.29415972888671
CLUSTER_41,Plant_9,legume_str,35.1,40.29415972888671
CLUSTER_41,Plant_9,maize_str,85.41,40.29415972888671
CLUSTER_41,Plant_9,pig_man,16.8586,40.29415972888671
CLUSTER_41,Plant_9,rape_str,100.22,40.29415972888671
CLUSTER_410,Plant_9,pig_man,261.9019,59.13379694367468
CLUSTER_414,Plant_9,pig_man,218.538,76.64584892443247
CLUSTER_417,Plant_9,cattle_man,11640.0,28.83230217806272
CLUSTER_417,Plant_9,horse_man,430.8,28.83230217806272
CLUSTER_417,Plant_9,legume_str,179.52,28.83230217806272
CLUSTER_417,Plant_9,maize_str,88.36,28.83230217806272
CLUSTER_417,Plant_9,pig_man,197.25,28.83230217806272
CLUSTER_417,Plant_9,rape_str,677.4,28.83230217806272
CLUSTER_418,Plant_9,beet_leaf,732.2,7.5300879132956124
CLUSTER_418,Plant_9,cattle_man,5426.46,7.5300879132956124
CLUSTER_418,Plant_9,horse_man,144.9,7.5300879132956124
CLUSTER_418,Plant_9,legume_str,130.8,7.5300879132956124
CLUSTER_418,Plant_9,maize_str,247.58,7.5300879132956124
CLUSTER_418,Plant_9,pig_man,116.425,7.5300879132956124
CLUSTER_418,Plant_9,rape_str,1244.0,7.5300879132956124
CLUSTER_419,Plant_9,pig_man,62.91951999999999,60.2943225588142
CLUSTER_420,Plant_9,horse_man,315.77,52.649283688256574
CLUSTER_420,Plant_9,legume_str,308.5,52.649283688256574
CLUSTER_420,Plant_9,pig_man,412.5,52.649283688256574
CLUSTER_420,Plant_9,rape_str,472.0,52.649283688256574
CLUSTER_421,Plant_9,horse_man,802.6,34.879378956911566
CLUSTER_421,Plant_9,legume_str,191.0,34.879378956911566
CLUSTER_421,Plant_9,maize_str,277.1,34.879378956911566
CLUSTER_421,Plant_9,rape_str,740.8,34.879378956911566
CLUSTER_424,Plant_9,pig_man,185.966,76.01688384066192
CLUSTER_425,Plant_9,horse_man,526.6,48.03067038687575
CLUSTER_425,Plant_9,legume_str,35.99,48.03067038687575
CLUSTER_425,Plant_9,maize_str,64.34,48.03067038687575
CLUSTER_425,Plant_9,pig_man,14.561,48.03067038687575
CLUSTER_425,Plant_9,rape_str,615.3,48.03067038687575
CLUSTER_430,Plant_9,horse_man,480.0,51.56077821556868
CLUSTER_430,Plant_9,legume_str,108.18,51.56077821556868
CLUSTER_430,Plant_9,pig_man,159.375,51.56077821556868
CLUSTER_430,Plant_9,rape_str,1226.0,51.56077821556868
CLUSTER_433,Plant_9,pig_man,179.118,92.27907384434585
CLUSTER_435,Plant_9,pig_man,46.49,92.01809834937936
CLUSTER_437,Plant_9,pig_man,50.0,71.75578907044535
CLUSTER_444,Plant_9,horse_man,379.2,39.09263717972403
CLUSTER_444,Plant_9,legume_str,165.45999999999998,39.09263717972403
CLUSTER_444,Plant_9,maize_str,46.25,39.09263717972403
CLUSTER_444,Plant_9,pig_man,84.611,39.09263717972403
CLUSTER_444,Plant_9,rape_str,842.13,39.09263717972403
CLUSTER_445,Plant_9,pig_man,3700.0,72.6125865362228
CLUSTER_449,Plant_9,horse_man,518.500398,52.95005250619073
CLUSTER_449,Plant_9,legume_str,67.55,52.95005250619073
CLUSTER_449,Plant_9,pig_man,577.091,52.95005250619073
CLUSTER_449,Plant_9,rape_str,2855.0,52.95005250619073
CLUSTER_454,Plant_9,pig_man,279.8,72.00197257582539
CLUSTER_455,Plant_9,beet_leaf,442.0,11.963514025506724
CLUSTER_455,Plant_9,cattle_man,11640.0,11.963514025506724
CLUSTER_455,Plant_9,horse_man,810.1,11.963514025506724
CLUSTER_455,Plant_9,legume_str,362.4,11.963514025506724
CLUSTER_455,Plant_9,maize_str,263.67,11.963514025506724
CLUSTER_455,Plant_9,pig_man,488.40999999999997,11.963514025506724
CLUSTER_455,Plant_9,rape_str,1213.0,11.963514025506724
CLUSTER_46,Plant_9,beet_leaf,1647.0,15.330449068138678
CLUSTER_46,Plant_9,cattle_man,1697.0,15.330449068138678
CLUSTER_46,Plant_9,horse_man,2237.0,15.330449068138678
CLUSTER_46,Plant_9,legume_str,245.43999999999997,15.330449068138678
CLUSTER_46,Plant_9,maize_str,216.072,15.330449068138678
CLUSTER_46,Plant_9,pig_man,83.87871,15.330449068138678
CLUSTER_46,Plant_9,rape_str,1841.4,15.330449068138678
CLUSTER_460,Plant_9,pig_man,189.907,92.54400199048456
CLUSTER_461,Plant_9,pig_man,138.37,100.1314632663114
CLUSTER_462,Plant_9,pig_man,169.4,84.05559699507405
CLUSTER_465,Plant_9,cattle_man,5980.0,22.22391907849468
CLUSTER_465,Plant_9,horse_man,1448.0,22.22391907849468
CLUSTER_465,Plant_9,legume_str,750.0,22.22391907849468
CLUSTER_465,Plant_9,maize_str,1243.0,22.22391907849468
CLUSTER_465,Plant_9,pig_man,518.0,22.22391907849468
CLUSTER_465,Plant_9,rape_str,2360.0,22.22391907849468
CLUSTER_467,Plant_9,horse_man,266.5,38.91755238066527
CLUSTER_467,Plant_9,legume_str,423.2,38.91755238066527
CLUSTER_467,Plant_9,maize_str,240.8,38.91755238066527
CLUSTER_467,Plant_9,pig_man,1040.9,38.91755238066527
CLUSTER_467,Plant_9,rape_str,1193.5,38.91755238066527
CLUSTER_468,Plant_9,cattle_man,1492.0,24.904256895488118
CLUSTER_468,Plant_9,horse_man,11.2,24.904256895488118
CLUSTER_468,Plant_9,legume_str,142.73,24.904256895488118
CLUSTER_468,Plant_9,maize_str,120.0,24.904256895488118
CLUSTER_468,Plant_9,rape_str,574.4,24.904256895488118
CLUSTER_483,Plant_9,pig_man,2458.9,65.58680714548025
CLUSTER_486,Plant_9,pig_man,772.0,75.95917496590194
CLUSTER_487,Plant_9,horse_man,431.5,42.46840521089092
CLUSTER_487,Plant_9,legume_str,702.12,42.46840521089092
CLUSTER_487,Plant_9,maize_str,637.4,42.46840521089092
CLUSTER_487,Plant_9,pig_man,299.25,42.46840521089092
CLUSTER_487,Plant_9,rape_str,1529.0,42.46840521089092
CLUSTER_49,Plant_9,horse_man,1710.1,41.44482261182368
CLUSTER_49,Plant_9,legume_str,470.832,41.44482261182368
CLUSTER_49,Plant_9,maize_str,516.3,41.44482261182368
CLUSTER_49,Plant_9,pig_man,231.961,41.44482261182368
CLUSTER_49,Plant_9,rape_str,2778.0,41.44482261182368
CLUSTER_490,Plant_9,pig_man,105.9,82.9702386292013
CLUSTER_491,Plant_9,horse_man,277.6,31.219123309474448
CLUSTER_491,Plant_9,legume_str,275.7,31.219123309474448
CLUSTER_491,Plant_9,maize_str,50.9,31.219123309474448
CLUSTER_491,Plant_9,pig_man,236.64,31.219123309474448
CLUSTER_491,Plant_9,rape_str,1665.0,31.219123309474448
CLUSTER_494,Plant_9,pig_man,566.9,76.25377109751338
CLUSTER_497,Plant_9,pig_man,347.9,76.48044416295318
CLUSTER_506,Plant_9,beet_leaf,5910.0,13.040204958798794
CLUSTER_506,Plant_9,cattle_man,1700.0,13.040204958798794
CLUSTER_506,Plant_9,horse_man,529.0,13.040204958798794
CLUSTER_506,Plant_9,legume_str,340.0,13.040204958798794
CLUSTER_506,Plant_9,maize_str,146.4,13.040204958798794
CLUSTER_506,Plant_9,pig_man,228.0325,13.040204958798794
CLUSTER_506,Plant_9,rape_str,1143.0,13.040204958798794
CLUSTER_510,Plant_9,horse_man,1319.0,53.1989592150772
CLUSTER_510,Plant_9,legume_str,52.36,53.1989592150772
CLUSTER_510,Plant_9,rape_str,86.1,53.1989592150772
CLUSTER_512,Plant_9,pig_man,391.0,88.92785111923342
CLUSTER_517,Plant_9,beet_leaf,221.0,1.2546770186026417
CLUSTER_517,Plant_9,cattle_man,2042.0,1.2546770186026417
CLUSTER_517,Plant_9,cattle_slu,1455.5,1.2546770186026417
CLUSTER_517,Plant_9,clover_alfalfa_grass,1786.0,1.2546770186026417
CLUSTER_517,Plant_9,horse_man,372.7,1.2546770186026417
CLUSTER_517,Plant_9,legume_str,119.6,1.2546770186026417
CLUSTER_517,Plant_9,maize_str,38.76,1.2546770186026417
CLUSTER_517,Plant_9,rape_str,729.3,1.2546770186026417
CLUSTER_518,Plant_9,pig_man,245.9,76.79927678856947
CLUSTER_522,Plant_9,pig_man,183.7,88.49880376095085
CLUSTER_524,Plant_9,horse_man,1677.6,47.33332716056596
CLUSTER_524,Plant_9,legume_str,84.033,47.33332716056596
CLUSTER_524,Plant_9,maize_str,134.6,47.33332716056596
CLUSTER_524,Plant_9,pig_man,18.178,47.33332716056596
CLUSTER_524,Plant_9,rape_str,55.9,47.33332716056596
CLUSTER_525,Plant_9,cattle_man,4927.7,20.75674139095863
CLUSTER_525,Plant_9,horse_man,29.06,20.75674139095863
CLUSTER_525,Plant_9,legume_str,32.37,20.75674139095863
CLUSTER_525,Plant_9,maize_str,16.1,20.75674139095863
CLUSTER_525,Plant_9,pig_man,24.965,20.75674139095863
CLUSTER_525,Plant_9,rape_str,758.0,20.75674139095863
CLUSTER_526,Plant_9,horse_man,485.0,36.70991844023878
CLUSTER_526,Plant_9,legume_str,215.0,36.70991844023878
CLUSTER_526,Plant_9,pig_man,141.0,36.70991844023878
CLUSTER_526,Plant_9,rape_str,1150.0,36.70991844023878
CLUSTER_529,Plant_9,pig_man,18.6,88.24585353377023
CLUSTER_532,Plant_9,pig_man,411.16,66.3397187044214
CLUSTER_535,Plant_9,horse_man,706.0,33.74711109421218
CLUSTER_535,Plant_9,legume_str,91.4,33.74711109421218
CLUSTER_535,Plant_9,maize_str,176.0,33.74711109421218
CLUSTER_535,Plant_9,pig_man,303.3,33.74711109421218
CLUSTER_535,Plant_9,rape_str,709.22,33.74711109421218
CLUSTER_536,Plant_9,pig_man,168.6,82.08529546953895
CLUSTER_538,Plant_9,horse_man,768.4,51.1404518398245
CLUSTER_538,Plant_9,legume_str,213.05,51.1404518398245
CLUSTER_538,Plant_9,pig_man,151.197,51.1404518398245
CLUSTER_538,Plant_9,rape_str,957.0,51.1404518398245
CLUSTER_539,Plant_9,horse_man,433.0,42.20836748461894
CLUSTER_539,Plant_9,legume_str,111.4,42.20836748461894
CLUSTER_539,Plant_9,maize_str,65.900231,42.20836748461894
CLUSTER_539,Plant_9,rape_str,737.0,42.20836748461894
CLUSTER_55,Plant_9,pig_man,46.48,62.99787995816188
CLUSTER_66,Plant_9,pig_man,180.310571,100.34268724897096
CLUSTER_75,Plant_9,horse_man,1454.5,46.14251734865833
CLUSTER_75,Plant_9,legume_str,172.5,46.14251734865833
CLUSTER_75,Plant_9,maize_str,550.06,46.14251734865833
CLUSTER_75,Plant_9,pig_man,1113.72,46.14251734865833
CLUSTER_75,Plant_9,rape_str,1046.1,46.14251734865833
CLUSTER_76,Plant_9,pig_man,125.42999999999999,92.24795197916366
CLUSTER_78,Plant_9,pig_man,141.0,96.84585583301455
CLUSTER_80,Plant_9,horse_man,210.9,43.93247372995456
CLUSTER_80,Plant_9,legume_str,346.7,43.93247372995456
CLUSTER_80,Plant_9,maize_str,115.0,43.93247372995456
CLUSTER_80,Plant_9,pig_man,275.303,43.93247372995456
CLUSTER_80,Plant_9,rape_str,3516.0,43.93247372995456
CLUSTER_87,Plant_9,pig_man,544.04,70.21246623603975
CLUSTER_88,Plant_9,horse_man,1496.2,45.04633759897832
CLUSTER_88,Plant_9,legume_str,227.87,45.04633759897832
CLUSTER_88,Plant_9,maize_str,94.46,45.04633759897832
CLUSTER_88,Plant_9,pig_man,46.485800000000005,45.04633759897832
CLUSTER_88,Plant_9,rape_str,1116.4,45.04633759897832
CLUSTER_95,Plant_9,horse_man,229.22,37.36095062066238
CLUSTER_95,Plant_9,legume_str,380.1,37.36095062066238
CLUSTER_95,Plant_9,maize_str,231.9,37.36095062066238
CLUSTER_95,Plant_9,pig_man,778.92,37.36095062066238
CLUSTER_95,Plant_9,rape_str,4774.0,37.36095062066238
CLUSTER_96,Plant_9,pig_man,107.14,66.69632050440737
CLUSTER_97,Plant_9,horse_man,1266.8,55.06727644873588
CLUSTER_97,Plant_9,legume_str,684.7,55.06727644873588
CLUSTER_97,Plant_9,pig_man,302.6467,55.06727644873588
CLUSTER_98,Plant_9,pig_man,181.343,64.55768051799498
