SupplyNode,PlantLocation,Feedstock,FlowTons,Distance_km
CLUSTER_10,A,cattle_man,3121.0,31.958441019692543
CLUSTER_10,A,horse_man,1392.2,31.958441019692543
CLUSTER_10,A,pig_man,15.9693,31.958441019692543
CLUSTER_10,A,rape_str,247.74999999999997,31.958441019692543
CLUSTER_10,A,legume_str,66.8,31.958441019692543
CLUSTER_157,A,cattle_man,22880.0,18.1465021011822
CLUSTER_157,A,cattle_slu,106800.0,18.1465021011822
CLUSTER_157,A,horse_man,3454.0,18.1465021011822
CLUSTER_157,A,legume_str,10.8,18.1465021011822
CLUSTER_159,A,cattle_man,8440.0,21.17759140427877
CLUSTER_159,A,horse_man,2721.0,21.17759140427877
CLUSTER_159,A,pig_man,3550.315,21.17759140427877
CLUSTER_159,A,maize_str,9172.0,21.17759140427877
CLUSTER_159,A,rape_str,771.0,21.17759140427877
CLUSTER_159,A,legume_str,421.3,21.17759140427877
CLUSTER_182,A,cattle_man,9590.0,23.481688814582736
CLUSTER_182,A,horse_man,2035.0,23.481688814582736
CLUSTER_182,A,pig_man,1527.0,23.481688814582736
CLUSTER_182,A,maize_str,2575.0,23.481688814582736
CLUSTER_182,A,rape_str,811.0,23.481688814582736
CLUSTER_182,A,legume_str,180.1,23.481688814582736
CLUSTER_187,A,cattle_man,4002.9999999999995,18.461802228985466
CLUSTER_187,A,cattle_slu,24160.0,18.461802228985466
CLUSTER_187,A,horse_man,2955.0,18.461802228985466
CLUSTER_187,A,pig_man,939.3,18.461802228985466
CLUSTER_187,A,maize_str,1046.0,18.461802228985466
CLUSTER_187,A,rape_str,1186.6,18.461802228985466
CLUSTER_187,A,legume_str,419.6,18.461802228985466
CLUSTER_201,A,cattle_man,7892.0,27.505496357043786
CLUSTER_201,A,horse_man,2174.1,27.505496357043786
CLUSTER_201,A,rape_str,52.69,27.505496357043786
CLUSTER_201,A,legume_str,94.3,27.505496357043786
CLUSTER_208,A,cattle_man,5066.0,20.81510948455132
CLUSTER_208,A,horse_man,1364.6,20.81510948455132
CLUSTER_208,A,pig_man,22.65,20.81510948455132
CLUSTER_208,A,maize_str,2548.0,20.81510948455132
CLUSTER_208,A,rape_str,87.1,20.81510948455132
CLUSTER_208,A,legume_str,344.5,20.81510948455132
CLUSTER_211,A,cattle_man,4080.0000000000005,10.05851913083938
CLUSTER_211,A,cattle_slu,27580.0,10.05851913083938
CLUSTER_211,A,horse_man,442.0,10.05851913083938
CLUSTER_211,A,pig_man,51.2,10.05851913083938
CLUSTER_211,A,rape_str,526.0,10.05851913083938
CLUSTER_211,A,legume_str,121.2,10.05851913083938
CLUSTER_245,A,cattle_man,13085.0,14.508419798096975
CLUSTER_245,A,cattle_slu,83740.0,14.508419798096975
CLUSTER_245,A,horse_man,793.9,14.508419798096975
CLUSTER_245,A,pig_man,381.8,14.508419798096975
CLUSTER_245,A,rape_str,863.6,14.508419798096975
CLUSTER_245,A,legume_str,148.70000000000002,14.508419798096975
CLUSTER_253,A,cattle_man,6043.0,8.380490324749962
CLUSTER_253,A,cattle_slu,33225.0,8.380490324749962
CLUSTER_253,A,horse_man,3082.0,8.380490324749962
CLUSTER_253,A,pig_man,379.28,8.380490324749962
CLUSTER_253,A,maize_str,1508.9,8.380490324749962
CLUSTER_253,A,beet_leaf,5579.0,8.380490324749962
CLUSTER_253,A,rape_str,1129.4,8.380490324749962
CLUSTER_253,A,legume_str,352.0,8.380490324749962
CLUSTER_263,A,cattle_man,11151.51,6.066365296683243
CLUSTER_263,A,cattle_slu,31750.0,6.066365296683243
CLUSTER_263,A,horse_man,3265.0,6.066365296683243
CLUSTER_263,A,pig_man,198.21,6.066365296683243
CLUSTER_263,A,maize_str,2453.0,6.066365296683243
CLUSTER_263,A,beet_leaf,6296.4,6.066365296683243
CLUSTER_263,A,rape_str,1071.4,6.066365296683243
CLUSTER_263,A,legume_str,774.2,6.066365296683243
CLUSTER_32,A,cattle_man,20691.0,24.115315026992736
CLUSTER_32,A,horse_man,1842.9,24.115315026992736
CLUSTER_32,A,pig_man,176.1042,24.115315026992736
CLUSTER_32,A,maize_str,10.9,24.115315026992736
CLUSTER_32,A,rape_str,1330.0,24.115315026992736
CLUSTER_32,A,legume_str,282.0,24.115315026992736
CLUSTER_362,A,cattle_man,13100.0,15.207017366724976
CLUSTER_362,A,cattle_slu,81600.0,15.207017366724976
CLUSTER_362,A,horse_man,2769.0,15.207017366724976
CLUSTER_362,A,maize_str,11.4,15.207017366724976
CLUSTER_362,A,legume_str,13.96,15.207017366724976
CLUSTER_369,A,cattle_man,3235.7,29.95411835943476
CLUSTER_369,A,horse_man,3562.3,29.95411835943476
CLUSTER_369,A,rape_str,80.2,29.95411835943476
CLUSTER_370,A,cattle_man,11090.0,26.558376153217825
CLUSTER_370,A,horse_man,1921.0,26.558376153217825
CLUSTER_370,A,pig_man,15.373134,26.558376153217825
CLUSTER_370,A,rape_str,42.4,26.558376153217825
CLUSTER_370,A,legume_str,38.17,26.558376153217825
CLUSTER_391,A,cattle_man,11195.0,20.533740015575933
CLUSTER_391,A,horse_man,3066.0,20.533740015575933
CLUSTER_409,A,cattle_man,12230.0,14.255533584801324
CLUSTER_409,A,cattle_slu,56380.0,14.255533584801324
CLUSTER_409,A,horse_man,858.0,14.255533584801324
CLUSTER_409,A,pig_man,568.9,14.255533584801324
CLUSTER_409,A,maize_str,369.0,14.255533584801324
CLUSTER_409,A,rape_str,1187.0,14.255533584801324
CLUSTER_409,A,legume_str,168.2,14.255533584801324
CLUSTER_415,A,cattle_man,6170.0,20.500566986717665
CLUSTER_415,A,horse_man,3241.0,20.500566986717665
CLUSTER_415,A,maize_str,263.2,20.500566986717665
CLUSTER_415,A,rape_str,246.40000000000003,20.500566986717665
CLUSTER_415,A,legume_str,238.0,20.500566986717665
CLUSTER_458,A,cattle_man,4990.0,5.532322482796874
CLUSTER_458,A,cattle_slu,11000.0,5.532322482796874
CLUSTER_458,A,horse_man,2320.0,5.532322482796874
CLUSTER_458,A,maize_str,2140.0,5.532322482796874
CLUSTER_458,A,rape_str,488.99999999999994,5.532322482796874
CLUSTER_458,A,legume_str,366.0,5.532322482796874
CLUSTER_469,A,cattle_man,3134.0,25.078203212964517
CLUSTER_469,A,horse_man,840.0,25.078203212964517
CLUSTER_469,A,pig_man,324.0,25.078203212964517
CLUSTER_469,A,rape_str,1099.0,25.078203212964517
CLUSTER_469,A,legume_str,204.7,25.078203212964517
CLUSTER_480,A,cattle_man,173.2,17.059969438236426
CLUSTER_480,A,cattle_slu,1130.0,17.059969438236426
CLUSTER_480,A,horse_man,560.6,17.059969438236426
CLUSTER_485,A,cattle_man,3740.0,33.20209641142554
CLUSTER_485,A,horse_man,1447.0,33.20209641142554
CLUSTER_497,A,cattle_man,5760.0,17.07264439448667
CLUSTER_497,A,cattle_slu,2060.0,17.07264439448667
CLUSTER_497,A,horse_man,138.1,17.07264439448667
CLUSTER_497,A,pig_man,347.9,17.07264439448667
CLUSTER_497,A,maize_str,25.5,17.07264439448667
CLUSTER_497,A,rape_str,1290.0,17.07264439448667
CLUSTER_497,A,legume_str,206.1,17.07264439448667
CLUSTER_524,A,cattle_man,2192.0,24.261650263811767
CLUSTER_524,A,horse_man,1677.6,24.261650263811767
CLUSTER_524,A,pig_man,18.178,24.261650263811767
CLUSTER_524,A,maize_str,134.6,24.261650263811767
CLUSTER_524,A,rape_str,55.9,24.261650263811767
CLUSTER_524,A,legume_str,84.033,24.261650263811767
CLUSTER_545,A,cattle_man,1080.0,36.48079940847762
CLUSTER_545,A,horse_man,1719.0,36.48079940847762
CLUSTER_545,A,pig_man,227.1,36.48079940847762
CLUSTER_545,A,rape_str,992.0,36.48079940847762
CLUSTER_545,A,legume_str,184.9,36.48079940847762
CLUSTER_60,A,cattle_man,6475.0,25.14232226691127
CLUSTER_60,A,horse_man,2507.8,25.14232226691127
CLUSTER_60,A,pig_man,45.1582,25.14232226691127
CLUSTER_60,A,rape_str,542.5,25.14232226691127
CLUSTER_60,A,legume_str,82.928,25.14232226691127
CLUSTER_70,A,cattle_man,18095.0,6.698597411719443
CLUSTER_70,A,cattle_slu,74820.0,6.698597411719443
CLUSTER_70,A,horse_man,1087.859,6.698597411719443
CLUSTER_70,A,pig_man,751.0,6.698597411719443
CLUSTER_70,A,maize_str,4266.0,6.698597411719443
CLUSTER_70,A,beet_leaf,4041.0000000000005,6.698597411719443
CLUSTER_70,A,rape_str,1041.14,6.698597411719443
CLUSTER_70,A,legume_str,758.6,6.698597411719443
CLUSTER_88,A,cattle_man,1437.0,17.271724173954993
CLUSTER_88,A,cattle_slu,10870.0,17.271724173954993
CLUSTER_88,A,horse_man,1496.2,17.271724173954993
CLUSTER_88,A,pig_man,46.485800000000005,17.271724173954993
CLUSTER_88,A,maize_str,94.46,17.271724173954993
CLUSTER_88,A,rape_str,1116.4,17.271724173954993
CLUSTER_88,A,legume_str,227.87,17.271724173954993
CLUSTER_11,B,cattle_man,3764.1,18.75340370421436
CLUSTER_11,B,cattle_slu,28265.0,18.75340370421436
CLUSTER_11,B,horse_man,1455.0,18.75340370421436
CLUSTER_11,B,pig_man,23.6720704,18.75340370421436
CLUSTER_11,B,maize_str,190.9,18.75340370421436
CLUSTER_11,B,rape_str,672.41,18.75340370421436
CLUSTER_11,B,legume_str,180.37,18.75340370421436
CLUSTER_15,B,cattle_man,7650.0,16.85918748931411
CLUSTER_15,B,cattle_slu,47060.0,16.85918748931411
CLUSTER_15,B,horse_man,5057.0,16.85918748931411
CLUSTER_15,B,pig_man,68.319,16.85918748931411
CLUSTER_15,B,maize_str,45.96,16.85918748931411
CLUSTER_15,B,rape_str,787.2,16.85918748931411
CLUSTER_15,B,legume_str,224.491,16.85918748931411
CLUSTER_180,B,cattle_man,2402.6,25.35968278492169
CLUSTER_180,B,horse_man,1481.0,25.35968278492169
CLUSTER_180,B,pig_man,6160.0,25.35968278492169
CLUSTER_180,B,rape_str,2510.0,25.35968278492169
CLUSTER_180,B,legume_str,350.0,25.35968278492169
CLUSTER_184,B,cattle_man,2092.0,24.25174439544149
CLUSTER_184,B,horse_man,556.0,24.25174439544149
CLUSTER_184,B,pig_man,1364.0,24.25174439544149
CLUSTER_184,B,maize_str,4690.0,24.25174439544149
CLUSTER_184,B,rape_str,1554.0,24.25174439544149
CLUSTER_184,B,legume_str,480.0,24.25174439544149
CLUSTER_200,B,cattle_man,3150.0,21.525978870414438
CLUSTER_200,B,horse_man,797.9,21.525978870414438
CLUSTER_200,B,pig_man,508.565,21.525978870414438
CLUSTER_200,B,maize_str,105.4,21.525978870414438
CLUSTER_200,B,rape_str,2260.0,21.525978870414438
CLUSTER_200,B,legume_str,199.5,21.525978870414438
CLUSTER_241,B,cattle_man,10430.0,31.13153606364484
CLUSTER_241,B,horse_man,968.1,31.13153606364484
CLUSTER_241,B,rape_str,46.0,31.13153606364484
CLUSTER_241,B,legume_str,14.47,31.13153606364484
CLUSTER_246,B,cattle_man,2279.3,33.904652290356054
CLUSTER_246,B,horse_man,1160.4,33.904652290356054
CLUSTER_246,B,pig_man,400.322,33.904652290356054
CLUSTER_246,B,rape_str,1181.0,33.904652290356054
CLUSTER_246,B,legume_str,345.0,33.904652290356054
CLUSTER_256,B,cattle_man,2666.96,24.147514603224
CLUSTER_256,B,horse_man,2930.0,24.147514603224
CLUSTER_256,B,pig_man,14.8359,24.147514603224
CLUSTER_256,B,maize_str,754.49,24.147514603224
CLUSTER_256,B,rape_str,862.4,24.147514603224
CLUSTER_256,B,legume_str,337.66,24.147514603224
CLUSTER_278,B,cattle_man,5274.7,3.479046562297377
CLUSTER_278,B,cattle_slu,34950.0,3.479046562297377
CLUSTER_278,B,horse_man,660.7,3.479046562297377
CLUSTER_278,B,pig_man,334.991,3.479046562297377
CLUSTER_278,B,maize_str,274.04,3.479046562297377
CLUSTER_278,B,beet_leaf,1621.664,3.479046562297377
CLUSTER_278,B,rape_str,532.8,3.479046562297377
CLUSTER_278,B,legume_str,94.28,3.479046562297377
CLUSTER_299,B,cattle_man,4359.0,16.342189595578894
CLUSTER_299,B,cattle_slu,20499.0,16.342189595578894
CLUSTER_299,B,horse_man,817.8,16.342189595578894
CLUSTER_299,B,pig_man,111.861,16.342189595578894
CLUSTER_299,B,rape_str,270.28,16.342189595578894
CLUSTER_299,B,legume_str,62.4,16.342189595578894
CLUSTER_303,B,cattle_man,3262.0,24.835973338111025
CLUSTER_303,B,horse_man,1570.0,24.835973338111025
CLUSTER_303,B,pig_man,1707.0,24.835973338111025
CLUSTER_303,B,maize_str,378.0,24.835973338111025
CLUSTER_303,B,rape_str,914.0,24.835973338111025
CLUSTER_303,B,legume_str,375.4,24.835973338111025
CLUSTER_328,B,cattle_man,9120.0,10.850102952283295
CLUSTER_328,B,cattle_slu,7573.0,10.850102952283295
CLUSTER_328,B,horse_man,333.38,10.850102952283295
CLUSTER_328,B,pig_man,824.57,10.850102952283295
CLUSTER_328,B,maize_str,276.0,10.850102952283295
CLUSTER_328,B,beet_leaf,2953.0,10.850102952283295
CLUSTER_328,B,rape_str,1819.0,10.850102952283295
CLUSTER_328,B,legume_str,524.0,10.850102952283295
CLUSTER_332,B,cattle_man,620.3,24.568662802424363
CLUSTER_332,B,horse_man,404.6,24.568662802424363
CLUSTER_332,B,pig_man,132.8458,24.568662802424363
CLUSTER_332,B,maize_str,50.4,24.568662802424363
CLUSTER_332,B,rape_str,1546.9,24.568662802424363
CLUSTER_332,B,legume_str,553.2,24.568662802424363
CLUSTER_349,B,cattle_man,4717.0,25.766519532126438
CLUSTER_349,B,horse_man,668.0,25.766519532126438
CLUSTER_349,B,pig_man,105.746,25.766519532126438
CLUSTER_349,B,rape_str,1306.0,25.766519532126438
CLUSTER_349,B,legume_str,257.0,25.766519532126438
CLUSTER_366,B,cattle_man,8803.0,27.843984579929483
CLUSTER_366,B,horse_man,199.48,27.843984579929483
CLUSTER_366,B,rape_str,303.82,27.843984579929483
CLUSTER_366,B,legume_str,55.69,27.843984579929483
CLUSTER_379,B,cattle_man,18540.0,29.07884156433173
CLUSTER_379,B,horse_man,612.5,29.07884156433173
CLUSTER_379,B,rape_str,35.6,29.07884156433173
CLUSTER_379,B,legume_str,33.1,29.07884156433173
CLUSTER_395,B,cattle_man,1724.5,33.13686916056764
CLUSTER_395,B,horse_man,552.0799999999999,33.13686916056764
CLUSTER_395,B,pig_man,29.4111,33.13686916056764
CLUSTER_395,B,rape_str,1105.0,33.13686916056764
CLUSTER_395,B,legume_str,73.81,33.13686916056764
CLUSTER_42,B,cattle_man,15075.0,13.217910125852002
CLUSTER_42,B,cattle_slu,68930.0,13.217910125852002
CLUSTER_42,B,horse_man,1097.5,13.217910125852002
CLUSTER_42,B,pig_man,1804.5,13.217910125852002
CLUSTER_42,B,maize_str,1879.0,13.217910125852002
CLUSTER_42,B,rape_str,813.0,13.217910125852002
CLUSTER_42,B,legume_str,175.21,13.217910125852002
CLUSTER_430,B,cattle_man,1180.0,21.230990097111448
CLUSTER_430,B,horse_man,480.0,21.230990097111448
CLUSTER_430,B,pig_man,159.375,21.230990097111448
CLUSTER_430,B,maize_str,59.93000000000001,21.230990097111448
CLUSTER_430,B,rape_str,1226.0,21.230990097111448
CLUSTER_430,B,legume_str,108.18,21.230990097111448
CLUSTER_439,B,cattle_man,12440.0,22.388506496084037
CLUSTER_439,B,horse_man,163.7,22.388506496084037
CLUSTER_439,B,pig_man,625.9,22.388506496084037
CLUSTER_439,B,maize_str,371.2,22.388506496084037
CLUSTER_439,B,rape_str,429.0,22.388506496084037
CLUSTER_439,B,legume_str,194.2,22.388506496084037
CLUSTER_475,B,cattle_man,3878.0,25.39455890684305
CLUSTER_475,B,horse_man,665.9,25.39455890684305
CLUSTER_475,B,pig_man,250.66,25.39455890684305
CLUSTER_475,B,rape_str,859.6,25.39455890684305
CLUSTER_475,B,legume_str,261.4,25.39455890684305
CLUSTER_478,B,cattle_man,1374.0,10.55797340017696
CLUSTER_478,B,cattle_slu,6110.0,10.55797340017696
CLUSTER_478,B,horse_man,340.1,10.55797340017696
CLUSTER_478,B,pig_man,35.400000000000006,10.55797340017696
CLUSTER_478,B,maize_str,1389.0,10.55797340017696
CLUSTER_478,B,beet_leaf,1300.0,10.55797340017696
CLUSTER_478,B,rape_str,205.7,10.55797340017696
CLUSTER_478,B,legume_str,86.75,10.55797340017696
CLUSTER_5,B,cattle_man,1031.0,12.1402304551312
CLUSTER_5,B,cattle_slu,4550.0,12.1402304551312
CLUSTER_5,B,horse_man,895.0,12.1402304551312
CLUSTER_5,B,rape_str,185.0,12.1402304551312
CLUSTER_5,B,legume_str,30.66,12.1402304551312
CLUSTER_51,B,cattle_man,28020.0,17.13881816192699
CLUSTER_51,B,cattle_slu,177430.0,17.13881816192699
CLUSTER_51,B,horse_man,2617.0,17.13881816192699
CLUSTER_52,B,cattle_man,3984.5,17.36629369931864
CLUSTER_52,B,cattle_slu,20497.0,17.36629369931864
CLUSTER_52,B,horse_man,1083.1,17.36629369931864
CLUSTER_52,B,pig_man,917.46,17.36629369931864
CLUSTER_52,B,maize_str,4642.0,17.36629369931864
CLUSTER_52,B,rape_str,675.0,17.36629369931864
CLUSTER_52,B,legume_str,277.4,17.36629369931864
CLUSTER_525,B,cattle_man,4927.7,16.89993816113218
CLUSTER_525,B,cattle_slu,54.5,16.89993816113218
CLUSTER_525,B,horse_man,29.06,16.89993816113218
CLUSTER_525,B,pig_man,24.965,16.89993816113218
CLUSTER_525,B,maize_str,16.1,16.89993816113218
CLUSTER_525,B,rape_str,758.0,16.89993816113218
CLUSTER_525,B,legume_str,32.37,16.89993816113218
CLUSTER_535,B,cattle_man,1578.0,20.219116098053508
CLUSTER_535,B,horse_man,706.0,20.219116098053508
CLUSTER_535,B,pig_man,303.3,20.219116098053508
CLUSTER_535,B,maize_str,176.0,20.219116098053508
CLUSTER_535,B,rape_str,709.22,20.219116098053508
CLUSTER_535,B,legume_str,91.4,20.219116098053508
CLUSTER_93,B,cattle_man,44710.0,27.129214619097134
CLUSTER_93,B,horse_man,4360.0,27.129214619097134
CLUSTER_93,B,pig_man,56.565000000000005,27.129214619097134
CLUSTER_93,B,legume_str,120.6,27.129214619097134
CLUSTER_103,C,cattle_man,2660.0,33.95750071309741
CLUSTER_103,C,pig_man,791.300184,33.95750071309741
CLUSTER_103,C,rape_str,208.4,33.95750071309741
CLUSTER_103,C,legume_str,84.58999999999999,33.95750071309741
CLUSTER_121,C,cattle_man,11370.0,23.249880632845088
CLUSTER_121,C,horse_man,2073.0,23.249880632845088
CLUSTER_173,C,cattle_man,7846.000000000001,26.01885692389724
CLUSTER_173,C,horse_man,973.0,26.01885692389724
CLUSTER_173,C,pig_man,64.52416,26.01885692389724
CLUSTER_173,C,rape_str,696.9,26.01885692389724
CLUSTER_173,C,legume_str,245.0,26.01885692389724
CLUSTER_194,C,cattle_man,4180.5,33.47087224763008
CLUSTER_194,C,horse_man,974.4,33.47087224763008
CLUSTER_194,C,pig_man,308.943,33.47087224763008
CLUSTER_194,C,rape_str,1397.0,33.47087224763008
CLUSTER_194,C,legume_str,213.55,33.47087224763008
CLUSTER_204,C,cattle_man,10730.0,33.04562275108854
CLUSTER_204,C,horse_man,2958.0,33.04562275108854
CLUSTER_204,C,pig_man,37.494,33.04562275108854
CLUSTER_204,C,legume_str,23.92,33.04562275108854
CLUSTER_217,C,cattle_man,3099.0,35.44911388750883
CLUSTER_217,C,horse_man,1360.0,35.44911388750883
CLUSTER_217,C,pig_man,542.22,35.44911388750883
CLUSTER_217,C,rape_str,2680.0,35.44911388750883
CLUSTER_217,C,legume_str,337.9,35.44911388750883
CLUSTER_233,C,cattle_man,5430.0,23.76883907733625
CLUSTER_233,C,horse_man,1224.0,23.76883907733625
CLUSTER_233,C,pig_man,435.2,23.76883907733625
CLUSTER_233,C,maize_str,1220.2315848291769,23.76883907733625
CLUSTER_233,C,rape_str,718.0,23.76883907733625
CLUSTER_233,C,legume_str,413.0,23.76883907733625
CLUSTER_236,C,cattle_man,1177.4,12.03315083262962
CLUSTER_236,C,cattle_slu,756.6,12.03315083262962
CLUSTER_236,C,horse_man,1045.5,12.03315083262962
CLUSTER_236,C,pig_man,144.7,12.03315083262962
CLUSTER_236,C,maize_str,46.4,12.03315083262962
CLUSTER_236,C,beet_leaf,1965.0000000000002,12.03315083262962
CLUSTER_236,C,rape_str,1247.0,12.03315083262962
CLUSTER_236,C,legume_str,601.1,12.03315083262962
CLUSTER_292,C,cattle_man,8900.0,22.56086995333165
CLUSTER_292,C,horse_man,3197.0,22.56086995333165
CLUSTER_292,C,pig_man,2862.0,22.56086995333165
CLUSTER_292,C,maize_str,10970.0,22.56086995333165
CLUSTER_292,C,rape_str,1890.0,22.56086995333165
CLUSTER_292,C,legume_str,588.0,22.56086995333165
CLUSTER_295,C,cattle_man,1036.53,30.422636972100936
CLUSTER_295,C,horse_man,46.7,30.422636972100936
CLUSTER_295,C,rape_str,310.5,30.422636972100936
CLUSTER_295,C,legume_str,228.28,30.422636972100936
CLUSTER_31,C,cattle_man,11270.176,34.61644789280291
CLUSTER_31,C,horse_man,3786.0,34.61644789280291
CLUSTER_31,C,pig_man,390.4,34.61644789280291
CLUSTER_31,C,rape_str,3014.0,34.61644789280291
CLUSTER_31,C,legume_str,400.9,34.61644789280291
CLUSTER_314,C,cattle_man,812.91,26.017492067084376
CLUSTER_314,C,horse_man,639.0,26.017492067084376
CLUSTER_314,C,pig_man,452.226,26.017492067084376
CLUSTER_314,C,rape_str,258.9,26.017492067084376
CLUSTER_314,C,legume_str,103.5,26.017492067084376
CLUSTER_319,C,cattle_man,9700.0,18.24806282833805
CLUSTER_319,C,cattle_slu,26490.0,18.24806282833805
CLUSTER_319,C,horse_man,1821.5,18.24806282833805
CLUSTER_319,C,pig_man,343.0,18.24806282833805
CLUSTER_319,C,maize_str,2464.0,18.24806282833805
CLUSTER_319,C,rape_str,429.0,18.24806282833805
CLUSTER_319,C,legume_str,497.00000000000006,18.24806282833805
CLUSTER_323,C,pig_man,275.81,35.02601866191284
CLUSTER_34,C,cattle_man,4823.3,21.725369467559517
CLUSTER_34,C,horse_man,3660.3,21.725369467559517
CLUSTER_34,C,pig_man,547.047,21.725369467559517
CLUSTER_34,C,maize_str,4809.0,21.725369467559517
CLUSTER_34,C,rape_str,1322.6,21.725369467559517
CLUSTER_34,C,legume_str,428.6,21.725369467559517
CLUSTER_367,C,cattle_man,1682.0,10.101254020935654
CLUSTER_367,C,cattle_slu,18050.0,10.101254020935654
CLUSTER_367,C,horse_man,1169.9,10.101254020935654
CLUSTER_367,C,pig_man,1184.2,10.101254020935654
CLUSTER_367,C,maize_str,296.88,10.101254020935654
CLUSTER_367,C,beet_leaf,562.0,10.101254020935654
CLUSTER_367,C,rape_str,1095.0,10.101254020935654
CLUSTER_367,C,legume_str,263.8,10.101254020935654
CLUSTER_389,C,cattle_man,790.9,25.964005885698555
CLUSTER_389,C,horse_man,483.0,25.964005885698555
CLUSTER_389,C,pig_man,58.461,25.964005885698555
CLUSTER_389,C,rape_str,826.81,25.964005885698555
CLUSTER_389,C,legume_str,294.0,25.964005885698555
CLUSTER_433,C,cattle_man,4450.0297,29.38084032350069
CLUSTER_433,C,horse_man,1106.0,29.38084032350069
CLUSTER_433,C,pig_man,179.118,29.38084032350069
CLUSTER_433,C,rape_str,464.4,29.38084032350069
CLUSTER_433,C,legume_str,55.8,29.38084032350069
CLUSTER_459,C,cattle_man,3719.2,30.43544673901368
CLUSTER_459,C,horse_man,167.4,30.43544673901368
CLUSTER_459,C,pig_man,243.8,30.43544673901368
CLUSTER_459,C,rape_str,91.0,30.43544673901368
CLUSTER_459,C,legume_str,28.68,30.43544673901368
CLUSTER_493,C,pig_man,193.15,39.57761222615405
CLUSTER_495,C,pig_man,180.446,28.073505052879447
CLUSTER_523,C,cattle_man,13260.0,22.682379372980883
CLUSTER_523,C,horse_man,1417.0,22.682379372980883
CLUSTER_523,C,pig_man,56.7,22.682379372980883
CLUSTER_523,C,maize_str,795.0,22.682379372980883
CLUSTER_523,C,rape_str,139.1,22.682379372980883
CLUSTER_523,C,legume_str,49.6,22.682379372980883
CLUSTER_528,C,cattle_man,7939.999999999999,23.358818084471125
CLUSTER_528,C,horse_man,1337.0,23.358818084471125
CLUSTER_55,C,cattle_man,3272.0,26.4126388384558
CLUSTER_55,C,horse_man,3076.3,26.4126388384558
CLUSTER_55,C,pig_man,46.48,26.4126388384558
CLUSTER_55,C,rape_str,291.6,26.4126388384558
CLUSTER_55,C,legume_str,299.8,26.4126388384558
CLUSTER_64,C,cattle_man,35510.0,1.0505408684970712
CLUSTER_64,C,cattle_slu,117990.0,1.0505408684970712
CLUSTER_64,C,horse_man,1753.8,1.0505408684970712
CLUSTER_64,C,pig_slu,19850.0,1.0505408684970712
CLUSTER_64,C,pig_man,1190.4,1.0505408684970712
CLUSTER_64,C,maize_str,4991.0,1.0505408684970712
CLUSTER_64,C,beet_leaf,1909.3,1.0505408684970712
CLUSTER_64,C,rape_str,1531.1,1.0505408684970712
CLUSTER_64,C,legume_str,944.8,1.0505408684970712
CLUSTER_7,C,cattle_man,6818.0,33.98310849303269
CLUSTER_7,C,horse_man,843.8,33.98310849303269
CLUSTER_7,C,pig_man,353.272,33.98310849303269
CLUSTER_7,C,rape_str,2308.0,33.98310849303269
CLUSTER_7,C,legume_str,232.0,33.98310849303269
CLUSTER_99,C,cattle_man,18960.0,20.444462319547192
CLUSTER_99,C,cattle_slu,24280.652865322718,20.444462319547192
CLUSTER_99,C,horse_man,170.398,20.444462319547192
CLUSTER_99,C,pig_man,173.7,20.444462319547192
CLUSTER_99,C,maize_str,397.0,20.444462319547192
CLUSTER_99,C,rape_str,371.8,20.444462319547192
CLUSTER_99,C,legume_str,144.0,20.444462319547192
CLUSTER_118,D,cattle_man,21190.0,31.87069374092146
CLUSTER_118,D,horse_man,710.0,31.87069374092146
CLUSTER_118,D,rape_str,80.0,31.87069374092146
CLUSTER_118,D,legume_str,97.25,31.87069374092146
CLUSTER_125,D,cattle_man,17940.0,23.861189467427707
CLUSTER_125,D,horse_man,653.0,23.861189467427707
CLUSTER_125,D,pig_man,536.0,23.861189467427707
CLUSTER_125,D,maize_str,642.8,23.861189467427707
CLUSTER_125,D,rape_str,3920.0,23.861189467427707
CLUSTER_125,D,legume_str,441.0,23.861189467427707
CLUSTER_135,D,cattle_man,35210.0,12.15087853989411
CLUSTER_135,D,cattle_slu,152400.0,12.15087853989411
CLUSTER_135,D,horse_man,2847.0,12.15087853989411
CLUSTER_135,D,pig_man,159.368,12.15087853989411
CLUSTER_135,D,maize_str,641.8,12.15087853989411
CLUSTER_135,D,legume_str,330.2,12.15087853989411
CLUSTER_147,D,cattle_man,5220.0,20.31606348990041
CLUSTER_147,D,horse_man,869.8,20.31606348990041
CLUSTER_147,D,pig_man,23.898,20.31606348990041
CLUSTER_147,D,maize_str,127.70000000000002,20.31606348990041
CLUSTER_147,D,rape_str,506.3,20.31606348990041
CLUSTER_147,D,legume_str,68.23,20.31606348990041
CLUSTER_149,D,cattle_man,19570.0,9.040458371880735
CLUSTER_149,D,cattle_slu,98800.0,9.040458371880735
CLUSTER_149,D,horse_man,2613.8,9.040458371880735
CLUSTER_149,D,pig_man,19.0894,9.040458371880735
CLUSTER_149,D,maize_str,10.72,9.040458371880735
CLUSTER_149,D,legume_str,27.93,9.040458371880735
CLUSTER_205,D,cattle_man,16567.0,25.953728312637462
CLUSTER_205,D,horse_man,3447.0,25.953728312637462
CLUSTER_205,D,pig_man,123.23616,25.953728312637462
CLUSTER_205,D,rape_str,424.8,25.953728312637462
CLUSTER_205,D,legume_str,366.9,25.953728312637462
CLUSTER_213,D,cattle_man,3968.0,30.944874422273447
CLUSTER_213,D,horse_man,642.2,30.944874422273447
CLUSTER_213,D,rape_str,43.9,30.944874422273447
CLUSTER_213,D,legume_str,10.36,30.944874422273447
CLUSTER_22,D,cattle_man,44030.0,11.963993927329753
CLUSTER_22,D,cattle_slu,203300.0,11.963993927329753
CLUSTER_22,D,horse_man,2301.0,11.963993927329753
CLUSTER_22,D,pig_man,696.0,11.963993927329753
CLUSTER_22,D,maize_str,1286.9,11.963993927329753
CLUSTER_22,D,rape_str,418.6,11.963993927329753
CLUSTER_22,D,legume_str,405.9,11.963993927329753
CLUSTER_23,D,cattle_man,4229.4,36.70174425464956
CLUSTER_23,D,horse_man,1920.4,36.70174425464956
CLUSTER_23,D,rape_str,579.28,36.70174425464956
CLUSTER_23,D,legume_str,30.65,36.70174425464956
CLUSTER_271,D,cattle_man,3622.2,21.60301274900287
CLUSTER_271,D,horse_man,278.4,21.60301274900287
CLUSTER_271,D,pig_man,831.7,21.60301274900287
CLUSTER_271,D,maize_str,266.3,21.60301274900287
CLUSTER_271,D,rape_str,2906.0,21.60301274900287
CLUSTER_271,D,legume_str,258.8,21.60301274900287
CLUSTER_287,D,cattle_man,2184.0,16.33000939057589
CLUSTER_287,D,cattle_slu,8670.0,16.33000939057589
CLUSTER_287,D,horse_man,1571.0,16.33000939057589
CLUSTER_294,D,cattle_man,6386.0,26.417424644351428
CLUSTER_294,D,horse_man,1187.9,26.417424644351428
CLUSTER_294,D,pig_man,937.6,26.417424644351428
CLUSTER_294,D,rape_str,684.0,26.417424644351428
CLUSTER_294,D,legume_str,168.2,26.417424644351428
CLUSTER_304,D,cattle_man,2118.0,17.24269618414193
CLUSTER_304,D,cattle_slu,6193.0,17.24269618414193
CLUSTER_304,D,horse_man,706.6,17.24269618414193
CLUSTER_331,D,cattle_man,5700.0,28.718606701885168
CLUSTER_331,D,horse_man,3020.0,28.718606701885168
CLUSTER_331,D,pig_man,621.0,28.718606701885168
CLUSTER_331,D,rape_str,1228.0,28.718606701885168
CLUSTER_331,D,legume_str,336.0,28.718606701885168
CLUSTER_344,D,cattle_man,9980.0,22.27749923074341
CLUSTER_344,D,horse_man,1961.0,22.27749923074341
CLUSTER_344,D,pig_man,347.5,22.27749923074341
CLUSTER_344,D,maize_str,5434.0,22.27749923074341
CLUSTER_344,D,rape_str,232.2,22.27749923074341
CLUSTER_344,D,legume_str,332.0,22.27749923074341
CLUSTER_353,D,cattle_man,9000.0,27.017977614107384
CLUSTER_353,D,horse_man,840.0,27.017977614107384
CLUSTER_353,D,pig_man,473.0,27.017977614107384
CLUSTER_353,D,rape_str,696.0,27.017977614107384
CLUSTER_353,D,legume_str,276.0,27.017977614107384
CLUSTER_357,D,cattle_man,11532.0,28.398468048235973
CLUSTER_357,D,horse_man,1403.7,28.398468048235973
CLUSTER_357,D,pig_man,843.3,28.398468048235973
CLUSTER_357,D,rape_str,1320.0,28.398468048235973
CLUSTER_357,D,legume_str,131.1,28.398468048235973
CLUSTER_371,D,cattle_man,13910.0,5.774254157420066
CLUSTER_371,D,cattle_slu,44150.0,5.774254157420066
CLUSTER_371,D,horse_man,1280.1,5.774254157420066
CLUSTER_371,D,pig_man,228.32,5.774254157420066
CLUSTER_371,D,maize_str,1554.0,5.774254157420066
CLUSTER_371,D,beet_leaf,729.6,5.774254157420066
CLUSTER_371,D,rape_str,918.4,5.774254157420066
CLUSTER_371,D,legume_str,445.8,5.774254157420066
CLUSTER_374,D,cattle_man,5400.0,25.391648723336456
CLUSTER_374,D,horse_man,1839.0,25.391648723336456
CLUSTER_380,D,cattle_man,6580.0,30.35759334494021
CLUSTER_380,D,horse_man,1242.0,30.35759334494021
CLUSTER_380,D,pig_man,506.99999999999994,30.35759334494021
CLUSTER_380,D,rape_str,2235.0,30.35759334494021
CLUSTER_380,D,legume_str,263.0,30.35759334494021
CLUSTER_405,D,cattle_man,3574.0,35.554474454085934
CLUSTER_405,D,horse_man,311.8,35.554474454085934
CLUSTER_405,D,pig_man,1316.0,35.554474454085934
CLUSTER_405,D,rape_str,758.7,35.554474454085934
CLUSTER_405,D,legume_str,321.95,35.554474454085934
CLUSTER_438,D,cattle_man,3331.0,0.992990609685941
CLUSTER_438,D,cattle_slu,18770.0,0.992990609685941
CLUSTER_438,D,horse_man,832.8,0.992990609685941
CLUSTER_438,D,pig_slu,2600.6,0.992990609685941
CLUSTER_438,D,pig_man,223.18,0.992990609685941
CLUSTER_438,D,rape_str,20.6,0.992990609685941
CLUSTER_438,D,legume_str,13.04,0.992990609685941
CLUSTER_464,D,cattle_man,4492.0,16.28746156440638
CLUSTER_464,D,cattle_slu,19850.0,16.28746156440638
CLUSTER_464,D,horse_man,752.0,16.28746156440638
CLUSTER_464,D,pig_man,54.032,16.28746156440638
CLUSTER_464,D,maize_str,1659.0,16.28746156440638
CLUSTER_464,D,rape_str,387.0,16.28746156440638
CLUSTER_464,D,legume_str,235.0,16.28746156440638
CLUSTER_483,D,cattle_man,2116.9,30.503133493460343
CLUSTER_483,D,horse_man,289.75,30.503133493460343
CLUSTER_483,D,pig_man,2458.9,30.503133493460343
CLUSTER_483,D,rape_str,440.9,30.503133493460343
CLUSTER_483,D,legume_str,415.5,30.503133493460343
CLUSTER_490,D,cattle_man,3600.0,40.68836946941814
CLUSTER_490,D,horse_man,745.2,40.68836946941814
CLUSTER_490,D,pig_man,105.9,40.68836946941814
CLUSTER_490,D,rape_str,340.0,40.68836946941814
CLUSTER_490,D,legume_str,80.4,40.68836946941814
CLUSTER_501,D,cattle_man,230.0,36.50748951942057
CLUSTER_501,D,horse_man,474.5,36.50748951942057
CLUSTER_501,D,pig_man,1378.0,36.50748951942057
CLUSTER_501,D,rape_str,1822.0,36.50748951942057
CLUSTER_501,D,legume_str,355.2,36.50748951942057
CLUSTER_510,D,cattle_man,2238.5,21.64074811897856
CLUSTER_510,D,horse_man,1319.0,21.64074811897856
CLUSTER_510,D,maize_str,22.419,21.64074811897856
CLUSTER_510,D,rape_str,86.1,21.64074811897856
CLUSTER_510,D,legume_str,52.36,21.64074811897856
CLUSTER_516,D,cattle_man,8820.0,23.594084006845133
CLUSTER_516,D,horse_man,1178.0,23.594084006845133
CLUSTER_516,D,pig_man,123.100375,23.594084006845133
CLUSTER_516,D,maize_str,1508.0,23.594084006845133
CLUSTER_516,D,rape_str,861.0,23.594084006845133
CLUSTER_516,D,legume_str,330.5,23.594084006845133
CLUSTER_73,D,cattle_man,5812.0,21.732041282423204
CLUSTER_73,D,horse_man,1613.1,21.732041282423204
CLUSTER_73,D,pig_man,3455.0,21.732041282423204
CLUSTER_73,D,maize_str,11358.0,21.732041282423204
CLUSTER_73,D,rape_str,3434.0,21.732041282423204
CLUSTER_73,D,legume_str,648.0,21.732041282423204
CLUSTER_102,E,cattle_man,1724.0,9.996915089440323
CLUSTER_102,E,cattle_slu,10771.0,9.996915089440323
CLUSTER_102,E,horse_man,961.0,9.996915089440323
CLUSTER_102,E,rape_str,88.5,9.996915089440323
CLUSTER_102,E,legume_str,12.3,9.996915089440323
CLUSTER_104,E,cattle_man,26110.0,14.176722661221508
CLUSTER_104,E,cattle_slu,114400.0,14.176722661221508
CLUSTER_104,E,horse_man,871.7,14.176722661221508
CLUSTER_104,E,pig_man,527.2180000000001,14.176722661221508
CLUSTER_104,E,maize_str,2760.0,14.176722661221508
CLUSTER_104,E,rape_str,732.1,14.176722661221508
CLUSTER_104,E,legume_str,171.70000000000002,14.176722661221508
CLUSTER_128,E,cattle_man,10124.4,21.05294915082972
CLUSTER_128,E,horse_man,2411.7,21.05294915082972
CLUSTER_128,E,pig_man,539.0,21.05294915082972
CLUSTER_128,E,maize_str,1924.5,21.05294915082972
CLUSTER_128,E,rape_str,635.2,21.05294915082972
CLUSTER_128,E,legume_str,170.4,21.05294915082972
CLUSTER_129,E,cattle_man,8284.0,17.51392941674928
CLUSTER_129,E,cattle_slu,27050.0,17.51392941674928
CLUSTER_129,E,horse_man,1743.9,17.51392941674928
CLUSTER_129,E,pig_man,245.9917,17.51392941674928
CLUSTER_129,E,maize_str,396.8,17.51392941674928
CLUSTER_129,E,rape_str,408.7,17.51392941674928
CLUSTER_129,E,legume_str,211.4,17.51392941674928
CLUSTER_166,E,cattle_man,6826.0,28.669463863008296
CLUSTER_166,E,horse_man,763.7,28.669463863008296
CLUSTER_166,E,pig_man,110.044731,28.669463863008296
CLUSTER_166,E,rape_str,257.0,28.669463863008296
CLUSTER_166,E,legume_str,112.33,28.669463863008296
CLUSTER_17,E,cattle_man,9480.0,17.25091194398096
CLUSTER_17,E,cattle_slu,36030.0,17.25091194398096
CLUSTER_17,E,horse_man,663.59,17.25091194398096
CLUSTER_17,E,pig_man,202.955,17.25091194398096
CLUSTER_17,E,maize_str,87.2,17.25091194398096
CLUSTER_17,E,rape_str,126.64,17.25091194398096
CLUSTER_17,E,legume_str,112.2,17.25091194398096
CLUSTER_172,E,cattle_man,2980.7,27.525292814736247
CLUSTER_172,E,horse_man,2882.7,27.525292814736247
CLUSTER_172,E,rape_str,473.5,27.525292814736247
CLUSTER_172,E,legume_str,102.3,27.525292814736247
CLUSTER_179,E,cattle_man,11220.0,25.12665726100444
CLUSTER_179,E,horse_man,1139.0,25.12665726100444
CLUSTER_179,E,pig_man,63.56600000000001,25.12665726100444
CLUSTER_179,E,rape_str,741.5,25.12665726100444
CLUSTER_179,E,legume_str,197.6,25.12665726100444
CLUSTER_191,E,cattle_man,11290.0,22.672046923354788
CLUSTER_191,E,horse_man,1592.0,22.672046923354788
CLUSTER_193,E,cattle_man,1113.0,23.03881209443479
CLUSTER_193,E,horse_man,1133.0,23.03881209443479
CLUSTER_230,E,cattle_man,11370.0,28.947406681105573
CLUSTER_230,E,horse_man,900.0,28.947406681105573
CLUSTER_230,E,pig_man,156.99,28.947406681105573
CLUSTER_230,E,rape_str,1536.0,28.947406681105573
CLUSTER_230,E,legume_str,288.0,28.947406681105573
CLUSTER_248,E,cattle_man,377.0,22.00950194124146
CLUSTER_248,E,horse_man,258.4,22.00950194124146
CLUSTER_248,E,pig_man,337.0,22.00950194124146
CLUSTER_248,E,maize_str,301.88279,22.00950194124146
CLUSTER_248,E,rape_str,349.9,22.00950194124146
CLUSTER_248,E,legume_str,201.2,22.00950194124146
CLUSTER_258,E,cattle_man,16820.0,12.164176199655348
CLUSTER_258,E,cattle_slu,98070.0,12.164176199655348
CLUSTER_258,E,horse_man,1914.0,12.164176199655348
CLUSTER_258,E,maize_str,13.7,12.164176199655348
CLUSTER_258,E,legume_str,10.47,12.164176199655348
CLUSTER_282,E,cattle_man,10020.0,36.25231730405518
CLUSTER_282,E,horse_man,1029.0,36.25231730405518
CLUSTER_282,E,pig_man,277.076,36.25231730405518
CLUSTER_282,E,rape_str,168.6,36.25231730405518
CLUSTER_282,E,legume_str,149.16,36.25231730405518
CLUSTER_327,E,cattle_man,2540.0,24.445383598996514
CLUSTER_327,E,horse_man,336.5,24.445383598996514
CLUSTER_327,E,rape_str,68.7,24.445383598996514
CLUSTER_327,E,legume_str,27.7,24.445383598996514
CLUSTER_333,E,cattle_man,11300.0,2.677768821513389
CLUSTER_333,E,cattle_slu,53090.0,2.677768821513389
CLUSTER_333,E,horse_man,712.5,2.677768821513389
CLUSTER_333,E,pig_slu,5270.0,2.677768821513389
CLUSTER_333,E,pig_man,364.2,2.677768821513389
CLUSTER_333,E,maize_str,122.09999999999998,2.677768821513389
CLUSTER_333,E,beet_leaf,12.3,2.677768821513389
CLUSTER_333,E,rape_str,1408.0,2.677768821513389
CLUSTER_333,E,legume_str,254.9,2.677768821513389
CLUSTER_334,E,cattle_man,2641.3,26.630600128171764
CLUSTER_334,E,horse_man,1501.5,26.630600128171764
CLUSTER_334,E,pig_man,214.22,26.630600128171764
CLUSTER_334,E,rape_str,438.62,26.630600128171764
CLUSTER_334,E,legume_str,53.6,26.630600128171764
CLUSTER_345,E,cattle_man,8870.0,29.32264709630294
CLUSTER_345,E,horse_man,3059.0,29.32264709630294
CLUSTER_345,E,pig_man,131.752025,29.32264709630294
CLUSTER_345,E,rape_str,1424.0,29.32264709630294
CLUSTER_345,E,legume_str,1226.0,29.32264709630294
CLUSTER_35,E,cattle_man,3291.0,19.43273988980284
CLUSTER_35,E,horse_man,655.3,19.43273988980284
CLUSTER_35,E,pig_man,754.8290000000001,19.43273988980284
CLUSTER_35,E,maize_str,1422.0,19.43273988980284
CLUSTER_35,E,rape_str,3218.0,19.43273988980284
CLUSTER_35,E,legume_str,631.6,19.43273988980284
CLUSTER_352,E,cattle_man,13540.0,22.17703908069545
CLUSTER_352,E,horse_man,3832.0,22.17703908069545
CLUSTER_352,E,pig_man,32.1,22.17703908069545
CLUSTER_352,E,rape_str,33.3,22.17703908069545
CLUSTER_365,E,cattle_man,16119.999999999998,18.29800152897909
CLUSTER_365,E,cattle_slu,94000.0,18.29800152897909
CLUSTER_365,E,horse_man,1341.0,18.29800152897909
CLUSTER_365,E,maize_str,269.0,18.29800152897909
CLUSTER_365,E,rape_str,408.7,18.29800152897909
CLUSTER_365,E,legume_str,86.1,18.29800152897909
CLUSTER_373,E,cattle_man,930.61,34.86683596504936
CLUSTER_373,E,horse_man,1879.8,34.86683596504936
CLUSTER_373,E,rape_str,814.9,34.86683596504936
CLUSTER_373,E,legume_str,370.5,34.86683596504936
CLUSTER_378,E,cattle_man,31200.0,31.530128272174792
CLUSTER_378,E,horse_man,1373.0,31.530128272174792
CLUSTER_378,E,pig_man,297.007,31.530128272174792
CLUSTER_378,E,rape_str,180.6,31.530128272174792
CLUSTER_378,E,legume_str,300.1,31.530128272174792
CLUSTER_40,E,cattle_man,5321.0,20.373280486365644
CLUSTER_40,E,horse_man,2457.6,20.373280486365644
CLUSTER_40,E,pig_man,213.46,20.373280486365644
CLUSTER_40,E,maize_str,53.400000000000006,20.373280486365644
CLUSTER_40,E,rape_str,458.3,20.373280486365644
CLUSTER_40,E,legume_str,180.49,20.373280486365644
CLUSTER_417,E,cattle_man,11640.0,30.11878474480281
CLUSTER_417,E,horse_man,430.8,30.11878474480281
CLUSTER_417,E,pig_man,197.25,30.11878474480281
CLUSTER_417,E,rape_str,677.4,30.11878474480281
CLUSTER_417,E,legume_str,179.52,30.11878474480281
CLUSTER_435,E,cattle_man,3989.9999999999995,18.87411098720809
CLUSTER_435,E,horse_man,1508.0,18.87411098720809
CLUSTER_435,E,pig_man,46.49,18.87411098720809
CLUSTER_435,E,maize_str,65.7,18.87411098720809
CLUSTER_435,E,rape_str,153.1,18.87411098720809
CLUSTER_435,E,legume_str,63.4,18.87411098720809
CLUSTER_457,E,cattle_man,11400.0,21.681857882273423
CLUSTER_457,E,horse_man,1512.5,21.681857882273423
CLUSTER_457,E,maize_str,314.0,21.681857882273423
CLUSTER_457,E,rape_str,30.800000000000004,21.681857882273423
CLUSTER_457,E,legume_str,108.18,21.681857882273423
CLUSTER_46,E,cattle_man,1697.0,29.779144788850296
CLUSTER_46,E,horse_man,2237.0,29.779144788850296
CLUSTER_46,E,pig_man,83.87871,29.779144788850296
CLUSTER_46,E,rape_str,1841.4,29.779144788850296
CLUSTER_46,E,legume_str,245.43999999999997,29.779144788850296
CLUSTER_507,E,cattle_man,9890.0,36.27743946589668
CLUSTER_507,E,horse_man,1199.4,36.27743946589668
CLUSTER_507,E,rape_str,1388.0,36.27743946589668
CLUSTER_507,E,legume_str,319.0,36.27743946589668
CLUSTER_58,E,cattle_man,49010.0,18.821485911332843
CLUSTER_58,E,horse_man,3739.6,18.821485911332843
CLUSTER_58,E,pig_man,585.7193,18.821485911332843
CLUSTER_58,E,maize_str,2538.0,18.821485911332843
CLUSTER_58,E,rape_str,948.0,18.821485911332843
CLUSTER_58,E,legume_str,822.0,18.821485911332843
CLUSTER_66,E,cattle_man,2641.0375,8.826456521713375
CLUSTER_66,E,cattle_slu,15050.0,8.826456521713375
CLUSTER_66,E,horse_man,880.00908,8.826456521713375
CLUSTER_66,E,pig_man,180.310571,8.826456521713375
CLUSTER_66,E,beet_leaf,718.0,8.826456521713375
CLUSTER_66,E,rape_str,449.2,8.826456521713375
CLUSTER_66,E,legume_str,66.985,8.826456521713375
CLUSTER_109,F,cattle_man,10424.0,33.265818900083524
CLUSTER_109,F,horse_man,2924.0,33.265818900083524
CLUSTER_109,F,pig_man,121.22265,33.265818900083524
CLUSTER_109,F,rape_str,16.3,33.265818900083524
CLUSTER_109,F,legume_str,13.7,33.265818900083524
CLUSTER_114,F,cattle_man,3025.0,6.422945708280608
CLUSTER_114,F,cattle_slu,30090.0,6.422945708280608
CLUSTER_114,F,horse_man,632.9,6.422945708280608
CLUSTER_114,F,pig_man,77.82100000000001,6.422945708280608
CLUSTER_114,F,maize_str,77.8,6.422945708280608
CLUSTER_114,F,beet_leaf,323.0584,6.422945708280608
CLUSTER_114,F,rape_str,2133.0,6.422945708280608
CLUSTER_114,F,legume_str,233.9,6.422945708280608
CLUSTER_141,F,cattle_man,6618.0,30.546094288976395
CLUSTER_141,F,horse_man,2815.0,30.546094288976395
CLUSTER_141,F,pig_man,111.971,30.546094288976395
CLUSTER_141,F,rape_str,1518.4,30.546094288976395
CLUSTER_141,F,legume_str,364.1,30.546094288976395
CLUSTER_143,F,cattle_man,20920.0,26.83851202017078
CLUSTER_143,F,horse_man,1329.0,26.83851202017078
CLUSTER_143,F,pig_man,52.20089,26.83851202017078
CLUSTER_143,F,rape_str,89.7,26.83851202017078
CLUSTER_143,F,legume_str,47.158,26.83851202017078
CLUSTER_188,F,cattle_man,6172.0,15.540539772421573
CLUSTER_188,F,cattle_slu,39630.0,15.540539772421573
CLUSTER_188,F,horse_man,1732.0,15.540539772421573
CLUSTER_188,F,pig_man,27.346000000000004,15.540539772421573
CLUSTER_188,F,maize_str,198.76,15.540539772421573
CLUSTER_188,F,rape_str,21.25,15.540539772421573
CLUSTER_188,F,legume_str,67.118,15.540539772421573
CLUSTER_215,F,cattle_man,11500.0,21.28659534265259
CLUSTER_215,F,horse_man,2969.0,21.28659534265259
CLUSTER_234,F,cattle_man,28380.0,28.487767289485863
CLUSTER_234,F,horse_man,2507.0,28.487767289485863
CLUSTER_234,F,pig_man,472.3,28.487767289485863
CLUSTER_234,F,rape_str,1344.0,28.487767289485863
CLUSTER_234,F,legume_str,176.9,28.487767289485863
CLUSTER_264,F,cattle_man,33570.0,11.203824998655016
CLUSTER_264,F,cattle_slu,230130.0,11.203824998655016
CLUSTER_264,F,horse_man,387.684,11.203824998655016
CLUSTER_264,F,pig_man,100.19925,11.203824998655016
CLUSTER_264,F,maize_str,79.4,11.203824998655016
CLUSTER_264,F,beet_leaf,541.0,11.203824998655016
CLUSTER_264,F,rape_str,125.89999999999999,11.203824998655016
CLUSTER_264,F,legume_str,18.9,11.203824998655016
CLUSTER_275,F,cattle_man,3212.5,30.26591394107726
CLUSTER_275,F,horse_man,564.0,30.26591394107726
CLUSTER_275,F,rape_str,2420.0,30.26591394107726
CLUSTER_275,F,legume_str,322.6,30.26591394107726
CLUSTER_283,F,cattle_man,4490.4,17.303641919022784
CLUSTER_283,F,cattle_slu,6544.7,17.303641919022784
CLUSTER_283,F,horse_man,349.112,17.303641919022784
CLUSTER_283,F,pig_man,1637.37,17.303641919022784
CLUSTER_283,F,maize_str,483.1,17.303641919022784
CLUSTER_283,F,rape_str,1599.65,17.303641919022784
CLUSTER_283,F,legume_str,287.6,17.303641919022784
CLUSTER_298,F,cattle_man,6560.0,24.19451843956977
CLUSTER_298,F,horse_man,591.0,24.19451843956977
CLUSTER_298,F,maize_str,131.71,24.19451843956977
CLUSTER_298,F,rape_str,1018.0,24.19451843956977
CLUSTER_298,F,legume_str,191.9,24.19451843956977
CLUSTER_301,F,cattle_man,2641.0,15.28466039991914
CLUSTER_301,F,cattle_slu,12180.0,15.28466039991914
CLUSTER_301,F,horse_man,760.0,15.28466039991914
CLUSTER_301,F,pig_man,225.23,15.28466039991914
CLUSTER_301,F,maize_str,3168.0,15.28466039991914
CLUSTER_301,F,rape_str,382.1,15.28466039991914
CLUSTER_301,F,legume_str,364.26,15.28466039991914
CLUSTER_311,F,cattle_man,22700.0,25.35824517856077
CLUSTER_311,F,horse_man,1250.5,25.35824517856077
CLUSTER_311,F,rape_str,316.0,25.35824517856077
CLUSTER_311,F,legume_str,30.47,25.35824517856077
CLUSTER_351,F,cattle_man,14750.0,21.856787072116585
CLUSTER_351,F,horse_man,1500.0,21.856787072116585
CLUSTER_351,F,pig_man,456.3,21.856787072116585
CLUSTER_351,F,maize_str,544.0,21.856787072116585
CLUSTER_351,F,rape_str,1727.0,21.856787072116585
CLUSTER_351,F,legume_str,523.0,21.856787072116585
CLUSTER_382,F,cattle_man,2959.0,18.31879866855548
CLUSTER_382,F,cattle_slu,22100.0,18.31879866855548
CLUSTER_382,F,horse_man,1045.0,18.31879866855548
CLUSTER_382,F,pig_man,429.0,18.31879866855548
CLUSTER_382,F,maize_str,346.7,18.31879866855548
CLUSTER_382,F,rape_str,1028.0,18.31879866855548
CLUSTER_382,F,legume_str,385.1,18.31879866855548
CLUSTER_43,F,cattle_man,697.37,30.256691343230507
CLUSTER_43,F,horse_man,1609.1999999999998,30.256691343230507
CLUSTER_43,F,pig_man,36.5,30.256691343230507
CLUSTER_43,F,rape_str,981.0000000000001,30.256691343230507
CLUSTER_43,F,legume_str,631.3,30.256691343230507
CLUSTER_448,F,cattle_man,3200.0,18.767272264798
CLUSTER_448,F,horse_man,654.0,18.767272264798
CLUSTER_462,F,cattle_man,3029.0,29.531742543131333
CLUSTER_462,F,horse_man,386.0,29.531742543131333
CLUSTER_462,F,pig_man,169.4,29.531742543131333
CLUSTER_462,F,rape_str,192.1,29.531742543131333
CLUSTER_462,F,legume_str,58.4,29.531742543131333
CLUSTER_472,F,cattle_man,24810.0,19.73700078810624
CLUSTER_472,F,horse_man,709.0,19.73700078810624
CLUSTER_472,F,pig_man,22.5159,19.73700078810624
CLUSTER_472,F,maize_str,62.6,19.73700078810624
CLUSTER_472,F,rape_str,336.6,19.73700078810624
CLUSTER_472,F,legume_str,59.1,19.73700078810624
CLUSTER_482,F,cattle_man,16500.0,14.526262824138222
CLUSTER_482,F,cattle_slu,67590.0,14.526262824138222
CLUSTER_482,F,horse_man,1167.3,14.526262824138222
CLUSTER_482,F,pig_man,28.99635,14.526262824138222
CLUSTER_482,F,maize_str,141.8,14.526262824138222
CLUSTER_482,F,legume_str,62.8,14.526262824138222
CLUSTER_488,F,cattle_man,62.5,24.890494535732028
CLUSTER_488,F,horse_man,236.9,24.890494535732028
CLUSTER_488,F,pig_man,1185.8,24.890494535732028
CLUSTER_488,F,rape_str,315.0,24.890494535732028
CLUSTER_488,F,legume_str,451.0,24.890494535732028
CLUSTER_49,F,cattle_man,15490.0,30.55487353721413
CLUSTER_49,F,horse_man,1710.1,30.55487353721413
CLUSTER_49,F,pig_man,231.961,30.55487353721413
CLUSTER_49,F,rape_str,2778.0,30.55487353721413
CLUSTER_49,F,legume_str,470.832,30.55487353721413
CLUSTER_72,F,cattle_man,21650.0,20.634627829155377
CLUSTER_72,F,horse_man,4938.0,20.634627829155377
CLUSTER_72,F,pig_man,949.3,20.634627829155377
CLUSTER_72,F,maize_str,914.0,20.634627829155377
CLUSTER_72,F,rape_str,3098.0,20.634627829155377
CLUSTER_72,F,legume_str,700.5,20.634627829155377
CLUSTER_9,F,cattle_man,4512.6,5.220213879551922
CLUSTER_9,F,cattle_slu,16322.900000000001,5.220213879551922
CLUSTER_9,F,horse_man,1859.2,5.220213879551922
CLUSTER_9,F,pig_man,1813.0,5.220213879551922
CLUSTER_9,F,maize_str,2940.98,5.220213879551922
CLUSTER_9,F,beet_leaf,23584.0,5.220213879551922
CLUSTER_9,F,rape_str,712.84,5.220213879551922
CLUSTER_9,F,legume_str,267.44,5.220213879551922
CLUSTER_1,G,cattle_man,7654.55,14.298948848296144
CLUSTER_1,G,cattle_slu,47629.0145,14.298948848296144
CLUSTER_1,G,horse_man,642.4,14.298948848296144
CLUSTER_1,G,pig_man,381.6,14.298948848296144
CLUSTER_1,G,maize_str,371.5,14.298948848296144
CLUSTER_1,G,rape_str,1763.0,14.298948848296144
CLUSTER_1,G,legume_str,279.7,14.298948848296144
CLUSTER_110,G,cattle_man,22036.0,21.85853472275392
CLUSTER_110,G,horse_man,797.0,21.85853472275392
CLUSTER_110,G,rape_str,218.1,21.85853472275392
CLUSTER_110,G,legume_str,32.8,21.85853472275392
CLUSTER_150,G,cattle_man,18940.0,7.38457060762129
CLUSTER_150,G,cattle_slu,87300.0,7.38457060762129
CLUSTER_150,G,horse_man,998.0,7.38457060762129
CLUSTER_150,G,pig_man,605.1,7.38457060762129
CLUSTER_150,G,maize_str,307.3,7.38457060762129
CLUSTER_150,G,rape_str,158.8,7.38457060762129
CLUSTER_150,G,legume_str,116.5,7.38457060762129
CLUSTER_169,G,cattle_man,8425.7,9.78046389355322
CLUSTER_169,G,cattle_slu,42497.0,9.78046389355322
CLUSTER_169,G,horse_man,1079.5,9.78046389355322
CLUSTER_169,G,pig_man,332.076,9.78046389355322
CLUSTER_169,G,maize_str,446.0,9.78046389355322
CLUSTER_169,G,beet_leaf,697.2,9.78046389355322
CLUSTER_169,G,rape_str,268.41,9.78046389355322
CLUSTER_169,G,legume_str,59.436,9.78046389355322
CLUSTER_181,G,cattle_man,10934.199,32.470523645219416
CLUSTER_181,G,horse_man,824.1,32.470523645219416
CLUSTER_181,G,pig_man,1482.4,32.470523645219416
CLUSTER_181,G,rape_str,425.5,32.470523645219416
CLUSTER_181,G,legume_str,393.5,32.470523645219416
CLUSTER_192,G,cattle_man,3130.0,18.291234476060023
CLUSTER_192,G,cattle_slu,11800.0,18.291234476060023
CLUSTER_192,G,horse_man,605.0,18.291234476060023
CLUSTER_227,G,cattle_man,7020.0,11.55206376990776
CLUSTER_227,G,cattle_slu,28920.0,11.55206376990776
CLUSTER_227,G,horse_man,79.97,11.55206376990776
CLUSTER_227,G,pig_man,882.0,11.55206376990776
CLUSTER_227,G,beet_leaf,29.8,11.55206376990776
CLUSTER_227,G,rape_str,1209.0,11.55206376990776
CLUSTER_227,G,legume_str,212.3,11.55206376990776
CLUSTER_261,G,cattle_man,10670.0,10.140914247744956
CLUSTER_261,G,cattle_slu,38770.0,10.140914247744956
CLUSTER_261,G,horse_man,1088.2,10.140914247744956
CLUSTER_261,G,pig_man,42.392,10.140914247744956
CLUSTER_261,G,maize_str,132.71,10.140914247744956
CLUSTER_261,G,beet_leaf,64.58,10.140914247744956
CLUSTER_261,G,rape_str,885.0,10.140914247744956
CLUSTER_261,G,legume_str,260.0,10.140914247744956
CLUSTER_290,G,cattle_man,4269.0,30.375321403487963
CLUSTER_290,G,horse_man,887.0,30.375321403487963
CLUSTER_290,G,pig_man,122.18799999999999,30.375321403487963
CLUSTER_290,G,rape_str,1121.03,30.375321403487963
CLUSTER_290,G,legume_str,233.8,30.375321403487963
CLUSTER_307,G,cattle_man,3600.0,24.904606638610456
CLUSTER_307,G,horse_man,1101.0,24.904606638610456
CLUSTER_307,G,rape_str,648.6,24.904606638610456
CLUSTER_307,G,legume_str,128.0,24.904606638610456
CLUSTER_308,G,cattle_man,2235.0,31.5097262571599
CLUSTER_308,G,horse_man,482.0,31.5097262571599
CLUSTER_322,G,cattle_man,5790.0,32.6122209537026
CLUSTER_322,G,horse_man,1355.0,32.6122209537026
CLUSTER_322,G,pig_man,57.48,32.6122209537026
CLUSTER_322,G,rape_str,704.3,32.6122209537026
CLUSTER_322,G,legume_str,115.8,32.6122209537026
CLUSTER_325,G,cattle_man,8099.0,34.7531361598577
CLUSTER_325,G,horse_man,3401.8,34.7531361598577
CLUSTER_325,G,pig_man,710.15139,34.7531361598577
CLUSTER_325,G,rape_str,1476.0,34.7531361598577
CLUSTER_325,G,legume_str,43.68,34.7531361598577
CLUSTER_329,G,cattle_man,13430.0,23.607495319194825
CLUSTER_329,G,horse_man,1337.0,23.607495319194825
CLUSTER_36,G,cattle_man,5369.2,30.647316980499017
CLUSTER_36,G,horse_man,1610.7,30.647316980499017
CLUSTER_36,G,pig_man,1634.0,30.647316980499017
CLUSTER_36,G,rape_str,1517.0,30.647316980499017
CLUSTER_36,G,legume_str,273.0,30.647316980499017
CLUSTER_364,G,cattle_man,2098.4,25.50340496780543
CLUSTER_364,G,horse_man,483.8,25.50340496780543
CLUSTER_364,G,rape_str,184.8,25.50340496780543
CLUSTER_364,G,legume_str,64.12,25.50340496780543
CLUSTER_392,G,cattle_man,5800.0,15.39072623284786
CLUSTER_392,G,cattle_slu,38600.0,15.39072623284786
CLUSTER_392,G,horse_man,513.0,15.39072623284786
CLUSTER_392,G,pig_man,46.5,15.39072623284786
CLUSTER_392,G,rape_str,1560.0,15.39072623284786
CLUSTER_392,G,legume_str,315.9,15.39072623284786
CLUSTER_396,G,cattle_man,5375.0,23.844830901401536
CLUSTER_396,G,horse_man,4460.0,23.844830901401536
CLUSTER_396,G,maize_str,639.3,23.844830901401536
CLUSTER_396,G,rape_str,968.0,23.844830901401536
CLUSTER_396,G,legume_str,280.9,23.844830901401536
CLUSTER_399,G,cattle_man,1238.6,35.755831910043405
CLUSTER_399,G,horse_man,218.1,35.755831910043405
CLUSTER_399,G,pig_man,646.33,35.755831910043405
CLUSTER_399,G,rape_str,723.2,35.755831910043405
CLUSTER_399,G,legume_str,297.37,35.755831910043405
CLUSTER_400,G,cattle_man,3903.8,27.93660872393437
CLUSTER_400,G,horse_man,1513.0,27.93660872393437
CLUSTER_400,G,pig_man,2588.0,27.93660872393437
CLUSTER_400,G,rape_str,1315.0,27.93660872393437
CLUSTER_400,G,legume_str,558.0,27.93660872393437
CLUSTER_403,G,cattle_man,9000.0,29.32710877119201
CLUSTER_403,G,horse_man,1197.0,29.32710877119201
CLUSTER_403,G,pig_man,782.0,29.32710877119201
CLUSTER_403,G,rape_str,1011.0,29.32710877119201
CLUSTER_403,G,legume_str,587.0,29.32710877119201
CLUSTER_41,G,cattle_man,390.8,20.51764635532301
CLUSTER_41,G,horse_man,2108.8,20.51764635532301
CLUSTER_41,G,pig_man,16.8586,20.51764635532301
CLUSTER_41,G,maize_str,85.41,20.51764635532301
CLUSTER_41,G,rape_str,100.22,20.51764635532301
CLUSTER_41,G,legume_str,35.1,20.51764635532301
CLUSTER_431,G,cattle_man,3900.2,25.507974713532604
CLUSTER_431,G,horse_man,1912.0,25.507974713532604
CLUSTER_431,G,pig_man,238.34,25.507974713532604
CLUSTER_431,G,rape_str,203.4,25.507974713532604
CLUSTER_431,G,legume_str,310.4,25.507974713532604
CLUSTER_466,G,cattle_man,13690.0,16.708721747403004
CLUSTER_466,G,cattle_slu,28210.0,16.708721747403004
CLUSTER_466,G,horse_man,4155.0,16.708721747403004
CLUSTER_466,G,pig_man,43.27128999999999,16.708721747403004
CLUSTER_466,G,maize_str,3586.0,16.708721747403004
CLUSTER_466,G,rape_str,1039.0,16.708721747403004
CLUSTER_466,G,legume_str,253.7,16.708721747403004
CLUSTER_477,G,cattle_man,6130.0,17.451542850491144
CLUSTER_477,G,cattle_slu,31399.999999999996,17.451542850491144
CLUSTER_477,G,horse_man,908.0,17.451542850491144
CLUSTER_477,G,maize_str,141.3,17.451542850491144
CLUSTER_477,G,rape_str,247.70000000000002,17.451542850491144
CLUSTER_477,G,legume_str,101.5,17.451542850491144
CLUSTER_521,G,cattle_man,12160.0,24.054592978156656
CLUSTER_521,G,horse_man,1448.0,24.054592978156656
CLUSTER_537,G,cattle_man,2682.0,31.60423805013479
CLUSTER_537,G,horse_man,1468.0,31.60423805013479
CLUSTER_537,G,pig_man,2429.0,31.60423805013479
CLUSTER_537,G,rape_str,567.4,31.60423805013479
CLUSTER_537,G,legume_str,243.7,31.60423805013479
CLUSTER_544,G,cattle_man,5520.0,24.114580804831284
CLUSTER_544,G,pig_man,15.550000000000002,24.114580804831284
CLUSTER_544,G,maize_str,1670.0,24.114580804831284
CLUSTER_544,G,rape_str,531.0,24.114580804831284
CLUSTER_544,G,legume_str,101.3,24.114580804831284
CLUSTER_61,G,cattle_man,33290.0,17.001266600244918
CLUSTER_61,G,cattle_slu,178600.0,17.001266600244918
CLUSTER_61,G,horse_man,2388.0,17.001266600244918
CLUSTER_61,G,pig_man,392.8,17.001266600244918
CLUSTER_61,G,maize_str,3365.0,17.001266600244918
CLUSTER_61,G,rape_str,985.9999999999999,17.001266600244918
CLUSTER_61,G,legume_str,504.6,17.001266600244918
CLUSTER_75,G,cattle_man,15511.3,16.431325692289864
CLUSTER_75,G,cattle_slu,10715.148,16.431325692289864
CLUSTER_75,G,horse_man,1454.5,16.431325692289864
CLUSTER_75,G,pig_man,1113.72,16.431325692289864
CLUSTER_75,G,maize_str,550.06,16.431325692289864
CLUSTER_75,G,rape_str,1046.1,16.431325692289864
CLUSTER_75,G,legume_str,172.5,16.431325692289864
CLUSTER_95,G,cattle_man,4536.0,5.0514673058831
CLUSTER_95,G,cattle_slu,825.8,5.0514673058831
CLUSTER_95,G,horse_man,229.22,5.0514673058831
CLUSTER_95,G,pig_man,778.92,5.0514673058831
CLUSTER_95,G,maize_str,231.9,5.0514673058831
CLUSTER_95,G,beet_leaf,4022.9999999999995,5.0514673058831
CLUSTER_95,G,rape_str,4774.0,5.0514673058831
CLUSTER_95,G,legume_str,380.1,5.0514673058831
CLUSTER_106,H,cattle_man,12224.0,31.2230198216256
CLUSTER_106,H,horse_man,1081.1,31.2230198216256
CLUSTER_106,H,pig_man,245.613,31.2230198216256
CLUSTER_106,H,rape_str,253.62000000000003,31.2230198216256
CLUSTER_106,H,legume_str,84.6,31.2230198216256
CLUSTER_139,H,cattle_man,3032.51,22.3685082488644
CLUSTER_139,H,horse_man,980.3,22.3685082488644
CLUSTER_139,H,pig_man,42.67,22.3685082488644
CLUSTER_139,H,rape_str,1083.5,22.3685082488644
CLUSTER_139,H,legume_str,570.9,22.3685082488644
CLUSTER_155,H,cattle_man,533.52,22.454367639354
CLUSTER_155,H,horse_man,1141.3,22.454367639354
CLUSTER_155,H,pig_man,1243.7,22.454367639354
CLUSTER_155,H,maize_str,5236.0,22.454367639354
CLUSTER_155,H,rape_str,1777.0,22.454367639354
CLUSTER_155,H,legume_str,662.1,22.454367639354
CLUSTER_174,H,cattle_man,17810.0,31.536923567909767
CLUSTER_174,H,horse_man,1427.5,31.536923567909767
CLUSTER_190,H,cattle_man,9509.0,29.252666422706955
CLUSTER_190,H,horse_man,1595.7,29.252666422706955
CLUSTER_190,H,pig_man,1086.0,29.252666422706955
CLUSTER_190,H,rape_str,642.0,29.252666422706955
CLUSTER_190,H,legume_str,186.5,29.252666422706955
CLUSTER_210,H,cattle_man,12910.0,16.513414877195284
CLUSTER_210,H,cattle_slu,64400.0,16.513414877195284
CLUSTER_210,H,horse_man,779.0,16.513414877195284
CLUSTER_210,H,pig_man,122.09999999999998,16.513414877195284
CLUSTER_210,H,maize_str,159.54,16.513414877195284
CLUSTER_210,H,rape_str,548.7,16.513414877195284
CLUSTER_210,H,legume_str,108.0,16.513414877195284
CLUSTER_212,H,cattle_man,5215.0,36.72567972364147
CLUSTER_212,H,horse_man,525.0,36.72567972364147
CLUSTER_212,H,pig_man,132.0,36.72567972364147
CLUSTER_212,H,rape_str,2994.0,36.72567972364147
CLUSTER_212,H,legume_str,423.4,36.72567972364147
CLUSTER_242,H,cattle_man,11300.0,28.793957708574485
CLUSTER_242,H,horse_man,850.0,28.793957708574485
CLUSTER_242,H,pig_man,257.9398,28.793957708574485
CLUSTER_242,H,rape_str,1229.6,28.793957708574485
CLUSTER_242,H,legume_str,233.5,28.793957708574485
CLUSTER_244,H,cattle_man,18650.0,26.02734197122607
CLUSTER_244,H,horse_man,3070.0,26.02734197122607
CLUSTER_244,H,legume_str,50.040000000000006,26.02734197122607
CLUSTER_324,H,cattle_man,6315.0,24.44232836850212
CLUSTER_324,H,horse_man,736.19,24.44232836850212
CLUSTER_324,H,pig_man,258.47,24.44232836850212
CLUSTER_324,H,maize_str,2092.0,24.44232836850212
CLUSTER_324,H,rape_str,1080.0,24.44232836850212
CLUSTER_324,H,legume_str,578.7,24.44232836850212
CLUSTER_343,H,cattle_man,10540.0,29.50471267497658
CLUSTER_343,H,horse_man,329.269,29.50471267497658
CLUSTER_343,H,pig_man,296.7,29.50471267497658
CLUSTER_343,H,rape_str,152.8,29.50471267497658
CLUSTER_343,H,legume_str,77.46000000000001,29.50471267497658
CLUSTER_347,H,cattle_man,674.0,23.77928679250762
CLUSTER_347,H,horse_man,826.5,23.77928679250762
CLUSTER_347,H,pig_man,55.193,23.77928679250762
CLUSTER_347,H,maize_str,40.67,23.77928679250762
CLUSTER_347,H,rape_str,703.0,23.77928679250762
CLUSTER_347,H,legume_str,72.69999999999999,23.77928679250762
CLUSTER_348,H,cattle_man,2194.0,17.96509757092274
CLUSTER_348,H,cattle_slu,13760.0,17.96509757092274
CLUSTER_348,H,horse_man,429.0,17.96509757092274
CLUSTER_348,H,pig_man,264.2,17.96509757092274
CLUSTER_348,H,maize_str,65.0,17.96509757092274
CLUSTER_348,H,rape_str,718.0,17.96509757092274
CLUSTER_348,H,legume_str,156.9,17.96509757092274
CLUSTER_37,H,cattle_man,31919.999999999996,7.467362183236203
CLUSTER_37,H,cattle_slu,114880.0,7.467362183236203
CLUSTER_37,H,horse_man,943.0,7.467362183236203
CLUSTER_37,H,pig_man,3353.8,7.467362183236203
CLUSTER_37,H,maize_str,5157.0,7.467362183236203
CLUSTER_37,H,beet_leaf,3310.0,7.467362183236203
CLUSTER_37,H,rape_str,2494.6,7.467362183236203
CLUSTER_37,H,legume_str,791.6,7.467362183236203
CLUSTER_375,H,cattle_man,14310.0,25.950237363504986
CLUSTER_375,H,horse_man,280.5,25.950237363504986
CLUSTER_4,H,cattle_man,20439.0,35.17461663129804
CLUSTER_4,H,horse_man,2532.2,35.17461663129804
CLUSTER_4,H,pig_man,730.49,35.17461663129804
CLUSTER_4,H,rape_str,2234.4,35.17461663129804
CLUSTER_4,H,legume_str,531.23,35.17461663129804
CLUSTER_422,H,cattle_man,4670.0,11.641461272359871
CLUSTER_422,H,cattle_slu,27900.0,11.641461272359871
CLUSTER_422,H,horse_man,1414.0,11.641461272359871
CLUSTER_428,H,cattle_man,6500.0,14.041771529007423
CLUSTER_428,H,cattle_slu,27720.0,14.041771529007423
CLUSTER_428,H,horse_man,792.0,14.041771529007423
CLUSTER_428,H,pig_man,58.397,14.041771529007423
CLUSTER_428,H,maize_str,453.0,14.041771529007423
CLUSTER_428,H,rape_str,780.5,14.041771529007423
CLUSTER_428,H,legume_str,401.5,14.041771529007423
CLUSTER_434,H,cattle_man,10390.0,18.578139469909235
CLUSTER_434,H,cattle_slu,77000.0,18.578139469909235
CLUSTER_434,H,horse_man,816.4,18.578139469909235
CLUSTER_446,H,cattle_man,11600.0,16.504147645531376
CLUSTER_446,H,cattle_slu,63610.0,16.504147645531376
CLUSTER_446,H,horse_man,1600.0,16.504147645531376
CLUSTER_446,H,pig_man,216.2920123,16.504147645531376
CLUSTER_446,H,maize_str,265.09,16.504147645531376
CLUSTER_446,H,rape_str,165.0,16.504147645531376
CLUSTER_446,H,legume_str,132.72,16.504147645531376
CLUSTER_454,H,cattle_man,5716.1,47.35708834395274
CLUSTER_454,H,horse_man,105.4,47.35708834395274
CLUSTER_454,H,pig_man,279.8,47.35708834395274
CLUSTER_512,H,cattle_man,5080.0,20.54253943866006
CLUSTER_512,H,horse_man,541.0,20.54253943866006
CLUSTER_512,H,pig_man,391.0,20.54253943866006
CLUSTER_512,H,maize_str,72.075,20.54253943866006
CLUSTER_512,H,rape_str,499.0,20.54253943866006
CLUSTER_512,H,legume_str,138.2,20.54253943866006
CLUSTER_514,H,cattle_man,11580.0,14.137010100299632
CLUSTER_514,H,cattle_slu,60210.0,14.137010100299632
CLUSTER_514,H,horse_man,1246.0,14.137010100299632
CLUSTER_514,H,pig_man,13.03,14.137010100299632
CLUSTER_514,H,maize_str,350.0,14.137010100299632
CLUSTER_514,H,legume_str,49.46,14.137010100299632
CLUSTER_529,H,cattle_man,7480.0,4.74787139292924
CLUSTER_529,H,cattle_slu,39200.0,4.74787139292924
CLUSTER_529,H,horse_man,807.0,4.74787139292924
CLUSTER_529,H,pig_man,18.6,4.74787139292924
CLUSTER_529,H,maize_str,99.2,4.74787139292924
CLUSTER_529,H,rape_str,859.0,4.74787139292924
CLUSTER_529,H,legume_str,186.5,4.74787139292924
CLUSTER_543,H,cattle_man,10570.0,33.013465712134995
CLUSTER_543,H,horse_man,158.9,33.013465712134995
CLUSTER_543,H,pig_man,36.089,33.013465712134995
CLUSTER_543,H,rape_str,46.2,33.013465712134995
CLUSTER_543,H,legume_str,17.48,33.013465712134995
CLUSTER_548,H,cattle_man,7311.0,34.77981734570284
CLUSTER_548,H,horse_man,2324.0,34.77981734570284
CLUSTER_548,H,rape_str,123.00000000000001,34.77981734570284
CLUSTER_548,H,legume_str,30.47,34.77981734570284
CLUSTER_112,I,cattle_man,13057.0,36.90993628292665
CLUSTER_112,I,horse_man,1571.0,36.90993628292665
CLUSTER_112,I,pig_man,508.8,36.90993628292665
CLUSTER_112,I,rape_str,740.13,36.90993628292665
CLUSTER_112,I,legume_str,69.21000000000001,36.90993628292665
CLUSTER_117,I,cattle_man,13052.0,15.703577452173022
CLUSTER_117,I,cattle_slu,92260.0,15.703577452173022
CLUSTER_117,I,horse_man,1848.2,15.703577452173022
CLUSTER_117,I,pig_man,153.071,15.703577452173022
CLUSTER_120,I,cattle_man,10758.0,13.8738570199763
CLUSTER_120,I,cattle_slu,51360.0,13.8738570199763
CLUSTER_120,I,horse_man,643.23,13.8738570199763
CLUSTER_120,I,pig_man,313.972,13.8738570199763
CLUSTER_120,I,rape_str,1687.0,13.8738570199763
CLUSTER_120,I,legume_str,254.4,13.8738570199763
CLUSTER_14,I,cattle_man,9659.0,38.577981283062265
CLUSTER_14,I,horse_man,2695.2,38.577981283062265
CLUSTER_14,I,pig_man,256.805,38.577981283062265
CLUSTER_14,I,rape_str,1443.9,38.577981283062265
CLUSTER_14,I,legume_str,20.98,38.577981283062265
CLUSTER_144,I,cattle_man,16190.0,31.362867748033345
CLUSTER_144,I,horse_man,1888.0,31.362867748033345
CLUSTER_144,I,pig_man,1094.5,31.362867748033345
CLUSTER_144,I,rape_str,1689.0,31.362867748033345
CLUSTER_144,I,legume_str,474.3,31.362867748033345
CLUSTER_153,I,cattle_man,5103.062,31.335290659569477
CLUSTER_153,I,horse_man,1262.5,31.335290659569477
CLUSTER_153,I,pig_man,71.88691,31.335290659569477
CLUSTER_153,I,rape_str,2865.0,31.335290659569477
CLUSTER_153,I,legume_str,465.2,31.335290659569477
CLUSTER_161,I,cattle_man,6850.0,21.219656511427957
CLUSTER_161,I,horse_man,429.62,21.219656511427957
CLUSTER_161,I,pig_man,1184.0,21.219656511427957
CLUSTER_161,I,maize_str,217.1,21.219656511427957
CLUSTER_161,I,rape_str,1567.0,21.219656511427957
CLUSTER_161,I,legume_str,357.73,21.219656511427957
CLUSTER_197,I,cattle_man,6600.0,28.597527359088303
CLUSTER_197,I,horse_man,194.9,28.597527359088303
CLUSTER_197,I,rape_str,192.0,28.597527359088303
CLUSTER_197,I,legume_str,64.6,28.597527359088303
CLUSTER_198,I,cattle_man,19100.0,24.14808008196409
CLUSTER_198,I,horse_man,2306.0,24.14808008196409
CLUSTER_214,I,cattle_man,24580.0,16.05092919848564
CLUSTER_214,I,cattle_slu,147600.0,16.05092919848564
CLUSTER_214,I,horse_man,1119.6,16.05092919848564
CLUSTER_214,I,pig_man,13.92,16.05092919848564
CLUSTER_214,I,maize_str,229.1,16.05092919848564
CLUSTER_214,I,legume_str,85.15,16.05092919848564
CLUSTER_216,I,cattle_man,6405.0,35.99327835363064
CLUSTER_216,I,horse_man,1391.183,35.99327835363064
CLUSTER_216,I,rape_str,604.0,35.99327835363064
CLUSTER_216,I,legume_str,149.51999999999998,35.99327835363064
CLUSTER_219,I,cattle_man,5290.0,26.23811626827553
CLUSTER_219,I,horse_man,452.0,26.23811626827553
CLUSTER_219,I,pig_man,686.0,26.23811626827553
CLUSTER_219,I,rape_str,2300.0,26.23811626827553
CLUSTER_219,I,legume_str,276.0,26.23811626827553
CLUSTER_222,I,cattle_man,794.6,26.75641446317104
CLUSTER_222,I,horse_man,643.3,26.75641446317104
CLUSTER_222,I,pig_man,43.141,26.75641446317104
CLUSTER_222,I,rape_str,844.8,26.75641446317104
CLUSTER_222,I,legume_str,145.8,26.75641446317104
CLUSTER_252,I,cattle_man,23950.0,38.33437970809524
CLUSTER_252,I,horse_man,2046.0,38.33437970809524
CLUSTER_267,I,cattle_man,6170.0,12.671422090904434
CLUSTER_267,I,cattle_slu,27220.0,12.671422090904434
CLUSTER_267,I,horse_man,951.0,12.671422090904434
CLUSTER_267,I,pig_man,778.8,12.671422090904434
CLUSTER_267,I,maize_str,4239.0,12.671422090904434
CLUSTER_267,I,rape_str,1938.0,12.671422090904434
CLUSTER_267,I,legume_str,523.5,12.671422090904434
CLUSTER_302,I,cattle_man,16129.999999999998,42.40117915469691
CLUSTER_302,I,horse_man,1597.0,42.40117915469691
CLUSTER_302,I,pig_man,141.874306,42.40117915469691
CLUSTER_302,I,legume_str,313.8,42.40117915469691
CLUSTER_339,I,cattle_man,3014.917,29.19113784716697
CLUSTER_339,I,horse_man,2136.8,29.19113784716697
CLUSTER_339,I,pig_man,586.97,29.19113784716697
CLUSTER_339,I,rape_str,716.33,29.19113784716697
CLUSTER_339,I,legume_str,276.25,29.19113784716697
CLUSTER_358,I,cattle_man,8329.0,14.968749158001309
CLUSTER_358,I,cattle_slu,38440.0,14.968749158001309
CLUSTER_358,I,horse_man,586.9,14.968749158001309
CLUSTER_358,I,pig_man,505.06,14.968749158001309
CLUSTER_358,I,rape_str,1314.0,14.968749158001309
CLUSTER_358,I,legume_str,122.64,14.968749158001309
CLUSTER_38,I,cattle_man,6536.0,27.5130049948842
CLUSTER_38,I,horse_man,253.79999999999998,27.5130049948842
CLUSTER_38,I,pig_man,315.61,27.5130049948842
CLUSTER_38,I,rape_str,891.0,27.5130049948842
CLUSTER_38,I,legume_str,159.5,27.5130049948842
CLUSTER_397,I,cattle_man,5686.0,37.78426524110787
CLUSTER_397,I,horse_man,797.2,37.78426524110787
CLUSTER_397,I,pig_man,80.291,37.78426524110787
CLUSTER_397,I,rape_str,641.0,37.78426524110787
CLUSTER_397,I,legume_str,173.8,37.78426524110787
CLUSTER_427,I,cattle_man,8930.0,6.410182393159323
CLUSTER_427,I,cattle_slu,25660.0,6.410182393159323
CLUSTER_427,I,horse_man,3104.5,6.410182393159323
CLUSTER_427,I,pig_man,799.2,6.410182393159323
CLUSTER_427,I,maize_str,2221.8,6.410182393159323
CLUSTER_427,I,beet_leaf,1978.0000000000002,6.410182393159323
CLUSTER_427,I,rape_str,1173.4,6.410182393159323
CLUSTER_427,I,legume_str,351.0,6.410182393159323
CLUSTER_460,I,cattle_man,3371.2,11.735689544877593
CLUSTER_460,I,cattle_slu,11280.0,11.735689544877593
CLUSTER_460,I,horse_man,392.16,11.735689544877593
CLUSTER_460,I,pig_man,189.907,11.735689544877593
CLUSTER_460,I,maize_str,99.5,11.735689544877593
CLUSTER_460,I,beet_leaf,72.4,11.735689544877593
CLUSTER_460,I,rape_str,204.4,11.735689544877593
CLUSTER_460,I,legume_str,101.4,11.735689544877593
CLUSTER_474,I,cattle_man,11990.0,27.18635633319447
CLUSTER_474,I,horse_man,1341.0,27.18635633319447
CLUSTER_496,I,cattle_man,6675.3,31.93109886227522
CLUSTER_496,I,horse_man,451.0,31.93109886227522
CLUSTER_496,I,pig_man,687.3,31.93109886227522
CLUSTER_496,I,rape_str,1060.0,31.93109886227522
CLUSTER_496,I,legume_str,144.6,31.93109886227522
CLUSTER_503,I,cattle_man,1023.7099999999999,39.20791270874874
CLUSTER_503,I,horse_man,847.1,39.20791270874874
CLUSTER_503,I,rape_str,1574.0,39.20791270874874
CLUSTER_503,I,legume_str,401.2,39.20791270874874
CLUSTER_519,I,cattle_man,4091.0,24.595653835052737
CLUSTER_519,I,horse_man,814.0,24.595653835052737
CLUSTER_519,I,legume_str,11.1,24.595653835052737
CLUSTER_542,I,cattle_man,20360.0,15.83074908385257
CLUSTER_542,I,cattle_slu,101000.0,15.83074908385257
CLUSTER_542,I,horse_man,1452.1,15.83074908385257
CLUSTER_542,I,pig_man,564.19,15.83074908385257
CLUSTER_542,I,maize_str,114.14,15.83074908385257
CLUSTER_542,I,rape_str,510.00000000000006,15.83074908385257
CLUSTER_542,I,legume_str,208.0,15.83074908385257
CLUSTER_62,I,cattle_man,29750.0,23.331040059966508
CLUSTER_62,I,horse_man,4905.0,23.331040059966508
CLUSTER_62,I,pig_man,33.995,23.331040059966508
CLUSTER_62,I,maize_str,136.93,23.331040059966508
CLUSTER_62,I,legume_str,34.27,23.331040059966508
CLUSTER_89,I,cattle_man,6220.0,45.51720339051531
CLUSTER_89,I,horse_man,1274.4,45.51720339051531
CLUSTER_89,I,pig_man,499.7749999999999,45.51720339051531
CLUSTER_145,J,cattle_man,10356.0,27.14268401320154
CLUSTER_145,J,horse_man,1174.0,27.14268401320154
CLUSTER_145,J,pig_man,104.2,27.14268401320154
CLUSTER_145,J,rape_str,1224.0,27.14268401320154
CLUSTER_145,J,legume_str,263.2,27.14268401320154
CLUSTER_148,J,cattle_man,4501.0,19.200668175553744
CLUSTER_148,J,horse_man,500.77,19.200668175553744
CLUSTER_148,J,pig_man,361.14175,19.200668175553744
CLUSTER_148,J,maize_str,21.2,19.200668175553744
CLUSTER_148,J,rape_str,856.0,19.200668175553744
CLUSTER_148,J,legume_str,71.2,19.200668175553744
CLUSTER_154,J,cattle_man,5634.1,33.11216875877835
CLUSTER_154,J,horse_man,347.6,33.11216875877835
CLUSTER_154,J,pig_man,309.885,33.11216875877835
CLUSTER_154,J,rape_str,1500.8,33.11216875877835
CLUSTER_154,J,legume_str,348.1,33.11216875877835
CLUSTER_18,J,cattle_man,14355.0,29.05166392895574
CLUSTER_18,J,horse_man,809.7,29.05166392895574
CLUSTER_18,J,pig_man,338.1159,29.05166392895574
CLUSTER_18,J,rape_str,930.0,29.05166392895574
CLUSTER_18,J,legume_str,160.1,29.05166392895574
CLUSTER_221,J,cattle_man,8125.0,14.264895979548294
CLUSTER_221,J,cattle_slu,57620.0,14.264895979548294
CLUSTER_221,J,horse_man,1171.9,14.264895979548294
CLUSTER_221,J,pig_man,218.174,14.264895979548294
CLUSTER_221,J,maize_str,70.25,14.264895979548294
CLUSTER_221,J,rape_str,447.85,14.264895979548294
CLUSTER_221,J,legume_str,89.54,14.264895979548294
CLUSTER_235,J,cattle_man,3182.0,17.792068942043272
CLUSTER_235,J,cattle_slu,11970.0,17.792068942043272
CLUSTER_235,J,horse_man,1307.7,17.792068942043272
CLUSTER_235,J,pig_man,439.78,17.792068942043272
CLUSTER_235,J,maize_str,1195.0,17.792068942043272
CLUSTER_235,J,rape_str,208.9,17.792068942043272
CLUSTER_235,J,legume_str,260.6,17.792068942043272
CLUSTER_243,J,cattle_man,19320.0,14.685221003856482
CLUSTER_243,J,cattle_slu,94100.0,14.685221003856482
CLUSTER_243,J,horse_man,2781.0,14.685221003856482
CLUSTER_25,J,cattle_man,2469.58,12.049726435929516
CLUSTER_25,J,cattle_slu,14300.0,12.049726435929516
CLUSTER_25,J,horse_man,395.1,12.049726435929516
CLUSTER_25,J,rape_str,361.4,12.049726435929516
CLUSTER_25,J,legume_str,111.18,12.049726435929516
CLUSTER_268,J,cattle_man,5520.0,3.3913245242279157
CLUSTER_268,J,cattle_slu,38860.0,3.3913245242279157
CLUSTER_268,J,horse_man,1285.41,3.3913245242279157
CLUSTER_272,J,cattle_man,3166.9,34.719248747833326
CLUSTER_272,J,horse_man,1033.0,34.719248747833326
CLUSTER_272,J,rape_str,238.3,34.719248747833326
CLUSTER_272,J,legume_str,111.767,34.719248747833326
CLUSTER_273,J,cattle_man,6690.0,18.936252888118947
CLUSTER_273,J,horse_man,1064.0,18.936252888118947
CLUSTER_273,J,pig_man,524.6,18.936252888118947
CLUSTER_273,J,maize_str,4942.0,18.936252888118947
CLUSTER_273,J,rape_str,116.6,18.936252888118947
CLUSTER_273,J,legume_str,126.2,18.936252888118947
CLUSTER_28,J,cattle_man,8410.0,34.00729038951085
CLUSTER_28,J,horse_man,2761.9,34.00729038951085
CLUSTER_354,J,cattle_man,4844.0,19.197485202116184
CLUSTER_354,J,horse_man,793.6,19.197485202116184
CLUSTER_354,J,pig_man,883.52,19.197485202116184
CLUSTER_354,J,maize_str,3760.8,19.197485202116184
CLUSTER_354,J,rape_str,1672.1,19.197485202116184
CLUSTER_354,J,legume_str,257.3,19.197485202116184
CLUSTER_360,J,cattle_man,8890.0,30.57855376492235
CLUSTER_360,J,horse_man,2360.0,30.57855376492235
CLUSTER_377,J,cattle_man,1881.3,26.92803473691164
CLUSTER_377,J,horse_man,627.7,26.92803473691164
CLUSTER_377,J,pig_man,294.4,26.92803473691164
CLUSTER_377,J,rape_str,504.0299999999999,26.92803473691164
CLUSTER_377,J,legume_str,142.95,26.92803473691164
CLUSTER_393,J,cattle_man,1357.0,32.69469818687339
CLUSTER_393,J,horse_man,968.1,32.69469818687339
CLUSTER_393,J,rape_str,213.5,32.69469818687339
CLUSTER_393,J,legume_str,44.84,32.69469818687339
CLUSTER_394,J,cattle_man,6080.0,14.541633308349027
CLUSTER_394,J,cattle_slu,34450.0,14.541633308349027
CLUSTER_394,J,horse_man,571.3,14.541633308349027
CLUSTER_394,J,pig_man,434.7,14.541633308349027
CLUSTER_394,J,maize_str,629.0,14.541633308349027
CLUSTER_394,J,rape_str,3108.0,14.541633308349027
CLUSTER_394,J,legume_str,403.6,14.541633308349027
CLUSTER_412,J,cattle_man,16640.0,30.321514433262227
CLUSTER_412,J,horse_man,2158.0,30.321514433262227
CLUSTER_419,J,cattle_man,2304.0,14.147396437070476
CLUSTER_419,J,cattle_slu,11373.0,14.147396437070476
CLUSTER_419,J,horse_man,791.0,14.147396437070476
CLUSTER_419,J,pig_man,62.91951999999999,14.147396437070476
CLUSTER_419,J,maize_str,23.4,14.147396437070476
CLUSTER_419,J,rape_str,386.1,14.147396437070476
CLUSTER_419,J,legume_str,177.2,14.147396437070476
CLUSTER_420,J,cattle_man,7064.0,8.549595420373835
CLUSTER_420,J,cattle_slu,40370.0,8.549595420373835
CLUSTER_420,J,horse_man,315.77,8.549595420373835
CLUSTER_420,J,pig_man,412.5,8.549595420373835
CLUSTER_420,J,maize_str,18.3,8.549595420373835
CLUSTER_420,J,beet_leaf,631.108,8.549595420373835
CLUSTER_420,J,rape_str,472.0,8.549595420373835
CLUSTER_420,J,legume_str,308.5,8.549595420373835
CLUSTER_424,J,cattle_man,6654.0,28.920752526661765
CLUSTER_424,J,horse_man,879.04,28.920752526661765
CLUSTER_424,J,pig_man,185.966,28.920752526661765
CLUSTER_424,J,rape_str,2239.8,28.920752526661765
CLUSTER_424,J,legume_str,524.5,28.920752526661765
CLUSTER_447,J,cattle_man,6210.0,19.03016130560976
CLUSTER_447,J,horse_man,3973.0,19.03016130560976
CLUSTER_447,J,pig_man,67.14,19.03016130560976
CLUSTER_447,J,maize_str,2057.0,19.03016130560976
CLUSTER_447,J,rape_str,901.0,19.03016130560976
CLUSTER_447,J,legume_str,578.0,19.03016130560976
CLUSTER_450,J,cattle_man,18270.0,8.551108543008507
CLUSTER_450,J,cattle_slu,92800.0,8.551108543008507
CLUSTER_450,J,horse_man,963.9,8.551108543008507
CLUSTER_450,J,pig_man,315.5,8.551108543008507
CLUSTER_450,J,maize_str,1425.0,8.551108543008507
CLUSTER_450,J,beet_leaf,179.0,8.551108543008507
CLUSTER_450,J,rape_str,562.7,8.551108543008507
CLUSTER_450,J,legume_str,406.3,8.551108543008507
CLUSTER_491,J,cattle_man,6717.0,23.6189189247224
CLUSTER_491,J,horse_man,277.6,23.6189189247224
CLUSTER_491,J,pig_man,236.64,23.6189189247224
CLUSTER_491,J,maize_str,50.9,23.6189189247224
CLUSTER_491,J,rape_str,1665.0,23.6189189247224
CLUSTER_491,J,legume_str,275.7,23.6189189247224
CLUSTER_527,J,cattle_man,7620.0,20.290986368129268
CLUSTER_527,J,horse_man,1912.0,20.290986368129268
CLUSTER_527,J,pig_man,48.0347,20.290986368129268
CLUSTER_546,J,cattle_man,5370.0,33.03458548272449
CLUSTER_546,J,horse_man,444.0,33.03458548272449
CLUSTER_546,J,rape_str,476.2,33.03458548272449
CLUSTER_546,J,legume_str,32.5,33.03458548272449
CLUSTER_56,J,cattle_man,5444.4,13.65277685940712
CLUSTER_56,J,cattle_slu,4200.12,13.65277685940712
CLUSTER_56,J,horse_man,1846.8,13.65277685940712
CLUSTER_56,J,pig_man,427.76,13.65277685940712
CLUSTER_56,J,maize_str,373.4,13.65277685940712
CLUSTER_56,J,rape_str,1531.2,13.65277685940712
CLUSTER_56,J,legume_str,61.13,13.65277685940712
CLUSTER_63,J,cattle_man,14627.0,33.14774681192144
CLUSTER_63,J,horse_man,6166.0,33.14774681192144
CLUSTER_63,J,pig_man,79.20406,33.14774681192144
CLUSTER_63,J,rape_str,653.77,33.14774681192144
CLUSTER_63,J,legume_str,611.5,33.14774681192144
CLUSTER_111,K,cattle_man,13173.0,29.67873583075078
CLUSTER_111,K,horse_man,2114.0,29.67873583075078
CLUSTER_111,K,pig_man,262.226,29.67873583075078
CLUSTER_111,K,rape_str,739.75,29.67873583075078
CLUSTER_111,K,legume_str,253.9,29.67873583075078
CLUSTER_123,K,cattle_man,9000.0,15.581169682183752
CLUSTER_123,K,cattle_slu,48680.0,15.581169682183752
CLUSTER_123,K,horse_man,1614.0,15.581169682183752
CLUSTER_123,K,pig_man,92.5800179,15.581169682183752
CLUSTER_123,K,maize_str,965.9,15.581169682183752
CLUSTER_123,K,rape_str,1051.0,15.581169682183752
CLUSTER_123,K,legume_str,222.8,15.581169682183752
CLUSTER_206,K,cattle_man,21950.0,19.88337110751012
CLUSTER_206,K,horse_man,726.8,19.88337110751012
CLUSTER_206,K,pig_man,146.60494999999997,19.88337110751012
CLUSTER_206,K,maize_str,277.889,19.88337110751012
CLUSTER_206,K,rape_str,81.58,19.88337110751012
CLUSTER_206,K,legume_str,98.69,19.88337110751012
CLUSTER_224,K,cattle_man,12420.0,28.41371007186513
CLUSTER_224,K,horse_man,1438.0,28.41371007186513
CLUSTER_240,K,cattle_man,402.04,6.330780513905333
CLUSTER_240,K,cattle_slu,1963.4,6.330780513905333
CLUSTER_240,K,horse_man,172.5,6.330780513905333
CLUSTER_240,K,pig_man,24.931,6.330780513905333
CLUSTER_240,K,maize_str,2018.1000000000001,6.330780513905333
CLUSTER_240,K,beet_leaf,25740.0,6.330780513905333
CLUSTER_240,K,rape_str,698.0,6.330780513905333
CLUSTER_240,K,legume_str,511.70000000000016,6.330780513905333
CLUSTER_254,K,cattle_man,8256.0,15.548178224796835
CLUSTER_254,K,cattle_slu,49120.0,15.548178224796835
CLUSTER_254,K,horse_man,1711.5,15.548178224796835
CLUSTER_260,K,cattle_man,4728.0,24.3246053777179
CLUSTER_260,K,horse_man,1035.0,24.3246053777179
CLUSTER_260,K,pig_man,45.446,24.3246053777179
CLUSTER_260,K,maize_str,57.0,24.3246053777179
CLUSTER_260,K,rape_str,97.5,24.3246053777179
CLUSTER_260,K,legume_str,66.4,24.3246053777179
CLUSTER_310,K,cattle_man,9950.0,24.62473312667953
CLUSTER_310,K,horse_man,462.0,24.62473312667953
CLUSTER_310,K,pig_man,67.1,24.62473312667953
CLUSTER_310,K,maize_str,164.1,24.62473312667953
CLUSTER_310,K,rape_str,699.0,24.62473312667953
CLUSTER_310,K,legume_str,87.58,24.62473312667953
CLUSTER_315,K,cattle_man,6294.0,25.36131763854156
CLUSTER_315,K,horse_man,1179.8,25.36131763854156
CLUSTER_315,K,pig_man,304.38530000000003,25.36131763854156
CLUSTER_315,K,maize_str,775.3,25.36131763854156
CLUSTER_315,K,rape_str,1513.0,25.36131763854156
CLUSTER_315,K,legume_str,373.6,25.36131763854156
CLUSTER_355,K,cattle_man,3895.0,14.647992152967344
CLUSTER_355,K,cattle_slu,8967.24,14.647992152967344
CLUSTER_355,K,horse_man,1202.0,14.647992152967344
CLUSTER_355,K,pig_man,1341.0,14.647992152967344
CLUSTER_355,K,maize_str,6490.0,14.647992152967344
CLUSTER_355,K,rape_str,1192.0,14.647992152967344
CLUSTER_355,K,legume_str,1096.0,14.647992152967344
CLUSTER_381,K,cattle_man,4175.2,25.402318365006987
CLUSTER_381,K,horse_man,1692.89,25.402318365006987
CLUSTER_381,K,pig_man,167.133571,25.402318365006987
CLUSTER_381,K,maize_str,43.94,25.402318365006987
CLUSTER_381,K,rape_str,1369.1,25.402318365006987
CLUSTER_381,K,legume_str,127.29,25.402318365006987
CLUSTER_408,K,cattle_man,7585.8,18.319589481464803
CLUSTER_408,K,cattle_slu,38394.0,18.319589481464803
CLUSTER_408,K,horse_man,3122.0,18.319589481464803
CLUSTER_408,K,pig_man,511.6000000000001,18.319589481464803
CLUSTER_408,K,maize_str,816.0,18.319589481464803
CLUSTER_408,K,rape_str,1388.0,18.319589481464803
CLUSTER_408,K,legume_str,270.2,18.319589481464803
CLUSTER_410,K,cattle_man,8090.0,23.476644179457857
CLUSTER_410,K,horse_man,808.4,23.476644179457857
CLUSTER_410,K,pig_man,261.9019,23.476644179457857
CLUSTER_410,K,maize_str,31.67,23.476644179457857
CLUSTER_410,K,rape_str,2374.0,23.476644179457857
CLUSTER_410,K,legume_str,361.8,23.476644179457857
CLUSTER_437,K,cattle_man,8510.0,32.11326606808286
CLUSTER_437,K,horse_man,938.0,32.11326606808286
CLUSTER_437,K,pig_man,50.0,32.11326606808286
CLUSTER_437,K,rape_str,308.6,32.11326606808286
CLUSTER_437,K,legume_str,135.0,32.11326606808286
CLUSTER_441,K,cattle_man,3147.0,16.414181000380474
CLUSTER_441,K,cattle_slu,12490.0,16.414181000380474
CLUSTER_441,K,horse_man,821.0,16.414181000380474
CLUSTER_441,K,pig_man,1272.0,16.414181000380474
CLUSTER_441,K,maize_str,2827.0,16.414181000380474
CLUSTER_441,K,rape_str,1217.0,16.414181000380474
CLUSTER_441,K,legume_str,342.2,16.414181000380474
CLUSTER_449,K,cattle_man,7060.2,5.318737955469733
CLUSTER_449,K,cattle_slu,3955.0999999999995,5.318737955469733
CLUSTER_449,K,horse_man,518.500398,5.318737955469733
CLUSTER_449,K,pig_man,577.091,5.318737955469733
CLUSTER_449,K,maize_str,119.0,5.318737955469733
CLUSTER_449,K,beet_leaf,1486.5,5.318737955469733
CLUSTER_449,K,rape_str,2855.0,5.318737955469733
CLUSTER_449,K,legume_str,67.55,5.318737955469733
CLUSTER_453,K,cattle_man,163.9,17.575261903105996
CLUSTER_453,K,cattle_slu,796.0,17.575261903105996
CLUSTER_453,K,horse_man,209.4,17.575261903105996
CLUSTER_453,K,pig_man,269.0,17.575261903105996
CLUSTER_453,K,maize_str,1817.0,17.575261903105996
CLUSTER_453,K,rape_str,449.1,17.575261903105996
CLUSTER_453,K,legume_str,457.0,17.575261903105996
CLUSTER_471,K,cattle_man,292.0,9.54861480457055
CLUSTER_471,K,cattle_slu,1307.0,9.54861480457055
CLUSTER_471,K,horse_man,250.50000000000003,9.54861480457055
CLUSTER_471,K,rape_str,11.4,9.54861480457055
CLUSTER_471,K,legume_str,10.2,9.54861480457055
CLUSTER_479,K,cattle_man,6870.0,21.789121748346552
CLUSTER_479,K,horse_man,1092.0,21.789121748346552
CLUSTER_479,K,maize_str,21.09,21.789121748346552
CLUSTER_479,K,rape_str,157.9,21.789121748346552
CLUSTER_479,K,legume_str,75.09,21.789121748346552
CLUSTER_481,K,cattle_man,7889.999999999999,18.15786723146481
CLUSTER_481,K,cattle_slu,39800.0,18.15786723146481
CLUSTER_481,K,horse_man,1085.0,18.15786723146481
CLUSTER_481,K,pig_man,527.3,18.15786723146481
CLUSTER_481,K,maize_str,1163.0,18.15786723146481
CLUSTER_481,K,rape_str,4790.0,18.15786723146481
CLUSTER_481,K,legume_str,620.0,18.15786723146481
CLUSTER_498,K,cattle_man,3436.0,19.02829467288057
CLUSTER_498,K,horse_man,2767.0,19.02829467288057
CLUSTER_498,K,maize_str,769.1,19.02829467288057
CLUSTER_498,K,rape_str,235.0,19.02829467288057
CLUSTER_498,K,legume_str,259.3,19.02829467288057
CLUSTER_530,K,cattle_man,1179.0,22.87941864510759
CLUSTER_530,K,horse_man,443.6,22.87941864510759
CLUSTER_530,K,pig_man,84.5,22.87941864510759
CLUSTER_530,K,rape_str,1253.0,22.87941864510759
CLUSTER_530,K,legume_str,212.8,22.87941864510759
CLUSTER_538,K,cattle_man,3387.0,27.90576161143935
CLUSTER_538,K,horse_man,768.4,27.90576161143935
CLUSTER_538,K,pig_man,151.197,27.90576161143935
CLUSTER_538,K,rape_str,957.0,27.90576161143935
CLUSTER_538,K,legume_str,213.05,27.90576161143935
CLUSTER_68,K,cattle_man,2715.3,25.56393360816826
CLUSTER_68,K,horse_man,1155.3,25.56393360816826
CLUSTER_68,K,pig_man,1241.4,25.56393360816826
CLUSTER_68,K,maize_str,960.2006180793286,25.56393360816826
CLUSTER_68,K,rape_str,708.4,25.56393360816826
CLUSTER_68,K,legume_str,893.9,25.56393360816826
CLUSTER_74,K,cattle_man,27550.0,27.09519810023165
CLUSTER_74,K,horse_man,3010.0,27.09519810023165
CLUSTER_82,K,cattle_man,7392.7,33.664222811662974
CLUSTER_82,K,horse_man,1220.1,33.664222811662974
CLUSTER_82,K,pig_man,554.226263,33.664222811662974
CLUSTER_82,K,rape_str,680.1,33.664222811662974
CLUSTER_82,K,legume_str,122.92,33.664222811662974
CLUSTER_103,L,horse_man,678.2,35.15242163863284
CLUSTER_113,L,cattle_man,1617.0,17.429012542290995
CLUSTER_113,L,cattle_slu,11400.0,17.429012542290995
CLUSTER_113,L,horse_man,513.4,17.429012542290995
CLUSTER_113,L,rape_str,57.67,17.429012542290995
CLUSTER_113,L,legume_str,53.1,17.429012542290995
CLUSTER_124,L,cattle_man,20030.0,29.631658731563363
CLUSTER_124,L,horse_man,2749.0,29.631658731563363
CLUSTER_124,L,pig_man,225.04,29.631658731563363
CLUSTER_124,L,legume_str,92.4,29.631658731563363
CLUSTER_127,L,cattle_man,15806.0,20.02503697674717
CLUSTER_127,L,horse_man,2828.1,20.02503697674717
CLUSTER_127,L,maize_str,111.55,20.02503697674717
CLUSTER_127,L,rape_str,575.6,20.02503697674717
CLUSTER_127,L,legume_str,193.6,20.02503697674717
CLUSTER_133,L,cattle_man,1800.0,39.808511499899744
CLUSTER_133,L,horse_man,538.3,39.808511499899744
CLUSTER_133,L,rape_str,74.2,39.808511499899744
CLUSTER_152,L,cattle_man,3361.0,16.62363041642098
CLUSTER_152,L,cattle_slu,14125.0,16.62363041642098
CLUSTER_152,L,horse_man,2493.3,16.62363041642098
CLUSTER_152,L,pig_man,174.14849999999998,16.62363041642098
CLUSTER_152,L,maize_str,2300.0,16.62363041642098
CLUSTER_152,L,rape_str,1311.0,16.62363041642098
CLUSTER_152,L,legume_str,331.6,16.62363041642098
CLUSTER_162,L,cattle_man,4108.423,23.322000783386034
CLUSTER_162,L,horse_man,3375.9,23.322000783386034
CLUSTER_162,L,pig_man,126.94,23.322000783386034
CLUSTER_162,L,maize_str,4165.0,23.322000783386034
CLUSTER_162,L,rape_str,2424.0,23.322000783386034
CLUSTER_162,L,legume_str,744.7,23.322000783386034
CLUSTER_196,L,cattle_man,17380.0,34.68138939805972
CLUSTER_196,L,horse_man,1807.0,34.68138939805972
CLUSTER_21,L,cattle_man,11680.0,39.83522826606901
CLUSTER_21,L,horse_man,1242.7,39.83522826606901
CLUSTER_21,L,rape_str,567.3,39.83522826606901
CLUSTER_21,L,legume_str,141.0,39.83522826606901
CLUSTER_220,L,cattle_man,1849.0,27.40015428493689
CLUSTER_220,L,horse_man,806.0,27.40015428493689
CLUSTER_220,L,pig_man,25.08,27.40015428493689
CLUSTER_220,L,rape_str,396.0,27.40015428493689
CLUSTER_220,L,legume_str,140.7,27.40015428493689
CLUSTER_228,L,cattle_man,10463.0,12.635312542384026
CLUSTER_228,L,cattle_slu,65770.0,12.635312542384026
CLUSTER_228,L,horse_man,1313.4,12.635312542384026
CLUSTER_255,L,cattle_man,5100.0,31.78235306521511
CLUSTER_255,L,horse_man,1720.5,31.78235306521511
CLUSTER_255,L,pig_man,204.36,31.78235306521511
CLUSTER_255,L,rape_str,1415.5,31.78235306521511
CLUSTER_255,L,legume_str,246.64000000000001,31.78235306521511
CLUSTER_276,L,cattle_man,3122.0,7.4308498401185075
CLUSTER_276,L,cattle_slu,20060.0,7.4308498401185075
CLUSTER_276,L,horse_man,1192.0,7.4308498401185075
CLUSTER_320,L,cattle_man,1036.0,2.9286773211608663
CLUSTER_320,L,cattle_slu,1671.0,2.9286773211608663
CLUSTER_320,L,horse_man,151.8,2.9286773211608663
CLUSTER_320,L,pig_slu,361.0,2.9286773211608663
CLUSTER_320,L,pig_man,16.0,2.9286773211608663
CLUSTER_320,L,maize_str,24.130000000000003,2.9286773211608663
CLUSTER_320,L,beet_leaf,2141.0,2.9286773211608663
CLUSTER_320,L,rape_str,1162.3,2.9286773211608663
CLUSTER_320,L,legume_str,113.12,2.9286773211608663
CLUSTER_330,L,cattle_man,21960.0,32.535950859619774
CLUSTER_330,L,horse_man,1269.6,32.535950859619774
CLUSTER_330,L,pig_man,378.71,32.535950859619774
CLUSTER_330,L,rape_str,2235.0,32.535950859619774
CLUSTER_330,L,legume_str,753.8,32.535950859619774
CLUSTER_342,L,cattle_man,4948.0,12.198231690058211
CLUSTER_342,L,cattle_slu,14750.0,12.198231690058211
CLUSTER_342,L,horse_man,2247.0,12.198231690058211
CLUSTER_342,L,pig_man,109.9,12.198231690058211
CLUSTER_342,L,maize_str,1338.0,12.198231690058211
CLUSTER_342,L,rape_str,755.7,12.198231690058211
CLUSTER_342,L,legume_str,689.9,12.198231690058211
CLUSTER_359,L,cattle_man,4205.0,33.95447252216271
CLUSTER_359,L,horse_man,362.1,33.95447252216271
CLUSTER_359,L,pig_man,13.947,33.95447252216271
CLUSTER_359,L,rape_str,388.5,33.95447252216271
CLUSTER_359,L,legume_str,17.74,33.95447252216271
CLUSTER_363,L,cattle_man,13430.0,30.93694510552987
CLUSTER_363,L,horse_man,3180.0,30.93694510552987
CLUSTER_363,L,pig_man,154.91,30.93694510552987
CLUSTER_363,L,legume_str,43.2,30.93694510552987
CLUSTER_402,L,cattle_man,1505.0,44.26381420282107
CLUSTER_402,L,horse_man,859.0,44.26381420282107
CLUSTER_402,L,pig_man,1540.0,44.26381420282107
CLUSTER_406,L,cattle_man,16790.0,5.963805064702959
CLUSTER_406,L,cattle_slu,94100.0,5.963805064702959
CLUSTER_406,L,horse_man,1539.0,5.963805064702959
CLUSTER_406,L,pig_man,52.746,5.963805064702959
CLUSTER_406,L,maize_str,29.7,5.963805064702959
CLUSTER_406,L,beet_leaf,27.2,5.963805064702959
CLUSTER_411,L,cattle_man,18310.0,36.53510461240239
CLUSTER_411,L,horse_man,1163.4,36.53510461240239
CLUSTER_411,L,pig_man,527.79,36.53510461240239
CLUSTER_411,L,rape_str,409.6,36.53510461240239
CLUSTER_411,L,legume_str,302.2,36.53510461240239
CLUSTER_45,L,cattle_man,15750.0,25.949347544670623
CLUSTER_45,L,horse_man,1188.0,25.949347544670623
CLUSTER_45,L,pig_man,55.502,25.949347544670623
CLUSTER_45,L,rape_str,1301.0,25.949347544670623
CLUSTER_45,L,legume_str,252.20000000000002,25.949347544670623
CLUSTER_456,L,cattle_man,18.534,24.253489326128832
CLUSTER_456,L,horse_man,275.0,24.253489326128832
CLUSTER_456,L,pig_man,30.472,24.253489326128832
CLUSTER_456,L,maize_str,2995.0,24.253489326128832
CLUSTER_456,L,rape_str,206.8,24.253489326128832
CLUSTER_456,L,legume_str,113.6,24.253489326128832
CLUSTER_492,L,cattle_man,6610.0,35.94101989122627
CLUSTER_492,L,horse_man,472.0,35.94101989122627
CLUSTER_495,L,cattle_man,7770.0,26.318593801801395
CLUSTER_495,L,horse_man,1575.0,26.318593801801395
CLUSTER_495,L,rape_str,574.7,26.318593801801395
CLUSTER_495,L,legume_str,495.0,26.318593801801395
CLUSTER_520,L,cattle_man,3690.0,36.07286090337468
CLUSTER_520,L,horse_man,799.0,36.07286090337468
CLUSTER_532,L,cattle_man,3510.0508,24.504414215241248
CLUSTER_532,L,horse_man,177.7,24.504414215241248
CLUSTER_532,L,pig_man,411.16,24.504414215241248
CLUSTER_532,L,maize_str,67.89999999999999,24.504414215241248
CLUSTER_532,L,rape_str,590.2,24.504414215241248
CLUSTER_532,L,legume_str,85.86,24.504414215241248
CLUSTER_540,L,cattle_man,2510.0,36.12161843763475
CLUSTER_540,L,horse_man,1390.0,36.12161843763475
CLUSTER_547,L,cattle_man,10790.0,14.305096036433548
CLUSTER_547,L,cattle_slu,62400.0,14.305096036433548
CLUSTER_547,L,horse_man,1621.0,14.305096036433548
CLUSTER_549,L,cattle_man,6580.0,8.375072332271934
CLUSTER_549,L,cattle_slu,38900.0,8.375072332271934
CLUSTER_549,L,horse_man,1622.0,8.375072332271934
CLUSTER_549,L,maize_str,115.4,8.375072332271934
CLUSTER_549,L,rape_str,76.9,8.375072332271934
CLUSTER_549,L,legume_str,16.9,8.375072332271934
CLUSTER_69,L,cattle_man,40940.0,10.534848124158788
CLUSTER_69,L,cattle_slu,159380.0,10.534848124158788
CLUSTER_69,L,horse_man,2441.2,10.534848124158788
CLUSTER_69,L,pig_man,1247.43,10.534848124158788
CLUSTER_69,L,maize_str,4142.0,10.534848124158788
CLUSTER_69,L,beet_leaf,225.0,10.534848124158788
CLUSTER_69,L,rape_str,964.5,10.534848124158788
CLUSTER_69,L,legume_str,517.8,10.534848124158788
CLUSTER_94,L,cattle_man,10320.0,23.95502234258708
CLUSTER_94,L,horse_man,907.3,23.95502234258708
CLUSTER_0,M,cattle_man,28890.0,26.462777803031067
CLUSTER_0,M,horse_man,2610.0,26.462777803031067
CLUSTER_0,M,pig_man,1695.2,26.462777803031067
CLUSTER_0,M,rape_str,1701.9,26.462777803031067
CLUSTER_0,M,legume_str,690.7,26.462777803031067
CLUSTER_122,M,cattle_man,17000.0,8.897643443183364
CLUSTER_122,M,cattle_slu,61990.0,8.897643443183364
CLUSTER_122,M,horse_man,5260.0,8.897643443183364
CLUSTER_122,M,pig_man,40.78257,8.897643443183364
CLUSTER_122,M,maize_str,446.3,8.897643443183364
CLUSTER_122,M,legume_str,179.2,8.897643443183364
CLUSTER_146,M,cattle_man,2485.0,1.3317975017103136
CLUSTER_146,M,cattle_slu,13700.0,1.3317975017103136
CLUSTER_146,M,horse_man,847.0,1.3317975017103136
CLUSTER_146,M,pig_slu,73.2,1.3317975017103136
CLUSTER_20,M,cattle_man,27140.0,8.803956177799256
CLUSTER_20,M,cattle_slu,118530.0,8.803956177799256
CLUSTER_20,M,horse_man,3289.0,8.803956177799256
CLUSTER_20,M,pig_man,3376.0,8.803956177799256
CLUSTER_20,M,maize_str,3732.0,8.803956177799256
CLUSTER_20,M,beet_leaf,2532.0,8.803956177799256
CLUSTER_20,M,rape_str,2658.0,8.803956177799256
CLUSTER_20,M,legume_str,1043.0,8.803956177799256
CLUSTER_226,M,cattle_man,16880.0,11.631140582410575
CLUSTER_226,M,cattle_slu,81430.0,11.631140582410575
CLUSTER_226,M,horse_man,2471.6,11.631140582410575
CLUSTER_26,M,cattle_man,27390.0,25.97053720228328
CLUSTER_26,M,horse_man,4471.0,25.97053720228328
CLUSTER_26,M,legume_str,17.009999999999998,25.97053720228328
CLUSTER_266,M,cattle_man,5864.8,27.70797380706465
CLUSTER_266,M,horse_man,271.0126,27.70797380706465
CLUSTER_266,M,pig_man,616.51,27.70797380706465
CLUSTER_266,M,rape_str,64.9,27.70797380706465
CLUSTER_266,M,legume_str,14.388000000000002,27.70797380706465
CLUSTER_285,M,cattle_man,15869.999999999998,30.577492289781823
CLUSTER_285,M,horse_man,3438.0,30.577492289781823
CLUSTER_29,M,cattle_man,35210.0,21.49307792382856
CLUSTER_29,M,horse_man,2338.7,21.49307792382856
CLUSTER_29,M,maize_str,170.22,21.49307792382856
CLUSTER_29,M,rape_str,84.37,21.49307792382856
CLUSTER_29,M,legume_str,109.47,21.49307792382856
CLUSTER_297,M,cattle_man,11530.0,17.444066184034117
CLUSTER_297,M,cattle_slu,40380.0,17.444066184034117
CLUSTER_297,M,horse_man,3459.0,17.444066184034117
CLUSTER_297,M,pig_man,153.126,17.444066184034117
CLUSTER_297,M,maize_str,776.0,17.444066184034117
CLUSTER_297,M,rape_str,668.0,17.444066184034117
CLUSTER_297,M,legume_str,363.98,17.444066184034117
CLUSTER_305,M,cattle_man,4426.0,14.910275359480108
CLUSTER_305,M,cattle_slu,18427.0,14.910275359480108
CLUSTER_305,M,horse_man,533.2,14.910275359480108
CLUSTER_305,M,pig_man,388.58,14.910275359480108
CLUSTER_305,M,maize_str,1335.4,14.910275359480108
CLUSTER_305,M,rape_str,1126.6,14.910275359480108
CLUSTER_305,M,legume_str,120.96,14.910275359480108
CLUSTER_33,M,cattle_man,6952.0,20.234180515388463
CLUSTER_33,M,horse_man,1803.0,20.234180515388463
CLUSTER_338,M,cattle_man,6102.530000000001,32.35965906713197
CLUSTER_338,M,horse_man,816.0,32.35965906713197
CLUSTER_338,M,pig_man,496.0,32.35965906713197
CLUSTER_338,M,rape_str,566.0,32.35965906713197
CLUSTER_338,M,legume_str,307.0,32.35965906713197
CLUSTER_384,M,cattle_man,3170.0,17.760218877431736
CLUSTER_384,M,cattle_slu,23530.0,17.760218877431736
CLUSTER_384,M,horse_man,619.0,17.760218877431736
CLUSTER_384,M,pig_man,123.71,17.760218877431736
CLUSTER_384,M,rape_str,817.0,17.760218877431736
CLUSTER_384,M,legume_str,93.3,17.760218877431736
CLUSTER_387,M,cattle_man,7795.0,30.667673883439488
CLUSTER_387,M,horse_man,1714.3,30.667673883439488
CLUSTER_387,M,pig_man,180.0399,30.667673883439488
CLUSTER_387,M,rape_str,583.1,30.667673883439488
CLUSTER_387,M,legume_str,99.478,30.667673883439488
CLUSTER_418,M,cattle_man,5426.46,34.0945683036674
CLUSTER_418,M,horse_man,144.9,34.0945683036674
CLUSTER_418,M,pig_man,116.425,34.0945683036674
CLUSTER_418,M,rape_str,1244.0,34.0945683036674
CLUSTER_418,M,legume_str,130.8,34.0945683036674
CLUSTER_504,M,cattle_man,41.0,10.110425870960045
CLUSTER_504,M,cattle_slu,403.0,10.110425870960045
CLUSTER_504,M,horse_man,1033.0,10.110425870960045
CLUSTER_504,M,pig_man,442.0,10.110425870960045
CLUSTER_504,M,maize_str,1285.0,10.110425870960045
CLUSTER_504,M,rape_str,268.5,10.110425870960045
CLUSTER_504,M,legume_str,94.63,10.110425870960045
CLUSTER_534,M,cattle_man,2189.0,9.010930619728263
CLUSTER_534,M,cattle_slu,5887.64,9.010930619728263
CLUSTER_534,M,horse_man,1873.6,9.010930619728263
CLUSTER_534,M,pig_man,1003.0,9.010930619728263
CLUSTER_534,M,maize_str,1117.0,9.010930619728263
CLUSTER_534,M,beet_leaf,5100.0,9.010930619728263
CLUSTER_534,M,rape_str,1184.0,9.010930619728263
CLUSTER_534,M,legume_str,317.1,9.010930619728263
CLUSTER_54,M,cattle_man,5070.0,27.148743621954274
CLUSTER_54,M,horse_man,1695.0,27.148743621954274
CLUSTER_541,M,cattle_man,4103.0,27.47013278051543
CLUSTER_541,M,horse_man,835.5,27.47013278051543
CLUSTER_541,M,rape_str,221.9,27.47013278051543
CLUSTER_67,M,cattle_man,12270.0,22.287692958297622
CLUSTER_67,M,horse_man,2276.6,22.287692958297622
CLUSTER_67,M,legume_str,13.0,22.287692958297622
CLUSTER_84,M,cattle_man,15427.9,38.89049900572477
CLUSTER_84,M,horse_man,4351.0,38.89049900572477
CLUSTER_84,M,rape_str,62.8,38.89049900572477
CLUSTER_84,M,legume_str,70.97,38.89049900572477
CLUSTER_101,N,cattle_man,7667.4141,41.40849975712773
CLUSTER_101,N,horse_man,1895.41,41.40849975712773
CLUSTER_101,N,pig_man,311.45,41.40849975712773
CLUSTER_101,N,rape_str,1060.3,41.40849975712773
CLUSTER_101,N,legume_str,210.4,41.40849975712773
CLUSTER_108,N,cattle_man,372.4,16.139263730005688
CLUSTER_108,N,cattle_slu,3037.0,16.139263730005688
CLUSTER_108,N,horse_man,2893.0,16.139263730005688
CLUSTER_108,N,pig_man,291.926,16.139263730005688
CLUSTER_108,N,maize_str,350.0,16.139263730005688
CLUSTER_108,N,rape_str,1296.1,16.139263730005688
CLUSTER_108,N,legume_str,386.8,16.139263730005688
CLUSTER_12,N,horse_man,2496.5,41.94044768582678
CLUSTER_12,N,pig_man,96.610847,41.94044768582678
CLUSTER_12,N,rape_str,261.194,41.94044768582678
CLUSTER_12,N,legume_str,192.82,41.94044768582678
CLUSTER_126,N,cattle_man,6163.0,36.31481494741683
CLUSTER_126,N,horse_man,1435.2,36.31481494741683
CLUSTER_126,N,pig_man,2894.0,36.31481494741683
CLUSTER_126,N,rape_str,2381.0,36.31481494741683
CLUSTER_126,N,legume_str,544.6,36.31481494741683
CLUSTER_13,N,cattle_man,22490.0,38.86020596058353
CLUSTER_13,N,horse_man,4880.0,38.86020596058353
CLUSTER_13,N,pig_man,152.17000000000002,38.86020596058353
CLUSTER_13,N,rape_str,186.63,38.86020596058353
CLUSTER_13,N,legume_str,218.8,38.86020596058353
CLUSTER_130,N,horse_man,373.2,34.69176761441352
CLUSTER_130,N,pig_man,304.35,34.69176761441352
CLUSTER_130,N,maize_str,270.1,34.69176761441352
CLUSTER_130,N,rape_str,594.2,34.69176761441352
CLUSTER_130,N,legume_str,185.4,34.69176761441352
CLUSTER_137,N,cattle_man,27690.0,37.21495102062574
CLUSTER_137,N,horse_man,2768.0,37.21495102062574
CLUSTER_137,N,pig_man,11.12,37.21495102062574
CLUSTER_16,N,cattle_man,11750.6,1.789657195230412
CLUSTER_16,N,cattle_slu,3254.8,1.789657195230412
CLUSTER_16,N,horse_man,1532.4,1.789657195230412
CLUSTER_16,N,pig_slu,8657.29,1.789657195230412
CLUSTER_16,N,pig_man,563.7029,1.789657195230412
CLUSTER_16,N,maize_str,361.46,1.789657195230412
CLUSTER_16,N,beet_leaf,16749.9,1.789657195230412
CLUSTER_16,N,rape_str,1459.3,1.789657195230412
CLUSTER_16,N,legume_str,320.2,1.789657195230412
CLUSTER_175,N,cattle_man,2182.272,17.11542723601907
CLUSTER_175,N,cattle_slu,9410.0,17.11542723601907
CLUSTER_175,N,horse_man,1207.3,17.11542723601907
CLUSTER_175,N,pig_man,35.4,17.11542723601907
CLUSTER_175,N,maize_str,1895.0,17.11542723601907
CLUSTER_175,N,rape_str,1513.0,17.11542723601907
CLUSTER_175,N,legume_str,508.2,17.11542723601907
CLUSTER_176,N,cattle_man,2533.2,36.5291935043276
CLUSTER_176,N,horse_man,750.0,36.5291935043276
CLUSTER_176,N,pig_man,232.96,36.5291935043276
CLUSTER_176,N,rape_str,773.6,36.5291935043276
CLUSTER_176,N,legume_str,185.1,36.5291935043276
CLUSTER_223,N,maize_str,1682.3,35.21804059143637
CLUSTER_223,N,legume_str,122.22,35.21804059143637
CLUSTER_250,N,cattle_man,8735.82,30.287580948549355
CLUSTER_250,N,horse_man,1190.0,30.287580948549355
CLUSTER_250,N,pig_man,54.334,30.287580948549355
CLUSTER_250,N,maize_str,14.7,30.287580948549355
CLUSTER_279,N,cattle_man,21730.0,11.891357608235266
CLUSTER_279,N,cattle_slu,74670.0,11.891357608235266
CLUSTER_279,N,horse_man,1665.3,11.891357608235266
CLUSTER_279,N,pig_man,723.8400164000001,11.891357608235266
CLUSTER_279,N,maize_str,3223.0,11.891357608235266
CLUSTER_279,N,beet_leaf,1594.0,11.891357608235266
CLUSTER_279,N,rape_str,766.0,11.891357608235266
CLUSTER_279,N,legume_str,338.3,11.891357608235266
CLUSTER_280,N,cattle_man,7664.0,35.266148900284875
CLUSTER_280,N,horse_man,1101.277,35.266148900284875
CLUSTER_280,N,pig_man,171.3,35.266148900284875
CLUSTER_280,N,maize_str,39.34437722199168,35.266148900284875
CLUSTER_280,N,rape_str,224.4,35.266148900284875
CLUSTER_280,N,legume_str,227.3,35.266148900284875
CLUSTER_289,N,cattle_man,2928.51287,29.880503937237723
CLUSTER_289,N,horse_man,747.4,29.880503937237723
CLUSTER_289,N,pig_man,222.68,29.880503937237723
CLUSTER_289,N,maize_str,455.8,29.880503937237723
CLUSTER_289,N,rape_str,1516.0,29.880503937237723
CLUSTER_289,N,legume_str,485.4,29.880503937237723
CLUSTER_326,N,cattle_man,7270.0,30.55429832919784
CLUSTER_326,N,horse_man,1285.4,30.55429832919784
CLUSTER_326,N,pig_man,707.3,30.55429832919784
CLUSTER_326,N,maize_str,598.0,30.55429832919784
CLUSTER_326,N,rape_str,2611.0,30.55429832919784
CLUSTER_326,N,legume_str,268.6,30.55429832919784
CLUSTER_336,N,cattle_man,9570.0,23.57116333985708
CLUSTER_336,N,horse_man,579.9,23.57116333985708
CLUSTER_336,N,pig_man,552.236,23.57116333985708
CLUSTER_336,N,maize_str,516.74,23.57116333985708
CLUSTER_336,N,rape_str,912.3,23.57116333985708
CLUSTER_336,N,legume_str,270.07,23.57116333985708
CLUSTER_346,N,cattle_man,146.3,19.46460610446608
CLUSTER_346,N,cattle_slu,1167.2,19.46460610446608
CLUSTER_346,N,horse_man,804.6,19.46460610446608
CLUSTER_346,N,maize_str,86.7,19.46460610446608
CLUSTER_346,N,rape_str,14.6,19.46460610446608
CLUSTER_368,N,cattle_man,6947.0,34.458775362488296
CLUSTER_368,N,horse_man,1001.7000000000002,34.458775362488296
CLUSTER_368,N,pig_man,61.345000000000006,34.458775362488296
CLUSTER_368,N,maize_str,310.2,34.458775362488296
CLUSTER_368,N,rape_str,482.8,34.458775362488296
CLUSTER_368,N,legume_str,152.78,34.458775362488296
CLUSTER_425,N,cattle_man,2512.95,25.84655058448787
CLUSTER_425,N,horse_man,526.6,25.84655058448787
CLUSTER_425,N,pig_man,14.561,25.84655058448787
CLUSTER_425,N,maize_str,64.34,25.84655058448787
CLUSTER_425,N,rape_str,615.3,25.84655058448787
CLUSTER_425,N,legume_str,35.99,25.84655058448787
CLUSTER_429,N,cattle_man,6420.0,19.69210323275083
CLUSTER_429,N,cattle_slu,29780.0,19.69210323275083
CLUSTER_429,N,horse_man,723.0,19.69210323275083
CLUSTER_429,N,maize_str,90.5,19.69210323275083
CLUSTER_429,N,rape_str,185.6,19.69210323275083
CLUSTER_429,N,legume_str,61.70000000000001,19.69210323275083
CLUSTER_432,N,cattle_man,3340.0,10.044588167729453
CLUSTER_432,N,cattle_slu,9415.121,10.044588167729453
CLUSTER_432,N,horse_man,1122.3,10.044588167729453
CLUSTER_432,N,pig_man,80.1,10.044588167729453
CLUSTER_432,N,maize_str,329.9,10.044588167729453
CLUSTER_432,N,beet_leaf,3840.0,10.044588167729453
CLUSTER_432,N,rape_str,1000.6999999999999,10.044588167729453
CLUSTER_432,N,legume_str,291.34000000000003,10.044588167729453
CLUSTER_436,N,cattle_man,14080.0,19.841149512032285
CLUSTER_436,N,cattle_slu,29806.899088905604,19.841149512032285
CLUSTER_436,N,horse_man,830.0,19.841149512032285
CLUSTER_436,N,pig_man,326.0,19.841149512032285
CLUSTER_436,N,maize_str,2198.0,19.841149512032285
CLUSTER_436,N,rape_str,941.0,19.841149512032285
CLUSTER_436,N,legume_str,253.39999999999998,19.841149512032285
CLUSTER_455,N,cattle_man,11640.0,30.413496995013386
CLUSTER_455,N,horse_man,810.1,30.413496995013386
CLUSTER_455,N,pig_man,488.40999999999997,30.413496995013386
CLUSTER_455,N,maize_str,263.67,30.413496995013386
CLUSTER_455,N,rape_str,1213.0,30.413496995013386
CLUSTER_455,N,legume_str,362.4,30.413496995013386
CLUSTER_487,N,cattle_man,16400.0,15.060462328639778
CLUSTER_487,N,cattle_slu,2333.0,15.060462328639778
CLUSTER_487,N,horse_man,431.5,15.060462328639778
CLUSTER_487,N,pig_man,299.25,15.060462328639778
CLUSTER_487,N,maize_str,637.4,15.060462328639778
CLUSTER_487,N,rape_str,1529.0,15.060462328639778
CLUSTER_487,N,legume_str,702.12,15.060462328639778
CLUSTER_511,N,horse_man,1308.3100000000002,46.89054082379989
CLUSTER_511,N,pig_man,317.6,46.89054082379989
CLUSTER_511,N,legume_str,142.4,46.89054082379989
CLUSTER_536,N,cattle_man,3358.0,20.395972001024777
CLUSTER_536,N,horse_man,483.9,20.395972001024777
CLUSTER_536,N,pig_man,168.6,20.395972001024777
CLUSTER_536,N,rape_str,222.0,20.395972001024777
CLUSTER_536,N,legume_str,88.69999999999999,20.395972001024777
CLUSTER_96,N,cattle_man,3690.0,29.388791785652792
CLUSTER_96,N,horse_man,2943.838,29.388791785652792
CLUSTER_96,N,pig_man,107.14,29.388791785652792
CLUSTER_96,N,maize_str,261.74,29.388791785652792
CLUSTER_96,N,rape_str,553.6,29.388791785652792
CLUSTER_96,N,legume_str,216.1,29.388791785652792
CLUSTER_97,N,cattle_man,4494.0,9.793810605207687
CLUSTER_97,N,cattle_slu,4389.0,9.793810605207687
CLUSTER_97,N,horse_man,1266.8,9.793810605207687
CLUSTER_97,N,pig_man,302.6467,9.793810605207687
CLUSTER_97,N,maize_str,150.8,9.793810605207687
CLUSTER_97,N,beet_leaf,10300.0,9.793810605207687
CLUSTER_97,N,rape_str,3629.0,9.793810605207687
CLUSTER_97,N,legume_str,684.7,9.793810605207687
CLUSTER_107,O,cattle_man,13402.1,35.992465162276375
CLUSTER_107,O,horse_man,1668.9,35.992465162276375
CLUSTER_107,O,pig_man,993.2,35.992465162276375
CLUSTER_107,O,rape_str,1132.0,35.992465162276375
CLUSTER_107,O,legume_str,421.2,35.992465162276375
CLUSTER_115,O,cattle_man,12403.0,10.608675947781617
CLUSTER_115,O,cattle_slu,44890.0,10.608675947781617
CLUSTER_115,O,horse_man,190.35,10.608675947781617
CLUSTER_115,O,pig_man,276.8087,10.608675947781617
CLUSTER_115,O,beet_leaf,52.0,10.608675947781617
CLUSTER_115,O,rape_str,646.0,10.608675947781617
CLUSTER_115,O,legume_str,147.8,10.608675947781617
CLUSTER_12,O,cattle_man,6212.0,39.589736585762175
CLUSTER_170,O,cattle_man,2987.28,34.28606951203406
CLUSTER_170,O,horse_man,782.0,34.28606951203406
CLUSTER_170,O,rape_str,334.9,34.28606951203406
CLUSTER_178,O,cattle_man,16790.0,4.6303225867399
CLUSTER_178,O,cattle_slu,76750.0,4.6303225867399
CLUSTER_178,O,horse_man,5256.0,4.6303225867399
CLUSTER_178,O,rape_str,39.4,4.6303225867399
CLUSTER_178,O,legume_str,41.78,4.6303225867399
CLUSTER_203,O,cattle_man,28660.0,1.8578196967968537
CLUSTER_203,O,cattle_slu,104700.608,1.8578196967968537
CLUSTER_203,O,horse_man,3313.0,1.8578196967968537
CLUSTER_203,O,pig_slu,13243.3,1.8578196967968537
CLUSTER_203,O,pig_man,696.08362,1.8578196967968537
CLUSTER_203,O,maize_str,1493.3,1.8578196967968537
CLUSTER_203,O,rape_str,472.3,1.8578196967968537
CLUSTER_203,O,legume_str,259.1,1.8578196967968537
CLUSTER_232,O,cattle_man,9900.0,22.680635894604308
CLUSTER_232,O,horse_man,3168.0,22.680635894604308
CLUSTER_232,O,pig_man,245.34999999999997,22.680635894604308
CLUSTER_232,O,maize_str,332.4,22.680635894604308
CLUSTER_232,O,rape_str,928.0,22.680635894604308
CLUSTER_232,O,legume_str,118.5,22.680635894604308
CLUSTER_262,O,cattle_man,7320.0,27.09844395188373
CLUSTER_262,O,horse_man,491.0,27.09844395188373
CLUSTER_262,O,pig_man,55.52,27.09844395188373
CLUSTER_262,O,rape_str,727.9,27.09844395188373
CLUSTER_262,O,legume_str,189.5,27.09844395188373
CLUSTER_269,O,cattle_man,10313.0,28.874360330117064
CLUSTER_269,O,horse_man,2387.8,28.874360330117064
CLUSTER_269,O,pig_man,389.745,28.874360330117064
CLUSTER_269,O,rape_str,727.1,28.874360330117064
CLUSTER_269,O,legume_str,139.774,28.874360330117064
CLUSTER_286,O,cattle_man,4579.0,14.16703111599379
CLUSTER_286,O,cattle_slu,23279.0,14.16703111599379
CLUSTER_286,O,horse_man,502.1,14.16703111599379
CLUSTER_286,O,pig_man,407.6,14.16703111599379
CLUSTER_286,O,rape_str,875.9,14.16703111599379
CLUSTER_286,O,legume_str,241.6,14.16703111599379
CLUSTER_291,O,cattle_man,2457.376,21.204200972609144
CLUSTER_291,O,horse_man,1658.0,21.204200972609144
CLUSTER_291,O,pig_man,7740.0,21.204200972609144
CLUSTER_291,O,maize_str,29880.0,21.204200972609144
CLUSTER_291,O,rape_str,424.0,21.204200972609144
CLUSTER_291,O,legume_str,875.6,21.204200972609144
CLUSTER_296,O,cattle_man,6573.0,29.65438815760796
CLUSTER_296,O,horse_man,902.0,29.65438815760796
CLUSTER_296,O,legume_str,10.71,29.65438815760796
CLUSTER_30,O,cattle_man,5446.59,27.17051241721037
CLUSTER_30,O,horse_man,478.27,27.17051241721037
CLUSTER_30,O,pig_man,2280.0,27.17051241721037
CLUSTER_30,O,rape_str,844.0,27.17051241721037
CLUSTER_30,O,legume_str,592.4,27.17051241721037
CLUSTER_316,O,cattle_man,7202.0,35.200902037004795
CLUSTER_316,O,horse_man,1505.3,35.200902037004795
CLUSTER_316,O,pig_man,1285.8,35.200902037004795
CLUSTER_316,O,rape_str,1137.0,35.200902037004795
CLUSTER_316,O,legume_str,235.5,35.200902037004795
CLUSTER_361,O,cattle_man,4111.29,13.116411511376858
CLUSTER_361,O,cattle_slu,9432.0,13.116411511376858
CLUSTER_361,O,horse_man,200.3,13.116411511376858
CLUSTER_361,O,pig_man,900.0,13.116411511376858
CLUSTER_361,O,maize_str,579.6,13.116411511376858
CLUSTER_361,O,rape_str,169.4,13.116411511376858
CLUSTER_361,O,legume_str,175.4,13.116411511376858
CLUSTER_372,O,cattle_man,9440.0,22.337331303647197
CLUSTER_372,O,horse_man,1283.0,22.337331303647197
CLUSTER_372,O,pig_man,127.52,22.337331303647197
CLUSTER_372,O,maize_str,454.3,22.337331303647197
CLUSTER_372,O,rape_str,903.9,22.337331303647197
CLUSTER_372,O,legume_str,304.78,22.337331303647197
CLUSTER_388,O,cattle_man,490.4,25.85223132592042
CLUSTER_388,O,horse_man,410.3,25.85223132592042
CLUSTER_39,O,cattle_man,19310.0,32.86786643562478
CLUSTER_39,O,horse_man,1942.0,32.86786643562478
CLUSTER_421,O,cattle_man,2121.0,33.11167604779576
CLUSTER_421,O,horse_man,802.6,33.11167604779576
CLUSTER_421,O,rape_str,740.8,33.11167604779576
CLUSTER_421,O,legume_str,191.0,33.11167604779576
CLUSTER_423,O,cattle_man,22380.0,20.521733187445147
CLUSTER_423,O,horse_man,1678.0106,20.521733187445147
CLUSTER_423,O,pig_man,669.519,20.521733187445147
CLUSTER_423,O,maize_str,2091.0,20.521733187445147
CLUSTER_423,O,rape_str,1295.9,20.521733187445147
CLUSTER_423,O,legume_str,670.7,20.521733187445147
CLUSTER_442,O,cattle_man,14580.0,34.56802039585089
CLUSTER_442,O,horse_man,2096.0,34.56802039585089
CLUSTER_442,O,legume_str,12.73,34.56802039585089
CLUSTER_467,O,cattle_man,779.0,36.747680142907896
CLUSTER_467,O,horse_man,266.5,36.747680142907896
CLUSTER_467,O,pig_man,1040.9,36.747680142907896
CLUSTER_467,O,rape_str,1193.5,36.747680142907896
CLUSTER_467,O,legume_str,423.2,36.747680142907896
CLUSTER_468,O,cattle_man,1492.0,21.325714230186183
CLUSTER_468,O,horse_man,11.2,21.325714230186183
CLUSTER_468,O,maize_str,120.0,21.325714230186183
CLUSTER_468,O,rape_str,574.4,21.325714230186183
CLUSTER_468,O,legume_str,142.73,21.325714230186183
CLUSTER_476,O,cattle_man,2730.0,26.716901192859822
CLUSTER_476,O,horse_man,492.00000000000006,26.716901192859822
CLUSTER_476,O,rape_str,21.8,26.716901192859822
CLUSTER_476,O,legume_str,20.15,26.716901192859822
CLUSTER_494,O,cattle_man,9580.0,17.74140343214549
CLUSTER_494,O,cattle_slu,3762.42,17.74140343214549
CLUSTER_494,O,horse_man,104.9,17.74140343214549
CLUSTER_494,O,pig_man,566.9,17.74140343214549
CLUSTER_494,O,maize_str,343.7,17.74140343214549
CLUSTER_494,O,rape_str,500.2,17.74140343214549
CLUSTER_494,O,legume_str,89.8,17.74140343214549
CLUSTER_499,O,cattle_man,4370.0,22.216135318501863
CLUSTER_499,O,horse_man,3670.0,22.216135318501863
CLUSTER_499,O,pig_man,128.13,22.216135318501863
CLUSTER_499,O,maize_str,1191.0,22.216135318501863
CLUSTER_499,O,rape_str,500.0,22.216135318501863
CLUSTER_499,O,legume_str,206.8,22.216135318501863
CLUSTER_511,O,cattle_man,2498.0,44.598134266201896
CLUSTER_517,O,cattle_man,2042.0,15.479319920602109
CLUSTER_517,O,cattle_slu,1455.5,15.479319920602109
CLUSTER_517,O,horse_man,372.7,15.479319920602109
CLUSTER_517,O,maize_str,38.76,15.479319920602109
CLUSTER_517,O,rape_str,729.3,15.479319920602109
CLUSTER_517,O,legume_str,119.6,15.479319920602109
CLUSTER_526,O,cattle_man,2490.0,37.59726538106483
CLUSTER_526,O,horse_man,485.0,37.59726538106483
CLUSTER_526,O,pig_man,141.0,37.59726538106483
CLUSTER_526,O,rape_str,1150.0,37.59726538106483
CLUSTER_526,O,legume_str,215.0,37.59726538106483
CLUSTER_57,O,cattle_man,1262.9,16.272164704875188
CLUSTER_57,O,cattle_slu,3526.0,16.272164704875188
CLUSTER_57,O,horse_man,1420.0,16.272164704875188
CLUSTER_57,O,maize_str,1267.7,16.272164704875188
CLUSTER_57,O,rape_str,917.4,16.272164704875188
CLUSTER_57,O,legume_str,757.7,16.272164704875188
CLUSTER_8,O,cattle_man,26900.0,24.846653629102946
CLUSTER_8,O,horse_man,7120.0,24.846653629102946
CLUSTER_8,O,pig_man,13.2831,24.846653629102946
CLUSTER_8,O,maize_str,41.8,24.846653629102946
CLUSTER_8,O,rape_str,48.5,24.846653629102946
CLUSTER_8,O,legume_str,105.89,24.846653629102946
CLUSTER_80,O,cattle_man,2733.9,27.00252784965371
CLUSTER_80,O,horse_man,210.9,27.00252784965371
CLUSTER_80,O,pig_man,275.303,27.00252784965371
CLUSTER_80,O,rape_str,3516.0,27.00252784965371
CLUSTER_80,O,legume_str,346.7,27.00252784965371
CLUSTER_81,O,cattle_man,26470.0,17.81357036951112
CLUSTER_81,O,cattle_slu,122780.0,17.81357036951112
CLUSTER_81,O,horse_man,1535.0,17.81357036951112
CLUSTER_81,O,pig_man,12.9891,17.81357036951112
CLUSTER_81,O,maize_str,309.0,17.81357036951112
CLUSTER_81,O,legume_str,73.12,17.81357036951112
CLUSTER_136,P,cattle_man,22230.0,27.681938408391147
CLUSTER_136,P,horse_man,3775.0,27.681938408391147
CLUSTER_140,P,cattle_man,7209.0,26.755978979275262
CLUSTER_140,P,horse_man,867.0,26.755978979275262
CLUSTER_140,P,pig_man,765.7,26.755978979275262
CLUSTER_140,P,maize_str,426.4,26.755978979275262
CLUSTER_140,P,rape_str,2088.0,26.755978979275262
CLUSTER_140,P,legume_str,312.5,26.755978979275262
CLUSTER_19,P,cattle_man,13523.0,43.95142299376179
CLUSTER_19,P,horse_man,1890.0,43.95142299376179
CLUSTER_19,P,pig_man,322.3,43.95142299376179
CLUSTER_19,P,rape_str,394.8664024276492,43.95142299376179
CLUSTER_19,P,legume_str,163.01,43.95142299376179
CLUSTER_195,P,cattle_man,17240.0,19.15678913419488
CLUSTER_195,P,cattle_slu,93330.0,19.15678913419488
CLUSTER_195,P,horse_man,1276.5,19.15678913419488
CLUSTER_195,P,pig_man,34.13825,19.15678913419488
CLUSTER_195,P,maize_str,21.4,19.15678913419488
CLUSTER_195,P,rape_str,51.9,19.15678913419488
CLUSTER_195,P,legume_str,17.12,19.15678913419488
CLUSTER_209,P,cattle_man,13940.0,30.484796844507876
CLUSTER_209,P,horse_man,1265.6,30.484796844507876
CLUSTER_209,P,rape_str,261.2,30.484796844507876
CLUSTER_209,P,legume_str,188.51,30.484796844507876
CLUSTER_229,P,cattle_man,1142.8,19.17278073149595
CLUSTER_229,P,cattle_slu,5196.0,19.17278073149595
CLUSTER_229,P,horse_man,466.3,19.17278073149595
CLUSTER_229,P,pig_man,38.028209,19.17278073149595
CLUSTER_229,P,maize_str,474.61,19.17278073149595
CLUSTER_229,P,rape_str,30.7,19.17278073149595
CLUSTER_229,P,legume_str,169.7,19.17278073149595
CLUSTER_237,P,cattle_man,4862.0,14.953372143847329
CLUSTER_237,P,cattle_slu,37570.0,14.953372143847329
CLUSTER_237,P,horse_man,478.63,14.953372143847329
CLUSTER_237,P,pig_man,687.516,14.953372143847329
CLUSTER_237,P,maize_str,150.0,14.953372143847329
CLUSTER_237,P,rape_str,431.0,14.953372143847329
CLUSTER_237,P,legume_str,29.248,14.953372143847329
CLUSTER_270,P,cattle_man,9712.0,33.133131792557826
CLUSTER_270,P,horse_man,2875.0,33.133131792557826
CLUSTER_270,P,pig_man,61.2952,33.133131792557826
CLUSTER_270,P,rape_str,169.7,33.133131792557826
CLUSTER_270,P,legume_str,180.75,33.133131792557826
CLUSTER_274,P,cattle_man,2163.0,20.68249467372616
CLUSTER_274,P,horse_man,783.4,20.68249467372616
CLUSTER_274,P,pig_man,587.9,20.68249467372616
CLUSTER_274,P,maize_str,4828.0,20.68249467372616
CLUSTER_274,P,rape_str,401.4,20.68249467372616
CLUSTER_274,P,legume_str,393.2,20.68249467372616
CLUSTER_293,P,cattle_man,4637.0,20.50534943197329
CLUSTER_293,P,horse_man,504.0,20.50534943197329
CLUSTER_293,P,pig_man,338.2269,20.50534943197329
CLUSTER_293,P,maize_str,181.2,20.50534943197329
CLUSTER_293,P,rape_str,1991.0000000000002,20.50534943197329
CLUSTER_293,P,legume_str,195.85,20.50534943197329
CLUSTER_312,P,cattle_man,11300.0,19.30682285064705
CLUSTER_312,P,horse_man,1544.0,19.30682285064705
CLUSTER_317,P,cattle_man,11860.0,28.49837480742823
CLUSTER_317,P,horse_man,217.4,28.49837480742823
CLUSTER_317,P,pig_man,92.31,28.49837480742823
CLUSTER_317,P,maize_str,120.7,28.49837480742823
CLUSTER_317,P,rape_str,692.0,28.49837480742823
CLUSTER_317,P,legume_str,236.2,28.49837480742823
CLUSTER_318,P,cattle_man,17210.0,18.49033785535409
CLUSTER_318,P,cattle_slu,22440.0,18.49033785535409
CLUSTER_318,P,horse_man,569.4,18.49033785535409
CLUSTER_318,P,maize_str,17.7,18.49033785535409
CLUSTER_318,P,rape_str,518.0,18.49033785535409
CLUSTER_318,P,legume_str,57.2,18.49033785535409
CLUSTER_323,P,cattle_man,18150.0,36.62504974968524
CLUSTER_323,P,horse_man,2339.0,36.62504974968524
CLUSTER_323,P,rape_str,313.3,36.62504974968524
CLUSTER_323,P,legume_str,62.45,36.62504974968524
CLUSTER_335,P,cattle_man,4820.0,12.821792195698876
CLUSTER_335,P,cattle_slu,36400.0,12.821792195698876
CLUSTER_335,P,horse_man,3071.0,12.821792195698876
CLUSTER_335,P,pig_man,497.042,12.821792195698876
CLUSTER_335,P,maize_str,16.3,12.821792195698876
CLUSTER_335,P,rape_str,517.7,12.821792195698876
CLUSTER_335,P,legume_str,75.2,12.821792195698876
CLUSTER_341,P,cattle_man,862.8,34.34375009381053
CLUSTER_341,P,horse_man,2031.7999999999997,34.34375009381053
CLUSTER_341,P,pig_man,160.94299999999998,34.34375009381053
CLUSTER_341,P,rape_str,497.09999999999997,34.34375009381053
CLUSTER_341,P,legume_str,177.98,34.34375009381053
CLUSTER_376,P,cattle_man,2955.0,8.564290866593783
CLUSTER_376,P,cattle_slu,11090.0,8.564290866593783
CLUSTER_376,P,horse_man,494.96000000000004,8.564290866593783
CLUSTER_376,P,pig_man,263.4000241,8.564290866593783
CLUSTER_376,P,maize_str,681.8,8.564290866593783
CLUSTER_376,P,beet_leaf,9480.0,8.564290866593783
CLUSTER_376,P,rape_str,1421.0,8.564290866593783
CLUSTER_376,P,legume_str,508.0,8.564290866593783
CLUSTER_44,P,cattle_man,14660.0,44.73303193268232
CLUSTER_44,P,horse_man,1288.0,44.73303193268232
CLUSTER_44,P,legume_str,336.7,44.73303193268232
CLUSTER_440,P,cattle_man,13440.0,8.49056759120042
CLUSTER_440,P,cattle_slu,62200.0,8.49056759120042
CLUSTER_440,P,horse_man,2708.0,8.49056759120042
CLUSTER_440,P,maize_str,12.5,8.49056759120042
CLUSTER_440,P,legume_str,29.4,8.49056759120042
CLUSTER_493,P,cattle_man,9040.0,40.95776883047427
CLUSTER_493,P,horse_man,951.2,40.95776883047427
CLUSTER_493,P,rape_str,189.92,40.95776883047427
CLUSTER_493,P,legume_str,157.4,40.95776883047427
CLUSTER_505,P,cattle_man,10770.0,24.225175356529988
CLUSTER_505,P,horse_man,942.0,24.225175356529988
CLUSTER_505,P,maize_str,18.72,24.225175356529988
CLUSTER_505,P,rape_str,1195.0,24.225175356529988
CLUSTER_505,P,legume_str,212.3,24.225175356529988
CLUSTER_76,P,cattle_man,2539.0,29.90605937924987
CLUSTER_76,P,horse_man,2263.0,29.90605937924987
CLUSTER_76,P,pig_man,125.42999999999999,29.90605937924987
CLUSTER_76,P,maize_str,96.25,29.90605937924987
CLUSTER_76,P,rape_str,35.114,29.90605937924987
CLUSTER_76,P,legume_str,109.68,29.90605937924987
CLUSTER_78,P,cattle_man,7012.0,25.08177752874424
CLUSTER_78,P,horse_man,873.4,25.08177752874424
CLUSTER_78,P,pig_man,141.0,25.08177752874424
CLUSTER_78,P,maize_str,136.0,25.08177752874424
CLUSTER_78,P,rape_str,178.1,25.08177752874424
CLUSTER_78,P,legume_str,40.33,25.08177752874424
CLUSTER_85,P,cattle_man,17750.0,18.306923727138603
CLUSTER_85,P,cattle_slu,83770.0,18.306923727138603
CLUSTER_85,P,horse_man,2141.0,18.306923727138603
CLUSTER_85,P,pig_man,109.2627,18.306923727138603
CLUSTER_85,P,maize_str,102.8,18.306923727138603
CLUSTER_85,P,legume_str,11.6,18.306923727138603
CLUSTER_86,P,cattle_man,15698.0,1.36478930984261
CLUSTER_86,P,cattle_slu,74300.0,1.36478930984261
CLUSTER_86,P,horse_man,1875.0,1.36478930984261
CLUSTER_86,P,pig_slu,14.78,1.36478930984261
CLUSTER_116,Q,cattle_man,856.0,17.32169863897796
CLUSTER_116,Q,cattle_slu,3950.0000000000005,17.32169863897796
CLUSTER_116,Q,horse_man,1252.0,17.32169863897796
CLUSTER_116,Q,pig_man,144.5,17.32169863897796
CLUSTER_116,Q,maize_str,4270.0,17.32169863897796
CLUSTER_116,Q,rape_str,1331.7,17.32169863897796
CLUSTER_116,Q,legume_str,256.53,17.32169863897796
CLUSTER_131,Q,cattle_man,9440.0,12.618166954631436
CLUSTER_131,Q,cattle_slu,41960.0,12.618166954631436
CLUSTER_131,Q,horse_man,1232.0,12.618166954631436
CLUSTER_131,Q,pig_man,1497.8,12.618166954631436
CLUSTER_131,Q,maize_str,4594.0,12.618166954631436
CLUSTER_131,Q,beet_leaf,2747.0,12.618166954631436
CLUSTER_131,Q,rape_str,1908.0,12.618166954631436
CLUSTER_131,Q,legume_str,1003.9999999999999,12.618166954631436
CLUSTER_156,Q,cattle_man,3713.2,20.63466287708688
CLUSTER_156,Q,horse_man,1144.7,20.63466287708688
CLUSTER_156,Q,pig_man,137.8229,20.63466287708688
CLUSTER_156,Q,maize_str,250.71100000000004,20.63466287708688
CLUSTER_156,Q,rape_str,1599.0,20.63466287708688
CLUSTER_156,Q,legume_str,342.4,20.63466287708688
CLUSTER_171,Q,cattle_man,11040.0,20.640406550109823
CLUSTER_171,Q,horse_man,1981.0000000000002,20.640406550109823
CLUSTER_171,Q,pig_man,887.0,20.640406550109823
CLUSTER_171,Q,maize_str,987.0,20.640406550109823
CLUSTER_171,Q,rape_str,1563.0,20.640406550109823
CLUSTER_171,Q,legume_str,188.6,20.640406550109823
CLUSTER_231,Q,cattle_man,13870.0,12.353091806552182
CLUSTER_231,Q,cattle_slu,72600.0,12.353091806552182
CLUSTER_231,Q,horse_man,1176.0,12.353091806552182
CLUSTER_231,Q,pig_man,10.6436,12.353091806552182
CLUSTER_231,Q,maize_str,13.35,12.353091806552182
CLUSTER_231,Q,legume_str,26.42,12.353091806552182
CLUSTER_238,Q,cattle_man,7143.0,25.80390268982082
CLUSTER_238,Q,horse_man,820.7,25.80390268982082
CLUSTER_238,Q,pig_man,123.38,25.80390268982082
CLUSTER_238,Q,rape_str,2251.0,25.80390268982082
CLUSTER_238,Q,legume_str,234.7,25.80390268982082
CLUSTER_247,Q,cattle_man,2871.0,16.174890645775175
CLUSTER_247,Q,cattle_slu,3040.0,16.174890645775175
CLUSTER_247,Q,horse_man,632.0,16.174890645775175
CLUSTER_247,Q,pig_man,228.0,16.174890645775175
CLUSTER_247,Q,maize_str,161.1,16.174890645775175
CLUSTER_247,Q,rape_str,3410.0,16.174890645775175
CLUSTER_247,Q,legume_str,474.1,16.174890645775175
CLUSTER_249,Q,cattle_man,9836.0,18.852047549087967
CLUSTER_249,Q,cattle_slu,55040.0,18.852047549087967
CLUSTER_249,Q,horse_man,1754.0,18.852047549087967
CLUSTER_249,Q,pig_man,509.2300000000001,18.852047549087967
CLUSTER_249,Q,maize_str,56.66,18.852047549087967
CLUSTER_249,Q,rape_str,1051.2,18.852047549087967
CLUSTER_249,Q,legume_str,275.8,18.852047549087967
CLUSTER_340,Q,cattle_man,979.0,14.273892739653345
CLUSTER_340,Q,cattle_slu,3330.0,14.273892739653345
CLUSTER_340,Q,horse_man,1279.0,14.273892739653345
CLUSTER_340,Q,pig_man,150.7,14.273892739653345
CLUSTER_340,Q,maize_str,1072.4,14.273892739653345
CLUSTER_340,Q,rape_str,944.0,14.273892739653345
CLUSTER_340,Q,legume_str,294.533,14.273892739653345
CLUSTER_385,Q,cattle_man,5530.0,16.25775892648843
CLUSTER_385,Q,cattle_slu,21690.0,16.25775892648843
CLUSTER_385,Q,horse_man,616.3,16.25775892648843
CLUSTER_385,Q,pig_man,407.79,16.25775892648843
CLUSTER_385,Q,maize_str,270.19,16.25775892648843
CLUSTER_385,Q,rape_str,1325.68,16.25775892648843
CLUSTER_385,Q,legume_str,299.0,16.25775892648843
CLUSTER_398,Q,cattle_man,5117.0,32.93832258364803
CLUSTER_398,Q,horse_man,1395.0,32.93832258364803
CLUSTER_398,Q,pig_man,169.0001898,32.93832258364803
CLUSTER_398,Q,rape_str,535.6,32.93832258364803
CLUSTER_398,Q,legume_str,250.69999999999996,32.93832258364803
CLUSTER_407,Q,cattle_man,10172.0,28.90398333567238
CLUSTER_407,Q,horse_man,3348.0,28.90398333567238
CLUSTER_416,Q,cattle_man,553.9,21.63280747116353
CLUSTER_416,Q,horse_man,387.2,21.63280747116353
CLUSTER_451,Q,cattle_man,7650.0,25.96434789843234
CLUSTER_451,Q,horse_man,523.0,25.96434789843234
CLUSTER_451,Q,pig_man,528.0,25.96434789843234
CLUSTER_451,Q,maize_str,737.0,25.96434789843234
CLUSTER_451,Q,rape_str,3060.0,25.96434789843234
CLUSTER_451,Q,legume_str,293.0,25.96434789843234
CLUSTER_452,Q,cattle_man,3960.0,3.2060614356649
CLUSTER_452,Q,cattle_slu,13920.0,3.2060614356649
CLUSTER_452,Q,horse_man,922.0,3.2060614356649
CLUSTER_452,Q,pig_slu,10810.0,3.2060614356649
CLUSTER_452,Q,pig_man,550.0,3.2060614356649
CLUSTER_452,Q,maize_str,639.0,3.2060614356649
CLUSTER_452,Q,beet_leaf,16020.0,3.2060614356649
CLUSTER_452,Q,rape_str,580.0,3.2060614356649
CLUSTER_452,Q,legume_str,173.8,3.2060614356649
CLUSTER_47,Q,cattle_man,681.7,7.924197544935029
CLUSTER_47,Q,cattle_slu,645.9,7.924197544935029
CLUSTER_47,Q,horse_man,414.0,7.924197544935029
CLUSTER_47,Q,rape_str,155.0,7.924197544935029
CLUSTER_484,Q,cattle_man,10650.0,19.295233805296903
CLUSTER_484,Q,horse_man,420.9,19.295233805296903
CLUSTER_484,Q,pig_man,64.9729,19.295233805296903
CLUSTER_484,Q,maize_str,160.5,19.295233805296903
CLUSTER_484,Q,rape_str,75.4,19.295233805296903
CLUSTER_484,Q,legume_str,72.6,19.295233805296903
CLUSTER_485,Q,pig_man,19.72,34.86801673078275
CLUSTER_485,Q,rape_str,948.0,34.86801673078275
CLUSTER_485,Q,legume_str,229.0,34.86801673078275
CLUSTER_502,Q,cattle_man,12710.0,24.72047940943043
CLUSTER_502,Q,horse_man,2093.0,24.72047940943043
CLUSTER_502,Q,maize_str,12.1,24.72047940943043
CLUSTER_502,Q,rape_str,37.2,24.72047940943043
CLUSTER_515,Q,cattle_man,990.9999999999999,26.109385428616758
CLUSTER_515,Q,horse_man,126.2,26.109385428616758
CLUSTER_515,Q,pig_man,1089.0,26.109385428616758
CLUSTER_515,Q,maize_str,787.1,26.109385428616758
CLUSTER_515,Q,rape_str,366.0,26.109385428616758
CLUSTER_515,Q,legume_str,82.35000000000001,26.109385428616758
CLUSTER_522,Q,cattle_man,6580.0,31.82058910933142
CLUSTER_522,Q,horse_man,288.1,31.82058910933142
CLUSTER_522,Q,pig_man,183.7,31.82058910933142
CLUSTER_522,Q,rape_str,722.0,31.82058910933142
CLUSTER_522,Q,legume_str,144.6,31.82058910933142
CLUSTER_539,Q,cattle_man,2743.0,28.67967182119976
CLUSTER_539,Q,horse_man,433.0,28.67967182119976
CLUSTER_539,Q,rape_str,737.0,28.67967182119976
CLUSTER_539,Q,legume_str,111.4,28.67967182119976
CLUSTER_541,Q,legume_str,57.8,29.42412818148516
CLUSTER_59,Q,cattle_man,5668.0,19.04145532002041
CLUSTER_59,Q,cattle_slu,29710.0,19.04145532002041
CLUSTER_59,Q,horse_man,456.477,19.04145532002041
CLUSTER_59,Q,pig_man,56.019,19.04145532002041
CLUSTER_59,Q,maize_str,77.9,19.04145532002041
CLUSTER_59,Q,rape_str,1029.9,19.04145532002041
CLUSTER_59,Q,legume_str,177.1,19.04145532002041
CLUSTER_71,Q,cattle_man,8797.0,28.57938180681285
CLUSTER_71,Q,horse_man,2948.9,28.57938180681285
CLUSTER_71,Q,pig_man,226.348,28.57938180681285
CLUSTER_71,Q,maize_str,1668.5835112707596,28.57938180681285
CLUSTER_71,Q,rape_str,2450.0,28.57938180681285
CLUSTER_71,Q,legume_str,1174.2,28.57938180681285
CLUSTER_92,Q,cattle_man,17416.0,5.9600771082345325
CLUSTER_92,Q,cattle_slu,68400.0,5.9600771082345325
CLUSTER_92,Q,horse_man,2276.0,5.9600771082345325
CLUSTER_92,Q,pig_man,122.73699999999998,5.9600771082345325
CLUSTER_92,Q,maize_str,2888.0,5.9600771082345325
CLUSTER_92,Q,rape_str,752.9,5.9600771082345325
CLUSTER_92,Q,legume_str,339.0,5.9600771082345325
CLUSTER_105,R,cattle_man,16042.0,31.96973790213265
CLUSTER_105,R,horse_man,2293.0,31.96973790213265
CLUSTER_105,R,legume_str,17.03,31.96973790213265
CLUSTER_134,R,cattle_man,8431.4,17.644821624333947
CLUSTER_134,R,cattle_slu,7822.520999999999,17.644821624333947
CLUSTER_134,R,horse_man,721.52,17.644821624333947
CLUSTER_134,R,pig_man,1021.56,17.644821624333947
CLUSTER_134,R,maize_str,712.3,17.644821624333947
CLUSTER_134,R,rape_str,1039.3,17.644821624333947
CLUSTER_134,R,legume_str,277.13,17.644821624333947
CLUSTER_138,R,cattle_man,10203.0,37.01723509811922
CLUSTER_138,R,horse_man,665.1,37.01723509811922
CLUSTER_138,R,pig_man,1203.8,37.01723509811922
CLUSTER_138,R,rape_str,1121.4,37.01723509811922
CLUSTER_138,R,legume_str,467.8,37.01723509811922
CLUSTER_142,R,cattle_man,32190.000000000004,5.192127064930437
CLUSTER_142,R,cattle_slu,156000.0,5.192127064930437
CLUSTER_142,R,horse_man,1981.9999999999998,5.192127064930437
CLUSTER_142,R,pig_man,67.2671,5.192127064930437
CLUSTER_142,R,maize_str,396.0,5.192127064930437
CLUSTER_142,R,legume_str,157.6,5.192127064930437
CLUSTER_151,R,cattle_man,5361.0,37.68729692805532
CLUSTER_151,R,horse_man,5352.0,37.68729692805532
CLUSTER_151,R,pig_man,33.274,37.68729692805532
CLUSTER_151,R,rape_str,655.0,37.68729692805532
CLUSTER_151,R,legume_str,305.9,37.68729692805532
CLUSTER_163,R,cattle_man,10520.0,18.980150941905432
CLUSTER_163,R,horse_man,1805.0,18.980150941905432
CLUSTER_163,R,rape_str,435.3,18.980150941905432
CLUSTER_163,R,legume_str,26.23,18.980150941905432
CLUSTER_164,R,cattle_man,5420.0,5.702663670556926
CLUSTER_164,R,cattle_slu,4795.1,5.702663670556926
CLUSTER_164,R,horse_man,1264.0,5.702663670556926
CLUSTER_164,R,pig_man,46.635000000000005,5.702663670556926
CLUSTER_164,R,maize_str,100.7,5.702663670556926
CLUSTER_164,R,beet_leaf,410.7,5.702663670556926
CLUSTER_164,R,rape_str,740.0,5.702663670556926
CLUSTER_164,R,legume_str,154.5,5.702663670556926
CLUSTER_185,R,cattle_man,4461.0,22.279561317576174
CLUSTER_185,R,horse_man,786.4,22.279561317576174
CLUSTER_185,R,pig_man,183.43,22.279561317576174
CLUSTER_185,R,rape_str,980.9000000000001,22.279561317576174
CLUSTER_185,R,legume_str,368.9,22.279561317576174
CLUSTER_207,R,cattle_man,25080.0,11.051405722825963
CLUSTER_207,R,cattle_slu,171700.0,11.051405722825963
CLUSTER_207,R,horse_man,1783.0,11.051405722825963
CLUSTER_239,R,cattle_man,3789.0,17.05964303439948
CLUSTER_239,R,cattle_slu,12880.0,17.05964303439948
CLUSTER_239,R,horse_man,2882.5,17.05964303439948
CLUSTER_239,R,pig_man,931.74,17.05964303439948
CLUSTER_239,R,maize_str,2374.0,17.05964303439948
CLUSTER_239,R,rape_str,1717.0,17.05964303439948
CLUSTER_239,R,legume_str,357.8,17.05964303439948
CLUSTER_251,R,cattle_man,1718.4,33.962942296744984
CLUSTER_251,R,horse_man,239.3,33.962942296744984
CLUSTER_251,R,pig_man,335.71000000000004,33.962942296744984
CLUSTER_251,R,rape_str,2183.0,33.962942296744984
CLUSTER_251,R,legume_str,633.1999999999999,33.962942296744984
CLUSTER_265,R,cattle_man,1417.0,8.322986803013722
CLUSTER_265,R,cattle_slu,9050.0,8.322986803013722
CLUSTER_265,R,horse_man,1119.1,8.322986803013722
CLUSTER_265,R,pig_man,39.79,8.322986803013722
CLUSTER_265,R,maize_str,149.62,8.322986803013722
CLUSTER_265,R,rape_str,352.79,8.322986803013722
CLUSTER_265,R,legume_str,130.86,8.322986803013722
CLUSTER_277,R,cattle_man,6870.0,31.295430055385136
CLUSTER_277,R,horse_man,872.3,31.295430055385136
CLUSTER_277,R,pig_man,203.959,31.295430055385136
CLUSTER_277,R,rape_str,2519.0,31.295430055385136
CLUSTER_277,R,legume_str,748.8,31.295430055385136
CLUSTER_288,R,cattle_man,23510.0,11.292942649416345
CLUSTER_288,R,cattle_slu,69700.0,11.292942649416345
CLUSTER_288,R,horse_man,1884.0,11.292942649416345
CLUSTER_288,R,pig_man,786.0,11.292942649416345
CLUSTER_288,R,maize_str,5080.0,11.292942649416345
CLUSTER_288,R,beet_leaf,7380.0,11.292942649416345
CLUSTER_288,R,rape_str,1600.0,11.292942649416345
CLUSTER_288,R,legume_str,851.0,11.292942649416345
CLUSTER_309,R,cattle_man,7630.0,27.36287670153062
CLUSTER_309,R,horse_man,240.3,27.36287670153062
CLUSTER_309,R,pig_man,216.09,27.36287670153062
CLUSTER_309,R,rape_str,199.0,27.36287670153062
CLUSTER_309,R,legume_str,115.88,27.36287670153062
CLUSTER_401,R,cattle_man,1666.8,29.33952990867799
CLUSTER_401,R,horse_man,929.5,29.33952990867799
CLUSTER_401,R,pig_man,189.6729,29.33952990867799
CLUSTER_401,R,rape_str,292.6,29.33952990867799
CLUSTER_401,R,legume_str,39.49,29.33952990867799
CLUSTER_443,R,cattle_man,12880.0,16.038727156525475
CLUSTER_443,R,cattle_slu,70720.0,16.038727156525475
CLUSTER_443,R,horse_man,1016.9999999999999,16.038727156525475
CLUSTER_443,R,maize_str,154.0,16.038727156525475
CLUSTER_443,R,rape_str,172.0,16.038727156525475
CLUSTER_443,R,legume_str,58.24,16.038727156525475
CLUSTER_444,R,cattle_man,2690.0,11.96544540694522
CLUSTER_444,R,cattle_slu,17910.0,11.96544540694522
CLUSTER_444,R,horse_man,379.2,11.96544540694522
CLUSTER_444,R,pig_man,84.611,11.96544540694522
CLUSTER_444,R,maize_str,46.25,11.96544540694522
CLUSTER_444,R,rape_str,842.13,11.96544540694522
CLUSTER_444,R,legume_str,165.45999999999998,11.96544540694522
CLUSTER_489,R,cattle_man,1068.0,28.41871231296333
CLUSTER_489,R,horse_man,367.5,28.41871231296333
CLUSTER_50,R,cattle_man,17080.0,26.53278946053687
CLUSTER_50,R,horse_man,1154.13,26.53278946053687
CLUSTER_50,R,pig_man,604.7121,26.53278946053687
CLUSTER_50,R,rape_str,1007.7,26.53278946053687
CLUSTER_50,R,legume_str,456.7,26.53278946053687
CLUSTER_509,R,cattle_man,10453.0,21.379293227036516
CLUSTER_509,R,horse_man,798.0,21.379293227036516
CLUSTER_509,R,pig_man,70.445,21.379293227036516
CLUSTER_509,R,maize_str,18.6,21.379293227036516
CLUSTER_509,R,rape_str,51.9,21.379293227036516
CLUSTER_509,R,legume_str,25.2,21.379293227036516
CLUSTER_91,R,cattle_man,1586.06,24.664642842138576
CLUSTER_91,R,horse_man,619.6,24.664642842138576
CLUSTER_91,R,pig_man,218.0,24.664642842138576
CLUSTER_91,R,maize_str,5136.0,24.664642842138576
CLUSTER_91,R,rape_str,434.47,24.664642842138576
CLUSTER_91,R,legume_str,391.1,24.664642842138576
CLUSTER_98,R,cattle_man,5002.1,21.62481594074832
CLUSTER_98,R,horse_man,673.1,21.62481594074832
CLUSTER_98,R,pig_man,181.343,21.62481594074832
CLUSTER_98,R,rape_str,1266.0,21.62481594074832
CLUSTER_98,R,legume_str,294.81,21.62481594074832
CLUSTER_119,S,cattle_man,14930.0,17.17017495850354
CLUSTER_119,S,cattle_slu,17250.0,17.17017495850354
CLUSTER_119,S,horse_man,1764.0,17.17017495850354
CLUSTER_119,S,pig_man,210.9,17.17017495850354
CLUSTER_119,S,rape_str,1302.0,17.17017495850354
CLUSTER_119,S,legume_str,143.3,17.17017495850354
CLUSTER_158,S,cattle_man,792.0,25.2494232690345
CLUSTER_158,S,horse_man,253.79999999999998,25.2494232690345
CLUSTER_158,S,rape_str,44.4,25.2494232690345
CLUSTER_158,S,legume_str,41.66,25.2494232690345
CLUSTER_167,S,cattle_man,16680.0,18.61894601888658
CLUSTER_167,S,horse_man,1062.4,18.61894601888658
CLUSTER_167,S,pig_man,722.3,18.61894601888658
CLUSTER_167,S,maize_str,255.30000000000004,18.61894601888658
CLUSTER_167,S,rape_str,2138.0,18.61894601888658
CLUSTER_167,S,legume_str,378.19,18.61894601888658
CLUSTER_177,S,cattle_man,5132.0,24.065101706381963
CLUSTER_177,S,horse_man,285.4,24.065101706381963
CLUSTER_177,S,pig_man,779.21,24.065101706381963
CLUSTER_177,S,rape_str,3337.0,24.065101706381963
CLUSTER_177,S,legume_str,144.7,24.065101706381963
CLUSTER_189,S,cattle_man,4488.98,29.802664461553352
CLUSTER_189,S,horse_man,1789.0,29.802664461553352
CLUSTER_199,S,cattle_man,3629.0,13.032735755553947
CLUSTER_199,S,cattle_slu,33040.0,13.032735755553947
CLUSTER_199,S,horse_man,704.0,13.032735755553947
CLUSTER_199,S,pig_man,341.399,13.032735755553947
CLUSTER_199,S,maize_str,12.3167,13.032735755553947
CLUSTER_199,S,rape_str,2095.0,13.032735755553947
CLUSTER_199,S,legume_str,218.02,13.032735755553947
CLUSTER_202,S,cattle_man,16100.0,31.75472519195189
CLUSTER_202,S,horse_man,1917.3,31.75472519195189
CLUSTER_202,S,pig_man,229.17,31.75472519195189
CLUSTER_202,S,rape_str,65.6,31.75472519195189
CLUSTER_202,S,legume_str,151.06,31.75472519195189
CLUSTER_218,S,cattle_man,42980.0,21.76941908514296
CLUSTER_218,S,horse_man,4008.0000000000005,21.76941908514296
CLUSTER_218,S,legume_str,38.61,21.76941908514296
CLUSTER_225,S,cattle_man,6770.0,13.153101470264373
CLUSTER_225,S,cattle_slu,30790.0,13.153101470264373
CLUSTER_225,S,horse_man,1039.7,13.153101470264373
CLUSTER_225,S,pig_man,1314.9,13.153101470264373
CLUSTER_225,S,maize_str,8410.0,13.153101470264373
CLUSTER_225,S,rape_str,1132.3,13.153101470264373
CLUSTER_225,S,legume_str,589.4,13.153101470264373
CLUSTER_24,S,cattle_man,15326.0,25.562361716009903
CLUSTER_24,S,horse_man,1586.5,25.562361716009903
CLUSTER_24,S,pig_man,438.94,25.562361716009903
CLUSTER_24,S,rape_str,4848.0,25.562361716009903
CLUSTER_24,S,legume_str,769.8,25.562361716009903
CLUSTER_257,S,cattle_man,512.5,32.913393642554055
CLUSTER_257,S,horse_man,1598.0,32.913393642554055
CLUSTER_257,S,pig_man,1704.41,32.913393642554055
CLUSTER_257,S,rape_str,1210.4,32.913393642554055
CLUSTER_257,S,legume_str,280.6,32.913393642554055
CLUSTER_259,S,cattle_man,11538.0,8.411151033398774
CLUSTER_259,S,cattle_slu,55980.0,8.411151033398774
CLUSTER_259,S,horse_man,817.6,8.411151033398774
CLUSTER_259,S,pig_man,260.08,8.411151033398774
CLUSTER_259,S,maize_str,51.0,8.411151033398774
CLUSTER_259,S,rape_str,1130.8,8.411151033398774
CLUSTER_259,S,legume_str,90.26,8.411151033398774
CLUSTER_281,S,cattle_man,11914.0,11.922355813767892
CLUSTER_281,S,cattle_slu,54009.0,11.922355813767892
CLUSTER_281,S,horse_man,1024.5,11.922355813767892
CLUSTER_3,S,cattle_man,7882.999999999999,29.004443764500333
CLUSTER_3,S,horse_man,5877.0,29.004443764500333
CLUSTER_3,S,pig_man,16.916,29.004443764500333
CLUSTER_3,S,rape_str,310.9,29.004443764500333
CLUSTER_3,S,legume_str,100.2,29.004443764500333
CLUSTER_313,S,cattle_man,20560.0,17.25677291882899
CLUSTER_313,S,cattle_slu,130200.00000000001,17.25677291882899
CLUSTER_313,S,horse_man,2810.0,17.25677291882899
CLUSTER_313,S,pig_man,14.107,17.25677291882899
CLUSTER_313,S,maize_str,26.06,17.25677291882899
CLUSTER_350,S,cattle_man,14500.0,18.40578655862556
CLUSTER_350,S,cattle_slu,23214.247084730465,18.40578655862556
CLUSTER_350,S,horse_man,2875.0,18.40578655862556
CLUSTER_350,S,pig_man,183.62,18.40578655862556
CLUSTER_350,S,maize_str,444.4,18.40578655862556
CLUSTER_350,S,rape_str,241.9,18.40578655862556
CLUSTER_350,S,legume_str,207.8,18.40578655862556
CLUSTER_404,S,cattle_man,4430.0,18.291034496856568
CLUSTER_404,S,cattle_slu,40280.0,18.291034496856568
CLUSTER_404,S,horse_man,1860.0,18.291034496856568
CLUSTER_404,S,pig_man,75.63,18.291034496856568
CLUSTER_404,S,maize_str,137.9,18.291034496856568
CLUSTER_404,S,rape_str,430.0,18.291034496856568
CLUSTER_404,S,legume_str,89.80000000000001,18.291034496856568
CLUSTER_426,S,cattle_man,5784.0,26.9887432409158
CLUSTER_426,S,horse_man,3962.2,26.9887432409158
CLUSTER_426,S,pig_man,46.733,26.9887432409158
CLUSTER_426,S,rape_str,345.91,26.9887432409158
CLUSTER_426,S,legume_str,76.906,26.9887432409158
CLUSTER_463,S,cattle_man,3189.0,30.49678710649064
CLUSTER_463,S,horse_man,384.3,30.49678710649064
CLUSTER_463,S,pig_man,180.00319,30.49678710649064
CLUSTER_463,S,rape_str,181.4,30.49678710649064
CLUSTER_463,S,legume_str,20.57,30.49678710649064
CLUSTER_473,S,cattle_man,11380.0,24.67303963827071
CLUSTER_473,S,horse_man,745.0,24.67303963827071
CLUSTER_473,S,pig_man,510.99999999999994,24.67303963827071
CLUSTER_473,S,rape_str,1204.0,24.67303963827071
CLUSTER_473,S,legume_str,346.1,24.67303963827071
CLUSTER_48,S,cattle_man,4164.0,14.467013768089098
CLUSTER_48,S,cattle_slu,22750.0,14.467013768089098
CLUSTER_48,S,horse_man,1045.96,14.467013768089098
CLUSTER_48,S,pig_man,1701.4,14.467013768089098
CLUSTER_48,S,maize_str,4581.0,14.467013768089098
CLUSTER_48,S,rape_str,1712.0,14.467013768089098
CLUSTER_48,S,legume_str,448.03,14.467013768089098
CLUSTER_500,S,cattle_man,5430.0,19.26572280380662
CLUSTER_500,S,horse_man,798.0,19.26572280380662
CLUSTER_500,S,pig_man,32.309999999999995,19.26572280380662
CLUSTER_500,S,maize_str,751.0,19.26572280380662
CLUSTER_500,S,rape_str,858.0,19.26572280380662
CLUSTER_500,S,legume_str,135.3,19.26572280380662
CLUSTER_506,S,cattle_man,1700.0,9.880608776741235
CLUSTER_506,S,horse_man,529.0,9.880608776741235
CLUSTER_506,S,pig_man,228.0325,9.880608776741235
CLUSTER_506,S,maize_str,146.4,9.880608776741235
CLUSTER_506,S,beet_leaf,5910.0,9.880608776741235
CLUSTER_506,S,rape_str,1143.0,9.880608776741235
CLUSTER_506,S,legume_str,340.0,9.880608776741235
CLUSTER_508,S,cattle_man,21640.0,27.65923664224237
CLUSTER_508,S,horse_man,3810.0,27.65923664224237
CLUSTER_508,S,rape_str,67.5,27.65923664224237
CLUSTER_508,S,legume_str,52.2,27.65923664224237
CLUSTER_513,S,cattle_man,2780.0,24.264255123104448
CLUSTER_513,S,horse_man,1042.0,24.264255123104448
CLUSTER_513,S,pig_man,657.0,24.264255123104448
CLUSTER_513,S,rape_str,985.0,24.264255123104448
CLUSTER_513,S,legume_str,913.0,24.264255123104448
CLUSTER_53,S,cattle_man,6226.92,25.31071960659808
CLUSTER_53,S,horse_man,1543.0,25.31071960659808
CLUSTER_531,S,cattle_man,750.0,21.69024163850717
CLUSTER_531,S,horse_man,424.9,21.69024163850717
CLUSTER_531,S,pig_man,133.0,21.69024163850717
CLUSTER_531,S,rape_str,167.0,21.69024163850717
CLUSTER_531,S,legume_str,89.3,21.69024163850717
CLUSTER_533,S,cattle_man,693.0,26.45106775511375
CLUSTER_533,S,horse_man,654.0,26.45106775511375
CLUSTER_533,S,pig_man,70.10000000000001,26.45106775511375
CLUSTER_533,S,rape_str,542.0,26.45106775511375
CLUSTER_533,S,legume_str,42.59,26.45106775511375
CLUSTER_65,S,cattle_man,29310.0,19.55582336249186
CLUSTER_65,S,horse_man,2654.0,19.55582336249186
CLUSTER_65,S,pig_man,165.989,19.55582336249186
CLUSTER_77,S,cattle_man,15680.0,30.75523160809489
CLUSTER_77,S,horse_man,1160.0,30.75523160809489
CLUSTER_77,S,pig_man,82.7,30.75523160809489
CLUSTER_77,S,rape_str,1929.0,30.75523160809489
CLUSTER_77,S,legume_str,300.0,30.75523160809489
CLUSTER_79,S,cattle_man,15570.0,17.385995009826996
CLUSTER_79,S,cattle_slu,91500.0,17.385995009826996
CLUSTER_79,S,horse_man,1933.0,17.385995009826996
CLUSTER_79,S,pig_man,1322.00245,17.385995009826996
CLUSTER_79,S,maize_str,6400.0,17.385995009826996
CLUSTER_79,S,rape_str,1076.6,17.385995009826996
CLUSTER_79,S,legume_str,931.4,17.385995009826996
CLUSTER_90,S,cattle_man,9800.0,35.681150275352515
CLUSTER_90,S,horse_man,1376.0,35.681150275352515
CLUSTER_100,T,cattle_man,9536.0,31.10735166904074
CLUSTER_100,T,horse_man,3925.5,31.10735166904074
CLUSTER_100,T,pig_man,69.61,31.10735166904074
CLUSTER_100,T,rape_str,1247.0,31.10735166904074
CLUSTER_100,T,legume_str,592.6,31.10735166904074
CLUSTER_130,T,cattle_man,16581.0,32.086183423140895
CLUSTER_132,T,cattle_man,7032.59,25.402905935104847
CLUSTER_132,T,horse_man,795.885,25.402905935104847
CLUSTER_132,T,pig_man,943.9,25.402905935104847
CLUSTER_132,T,rape_str,929.0,25.402905935104847
CLUSTER_132,T,legume_str,147.22,25.402905935104847
CLUSTER_160,T,cattle_man,5620.0,25.79446757791416
CLUSTER_160,T,horse_man,2174.2,25.79446757791416
CLUSTER_160,T,pig_man,238.759,25.79446757791416
CLUSTER_160,T,rape_str,1197.5,25.79446757791416
CLUSTER_160,T,legume_str,109.73,25.79446757791416
CLUSTER_165,T,cattle_man,8970.0,18.10798987444165
CLUSTER_165,T,cattle_slu,37970.0,18.10798987444165
CLUSTER_165,T,horse_man,1926.7,18.10798987444165
CLUSTER_165,T,pig_man,1019.9,18.10798987444165
CLUSTER_165,T,maize_str,1640.0,18.10798987444165
CLUSTER_165,T,rape_str,1507.0,18.10798987444165
CLUSTER_165,T,legume_str,854.0,18.10798987444165
CLUSTER_168,T,cattle_man,4187.0,24.294524367957465
CLUSTER_168,T,horse_man,2384.0,24.294524367957465
CLUSTER_168,T,pig_man,426.892,24.294524367957465
CLUSTER_168,T,maize_str,165.79,24.294524367957465
CLUSTER_168,T,rape_str,528.6,24.294524367957465
CLUSTER_168,T,legume_str,159.0,24.294524367957465
CLUSTER_183,T,cattle_man,16594.0,9.980106551174506
CLUSTER_183,T,cattle_slu,91870.0,9.980106551174506
CLUSTER_183,T,horse_man,2503.0,9.980106551174506
CLUSTER_183,T,pig_man,458.82,9.980106551174506
CLUSTER_183,T,maize_str,210.88,9.980106551174506
CLUSTER_183,T,beet_leaf,99.4,9.980106551174506
CLUSTER_183,T,rape_str,1374.3,9.980106551174506
CLUSTER_183,T,legume_str,266.3,9.980106551174506
CLUSTER_186,T,cattle_man,2851.0,35.79150878660513
CLUSTER_186,T,horse_man,2019.1,35.79150878660513
CLUSTER_186,T,pig_man,471.4,35.79150878660513
CLUSTER_186,T,rape_str,2267.0,35.79150878660513
CLUSTER_186,T,legume_str,321.6,35.79150878660513
CLUSTER_2,T,cattle_man,3616.0,10.851783507824177
CLUSTER_2,T,cattle_slu,10109.8,10.851783507824177
CLUSTER_2,T,horse_man,975.2,10.851783507824177
CLUSTER_2,T,pig_man,1666.5,10.851783507824177
CLUSTER_2,T,maize_str,6515.0,10.851783507824177
CLUSTER_2,T,beet_leaf,10250.0,10.851783507824177
CLUSTER_2,T,rape_str,2407.0,10.851783507824177
CLUSTER_2,T,legume_str,639.4,10.851783507824177
CLUSTER_223,T,cattle_man,9326.0,29.679546097421493
CLUSTER_223,T,horse_man,1582.6,29.679546097421493
CLUSTER_223,T,pig_man,439.438657,29.679546097421493
CLUSTER_223,T,rape_str,240.1,29.679546097421493
CLUSTER_27,T,cattle_man,18405.0,26.22432192525031
CLUSTER_27,T,horse_man,4194.0,26.22432192525031
CLUSTER_27,T,legume_str,18.4,26.22432192525031
CLUSTER_284,T,cattle_man,1152.783,32.55858010510951
CLUSTER_284,T,horse_man,195.4,32.55858010510951
CLUSTER_284,T,pig_man,447.9,32.55858010510951
CLUSTER_284,T,rape_str,262.2,32.55858010510951
CLUSTER_284,T,legume_str,192.3,32.55858010510951
CLUSTER_300,T,cattle_man,12150.0,19.791311617715845
CLUSTER_300,T,horse_man,6326.0,19.791311617715845
CLUSTER_300,T,pig_man,581.8449999999999,19.791311617715845
CLUSTER_300,T,maize_str,1868.0,19.791311617715845
CLUSTER_300,T,rape_str,548.0,19.791311617715845
CLUSTER_300,T,legume_str,424.7,19.791311617715845
CLUSTER_306,T,cattle_man,13760.0,13.416504705580191
CLUSTER_306,T,cattle_slu,43810.0,13.416504705580191
CLUSTER_306,T,horse_man,2610.0,13.416504705580191
CLUSTER_306,T,pig_man,479.4,13.416504705580191
CLUSTER_306,T,maize_str,5143.0,13.416504705580191
CLUSTER_306,T,rape_str,2327.0,13.416504705580191
CLUSTER_306,T,legume_str,1097.0,13.416504705580191
CLUSTER_321,T,cattle_man,2184.0,21.83597871830106
CLUSTER_321,T,horse_man,1668.0,21.83597871830106
CLUSTER_321,T,pig_man,53.32708,21.83597871830106
CLUSTER_321,T,maize_str,1399.0,21.83597871830106
CLUSTER_321,T,rape_str,1433.0,21.83597871830106
CLUSTER_321,T,legume_str,474.1,21.83597871830106
CLUSTER_337,T,cattle_man,13540.0,31.431543325188372
CLUSTER_337,T,horse_man,1000.0599999999998,31.431543325188372
CLUSTER_337,T,rape_str,148.0,31.431543325188372
CLUSTER_337,T,legume_str,187.9,31.431543325188372
CLUSTER_383,T,cattle_man,4512.0,19.13226336451238
CLUSTER_383,T,horse_man,1382.2,19.13226336451238
CLUSTER_383,T,pig_man,350.7,19.13226336451238
CLUSTER_383,T,maize_str,862.0,19.13226336451238
CLUSTER_383,T,rape_str,355.5,19.13226336451238
CLUSTER_383,T,legume_str,135.1,19.13226336451238
CLUSTER_386,T,cattle_man,420.0,8.199486426616298
CLUSTER_386,T,cattle_slu,15.9,8.199486426616298
CLUSTER_386,T,horse_man,3289.0,8.199486426616298
CLUSTER_386,T,maize_str,1350.5,8.199486426616298
CLUSTER_386,T,rape_str,588.0,8.199486426616298
CLUSTER_386,T,legume_str,404.9,8.199486426616298
CLUSTER_390,T,cattle_man,4736.4,17.025283108710976
CLUSTER_390,T,cattle_slu,29050.0,17.025283108710976
CLUSTER_390,T,horse_man,147.848,17.025283108710976
CLUSTER_390,T,pig_man,1056.886,17.025283108710976
CLUSTER_390,T,maize_str,92.3,17.025283108710976
CLUSTER_390,T,rape_str,957.4,17.025283108710976
CLUSTER_390,T,legume_str,91.61,17.025283108710976
CLUSTER_413,T,cattle_man,8790.0,28.36661771189844
CLUSTER_413,T,horse_man,36.0,28.36661771189844
CLUSTER_413,T,pig_man,1220.808,28.36661771189844
CLUSTER_413,T,rape_str,1054.0,28.36661771189844
CLUSTER_413,T,legume_str,164.1,28.36661771189844
CLUSTER_414,T,cattle_man,13020.0,22.586955928041316
CLUSTER_414,T,horse_man,1048.1,22.586955928041316
CLUSTER_414,T,pig_man,218.538,22.586955928041316
CLUSTER_414,T,rape_str,522.6,22.586955928041316
CLUSTER_414,T,legume_str,213.38,22.586955928041316
CLUSTER_445,T,cattle_man,831.9,27.54572744385809
CLUSTER_445,T,horse_man,58.691,27.54572744385809
CLUSTER_445,T,pig_man,3700.0,27.54572744385809
CLUSTER_445,T,rape_str,1059.0,27.54572744385809
CLUSTER_445,T,legume_str,171.5,27.54572744385809
CLUSTER_461,T,cattle_man,3302.0,15.257806725538094
CLUSTER_461,T,cattle_slu,19740.0,15.257806725538094
CLUSTER_461,T,horse_man,1385.0,15.257806725538094
CLUSTER_461,T,pig_man,138.37,15.257806725538094
CLUSTER_461,T,rape_str,342.2,15.257806725538094
CLUSTER_461,T,legume_str,79.77,15.257806725538094
CLUSTER_465,T,cattle_man,5980.0,35.89130411778756
CLUSTER_465,T,horse_man,1448.0,35.89130411778756
CLUSTER_465,T,pig_man,518.0,35.89130411778756
CLUSTER_465,T,rape_str,2360.0,35.89130411778756
CLUSTER_465,T,legume_str,750.0,35.89130411778756
CLUSTER_470,T,cattle_man,25970.0,25.432026493513007
CLUSTER_470,T,horse_man,1289.0,25.432026493513007
CLUSTER_470,T,pig_man,190.5,25.432026493513007
CLUSTER_470,T,rape_str,89.8,25.432026493513007
CLUSTER_470,T,legume_str,43.7,25.432026493513007
CLUSTER_486,T,cattle_man,1158.0,17.269552686505158
CLUSTER_486,T,cattle_slu,18700.0,17.269552686505158
CLUSTER_486,T,horse_man,429.2,17.269552686505158
CLUSTER_486,T,pig_man,772.0,17.269552686505158
CLUSTER_486,T,maize_str,23.9,17.269552686505158
CLUSTER_486,T,rape_str,303.0,17.269552686505158
CLUSTER_486,T,legume_str,57.1,17.269552686505158
CLUSTER_518,T,cattle_man,9270.0,22.13032906532057
CLUSTER_518,T,horse_man,1313.0,22.13032906532057
CLUSTER_518,T,pig_man,245.9,22.13032906532057
CLUSTER_518,T,rape_str,1018.0,22.13032906532057
CLUSTER_518,T,legume_str,172.5,22.13032906532057
CLUSTER_6,T,cattle_man,810.17,17.70972322596244
CLUSTER_6,T,horse_man,339.439139,17.70972322596244
CLUSTER_6,T,pig_man,1816.7,17.70972322596244
CLUSTER_6,T,maize_str,359.49,17.70972322596244
CLUSTER_6,T,rape_str,644.6,17.70972322596244
CLUSTER_6,T,legume_str,401.8,17.70972322596244
CLUSTER_83,T,cattle_man,8530.0,12.02738965588693
CLUSTER_83,T,cattle_slu,46620.0,12.02738965588693
CLUSTER_83,T,horse_man,2092.0,12.02738965588693
CLUSTER_83,T,pig_man,44.2,12.02738965588693
CLUSTER_83,T,maize_str,573.0,12.02738965588693
CLUSTER_83,T,rape_str,472.0,12.02738965588693
CLUSTER_83,T,legume_str,40.02,12.02738965588693
CLUSTER_87,T,cattle_man,23670.0,26.83730582133036
CLUSTER_87,T,horse_man,362.10543,26.83730582133036
CLUSTER_87,T,pig_man,544.04,26.83730582133036
CLUSTER_87,T,rape_str,922.9,26.83730582133036
CLUSTER_87,T,legume_str,729.0,26.83730582133036
