Feedstock_LAU,Location,Distance_km
CLUSTER_0,A,114.70416932365451
CLUSTER_0,B,100.37600848483189
CLUSTER_0,C,252.15536804214906
CLUSTER_0,D,52.523995048566476
CLUSTER_0,E,302.55252651316266
CLUSTER_0,F,131.41879636237692
CLUSTER_0,G,159.0104460240394
CLUSTER_0,H,219.81231950700516
CLUSTER_0,I,42.86710284266114
CLUSTER_0,J,213.2734041599024
CLUSTER_0,K,93.4862908415635
CLUSTER_0,L,119.316012117941
CLUSTER_0,M,34.61606242336995
CLUSTER_0,N,172.41960731452917
CLUSTER_0,O,176.2340762852009
CLUSTER_0,P,297.3152127140982
CLUSTER_0,Q,158.9179957328257
CLUSTER_0,R,122.54278806568844
CLUSTER_0,S,61.78640247271296
CLUSTER_0,T,245.55810725919963
CLUSTER_0,U,60.673843687806624
CLUSTER_0,V,84.30720407689124
CLUSTER_0,W,202.32328940003393
CLUSTER_0,X,255.66740128641044
CLUSTER_0,Y,150.73550382311927
CLUSTER_0,Z,7.5828253087219695
CLUSTER_0,AA,179.109073364167
CLUSTER_0,AB,76.33490325179295
CLUSTER_0,AC,110.97850013077212
CLUSTER_0,AD,162.8946054118157
CLUSTER_1,A,37.20058425944989
CLUSTER_1,B,110.86410729605028
CLUSTER_1,C,116.62569395140093
CLUSTER_1,D,163.43064336313049
CLUSTER_1,E,155.89164100231147
CLUSTER_1,F,82.60039897767487
CLUSTER_1,G,82.30815041661607
CLUSTER_1,H,126.42361930442401
CLUSTER_1,I,107.64785113000032
CLUSTER_1,J,73.82705352905917
CLUSTER_1,K,166.78906094808076
CLUSTER_1,L,154.4843497263505
CLUSTER_1,M,178.12301445221067
CLUSTER_1,N,165.7626927359487
CLUSTER_1,O,74.79892183453269
CLUSTER_1,P,153.08693046267564
CLUSTER_1,Q,31.277971991752715
CLUSTER_1,R,54.801887026294146
CLUSTER_1,S,123.26883695593754
CLUSTER_1,T,129.96098410117585
CLUSTER_1,U,146.71026622062527
CLUSTER_1,V,69.41225071698369
CLUSTER_1,W,56.22559276246829
CLUSTER_1,X,108.83520235267213
CLUSTER_1,Y,115.86100291127099
CLUSTER_1,Z,140.34560451330208
CLUSTER_1,AA,109.95941662155039
CLUSTER_1,AB,79.7560297228347
CLUSTER_1,AC,119.24658226488637
CLUSTER_1,AD,26.939599629808203
CLUSTER_10,A,184.95809427622063
CLUSTER_10,B,235.612709638619
CLUSTER_10,C,100.2122456117907
CLUSTER_10,D,311.2101904418687
CLUSTER_10,E,7.146767016055307
CLUSTER_10,F,208.00059176474966
CLUSTER_10,G,170.116171300526
CLUSTER_10,H,179.8478055650994
CLUSTER_10,I,254.62084275732738
CLUSTER_10,J,104.04429382199852
CLUSTER_10,K,307.74356045775085
CLUSTER_10,L,270.32274682562036
CLUSTER_10,M,325.153614729805
CLUSTER_10,N,251.3061196336391
CLUSTER_10,O,164.22465952334923
CLUSTER_10,P,62.408856350357475
CLUSTER_10,Q,139.3262045801168
CLUSTER_10,R,182.2037764038268
CLUSTER_10,S,269.57207252766125
CLUSTER_10,T,146.84613845384956
CLUSTER_10,U,284.76873806950397
CLUSTER_10,V,213.66416350617274
CLUSTER_10,W,93.38072791361755
CLUSTER_10,X,50.63739344321798
CLUSTER_10,Y,209.2551811088943
CLUSTER_10,Z,289.07480248771054
CLUSTER_10,AA,201.00702808960318
CLUSTER_10,AB,227.91957156982988
CLUSTER_10,AC,252.32625769386868
CLUSTER_10,AD,140.4734693890279
CLUSTER_100,A,68.43663686191813
CLUSTER_100,B,52.739457737285136
CLUSTER_100,C,206.12170946242833
CLUSTER_100,D,99.87671909498265
CLUSTER_100,E,244.37130797939525
CLUSTER_100,F,109.59569288144253
CLUSTER_100,G,97.90362558413504
CLUSTER_100,H,191.65028344319254
CLUSTER_100,I,19.592067241683598
CLUSTER_100,J,164.4415269535937
CLUSTER_100,K,126.41388713746503
CLUSTER_100,L,90.17202595636576
CLUSTER_100,M,88.02722664772764
CLUSTER_100,N,130.72372037498093
CLUSTER_100,O,141.18463551235007
CLUSTER_100,P,245.6144468126231
CLUSTER_100,Q,98.59864292947975
CLUSTER_100,R,60.288134142770346
CLUSTER_100,S,77.8504045291699
CLUSTER_100,T,209.05621652597284
CLUSTER_100,U,57.24528344237939
CLUSTER_100,V,23.73907935432715
CLUSTER_100,W,144.62130710148114
CLUSTER_100,X,200.81677096573677
CLUSTER_100,Y,96.91615833398825
CLUSTER_100,Z,57.38359232803828
CLUSTER_100,AA,157.4760943964407
CLUSTER_100,AB,51.445914842092854
CLUSTER_100,AC,112.275816755905
CLUSTER_100,AD,113.53534011450378
CLUSTER_101,A,49.630393111669434
CLUSTER_101,B,88.89115600021562
CLUSTER_101,C,138.4740397267017
CLUSTER_101,D,167.04605781122046
CLUSTER_101,E,162.25445804065575
CLUSTER_101,F,104.06300903428182
CLUSTER_101,G,55.614737080586444
CLUSTER_101,H,153.51152998153054
CLUSTER_101,I,100.17076165863892
CLUSTER_101,J,95.65548022638849
CLUSTER_101,K,177.2028406112027
CLUSTER_101,L,131.16231496308123
CLUSTER_101,M,170.27899290648844
CLUSTER_101,N,138.97655885011105
CLUSTER_101,O,101.79565794840933
CLUSTER_101,P,168.88677040097522
CLUSTER_101,Q,16.600242390021005
CLUSTER_101,R,31.122617278107484
CLUSTER_101,S,130.22565133950923
CLUSTER_101,T,155.8153309228303
CLUSTER_101,U,131.2029082348598
CLUSTER_101,V,58.692248717670076
CLUSTER_101,W,63.37284950982115
CLUSTER_101,X,121.47420986829304
CLUSTER_101,Y,88.9438514086219
CLUSTER_101,Z,136.2319345890233
CLUSTER_101,AA,135.92192961544802
CLUSTER_101,AB,85.76409035915077
CLUSTER_101,AC,135.6620678815689
CLUSTER_101,AD,53.50866395468664
CLUSTER_102,A,119.44225270699349
CLUSTER_102,B,222.28970415127074
CLUSTER_102,C,81.36809646776986
CLUSTER_102,D,197.47888598335786
CLUSTER_102,E,181.956942638776
CLUSTER_102,F,81.92555239997414
CLUSTER_102,G,201.99454859887155
CLUSTER_102,H,6.8322784824904135
CLUSTER_102,I,190.0234185596031
CLUSTER_102,J,82.25204569850926
CLUSTER_102,K,171.8194550317507
CLUSTER_102,L,266.5655877942865
CLUSTER_102,M,247.85746243261983
CLUSTER_102,N,285.2314878085153
CLUSTER_102,O,46.2465175800412
CLUSTER_102,P,136.54464103622573
CLUSTER_102,Q,147.6389169793193
CLUSTER_102,R,172.35588496742233
CLUSTER_102,S,158.07803916902466
CLUSTER_102,T,42.893025848760175
CLUSTER_102,U,241.36573794188484
CLUSTER_102,V,169.01056486235652
CLUSTER_102,W,130.75410935203175
CLUSTER_102,X,129.18402789491205
CLUSTER_102,Y,235.7068084527034
CLUSTER_102,Z,205.78644185143312
CLUSTER_102,AA,38.07617802344411
CLUSTER_102,AB,139.97342528946882
CLUSTER_102,AC,115.28249505219974
CLUSTER_102,AD,94.56687618289044
CLUSTER_103,A,53.695674147654415
CLUSTER_103,B,104.13213075242571
CLUSTER_103,C,123.79407222519892
CLUSTER_103,D,176.73255761623858
CLUSTER_103,E,148.1448696883717
CLUSTER_103,F,103.0738817869453
CLUSTER_103,G,64.43953921039704
CLUSTER_103,H,143.74788409392335
CLUSTER_103,I,113.51268638948635
CLUSTER_103,J,81.1664611964169
CLUSTER_103,K,183.66107231618142
CLUSTER_103,L,146.03084421247794
CLUSTER_103,M,183.9862387873013
CLUSTER_103,N,151.11171003528708
CLUSTER_103,O,93.44152906569006
CLUSTER_103,P,153.5001525904376
CLUSTER_103,Q,10.667316421607152
CLUSTER_103,R,46.36391209871792
CLUSTER_103,S,138.24530515384814
CLUSTER_103,T,143.22631040385482
CLUSTER_103,U,146.36173978863707
CLUSTER_103,V,72.5253878400641
CLUSTER_103,W,48.5128513531953
CLUSTER_103,X,106.21845125433096
CLUSTER_103,Y,100.93244839204024
CLUSTER_103,Z,148.72560200276683
CLUSTER_103,AA,129.95687341115882
CLUSTER_103,AB,93.8577588135844
CLUSTER_103,AC,138.4585064565063
CLUSTER_103,AD,43.1651727518796
CLUSTER_104,A,101.58206331704334
CLUSTER_104,B,111.59850552337706
CLUSTER_104,C,235.2923830668157
CLUSTER_104,D,35.85242533245269
CLUSTER_104,E,292.6197958081321
CLUSTER_104,F,109.55034163244927
CLUSTER_104,G,161.90737265695032
CLUSTER_104,H,197.7724047017113
CLUSTER_104,I,46.01014610657146
CLUSTER_104,J,198.1532310980504
CLUSTER_104,K,70.98959725842595
CLUSTER_104,L,137.2908283218265
CLUSTER_104,M,57.701713805197095
CLUSTER_104,N,187.42915342520968
CLUSTER_104,O,156.61219416933133
CLUSTER_104,P,282.8004747346176
CLUSTER_104,Q,153.03068288311823
CLUSTER_104,R,121.71041043346513
CLUSTER_104,S,36.69295200785564
CLUSTER_104,T,225.40315348754066
CLUSTER_104,U,81.43872821411536
CLUSTER_104,V,82.10218015604738
CLUSTER_104,W,192.93183350436362
CLUSTER_104,X,243.43912239903426
CLUSTER_104,Y,159.94744857490835
CLUSTER_104,Z,19.705830833786184
CLUSTER_104,AA,156.20711091498836
CLUSTER_104,AB,59.706584745949044
CLUSTER_104,AC,86.03028742912232
CLUSTER_104,AD,149.0742047862948
CLUSTER_105,A,141.94539172910058
CLUSTER_105,B,42.521909731652634
CLUSTER_105,C,254.96862981304412
CLUSTER_105,D,185.69986919821608
CLUSTER_105,E,255.3596291011246
CLUSTER_105,F,195.9662034298451
CLUSTER_105,G,78.55014654321958
CLUSTER_105,H,266.07631222901983
CLUSTER_105,I,107.25903640221851
CLUSTER_105,J,212.5445765969009
CLUSTER_105,K,219.00757972958417
CLUSTER_105,L,26.69362291396916
CLUSTER_105,M,140.05042551477644
CLUSTER_105,N,36.90181687389766
CLUSTER_105,O,213.2062180825582
CLUSTER_105,P,278.32996298175397
CLUSTER_105,Q,125.33514442113328
CLUSTER_105,R,88.0756088334755
CLUSTER_105,S,172.0323395129599
CLUSTER_105,T,272.7497923255683
CLUSTER_105,U,79.78414723925565
CLUSTER_105,V,97.11436308944002
CLUSTER_105,W,171.13342084686013
CLUSTER_105,X,228.79159044285774
CLUSTER_105,Y,39.58748188946712
CLUSTER_105,Z,135.31097567204128
CLUSTER_105,AA,239.7944809223705
CLUSTER_105,AB,144.13939173796
CLUSTER_105,AC,206.45910990630506
CLUSTER_105,AD,169.70514211744927
CLUSTER_106,A,146.78431486993657
CLUSTER_106,B,71.04060592528964
CLUSTER_106,C,237.2548457567779
CLUSTER_106,D,217.8108548396384
CLUSTER_106,E,221.8231184164071
CLUSTER_106,F,204.08746595340912
CLUSTER_106,G,55.49730656173325
CLUSTER_106,H,262.1798825064809
CLUSTER_106,I,136.19933571549083
CLUSTER_106,J,196.842218237897
CLUSTER_106,K,245.99866656539658
CLUSTER_106,L,72.32842553310152
CLUSTER_106,M,181.0428432525131
CLUSTER_106,N,36.39157695719653
CLUSTER_106,O,210.335231182136
CLUSTER_106,P,252.3640195602165
CLUSTER_106,Q,110.50848262611902
CLUSTER_106,R,86.95327997304861
CLUSTER_106,S,196.92749757172803
CLUSTER_106,T,262.05547763979376
CLUSTER_106,U,121.13911207095497
CLUSTER_106,V,112.6406883564308
CLUSTER_106,W,149.00319319704735
CLUSTER_106,X,202.95477032552282
CLUSTER_106,Y,23.48645797774269
CLUSTER_106,Z,169.5339915553459
CLUSTER_106,AA,242.55969220817926
CLUSTER_106,AB,161.53983665332444
CLUSTER_106,AC,223.46957877202163
CLUSTER_106,AD,161.840460092174
CLUSTER_107,A,70.69590314539495
CLUSTER_107,B,34.307131916577106
CLUSTER_107,C,192.9812566988165
CLUSTER_107,D,141.25181510003847
CLUSTER_107,E,214.9245365613501
CLUSTER_107,F,125.32614610700197
CLUSTER_107,G,56.35564021807389
CLUSTER_107,H,195.64645086233836
CLUSTER_107,I,61.02941685802979
CLUSTER_107,J,150.05139384238282
CLUSTER_107,K,164.69617599176814
CLUSTER_107,L,78.46331280366667
CLUSTER_107,M,124.18080971685309
CLUSTER_107,N,101.92229103030124
CLUSTER_107,O,142.84470607792102
CLUSTER_107,P,224.89377453380564
CLUSTER_107,Q,69.66241794028853
CLUSTER_107,R,25.77394652840841
CLUSTER_107,S,115.1822134355235
CLUSTER_107,T,205.1654840641751
CLUSTER_107,U,77.0019273928945
CLUSTER_107,V,29.576303217924707
CLUSTER_107,W,118.54029422929199
CLUSTER_107,X,177.15395680160393
CLUSTER_107,Y,59.58775803322159
CLUSTER_107,Z,98.51697740824888
CLUSTER_107,AA,168.53536849875195
CLUSTER_107,AB,78.4915948625231
CLUSTER_107,AC,140.65922986782442
CLUSTER_107,AD,102.710759813856
CLUSTER_108,A,101.05012440375373
CLUSTER_108,B,191.63906511999426
CLUSTER_108,C,38.10401516897146
CLUSTER_108,D,214.93097005815187
CLUSTER_108,E,119.36087017927616
CLUSTER_108,F,99.92127252527413
CLUSTER_108,G,153.03121072033565
CLUSTER_108,H,71.06235354350169
CLUSTER_108,I,180.1173166249324
CLUSTER_108,J,14.87907350740733
CLUSTER_108,K,202.154856261669
CLUSTER_108,L,235.10478374460004
CLUSTER_108,M,247.72150101803706
CLUSTER_108,N,241.60503651959303
CLUSTER_108,O,50.95935100945899
CLUSTER_108,P,87.88553907977216
CLUSTER_108,Q,98.41749253526856
CLUSTER_108,R,134.96033599373325
CLUSTER_108,S,172.23850871761377
CLUSTER_108,T,54.60021167463468
CLUSTER_108,U,224.85877212613892
CLUSTER_108,V,147.0526921338085
CLUSTER_108,W,67.24017871193206
CLUSTER_108,X,64.31719179799401
CLUSTER_108,Y,191.5077759517889
CLUSTER_108,Z,206.6516961982109
CLUSTER_108,AA,86.08867779841815
CLUSTER_108,AB,138.27100452556226
CLUSTER_108,AC,144.15134556757653
CLUSTER_108,AD,55.46607321755655
CLUSTER_109,A,99.27126499177207
CLUSTER_109,B,176.909810716609
CLUSTER_109,C,183.91963845521622
CLUSTER_109,D,86.1862518786828
CLUSTER_109,E,267.3781334639668
CLUSTER_109,F,54.0347170703019
CLUSTER_109,G,197.16808824531924
CLUSTER_109,H,122.1612463212474
CLUSTER_109,I,117.59725956470066
CLUSTER_109,J,159.21467700899214
CLUSTER_109,K,54.72300824218724
CLUSTER_109,L,214.5386507647426
CLUSTER_109,M,150.54017071789573
CLUSTER_109,N,254.06000919060065
CLUSTER_109,O,101.05725956428864
CLUSTER_109,P,238.73772671850628
CLUSTER_109,Q,161.0055416780236
CLUSTER_109,R,154.094820007974
CLUSTER_109,S,57.58733828618288
CLUSTER_109,T,158.26309583204483
CLUSTER_109,U,168.15641674519856
CLUSTER_109,V,124.74269045493084
CLUSTER_109,W,179.9295161907325
CLUSTER_109,X,212.39398498491008
CLUSTER_109,Y,213.52165763239714
CLUSTER_109,Z,112.97872468048136
CLUSTER_109,AA,79.06730956719635
CLUSTER_109,AB,75.86163917338844
CLUSTER_109,AC,13.614121771216317
CLUSTER_109,AD,125.76277974976101
CLUSTER_11,A,81.58833547493137
CLUSTER_11,B,176.97675417356527
CLUSTER_11,C,59.3695432799563
CLUSTER_11,D,192.72413879322085
CLUSTER_11,E,138.44636912216214
CLUSTER_11,F,77.88241595253032
CLUSTER_11,G,145.46941305331586
CLUSTER_11,H,65.57437328453007
CLUSTER_11,I,160.38474236067293
CLUSTER_11,J,29.462045485159447
CLUSTER_11,K,180.08932135431087
CLUSTER_11,L,221.03098556003872
CLUSTER_11,M,226.97377093898447
CLUSTER_11,N,232.0836184309104
CLUSTER_11,O,30.738688996441297
CLUSTER_11,P,110.11924458621542
CLUSTER_11,Q,90.286410442393
CLUSTER_11,R,121.9333525708812
CLUSTER_11,S,150.05032132543155
CLUSTER_11,T,62.803881214189595
CLUSTER_11,U,206.76004567333985
CLUSTER_11,V,129.40883351173972
CLUSTER_11,W,70.54298286499947
CLUSTER_11,X,83.06512247415422
CLUSTER_11,Y,181.9407149246182
CLUSTER_11,Z,185.58774500969818
CLUSTER_11,AA,69.49264682574905
CLUSTER_11,AB,116.94877401560865
CLUSTER_11,AC,122.28046986975755
CLUSTER_11,AD,40.27099657664724
CLUSTER_110,A,194.52035666510167
CLUSTER_110,B,265.68135231015873
CLUSTER_110,C,70.20532277533991
CLUSTER_110,D,315.18987599881393
CLUSTER_110,E,54.91440754535199
CLUSTER_110,F,201.36746015659062
CLUSTER_110,G,207.36431872864426
CLUSTER_110,H,149.87208051346434
CLUSTER_110,I,271.3015762887546
CLUSTER_110,J,97.49396937354989
CLUSTER_110,K,303.5974765228793
CLUSTER_110,L,304.7367507809186
CLUSTER_110,M,341.35704767412466
CLUSTER_110,N,294.0660762245002
CLUSTER_110,O,151.61062059573106
CLUSTER_110,P,14.169010771012134
CLUSTER_110,Q,164.90135917807837
CLUSTER_110,R,208.67889325503256
CLUSTER_110,S,272.484694003961
CLUSTER_110,T,111.23858896166438
CLUSTER_110,U,309.20537614224645
CLUSTER_110,V,233.09696345087679
CLUSTER_110,W,116.08948569358866
CLUSTER_110,X,57.25564564058572
CLUSTER_110,Y,248.1296791190063
CLUSTER_110,Z,301.9840348599298
CLUSTER_110,AA,181.10538056944287
CLUSTER_110,AB,235.4860565507692
CLUSTER_110,AC,245.48357786111472
CLUSTER_110,AD,146.38286574226578
CLUSTER_111,A,113.68971281456918
CLUSTER_111,B,33.375195613601505
CLUSTER_111,C,221.0818367035733
CLUSTER_111,D,178.61075278894918
CLUSTER_111,E,223.21028510007346
CLUSTER_111,F,169.8642135690867
CLUSTER_111,G,46.07147335285164
CLUSTER_111,H,235.13327977697577
CLUSTER_111,I,96.88513455116457
CLUSTER_111,J,178.78525311166902
CLUSTER_111,K,206.62812928622841
CLUSTER_111,L,54.25683991889649
CLUSTER_111,M,145.80969332377197
CLUSTER_111,N,57.446682650718444
CLUSTER_111,O,182.38875382807842
CLUSTER_111,P,244.46908035066093
CLUSTER_111,Q,91.38115104946796
CLUSTER_111,R,56.246094580977676
CLUSTER_111,S,157.66527215051076
CLUSTER_111,T,239.95980127221176
CLUSTER_111,U,87.61370905495004
CLUSTER_111,V,74.57881367117926
CLUSTER_111,W,137.13911782706887
CLUSTER_111,X,194.98825035979598
CLUSTER_111,Y,17.501568817672045
CLUSTER_111,Z,130.94872869088232
CLUSTER_111,AA,211.31726861661755
CLUSTER_111,AB,123.52343265708252
CLUSTER_111,AC,185.91072850126835
CLUSTER_111,AD,137.15212546964278
CLUSTER_112,A,117.92908194371095
CLUSTER_112,B,219.1639844905385
CLUSTER_112,C,62.277999615708836
CLUSTER_112,D,207.37803942277833
CLUSTER_112,E,162.87217460059549
CLUSTER_112,F,89.2290137481708
CLUSTER_112,G,193.05966732872693
CLUSTER_112,H,20.679575060881465
CLUSTER_112,I,192.46386030331342
CLUSTER_112,J,65.53427563063005
CLUSTER_112,K,184.72665818124332
CLUSTER_112,L,263.526383426295
CLUSTER_112,M,253.55465282010215
CLUSTER_112,N,278.5121238166247
CLUSTER_112,O,44.20929456586716
CLUSTER_112,P,117.70618464251051
CLUSTER_112,Q,138.0117141478841
CLUSTER_112,R,166.66205284884765
CLUSTER_112,S,166.61667319377133
CLUSTER_112,T,28.087883785617134
CLUSTER_112,U,242.49204621937943
CLUSTER_112,V,167.73454767268638
CLUSTER_112,W,116.14632157442493
CLUSTER_112,X,110.45710099331383
CLUSTER_112,Y,228.54388643691834
CLUSTER_112,Z,211.3779795830127
CLUSTER_112,AA,52.21189965033999
CLUSTER_112,AB,143.7916398623692
CLUSTER_112,AC,126.9576503522255
CLUSTER_112,AD,86.10814961728875
CLUSTER_113,A,149.9860391830386
CLUSTER_113,B,250.62706976323972
CLUSTER_113,C,63.763538326709366
CLUSTER_113,D,236.49067775561744
CLUSTER_113,E,165.73306475960482
CLUSTER_113,F,119.69997227491204
CLUSTER_113,G,221.14795610323588
CLUSTER_113,H,34.12510119213822
CLUSTER_113,I,224.60175972224008
CLUSTER_113,J,85.10566335666635
CLUSTER_113,K,210.93921033443507
CLUSTER_113,L,294.9560278403355
CLUSTER_113,M,285.0094020049643
CLUSTER_113,N,308.01323324361897
CLUSTER_113,O,76.41139263340654
CLUSTER_113,P,112.16362186829446
CLUSTER_113,Q,165.94658681540287
CLUSTER_113,R,197.16392778952473
CLUSTER_113,S,196.62499253131242
CLUSTER_113,T,17.64316019115311
CLUSTER_113,U,274.69252256101356
CLUSTER_113,V,199.74656784062384
CLUSTER_113,W,137.9769582666921
CLUSTER_113,X,118.82543949421807
CLUSTER_113,Y,257.87918530465754
CLUSTER_113,Z,242.838768349698
CLUSTER_113,AA,77.27305164068926
CLUSTER_113,AB,175.66844577253934
CLUSTER_113,AC,154.49961772998475
CLUSTER_113,AD,115.75969311753941
CLUSTER_114,A,122.48920209758914
CLUSTER_114,B,218.14806377782136
CLUSTER_114,C,31.57635105244574
CLUSTER_114,D,226.2888007243146
CLUSTER_114,E,132.19899229877115
CLUSTER_114,F,107.76150531198472
CLUSTER_114,G,182.51911207235878
CLUSTER_114,H,50.84148162895677
CLUSTER_114,I,200.74979208384215
CLUSTER_114,J,43.55111042618307
CLUSTER_114,K,207.94096057097065
CLUSTER_114,L,262.0603387720013
CLUSTER_114,M,265.9022961441084
CLUSTER_114,N,270.71862994759385
CLUSTER_114,O,57.043778466816136
CLUSTER_114,P,87.47356080198185
CLUSTER_114,Q,127.63923160372016
CLUSTER_114,R,162.43225156640864
CLUSTER_114,S,184.22572306120352
CLUSTER_114,T,24.900204820463976
CLUSTER_114,U,247.9697348242777
CLUSTER_114,V,170.79389369080766
CLUSTER_114,W,96.46706430987432
CLUSTER_114,X,80.85333179133366
CLUSTER_114,Y,220.55940195748545
CLUSTER_114,Z,224.06857516988538
CLUSTER_114,AA,79.79354588070434
CLUSTER_114,AB,155.31319356404515
CLUSTER_114,AC,149.44411905655696
CLUSTER_114,AD,81.14710671597166
CLUSTER_115,A,121.21244442169673
CLUSTER_115,B,223.99190686157147
CLUSTER_115,C,107.04367774143306
CLUSTER_115,D,181.92634877297215
CLUSTER_115,E,206.83928960724774
CLUSTER_115,F,73.57506191484819
CLUSTER_115,G,211.74803112249126
CLUSTER_115,H,27.651362023157542
CLUSTER_115,I,184.66415356878366
CLUSTER_115,J,103.98899603332984
CLUSTER_115,K,152.50995895879902
CLUSTER_115,L,267.7215094683527
CLUSTER_115,M,237.44511158762987
CLUSTER_115,N,291.24704930571147
CLUSTER_115,O,55.55545947101424
CLUSTER_115,P,162.35044417336204
CLUSTER_115,Q,159.1398939521258
CLUSTER_115,R,178.21986980740667
CLUSTER_115,S,144.92798965283004
CLUSTER_115,T,67.81842922975737
CLUSTER_115,U,237.13790172154356
CLUSTER_115,V,169.04739822252733
CLUSTER_115,W,148.99198211035844
CLUSTER_115,X,153.3122140115274
CLUSTER_115,Y,242.7148392993413
CLUSTER_115,Z,195.94062211103974
CLUSTER_115,AA,24.764597837063686
CLUSTER_115,AB,133.8003916901753
CLUSTER_115,AC,98.66011552010325
CLUSTER_115,AD,106.26332473412624
CLUSTER_116,A,34.51713472142175
CLUSTER_116,B,72.28155331857467
CLUSTER_116,C,171.99870930489757
CLUSTER_116,D,111.66835199158947
CLUSTER_116,E,214.9392269607295
CLUSTER_116,F,82.68938738245389
CLUSTER_116,G,89.72689982591035
CLUSTER_116,H,159.72716819828116
CLUSTER_116,I,47.52757285011594
CLUSTER_116,J,130.56286916861583
CLUSTER_116,K,126.85972005406802
CLUSTER_116,L,115.37878290746796
CLUSTER_116,M,117.97242220987891
CLUSTER_116,N,145.71146613337888
CLUSTER_116,O,108.23911187704812
CLUSTER_116,P,212.60022155308522
CLUSTER_116,Q,72.5856916990092
CLUSTER_116,R,46.151101820820585
CLUSTER_116,S,77.78980414076051
CLUSTER_116,T,175.31339666512397
CLUSTER_116,U,91.21372480176011
CLUSTER_116,V,16.672551838309413
CLUSTER_116,W,114.7070336598726
CLUSTER_116,X,168.99261312551576
CLUSTER_116,Y,103.02570923917587
CLUSTER_116,Z,81.08548174011428
CLUSTER_116,AA,128.28724774342297
CLUSTER_116,AB,36.02936028256403
CLUSTER_116,AC,97.0158299559788
CLUSTER_116,AD,79.54446871482217
CLUSTER_117,A,194.44221639757194
CLUSTER_117,B,109.57426944434586
CLUSTER_117,C,281.014146735801
CLUSTER_117,D,256.0314212902683
CLUSTER_117,E,254.2353273227262
CLUSTER_117,F,251.58963389528245
CLUSTER_117,G,101.85687730266517
CLUSTER_117,H,309.64946270524734
CLUSTER_117,I,176.1012604392208
CLUSTER_117,J,241.81695905934447
CLUSTER_117,K,287.6524908563263
CLUSTER_117,L,91.64331127250911
CLUSTER_117,M,209.87214855353645
CLUSTER_117,N,34.881852622141736
CLUSTER_117,O,258.0335152549683
CLUSTER_117,P,291.1918337333704
CLUSTER_117,Q,157.0327595163304
CLUSTER_117,R,134.71926182811666
CLUSTER_117,S,239.47631464586541
CLUSTER_117,T,308.14802075976695
CLUSTER_117,U,149.98596371249786
CLUSTER_117,V,157.8777635095379
CLUSTER_117,W,191.9926611568621
CLUSTER_117,X,242.6202905668593
CLUSTER_117,Y,70.28260739756216
CLUSTER_117,Z,205.94470185621742
CLUSTER_117,AA,290.45845084261117
CLUSTER_117,AB,206.80378988698664
CLUSTER_117,AC,269.21178380416876
CLUSTER_117,AD,209.1269242149341
CLUSTER_118,A,139.685794232746
CLUSTER_118,B,61.56238480102578
CLUSTER_118,C,234.6825167677276
CLUSTER_118,D,208.39026210448972
CLUSTER_118,E,223.45585584987373
CLUSTER_118,F,196.778342076671
CLUSTER_118,G,52.48447904345696
CLUSTER_118,H,256.8960583529088
CLUSTER_118,I,126.82231765285951
CLUSTER_118,J,193.69495824184347
CLUSTER_118,K,236.84127396694285
CLUSTER_118,L,64.88539995837623
CLUSTER_118,M,171.78068261387693
CLUSTER_118,N,37.06603433290267
CLUSTER_118,O,204.7338199825599
CLUSTER_118,P,251.84938435707227
CLUSTER_118,Q,106.59567531235548
CLUSTER_118,R,80.10809953758398
CLUSTER_118,S,187.85941332219895
CLUSTER_118,T,258.0492669663169
CLUSTER_118,U,111.99517122548883
CLUSTER_118,V,104.05570897779238
CLUSTER_118,W,147.14069405971966
CLUSTER_118,X,202.28573650181886
CLUSTER_118,Y,15.469326546402524
CLUSTER_118,Z,160.05857365527876
CLUSTER_118,AA,236.1280181804669
CLUSTER_118,AB,153.01634332623067
CLUSTER_118,AC,215.13852291943246
CLUSTER_118,AD,156.92906927031487
CLUSTER_119,A,190.6416012359394
CLUSTER_119,B,258.42260680294925
CLUSTER_119,C,72.98662612214447
CLUSTER_119,D,312.90331731645733
CLUSTER_119,E,43.68709469861645
CLUSTER_119,F,200.7328243810924
CLUSTER_119,G,198.72139190344464
CLUSTER_119,H,153.99437641118888
CLUSTER_119,I,266.46142082931124
CLUSTER_119,J,95.46162209615748
CLUSTER_119,K,302.89326174411696
CLUSTER_119,L,296.81697964979503
CLUSTER_119,M,336.79075507027096
CLUSTER_119,N,284.73313938281564
CLUSTER_119,O,151.81879848277583
CLUSTER_119,P,19.742830240184396
CLUSTER_119,Q,157.92910280150215
CLUSTER_119,R,201.83014323525484
CLUSTER_119,S,270.27614676059113
CLUSTER_119,T,116.3688978337494
CLUSTER_119,U,303.05277901431106
CLUSTER_119,V,227.60676297215238
CLUSTER_119,W,109.00321193096084
CLUSTER_119,X,50.490488650572395
CLUSTER_119,Y,239.34491149484208
CLUSTER_119,Z,297.9429877726896
CLUSTER_119,AA,183.15978193914927
CLUSTER_119,AB,232.22153747871317
CLUSTER_119,AC,245.12343417346523
CLUSTER_119,AD,142.75261052806638
CLUSTER_12,A,59.41667098339822
CLUSTER_12,B,156.75602706094944
CLUSTER_12,C,81.1092456164888
CLUSTER_12,D,172.5498125341834
CLUSTER_12,E,151.75313061499241
CLUSTER_12,F,61.81734999935759
CLUSTER_12,G,130.95907396213298
CLUSTER_12,H,77.15171664206609
CLUSTER_12,I,138.12822304428846
CLUSTER_12,J,45.418317471139076
CLUSTER_12,K,162.7772453670531
CLUSTER_12,L,201.02068274552556
CLUSTER_12,M,204.84665531035455
CLUSTER_12,N,215.19492488150536
CLUSTER_12,O,27.784011225667776
CLUSTER_12,P,129.62973491676743
CLUSTER_12,Q,76.75436711993311
CLUSTER_12,R,103.26205282116088
CLUSTER_12,S,129.83023070295377
CLUSTER_12,T,82.79884079846964
CLUSTER_12,U,184.81210990963373
CLUSTER_12,V,107.7539529842616
CLUSTER_12,W,69.91712385943498
CLUSTER_12,X,97.11640703158797
CLUSTER_12,Y,165.3345840326521
CLUSTER_12,Z,163.5880575430048
CLUSTER_12,AA,67.63618900986562
CLUSTER_12,AB,95.10322611984876
CLUSTER_12,AC,106.2566093088925
CLUSTER_12,AD,23.557700945622617
CLUSTER_120,A,156.18019382249133
CLUSTER_120,B,258.5502760898131
CLUSTER_120,C,84.27569510915677
CLUSTER_120,D,232.10152461319885
CLUSTER_120,E,186.40676677178286
CLUSTER_120,F,118.84623278563646
CLUSTER_120,G,233.91496332630308
CLUSTER_120,H,30.73284798372953
CLUSTER_120,I,227.52434388427437
CLUSTER_120,J,102.2424743239889
CLUSTER_120,K,203.40020241199423
CLUSTER_120,L,302.89984513870513
CLUSTER_120,M,284.7542952679062
CLUSTER_120,N,319.2397331998707
CLUSTER_120,O,82.18914678924355
CLUSTER_120,P,132.539516568773
CLUSTER_120,Q,178.83580340516482
CLUSTER_120,R,207.06915437875446
CLUSTER_120,S,193.8784086762858
CLUSTER_120,T,37.71120266008912
CLUSTER_120,U,278.82158798412456
CLUSTER_120,V,205.92640299723718
CLUSTER_120,W,154.61045021410092
CLUSTER_120,X,138.99519540851108
CLUSTER_120,Y,269.32554579863404
CLUSTER_120,Z,242.7773857920601
CLUSTER_120,AA,72.20460622750835
CLUSTER_120,AB,177.41866169776125
CLUSTER_120,AC,149.0216395014171
CLUSTER_120,AD,126.93302279024707
CLUSTER_121,A,154.95827265603364
CLUSTER_121,B,115.19876694487968
CLUSTER_121,C,293.5663440636912
CLUSTER_121,D,80.17249446087355
CLUSTER_121,E,338.4329717881642
CLUSTER_121,F,174.4353567881882
CLUSTER_121,G,182.5617379744519
CLUSTER_121,H,262.8346413292695
CLUSTER_121,I,77.38229015914727
CLUSTER_121,J,253.78840381499788
CLUSTER_121,K,124.49884061209828
CLUSTER_121,L,117.99156648799318
CLUSTER_121,M,8.604073159729499
CLUSTER_121,N,174.693022840511
CLUSTER_121,O,218.96893517942198
CLUSTER_121,P,337.0808982573489
CLUSTER_121,Q,192.59848404973272
CLUSTER_121,R,152.26284952332352
CLUSTER_121,S,102.71858233547935
CLUSTER_121,T,288.3609276744987
CLUSTER_121,U,61.312563006599476
CLUSTER_121,V,117.78287760845448
CLUSTER_121,W,238.52884036867275
CLUSTER_121,X,293.84777832344423
CLUSTER_121,Y,165.1577133061072
CLUSTER_121,Z,50.5607556885584
CLUSTER_121,AA,221.9735768466258
CLUSTER_121,AB,118.73041830445315
CLUSTER_121,AC,152.01866098166207
CLUSTER_121,AD,202.93535164743355
CLUSTER_122,A,109.99283902725766
CLUSTER_122,B,53.6250451602388
CLUSTER_122,C,247.59513597840623
CLUSTER_122,D,101.39944635301774
CLUSTER_122,E,281.23328541678734
CLUSTER_122,F,146.85861558954204
CLUSTER_122,G,120.16672997801942
CLUSTER_122,H,231.60836918776056
CLUSTER_122,I,35.9452693943103
CLUSTER_122,J,205.6954441800464
CLUSTER_122,K,138.6854264829172
CLUSTER_122,L,69.71530645786393
CLUSTER_122,M,59.13648075025543
CLUSTER_122,N,122.38354125039689
CLUSTER_122,O,182.0534594385027
CLUSTER_122,P,285.9434453069376
CLUSTER_122,Q,134.87393784065554
CLUSTER_122,R,92.38709850556849
CLUSTER_122,S,96.8011112798018
CLUSTER_122,T,250.38033251488187
CLUSTER_122,U,16.90996697085871
CLUSTER_122,V,63.623827597299346
CLUSTER_122,W,182.72288652279175
CLUSTER_122,X,240.1392568801179
CLUSTER_122,Y,104.32331867110489
CLUSTER_122,Z,50.493079436031444
CLUSTER_122,AA,195.53800633276313
CLUSTER_122,AB,86.66129917652805
CLUSTER_122,AC,140.77647026788856
CLUSTER_122,AD,154.9384404004833
CLUSTER_123,A,108.44474366085777
CLUSTER_123,B,65.03696501281848
CLUSTER_123,C,194.38877346382452
CLUSTER_123,D,198.2047688789481
CLUSTER_123,E,187.60752732895062
CLUSTER_123,F,165.863190891822
CLUSTER_123,G,12.183066982673543
CLUSTER_123,H,219.29168210425462
CLUSTER_123,I,117.59958978992687
CLUSTER_123,J,153.5480127270203
CLUSTER_123,K,220.24006914975118
CLUSTER_123,L,90.67699096741215
CLUSTER_123,M,175.74564553824916
CLUSTER_123,N,77.35383948219365
CLUSTER_123,O,167.90507457079931
CLUSTER_123,P,212.5204460238597
CLUSTER_123,Q,66.99795243772358
CLUSTER_123,R,49.68302807611682
CLUSTER_123,S,170.67440515877084
CLUSTER_123,T,218.53784708465193
CLUSTER_123,U,120.52531169212999
CLUSTER_123,V,84.18299062241164
CLUSTER_123,W,106.97955765140017
CLUSTER_123,X,162.88907459696082
CLUSTER_123,Y,29.17969911373619
CLUSTER_123,Z,154.56959198039047
CLUSTER_123,AA,201.54519584937694
CLUSTER_123,AB,130.61004497631853
CLUSTER_123,AC,190.1362517029019
CLUSTER_123,AD,118.744015515484
CLUSTER_124,A,145.1758665113972
CLUSTER_124,B,182.78234146251668
CLUSTER_124,C,255.77329344062244
CLUSTER_124,D,38.26212530716957
CLUSTER_124,E,331.48206416852
CLUSTER_124,F,121.50765111991323
CLUSTER_124,G,226.4787372945351
CLUSTER_124,H,197.1522801716337
CLUSTER_124,I,116.31770687927059
CLUSTER_124,J,226.57528897960145
CLUSTER_124,K,20.27154158295526
CLUSTER_124,L,208.76072203028968
CLUSTER_124,M,108.76216570434205
CLUSTER_124,N,259.2001743288155
CLUSTER_124,O,172.13247210427843
CLUSTER_124,P,309.2045046338572
CLUSTER_124,Q,205.93196050069952
CLUSTER_124,R,183.68166679181712
CLUSTER_124,S,60.5261015521597
CLUSTER_124,T,232.92101713418165
CLUSTER_124,U,151.27321174676018
CLUSTER_124,V,145.4246177839544
CLUSTER_124,W,236.73562193225328
CLUSTER_124,X,277.9658204018014
CLUSTER_124,Y,229.72513416378052
CLUSTER_124,Z,88.73284239158914
CLUSTER_124,AA,154.02646523473766
CLUSTER_124,AB,104.88971778838055
CLUSTER_124,AC,78.40590302871232
CLUSTER_124,AD,185.11031300302957
CLUSTER_125,A,12.741992278690946
CLUSTER_125,B,112.98764476496618
CLUSTER_125,C,138.11929501538117
CLUSTER_125,D,120.58609376340532
CLUSTER_125,E,197.11880473756693
CLUSTER_125,F,44.98709309071278
CLUSTER_125,G,112.96223782023702
CLUSTER_125,H,118.03781851753618
CLUSTER_125,I,81.87694240957566
CLUSTER_125,J,99.73286896477792
CLUSTER_125,K,120.56288059142288
CLUSTER_125,L,156.72078046973792
CLUSTER_125,M,147.74396223545767
CLUSTER_125,N,182.7605501940371
CLUSTER_125,O,67.21878464713915
CLUSTER_125,P,184.32662235073622
CLUSTER_125,Q,74.01506554076526
CLUSTER_125,R,72.34448321940359
CLUSTER_125,S,78.85617516989315
CLUSTER_125,T,135.66559125779452
CLUSTER_125,U,131.06835242848942
CLUSTER_125,V,58.182306890121595
CLUSTER_125,W,100.2967772185477
CLUSTER_125,X,145.8838529563012
CLUSTER_125,Y,136.40470382075836
CLUSTER_125,Z,106.60873970463581
CLUSTER_125,AA,87.19289250573247
CLUSTER_125,AB,38.773966556124904
CLUSTER_125,AC,74.06712289347844
CLUSTER_125,AD,51.0656780229558
CLUSTER_126,A,54.181414978263135
CLUSTER_126,B,84.50861675732699
CLUSTER_126,C,192.2044460485941
CLUSTER_126,D,80.29384192777182
CLUSTER_126,E,243.61042425609017
CLUSTER_126,F,81.1778004809947
CLUSTER_126,G,118.41681700135605
CLUSTER_126,H,167.02442389596817
CLUSTER_126,I,29.98408948379355
CLUSTER_126,J,152.82211941641035
CLUSTER_126,K,98.63583215965353
CLUSTER_126,L,122.29594008154211
CLUSTER_126,M,93.62882926234043
CLUSTER_126,N,162.20837840668264
CLUSTER_126,O,119.41733233611706
CLUSTER_126,P,236.79100897664895
CLUSTER_126,Q,103.66600631719986
CLUSTER_126,R,75.7708511480468
CLUSTER_126,S,49.06019152198609
CLUSTER_126,T,188.73059201983747
CLUSTER_126,U,82.59823266218679
CLUSTER_126,V,37.5221670238174
CLUSTER_126,W,143.65453532671725
CLUSTER_126,X,195.53199149307417
CLUSTER_126,Y,125.17127217986688
CLUSTER_126,Z,53.30170321557107
CLUSTER_126,AA,129.92426728506172
CLUSTER_126,AB,20.95704037239345
CLUSTER_126,AC,79.99012498933911
CLUSTER_126,AD,102.37078677814597
CLUSTER_127,A,123.27306356228661
CLUSTER_127,B,38.13559168279432
CLUSTER_127,C,229.56631331367308
CLUSTER_127,D,185.09121991844194
CLUSTER_127,E,228.82249807268028
CLUSTER_127,F,179.35762124100373
CLUSTER_127,G,51.85388051117516
CLUSTER_127,H,244.64149536216658
CLUSTER_127,I,103.66636605070913
CLUSTER_127,J,187.43720649194066
CLUSTER_127,K,214.2347105514499
CLUSTER_127,L,49.839340684208025
CLUSTER_127,M,149.0856303507859
CLUSTER_127,N,47.85957703122314
CLUSTER_127,O,191.91967916218502
CLUSTER_127,P,251.78604625193427
CLUSTER_127,Q,99.85341489743614
CLUSTER_127,R,65.76374702320615
CLUSTER_127,S,165.53590918845154
CLUSTER_127,T,249.1169121281277
CLUSTER_127,U,89.80311611503907
CLUSTER_127,V,83.49341103890463
CLUSTER_127,W,144.79316249745526
CLUSTER_127,X,202.21467764523905
CLUSTER_127,Y,15.22766167476218
CLUSTER_127,Z,136.6316728949928
CLUSTER_127,AA,220.91898774854815
CLUSTER_127,AB,132.3413798600231
CLUSTER_127,AC,194.82587238408445
CLUSTER_127,AD,146.42677013033673
CLUSTER_128,A,115.82029699312307
CLUSTER_128,B,80.67616892962471
CLUSTER_128,C,189.682533448293
CLUSTER_128,D,211.8982250998113
CLUSTER_128,E,175.7522884432891
CLUSTER_128,F,172.63422012772176
CLUSTER_128,G,16.099242499043726
CLUSTER_128,H,220.3771624129977
CLUSTER_128,I,131.9715358399393
CLUSTER_128,J,150.17440370827552
CLUSTER_128,K,232.34649166236647
CLUSTER_128,L,104.58110713538396
CLUSTER_128,M,191.22806774992617
CLUSTER_128,N,84.47034424366612
CLUSTER_128,O,170.16133524674066
CLUSTER_128,P,204.0161612744722
CLUSTER_128,Q,66.81044275410021
CLUSTER_128,R,59.77273009251339
CLUSTER_128,S,182.90310633753018
CLUSTER_128,T,216.7516093464394
CLUSTER_128,U,136.17257266789005
CLUSTER_128,V,96.82619673876009
CLUSTER_128,W,100.95436727910611
CLUSTER_128,X,154.55598757553784
CLUSTER_128,Y,40.87816677793924
CLUSTER_128,Z,169.23285253647057
CLUSTER_128,AA,205.56945913158302
CLUSTER_128,AB,141.62253403123762
CLUSTER_128,AC,199.59148933521354
CLUSTER_128,AD,119.92944983199601
CLUSTER_129,A,100.43185113667097
CLUSTER_129,B,89.20568546293735
CLUSTER_129,C,166.5543715456705
CLUSTER_129,D,206.8863096066088
CLUSTER_129,E,157.41272626708732
CLUSTER_129,F,155.70235560194976
CLUSTER_129,G,19.79982434836687
CLUSTER_129,H,198.52554946969528
CLUSTER_129,I,130.1334208080658
CLUSTER_129,J,127.04419036656401
CLUSTER_129,K,223.2621940296219
CLUSTER_129,L,120.12673340900065
CLUSTER_129,M,194.3507068155599
CLUSTER_129,N,106.57972226988888
CLUSTER_129,O,149.15867498570407
CLUSTER_129,P,182.23604357419316
CLUSTER_129,Q,45.41847964546755
CLUSTER_129,R,51.596412129637365
CLUSTER_129,S,174.49150129983448
CLUSTER_129,T,193.83076699066694
CLUSTER_129,U,143.20248773926346
CLUSTER_129,V,91.15022796254401
CLUSTER_129,W,77.9712788618051
CLUSTER_129,X,132.636583017905
CLUSTER_129,Y,59.75308505817319
CLUSTER_129,Z,167.92528847622864
CLUSTER_129,AA,185.7282879645823
CLUSTER_129,AB,131.33745023867607
CLUSTER_129,AC,185.99607605833765
CLUSTER_129,AD,98.5540853609063
CLUSTER_13,A,128.4525473609897
CLUSTER_13,B,34.11245495813874
CLUSTER_13,C,239.5706205671872
CLUSTER_13,D,181.08728101388272
CLUSTER_13,E,240.97195749544193
CLUSTER_13,F,183.41361701731563
CLUSTER_13,G,63.84795607513091
CLUSTER_13,H,251.70483009536287
CLUSTER_13,I,100.65665608226563
CLUSTER_13,J,197.17655789166864
CLUSTER_13,K,212.20345039509337
CLUSTER_13,L,37.49914497638414
CLUSTER_13,M,141.01501399369613
CLUSTER_13,N,44.705274782401546
CLUSTER_13,O,198.85604221798573
CLUSTER_13,P,263.07878579903473
CLUSTER_13,Q,109.92186345393662
CLUSTER_13,R,73.20772633939076
CLUSTER_13,S,164.217096908376
CLUSTER_13,T,257.69964032555396
CLUSTER_13,U,81.0248970816096
CLUSTER_13,V,85.49859707560279
CLUSTER_13,W,155.79373440691137
CLUSTER_13,X,213.57254859973006
CLUSTER_13,Y,27.07988789707882
CLUSTER_13,Z,131.61316630313863
CLUSTER_13,AA,226.3606850562885
CLUSTER_13,AB,133.6124451102298
CLUSTER_13,AC,196.172275840032
CLUSTER_13,AD,154.70914428744788
CLUSTER_130,A,83.72318964746732
CLUSTER_130,B,181.5895222235213
CLUSTER_130,C,134.08576996470615
CLUSTER_130,D,130.41805353075765
CLUSTER_130,E,222.31298515160225
CLUSTER_130,F,26.783390708679132
CLUSTER_130,G,182.73326333856608
CLUSTER_130,H,73.04472727479
CLUSTER_130,I,135.28745029958668
CLUSTER_130,J,113.3242585056121
CLUSTER_130,K,105.02366787150756
CLUSTER_130,L,223.9210393471701
CLUSTER_130,M,185.16604856615044
CLUSTER_130,N,253.8429504357366
CLUSTER_130,O,53.270918230532075
CLUSTER_130,P,189.49999041902626
CLUSTER_130,Q,136.45408510650822
CLUSTER_130,R,143.60553756254774
CLUSTER_130,S,92.52921284887024
CLUSTER_130,T,107.692177379214
CLUSTER_130,U,188.12806473697364
CLUSTER_130,V,125.93571743579211
CLUSTER_130,W,143.09598314993988
CLUSTER_130,X,166.9335516162331
CLUSTER_130,Y,207.8376049496495
CLUSTER_130,Z,143.8799476017671
CLUSTER_130,AA,29.67481484287398
CLUSTER_130,AB,84.75232225946206
CLUSTER_130,AC,47.82979702379556
CLUSTER_130,AD,90.31918175711594
CLUSTER_131,A,64.58999872805354
CLUSTER_131,B,84.880713269631
CLUSTER_131,C,202.4146217035063
CLUSTER_131,D,72.40257339683534
CLUSTER_131,E,253.80436564497367
CLUSTER_131,F,88.60407272267679
CLUSTER_131,G,124.62886250969798
CLUSTER_131,H,175.49164711155842
CLUSTER_131,I,23.621195875809427
CLUSTER_131,J,163.1838965303997
CLUSTER_131,K,94.61321200610205
CLUSTER_131,L,120.09243154841423
CLUSTER_131,M,83.40400324165894
CLUSTER_131,N,162.8853265578743
CLUSTER_131,O,128.7607993808664
CLUSTER_131,P,247.1953238930508
CLUSTER_131,Q,112.99857712287962
CLUSTER_131,R,82.89272488040825
CLUSTER_131,S,45.66326867089123
CLUSTER_131,T,198.1664381519514
CLUSTER_131,U,76.28085766015246
CLUSTER_131,V,43.568809109795616
CLUSTER_131,W,153.76628510781757
CLUSTER_131,X,205.91098956961127
CLUSTER_131,Y,128.3541424175117
CLUSTER_131,Z,42.887826915532415
CLUSTER_131,AA,137.43369211714486
CLUSTER_131,AB,28.80127988427925
CLUSTER_131,AC,82.58726233705303
CLUSTER_131,AD,112.77695903769515
CLUSTER_132,A,83.1653438926926
CLUSTER_132,B,65.58327263535746
CLUSTER_132,C,172.93958476375497
CLUSTER_132,D,181.61589660843964
CLUSTER_132,E,177.47654866256758
CLUSTER_132,F,140.3741357011115
CLUSTER_132,G,17.16566632949441
CLUSTER_132,H,193.77140431922615
CLUSTER_132,I,103.90840930778009
CLUSTER_132,J,131.10529144976414
CLUSTER_132,K,200.03149700590296
CLUSTER_132,L,101.3720479579824
CLUSTER_132,M,168.06653869135275
CLUSTER_132,N,99.88671652776958
CLUSTER_132,O,142.1035299237552
CLUSTER_132,P,195.78902348203852
CLUSTER_132,Q,43.44989131476244
CLUSTER_132,R,27.051655886284063
CLUSTER_132,S,150.7826077272326
CLUSTER_132,T,194.49151743834244
CLUSTER_132,U,118.03180286826056
CLUSTER_132,V,65.77804748621887
CLUSTER_132,W,88.32626529127756
CLUSTER_132,X,146.41113734642428
CLUSTER_132,Y,49.73259696049556
CLUSTER_132,Z,141.68123705217786
CLUSTER_132,AA,175.52209952376336
CLUSTER_132,AB,108.79864833583348
CLUSTER_132,AC,166.4474295791718
CLUSTER_132,AD,93.44041364102924
CLUSTER_133,A,159.4822289270691
CLUSTER_133,B,258.5580838838017
CLUSTER_133,C,57.622682006346295
CLUSTER_133,D,250.18535530696684
CLUSTER_133,E,157.14429809386948
CLUSTER_133,F,132.64769038092462
CLUSTER_133,G,225.4623369923057
CLUSTER_133,H,48.852860567684864
CLUSTER_133,I,235.48602238049676
CLUSTER_133,J,86.08515105737672
CLUSTER_133,K,225.40714335448612
CLUSTER_133,L,302.7554663604887
CLUSTER_133,M,297.1941438300243
CLUSTER_133,N,313.3670375726482
CLUSTER_133,O,87.13600657866394
CLUSTER_133,P,101.21416853515221
CLUSTER_133,Q,170.46768318261942
CLUSTER_133,R,203.92228488531086
CLUSTER_133,S,209.89171769434796
CLUSTER_133,T,19.18604829920876
CLUSTER_133,U,284.82703470351254
CLUSTER_133,V,208.96123517884666
CLUSTER_133,W,138.76315778378438
CLUSTER_133,X,113.27826504196156
CLUSTER_133,Y,263.1881621919259
CLUSTER_133,Z,255.01944494306457
CLUSTER_133,AA,91.652067754383
CLUSTER_133,AB,187.27986986086654
CLUSTER_133,AC,168.6257923047771
CLUSTER_133,AD,122.25792291744268
CLUSTER_134,A,150.87935578701783
CLUSTER_134,B,217.40832389325334
CLUSTER_134,C,56.60946605488523
CLUSTER_134,D,274.92703185937637
CLUSTER_134,E,49.17343642511295
CLUSTER_134,F,166.4999680579119
CLUSTER_134,G,159.3764099527728
CLUSTER_134,H,134.77126618829547
CLUSTER_134,I,225.65846323275125
CLUSTER_134,J,60.721639709607004
CLUSTER_134,K,267.7859695938603
CLUSTER_134,L,256.36672432947086
CLUSTER_134,M,296.13147644899294
CLUSTER_134,N,246.85966679269887
CLUSTER_134,O,120.50701623302918
CLUSTER_134,P,41.64663659414459
CLUSTER_134,Q,116.74374149500477
CLUSTER_134,R,160.6118114051902
CLUSTER_134,S,232.5528168383776
CLUSTER_134,T,103.09629893534672
CLUSTER_134,U,261.7493766979391
CLUSTER_134,V,186.47300264156794
CLUSTER_134,W,67.84239088376985
CLUSTER_134,X,9.219079142777593
CLUSTER_134,Y,200.235225464798
CLUSTER_134,Z,257.7684202997634
CLUSTER_134,AA,156.236172471842
CLUSTER_134,AB,193.07491349008868
CLUSTER_134,AC,211.07837646942005
CLUSTER_134,AD,103.62082700295458
CLUSTER_135,A,140.82632034638462
CLUSTER_135,B,117.76541538100156
CLUSTER_135,C,277.92649609948654
CLUSTER_135,D,57.16227731347026
CLUSTER_135,E,328.4529963148612
CLUSTER_135,F,154.804782406592
CLUSTER_135,G,180.88800763236688
CLUSTER_135,H,243.09953200643835
CLUSTER_135,I,67.59159908592206
CLUSTER_135,J,239.3080130999474
CLUSTER_135,K,101.45263522841705
CLUSTER_135,L,128.66742735127264
CLUSTER_135,M,15.401739247021782
CLUSTER_135,N,184.31994635826297
CLUSTER_135,O,201.02839534068707
CLUSTER_135,P,323.4281408714219
CLUSTER_135,Q,184.22964562886153
CLUSTER_135,R,146.52475789193426
CLUSTER_135,S,80.9204757915622
CLUSTER_135,T,270.1424174116616
CLUSTER_135,U,69.13690775418014
CLUSTER_135,V,109.2497101378576
CLUSTER_135,W,228.22267870077087
CLUSTER_135,X,281.8035256947608
CLUSTER_135,Y,168.55113620713598
CLUSTER_135,Z,33.37958049536227
CLUSTER_135,AA,201.55449380364348
CLUSTER_135,AB,101.8193036171632
CLUSTER_135,AC,129.95959768933238
CLUSTER_135,AD,189.0125685446753
CLUSTER_136,A,132.03546963425876
CLUSTER_136,B,28.925161354731237
CLUSTER_136,C,254.013197527344
CLUSTER_136,D,163.6940018673777
CLUSTER_136,E,263.5600608162125
CLUSTER_136,F,183.15696058560786
CLUSTER_136,G,86.98090640345445
CLUSTER_136,H,257.96520946744687
CLUSTER_136,I,87.19024122155191
CLUSTER_136,J,211.13974341605729
CLUSTER_136,K,198.35564004538202
CLUSTER_136,L,15.700867439213189
CLUSTER_136,M,116.84747026012666
CLUSTER_136,N,59.40411936189938
CLUSTER_136,O,205.30280819176673
CLUSTER_136,P,281.7101181094039
CLUSTER_136,Q,126.09784013589426
CLUSTER_136,R,84.61563243836333
CLUSTER_136,S,152.47570277705685
CLUSTER_136,T,267.93677378993954
CLUSTER_136,U,56.560332521424336
CLUSTER_136,V,84.01270151095878
CLUSTER_136,W,174.02825690399743
CLUSTER_136,X,232.65233277983103
CLUSTER_136,Y,54.09163320938661
CLUSTER_136,Z,113.01686252008692
CLUSTER_136,AA,228.82594608455193
CLUSTER_136,AB,128.1832647068513
CLUSTER_136,AC,189.62288595399292
CLUSTER_136,AD,165.22784134972125
CLUSTER_137,A,169.22887896995704
CLUSTER_137,B,83.16486029456341
CLUSTER_137,C,262.6013164174464
CLUSTER_137,D,230.02496606945832
CLUSTER_137,E,244.43850258838754
CLUSTER_137,F,226.08922969095576
CLUSTER_137,G,80.83891972733396
CLUSTER_137,H,286.7608723975605
CLUSTER_137,I,149.72175701803002
CLUSTER_137,J,222.21366959255758
CLUSTER_137,K,261.1632134580063
CLUSTER_137,L,69.6665585039653
CLUSTER_137,M,186.17691374458536
CLUSTER_137,N,16.39591081032852
CLUSTER_137,O,234.65112608588458
CLUSTER_137,P,276.897314396625
CLUSTER_137,Q,135.73213787571714
CLUSTER_137,R,109.88196960481429
CLUSTER_137,S,212.9054849177452
CLUSTER_137,T,287.2930883658515
CLUSTER_137,U,125.9312522707092
CLUSTER_137,V,131.46774016636166
CLUSTER_137,W,174.2352581717642
CLUSTER_137,X,227.62776521068628
CLUSTER_137,Y,45.16605949849312
CLUSTER_137,Z,180.21785637392443
CLUSTER_137,AA,265.9644672152962
CLUSTER_137,AB,180.34771337589027
CLUSTER_137,AC,242.8111988511014
CLUSTER_137,AD,186.65628053803974
CLUSTER_138,A,70.70131617535752
CLUSTER_138,B,49.801759358482194
CLUSTER_138,C,178.892958895886
CLUSTER_138,D,159.83518335358602
CLUSTER_138,E,194.13618560889395
CLUSTER_138,F,128.0062541838001
CLUSTER_138,G,36.85709898130172
CLUSTER_138,H,190.0427303702277
CLUSTER_138,I,81.6127332237457
CLUSTER_138,J,136.11382352729913
CLUSTER_138,K,179.84481549570413
CLUSTER_138,L,90.83310369155595
CLUSTER_138,M,146.32213865967933
CLUSTER_138,N,101.91287665963192
CLUSTER_138,O,137.34073517408055
CLUSTER_138,P,207.17558785374567
CLUSTER_138,Q,51.137738632143254
CLUSTER_138,R,11.225136336119554
CLUSTER_138,S,130.35073702813438
CLUSTER_138,T,195.37594733953387
CLUSTER_138,U,98.40925773760141
CLUSTER_138,V,44.27960212741182
CLUSTER_138,W,99.79120960411265
CLUSTER_138,X,158.6292494371217
CLUSTER_138,Y,53.628544525309444
CLUSTER_138,Z,119.38231776383303
CLUSTER_138,AA,167.2625453547244
CLUSTER_138,AB,89.82731162696264
CLUSTER_138,AC,149.73490070556417
CLUSTER_138,AD,92.35778921129605
CLUSTER_139,A,161.68232204500453
CLUSTER_139,B,221.64222573621353
CLUSTER_139,C,72.9881309708821
CLUSTER_139,D,286.99445098654996
CLUSTER_139,E,33.03007274106335
CLUSTER_139,F,180.93055077601358
CLUSTER_139,G,160.2664798709915
CLUSTER_139,H,151.57939730531396
CLUSTER_139,I,234.41868136688882
CLUSTER_139,J,75.9755828562392
CLUSTER_139,K,281.5461742726735
CLUSTER_139,L,259.0397892020735
CLUSTER_139,M,305.05751953714594
CLUSTER_139,N,245.82296274178844
CLUSTER_139,O,136.1000665793842
CLUSTER_139,P,46.9403944340512
CLUSTER_139,Q,122.12242969381782
CLUSTER_139,R,165.95299741175162
CLUSTER_139,S,244.9052019662921
CLUSTER_139,T,119.60224782811409
CLUSTER_139,U,268.09661825542673
CLUSTER_139,V,194.34171607414956
CLUSTER_139,W,73.68210684142396
CLUSTER_139,X,22.36269173129218
CLUSTER_139,Y,200.7341811915379
CLUSTER_139,Z,267.61153170752743
CLUSTER_139,AA,172.50754319328888
CLUSTER_139,AB,204.35967819051064
CLUSTER_139,AC,225.42447294286674
CLUSTER_139,AD,115.52849920995247
CLUSTER_14,A,97.01418494314017
CLUSTER_14,B,63.24562343128364
CLUSTER_14,C,185.14708611445008
CLUSTER_14,D,190.01940017575555
CLUSTER_14,E,183.4068727114952
CLUSTER_14,F,154.38948387453047
CLUSTER_14,G,7.521026233416623
CLUSTER_14,H,208.10156071586553
CLUSTER_14,I,110.35954554983262
CLUSTER_14,J,143.8163033016223
CLUSTER_14,K,210.6561778276433
CLUSTER_14,L,94.01176554475104
CLUSTER_14,M,171.19023986797157
CLUSTER_14,N,86.73796029702123
CLUSTER_14,O,156.54854237512126
CLUSTER_14,P,205.42514749821345
CLUSTER_14,Q,56.589502161383564
CLUSTER_14,R,38.79563839791227
CLUSTER_14,S,161.16377635523816
CLUSTER_14,T,208.0952979851503
CLUSTER_14,U,117.98712028569979
CLUSTER_14,V,74.95702245071357
CLUSTER_14,W,98.80358782460512
CLUSTER_14,X,155.82821613365778
CLUSTER_14,Y,37.018736355679344
CLUSTER_14,Z,147.78889832009807
CLUSTER_14,AA,190.0007647574403
CLUSTER_14,AB,120.33276814750829
CLUSTER_14,AC,179.24650201451922
CLUSTER_14,AD,107.64996729348745
CLUSTER_140,A,53.70934457499483
CLUSTER_140,B,156.02921674907824
CLUSTER_140,C,115.78854734212644
CLUSTER_140,D,136.29520542059478
CLUSTER_140,E,194.51518761095178
CLUSTER_140,F,19.30924780520817
CLUSTER_140,G,149.6842774474612
CLUSTER_140,H,77.19140840706986
CLUSTER_140,I,119.61062297042947
CLUSTER_140,J,86.75646968918548
CLUSTER_140,K,121.47323979060123
CLUSTER_140,L,199.71876426773505
CLUSTER_140,M,179.1091733716099
CLUSTER_140,N,224.7302405699813
CLUSTER_140,O,33.01513678656524
CLUSTER_140,P,168.5748714132682
CLUSTER_140,Q,101.86151424180704
CLUSTER_140,R,112.50513603896356
CLUSTER_140,S,94.17916544906497
CLUSTER_140,T,101.30669296500817
CLUSTER_140,U,171.1382285577221
CLUSTER_140,V,101.06104709610067
CLUSTER_140,W,109.71715189054142
CLUSTER_140,X,139.61761224881087
CLUSTER_140,Y,177.2159519812464
CLUSTER_140,Z,136.93231950252778
CLUSTER_140,AA,44.23847090565189
CLUSTER_140,AB,69.76253465740514
CLUSTER_140,AC,63.8742116606174
CLUSTER_140,AD,56.07312908890119
CLUSTER_141,A,73.0178889127448
CLUSTER_141,B,148.86772428344818
CLUSTER_141,C,78.43000753380849
CLUSTER_141,D,198.3361708716068
CLUSTER_141,E,119.40990378645895
CLUSTER_141,F,98.7630239306251
CLUSTER_141,G,106.08891868468352
CLUSTER_141,H,109.2060806676856
CLUSTER_141,I,148.33402248403863
CLUSTER_141,J,35.91044933620676
CLUSTER_141,K,195.35064849553322
CLUSTER_141,L,191.28151197803172
CLUSTER_141,M,218.5454237131772
CLUSTER_141,N,194.8916720031295
CLUSTER_141,O,67.13442688791689
CLUSTER_141,P,112.00928588810402
CLUSTER_141,Q,51.819510730891345
CLUSTER_141,R,91.20182650249846
CLUSTER_141,S,156.48938317145675
CLUSTER_141,T,101.06823939626949
CLUSTER_141,U,187.55946909214234
CLUSTER_141,V,110.48517685643458
CLUSTER_141,W,29.253742182702545
CLUSTER_141,X,68.91029522171803
CLUSTER_141,Y,144.89346853847678
CLUSTER_141,Z,179.82967638388095
CLUSTER_141,AA,107.70895306531307
CLUSTER_141,AB,115.56885712782191
CLUSTER_141,AC,141.73487385264943
CLUSTER_141,AD,27.52879910604726
CLUSTER_142,A,105.52709450548828
CLUSTER_142,B,70.43102644187336
CLUSTER_142,C,244.57079119691076
CLUSTER_142,D,81.1614152213481
CLUSTER_142,E,285.5395246353068
CLUSTER_142,F,135.3554374815555
CLUSTER_142,G,132.40827527709715
CLUSTER_142,H,222.14010073645832
CLUSTER_142,I,26.48727192378866
CLUSTER_142,J,203.67847669257026
CLUSTER_142,K,118.81547527604663
CLUSTER_142,L,89.96074110998734
CLUSTER_142,M,47.41198216943178
CLUSTER_142,N,142.16687215887626
CLUSTER_142,O,174.47303953029925
CLUSTER_142,P,285.9163713806447
CLUSTER_142,Q,139.59061308312226
CLUSTER_142,R,99.57951794767052
CLUSTER_142,S,78.62774238990072
CLUSTER_142,T,243.63799792033467
CLUSTER_142,U,33.968128809714344
CLUSTER_142,V,64.91920876914328
CLUSTER_142,W,185.79268419237698
CLUSTER_142,X,241.72135527638247
CLUSTER_142,Y,121.07922739669716
CLUSTER_142,Z,30.26344912394809
CLUSTER_142,AA,184.17393574547393
CLUSTER_142,AB,75.49480123313568
CLUSTER_142,AC,124.59456951938327
CLUSTER_142,AD,152.6203481630675
CLUSTER_143,A,84.75874582156862
CLUSTER_143,B,167.512314263158
CLUSTER_143,C,169.84702097849956
CLUSTER_143,D,92.24594310733632
CLUSTER_143,E,251.81514516951185
CLUSTER_143,F,38.30157355749733
CLUSTER_143,G,183.7051919218025
CLUSTER_143,H,111.88684753518056
CLUSTER_143,I,111.45118068708504
CLUSTER_143,J,143.91511439447868
CLUSTER_143,K,66.71641498696195
CLUSTER_143,L,206.69101776782446
CLUSTER_143,M,151.58242926893885
CLUSTER_143,N,243.8299465763598
CLUSTER_143,O,86.4978179054291
CLUSTER_143,P,224.23781762598352
CLUSTER_143,Q,145.9314186682321
CLUSTER_143,R,141.0676496796744
CLUSTER_143,S,57.46214720451077
CLUSTER_143,T,146.35956725352872
CLUSTER_143,U,163.37695617538378
CLUSTER_143,V,113.88335724190624
CLUSTER_143,W,164.07763579639968
CLUSTER_143,X,196.93203239241404
CLUSTER_143,Y,201.8527072152587
CLUSTER_143,Z,111.96827708440186
CLUSTER_143,AA,68.45378727340297
CLUSTER_143,AB,65.80886143680759
CLUSTER_143,AC,8.987451265333664
CLUSTER_143,AD,109.90378153541737
CLUSTER_144,A,56.93181735044154
CLUSTER_144,B,46.20211847695746
CLUSTER_144,C,185.5289699174852
CLUSTER_144,D,128.70559533939442
CLUSTER_144,E,215.1368184019851
CLUSTER_144,F,110.055825195685
CLUSTER_144,G,67.88644478234758
CLUSTER_144,H,182.93223098749453
CLUSTER_144,I,51.27455456952297
CLUSTER_144,J,142.82781905658993
CLUSTER_144,K,149.99651757640493
CLUSTER_144,L,90.4008729847434
CLUSTER_144,M,118.89016492642668
CLUSTER_144,N,117.62479297016742
CLUSTER_144,O,130.39613499781217
CLUSTER_144,P,220.69561647013816
CLUSTER_144,Q,68.74521486312088
CLUSTER_144,R,28.489135917627152
CLUSTER_144,S,100.41520308158309
CLUSTER_144,T,194.63133622941024
CLUSTER_144,U,78.46093678019731
CLUSTER_144,V,13.973117744830274
CLUSTER_144,W,116.47853654347395
CLUSTER_144,X,174.17385213917493
CLUSTER_144,Y,75.46146587960355
CLUSTER_144,Z,89.02367392527742
CLUSTER_144,AA,154.21042560579568
CLUSTER_144,AB,62.59680039835783
CLUSTER_144,AC,124.67136187394607
CLUSTER_144,AD,93.60767690310976
CLUSTER_145,A,42.91204423549879
CLUSTER_145,B,81.45668739503768
CLUSTER_145,C,145.41022769365028
CLUSTER_145,D,156.58012020301575
CLUSTER_145,E,172.9413591394526
CLUSTER_145,F,99.36128047198714
CLUSTER_145,G,58.0456771096743
CLUSTER_145,H,154.96422610868223
CLUSTER_145,I,89.22485661178625
CLUSTER_145,J,102.47218865353666
CLUSTER_145,K,167.92869667112362
CLUSTER_145,L,124.68276129481788
CLUSTER_145,M,159.41260310198695
CLUSTER_145,N,136.72108120102075
CLUSTER_145,O,102.48862420570252
CLUSTER_145,P,178.006044578418
CLUSTER_145,Q,27.569392211180556
CLUSTER_145,R,24.75549111193911
CLUSTER_145,S,120.40152622956371
CLUSTER_145,T,159.9886175387394
CLUSTER_145,U,121.39102049967906
CLUSTER_145,V,47.81459910375567
CLUSTER_145,W,73.6082091767607
CLUSTER_145,X,131.1854731945571
CLUSTER_145,Y,87.30473716519195
CLUSTER_145,Z,125.25983295360771
CLUSTER_145,AA,134.4084565798197
CLUSTER_145,AB,76.09845080429695
CLUSTER_145,AC,128.37705453533877
CLUSTER_145,AD,56.92331255667892
CLUSTER_146,A,132.62852221423825
CLUSTER_146,B,188.07761658390598
CLUSTER_146,C,230.89327227487806
CLUSTER_146,D,58.7423336717974
CLUSTER_146,E,311.8056203286141
CLUSTER_146,F,98.6355333806683
CLUSTER_146,G,222.7486456697396
CLUSTER_146,H,168.20848879594357
CLUSTER_146,I,122.31931782026584
CLUSTER_146,J,204.68223296626147
CLUSTER_146,K,14.507177373560452
CLUSTER_146,L,219.22125915955453
CLUSTER_146,M,131.11651976222797
CLUSTER_146,N,265.9306568284949
CLUSTER_146,O,147.67714733322927
CLUSTER_146,P,285.42310066039283
CLUSTER_146,Q,195.0669442070307
CLUSTER_146,R,179.11813146480424
CLUSTER_146,S,57.95496466248006
CLUSTER_146,T,205.12307991370565
CLUSTER_146,U,164.9961480854482
CLUSTER_146,V,143.5427423640166
CLUSTER_146,W,220.5875999462815
CLUSTER_146,X,257.301197265557
CLUSTER_146,Y,231.57156169707318
CLUSTER_146,Z,102.90828413950882
CLUSTER_146,AA,125.63242955976048
CLUSTER_146,AB,97.3460116905319
CLUSTER_146,AC,54.05244294923163
CLUSTER_146,AD,167.23672293169872
CLUSTER_147,A,71.53218805595294
CLUSTER_147,B,172.50862770428736
CLUSTER_147,C,78.53691514419219
CLUSTER_147,D,173.16584723384997
CLUSTER_147,E,160.94348928330572
CLUSTER_147,F,56.245504153623976
CLUSTER_147,G,150.17449771545344
CLUSTER_147,H,58.29750847222628
CLUSTER_147,I,147.87443215702876
CLUSTER_147,J,51.96625262896079
CLUSTER_147,K,158.40836409432913
CLUSTER_147,L,216.87485427563456
CLUSTER_147,M,211.8626628961296
CLUSTER_147,N,233.42798073771004
CLUSTER_147,O,9.142238298108296
CLUSTER_147,P,131.51920709340868
CLUSTER_147,Q,96.25671106768398
CLUSTER_147,R,120.81045777087806
CLUSTER_147,S,130.74803879673215
CLUSTER_147,T,69.61568374581024
CLUSTER_147,U,196.77319416141938
CLUSTER_147,V,121.229127940238
CLUSTER_147,W,87.06047259451155
CLUSTER_147,X,105.57702214032521
CLUSTER_147,Y,183.79381286456928
CLUSTER_147,Z,169.9409701845463
CLUSTER_147,AA,49.76202955280917
CLUSTER_147,AB,101.24997575449089
CLUSTER_147,AC,100.26995173050014
CLUSTER_147,AD,43.04387682864548
CLUSTER_148,A,103.47739501671032
CLUSTER_148,B,178.23503834293984
CLUSTER_148,C,53.65346318885524
CLUSTER_148,D,227.15044751543678
CLUSTER_148,E,92.91528882644633
CLUSTER_148,F,120.71302577262105
CLUSTER_148,G,129.0397825521039
CLUSTER_148,H,107.28486504916155
CLUSTER_148,I,179.66379840424437
CLUSTER_148,J,21.547812521565046
CLUSTER_148,K,220.93841812348694
CLUSTER_148,L,219.6868325960529
CLUSTER_148,M,249.77868864541347
CLUSTER_148,N,218.5711610448334
CLUSTER_148,O,78.77519950064932
CLUSTER_148,P,80.67639101631022
CLUSTER_148,Q,78.33484182742382
CLUSTER_148,R,120.47331592893445
CLUSTER_148,S,184.81472823742632
CLUSTER_148,T,87.80109565495317
CLUSTER_148,U,218.60531366954632
CLUSTER_148,V,141.7804283403863
CLUSTER_148,W,35.49980943113744
CLUSTER_148,X,39.13994247402476
CLUSTER_148,Y,169.3621410397777
CLUSTER_148,Z,210.74526604390573
CLUSTER_148,AA,117.93811250999039
CLUSTER_148,AB,145.39084408600445
CLUSTER_148,AC,165.0693265285386
CLUSTER_148,AD,55.87289013851748
CLUSTER_149,A,128.91385415929824
CLUSTER_149,B,87.12106950517423
CLUSTER_149,C,267.9900883324852
CLUSTER_149,D,80.61416609270199
CLUSTER_149,E,309.5188381677065
CLUSTER_149,F,154.76799225382777
CLUSTER_149,G,153.25740420046245
CLUSTER_149,H,242.56058020272405
CLUSTER_149,I,49.98564248382906
CLUSTER_149,J,227.38847996517967
CLUSTER_149,K,122.80419925860873
CLUSTER_149,L,96.36631297996134
CLUSTER_149,M,25.546029784648972
CLUSTER_149,N,151.91837448907165
CLUSTER_149,O,196.2479198479799
CLUSTER_149,P,309.894836674827
CLUSTER_149,Q,163.41994505101755
CLUSTER_149,R,122.70740974997857
CLUSTER_149,S,90.16014688689364
CLUSTER_149,T,265.62524751938116
CLUSTER_149,U,36.741922391221735
CLUSTER_149,V,88.97123259062289
CLUSTER_149,W,209.85553598723675
CLUSTER_149,X,265.82349895034343
CLUSTER_149,Y,137.66856315880722
CLUSTER_149,Z,34.89210104379516
CLUSTER_149,AA,203.3057016446703
CLUSTER_149,AB,96.16527996684383
CLUSTER_149,AC,138.73108054409295
CLUSTER_149,AD,176.34935002700567
CLUSTER_15,A,46.6262920361461
CLUSTER_15,B,143.70503004934088
CLUSTER_15,C,92.85488930023702
CLUSTER_15,D,163.49285939645233
CLUSTER_15,E,157.10209194436143
CLUSTER_15,F,58.41181836044869
CLUSTER_15,G,120.31406954884345
CLUSTER_15,H,88.52387894563674
CLUSTER_15,I,125.59059222443712
CLUSTER_15,J,54.571050000332654
CLUSTER_15,K,156.56657047905068
CLUSTER_15,L,188.00183806186962
CLUSTER_15,M,192.98697521452019
CLUSTER_15,N,203.22498649991465
CLUSTER_15,O,36.76138665416687
CLUSTER_15,P,139.29686400440255
CLUSTER_15,Q,67.26091298652705
CLUSTER_15,R,90.79043467636014
CLUSTER_15,S,120.89919041703958
CLUSTER_15,T,95.95875851805849
CLUSTER_15,U,171.77337234622323
CLUSTER_15,V,94.59917099503522
CLUSTER_15,W,68.64223118581961
CLUSTER_15,X,103.56897342062665
CLUSTER_15,Y,153.5672553015771
CLUSTER_15,Z,152.05354896325017
CLUSTER_15,AA,73.80825340843825
CLUSTER_15,AB,84.047348104884
CLUSTER_15,AC,101.71244524352633
CLUSTER_15,AD,15.5801917336282
CLUSTER_150,A,75.63635273417292
CLUSTER_150,B,156.914480122824
CLUSTER_150,C,168.94249828408653
CLUSTER_150,D,87.84948780544643
CLUSTER_150,E,247.71457301931235
CLUSTER_150,F,34.85650306328627
CLUSTER_150,G,173.88004207980438
CLUSTER_150,H,115.48134917212522
CLUSTER_150,I,101.3197330702693
CLUSTER_150,J,140.7769548592011
CLUSTER_150,K,67.40218173978828
CLUSTER_150,L,196.1891203566716
CLUSTER_150,M,143.89736846608898
CLUSTER_150,N,233.24893166168027
CLUSTER_150,O,85.30209181576718
CLUSTER_150,P,222.52463978730327
CLUSTER_150,Q,137.4444967754293
CLUSTER_150,R,131.02977612719144
CLUSTER_150,S,50.21038514624017
CLUSTER_150,T,148.20981479176734
CLUSTER_150,U,153.4905901981197
CLUSTER_150,V,103.32735276458578
CLUSTER_150,W,157.8381704838721
CLUSTER_150,X,193.21801089075473
CLUSTER_150,Y,191.4392046192888
CLUSTER_150,Z,103.55208451025342
CLUSTER_150,AA,72.33338787852516
CLUSTER_150,AB,55.21134016881705
CLUSTER_150,AC,10.812417837107684
CLUSTER_150,AD,103.92249835384833
CLUSTER_151,A,109.1888561576806
CLUSTER_151,B,42.76855430468921
CLUSTER_151,C,245.0936505784645
CLUSTER_151,D,111.86027643435452
CLUSTER_151,E,274.8601894623344
CLUSTER_151,F,149.80497325662316
CLUSTER_151,G,110.68715657107151
CLUSTER_151,H,232.89711662670854
CLUSTER_151,I,40.957265224350294
CLUSTER_151,J,202.78457045655037
CLUSTER_151,K,148.0757025683706
CLUSTER_151,L,59.65066493367434
CLUSTER_151,M,69.80631944164992
CLUSTER_151,N,111.32972674421889
CLUSTER_151,O,182.40616631679686
CLUSTER_151,P,281.74048376284
CLUSTER_151,Q,128.8392955403636
CLUSTER_151,R,85.55324826371344
CLUSTER_151,S,104.66386724491674
CLUSTER_151,T,249.98115808191815
CLUSTER_151,U,17.37734351929394
CLUSTER_151,V,60.780898330581586
CLUSTER_151,W,177.23773519601662
CLUSTER_151,X,235.21067170258488
CLUSTER_151,Y,93.29463177673611
CLUSTER_151,Z,61.05412449292738
CLUSTER_151,AA,198.13676819977056
CLUSTER_151,AB,90.12363681564236
CLUSTER_151,AC,146.86660050476272
CLUSTER_151,AD,152.46888498665203
CLUSTER_152,A,77.34694311454807
CLUSTER_152,B,30.528510488889832
CLUSTER_152,C,209.20655604200576
CLUSTER_152,D,121.87618183751516
CLUSTER_152,E,237.4577525348158
CLUSTER_152,F,125.91625280309243
CLUSTER_152,G,79.35995323901285
CLUSTER_152,H,203.44646916319732
CLUSTER_152,I,40.11399921684009
CLUSTER_152,J,166.57063889364204
CLUSTER_152,K,149.5121504509493
CLUSTER_152,L,71.61825624014162
CLUSTER_152,M,100.13867234494188
CLUSTER_152,N,108.11735585004931
CLUSTER_152,O,151.46110976884944
CLUSTER_152,P,244.42806172039082
CLUSTER_152,Q,91.27129578709666
CLUSTER_152,R,48.37789615014239
CLUSTER_152,S,100.90700367591812
CLUSTER_152,T,217.08216251621056
CLUSTER_152,U,54.93090287609485
CLUSTER_152,V,27.63212297978575
CLUSTER_152,W,139.61723199293618
CLUSTER_152,X,197.65078546161763
CLUSTER_152,Y,74.11517943465736
CLUSTER_152,Z,76.32843615093286
CLUSTER_152,AA,172.26088902260756
CLUSTER_152,AB,71.2461167433756
CLUSTER_152,AC,133.4211290070625
CLUSTER_152,AD,117.01916805694758
CLUSTER_153,A,110.33297871228564
CLUSTER_153,B,193.60424699586528
CLUSTER_153,C,33.937809638096255
CLUSTER_153,D,229.28007828911652
CLUSTER_153,E,99.7923883180945
CLUSTER_153,F,116.89477015402107
CLUSTER_153,G,148.4188639576499
CLUSTER_153,H,89.25623969896354
CLUSTER_153,I,188.74612944917115
CLUSTER_153,J,11.649762407757292
CLUSTER_153,K,218.89920388807533
CLUSTER_153,L,236.0617819963962
CLUSTER_153,M,257.7833815232747
CLUSTER_153,N,237.86236478427764
CLUSTER_153,O,69.6659688182132
CLUSTER_153,P,73.08361694378671
CLUSTER_153,Q,95.80134497065669
CLUSTER_153,R,135.98187958308654
CLUSTER_153,S,186.57814710284705
CLUSTER_153,T,66.68054972771112
CLUSTER_153,U,230.78985386409272
CLUSTER_153,V,153.0920401875402
CLUSTER_153,W,56.55158163573546
CLUSTER_153,X,44.60517413941582
CLUSTER_153,Y,188.23535726880846
CLUSTER_153,Z,217.51642167099112
CLUSTER_153,AA,105.80042600779473
CLUSTER_153,AB,150.11556108738813
CLUSTER_153,AC,161.42658965911124
CLUSTER_153,AD,62.38860078399544
CLUSTER_154,A,146.56242370072488
CLUSTER_154,B,218.55586974461966
CLUSTER_154,C,43.63054435238408
CLUSTER_154,D,268.90296002193446
CLUSTER_154,E,60.854005704560585
CLUSTER_154,F,158.13041025318924
CLUSTER_154,G,163.3902550985884
CLUSTER_154,H,122.35506344484888
CLUSTER_154,I,222.92266247542148
CLUSTER_154,J,52.13343597950803
CLUSTER_154,K,259.9756921113664
CLUSTER_154,L,258.60986695626735
CLUSTER_154,M,293.0657263741423
CLUSTER_154,N,251.86809759602934
CLUSTER_154,O,110.75037293474018
CLUSTER_154,P,38.36864290583711
CLUSTER_154,Q,117.69495323132051
CLUSTER_154,R,161.16230404795917
CLUSTER_154,S,226.32389112137454
CLUSTER_154,T,90.15239351906446
CLUSTER_154,U,261.01379509183914
CLUSTER_154,V,184.70029877631453
CLUSTER_154,W,69.52305544556732
CLUSTER_154,X,14.629111310681015
CLUSTER_154,Y,204.3076091710738
CLUSTER_154,Z,253.94337691938642
CLUSTER_154,AA,145.27541581914937
CLUSTER_154,AB,188.05747600104962
CLUSTER_154,AC,202.69201172160777
CLUSTER_154,AD,98.60350564909135
CLUSTER_155,A,74.53538046628412
CLUSTER_155,B,129.11921956416518
CLUSTER_155,C,195.31165827023233
CLUSTER_155,D,56.3067050529479
CLUSTER_155,E,263.13425083772637
CLUSTER_155,F,64.06334593529041
CLUSTER_155,G,160.24582185666966
CLUSTER_155,H,151.40906862407132
CLUSTER_155,I,66.97221121520877
CLUSTER_155,J,161.56978607716178
CLUSTER_155,K,56.90874150192735
CLUSTER_155,L,164.62829634683817
CLUSTER_155,M,104.90935249432769
CLUSTER_155,N,207.03759734288778
CLUSTER_155,O,113.57348260068451
CLUSTER_155,P,245.92365325198074
CLUSTER_155,Q,135.43435013273213
CLUSTER_155,R,116.6456609024375
CLUSTER_155,S,13.666311120865107
CLUSTER_155,T,180.9399539043088
CLUSTER_155,U,117.15062104086189
CLUSTER_155,V,81.3299070757217
CLUSTER_155,W,166.68143131579205
CLUSTER_155,X,210.84219436718033
CLUSTER_155,Y,170.04392940578066
CLUSTER_155,Z,64.44086135669063
CLUSTER_155,AA,109.28139841221406
CLUSTER_155,AB,35.158396687124046
CLUSTER_155,AC,40.534573250762904
CLUSTER_155,AD,116.49494340731052
CLUSTER_156,A,175.90552467764283
CLUSTER_156,B,228.99017665463776
CLUSTER_156,C,91.53683877231498
CLUSTER_156,D,302.00867818961206
CLUSTER_156,E,15.633068358287655
CLUSTER_156,F,198.28227878828315
CLUSTER_156,G,164.570880648715
CLUSTER_156,H,170.62222923430525
CLUSTER_156,I,246.33846326577822
CLUSTER_156,J,94.27250898438503
CLUSTER_156,K,298.16026157799587
CLUSTER_156,L,264.52086563958187
CLUSTER_156,M,316.93376337139637
CLUSTER_156,N,247.2632226804083
CLUSTER_156,O,154.45233815319457
CLUSTER_156,P,57.58868636886954
CLUSTER_156,Q,131.64474214844867
CLUSTER_156,R,174.87098119776113
CLUSTER_156,S,260.2671290790979
CLUSTER_156,T,138.19961126177654
CLUSTER_156,U,277.4368575319188
CLUSTER_156,V,205.57082512587914
CLUSTER_156,W,84.91665075710335
CLUSTER_156,X,40.91876177165478
CLUSTER_156,Y,204.19925652652705
CLUSTER_156,Z,280.49848460116084
CLUSTER_156,AA,191.3139636303099
CLUSTER_156,AB,218.83196033166246
CLUSTER_156,AC,242.63278595149183
CLUSTER_156,AD,131.05478736530426
CLUSTER_157,A,137.9367019652629
CLUSTER_157,B,35.55666277440774
CLUSTER_157,C,261.921033491333
CLUSTER_157,D,162.3326382862273
CLUSTER_157,E,272.5697119938483
CLUSTER_157,F,187.77415285937673
CLUSTER_157,G,96.0550335486026
CLUSTER_157,H,264.1025044103777
CLUSTER_157,I,88.2480547359929
CLUSTER_157,J,219.0104448206763
CLUSTER_157,K,198.34116652620875
CLUSTER_157,L,9.909036502212208
CLUSTER_157,M,112.1203641938752
CLUSTER_157,N,62.93004508344593
CLUSTER_157,O,211.59427677756628
CLUSTER_157,P,290.2849341714914
CLUSTER_157,Q,134.50079911728093
CLUSTER_157,R,92.5142462018245
CLUSTER_157,S,153.50116653145645
CLUSTER_157,T,274.9819865556705
CLUSTER_157,U,52.32254388511867
CLUSTER_157,V,89.1339165314733
CLUSTER_157,W,182.62538367893802
CLUSTER_157,X,241.31267354282394
CLUSTER_157,Y,62.74845755646121
CLUSTER_157,Z,111.44578616870992
CLUSTER_157,AA,234.04855534521778
CLUSTER_157,AB,131.5829161964676
CLUSTER_157,AC,192.28728386483448
CLUSTER_157,AD,172.53214549471218
CLUSTER_158,A,183.91768629523438
CLUSTER_158,B,240.06681081193622
CLUSTER_158,C,89.84606684611992
CLUSTER_158,D,309.4855876407612
CLUSTER_158,E,12.955449301520755
CLUSTER_158,F,203.43561513693376
CLUSTER_158,G,176.2583232706409
CLUSTER_158,H,170.45454551759053
CLUSTER_158,I,255.72023169072145
CLUSTER_158,J,98.09066331876113
CLUSTER_158,K,304.1731566601111
CLUSTER_158,L,276.052680965413
CLUSTER_158,M,326.3633367946342
CLUSTER_158,N,259.32354239220194
CLUSTER_158,O,158.0291907773786
CLUSTER_158,P,49.32153997759411
CLUSTER_158,Q,141.92799978844485
CLUSTER_158,R,185.42844797197537
CLUSTER_158,S,267.45852912982235
CLUSTER_158,T,136.25661982458348
CLUSTER_158,U,287.9187116604726
CLUSTER_158,V,215.25438922200817
CLUSTER_158,W,94.37335561205734
CLUSTER_158,X,44.65683938248004
CLUSTER_158,Y,216.04069205940164
CLUSTER_158,Z,289.3823803183464
CLUSTER_158,AA,193.64579295400634
CLUSTER_158,AB,226.69288166166353
CLUSTER_158,AC,247.95846818953882
CLUSTER_158,AD,138.07291138097114
CLUSTER_159,A,137.606895009317
CLUSTER_159,B,167.54105834021146
CLUSTER_159,C,255.19324977240277
CLUSTER_159,D,21.241575337741114
CLUSTER_159,E,326.6997751284407
CLUSTER_159,F,120.8112120070067
CLUSTER_159,G,214.0334431942147
CLUSTER_159,H,201.04293577551923
CLUSTER_159,I,101.41157529867635
CLUSTER_159,J,223.8188615746108
CLUSTER_159,K,28.825666248557134
CLUSTER_159,L,192.24835748182946
CLUSTER_159,M,91.7449310729189
CLUSTER_159,N,243.35606235892766
CLUSTER_159,O,171.819123217303
CLUSTER_159,P,307.489022115767
CLUSTER_159,Q,196.78161159278366
CLUSTER_159,R,171.8586642252051
CLUSTER_159,S,51.53668267116703
CLUSTER_159,T,235.26070836228777
CLUSTER_159,U,134.37584902888364
CLUSTER_159,V,132.9197005576616
CLUSTER_159,W,230.19608288052024
CLUSTER_159,X,274.05503584591725
CLUSTER_159,Y,215.29840902808536
CLUSTER_159,Z,72.06854503215862
CLUSTER_159,AA,157.6215469375346
CLUSTER_159,AB,95.7476142599527
CLUSTER_159,AC,80.37227878473449
CLUSTER_159,AD,180.03119112196367
CLUSTER_16,A,145.29148224574
CLUSTER_16,B,207.11138168247115
CLUSTER_16,C,65.82015102631834
CLUSTER_16,D,270.6388752649458
CLUSTER_16,E,48.22462219618676
CLUSTER_16,F,165.3471450886349
CLUSTER_16,G,147.54969168313497
CLUSTER_16,H,140.78234580398438
CLUSTER_16,I,218.29830137772794
CLUSTER_16,J,61.46411051268642
CLUSTER_16,K,265.57568854066255
CLUSTER_16,L,245.33818002952987
CLUSTER_16,M,288.91983917755977
CLUSTER_16,N,234.48922199073803
CLUSTER_16,O,121.60038043757044
CLUSTER_16,P,54.3583677924984
CLUSTER_16,Q,106.96053174252395
CLUSTER_16,R,150.8759405695497
CLUSTER_16,S,228.5887461267555
CLUSTER_16,T,111.47657853968582
CLUSTER_16,U,252.69497750780783
CLUSTER_16,V,178.41760045704825
CLUSTER_16,W,58.16961225977782
CLUSTER_16,X,10.171684804319328
CLUSTER_16,Y,188.31191429044566
CLUSTER_16,Z,251.31262797878927
CLUSTER_16,AA,158.9949172331304
CLUSTER_16,AB,187.96743030002273
CLUSTER_16,AC,209.752892436456
CLUSTER_16,AD,99.20339169107898
CLUSTER_160,A,88.05575927452023
CLUSTER_160,B,165.32535804502416
CLUSTER_160,C,62.75507292379162
CLUSTER_160,D,211.90884092619848
CLUSTER_160,E,107.17759238279879
CLUSTER_160,F,107.18602003058672
CLUSTER_160,G,119.94732165537972
CLUSTER_160,H,103.58389409985266
CLUSTER_160,I,164.5121353631731
CLUSTER_160,J,21.83609501254783
CLUSTER_160,K,206.4936471404057
CLUSTER_160,L,207.4705804120443
CLUSTER_160,M,234.51247437203833
CLUSTER_160,N,209.27005739224526
CLUSTER_160,O,68.53201155669328
CLUSTER_160,P,95.57333324105326
CLUSTER_160,Q,66.9732242794517
CLUSTER_160,R,107.58813208300772
CLUSTER_160,S,169.6531352454563
CLUSTER_160,T,89.92694087065306
CLUSTER_160,U,204.24921458136208
CLUSTER_160,V,127.07285069847023
CLUSTER_160,W,32.04406114933001
CLUSTER_160,X,54.34330722963682
CLUSTER_160,Y,159.52978816595567
CLUSTER_160,Z,195.35902196840857
CLUSTER_160,AA,108.77965327598251
CLUSTER_160,AB,129.98645198959537
CLUSTER_160,AC,151.23858353722017
CLUSTER_160,AD,40.50143475634271
CLUSTER_161,A,111.06789976628164
CLUSTER_161,B,159.6147967438442
CLUSTER_161,C,93.79943030411937
CLUSTER_161,D,237.45033701421676
CLUSTER_161,E,85.02163937849802
CLUSTER_161,F,145.49934511215537
CLUSTER_161,G,99.07400011952195
CLUSTER_161,H,149.09794189583548
CLUSTER_161,I,176.9790798589965
CLUSTER_161,J,64.01550775105017
CLUSTER_161,K,239.07956099878223
CLUSTER_161,L,197.00972504118138
CLUSTER_161,M,247.38372440731166
CLUSTER_161,N,186.6703411089959
CLUSTER_161,O,113.2324110166148
CLUSTER_161,P,101.87153801670657
CLUSTER_161,Q,61.387305812967796
CLUSTER_161,R,104.65167118505161
CLUSTER_161,S,197.08504122470038
CLUSTER_161,T,131.10101952412344
CLUSTER_161,U,207.18652781947347
CLUSTER_161,V,135.81195399569177
CLUSTER_161,W,18.932864371767057
CLUSTER_161,X,52.31844512817355
CLUSTER_161,Y,139.89912194496293
CLUSTER_161,Z,212.05611515555455
CLUSTER_161,AA,153.82868974381594
CLUSTER_161,AB,153.77754422833857
CLUSTER_161,AC,187.52956264528987
CLUSTER_161,AD,73.09183397498668
CLUSTER_162,A,25.7193800608297
CLUSTER_162,B,80.50462474467885
CLUSTER_162,C,151.2751271135356
CLUSTER_162,D,135.06177556584737
CLUSTER_162,E,189.80006094777727
CLUSTER_162,F,83.08068383571347
CLUSTER_162,G,75.80895045139623
CLUSTER_162,H,148.886964293497
CLUSTER_162,I,72.05427477079627
CLUSTER_162,J,108.932272066825
CLUSTER_162,K,145.95443407244562
CLUSTER_162,L,124.87020674694755
CLUSTER_162,M,142.69534820684933
CLUSTER_162,N,145.7243202938581
CLUSTER_162,O,96.08242739477188
CLUSTER_162,P,189.21647626004147
CLUSTER_162,Q,48.14449758314529
CLUSTER_162,R,34.2478185111838
CLUSTER_162,S,98.38931053296116
CLUSTER_162,T,159.42471496431276
CLUSTER_162,U,111.07020140344493
CLUSTER_162,V,33.37853711333193
CLUSTER_162,W,89.57614386263212
CLUSTER_162,X,144.5930184710068
CLUSTER_162,Y,98.51629164665574
CLUSTER_162,Z,106.30010217697318
CLUSTER_162,AA,123.03215126384013
CLUSTER_162,AB,54.07209488767623
CLUSTER_162,AC,108.0409804826164
CLUSTER_162,AD,58.80279908939415
CLUSTER_163,A,196.34351879357197
CLUSTER_163,B,273.66409272563993
CLUSTER_163,C,62.97045031382018
CLUSTER_163,D,313.4641360711465
CLUSTER_163,E,75.10632880467755
CLUSTER_163,F,197.27520585235257
CLUSTER_163,G,218.50416601809928
CLUSTER_163,H,138.1654121159076
CLUSTER_163,I,274.4821483001137
CLUSTER_163,J,97.60328557988602
CLUSTER_163,K,299.0969644809309
CLUSTER_163,L,313.98537638183814
CLUSTER_163,M,343.7821325131168
CLUSTER_163,N,306.48713924498514
CLUSTER_163,O,146.55687818091224
CLUSTER_163,P,18.209272538726463
CLUSTER_163,Q,172.88992934143536
CLUSTER_163,R,216.0956455626782
CLUSTER_163,S,270.7783647663807
CLUSTER_163,T,98.40013869532191
CLUSTER_163,U,314.80907115009154
CLUSTER_163,V,237.70722427708816
CLUSTER_163,W,124.92544811625066
CLUSTER_163,X,67.51325368548416
CLUSTER_163,Y,259.42109648151563
CLUSTER_163,Z,303.53472602947073
CLUSTER_163,AA,172.5440932835803
CLUSTER_163,AB,235.89038231061377
CLUSTER_163,AC,240.62759394153073
CLUSTER_163,AD,148.2791283662032
CLUSTER_164,A,186.40578583222646
CLUSTER_164,B,250.18415417395278
CLUSTER_164,C,77.34408644452314
CLUSTER_164,D,310.16598467306636
CLUSTER_164,E,31.634709401339073
CLUSTER_164,F,200.11122230932313
CLUSTER_164,G,189.00168854194007
CLUSTER_164,H,158.80388861400314
CLUSTER_164,I,260.93845136183296
CLUSTER_164,J,94.10681165659967
CLUSTER_164,K,301.9360483907005
CLUSTER_164,L,287.7937635922612
CLUSTER_164,M,331.4748172220885
CLUSTER_164,N,274.14919126158804
CLUSTER_164,O,152.38091294524654
CLUSTER_164,P,29.799098736909684
CLUSTER_164,Q,150.25660958684205
CLUSTER_164,R,194.1624675510114
CLUSTER_164,S,267.7006920411279
CLUSTER_164,T,122.50079384680146
CLUSTER_164,U,296.0010525582098
CLUSTER_164,V,221.42767942463155
CLUSTER_164,W,101.48350695808625
CLUSTER_164,X,44.59848022370228
CLUSTER_164,Y,229.40917890745285
CLUSTER_164,Z,293.26587340292565
CLUSTER_164,AA,185.58369079911412
CLUSTER_164,AB,228.54904794953762
CLUSTER_164,AC,244.66880881500742
CLUSTER_164,AD,139.04805981776045
CLUSTER_165,A,73.46740370285653
CLUSTER_165,B,82.68659205315464
CLUSTER_165,C,211.64376852839032
CLUSTER_165,D,69.04134746690647
CLUSTER_165,E,261.6718959004371
CLUSTER_165,F,97.4916920428501
CLUSTER_165,G,127.59987908932202
CLUSTER_165,H,184.680068467771
CLUSTER_165,I,17.442195356656164
CLUSTER_165,J,172.20996713183516
CLUSTER_165,K,95.45821756169036
CLUSTER_165,L,115.39207672795013
CLUSTER_165,M,74.18611562132642
CLUSTER_165,N,160.45072034459932
CLUSTER_165,O,138.1464490444108
CLUSTER_165,P,256.059730679671
CLUSTER_165,Q,119.56898753195752
CLUSTER_165,R,87.09033327821521
CLUSTER_165,S,48.07128549828753
CLUSTER_165,T,207.55732646759412
CLUSTER_165,U,68.64355600413424
CLUSTER_165,V,47.48371843014942
CLUSTER_165,W,161.50556085533884
CLUSTER_165,X,214.3442552881748
CLUSTER_165,Y,128.34555733120067
CLUSTER_165,Z,34.34205581694826
CLUSTER_165,AA,146.2915356440584
CLUSTER_165,AB,38.05441493684581
CLUSTER_165,AC,88.93648338488455
CLUSTER_165,AD,121.64751543085895
CLUSTER_166,A,131.94404191455348
CLUSTER_166,B,73.76185478504087
CLUSTER_166,C,214.55799787696625
CLUSTER_166,D,215.49883120117704
CLUSTER_166,E,198.82421039906814
CLUSTER_166,F,189.42135312291472
CLUSTER_166,G,34.52442265103744
CLUSTER_166,H,242.61394741639623
CLUSTER_166,I,133.87098534393456
CLUSTER_166,J,174.66148444108552
CLUSTER_166,K,240.0964481203386
CLUSTER_166,L,87.47349306538145
CLUSTER_166,M,186.32646988835563
CLUSTER_166,N,59.820425379546805
CLUSTER_166,O,191.48676306392906
CLUSTER_166,P,228.87029692530749
CLUSTER_166,Q,89.56767187337394
CLUSTER_166,R,72.5846090013751
CLUSTER_166,S,190.5523709268498
CLUSTER_166,T,240.6654076204736
CLUSTER_166,U,128.14996686162314
CLUSTER_166,V,104.2652142556108
CLUSTER_166,W,125.97235828823344
CLUSTER_166,X,179.4830090775887
CLUSTER_166,Y,24.21792650098591
CLUSTER_166,Z,169.5598642102342
CLUSTER_166,AA,225.35295652529658
CLUSTER_166,AB,152.03005493883472
CLUSTER_166,AC,212.52846299587733
CLUSTER_166,AD,141.9982193553723
CLUSTER_167,A,69.1141037454887
CLUSTER_167,B,172.24463151065518
CLUSTER_167,C,99.39231740627298
CLUSTER_167,D,154.60297017027435
CLUSTER_167,E,184.31173137774266
CLUSTER_167,F,35.86440992623279
CLUSTER_167,G,159.50877521345646
CLUSTER_167,H,58.205565572516804
CLUSTER_167,I,138.88994659830357
CLUSTER_167,J,75.33854326494206
CLUSTER_167,K,136.76131089102893
CLUSTER_167,L,216.3153019971836
CLUSTER_167,M,198.82803244472453
CLUSTER_167,N,238.36873656499125
CLUSTER_167,O,15.926933594582287
CLUSTER_167,P,153.6713622541035
CLUSTER_167,Q,108.28154576356053
CLUSTER_167,R,125.31703282792222
CLUSTER_167,S,112.94418751135089
CLUSTER_167,T,81.77940161790893
CLUSTER_167,U,190.00672977392432
CLUSTER_167,V,118.13832968285033
CLUSTER_167,W,107.16170571343389
CLUSTER_167,X,128.9485448865209
CLUSTER_167,Y,189.8232273200728
CLUSTER_167,Z,156.65019787204446
CLUSTER_167,AA,32.27997717731079
CLUSTER_167,AB,89.38133360596174
CLUSTER_167,AC,78.28273531397724
CLUSTER_167,AD,57.17932796638573
CLUSTER_168,A,141.69484847767094
CLUSTER_168,B,239.66521351374786
CLUSTER_168,C,43.09510643420318
CLUSTER_168,D,237.83667005228725
CLUSTER_168,E,145.43920618644108
CLUSTER_168,F,119.26545651458491
CLUSTER_168,G,205.7723164879917
CLUSTER_168,H,43.991428296753575
CLUSTER_168,I,218.70866045162586
CLUSTER_168,J,66.70381500728573
CLUSTER_168,K,215.7006642375741
CLUSTER_168,L,283.77621436829196
CLUSTER_168,M,281.8821642679799
CLUSTER_168,N,293.74100902552794
CLUSTER_168,O,71.13510812402663
CLUSTER_168,P,93.60244890618188
CLUSTER_168,Q,150.79312700637783
CLUSTER_168,R,184.63452194258298
CLUSTER_168,S,196.6793511752316
CLUSTER_168,T,3.9402372495659344
CLUSTER_168,U,267.28362348369876
CLUSTER_168,V,190.84378741431323
CLUSTER_168,W,119.53876135364564
CLUSTER_168,X,98.03863803137975
CLUSTER_168,Y,243.56488769453128
CLUSTER_168,Z,239.77863968110233
CLUSTER_168,AA,82.8536858172872
CLUSTER_168,AB,171.46459313215672
CLUSTER_168,AC,157.88340008514697
CLUSTER_168,AD,103.01641931316955
CLUSTER_169,A,68.24249520673396
CLUSTER_169,B,122.87898216505597
CLUSTER_169,C,107.78868170697005
CLUSTER_169,D,193.89424881341105
CLUSTER_169,E,128.29526180819138
CLUSTER_169,F,110.47347937456215
CLUSTER_169,G,75.1717553969115
CLUSTER_169,H,137.76570384164876
CLUSTER_169,I,133.26200174635753
CLUSTER_169,J,66.29978532770151
CLUSTER_169,K,197.90725779912665
CLUSTER_169,L,163.7624965538027
CLUSTER_169,M,203.83217546306454
CLUSTER_169,N,164.26864647047393
CLUSTER_169,O,91.00984108534497
CLUSTER_169,P,134.11535974386692
CLUSTER_169,Q,22.33585924491123
CLUSTER_169,R,65.42060889905295
CLUSTER_169,S,154.2147229771326
CLUSTER_169,T,132.01364652078394
CLUSTER_169,U,166.37428001872257
CLUSTER_169,V,92.52211311858284
CLUSTER_169,W,28.398408552171155
CLUSTER_169,X,86.32081108378581
CLUSTER_169,Y,114.45476903555873
CLUSTER_169,Z,167.9727608694975
CLUSTER_169,AA,130.16951132159087
CLUSTER_169,AB,110.35751296794732
CLUSTER_169,AC,149.39734261881802
CLUSTER_169,AD,41.20196469342798
CLUSTER_17,A,91.17252426522202
CLUSTER_17,B,185.11013408501495
CLUSTER_17,C,148.10933793146717
CLUSTER_17,D,121.42874123432573
CLUSTER_17,E,236.6024307805483
CLUSTER_17,F,33.968568929450626
CLUSTER_17,G,191.19970280975593
CLUSTER_17,H,83.91037310320932
CLUSTER_17,I,134.66748873769185
CLUSTER_17,J,127.61551016150459
CLUSTER_17,K,93.00021918116174
CLUSTER_17,L,226.42481807239636
CLUSTER_17,M,179.88118978442094
CLUSTER_17,N,259.0705440325325
CLUSTER_17,O,67.6016989639317
CLUSTER_17,P,203.64937498103393
CLUSTER_17,Q,146.99799017724095
CLUSTER_17,R,150.76918591669266
CLUSTER_17,S,86.02360377435375
CLUSTER_17,T,120.20125865012089
CLUSTER_17,U,187.39121424200906
CLUSTER_17,V,129.7670502118176
CLUSTER_17,W,156.238450800361
CLUSTER_17,X,181.22809301128126
CLUSTER_17,Y,214.26609866688534
CLUSTER_17,Z,139.46400812985536
CLUSTER_17,AA,40.80174178089508
CLUSTER_17,AB,85.3717961221539
CLUSTER_17,AC,38.162243655467364
CLUSTER_17,AD,102.88125886199013
CLUSTER_170,A,188.36723002766843
CLUSTER_170,B,247.10667412349142
CLUSTER_170,C,87.63658608621176
CLUSTER_170,D,313.36522199447364
CLUSTER_170,E,18.527286602767052
CLUSTER_170,F,205.64169228453306
CLUSTER_170,G,183.97895525866136
CLUSTER_170,H,168.8652010362688
CLUSTER_170,I,261.2098722523115
CLUSTER_170,J,99.75629510431074
CLUSTER_170,K,306.9052053925921
CLUSTER_170,L,283.56131105419354
CLUSTER_170,M,331.85298872725343
CLUSTER_170,N,267.5612120108921
CLUSTER_170,O,159.18404860609928
CLUSTER_170,P,42.88290572587569
CLUSTER_170,Q,148.32414009807894
CLUSTER_170,R,192.01086265937928
CLUSTER_170,S,271.14564047549356
CLUSTER_170,T,133.54195100369273
CLUSTER_170,U,294.3664975818944
CLUSTER_170,V,221.03682557383408
CLUSTER_170,W,100.23555000975479
CLUSTER_170,X,47.288400669503574
CLUSTER_170,Y,223.939313444356
CLUSTER_170,Z,294.427410549674
CLUSTER_170,AA,193.78755806516546
CLUSTER_170,AB,230.9574581960239
CLUSTER_170,AC,250.2230281813563
CLUSTER_170,AD,141.86854249208213
CLUSTER_171,A,46.43720031494763
CLUSTER_171,B,111.33531963266697
CLUSTER_171,C,115.53741288444026
CLUSTER_171,D,172.10066277948303
CLUSTER_171,E,148.54127965267253
CLUSTER_171,F,92.04340865458248
CLUSTER_171,G,76.49293409791919
CLUSTER_171,H,131.59855862403805
CLUSTER_171,I,113.62403853352859
CLUSTER_171,J,72.612317296824
CLUSTER_171,K,176.32899275692677
CLUSTER_171,L,154.2297219744569
CLUSTER_171,M,184.26312458178978
CLUSTER_171,N,162.13880401582074
CLUSTER_171,O,81.03668155270954
CLUSTER_171,P,148.88790172207447
CLUSTER_171,Q,22.975314989850066
CLUSTER_171,R,53.96284247101962
CLUSTER_171,S,132.35768715341868
CLUSTER_171,T,132.36154261611117
CLUSTER_171,U,150.23696296783461
CLUSTER_171,V,74.02859838800723
CLUSTER_171,W,48.37932606634704
CLUSTER_171,X,103.23486213531369
CLUSTER_171,Y,111.99762773069604
CLUSTER_171,Z,147.36179467585654
CLUSTER_171,AA,117.58667655376604
CLUSTER_171,AB,88.51892017195895
CLUSTER_171,AC,129.01672209432823
CLUSTER_171,AD,30.982699836488326
CLUSTER_172,A,200.45623336027697
CLUSTER_172,B,248.74486172760595
CLUSTER_172,C,112.92517466152925
CLUSTER_172,D,326.7832442568544
CLUSTER_172,E,10.48689513482921
CLUSTER_172,F,223.60903251784256
CLUSTER_172,G,182.11253331215505
CLUSTER_172,H,193.45165172550307
CLUSTER_172,I,269.4843420149606
CLUSTER_172,J,119.31428051693798
CLUSTER_172,K,323.431887399898
CLUSTER_172,L,282.43958750446404
CLUSTER_172,M,339.93610727567454
CLUSTER_172,N,261.20027495656024
CLUSTER_172,O,179.47665663775598
CLUSTER_172,P,69.64684656364659
CLUSTER_172,Q,153.72242166208912
CLUSTER_172,R,196.18261258876316
CLUSTER_172,S,285.1992866679757
CLUSTER_172,T,159.31241537136196
CLUSTER_172,U,298.65256897160145
CLUSTER_172,V,228.37099064892206
CLUSTER_172,W,108.5344778827527
CLUSTER_172,X,65.74144347857839
CLUSTER_172,Y,220.54902487194101
CLUSTER_172,Z,304.19109116854736
CLUSTER_172,AA,215.84759014795478
CLUSTER_172,AB,243.4322860235
CLUSTER_172,AC,267.9633936551447
CLUSTER_172,AD,156.14766600530268
CLUSTER_173,A,188.1293243510018
CLUSTER_173,B,262.44018621352814
CLUSTER_173,C,60.25814976903942
CLUSTER_173,D,307.44587105505263
CLUSTER_173,E,62.60455111238849
CLUSTER_173,F,192.70003331443843
CLUSTER_173,G,205.99241094735595
CLUSTER_173,H,139.2890584507914
CLUSTER_173,I,265.5995199404896
CLUSTER_173,J,90.116451913307
CLUSTER_173,K,294.87058251894047
CLUSTER_173,L,302.2466380369014
CLUSTER_173,M,335.3463318990724
CLUSTER_173,N,293.5902666157663
CLUSTER_173,O,142.5643717739051
CLUSTER_173,P,5.595904030888868
CLUSTER_173,Q,161.56774046446876
CLUSTER_173,R,205.07779876437488
CLUSTER_173,S,264.723747363038
CLUSTER_173,T,100.48945000122369
CLUSTER_173,U,304.7097504480315
CLUSTER_173,V,228.05116972995552
CLUSTER_173,W,113.14966683673595
CLUSTER_173,X,54.915813537186295
CLUSTER_173,Y,246.88122503928204
CLUSTER_173,Z,295.5658838236584
CLUSTER_173,AA,171.1480309183232
CLUSTER_173,AB,228.53268891345118
CLUSTER_173,AC,236.60811918637583
CLUSTER_173,AD,139.93900932464797
CLUSTER_174,A,155.59481962015366
CLUSTER_174,B,63.64851143676051
CLUSTER_174,C,258.02139768715716
CLUSTER_174,D,209.6717172287298
CLUSTER_174,E,248.31807404117544
CLUSTER_174,F,211.5490440291975
CLUSTER_174,G,76.31540475562322
CLUSTER_174,H,276.46619577781576
CLUSTER_174,I,129.99348546470617
CLUSTER_174,J,216.53610188334818
CLUSTER_174,K,241.70321289309234
CLUSTER_174,L,49.38330406631926
CLUSTER_174,M,165.1298290944695
CLUSTER_174,N,15.546659863089173
CLUSTER_174,O,223.84963389866022
CLUSTER_174,P,276.49365168574076
CLUSTER_174,Q,128.95692348756492
CLUSTER_174,R,97.76485675195464
CLUSTER_174,S,193.91237553934295
CLUSTER_174,T,279.7081669613104
CLUSTER_174,U,104.8739023022202
CLUSTER_174,V,114.70095475335609
CLUSTER_174,W,171.1864747513125
CLUSTER_174,X,226.893749438875
CLUSTER_174,Y,35.89439782611909
CLUSTER_174,Z,159.61399020802725
CLUSTER_174,AA,253.22982769776425
CLUSTER_174,AB,163.1395492880892
CLUSTER_174,AC,225.71497763385858
CLUSTER_174,AD,177.54181849279885
CLUSTER_175,A,46.06597810435969
CLUSTER_175,B,117.71599502789164
CLUSTER_175,C,169.6785847624058
CLUSTER_175,D,83.81631642994935
CLUSTER_175,E,234.40782940654012
CLUSTER_175,F,46.107437846371546
CLUSTER_175,G,137.65745537821547
CLUSTER_175,H,134.01626315985533
CLUSTER_175,I,65.93435475385535
CLUSTER_175,J,134.182820286311
CLUSTER_175,K,84.10426794200114
CLUSTER_175,L,157.70025631380287
CLUSTER_175,M,120.83986544577347
CLUSTER_175,N,193.9449271670327
CLUSTER_175,O,90.4751865285419
CLUSTER_175,P,218.8357116982512
CLUSTER_175,Q,107.94456869031066
CLUSTER_175,R,94.13624036382328
CLUSTER_175,S,41.513994171073826
CLUSTER_175,T,159.5352215246083
CLUSTER_175,U,118.78393371691044
CLUSTER_175,V,64.1029848716909
CLUSTER_175,W,137.79666475633596
CLUSTER_175,X,182.48666134827874
CLUSTER_175,Y,152.67906334596188
CLUSTER_175,Z,78.66341270919953
CLUSTER_175,AA,94.8376876195738
CLUSTER_175,AB,16.216322406444206
CLUSTER_175,AC,47.33587038147997
CLUSTER_175,AD,87.87240536636013
CLUSTER_176,A,56.6493263175273
CLUSTER_176,B,81.44215848778846
CLUSTER_176,C,147.043025724925
CLUSTER_176,D,169.2111388153294
CLUSTER_176,E,165.86012760265982
CLUSTER_176,F,112.42193594339082
CLUSTER_176,G,46.006805294959946
CLUSTER_176,H,163.44565869598378
CLUSTER_176,I,98.92001368867523
CLUSTER_176,J,104.39106444259207
CLUSTER_176,K,181.67668590676342
CLUSTER_176,L,122.86062666133257
CLUSTER_176,M,168.1716016410471
CLUSTER_176,N,129.1474506581743
CLUSTER_176,O,111.68850296335772
CLUSTER_176,P,175.5486302360089
CLUSTER_176,Q,19.83949987683393
CLUSTER_176,R,24.105724655999673
CLUSTER_176,S,133.84678891620092
CLUSTER_176,T,165.45371822610355
CLUSTER_176,U,126.28578004122336
CLUSTER_176,V,57.28656345840434
CLUSTER_176,W,68.7310510977623
CLUSTER_176,X,127.4320469349253
CLUSTER_176,Y,79.07206372090322
CLUSTER_176,Z,135.81251973806965
CLUSTER_176,AA,145.48567899284907
CLUSTER_176,AB,89.72119875044785
CLUSTER_176,AC,142.33029349897143
CLUSTER_176,AD,63.387800478521605
CLUSTER_177,A,168.85885092382208
CLUSTER_177,B,246.24557779676323
CLUSTER_177,C,40.72364044835839
CLUSTER_177,D,287.33649933873323
CLUSTER_177,E,69.28615003187058
CLUSTER_177,F,172.4281592315173
CLUSTER_177,G,192.49533297861106
CLUSTER_177,H,121.22763757710301
CLUSTER_177,I,246.8022332160643
CLUSTER_177,J,70.36733849987809
CLUSTER_177,K,274.60240562571795
CLUSTER_177,L,286.9211062595077
CLUSTER_177,M,316.2470736046053
CLUSTER_177,N,281.1120337624514
CLUSTER_177,O,122.33548484541846
CLUSTER_177,P,15.472154522832891
CLUSTER_177,Q,145.61133965080816
CLUSTER_177,R,188.59493754516964
CLUSTER_177,S,244.61543839330864
CLUSTER_177,T,83.58206800186174
CLUSTER_177,U,287.02557232004773
CLUSTER_177,V,209.91221219328054
CLUSTER_177,W,98.17311346071304
CLUSTER_177,X,43.00831988859849
CLUSTER_177,Y,233.39830076668972
CLUSTER_177,Z,276.1825670204397
CLUSTER_177,AA,151.56479084736048
CLUSTER_177,AB,208.8337138697051
CLUSTER_177,AC,216.35388299014468
CLUSTER_177,AD,120.7222378106691
CLUSTER_178,A,122.25042266975747
CLUSTER_178,B,19.364819815117176
CLUSTER_178,C,245.69470855601497
CLUSTER_178,D,155.78627672085344
CLUSTER_178,E,258.10782522966826
CLUSTER_178,F,173.13191730638727
CLUSTER_178,G,82.70185338223473
CLUSTER_178,H,248.28859328849276
CLUSTER_178,I,78.0485767618014
CLUSTER_178,J,202.77631847860573
CLUSTER_178,K,189.56274032342085
CLUSTER_178,L,25.04465074822919
CLUSTER_178,M,112.1695204489796
CLUSTER_178,N,66.81273491774566
CLUSTER_178,O,195.68785007307775
CLUSTER_178,P,274.5583380852423
CLUSTER_178,Q,118.62065179713282
CLUSTER_178,R,76.31905633225979
CLUSTER_178,S,143.2139467756193
CLUSTER_178,T,258.7700209254778
CLUSTER_178,U,52.05660879168393
CLUSTER_178,V,74.02167287233789
CLUSTER_178,W,166.96633071191965
CLUSTER_178,X,225.73419587756106
CLUSTER_178,Y,53.65557352281504
CLUSTER_178,Z,105.40143253818603
CLUSTER_178,AA,218.87902782009806
CLUSTER_178,AB,118.21880984136347
CLUSTER_178,AC,179.7794413559845
CLUSTER_178,AD,156.2643847678047
CLUSTER_179,A,186.2137028116674
CLUSTER_179,B,257.2459155625148
CLUSTER_179,C,64.2424559202126
CLUSTER_179,D,307.2600677246554
CLUSTER_179,E,52.14827906381746
CLUSTER_179,F,193.94420690088361
CLUSTER_179,G,199.23767381838036
CLUSTER_179,H,144.84622126823447
CLUSTER_179,I,262.8721391520448
CLUSTER_179,J,89.54339717541446
CLUSTER_179,K,296.1741467384474
CLUSTER_179,L,296.4028661016231
CLUSTER_179,M,332.96407266747923
CLUSTER_179,N,286.1960124498822
CLUSTER_179,O,144.49238716190627
CLUSTER_179,P,9.93348277227686
CLUSTER_179,Q,156.4466012888243
CLUSTER_179,R,200.2082415794415
CLUSTER_179,S,264.57016439141
CLUSTER_179,T,106.8949740700845
CLUSTER_179,U,300.7056703952147
CLUSTER_179,V,224.6134247223852
CLUSTER_179,W,107.6605592701049
CLUSTER_179,X,48.844125376239994
CLUSTER_179,Y,240.04119888560277
CLUSTER_179,Z,293.6652641064484
CLUSTER_179,AA,174.87284533280936
CLUSTER_179,AB,227.30505753811377
CLUSTER_179,AC,238.17751056273676
CLUSTER_179,AD,138.10507749370134
CLUSTER_18,A,112.44578049876141
CLUSTER_18,B,215.54581091882847
CLUSTER_18,C,96.48317993535248
CLUSTER_18,D,181.83802660159427
CLUSTER_18,E,195.20615143722932
CLUSTER_18,F,68.84837422748318
CLUSTER_18,G,200.7482860883877
CLUSTER_18,H,21.893622417893212
CLUSTER_18,I,179.0658412410905
CLUSTER_18,J,91.52739316526333
CLUSTER_18,K,154.98832098120337
CLUSTER_18,L,259.5359633297516
CLUSTER_18,M,234.44061307924682
CLUSTER_18,N,281.40278402067094
CLUSTER_18,O,43.88912342680411
CLUSTER_18,P,152.2121806171408
CLUSTER_18,Q,147.63671645463396
CLUSTER_18,R,168.27094483999747
CLUSTER_18,S,143.29482518152693
CLUSTER_18,T,60.1567264274901
CLUSTER_18,U,231.12118787013168
CLUSTER_18,V,161.11757514477696
CLUSTER_18,W,136.4576555808771
CLUSTER_18,X,141.33627164532473
CLUSTER_18,Y,232.51863767123828
CLUSTER_18,Z,192.57617449232254
CLUSTER_18,AA,21.754092507628222
CLUSTER_18,AB,128.42597318223912
CLUSTER_18,AC,99.091662766037
CLUSTER_18,AD,94.56491413777243
CLUSTER_180,A,46.25200582668312
CLUSTER_180,B,93.74979227246047
CLUSTER_180,C,182.3601514008271
CLUSTER_180,D,82.39605457521961
CLUSTER_180,E,237.43371108907732
CLUSTER_180,F,69.11321206065462
CLUSTER_180,G,121.36234436811894
CLUSTER_180,H,155.1283601066613
CLUSTER_180,I,42.04614323755432
CLUSTER_180,J,143.78795342221963
CLUSTER_180,K,95.10542529500063
CLUSTER_180,L,132.93618005279288
CLUSTER_180,M,103.67652802128165
CLUSTER_180,N,170.81791896846727
CLUSTER_180,O,108.05254561668147
CLUSTER_180,P,228.1752245566511
CLUSTER_180,Q,100.91048755926448
CLUSTER_180,R,77.87985696097711
CLUSTER_180,S,46.12440749078304
CLUSTER_180,T,177.45802180708426
CLUSTER_180,U,94.6424169595483
CLUSTER_180,V,42.585804135476025
CLUSTER_180,W,138.06734043183218
CLUSTER_180,X,188.1312090311112
CLUSTER_180,Y,131.68901650135376
CLUSTER_180,Z,62.3362589105889
CLUSTER_180,AA,117.85762338162918
CLUSTER_180,AB,8.95352595809096
CLUSTER_180,AC,70.20517746469066
CLUSTER_180,AD,94.00130998343576
CLUSTER_181,A,124.88262595862695
CLUSTER_181,B,187.04773401739746
CLUSTER_181,C,66.68474586351405
CLUSTER_181,D,250.69181456759682
CLUSTER_181,E,67.04061273216708
CLUSTER_181,F,147.98701942103187
CLUSTER_181,G,129.4780172655069
CLUSTER_181,H,133.0122584167685
CLUSTER_181,I,197.3847257107625
CLUSTER_181,J,48.63809194307025
CLUSTER_181,K,246.99791466142395
CLUSTER_181,L,225.98339558551953
CLUSTER_181,M,268.01279924793806
CLUSTER_181,N,217.62437872977492
CLUSTER_181,O,107.10381663378531
CLUSTER_181,P,71.27065347216771
CLUSTER_181,Q,86.51215897889745
CLUSTER_181,R,130.4246996908909
CLUSTER_181,S,208.8693168528643
CLUSTER_181,T,108.62779556214319
CLUSTER_181,U,231.97387330965537
CLUSTER_181,V,157.49634978910504
CLUSTER_181,W,37.59021899441984
CLUSTER_181,X,21.686152284268516
CLUSTER_181,Y,170.39059911010227
CLUSTER_181,Z,230.53387560203413
CLUSTER_181,AA,146.1346860249081
CLUSTER_181,AB,167.7019632325918
CLUSTER_181,AC,192.0414331815995
CLUSTER_181,AD,79.64403375814045
CLUSTER_182,A,65.4423358018421
CLUSTER_182,B,45.03843148364703
CLUSTER_182,C,181.84094338263782
CLUSTER_182,D,148.77401492199928
CLUSTER_182,E,202.21751484328786
CLUSTER_182,F,121.94110169918908
CLUSTER_182,G,47.81415164069868
CLUSTER_182,H,188.09468601743458
CLUSTER_182,I,70.47445388803786
CLUSTER_182,J,138.90935443422345
CLUSTER_182,K,169.4784349244019
CLUSTER_182,L,88.25628454415315
CLUSTER_182,M,135.81455458518224
CLUSTER_182,N,105.69855566478331
CLUSTER_182,O,135.22751902638018
CLUSTER_182,P,212.65294701922022
CLUSTER_182,Q,57.09973322322865
CLUSTER_182,R,13.181760984444267
CLUSTER_182,S,119.92172812353941
CLUSTER_182,T,195.72780836621297
CLUSTER_182,U,89.69756840061434
CLUSTER_182,V,33.515592416904745
CLUSTER_182,W,106.01573559494318
CLUSTER_182,X,164.70846631728193
CLUSTER_182,Y,59.61405854961296
CLUSTER_182,Z,108.2562446156654
CLUSTER_182,AA,163.10905851778617
CLUSTER_182,AB,80.33344976695075
CLUSTER_182,AC,141.20468210937517
CLUSTER_182,AD,92.78795845423399
CLUSTER_183,A,95.08289381737008
CLUSTER_183,B,135.18170438366346
CLUSTER_183,C,110.9877562935482
CLUSTER_183,D,219.79662840392325
CLUSTER_183,E,108.46625178955529
CLUSTER_183,F,137.0316163466546
CLUSTER_183,G,75.30202907780156
CLUSTER_183,H,155.28166381596165
CLUSTER_183,I,155.4013948443564
CLUSTER_183,J,74.72387831360331
CLUSTER_183,K,225.00354128239098
CLUSTER_183,L,172.5412477951076
CLUSTER_183,M,225.3613661131703
CLUSTER_183,N,163.86636188968282
CLUSTER_183,O,112.85465874746329
CLUSTER_183,P,125.45457441643451
CLUSTER_183,Q,38.74954593556324
CLUSTER_183,R,80.86174767321583
CLUSTER_183,S,180.76725598257647
CLUSTER_183,T,143.1494882825321
CLUSTER_183,U,183.42428767152776
CLUSTER_183,V,113.85944955989883
CLUSTER_183,W,22.08770627239395
CLUSTER_183,X,75.83375436033704
CLUSTER_183,Y,116.22107306585522
CLUSTER_183,Z,191.35151660925794
CLUSTER_183,AA,153.09065165115544
CLUSTER_183,AB,136.6034925928634
CLUSTER_183,AC,176.56306353645257
CLUSTER_183,AD,65.81513472108978
CLUSTER_184,A,58.993506029366365
CLUSTER_184,B,118.13423571932259
CLUSTER_184,C,184.01034076411733
CLUSTER_184,D,69.29408621494862
CLUSTER_184,E,248.670017175343
CLUSTER_184,F,57.23087152056019
CLUSTER_184,G,145.27941813702077
CLUSTER_184,H,145.63467615355924
CLUSTER_184,I,60.146679709529636
CLUSTER_184,J,148.74932529571055
CLUSTER_184,K,72.6372512923733
CLUSTER_184,L,155.83402297821658
CLUSTER_184,M,108.7268740941199
CLUSTER_184,N,195.598087594383
CLUSTER_184,O,104.0175702355647
CLUSTER_184,P,233.39091915372825
CLUSTER_184,Q,119.62020668655654
CLUSTER_184,R,101.61029250251197
CLUSTER_184,S,27.28875119238448
CLUSTER_184,T,172.67019415741314
CLUSTER_184,U,112.430860973412
CLUSTER_184,V,67.68264867589531
CLUSTER_184,W,151.51415802574675
CLUSTER_184,X,196.96228552013497
CLUSTER_184,Y,156.8185043579791
CLUSTER_184,Z,66.75918451792542
CLUSTER_184,AA,105.0605605877838
CLUSTER_184,AB,19.759634576505693
CLUSTER_184,AC,46.34899399027039
CLUSTER_184,AD,102.26589775112058
CLUSTER_185,A,155.55777360591526
CLUSTER_185,B,256.9373375227345
CLUSTER_185,C,72.72614946875507
CLUSTER_185,D,237.8678116895364
CLUSTER_185,E,174.3779909555181
CLUSTER_185,F,122.38698564104307
CLUSTER_185,G,229.01804791527437
CLUSTER_185,H,34.545425553734404
CLUSTER_185,I,229.02655231214862
CLUSTER_185,J,93.99509485888309
CLUSTER_185,K,210.85243931794682
CLUSTER_185,L,301.2977395780158
CLUSTER_185,M,288.1998560147827
CLUSTER_185,N,315.45090243855924
CLUSTER_185,O,81.54351294461256
CLUSTER_185,P,119.98005068651057
CLUSTER_185,Q,173.81421880657996
CLUSTER_185,R,204.1130685007114
CLUSTER_185,S,198.67752759165137
CLUSTER_185,T,26.834151542958978
CLUSTER_185,U,279.6244824354873
CLUSTER_185,V,205.38593668014394
CLUSTER_185,W,146.8055898081391
CLUSTER_185,X,127.92770241662923
CLUSTER_185,Y,265.366056981613
CLUSTER_185,Z,246.0777544310724
CLUSTER_185,AA,77.89124333276169
CLUSTER_185,AB,179.56515805102578
CLUSTER_185,AC,155.27403694081886
CLUSTER_185,AD,123.0132247588158
CLUSTER_186,A,31.16374327922591
CLUSTER_186,B,107.71476113829691
CLUSTER_186,C,161.44605558112252
CLUSTER_186,D,96.15184656888665
CLUSTER_186,E,221.48867354741975
CLUSTER_186,F,48.83395361252684
CLUSTER_186,G,122.79965903020245
CLUSTER_186,H,133.2571493010485
CLUSTER_186,I,63.55620361991221
CLUSTER_186,J,124.01400137665932
CLUSTER_186,K,99.44891612235448
CLUSTER_186,L,149.34811764224756
CLUSTER_186,M,125.3291351814236
CLUSTER_186,N,182.44471571532435
CLUSTER_186,O,85.92903449434887
CLUSTER_186,P,208.7036589955018
CLUSTER_186,Q,92.49726182578353
CLUSTER_186,R,79.4958352344375
CLUSTER_186,S,54.998576952936155
CLUSTER_186,T,155.35149513672502
CLUSTER_186,U,115.50956281999468
CLUSTER_186,V,52.55095848614583
CLUSTER_186,W,123.78204300282218
CLUSTER_186,X,170.51656775903274
CLUSTER_186,Y,139.61498525704008
CLUSTER_186,Z,83.5583110344532
CLUSTER_186,AA,97.01248320149368
CLUSTER_186,AB,14.784345752870077
CLUSTER_186,AC,61.038779194585196
CLUSTER_186,AD,75.70591804465357
CLUSTER_187,A,102.99132114411987
CLUSTER_187,B,37.4152529355547
CLUSTER_187,C,207.8784286822883
CLUSTER_187,D,176.50616054772667
CLUSTER_187,E,211.33234189934916
CLUSTER_187,F,159.81089759181927
CLUSTER_187,G,34.90146914832427
CLUSTER_187,H,222.9241522401603
CLUSTER_187,I,94.81524112799075
CLUSTER_187,J,165.6059938584763
CLUSTER_187,K,202.15498230723745
CLUSTER_187,L,66.21343058270173
CLUSTER_187,M,149.08683485950579
CLUSTER_187,N,68.89058060671539
CLUSTER_187,O,170.29106068365903
CLUSTER_187,P,231.5190448616808
CLUSTER_187,Q,78.17346914821842
CLUSTER_187,R,44.25009294461222
CLUSTER_187,S,152.76858772825733
CLUSTER_187,T,227.06515151250892
CLUSTER_187,U,92.94477770486618
CLUSTER_187,V,67.50302616327419
CLUSTER_187,W,124.08376842474975
CLUSTER_187,X,182.09263668064773
CLUSTER_187,Y,21.8661543310886
CLUSTER_187,Z,130.56417318339086
CLUSTER_187,AA,200.13076178120727
CLUSTER_187,AB,116.30108460640221
CLUSTER_187,AC,178.16197981459243
CLUSTER_187,AD,124.40827828567657
CLUSTER_188,A,49.56409310555931
CLUSTER_188,B,131.37172182388088
CLUSTER_188,C,96.17711707086823
CLUSTER_188,D,175.20729991339542
CLUSTER_188,E,142.43228087260354
CLUSTER_188,F,80.89538919278938
CLUSTER_188,G,98.30600812196802
CLUSTER_188,H,109.98399177705593
CLUSTER_188,I,125.56674228177751
CLUSTER_188,J,53.50251510263244
CLUSTER_188,K,173.8068277057986
CLUSTER_188,L,174.88536081703782
CLUSTER_188,M,195.51162742806454
CLUSTER_188,N,184.27520279658984
CLUSTER_188,O,60.7152259967885
CLUSTER_188,P,134.4627964722476
CLUSTER_188,Q,43.59252622629504
CLUSTER_188,R,74.90628110432024
CLUSTER_188,S,133.6146669040217
CLUSTER_188,T,110.35763291489206
CLUSTER_188,U,166.59067922252166
CLUSTER_188,V,88.90890768258728
CLUSTER_188,W,46.714368792879995
CLUSTER_188,X,92.35069017623523
CLUSTER_188,Y,134.14267091346943
CLUSTER_188,Z,156.49602893748087
CLUSTER_188,AA,99.15112159369573
CLUSTER_188,AB,92.19734603063014
CLUSTER_188,AC,121.98322216022218
CLUSTER_188,AD,10.0951817304593
CLUSTER_189,A,115.83748511103099
CLUSTER_189,B,180.92659021121148
CLUSTER_189,C,209.49238624853317
CLUSTER_189,D,68.05118641667269
CLUSTER_189,E,291.30003114350137
CLUSTER_189,F,77.80710830553933
CLUSTER_189,G,209.6469512202532
CLUSTER_189,H,147.35249837819885
CLUSTER_189,I,117.21348481905916
CLUSTER_189,J,183.75373939738492
CLUSTER_189,K,30.10126433047884
CLUSTER_189,L,215.16462257481234
CLUSTER_189,M,137.6761740236691
CLUSTER_189,N,258.8970078115513
CLUSTER_189,O,126.35904939718168
CLUSTER_189,P,264.10714356804885
CLUSTER_189,Q,178.40378300855582
CLUSTER_189,R,166.00451832342716
CLUSTER_189,S,52.129912312095314
CLUSTER_189,T,183.89892462064725
CLUSTER_189,U,164.1018193399982
CLUSTER_189,V,132.6647609060097
CLUSTER_189,W,201.43728687984435
CLUSTER_189,X,236.5964670931749
CLUSTER_189,Y,221.69965825610555
CLUSTER_189,Z,104.34522843470509
CLUSTER_189,AA,104.52318408855801
CLUSTER_189,AB,84.47159027015003
CLUSTER_189,AC,33.335615700873284
CLUSTER_189,AD,147.6681803599802
CLUSTER_19,A,86.41091415382218
CLUSTER_19,B,187.23764490329913
CLUSTER_19,C,69.09427530553833
CLUSTER_19,D,184.53827926815907
CLUSTER_19,E,158.49397641631623
CLUSTER_19,F,66.11212249617725
CLUSTER_19,G,162.89380169822374
CLUSTER_19,H,45.2499856550337
CLUSTER_19,I,162.3813128756035
CLUSTER_19,J,50.7120335965009
CLUSTER_19,K,167.13703979549737
CLUSTER_19,L,231.5986339771315
CLUSTER_19,M,225.61093131188082
CLUSTER_19,N,247.23257982136215
CLUSTER_19,O,15.309496355980338
CLUSTER_19,P,123.94870689235039
CLUSTER_19,Q,108.31781788711788
CLUSTER_19,R,134.9762423075188
CLUSTER_19,S,142.50223176571907
CLUSTER_19,T,55.02759926615385
CLUSTER_19,U,211.56099689024802
CLUSTER_19,V,136.11631376192395
CLUSTER_19,W,93.47044759151362
CLUSTER_19,X,103.32674573732523
CLUSTER_19,Y,197.41684215132264
CLUSTER_19,Z,183.5694931645927
CLUSTER_19,AA,47.22817250639786
CLUSTER_19,AB,115.08658949540805
CLUSTER_19,AC,108.61975509802733
CLUSTER_19,AD,55.42673981910986
CLUSTER_190,A,73.94748246066914
CLUSTER_190,B,111.51442297363444
CLUSTER_190,C,123.63758138575704
CLUSTER_190,D,196.15895486948844
CLUSTER_190,E,133.69036993949337
CLUSTER_190,F,121.96409786102184
CLUSTER_190,G,58.62884900918562
CLUSTER_190,H,154.6717573388945
CLUSTER_190,I,129.98529217986643
CLUSTER_190,J,82.90099471823297
CLUSTER_190,K,203.8816830385349
CLUSTER_190,L,150.698861723956
CLUSTER_190,M,199.83771171286264
CLUSTER_190,N,148.06424234608605
CLUSTER_190,O,106.94746657321957
CLUSTER_190,P,146.10347927815118
CLUSTER_190,Q,13.352323296151214
CLUSTER_190,R,55.79067821129864
CLUSTER_190,S,158.20023124714882
CLUSTER_190,T,149.15914651814944
CLUSTER_190,U,158.32422011811934
CLUSTER_190,V,88.3907959137064
CLUSTER_190,W,38.41755801171782
CLUSTER_190,X,97.09561750917732
CLUSTER_190,Y,98.60371350216234
CLUSTER_190,Z,166.18153955202393
CLUSTER_190,AA,145.3471161869241
CLUSTER_190,AB,113.73499175297509
CLUSTER_190,AC,158.43993842453145
CLUSTER_190,AD,56.40536729191655
CLUSTER_191,A,187.801392645862
CLUSTER_191,B,90.52399258140831
CLUSTER_191,C,291.17224747884796
CLUSTER_191,D,230.63701975328632
CLUSTER_191,E,277.16377123577274
CLUSTER_191,F,242.9643759738085
CLUSTER_191,G,109.0790937401091
CLUSTER_191,H,309.7315175162178
CLUSTER_191,I,154.3286489002231
CLUSTER_191,J,249.88401934174132
CLUSTER_191,K,265.71304197413366
CLUSTER_191,L,60.168816721030794
CLUSTER_191,M,178.10623324984599
CLUSTER_191,N,19.648199355349686
CLUSTER_191,O,257.03313508086137
CLUSTER_191,P,308.10301342281224
CLUSTER_191,Q,162.38872106329174
CLUSTER_191,R,130.87694697342548
CLUSTER_191,S,219.45898503425164
CLUSTER_191,T,313.2485169631632
CLUSTER_191,U,119.89607743559058
CLUSTER_191,V,144.70047156007084
CLUSTER_191,W,203.80281803522396
CLUSTER_191,X,258.62294340005786
CLUSTER_191,Y,69.273816119786
CLUSTER_191,Z,179.78166518351986
CLUSTER_191,AA,285.6579490486597
CLUSTER_191,AB,192.10508662186297
CLUSTER_191,AC,254.4588083387462
CLUSTER_191,AD,211.04378917621762
CLUSTER_192,A,184.60842097345787
CLUSTER_192,B,141.43865227234784
CLUSTER_192,C,322.91134591947446
CLUSTER_192,D,97.17263874081085
CLUSTER_192,E,368.33637332637903
CLUSTER_192,F,201.33843128386658
CLUSTER_192,G,210.3209737216588
CLUSTER_192,H,289.6386808138703
CLUSTER_192,I,107.36116556180804
CLUSTER_192,J,283.43931355780666
CLUSTER_192,K,140.4478255690022
CLUSTER_192,L,137.67310582272492
CLUSTER_192,M,37.15820136510708
CLUSTER_192,N,194.27464467420728
CLUSTER_192,O,247.19520037224206
CLUSTER_192,P,366.91453935243874
CLUSTER_192,Q,222.37402527014814
CLUSTER_192,R,181.59449390109668
CLUSTER_192,S,126.9315005046914
CLUSTER_192,T,316.43449580528784
CLUSTER_192,U,86.08880399754354
CLUSTER_192,V,147.6856558529423
CLUSTER_192,W,268.48254489208534
CLUSTER_192,X,323.82253307776426
CLUSTER_192,Y,190.18700888971884
CLUSTER_192,Z,78.62724788545485
CLUSTER_192,AA,248.02198006310326
CLUSTER_192,AB,147.3849317315225
CLUSTER_192,AC,175.48408777545762
CLUSTER_192,AD,232.67259974810077
CLUSTER_193,A,125.9974818002867
CLUSTER_193,B,188.3272425656275
CLUSTER_193,C,219.03018745553518
CLUSTER_193,D,67.6589708817684
CLUSTER_193,E,301.58412538793203
CLUSTER_193,F,88.03761109742389
CLUSTER_193,G,219.00729840566362
CLUSTER_193,H,155.287979700599
CLUSTER_193,I,123.69546578637927
CLUSTER_193,J,193.8791437918019
CLUSTER_193,K,25.42954858261707
CLUSTER_193,L,221.4310971778572
CLUSTER_193,M,139.07005622040208
CLUSTER_193,N,266.3313003211247
CLUSTER_193,O,136.13746349301655
CLUSTER_193,P,273.8470088559725
CLUSTER_193,Q,188.57665810031028
CLUSTER_193,R,175.3343823610988
CLUSTER_193,S,58.38421229386597
CLUSTER_193,T,192.44383091550205
CLUSTER_193,U,168.98900655118615
CLUSTER_193,V,141.27094145739824
CLUSTER_193,W,211.87968506112958
CLUSTER_193,X,246.81816140916953
CLUSTER_193,Y,230.08807446773886
CLUSTER_193,Z,108.01335367848195
CLUSTER_193,AA,112.88166899679322
CLUSTER_193,AB,93.57431201177928
CLUSTER_193,AC,43.68663787404554
CLUSTER_193,AD,158.1050582745715
CLUSTER_194,A,131.726106362536
CLUSTER_194,B,214.77106760546243
CLUSTER_194,C,17.261541108444582
CLUSTER_194,D,248.93255047088337
CLUSTER_194,E,90.63644608388184
CLUSTER_194,F,134.30513003569766
CLUSTER_194,G,167.23927589015872
CLUSTER_194,H,92.49298556095324
CLUSTER_194,I,210.3210387991531
CLUSTER_194,J,32.91994495107152
CLUSTER_194,K,236.53478892364052
CLUSTER_194,L,256.9046498577317
CLUSTER_194,M,279.15315679265615
CLUSTER_194,N,256.7690047860507
CLUSTER_194,O,84.77516100134723
CLUSTER_194,P,53.495947275658295
CLUSTER_194,Q,115.98253870882672
CLUSTER_194,R,157.05038898078055
CLUSTER_194,S,206.2133230042531
CLUSTER_194,T,61.47082161722101
CLUSTER_194,U,252.47686378066962
CLUSTER_194,V,174.79281230742427
CLUSTER_194,W,73.15165984323714
CLUSTER_194,X,39.86879133546292
CLUSTER_194,Y,207.54144217088563
CLUSTER_194,Z,238.6734063728806
CLUSTER_194,AA,116.82420510499672
CLUSTER_194,AB,170.90304900307402
CLUSTER_194,AC,178.45285072638126
CLUSTER_194,AD,83.96294186674704
CLUSTER_195,A,82.11876638210589
CLUSTER_195,B,156.64469607156684
CLUSTER_195,C,180.4892419495953
CLUSTER_195,D,76.9975799051782
CLUSTER_195,E,258.3633477723629
CLUSTER_195,F,46.22342823128583
CLUSTER_195,G,178.274491314757
CLUSTER_195,H,126.42819828693766
CLUSTER_195,I,97.93499580412464
CLUSTER_195,J,151.88190982172253
CLUSTER_195,K,56.03872017284741
CLUSTER_195,L,194.4722034909169
CLUSTER_195,M,135.62891051277057
CLUSTER_195,N,233.81138667970322
CLUSTER_195,O,96.85409146042358
CLUSTER_195,P,233.94556346058715
CLUSTER_195,Q,144.55366654932732
CLUSTER_195,R,134.93276427110965
CLUSTER_195,S,41.50168923340939
CLUSTER_195,T,159.64234814161554
CLUSTER_195,U,149.1470613410965
CLUSTER_195,V,104.64214560023147
CLUSTER_195,W,167.27736149892834
CLUSTER_195,X,204.0679726636606
CLUSTER_195,Y,193.56990832294252
CLUSTER_195,Z,96.28479073278345
CLUSTER_195,AA,83.11022739735733
CLUSTER_195,AB,55.69715918470213
CLUSTER_195,AC,8.162361323176816
CLUSTER_195,AD,113.70320370372993
CLUSTER_196,A,163.00597309051196
CLUSTER_196,B,200.35561009162495
CLUSTER_196,C,269.9597149878352
CLUSTER_196,D,53.95806184950449
CLUSTER_196,E,347.9692453008951
CLUSTER_196,F,136.42687262039937
CLUSTER_196,G,244.9028152685795
CLUSTER_196,H,208.15505482792403
CLUSTER_196,I,134.05195368085904
CLUSTER_196,J,242.1659131577304
CLUSTER_196,K,34.35167282463013
CLUSTER_196,L,225.05474124511633
CLUSTER_196,M,120.63494924204716
CLUSTER_196,N,276.3119864973538
CLUSTER_196,O,186.45129629848125
CLUSTER_196,P,324.01668658371216
CLUSTER_196,Q,224.07871652820086
CLUSTER_196,R,202.12653150628353
CLUSTER_196,S,78.8888116966707
CLUSTER_196,T,245.04543791549744
CLUSTER_196,U,166.82612879603877
CLUSTER_196,V,163.82992144161994
CLUSTER_196,W,254.07906431691487
CLUSTER_196,X,294.078567469829
CLUSTER_196,Y,247.72433704279715
CLUSTER_196,Z,104.86414570453104
CLUSTER_196,AA,165.58939735674645
CLUSTER_196,AB,123.1512983834849
CLUSTER_196,AC,92.33429540725437
CLUSTER_196,AD,201.95486548348907
CLUSTER_197,A,89.62072384501961
CLUSTER_197,B,192.47221101276256
CLUSTER_197,C,83.82549964347187
CLUSTER_197,D,175.31792952125846
CLUSTER_197,E,176.38792995675547
CLUSTER_197,F,56.850136264405954
CLUSTER_197,G,174.24490736848153
CLUSTER_197,H,36.61636735568957
CLUSTER_197,I,161.35614438224312
CLUSTER_197,J,68.99975875976413
CLUSTER_197,K,154.479303199589
CLUSTER_197,L,236.7395972420942
CLUSTER_197,M,221.30238581620586
CLUSTER_197,N,256.1326062064557
CLUSTER_197,O,17.182738033275093
CLUSTER_197,P,139.56178133542747
CLUSTER_197,Q,120.77393663267337
CLUSTER_197,R,143.07837174009427
CLUSTER_197,S,134.2772237325933
CLUSTER_197,T,60.07701524948486
CLUSTER_197,U,212.2061656420422
CLUSTER_197,V,139.23838937898523
CLUSTER_197,W,110.46487892807414
CLUSTER_197,X,121.36241030319478
CLUSTER_197,Y,206.86323365613123
CLUSTER_197,Z,179.12533401153226
CLUSTER_197,AA,29.03981987797998
CLUSTER_197,AB,111.97676699104306
CLUSTER_197,AC,96.14132954213729
CLUSTER_197,AD,67.62858086240188
CLUSTER_198,A,130.7740916070245
CLUSTER_198,B,58.2821757132536
CLUSTER_198,C,267.240227253949
CLUSTER_198,D,115.99827745421973
CLUSTER_198,E,296.1466270956255
CLUSTER_198,F,168.81717230098272
CLUSTER_198,G,128.6515287419651
CLUSTER_198,H,253.3501866795047
CLUSTER_198,I,57.856194083394776
CLUSTER_198,J,224.97405046801686
CLUSTER_198,K,155.87844866409415
CLUSTER_198,L,58.59340000948698
CLUSTER_198,M,60.30881308061393
CLUSTER_198,N,114.71603676862759
CLUSTER_198,O,203.4633080676968
CLUSTER_198,P,303.8837740506215
CLUSTER_198,Q,150.48243766722908
CLUSTER_198,R,106.88643916027613
CLUSTER_198,S,116.63796222898578
CLUSTER_198,T,271.4647338739231
CLUSTER_198,U,5.178547648460082
CLUSTER_198,V,82.88385358445211
CLUSTER_198,W,199.06361028000217
CLUSTER_198,X,257.1983150010419
CLUSTER_198,Y,106.0745711485209
CLUSTER_198,Z,66.0359165197708
CLUSTER_198,AA,217.4864893331465
CLUSTER_198,AB,108.61974353799576
CLUSTER_198,AC,161.8997423945459
CLUSTER_198,AD,174.59035934116048
CLUSTER_199,A,110.51575083308545
CLUSTER_199,B,206.41852938837383
CLUSTER_199,C,37.982815039595785
CLUSTER_199,D,215.70266134381365
CLUSTER_199,E,133.85180497517135
CLUSTER_199,F,97.5779701892355
CLUSTER_199,G,172.14317518142266
CLUSTER_199,H,51.09572873375908
CLUSTER_199,I,188.84209450302728
CLUSTER_199,J,36.261427998644365
CLUSTER_199,K,198.62126310444052
CLUSTER_199,L,250.39875278455762
CLUSTER_199,M,254.24049004834526
CLUSTER_199,N,259.91612236783334
CLUSTER_199,O,46.58343323218769
CLUSTER_199,P,93.67220614968129
CLUSTER_199,Q,117.06907309934556
CLUSTER_199,R,150.95777613223981
CLUSTER_199,S,173.45106523263388
CLUSTER_199,T,34.49517295070167
CLUSTER_199,U,235.98753233166659
CLUSTER_199,V,158.82671529802707
CLUSTER_199,W,88.62473008901385
CLUSTER_199,X,80.45411567752447
CLUSTER_199,Y,209.73748980678852
CLUSTER_199,Z,212.47515290416447
CLUSTER_199,AA,73.58036534172774
CLUSTER_199,AB,143.69639585916852
CLUSTER_199,AC,140.09173288270247
CLUSTER_199,AD,69.48093762253478
CLUSTER_2,A,82.62057952768467
CLUSTER_2,B,116.25008169269015
CLUSTER_2,C,212.06728866135668
CLUSTER_2,D,44.177575215912704
CLUSTER_2,E,274.0074086239759
CLUSTER_2,F,84.33836856281337
CLUSTER_2,G,156.36612256674636
CLUSTER_2,H,172.46262960692025
CLUSTER_2,I,50.62817456963794
CLUSTER_2,J,176.19178543560642
CLUSTER_2,K,62.16408733080261
CLUSTER_2,L,148.28922695413195
CLUSTER_2,M,82.79839747988986
CLUSTER_2,N,194.07062518860772
CLUSTER_2,O,132.14178573071527
CLUSTER_2,P,260.9103582661834
CLUSTER_2,Q,139.2608659437784
CLUSTER_2,R,113.77023408482856
CLUSTER_2,S,15.025042767527284
CLUSTER_2,T,200.57565273593903
CLUSTER_2,U,97.44691519259891
CLUSTER_2,V,75.2925205564548
CLUSTER_2,W,175.43484606661582
CLUSTER_2,X,223.3079837112292
CLUSTER_2,Y,160.8694733112767
CLUSTER_2,Z,42.21504935557827
CLUSTER_2,AA,130.86076276694885
CLUSTER_2,AB,39.63625268111246
CLUSTER_2,AC,62.270896549739035
CLUSTER_2,AD,128.4953950264231
CLUSTER_20,A,75.01335086294641
CLUSTER_20,B,94.47418334986924
CLUSTER_20,C,211.08144832904782
CLUSTER_20,D,59.38707879573235
CLUSTER_20,E,265.4932943786575
CLUSTER_20,F,91.59338986106039
CLUSTER_20,G,137.40702716502682
CLUSTER_20,H,179.67001585498124
CLUSTER_20,I,29.0103605365008
CLUSTER_20,J,172.7747172456953
CLUSTER_20,K,83.73713710256294
CLUSTER_20,L,126.93508787603236
CLUSTER_20,M,75.73833269287923
CLUSTER_20,N,172.26750506169168
CLUSTER_20,O,135.01571488092097
CLUSTER_20,P,257.17379497439197
CLUSTER_20,Q,125.73592904190205
CLUSTER_20,R,95.90917812098746
CLUSTER_20,S,36.31975551301444
CLUSTER_20,T,204.40168471724002
CLUSTER_20,U,78.38714503223929
CLUSTER_20,V,56.48402106551817
CLUSTER_20,W,165.66556750642224
CLUSTER_20,X,216.84541949733457
CLUSTER_20,Y,139.69298838047132
CLUSTER_20,Z,33.7694180378998
CLUSTER_20,AA,140.05400464591568
CLUSTER_20,AB,35.02099642464333
CLUSTER_20,AC,78.90110246486027
CLUSTER_20,AD,122.95443657035973
CLUSTER_200,A,170.88333894596775
CLUSTER_200,B,252.8706322714632
CLUSTER_200,C,34.89733268379698
CLUSTER_200,D,286.0311786299339
CLUSTER_200,E,84.07223479277474
CLUSTER_200,F,169.35141072589826
CLUSTER_200,G,201.8590714030204
CLUSTER_200,H,111.44643863607585
CLUSTER_200,I,249.58624077638547
CLUSTER_200,J,72.18627852561183
CLUSTER_200,K,271.0487511755281
CLUSTER_200,L,294.3765473069722
CLUSTER_200,M,318.24165881409886
CLUSTER_200,N,290.9967462682448
CLUSTER_200,O,118.5361969999323
CLUSTER_200,P,25.557736876679606
CLUSTER_200,Q,152.96304286986395
CLUSTER_200,R,195.0936952388796
CLUSTER_200,S,243.3973846924565
CLUSTER_200,T,72.43355258212357
CLUSTER_200,U,291.6255816886936
CLUSTER_200,V,214.01497746168255
CLUSTER_200,W,107.0121226244456
CLUSTER_200,X,55.502998610226726
CLUSTER_200,Y,242.6332279979334
CLUSTER_200,Z,277.55996965344036
CLUSTER_200,AA,144.61873545474288
CLUSTER_200,AB,209.46723375556428
CLUSTER_200,AC,212.55851493379478
CLUSTER_200,AD,123.24422628369378
CLUSTER_201,A,105.40764906957376
CLUSTER_201,B,10.29039673105607
CLUSTER_201,C,224.59434672627452
CLUSTER_201,D,156.9056116385333
CLUSTER_201,E,236.42559355442373
CLUSTER_201,F,158.97808674221938
CLUSTER_201,G,62.23062413058928
CLUSTER_201,H,230.45237106316696
CLUSTER_201,I,75.64819215773412
CLUSTER_201,J,181.73076401961802
CLUSTER_201,K,186.74492756796047
CLUSTER_201,L,45.043983865634964
CLUSTER_201,M,122.8102334333412
CLUSTER_201,N,70.60828496635192
CLUSTER_201,O,177.6270524649768
CLUSTER_201,P,252.7010404505095
CLUSTER_201,Q,96.85465135625851
CLUSTER_201,R,55.22770876393239
CLUSTER_201,S,138.4721089895101
CLUSTER_201,T,239.12609489865758
CLUSTER_201,U,65.27536757974468
CLUSTER_201,V,60.19456658831682
CLUSTER_201,W,145.07732925515074
CLUSTER_201,X,203.82571069271148
CLUSTER_201,Y,40.51184807186065
CLUSTER_201,Z,108.4646302922769
CLUSTER_201,AA,203.09654998367412
CLUSTER_201,AB,107.82544965234734
CLUSTER_201,AC,170.34820273559362
CLUSTER_201,AD,136.2153034288028
CLUSTER_202,A,110.0376544715074
CLUSTER_202,B,160.01130324861782
CLUSTER_202,C,220.64576651537487
CLUSTER_202,D,40.74785120252281
CLUSTER_202,E,295.2628073867041
CLUSTER_202,F,86.15651078874349
CLUSTER_202,G,196.24166837198476
CLUSTER_202,H,165.89111022520413
CLUSTER_202,I,94.30791964218763
CLUSTER_202,J,190.55885858690218
CLUSTER_202,K,20.378013709518655
CLUSTER_202,L,191.4857232193333
CLUSTER_202,M,109.43340415409563
CLUSTER_202,N,237.8636239461003
CLUSTER_202,O,137.08848314678943
CLUSTER_202,P,273.5627421902058
CLUSTER_202,Q,171.65684389891362
CLUSTER_202,R,152.7719899767374
CLUSTER_202,S,30.0442027747738
CLUSTER_202,T,199.98149375905007
CLUSTER_202,U,138.20137627827089
CLUSTER_202,V,116.27721390770182
CLUSTER_202,W,200.8592358932513
CLUSTER_202,X,241.77241896231962
CLUSTER_202,Y,203.8044715466236
CLUSTER_202,Z,77.09467822419808
CLUSTER_202,AA,122.45821137579057
CLUSTER_202,AB,71.66842766696652
CLUSTER_202,AC,45.11717865098085
CLUSTER_202,AD,148.9408499634239
CLUSTER_203,A,124.37502825128584
CLUSTER_203,B,92.82870441029291
CLUSTER_203,C,263.1529297241173
CLUSTER_203,D,69.31737254108704
CLUSTER_203,E,308.23719377573656
CLUSTER_203,F,146.68501236659566
CLUSTER_203,G,156.5091410993811
CLUSTER_203,H,234.84324186427384
CLUSTER_203,I,46.823860695283884
CLUSTER_203,J,223.18394445011876
CLUSTER_203,K,111.44419609786205
CLUSTER_203,L,105.81105720050358
CLUSTER_203,M,23.875695622981546
CLUSTER_203,N,160.63557147890788
CLUSTER_203,O,189.61622560020882
CLUSTER_203,P,306.4044707097803
CLUSTER_203,Q,162.79404313637517
CLUSTER_203,R,123.53355945723821
CLUSTER_203,S,79.76512909572884
CLUSTER_203,T,259.05565923289953
CLUSTER_203,U,46.112069531541444
CLUSTER_203,V,87.7387663373384
CLUSTER_203,W,208.19890923755148
CLUSTER_203,X,263.24167217715507
CLUSTER_203,Y,143.6179316341072
CLUSTER_203,Z,24.37679037506047
CLUSTER_203,AA,194.93081260794088
CLUSTER_203,AB,89.24494984832216
CLUSTER_203,AC,128.69219124038634
CLUSTER_203,AD,172.2932714203003
CLUSTER_204,A,124.70589121825063
CLUSTER_204,B,25.629372515597804
CLUSTER_204,C,251.9526908780368
CLUSTER_204,D,147.8536391595128
CLUSTER_204,E,267.8294208134936
CLUSTER_204,F,173.24957225488478
CLUSTER_204,G,93.54311158385497
CLUSTER_204,H,250.93616889147427
CLUSTER_204,I,72.80850776126664
CLUSTER_204,J,209.01907120492794
CLUSTER_204,K,183.20303305487872
CLUSTER_204,L,25.298635917685967
CLUSTER_204,M,101.15012455527024
CLUSTER_204,N,75.54070247593373
CLUSTER_204,O,198.68594481044013
CLUSTER_204,P,282.5401081677639
CLUSTER_204,Q,126.50267660947712
CLUSTER_204,R,83.2743705632583
CLUSTER_204,S,138.0872888350143
CLUSTER_204,T,263.14066164452674
CLUSTER_204,U,40.846342109093534
CLUSTER_204,V,75.30449640585414
CLUSTER_204,W,175.2152013007841
CLUSTER_204,X,234.05244668189607
CLUSTER_204,Y,65.58256070437483
CLUSTER_204,Z,97.0809990357042
CLUSTER_204,AA,219.95483555975315
CLUSTER_204,AB,116.45907959545256
CLUSTER_204,AC,176.91083679435462
CLUSTER_204,AD,161.36368209178093
CLUSTER_205,A,106.68421475959876
CLUSTER_205,B,91.44187658768658
CLUSTER_205,C,244.8223673297451
CLUSTER_205,D,58.5981428353332
CLUSTER_205,E,293.49799552265927
CLUSTER_205,F,126.73690172071612
CLUSTER_205,G,149.24818611674695
CLUSTER_205,H,214.9455007096166
CLUSTER_205,I,33.14207017186276
CLUSTER_205,J,205.45796301522734
CLUSTER_205,K,97.32326090809046
CLUSTER_205,L,112.5044530504072
CLUSTER_205,M,41.00657720103722
CLUSTER_205,N,164.60991105095175
CLUSTER_205,O,170.15194140392086
CLUSTER_205,P,289.22845939075995
CLUSTER_205,Q,149.4593988752181
CLUSTER_205,R,112.77321637667528
CLUSTER_205,S,61.06802946210715
CLUSTER_205,T,239.57761429405778
CLUSTER_205,U,55.17492634251511
CLUSTER_205,V,74.68837473915463
CLUSTER_205,W,193.26873896667863
CLUSTER_205,X,247.07659638912565
CLUSTER_205,Y,141.56572598792428
CLUSTER_205,Z,7.693723907188768
CLUSTER_205,AA,174.95479996880206
CLUSTER_205,AB,69.82417474160734
CLUSTER_205,AC,109.44101899142935
CLUSTER_205,AD,154.84199218606378
CLUSTER_206,A,135.26194246463726
CLUSTER_206,B,68.98816489743476
CLUSTER_206,C,222.71054158519445
CLUSTER_206,D,213.27331496901863
CLUSTER_206,E,208.44115585023502
CLUSTER_206,F,192.73797060102805
CLUSTER_206,G,41.19798853761259
CLUSTER_206,H,248.63097379026843
CLUSTER_206,I,131.46734563479072
CLUSTER_206,J,182.38988832452503
CLUSTER_206,K,239.4000890058418
CLUSTER_206,L,78.96426021676417
CLUSTER_206,M,181.1562443105042
CLUSTER_206,N,50.493684292056855
CLUSTER_206,O,197.06038136767293
CLUSTER_206,P,238.0143560864837
CLUSTER_206,Q,96.3611140862776
CLUSTER_206,R,75.4258041288842
CLUSTER_206,S,189.99346835479236
CLUSTER_206,T,247.83440152014362
CLUSTER_206,U,122.23030012025481
CLUSTER_206,V,104.34348109391492
CLUSTER_206,W,134.43791318875842
CLUSTER_206,X,188.55711490497558
CLUSTER_206,Y,18.201641940879625
CLUSTER_206,Z,166.31967224167474
CLUSTER_206,AA,230.02870364787827
CLUSTER_206,AB,152.7953416562176
CLUSTER_206,AC,214.0574885323654
CLUSTER_206,AD,148.13107673938023
CLUSTER_207,A,161.76775777381943
CLUSTER_207,B,64.27378364117259
CLUSTER_207,C,269.1893319291315
CLUSTER_207,D,206.7501024866146
CLUSTER_207,E,262.068899239214
CLUSTER_207,F,216.63627427454333
CLUSTER_207,G,88.5175286088292
CLUSTER_207,H,284.56648545556055
CLUSTER_207,I,128.96727921114916
CLUSTER_207,J,227.31430467970887
CLUSTER_207,K,240.6530188560298
CLUSTER_207,L,39.93804598660036
CLUSTER_207,M,158.1499197256403
CLUSTER_207,N,16.891073975727178
CLUSTER_207,O,231.76517578256573
CLUSTER_207,P,289.1668756529561
CLUSTER_207,Q,139.64045539690704
CLUSTER_207,R,105.73275123436484
CLUSTER_207,S,193.83850091929705
CLUSTER_207,T,289.3913251568589
CLUSTER_207,U,98.45234301564473
CLUSTER_207,V,118.26281271783064
CLUSTER_207,W,183.19021675978536
CLUSTER_207,X,239.53562990466102
CLUSTER_207,Y,47.60664607260248
CLUSTER_207,Z,156.12847269625513
CLUSTER_207,AA,259.67187939680434
CLUSTER_207,AB,165.72631862513498
CLUSTER_207,AC,228.13030005894925
CLUSTER_207,AD,186.6949743746655
CLUSTER_208,A,128.37442796058164
CLUSTER_208,B,134.4224490106578
CLUSTER_208,C,259.228305642851
CLUSTER_208,D,20.20887246344904
CLUSTER_208,E,319.78664537128316
CLUSTER_208,F,129.34258014699586
CLUSTER_208,G,188.68487805491867
CLUSTER_208,H,216.08176459041513
CLUSTER_208,I,71.56093220202551
CLUSTER_208,J,223.39764630376519
CLUSTER_208,K,64.48986054885441
CLUSTER_208,L,154.6727238086091
CLUSTER_208,M,52.33701359624674
CLUSTER_208,N,207.68077822713482
CLUSTER_208,O,178.57521742733653
CLUSTER_208,P,308.1229213231484
CLUSTER_208,Q,180.94479330415322
CLUSTER_208,R,149.23071190547822
CLUSTER_208,S,51.982350586614764
CLUSTER_208,T,246.23012200112186
CLUSTER_208,U,95.69212214115112
CLUSTER_208,V,109.67635572532927
CLUSTER_208,W,220.36893210717147
CLUSTER_208,X,269.9258881380195
CLUSTER_208,Y,184.1249434528146
CLUSTER_208,Z,35.91808064509237
CLUSTER_208,AA,173.32870259054263
CLUSTER_208,AB,85.73940263245682
CLUSTER_208,AC,98.18673883593513
CLUSTER_208,AD,175.23410642753672
CLUSTER_209,A,120.20188422262557
CLUSTER_209,B,22.476289664086426
CLUSTER_209,C,236.03341191295334
CLUSTER_209,D,169.32355199109384
CLUSTER_209,E,242.450122351421
CLUSTER_209,F,174.19514202370618
CLUSTER_209,G,65.64934548646885
CLUSTER_209,H,244.6826519923589
CLUSTER_209,I,88.95476915600787
CLUSTER_209,J,193.34309994752536
CLUSTER_209,K,200.57405521990555
CLUSTER_209,L,35.15708040564473
CLUSTER_209,M,130.23159572693024
CLUSTER_209,N,55.69230216474853
CLUSTER_209,O,191.81731383596696
CLUSTER_209,P,261.86211223906605
CLUSTER_209,Q,107.01504933174515
CLUSTER_209,R,67.57303966824011
CLUSTER_209,S,152.74240458174475
CLUSTER_209,T,252.2474386746503
CLUSTER_209,U,70.6344309013693
CLUSTER_209,V,75.50706418789032
CLUSTER_209,W,154.21910568689884
CLUSTER_209,X,212.5932456085976
CLUSTER_209,Y,34.29910907728037
CLUSTER_209,Z,119.90214068269161
CLUSTER_209,AA,218.02068811002985
CLUSTER_209,AB,123.03315602404494
CLUSTER_209,AC,185.51486329391903
CLUSTER_209,AD,149.18413055270068
CLUSTER_21,A,102.96947914962827
CLUSTER_21,B,205.59060052949417
CLUSTER_21,C,77.7174314311651
CLUSTER_21,D,187.37615362933943
CLUSTER_21,E,174.60531655374837
CLUSTER_21,F,69.55945316511611
CLUSTER_21,G,185.10501354227648
CLUSTER_21,H,23.579539606874317
CLUSTER_21,I,175.06102824311736
CLUSTER_21,J,70.34712698559171
CLUSTER_21,K,164.75295124074006
CLUSTER_21,L,249.903778461704
CLUSTER_21,M,234.67730513731044
CLUSTER_21,N,268.1909306624047
CLUSTER_21,O,29.29788155122423
CLUSTER_21,P,133.74969566092093
CLUSTER_21,Q,130.92159350712288
CLUSTER_21,R,155.33304868914712
CLUSTER_21,S,146.81438708303057
CLUSTER_21,T,48.18151518921184
CLUSTER_21,U,225.9022562175275
CLUSTER_21,V,152.68540065830365
CLUSTER_21,W,116.234555068788
CLUSTER_21,X,120.41011005455182
CLUSTER_21,Y,218.66964373782113
CLUSTER_21,Z,192.50947436656145
CLUSTER_21,AA,33.44763853416649
CLUSTER_21,AB,125.59736030004636
CLUSTER_21,AC,106.88414652006338
CLUSTER_21,AD,77.76088278479924
CLUSTER_210,A,125.86002390746398
CLUSTER_210,B,49.59619461107455
CLUSTER_210,C,225.0149421209218
CLUSTER_210,D,195.3308272636896
CLUSTER_210,E,219.41495410478768
CLUSTER_210,F,182.80477312013355
CLUSTER_210,G,44.005775332311714
CLUSTER_210,H,244.35465818652202
CLUSTER_210,I,113.59051888637049
CLUSTER_210,J,183.44944693347458
CLUSTER_210,K,223.03822165507972
CLUSTER_210,L,61.514906485020454
CLUSTER_210,M,161.45363606754177
CLUSTER_210,N,47.62038384710679
CLUSTER_210,O,191.96099295056493
CLUSTER_210,P,244.72754449165927
CLUSTER_210,Q,95.86115983587604
CLUSTER_210,R,66.57792913001511
CLUSTER_210,S,173.93720178061324
CLUSTER_210,T,246.74868492913495
CLUSTER_210,U,102.4540383157954
CLUSTER_210,V,89.821671165223
CLUSTER_210,W,138.63725567579633
CLUSTER_210,X,195.09314915729718
CLUSTER_210,Y,3.167617188365254
CLUSTER_210,Z,147.60661531152226
CLUSTER_210,AA,222.67373611607215
CLUSTER_210,AB,138.77348730733377
CLUSTER_210,AC,200.8791725823141
CLUSTER_210,AD,144.88104616959203
CLUSTER_211,A,133.82301152715834
CLUSTER_211,B,236.7542829899105
CLUSTER_211,C,86.11896928924071
CLUSTER_211,D,207.5857492822994
CLUSTER_211,E,188.33972965430274
CLUSTER_211,F,94.21007474236022
CLUSTER_211,G,216.2935770175434
CLUSTER_211,H,8.210674073111372
CLUSTER_211,I,203.48487858072417
CLUSTER_211,J,93.0714623069022
CLUSTER_211,K,179.79094206787312
CLUSTER_211,L,281.00853399641875
CLUSTER_211,M,260.0590664535033
CLUSTER_211,N,299.77208510436753
CLUSTER_211,O,60.812178659065445
CLUSTER_211,P,139.54934138999758
CLUSTER_211,Q,161.77738114635872
CLUSTER_211,R,186.9176558299736
CLUSTER_211,S,169.1507099585917
CLUSTER_211,T,42.441423222813896
CLUSTER_211,U,255.1081840837235
CLUSTER_211,V,183.29517149280213
CLUSTER_211,W,143.11227327172287
CLUSTER_211,X,137.09640076320287
CLUSTER_211,Y,250.21487587529242
CLUSTER_211,Z,218.11408443343424
CLUSTER_211,AA,47.54737110176371
CLUSTER_211,AB,153.14774598502757
CLUSTER_211,AC,124.6568694755488
CLUSTER_211,AD,108.82434403476964
CLUSTER_212,A,8.797429293141423
CLUSTER_212,B,95.40998637359844
CLUSTER_212,C,147.63107034579173
CLUSTER_212,D,121.31668687560713
CLUSTER_212,E,197.77652418351522
CLUSTER_212,F,62.4466917548287
CLUSTER_212,G,97.27571365435118
CLUSTER_212,H,134.4739283710505
CLUSTER_212,I,70.51480921350318
CLUSTER_212,J,107.07451652071599
CLUSTER_212,K,127.59552689690551
CLUSTER_212,L,139.35387362320628
CLUSTER_212,M,139.34570230359753
CLUSTER_212,N,164.91249531283532
CLUSTER_212,O,82.61200215915312
CLUSTER_212,P,190.50565354440135
CLUSTER_212,Q,64.33592679935725
CLUSTER_212,R,55.39711449384043
CLUSTER_212,S,81.9125436457581
CLUSTER_212,T,149.56156411392647
CLUSTER_212,U,116.83174393095003
CLUSTER_212,V,41.37650862014383
CLUSTER_212,W,98.43985050851171
CLUSTER_212,X,149.01136365713722
CLUSTER_212,Y,118.88466351879055
CLUSTER_212,Z,99.81398329742382
CLUSTER_212,AA,104.95766104947438
CLUSTER_212,AB,37.7543801045899
CLUSTER_212,AC,86.8584894044701
CLUSTER_212,AD,56.18392378694929
CLUSTER_213,A,198.24069688561576
CLUSTER_213,B,262.0686753628878
CLUSTER_213,C,85.05054642905749
CLUSTER_213,D,321.6696508451011
CLUSTER_213,E,35.20558857969838
CLUSTER_213,F,210.8245575887849
CLUSTER_213,G,200.41759070736668
CLUSTER_213,H,166.2657496014375
CLUSTER_213,I,272.9637149803319
CLUSTER_213,J,105.0102053652843
CLUSTER_213,K,312.82145899516325
CLUSTER_213,L,299.45491497838253
CLUSTER_213,M,343.48589712879925
CLUSTER_213,N,285.0038199138786
CLUSTER_213,O,162.51579825996788
CLUSTER_213,P,32.2185325465508
CLUSTER_213,Q,162.2580713926443
CLUSTER_213,R,206.15424088028652
CLUSTER_213,S,279.1485441674715
CLUSTER_213,T,128.85549712204912
CLUSTER_213,U,308.0428054206369
CLUSTER_213,V,233.4870969490032
CLUSTER_213,W,113.51734000622913
CLUSTER_213,X,56.55532664444032
CLUSTER_213,Y,240.69437892979033
CLUSTER_213,Z,305.1953548085184
CLUSTER_213,AA,194.7096112538566
CLUSTER_213,AB,240.27769240045768
CLUSTER_213,AC,255.32825488147054
CLUSTER_213,AD,150.7477190826006
CLUSTER_214,A,156.2866109704395
CLUSTER_214,B,191.0427307063026
CLUSTER_214,C,266.6374238148408
CLUSTER_214,D,44.40108486196571
CLUSTER_214,E,342.73661235592147
CLUSTER_214,F,132.50178582324955
CLUSTER_214,G,236.4526902244968
CLUSTER_214,H,206.97617392417015
CLUSTER_214,I,124.83712037958213
CLUSTER_214,J,237.72939339159277
CLUSTER_214,K,30.575711880348656
CLUSTER_214,L,215.48465201718318
CLUSTER_214,M,111.45821247304727
CLUSTER_214,N,266.8488393113636
CLUSTER_214,O,183.00709301551615
CLUSTER_214,P,320.2222402522428
CLUSTER_214,Q,216.84359206176114
CLUSTER_214,R,193.87705047553942
CLUSTER_214,S,71.25328058858388
CLUSTER_214,T,243.16196373740402
CLUSTER_214,U,157.23786259036612
CLUSTER_214,V,155.32805188652762
CLUSTER_214,W,247.95836099367767
CLUSTER_214,X,289.191661861614
CLUSTER_214,Y,238.6320668290293
CLUSTER_214,Z,95.29935598964481
CLUSTER_214,AA,164.0234149162086
CLUSTER_214,AB,115.72157194558916
CLUSTER_214,AC,89.08516014443225
CLUSTER_214,AD,196.37068299476235
CLUSTER_215,A,141.94553243132933
CLUSTER_215,B,69.67924669833623
CLUSTER_215,C,278.9838588190438
CLUSTER_215,D,117.27845355184114
CLUSTER_215,E,308.41524242009064
CLUSTER_215,F,178.08830834685622
CLUSTER_215,G,140.26982068659424
CLUSTER_215,H,263.4860364206403
CLUSTER_215,I,66.98754533579769
CLUSTER_215,J,236.82449526280007
CLUSTER_215,K,158.72807691728534
CLUSTER_215,L,64.09310478562455
CLUSTER_215,M,55.34483045879294
CLUSTER_215,N,120.88114826710719
CLUSTER_215,O,214.11165103089417
CLUSTER_215,P,316.02460185274475
CLUSTER_215,Q,162.762235045141
CLUSTER_215,R,119.16629892040417
CLUSTER_215,S,122.1754498222277
CLUSTER_215,T,282.4338387518138
CLUSTER_215,U,16.909558802896793
CLUSTER_215,V,94.63738815701518
CLUSTER_215,W,211.3287164167392
CLUSTER_215,X,269.4281572147357
CLUSTER_215,Y,116.16671338258826
CLUSTER_215,Z,69.10675741709083
CLUSTER_215,AA,226.87919282863135
CLUSTER_215,AB,117.84164917576133
CLUSTER_215,AC,168.7909790562925
CLUSTER_215,AD,186.30786305493342
CLUSTER_216,A,124.08474780329024
CLUSTER_216,B,227.18682336109615
CLUSTER_216,C,90.22163889162913
CLUSTER_216,D,195.9459155785083
CLUSTER_216,E,191.24021113287736
CLUSTER_216,F,82.76976884645958
CLUSTER_216,G,209.1958726181816
CLUSTER_216,H,9.513711958366628
CLUSTER_216,I,192.4901831517577
CLUSTER_216,J,91.68893980087842
CLUSTER_216,K,168.5019266773378
CLUSTER_216,L,271.3434471792174
CLUSTER_216,M,248.5230537350857
CLUSTER_216,N,291.49228236670444
CLUSTER_216,O,52.434974983837684
CLUSTER_216,P,145.01426997055935
CLUSTER_216,Q,155.20013052980732
CLUSTER_216,R,178.42789797203258
CLUSTER_216,S,157.48799299128703
CLUSTER_216,T,49.71048790605891
CLUSTER_216,U,244.31721557718473
CLUSTER_216,V,173.2709071461195
CLUSTER_216,W,139.76143082895547
CLUSTER_216,X,138.63812749272873
CLUSTER_216,Y,242.20294144625598
CLUSTER_216,Z,206.61509011687355
CLUSTER_216,AA,35.885453865079754
CLUSTER_216,AB,142.00514248209552
CLUSTER_216,AC,113.07471981622045
CLUSTER_216,AD,102.00184400477741
CLUSTER_217,A,121.15499035138228
CLUSTER_217,B,213.13998942904678
CLUSTER_217,C,21.328689049453377
CLUSTER_217,D,230.7528547893407
CLUSTER_217,E,118.5048677817155
CLUSTER_217,F,113.30740583796937
CLUSTER_217,G,173.69252667730566
CLUSTER_217,H,64.71536613497749
CLUSTER_217,I,200.11769476626696
CLUSTER_217,J,32.534436681999836
CLUSTER_217,K,214.84961248168312
CLUSTER_217,L,256.62505851395144
CLUSTER_217,M,266.83808518534494
CLUSTER_217,N,262.58390895362373
CLUSTER_217,O,62.381163207001215
CLUSTER_217,P,76.80380825311151
CLUSTER_217,Q,119.44416811807936
CLUSTER_217,R,156.47492715101086
CLUSTER_217,S,188.2868342131991
CLUSTER_217,T,37.56170496417369
CLUSTER_217,U,245.71997249292184
CLUSTER_217,V,168.01760275774066
CLUSTER_217,W,84.79020638225037
CLUSTER_217,X,66.58420316747899
CLUSTER_217,Y,212.55650414621962
CLUSTER_217,Z,225.3896643962395
CLUSTER_217,AA,90.37217759322512
CLUSTER_217,AB,156.68285157997738
CLUSTER_217,AC,156.3538582537619
CLUSTER_217,AD,76.70176090849033
CLUSTER_218,A,113.59861817921157
CLUSTER_218,B,62.02163114400869
CLUSTER_218,C,251.96150699301774
CLUSTER_218,D,95.1195086274875
CLUSTER_218,E,287.8710031129945
CLUSTER_218,F,147.60442670675607
CLUSTER_218,G,128.2942835602527
CLUSTER_218,H,233.3976557482224
CLUSTER_218,I,36.62528937849679
CLUSTER_218,J,210.37354567935475
CLUSTER_218,K,133.63259356552462
CLUSTER_218,L,76.21838435442668
CLUSTER_218,M,50.76938437934779
CLUSTER_218,N,129.8495550442828
CLUSTER_218,O,184.6053531808486
CLUSTER_218,P,291.33673971819456
CLUSTER_218,Q,141.4771641657116
CLUSTER_218,R,99.49625951637054
CLUSTER_218,S,93.53023531212244
CLUSTER_218,T,253.34281758016485
CLUSTER_218,U,18.957503032202066
CLUSTER_218,V,68.89582325283752
CLUSTER_218,W,188.95359416777865
CLUSTER_218,X,245.99551030195747
CLUSTER_218,Y,112.70239570505545
CLUSTER_218,Z,44.35039869717306
CLUSTER_218,AA,196.41446206304778
CLUSTER_218,AB,87.37999766793357
CLUSTER_218,AC,138.9532516177455
CLUSTER_218,AD,159.43932839463926
CLUSTER_219,A,27.886694416856383
CLUSTER_219,B,100.94396443701665
CLUSTER_219,C,127.81101835133636
CLUSTER_219,D,152.60254566483198
CLUSTER_219,E,167.7728648054189
CLUSTER_219,F,79.49987324010446
CLUSTER_219,G,79.76350874534239
CLUSTER_219,H,132.1558852467049
CLUSTER_219,I,95.35694277462544
CLUSTER_219,J,85.23438478844535
CLUSTER_219,K,157.96098464137467
CLUSTER_219,L,144.9708043578654
CLUSTER_219,M,165.8497905745048
CLUSTER_219,N,159.56466466572718
CLUSTER_219,O,79.58312470751264
CLUSTER_219,P,165.28544459019108
CLUSTER_219,Q,35.12427856755288
CLUSTER_219,R,46.84486756643231
CLUSTER_219,S,113.1705800929246
CLUSTER_219,T,138.68561565267646
CLUSTER_219,U,134.88144933852732
CLUSTER_219,V,57.33765510122499
CLUSTER_219,W,67.78287179923089
CLUSTER_219,X,121.11771872459211
CLUSTER_219,Y,110.23996506491802
CLUSTER_219,Z,128.25616238415748
CLUSTER_219,AA,111.85702368903833
CLUSTER_219,AB,69.10760161582952
CLUSTER_219,AC,112.93110467000811
CLUSTER_219,AD,36.11649137561713
CLUSTER_22,A,97.31690898238942
CLUSTER_22,B,76.02808010309417
CLUSTER_22,C,236.32340000977467
CLUSTER_22,D,72.23319717798077
CLUSTER_22,E,280.9366008055257
CLUSTER_22,F,124.1400825885381
CLUSTER_22,G,133.59429185066816
CLUSTER_22,H,211.39362352162954
CLUSTER_22,I,19.384369513478273
CLUSTER_22,J,196.01098662860477
CLUSTER_22,K,108.04935295545945
CLUSTER_22,L,99.80428676700379
CLUSTER_22,M,51.27914296172555
CLUSTER_22,N,150.36517172283496
CLUSTER_22,O,164.49370928032963
CLUSTER_22,P,279.00947027056935
CLUSTER_22,Q,135.88642311211595
CLUSTER_22,R,97.91075259247921
CLUSTER_22,S,66.68432572161562
CLUSTER_22,T,233.8308736435396
CLUSTER_22,U,45.72077405708997
CLUSTER_22,V,60.78405663715069
CLUSTER_22,W,180.82789499790593
CLUSTER_22,X,235.73970400293092
CLUSTER_22,Y,125.90298570768157
CLUSTER_22,Z,22.513463965976467
CLUSTER_22,AA,172.90407852198308
CLUSTER_22,AB,64.72653783026999
CLUSTER_22,AC,112.50070725839801
CLUSTER_22,AD,145.0420123328507
CLUSTER_220,A,90.81703610211446
CLUSTER_220,B,188.79792772095908
CLUSTER_220,C,56.45962174614207
CLUSTER_220,D,195.56802328846322
CLUSTER_220,E,144.62710109535934
CLUSTER_220,F,78.03287089362318
CLUSTER_220,G,159.23804328432752
CLUSTER_220,H,51.84374494643568
CLUSTER_220,I,168.6834940837364
CLUSTER_220,J,37.49916309299482
CLUSTER_220,K,179.80170503723096
CLUSTER_220,L,233.01344517283167
CLUSTER_220,M,233.72086496983636
CLUSTER_220,N,245.4396019519844
CLUSTER_220,O,27.267227805075443
CLUSTER_220,P,110.5671498196633
CLUSTER_220,Q,104.09759918857709
CLUSTER_220,R,134.58318287755924
CLUSTER_220,S,153.191645081013
CLUSTER_220,T,50.66423117573814
CLUSTER_220,U,216.43779986130446
CLUSTER_220,V,139.7323949698125
CLUSTER_220,W,83.64066237209657
CLUSTER_220,X,89.53454622939098
CLUSTER_220,Y,195.3434171497306
CLUSTER_220,Z,191.9250032635746
CLUSTER_220,AA,60.87547831916638
CLUSTER_220,AB,123.15246587902293
CLUSTER_220,AC,121.38533656449147
CLUSTER_220,AD,53.0930435903582
CLUSTER_221,A,101.20332327683097
CLUSTER_221,B,199.32801841912715
CLUSTER_221,C,50.35870448192981
CLUSTER_221,D,203.58200184246547
CLUSTER_221,E,143.91000100613454
CLUSTER_221,F,85.25790816380334
CLUSTER_221,G,168.86998044638412
CLUSTER_221,H,45.356663693022355
CLUSTER_221,I,178.79831831972513
CLUSTER_221,J,40.62379206815268
CLUSTER_221,K,186.16275211922311
CLUSTER_221,L,243.53107985124893
CLUSTER_221,M,243.3250503511358
CLUSTER_221,N,255.50325848937146
CLUSTER_221,O,34.33531747681896
CLUSTER_221,P,105.81512000792252
CLUSTER_221,Q,113.67056900262654
CLUSTER_221,R,144.96237605336972
CLUSTER_221,S,161.44180452373087
CLUSTER_221,T,40.11818761124879
CLUSTER_221,U,226.82758776415457
CLUSTER_221,V,150.2309678773378
CLUSTER_221,W,90.30248166966538
CLUSTER_221,X,89.58054241793376
CLUSTER_221,Y,205.37060542532555
CLUSTER_221,Z,201.4209055309874
CLUSTER_221,AA,62.09550302469848
CLUSTER_221,AB,132.71221014133602
CLUSTER_221,AC,127.63212396749687
CLUSTER_221,AD,63.3680485716615
CLUSTER_222,A,117.72602868286833
CLUSTER_222,B,207.16418017594953
CLUSTER_222,C,21.440303406114804
CLUSTER_222,D,230.71315117618138
CLUSTER_222,E,111.3146138651312
CLUSTER_222,F,114.50962772756921
CLUSTER_222,G,165.75540080015253
CLUSTER_222,H,72.78994504720153
CLUSTER_222,I,196.79189690892554
CLUSTER_222,J,24.344160777659305
CLUSTER_222,K,216.58058545041328
CLUSTER_222,L,250.35036058338588
CLUSTER_222,M,264.37653393240424
CLUSTER_222,N,254.89375108299788
CLUSTER_222,O,64.21361091284423
CLUSTER_222,P,73.54450894118791
CLUSTER_222,Q,111.95542077321467
CLUSTER_222,R,150.090936490755
CLUSTER_222,S,188.07822447433063
CLUSTER_222,T,47.06810903203152
CLUSTER_222,U,241.30366139642504
CLUSTER_222,V,163.46217729646818
CLUSTER_222,W,75.74063001840781
CLUSTER_222,X,58.26240208359227
CLUSTER_222,Y,204.97652512944876
CLUSTER_222,Z,223.25302652128306
CLUSTER_222,AA,95.41128852412444
CLUSTER_222,AB,154.79304017529037
CLUSTER_222,AC,158.26419598787
CLUSTER_222,AD,71.77052852948881
CLUSTER_223,A,81.88424046916431
CLUSTER_223,B,147.3734875863735
CLUSTER_223,C,190.27547157574017
CLUSTER_223,D,63.919973865180864
CLUSTER_223,E,264.4582997449886
CLUSTER_223,F,55.9490861380643
CLUSTER_223,G,174.07291194403217
CLUSTER_223,H,139.4812956360847
CLUSTER_223,I,86.30873120826949
CLUSTER_223,J,159.6157157617157
CLUSTER_223,K,49.46964372224031
CLUSTER_223,L,183.74616531260705
CLUSTER_223,M,121.38803045704312
CLUSTER_223,N,225.07998175362883
CLUSTER_223,O,106.9460893613034
CLUSTER_223,P,242.7986353040065
CLUSTER_223,Q,144.33980610405374
CLUSTER_223,R,130.4215386061298
CLUSTER_223,S,27.27079749609094
CLUSTER_223,T,171.6291312914393
CLUSTER_223,U,136.55713939016746
CLUSTER_223,V,97.46082918021514
CLUSTER_223,W,170.89166617836227
CLUSTER_223,X,210.84118210877912
CLUSTER_223,Y,186.61103141695287
CLUSTER_223,Z,82.30254496426656
CLUSTER_223,AA,96.37737687305527
CLUSTER_223,AB,48.94042926339965
CLUSTER_223,AC,22.099214888025337
CLUSTER_223,AD,118.38074207689823
CLUSTER_224,A,194.67256656474174
CLUSTER_224,B,99.45853741159307
CLUSTER_224,C,294.11989059045396
CLUSTER_224,D,241.01641404630183
CLUSTER_224,E,276.21945388349087
CLUSTER_224,F,250.41524460911376
CLUSTER_224,G,111.96254560687005
CLUSTER_224,H,315.314355398395
CLUSTER_224,I,164.07352153811658
CLUSTER_224,J,253.3182560766775
CLUSTER_224,K,275.6489640334891
CLUSTER_224,L,70.9274909957936
CLUSTER_224,M,189.0298357026123
CLUSTER_224,N,23.66569131115386
CLUSTER_224,O,262.78501262321936
CLUSTER_224,P,309.12298398928675
CLUSTER_224,Q,166.22274414923316
CLUSTER_224,R,136.80202716543192
CLUSTER_224,S,229.04310232732502
CLUSTER_224,T,317.5826443233149
CLUSTER_224,U,130.66686343379376
CLUSTER_224,V,152.80454354106297
CLUSTER_224,W,206.07450598308776
CLUSTER_224,X,259.8306144020247
CLUSTER_224,Y,73.53377873534947
CLUSTER_224,Z,190.20659585314294
CLUSTER_224,AA,292.344229053163
CLUSTER_224,AB,200.68013038631082
CLUSTER_224,AC,263.1634923293811
CLUSTER_224,AD,215.96401942685154
CLUSTER_225,A,117.34780871900155
CLUSTER_225,B,148.96968783608511
CLUSTER_225,C,238.51580438067705
CLUSTER_225,D,15.182426675062661
CLUSTER_225,E,307.29758535162637
CLUSTER_225,F,104.9667633998522
CLUSTER_225,G,193.48299786847548
CLUSTER_225,H,188.58651462119167
CLUSTER_225,I,82.46004531981622
CLUSTER_225,J,205.7215253872984
CLUSTER_225,K,33.02295348698075
CLUSTER_225,L,176.08054108097966
CLUSTER_225,M,84.91169873492807
CLUSTER_225,N,225.65459325284496
CLUSTER_225,O,155.74183684509597
CLUSTER_225,P,289.88290938353407
CLUSTER_225,Q,176.04097992724775
CLUSTER_225,R,151.13292983588568
CLUSTER_225,S,31.430457332297845
CLUSTER_225,T,221.10060264328857
CLUSTER_225,U,119.81596948521874
CLUSTER_225,V,112.34748610318802
CLUSTER_225,W,210.14057090584186
CLUSTER_225,X,255.16303667865162
CLUSTER_225,Y,195.8567196122347
CLUSTER_225,Z,57.11866497129257
CLUSTER_225,AA,145.27263463658275
CLUSTER_225,AB,75.13960282288082
CLUSTER_225,AC,68.25132500124316
CLUSTER_225,AD,160.72884344053082
CLUSTER_226,A,137.2954200122988
CLUSTER_226,B,43.00667557751217
CLUSTER_226,C,267.63527970179496
CLUSTER_226,D,144.90404071362033
CLUSTER_226,E,285.63823236558545
CLUSTER_226,F,182.78907894383613
CLUSTER_226,G,111.46376332014368
CLUSTER_226,H,263.11634675923676
CLUSTER_226,I,76.54229319624453
CLUSTER_226,J,224.7534646642772
CLUSTER_226,K,182.96111051106737
CLUSTER_226,L,27.762895934241797
CLUSTER_226,M,90.88824568241581
CLUSTER_226,N,84.22984609821069
CLUSTER_226,O,211.4044245232042
CLUSTER_226,P,299.4739679646812
CLUSTER_226,Q,143.5533398487795
CLUSTER_226,R,99.96110380009435
CLUSTER_226,S,140.43515537787303
CLUSTER_226,T,277.09351670202557
CLUSTER_226,U,32.29866749402618
CLUSTER_226,V,87.46430769481576
CLUSTER_226,W,192.3944057576903
CLUSTER_226,X,251.22163573385677
CLUSTER_226,Y,82.10385661877538
CLUSTER_226,Z,94.14592533686522
CLUSTER_226,AA,230.4257828156727
CLUSTER_226,AB,124.1637511682837
CLUSTER_226,AC,182.39173134548884
CLUSTER_226,AD,176.25877260854318
CLUSTER_227,A,127.48749842134131
CLUSTER_227,B,229.94407164905903
CLUSTER_227,C,113.84260996772257
CLUSTER_227,D,182.88659376736263
CLUSTER_227,E,214.22364639402838
CLUSTER_227,F,77.92873666041415
CLUSTER_227,G,219.1216620949357
CLUSTER_227,H,33.12183826360287
CLUSTER_227,I,189.0079853479985
CLUSTER_227,J,111.96930085801756
CLUSTER_227,K,151.89063637044242
CLUSTER_227,L,273.4928023803879
CLUSTER_227,M,240.13385989953977
CLUSTER_227,N,297.9586212039241
CLUSTER_227,O,63.382706453212045
CLUSTER_227,P,168.80418564208185
CLUSTER_227,Q,166.7926408120156
CLUSTER_227,R,185.0486933715784
CLUSTER_227,S,146.97606449943572
CLUSTER_227,T,73.16549711137282
CLUSTER_227,U,241.65740012755498
CLUSTER_227,V,174.76783666265203
CLUSTER_227,W,157.1015841928077
CLUSTER_227,X,160.9437501248547
CLUSTER_227,Y,249.64109087362627
CLUSTER_227,Z,198.91781050400039
CLUSTER_227,AA,29.843166461383678
CLUSTER_227,AB,138.140355844567
CLUSTER_227,AC,99.67213889103279
CLUSTER_227,AD,114.03782101857348
CLUSTER_228,A,115.94975513394233
CLUSTER_228,B,171.1720623355021
CLUSTER_228,C,219.93783463250998
CLUSTER_228,D,50.520434560344825
CLUSTER_228,E,297.805521067082
CLUSTER_228,F,86.01905734775244
CLUSTER_228,G,205.20422053086884
CLUSTER_228,H,161.52908545512966
CLUSTER_228,I,105.85188854771266
CLUSTER_228,J,191.71192649041163
CLUSTER_228,K,16.229325803891257
CLUSTER_228,L,203.28877100266993
CLUSTER_228,M,120.83248412339067
CLUSTER_228,N,249.11579326646154
CLUSTER_228,O,136.32286457230023
CLUSTER_228,P,273.7002496175583
CLUSTER_228,Q,178.20767520019598
CLUSTER_228,R,161.58327478805904
CLUSTER_228,S,40.87660268966613
CLUSTER_228,T,196.9128116136332
CLUSTER_228,U,150.29347171515994
CLUSTER_228,V,126.01532341181093
CLUSTER_228,W,205.10495885452602
CLUSTER_228,X,243.73047894479944
CLUSTER_228,Y,214.18453431982215
CLUSTER_228,Z,89.18899663803289
CLUSTER_228,AA,118.25407430266418
CLUSTER_228,AB,79.8544837298915
CLUSTER_228,AC,42.366292975997645
CLUSTER_228,AD,152.27155756351155
CLUSTER_229,A,61.89529977891948
CLUSTER_229,B,72.90798236452204
CLUSTER_229,C,156.40455051127861
CLUSTER_229,D,168.67761143451133
CLUSTER_229,E,172.3600367570031
CLUSTER_229,F,118.71080095389135
CLUSTER_229,G,38.6392048151701
CLUSTER_229,H,172.4369193072177
CLUSTER_229,I,95.53631165433694
CLUSTER_229,J,113.81177362296145
CLUSTER_229,K,183.42259564378324
CLUSTER_229,L,113.72849644664421
CLUSTER_229,M,163.67599258048668
CLUSTER_229,N,119.80912528079806
CLUSTER_229,O,120.43124865949804
CLUSTER_229,P,184.02513501614837
CLUSTER_229,Q,27.980382897064327
CLUSTER_229,R,17.05352767141537
CLUSTER_229,S,134.89486012886192
CLUSTER_229,T,174.91957030799702
CLUSTER_229,U,119.53452128230883
CLUSTER_229,V,54.39497692577734
CLUSTER_229,W,76.73453256530557
CLUSTER_229,X,135.5643593532874
CLUSTER_229,Y,69.81025170773907
CLUSTER_229,Z,132.95948562603954
CLUSTER_229,AA,153.43952813140686
CLUSTER_229,AB,91.42596927670215
CLUSTER_229,AC,146.5430877112224
CLUSTER_229,AD,72.66549813382615
CLUSTER_23,A,211.99771877758522
CLUSTER_23,B,261.36004238439995
CLUSTER_23,C,118.49303431839701
CLUSTER_23,D,338.13800007328575
CLUSTER_23,E,20.499524693895868
CLUSTER_23,F,233.57175629788566
CLUSTER_23,G,194.6782716426506
CLUSTER_23,H,199.70812527668414
CLUSTER_23,I,281.6887873530858
CLUSTER_23,J,128.46246126578998
CLUSTER_23,K,333.9513879669534
CLUSTER_23,L,295.00589589200723
CLUSTER_23,M,352.18987386987504
CLUSTER_23,N,273.3279425648361
CLUSTER_23,O,188.43692923997332
CLUSTER_23,P,70.82192555602697
CLUSTER_23,Q,166.12781044325473
CLUSTER_23,R,208.7055853831525
CLUSTER_23,S,296.38217319099647
CLUSTER_23,T,164.29337026386256
CLUSTER_23,U,311.20066417438375
CLUSTER_23,V,240.65868590191906
CLUSTER_23,W,120.51742779604477
CLUSTER_23,X,74.92855435050669
CLUSTER_23,Y,233.00715036172033
CLUSTER_23,Z,316.21300478397615
CLUSTER_23,AA,223.93103106522793
CLUSTER_23,AB,254.9389478467585
CLUSTER_23,AC,278.04495310567995
CLUSTER_23,AD,167.1218690177406
CLUSTER_230,A,46.64517684563324
CLUSTER_230,B,149.71186477172938
CLUSTER_230,C,106.15127726172443
CLUSTER_230,D,145.52298892459825
CLUSTER_230,E,180.28688888106166
CLUSTER_230,F,33.489775155699064
CLUSTER_230,G,137.50521056353594
CLUSTER_230,H,79.66003237519735
CLUSTER_230,I,119.82177768425714
CLUSTER_230,J,73.74528447958038
CLUSTER_230,K,134.1733292523244
CLUSTER_230,L,193.89145904567985
CLUSTER_230,M,182.99345991363543
CLUSTER_230,N,215.5021591135447
CLUSTER_230,O,28.59463882445517
CLUSTER_230,P,157.13407815603773
CLUSTER_230,Q,87.8241334232681
CLUSTER_230,R,102.49026897033136
CLUSTER_230,S,102.87740923393062
CLUSTER_230,T,97.7350390392791
CLUSTER_230,U,169.75829469589928
CLUSTER_230,V,96.17032102892348
CLUSTER_230,W,94.107961559949
CLUSTER_230,X,125.75905536299821
CLUSTER_230,Y,167.06635591651823
CLUSTER_230,Z,141.0412628413068
CLUSTER_230,AA,54.054255807150895
CLUSTER_230,AB,72.39525006960898
CLUSTER_230,AC,77.69130915970975
CLUSTER_230,AD,40.48611992514736
CLUSTER_231,A,88.93363883095782
CLUSTER_231,B,165.75470128641717
CLUSTER_231,C,180.42659481200516
CLUSTER_231,D,81.82672085030731
CLUSTER_231,E,261.0413187295184
CLUSTER_231,F,47.60070056714969
CLUSTER_231,G,186.2240127976779
CLUSTER_231,H,122.81015250832291
CLUSTER_231,I,107.05870756308217
CLUSTER_231,J,153.62627924949513
CLUSTER_231,K,55.871998673115705
CLUSTER_231,L,203.6579616327449
CLUSTER_231,M,143.0701759314422
CLUSTER_231,N,242.83497905605148
CLUSTER_231,O,96.92432156907499
CLUSTER_231,P,234.5802764795459
CLUSTER_231,Q,151.0290593827374
CLUSTER_231,R,143.050776752449
CLUSTER_231,S,49.160311693303804
CLUSTER_231,T,157.3618285152768
CLUSTER_231,U,158.10527940053518
CLUSTER_231,V,113.48099632500535
CLUSTER_231,W,171.71627747103133
CLUSTER_231,X,206.36720211197516
CLUSTER_231,Y,202.27369854767264
CLUSTER_231,Z,104.38566739986146
CLUSTER_231,AA,79.37932700241542
CLUSTER_231,AB,64.60742913948366
CLUSTER_231,AC,3.119787143769261
CLUSTER_231,AD,117.74931477907711
CLUSTER_232,A,90.72658201947749
CLUSTER_232,B,142.93431814440865
CLUSTER_232,C,96.59540383276251
CLUSTER_232,D,217.00088760216335
CLUSTER_232,E,104.67629225895138
CLUSTER_232,F,127.65395563161721
CLUSTER_232,G,87.32716389274093
CLUSTER_232,H,140.76317487646688
CLUSTER_232,I,156.92297738540924
CLUSTER_232,J,59.68481783209871
CLUSTER_232,K,219.31415962340495
CLUSTER_232,L,182.05384288517578
CLUSTER_232,M,227.44287531879633
CLUSTER_232,N,176.61120089060339
CLUSTER_232,O,99.83961245599438
CLUSTER_232,P,114.77046894582955
CLUSTER_232,Q,42.70593371810884
CLUSTER_232,R,86.58723436654999
CLUSTER_232,S,176.79075355062616
CLUSTER_232,T,128.10626255998417
CLUSTER_232,U,188.69055266322025
CLUSTER_232,V,115.98899290071999
CLUSTER_232,W,7.5958984802448075
CLUSTER_232,X,65.63003893176146
CLUSTER_232,Y,128.10983789864494
CLUSTER_232,Z,191.72590819702197
CLUSTER_232,AA,140.352874978372
CLUSTER_232,AB,133.34131882416574
CLUSTER_232,AC,168.73533503732224
CLUSTER_232,AD,55.30074488076539
CLUSTER_233,A,108.33179022543487
CLUSTER_233,B,140.2229661155368
CLUSTER_233,C,231.59573193957652
CLUSTER_233,D,19.954392584718654
CLUSTER_233,E,298.7552967756704
CLUSTER_233,F,98.91649359818929
CLUSTER_233,G,183.89947688257791
CLUSTER_233,H,184.06554665862413
CLUSTER_233,I,73.66552339744402
CLUSTER_233,J,198.01996286105984
CLUSTER_233,K,39.3617728404709
CLUSTER_233,L,168.42425508493105
CLUSTER_233,M,82.53100900618352
CLUSTER_233,N,217.23231427734027
CLUSTER_233,O,149.31737609303985
CLUSTER_233,P,282.3962636264908
CLUSTER_233,Q,166.60166949554525
CLUSTER_233,R,141.51069304068506
CLUSTER_233,S,23.03013746822264
CLUSTER_233,T,215.59003260923532
CLUSTER_233,U,113.1239543375355
CLUSTER_233,V,102.76492365158794
CLUSTER_233,W,201.2134727039939
CLUSTER_233,X,246.94930800128947
CLUSTER_233,Y,186.68993998055888
CLUSTER_233,Z,50.928693512543376
CLUSTER_233,AA,140.97988599696313
CLUSTER_233,AB,65.87326745697625
CLUSTER_233,AC,64.96274333215861
CLUSTER_233,AD,152.33320693648943
CLUSTER_234,A,116.64406344987002
CLUSTER_234,B,218.16209732811618
CLUSTER_234,C,120.57833687448024
CLUSTER_234,D,167.5553454344747
CLUSTER_234,E,218.62425580816023
CLUSTER_234,F,64.45281744209814
CLUSTER_234,G,211.03599780962918
CLUSTER_234,H,43.40008861556972
CLUSTER_234,I,175.1209624834107
CLUSTER_234,J,113.20850192744203
CLUSTER_234,K,136.93800446172185
CLUSTER_234,L,261.34499584551304
CLUSTER_234,M,225.09677275098016
CLUSTER_234,N,287.7044615482357
CLUSTER_234,O,58.94215100187806
CLUSTER_234,P,176.3317667547733
CLUSTER_234,Q,160.1013002272294
CLUSTER_234,R,175.3013750126798
CLUSTER_234,S,131.76264457837945
CLUSTER_234,T,83.30516249783766
CLUSTER_234,U,227.89150471111486
CLUSTER_234,V,162.69024238397074
CLUSTER_234,W,154.848277751661
CLUSTER_234,X,164.3159984318386
CLUSTER_234,Y,240.0237726706675
CLUSTER_234,Z,184.02776050298908
CLUSTER_234,AA,19.58197186212035
CLUSTER_234,AB,124.3427153516302
CLUSTER_234,AC,84.3369589596523
CLUSTER_234,AD,108.35884068614939
CLUSTER_235,A,79.58069106227262
CLUSTER_235,B,52.91461571654089
CLUSTER_235,C,180.5025552295961
CLUSTER_235,D,170.43056774760987
CLUSTER_235,E,189.8462665146593
CLUSTER_235,F,137.06741619543368
CLUSTER_235,G,26.150116970554613
CLUSTER_235,H,196.01929993797322
CLUSTER_235,I,91.57783896162955
CLUSTER_235,J,138.07405627375323
CLUSTER_235,K,190.68275410790005
CLUSTER_235,L,90.79579673578408
CLUSTER_235,M,154.83629557322755
CLUSTER_235,N,95.7363362989295
CLUSTER_235,O,143.6239908193161
CLUSTER_235,P,206.02031382462596
CLUSTER_235,Q,51.02410799421933
CLUSTER_235,R,19.85744035382478
CLUSTER_235,S,141.18962273518537
CLUSTER_235,T,199.385013322782
CLUSTER_235,U,104.69440654292337
CLUSTER_235,V,55.05502244104048
CLUSTER_235,W,98.33374362311312
CLUSTER_235,X,156.944994908047
CLUSTER_235,Y,46.16381726637438
CLUSTER_235,Z,129.25562972425158
CLUSTER_235,AA,174.96799722546805
CLUSTER_235,AB,100.53406928813365
CLUSTER_235,AC,160.05507239513935
CLUSTER_235,AD,96.88384245087224
CLUSTER_236,A,168.119109018744
CLUSTER_236,B,238.98659008321022
CLUSTER_236,C,53.29737517015302
CLUSTER_236,D,289.964022131222
CLUSTER_236,E,51.177140920864865
CLUSTER_236,F,177.9016344485356
CLUSTER_236,G,181.83759182661439
CLUSTER_236,H,134.73624088675547
CLUSTER_236,I,244.50501772994295
CLUSTER_236,J,72.49127022371674
CLUSTER_236,K,280.0185880981847
CLUSTER_236,L,278.4176925736414
CLUSTER_236,M,314.6661631715764
CLUSTER_236,N,269.40287907055557
CLUSTER_236,O,129.31900160242157
CLUSTER_236,P,19.147831615115305
CLUSTER_236,Q,138.14231655302274
CLUSTER_236,R,181.84775593247977
CLUSTER_236,S,247.32576116047963
CLUSTER_236,T,98.90593074716254
CLUSTER_236,U,282.2315523997402
CLUSTER_236,V,206.1484605339786
CLUSTER_236,W,89.45848249531986
CLUSTER_236,X,30.84169229158376
CLUSTER_236,Y,222.71598433939292
CLUSTER_236,Z,275.5236617773118
CLUSTER_236,AA,161.70687223126143
CLUSTER_236,AB,209.47790432840392
CLUSTER_236,AC,222.34332340149706
CLUSTER_236,AD,120.1010042507678
CLUSTER_237,A,62.386612768212125
CLUSTER_237,B,111.07979856849734
CLUSTER_237,C,118.80606398972718
CLUSTER_237,D,186.24167591537423
CLUSTER_237,E,138.77761863124394
CLUSTER_237,F,109.42027102032036
CLUSTER_237,G,65.54833351278458
CLUSTER_237,H,144.3130927772621
CLUSTER_237,I,123.02561289839387
CLUSTER_237,J,76.78227645413908
CLUSTER_237,K,192.49581389463884
CLUSTER_237,L,152.08959326472802
CLUSTER_237,M,193.43131890734304
CLUSTER_237,N,153.96045587145605
CLUSTER_237,O,95.51013530145994
CLUSTER_237,P,145.91303308002944
CLUSTER_237,Q,10.918771348812337
CLUSTER_237,R,53.634089130396326
CLUSTER_237,S,147.49763861539216
CLUSTER_237,T,141.08816570519687
CLUSTER_237,U,154.8806304202699
CLUSTER_237,V,81.8873919289481
CLUSTER_237,W,39.655557819363516
CLUSTER_237,X,98.00142135696107
CLUSTER_237,Y,103.9359033189239
CLUSTER_237,Z,158.36164850333967
CLUSTER_237,AA,133.3798431069365
CLUSTER_237,AB,103.19422681903418
CLUSTER_237,AC,146.20418506987673
CLUSTER_237,AD,44.79328007653698
CLUSTER_238,A,195.5428279086586
CLUSTER_238,B,276.47826191606725
CLUSTER_238,C,58.541629744684435
CLUSTER_238,D,310.07361839413494
CLUSTER_238,E,87.16471567007484
CLUSTER_238,F,192.81216552010775
CLUSTER_238,G,223.55274890544237
CLUSTER_238,H,129.43718872256986
CLUSTER_238,I,274.2266728105013
CLUSTER_238,J,96.82124656269633
CLUSTER_238,K,294.0607668236565
CLUSTER_238,L,317.53858606728556
CLUSTER_238,M,342.89781795829185
CLUSTER_238,N,312.1824183607574
CLUSTER_238,O,141.83670164422892
CLUSTER_238,P,27.417980725701426
CLUSTER_238,Q,176.1187232581327
CLUSTER_238,R,218.73465461670762
CLUSTER_238,S,267.5011239552606
CLUSTER_238,T,89.32293537793247
CLUSTER_238,U,315.99364214230303
CLUSTER_238,V,238.47235131706128
CLUSTER_238,W,129.10398876754553
CLUSTER_238,X,73.70237595753764
CLUSTER_238,Y,264.4491091388775
CLUSTER_238,Z,302.18526078126155
CLUSTER_238,AA,165.50039129839166
CLUSTER_238,AB,234.02639646567738
CLUSTER_238,AC,235.52893660442913
CLUSTER_238,AD,147.8730297477656
CLUSTER_239,A,51.37514626614403
CLUSTER_239,B,55.165733043005595
CLUSTER_239,C,186.49339689560244
CLUSTER_239,D,113.85183630228937
CLUSTER_239,E,223.14554544120358
CLUSTER_239,F,99.87781345529174
CLUSTER_239,G,82.95220743365508
CLUSTER_239,H,177.1711746470008
CLUSTER_239,I,39.185766238932935
CLUSTER_239,J,144.4003930059594
CLUSTER_239,K,134.6657069146194
CLUSTER_239,L,97.86098084450286
CLUSTER_239,M,109.09947127980378
CLUSTER_239,N,130.19424591520226
CLUSTER_239,O,125.43310546158409
CLUSTER_239,P,224.80472043210565
CLUSTER_239,Q,77.60678661419396
CLUSTER_239,R,41.789384135398
CLUSTER_239,S,85.08667633179171
CLUSTER_239,T,191.87057712646114
CLUSTER_239,U,75.74818274486309
CLUSTER_239,V,2.4989080699661295
CLUSTER_239,W,123.36179208883466
CLUSTER_239,X,179.67772804488976
CLUSTER_239,Y,89.99682403909553
CLUSTER_239,Z,76.24831971009904
CLUSTER_239,AA,145.85155574480146
CLUSTER_239,AB,48.40795667526094
CLUSTER_239,AC,110.91125401627154
CLUSTER_239,AD,93.8200874960362
CLUSTER_24,A,141.8081703952483
CLUSTER_24,B,219.7312428017814
CLUSTER_24,C,28.65580757426249
CLUSTER_24,D,261.56983697827883
CLUSTER_24,E,75.21039361879656
CLUSTER_24,F,148.3860050325476
CLUSTER_24,G,168.13450507932035
CLUSTER_24,H,107.83070918295775
CLUSTER_24,I,219.57656254860697
CLUSTER_24,J,43.89809297197953
CLUSTER_24,K,250.57743417892823
CLUSTER_24,L,260.89865117187713
CLUSTER_24,M,289.12082050221306
CLUSTER_24,N,257.3447295995698
CLUSTER_24,O,99.5779721556732
CLUSTER_24,P,40.91176717905602
CLUSTER_24,Q,119.45675760105692
CLUSTER_24,R,161.99075722622473
CLUSTER_24,S,218.86453467196048
CLUSTER_24,T,75.14963051860428
CLUSTER_24,U,259.85833509277944
CLUSTER_24,V,182.6695191688608
CLUSTER_24,W,73.27151716950777
CLUSTER_24,X,27.602822346148418
CLUSTER_24,Y,208.88870348525654
CLUSTER_24,Z,249.2170519433591
CLUSTER_24,AA,132.42554660461397
CLUSTER_24,AB,182.1860995078715
CLUSTER_24,AC,192.75450335894695
CLUSTER_24,AD,93.62925584384782
CLUSTER_240,A,46.17831115433696
CLUSTER_240,B,123.46137361762345
CLUSTER_240,C,164.91725090200902
CLUSTER_240,D,87.43228513277215
CLUSTER_240,E,231.90519494769873
CLUSTER_240,F,39.44903032900117
CLUSTER_240,G,140.79160551079883
CLUSTER_240,H,127.5364967857367
CLUSTER_240,I,72.67616321913397
CLUSTER_240,J,130.286224556668
CLUSTER_240,K,84.34595857419349
CLUSTER_240,L,163.8746808547083
CLUSTER_240,M,127.074032270508
CLUSTER_240,N,199.24675190292234
CLUSTER_240,O,84.81253932163514
CLUSTER_240,P,214.78087676648644
CLUSTER_240,Q,108.6662805799746
CLUSTER_240,R,97.51816497129039
CLUSTER_240,S,44.75180127380196
CLUSTER_240,T,153.62471385408452
CLUSTER_240,U,125.52139455137696
CLUSTER_240,V,69.23301455866327
CLUSTER_240,W,136.3232142867931
CLUSTER_240,X,179.4284127917684
CLUSTER_240,Y,157.23970308260095
CLUSTER_240,Z,84.9219746016582
CLUSTER_240,AA,88.12112462659915
CLUSTER_240,AB,22.556642146150644
CLUSTER_240,AC,43.04709369921618
CLUSTER_240,AD,85.23573938466409
CLUSTER_241,A,89.42041846341075
CLUSTER_241,B,154.518595321109
CLUSTER_241,C,194.53927417497346
CLUSTER_241,D,62.66136613229229
CLUSTER_241,E,270.53283672295265
CLUSTER_241,F,60.06125648365247
CLUSTER_241,G,181.92973626651693
CLUSTER_241,H,140.96740458430656
CLUSTER_241,I,92.57040929224961
CLUSTER_241,J,164.954810094474
CLUSTER_241,K,43.13666356708946
CLUSTER_241,L,190.30491461079947
CLUSTER_241,M,123.83671288764393
CLUSTER_241,N,232.3296545882364
CLUSTER_241,O,110.96581610488062
CLUSTER_241,P,247.61630266618374
CLUSTER_241,Q,151.93917690887827
CLUSTER_241,R,138.27577778471053
CLUSTER_241,S,30.600091028593834
CLUSTER_241,T,174.2527481255197
CLUSTER_241,U,141.9959734470752
CLUSTER_241,V,105.12101603152728
CLUSTER_241,W,177.7270646439768
CLUSTER_241,X,216.6288897205858
CLUSTER_241,Y,194.24393127491712
CLUSTER_241,Z,85.9790218506362
CLUSTER_241,AA,97.60418521796176
CLUSTER_241,AB,56.73570939922721
CLUSTER_241,AC,20.690362681267906
CLUSTER_241,AD,124.85083689905521
CLUSTER_242,A,90.03170141290686
CLUSTER_242,B,161.4141769403808
CLUSTER_242,C,69.34668567039142
CLUSTER_242,D,215.40240376098848
CLUSTER_242,E,102.42734211801366
CLUSTER_242,F,113.94612096035465
CLUSTER_242,G,112.86859972249964
CLUSTER_242,H,113.57390960976727
CLUSTER_242,I,164.57712264143046
CLUSTER_242,J,30.779360490480233
CLUSTER_242,K,211.85351032531133
CLUSTER_242,L,202.8247108334939
CLUSTER_242,M,234.97191055836373
CLUSTER_242,N,202.37968167615819
CLUSTER_242,O,77.56881397661056
CLUSTER_242,P,96.75645207077038
CLUSTER_242,Q,61.49901882460779
CLUSTER_242,R,103.6676926638449
CLUSTER_242,S,173.5019633087047
CLUSTER_242,T,99.21159429044195
CLUSTER_242,U,202.36055424620423
CLUSTER_242,V,125.96449913391777
CLUSTER_242,W,22.261250625525214
CLUSTER_242,X,52.08242778962567
CLUSTER_242,Y,152.95429081085808
CLUSTER_242,Z,196.58852808461947
CLUSTER_242,AA,118.02578425205314
CLUSTER_242,AB,132.6441609428334
CLUSTER_242,AC,157.52623904912
CLUSTER_242,AD,44.26756458057625
CLUSTER_243,A,146.07688723135615
CLUSTER_243,B,43.12995159770363
CLUSTER_243,C,264.9835811599088
CLUSTER_243,D,177.60226144366132
CLUSTER_243,E,269.657748110521
CLUSTER_243,F,197.95213367688444
CLUSTER_243,G,92.47500650656661
CLUSTER_243,H,271.6486489296305
CLUSTER_243,I,102.17831676048529
CLUSTER_243,J,222.2565239050951
CLUSTER_243,K,213.01785691379135
CLUSTER_243,L,10.35425377496765
CLUSTER_243,M,127.49650489372237
CLUSTER_243,N,47.51418889699657
CLUSTER_243,O,218.87316402032639
CLUSTER_243,P,290.5951743059498
CLUSTER_243,Q,136.0019223412388
CLUSTER_243,R,96.15626349259837
CLUSTER_243,S,167.49450927332407
CLUSTER_243,T,280.50593167234
CLUSTER_243,U,67.8807617779307
CLUSTER_243,V,98.69392665579872
CLUSTER_243,W,183.01892793872466
CLUSTER_243,X,241.23202526492898
CLUSTER_243,Y,55.183712779683304
CLUSTER_243,Z,126.75882012104329
CLUSTER_243,AA,243.2645116639169
CLUSTER_243,AB,143.36507455103668
CLUSTER_243,AC,204.85843422135528
CLUSTER_243,AD,177.53060027617215
CLUSTER_244,A,144.45180122925726
CLUSTER_244,B,103.54362704147928
CLUSTER_244,C,283.33746153247716
CLUSTER_244,D,79.52531010589924
CLUSTER_244,E,326.7859966474708
CLUSTER_244,F,166.46434800283646
CLUSTER_244,G,170.58107228279226
CLUSTER_244,H,254.74441612545016
CLUSTER_244,I,66.20842426880789
CLUSTER_244,J,243.20497898344527
CLUSTER_244,K,123.45530185028285
CLUSTER_244,L,108.42575349666737
CLUSTER_244,M,10.23046927643399
CLUSTER_244,N,164.87068626570925
CLUSTER_244,O,209.85406562958076
CLUSTER_244,P,326.18917453452076
CLUSTER_244,Q,180.81927961741212
CLUSTER_244,R,140.29168563484794
CLUSTER_244,S,97.17390222575986
CLUSTER_244,T,279.2926743187906
CLUSTER_244,U,50.43511358065339
CLUSTER_244,V,106.14457283334961
CLUSTER_244,W,226.9820092908639
CLUSTER_244,X,282.59101941918055
CLUSTER_244,Y,153.72040901399038
CLUSTER_244,Z,42.84337284568455
CLUSTER_244,AA,214.48195774210404
CLUSTER_244,AB,109.47985322351312
CLUSTER_244,AC,146.4896404201385
CLUSTER_244,AD,192.2519388340774
CLUSTER_245,A,147.31559517688237
CLUSTER_245,B,249.32189212534638
CLUSTER_245,C,75.63376713269457
CLUSTER_245,D,227.31461914828265
CLUSTER_245,E,178.1642223800359
CLUSTER_245,F,112.3049631915679
CLUSTER_245,G,223.72342992411052
CLUSTER_245,H,24.075217624180485
CLUSTER_245,I,219.7723884412973
CLUSTER_245,J,91.93187551653148
CLUSTER_245,K,200.14847537990738
CLUSTER_245,L,293.68639523223624
CLUSTER_245,M,278.2242377961007
CLUSTER_245,N,309.3114731178527
CLUSTER_245,O,73.19969845149984
CLUSTER_245,P,125.72033454536941
CLUSTER_245,Q,168.60861959384218
CLUSTER_245,R,197.3530516641262
CLUSTER_245,S,188.30447326927145
CLUSTER_245,T,29.02305869449325
CLUSTER_245,U,270.7045938693866
CLUSTER_245,V,197.12915338630864
CLUSTER_245,W,144.2266995242551
CLUSTER_245,X,129.75719160377395
CLUSTER_245,Y,259.3453844742852
CLUSTER_245,Z,236.13964994254823
CLUSTER_245,AA,67.27799959854075
CLUSTER_245,AB,170.01958554775698
CLUSTER_245,AC,144.63771031623415
CLUSTER_245,AD,116.90550799874828
CLUSTER_246,A,147.86158189832256
CLUSTER_246,B,203.72878587726365
CLUSTER_246,C,77.90389923271938
CLUSTER_246,D,274.03101764356785
CLUSTER_246,E,43.64709707450036
CLUSTER_246,F,171.7460601423569
CLUSTER_246,G,141.80227100959766
CLUSTER_246,H,151.68118317281187
CLUSTER_246,I,218.64635550649163
CLUSTER_246,J,70.21612847088299
CLUSTER_246,K,270.8314034002317
CLUSTER_246,L,240.7424763477249
CLUSTER_246,M,289.2782492105521
CLUSTER_246,N,227.38827727960978
CLUSTER_246,O,129.85146165277382
CLUSTER_246,P,63.47158314850433
CLUSTER_246,Q,104.87560013580608
CLUSTER_246,R,148.51853042463568
CLUSTER_246,S,232.37790126860259
CLUSTER_246,T,123.29414856520852
CLUSTER_246,U,250.91252448836178
CLUSTER_246,V,178.0971230225431
CLUSTER_246,W,57.231675247382455
CLUSTER_246,X,22.26130372678621
CLUSTER_246,Y,182.24296868961278
CLUSTER_246,Z,252.57108622777122
CLUSTER_246,AA,168.1286395830535
CLUSTER_246,AB,190.7982749022403
CLUSTER_246,AC,215.86129940559803
CLUSTER_246,AD,103.34185435904357
CLUSTER_247,A,156.4058925425113
CLUSTER_247,B,234.1827277314209
CLUSTER_247,C,32.63886476882548
CLUSTER_247,D,275.3553814981949
CLUSTER_247,E,71.20159088490038
CLUSTER_247,F,161.082787533964
CLUSTER_247,G,181.4324759964644
CLUSTER_247,H,114.09920378994597
CLUSTER_247,I,234.3085487362919
CLUSTER_247,J,58.05322643129423
CLUSTER_247,K,263.3122442171128
CLUSTER_247,L,275.1039696046598
CLUSTER_247,M,303.7757744388034
CLUSTER_247,N,270.36020018498164
CLUSTER_247,O,111.42199540001427
CLUSTER_247,P,26.831315441842413
CLUSTER_247,Q,133.70082808146245
CLUSTER_247,R,176.4809105043184
CLUSTER_247,S,232.63403593738573
CLUSTER_247,T,78.24812163910691
CLUSTER_247,U,274.6170951725986
CLUSTER_247,V,197.4510081393063
CLUSTER_247,W,86.76822935924862
CLUSTER_247,X,34.51019967998334
CLUSTER_247,Y,222.28565253528606
CLUSTER_247,Z,263.7595977192921
CLUSTER_247,AA,142.15815163012712
CLUSTER_247,AB,196.51518571698767
CLUSTER_247,AC,205.2123915898414
CLUSTER_247,AD,108.254824345775
CLUSTER_248,A,72.64877171410123
CLUSTER_248,B,99.08408193457973
CLUSTER_248,C,136.1798504270024
CLUSTER_248,D,190.73131260263585
CLUSTER_248,E,144.8781755795733
CLUSTER_248,F,124.5171028793356
CLUSTER_248,G,46.51127933910974
CLUSTER_248,H,163.81020997994514
CLUSTER_248,I,121.37505168061602
CLUSTER_248,J,94.96805047545871
CLUSTER_248,K,201.14788140898605
CLUSTER_248,L,137.8277355486249
CLUSTER_248,M,190.47434770163935
CLUSTER_248,N,135.64272945259134
CLUSTER_248,O,114.52650794070652
CLUSTER_248,P,158.97206435408128
CLUSTER_248,Q,11.20849384165595
CLUSTER_248,R,44.57178975639589
CLUSTER_248,S,154.22430477045103
CLUSTER_248,T,160.3199451877111
CLUSTER_248,U,147.0450574749467
CLUSTER_248,V,79.74404841650075
CLUSTER_248,W,51.30744201437704
CLUSTER_248,X,109.85305219512561
CLUSTER_248,Y,85.96149376400749
CLUSTER_248,Z,158.24180018736166
CLUSTER_248,AA,151.6535725328916
CLUSTER_248,AB,109.7700222544824
CLUSTER_248,AC,158.47523581866693
CLUSTER_248,AD,63.856085101862774
CLUSTER_249,A,97.39042549029729
CLUSTER_249,B,200.05856501209715
CLUSTER_249,C,105.67896213734903
CLUSTER_249,D,163.8325280485373
CLUSTER_249,E,200.32406156075956
CLUSTER_249,F,50.679104187149015
CLUSTER_249,G,189.5616457130421
CLUSTER_249,H,39.491872405827536
CLUSTER_249,I,161.37052274038328
CLUSTER_249,J,93.08476383038389
CLUSTER_249,K,138.2783794233496
CLUSTER_249,L,243.76438882738137
CLUSTER_249,M,216.0696665438314
CLUSTER_249,N,267.8028095033683
CLUSTER_249,O,36.71414931417164
CLUSTER_249,P,161.70432549894167
CLUSTER_249,Q,138.03736371879384
CLUSTER_249,R,154.93169213798356
CLUSTER_249,S,124.97041827942428
CLUSTER_249,T,74.76392366823481
CLUSTER_249,U,213.65976976803765
CLUSTER_249,V,145.0878760716167
CLUSTER_249,W,132.81496723128885
CLUSTER_249,X,145.39667670230017
CLUSTER_249,Y,219.5612425699458
CLUSTER_249,Z,174.23489387391655
CLUSTER_249,AA,5.238936250398622
CLUSTER_249,AB,110.59458232455509
CLUSTER_249,AC,81.48532402081538
CLUSTER_249,AD,86.04334544247682
CLUSTER_25,A,143.8449373542803
CLUSTER_25,B,243.5749500988704
CLUSTER_25,C,54.64700451438132
CLUSTER_25,D,234.61587463463587
CLUSTER_25,E,157.00441809078353
CLUSTER_25,F,116.78960702973629
CLUSTER_25,G,212.54129670013432
CLUSTER_25,H,35.52976990262934
CLUSTER_25,I,219.535421108423
CLUSTER_25,J,75.59145322281336
CLUSTER_25,K,210.65652716009683
CLUSTER_25,L,287.84494501950365
CLUSTER_25,M,281.1668056923392
CLUSTER_25,N,299.7999478170466
CLUSTER_25,O,71.15593049920551
CLUSTER_25,P,104.65787153112552
CLUSTER_25,Q,157.37470148718072
CLUSTER_25,R,189.50044863067885
CLUSTER_25,S,194.11196074802655
CLUSTER_25,T,8.069039278980574
CLUSTER_25,U,269.04369201619545
CLUSTER_25,V,193.440874019209
CLUSTER_25,W,128.49584214415864
CLUSTER_25,X,109.39556590504516
CLUSTER_25,Y,249.63475164269144
CLUSTER_25,Z,238.99327602076107
CLUSTER_25,AA,76.99642198487983
CLUSTER_25,AB,171.2486526300207
CLUSTER_25,AC,153.4649515320806
CLUSTER_25,AD,107.90108889923194
CLUSTER_250,A,122.91488742899284
CLUSTER_250,B,177.1886064007891
CLUSTER_250,C,225.45167692147282
CLUSTER_250,D,51.56825097107998
CLUSTER_250,E,304.23021149669574
CLUSTER_250,F,91.94007050025185
CLUSTER_250,G,212.04143512785154
CLUSTER_250,H,165.55863685238077
CLUSTER_250,I,111.53955367593274
CLUSTER_250,J,197.8287354672845
CLUSTER_250,K,11.341459167515648
CLUSTER_250,L,208.64573076645033
CLUSTER_250,M,123.15349006125571
CLUSTER_250,N,255.06767741341167
CLUSTER_250,O,141.91142778005386
CLUSTER_250,P,279.4692250549766
CLUSTER_250,Q,185.19086242652503
CLUSTER_250,R,168.43873502081001
CLUSTER_250,S,47.017567263606765
CLUSTER_250,T,201.5070824352437
CLUSTER_250,U,154.91127046422167
CLUSTER_250,V,132.66324904720173
CLUSTER_250,W,211.87556580156
CLUSTER_250,X,250.03135800154016
CLUSTER_250,Y,220.6308154738068
CLUSTER_250,Z,93.20721101481607
CLUSTER_250,AA,122.46769861319599
CLUSTER_250,AB,86.76238415401801
CLUSTER_250,AC,47.79415790672253
CLUSTER_250,AD,158.91324453441104
CLUSTER_251,A,162.19225473812867
CLUSTER_251,B,215.4970073569606
CLUSTER_251,C,85.96146132048958
CLUSTER_251,D,288.4320564097743
CLUSTER_251,E,29.377514340810947
CLUSTER_251,F,185.94193489100329
CLUSTER_251,G,151.82953732079332
CLUSTER_251,H,162.68593588110548
CLUSTER_251,I,232.36021568310224
CLUSTER_251,J,83.3274934571698
CLUSTER_251,K,285.2386322832724
CLUSTER_251,L,251.50922605395024
CLUSTER_251,M,302.9540650891745
CLUSTER_251,N,235.6674413565864
CLUSTER_251,O,143.31876987317744
CLUSTER_251,P,61.16341339516235
CLUSTER_251,Q,117.74940466865459
CLUSTER_251,R,161.07404040605354
CLUSTER_251,S,246.81274624221618
CLUSTER_251,T,132.28916123535015
CLUSTER_251,U,263.6195869018917
CLUSTER_251,V,191.59498481512105
CLUSTER_251,W,70.94598233624144
CLUSTER_251,X,31.64164990526569
CLUSTER_251,Y,191.78592926846412
CLUSTER_251,Z,266.56155810120003
CLUSTER_251,AA,181.0500662259339
CLUSTER_251,AB,205.1481744515403
CLUSTER_251,AC,230.13403507779492
CLUSTER_251,AD,117.78990923052581
CLUSTER_252,A,168.13524730939048
CLUSTER_252,B,74.2598395091701
CLUSTER_252,C,270.11376853470233
CLUSTER_252,D,218.66813934909464
CLUSTER_252,E,257.9785570370952
CLUSTER_252,F,223.91654919042205
CLUSTER_252,G,88.09145636568584
CLUSTER_252,H,289.15293789116436
CLUSTER_252,I,140.00278651700435
CLUSTER_252,J,228.79555581064102
CLUSTER_252,K,251.79067136656892
CLUSTER_252,L,53.02381679048061
CLUSTER_252,M,171.11908939486207
CLUSTER_252,N,3.950417895544717
CLUSTER_252,O,236.5379987764245
CLUSTER_252,P,287.61286273484154
CLUSTER_252,Q,141.30413386153177
CLUSTER_252,R,110.44728681696043
CLUSTER_252,S,204.4657060813477
CLUSTER_252,T,292.239411310679
CLUSTER_252,U,111.28809815507725
CLUSTER_252,V,126.60319296154114
CLUSTER_252,W,182.89319621832237
CLUSTER_252,X,238.07072743511074
CLUSTER_252,Y,48.191241489792446
CLUSTER_252,Z,168.21790978964802
CLUSTER_252,AA,265.82845103019434
CLUSTER_252,AB,174.7753822211318
CLUSTER_252,AC,237.3282293841544
CLUSTER_252,AD,190.17123174350644
CLUSTER_253,A,129.01318698172847
CLUSTER_253,B,88.65289030244041
CLUSTER_253,C,198.3478681703478
CLUSTER_253,D,223.772159044189
CLUSTER_253,E,177.87541825823263
CLUSTER_253,F,185.75301196028974
CLUSTER_253,G,29.21392754254156
CLUSTER_253,H,231.99866234087233
CLUSTER_253,I,143.2587897005752
CLUSTER_253,J,159.82258326179257
CLUSTER_253,K,245.03833408313494
CLUSTER_253,L,107.66294535623162
CLUSTER_253,M,200.51953463308143
CLUSTER_253,N,80.26692617203045
CLUSTER_253,O,182.28370525422292
CLUSTER_253,P,209.66682386729155
CLUSTER_253,Q,78.61018510330925
CLUSTER_253,R,72.79460271388666
CLUSTER_253,S,195.53680379343444
CLUSTER_253,T,227.0685296862716
CLUSTER_253,U,144.07452800736849
CLUSTER_253,V,109.23439359641903
CLUSTER_253,W,109.27089015626149
CLUSTER_253,X,160.58626986586765
CLUSTER_253,Y,43.30443334786876
CLUSTER_253,Z,180.18917027946932
CLUSTER_253,AA,218.16158647390418
CLUSTER_253,AB,154.58582460678957
CLUSTER_253,AC,212.7825776455586
CLUSTER_253,AD,131.82558278085222
CLUSTER_254,A,100.94101499767292
CLUSTER_254,B,165.17829220586816
CLUSTER_254,C,201.73531378109382
CLUSTER_254,D,62.11873782837555
CLUSTER_254,E,280.11102038151716
CLUSTER_254,F,67.84793262059337
CLUSTER_254,G,193.70845225647008
CLUSTER_254,H,144.44130431538116
CLUSTER_254,I,102.12564707737873
CLUSTER_254,J,173.6622488946384
CLUSTER_254,K,34.44047125380597
CLUSTER_254,L,200.07322928678525
CLUSTER_254,M,127.88798435874118
CLUSTER_254,N,243.10375154662373
CLUSTER_254,O,118.11464051223295
CLUSTER_254,P,255.49949632179664
CLUSTER_254,Q,163.50294572901035
CLUSTER_254,R,150.0475206293898
CLUSTER_254,S,37.84568054967342
CLUSTER_254,T,179.2107936717412
CLUSTER_254,U,150.235101987541
CLUSTER_254,V,116.5726496015573
CLUSTER_254,W,188.35801048272447
CLUSTER_254,X,225.86197896666098
CLUSTER_254,Y,205.6234911702568
CLUSTER_254,Z,92.09005844255816
CLUSTER_254,AA,101.03935795690312
CLUSTER_254,AB,68.4153406362699
CLUSTER_254,AC,24.286730350677182
CLUSTER_254,AD,135.08752022385218
CLUSTER_255,A,136.49610351460845
CLUSTER_255,B,230.97100978397435
CLUSTER_255,C,24.85775153669412
CLUSTER_255,D,240.47772459852993
CLUSTER_255,E,127.50473960418635
CLUSTER_255,F,121.83178033140076
CLUSTER_255,G,192.87173746303193
CLUSTER_255,H,57.842995561661525
CLUSTER_255,I,214.94834671719522
CLUSTER_255,J,51.79705630872147
CLUSTER_255,K,221.4402709231298
CLUSTER_255,L,274.6915468147129
CLUSTER_255,M,280.29512539117576
CLUSTER_255,N,281.6487408156679
CLUSTER_255,O,71.30638467734066
CLUSTER_255,P,78.05369365195921
CLUSTER_255,Q,138.46861840560308
CLUSTER_255,R,174.73637775999097
CLUSTER_255,S,198.49908211219022
CLUSTER_255,T,21.90894432257984
CLUSTER_255,U,261.82719878320944
CLUSTER_255,V,184.4588808204788
CLUSTER_255,W,103.81484583728233
CLUSTER_255,X,79.51148934359983
CLUSTER_255,Y,231.5786108378427
CLUSTER_255,Z,238.47732127527746
CLUSTER_255,AA,91.53467391138105
CLUSTER_255,AB,169.71569043584154
CLUSTER_255,AC,163.02001548182884
CLUSTER_255,AD,94.04049039575658
CLUSTER_256,A,98.85474027650902
CLUSTER_256,B,12.160217553817128
CLUSTER_256,C,227.22117071127937
CLUSTER_256,D,135.34065135584748
CLUSTER_256,E,248.16932680484183
CLUSTER_256,F,148.28793816757184
CLUSTER_256,G,79.54532398629789
CLUSTER_256,H,225.09091846165552
CLUSTER_256,I,54.98101498356849
CLUSTER_256,J,184.33662236391893
CLUSTER_256,K,166.73162507066502
CLUSTER_256,L,49.24923215730285
CLUSTER_256,M,101.22666521529953
CLUSTER_256,N,88.96400878324275
CLUSTER_256,O,172.81481080234968
CLUSTER_256,P,259.5967188113369
CLUSTER_256,Q,104.06614474254053
CLUSTER_256,R,60.182202245914425
CLUSTER_256,S,119.38100915388355
CLUSTER_256,T,237.43083221480728
CLUSTER_256,U,45.97873463859104
CLUSTER_256,V,49.64125970257124
CLUSTER_256,W,152.9919788684313
CLUSTER_256,X,211.71225616207158
CLUSTER_256,Y,62.75258580270281
CLUSTER_256,Z,86.36676921907244
CLUSTER_256,AA,194.51821192792977
CLUSTER_256,AB,93.02069275074548
CLUSTER_256,AC,154.7067769491105
CLUSTER_256,AD,136.01891816260544
CLUSTER_257,A,41.84506430902237
CLUSTER_257,B,82.7429911271068
CLUSTER_257,C,180.5694680359011
CLUSTER_257,D,92.24652194265623
CLUSTER_257,E,230.64769459217936
CLUSTER_257,F,75.68501721124225
CLUSTER_257,G,109.0742437611329
CLUSTER_257,H,159.05696001584082
CLUSTER_257,I,38.514918858476264
CLUSTER_257,J,140.67413489779523
CLUSTER_257,K,107.30837580107247
CLUSTER_257,L,123.18956905640458
CLUSTER_257,M,105.6075995764437
CLUSTER_257,N,159.2160813022057
CLUSTER_257,O,109.9557401875328
CLUSTER_257,P,224.36775927599425
CLUSTER_257,Q,91.13110976672161
CLUSTER_257,R,65.71912445656268
CLUSTER_257,S,58.04037107067217
CLUSTER_257,T,178.89570016031632
CLUSTER_257,U,89.16013028382541
CLUSTER_257,V,30.21841253628591
CLUSTER_257,W,130.6871018517227
CLUSTER_257,X,182.72938074564962
CLUSTER_257,Y,119.37688072479868
CLUSTER_257,Z,65.96097661923653
CLUSTER_257,AA,123.76775322614924
CLUSTER_257,AB,19.092887085874533
CLUSTER_257,AC,81.66401382025951
CLUSTER_257,AD,89.97744722720603
CLUSTER_258,A,139.46994992252047
CLUSTER_258,B,184.41916666193546
CLUSTER_258,C,245.55976323280132
CLUSTER_258,D,45.17899178475356
CLUSTER_258,E,323.3573899513005
CLUSTER_258,F,111.79952361411303
CLUSTER_258,G,224.55517615215237
CLUSTER_258,H,185.3475943868052
CLUSTER_258,I,117.8988232392064
CLUSTER_258,J,217.4859501470366
CLUSTER_258,K,9.689034897645506
CLUSTER_258,L,212.6188909187982
CLUSTER_258,M,117.42202835756778
CLUSTER_258,N,261.61067781322095
CLUSTER_258,O,161.9848605152379
CLUSTER_258,P,299.45278104010583
CLUSTER_258,Q,201.10654553625147
CLUSTER_258,R,181.29985530823376
CLUSTER_258,S,57.5778114399577
CLUSTER_258,T,221.57057385257696
CLUSTER_258,U,156.3340822325011
CLUSTER_258,V,143.95299335668273
CLUSTER_258,W,229.89557740151093
CLUSTER_258,X,269.41005945498443
CLUSTER_258,Y,230.07365900840912
CLUSTER_258,Z,93.58521126268353
CLUSTER_258,AA,142.3936890618035
CLUSTER_258,AB,100.83105322099813
CLUSTER_258,AC,67.89331340323302
CLUSTER_258,AD,177.49335605800317
CLUSTER_259,A,56.25282145227552
CLUSTER_259,B,159.33329856963445
CLUSTER_259,C,101.22605468920672
CLUSTER_259,D,150.44593015786097
CLUSTER_259,E,179.99088501260405
CLUSTER_259,F,34.24436466226417
CLUSTER_259,G,146.1376109371988
CLUSTER_259,H,70.12912053682012
CLUSTER_259,I,128.49578060956935
CLUSTER_259,J,71.90450603102452
CLUSTER_259,K,136.4202446783046
CLUSTER_259,L,203.5065072543328
CLUSTER_259,M,190.57825557661394
CLUSTER_259,N,224.90921703862176
CLUSTER_259,O,20.18024579393895
CLUSTER_259,P,153.675481293171
CLUSTER_259,Q,95.42870210025981
CLUSTER_259,R,111.83375656730479
CLUSTER_259,S,108.05963563813188
CLUSTER_259,T,89.61568919144378
CLUSTER_259,U,178.84851872237056
CLUSTER_259,V,105.70250745290649
CLUSTER_259,W,97.72228483954086
CLUSTER_259,X,124.95449357037506
CLUSTER_259,Y,176.3193362885895
CLUSTER_259,Z,148.49475367384068
CLUSTER_259,AA,45.398440817133476
CLUSTER_259,AB,80.19860151627199
CLUSTER_259,AC,78.76466236387914
CLUSTER_259,AD,45.64065352428671
CLUSTER_26,A,137.91200293222352
CLUSTER_26,B,82.08729443873405
CLUSTER_26,C,276.7124464488307
CLUSTER_26,D,96.97369240857678
CLUSTER_26,E,313.24516709504144
CLUSTER_26,F,167.9336542732181
CLUSTER_26,G,151.08866957950195
CLUSTER_26,H,255.06413679864875
CLUSTER_26,I,59.26414965714906
CLUSTER_26,J,235.38090380094977
CLUSTER_26,K,139.35927191919342
CLUSTER_26,L,84.27553548128674
CLUSTER_26,M,34.35039123110919
CLUSTER_26,N,140.75452892601288
CLUSTER_26,O,207.50075488568498
CLUSTER_26,P,316.701916611006
CLUSTER_26,Q,166.85453889243075
CLUSTER_26,R,124.52502210207464
CLUSTER_26,S,106.00922584255049
CLUSTER_26,T,276.62850540838025
CLUSTER_26,U,27.151205679425406
CLUSTER_26,V,94.32310730984526
CLUSTER_26,W,214.44113245469399
CLUSTER_26,X,271.48458473881703
CLUSTER_26,Y,131.3707521909055
CLUSTER_26,Z,51.09933777637614
CLUSTER_26,AA,216.68901280897833
CLUSTER_26,AB,108.37211697999727
CLUSTER_26,AC,154.12883574105228
CLUSTER_26,AD,184.37011754456117
CLUSTER_260,A,210.4482559849859
CLUSTER_260,B,266.7464773361888
CLUSTER_260,C,106.10960577250825
CLUSTER_260,D,335.55835334280414
CLUSTER_260,E,25.433740561682818
CLUSTER_260,F,227.555501033994
CLUSTER_260,G,202.04234070989213
CLUSTER_260,H,187.55793619710852
CLUSTER_260,I,282.7801172211229
CLUSTER_260,J,121.55530970893969
CLUSTER_260,K,328.973038873044
CLUSTER_260,L,302.1302033893822
CLUSTER_260,M,353.42686098567486
CLUSTER_260,N,283.4835481197221
CLUSTER_260,O,180.59205395173225
CLUSTER_260,P,54.772803080765485
CLUSTER_260,Q,169.0030225679587
CLUSTER_260,R,212.4282355715417
CLUSTER_260,S,293.34658688575576
CLUSTER_260,T,150.78332008177836
CLUSTER_260,U,314.95432922418337
CLUSTER_260,V,242.36627775292052
CLUSTER_260,W,121.48226901968602
CLUSTER_260,X,69.47074737306951
CLUSTER_260,Y,241.3684875752747
CLUSTER_260,Z,316.280724899811
CLUSTER_260,AA,214.3520381426989
CLUSTER_260,AB,253.09054276589015
CLUSTER_260,AC,272.14286589650465
CLUSTER_260,AD,164.05960237401925
CLUSTER_261,A,98.32693689464517
CLUSTER_261,B,201.41209542341676
CLUSTER_261,C,88.05025445432513
CLUSTER_261,D,177.39951214576655
CLUSTER_261,E,183.55390878684773
CLUSTER_261,F,60.40241329645021
CLUSTER_261,G,184.63844029898823
CLUSTER_261,H,28.796472354193632
CLUSTER_261,I,168.00527079528973
CLUSTER_261,J,77.52338319997179
CLUSTER_261,K,154.09621597719408
CLUSTER_261,L,245.58498725068583
CLUSTER_261,M,226.154208791542
CLUSTER_261,N,266.01491686233794
CLUSTER_261,O,27.606046302469576
CLUSTER_261,P,144.0806339245691
CLUSTER_261,Q,131.32097998818463
CLUSTER_261,R,152.89694779080688
CLUSTER_261,S,137.2399339023549
CLUSTER_261,T,58.664216064536994
CLUSTER_261,U,219.42272672440365
CLUSTER_261,V,147.6218336468702
CLUSTER_261,W,120.63165674817775
CLUSTER_261,X,128.92005257919124
CLUSTER_261,Y,216.89933458391732
CLUSTER_261,Z,184.03848309902716
CLUSTER_261,AA,22.87247306439496
CLUSTER_261,AB,117.96178718652159
CLUSTER_261,AC,96.39354934503017
CLUSTER_261,AD,78.20664012119394
CLUSTER_262,A,53.76205730677123
CLUSTER_262,B,154.81536497571295
CLUSTER_262,C,91.38035015115544
CLUSTER_262,D,160.75275929252166
CLUSTER_262,E,165.01430001810073
CLUSTER_262,F,48.55294032348019
CLUSTER_262,G,135.16469339583446
CLUSTER_262,H,75.02847260104232
CLUSTER_262,I,130.7865811889345
CLUSTER_262,J,58.102008706967226
CLUSTER_262,K,149.78762111837096
CLUSTER_262,L,199.18128530352033
CLUSTER_262,M,195.88842470474347
CLUSTER_262,N,216.83873546828434
CLUSTER_262,O,22.29609679806282
CLUSTER_262,P,141.6368317526239
CLUSTER_262,Q,82.59408435544908
CLUSTER_262,R,103.88931816117439
CLUSTER_262,S,118.05170541826864
CLUSTER_262,T,87.12630624525322
CLUSTER_262,U,179.17516149721092
CLUSTER_262,V,103.40916197566257
CLUSTER_262,W,81.71937744684567
CLUSTER_262,X,110.30051172723176
CLUSTER_262,Y,167.48989606656178
CLUSTER_262,Z,154.21802824136446
CLUSTER_262,AA,58.40818552640244
CLUSTER_262,AB,85.44274390325175
CLUSTER_262,AC,93.03287712163066
CLUSTER_262,AD,30.713511179899015
CLUSTER_263,A,68.41677003117927
CLUSTER_263,B,35.30210881913006
CLUSTER_263,C,197.98062177504548
CLUSTER_263,D,127.0266414906523
CLUSTER_263,E,225.72168620417108
CLUSTER_263,F,119.7026164452656
CLUSTER_263,G,70.91238004967998
CLUSTER_263,H,194.6319935127928
CLUSTER_263,I,46.47852133093796
CLUSTER_263,J,155.25123990507834
CLUSTER_263,K,151.72395480611056
CLUSTER_263,L,78.93826283858539
CLUSTER_263,M,110.53600458541416
CLUSTER_263,N,109.96628932312287
CLUSTER_263,O,142.26584034194846
CLUSTER_263,P,232.67723594854235
CLUSTER_263,Q,79.46950438563981
CLUSTER_263,R,36.91276244049618
CLUSTER_263,S,102.41127538342536
CLUSTER_263,T,206.95954001735132
CLUSTER_263,U,66.77283134989325
CLUSTER_263,V,20.490196633720018
CLUSTER_263,W,127.7746028140781
CLUSTER_263,X,185.82092914361826
CLUSTER_263,Y,71.37078565995603
CLUSTER_263,Z,83.96570031263221
CLUSTER_263,AA,164.90497060285747
CLUSTER_263,AB,68.3962420862886
CLUSTER_263,AC,130.97014982113265
CLUSTER_263,AD,106.09319520818836
CLUSTER_264,A,153.36576904744183
CLUSTER_264,B,71.65087380517261
CLUSTER_264,C,246.83631789484693
CLUSTER_264,D,218.9942719009609
CLUSTER_264,E,231.7605506048594
CLUSTER_264,F,210.40760895895372
CLUSTER_264,G,64.79187857192406
CLUSTER_264,H,270.4125336090355
CLUSTER_264,I,137.84520400250054
CLUSTER_264,J,206.21288264776143
CLUSTER_264,K,248.60675622385142
CLUSTER_264,L,66.83716359142213
CLUSTER_264,M,179.1130123977692
CLUSTER_264,N,26.375356606944116
CLUSTER_264,O,218.32776222636437
CLUSTER_264,P,262.3594982809533
CLUSTER_264,Q,119.50626806700636
CLUSTER_264,R,93.82046943319345
CLUSTER_264,S,199.8907860385823
CLUSTER_264,T,271.05694090769146
CLUSTER_264,U,118.87288800637783
CLUSTER_264,V,116.97403249016081
CLUSTER_264,W,158.76080605432392
CLUSTER_264,X,212.93143603315593
CLUSTER_264,Y,29.138659253001446
CLUSTER_264,Z,169.94366315959448
CLUSTER_264,AA,249.83955702860436
CLUSTER_264,AB,165.94686431284546
CLUSTER_264,AC,228.22593228553202
CLUSTER_264,AD,170.3066016641508
CLUSTER_265,A,93.33713609038514
CLUSTER_265,B,187.31668189332783
CLUSTER_265,C,47.45057799485182
CLUSTER_265,D,204.33461410219797
CLUSTER_265,E,130.80718804274193
CLUSTER_265,F,88.53542148123968
CLUSTER_265,G,152.7933302528621
CLUSTER_265,H,63.53689411035608
CLUSTER_265,I,172.2395387942935
CLUSTER_265,J,23.49566161176408
CLUSTER_265,K,190.74492580764507
CLUSTER_265,L,231.18787271857695
CLUSTER_265,M,238.9710269335173
CLUSTER_265,N,240.4051071432533
CLUSTER_265,O,39.234791209049035
CLUSTER_265,P,99.18731683845363
CLUSTER_265,Q,97.65817131498571
CLUSTER_265,R,131.55691420271242
CLUSTER_265,S,161.70140698813353
CLUSTER_265,T,53.94183486657062
CLUSTER_265,U,218.24409117566714
CLUSTER_265,V,140.71385829091898
CLUSTER_265,W,72.04124071846782
CLUSTER_265,X,75.60012652829887
CLUSTER_265,Y,190.22544501382063
CLUSTER_265,Z,197.59478337428408
CLUSTER_265,AA,74.89304081983235
CLUSTER_265,AB,128.95140952707257
CLUSTER_265,AC,132.63047147020015
CLUSTER_265,AD,50.30616167643689
CLUSTER_266,A,65.32637027610667
CLUSTER_266,B,128.45404928954326
CLUSTER_266,C,100.20835072259484
CLUSTER_266,D,191.79178776942857
CLUSTER_266,E,127.77133782654997
CLUSTER_266,F,103.74298095948423
CLUSTER_266,G,83.79541534597328
CLUSTER_266,H,128.4606038369337
CLUSTER_266,I,134.43973546218626
CLUSTER_266,J,58.11823236162647
CLUSTER_266,K,193.80777870995408
CLUSTER_266,L,170.13680652403715
CLUSTER_266,M,205.08478179010046
CLUSTER_266,N,172.54398718762056
CLUSTER_266,O,82.04218546796706
CLUSTER_266,P,129.39183987960558
CLUSTER_266,Q,29.573409173881046
CLUSTER_266,R,70.69223170506804
CLUSTER_266,S,151.33891374941464
CLUSTER_266,T,123.03326338943045
CLUSTER_266,U,169.961790351037
CLUSTER_266,V,94.55034058075152
CLUSTER_266,W,27.81059369331149
CLUSTER_266,X,82.80492342998001
CLUSTER_266,Y,122.56503318749098
CLUSTER_266,Z,168.15834479611178
CLUSTER_266,AA,121.49357025644707
CLUSTER_266,AB,108.11252758963438
CLUSTER_266,AC,143.81604686304328
CLUSTER_266,AD,32.897426261373084
CLUSTER_267,A,40.817673619276455
CLUSTER_267,B,106.6310768071913
CLUSTER_267,C,171.54976959743666
CLUSTER_267,D,85.94926485334372
CLUSTER_267,E,231.73420199745092
CLUSTER_267,F,54.28229466819334
CLUSTER_267,G,127.74330097637436
CLUSTER_267,H,140.8379210722602
CLUSTER_267,I,56.84825488668588
CLUSTER_267,J,134.38125764933133
CLUSTER_267,K,91.3716501526307
CLUSTER_267,L,146.87737921307564
CLUSTER_267,M,115.89312168551184
CLUSTER_267,N,182.81794953128176
CLUSTER_267,O,94.9102648761994
CLUSTER_267,P,219.08430772312727
CLUSTER_267,Q,100.83174244957502
CLUSTER_267,R,84.09862528205511
CLUSTER_267,S,45.35860387860273
CLUSTER_267,T,164.33312988849926
CLUSTER_267,U,109.51284792224895
CLUSTER_267,V,53.02304049339681
CLUSTER_267,W,133.70387977127285
CLUSTER_267,X,180.9094563780272
CLUSTER_267,Y,141.76415387664312
CLUSTER_267,Z,73.90952937989452
CLUSTER_267,AA,103.0697387091334
CLUSTER_267,AB,5.970968941454526
CLUSTER_267,AC,58.336143138908525
CLUSTER_267,AD,86.1091038404125
CLUSTER_268,A,204.93434971609702
CLUSTER_268,B,121.20516759971085
CLUSTER_268,C,288.1083531037412
CLUSTER_268,D,267.67164743110834
CLUSTER_268,E,257.5361948454533
CLUSTER_268,F,262.20655051666904
CLUSTER_268,G,110.76862479772815
CLUSTER_268,H,318.8410671954307
CLUSTER_268,I,187.73952140361587
CLUSTER_268,J,249.52995375899016
CLUSTER_268,K,299.2688707780515
CLUSTER_268,L,102.66391479091247
CLUSTER_268,M,221.08810535326458
CLUSTER_268,N,46.11807368363178
CLUSTER_268,O,267.51774117772425
CLUSTER_268,P,296.39758688450104
CLUSTER_268,Q,165.7436378338612
CLUSTER_268,R,145.10347609580066
CLUSTER_268,S,251.04427861670652
CLUSTER_268,T,316.3482230757633
CLUSTER_268,U,161.3237992871428
CLUSTER_268,V,169.13678272089928
CLUSTER_268,W,199.01413429386847
CLUSTER_268,X,248.25422437870327
CLUSTER_268,Y,81.02967481008682
CLUSTER_268,Z,217.55940594924277
CLUSTER_268,AA,300.49238558281485
CLUSTER_268,AB,218.09133274593273
CLUSTER_268,AC,280.4378260630688
CLUSTER_268,AD,218.23428423204905
CLUSTER_269,A,102.49986893924861
CLUSTER_269,B,203.22977986201644
CLUSTER_269,C,61.61359745820282
CLUSTER_269,D,197.2066153145812
CLUSTER_269,E,157.66664752712867
CLUSTER_269,F,78.42737982650709
CLUSTER_269,G,177.15721018935523
CLUSTER_269,H,32.73970192232169
CLUSTER_269,I,178.0896020294989
CLUSTER_269,J,54.397307045296195
CLUSTER_269,K,177.30043041939183
CLUSTER_269,L,247.58253292597692
CLUSTER_269,M,240.53881225295575
CLUSTER_269,N,262.39053888487103
CLUSTER_269,O,29.862015682244888
CLUSTER_269,P,117.60233054931979
CLUSTER_269,Q,122.20123780159828
CLUSTER_269,R,150.52624565643924
CLUSTER_269,S,155.6734309460408
CLUSTER_269,T,39.58715492979653
CLUSTER_269,U,227.54208667604783
CLUSTER_269,V,152.2190728333025
CLUSTER_269,W,102.62383929489772
CLUSTER_269,X,103.55253386907378
CLUSTER_269,Y,212.44140256208183
CLUSTER_269,Z,198.41632321728747
CLUSTER_269,AA,49.376125928017984
CLUSTER_269,AB,130.23021556001314
CLUSTER_269,AC,118.89822846392101
CLUSTER_269,AD,70.03402196200398
CLUSTER_27,A,138.48542853508917
CLUSTER_27,B,38.687633664769606
CLUSTER_27,C,265.46390673480556
CLUSTER_27,D,155.23397686019004
CLUSTER_27,E,279.23648011938286
CLUSTER_27,F,186.4921702402478
CLUSTER_27,G,103.49460500168354
CLUSTER_27,H,264.7032266938773
CLUSTER_27,I,83.61355380119896
CLUSTER_27,J,222.5258148625137
CLUSTER_27,K,192.26840797644266
CLUSTER_27,L,16.04453095427615
CLUSTER_27,M,102.98690931471381
CLUSTER_27,N,72.0473396301137
CLUSTER_27,O,212.4934164164666
CLUSTER_27,P,295.337212044937
CLUSTER_27,Q,139.31032208259003
CLUSTER_27,R,96.45877213672713
CLUSTER_27,S,148.46557878903855
CLUSTER_27,T,276.9622793346766
CLUSTER_27,U,43.72995646476963
CLUSTER_27,V,88.98602617833771
CLUSTER_27,W,187.83221904796875
CLUSTER_27,X,246.63844588425607
CLUSTER_27,Y,71.74059314756836
CLUSTER_27,Z,104.33796681127613
CLUSTER_27,AA,233.4410707493523
CLUSTER_27,AB,129.0735207170697
CLUSTER_27,AC,188.77777722831286
CLUSTER_27,AD,175.09892674896008
CLUSTER_270,A,98.73823174879621
CLUSTER_270,B,155.77035005716414
CLUSTER_270,C,207.4643785328718
CLUSTER_270,D,50.77816531495358
CLUSTER_270,E,282.4658077964835
CLUSTER_270,F,72.97393186754721
CLUSTER_270,G,187.90228584233597
CLUSTER_270,H,153.58693078849055
CLUSTER_270,I,91.54374639167503
CLUSTER_270,J,177.45625548305435
CLUSTER_270,K,31.642094922253744
CLUSTER_270,L,189.4677713383967
CLUSTER_270,M,115.36295026883715
CLUSTER_270,N,233.77474222639964
CLUSTER_270,O,123.92267945405888
CLUSTER_270,P,260.3811696938732
CLUSTER_270,Q,160.8625357453804
CLUSTER_270,R,144.25463504303076
CLUSTER_270,S,26.39011912436557
CLUSTER_270,T,187.18502467741237
CLUSTER_270,U,138.54741602169437
CLUSTER_270,V,109.14504675135285
CLUSTER_270,W,188.6624619810203
CLUSTER_270,X,228.8213144858672
CLUSTER_270,Y,197.70933011447477
CLUSTER_270,Z,79.72058766100994
CLUSTER_270,AA,110.17377873389536
CLUSTER_270,AB,62.452771317968946
CLUSTER_270,AC,32.8245274084587
CLUSTER_270,AD,136.34342355151898
CLUSTER_271,A,184.60673995395584
CLUSTER_271,B,266.87870200101423
CLUSTER_271,C,47.13785253095573
CLUSTER_271,D,298.66931589329846
CLUSTER_271,E,88.07887845018487
CLUSTER_271,F,181.3815158954957
CLUSTER_271,G,215.33989478700394
CLUSTER_271,H,119.00540768993464
CLUSTER_271,I,263.4016803579183
CLUSTER_271,J,86.05085415669315
CLUSTER_271,K,282.658304519955
CLUSTER_271,L,308.30219864571836
CLUSTER_271,M,331.8829201605283
CLUSTER_271,N,304.3229864004121
CLUSTER_271,O,130.40821772741384
CLUSTER_271,P,26.77488267625451
CLUSTER_271,Q,166.86919439827935
CLUSTER_271,R,209.10342444584782
CLUSTER_271,S,256.1078898186151
CLUSTER_271,T,79.06333626446454
CLUSTER_271,U,305.64257484324764
CLUSTER_271,V,228.0058438578089
CLUSTER_271,W,120.57505062302532
CLUSTER_271,X,67.21652048160911
CLUSTER_271,Y,256.16685342083576
CLUSTER_271,Z,291.0720572929632
CLUSTER_271,AA,154.4127400750093
CLUSTER_271,AB,222.82787195586002
CLUSTER_271,AC,224.12719268369878
CLUSTER_271,AD,137.10208004009883
CLUSTER_272,A,81.80138761460071
CLUSTER_272,B,168.59403140849446
CLUSTER_272,C,58.90201548606674
CLUSTER_272,D,201.5195446991502
CLUSTER_272,E,121.43247208284772
CLUSTER_272,F,92.16331934792964
CLUSTER_272,G,129.89944613542923
CLUSTER_272,H,86.33433950674556
CLUSTER_272,I,160.4068656792158
CLUSTER_272,J,17.034813418063568
CLUSTER_272,K,193.11905067163445
CLUSTER_272,L,211.87060284247346
CLUSTER_272,M,229.24793913480892
CLUSTER_272,N,218.22329334159647
CLUSTER_272,O,50.58132232667343
CLUSTER_272,P,101.45160922634713
CLUSTER_272,Q,75.06405891190252
CLUSTER_272,R,111.64840000640676
CLUSTER_272,S,158.8927813041145
CLUSTER_272,T,76.88412505781481
CLUSTER_272,U,203.41342474328857
CLUSTER_272,V,125.5669267625323
CLUSTER_272,W,49.033165252165254
CLUSTER_272,X,66.69923793849526
CLUSTER_272,Y,168.0978644135263
CLUSTER_272,Z,188.93934744294586
CLUSTER_272,AA,90.59927158906915
CLUSTER_272,AB,121.64584509358654
CLUSTER_272,AC,136.65612508999038
CLUSTER_272,AD,34.11350617790675
CLUSTER_273,A,134.14428269936872
CLUSTER_273,B,146.21819833836938
CLUSTER_273,C,261.7695357686201
CLUSTER_273,D,12.31280337755113
CLUSTER_273,E,325.6081537770277
CLUSTER_273,F,129.84164840652437
CLUSTER_273,G,198.9737664934192
CLUSTER_273,H,215.07871755260146
CLUSTER_273,I,82.39268861460548
CLUSTER_273,J,227.1522746600647
CLUSTER_273,K,55.30652619046888
CLUSTER_273,L,167.04233021202916
CLUSTER_273,M,62.759792382886886
CLUSTER_273,N,219.90999166053012
CLUSTER_273,O,179.99255501328486
CLUSTER_273,P,311.77583306645397
CLUSTER_273,Q,188.84420018286474
CLUSTER_273,R,158.7514902985012
CLUSTER_273,S,52.85592093994768
CLUSTER_273,T,246.61179108814878
CLUSTER_273,U,108.0702077106959
CLUSTER_273,V,119.14062774577589
CLUSTER_273,W,226.7815349473725
CLUSTER_273,X,274.8758645282023
CLUSTER_273,Y,195.63708490234822
CLUSTER_273,Z,47.89408614775245
CLUSTER_273,AA,171.9239152004246
CLUSTER_273,AB,91.16974106347064
CLUSTER_273,AC,95.36855251541927
CLUSTER_273,AD,180.0538847930392
CLUSTER_274,A,87.89518252391954
CLUSTER_274,B,144.17593215292243
CLUSTER_274,C,201.6820675684838
CLUSTER_274,D,51.565867098008056
CLUSTER_274,E,273.79075441194794
CLUSTER_274,F,67.72839551025636
CLUSTER_274,G,175.86553323524194
CLUSTER_274,H,151.88476157300767
CLUSTER_274,I,80.67078814307521
CLUSTER_274,J,170.06748104916355
CLUSTER_274,K,42.280734556551096
CLUSTER_274,L,178.6288626024307
CLUSTER_274,M,110.20635839349023
CLUSTER_274,N,222.16361906264007
CLUSTER_274,O,118.6128594944401
CLUSTER_274,P,253.71137653047174
CLUSTER_274,Q,149.65632212172332
CLUSTER_274,R,132.23202800619683
CLUSTER_274,S,16.975390646949233
CLUSTER_274,T,183.84953957777074
CLUSTER_274,U,129.03606415219616
CLUSTER_274,V,97.06492713365972
CLUSTER_274,W,178.83078175588085
CLUSTER_274,X,220.65667122352792
CLUSTER_274,Y,185.69922675343182
CLUSTER_274,Z,72.27827213378305
CLUSTER_274,AA,108.78113340452678
CLUSTER_274,AB,50.49850335408514
CLUSTER_274,AC,33.52578177245223
CLUSTER_274,AD,127.26005404957074
CLUSTER_275,A,174.80501659513055
CLUSTER_275,B,239.58518276087986
CLUSTER_275,C,68.89493268228327
CLUSTER_275,D,298.5950102160644
CLUSTER_275,E,34.888430641253564
CLUSTER_275,F,188.90946109694443
CLUSTER_275,G,179.35958165094354
CLUSTER_275,H,150.10871589738923
CLUSTER_275,I,249.4720073083915
CLUSTER_275,J,82.86236797542068
CLUSTER_275,K,290.62016102877726
CLUSTER_275,L,277.6522791429398
CLUSTER_275,M,319.9834305363524
CLUSTER_275,N,265.33697124869246
CLUSTER_275,O,141.57894530773527
CLUSTER_275,P,29.29469323870401
CLUSTER_275,Q,139.3641585212689
CLUSTER_275,R,183.28608757561716
CLUSTER_275,S,256.1468421306767
CLUSTER_275,T,114.92720001936534
CLUSTER_275,U,284.9149397007412
CLUSTER_275,V,210.08284265587568
CLUSTER_275,W,90.49044736865007
CLUSTER_275,X,33.046325871235354
CLUSTER_275,Y,219.95548725600676
CLUSTER_275,Z,281.6987701473874
CLUSTER_275,AA,175.4854337249536
CLUSTER_275,AB,216.94206896340256
CLUSTER_275,AC,233.48578405766915
CLUSTER_275,AD,127.44391248467771
CLUSTER_276,A,154.4303747200036
CLUSTER_276,B,201.30904310138277
CLUSTER_276,C,255.0245000175051
CLUSTER_276,D,59.87042608593502
CLUSTER_276,E,335.747235751043
CLUSTER_276,F,122.7804264228433
CLUSTER_276,G,241.12462353661584
CLUSTER_276,H,191.1460413611398
CLUSTER_276,I,134.77272638033233
CLUSTER_276,J,228.82892668460772
CLUSTER_276,K,24.82592522340526
CLUSTER_276,L,229.07842934784793
CLUSTER_276,M,130.85321530826863
CLUSTER_276,N,278.4199833607808
CLUSTER_276,O,171.86887810132106
CLUSTER_276,P,309.6174309833964
CLUSTER_276,Q,216.47504188715612
CLUSTER_276,R,197.76901620494993
CLUSTER_276,S,74.19802541163033
CLUSTER_276,T,228.59096302607966
CLUSTER_276,U,172.30702046708535
CLUSTER_276,V,160.68298955516127
CLUSTER_276,W,243.73718249998686
CLUSTER_276,X,281.35115135997233
CLUSTER_276,Y,246.99397776086846
CLUSTER_276,Z,109.57344388677299
CLUSTER_276,AA,148.99824564443202
CLUSTER_276,AB,116.84987381782985
CLUSTER_276,AC,78.21654585237381
CLUSTER_276,AD,190.72008343946385
CLUSTER_277,A,172.5377550272183
CLUSTER_277,B,233.72359403012612
CLUSTER_277,C,74.79158538071566
CLUSTER_277,D,297.3395758855804
CLUSTER_277,E,27.88151563260278
CLUSTER_277,F,189.6365816575546
CLUSTER_277,G,172.20394854296387
CLUSTER_277,H,155.26803217786917
CLUSTER_277,I,245.94904802298015
CLUSTER_277,J,83.85860853539943
CLUSTER_277,K,290.82524085825366
CLUSTER_277,L,271.0914683668743
CLUSTER_277,M,316.56647252267487
CLUSTER_277,N,257.4093150659383
CLUSTER_277,O,143.51774229617664
CLUSTER_277,P,39.11613057428052
CLUSTER_277,Q,134.12229424677386
CLUSTER_277,R,177.97639293242722
CLUSTER_277,S,255.08910886582512
CLUSTER_277,T,121.30145874833305
CLUSTER_277,U,280.05318796886684
CLUSTER_277,V,206.04845936863666
CLUSTER_277,W,85.56621584204906
CLUSTER_277,X,31.191621791161918
CLUSTER_277,Y,212.60078177482208
CLUSTER_277,Z,278.85341672743573
CLUSTER_277,AA,178.70190105657295
CLUSTER_277,AB,215.04559660844993
CLUSTER_277,AC,234.2107960754411
CLUSTER_277,AD,125.85604081951342
CLUSTER_278,A,84.066456926818
CLUSTER_278,B,117.13589671236409
CLUSTER_278,C,123.89640131791191
CLUSTER_278,D,206.1571833230608
CLUSTER_278,E,126.35993223193098
CLUSTER_278,F,131.2752980517472
CLUSTER_278,G,59.11073256746879
CLUSTER_278,H,160.09818531945987
CLUSTER_278,I,139.05546261313273
CLUSTER_278,J,84.70546743617233
CLUSTER_278,K,214.03242057555227
CLUSTER_278,L,154.8303588818387
CLUSTER_278,M,208.56565836083436
CLUSTER_278,N,148.4734044798289
CLUSTER_278,O,113.85269256393407
CLUSTER_278,P,142.45625739698056
CLUSTER_278,Q,23.026279406428202
CLUSTER_278,R,63.10626587631733
CLUSTER_278,S,168.33395184645383
CLUSTER_278,T,152.2135238592647
CLUSTER_278,U,165.5859015643424
CLUSTER_278,V,97.39941034060922
CLUSTER_278,W,35.76063928752854
CLUSTER_278,X,92.97609409301263
CLUSTER_278,Y,99.89096738813755
CLUSTER_278,Z,175.54309130921544
CLUSTER_278,AA,152.93060640936517
CLUSTER_278,AB,123.85867828520645
CLUSTER_278,AC,168.3174131124377
CLUSTER_278,AD,63.88245157706782
CLUSTER_279,A,85.62743380811303
CLUSTER_279,B,60.21242955863366
CLUSTER_279,C,224.4385442597986
CLUSTER_279,D,87.1678985725341
CLUSTER_279,E,264.8297176742763
CLUSTER_279,F,119.94403932241941
CLUSTER_279,G,115.419884750141
CLUSTER_279,H,205.12417127475953
CLUSTER_279,I,9.198434663170177
CLUSTER_279,J,183.26185580852453
CLUSTER_279,K,119.23664862434937
CLUSTER_279,L,89.44403766158835
CLUSTER_279,M,67.55282616369377
CLUSTER_279,N,136.64729652488646
CLUSTER_279,O,156.19476444859654
CLUSTER_279,P,265.20425436546435
CLUSTER_279,Q,119.0829884812965
CLUSTER_279,R,80.05783278462556
CLUSTER_279,S,73.71748438447845
CLUSTER_279,T,224.9739052005363
CLUSTER_279,U,43.83964126790307
CLUSTER_279,V,44.17644058100517
CLUSTER_279,W,165.00181625307584
CLUSTER_279,X,220.8856622572191
CLUSTER_279,Y,109.03475574697667
CLUSTER_279,Z,39.88855663876891
CLUSTER_279,AA,168.65590029446656
CLUSTER_279,AB,59.728688579675506
CLUSTER_279,AC,115.06296658112817
CLUSTER_279,AD,132.21401040727054
CLUSTER_28,A,151.09780288509626
CLUSTER_28,B,50.44524751310296
CLUSTER_28,C,277.2785231897936
CLUSTER_28,D,164.22216691557512
CLUSTER_28,E,288.6265055454227
CLUSTER_28,F,199.05064497666402
CLUSTER_28,G,111.95870294417394
CLUSTER_28,H,277.3239290110303
CLUSTER_28,I,95.11264150510222
CLUSTER_28,J,234.3459863488636
CLUSTER_28,K,202.3530194488917
CLUSTER_28,L,13.637702527583825
CLUSTER_28,M,108.10980317940034
CLUSTER_28,N,69.05876853317132
CLUSTER_28,O,225.08006030003665
CLUSTER_28,P,306.236558083693
CLUSTER_28,Q,150.35534821102544
CLUSTER_28,R,107.99984649717163
CLUSTER_28,S,159.50653145248043
CLUSTER_28,T,289.35233572414836
CLUSTER_28,U,51.29230075541208
CLUSTER_28,V,101.62850838731113
CLUSTER_28,W,198.60178447297812
CLUSTER_28,X,257.32204737153995
CLUSTER_28,Y,77.416178501188
CLUSTER_28,Z,113.5145390004945
CLUSTER_28,AA,246.0672504600387
CLUSTER_28,AB,141.39085613922592
CLUSTER_28,AC,200.66504683912555
CLUSTER_28,AD,187.29310311972196
CLUSTER_280,A,61.40339518472885
CLUSTER_280,B,148.42115418910944
CLUSTER_280,C,156.3820915533908
CLUSTER_280,D,96.81811668890374
CLUSTER_280,E,232.87786175255926
CLUSTER_280,F,22.083076915723506
CLUSTER_280,G,160.73931011602625
CLUSTER_280,H,108.43782288750691
CLUSTER_280,I,97.36976542384403
CLUSTER_280,J,126.59121608312796
CLUSTER_280,K,81.25896655414802
CLUSTER_280,L,189.18085689458047
CLUSTER_280,M,146.81692911746293
CLUSTER_280,N,223.51629803268062
CLUSTER_280,O,73.04201115456041
CLUSTER_280,P,209.1784524796842
CLUSTER_280,Q,122.59280028054278
CLUSTER_280,R,118.46369166627366
CLUSTER_280,S,55.99103607180592
CLUSTER_280,T,138.6074226771594
CLUSTER_280,U,150.18229133372122
CLUSTER_280,V,93.58379489552537
CLUSTER_280,W,142.42611206101995
CLUSTER_280,X,178.60932530193858
CLUSTER_280,Y,180.24505314525865
CLUSTER_280,Z,105.26079372752199
CLUSTER_280,AA,66.62802046882304
CLUSTER_280,AB,47.894352344757124
CLUSTER_280,AC,26.230661291928197
CLUSTER_280,AD,88.5650172512478
CLUSTER_281,A,137.22971469704905
CLUSTER_281,B,52.69449268518873
CLUSTER_281,C,271.2077030382094
CLUSTER_281,D,131.49893284817392
CLUSTER_281,E,294.63410588455065
CLUSTER_281,F,178.85915169195178
CLUSTER_281,G,123.10527820067283
CLUSTER_281,H,261.70137262710944
CLUSTER_281,I,69.21135155557566
CLUSTER_281,J,228.55718858482626
CLUSTER_281,K,170.9709195768259
CLUSTER_281,L,43.90647904242394
CLUSTER_281,M,74.74979330794183
CLUSTER_281,N,100.55615068403573
CLUSTER_281,O,210.87817261190196
CLUSTER_281,P,305.5255018770844
CLUSTER_281,Q,150.44859185560205
CLUSTER_281,R,106.52653273508231
CLUSTER_281,S,130.57736478048622
CLUSTER_281,T,277.93895794107834
CLUSTER_281,U,18.570816618388882
CLUSTER_281,V,87.91519807136063
CLUSTER_281,W,199.3545493086177
CLUSTER_281,X,257.9758546875238
CLUSTER_281,Y,96.57732340094641
CLUSTER_281,Z,81.28872198101992
CLUSTER_281,AA,227.19162832642058
CLUSTER_281,AB,119.08945200166956
CLUSTER_281,AC,174.67316977186871
CLUSTER_281,AD,178.94058843414732
CLUSTER_282,A,116.58470080328894
CLUSTER_282,B,159.38077008119058
CLUSTER_282,C,230.67902428628972
CLUSTER_282,D,30.686859422010997
CLUSTER_282,E,303.72890934213893
CLUSTER_282,F,96.23375544897276
CLUSTER_282,G,199.25549104428012
CLUSTER_282,H,176.78022957145407
CLUSTER_282,I,92.99189395307137
CLUSTER_282,J,199.85842856751322
CLUSTER_282,K,18.851785101181775
CLUSTER_282,L,188.85342369601383
CLUSTER_282,M,101.30273213576146
CLUSTER_282,N,236.83769185426974
CLUSTER_282,O,147.23381435458148
CLUSTER_282,P,283.2369726404744
CLUSTER_282,Q,177.3720445878437
CLUSTER_282,R,156.11964519967324
CLUSTER_282,S,32.403348614791184
CLUSTER_282,T,210.67314286856393
CLUSTER_282,U,133.9371179490839
CLUSTER_282,V,118.528214398742
CLUSTER_282,W,208.35124981879912
CLUSTER_282,X,250.60922576239795
CLUSTER_282,Y,204.65228470006585
CLUSTER_282,Z,71.72703677609951
CLUSTER_282,AA,133.34704577160042
CLUSTER_282,AB,76.43762019897673
CLUSTER_282,AC,55.970183084792644
CLUSTER_282,AD,157.1530213947879
CLUSTER_283,A,140.465090976975
CLUSTER_283,B,206.5593460414874
CLUSTER_283,C,56.63533766422179
CLUSTER_283,D,264.9975560131753
CLUSTER_283,E,55.950129954107105
CLUSTER_283,F,157.95188833625767
CLUSTER_283,G,149.14197542005485
CLUSTER_283,H,131.33425432175457
CLUSTER_283,I,214.85977993698205
CLUSTER_283,J,53.06489874189132
CLUSTER_283,K,258.7487981822009
CLUSTER_283,L,245.70095477527752
CLUSTER_283,M,285.36877185469797
CLUSTER_283,N,237.03473077412414
CLUSTER_283,O,113.23749887942621
CLUSTER_283,P,51.58672687483226
CLUSTER_283,Q,105.84338917898495
CLUSTER_283,R,149.69390535490444
CLUSTER_283,S,222.73523573367552
CLUSTER_283,T,102.06241458018862
CLUSTER_283,U,250.79570144903093
CLUSTER_283,V,175.57207971014626
CLUSTER_283,W,56.96967111933237
CLUSTER_283,X,1.9547033645745064
CLUSTER_283,Y,190.04157662366734
CLUSTER_283,Z,247.16178545969666
CLUSTER_283,AA,150.1459719543348
CLUSTER_283,AB,182.83130974828083
CLUSTER_283,AC,202.46612210887872
CLUSTER_283,AD,93.53308193139581
CLUSTER_284,A,74.77587954350604
CLUSTER_284,B,137.7995768315614
CLUSTER_284,C,188.9630668114068
CLUSTER_284,D,62.99203062252195
CLUSTER_284,E,260.1696327783089
CLUSTER_284,F,55.83255660287462
CLUSTER_284,G,165.15226059544622
CLUSTER_284,H,141.98413199901418
CLUSTER_284,I,77.14923754328323
CLUSTER_284,J,156.725332451913
CLUSTER_284,K,55.39097756718934
CLUSTER_284,L,174.365582222268
CLUSTER_284,M,115.60161080161089
CLUSTER_284,N,215.49519842134816
CLUSTER_284,O,106.30465394007318
CLUSTER_284,P,240.57583769162437
CLUSTER_284,Q,136.8870089019313
CLUSTER_284,R,121.47640767702163
CLUSTER_284,S,22.297195976274676
CLUSTER_284,T,172.61169562072283
CLUSTER_284,U,127.92144209536617
CLUSTER_284,V,88.0094151809286
CLUSTER_284,W,165.27138094466983
CLUSTER_284,X,207.10560441166868
CLUSTER_284,Y,177.13589845618085
CLUSTER_284,Z,75.44542906409261
CLUSTER_284,AA,99.42893153205583
CLUSTER_284,AB,39.73987542726026
CLUSTER_284,AC,29.494032968112545
CLUSTER_284,AD,113.62582640202154
CLUSTER_285,A,112.98425346410188
CLUSTER_285,B,173.30294258289436
CLUSTER_285,C,213.01201539191953
CLUSTER_285,D,58.35700192016509
CLUSTER_285,E,292.3428706793116
CLUSTER_285,F,79.66388439745884
CLUSTER_285,G,204.54748691344113
CLUSTER_285,H,153.50014127068076
CLUSTER_285,I,108.84547880987125
CLUSTER_285,J,185.64091850983658
CLUSTER_285,K,23.524285954273683
CLUSTER_285,L,206.68087035972832
CLUSTER_285,M,127.7422252258569
CLUSTER_285,N,251.30755003781493
CLUSTER_285,O,129.48964107365413
CLUSTER_285,P,267.0865576634725
CLUSTER_285,Q,175.4979889614318
CLUSTER_285,R,160.86931892191743
CLUSTER_285,S,43.532419635195765
CLUSTER_285,T,189.1920297205365
CLUSTER_285,U,154.8809040218734
CLUSTER_285,V,126.38760813504733
CLUSTER_285,W,200.73516870897402
CLUSTER_285,X,238.00205219956965
CLUSTER_285,Y,215.11729934357712
CLUSTER_285,Z,94.68291536472987
CLUSTER_285,AA,110.30347459420392
CLUSTER_285,AB,79.01938716780916
CLUSTER_285,AC,35.37426544843036
CLUSTER_285,AD,147.45510787829707
CLUSTER_286,A,150.73021795235599
CLUSTER_286,B,253.56668604567702
CLUSTER_286,C,89.89741452224143
CLUSTER_286,D,222.74623530987225
CLUSTER_286,E,192.50402597048924
CLUSTER_286,F,110.84328531566729
CLUSTER_286,G,231.6118520587726
CLUSTER_286,H,24.524746586232986
CLUSTER_286,I,220.46118167882346
CLUSTER_286,J,103.72681320552567
CLUSTER_286,K,193.42030538858867
CLUSTER_286,L,297.85077120454594
CLUSTER_286,M,276.4927988130296
CLUSTER_286,N,315.8717574259417
CLUSTER_286,O,77.34986576538374
CLUSTER_286,P,140.1402795097165
CLUSTER_286,Q,176.7914861643957
CLUSTER_286,R,203.21614934325814
CLUSTER_286,S,185.00812504538894
CLUSTER_286,T,43.39789841071829
CLUSTER_286,U,272.1372567583253
CLUSTER_286,V,200.26665786845356
CLUSTER_286,W,155.28960329197508
CLUSTER_286,X,143.59032063728475
CLUSTER_286,Y,266.1627118408073
CLUSTER_286,Z,234.63281134997283
CLUSTER_286,AA,63.30561326079824
CLUSTER_286,AB,170.05281325160857
CLUSTER_286,AC,139.5460531127901
CLUSTER_286,AD,124.20824856493473
CLUSTER_287,A,165.97991652859767
CLUSTER_287,B,65.46959234708868
CLUSTER_287,C,292.2485944185068
CLUSTER_287,D,172.96183042946726
CLUSTER_287,E,302.0580371718113
CLUSTER_287,F,213.27137293843919
CLUSTER_287,G,124.99827276014891
CLUSTER_287,H,292.17821817302274
CLUSTER_287,I,107.60335894219881
CLUSTER_287,J,249.32158850037908
CLUSTER_287,K,212.43914850585702
CLUSTER_287,L,24.67330529481302
CLUSTER_287,M,112.57493579243986
CLUSTER_287,N,71.9379199601878
CLUSTER_287,O,240.009547979915
CLUSTER_287,P,320.7301049952738
CLUSTER_287,Q,164.9972037530885
CLUSTER_287,R,122.90345854266994
CLUSTER_287,S,171.07096187642492
CLUSTER_287,T,304.4139397009249
CLUSTER_287,U,60.07965712022984
CLUSTER_287,V,116.39765071167179
CLUSTER_287,W,213.05475807841083
CLUSTER_287,X,271.6941044105517
CLUSTER_287,Y,88.63185218631908
CLUSTER_287,Z,122.8259938140583
CLUSTER_287,AA,260.54400952706544
CLUSTER_287,AB,155.07485937069643
CLUSTER_287,AC,213.4819857307074
CLUSTER_287,AD,202.36231701821458
CLUSTER_288,A,76.55168816410799
CLUSTER_288,B,63.278135986761285
CLUSTER_288,C,215.5260869093254
CLUSTER_288,D,85.66957414759308
CLUSTER_288,E,257.87495563025016
CLUSTER_288,F,110.59173892963305
CLUSTER_288,G,113.15274213472576
CLUSTER_288,H,195.61911732428766
CLUSTER_288,I,4.209945134889304
CLUSTER_288,J,174.57657861542376
CLUSTER_288,K,114.8630985892511
CLUSTER_288,L,95.9346800600517
CLUSTER_288,M,74.24848963425022
CLUSTER_288,N,140.84510580473415
CLUSTER_288,O,146.72738657429187
CLUSTER_288,P,256.9296152588471
CLUSTER_288,Q,112.77806407365789
CLUSTER_288,R,75.537317078555
CLUSTER_288,S,67.79662887120325
CLUSTER_288,T,215.5636416477439
CLUSTER_288,U,53.139152695750944
CLUSTER_288,V,37.698055685273786
CLUSTER_288,W,157.81650322490174
CLUSTER_288,X,213.0976717115771
CLUSTER_288,Y,110.21518417232468
CLUSTER_288,Z,42.00140922036556
CLUSTER_288,AA,159.2609051566523
CLUSTER_288,AB,50.44361678631558
CLUSTER_288,AC,107.09043363279338
CLUSTER_288,AD,123.51847633631766
CLUSTER_289,A,112.2099894273703
CLUSTER_289,B,190.1276057554798
CLUSTER_289,C,41.524302586993656
CLUSTER_289,D,234.00174613124256
CLUSTER_289,E,90.15434609750945
CLUSTER_289,F,124.27196382879582
CLUSTER_289,G,141.46000682653113
CLUSTER_289,H,101.38348176821108
CLUSTER_289,I,189.50113363277768
CLUSTER_289,J,18.861892919468296
CLUSTER_289,K,225.67330820152256
CLUSTER_289,L,231.81870915661818
CLUSTER_289,M,259.25801947859594
CLUSTER_289,N,230.98961416254514
CLUSTER_289,O,79.0423000552792
CLUSTER_289,P,70.55286535978817
CLUSTER_289,Q,90.57655144733009
CLUSTER_289,R,132.3502289438746
CLUSTER_289,S,191.4317934526559
CLUSTER_289,T,78.3547035920371
CLUSTER_289,U,229.6015066741006
CLUSTER_289,V,152.39307092494593
CLUSTER_289,W,47.59962299977346
CLUSTER_289,X,34.80645252554338
CLUSTER_289,Y,181.78685864465396
CLUSTER_289,Z,219.6797900021306
CLUSTER_289,AA,116.48128370103802
CLUSTER_289,AB,153.3192415492224
CLUSTER_289,AC,168.851497998679
CLUSTER_289,AD,64.06307100901718
CLUSTER_29,A,123.930812100269
CLUSTER_29,B,73.61522712668953
CLUSTER_29,C,262.7535093307886
CLUSTER_29,D,91.19453512826036
CLUSTER_29,E,300.32455078296226
CLUSTER_29,F,154.69062476110741
CLUSTER_29,G,140.8138798614099
CLUSTER_29,H,241.50809691405004
CLUSTER_29,I,45.33952219021126
CLUSTER_29,J,221.47559232888375
CLUSTER_29,K,131.91405137772222
CLUSTER_29,L,82.90337451965577
CLUSTER_29,M,39.0081908292702
CLUSTER_29,N,138.13338011773692
CLUSTER_29,O,193.66586655344457
CLUSTER_29,P,302.97973393556316
CLUSTER_29,Q,153.949334090192
CLUSTER_29,R,112.16772973606703
CLUSTER_29,S,95.37995941062012
CLUSTER_29,T,262.7400449010959
CLUSTER_29,U,23.164524638344815
CLUSTER_29,V,80.7460022790506
CLUSTER_29,W,201.2097441689565
CLUSTER_29,X,257.99247440592313
CLUSTER_29,Y,123.98747746077127
CLUSTER_29,Z,42.11847386524437
CLUSTER_29,AA,203.49865441458422
CLUSTER_29,AB,94.87000571736324
CLUSTER_29,AC,142.61679086463752
CLUSTER_29,AD,170.45071451567065
CLUSTER_290,A,25.240212542246613
CLUSTER_290,B,120.6232120941999
CLUSTER_290,C,142.43501369135956
CLUSTER_290,D,112.00196104069046
CLUSTER_290,E,206.64626354202005
CLUSTER_290,F,34.64218326020569
CLUSTER_290,G,125.13244128399744
CLUSTER_290,H,114.52974198031389
CLUSTER_290,I,82.49607386897942
CLUSTER_290,J,106.09715997044846
CLUSTER_290,K,109.01209885858063
CLUSTER_290,L,163.64783666600314
CLUSTER_290,M,144.93817381876295
CLUSTER_290,N,192.47468600069084
CLUSTER_290,O,66.32421652125126
CLUSTER_290,P,190.79842461862435
CLUSTER_290,Q,86.8160212860787
CLUSTER_290,R,83.72903208701396
CLUSTER_290,S,69.56952090560581
CLUSTER_290,T,135.7228920324028
CLUSTER_290,U,133.67714079075625
CLUSTER_290,V,65.03249879113102
CLUSTER_290,W,111.31337360588675
CLUSTER_290,X,154.3777954913182
CLUSTER_290,Y,147.08861863341397
CLUSTER_290,Z,103.07500140632027
CLUSTER_290,AA,80.277218313502
CLUSTER_290,AB,34.32543212447672
CLUSTER_290,AC,61.24304380538956
CLUSTER_290,AD,59.98042172407686
CLUSTER_291,A,140.5973856926658
CLUSTER_291,B,162.81758803494762
CLUSTER_291,C,262.1527985361862
CLUSTER_291,D,15.880985261752889
CLUSTER_291,E,331.01558900768026
CLUSTER_291,F,128.23090055981933
CLUSTER_291,G,212.4318204148717
CLUSTER_291,H,210.2696834079976
CLUSTER_291,I,97.57221269513634
CLUSTER_291,J,229.60988705949413
CLUSTER_291,K,40.48619986408394
CLUSTER_291,L,185.35561571265998
CLUSTER_291,M,81.26624326052583
CLUSTER_291,N,237.55963032027395
CLUSTER_291,O,179.15113605455863
CLUSTER_291,P,313.726931263021
CLUSTER_291,Q,198.21114626795588
CLUSTER_291,R,171.03049531420527
CLUSTER_291,S,55.13271441142654
CLUSTER_291,T,243.73203421921642
CLUSTER_291,U,126.7124328057279
CLUSTER_291,V,131.64451777435917
CLUSTER_291,W,233.49951221962263
CLUSTER_291,X,279.02075208452914
CLUSTER_291,Y,211.50241531542946
CLUSTER_291,Z,65.44552011693482
CLUSTER_291,AA,166.8421820658307
CLUSTER_291,AB,97.97665952392252
CLUSTER_291,AC,89.44736992924506
CLUSTER_291,AD,184.516507649493
CLUSTER_292,A,126.74325316772169
CLUSTER_292,B,151.01082721129856
CLUSTER_292,C,249.88505818590417
CLUSTER_292,D,5.197727923211714
CLUSTER_292,E,317.403820735871
CLUSTER_292,F,116.58236437170939
CLUSTER_292,G,198.98573159115062
CLUSTER_292,H,200.33239950976952
CLUSTER_292,I,85.11132602004456
CLUSTER_292,J,216.6468869770775
CLUSTER_292,K,39.16580830867782
CLUSTER_292,L,175.51488152706565
CLUSTER_292,M,77.73714561829921
CLUSTER_292,N,226.63798556752937
CLUSTER_292,O,167.27733274526614
CLUSTER_292,P,300.9586398238654
CLUSTER_292,Q,184.21604950649728
CLUSTER_292,R,157.33473235448741
CLUSTER_292,S,41.72346429639188
CLUSTER_292,T,232.82515500971357
CLUSTER_292,U,117.81209020745513
CLUSTER_292,V,118.0497458544986
CLUSTER_292,W,219.6628742868525
CLUSTER_292,X,265.6507188219313
CLUSTER_292,Y,199.09343239784195
CLUSTER_292,Z,55.35951481287074
CLUSTER_292,AA,157.00784904479502
CLUSTER_292,AB,84.04296453752258
CLUSTER_292,AC,79.91236921943165
CLUSTER_292,AD,171.02298845606342
CLUSTER_293,A,130.68956525578105
CLUSTER_293,B,219.28344505933572
CLUSTER_293,C,8.505228592533554
CLUSTER_293,D,243.13265211968297
CLUSTER_293,E,106.25119512256467
CLUSTER_293,F,126.30135203083222
CLUSTER_293,G,175.9826286682127
CLUSTER_293,H,76.8560490555341
CLUSTER_293,I,209.75302816794604
CLUSTER_293,J,35.49533630911313
CLUSTER_293,K,228.11006295851803
CLUSTER_293,L,262.2463930781391
CLUSTER_293,M,277.34209015541285
CLUSTER_293,N,265.37150129812915
CLUSTER_293,O,75.56517899447253
CLUSTER_293,P,63.05414634230307
CLUSTER_293,Q,122.91178394394673
CLUSTER_293,R,161.98873926547662
CLUSTER_293,S,200.5506735733002
CLUSTER_293,T,44.98775475973154
CLUSTER_293,U,254.08013441668933
CLUSTER_293,V,176.22434767709342
CLUSTER_293,W,83.90744211516868
CLUSTER_293,X,56.37363776493996
CLUSTER_293,Y,215.64504003042026
CLUSTER_293,Z,236.19016905496574
CLUSTER_293,AA,104.09599816971743
CLUSTER_293,AB,167.68927999086125
CLUSTER_293,AC,169.66342499202824
CLUSTER_293,AD,84.51816412445407
CLUSTER_294,A,79.84452119870441
CLUSTER_294,B,141.29371206251656
CLUSTER_294,C,90.86903458363001
CLUSTER_294,D,206.41833726371064
CLUSTER_294,E,112.61806906671649
CLUSTER_294,F,114.28321988506856
CLUSTER_294,G,91.33868314270471
CLUSTER_294,H,128.796405068552
CLUSTER_294,I,149.57382640348013
CLUSTER_294,J,50.92838197668833
CLUSTER_294,K,207.1766962373659
CLUSTER_294,L,182.0432241679885
CLUSTER_294,M,220.22153177508648
CLUSTER_294,N,180.83664364123933
CLUSTER_294,O,86.49440805019805
CLUSTER_294,P,115.72082922048097
CLUSTER_294,Q,40.618511890474466
CLUSTER_294,R,83.80820349204132
CLUSTER_294,S,165.62223922046348
CLUSTER_294,T,118.61098202558816
CLUSTER_294,U,184.32842555857133
CLUSTER_294,V,109.49565617382626
CLUSTER_294,W,13.16571117265606
CLUSTER_294,X,68.23585903444389
CLUSTER_294,Y,131.40797584290056
CLUSTER_294,Z,183.33395359531002
CLUSTER_294,AA,126.92240471492019
CLUSTER_294,AB,122.77690050612622
CLUSTER_294,AC,155.7839931354044
CLUSTER_294,AD,41.825863054500836
CLUSTER_295,A,48.65606519916513
CLUSTER_295,B,130.03481712444423
CLUSTER_295,C,161.3349548261927
CLUSTER_295,D,90.30760454853906
CLUSTER_295,E,230.90302320712584
CLUSTER_295,F,33.16670006431637
CLUSTER_295,G,145.40476459153487
CLUSTER_295,H,121.51047787462929
CLUSTER_295,I,79.57251655808128
CLUSTER_295,J,127.8286630380571
CLUSTER_295,K,83.7313443114395
CLUSTER_295,L,170.67427187716385
CLUSTER_295,M,132.88102018340578
CLUSTER_295,N,205.50735545587756
CLUSTER_295,O,80.16569622786201
CLUSTER_295,P,212.01719904335584
CLUSTER_295,Q,111.19643577044413
CLUSTER_295,R,102.42090711822867
CLUSTER_295,S,47.648671706888585
CLUSTER_295,T,148.49969827881975
CLUSTER_295,U,132.42259879730278
CLUSTER_295,V,75.48140860652093
CLUSTER_295,W,136.5710849617448
CLUSTER_295,X,177.86150751596742
CLUSTER_295,Y,162.97979017156206
CLUSTER_295,Z,90.80703344338768
CLUSTER_295,AA,81.5929803768038
CLUSTER_295,AB,29.475737194491835
CLUSTER_295,AC,38.199041759244814
CLUSTER_295,AD,84.42009947165784
CLUSTER_296,A,128.63413781230545
CLUSTER_296,B,174.75069787575376
CLUSTER_296,C,236.68678560099335
CLUSTER_296,D,40.37794608697618
CLUSTER_296,E,313.20538437971396
CLUSTER_296,F,102.4948870194562
CLUSTER_296,G,213.8272898570609
CLUSTER_296,H,178.4758407864454
CLUSTER_296,I,108.35542026178234
CLUSTER_296,J,207.8014682507637
CLUSTER_296,K,3.9967844890755275
CLUSTER_296,L,203.98221060378722
CLUSTER_296,M,112.83051608733024
CLUSTER_296,N,252.19607368499786
CLUSTER_296,O,153.04798964814788
CLUSTER_296,P,290.2146771034249
CLUSTER_296,Q,190.20479310337643
CLUSTER_296,R,170.5161415494034
CLUSTER_296,S,46.87418455094268
CLUSTER_296,T,213.9530964946411
CLUSTER_296,U,148.55004431738678
CLUSTER_296,V,133.35661017478483
CLUSTER_296,W,219.29929945161336
CLUSTER_296,X,259.4472432286996
CLUSTER_296,Y,219.89329900489176
CLUSTER_296,Z,86.00617839004383
CLUSTER_296,AA,135.24261628337013
CLUSTER_296,AB,89.92317937841874
CLUSTER_296,AC,59.30129099262985
CLUSTER_296,AD,167.11646530006985
CLUSTER_297,A,96.57199295352534
CLUSTER_297,B,12.237745214167765
CLUSTER_297,C,216.4241549101315
CLUSTER_297,D,152.38865344905747
CLUSTER_297,E,230.58509670691996
CLUSTER_297,F,150.38264973625715
CLUSTER_297,G,58.790275063282316
CLUSTER_297,H,221.5911004136451
CLUSTER_297,I,70.6639515734103
CLUSTER_297,J,173.52344392587278
CLUSTER_297,K,180.81190077182356
CLUSTER_297,L,53.40076244772128
CLUSTER_297,M,122.30084504195143
CLUSTER_297,N,78.25731179330857
CLUSTER_297,O,168.76960790884442
CLUSTER_297,P,245.40886763257893
CLUSTER_297,Q,89.38859439304954
CLUSTER_297,R,47.00684939124349
CLUSTER_297,S,132.12005564274878
CLUSTER_297,T,230.44249216007725
CLUSTER_297,U,66.82362660145165
CLUSTER_297,V,51.93062816337358
CLUSTER_297,W,137.92637029100263
CLUSTER_297,X,196.74785149847588
CLUSTER_297,Y,43.481643894168315
CLUSTER_297,Z,105.00372758467527
CLUSTER_297,AA,194.3019464423185
CLUSTER_297,AB,100.06537945769861
CLUSTER_297,AC,162.6388010914902
CLUSTER_297,AD,127.60173667762429
CLUSTER_298,A,125.12255323804982
CLUSTER_298,B,205.05059523729864
CLUSTER_298,C,28.63399657195839
CLUSTER_298,D,244.89558601223322
CLUSTER_298,E,86.27898193161279
CLUSTER_298,F,132.4124508350151
CLUSTER_298,G,156.1396618824277
CLUSTER_298,H,98.65542901099298
CLUSTER_298,I,203.09515192335203
CLUSTER_298,J,27.178263861793
CLUSTER_298,K,234.48756950473742
CLUSTER_298,L,246.8047630153865
CLUSTER_298,M,272.4949281824029
CLUSTER_298,N,245.6428791380574
CLUSTER_298,O,84.49978080949735
CLUSTER_298,P,57.69417583213351
CLUSTER_298,Q,105.56355611686016
CLUSTER_298,R,147.27556775213642
CLUSTER_298,S,202.2021216130021
CLUSTER_298,T,70.59522307757655
CLUSTER_298,U,244.01923498110332
CLUSTER_298,V,166.6008798143641
CLUSTER_298,W,61.75835299691339
CLUSTER_298,X,32.41155701528524
CLUSTER_298,Y,196.5750558119742
CLUSTER_298,Z,232.49384526818028
CLUSTER_298,AA,119.21943513943276
CLUSTER_298,AB,165.40234179865575
CLUSTER_298,AC,176.90291780888475
CLUSTER_298,AD,76.97142704939841
CLUSTER_299,A,110.94943394872777
CLUSTER_299,B,213.93938024432515
CLUSTER_299,C,84.28500818150924
CLUSTER_299,D,188.82698243054065
CLUSTER_299,E,183.13086289904373
CLUSTER_299,F,72.86850622880758
CLUSTER_299,G,195.25335411538043
CLUSTER_299,H,15.814286746741564
CLUSTER_299,I,180.98846230284892
CLUSTER_299,J,80.42058035814487
CLUSTER_299,K,163.91170696433142
CLUSTER_299,L,258.1680806122356
CLUSTER_299,M,238.78205478711263
CLUSTER_299,N,277.68380801109174
CLUSTER_299,O,38.56364530157386
CLUSTER_299,P,140.06474701585861
CLUSTER_299,Q,141.29598951990437
CLUSTER_299,R,164.6623329271526
CLUSTER_299,S,149.199122742377
CLUSTER_299,T,49.39613567185819
CLUSTER_299,U,232.4103090508933
CLUSTER_299,V,160.3903663172126
CLUSTER_299,W,126.96307832009192
CLUSTER_299,X,129.4581241329993
CLUSTER_299,Y,228.3342111470477
CLUSTER_299,Z,196.70305289999783
CLUSTER_299,AA,30.28777353327235
CLUSTER_299,AB,130.89167201768612
CLUSTER_299,AC,106.94706355792327
CLUSTER_299,AD,88.08840599189534
CLUSTER_3,A,111.67931826054094
CLUSTER_3,B,10.623914341964213
CLUSTER_3,C,237.17233595640155
CLUSTER_3,D,146.6789674633523
CLUSTER_3,E,253.20318163512204
CLUSTER_3,F,162.05214898949072
CLUSTER_3,G,80.09425643586114
CLUSTER_3,H,237.84599424172305
CLUSTER_3,I,67.72467266055364
CLUSTER_3,J,194.23432423967856
CLUSTER_3,K,179.46077553906574
CLUSTER_3,L,35.68488024018478
CLUSTER_3,M,106.94762036463734
CLUSTER_3,N,76.28676178773556
CLUSTER_3,O,185.35801724664086
CLUSTER_3,P,267.5256301388471
CLUSTER_3,Q,111.48961581860706
CLUSTER_3,R,68.29503161460647
CLUSTER_3,S,132.6581147963395
CLUSTER_3,T,249.07748901829703
CLUSTER_3,U,48.08559762731409
CLUSTER_3,V,63.062306106232
CLUSTER_3,W,160.2166831820221
CLUSTER_3,X,219.05473127994938
CLUSTER_3,Y,56.25895596618922
CLUSTER_3,Z,96.77195610771902
CLUSTER_3,AA,207.9800920874091
CLUSTER_3,AB,107.04266334204759
CLUSTER_3,AC,168.67506204004314
CLUSTER_3,AD,146.94189334651924
CLUSTER_30,A,107.373346544578
CLUSTER_30,B,169.22230168914822
CLUSTER_30,C,73.53916129152113
CLUSTER_30,D,233.62361722177164
CLUSTER_30,E,84.13545035616538
CLUSTER_30,F,134.22761626074387
CLUSTER_30,G,113.75580051312159
CLUSTER_30,H,129.637124958019
CLUSTER_30,I,179.02539902212763
CLUSTER_30,J,44.00337559451409
CLUSTER_30,K,231.5025612971008
CLUSTER_30,L,208.7584585052521
CLUSTER_30,M,249.6652883554749
CLUSTER_30,N,202.73011188344867
CLUSTER_30,O,97.19751799468985
CLUSTER_30,P,88.039029913613
CLUSTER_30,Q,68.45196463462868
CLUSTER_30,R,112.2992481388849
CLUSTER_30,S,192.11674870791506
CLUSTER_30,T,110.43978257139149
CLUSTER_30,U,213.60539947147973
CLUSTER_30,V,139.05194896850028
CLUSTER_30,W,19.66796763824494
CLUSTER_30,X,39.241227626050346
CLUSTER_30,Y,154.62876773626658
CLUSTER_30,Z,212.4081112907257
CLUSTER_30,AA,137.38125612595005
CLUSTER_30,AB,150.31959976252392
CLUSTER_30,AC,177.65373693285775
CLUSTER_30,AD,63.6764566154101
CLUSTER_300,A,89.08688941560341
CLUSTER_300,B,49.43445173870348
CLUSTER_300,C,226.80023454422462
CLUSTER_300,D,97.96887985433426
CLUSTER_300,E,262.77044798040697
CLUSTER_300,F,127.59000156484896
CLUSTER_300,G,107.9724529379964
CLUSTER_300,H,211.32161945308556
CLUSTER_300,I,19.655123200858412
CLUSTER_300,J,185.0205823154313
CLUSTER_300,K,130.5502656461817
CLUSTER_300,L,78.33576754065493
CLUSTER_300,M,71.76008550971807
CLUSTER_300,N,125.40292721434665
CLUSTER_300,O,161.38635957478562
CLUSTER_300,P,265.7602917671917
CLUSTER_300,Q,116.44721379513497
CLUSTER_300,R,75.41377734234126
CLUSTER_300,S,84.85676809018365
CLUSTER_300,T,229.55299662675358
CLUSTER_300,U,36.916512967631384
CLUSTER_300,V,43.31117364355231
CLUSTER_300,W,163.56952021686982
CLUSTER_300,X,220.44538175608605
CLUSTER_300,Y,98.9821928775911
CLUSTER_300,Z,49.412095809978496
CLUSTER_300,AA,176.0217495279302
CLUSTER_300,AB,67.82259970013658
CLUSTER_300,AC,125.19178549210876
CLUSTER_300,AD,134.17744726759565
CLUSTER_301,A,58.52146854458114
CLUSTER_301,B,134.13628539728055
CLUSTER_301,C,170.28472647198592
CLUSTER_301,D,81.28107636935121
CLUSTER_301,E,241.25957705159124
CLUSTER_301,F,38.805709923568806
CLUSTER_301,G,153.59381262234893
CLUSTER_301,H,126.78652570402232
CLUSTER_301,I,79.57351379288205
CLUSTER_301,J,137.63890611052074
CLUSTER_301,K,73.22140682402765
CLUSTER_301,L,173.5173423748297
CLUSTER_301,M,127.97685979426981
CLUSTER_301,N,210.6093187219757
CLUSTER_301,O,88.17057015251801
CLUSTER_301,P,221.57417666125482
CLUSTER_301,Q,121.09833326166886
CLUSTER_301,R,110.25390165159348
CLUSTER_301,S,39.027491939711105
CLUSTER_301,T,155.56384948976083
CLUSTER_301,U,132.18771745852456
CLUSTER_301,V,80.83520622884615
CLUSTER_301,W,147.07977790147112
CLUSTER_301,X,188.05384925346542
CLUSTER_301,Y,169.38743560615399
CLUSTER_301,Z,86.32321199381333
CLUSTER_301,AA,85.45232328734521
CLUSTER_301,AB,32.43419592644279
CLUSTER_301,AC,30.622300907336008
CLUSTER_301,AD,94.86067876627025
CLUSTER_302,A,113.86892005360382
CLUSTER_302,B,117.51606410646743
CLUSTER_302,C,247.54351353987417
CLUSTER_302,D,31.367947160635783
CLUSTER_302,E,304.76112728953444
CLUSTER_302,F,120.87810087894854
CLUSTER_302,G,171.17143613682703
CLUSTER_302,H,208.85628234099636
CLUSTER_302,I,54.042362729377665
CLUSTER_302,J,210.5038330423459
CLUSTER_302,K,72.10902810684851
CLUSTER_302,L,139.76982128245467
CLUSTER_302,M,48.858272609339316
CLUSTER_302,N,191.73086102480156
CLUSTER_302,O,168.5142753300328
CLUSTER_302,P,295.155931528092
CLUSTER_302,Q,164.4823822778775
CLUSTER_302,R,131.9214378951872
CLUSTER_302,S,45.80187712207566
CLUSTER_302,T,237.11556970211618
CLUSTER_302,U,81.84712568102641
CLUSTER_302,V,92.43181389616461
CLUSTER_302,W,204.96948901222888
CLUSTER_302,X,255.7428900557883
CLUSTER_302,Y,166.91989734846854
CLUSTER_302,Z,19.628196836047128
CLUSTER_302,AA,166.9072000135614
CLUSTER_302,AB,72.06362819763466
CLUSTER_302,AC,94.84383953492555
CLUSTER_302,AD,161.4193240103966
CLUSTER_303,A,73.35316151880076
CLUSTER_303,B,89.87065375363802
CLUSTER_303,C,145.71630182798216
CLUSTER_303,D,187.28893504202853
CLUSTER_303,E,153.41499543468626
CLUSTER_303,F,127.44110794746967
CLUSTER_303,G,37.6660785391441
CLUSTER_303,H,171.1339050345651
CLUSTER_303,I,115.56153292846355
CLUSTER_303,J,104.25427830331208
CLUSTER_303,K,199.78667268057004
CLUSTER_303,L,128.16106040548888
CLUSTER_303,M,183.83101930933486
CLUSTER_303,N,126.29931369059247
CLUSTER_303,O,120.96800417102779
CLUSTER_303,P,168.66037073398985
CLUSTER_303,Q,17.639834769621295
CLUSTER_303,R,36.99090787006899
CLUSTER_303,S,152.05611640620003
CLUSTER_303,T,168.97794745480954
CLUSTER_303,U,138.83045898121262
CLUSTER_303,V,74.2053470596635
CLUSTER_303,W,61.02634582739063
CLUSTER_303,X,119.46900070389624
CLUSTER_303,Y,76.45949718656189
CLUSTER_303,Z,152.85448148802308
CLUSTER_303,AA,157.08527233052317
CLUSTER_303,AB,107.88571558217978
CLUSTER_303,AC,159.36782513361732
CLUSTER_303,AD,70.6475901860869
CLUSTER_304,A,170.64729486978493
CLUSTER_304,B,67.84185164383179
CLUSTER_304,C,292.4845212194825
CLUSTER_304,D,186.6441901749285
CLUSTER_304,E,296.87148463244364
CLUSTER_304,F,220.31914699515738
CLUSTER_304,G,119.82584317655369
CLUSTER_304,H,296.7652122328051
CLUSTER_304,I,117.9385788086101
CLUSTER_304,J,249.68901844570055
CLUSTER_304,K,225.19453636855764
CLUSTER_304,L,23.47521144443495
CLUSTER_304,M,127.95296205797428
CLUSTER_304,N,57.644445263859915
CLUSTER_304,O,244.19146693800133
CLUSTER_304,P,318.4290287057756
CLUSTER_304,Q,163.7444372888972
CLUSTER_304,R,123.3079030904897
CLUSTER_304,S,182.45691316632974
CLUSTER_304,T,307.013159448452
CLUSTER_304,U,73.51391606591082
CLUSTER_304,V,121.87229589635862
CLUSTER_304,W,210.85591583301405
CLUSTER_304,X,269.053151283734
CLUSTER_304,Y,81.15937356652807
CLUSTER_304,Z,136.09956329523555
CLUSTER_304,AA,266.7685807065225
CLUSTER_304,AB,163.44793510691855
CLUSTER_304,AC,223.27733077042456
CLUSTER_304,AD,204.2530581579308
CLUSTER_305,A,104.91161180502611
CLUSTER_305,B,73.98771824129396
CLUSTER_305,C,183.91524836553432
CLUSTER_305,D,201.49707816001268
CLUSTER_305,E,176.03335940056442
CLUSTER_305,F,161.8760132101886
CLUSTER_305,G,5.0323266487363805
CLUSTER_305,H,211.4903994637389
CLUSTER_305,I,122.08632722313244
CLUSTER_305,J,143.53289618969265
CLUSTER_305,K,221.4082687840163
CLUSTER_305,L,101.93555783698133
CLUSTER_305,M,182.8504446980787
CLUSTER_305,N,88.19814550128932
CLUSTER_305,O,160.75129610886205
CLUSTER_305,P,201.07070896382066
CLUSTER_305,Q,58.18754074811469
CLUSTER_305,R,48.696464172280024
CLUSTER_305,S,172.00559803755917
CLUSTER_305,T,209.26237418261337
CLUSTER_305,U,129.11171720260623
CLUSTER_305,V,86.12401698436486
CLUSTER_305,W,95.99413595882959
CLUSTER_305,X,151.44942521884332
CLUSTER_305,Y,40.778309514673595
CLUSTER_305,Z,159.55362571596726
CLUSTER_305,AA,195.5557320202576
CLUSTER_305,AB,130.55661446443338
CLUSTER_305,AC,188.49634484192637
CLUSTER_305,AD,110.88485813595943
CLUSTER_306,A,51.890585521853914
CLUSTER_306,B,63.45909205741564
CLUSTER_306,C,190.16547556205836
CLUSTER_306,D,100.85232970618814
CLUSTER_306,E,232.04798027326538
CLUSTER_306,F,94.01942767930383
CLUSTER_306,G,96.06170269129095
CLUSTER_306,H,175.05403965468037
CLUSTER_306,I,29.616805601279523
CLUSTER_306,J,148.82704937633332
CLUSTER_306,K,121.82242034159876
CLUSTER_306,L,104.02796632662772
CLUSTER_306,M,100.25941442447248
CLUSTER_306,N,140.29903950459038
CLUSTER_306,O,124.47011849772079
CLUSTER_306,P,230.81458216939097
CLUSTER_306,Q,87.84829491356803
CLUSTER_306,R,54.525200354926795
CLUSTER_306,S,72.27592519435646
CLUSTER_306,T,192.37746055989558
CLUSTER_306,U,73.93639758750248
CLUSTER_306,V,15.003783028062271
CLUSTER_306,W,131.88470112525133
CLUSTER_306,X,186.90128864169574
CLUSTER_306,Y,101.99365800570412
CLUSTER_306,Z,65.00508621534429
CLUSTER_306,AA,141.43361946691604
CLUSTER_306,AB,38.24765254924794
CLUSTER_306,AC,100.65155779113086
CLUSTER_306,AD,97.79465560952791
CLUSTER_307,A,136.36344097009672
CLUSTER_307,B,239.49214281437742
CLUSTER_307,C,95.95883759319251
CLUSTER_307,D,203.93605371825151
CLUSTER_307,E,198.12687136325624
CLUSTER_307,F,93.2701803890356
CLUSTER_307,G,221.69629999238177
CLUSTER_307,H,16.015093339552173
CLUSTER_307,I,203.7074309352261
CLUSTER_307,J,101.75729735620935
CLUSTER_307,K,174.5819357554505
CLUSTER_307,L,283.60129885037475
CLUSTER_307,M,258.421223730748
CLUSTER_307,N,304.0497083635827
CLUSTER_307,O,65.00036546508902
CLUSTER_307,P,149.33186743470185
CLUSTER_307,Q,167.6003058433189
CLUSTER_307,R,190.97586368606733
CLUSTER_307,S,166.48527156693552
CLUSTER_307,T,52.06595999292797
CLUSTER_307,U,255.7712855673202
CLUSTER_307,V,185.38231833855144
CLUSTER_307,W,150.98845323721517
CLUSTER_307,X,146.6722159783616
CLUSTER_307,Y,254.76891355946205
CLUSTER_307,Z,216.69297985343016
CLUSTER_307,AA,45.00041431920859
CLUSTER_307,AB,153.0362513029046
CLUSTER_307,AC,120.7047577644443
CLUSTER_307,AD,114.4278238333402
CLUSTER_308,A,167.2259169796895
CLUSTER_308,B,128.8782701310259
CLUSTER_308,C,305.39521079793315
CLUSTER_308,D,82.75510587048673
CLUSTER_308,E,351.8741912914959
CLUSTER_308,F,183.95959019225793
CLUSTER_308,G,196.49028099486955
CLUSTER_308,H,272.304744782817
CLUSTER_308,I,90.49769971195528
CLUSTER_308,J,266.0384857731015
CLUSTER_308,K,126.75513415560233
CLUSTER_308,L,129.80089275813248
CLUSTER_308,M,19.888421102567072
CLUSTER_308,N,186.60723310771866
CLUSTER_308,O,229.63498148885301
CLUSTER_308,P,349.64363166407503
CLUSTER_308,Q,206.21771492424352
CLUSTER_308,R,166.11620470421622
CLUSTER_308,S,110.1353897610409
CLUSTER_308,T,298.8926900581664
CLUSTER_308,U,74.49294073210267
CLUSTER_308,V,131.27930214088448
CLUSTER_308,W,251.8698561345154
CLUSTER_308,X,306.84140412178897
CLUSTER_308,Y,178.6212650717489
CLUSTER_308,Z,61.04914273421563
CLUSTER_308,AA,230.85198734198718
CLUSTER_308,AB,129.807800661822
CLUSTER_308,AC,159.00539035889045
CLUSTER_308,AD,215.33403348060372
CLUSTER_309,A,129.906937238662
CLUSTER_309,B,232.40410581784093
CLUSTER_309,C,76.84557121021453
CLUSTER_309,D,209.3880958418795
CLUSTER_309,E,178.93535624342
CLUSTER_309,F,93.8806197081956
CLUSTER_309,G,209.63457045188292
CLUSTER_309,H,6.43689242685634
CLUSTER_309,I,201.5234650842657
CLUSTER_309,J,84.00956651348814
CLUSTER_309,K,183.23958746816083
CLUSTER_309,L,276.7385186809258
CLUSTER_309,M,259.78567876257426
CLUSTER_309,N,293.9990989595297
CLUSTER_309,O,56.0086149721915
CLUSTER_309,P,130.68825952608108
CLUSTER_309,Q,154.84061210939828
CLUSTER_309,R,181.46556103528192
CLUSTER_309,S,170.07072470501322
CLUSTER_309,T,34.25398934605212
CLUSTER_309,U,252.643721741399
CLUSTER_309,V,179.63658565113263
CLUSTER_309,W,134.56048967967615
CLUSTER_309,X,127.61985714032444
CLUSTER_309,Y,244.2441552553446
CLUSTER_309,Z,217.6976103640174
CLUSTER_309,AA,49.676042041839835
CLUSTER_309,AB,151.64934965533095
CLUSTER_309,AC,127.0315102231867
CLUSTER_309,AD,102.22827630485
CLUSTER_31,A,43.16527990911942
CLUSTER_31,B,139.4588076002375
CLUSTER_31,C,138.43118439220473
CLUSTER_31,D,113.10179691506298
CLUSTER_31,E,211.23474753139203
CLUSTER_31,F,15.49554772989476
CLUSTER_31,G,143.36963075337718
CLUSTER_31,H,100.36663766586067
CLUSTER_31,I,97.10965958543542
CLUSTER_31,J,106.12243521581381
CLUSTER_31,K,102.45505807461775
CLUSTER_31,L,182.11439812886516
CLUSTER_31,M,154.85164449866807
CLUSTER_31,N,211.73775298384683
CLUSTER_31,O,57.04783931316793
CLUSTER_31,P,189.7671835600878
CLUSTER_31,Q,101.91515862148388
CLUSTER_31,R,102.63176100231883
CLUSTER_31,S,70.59568552022066
CLUSTER_31,T,125.68534560822829
CLUSTER_31,U,149.39507154326972
CLUSTER_31,V,83.79894134638906
CLUSTER_31,W,120.13352931425268
CLUSTER_31,X,157.33736366265472
CLUSTER_31,Y,166.27791817987003
CLUSTER_31,Z,112.67488224695532
CLUSTER_31,AA,63.04190179928137
CLUSTER_31,AB,46.465092384437824
CLUSTER_31,AC,48.48502146453381
CLUSTER_31,AD,66.30565651351932
CLUSTER_310,A,189.3782896218887
CLUSTER_310,B,231.20038336212548
CLUSTER_310,C,117.60162534690066
CLUSTER_310,D,315.94965606798723
CLUSTER_310,E,22.864091550436438
CLUSTER_310,F,217.27865254632962
CLUSTER_310,G,163.4318073457807
CLUSTER_310,H,195.65655922783566
CLUSTER_310,I,255.3558604100246
CLUSTER_310,J,116.2652432874124
CLUSTER_310,K,315.1867580083259
CLUSTER_310,L,263.67756871875866
CLUSTER_310,M,325.43794102873227
CLUSTER_310,N,240.92779034761222
CLUSTER_310,O,176.019159739273
CLUSTER_310,P,82.4258962184601
CLUSTER_310,Q,138.81356511672934
CLUSTER_310,R,180.15444021334977
CLUSTER_310,S,275.0367596847793
CLUSTER_310,T,164.2249791067567
CLUSTER_310,U,282.1912934142594
CLUSTER_310,V,213.89629506235698
CLUSTER_310,W,96.47784054542835
CLUSTER_310,X,64.71196094131672
CLUSTER_310,Y,201.17181428902487
CLUSTER_310,Z,290.8582997338085
CLUSTER_310,AA,214.11468261472243
CLUSTER_310,AB,232.29355917944443
CLUSTER_310,AC,261.1054552709016
CLUSTER_310,AD,147.36460459228206
CLUSTER_311,A,95.79889548717131
CLUSTER_311,B,179.80613348150385
CLUSTER_311,C,171.88069818506338
CLUSTER_311,D,98.39552348908154
CLUSTER_311,E,257.1925609561686
CLUSTER_311,F,45.30844096792867
CLUSTER_311,G,195.2659146405155
CLUSTER_311,H,109.03498861446559
CLUSTER_311,I,123.2622719415807
CLUSTER_311,J,148.58117230167238
CLUSTER_311,K,67.84683160181937
CLUSTER_311,L,218.86694035868192
CLUSTER_311,M,160.80690875695254
CLUSTER_311,N,256.1188027727365
CLUSTER_311,O,89.61626732453811
CLUSTER_311,P,226.99720158545225
CLUSTER_311,Q,156.19610086872606
CLUSTER_311,R,152.85889693908456
CLUSTER_311,S,66.90427688300397
CLUSTER_311,T,145.3272247321102
CLUSTER_311,U,174.897083393005
CLUSTER_311,V,126.15439885412918
CLUSTER_311,W,171.98321143500743
CLUSTER_311,X,202.0091534368601
CLUSTER_311,Y,213.98798915482843
CLUSTER_311,Z,122.06879449381316
CLUSTER_311,AA,66.00163311790341
CLUSTER_311,AB,78.1033085744941
CLUSTER_311,AC,17.82453921394614
CLUSTER_311,AD,117.79083407232969
CLUSTER_312,A,152.18216018713036
CLUSTER_312,B,57.71648159908917
CLUSTER_312,C,282.8999650546234
CLUSTER_312,D,151.58692473229254
CLUSTER_312,E,299.8372327723921
CLUSTER_312,F,196.59766195067348
CLUSTER_312,G,124.59986346432633
CLUSTER_312,H,277.78192901485335
CLUSTER_312,I,88.46670205551796
CLUSTER_312,J,240.0152641839599
CLUSTER_312,K,191.33401714327687
CLUSTER_312,L,31.163903123096254
CLUSTER_312,M,91.87615272108688
CLUSTER_312,N,86.95162542317915
CLUSTER_312,O,226.25313172279007
CLUSTER_312,P,314.5027733969778
CLUSTER_312,Q,158.51238486578637
CLUSTER_312,R,115.04438708818176
CLUSTER_312,S,150.7799939692849
CLUSTER_312,T,292.19843633051283
CLUSTER_312,U,38.94571489154515
CLUSTER_312,V,102.3641816060633
CLUSTER_312,W,207.29215525911684
CLUSTER_312,X,266.1296705211703
CLUSTER_312,Y,92.70943336546775
CLUSTER_312,Z,101.58836617377649
CLUSTER_312,AA,244.52710781052716
CLUSTER_312,AB,137.40735555192597
CLUSTER_312,AC,194.29008870978646
CLUSTER_312,AD,191.50603205915164
CLUSTER_313,A,145.93261785207525
CLUSTER_313,B,53.7544458360812
CLUSTER_313,C,250.80170407935393
CLUSTER_313,D,200.2402533626095
CLUSTER_313,E,244.53097903058233
CLUSTER_313,F,201.6875248824765
CLUSTER_313,G,70.1199683261836
CLUSTER_313,H,267.4633999273793
CLUSTER_313,I,120.21829154468196
CLUSTER_313,J,209.00599799300863
CLUSTER_313,K,231.8580019817592
CLUSTER_313,L,44.32269157877462
CLUSTER_313,M,157.31572964714016
CLUSTER_313,N,25.456505721199672
CLUSTER_313,O,214.7603857494579
CLUSTER_313,P,270.8207715338323
CLUSTER_313,Q,121.33123480280372
CLUSTER_313,R,88.60446615437412
CLUSTER_313,S,183.94651512406165
CLUSTER_313,T,271.4707651183742
CLUSTER_313,U,97.00013166375089
CLUSTER_313,V,104.62763818547907
CLUSTER_313,W,164.73998784003265
CLUSTER_313,X,221.18658967712764
CLUSTER_313,Y,29.199300793661575
CLUSTER_313,Z,150.39625079522648
CLUSTER_313,AA,243.67315504296226
CLUSTER_313,AB,153.03874417659375
CLUSTER_313,AC,215.61405127962482
CLUSTER_313,AD,168.98771661172353
CLUSTER_314,A,94.21979337188924
CLUSTER_314,B,153.95885737891507
CLUSTER_314,C,83.84361535888539
CLUSTER_314,D,220.77687103460016
CLUSTER_314,E,97.89968397470015
CLUSTER_314,F,125.67957413504942
CLUSTER_314,G,100.00584130979094
CLUSTER_314,H,131.22544217676383
CLUSTER_314,I,164.23187501417758
CLUSTER_314,J,48.09978309291553
CLUSTER_314,K,220.54737628472364
CLUSTER_314,L,193.7928293080537
CLUSTER_314,M,234.87861255099534
CLUSTER_314,N,189.369324023497
CLUSTER_314,O,93.36280272929048
CLUSTER_314,P,103.0844958213193
CLUSTER_314,Q,53.128210762178995
CLUSTER_314,R,96.9394260969843
CLUSTER_314,S,179.741026888762
CLUSTER_314,T,116.48653885127061
CLUSTER_314,U,198.25760755929574
CLUSTER_314,V,123.98554886389225
CLUSTER_314,W,5.258619826412417
CLUSTER_314,X,54.59075097136827
CLUSTER_314,Y,140.71421681501775
CLUSTER_314,Z,198.06391497474857
CLUSTER_314,AA,133.9945390076693
CLUSTER_314,AB,137.19825674546027
CLUSTER_314,AC,168.11780307727108
CLUSTER_314,AD,53.49485812179847
CLUSTER_315,A,87.24156880299486
CLUSTER_315,B,20.96646905945102
CLUSTER_315,C,206.46337099982256
CLUSTER_315,D,150.36835370829527
CLUSTER_315,E,222.30884556239255
CLUSTER_315,F,141.79929775442847
CLUSTER_315,G,53.71410782765477
CLUSTER_315,H,211.84488649719873
CLUSTER_315,I,68.65905164955011
CLUSTER_315,J,163.55125599014312
CLUSTER_315,K,176.76338703581177
CLUSTER_315,L,63.447179800262845
CLUSTER_315,M,125.2016035868661
CLUSTER_315,N,85.72328669424954
CLUSTER_315,O,158.99855985604475
CLUSTER_315,P,235.95693165382255
CLUSTER_315,Q,79.91251070455887
CLUSTER_315,R,37.0846215157822
CLUSTER_315,S,127.60033685939469
CLUSTER_315,T,220.41461114733252
CLUSTER_315,U,72.31568838482978
CLUSTER_315,V,44.530853310813285
CLUSTER_315,W,128.63061666578218
CLUSTER_315,X,187.4687765387381
CLUSTER_315,Y,46.204815127036625
CLUSTER_315,Z,104.60549109750488
CLUSTER_315,AA,185.1044519350482
CLUSTER_315,AB,93.34701759427821
CLUSTER_315,AC,155.838228971548
CLUSTER_315,AD,117.55379584673443
CLUSTER_316,A,93.6478578187519
CLUSTER_316,B,74.5221716547204
CLUSTER_316,C,173.41381019817436
CLUSTER_316,D,194.4063994087288
CLUSTER_316,E,170.6464458949005
CLUSTER_316,F,150.33320022569637
CLUSTER_316,G,8.89642783523933
CLUSTER_316,H,199.48542243002032
CLUSTER_316,I,116.48791212259522
CLUSTER_316,J,132.5445975911446
CLUSTER_316,K,212.56859303467144
CLUSTER_316,L,106.81543074300299
CLUSTER_316,M,179.8352540016891
CLUSTER_316,N,98.29040046395838
CLUSTER_316,O,148.6749980575383
CLUSTER_316,P,192.66098527542115
CLUSTER_316,Q,46.38131581868825
CLUSTER_316,R,39.65424009465677
CLUSTER_316,S,163.39789057613015
CLUSTER_316,T,197.75498781072017
CLUSTER_316,U,128.3986573464454
CLUSTER_316,V,78.56818915277418
CLUSTER_316,W,86.36339604219748
CLUSTER_316,X,143.0458108110148
CLUSTER_316,Y,49.25991945005783
CLUSTER_316,Z,154.2298323434281
CLUSTER_316,AA,183.52551423248758
CLUSTER_316,AB,121.1166780415764
CLUSTER_316,AC,177.9496736776325
CLUSTER_316,AD,98.86870058605686
CLUSTER_317,A,158.93704522400438
CLUSTER_317,B,243.39179987601432
CLUSTER_317,C,21.41648255629125
CLUSTER_317,D,272.85033954462824
CLUSTER_317,E,91.26818246496671
CLUSTER_317,F,155.90601527213883
CLUSTER_317,G,194.80737251987173
CLUSTER_317,H,98.81570743025078
CLUSTER_317,I,237.84835368228818
CLUSTER_317,J,60.80624290984826
CLUSTER_317,K,257.52030964313275
CLUSTER_317,L,285.4528913844992
CLUSTER_317,M,306.09436174302243
CLUSTER_317,N,284.25016782356477
CLUSTER_317,O,105.03794781023126
CLUSTER_317,P,37.1023142023139
CLUSTER_317,Q,144.35839110101182
CLUSTER_317,R,185.66289269324378
CLUSTER_317,S,230.2561424840852
CLUSTER_317,T,60.57626444636618
CLUSTER_317,U,280.783589438104
CLUSTER_317,V,203.00943014555924
CLUSTER_317,W,100.09991975323477
CLUSTER_317,X,54.20872851779187
CLUSTER_317,Y,235.34076367253374
CLUSTER_317,Z,265.19674229730697
CLUSTER_317,AA,131.16569654323806
CLUSTER_317,AB,196.8984873843365
CLUSTER_317,AC,199.01969520183303
CLUSTER_317,AD,111.71231010222117
CLUSTER_318,A,190.9538869243575
CLUSTER_318,B,228.22102719510468
CLUSTER_318,C,125.90321151590483
CLUSTER_318,D,317.3764468544965
CLUSTER_318,E,32.78858696526068
CLUSTER_318,F,221.19425501180405
CLUSTER_318,G,159.55559485039169
CLUSTER_318,H,202.95902148965337
CLUSTER_318,I,254.88443690966727
CLUSTER_318,J,122.0754682337572
CLUSTER_318,K,317.98524163654434
CLUSTER_318,L,259.52030709117196
CLUSTER_318,M,324.6143556617914
CLUSTER_318,N,234.98183480029843
CLUSTER_318,O,181.3233080354208
CLUSTER_318,P,92.3150514192634
CLUSTER_318,Q,138.21262572219027
CLUSTER_318,R,178.53408450857555
CLUSTER_318,S,276.89780694621845
CLUSTER_318,T,172.41311107938435
CLUSTER_318,U,280.0127199705839
CLUSTER_318,V,213.28773644664054
CLUSTER_318,W,98.1457664168311
CLUSTER_318,X,71.94130404709001
CLUSTER_318,Y,196.44882689002668
CLUSTER_318,Z,290.8395732218712
CLUSTER_318,AA,219.9823741731147
CLUSTER_318,AB,233.70327255625682
CLUSTER_318,AC,264.6706658140673
CLUSTER_318,AD,150.37852740331923
CLUSTER_319,A,121.82295159204509
CLUSTER_319,B,112.04786611100296
CLUSTER_319,C,257.86497317578323
CLUSTER_319,D,43.44438869722636
CLUSTER_319,E,311.16324475549493
CLUSTER_319,F,133.81968496847952
CLUSTER_319,G,170.27585486770238
CLUSTER_319,H,222.1063373843435
CLUSTER_319,I,53.50085012924586
CLUSTER_319,J,219.78921875299582
CLUSTER_319,K,86.22017002326027
CLUSTER_319,L,130.12866198205245
CLUSTER_319,M,33.80363419301345
CLUSTER_319,N,183.71689755616308
CLUSTER_319,O,180.29248900796247
CLUSTER_319,P,304.17509266860066
CLUSTER_319,Q,168.5243189269798
CLUSTER_319,R,133.16120191719318
CLUSTER_319,S,60.39019405831999
CLUSTER_319,T,249.31154533606835
CLUSTER_319,U,70.94681489492814
CLUSTER_319,V,94.45709064028702
CLUSTER_319,W,211.0070121697235
CLUSTER_319,X,263.42913321366046
CLUSTER_319,Y,162.41297801426316
CLUSTER_319,Z,15.804914790568217
CLUSTER_319,AA,180.59514317695783
CLUSTER_319,AB,81.67698801272577
CLUSTER_319,AC,109.65669315510293
CLUSTER_319,AD,169.8906336372039
CLUSTER_32,A,97.55043569277508
CLUSTER_32,B,198.96373410212544
CLUSTER_32,C,117.86301090229665
CLUSTER_32,D,154.17488168071515
CLUSTER_32,E,211.71944937824765
CLUSTER_32,F,45.702270032830484
CLUSTER_32,G,192.85192649391468
CLUSTER_32,H,49.86544955257535
CLUSTER_32,I,156.74319650187485
CLUSTER_32,J,103.84111620921738
CLUSTER_32,K,127.07276914971972
CLUSTER_32,L,242.18056255301494
CLUSTER_32,M,208.7538607211557
CLUSTER_32,N,268.66108866137574
CLUSTER_32,O,45.414861714836796
CLUSTER_32,P,173.87369064822894
CLUSTER_32,Q,142.8540777977403
CLUSTER_32,R,156.45311802949954
CLUSTER_32,S,116.42936705279757
CLUSTER_32,T,86.60063024634809
CLUSTER_32,U,209.40973131101302
CLUSTER_32,V,143.50752521822076
CLUSTER_32,W,141.23735903037698
CLUSTER_32,X,156.62190187922246
CLUSTER_32,Y,221.17281234481663
CLUSTER_32,Z,167.25707205053757
CLUSTER_32,AA,7.084049407072021
CLUSTER_32,AB,105.8793278310584
CLUSTER_32,AC,71.19608585478329
CLUSTER_32,AD,92.2175954021704
CLUSTER_320,A,152.60143035781218
CLUSTER_320,B,227.60334488119685
CLUSTER_320,C,37.71068197604106
CLUSTER_320,D,273.28072191416055
CLUSTER_320,E,64.95812169921435
CLUSTER_320,F,160.525735358853
CLUSTER_320,G,173.55619833349868
CLUSTER_320,H,118.56808518647473
CLUSTER_320,I,229.84148689482137
CLUSTER_320,J,55.57325926085491
CLUSTER_320,K,262.694288281275
CLUSTER_320,L,268.0852567200109
CLUSTER_320,M,299.6727348161232
CLUSTER_320,N,262.24410856092135
CLUSTER_320,O,111.78429084338553
CLUSTER_320,P,30.202358765410235
CLUSTER_320,Q,126.86378303574105
CLUSTER_320,R,170.02877545962198
CLUSTER_320,S,230.5962773155554
CLUSTER_320,T,84.24392906405961
CLUSTER_320,U,269.07692047254835
CLUSTER_320,V,192.29070995616064
CLUSTER_320,W,79.2362119826277
CLUSTER_320,X,25.330131173386995
CLUSTER_320,Y,214.4549021499512
CLUSTER_320,Z,260.07090043906794
CLUSTER_320,AA,144.35977887111264
CLUSTER_320,AB,193.4244184072312
CLUSTER_320,AC,204.92186623178958
CLUSTER_320,AD,104.42514901101926
CLUSTER_321,A,34.24184100041432
CLUSTER_321,B,119.9888270191116
CLUSTER_321,C,154.19143808995267
CLUSTER_321,D,99.37992820739052
CLUSTER_321,E,219.30842946485933
CLUSTER_321,F,36.28363325451595
CLUSTER_321,G,131.47059658170068
CLUSTER_321,H,121.74337589170855
CLUSTER_321,I,75.42220730529438
CLUSTER_321,J,118.52359736994336
CLUSTER_321,K,96.98287568170447
CLUSTER_321,L,161.86121549706823
CLUSTER_321,M,134.73891920034967
CLUSTER_321,N,194.11503018806513
CLUSTER_321,O,76.01722344568265
CLUSTER_321,P,203.17375422264345
CLUSTER_321,Q,96.81225885988749
CLUSTER_321,R,88.81062983373191
CLUSTER_321,S,56.892445213820714
CLUSTER_321,T,145.37676436761677
CLUSTER_321,U,127.72058125399418
CLUSTER_321,V,64.5700816160269
CLUSTER_321,W,123.58029775432473
CLUSTER_321,X,167.06160681315518
CLUSTER_321,Y,150.4210603600298
CLUSTER_321,Z,92.63429605798892
CLUSTER_321,AA,84.67030425689327
CLUSTER_321,AB,24.956694719342856
CLUSTER_321,AC,52.39609441098568
CLUSTER_321,AD,72.6524147232085
CLUSTER_322,A,36.813576526842816
CLUSTER_322,B,134.5285197516874
CLUSTER_322,C,102.46196767736011
CLUSTER_322,D,155.67838980687085
CLUSTER_322,E,163.3512525982646
CLUSTER_322,F,55.70188443739066
CLUSTER_322,G,114.21834739336003
CLUSTER_322,H,96.26603939381211
CLUSTER_322,I,115.82805820796787
CLUSTER_322,J,63.3650112642277
CLUSTER_322,K,150.72331738148128
CLUSTER_322,L,178.87045376137493
CLUSTER_322,M,183.4907945722008
CLUSTER_322,N,195.50345789568456
CLUSTER_322,O,43.64361478756887
CLUSTER_322,P,147.97638939116806
CLUSTER_322,Q,62.857607226259816
CLUSTER_322,R,82.62288074348182
CLUSTER_322,S,113.27528231603014
CLUSTER_322,T,105.48527193627538
CLUSTER_322,U,161.94324635378715
CLUSTER_322,V,84.85143296283928
CLUSTER_322,W,71.3091972151428
CLUSTER_322,X,110.68185838772027
CLUSTER_322,Y,146.14121211776458
CLUSTER_322,Z,142.74027167955896
CLUSTER_322,AA,77.8264604382604
CLUSTER_322,AB,75.12392360063785
CLUSTER_322,AC,97.38563598486141
CLUSTER_322,AD,17.26561749211847
CLUSTER_323,A,94.23877142900231
CLUSTER_323,B,63.732917141138934
CLUSTER_323,C,233.17297212701015
CLUSTER_323,D,84.27542694352162
CLUSTER_323,E,273.7183565414381
CLUSTER_323,F,126.58946333612899
CLUSTER_323,G,122.42595941133187
CLUSTER_323,H,212.53998162315207
CLUSTER_323,I,15.76992912846304
CLUSTER_323,J,192.10623050883262
CLUSTER_323,K,118.89576828823022
CLUSTER_323,L,88.78253204523827
CLUSTER_323,M,58.886800991731405
CLUSTER_323,N,138.38993280732592
CLUSTER_323,O,164.1352635856306
CLUSTER_323,P,274.1585549926954
CLUSTER_323,Q,127.85455268120171
CLUSTER_323,R,88.29387775485667
CLUSTER_323,S,75.44867453250282
CLUSTER_323,T,233.09979153972952
CLUSTER_323,U,38.28163146795272
CLUSTER_323,V,53.077202432314756
CLUSTER_323,W,173.93880664429543
CLUSTER_323,X,229.86974229147816
CLUSTER_323,Y,113.67670361544461
CLUSTER_323,Z,34.79777955514941
CLUSTER_323,AA,175.40072371109272
CLUSTER_323,AB,66.3695905698388
CLUSTER_323,AC,119.07400735112711
CLUSTER_323,AD,141.05039918329592
CLUSTER_324,A,80.64596654417691
CLUSTER_324,B,24.08969760039796
CLUSTER_324,C,202.8931412505861
CLUSTER_324,D,143.42832046879303
CLUSTER_324,E,222.33274245705078
CLUSTER_324,F,134.5742151500263
CLUSTER_324,G,57.79208929066427
CLUSTER_324,H,205.87706756537324
CLUSTER_324,I,61.935472441564436
CLUSTER_324,J,159.95519534121107
CLUSTER_324,K,169.2052904592596
CLUSTER_324,L,68.15222246925651
CLUSTER_324,M,120.9133286607514
CLUSTER_324,N,93.3025604334092
CLUSTER_324,O,153.09633155371165
CLUSTER_324,P,233.95104814290102
CLUSTER_324,Q,78.1939190495366
CLUSTER_324,R,34.42217696498959
CLUSTER_324,S,119.96878724817758
CLUSTER_324,T,215.46446958395578
CLUSTER_324,U,70.38635018050627
CLUSTER_324,V,36.80664200453042
CLUSTER_324,W,127.11332277672159
CLUSTER_324,X,185.87885799429486
CLUSTER_324,Y,53.79295357912955
CLUSTER_324,Z,98.45805935536568
CLUSTER_324,AA,178.35700588372686
CLUSTER_324,AB,85.56763640097881
CLUSTER_324,AC,148.07490584856075
CLUSTER_324,AD,112.93744073857893
CLUSTER_325,A,208.69007254510754
CLUSTER_325,B,253.84929673604847
CLUSTER_325,C,123.18891894191368
CLUSTER_325,D,335.1680245274174
CLUSTER_325,E,20.73828653706477
CLUSTER_325,F,233.08609789035
CLUSTER_325,G,186.27355241755043
CLUSTER_325,H,203.74258626376218
CLUSTER_325,I,276.5728045678619
CLUSTER_325,J,129.2048585036673
CLUSTER_325,K,332.54065780804183
CLUSTER_325,L,286.530343069838
CLUSTER_325,M,346.8738153188967
CLUSTER_325,N,263.41571329849313
CLUSTER_325,O,189.38427047386352
CLUSTER_325,P,78.91644497079675
CLUSTER_325,Q,160.35101307885913
CLUSTER_325,R,202.2522915417216
CLUSTER_325,S,293.775967527064
CLUSTER_325,T,169.54077054227514
CLUSTER_325,U,304.502461924435
CLUSTER_325,V,235.27602015503487
CLUSTER_325,W,116.27009517307128
CLUSTER_325,X,75.71386725679608
CLUSTER_325,Y,224.0037797360395
CLUSTER_325,Z,311.64445895431743
CLUSTER_325,AA,225.963080761337
CLUSTER_325,AB,251.67873245475153
CLUSTER_325,AC,277.3595219661581
CLUSTER_325,AD,165.00161538866607
CLUSTER_326,A,144.09559711234476
CLUSTER_326,B,233.8106653569844
CLUSTER_326,C,9.000886962242781
CLUSTER_326,D,253.92730581929757
CLUSTER_326,E,109.10539535891576
CLUSTER_326,F,136.05454479600132
CLUSTER_326,G,190.42404139994883
CLUSTER_326,H,77.15814507703952
CLUSTER_326,I,223.1401429443145
CLUSTER_326,J,50.11261862017311
CLUSTER_326,K,237.0526802356933
CLUSTER_326,L,276.834456998507
CLUSTER_326,M,290.1695348219345
CLUSTER_326,N,279.8580485514441
CLUSTER_326,O,85.04682530749918
CLUSTER_326,P,58.79448231644658
CLUSTER_326,Q,137.51244229025644
CLUSTER_326,R,176.57113944073907
CLUSTER_326,S,211.53426892934073
CLUSTER_326,T,40.16683083818737
CLUSTER_326,U,268.07282103519685
CLUSTER_326,V,190.2474820656263
CLUSTER_326,W,97.75871933629965
CLUSTER_326,X,64.00594096263899
CLUSTER_326,Y,230.1823576688828
CLUSTER_326,Z,248.77799901283532
CLUSTER_326,AA,109.39450580615589
CLUSTER_326,AB,180.09327227696454
CLUSTER_326,AC,178.5210983117323
CLUSTER_326,AD,98.57927339819483
CLUSTER_327,A,166.48117600967217
CLUSTER_327,B,264.6131280517644
CLUSTER_327,C,56.646136393438084
CLUSTER_327,D,259.03617279990846
CLUSTER_327,E,153.35246705378077
CLUSTER_327,F,141.24918141776055
CLUSTER_327,G,229.58129914755406
CLUSTER_327,H,58.04256328482788
CLUSTER_327,I,243.0708625154649
CLUSTER_327,J,89.01614727159117
CLUSTER_327,K,234.5317630850994
CLUSTER_327,L,308.7016941629727
CLUSTER_327,M,305.37220483927
CLUSTER_327,N,317.9594138807063
CLUSTER_327,O,94.92592729499185
CLUSTER_327,P,95.91982056799345
CLUSTER_327,Q,174.8321140678689
CLUSTER_327,R,209.42565924075885
CLUSTER_327,S,218.57854135010902
CLUSTER_327,T,25.710057643211474
CLUSTER_327,U,292.0067436961015
CLUSTER_327,V,215.74012509810743
CLUSTER_327,W,141.1276463074475
CLUSTER_327,X,111.83454821116324
CLUSTER_327,Y,267.80824616136056
CLUSTER_327,Z,263.21050353222716
CLUSTER_327,AA,100.7717857008223
CLUSTER_327,AB,195.2492333833645
CLUSTER_327,AC,177.65035686131873
CLUSTER_327,AD,127.87072085174428
CLUSTER_328,A,153.48267350844208
CLUSTER_328,B,235.57194361026023
CLUSTER_328,C,21.39265129559517
CLUSTER_328,D,269.7267492401398
CLUSTER_328,E,83.84166132953571
CLUSTER_328,F,153.90558713663773
CLUSTER_328,G,185.70588869485775
CLUSTER_328,H,102.4299629281769
CLUSTER_328,I,232.1009438033016
CLUSTER_328,J,54.698748232968526
CLUSTER_328,K,255.9531835429101
CLUSTER_328,L,277.28688565807755
CLUSTER_328,M,300.8919179058697
CLUSTER_328,N,275.0591564356618
CLUSTER_328,O,103.48770735534288
CLUSTER_328,P,34.77911866508389
CLUSTER_328,Q,135.96439400440346
CLUSTER_328,R,177.79778080132655
CLUSTER_328,S,227.03699236325602
CLUSTER_328,T,65.84283984218182
CLUSTER_328,U,274.0596296141913
CLUSTER_328,V,196.44388507515077
CLUSTER_328,W,90.87064779349426
CLUSTER_328,X,44.19977408751345
CLUSTER_328,Y,226.34963351495875
CLUSTER_328,Z,260.33317831693995
CLUSTER_328,AA,132.19458670692094
CLUSTER_328,AB,192.41066781507038
CLUSTER_328,AC,197.59443264272292
CLUSTER_328,AD,105.74184775392702
CLUSTER_329,A,189.56214670858645
CLUSTER_329,B,101.80123971369197
CLUSTER_329,C,280.4412232037981
CLUSTER_329,D,247.63866652579247
CLUSTER_329,E,257.2561020373849
CLUSTER_329,F,246.4250252804581
CLUSTER_329,G,99.67475351138033
CLUSTER_329,H,306.5787741933073
CLUSTER_329,I,168.1807496577989
CLUSTER_329,J,240.61741719816868
CLUSTER_329,K,279.8845818799099
CLUSTER_329,L,82.14156351594151
CLUSTER_329,M,200.52755301143716
CLUSTER_329,N,25.567162132581526
CLUSTER_329,O,254.6159187297793
CLUSTER_329,P,292.48852664040703
CLUSTER_329,Q,154.8320521176087
CLUSTER_329,R,130.1605309261619
CLUSTER_329,S,231.9968809106369
CLUSTER_329,T,306.30988380709596
CLUSTER_329,U,140.77436114186688
CLUSTER_329,V,151.47836058574654
CLUSTER_329,W,191.6491935683456
CLUSTER_329,X,243.57767500920522
CLUSTER_329,Y,65.43704024903523
CLUSTER_329,Z,197.3693872544521
CLUSTER_329,AA,286.21561819824046
CLUSTER_329,AB,200.2727111805879
CLUSTER_329,AC,262.7933701084758
CLUSTER_329,AD,206.2865409241896
CLUSTER_33,A,107.33998512897227
CLUSTER_33,B,180.33310336416443
CLUSTER_33,C,194.63812663998047
CLUSTER_33,D,79.8298048970411
CLUSTER_33,E,277.9529203365981
CLUSTER_33,F,64.46824031774447
CLUSTER_33,G,203.93711613327932
CLUSTER_33,H,131.9696611554965
CLUSTER_33,I,118.999146009557
CLUSTER_33,J,169.8944604771192
CLUSTER_33,K,45.161857647204556
CLUSTER_33,L,216.66509255686898
CLUSTER_33,M,146.8025246247981
CLUSTER_33,N,257.94153832460097
CLUSTER_33,O,111.8115296416841
CLUSTER_33,P,249.48783591312366
CLUSTER_33,Q,169.52640617480483
CLUSTER_33,R,160.56711726114537
CLUSTER_33,S,56.12885023000613
CLUSTER_33,T,168.52761102652562
CLUSTER_33,U,168.24172465413176
CLUSTER_33,V,129.55780335773758
CLUSTER_33,W,189.83923292711847
CLUSTER_33,X,223.01961375546986
CLUSTER_33,Y,218.66506940052457
CLUSTER_33,Z,110.90054840869328
CLUSTER_33,AA,89.12556907563068
CLUSTER_33,AB,80.61178034811036
CLUSTER_33,AC,21.562562415170465
CLUSTER_33,AD,135.7514707470095
CLUSTER_330,A,89.50281765491755
CLUSTER_330,B,99.81876112356943
CLUSTER_330,C,225.13028418349867
CLUSTER_330,D,48.788960215250945
CLUSTER_330,E,279.89938133836137
CLUSTER_330,F,103.06527926397634
CLUSTER_330,G,148.19566193449646
CLUSTER_330,H,191.44859127346496
CLUSTER_330,I,33.41522059449588
CLUSTER_330,J,187.10802465046098
CLUSTER_330,K,79.56554315134709
CLUSTER_330,L,128.1939283288171
CLUSTER_330,M,62.97836094673658
CLUSTER_330,N,176.5814525225971
CLUSTER_330,O,148.1239487599527
CLUSTER_330,P,271.56934039660416
CLUSTER_330,Q,139.42943322064008
CLUSTER_330,R,107.82852019544902
CLUSTER_330,S,37.56362831151073
CLUSTER_330,T,217.3631668525141
CLUSTER_330,U,75.09008268933339
CLUSTER_330,V,68.21830522677007
CLUSTER_330,W,179.99750589347403
CLUSTER_330,X,231.3393921636171
CLUSTER_330,Y,147.30071020552933
CLUSTER_330,Z,20.870031103145635
CLUSTER_330,AA,150.91314331872624
CLUSTER_330,AB,48.937465106034686
CLUSTER_330,AC,85.0704000029721
CLUSTER_330,AD,137.4085792933137
CLUSTER_331,A,128.89490366153916
CLUSTER_331,B,227.57236687401672
CLUSTER_331,C,45.058820089310665
CLUSTER_331,D,225.09758612024214
CLUSTER_331,E,147.3779972507762
CLUSTER_331,F,106.41645089098733
CLUSTER_331,G,195.64681394330793
CLUSTER_331,H,36.64517283165879
CLUSTER_331,I,205.66640752959415
CLUSTER_331,J,59.31550592550752
CLUSTER_331,K,203.7136747860897
CLUSTER_331,L,271.77162130859176
CLUSTER_331,M,268.75303179496404
CLUSTER_331,N,283.014643257809
CLUSTER_331,O,58.005640546120176
CLUSTER_331,P,99.28448435983869
CLUSTER_331,Q,140.48999275239447
CLUSTER_331,R,173.04996863277435
CLUSTER_331,S,183.78877339519698
CLUSTER_331,T,11.924904041494148
CLUSTER_331,U,254.4246990595572
CLUSTER_331,V,178.20224018831723
CLUSTER_331,W,112.09963488014299
CLUSTER_331,X,97.1229200014416
CLUSTER_331,Y,232.8417290723509
CLUSTER_331,Z,226.65216942676517
CLUSTER_331,AA,71.7910131784184
CLUSTER_331,AB,158.33553365019426
CLUSTER_331,AC,145.66008427953787
CLUSTER_331,AD,91.39001163077349
CLUSTER_332,A,157.85443730595946
CLUSTER_332,B,215.34008233600616
CLUSTER_332,C,76.74749224650877
CLUSTER_332,D,283.6601678361444
CLUSTER_332,E,34.36654975396438
CLUSTER_332,F,179.32633346330564
CLUSTER_332,G,153.30848178916216
CLUSTER_332,H,153.79006709115123
CLUSTER_332,I,229.56377262363335
CLUSTER_332,J,75.55653493659433
CLUSTER_332,K,279.30188299599746
CLUSTER_332,L,252.34877967614716
CLUSTER_332,M,300.21045090372957
CLUSTER_332,N,238.5330019633797
CLUSTER_332,O,135.7080346617101
CLUSTER_332,P,54.32194764102796
CLUSTER_332,Q,116.31509414601216
CLUSTER_332,R,160.0243792619439
CLUSTER_332,S,241.77423850669794
CLUSTER_332,T,123.10178746943335
CLUSTER_332,U,262.35689402198307
CLUSTER_332,V,189.19711095780045
CLUSTER_332,W,68.325763000382
CLUSTER_332,X,22.854043569668377
CLUSTER_332,Y,193.67571772319116
CLUSTER_332,Z,263.1792538935496
CLUSTER_332,AA,172.95913702537644
CLUSTER_332,AB,200.6913073254715
CLUSTER_332,AC,223.68513828828577
CLUSTER_332,AD,112.44481001869492
CLUSTER_333,A,75.83748577493994
CLUSTER_333,B,176.8050617944855
CLUSTER_333,C,120.0326319037835
CLUSTER_333,D,139.23260275685038
CLUSTER_333,E,207.1355502857651
CLUSTER_333,F,24.297472330227976
CLUSTER_333,G,172.71885387454304
CLUSTER_333,H,65.00197960387212
CLUSTER_333,I,135.3260574302899
CLUSTER_333,J,98.14856417496605
CLUSTER_333,K,117.1761695017369
CLUSTER_333,L,219.99384910917786
CLUSTER_333,M,189.70143796425492
CLUSTER_333,N,246.95166936321988
CLUSTER_333,O,38.19858370254437
CLUSTER_333,P,175.1164491947777
CLUSTER_333,Q,124.48047790869714
CLUSTER_333,R,135.19761288518964
CLUSTER_333,S,99.33188289120682
CLUSTER_333,T,96.47096692497496
CLUSTER_333,U,187.82341947568543
CLUSTER_333,V,121.32559925007794
CLUSTER_333,W,128.5489172841102
CLUSTER_333,X,151.76124010565843
CLUSTER_333,Y,199.84923340368567
CLUSTER_333,Z,147.81462199010144
CLUSTER_333,AA,24.574381304769563
CLUSTER_333,AB,84.46601734585678
CLUSTER_333,AC,58.86061006666757
CLUSTER_333,AD,76.4684821502475
CLUSTER_334,A,220.94845542274362
CLUSTER_334,B,271.9677466246256
CLUSTER_334,C,122.03823137592995
CLUSTER_334,D,346.80693073682954
CLUSTER_334,E,29.90347757937192
CLUSTER_334,F,240.8123993502108
CLUSTER_334,G,205.48311994925618
CLUSTER_334,H,203.4931046526945
CLUSTER_334,I,291.4520952844761
CLUSTER_334,J,135.15398688268075
CLUSTER_334,K,341.69412788594923
CLUSTER_334,L,305.8098731699299
CLUSTER_334,M,362.01319614571423
CLUSTER_334,N,284.2032071360161
CLUSTER_334,O,194.7645382209253
CLUSTER_334,P,71.28143905385657
CLUSTER_334,Q,176.2370826219388
CLUSTER_334,R,219.01957839861726
CLUSTER_334,S,304.8712243940857
CLUSTER_334,T,167.05436721509136
CLUSTER_334,U,321.5595457835684
CLUSTER_334,V,250.55604468201298
CLUSTER_334,W,130.08918273543594
CLUSTER_334,X,82.04488637339449
CLUSTER_334,Y,243.8784955780901
CLUSTER_334,Z,325.7138205824574
CLUSTER_334,AA,229.35370805117438
CLUSTER_334,AB,263.82129773457336
CLUSTER_334,AC,285.36372570161143
CLUSTER_334,AD,175.49760968319762
CLUSTER_335,A,114.54304135798458
CLUSTER_335,B,214.11902164892314
CLUSTER_335,C,51.620949124809954
CLUSTER_335,D,210.65151275981012
CLUSTER_335,E,151.16874236412025
CLUSTER_335,F,91.88751014010191
CLUSTER_335,G,184.7992198088123
CLUSTER_335,H,32.74378910707069
CLUSTER_335,I,190.9306845726442
CLUSTER_335,J,53.90321274052598
CLUSTER_335,K,190.19920051384682
CLUSTER_335,L,258.40541876725575
CLUSTER_335,M,253.8685107033616
CLUSTER_335,N,271.26432957949663
CLUSTER_335,O,43.12113903997755
CLUSTER_335,P,107.51444719651826
CLUSTER_335,Q,129.60459212832868
CLUSTER_335,R,160.33810860806943
CLUSTER_335,S,169.17045270647878
CLUSTER_335,T,26.476482942268817
CLUSTER_335,U,239.94017555397608
CLUSTER_335,V,164.042256735142
CLUSTER_335,W,105.24821319234475
CLUSTER_335,X,98.46397924753241
CLUSTER_335,Y,221.15565879606754
CLUSTER_335,Z,211.76834860119345
CLUSTER_335,AA,60.094991330174224
CLUSTER_335,AB,143.45986401862535
CLUSTER_335,AC,131.91351218859245
CLUSTER_335,AD,78.92738096701966
CLUSTER_336,A,134.77513299573977
CLUSTER_336,B,195.12367563114933
CLUSTER_336,C,68.71133212989744
CLUSTER_336,D,260.62180314433414
CLUSTER_336,E,57.122624555619446
CLUSTER_336,F,157.5053623080452
CLUSTER_336,G,135.87042599320944
CLUSTER_336,H,139.17623548108736
CLUSTER_336,I,206.91354573955022
CLUSTER_336,J,56.37387427723247
CLUSTER_336,K,256.798494201702
CLUSTER_336,L,233.41345730107935
CLUSTER_336,M,277.5564354890581
CLUSTER_336,N,223.19485990222876
CLUSTER_336,O,115.72702300602026
CLUSTER_336,P,65.3079127098065
CLUSTER_336,Q,95.01709232239928
CLUSTER_336,R,138.92481408801427
CLUSTER_336,S,218.79694552797028
CLUSTER_336,T,112.63566505135698
CLUSTER_336,U,240.82810447858984
CLUSTER_336,V,166.82492401499235
CLUSTER_336,W,46.30347229655574
CLUSTER_336,X,16.519874457069857
CLUSTER_336,Y,176.68954463872527
CLUSTER_336,Z,240.26063656618234
CLUSTER_336,AA,154.25883300101518
CLUSTER_336,AB,177.61300015515172
CLUSTER_336,AC,201.6597974502607
CLUSTER_336,AD,89.54958366922347
CLUSTER_337,A,112.46388309129343
CLUSTER_337,B,49.667239881327156
CLUSTER_337,C,209.44863695298469
CLUSTER_337,D,190.16590215140553
CLUSTER_337,E,206.2272177043051
CLUSTER_337,F,169.77262555831467
CLUSTER_337,G,29.383146221834465
CLUSTER_337,H,229.28777416047237
CLUSTER_337,I,108.49819068336028
CLUSTER_337,J,167.83512473227455
CLUSTER_337,K,215.41022398117425
CLUSTER_337,L,71.95285600108086
CLUSTER_337,M,162.02505474032108
CLUSTER_337,N,63.1294116469799
CLUSTER_337,O,177.0549094001304
CLUSTER_337,P,229.87390905959452
CLUSTER_337,Q,80.24037393767077
CLUSTER_337,R,52.65896265010475
CLUSTER_337,S,165.94724653809217
CLUSTER_337,T,231.20285674578184
CLUSTER_337,U,104.95266839509503
CLUSTER_337,V,80.14620907412753
CLUSTER_337,W,123.38211633456974
CLUSTER_337,X,180.2551089027765
CLUSTER_337,Y,12.951634500736521
CLUSTER_337,Z,144.2194254178082
CLUSTER_337,AA,208.50844714273217
CLUSTER_337,AB,128.61187712249554
CLUSTER_337,AC,190.01209391073675
CLUSTER_337,AD,129.5366074152823
CLUSTER_338,A,58.13673310890923
CLUSTER_338,B,46.939192567776985
CLUSTER_338,C,181.1402677065174
CLUSTER_338,D,138.34600316786006
CLUSTER_338,E,207.001062716633
CLUSTER_338,F,113.50750375872803
CLUSTER_338,G,58.377149639209364
CLUSTER_338,H,182.81330772342642
CLUSTER_338,I,61.10214094048129
CLUSTER_338,J,138.25642394231477
CLUSTER_338,K,158.70558107089556
CLUSTER_338,L,91.21400234270324
CLUSTER_338,M,128.15879452567174
CLUSTER_338,N,113.58524065813059
CLUSTER_338,O,130.00508316126485
CLUSTER_338,P,214.4635137275559
CLUSTER_338,Q,60.73391364479883
CLUSTER_338,R,18.863599929858115
CLUSTER_338,S,109.14920119320452
CLUSTER_338,T,192.49237011406825
CLUSTER_338,U,85.4147982922225
CLUSTER_338,V,22.791330727774447
CLUSTER_338,W,109.119040051029
CLUSTER_338,X,167.31319133351283
CLUSTER_338,Y,69.1110803551
CLUSTER_338,Z,98.86966608459478
CLUSTER_338,AA,156.04199166077169
CLUSTER_338,AB,69.80713430693943
CLUSTER_338,AC,131.08194957222386
CLUSTER_338,AD,90.2712741188386
CLUSTER_339,A,64.5434085975545
CLUSTER_339,B,61.411411191194254
CLUSTER_339,C,167.2986344091999
CLUSTER_339,D,163.11131460102013
CLUSTER_339,E,183.4084252997483
CLUSTER_339,F,122.02229222100769
CLUSTER_339,G,36.85587700918534
CLUSTER_339,H,180.4059452867296
CLUSTER_339,I,87.43704920423286
CLUSTER_339,J,124.5707489432501
CLUSTER_339,K,180.391901761139
CLUSTER_339,L,102.52040957304594
CLUSTER_339,M,154.29612287393164
CLUSTER_339,N,111.28440711780563
CLUSTER_339,O,127.93893537248466
CLUSTER_339,P,195.51221133449812
CLUSTER_339,Q,39.4659080829828
CLUSTER_339,R,7.854317998546243
CLUSTER_339,S,131.26654889153693
CLUSTER_339,T,184.54128610783044
CLUSTER_339,U,108.60639762378867
CLUSTER_339,V,47.46516807624841
CLUSTER_339,W,88.2307070249697
CLUSTER_339,X,147.06271571305032
CLUSTER_339,Y,61.89052867594538
CLUSTER_339,Z,125.15492409724106
CLUSTER_339,AA,159.283464054005
CLUSTER_339,AB,88.98754365981316
CLUSTER_339,AC,146.7768676662657
CLUSTER_339,AD,81.71505395857258
CLUSTER_34,A,40.940681414668504
CLUSTER_34,B,62.614933743940014
CLUSTER_34,C,174.17599046395614
CLUSTER_34,D,120.87954755038716
CLUSTER_34,E,211.20481655806125
CLUSTER_34,F,93.14432515592604
CLUSTER_34,G,78.28021674941715
CLUSTER_34,H,167.17735412943293
CLUSTER_34,I,50.47013102597254
CLUSTER_34,J,131.98124260413434
CLUSTER_34,K,138.1008139757156
CLUSTER_34,L,106.47469611468486
CLUSTER_34,M,120.90885609501893
CLUSTER_34,N,134.38217447126976
CLUSTER_34,O,114.95839155051326
CLUSTER_34,P,212.28276438509005
CLUSTER_34,Q,66.35730387761316
CLUSTER_34,R,35.03005649649248
CLUSTER_34,S,88.76596898305567
CLUSTER_34,T,180.51721754288718
CLUSTER_34,U,88.05571882857437
CLUSTER_34,V,10.236876676191265
CLUSTER_34,W,111.23870067192863
CLUSTER_34,X,167.25973963064206
CLUSTER_34,Y,91.08147046417592
CLUSTER_34,Z,86.5554262092039
CLUSTER_34,AA,137.54283444266528
CLUSTER_34,AB,47.94470721062273
CLUSTER_34,AC,109.01613228068682
CLUSTER_34,AD,81.5398111473492
CLUSTER_340,A,23.285130555780647
CLUSTER_340,B,79.96141147200915
CLUSTER_340,C,158.3998761234062
CLUSTER_340,D,122.2706290048136
CLUSTER_340,E,201.42002439852084
CLUSTER_340,F,77.3951703048517
CLUSTER_340,G,85.56425342170894
CLUSTER_340,H,149.5178264050741
CLUSTER_340,I,61.52928531688338
CLUSTER_340,J,116.74731798275654
CLUSTER_340,K,133.74751631897968
CLUSTER_340,L,124.0076177793761
CLUSTER_340,M,131.90450834679186
CLUSTER_340,N,149.71298572615206
CLUSTER_340,O,97.29172623544319
CLUSTER_340,P,198.59668606422937
CLUSTER_340,Q,60.92150480905868
CLUSTER_340,R,42.36109614526522
CLUSTER_340,S,85.81697799382681
CLUSTER_340,T,163.17015000060775
CLUSTER_340,U,104.18734352914393
CLUSTER_340,V,26.95552630013707
CLUSTER_340,W,101.22194374612813
CLUSTER_340,X,155.05013033958812
CLUSTER_340,Y,104.36361419633678
CLUSTER_340,Z,94.4818470587388
CLUSTER_340,AA,120.47916761453965
CLUSTER_340,AB,41.71842318469845
CLUSTER_340,AC,98.14131229215191
CLUSTER_340,AD,65.80139227410743
CLUSTER_341,A,135.3449808785557
CLUSTER_341,B,84.05183866844263
CLUSTER_341,C,210.43426618207067
CLUSTER_341,D,223.89743908967017
CLUSTER_341,E,190.25875958314467
CLUSTER_341,F,192.58990350188535
CLUSTER_341,G,35.425540797307356
CLUSTER_341,H,242.10566941938302
CLUSTER_341,I,142.55793533796432
CLUSTER_341,J,171.4620142862945
CLUSTER_341,K,247.22535588049092
CLUSTER_341,L,98.47182585663775
CLUSTER_341,M,196.60105971385505
CLUSTER_341,N,67.81880791683808
CLUSTER_341,O,191.7379643266452
CLUSTER_341,P,222.33558437480838
CLUSTER_341,Q,88.54281570405342
CLUSTER_341,R,77.12090690755815
CLUSTER_341,S,197.6435705705954
CLUSTER_341,T,238.32853575735447
CLUSTER_341,U,138.7978788954024
CLUSTER_341,V,111.13103492581153
CLUSTER_341,W,121.42628503855859
CLUSTER_341,X,173.2233373883555
CLUSTER_341,Y,35.219143779952404
CLUSTER_341,Z,178.73955653488827
CLUSTER_341,AA,226.7483531201202
CLUSTER_341,AB,158.02493776536346
CLUSTER_341,AC,217.60009545400072
CLUSTER_341,AD,141.6143755632795
CLUSTER_342,A,94.47620249355793
CLUSTER_342,B,8.892148362867285
CLUSTER_342,C,219.78288933000536
CLUSTER_342,D,141.18885563082216
CLUSTER_342,E,238.65191013461964
CLUSTER_342,F,146.05926798102504
CLUSTER_342,G,69.68281936614513
CLUSTER_342,H,220.50885982729898
CLUSTER_342,I,59.74183258427475
CLUSTER_342,J,176.85120252143517
CLUSTER_342,K,170.76940668072154
CLUSTER_342,L,52.82081001872453
CLUSTER_342,M,110.37992538814865
CLUSTER_342,N,86.08302849334187
CLUSTER_342,O,167.93109834925494
CLUSTER_342,P,251.03303501310526
CLUSTER_342,Q,95.1941421277229
CLUSTER_342,R,51.50971584063014
CLUSTER_342,S,122.56664987400887
CLUSTER_342,T,231.43571744038977
CLUSTER_342,U,55.89181136595424
CLUSTER_342,V,46.77125467799816
CLUSTER_342,W,144.09098223361298
CLUSTER_342,X,202.88707582608265
CLUSTER_342,Y,55.12087523644611
CLUSTER_342,Z,93.2759583388526
CLUSTER_342,AA,191.32432517639836
CLUSTER_342,AB,93.01006940343085
CLUSTER_342,AC,155.35353358467526
CLUSTER_342,AD,129.32166241500414
CLUSTER_343,A,80.37671989273912
CLUSTER_343,B,175.30397140137026
CLUSTER_343,C,143.04509956768658
CLUSTER_343,D,119.51787062844814
CLUSTER_343,E,228.96145856454342
CLUSTER_343,F,23.108455044498697
CLUSTER_343,G,180.3569317693171
CLUSTER_343,H,83.91702691869945
CLUSTER_343,I,126.60970166922462
CLUSTER_343,J,120.11860072851059
CLUSTER_343,K,94.70720559662732
CLUSTER_343,L,217.0139872015257
CLUSTER_343,M,174.80897855542764
CLUSTER_343,N,248.77858539337012
CLUSTER_343,O,60.76564380829058
CLUSTER_343,P,198.0872762004587
CLUSTER_343,Q,136.25690570591024
CLUSTER_343,R,140.0445560435607
CLUSTER_343,S,81.82870215549052
CLUSTER_343,T,118.12828789684895
CLUSTER_343,U,179.44840848057615
CLUSTER_343,V,119.8074121181635
CLUSTER_343,W,146.591959559739
CLUSTER_343,X,173.66747834802445
CLUSTER_343,Y,203.68695994018012
CLUSTER_343,Z,133.7360248100535
CLUSTER_343,AA,40.572245546246066
CLUSTER_343,AB,76.58557833436521
CLUSTER_343,AC,37.059265692734606
CLUSTER_343,AD,92.90681917402301
CLUSTER_344,A,47.78020839431324
CLUSTER_344,B,59.93505977685043
CLUSTER_344,C,167.93487169866316
CLUSTER_344,D,141.3227601100942
CLUSTER_344,E,195.9705100008528
CLUSTER_344,F,104.60077644460935
CLUSTER_344,G,58.60439379668525
CLUSTER_344,H,170.73747160400893
CLUSTER_344,I,68.17032598943558
CLUSTER_344,J,125.06217139903015
CLUSTER_344,K,158.1222717264046
CLUSTER_344,L,104.06733882438193
CLUSTER_344,M,137.30161621693065
CLUSTER_344,N,123.40582984240098
CLUSTER_344,O,117.87107538551435
CLUSTER_344,P,201.77564548890737
CLUSTER_344,Q,49.628704868381
CLUSTER_344,R,14.931327868486342
CLUSTER_344,S,108.9758218999086
CLUSTER_344,T,179.54256733528996
CLUSTER_344,U,97.56783219711383
CLUSTER_344,V,26.721049733506483
CLUSTER_344,W,97.21088088032882
CLUSTER_344,X,154.999950506085
CLUSTER_344,Y,76.71005021690505
CLUSTER_344,Z,105.36826379758092
CLUSTER_344,AA,145.38000514290033
CLUSTER_344,AB,66.93208241870006
CLUSTER_344,AC,125.95069149934335
CLUSTER_344,AD,77.12077668720585
CLUSTER_345,A,70.50061380068891
CLUSTER_345,B,41.14004842948414
CLUSTER_345,C,205.2896066865968
CLUSTER_345,D,112.53473588383527
CLUSTER_345,E,238.21633360626404
CLUSTER_345,F,116.68287097621622
CLUSTER_345,G,86.18568773589102
CLUSTER_345,H,195.94434939743235
CLUSTER_345,I,31.343461881711878
CLUSTER_345,J,162.9927305398152
CLUSTER_345,K,139.10837136393457
CLUSTER_345,L,81.09099716283554
CLUSTER_345,M,96.02592619439748
CLUSTER_345,N,118.82832917553806
CLUSTER_345,O,144.45536948749836
CLUSTER_345,P,242.47236918672644
CLUSTER_345,Q,91.84803175140868
CLUSTER_345,R,50.96495392114943
CLUSTER_345,S,90.33284565414577
CLUSTER_345,T,211.0868585281441
CLUSTER_345,U,57.01768075466678
CLUSTER_345,V,21.08955667577568
CLUSTER_345,W,139.2652851142159
CLUSTER_345,X,196.55324558154388
CLUSTER_345,Y,84.10274414508103
CLUSTER_345,Z,68.68563540829629
CLUSTER_345,AA,163.62336131063245
CLUSTER_345,AB,60.8982469589211
CLUSTER_345,AC,122.8741867577115
CLUSTER_345,AD,112.6804238972575
CLUSTER_346,A,62.95606127776899
CLUSTER_346,B,156.4229851450397
CLUSTER_346,C,76.14298446702043
CLUSTER_346,D,180.140891186032
CLUSTER_346,E,142.36232309145723
CLUSTER_346,F,71.33257297070121
CLUSTER_346,G,126.26542521006381
CLUSTER_346,H,82.347748808858
CLUSTER_346,I,142.02283415388135
CLUSTER_346,J,37.64386413661906
CLUSTER_346,K,171.71140166728532
CLUSTER_346,L,200.45150842267884
CLUSTER_346,M,209.8537011742102
CLUSTER_346,N,212.03358602142697
CLUSTER_346,O,36.10596321021209
CLUSTER_346,P,122.35008735294916
CLUSTER_346,Q,71.35545549378787
CLUSTER_346,R,101.39768564005857
CLUSTER_346,S,137.4766209881551
CLUSTER_346,T,83.35537153328023
CLUSTER_346,U,187.19084595907893
CLUSTER_346,V,109.55364891667293
CLUSTER_346,W,60.433528544681494
CLUSTER_346,X,88.01938615959034
CLUSTER_346,Y,161.95336155694062
CLUSTER_346,Z,169.03266500562813
CLUSTER_346,AA,76.55525931174812
CLUSTER_346,AB,101.08838300202787
CLUSTER_346,AC,115.6235408705308
CLUSTER_346,AD,19.74388227686829
CLUSTER_347,A,110.86571493497563
CLUSTER_347,B,202.16167882355631
CLUSTER_347,C,29.04979443739329
CLUSTER_347,D,222.64133887616467
CLUSTER_347,E,118.32245693704286
CLUSTER_347,F,106.23979187351382
CLUSTER_347,G,163.07301774218018
CLUSTER_347,H,67.30274592785764
CLUSTER_347,I,189.9084039698195
CLUSTER_347,J,22.626086239448327
CLUSTER_347,K,208.29111591624533
CLUSTER_347,L,245.63208342475002
CLUSTER_347,M,257.08633535727347
CLUSTER_347,N,251.82604043319537
CLUSTER_347,O,55.919160353248515
CLUSTER_347,P,81.8338885868565
CLUSTER_347,Q,108.65059039335982
CLUSTER_347,R,145.4812210105257
CLUSTER_347,S,180.0348308292239
CLUSTER_347,T,45.876268476503235
CLUSTER_347,U,235.08116903069987
CLUSTER_347,V,157.31927182117508
CLUSTER_347,W,75.492299914245
CLUSTER_347,X,64.4131971253197
CLUSTER_347,Y,201.76390827972548
CLUSTER_347,Z,215.81827683726263
CLUSTER_347,AA,87.68212443454047
CLUSTER_347,AB,147.24099059609273
CLUSTER_347,AC,149.96835026776847
CLUSTER_347,AD,65.8521756104919
CLUSTER_348,A,116.39280531273953
CLUSTER_348,B,187.72507499257017
CLUSTER_348,C,51.76288970613401
CLUSTER_348,D,240.4568500862698
CLUSTER_348,E,79.76520057117239
CLUSTER_348,F,133.80197076722087
CLUSTER_348,G,135.12564221847438
CLUSTER_348,H,115.00394298549769
CLUSTER_348,I,191.8801836729286
CLUSTER_348,J,31.11088812639103
CLUSTER_348,K,234.25556621681295
CLUSTER_348,L,228.36190263573
CLUSTER_348,M,262.1823854163301
CLUSTER_348,N,224.3917625839259
CLUSTER_348,O,90.64556608968236
CLUSTER_348,P,69.54303433935313
CLUSTER_348,Q,87.02800370227965
CLUSTER_348,R,130.15580456266272
CLUSTER_348,S,198.15280286194195
CLUSTER_348,T,91.41429177415476
CLUSTER_348,U,229.6619628669315
CLUSTER_348,V,153.3887221936296
CLUSTER_348,W,40.25601356355226
CLUSTER_348,X,25.793796565995258
CLUSTER_348,Y,175.86944124244286
CLUSTER_348,Z,223.46584750550784
CLUSTER_348,AA,128.99215498321502
CLUSTER_348,AB,158.517756597977
CLUSTER_348,AC,178.23010820308812
CLUSTER_348,AD,69.0712039355803
CLUSTER_349,A,35.954398160325056
CLUSTER_349,B,76.61901817811693
CLUSTER_349,C,151.43830028784294
CLUSTER_349,D,145.11993171022976
CLUSTER_349,E,183.5425043385969
CLUSTER_349,F,93.41760631651556
CLUSTER_349,G,64.51718306934167
CLUSTER_349,H,155.0476703694991
CLUSTER_349,I,78.18067901680257
CLUSTER_349,J,108.62401257391691
CLUSTER_349,K,157.27990829237305
CLUSTER_349,L,120.6728861686191
CLUSTER_349,M,148.5940810660615
CLUSTER_349,N,137.5539219583574
CLUSTER_349,O,102.20179939909832
CLUSTER_349,P,186.46343278100514
CLUSTER_349,Q,38.99978018587613
CLUSTER_349,R,24.593068563448167
CLUSTER_349,S,109.36524226400992
CLUSTER_349,T,162.9431541983146
CLUSTER_349,U,112.6665923122737
CLUSTER_349,V,37.16180144929541
CLUSTER_349,W,83.72588830889526
CLUSTER_349,X,140.46717504287162
CLUSTER_349,Y,89.31258827239124
CLUSTER_349,Z,113.8931737547732
CLUSTER_349,AA,131.50526965359998
CLUSTER_349,AB,65.27634331486921
CLUSTER_349,AC,119.60769183350247
CLUSTER_349,AD,60.41262089365268
CLUSTER_35,A,16.694916289381187
CLUSTER_35,B,94.67503401919807
CLUSTER_35,C,138.05328862373432
CLUSTER_35,D,138.7998943883961
CLUSTER_35,E,181.61958142432806
CLUSTER_35,F,73.10929904096673
CLUSTER_35,G,84.1918880192428
CLUSTER_35,H,134.97086217344085
CLUSTER_35,I,82.40722701158838
CLUSTER_35,J,96.08594957581896
CLUSTER_35,K,145.34738230039227
CLUSTER_35,L,139.03521135413982
CLUSTER_35,M,152.65075395278603
CLUSTER_35,N,158.49271962594545
CLUSTER_35,O,82.11764549215177
CLUSTER_35,P,177.68358199028555
CLUSTER_35,Q,46.62509526413623
CLUSTER_35,R,45.688495377597164
CLUSTER_35,S,99.76665087681354
CLUSTER_35,T,145.24649314018777
CLUSTER_35,U,124.18547004123889
CLUSTER_35,V,46.33663965865669
CLUSTER_35,W,81.7092032035606
CLUSTER_35,X,134.36964429838693
CLUSTER_35,Y,110.41076919034688
CLUSTER_35,Z,114.57281525212478
CLUSTER_35,AA,110.42157592057949
CLUSTER_35,AB,55.47873278130991
CLUSTER_35,AC,102.68255198920285
CLUSTER_35,AD,45.37816346120225
CLUSTER_350,A,135.65672154319566
CLUSTER_350,B,103.50732468543731
CLUSTER_350,C,274.13785604070426
CLUSTER_350,D,68.41469563717972
CLUSTER_350,E,320.3400424688133
CLUSTER_350,F,155.38820448387824
CLUSTER_350,G,168.27087242356546
CLUSTER_350,H,243.7522396079151
CLUSTER_350,I,58.82521426884006
CLUSTER_350,J,234.49204597608565
CLUSTER_350,K,112.05037848385301
CLUSTER_350,L,113.17255755821469
CLUSTER_350,M,11.866481096771409
CLUSTER_350,N,168.90297729466434
CLUSTER_350,O,199.53862175080747
CLUSTER_350,P,317.9571151500968
CLUSTER_350,Q,174.98464333439495
CLUSTER_350,R,135.7137506875844
CLUSTER_350,S,85.29092125728151
CLUSTER_350,T,268.94608790957903
CLUSTER_350,U,53.69745655049155
CLUSTER_350,V,99.91132377278646
CLUSTER_350,W,220.261506229731
CLUSTER_350,X,275.09035115191693
CLUSTER_350,Y,154.20479414531513
CLUSTER_350,Z,31.47346458267253
CLUSTER_350,AA,203.18990310353044
CLUSTER_350,AB,99.26195519792768
CLUSTER_350,AC,134.62666328474816
CLUSTER_350,AD,183.7058633177925
CLUSTER_351,A,33.04889353001841
CLUSTER_351,B,118.07599990167158
CLUSTER_351,C,111.53011528703723
CLUSTER_351,D,159.36828892888278
CLUSTER_351,E,158.47981152840626
CLUSTER_351,F,72.47028605534206
CLUSTER_351,G,93.2107634828833
CLUSTER_351,H,116.13584926853298
CLUSTER_351,I,108.76617206610204
CLUSTER_351,J,69.38029995159772
CLUSTER_351,K,160.07993783932443
CLUSTER_351,L,162.11241667841716
CLUSTER_351,M,178.6225951031665
CLUSTER_351,N,175.64920662084396
CLUSTER_351,O,64.09849387225132
CLUSTER_351,P,151.28292929999986
CLUSTER_351,Q,42.228866656380774
CLUSTER_351,R,63.56714174238819
CLUSTER_351,S,118.25372978980994
CLUSTER_351,T,121.56409180849344
CLUSTER_351,U,150.72035615676285
CLUSTER_351,V,72.87314563783194
CLUSTER_351,W,60.59182643956772
CLUSTER_351,X,109.13117026346123
CLUSTER_351,Y,125.9560011581488
CLUSTER_351,Z,139.61901317859014
CLUSTER_351,AA,98.84136296392856
CLUSTER_351,AB,75.96733489564902
CLUSTER_351,AC,110.62375884287337
CLUSTER_351,AD,19.13004447332412
CLUSTER_352,A,126.47973484895853
CLUSTER_352,B,32.11963581553653
CLUSTER_352,C,256.28044997628723
CLUSTER_352,D,141.4962832175927
CLUSTER_352,E,274.87807540951957
CLUSTER_352,F,173.03006913652018
CLUSTER_352,G,101.6612550287744
CLUSTER_352,H,252.48339874963747
CLUSTER_352,I,69.09293699973132
CLUSTER_352,J,213.39429502899213
CLUSTER_352,K,177.9782936782691
CLUSTER_352,L,29.729702148923476
CLUSTER_352,M,92.52720196127302
CLUSTER_352,N,83.23856941992818
CLUSTER_352,O,200.59805027674105
CLUSTER_352,P,288.1876904948538
CLUSTER_352,Q,132.31990694938582
CLUSTER_352,R,88.66119081065071
CLUSTER_352,S,133.94681194420178
CLUSTER_352,T,265.99630294696414
CLUSTER_352,U,32.23917659203668
CLUSTER_352,V,76.68663564025226
CLUSTER_352,W,181.19066542316926
CLUSTER_352,X,240.0056276995894
CLUSTER_352,Y,74.66331772343622
CLUSTER_352,Z,90.59546859296118
CLUSTER_352,AA,220.35083929743476
CLUSTER_352,AB,115.06379882247435
CLUSTER_352,AC,174.38660209370428
CLUSTER_352,AD,164.9748339473843
CLUSTER_353,A,55.433842635779854
CLUSTER_353,B,59.13024012849904
CLUSTER_353,C,167.7393744355061
CLUSTER_353,D,151.3802577008611
CLUSTER_353,E,190.27037721702487
CLUSTER_353,F,112.81733251987129
CLUSTER_353,G,48.29032586955297
CLUSTER_353,H,175.3906174391245
CLUSTER_353,I,76.72854699997053
CLUSTER_353,J,124.807217523203
CLUSTER_353,K,168.54202339626224
CLUSTER_353,L,102.27843789536387
CLUSTER_353,M,144.75429544879944
CLUSTER_353,N,116.98216408874343
CLUSTER_353,O,122.59122929746219
CLUSTER_353,P,199.0155901613653
CLUSTER_353,Q,44.191391525066116
CLUSTER_353,R,4.698833190641437
CLUSTER_353,S,119.38437291672372
CLUSTER_353,T,182.0128841762834
CLUSTER_353,U,101.85756342699503
CLUSTER_353,V,36.0138485864599
CLUSTER_353,W,92.88803391016309
CLUSTER_353,X,151.3753271929206
CLUSTER_353,Y,68.94723086152086
CLUSTER_353,Z,114.2770910918397
CLUSTER_353,AA,151.99253917660917
CLUSTER_353,AB,77.28405802312516
CLUSTER_353,AC,135.7868334206777
CLUSTER_353,AD,78.97703895679261
CLUSTER_354,A,71.246975829474
CLUSTER_354,B,105.41356758693063
CLUSTER_354,C,203.81148942703032
CLUSTER_354,D,56.6434715871353
CLUSTER_354,E,262.7451143995038
CLUSTER_354,F,80.27625979332053
CLUSTER_354,G,143.3903052584417
CLUSTER_354,H,168.65047524329654
CLUSTER_354,I,41.56980702612259
CLUSTER_354,J,166.7771575177571
CLUSTER_354,K,74.21914826198123
CLUSTER_354,L,139.462190618325
CLUSTER_354,M,85.76711384418896
CLUSTER_354,N,183.40693674926118
CLUSTER_354,O,125.68888014398968
CLUSTER_354,P,251.46511993570127
CLUSTER_354,Q,126.54343831858061
CLUSTER_354,R,100.69964129091188
CLUSTER_354,S,25.029671913513226
CLUSTER_354,T,194.79627939621378
CLUSTER_354,U,91.75441660410027
CLUSTER_354,V,62.39550449655721
CLUSTER_354,W,163.68371636485958
CLUSTER_354,X,212.73282417831186
CLUSTER_354,Y,148.8199480614181
CLUSTER_354,Z,43.666623605644794
CLUSTER_354,AA,128.2653341470152
CLUSTER_354,AB,28.55748664591829
CLUSTER_354,AC,65.5318586464283
CLUSTER_354,AD,118.09259093162004
CLUSTER_355,A,84.63194391317596
CLUSTER_355,B,127.24309233632891
CLUSTER_355,C,208.9590183225188
CLUSTER_355,D,43.160452223468866
CLUSTER_355,E,274.8910914542599
CLUSTER_355,F,78.13309914774761
CLUSTER_355,G,164.38285773467615
CLUSTER_355,H,165.33966042107303
CLUSTER_355,I,62.22697114553872
CLUSTER_355,J,174.594689516482
CLUSTER_355,K,52.35476766089577
CLUSTER_355,L,160.0695956048991
CLUSTER_355,M,92.10663570065249
CLUSTER_355,N,205.1889485842491
CLUSTER_355,O,127.52937763905169
CLUSTER_355,P,259.1192835481684
CLUSTER_355,Q,143.77298397625387
CLUSTER_355,R,121.23683626152065
CLUSTER_355,S,3.0931416546111867
CLUSTER_355,T,195.0081189054229
CLUSTER_355,U,109.4225786264354
CLUSTER_355,V,83.79439107022233
CLUSTER_355,W,177.44589958089608
CLUSTER_355,X,223.17122431321152
CLUSTER_355,Y,170.8413319346585
CLUSTER_355,Z,52.902643810394096
CLUSTER_355,AA,123.02412713886893
CLUSTER_355,AB,42.63354553646273
CLUSTER_355,AC,51.57211482722635
CLUSTER_355,AD,128.50198543948605
CLUSTER_356,A,55.60536620254746
CLUSTER_356,B,146.8926779161417
CLUSTER_356,C,83.87440703848117
CLUSTER_356,D,176.1146734070677
CLUSTER_356,E,143.6547012860945
CLUSTER_356,F,71.7596074525352
CLUSTER_356,G,116.75453341703553
CLUSTER_356,H,91.52634854605618
CLUSTER_356,I,134.45472421313448
CLUSTER_356,J,43.30834916595556
CLUSTER_356,K,170.03306707075572
CLUSTER_356,L,190.85092828608248
CLUSTER_356,M,203.00797622992224
CLUSTER_356,N,202.26635619668141
CLUSTER_356,O,43.19190975478404
CLUSTER_356,P,127.67154291554152
CLUSTER_356,Q,62.040384822196245
CLUSTER_356,R,91.6415913607491
CLUSTER_356,S,133.65002120689806
CLUSTER_356,T,93.09605674134362
CLUSTER_356,U,178.64187508463107
CLUSTER_356,V,100.85104417590445
CLUSTER_356,W,56.07777982574629
CLUSTER_356,X,90.41860076944454
CLUSTER_356,Y,152.201468344449
CLUSTER_356,Z,162.63194985336958
CLUSTER_356,AA,82.8120554755982
CLUSTER_356,AB,95.46074489415635
CLUSTER_356,AC,115.24058844441652
CLUSTER_356,AD,9.97629752178028
CLUSTER_357,A,103.37057824997814
CLUSTER_357,B,206.38097979571356
CLUSTER_357,C,99.30300638150133
CLUSTER_357,D,172.84850365511625
CLUSTER_357,E,195.8271405077125
CLUSTER_357,F,59.09439298042467
CLUSTER_357,G,193.25416576121296
CLUSTER_357,H,30.475909304402457
CLUSTER_357,I,169.30904396887834
CLUSTER_357,J,89.96449544318483
CLUSTER_357,K,147.04601500083217
CLUSTER_357,L,250.28490699669214
CLUSTER_357,M,224.7789578697622
CLUSTER_357,N,272.9504133226356
CLUSTER_357,O,37.48159146830983
CLUSTER_357,P,155.31707541124274
CLUSTER_357,Q,140.7765246414367
CLUSTER_357,R,159.87287760665535
CLUSTER_357,S,133.92321589823882
CLUSTER_357,T,66.39775289365276
CLUSTER_357,U,221.40354638189973
CLUSTER_357,V,151.7603913627547
CLUSTER_357,W,132.3679208676731
CLUSTER_357,X,141.2943341156024
CLUSTER_357,Y,224.306659656237
CLUSTER_357,Z,182.8811618813563
CLUSTER_357,AA,13.302718999763647
CLUSTER_357,AB,118.65342291027305
CLUSTER_357,AC,90.45292224714879
CLUSTER_357,AD,88.05014942175511
CLUSTER_358,A,128.29498991227786
CLUSTER_358,B,229.86648440439177
CLUSTER_358,C,65.75176593055409
CLUSTER_358,D,214.13642895029923
CLUSTER_358,E,167.87569601995887
CLUSTER_358,F,96.91364309980688
CLUSTER_358,G,203.97370046913795
CLUSTER_358,H,16.20089480705714
CLUSTER_358,I,202.0422073664789
CLUSTER_358,J,74.57247605566715
CLUSTER_358,K,189.73848620926614
CLUSTER_358,L,274.2328974229985
CLUSTER_358,M,262.15279430488584
CLUSTER_358,N,289.47310249708204
CLUSTER_358,O,54.27968537407461
CLUSTER_358,P,119.76832387278655
CLUSTER_358,Q,148.8982289666718
CLUSTER_358,R,177.57607530934976
CLUSTER_358,S,173.98108206304678
CLUSTER_358,T,24.353643038373335
CLUSTER_358,U,252.4413762608896
CLUSTER_358,V,178.12506280869732
CLUSTER_358,W,126.0179217514924
CLUSTER_358,X,116.80570562240848
CLUSTER_358,Y,239.5066468683501
CLUSTER_358,Z,219.98293014612037
CLUSTER_358,AA,56.069390327660244
CLUSTER_358,AB,152.90156420390466
CLUSTER_358,AC,132.65601187870377
CLUSTER_358,AD,97.06984282455409
CLUSTER_359,A,153.58631710231845
CLUSTER_359,B,251.4752370249229
CLUSTER_359,C,47.571342518315696
CLUSTER_359,D,248.35353247029013
CLUSTER_359,E,147.77257694669765
CLUSTER_359,F,130.05415909789264
CLUSTER_359,G,216.74746218685505
CLUSTER_359,H,50.439976560286986
CLUSTER_359,I,230.48791097350926
CLUSTER_359,J,76.65395327360498
CLUSTER_359,K,225.1600496831935
CLUSTER_359,L,295.55694866301576
CLUSTER_359,M,293.353220924736
CLUSTER_359,N,304.9859056089522
CLUSTER_359,O,82.65946076806384
CLUSTER_359,P,92.88234381421698
CLUSTER_359,Q,161.90697376351326
CLUSTER_359,R,196.28709718757577
CLUSTER_359,S,207.48151037272262
CLUSTER_359,T,13.249895546063168
CLUSTER_359,U,279.16498008193713
CLUSTER_359,V,202.7471578901684
CLUSTER_359,W,129.13877914783276
CLUSTER_359,X,103.23502547886221
CLUSTER_359,Y,254.82361007689462
CLUSTER_359,Z,251.22229388664357
CLUSTER_359,AA,91.65588423671997
CLUSTER_359,AB,183.03262030602252
CLUSTER_359,AC,167.71751419512117
CLUSTER_359,AD,114.72395570842924
CLUSTER_36,A,151.47536872725956
CLUSTER_36,B,246.1371066211671
CLUSTER_36,C,31.148540196642873
CLUSTER_36,D,253.34520981500475
CLUSTER_36,E,130.2627610711515
CLUSTER_36,F,134.56137772071168
CLUSTER_36,G,207.25045567604863
CLUSTER_36,H,62.88562622537293
CLUSTER_36,I,229.75387677320472
CLUSTER_36,J,65.85995495024697
CLUSTER_36,K,232.77913577776368
CLUSTER_36,L,289.8260371118207
CLUSTER_36,M,294.6460577426145
CLUSTER_36,N,296.2325090597992
CLUSTER_36,O,84.7273512507112
CLUSTER_36,P,75.87604940257584
CLUSTER_36,Q,153.1118902846492
CLUSTER_36,R,189.8192162246767
CLUSTER_36,S,211.6679855692936
CLUSTER_36,T,22.740336680148136
CLUSTER_36,U,276.89544646700915
CLUSTER_36,V,199.59136254716253
CLUSTER_36,W,116.87354678254157
CLUSTER_36,X,86.56094370544193
CLUSTER_36,Y,246.22098388089128
CLUSTER_36,Z,252.73000122440422
CLUSTER_36,AA,100.84568446666248
CLUSTER_36,AB,184.03296796506
CLUSTER_36,AC,174.61843737329914
CLUSTER_36,AD,109.22601261010736
CLUSTER_360,A,162.6649165775081
CLUSTER_360,B,60.39645736158951
CLUSTER_360,C,277.8976471353965
CLUSTER_360,D,194.6282522811104
CLUSTER_360,E,276.98964392397096
CLUSTER_360,F,215.34006826188963
CLUSTER_360,G,100.8385651429914
CLUSTER_360,H,287.6705767914516
CLUSTER_360,I,120.11258824163441
CLUSTER_360,J,235.43665179185922
CLUSTER_360,K,230.67079641281578
CLUSTER_360,L,23.66730814768729
CLUSTER_360,M,141.73251682906425
CLUSTER_360,N,35.988261264880364
CLUSTER_360,O,234.81889774472884
CLUSTER_360,P,301.0696471499575
CLUSTER_360,Q,148.28479537299697
CLUSTER_360,R,110.48918171959811
CLUSTER_360,S,185.4324257527882
CLUSTER_360,T,295.2254794957883
CLUSTER_360,U,83.35154492711813
CLUSTER_360,V,116.05534322146542
CLUSTER_360,W,193.99584643335982
CLUSTER_360,X,251.49692817085943
CLUSTER_360,Y,60.74427261911136
CLUSTER_360,Z,143.72370800768962
CLUSTER_360,AA,260.19844667944284
CLUSTER_360,AB,161.2698212782655
CLUSTER_360,AC,222.86618618746903
CLUSTER_360,AD,192.1535955805876
CLUSTER_361,A,129.62292597612998
CLUSTER_361,B,185.41522442508278
CLUSTER_361,C,77.84785893127328
CLUSTER_361,D,256.0329932350985
CLUSTER_361,E,62.14493579112736
CLUSTER_361,F,156.3178399892934
CLUSTER_361,G,124.9951923123202
CLUSTER_361,H,144.55753350859294
CLUSTER_361,I,199.73379468075794
CLUSTER_361,J,59.72034611600411
CLUSTER_361,K,254.0801268900686
CLUSTER_361,L,223.09457777946128
CLUSTER_361,M,270.3578265359574
CLUSTER_361,N,211.96019818533645
CLUSTER_361,O,117.16875842730529
CLUSTER_361,P,76.63728802642375
CLUSTER_361,Q,86.06506678091283
CLUSTER_361,R,129.81095320217233
CLUSTER_361,S,214.64006632270343
CLUSTER_361,T,120.29373406810495
CLUSTER_361,U,232.1046905889912
CLUSTER_361,V,159.14787052003953
CLUSTER_361,W,38.29669748627418
CLUSTER_361,X,27.93659941139077
CLUSTER_361,Y,165.7356322791654
CLUSTER_361,Z,233.79757527358043
CLUSTER_361,AA,156.64841030477345
CLUSTER_361,AB,172.60608118485456
CLUSTER_361,AC,199.9847257898711
CLUSTER_361,AD,86.26087097464101
CLUSTER_362,A,139.12850816356578
CLUSTER_362,B,43.75503222279037
CLUSTER_362,C,248.51458278738917
CLUSTER_362,D,189.7166993927742
CLUSTER_362,E,246.67199718294168
CLUSTER_362,F,194.15846747410524
CLUSTER_362,G,70.30514663220248
CLUSTER_362,H,262.07600515411787
CLUSTER_362,I,109.98697295282369
CLUSTER_362,J,206.31339270349164
CLUSTER_362,K,221.7199716595152
CLUSTER_362,L,35.98804888572132
CLUSTER_362,M,146.77807807877014
CLUSTER_362,N,34.337045630373
CLUSTER_362,O,209.24946145778966
CLUSTER_362,P,270.654041662836
CLUSTER_362,Q,118.79217302678916
CLUSTER_362,R,83.35951656627815
CLUSTER_362,S,174.051604179791
CLUSTER_362,T,267.51948548214807
CLUSTER_362,U,86.47435096892897
CLUSTER_362,V,96.17111694528461
CLUSTER_362,W,163.77170894452792
CLUSTER_362,X,221.05937615507045
CLUSTER_362,Y,30.52953837612963
CLUSTER_362,Z,139.7799897833284
CLUSTER_362,AA,237.02935574138218
CLUSTER_362,AB,144.14096175083387
CLUSTER_362,AC,206.67690851426866
CLUSTER_362,AD,164.63598956036634
CLUSTER_363,A,120.98507523591438
CLUSTER_363,B,56.63155588936322
CLUSTER_363,C,258.230361240141
CLUSTER_363,D,107.15978609830007
CLUSTER_363,E,289.9147076199885
CLUSTER_363,F,157.95348986804103
CLUSTER_363,G,125.63369499378236
CLUSTER_363,H,242.8117696291199
CLUSTER_363,I,46.90290139640285
CLUSTER_363,J,216.18443924607263
CLUSTER_363,K,146.1204571024679
CLUSTER_363,L,64.90642100715269
CLUSTER_363,M,56.97764724965499
CLUSTER_363,N,119.70095999297345
CLUSTER_363,O,193.22212741710123
CLUSTER_363,P,295.92262862995403
CLUSTER_363,Q,143.75714902679755
CLUSTER_363,R,100.66087319383641
CLUSTER_363,S,105.96554373326781
CLUSTER_363,T,261.4797841978519
CLUSTER_363,U,6.4271678014369416
CLUSTER_363,V,73.98375194563853
CLUSTER_363,W,191.98181421125548
CLUSTER_363,X,249.73824961557426
CLUSTER_363,Y,106.36722060357114
CLUSTER_363,Z,56.607665353356396
CLUSTER_363,AA,206.6629914082922
CLUSTER_363,AB,97.72572192174206
CLUSTER_363,AC,150.9290157239752
CLUSTER_363,AD,165.55161527956187
CLUSTER_364,A,197.85183825056595
CLUSTER_364,B,240.0737417839074
CLUSTER_364,C,121.50643758321432
CLUSTER_364,D,324.42785983473584
CLUSTER_364,E,21.374440732608708
CLUSTER_364,F,224.80909550520468
CLUSTER_364,G,172.15444239652987
CLUSTER_364,H,200.63593375022725
CLUSTER_364,I,264.2182292260775
CLUSTER_364,J,122.7600973565659
CLUSTER_364,K,323.1916260633288
CLUSTER_364,L,272.3564083127728
CLUSTER_364,M,334.3313111947244
CLUSTER_364,N,248.9969310811271
CLUSTER_364,O,182.75721791007467
CLUSTER_364,P,82.65459116080265
CLUSTER_364,Q,147.70716295255028
CLUSTER_364,R,189.09256308104642
CLUSTER_364,S,283.3934476064699
CLUSTER_364,T,168.16371149152013
CLUSTER_364,U,291.1238829135939
CLUSTER_364,V,222.77775244439303
CLUSTER_364,W,105.01104601082665
CLUSTER_364,X,70.26591369184598
CLUSTER_364,Y,209.6930519826115
CLUSTER_364,Z,299.65595013718485
CLUSTER_364,AA,220.39563698735626
CLUSTER_364,AB,240.79634875064275
CLUSTER_364,AC,268.7867589691019
CLUSTER_364,AD,155.3757421954217
CLUSTER_365,A,103.95014955286652
CLUSTER_365,B,54.34041594718749
CLUSTER_365,C,197.7828707033589
CLUSTER_365,D,188.71332253638954
CLUSTER_365,E,195.73003006955267
CLUSTER_365,F,161.43725461063056
CLUSTER_365,G,18.545352147255507
CLUSTER_365,H,218.66599372751168
CLUSTER_365,I,107.70904812675943
CLUSTER_365,J,156.22977552788257
CLUSTER_365,K,211.85038497194665
CLUSTER_365,L,81.7955436169588
CLUSTER_365,M,165.06071742219473
CLUSTER_365,N,74.51467454039185
CLUSTER_365,O,166.66421895467494
CLUSTER_365,P,218.39092251087348
CLUSTER_365,Q,68.69960252292964
CLUSTER_365,R,44.16912393064183
CLUSTER_365,S,162.27101810779556
CLUSTER_365,T,219.883241824205
CLUSTER_365,U,109.80303425197174
CLUSTER_365,V,75.7942930333769
CLUSTER_365,W,111.74494935155893
CLUSTER_365,X,168.78919400529594
CLUSTER_365,Y,24.424641999001164
CLUSTER_365,Z,144.42760888444687
CLUSTER_365,AA,198.93167591801276
CLUSTER_365,AB,123.22671495464478
CLUSTER_365,AC,183.69782376740645
CLUSTER_365,AD,118.59542524095696
CLUSTER_366,A,143.90099250551327
CLUSTER_366,B,76.34908032038977
CLUSTER_366,C,228.61060374167573
CLUSTER_366,D,221.52503861018613
CLUSTER_366,E,210.71330266403604
CLUSTER_366,F,201.39185546327627
CLUSTER_366,G,48.351609579289985
CLUSTER_366,H,256.3193443868073
CLUSTER_366,I,139.71575851352324
CLUSTER_366,J,188.7681567856879
CLUSTER_366,K,248.04326408966526
CLUSTER_366,L,82.45262058108945
CLUSTER_366,M,187.96550395478917
CLUSTER_366,N,47.3646415593895
CLUSTER_366,O,204.97260484217534
CLUSTER_366,P,242.2333327979821
CLUSTER_366,Q,103.51848121124468
CLUSTER_366,R,84.11384138993007
CLUSTER_366,S,198.67224269394993
CLUSTER_366,T,254.73036912850927
CLUSTER_366,U,128.58462375155997
CLUSTER_366,V,113.1359929201005
CLUSTER_366,W,139.93952270903267
CLUSTER_366,X,192.9594434792861
CLUSTER_366,Y,25.824313079613216
CLUSTER_366,Z,174.2130530858447
CLUSTER_366,AA,238.32122074642152
CLUSTER_366,AB,161.62491559256372
CLUSTER_366,AC,222.89737398349882
CLUSTER_366,AD,155.73388066537282
CLUSTER_367,A,146.86984702927253
CLUSTER_367,B,238.39124922151984
CLUSTER_367,C,16.590215971210657
CLUSTER_367,D,254.12887735737277
CLUSTER_367,E,116.06845227265164
CLUSTER_367,F,135.74630891193846
CLUSTER_367,G,196.47841448663564
CLUSTER_367,H,72.26369188097982
CLUSTER_367,I,225.77417406387775
CLUSTER_367,J,55.43835718984756
CLUSTER_367,K,235.9689617351331
CLUSTER_367,L,281.66241929821103
CLUSTER_367,M,292.129434013477
CLUSTER_367,N,285.8042500223934
CLUSTER_367,O,84.88657683007587
CLUSTER_367,P,63.8422861222779
CLUSTER_367,Q,143.10420480063254
CLUSTER_367,R,181.41265321349857
CLUSTER_367,S,211.93616404364295
CLUSTER_367,T,33.87175362621055
CLUSTER_367,U,271.4942866349445
CLUSTER_367,V,193.77590960852032
CLUSTER_367,W,104.49024435834349
CLUSTER_367,X,71.72989257452323
CLUSTER_367,Y,235.99876367287854
CLUSTER_367,Z,250.52774192805623
CLUSTER_367,AA,106.57846101066798
CLUSTER_367,AB,181.7551096400748
CLUSTER_367,AC,177.4864397329994
CLUSTER_367,AD,102.34910915982381
CLUSTER_368,A,123.28377650262324
CLUSTER_368,B,66.41257856715218
CLUSTER_368,C,209.6107748797001
CLUSTER_368,D,206.75197624962703
CLUSTER_368,E,198.15357058090981
CLUSTER_368,F,180.78087345104245
CLUSTER_368,G,27.835507061204616
CLUSTER_368,H,235.386573115873
CLUSTER_368,I,125.22261842702063
CLUSTER_368,J,169.12672410917187
CLUSTER_368,K,231.057770529441
CLUSTER_368,L,83.94749434124058
CLUSTER_368,M,178.91980025568446
CLUSTER_368,N,62.72451339530094
CLUSTER_368,O,183.93836633654533
CLUSTER_368,P,225.93174212999523
CLUSTER_368,Q,82.99020217698254
CLUSTER_368,R,63.736862004505824
CLUSTER_368,S,181.5052316832086
CLUSTER_368,T,234.46885158638102
CLUSTER_368,U,121.38479329480768
CLUSTER_368,V,95.18518436949545
CLUSTER_368,W,121.58588689315947
CLUSTER_368,X,176.3783820255946
CLUSTER_368,Y,19.52557368385833
CLUSTER_368,Z,161.1726637469651
CLUSTER_368,AA,217.2839513226388
CLUSTER_368,AB,142.93930580959878
CLUSTER_368,AC,203.50106580739936
CLUSTER_368,AD,134.84624978558
CLUSTER_369,A,113.38944016620032
CLUSTER_369,B,19.609490812751037
CLUSTER_369,C,242.4062809756967
CLUSTER_369,D,138.42664231535477
CLUSTER_369,E,261.82392032454544
CLUSTER_369,F,161.35678045236335
CLUSTER_369,G,90.22357671433915
CLUSTER_369,H,239.5598571704184
CLUSTER_369,I,61.57980657795859
CLUSTER_369,J,199.5150808374637
CLUSTER_369,K,172.6522681218048
CLUSTER_369,L,37.098726352486224
CLUSTER_369,M,96.26842265167029
CLUSTER_369,N,84.18595541045394
CLUSTER_369,O,187.46372109654513
CLUSTER_369,P,274.4162292467417
CLUSTER_369,Q,118.64179131831233
CLUSTER_369,R,74.89230228702628
CLUSTER_369,S,126.89739225258494
CLUSTER_369,T,252.45614884803067
CLUSTER_369,U,37.16618498973463
CLUSTER_369,V,63.771412623727215
CLUSTER_369,W,167.54478820959704
CLUSTER_369,X,226.33456769710662
CLUSTER_369,Y,67.14079404844664
CLUSTER_369,Z,88.00930200043962
CLUSTER_369,AA,208.19039516715816
CLUSTER_369,AB,104.50617217658873
CLUSTER_369,AC,165.0932167345513
CLUSTER_369,AD,151.19712844072936
CLUSTER_37,A,85.55132834586045
CLUSTER_37,B,107.4528421835624
CLUSTER_37,C,218.69754675607206
CLUSTER_37,D,45.136590898079895
CLUSTER_37,E,276.90188484308453
CLUSTER_37,F,93.86489340185628
CLUSTER_37,G,151.79538645760806
CLUSTER_37,H,182.2443775736025
CLUSTER_37,I,41.02033428978562
CLUSTER_37,J,181.63293375844037
CLUSTER_37,K,70.77092368310268
CLUSTER_37,L,137.76308913701322
CLUSTER_37,M,72.23685045696504
CLUSTER_37,N,184.87074555253162
CLUSTER_37,O,140.2438373048516
CLUSTER_37,P,266.30505273267767
CLUSTER_37,Q,138.93173298559134
CLUSTER_37,R,110.18094765075433
CLUSTER_37,S,26.62785466965807
CLUSTER_37,T,209.18999452008825
CLUSTER_37,U,85.80220403037471
CLUSTER_37,V,70.83256289116437
CLUSTER_37,W,177.5050865513004
CLUSTER_37,X,227.28006483996685
CLUSTER_37,Y,153.586193402895
CLUSTER_37,Z,30.809334469612452
CLUSTER_37,AA,141.19551911536172
CLUSTER_37,AB,43.2618376002561
CLUSTER_37,AC,74.10911478331145
CLUSTER_37,AD,132.7575648202192
CLUSTER_370,A,72.29787558095802
CLUSTER_370,B,146.86973873007432
CLUSTER_370,C,176.40287385053048
CLUSTER_370,D,77.28109942991583
CLUSTER_370,E,251.46315748585556
CLUSTER_370,F,42.07860801720322
CLUSTER_370,G,167.92648566162958
CLUSTER_370,H,126.59391549329725
CLUSTER_370,I,89.46729781662823
CLUSTER_370,J,146.05232326221468
CLUSTER_370,K,62.206342333961835
CLUSTER_370,L,185.25082426250907
CLUSTER_370,M,131.33985288532213
CLUSTER_370,N,223.83129334335953
CLUSTER_370,O,93.06865815958365
CLUSTER_370,P,229.02929708298532
CLUSTER_370,Q,134.8410102290892
CLUSTER_370,R,124.56317190798643
CLUSTER_370,S,38.0099862898684
CLUSTER_370,T,158.06601876179747
CLUSTER_370,U,141.32044409565296
CLUSTER_370,V,94.44203178379229
CLUSTER_370,W,158.98840576548488
CLUSTER_370,X,197.58426572922403
CLUSTER_370,Y,183.28517971912012
CLUSTER_370,Z,90.88150427802378
CLUSTER_370,AA,83.81542199840003
CLUSTER_370,AB,45.569274188769555
CLUSTER_370,AC,17.07891436692388
CLUSTER_370,AD,105.88457102535472
CLUSTER_371,A,67.82371656277338
CLUSTER_371,B,71.81991707267278
CLUSTER_371,C,206.86627638661815
CLUSTER_371,D,81.15430208563443
CLUSTER_371,E,252.98397463318597
CLUSTER_371,F,99.06953716251569
CLUSTER_371,G,115.55244600908699
CLUSTER_371,H,184.5937358424322
CLUSTER_371,I,12.206972514077027
CLUSTER_371,J,166.51205363259152
CLUSTER_371,K,106.79672675637457
CLUSTER_371,L,106.70264698323628
CLUSTER_371,M,80.24723525230091
CLUSTER_371,N,149.79532424652606
CLUSTER_371,O,136.28908981189554
CLUSTER_371,P,249.63669939496398
CLUSTER_371,Q,109.45919475723923
CLUSTER_371,R,75.45459375349735
CLUSTER_371,S,58.479688777681794
CLUSTER_371,T,205.38310767864388
CLUSTER_371,U,64.71252979723758
CLUSTER_371,V,35.96435508866585
CLUSTER_371,W,152.75333362591226
CLUSTER_371,X,206.80433055749813
CLUSTER_371,Y,116.51040326510282
CLUSTER_371,Z,43.374245356518244
CLUSTER_371,AA,147.8010934645847
CLUSTER_371,AB,38.84754625297964
CLUSTER_371,AC,95.77231645178895
CLUSTER_371,AD,115.56014572923624
CLUSTER_372,A,57.78555779626994
CLUSTER_372,B,151.359371190303
CLUSTER_372,C,143.9116243278132
CLUSTER_372,D,109.22065691499576
CLUSTER_372,E,221.66364129006337
CLUSTER_372,F,9.575889003903765
CLUSTER_372,G,158.00351287557444
CLUSTER_372,H,97.15353435302175
CLUSTER_372,I,104.49405087493584
CLUSTER_372,J,114.72248395835284
CLUSTER_372,K,93.21449465465197
CLUSTER_372,L,193.25995973241749
CLUSTER_372,M,157.3619936887042
CLUSTER_372,N,224.8643904922614
CLUSTER_372,O,60.52205948172533
CLUSTER_372,P,196.90026101243853
CLUSTER_372,Q,116.60792635065985
CLUSTER_372,R,116.88789565685549
CLUSTER_372,S,67.99639696336484
CLUSTER_372,T,126.37376258126228
CLUSTER_372,U,157.29379407419634
CLUSTER_372,V,95.83197439742341
CLUSTER_372,W,132.9805692246666
CLUSTER_372,X,167.1195601637303
CLUSTER_372,Y,180.09598807202255
CLUSTER_372,Z,115.47635444182482
CLUSTER_372,AA,56.42207303317575
CLUSTER_372,AB,53.803461762260135
CLUSTER_372,AC,36.34705887271199
CLUSTER_372,AD,78.80728329733208
CLUSTER_373,A,15.377767633797754
CLUSTER_373,B,88.12049533053953
CLUSTER_373,C,148.8357543607885
CLUSTER_373,D,127.67297153593918
CLUSTER_373,E,193.60658146203608
CLUSTER_373,F,72.1139209248603
CLUSTER_373,G,87.10572408993589
CLUSTER_373,H,140.96414657764203
CLUSTER_373,I,70.58410411736125
CLUSTER_373,J,107.27621927122325
CLUSTER_373,K,136.2515139084047
CLUSTER_373,L,132.36837865924554
CLUSTER_373,M,140.6796636534704
CLUSTER_373,N,155.819122237777
CLUSTER_373,O,88.4813353180795
CLUSTER_373,P,189.44524370441428
CLUSTER_373,Q,56.134059361425585
CLUSTER_373,R,45.36971742928928
CLUSTER_373,S,89.54503238175337
CLUSTER_373,T,153.80510554715448
CLUSTER_373,U,113.77778142990975
CLUSTER_373,V,36.38383593647069
CLUSTER_373,W,93.60074037802386
CLUSTER_373,X,146.39898702645198
CLUSTER_373,Y,109.23432380774727
CLUSTER_373,Z,102.51739651313983
CLUSTER_373,AA,113.28735547413442
CLUSTER_373,AB,45.038475217221425
CLUSTER_373,AC,96.89634358343963
CLUSTER_373,AD,56.28122896204261
CLUSTER_374,A,178.5374306349115
CLUSTER_374,B,142.3476634793111
CLUSTER_374,C,316.09254538738895
CLUSTER_374,D,85.78621910620463
CLUSTER_374,E,364.3990463466572
CLUSTER_374,F,192.50142907876582
CLUSTER_374,G,209.96078576277856
CLUSTER_374,H,280.60305536667755
CLUSTER_374,I,102.85248927298117
CLUSTER_374,J,277.2173106026697
CLUSTER_374,K,128.73742422752025
CLUSTER_374,L,142.27759986698976
CLUSTER_374,M,32.39200118979485
CLUSTER_374,N,199.0786046580261
CLUSTER_374,O,239.20565889506022
CLUSTER_374,P,361.1234048526752
CLUSTER_374,Q,219.011701884506
CLUSTER_374,R,179.26185029635252
CLUSTER_374,S,117.12687066899679
CLUSTER_374,T,308.23696855513396
CLUSTER_374,U,87.80329953032543
CLUSTER_374,V,143.96630111029492
CLUSTER_374,W,264.2946078486459
CLUSTER_374,X,318.83122929244627
CLUSTER_374,Y,192.0053851106282
CLUSTER_374,Z,71.41265528941709
CLUSTER_374,AA,238.6361548981813
CLUSTER_374,AB,140.05010647116748
CLUSTER_374,AC,165.21443275428706
CLUSTER_374,AD,226.71759450694685
CLUSTER_375,A,162.25742626891403
CLUSTER_375,B,82.2513534836492
CLUSTER_375,C,251.54006471327506
CLUSTER_375,D,229.5956883994556
CLUSTER_375,E,232.13626374549892
CLUSTER_375,F,219.49371457758875
CLUSTER_375,G,70.50371165845104
CLUSTER_375,H,277.69882077204886
CLUSTER_375,I,148.4320601759069
CLUSTER_375,J,211.52038340358172
CLUSTER_375,K,259.11388900382065
CLUSTER_375,L,75.4701836825364
CLUSTER_375,M,189.22954356488728
CLUSTER_375,N,27.600550339601565
CLUSTER_375,O,225.91657678426577
CLUSTER_375,P,264.9623055509191
CLUSTER_375,Q,125.67243303769656
CLUSTER_375,R,102.47533338719705
CLUSTER_375,S,210.33362243502359
CLUSTER_375,T,277.1378059409165
CLUSTER_375,U,128.93810100889203
CLUSTER_375,V,127.0193038372393
CLUSTER_375,W,162.92028208636455
CLUSTER_375,X,215.77507492981837
CLUSTER_375,Y,38.34532307897436
CLUSTER_375,Z,180.51653643072197
CLUSTER_375,AA,258.1700518200928
CLUSTER_375,AB,175.99022874768966
CLUSTER_375,AC,238.15083238952988
CLUSTER_375,AD,177.2926030596154
CLUSTER_376,A,96.08180457429788
CLUSTER_376,B,22.875137393703874
CLUSTER_376,C,210.38941174698147
CLUSTER_376,D,161.0747399751755
CLUSTER_376,E,220.97671407379022
CLUSTER_376,F,151.53106824059435
CLUSTER_376,G,47.79857891352955
CLUSTER_376,H,219.41601651655222
CLUSTER_376,I,79.27764924974508
CLUSTER_376,J,167.62905366168692
CLUSTER_376,K,187.90523519512715
CLUSTER_376,L,59.541231157369126
CLUSTER_376,M,133.2068781398651
CLUSTER_376,N,75.58033406108389
CLUSTER_376,O,166.55032991508645
CLUSTER_376,P,237.52474355409615
CLUSTER_376,Q,81.90999792531308
CLUSTER_376,R,41.68501063196577
CLUSTER_376,S,138.77015543266862
CLUSTER_376,T,226.3910049699409
CLUSTER_376,U,77.93942400852127
CLUSTER_376,V,55.354875141822326
CLUSTER_376,W,129.8563876379653
CLUSTER_376,X,188.54581623105574
CLUSTER_376,Y,35.08754358106138
CLUSTER_376,Z,114.63604365334739
CLUSTER_376,AA,193.97147046124132
CLUSTER_376,AB,104.2824771983288
CLUSTER_376,AC,166.6976263236409
CLUSTER_376,AD,123.32074587677104
CLUSTER_377,A,84.83428934990361
CLUSTER_377,B,93.63351487182109
CLUSTER_377,C,149.40001800972135
CLUSTER_377,D,197.8565557034115
CLUSTER_377,E,149.20550989343715
CLUSTER_377,F,138.58368469605443
CLUSTER_377,G,32.92046155297592
CLUSTER_377,H,179.43887749296454
CLUSTER_377,I,124.67650930393701
CLUSTER_377,J,109.03885682255456
CLUSTER_377,K,211.07498869075803
CLUSTER_377,L,129.4099031627836
CLUSTER_377,M,191.93921799956246
CLUSTER_377,N,122.43720270868653
CLUSTER_377,O,130.1727626270555
CLUSTER_377,P,168.60824534876488
CLUSTER_377,Q,26.535260644864568
CLUSTER_377,R,45.1162121368186
CLUSTER_377,S,163.15579550945088
CLUSTER_377,T,175.2385976356629
CLUSTER_377,U,144.7787543737159
CLUSTER_377,V,83.76466422395434
CLUSTER_377,W,62.03827168055432
CLUSTER_377,X,119.0424768493415
CLUSTER_377,Y,73.58309881850732
CLUSTER_377,Z,162.22847334607934
CLUSTER_377,AA,167.07788308992303
CLUSTER_377,AB,119.10754286751322
CLUSTER_377,AC,170.85651419999988
CLUSTER_377,AD,79.5208959159432
CLUSTER_378,A,111.38125028552739
CLUSTER_378,B,85.17421408312256
CLUSTER_378,C,250.22002732039726
CLUSTER_378,D,68.13981652501884
CLUSTER_378,E,295.5117144771314
CLUSTER_378,F,135.1351783704106
CLUSTER_378,G,146.18511165811816
CLUSTER_378,H,223.03666771786152
CLUSTER_378,I,33.970308258122124
CLUSTER_378,J,210.17763342204356
CLUSTER_378,K,107.7788366530334
CLUSTER_378,L,103.2997452987658
CLUSTER_378,M,36.69859991760021
CLUSTER_378,N,156.40886669509152
CLUSTER_378,O,177.19158764098668
CLUSTER_378,P,293.3811285093555
CLUSTER_378,Q,150.33769557977826
CLUSTER_378,R,111.78776796726689
CLUSTER_378,S,71.53339055597586
CLUSTER_378,T,246.6182483925072
CLUSTER_378,U,45.055118655988714
CLUSTER_378,V,75.2280498171007
CLUSTER_378,W,195.41275796084588
CLUSTER_378,X,250.2814000775477
CLUSTER_378,Y,135.7936448450563
CLUSTER_378,Z,17.876104762629385
CLUSTER_378,AA,183.63442579804476
CLUSTER_378,AB,76.90013807622562
CLUSTER_378,AC,119.56498258845083
CLUSTER_378,AD,159.27537001603866
CLUSTER_379,A,138.88616228590814
CLUSTER_379,B,52.62117234215159
CLUSTER_379,C,240.63849025785308
CLUSTER_379,D,199.96929429060467
CLUSTER_379,E,233.6850200449824
CLUSTER_379,F,195.2827194302167
CLUSTER_379,G,59.451802628046636
CLUSTER_379,H,258.9880661371153
CLUSTER_379,I,118.95189316203658
CLUSTER_379,J,199.029167616196
CLUSTER_379,K,229.98391765194523
CLUSTER_379,L,52.095666283419085
CLUSTER_379,M,160.64856411678983
CLUSTER_379,N,32.702782300554475
CLUSTER_379,O,206.4308306995295
CLUSTER_379,P,260.08513827609517
CLUSTER_379,Q,111.40493661811689
CLUSTER_379,R,80.4765359852398
CLUSTER_379,S,181.475381904863
CLUSTER_379,T,262.06665066082417
CLUSTER_379,U,100.5626490276846
CLUSTER_379,V,99.79350575204074
CLUSTER_379,W,154.20755176566007
CLUSTER_379,X,210.45348479376162
CLUSTER_379,Y,18.589367929827954
CLUSTER_379,Z,150.87097177538107
CLUSTER_379,AA,236.27893939424646
CLUSTER_379,AB,148.63960308767398
CLUSTER_379,AC,211.12713612399412
CLUSTER_379,AD,159.92273605561584
CLUSTER_38,A,130.37043789771243
CLUSTER_38,B,206.67727761397472
CLUSTER_38,C,34.8064521071778
CLUSTER_38,D,251.69894194278973
CLUSTER_38,E,76.94873969026958
CLUSTER_38,F,140.45612498274855
CLUSTER_38,G,155.1566235970979
CLUSTER_38,H,107.93885165033795
CLUSTER_38,I,207.59608443560046
CLUSTER_38,J,34.49343514684281
CLUSTER_38,K,242.33267994968935
CLUSTER_38,L,247.77660583877392
CLUSTER_38,M,277.40814011603607
CLUSTER_38,N,244.44558146522485
CLUSTER_38,O,93.2433026682676
CLUSTER_38,P,52.43331190944346
CLUSTER_38,Q,106.33600633171395
CLUSTER_38,R,148.95581583773242
CLUSTER_38,S,209.06774864726358
CLUSTER_38,T,78.91628159803362
CLUSTER_38,U,247.21299537852
CLUSTER_38,V,170.22354479697137
CLUSTER_38,W,60.28708842891512
CLUSTER_38,X,23.110229450287783
CLUSTER_38,Y,195.8707043365264
CLUSTER_38,Z,237.84093363209334
CLUSTER_38,AA,128.47308059566046
CLUSTER_38,AB,171.36954000456356
CLUSTER_38,AC,185.01577278327514
CLUSTER_38,AD,82.21188567334939
CLUSTER_380,A,117.5762300981223
CLUSTER_380,B,215.55881889600383
CLUSTER_380,C,42.8116607117656
CLUSTER_380,D,217.3611804910489
CLUSTER_380,E,142.76311444933447
CLUSTER_380,F,98.60469091270141
CLUSTER_380,G,183.42018988637628
CLUSTER_380,H,40.51610477146154
CLUSTER_380,I,194.9532333096605
CLUSTER_380,J,48.51990692352383
CLUSTER_380,K,197.8862034057998
CLUSTER_380,L,259.71654564204215
CLUSTER_380,M,258.94268804621356
CLUSTER_380,N,270.72998906056057
CLUSTER_380,O,48.63225221983092
CLUSTER_380,P,98.71394896503011
CLUSTER_380,Q,128.24825048069175
CLUSTER_380,R,160.84246341546145
CLUSTER_380,S,175.5867904266024
CLUSTER_380,T,23.90984614079196
CLUSTER_380,U,243.19377894488932
CLUSTER_380,V,166.6393062893317
CLUSTER_380,W,100.89504820991222
CLUSTER_380,X,90.55015111465939
CLUSTER_380,Y,220.55764303752647
CLUSTER_380,Z,216.94067802243904
CLUSTER_380,AA,68.7020947673821
CLUSTER_380,AB,148.35928330758787
CLUSTER_380,AC,139.47619676828015
CLUSTER_380,AD,79.1763341747261
CLUSTER_381,A,82.90831388509214
CLUSTER_381,B,165.0442732528754
CLUSTER_381,C,61.83108170664966
CLUSTER_381,D,205.1949049346003
CLUSTER_381,E,115.2144267021635
CLUSTER_381,F,98.59943759126706
CLUSTER_381,G,123.25725827374458
CLUSTER_381,H,95.50498442630638
CLUSTER_381,I,160.56656636805417
CLUSTER_381,J,18.94988014170076
CLUSTER_381,K,198.57086834240988
CLUSTER_381,L,207.83123381375464
CLUSTER_381,M,230.09628669115534
CLUSTER_381,N,212.11019637563714
CLUSTER_381,O,59.25182869030586
CLUSTER_381,P,99.73221902289686
CLUSTER_381,Q,69.01901537050024
CLUSTER_381,R,107.5968542612994
CLUSTER_381,S,162.75010964402298
CLUSTER_381,T,84.36770929255535
CLUSTER_381,U,201.93244637684438
CLUSTER_381,V,124.3014156615999
CLUSTER_381,W,39.79415234288157
CLUSTER_381,X,61.386273584819946
CLUSTER_381,Y,162.10818643455238
CLUSTER_381,Z,190.37776015835996
CLUSTER_381,AA,99.53281184589285
CLUSTER_381,AB,124.05509626773483
CLUSTER_381,AC,142.84112638648807
CLUSTER_381,AD,34.738966325095326
CLUSTER_382,A,38.43771748139209
CLUSTER_382,B,95.72628250337814
CLUSTER_382,C,131.24237468252508
CLUSTER_382,D,160.2543507017747
CLUSTER_382,E,163.41537648169935
CLUSTER_382,F,91.37469304709506
CLUSTER_382,G,68.47523066302338
CLUSTER_382,H,141.55149839854292
CLUSTER_382,I,98.19495616219022
CLUSTER_382,J,88.31463670705368
CLUSTER_382,K,167.79718861435958
CLUSTER_382,L,139.092382992371
CLUSTER_382,M,168.82196971639877
CLUSTER_382,N,150.3123390984703
CLUSTER_382,O,89.45051745561175
CLUSTER_382,P,165.25148277810794
CLUSTER_382,Q,24.204411426554028
CLUSTER_382,R,39.16358916887073
CLUSTER_382,S,121.93971763647416
CLUSTER_382,T,145.64175666884805
CLUSTER_382,U,133.8674974491209
CLUSTER_382,V,57.974621288756815
CLUSTER_382,W,63.2492155549714
CLUSTER_382,X,119.33866164402569
CLUSTER_382,Y,100.54811140976534
CLUSTER_382,Z,132.79450806365696
CLUSTER_382,AA,123.01292496529338
CLUSTER_382,AB,77.49375773327758
CLUSTER_382,AC,124.21017962199295
CLUSTER_382,AD,42.6236383664703
CLUSTER_383,A,117.82726605747092
CLUSTER_383,B,69.78250604889763
CLUSTER_383,C,200.7211713610591
CLUSTER_383,D,206.3287531392164
CLUSTER_383,E,189.49398390150373
CLUSTER_383,F,175.22683939456692
CLUSTER_383,G,19.63548689265119
CLUSTER_383,H,227.71076445537878
CLUSTER_383,I,125.3127918403773
CLUSTER_383,J,160.41447394283256
CLUSTER_383,K,229.08182471668917
CLUSTER_383,L,91.08208811877543
CLUSTER_383,M,181.6551507035017
CLUSTER_383,N,71.80546737124527
CLUSTER_383,O,176.58304441764705
CLUSTER_383,P,216.8520947934254
CLUSTER_383,Q,74.7799551080778
CLUSTER_383,R,59.06688991382127
CLUSTER_383,S,179.50212720712767
CLUSTER_383,T,226.06552659816325
CLUSTER_383,U,125.24076236538188
CLUSTER_383,V,92.98108579836085
CLUSTER_383,W,112.5667608306539
CLUSTER_383,X,167.29405744150466
CLUSTER_383,Y,27.09735107881942
CLUSTER_383,Z,161.93363306435083
CLUSTER_383,AA,210.5951406715792
CLUSTER_383,AB,139.7820085501926
CLUSTER_383,AC,199.4906798061924
CLUSTER_383,AD,127.09827060900173
CLUSTER_384,A,79.514792833245
CLUSTER_384,B,178.3179770038643
CLUSTER_384,C,66.60249093719328
CLUSTER_384,D,184.96968730197725
CLUSTER_384,E,149.96270856521755
CLUSTER_384,F,68.31735408270045
CLUSTER_384,G,151.28321654440768
CLUSTER_384,H,57.29794559300265
CLUSTER_384,I,157.2298285050518
CLUSTER_384,J,41.08872443997885
CLUSTER_384,K,170.47359890928834
CLUSTER_384,L,222.60648121013278
CLUSTER_384,M,222.30274510273873
CLUSTER_384,N,236.45157523077677
CLUSTER_384,O,19.203388467556586
CLUSTER_384,P,119.45824073929387
CLUSTER_384,Q,96.45025005162445
CLUSTER_384,R,124.82972058523073
CLUSTER_384,S,142.470022784633
CLUSTER_384,T,61.51501432856566
CLUSTER_384,U,205.1377961373324
CLUSTER_384,V,128.63284238073635
CLUSTER_384,W,81.09938338488664
CLUSTER_384,X,94.58453319411049
CLUSTER_384,Y,186.48093618663617
CLUSTER_384,Z,180.54142156988422
CLUSTER_384,AA,57.672326903233916
CLUSTER_384,AB,111.76028732967377
CLUSTER_384,AC,112.29976125341058
CLUSTER_384,AD,44.06290550513312
CLUSTER_385,A,54.143938702409926
CLUSTER_385,B,153.370626814383
CLUSTER_385,C,129.4073078944091
CLUSTER_385,D,123.14759677296102
CLUSTER_385,E,207.73257902522232
CLUSTER_385,F,5.883906035001484
CLUSTER_385,G,153.36555018235316
CLUSTER_385,H,86.12903265584505
CLUSTER_385,I,111.83764876002421
CLUSTER_385,J,100.35357122262944
CLUSTER_385,K,107.72737155892389
CLUSTER_385,L,196.3396443167847
CLUSTER_385,M,168.46112176845634
CLUSTER_385,N,224.5975942842689
CLUSTER_385,O,46.19526068913231
CLUSTER_385,P,182.33268981301853
CLUSTER_385,Q,108.56358875081426
CLUSTER_385,R,114.02278307956821
CLUSTER_385,S,81.37657381340087
CLUSTER_385,T,113.17485427657836
CLUSTER_385,U,164.16583654210024
CLUSTER_385,V,97.77769840604383
CLUSTER_385,W,120.88768059746849
CLUSTER_385,X,152.99700457722273
CLUSTER_385,Y,178.3057905823671
CLUSTER_385,Z,126.33458342748902
CLUSTER_385,AA,48.27729034958949
CLUSTER_385,AB,61.10111385742985
CLUSTER_385,AC,50.33895798463254
CLUSTER_385,AD,66.72842229052138
CLUSTER_386,A,93.83684712333033
CLUSTER_386,B,43.02062173756622
CLUSTER_386,C,230.50144675582993
CLUSTER_386,D,104.91413911502931
CLUSTER_386,E,263.47561827428837
CLUSTER_386,F,134.36958450539123
CLUSTER_386,G,104.81706647796084
CLUSTER_386,H,217.27597830146578
CLUSTER_386,I,27.575894602330933
CLUSTER_386,J,188.4066211310114
CLUSTER_386,K,138.2320742433308
CLUSTER_386,L,70.41744589201878
CLUSTER_386,M,73.88938801123705
CLUSTER_386,N,118.00162366333296
CLUSTER_386,O,166.8539209651617
CLUSTER_386,P,268.25651072411046
CLUSTER_386,Q,117.09439493666416
CLUSTER_386,R,74.88394939221001
CLUSTER_386,S,92.76087604515241
CLUSTER_386,T,234.58692179840148
CLUSTER_386,U,31.8591876468149
CLUSTER_386,V,46.20058279348384
CLUSTER_386,W,164.88769611872587
CLUSTER_386,X,222.3295847926132
CLUSTER_386,Y,93.27697810015873
CLUSTER_386,Z,55.51387601487139
CLUSTER_386,AA,182.60964821457068
CLUSTER_386,AB,74.94721070736745
CLUSTER_386,AC,132.95739923758111
CLUSTER_386,AD,137.82276029173158
CLUSTER_387,A,86.86719461489282
CLUSTER_387,B,188.93510299284713
CLUSTER_387,C,112.16499711217116
CLUSTER_387,D,151.91951108207303
CLUSTER_387,E,203.37868555603308
CLUSTER_387,F,38.069153284570056
CLUSTER_387,G,181.38218850300157
CLUSTER_387,H,51.62162738240988
CLUSTER_387,I,148.9380842020779
CLUSTER_387,J,94.8228804574471
CLUSTER_387,K,127.81903901879275
CLUSTER_387,L,232.41881711883548
CLUSTER_387,M,203.4446198278229
CLUSTER_387,N,257.83330471199406
CLUSTER_387,O,35.22595473774401
CLUSTER_387,P,167.90738460016908
CLUSTER_387,Q,131.2425003126283
CLUSTER_387,R,145.3680006682526
CLUSTER_387,S,112.61654000207
CLUSTER_387,T,84.92251509296267
CLUSTER_387,U,201.33301242567816
CLUSTER_387,V,133.69212042165753
CLUSTER_387,W,130.3267903580174
CLUSTER_387,X,148.08412706028793
CLUSTER_387,Y,210.09017079880257
CLUSTER_387,Z,161.59223233331596
CLUSTER_387,AA,11.244482196565551
CLUSTER_387,AB,98.11406684974521
CLUSTER_387,AC,70.23215923076754
CLUSTER_387,AD,80.72037612520961
CLUSTER_388,A,193.56747332768398
CLUSTER_388,B,247.18407163447986
CLUSTER_388,C,99.73201154612792
CLUSTER_388,D,319.3829734790879
CLUSTER_388,E,6.666188157768552
CLUSTER_388,F,213.89860101915139
CLUSTER_388,G,182.21916756578747
CLUSTER_388,H,180.61950775653133
CLUSTER_388,I,264.59358538496554
CLUSTER_388,J,108.65089607354668
CLUSTER_388,K,314.4994477155254
CLUSTER_388,L,282.3378247114414
CLUSTER_388,M,335.2067442899568
CLUSTER_388,N,263.78975086036667
CLUSTER_388,O,168.60829816498628
CLUSTER_388,P,55.9486636231285
CLUSTER_388,Q,150.02755875400607
CLUSTER_388,R,193.2347371516599
CLUSTER_388,S,277.4538245762086
CLUSTER_388,T,145.9460788422546
CLUSTER_388,U,295.8049878003074
CLUSTER_388,V,223.89401039924422
CLUSTER_388,W,103.15033488203112
CLUSTER_388,X,55.162414958509544
CLUSTER_388,Y,221.53062798539833
CLUSTER_388,Z,298.59052193608255
CLUSTER_388,AA,204.1892660582846
CLUSTER_388,AB,236.42094430731285
CLUSTER_388,AC,258.4031847994177
CLUSTER_388,AD,148.0869449767479
CLUSTER_389,A,139.52680560780135
CLUSTER_389,B,210.03142748480178
CLUSTER_389,C,46.8575927033132
CLUSTER_389,D,262.7567863363524
CLUSTER_389,E,62.23660036871624
CLUSTER_389,F,153.47691358830335
CLUSTER_389,G,154.70148986065325
CLUSTER_389,H,122.67811701151635
CLUSTER_389,I,215.31880072685573
CLUSTER_389,J,47.57283493206456
CLUSTER_389,K,254.93510153141716
CLUSTER_389,L,249.97303892233467
CLUSTER_389,M,285.5966992111312
CLUSTER_389,N,243.2236637407751
CLUSTER_389,O,107.29323572531653
CLUSTER_389,P,46.8952133560637
CLUSTER_389,Q,109.15845542047934
CLUSTER_389,R,152.7090365312773
CLUSTER_389,S,220.28049893877082
CLUSTER_389,T,92.53409705167631
CLUSTER_389,U,252.84724070132177
CLUSTER_389,V,176.77842963513243
CLUSTER_389,W,60.867352937062655
CLUSTER_389,X,8.82032735978295
CLUSTER_389,Y,195.617748924104
CLUSTER_389,Z,246.75413959714166
CLUSTER_389,AA,143.15070946043295
CLUSTER_389,AB,181.3683563065049
CLUSTER_389,AC,198.0630496792692
CLUSTER_389,AD,91.83108295567524
CLUSTER_39,A,164.18830217654252
CLUSTER_39,B,64.05846017770192
CLUSTER_39,C,275.00378309728757
CLUSTER_39,D,203.11121159931426
CLUSTER_39,E,270.1735862812118
CLUSTER_39,F,218.16339751474757
CLUSTER_39,G,95.4977132061899
CLUSTER_39,H,288.07789470457107
CLUSTER_39,I,126.82687514182345
CLUSTER_39,J,232.86773255900263
CLUSTER_39,K,238.11785226630545
CLUSTER_39,L,33.556401232454924
CLUSTER_39,M,152.16703561099553
CLUSTER_39,N,24.38783971487718
CLUSTER_39,O,235.21571884997942
CLUSTER_39,P,296.21598021342845
CLUSTER_39,Q,145.29490753286802
CLUSTER_39,R,109.66667363865947
CLUSTER_39,S,192.03151592753127
CLUSTER_39,T,294.05320020344584
CLUSTER_39,U,93.09882156374847
CLUSTER_39,V,119.1808780523516
CLUSTER_39,W,189.76090146755814
CLUSTER_39,X,246.5846202044754
CLUSTER_39,Y,54.66807334540165
CLUSTER_39,Z,152.2893296171576
CLUSTER_39,AA,262.04819859153923
CLUSTER_39,AB,165.74173227889867
CLUSTER_39,AC,227.853060293047
CLUSTER_39,AD,191.11434841826215
CLUSTER_390,A,77.33977571442689
CLUSTER_390,B,122.0855929677611
CLUSTER_390,C,113.4928835194378
CLUSTER_390,D,201.78737163371704
CLUSTER_390,E,124.2768370491051
CLUSTER_390,F,121.54765557950907
CLUSTER_390,G,68.74029839007021
CLUSTER_390,H,148.04449082972425
CLUSTER_390,I,138.1202405982464
CLUSTER_390,J,73.41828091844175
CLUSTER_390,K,207.39822751421775
CLUSTER_390,L,161.4652604796404
CLUSTER_390,M,208.35015189989676
CLUSTER_390,N,158.26919056033495
CLUSTER_390,O,102.0912305851188
CLUSTER_390,P,135.3452786002395
CLUSTER_390,Q,22.170877304103374
CLUSTER_390,R,65.85581964002219
CLUSTER_390,S,162.84330595944436
CLUSTER_390,T,140.51289256328806
CLUSTER_390,U,168.18018797042242
CLUSTER_390,V,96.75255938976427
CLUSTER_390,W,27.66051007921426
CLUSTER_390,X,86.40874634021485
CLUSTER_390,Y,109.03131334036864
CLUSTER_390,Z,173.74146547687602
CLUSTER_390,AA,141.4355196821325
CLUSTER_390,AB,118.62807819982233
CLUSTER_390,AC,159.89578232799144
CLUSTER_390,AD,52.53747275367755
CLUSTER_391,A,146.74953168894413
CLUSTER_391,B,43.994564684496986
CLUSTER_391,C,269.59561751716643
CLUSTER_391,D,169.75931970397394
CLUSTER_391,E,277.9200014815724
CLUSTER_391,F,196.8038773954132
CLUSTER_391,G,100.8864247907891
CLUSTER_391,H,272.861458207815
CLUSTER_391,I,96.84226016104928
CLUSTER_391,J,226.72326324151322
CLUSTER_391,K,206.40985345853096
CLUSTER_391,L,1.462829191147043
CLUSTER_391,M,117.15520173450439
CLUSTER_391,N,58.267367873566194
CLUSTER_391,O,220.29528534205005
CLUSTER_391,P,297.0140731824317
CLUSTER_391,Q,141.5586576427927
CLUSTER_391,R,100.19888875123428
CLUSTER_391,S,162.0038039224342
CLUSTER_391,T,283.3355982628659
CLUSTER_391,U,58.309038727468625
CLUSTER_391,V,98.0935754717154
CLUSTER_391,W,189.32816348536974
CLUSTER_391,X,247.86962601319226
CLUSTER_391,Y,65.29454228665514
CLUSTER_391,Z,118.85265998002774
CLUSTER_391,AA,243.0186940351727
CLUSTER_391,AB,140.59586427267757
CLUSTER_391,AC,201.19139670115692
CLUSTER_391,AD,180.7132970075907
CLUSTER_392,A,43.989177790632525
CLUSTER_392,B,145.22109728683125
CLUSTER_392,C,99.40816459904383
CLUSTER_392,D,153.96424576236194
CLUSTER_392,E,168.54253446501258
CLUSTER_392,F,46.18025826387321
CLUSTER_392,G,127.59877068758107
CLUSTER_392,H,84.22929222244369
CLUSTER_392,I,121.33448759384834
CLUSTER_392,J,63.82429413800302
CLUSTER_392,K,145.25045787731128
CLUSTER_392,L,189.58108311610204
CLUSTER_392,M,187.00809916634032
CLUSTER_392,N,208.0679901951434
CLUSTER_392,O,31.35908426159611
CLUSTER_392,P,148.22967735181012
CLUSTER_392,Q,76.27941511896533
CLUSTER_392,R,94.97821873981012
CLUSTER_392,S,111.25140101227966
CLUSTER_392,T,96.853074271273
CLUSTER_392,U,169.4581360672895
CLUSTER_392,V,93.63042734718448
CLUSTER_392,W,80.90349369679265
CLUSTER_392,X,114.509967072485
CLUSTER_392,Y,158.95653281953867
CLUSTER_392,Z,145.51614808569144
CLUSTER_392,AA,64.34512939585262
CLUSTER_392,AB,76.84519275275768
CLUSTER_392,AC,89.76960136736515
CLUSTER_392,AD,27.2857285934753
CLUSTER_393,A,87.33429900501123
CLUSTER_393,B,56.58415050477927
CLUSTER_393,C,182.62250968251396
CLUSTER_393,D,179.04002879235452
CLUSTER_393,E,187.06254551519567
CLUSTER_393,F,144.82453156300164
CLUSTER_393,G,17.62354577883825
CLUSTER_393,H,201.47964873378584
CLUSTER_393,I,99.73566709506586
CLUSTER_393,J,140.60976017823128
CLUSTER_393,K,199.54045877411437
CLUSTER_393,L,91.37889438212015
CLUSTER_393,M,161.79859500163417
CLUSTER_393,N,91.03098706807135
CLUSTER_393,O,149.41031452206244
CLUSTER_393,P,205.84191471721772
CLUSTER_393,Q,52.94879983110533
CLUSTER_393,R,28.17892739087293
CLUSTER_393,S,150.04217928105322
CLUSTER_393,T,203.34292143378693
CLUSTER_393,U,110.09522968748881
CLUSTER_393,V,63.84476386796106
CLUSTER_393,W,98.36619112456545
CLUSTER_393,X,156.46009183262103
CLUSTER_393,Y,40.8927186417219
CLUSTER_393,Z,137.29994940076864
CLUSTER_393,AA,181.72913820231824
CLUSTER_393,AB,109.34644439466138
CLUSTER_393,AC,168.63072514259204
CLUSTER_393,AD,101.5871307189859
CLUSTER_394,A,20.73664229658581
CLUSTER_394,B,108.47611062308927
CLUSTER_394,C,123.6756568306341
CLUSTER_394,D,147.30701576438864
CLUSTER_394,E,170.98033149989004
CLUSTER_394,F,68.18130084239203
CLUSTER_394,G,91.21738012532742
CLUSTER_394,H,122.30669103452857
CLUSTER_394,I,95.81025608218353
CLUSTER_394,J,81.93281950500965
CLUSTER_394,K,149.93986536330303
CLUSTER_394,L,152.7764956884178
CLUSTER_394,M,165.57805083802742
CLUSTER_394,N,169.81481332270712
CLUSTER_394,O,69.49303080524653
CLUSTER_394,P,164.28900158233986
CLUSTER_394,Q,45.62578448169155
CLUSTER_394,R,56.71240693270405
CLUSTER_394,S,106.72201673735525
CLUSTER_394,T,131.07728553398016
CLUSTER_394,U,138.61830848873998
CLUSTER_394,V,60.79787410074676
CLUSTER_394,W,72.18775849035596
CLUSTER_394,X,122.1130056994434
CLUSTER_394,Y,120.85126041278869
CLUSTER_394,Z,126.5896249076249
CLUSTER_394,AA,100.59234408534914
CLUSTER_394,AB,63.68150067512563
CLUSTER_394,AC,102.92019647041393
CLUSTER_394,AD,31.010028670834966
CLUSTER_395,A,99.34739435783992
CLUSTER_395,B,178.25679439367354
CLUSTER_395,C,50.369133226465564
CLUSTER_395,D,221.66661422817208
CLUSTER_395,E,100.06965607286824
CLUSTER_395,F,113.52856779041113
CLUSTER_395,G,131.8817901382662
CLUSTER_395,H,99.20798161408524
CLUSTER_395,I,176.60476030580952
CLUSTER_395,J,13.514808133617525
CLUSTER_395,K,214.30933664578237
CLUSTER_395,L,220.34099418588377
CLUSTER_395,M,246.35325370092673
CLUSTER_395,N,221.34609112909598
CLUSTER_395,O,70.62245663835431
CLUSTER_395,P,83.45861449626517
CLUSTER_395,Q,79.59094197961812
CLUSTER_395,R,120.51276676041812
CLUSTER_395,S,179.17312498060596
CLUSTER_395,T,81.16046350864099
CLUSTER_395,U,216.9747151615185
CLUSTER_395,V,139.64265831409972
CLUSTER_395,W,40.5196783358704
CLUSTER_395,X,45.42235870968225
CLUSTER_395,Y,171.77418447690985
CLUSTER_395,Z,206.811737332458
CLUSTER_395,AA,109.60523704330745
CLUSTER_395,AB,140.62358537844125
CLUSTER_395,AC,158.0079906732711
CLUSTER_395,AD,51.2401871630184
CLUSTER_396,A,109.837340096503
CLUSTER_396,B,30.796433920879817
CLUSTER_396,C,242.9766704746084
CLUSTER_396,D,124.07443027070795
CLUSTER_396,E,268.07362974128944
CLUSTER_396,F,154.25972996851226
CLUSTER_396,G,100.37808832255746
CLUSTER_396,H,235.16666105138108
CLUSTER_396,I,49.426720849326585
CLUSTER_396,J,200.31639661237574
CLUSTER_396,K,159.21030365061347
CLUSTER_396,L,48.71548709431082
CLUSTER_396,M,82.2091066443978
CLUSTER_396,N,98.70304018889661
CLUSTER_396,O,183.8007345830114
CLUSTER_396,P,277.54096711541786
CLUSTER_396,Q,122.96612140166955
CLUSTER_396,R,79.11839790633941
CLUSTER_396,S,114.47118654826775
CLUSTER_396,T,250.2863296545451
CLUSTER_396,U,25.114633889299984
CLUSTER_396,V,60.16532474192294
CLUSTER_396,W,171.77808211798234
CLUSTER_396,X,230.24241457674748
CLUSTER_396,Y,80.79161334368631
CLUSTER_396,Z,73.4676543783381
CLUSTER_396,AA,201.9810446898743
CLUSTER_396,AB,95.71215735666848
CLUSTER_396,AC,154.67429098167977
CLUSTER_396,AD,150.77048685619118
CLUSTER_397,A,33.19406316417789
CLUSTER_397,B,131.68818210069992
CLUSTER_397,C,135.28735323243728
CLUSTER_397,D,116.98013366146417
CLUSTER_397,E,204.20126616745884
CLUSTER_397,F,24.42423257419534
CLUSTER_397,G,133.2983350615799
CLUSTER_397,H,103.61139936939104
CLUSTER_397,I,93.210833719353
CLUSTER_397,J,100.85971331464144
CLUSTER_397,K,109.69266333865863
CLUSTER_397,L,174.8475956622311
CLUSTER_397,M,154.10564175926712
CLUSTER_397,N,202.87967978767287
CLUSTER_397,O,56.64444676793023
CLUSTER_397,P,185.20125535512173
CLUSTER_397,Q,91.74400816903348
CLUSTER_397,R,92.92680023399117
CLUSTER_397,S,74.25825294641939
CLUSTER_397,T,126.05101181376335
CLUSTER_397,U,144.72686415162252
CLUSTER_397,V,76.17226234014996
CLUSTER_397,W,111.42909279837406
CLUSTER_397,X,150.90490631185517
CLUSTER_397,Y,156.89381492177773
CLUSTER_397,Z,112.02800261200443
CLUSTER_397,AA,68.99003516700118
CLUSTER_397,AB,43.843532975478645
CLUSTER_397,AC,57.69680529359185
CLUSTER_397,AD,58.174548942496635
CLUSTER_398,A,112.21353814974022
CLUSTER_398,B,108.66412799021923
CLUSTER_398,C,247.9130689079421
CLUSTER_398,D,41.194054990735474
CLUSTER_398,E,302.0527454798337
CLUSTER_398,F,123.96055966580494
CLUSTER_398,G,164.18008895872435
CLUSTER_398,H,212.2928529252429
CLUSTER_398,I,46.848366536581516
CLUSTER_398,J,209.9703529608573
CLUSTER_398,K,81.60551759325261
CLUSTER_398,L,130.01457462983802
CLUSTER_398,M,42.77505248356306
CLUSTER_398,N,182.27027080127365
CLUSTER_398,O,170.28342934590884
CLUSTER_398,P,294.416567175035
CLUSTER_398,Q,160.1590013504323
CLUSTER_398,R,125.94491661114684
CLUSTER_398,S,51.52774882032137
CLUSTER_398,T,239.32217066342645
CLUSTER_398,U,71.99548083513977
CLUSTER_398,V,86.79348926631367
CLUSTER_398,W,201.9766784045687
CLUSTER_398,X,253.95303072666846
CLUSTER_398,Y,158.44555180652688
CLUSTER_398,Z,10.175128271215055
CLUSTER_398,AA,170.93687828764232
CLUSTER_398,AB,71.74306228422647
CLUSTER_398,AC,100.88315975997692
CLUSTER_398,AD,160.2055336787702
CLUSTER_399,A,18.91604614596032
CLUSTER_399,B,107.1024880518706
CLUSTER_399,C,150.6027140062973
CLUSTER_399,D,108.73562359768145
CLUSTER_399,E,208.91478031028913
CLUSTER_399,F,47.92519462487394
CLUSTER_399,G,114.91053056821376
CLUSTER_399,H,127.36640409969728
CLUSTER_399,I,70.51648581070314
CLUSTER_399,J,112.33368080446397
CLUSTER_399,K,111.21029131465241
CLUSTER_399,L,150.05272437937862
CLUSTER_399,M,135.36432199897797
CLUSTER_399,N,179.53226570699417
CLUSTER_399,O,77.89205608783391
CLUSTER_399,P,196.9118491293421
CLUSTER_399,Q,81.13395930533906
CLUSTER_399,R,72.46481649653744
CLUSTER_399,S,67.56227760624012
CLUSTER_399,T,146.92649509506646
CLUSTER_399,U,120.87668402833962
CLUSTER_399,V,51.47485714658492
CLUSTER_399,W,111.20329723514367
CLUSTER_399,X,158.1350641616148
CLUSTER_399,Y,134.83646019216624
CLUSTER_399,Z,94.08601949910708
CLUSTER_399,AA,93.84299423513934
CLUSTER_399,AB,26.21822858163164
CLUSTER_399,AC,68.99659998952188
CLUSTER_399,AD,63.385764829957495
CLUSTER_4,A,127.49421783112304
CLUSTER_4,B,199.9796656771559
CLUSTER_4,C,44.60242906771172
CLUSTER_4,D,250.59935853896613
CLUSTER_4,E,72.83755955228317
CLUSTER_4,F,141.71490959411415
CLUSTER_4,G,146.72809440740826
CLUSTER_4,H,115.10885830576204
CLUSTER_4,I,203.6187986648372
CLUSTER_4,J,36.18845395715591
CLUSTER_4,K,242.9880275272646
CLUSTER_4,L,240.52536970367058
CLUSTER_4,M,273.7976718984029
CLUSTER_4,N,235.8063962665946
CLUSTER_4,O,96.29067627827014
CLUSTER_4,P,57.31171658855698
CLUSTER_4,Q,99.24759674410885
CLUSTER_4,R,142.42207826869034
CLUSTER_4,S,208.12871236720187
CLUSTER_4,T,87.80250660656101
CLUSTER_4,U,241.8350377621203
CLUSTER_4,V,165.40443099099522
CLUSTER_4,W,51.98943930416374
CLUSTER_4,X,17.45770449762488
CLUSTER_4,Y,187.55191281716543
CLUSTER_4,Z,234.79449631185423
CLUSTER_4,AA,133.0713266313741
CLUSTER_4,AB,169.24704917253177
CLUSTER_4,AC,186.28755764900646
CLUSTER_4,AD,79.71378834543806
CLUSTER_40,A,70.54669024505215
CLUSTER_40,B,168.5416325954369
CLUSTER_40,C,72.13568991556123
CLUSTER_40,D,179.80074840939312
CLUSTER_40,E,149.51813348085128
CLUSTER_40,F,65.37258292066655
CLUSTER_40,G,141.65628032686706
CLUSTER_40,H,66.5827752910667
CLUSTER_40,I,148.83299008744135
CLUSTER_40,J,40.885352286535415
CLUSTER_40,K,167.47753251898334
CLUSTER_40,L,212.806847442969
CLUSTER_40,M,214.75605651359442
CLUSTER_40,N,226.57368601461596
CLUSTER_40,O,21.71022837479344
CLUSTER_40,P,122.95873114768952
CLUSTER_40,Q,86.98647683527984
CLUSTER_40,R,114.91264740078624
CLUSTER_40,S,137.1306764420826
CLUSTER_40,T,71.05630763848048
CLUSTER_40,U,196.1223952003944
CLUSTER_40,V,119.29542462337432
CLUSTER_40,W,74.68401654787101
CLUSTER_40,X,94.26405603411581
CLUSTER_40,Y,176.6263177146615
CLUSTER_40,Z,173.21554514412264
CLUSTER_40,AA,62.270382011013815
CLUSTER_40,AB,104.48522089993685
CLUSTER_40,AC,109.89499995281037
CLUSTER_40,AD,34.27759094997728
CLUSTER_400,A,69.12795047111226
CLUSTER_400,B,116.30925812509713
CLUSTER_400,C,196.61786153702394
CLUSTER_400,D,57.70250616413123
CLUSTER_400,E,259.93756499008254
CLUSTER_400,F,69.3613277930941
CLUSTER_400,G,149.58515779668562
CLUSTER_400,H,157.69174739449002
CLUSTER_400,I,54.151748715378105
CLUSTER_400,J,161.03443540692794
CLUSTER_400,K,66.79400313649758
CLUSTER_400,L,151.70443791368024
CLUSTER_400,M,96.84973951404106
CLUSTER_400,N,194.26739608221678
CLUSTER_400,O,116.67899940063666
CLUSTER_400,P,245.72543864757716
CLUSTER_400,Q,127.96313897361816
CLUSTER_400,R,106.20545141191788
CLUSTER_400,S,17.847969060242814
CLUSTER_400,T,185.23684532497697
CLUSTER_400,U,104.90125965605662
CLUSTER_400,V,69.67804030576846
CLUSTER_400,W,162.03434527419506
CLUSTER_400,X,208.70824201322105
CLUSTER_400,Y,157.89456137281894
CLUSTER_400,Z,55.22089157874276
CLUSTER_400,AA,116.59064897260433
CLUSTER_400,AB,26.83106028830818
CLUSTER_400,AC,52.36416868118584
CLUSTER_400,AD,113.90199566318311
CLUSTER_401,A,142.90908059365194
CLUSTER_401,B,239.21459501705846
CLUSTER_401,C,34.76250923820092
CLUSTER_401,D,242.6662431692188
CLUSTER_401,E,136.76465329478086
CLUSTER_401,F,123.89692653139058
CLUSTER_401,G,202.89937321771288
CLUSTER_401,H,52.29020901985653
CLUSTER_401,I,220.71426276204977
CLUSTER_401,J,62.36208769445881
CLUSTER_401,K,221.71969389699845
CLUSTER_401,L,283.1377773702172
CLUSTER_401,M,284.93178857424505
CLUSTER_401,N,291.3945920044265
CLUSTER_401,O,74.51399954688333
CLUSTER_401,P,84.72751875820407
CLUSTER_401,Q,148.22737874096998
CLUSTER_401,R,183.49007881203238
CLUSTER_401,S,201.13605695373528
CLUSTER_401,T,12.810056127402401
CLUSTER_401,U,268.50661990107653
CLUSTER_401,V,191.54667343578222
CLUSTER_401,W,114.73371169128099
CLUSTER_401,X,90.14149477446534
CLUSTER_401,Y,241.26439245178875
CLUSTER_401,Z,242.92972637036755
CLUSTER_401,AA,89.70124818097717
CLUSTER_401,AB,174.34420499408014
CLUSTER_401,AC,163.6142871447587
CLUSTER_401,AD,102.22113440043852
CLUSTER_402,A,142.8247532008745
CLUSTER_402,B,158.0346822339405
CLUSTER_402,C,267.62913494325824
CLUSTER_402,D,16.40057161839247
CLUSTER_402,E,333.9904067238099
CLUSTER_402,F,134.43267784094317
CLUSTER_402,G,210.28439834196084
CLUSTER_402,H,217.92776479456353
CLUSTER_402,I,94.00901751779266
CLUSTER_402,J,234.0622853960371
CLUSTER_402,K,50.78081125648845
CLUSTER_402,L,178.58521021134231
CLUSTER_402,M,71.6181955796921
CLUSTER_402,N,231.65494481318356
CLUSTER_402,O,185.1087491139007
CLUSTER_402,P,318.4820228560959
CLUSTER_402,Q,198.8111705229893
CLUSTER_402,R,169.704981320526
CLUSTER_402,S,59.037299182185585
CLUSTER_402,T,250.63878635309916
CLUSTER_402,U,119.42734685457053
CLUSTER_402,V,130.1205292030703
CLUSTER_402,W,235.69385933503838
CLUSTER_402,X,282.64633080313257
CLUSTER_402,Y,207.4059976435215
CLUSTER_402,Z,59.70381194072967
CLUSTER_402,AA,174.55754303133935
CLUSTER_402,AB,99.87730911421876
CLUSTER_402,AC,97.29095878202324
CLUSTER_402,AD,187.89476505856598
CLUSTER_403,A,84.39163933142551
CLUSTER_403,B,87.27310554938151
CLUSTER_403,C,222.15253419466382
CLUSTER_403,D,61.12658522305061
CLUSTER_403,E,272.8483155097134
CLUSTER_403,F,105.14751827349335
CLUSTER_403,G,136.53063650785984
CLUSTER_403,H,193.02132483368152
CLUSTER_403,I,20.846260591708695
CLUSTER_403,J,183.01443238623554
CLUSTER_403,K,91.64806200723184
CLUSTER_403,L,116.52828777064336
CLUSTER_403,M,63.732548283669686
CLUSTER_403,N,164.19339883527724
CLUSTER_403,O,147.560251758705
CLUSTER_403,P,267.00377613309405
CLUSTER_403,Q,130.49000634541184
CLUSTER_403,R,96.97041563338631
CLUSTER_403,S,47.279494890826236
CLUSTER_403,T,216.9985535803475
CLUSTER_403,U,65.46555219760928
CLUSTER_403,V,57.51647659977042
CLUSTER_403,W,172.67559444312374
CLUSTER_403,X,225.4760554763761
CLUSTER_403,Y,134.78205820811934
CLUSTER_403,Z,23.191521845799176
CLUSTER_403,AA,153.71994776045037
CLUSTER_403,AB,47.18713463590506
CLUSTER_403,AC,92.22393860063617
CLUSTER_403,AD,132.58261329505123
CLUSTER_404,A,61.075408123148385
CLUSTER_404,B,140.2856778562402
CLUSTER_404,C,86.6019769263424
CLUSTER_404,D,186.4188667294837
CLUSTER_404,E,131.26738553845075
CLUSTER_404,F,88.822263101729
CLUSTER_404,G,102.29355864538587
CLUSTER_404,H,108.16128417544938
CLUSTER_404,I,136.91255918039158
CLUSTER_404,J,43.66982985458626
CLUSTER_404,K,184.0056768585728
CLUSTER_404,L,183.32494416654143
CLUSTER_404,M,206.96303438212107
CLUSTER_404,N,189.92413694445997
CLUSTER_404,O,62.081797122237106
CLUSTER_404,P,123.1615352821917
CLUSTER_404,Q,47.10908975720778
CLUSTER_404,R,83.06137963768866
CLUSTER_404,S,144.64446891465164
CLUSTER_404,T,104.50308261503389
CLUSTER_404,U,177.17275549304838
CLUSTER_404,V,99.71580328482902
CLUSTER_404,W,37.860424556022465
CLUSTER_404,X,80.81728568507359
CLUSTER_404,Y,139.75382852958776
CLUSTER_404,Z,168.03187384028308
CLUSTER_404,AA,102.01792302567407
CLUSTER_404,AB,103.60167085800181
CLUSTER_404,AC,131.0922702067682
CLUSTER_404,AD,16.465279801834896
CLUSTER_405,A,112.59868987124356
CLUSTER_405,B,179.25530518287053
CLUSTER_405,C,62.566717564662866
CLUSTER_405,D,237.9972071352599
CLUSTER_405,E,80.02730148366877
CLUSTER_405,F,134.70655041303556
CLUSTER_405,G,125.00889231463262
CLUSTER_405,H,122.71554768705136
CLUSTER_405,I,186.3462684456801
CLUSTER_405,J,37.21355141883584
CLUSTER_405,K,233.8042371522147
CLUSTER_405,L,219.30446129660913
CLUSTER_405,M,256.8821705395999
CLUSTER_405,N,214.09707960122006
CLUSTER_405,O,94.34060238277065
CLUSTER_405,P,77.66872715208079
CLUSTER_405,Q,78.381816606325
CLUSTER_405,R,121.97346351705295
CLUSTER_405,S,196.03636978439644
CLUSTER_405,T,101.11558201024302
CLUSTER_405,U,222.51445673795286
CLUSTER_405,V,147.0484312173309
CLUSTER_405,W,30.366288369040383
CLUSTER_405,X,30.205719530828183
CLUSTER_405,Y,165.8426360268485
CLUSTER_405,Z,218.8749950221834
CLUSTER_405,AA,133.7519504284594
CLUSTER_405,AB,155.2579249095339
CLUSTER_405,AC,178.76102806770479
CLUSTER_405,AD,66.68684181895891
CLUSTER_406,A,96.21113938619212
CLUSTER_406,B,166.41137698418183
CLUSTER_406,C,192.42853624541493
CLUSTER_406,D,71.41873629307078
CLUSTER_406,E,272.12792696064565
CLUSTER_406,F,59.09199562200252
CLUSTER_406,G,191.31502808447775
CLUSTER_406,H,134.5201691468665
CLUSTER_406,I,105.10655390795455
CLUSTER_406,J,165.1208009813392
CLUSTER_406,K,43.79497334134545
CLUSTER_406,L,202.71541848507118
CLUSTER_406,M,135.4568692622644
CLUSTER_406,N,244.07065268655384
CLUSTER_406,O,108.87466220345175
CLUSTER_406,P,246.4520071556069
CLUSTER_406,Q,158.72721805422339
CLUSTER_406,R,147.79615335641083
CLUSTER_406,S,43.06725127625157
CLUSTER_406,T,169.3778809111372
CLUSTER_406,U,154.68707943938395
CLUSTER_406,V,115.99376347042822
CLUSTER_406,W,181.59304607015596
CLUSTER_406,X,217.6354421291374
CLUSTER_406,Y,205.14781134391635
CLUSTER_406,Z,98.31627364008224
CLUSTER_406,AA,91.11989411335459
CLUSTER_406,AB,67.14422135263462
CLUSTER_406,AC,14.761153096397116
CLUSTER_406,AD,127.92085443425539
CLUSTER_407,A,131.85522365344255
CLUSTER_407,B,46.02687916564465
CLUSTER_407,C,265.13764404437387
CLUSTER_407,D,131.89363865741598
CLUSTER_407,E,287.95780159249557
CLUSTER_407,F,174.65965619047762
CLUSTER_407,G,116.49909995237311
CLUSTER_407,H,256.77539750858637
CLUSTER_407,I,66.0805601833484
CLUSTER_407,J,222.43398061163455
CLUSTER_407,K,170.42538217199652
CLUSTER_407,L,40.82409418209378
CLUSTER_407,M,78.1439142266042
CLUSTER_407,N,96.8657955781576
CLUSTER_407,O,205.68632501491194
CLUSTER_407,P,299.089595189381
CLUSTER_407,Q,143.88622561333793
CLUSTER_407,R,99.96739610872507
CLUSTER_407,S,128.79762042228393
CLUSTER_407,T,272.4347605387153
CLUSTER_407,U,19.071347627136088
CLUSTER_407,V,82.31576647145125
CLUSTER_407,W,192.80175834576463
CLUSTER_407,X,251.4545020055731
CLUSTER_407,Y,90.58211421282142
CLUSTER_407,Z,81.24514984423271
CLUSTER_407,AA,222.79679693021114
CLUSTER_407,AB,115.21379223407227
CLUSTER_407,AC,171.92315260847377
CLUSTER_407,AD,172.99796915294635
CLUSTER_408,A,47.82299280906826
CLUSTER_408,B,136.49106636969515
CLUSTER_408,C,151.84901448251352
CLUSTER_408,D,99.69209866197352
CLUSTER_408,E,223.88374224748654
CLUSTER_408,F,22.821980877071745
CLUSTER_408,G,147.07700639397044
CLUSTER_408,H,111.06379343473985
CLUSTER_408,I,88.87832980967238
CLUSTER_408,J,119.40919937172212
CLUSTER_408,K,89.84914442874187
CLUSTER_408,L,177.99849845023195
CLUSTER_408,M,143.35601946721746
CLUSTER_408,N,210.83522499612917
CLUSTER_408,O,70.04801995393792
CLUSTER_408,P,203.18471022816175
CLUSTER_408,Q,109.4095083601464
CLUSTER_408,R,104.89074741814315
CLUSTER_408,S,57.264463596561356
CLUSTER_408,T,138.11447415704868
CLUSTER_408,U,141.65458159034006
CLUSTER_408,V,81.20534929665577
CLUSTER_408,W,131.30965212647305
CLUSTER_408,X,170.27723256090513
CLUSTER_408,Y,167.0140405920996
CLUSTER_408,Z,101.26527495013279
CLUSTER_408,AA,71.50220698078977
CLUSTER_408,AB,38.139886192014586
CLUSTER_408,AC,38.69639318058641
CLUSTER_408,AD,78.10097784248036
CLUSTER_409,A,65.60565396649122
CLUSTER_409,B,168.1734965072258
CLUSTER_409,C,110.43426781892114
CLUSTER_409,D,143.8719132174448
CLUSTER_409,E,194.17879555541012
CLUSTER_409,F,25.09463047122512
CLUSTER_409,G,160.06055754552276
CLUSTER_409,H,65.58205696598155
CLUSTER_409,I,131.33585787233167
CLUSTER_409,J,85.36148388185416
CLUSTER_409,K,125.71887001083702
CLUSTER_409,L,211.90742352215958
CLUSTER_409,M,189.574072154657
CLUSTER_409,N,236.3930091601274
CLUSTER_409,O,26.867064856374576
CLUSTER_409,P,164.5875251331774
CLUSTER_409,Q,110.71202047330829
CLUSTER_409,R,123.84717413064355
CLUSTER_409,S,102.45561968425264
CLUSTER_409,T,91.93368206415643
CLUSTER_409,U,183.08849687282816
CLUSTER_409,V,113.26689948314254
CLUSTER_409,W,114.02700521520089
CLUSTER_409,X,138.88913981813317
CLUSTER_409,Y,188.56759377892556
CLUSTER_409,Z,147.4154290655461
CLUSTER_409,AA,32.35164316492449
CLUSTER_409,AB,81.11267912398115
CLUSTER_409,AC,67.259245872353
CLUSTER_409,AD,61.95446214964091
CLUSTER_41,A,92.63760444198928
CLUSTER_41,B,181.7986196691706
CLUSTER_41,C,46.63409254058941
CLUSTER_41,D,209.0557763504469
CLUSTER_41,E,119.60045640752024
CLUSTER_41,F,96.0639850093727
CLUSTER_41,G,143.1214821876335
CLUSTER_41,H,77.14737663138747
CLUSTER_41,I,171.62869373590613
CLUSTER_41,J,10.667623486394733
CLUSTER_41,K,198.08485316177448
CLUSTER_41,L,225.18713043849002
CLUSTER_41,M,239.77677331587728
CLUSTER_41,N,231.60672701840997
CLUSTER_41,O,49.53712767179164
CLUSTER_41,P,93.12648465079768
CLUSTER_41,Q,88.42398777070069
CLUSTER_41,R,125.00549508287378
CLUSTER_41,S,166.33423616061535
CLUSTER_41,T,64.03982940425533
CLUSTER_41,U,215.68185516168427
CLUSTER_41,V,137.82994669217666
CLUSTER_41,W,58.954853940793825
CLUSTER_41,X,64.21657856299095
CLUSTER_41,Y,181.49864974587544
CLUSTER_41,Z,198.9964281837969
CLUSTER_41,AA,87.35833128131858
CLUSTER_41,AB,130.97322994469633
CLUSTER_41,AC,140.60074228581368
CLUSTER_41,AD,46.12516764789391
CLUSTER_410,A,176.9185721647653
CLUSTER_410,B,245.4363078945239
CLUSTER_410,C,62.80524865860566
CLUSTER_410,D,299.3673549865643
CLUSTER_410,E,44.130125056348064
CLUSTER_410,F,187.7527398479001
CLUSTER_410,G,186.71133875558553
CLUSTER_410,H,144.2604683228037
CLUSTER_410,I,252.76642319444866
CLUSTER_410,J,82.14573554833864
CLUSTER_410,K,289.8262997174797
CLUSTER_410,L,284.2335241049677
CLUSTER_410,M,323.07675269119477
CLUSTER_410,N,273.45902600750384
CLUSTER_410,O,139.29628880854213
CLUSTER_410,P,18.684930172538465
CLUSTER_410,Q,144.77752642975946
CLUSTER_410,R,188.63676116866446
CLUSTER_410,S,256.76546053446197
CLUSTER_410,T,107.87652384342888
CLUSTER_410,U,289.6201496312363
CLUSTER_410,V,214.00099693456966
CLUSTER_410,W,95.87864002038603
CLUSTER_410,X,37.11858189427303
CLUSTER_410,Y,227.47147402161832
CLUSTER_410,Z,284.21337549788365
CLUSTER_410,AA,171.67326063031808
CLUSTER_410,AB,218.54091875257745
CLUSTER_410,AC,232.22246086724004
CLUSTER_410,AD,129.05284929470258
CLUSTER_411,A,127.0131223236057
CLUSTER_411,B,57.4756021158674
CLUSTER_411,C,220.81802432819498
CLUSTER_411,D,201.83725748605065
CLUSTER_411,E,212.00406801515004
CLUSTER_411,F,184.32944009635875
CLUSTER_411,G,38.71430221833791
CLUSTER_411,H,243.09012479388522
CLUSTER_411,I,120.02593691002872
CLUSTER_411,J,179.72611008184816
CLUSTER_411,K,228.40355093656922
CLUSTER_411,L,70.4234448720482
CLUSTER_411,M,169.78219598518317
CLUSTER_411,N,50.882543126430136
CLUSTER_411,O,191.03892818097998
CLUSTER_411,P,238.8130661711456
CLUSTER_411,Q,92.57124549480467
CLUSTER_411,R,67.18396910359324
CLUSTER_411,S,179.07990929153394
CLUSTER_411,T,244.0243175662611
CLUSTER_411,U,111.10850595279038
CLUSTER_411,V,93.87477765058628
CLUSTER_411,W,133.54610290968606
CLUSTER_411,X,189.20101018584464
CLUSTER_411,Y,6.842153184531134
CLUSTER_411,Z,154.75727423159893
CLUSTER_411,AA,222.89439257196162
CLUSTER_411,AB,142.58911475991897
CLUSTER_411,AC,204.23892696937713
CLUSTER_411,AD,143.00531475993552
CLUSTER_412,A,151.38734971685383
CLUSTER_412,B,49.7163635987421
CLUSTER_412,C,266.4248671581683
CLUSTER_412,D,187.91576208001192
CLUSTER_412,E,266.95731192180546
CLUSTER_412,F,204.48415169020026
CLUSTER_412,G,90.27161856134062
CLUSTER_412,H,276.2018770602967
CLUSTER_412,I,111.55574523212708
CLUSTER_412,J,223.92543633246706
CLUSTER_412,K,222.80822681536523
CLUSTER_412,L,20.31593235318813
CLUSTER_412,M,138.27783579199775
CLUSTER_412,N,36.74894965873927
CLUSTER_412,O,223.3419993431468
CLUSTER_412,P,290.08233144877374
CLUSTER_412,Q,136.86799535006668
CLUSTER_412,R,98.89436534562994
CLUSTER_412,S,176.7914023428942
CLUSTER_412,T,283.6309002237551
CLUSTER_412,U,78.65705423747639
CLUSTER_412,V,105.25834473572706
CLUSTER_412,W,182.85199420917982
CLUSTER_412,X,240.54899958127265
CLUSTER_412,Y,50.90377564463573
CLUSTER_412,Z,137.13315474093164
CLUSTER_412,AA,249.0357588688412
CLUSTER_412,AB,151.1505921820134
CLUSTER_412,AC,213.06980761828797
CLUSTER_412,AD,180.5591407073915
CLUSTER_413,A,107.2653064964578
CLUSTER_413,B,209.53354502572392
CLUSTER_413,C,111.52935278692469
CLUSTER_413,D,166.65031015876303
CLUSTER_413,E,208.26659167542212
CLUSTER_413,F,57.76586210092945
CLUSTER_413,G,200.3131098506989
CLUSTER_413,H,38.508949389219254
CLUSTER_413,I,168.8956540653098
CLUSTER_413,J,102.0924312879607
CLUSTER_413,K,138.57929872797746
CLUSTER_413,L,253.03802404337713
CLUSTER_413,M,221.48178629673353
CLUSTER_413,N,278.01880683804507
CLUSTER_413,O,47.312787563232625
CLUSTER_413,P,167.5025590841696
CLUSTER_413,Q,148.92537797768094
CLUSTER_413,R,165.2971145034519
CLUSTER_413,S,129.15007748437776
CLUSTER_413,T,76.91715316128295
CLUSTER_413,U,221.45566814420798
CLUSTER_413,V,154.31141926796371
CLUSTER_413,W,143.21909548750608
CLUSTER_413,X,153.68232028852677
CLUSTER_413,Y,229.97757643979148
CLUSTER_413,Z,179.9502346431095
CLUSTER_413,AA,9.39301250256421
CLUSTER_413,AB,118.01886200551996
CLUSTER_413,AC,83.51265232711692
CLUSTER_413,AD,96.92651516898198
CLUSTER_414,A,91.23554554460601
CLUSTER_414,B,193.45835880683128
CLUSTER_414,C,75.99369940795309
CLUSTER_414,D,181.687223402039
CLUSTER_414,E,168.72537299842637
CLUSTER_414,F,62.943255713693574
CLUSTER_414,G,172.30388785503908
CLUSTER_414,H,36.21137074362136
CLUSTER_414,I,164.87858186004212
CLUSTER_414,J,61.83303327163702
CLUSTER_414,K,161.76208465114104
CLUSTER_414,L,237.80479234213448
CLUSTER_414,M,226.1002937393801
CLUSTER_414,N,255.47560721845917
CLUSTER_414,O,17.12218605757884
CLUSTER_414,P,131.68254987878208
CLUSTER_414,Q,118.18455705873042
CLUSTER_414,R,142.69532230561
CLUSTER_414,S,140.29500210388161
CLUSTER_414,T,54.274575802932134
CLUSTER_414,U,215.1340861587328
CLUSTER_414,V,141.0527359532759
CLUSTER_414,W,105.04605519826626
CLUSTER_414,X,113.79904853302115
CLUSTER_414,Y,205.90952755575302
CLUSTER_414,Z,183.9335374741722
CLUSTER_414,AA,36.66283607966849
CLUSTER_414,AB,116.18113168777329
CLUSTER_414,AC,103.32217433589962
CLUSTER_414,AD,64.99722913232294
CLUSTER_415,A,104.08098292505521
CLUSTER_415,B,2.2640010055342317
CLUSTER_415,C,228.54963575105316
CLUSTER_415,D,146.11659827136194
CLUSTER_415,E,244.92593430170322
CLUSTER_415,F,155.46815949342053
CLUSTER_415,G,72.92382822460553
CLUSTER_415,H,230.09868955775048
CLUSTER_415,I,65.60060634516402
CLUSTER_415,J,185.61156508476662
CLUSTER_415,K,177.26965739815458
CLUSTER_415,L,43.23349682125246
CLUSTER_415,M,110.58046375138251
CLUSTER_415,N,78.60147992389346
CLUSTER_415,O,177.50225939864998
CLUSTER_415,P,258.8662366328236
CLUSTER_415,Q,102.83903195584834
CLUSTER_415,R,59.61280257698976
CLUSTER_415,S,129.64948839602053
CLUSTER_415,T,240.79985670310916
CLUSTER_415,U,53.33388564068993
CLUSTER_415,V,56.20204930520172
CLUSTER_415,W,151.5952073919419
CLUSTER_415,X,210.4329761176683
CLUSTER_415,Y,52.63241744021954
CLUSTER_415,Z,97.07403691332574
CLUSTER_415,AA,200.884313119978
CLUSTER_415,AB,101.72667072209045
CLUSTER_415,AC,163.84968017823573
CLUSTER_415,AD,138.4996244901331
CLUSTER_416,A,147.52188022993482
CLUSTER_416,B,200.10450333146935
CLUSTER_416,C,244.34508535705794
CLUSTER_416,D,63.7743327075353
CLUSTER_416,E,326.38936117374726
CLUSTER_416,F,112.99633816815495
CLUSTER_416,G,236.81930834160548
CLUSTER_416,H,179.615645338195
CLUSTER_416,I,133.85726709327795
CLUSTER_416,J,218.97722836373435
CLUSTER_416,K,22.108138517721226
CLUSTER_416,L,229.72835313965925
CLUSTER_416,M,136.0352632805207
CLUSTER_416,N,277.7047435184287
CLUSTER_416,O,161.4457955224209
CLUSTER_416,P,299.1655372076844
CLUSTER_416,Q,209.91590528269708
CLUSTER_416,R,193.25132852715066
CLUSTER_416,S,70.83842012854878
CLUSTER_416,T,217.25458001066016
CLUSTER_416,U,174.1457402525619
CLUSTER_416,V,157.11010870486635
CLUSTER_416,W,235.51487211619346
CLUSTER_416,X,271.76748666892274
CLUSTER_416,Y,244.56534129010205
CLUSTER_416,Z,111.48948618477172
CLUSTER_416,AA,137.64866456242254
CLUSTER_416,AB,111.652662531824
CLUSTER_416,AC,68.4410224768487
CLUSTER_416,AD,182.0973467368569
CLUSTER_417,A,137.45734114643508
CLUSTER_417,B,211.855264725781
CLUSTER_417,C,37.827911464077864
CLUSTER_417,D,259.2486325362926
CLUSTER_417,E,69.84761026140193
CLUSTER_417,F,148.19777235254963
CLUSTER_417,G,158.66288940169142
CLUSTER_417,H,114.080074869718
CLUSTER_417,I,214.3143267168668
CLUSTER_417,J,42.22132347082198
CLUSTER_417,K,250.06470315179726
CLUSTER_417,L,252.5062971588618
CLUSTER_417,M,284.2832226783949
CLUSTER_417,N,247.66074405472517
CLUSTER_417,O,100.88865567954902
CLUSTER_417,P,45.9084829396801
CLUSTER_417,Q,111.18574247322547
CLUSTER_417,R,154.24482764471804
CLUSTER_417,S,216.6384473868371
CLUSTER_417,T,83.48402044390009
CLUSTER_417,U,253.26121009205895
CLUSTER_417,V,176.55019561503104
CLUSTER_417,W,63.98301851583866
CLUSTER_417,X,17.888285255384222
CLUSTER_417,Y,199.5062542992445
CLUSTER_417,Z,244.90799816709094
CLUSTER_417,AA,135.77213531914865
CLUSTER_417,AB,178.68791268677575
CLUSTER_417,AC,192.75739672545345
CLUSTER_417,AD,89.36827423058047
CLUSTER_418,A,125.33095123424063
CLUSTER_418,B,211.39041273940856
CLUSTER_418,C,15.714017830256266
CLUSTER_418,D,240.72004834730785
CLUSTER_418,E,100.15219595520956
CLUSTER_418,F,125.31872810966377
CLUSTER_418,G,166.57785347456
CLUSTER_418,H,83.23706929913999
CLUSTER_418,I,204.24135358873795
CLUSTER_418,J,27.61951195129995
CLUSTER_418,K,227.50283692693128
CLUSTER_418,L,254.04415892546962
CLUSTER_418,M,272.5426791601416
CLUSTER_418,N,256.04768332855525
CLUSTER_418,O,75.40844987853332
CLUSTER_418,P,62.430535923770236
CLUSTER_418,Q,114.01003745830738
CLUSTER_418,R,153.87400278479305
CLUSTER_418,S,198.0254779804102
CLUSTER_418,T,54.051567932432675
CLUSTER_418,U,247.5032842011778
CLUSTER_418,V,169.67094763746553
CLUSTER_418,W,73.93449766925931
CLUSTER_418,X,48.157996248560174
CLUSTER_418,Y,206.4520861330853
CLUSTER_418,Z,231.74870277606897
CLUSTER_418,AA,107.02610299060433
CLUSTER_418,AB,163.6171155956683
CLUSTER_418,AC,169.29851496291988
CLUSTER_418,AD,78.18520510360723
CLUSTER_419,A,125.44491823838217
CLUSTER_419,B,225.6919578838662
CLUSTER_419,C,54.80890469705801
CLUSTER_419,D,217.40888964083143
CLUSTER_419,E,156.7024307065392
CLUSTER_419,F,99.07619317873608
CLUSTER_419,G,196.8445821575171
CLUSTER_419,H,26.661113142616678
CLUSTER_419,I,200.98973564680276
CLUSTER_419,J,64.34006088961229
CLUSTER_419,K,194.9349508147964
CLUSTER_419,L,270.0108481103341
CLUSTER_419,M,262.8436711532025
CLUSTER_419,N,283.2881371202975
CLUSTER_419,O,52.61731028938201
CLUSTER_419,P,109.40828642974918
CLUSTER_419,Q,141.64700341218207
CLUSTER_419,R,172.2156156366292
CLUSTER_419,S,176.50112371730734
CLUSTER_419,T,17.939346337126363
CLUSTER_419,U,250.53878975915364
CLUSTER_419,V,175.11387055616532
CLUSTER_419,W,116.41389338624151
CLUSTER_419,X,105.56586868478857
CLUSTER_419,Y,233.1877577213696
CLUSTER_419,Z,220.68037962604475
CLUSTER_419,AA,62.26729082656058
CLUSTER_419,AB,152.79324488018676
CLUSTER_419,AC,137.1502502573154
CLUSTER_419,AD,90.90507244975919
CLUSTER_42,A,81.06042217728884
CLUSTER_42,B,80.76055642538945
CLUSTER_42,C,158.78225256083928
CLUSTER_42,D,188.69671275609915
CLUSTER_42,E,162.0451186394909
CLUSTER_42,F,136.83773139190455
CLUSTER_42,G,24.4291060583367
CLUSTER_42,H,183.90039625578817
CLUSTER_42,I,113.70105316534634
CLUSTER_42,J,117.49140004741541
CLUSTER_42,K,204.00403683983797
CLUSTER_42,L,117.03959280118596
CLUSTER_42,M,180.05849562023346
CLUSTER_42,N,113.07043701532254
CLUSTER_42,O,133.26423530281846
CLUSTER_42,P,180.2896071145706
CLUSTER_42,Q,30.77796295487106
CLUSTER_42,R,34.048691604572184
CLUSTER_42,S,155.4274713644466
CLUSTER_42,T,182.26187378098564
CLUSTER_42,U,132.0735819491101
CLUSTER_42,V,73.49539078373091
CLUSTER_42,W,73.01913105228411
CLUSTER_42,X,130.84920228177873
CLUSTER_42,Y,63.36216646632746
CLUSTER_42,Z,151.4206522181768
CLUSTER_42,AA,168.58637537219667
CLUSTER_42,AB,112.00722594566942
CLUSTER_42,AC,166.47913249022707
CLUSTER_42,AD,83.29633768916175
CLUSTER_420,A,100.73307519791341
CLUSTER_420,B,171.06390748735015
CLUSTER_420,C,63.04747592941688
CLUSTER_420,D,225.82946382479324
CLUSTER_420,E,92.33443190373308
CLUSTER_420,F,122.60757356550141
CLUSTER_420,G,120.16502788928115
CLUSTER_420,H,115.19851196538534
CLUSTER_420,I,175.35645642068846
CLUSTER_420,J,29.714651831362556
CLUSTER_420,K,221.49862824239753
CLUSTER_420,L,212.0042839536018
CLUSTER_420,M,245.768148859922
CLUSTER_420,N,209.66115004886564
CLUSTER_420,O,83.46175099479257
CLUSTER_420,P,86.41621202985242
CLUSTER_420,Q,70.56785541774468
CLUSTER_420,R,113.4205857869937
CLUSTER_420,S,183.80613883595717
CLUSTER_420,T,97.08767656286958
CLUSTER_420,U,212.78365411306294
CLUSTER_420,V,136.60948152249148
CLUSTER_420,W,26.047242894279997
CLUSTER_420,X,41.28330052556959
CLUSTER_420,Y,160.65751639564823
CLUSTER_420,Z,207.3844230984899
CLUSTER_420,AA,123.38277844416005
CLUSTER_420,AB,143.25277441704432
CLUSTER_420,AC,166.56567637361442
CLUSTER_420,AD,54.428910410229726
CLUSTER_421,A,98.91909981899089
CLUSTER_421,B,183.7110045053488
CLUSTER_421,C,43.1485571015424
CLUSTER_421,D,217.99447443657257
CLUSTER_421,E,108.44837659528653
CLUSTER_421,F,106.48105563859548
CLUSTER_421,G,140.99955227489176
CLUSTER_421,H,86.43267361024073
CLUSTER_421,I,177.44220422247503
CLUSTER_421,J,0.6814637687782538
CLUSTER_421,K,208.24055002398853
CLUSTER_421,L,226.52643902954716
CLUSTER_421,M,246.36854202584084
CLUSTER_421,N,230.15623964841038
CLUSTER_421,O,60.74145124133947
CLUSTER_421,P,84.5122646900933
CLUSTER_421,Q,87.31906562539771
CLUSTER_421,R,126.29108753756253
CLUSTER_421,S,175.3087093558358
CLUSTER_421,T,69.03519661133618
CLUSTER_421,U,219.93005324665057
CLUSTER_421,V,142.14861528648356
CLUSTER_421,W,52.32233341771331
CLUSTER_421,X,53.07873248623023
CLUSTER_421,Y,180.2698421551584
CLUSTER_421,Z,206.05574999445437
CLUSTER_421,AA,98.54145660002696
CLUSTER_421,AB,138.64792581530415
CLUSTER_421,AC,151.06468859549693
CLUSTER_421,AD,51.08379810911399
CLUSTER_422,A,172.27913987166977
CLUSTER_422,B,74.04976011426245
CLUSTER_422,C,279.1389327416028
CLUSTER_422,D,214.64527720020553
CLUSTER_422,E,270.00297533608426
CLUSTER_422,F,227.02869420926933
CLUSTER_422,G,97.91519723661267
CLUSTER_422,H,295.09678551067174
CLUSTER_422,I,137.87652887756914
CLUSTER_422,J,237.39170484639808
CLUSTER_422,K,249.3503284430737
CLUSTER_422,L,45.164461858412295
CLUSTER_422,M,163.73708201211363
CLUSTER_422,N,15.415275433826789
CLUSTER_422,O,242.3007700482388
CLUSTER_422,P,298.3020466460727
CLUSTER_422,Q,149.7190763883178
CLUSTER_422,R,116.24780492313486
CLUSTER_422,S,202.96784655568615
CLUSTER_422,T,299.74706328384144
CLUSTER_422,U,104.76423701095852
CLUSTER_422,V,128.4858613478189
CLUSTER_422,W,192.74444444048595
CLUSTER_422,X,248.69150399410924
CLUSTER_422,Y,57.154775093458696
CLUSTER_422,Z,163.85309923803752
CLUSTER_422,AA,270.1868726096565
CLUSTER_422,AB,175.6870255140008
CLUSTER_422,AC,237.99749731141026
CLUSTER_422,AD,197.11982084051934
CLUSTER_423,A,77.55876428999896
CLUSTER_423,B,75.52902231584412
CLUSTER_423,C,216.42722255787518
CLUSTER_423,D,73.71232885991547
CLUSTER_423,E,263.3911814540117
CLUSTER_423,F,105.17757083854627
CLUSTER_423,G,123.97336038778916
CLUSTER_423,H,191.84647360371463
CLUSTER_423,I,9.178658784762103
CLUSTER_423,J,176.3682330166109
CLUSTER_423,K,102.68196159793014
CLUSTER_423,L,107.03284645336034
CLUSTER_423,M,70.08695345993648
CLUSTER_423,N,152.96857633384454
CLUSTER_423,O,144.5042595085456
CLUSTER_423,P,259.71751110873277
CLUSTER_423,Q,119.7436776207654
CLUSTER_423,R,84.8715319933382
CLUSTER_423,S,56.17825217149789
CLUSTER_423,T,213.8045986869014
CLUSTER_423,U,60.08556282222628
CLUSTER_423,V,45.70185317363178
CLUSTER_423,W,163.16017242058942
CLUSTER_423,X,217.10674369224134
CLUSTER_423,Y,122.37507681851318
CLUSTER_423,Z,33.10935575266345
CLUSTER_423,AA,154.0089067283375
CLUSTER_423,AB,45.19842993444383
CLUSTER_423,AC,97.61466993947666
CLUSTER_423,AD,125.50282499219436
CLUSTER_424,A,169.6881326206564
CLUSTER_424,B,225.81047643804126
CLUSTER_424,C,83.28695723792711
CLUSTER_424,D,295.49104432140786
CLUSTER_424,E,22.86986298999632
CLUSTER_424,F,190.70366204461962
CLUSTER_424,G,162.65099310543988
CLUSTER_424,H,162.22494981414317
CLUSTER_424,I,241.16723076467753
CLUSTER_424,J,86.24412292222355
CLUSTER_424,K,290.92836884558744
CLUSTER_424,L,262.1838983935314
CLUSTER_424,M,311.80756961301074
CLUSTER_424,N,246.69104862926415
CLUSTER_424,O,146.4163986878552
CLUSTER_424,P,52.116561846639975
CLUSTER_424,Q,127.3983504242659
CLUSTER_424,R,170.95452019785122
CLUSTER_424,S,253.58610455712952
CLUSTER_424,T,129.94251283327225
CLUSTER_424,U,273.4121837641088
CLUSTER_424,V,200.6775552978023
CLUSTER_424,W,79.79872116286629
CLUSTER_424,X,32.72955070768773
CLUSTER_424,Y,202.69898087889885
CLUSTER_424,Z,274.9156571504737
CLUSTER_424,AA,183.06858079432527
CLUSTER_424,AB,212.52929982392806
CLUSTER_424,AC,235.12638303888505
CLUSTER_424,AD,124.23817212765435
CLUSTER_425,A,86.31798715193388
CLUSTER_425,B,178.83495446739624
CLUSTER_425,C,53.036151416509625
CLUSTER_425,D,200.294227903836
CLUSTER_425,E,129.52544891621682
CLUSTER_425,F,86.39319049051392
CLUSTER_425,G,143.86038814550224
CLUSTER_425,H,70.81428152087682
CLUSTER_425,I,165.3714378614686
CLUSTER_425,J,20.54525510602363
CLUSTER_425,K,188.5204234500395
CLUSTER_425,L,222.61472048088643
CLUSTER_425,M,232.78136565634938
CLUSTER_425,N,231.46947562329748
CLUSTER_425,O,39.63853587370899
CLUSTER_425,P,102.08578762834915
CLUSTER_425,Q,88.71675966114535
CLUSTER_425,R,122.841107319366
CLUSTER_425,S,157.5807807676045
CLUSTER_425,T,62.88560596176856
CLUSTER_425,U,210.6424056244494
CLUSTER_425,V,132.94843109166533
CLUSTER_425,W,64.48241702980053
CLUSTER_425,X,74.14373651471317
CLUSTER_425,Y,181.29021402350673
CLUSTER_425,Z,191.67626449871287
CLUSTER_425,AA,77.94759350988006
CLUSTER_425,AB,123.28918931647875
CLUSTER_425,AC,130.87941596017913
CLUSTER_425,AD,41.910821000566266
CLUSTER_426,A,213.39917075089076
CLUSTER_426,B,267.054792385114
CLUSTER_426,C,112.47421146463421
CLUSTER_426,D,338.9499332566099
CLUSTER_426,E,24.33723568939839
CLUSTER_426,F,232.08086661472518
CLUSTER_426,G,201.47928699163953
CLUSTER_426,H,193.93163559267435
CLUSTER_426,I,284.7957455815578
CLUSTER_426,J,126.25321529305529
CLUSTER_426,K,333.1963698780745
CLUSTER_426,L,301.72962208213585
CLUSTER_426,M,355.41579577612663
CLUSTER_426,N,281.7453262146117
CLUSTER_426,O,185.67919446202336
CLUSTER_426,P,61.95207671176778
CLUSTER_426,Q,170.2310983259186
CLUSTER_426,R,213.37078082052656
CLUSTER_426,S,296.8834858468805
CLUSTER_426,T,157.48902462527198
CLUSTER_426,U,315.94645673969063
CLUSTER_426,V,244.12170721269473
CLUSTER_426,W,123.35366088482886
CLUSTER_426,X,73.4672898299183
CLUSTER_426,Y,240.40637949419315
CLUSTER_426,Z,318.6981407080322
CLUSTER_426,AA,220.0032792199727
CLUSTER_426,AB,256.1816492914594
CLUSTER_426,AC,276.65446522892955
CLUSTER_426,AD,167.50381400089887
CLUSTER_427,A,77.79331718458647
CLUSTER_427,B,35.8916559562403
CLUSTER_427,C,192.1467195187477
CLUSTER_427,D,154.6762373677371
CLUSTER_427,E,207.7012934580201
CLUSTER_427,F,134.068204388246
CLUSTER_427,G,43.43738407853462
CLUSTER_427,H,200.34075379736655
CLUSTER_427,I,74.2613104667597
CLUSTER_427,J,149.28403573952153
CLUSTER_427,K,177.7875953799955
CLUSTER_427,L,77.48999044696961
CLUSTER_427,M,135.7841536459074
CLUSTER_427,N,93.3403957085073
CLUSTER_427,O,147.48442017280007
CLUSTER_427,P,221.05679049938178
CLUSTER_427,Q,65.01038121572314
CLUSTER_427,R,22.82524846090156
CLUSTER_427,S,128.2296503191848
CLUSTER_427,T,207.33290033780872
CLUSTER_427,U,85.60539840137764
CLUSTER_427,V,42.0026050703492
CLUSTER_427,W,113.70195811049044
CLUSTER_427,X,172.5400978651527
CLUSTER_427,Y,48.06588415084791
CLUSTER_427,Z,111.57510499429007
CLUSTER_427,AA,175.5082119782081
CLUSTER_427,AB,90.40597604827907
CLUSTER_427,AC,152.0332970127966
CLUSTER_427,AD,104.27832004678554
CLUSTER_428,A,113.5984519056247
CLUSTER_428,B,22.619833839224217
CLUSTER_428,C,227.25122648904548
CLUSTER_428,D,169.64774330865163
CLUSTER_428,E,233.4246747374683
CLUSTER_428,F,168.47196798310046
CLUSTER_428,G,56.83508726592942
CLUSTER_428,H,237.271999660699
CLUSTER_428,I,88.36260195502604
CLUSTER_428,J,184.6224158039329
CLUSTER_428,K,199.30088608542238
CLUSTER_428,L,44.290853160064856
CLUSTER_428,M,134.2431188200234
CLUSTER_428,N,59.30353337981358
CLUSTER_428,O,184.4045926677366
CLUSTER_428,P,252.74798241379753
CLUSTER_428,Q,98.0551191531968
CLUSTER_428,R,59.33716279684016
CLUSTER_428,S,150.85846705772715
CLUSTER_428,T,244.07068519151423
CLUSTER_428,U,75.59295911698038
CLUSTER_428,V,70.73215128524089
CLUSTER_428,W,145.1179282604264
CLUSTER_428,X,203.46413336075304
CLUSTER_428,Y,28.773647683826752
CLUSTER_428,Z,121.10495003374918
CLUSTER_428,AA,211.50848565614677
CLUSTER_428,AB,119.09400623197499
CLUSTER_428,AC,181.6694592768098
CLUSTER_428,AD,141.00221366132223
CLUSTER_429,A,65.575529099694
CLUSTER_429,B,146.46340655569858
CLUSTER_429,C,166.30275582642977
CLUSTER_429,D,86.89849077298763
CLUSTER_429,E,241.7681490095796
CLUSTER_429,F,32.074412204752534
CLUSTER_429,G,163.2502952982683
CLUSTER_429,H,117.74517772834594
CLUSTER_429,I,92.20764262490624
CLUSTER_429,J,136.04211711636628
CLUSTER_429,K,71.98961184396643
CLUSTER_429,L,186.1355403016064
CLUSTER_429,M,138.442604730615
CLUSTER_429,N,222.59730618308154
CLUSTER_429,O,83.01937237446269
CLUSTER_429,P,218.9257643579587
CLUSTER_429,Q,127.76283037361657
CLUSTER_429,R,120.3089711253094
CLUSTER_429,S,46.48654033207009
CLUSTER_429,T,148.46214621819186
CLUSTER_429,U,144.7390682789429
CLUSTER_429,V,92.62556070136817
CLUSTER_429,W,150.07416030313956
CLUSTER_429,X,187.73994011167767
CLUSTER_429,Y,180.6445069394367
CLUSTER_429,Z,97.27821250014442
CLUSTER_429,AA,75.43089748653865
CLUSTER_429,AB,44.822778118197135
CLUSTER_429,AC,20.507669284478
CLUSTER_429,AD,96.61747144742176
CLUSTER_43,A,83.04161149053063
CLUSTER_43,B,40.09470463402649
CLUSTER_43,C,218.99935854849227
CLUSTER_43,D,107.76281763190664
CLUSTER_43,E,251.92500054518965
CLUSTER_43,F,126.00749182734579
CLUSTER_43,G,95.85718862612842
CLUSTER_43,H,207.4604580346579
CLUSTER_43,I,26.464584668981466
CLUSTER_43,J,176.81254965842905
CLUSTER_43,K,138.10878292064166
CLUSTER_43,L,74.30472599070825
CLUSTER_43,M,83.76491519989891
CLUSTER_43,N,117.60674529742872
CLUSTER_43,O,156.54278528855255
CLUSTER_43,P,256.49720762292776
CLUSTER_43,Q,105.53000801429943
CLUSTER_43,R,63.764950466669674
CLUSTER_43,S,90.82873297565318
CLUSTER_43,T,223.8344224121758
CLUSTER_43,U,43.22550566651499
CLUSTER_43,V,34.63543494061848
CLUSTER_43,W,153.1839256345874
CLUSTER_43,X,210.56757977297343
CLUSTER_43,Y,88.21077884500642
CLUSTER_43,Z,60.58485364765755
CLUSTER_43,AA,173.78044057678622
CLUSTER_43,AB,67.7462755462227
CLUSTER_43,AC,127.87877699078466
CLUSTER_43,AD,126.33720093191786
CLUSTER_430,A,181.95924408717752
CLUSTER_430,B,259.6528269145948
CLUSTER_430,C,50.15899091949615
CLUSTER_430,D,299.54779197335665
CLUSTER_430,E,71.85929649685657
CLUSTER_430,F,183.83924455763824
CLUSTER_430,G,205.37668934766452
CLUSTER_430,H,128.08366653555603
CLUSTER_430,I,260.0669210515846
CLUSTER_430,J,83.2642068268379
CLUSTER_430,K,285.84567701954313
CLUSTER_430,L,300.2189134791044
CLUSTER_430,M,329.39012332405133
CLUSTER_430,N,293.75019738545427
CLUSTER_430,O,133.3320388043011
CLUSTER_430,P,10.606894252762027
CLUSTER_430,Q,158.9696707075618
CLUSTER_430,R,202.02205934782333
CLUSTER_430,S,256.84255367373953
CLUSTER_430,T,89.06345823595784
CLUSTER_430,U,300.47458970909156
CLUSTER_430,V,223.32279890956804
CLUSTER_430,W,111.32177955647197
CLUSTER_430,X,54.95389857166136
CLUSTER_430,Y,246.29476444318303
CLUSTER_430,Z,289.18800117019873
CLUSTER_430,AA,160.73246080691052
CLUSTER_430,AB,221.6297834872482
CLUSTER_430,AC,227.45015025743783
CLUSTER_430,AD,133.87806148527562
CLUSTER_431,A,37.54151566134934
CLUSTER_431,B,67.13541879526967
CLUSTER_431,C,163.66388607087802
CLUSTER_431,D,133.45613341084493
CLUSTER_431,E,197.64405733008428
CLUSTER_431,F,93.83266888008947
CLUSTER_431,G,69.09858404898142
CLUSTER_431,H,162.13242907918575
CLUSTER_431,I,64.19896918458304
CLUSTER_431,J,121.0716884445092
CLUSTER_431,K,148.38258525609555
CLUSTER_431,L,111.50214336945972
CLUSTER_431,M,134.51798400925637
CLUSTER_431,N,133.6724458882121
CLUSTER_431,O,109.36860498202128
CLUSTER_431,P,200.04855984485303
CLUSTER_431,Q,52.5787080703779
CLUSTER_431,R,25.546935290479087
CLUSTER_431,S,99.56933814583988
CLUSTER_431,T,172.73207347457125
CLUSTER_431,U,99.2921046339835
CLUSTER_431,V,23.046747334298782
CLUSTER_431,W,97.83794470073764
CLUSTER_431,X,154.39849114761978
CLUSTER_431,Y,87.55733164159042
CLUSTER_431,Z,100.30202138353297
CLUSTER_431,AA,135.42944168726646
CLUSTER_431,AB,56.69576359611142
CLUSTER_431,AC,114.99575839225146
CLUSTER_431,AD,71.56259137648664
CLUSTER_432,A,106.80467208347969
CLUSTER_432,B,27.034034361045215
CLUSTER_432,C,217.4667610314064
CLUSTER_432,D,170.85945979862643
CLUSTER_432,E,223.22060397291347
CLUSTER_432,F,162.61225818275224
CLUSTER_432,G,46.96217430426854
CLUSTER_432,H,229.23117561044705
CLUSTER_432,I,89.08485979788584
CLUSTER_432,J,174.93070093739806
CLUSTER_432,K,198.62220707566524
CLUSTER_432,L,54.595281963795486
CLUSTER_432,M,139.56801585286874
CLUSTER_432,N,64.4806809713277
CLUSTER_432,O,176.40847887089504
CLUSTER_432,P,242.5004228790328
CLUSTER_432,Q,88.06276937065674
CLUSTER_432,R,50.57342591381327
CLUSTER_432,S,149.63812402833045
CLUSTER_432,T,235.0643200014867
CLUSTER_432,U,82.24232182159444
CLUSTER_432,V,66.70048281311372
CLUSTER_432,W,134.8948880810747
CLUSTER_432,X,193.19173886512456
CLUSTER_432,Y,24.950705383122745
CLUSTER_432,Z,123.51431970881701
CLUSTER_432,AA,204.60335957008505
CLUSTER_432,AB,115.61085753839069
CLUSTER_432,AC,178.0444673521866
CLUSTER_432,AD,132.06064977775887
CLUSTER_433,A,78.38303985241797
CLUSTER_433,B,131.74615603123578
CLUSTER_433,C,102.29960687245382
CLUSTER_433,D,204.3793604174765
CLUSTER_433,E,117.59724720885127
CLUSTER_433,F,118.06924863230495
CLUSTER_433,G,79.92577486609036
CLUSTER_433,H,138.75930049814588
CLUSTER_433,I,143.97083803282771
CLUSTER_433,J,62.3997821903061
CLUSTER_433,K,207.6036567463366
CLUSTER_433,L,171.80348237736055
CLUSTER_433,M,214.51527121724632
CLUSTER_433,N,169.4497376350886
CLUSTER_433,O,94.4979033501138
CLUSTER_433,P,125.23493354431805
CLUSTER_433,Q,30.911199924046826
CLUSTER_433,R,74.7623871995441
CLUSTER_433,S,164.4470668018338
CLUSTER_433,T,129.84868948978888
CLUSTER_433,U,176.3973940066445
CLUSTER_433,V,103.12172522308337
CLUSTER_433,W,18.138451691577668
CLUSTER_433,X,76.7865184765279
CLUSTER_433,Y,120.14749951870775
CLUSTER_433,Z,178.73926199417969
CLUSTER_433,AA,134.48001031705806
CLUSTER_433,AB,120.77119981599104
CLUSTER_433,AC,158.08959429682236
CLUSTER_433,AD,46.7370022810239
CLUSTER_434,A,148.65315013263387
CLUSTER_434,B,61.6605398649354
CLUSTER_434,C,248.16283331531326
CLUSTER_434,D,208.87285937218965
CLUSTER_434,E,237.8088158492556
CLUSTER_434,F,205.15444817592913
CLUSTER_434,G,66.181507263712
CLUSTER_434,H,268.1564795095287
CLUSTER_434,I,128.1765384487105
CLUSTER_434,J,206.87172856535372
CLUSTER_434,K,239.44749636504667
CLUSTER_434,L,55.17642484979664
CLUSTER_434,M,167.6199745361962
CLUSTER_434,N,23.7892972233661
CLUSTER_434,O,215.69773855893104
CLUSTER_434,P,266.09415744450394
CLUSTER_434,Q,119.43407026716476
CLUSTER_434,R,89.96066587686146
CLUSTER_434,S,191.0837474312927
CLUSTER_434,T,270.5431133748572
CLUSTER_434,U,107.33493776060475
CLUSTER_434,V,109.73473392279578
CLUSTER_434,W,161.02516762243414
CLUSTER_434,X,216.5080505733643
CLUSTER_434,Y,26.390768034443465
CLUSTER_434,Z,159.43125662682996
CLUSTER_434,AA,245.91916043833623
CLUSTER_434,AB,158.55991612742721
CLUSTER_434,AC,221.06100702682983
CLUSTER_434,AD,168.75202443113193
CLUSTER_435,A,41.5020064227029
CLUSTER_435,B,131.94838596121684
CLUSTER_435,C,98.93628318271016
CLUSTER_435,D,165.06611089523724
CLUSTER_435,E,152.88091865725053
CLUSTER_435,F,68.37910177265115
CLUSTER_435,G,105.44212580086979
CLUSTER_435,H,102.96998204455083
CLUSTER_435,I,119.79898143630027
CLUSTER_435,J,57.60716145812962
CLUSTER_435,K,162.1074489694444
CLUSTER_435,L,176.02606579446538
CLUSTER_435,M,188.8652270693606
CLUSTER_435,N,189.15174636475064
CLUSTER_435,O,51.705511106987316
CLUSTER_435,P,141.11151898199284
CLUSTER_435,Q,52.2759159242962
CLUSTER_435,R,77.43319256046871
CLUSTER_435,S,123.05595488584889
CLUSTER_435,T,107.62547234506428
CLUSTER_435,U,163.41864938176371
CLUSTER_435,V,85.60108839016465
CLUSTER_435,W,58.9474410846757
CLUSTER_435,X,101.35869238564034
CLUSTER_435,Y,139.304737564932
CLUSTER_435,Z,148.9561753288976
CLUSTER_435,AA,88.52467593854959
CLUSTER_435,AB,82.91177486681919
CLUSTER_435,AC,109.65144022010945
CLUSTER_435,AD,6.695421257093285
CLUSTER_436,A,123.05773774170204
CLUSTER_436,B,138.15831821103347
CLUSTER_436,C,251.24734639790194
CLUSTER_436,D,10.13642886613104
CLUSTER_436,E,314.52784451041106
CLUSTER_436,F,119.98605774426134
CLUSTER_436,G,189.0716933188083
CLUSTER_436,H,205.999642336857
CLUSTER_436,I,73.22497104050728
CLUSTER_436,J,216.31966261719762
CLUSTER_436,K,53.500665126325046
CLUSTER_436,L,161.14817614104908
CLUSTER_436,M,63.4092734673865
CLUSTER_436,N,212.95846624323664
CLUSTER_436,O,169.81225969491004
CLUSTER_436,P,300.9786324876618
CLUSTER_436,Q,177.93182692873478
CLUSTER_436,R,148.41792306613638
CLUSTER_436,S,42.63773313050083
CLUSTER_436,T,236.87570501378383
CLUSTER_436,U,103.03380346194241
CLUSTER_436,V,108.83320465199704
CLUSTER_436,W,215.69629186222727
CLUSTER_436,X,263.8599200530426
CLUSTER_436,Y,187.00969340778303
CLUSTER_436,Z,40.993692539274385
CLUSTER_436,AA,163.04083710666697
CLUSTER_436,AB,80.08621258872535
CLUSTER_436,AC,87.26657612590583
CLUSTER_436,AD,169.03995463329392
CLUSTER_437,A,106.81757569962303
CLUSTER_437,B,208.70034352159817
CLUSTER_437,C,69.01423103356319
CLUSTER_437,D,195.40858413753506
CLUSTER_437,E,166.90414600114806
CLUSTER_437,F,77.10679711013287
CLUSTER_437,G,185.1858212135105
CLUSTER_437,H,23.298969256599097
CLUSTER_437,I,180.61123903205853
CLUSTER_437,J,64.51570952035286
CLUSTER_437,K,173.4536065723223
CLUSTER_437,L,253.06385058160706
CLUSTER_437,M,241.40114756768472
CLUSTER_437,N,269.54330173022913
CLUSTER_437,O,32.74199906154484
CLUSTER_437,P,125.01563328086858
CLUSTER_437,Q,130.4822085848663
CLUSTER_437,R,157.13264594280614
CLUSTER_437,S,154.51883360375717
CLUSTER_437,T,39.92253769170554
CLUSTER_437,U,230.89886098654333
CLUSTER_437,V,156.64880497648605
CLUSTER_437,W,112.50384262637262
CLUSTER_437,X,113.14263098488688
CLUSTER_437,Y,219.75831361415314
CLUSTER_437,Z,199.22342838204517
CLUSTER_437,AA,42.399609812156456
CLUSTER_437,AB,131.73431959227224
CLUSTER_437,AC,115.43510312440223
CLUSTER_437,AD,77.74697609936051
CLUSTER_438,A,91.43498578232243
CLUSTER_438,B,194.43055217258737
CLUSTER_438,C,99.90474101059725
CLUSTER_438,D,164.4348342293789
CLUSTER_438,E,193.08576047087905
CLUSTER_438,F,48.456638810471595
CLUSTER_438,G,182.13462308973592
CLUSTER_438,H,39.9574146241725
CLUSTER_438,I,157.86605758881063
CLUSTER_438,J,85.3691755986591
CLUSTER_438,K,140.85955465208804
CLUSTER_438,L,238.33435331396527
CLUSTER_438,M,214.41066015995034
CLUSTER_438,N,261.21404134523357
CLUSTER_438,O,28.44100695368174
CLUSTER_438,P,155.8169453363295
CLUSTER_438,Q,130.22078685191823
CLUSTER_438,R,148.1872320124637
CLUSTER_438,S,124.61220289739538
CLUSTER_438,T,71.90648687462028
CLUSTER_438,U,209.8029046154899
CLUSTER_438,V,139.82247398514275
CLUSTER_438,W,124.54748079347483
CLUSTER_438,X,138.00865570363848
CLUSTER_438,Y,212.70384984818517
CLUSTER_438,Z,172.38766326781982
CLUSTER_438,AA,12.597172375514646
CLUSTER_438,AB,107.35753360047296
CLUSTER_438,AC,83.16903757415227
CLUSTER_438,AD,77.98985278713418
CLUSTER_439,A,74.90928149856438
CLUSTER_439,B,173.0899848532661
CLUSTER_439,C,132.17421881247807
CLUSTER_439,D,127.42753415489445
CLUSTER_439,E,217.78858390814977
CLUSTER_439,F,18.149091755551854
CLUSTER_439,G,173.99619378647677
CLUSTER_439,H,76.12669137538757
CLUSTER_439,I,127.94373989931539
CLUSTER_439,J,108.92258357286276
CLUSTER_439,K,104.80858657673595
CLUSTER_439,L,215.593617715565
CLUSTER_439,M,179.7148240931596
CLUSTER_439,N,245.09948895624632
CLUSTER_439,O,49.59670051951877
CLUSTER_439,P,187.05821046050406
CLUSTER_439,Q,128.11725921279006
CLUSTER_439,R,134.7919609596369
CLUSTER_439,S,88.17926162702754
CLUSTER_439,T,108.67206763917761
CLUSTER_439,U,180.72549350436364
CLUSTER_439,V,117.42868997441064
CLUSTER_439,W,136.28917641560412
CLUSTER_439,X,162.48223979946337
CLUSTER_439,Y,199.02996703674373
CLUSTER_439,Z,138.10029078877113
CLUSTER_439,AA,33.741204487634356
CLUSTER_439,AB,77.19250605143958
CLUSTER_439,AC,46.5098186203645
CLUSTER_439,AD,82.98057913927482
CLUSTER_44,A,117.91395615786179
CLUSTER_44,B,57.906026188874286
CLUSTER_44,C,209.68891581687376
CLUSTER_44,D,198.47559332625443
CLUSTER_44,E,202.3690414203011
CLUSTER_44,F,175.3766261132812
CLUSTER_44,G,27.657721847332812
CLUSTER_44,H,232.49326944161194
CLUSTER_44,I,116.86240395299752
CLUSTER_44,J,168.59465341766727
CLUSTER_44,K,223.2928625164362
CLUSTER_44,L,77.44211742161102
CLUSTER_44,M,170.3730743241138
CLUSTER_44,N,62.01574374704113
CLUSTER_44,O,180.61186149276062
CLUSTER_44,P,228.08806134819204
CLUSTER_44,Q,81.50096427368587
CLUSTER_44,R,58.054749813832956
CLUSTER_44,S,173.78004993586896
CLUSTER_44,T,233.00252137347044
CLUSTER_44,U,113.00785007196667
CLUSTER_44,V,87.6846169008624
CLUSTER_44,W,122.52713093149964
CLUSTER_44,X,178.45970464186712
CLUSTER_44,Y,13.885919533820392
CLUSTER_44,Z,152.6767207306125
CLUSTER_44,AA,213.02956475182404
CLUSTER_44,AB,135.83379398196658
CLUSTER_44,AC,196.85008295192083
CLUSTER_44,AD,132.24337840467095
CLUSTER_440,A,144.60146917735128
CLUSTER_440,B,112.39477949185462
CLUSTER_440,C,282.78176039201
CLUSTER_440,D,68.84884169763599
CLUSTER_440,E,329.92191659733373
CLUSTER_440,F,162.3735617490079
CLUSTER_440,G,177.76847789357802
CLUSTER_440,H,250.77678805383727
CLUSTER_440,I,68.36908996779465
CLUSTER_440,J,243.40757235382387
CLUSTER_440,K,113.08017759060215
CLUSTER_440,L,119.88801937653263
CLUSTER_440,M,3.872397837430798
CLUSTER_440,N,176.08310828725433
CLUSTER_440,O,207.38746463591133
CLUSTER_440,P,327.0570670837267
CLUSTER_440,Q,184.66177585269207
CLUSTER_440,R,145.43246881596355
CLUSTER_440,S,90.30231764445296
CLUSTER_440,T,276.7221805885383
CLUSTER_440,U,61.07211653432577
CLUSTER_440,V,109.57300510827261
CLUSTER_440,W,229.80974670406675
CLUSTER_440,X,284.4456230032706
CLUSTER_440,Y,162.97086549328236
CLUSTER_440,Z,38.74636850632467
CLUSTER_440,AA,209.75590838190362
CLUSTER_440,AB,107.35480892222358
CLUSTER_440,AC,139.60149144146035
CLUSTER_440,AD,192.72274504601182
CLUSTER_441,A,49.39980997617618
CLUSTER_441,B,76.81312526946714
CLUSTER_441,C,188.40569759427413
CLUSTER_441,D,89.86916803433002
CLUSTER_441,E,236.3767655422602
CLUSTER_441,F,83.72517897404073
CLUSTER_441,G,108.4901449708366
CLUSTER_441,H,167.50994941280442
CLUSTER_441,I,30.17115734463263
CLUSTER_441,J,148.17095479324956
CLUSTER_441,K,108.42714397537982
CLUSTER_441,L,116.18287749986754
CLUSTER_441,M,98.26903397317923
CLUSTER_441,N,154.04049761593612
CLUSTER_441,O,118.40327410237094
CLUSTER_441,P,231.53377229178548
CLUSTER_441,Q,94.91686347423402
CLUSTER_441,R,65.8830659820479
CLUSTER_441,S,58.84639963671646
CLUSTER_441,T,187.2904067468655
CLUSTER_441,U,80.73894889618596
CLUSTER_441,V,27.6749412951835
CLUSTER_441,W,136.21597371917719
CLUSTER_441,X,189.25508465339345
CLUSTER_441,Y,115.89086646104944
CLUSTER_441,Z,59.585424261772545
CLUSTER_441,AA,131.9934646322194
CLUSTER_441,AB,25.302199008435903
CLUSTER_441,AC,87.13569613315912
CLUSTER_441,AD,97.29127037390955
CLUSTER_442,A,152.28005123288867
CLUSTER_442,B,194.85544336329457
CLUSTER_442,C,257.23384435995
CLUSTER_442,D,51.50431170828694
CLUSTER_442,E,335.93933692709277
CLUSTER_442,F,123.91322861467674
CLUSTER_442,G,236.63019964306312
CLUSTER_442,H,195.36562793865053
CLUSTER_442,I,128.3060741057394
CLUSTER_442,J,229.78124959249587
CLUSTER_442,K,22.40455997581717
CLUSTER_442,L,221.625731780418
CLUSTER_442,M,121.89534899759003
CLUSTER_442,N,271.61401336727795
CLUSTER_442,O,173.76968743961564
CLUSTER_442,P,311.39521743207945
CLUSTER_442,Q,213.84967959202487
CLUSTER_442,R,193.50427429207883
CLUSTER_442,S,69.76543647048075
CLUSTER_442,T,232.202279956594
CLUSTER_442,U,164.3881512555597
CLUSTER_442,V,155.8229720773621
CLUSTER_442,W,242.69537965160154
CLUSTER_442,X,281.87985537983815
CLUSTER_442,Y,241.2140641364244
CLUSTER_442,Z,101.75723159585664
CLUSTER_442,AA,152.75718180947752
CLUSTER_442,AB,113.40222310960208
CLUSTER_442,AC,79.67406474999696
CLUSTER_442,AD,190.210559787429
CLUSTER_443,A,130.879549485529
CLUSTER_443,B,43.920192672608366
CLUSTER_443,C,235.73678801198574
CLUSTER_443,D,191.2431967673793
CLUSTER_443,E,232.4371469529801
CLUSTER_443,F,187.00000060857013
CLUSTER_443,G,56.28185006641867
CLUSTER_443,H,251.95029721507072
CLUSTER_443,I,110.09919225350387
CLUSTER_443,J,193.78946141159565
CLUSTER_443,K,221.0441995079916
CLUSTER_443,L,48.662734424372196
CLUSTER_443,M,153.16759637590624
CLUSTER_443,N,40.26114106228507
CLUSTER_443,O,199.27000617638387
CLUSTER_443,P,256.86408147965574
CLUSTER_443,Q,106.1231577695598
CLUSTER_443,R,73.12650328641386
CLUSTER_443,S,172.51280268921886
CLUSTER_443,T,255.9764880033807
CLUSTER_443,U,93.35330705158967
CLUSTER_443,V,91.0028863250882
CLUSTER_443,W,150.26319313574803
CLUSTER_443,X,207.24547275116132
CLUSTER_443,Y,16.324961861646436
CLUSTER_443,Z,142.3414897582407
CLUSTER_443,AA,228.48498314589494
CLUSTER_443,AB,139.79536721586138
CLUSTER_443,AC,202.31009581940305
CLUSTER_443,AD,153.44602961838598
CLUSTER_444,A,102.68427960785395
CLUSTER_444,B,197.39862663471416
CLUSTER_444,C,40.58518680964636
CLUSTER_444,D,211.09019787926036
CLUSTER_444,E,130.7286584577711
CLUSTER_444,F,93.93788225246531
CLUSTER_444,G,162.55825935596357
CLUSTER_444,H,57.65749386286146
CLUSTER_444,I,181.38875747166264
CLUSTER_444,J,28.187533758872064
CLUSTER_444,K,195.78416963381815
CLUSTER_444,L,241.29270597890186
CLUSTER_444,M,247.55914963941464
CLUSTER_444,N,250.37248428343378
CLUSTER_444,O,43.256396699627594
CLUSTER_444,P,94.64251351246594
CLUSTER_444,Q,107.49017571670723
CLUSTER_444,R,141.67890833509855
CLUSTER_444,S,168.60290053235056
CLUSTER_444,T,44.079002612845166
CLUSTER_444,U,227.8742126671721
CLUSTER_444,V,150.4697177721301
CLUSTER_444,W,79.71994518807081
CLUSTER_444,X,76.25526386441176
CLUSTER_444,Y,200.19564091231823
CLUSTER_444,Z,205.99221345329613
CLUSTER_444,AA,74.8819553683958
CLUSTER_444,AB,137.23705971396924
CLUSTER_444,AC,137.37440834183798
CLUSTER_444,AD,60.38930099185722
CLUSTER_445,A,115.48186883168667
CLUSTER_445,B,169.82671145620498
CLUSTER_445,C,83.20908010450347
CLUSTER_445,D,242.0511844780638
CLUSTER_445,E,77.2668617214348
CLUSTER_445,F,145.64275649179865
CLUSTER_445,G,110.51806484187998
CLUSTER_445,H,142.41264111049443
CLUSTER_445,I,184.3251378530477
CLUSTER_445,J,56.68572960905289
CLUSTER_445,K,241.6110407957372
CLUSTER_445,L,207.88307911337404
CLUSTER_445,M,254.91588720848205
CLUSTER_445,N,198.36547923834874
CLUSTER_445,O,109.90231429488466
CLUSTER_445,P,90.26489447637564
CLUSTER_445,Q,70.31214117665859
CLUSTER_445,R,114.07037656776481
CLUSTER_445,S,201.03486572869264
CLUSTER_445,T,122.14411474493834
CLUSTER_445,U,216.35214524604578
CLUSTER_445,V,143.5868220509818
CLUSTER_445,W,22.994010385762678
CLUSTER_445,X,40.65505265434792
CLUSTER_445,Y,151.39319250928892
CLUSTER_445,Z,218.68706845427735
CLUSTER_445,AA,150.18799949580557
CLUSTER_445,AB,158.44815420980981
CLUSTER_445,AC,188.623003767328
CLUSTER_445,AD,74.09340072402365
CLUSTER_446,A,115.17590732864575
CLUSTER_446,B,43.65432981738746
CLUSTER_446,C,216.33715402213699
CLUSTER_446,D,187.05295215176648
CLUSTER_446,E,214.5355876672847
CLUSTER_446,F,172.12363706718654
CLUSTER_446,G,37.53029061457571
CLUSTER_446,H,234.0725764252066
CLUSTER_446,I,105.24256270824813
CLUSTER_446,J,174.4646915723309
CLUSTER_446,K,213.72770293573802
CLUSTER_446,L,63.605610858811175
CLUSTER_446,M,156.22538651567805
CLUSTER_446,N,57.645764093474874
CLUSTER_446,O,181.5911711365909
CLUSTER_446,P,237.6726880141195
CLUSTER_446,Q,86.78827947679957
CLUSTER_446,R,55.9735417418424
CLUSTER_446,S,164.46133520730498
CLUSTER_446,T,237.09388503177232
CLUSTER_446,U,98.35020325204748
CLUSTER_446,V,79.68909428459135
CLUSTER_446,W,130.89000497609126
CLUSTER_446,X,188.0769919577402
CLUSTER_446,Y,9.485150993090024
CLUSTER_446,Z,140.14516185665187
CLUSTER_446,AA,212.05299221067335
CLUSTER_446,AB,128.57056900730262
CLUSTER_446,AC,190.5279318968325
CLUSTER_446,AD,134.89423949494494
CLUSTER_447,A,59.57193109226891
CLUSTER_447,B,50.55057856904487
CLUSTER_447,C,195.40510650471674
CLUSTER_447,D,109.93943852319727
CLUSTER_447,E,231.55314574955557
CLUSTER_447,F,105.77795236756357
CLUSTER_447,G,86.75693001084012
CLUSTER_447,H,184.82044270874
CLUSTER_447,I,32.04971350317367
CLUSTER_447,J,153.35074806619792
CLUSTER_447,K,133.44319002946045
CLUSTER_447,L,91.80187348416945
CLUSTER_447,M,100.98663521334001
CLUSTER_447,N,127.31719962308333
CLUSTER_447,O,133.41547019194732
CLUSTER_447,P,233.7381176885991
CLUSTER_447,Q,85.6524244618664
CLUSTER_447,R,47.68064731592727
CLUSTER_447,S,84.08087415850133
CLUSTER_447,T,200.29118030992322
CLUSTER_447,U,66.8788546163885
CLUSTER_447,V,11.282061686735396
CLUSTER_447,W,131.94249529389964
CLUSTER_447,X,188.4899753393041
CLUSTER_447,Y,89.71702341470976
CLUSTER_447,Z,69.71384959884172
CLUSTER_447,AA,152.53797705636944
CLUSTER_447,AB,51.20573476596351
CLUSTER_447,AC,113.64438639145874
CLUSTER_447,AD,102.72626384121044
CLUSTER_448,A,155.95674482477122
CLUSTER_448,B,105.47056898695178
CLUSTER_448,C,295.0342883795552
CLUSTER_448,D,93.6311474177311
CLUSTER_448,E,335.2013703593145
CLUSTER_448,F,180.38046997343608
CLUSTER_448,G,174.532339683918
CLUSTER_448,H,268.51409858652534
CLUSTER_448,I,76.98679420976487
CLUSTER_448,J,254.38775765152198
CLUSTER_448,K,137.76656200968708
CLUSTER_448,L,104.12533766604022
CLUSTER_448,M,21.405986449312966
CLUSTER_448,N,160.93572603045567
CLUSTER_448,O,222.89387168145225
CLUSTER_448,P,336.7170053973321
CLUSTER_448,Q,188.85772402682778
CLUSTER_448,R,147.12147933525904
CLUSTER_448,S,111.96274675033551
CLUSTER_448,T,292.3138967903707
CLUSTER_448,U,50.17225513489629
CLUSTER_448,V,115.14068994490613
CLUSTER_448,W,235.8957204953483
CLUSTER_448,X,292.3107796827752
CLUSTER_448,Y,154.38805825656019
CLUSTER_448,Z,57.30169886715781
CLUSTER_448,AA,228.60502418015827
CLUSTER_448,AB,122.60838626722133
CLUSTER_448,AC,161.25134406371365
CLUSTER_448,AD,203.33927042518349
CLUSTER_449,A,184.86421647701837
CLUSTER_449,B,264.52684840740505
CLUSTER_449,C,50.01341103930635
CLUSTER_449,D,300.9468976252019
CLUSTER_449,E,79.10101369244472
CLUSTER_449,F,184.4396050267376
CLUSTER_449,G,211.28985184849307
CLUSTER_449,H,125.38404763854236
CLUSTER_449,I,263.32095950477935
CLUSTER_449,J,86.0287106066694
CLUSTER_449,K,286.16612481513476
CLUSTER_449,L,305.4449233895194
CLUSTER_449,M,332.3046800041908
CLUSTER_449,N,299.9126964975005
CLUSTER_449,O,133.64725582271964
CLUSTER_449,P,17.81840184769449
CLUSTER_449,Q,164.05484643431913
CLUSTER_449,R,206.81067919282597
CLUSTER_449,S,258.2891845934409
CLUSTER_449,T,85.8090724454321
CLUSTER_449,U,304.5209750555888
CLUSTER_449,V,227.13282861456722
CLUSTER_449,W,116.88514054841914
CLUSTER_449,X,61.53022311098182
CLUSTER_449,Y,252.18898142146284
CLUSTER_449,Z,291.8227324538144
CLUSTER_449,AA,159.45923633360258
CLUSTER_449,AB,223.92723865710005
CLUSTER_449,AC,227.67776582395655
CLUSTER_449,AD,136.97345331414698
CLUSTER_45,A,94.55594530577633
CLUSTER_45,B,193.24742800547625
CLUSTER_45,C,132.3962762750405
CLUSTER_45,D,139.27206893600405
CLUSTER_45,E,224.01650403559853
CLUSTER_45,F,38.31122603018062
CLUSTER_45,G,192.8178919767973
CLUSTER_45,H,65.65942767703028
CLUSTER_45,I,147.02652950027016
CLUSTER_45,J,115.3286318585138
CLUSTER_45,K,111.22349916187501
CLUSTER_45,L,235.68292107626218
CLUSTER_45,M,195.89984846659704
CLUSTER_45,N,265.12175157418625
CLUSTER_45,O,55.35571912782147
CLUSTER_45,P,188.27526476294398
CLUSTER_45,Q,145.27477398222973
CLUSTER_45,R,154.3585989135283
CLUSTER_45,S,102.66029883513725
CLUSTER_45,T,102.45202376688968
CLUSTER_45,U,199.87453134627222
CLUSTER_45,V,137.58645575572294
CLUSTER_45,W,148.77010567839164
CLUSTER_45,X,168.69420959030563
CLUSTER_45,Y,218.77903330130454
CLUSTER_45,Z,154.86917315700782
CLUSTER_45,AA,22.847183043556143
CLUSTER_45,AB,96.55392168121584
CLUSTER_45,AC,56.029993345436104
CLUSTER_45,AD,97.2470628959228
CLUSTER_450,A,108.8308909411079
CLUSTER_450,B,121.38068432335795
CLUSTER_450,C,240.4998620668265
CLUSTER_450,D,25.97264818306536
CLUSTER_450,E,300.23916341535545
CLUSTER_450,F,112.2687265624061
CLUSTER_450,G,171.78179467443184
CLUSTER_450,H,199.93338021255906
CLUSTER_450,I,55.98845757241837
CLUSTER_450,J,204.19994005162116
CLUSTER_450,K,63.457946500177
CLUSTER_450,L,146.10548632110638
CLUSTER_450,M,58.856823416504184
CLUSTER_450,N,196.87554725740466
CLUSTER_450,O,160.60689677006332
CLUSTER_450,P,288.9217460609937
CLUSTER_450,Q,161.84445323462995
CLUSTER_450,R,131.3429498066144
CLUSTER_450,S,36.21602401638631
CLUSTER_450,T,228.85332153314425
CLUSTER_450,U,89.26624569572645
CLUSTER_450,V,91.73430016937338
CLUSTER_450,W,200.85591919800206
CLUSTER_450,X,250.43318016344233
CLUSTER_450,Y,169.8941087823396
CLUSTER_450,Z,26.532703124969927
CLUSTER_450,AA,157.73212535666545
CLUSTER_450,AB,66.25842883640006
CLUSTER_450,AC,85.00483475104967
CLUSTER_450,AD,155.78607347593345
CLUSTER_451,A,17.97073861139829
CLUSTER_451,B,120.88779992179917
CLUSTER_451,C,124.18205716600401
CLUSTER_451,D,133.94935716077813
CLUSTER_451,E,184.11807811898316
CLUSTER_451,F,45.639931947006026
CLUSTER_451,G,112.55728267752765
CLUSTER_451,H,108.30494557331242
CLUSTER_451,I,94.98411367262722
CLUSTER_451,J,85.66033717334798
CLUSTER_451,K,131.57726367542375
CLUSTER_451,L,165.09301556137308
CLUSTER_451,M,161.63536896314758
CLUSTER_451,N,187.42649256991555
CLUSTER_451,O,56.159908734132664
CLUSTER_451,P,170.27844809173703
CLUSTER_451,Q,68.09197955868365
CLUSTER_451,R,74.89005824846687
CLUSTER_451,S,91.83080976510907
CLUSTER_451,T,123.3270491196872
CLUSTER_451,U,142.97586195604924
CLUSTER_451,V,67.78196230534849
CLUSTER_451,W,88.72369061728885
CLUSTER_451,X,132.31096069962555
CLUSTER_451,Y,139.61275865901058
CLUSTER_451,Z,120.6298677056845
CLUSTER_451,AA,81.32389145497903
CLUSTER_451,AB,52.82012294798229
CLUSTER_451,AC,81.57895037052089
CLUSTER_451,AD,37.567147635048265
CLUSTER_452,A,69.45808307814846
CLUSTER_452,B,78.35246268748566
CLUSTER_452,C,154.46482733476665
CLUSTER_452,D,178.29686035964806
CLUSTER_452,E,165.177361473617
CLUSTER_452,F,125.49559328194499
CLUSTER_452,G,33.30674459728626
CLUSTER_452,H,175.1414937348946
CLUSTER_452,I,104.87984562489562
CLUSTER_452,J,112.36907041639158
CLUSTER_452,K,192.70664413907
CLUSTER_452,L,117.43518114858746
CLUSTER_452,M,172.56907346723926
CLUSTER_452,N,118.92381433458073
CLUSTER_452,O,123.83437103697771
CLUSTER_452,P,179.42361146695183
CLUSTER_452,Q,24.743016404305614
CLUSTER_452,R,25.578839602441647
CLUSTER_452,S,144.32397916180494
CLUSTER_452,T,175.4392123199816
CLUSTER_452,U,127.05595101452683
CLUSTER_452,V,63.91115880999001
CLUSTER_452,W,71.74742045745096
CLUSTER_452,X,130.45861602007622
CLUSTER_452,Y,68.75436981612624
CLUSTER_452,Z,142.39215236377794
CLUSTER_452,AA,158.27033534652435
CLUSTER_452,AB,100.67338925338478
CLUSTER_452,AC,154.82105318690196
CLUSTER_452,AD,74.63451019409818
CLUSTER_453,A,56.87739698881757
CLUSTER_453,B,126.1184999234346
CLUSTER_453,C,175.63984286462164
CLUSTER_453,D,76.19519921014253
CLUSTER_453,E,243.52369780421452
CLUSTER_453,F,46.60609427818043
CLUSTER_453,G,148.63326452783178
CLUSTER_453,H,134.95233124694772
CLUSTER_453,I,70.43750570787867
CLUSTER_453,J,141.61084390799826
CLUSTER_453,K,73.25466341186079
CLUSTER_453,L,164.93737740129384
CLUSTER_453,M,119.48857682630933
CLUSTER_453,N,203.01695509909993
CLUSTER_453,O,94.5552535385277
CLUSTER_453,P,225.9920068222275
CLUSTER_453,Q,119.01872123358025
CLUSTER_453,R,105.04473741460112
CLUSTER_453,S,33.4740097801564
CLUSTER_453,T,162.72476186624817
CLUSTER_453,U,122.99726892271507
CLUSTER_453,V,73.72791610435898
CLUSTER_453,W,147.80215302160406
CLUSTER_453,X,190.9980868037181
CLUSTER_453,Y,162.71387190034497
CLUSTER_453,Z,77.63710876696017
CLUSTER_453,AA,94.1042162222145
CLUSTER_453,AB,24.78315939091556
CLUSTER_453,AC,37.87045538479795
CLUSTER_453,AD,96.85437424659798
CLUSTER_454,A,79.84466916564695
CLUSTER_454,B,148.1900148870079
CLUSTER_454,C,81.74882875812747
CLUSTER_454,D,206.09930230957366
CLUSTER_454,E,111.66652641308359
CLUSTER_454,F,109.40875574965665
CLUSTER_454,G,100.63652336190505
CLUSTER_454,H,119.26496775222374
CLUSTER_454,I,152.63328297775723
CLUSTER_454,J,41.118033860362615
CLUSTER_454,K,204.73378448255372
CLUSTER_454,L,189.63598013545862
CLUSTER_454,M,223.17800487350985
CLUSTER_454,N,190.02858227821693
CLUSTER_454,O,78.39310709787046
CLUSTER_454,P,109.70317057324283
CLUSTER_454,Q,48.4020696263642
CLUSTER_454,R,90.44867986071367
CLUSTER_454,S,164.6788725069488
CLUSTER_454,T,108.64550725052116
CLUSTER_454,U,189.48623862461793
CLUSTER_454,V,113.47552427249023
CLUSTER_454,W,17.92302726428099
CLUSTER_454,X,63.87071336033129
CLUSTER_454,Y,140.3932363643956
CLUSTER_454,Z,185.35591367482053
CLUSTER_454,AA,118.99421582234551
CLUSTER_454,AB,122.78089340215465
CLUSTER_454,AC,151.9256877011383
CLUSTER_454,AD,37.299591683023365
CLUSTER_455,A,143.26392712401713
CLUSTER_455,B,229.95411467163035
CLUSTER_455,C,5.1092339127099455
CLUSTER_455,D,256.40220242482604
CLUSTER_455,E,98.84285025294767
CLUSTER_455,F,139.50103278158434
CLUSTER_455,G,184.12463056173814
CLUSTER_455,H,86.0047766052247
CLUSTER_455,I,222.2827286278907
CLUSTER_455,J,46.21148866926526
CLUSTER_455,K,241.21308730212365
CLUSTER_455,L,272.52522290603025
CLUSTER_455,M,290.18446717431794
CLUSTER_455,N,273.6543046891099
CLUSTER_455,O,88.68675066329457
CLUSTER_455,P,51.01616285710872
CLUSTER_455,Q,132.17390339213046
CLUSTER_455,R,172.39891977317228
CLUSTER_455,S,213.81604126068615
CLUSTER_455,T,50.29836858548708
CLUSTER_455,U,265.97511624251985
CLUSTER_455,V,188.12523850686003
CLUSTER_455,W,90.39074752877538
CLUSTER_455,X,53.52993524553323
CLUSTER_455,Y,224.25479770102191
CLUSTER_455,Z,249.14516461248138
CLUSTER_455,AA,115.97099703221298
CLUSTER_455,AB,180.73095016075837
CLUSTER_455,AC,182.73573161266896
CLUSTER_455,AD,96.52292719712698
CLUSTER_456,A,101.11136788145924
CLUSTER_456,B,150.2024389958252
CLUSTER_456,C,215.4620988596853
CLUSTER_456,D,39.887903226081505
CLUSTER_456,E,287.85135771215425
CLUSTER_456,F,81.2172457531268
CLUSTER_456,G,186.21810694788755
CLUSTER_456,H,163.76079083958106
CLUSTER_456,I,84.77547689252694
CLUSTER_456,J,184.1496781204415
CLUSTER_456,K,30.213609623579654
CLUSTER_456,L,182.26989441242858
CLUSTER_456,M,104.41404311050533
CLUSTER_456,N,228.1118910074714
CLUSTER_456,O,132.20478403458432
CLUSTER_456,P,267.70585473184394
CLUSTER_456,Q,162.34387171813577
CLUSTER_456,R,142.78305072215053
CLUSTER_456,S,20.022113667745845
CLUSTER_456,T,196.65703722143468
CLUSTER_456,U,129.84942380242188
CLUSTER_456,V,106.18757023737791
CLUSTER_456,W,192.5899133567448
CLUSTER_456,X,234.7649058386311
CLUSTER_456,Y,193.75252720667166
CLUSTER_456,Z,69.78021358467556
CLUSTER_456,AA,120.41974353913666
CLUSTER_456,AB,61.925364247605394
CLUSTER_456,AC,43.39733088088506
CLUSTER_456,AD,141.27799571678094
CLUSTER_457,A,135.7723320150577
CLUSTER_457,B,174.0498424006029
CLUSTER_457,C,248.0790909903196
CLUSTER_457,D,31.99141086866128
CLUSTER_457,E,322.63531677684085
CLUSTER_457,F,113.63195904597933
CLUSTER_457,G,216.99549960202435
CLUSTER_457,H,191.187771637901
CLUSTER_457,I,107.51402634914618
CLUSTER_457,J,218.19784655743746
CLUSTER_457,K,15.891203363915222
CLUSTER_457,L,200.91151684055043
CLUSTER_457,M,104.10222339510604
CLUSTER_457,N,250.76393795257673
CLUSTER_457,O,164.46517066512678
CLUSTER_457,P,301.1670394274533
CLUSTER_457,Q,196.40135101334408
CLUSTER_457,R,174.14867968279248
CLUSTER_457,S,50.94847049071823
CLUSTER_457,T,226.30783345378174
CLUSTER_457,U,144.00575513638296
CLUSTER_457,V,135.97427388560752
CLUSTER_457,W,227.52077147690093
CLUSTER_457,X,269.3091468372372
CLUSTER_457,Y,220.6464066548603
CLUSTER_457,Z,81.27403992398548
CLUSTER_457,AA,147.87881429816227
CLUSTER_457,AB,95.3316209087457
CLUSTER_457,AC,71.34537935737647
CLUSTER_457,AD,176.1434685003076
CLUSTER_458,A,90.16090906174914
CLUSTER_458,B,27.212251648518276
CLUSTER_458,C,223.08815014183756
CLUSTER_458,D,120.17832692864334
CLUSTER_458,E,250.54976036214734
CLUSTER_458,F,136.43664953266972
CLUSTER_458,G,88.19166007044433
CLUSTER_458,H,215.87376711615852
CLUSTER_458,I,39.49249295537397
CLUSTER_458,J,180.4789734134371
CLUSTER_458,K,151.24200600704074
CLUSTER_458,L,62.050873359092336
CLUSTER_458,M,90.49157470399894
CLUSTER_458,N,104.43326768540176
CLUSTER_458,O,164.23073375624054
CLUSTER_458,P,258.2868687987827
CLUSTER_458,Q,104.64084309316866
CLUSTER_458,R,61.23225637411061
CLUSTER_458,S,104.01473989814053
CLUSTER_458,T,230.41278164579055
CLUSTER_458,U,41.40453685181194
CLUSTER_458,V,40.36276969527853
CLUSTER_458,W,153.1878007971308
CLUSTER_458,X,211.37023597594342
CLUSTER_458,Y,76.56566096451296
CLUSTER_458,Z,71.8453336316417
CLUSTER_458,AA,183.5773944637953
CLUSTER_458,AB,79.44320116771449
CLUSTER_458,AC,140.39411673541076
CLUSTER_458,AD,130.813486411323
CLUSTER_459,A,68.15012513788854
CLUSTER_459,B,104.95585336556812
CLUSTER_459,C,127.7695662445592
CLUSTER_459,D,189.25143947259704
CLUSTER_459,E,140.99042797919546
CLUSTER_459,F,117.97311050994452
CLUSTER_459,G,55.378344528572235
CLUSTER_459,H,154.9525710214174
CLUSTER_459,I,122.57834694763027
CLUSTER_459,J,86.2689200729192
CLUSTER_459,K,197.74300367492245
CLUSTER_459,L,144.77769827990346
CLUSTER_459,M,192.4137499819942
CLUSTER_459,N,144.28377468054697
CLUSTER_459,O,105.99402517976883
CLUSTER_459,P,152.2029908902747
CLUSTER_459,Q,6.089346074070763
CLUSTER_459,R,48.69429045683021
CLUSTER_459,S,151.65238971797092
CLUSTER_459,T,151.35670144509936
CLUSTER_459,U,151.13554037257416
CLUSTER_459,V,80.97462788502172
CLUSTER_459,W,44.64642310911847
CLUSTER_459,X,103.47959850089948
CLUSTER_459,Y,94.44522390952247
CLUSTER_459,Z,158.83335455548604
CLUSTER_459,AA,143.54505710379857
CLUSTER_459,AB,107.15083564912935
CLUSTER_459,AC,153.31957396793376
CLUSTER_459,AD,55.27481422125125
CLUSTER_46,A,118.08788479341865
CLUSTER_46,B,202.91725587683422
CLUSTER_46,C,24.388782202844585
CLUSTER_46,D,235.18114694927147
CLUSTER_46,E,99.54791578549772
CLUSTER_46,F,121.05540955741584
CLUSTER_46,G,157.92956525462614
CLUSTER_46,H,85.689738432116
CLUSTER_46,I,196.81573924930422
CLUSTER_46,J,19.5378038049727
CLUSTER_46,K,223.27864066263803
CLUSTER_46,L,245.48186220512162
CLUSTER_46,M,265.473143544986
CLUSTER_46,N,247.3883803898694
CLUSTER_46,O,72.17631925510959
CLUSTER_46,P,67.08218550484979
CLUSTER_46,Q,105.34158744306026
CLUSTER_46,R,145.3492796807578
CLUSTER_46,S,192.45947718129955
CLUSTER_46,T,59.71695139553926
CLUSTER_46,U,239.52627675899564
CLUSTER_46,V,161.74157172079128
CLUSTER_46,W,65.59674216392153
CLUSTER_46,X,45.5832683615647
CLUSTER_46,Y,197.77896985368278
CLUSTER_46,Z,224.91257630508886
CLUSTER_46,AA,106.07232846165806
CLUSTER_46,AB,157.08257677306193
CLUSTER_46,AC,165.36347088605729
CLUSTER_46,AD,70.5278116174298
CLUSTER_460,A,106.53121157627422
CLUSTER_460,B,149.65765137683135
CLUSTER_460,C,103.15619423766603
CLUSTER_460,D,232.2547668369487
CLUSTER_460,E,93.85259507801348
CLUSTER_460,F,144.69459597628654
CLUSTER_460,G,88.27986417631276
CLUSTER_460,H,154.57932642449842
CLUSTER_460,I,169.44649557624115
CLUSTER_460,J,70.77881726764828
CLUSTER_460,K,235.75601833156463
CLUSTER_460,L,186.54051622544736
CLUSTER_460,M,239.58216609971885
CLUSTER_460,N,175.8117883774915
CLUSTER_460,O,115.85580127988342
CLUSTER_460,P,112.73423725942706
CLUSTER_460,Q,52.997336613902654
CLUSTER_460,R,95.46998457521497
CLUSTER_460,S,192.56675706537786
CLUSTER_460,T,138.77568592460858
CLUSTER_460,U,198.0379314316959
CLUSTER_460,V,128.00727912360523
CLUSTER_460,W,19.75250579408349
CLUSTER_460,X,63.179128205455136
CLUSTER_460,Y,129.07606973262014
CLUSTER_460,Z,205.0906118157503
CLUSTER_460,AA,156.47136199627755
CLUSTER_460,AB,148.7456683651737
CLUSTER_460,AC,185.65985810196509
CLUSTER_460,AD,72.32622007224224
CLUSTER_461,A,145.76088294573
CLUSTER_461,B,248.79343636660036
CLUSTER_461,C,93.38841793316087
CLUSTER_461,D,215.26066004755685
CLUSTER_461,E,196.0411981441643
CLUSTER_461,F,104.21749340953282
CLUSTER_461,G,228.7451111291359
CLUSTER_461,H,20.6538309244068
CLUSTER_461,I,214.32518219108925
CLUSTER_461,J,104.02527034489873
CLUSTER_461,K,185.67140613251516
CLUSTER_461,L,293.0049644157587
CLUSTER_461,M,269.5942355765303
CLUSTER_461,N,312.17744636158665
CLUSTER_461,O,73.13583180953356
CLUSTER_461,P,144.97934376702617
CLUSTER_461,Q,174.1985781091697
CLUSTER_461,R,199.28068487104153
CLUSTER_461,S,177.78841250794193
CLUSTER_461,T,47.559209220476234
CLUSTER_461,U,266.2180651952318
CLUSTER_461,V,195.07967006836884
CLUSTER_461,W,154.75821015078085
CLUSTER_461,X,146.05625626385964
CLUSTER_461,Y,262.6477880115831
CLUSTER_461,Z,227.8159244317275
CLUSTER_461,AA,56.21314351671695
CLUSTER_461,AB,163.76104544902574
CLUSTER_461,AC,132.020618592931
CLUSTER_461,AD,121.27343869358585
CLUSTER_462,A,102.1104053020131
CLUSTER_462,B,152.06399949174042
CLUSTER_462,C,94.63665326883604
CLUSTER_462,D,228.444875074698
CLUSTER_462,E,93.68212621053621
CLUSTER_462,F,137.61058997873377
CLUSTER_462,G,93.40826249632674
CLUSTER_462,H,145.25560106927992
CLUSTER_462,I,168.09477499128425
CLUSTER_462,J,61.44246997231038
CLUSTER_462,K,230.3880695454386
CLUSTER_462,L,190.19222229359966
CLUSTER_462,M,238.54819093422122
CLUSTER_462,N,181.8960981870921
CLUSTER_462,O,107.1580345086799
CLUSTER_462,P,107.37766888954512
CLUSTER_462,Q,52.929212775932925
CLUSTER_462,R,96.50167950439199
CLUSTER_462,S,188.15326522072598
CLUSTER_462,T,129.530205244888
CLUSTER_462,U,198.9231334734814
CLUSTER_462,V,127.01049469583653
CLUSTER_462,W,11.145467861453957
CLUSTER_462,X,57.77818317259739
CLUSTER_462,Y,134.32825450374276
CLUSTER_462,Z,203.07090398682098
CLUSTER_462,AA,147.7955812981004
CLUSTER_462,AB,144.77783117038967
CLUSTER_462,AC,179.25472848424297
CLUSTER_462,AD,65.12124528088827
CLUSTER_463,A,139.71612394151558
CLUSTER_463,B,78.52515306974793
CLUSTER_463,C,220.95440373291856
CLUSTER_463,D,221.82526506803205
CLUSTER_463,E,202.38368396073204
CLUSTER_463,F,197.19745286005679
CLUSTER_463,G,42.04511424920494
CLUSTER_463,H,250.1055905441375
CLUSTER_463,I,140.08034331330006
CLUSTER_463,J,181.4031305071104
CLUSTER_463,K,247.06191066350456
CLUSTER_463,L,88.48042398761598
CLUSTER_463,M,190.86239473745675
CLUSTER_463,N,55.69532237904227
CLUSTER_463,O,199.0960509725566
CLUSTER_463,P,234.01231901950047
CLUSTER_463,Q,96.87833496463413
CLUSTER_463,R,80.29956857129085
CLUSTER_463,S,197.55465488395132
CLUSTER_463,T,247.71072541887003
CLUSTER_463,U,132.0723302642127
CLUSTER_463,V,111.43076532136324
CLUSTER_463,W,132.14139738685813
CLUSTER_463,X,184.7837678871555
CLUSTER_463,Y,27.874873866390832
CLUSTER_463,Z,175.34947279374595
CLUSTER_463,AA,233.09374907683295
CLUSTER_463,AB,159.41514164641825
CLUSTER_463,AC,220.09664003547292
CLUSTER_463,AD,149.48587450387734
CLUSTER_464,A,44.45416087011889
CLUSTER_464,B,58.90321748598615
CLUSTER_464,C,173.01406576711403
CLUSTER_464,D,129.26189228179106
CLUSTER_464,E,205.94786800306179
CLUSTER_464,F,99.06359466185042
CLUSTER_464,G,69.56065979031222
CLUSTER_464,H,170.13943086453003
CLUSTER_464,I,56.716639646407494
CLUSTER_464,J,130.43387107592815
CLUSTER_464,K,146.82489986095072
CLUSTER_464,L,103.2123281660981
CLUSTER_464,M,126.51017501446448
CLUSTER_464,N,128.02759742984264
CLUSTER_464,O,117.52266657740553
CLUSTER_464,P,209.26438503650215
CLUSTER_464,Q,60.12459331615143
CLUSTER_464,R,26.338762751082665
CLUSTER_464,S,97.49135383089343
CLUSTER_464,T,181.62275914568778
CLUSTER_464,U,89.98004292922322
CLUSTER_464,V,15.055970387599578
CLUSTER_464,W,106.43923220553786
CLUSTER_464,X,163.38579948825898
CLUSTER_464,Y,83.54107149721153
CLUSTER_464,Z,93.5953998976177
CLUSTER_464,AA,142.16618680816947
CLUSTER_464,AB,56.43443107410647
CLUSTER_464,AC,116.96123054579175
CLUSTER_464,AD,80.83292810791316
CLUSTER_465,A,132.06452404527778
CLUSTER_465,B,224.1714885518351
CLUSTER_465,C,15.825401453109482
CLUSTER_465,D,240.169601096945
CLUSTER_465,E,117.99243084424853
CLUSTER_465,F,122.13613195806457
CLUSTER_465,G,183.91660187501978
CLUSTER_465,H,65.66159107620035
CLUSTER_465,I,210.96637199390617
CLUSTER_465,J,42.497231276099804
CLUSTER_465,K,223.05489058634106
CLUSTER_465,L,267.6071991096992
CLUSTER_465,M,277.40383010924637
CLUSTER_465,N,272.9913538598489
CLUSTER_465,O,71.13779356781393
CLUSTER_465,P,71.4473334136283
CLUSTER_465,Q,129.9554582061464
CLUSTER_465,R,167.42156376248062
CLUSTER_465,S,197.84473275910165
CLUSTER_465,T,32.5010707524407
CLUSTER_465,U,256.76192743920717
CLUSTER_465,V,179.08100270770902
CLUSTER_465,W,93.65073009151283
CLUSTER_465,X,68.84521893296613
CLUSTER_465,Y,223.03036382791228
CLUSTER_465,Z,235.8496400518607
CLUSTER_465,AA,95.83623006006093
CLUSTER_465,AB,167.09254837357332
CLUSTER_465,AC,164.52356170286254
CLUSTER_465,AD,87.78964373592466
CLUSTER_466,A,80.1692483368142
CLUSTER_466,B,49.74541281419257
CLUSTER_466,C,217.85948515465572
CLUSTER_466,D,98.36043759894199
CLUSTER_466,E,254.73332693434932
CLUSTER_466,F,119.75601462805545
CLUSTER_466,G,103.14861049429264
CLUSTER_466,H,202.82831808533896
CLUSTER_466,I,16.826808247018572
CLUSTER_466,J,176.11468689716656
CLUSTER_466,K,128.46553679351933
CLUSTER_466,L,82.94169226912844
CLUSTER_466,M,78.59169483744031
CLUSTER_466,N,127.22075147213972
CLUSTER_466,O,152.6635061079756
CLUSTER_466,P,257.0230599619855
CLUSTER_466,Q,108.56230998277132
CLUSTER_466,R,68.45553674263165
CLUSTER_466,S,81.34914900727962
CLUSTER_466,T,220.70739543974307
CLUSTER_466,U,45.636080611737974
CLUSTER_466,V,34.66266610540119
CLUSTER_466,W,155.28890917911102
CLUSTER_466,X,211.90894597769
CLUSTER_466,Y,97.45915383003815
CLUSTER_466,Z,52.090540999482464
CLUSTER_466,AA,167.99073195564398
CLUSTER_466,AB,60.479487545678246
CLUSTER_466,AC,119.41818032555254
CLUSTER_466,AD,125.248054765097
CLUSTER_467,A,160.51760547985154
CLUSTER_467,B,252.44412504043484
CLUSTER_467,C,28.35976650855681
CLUSTER_467,D,265.8336444760489
CLUSTER_467,E,119.70742934157363
CLUSTER_467,F,147.14697111612765
CLUSTER_467,G,210.0674572908207
CLUSTER_467,H,77.39874755597432
CLUSTER_467,I,239.31226239313335
CLUSTER_467,J,69.33481975906864
CLUSTER_467,K,246.280545714021
CLUSTER_467,L,295.7042269083016
CLUSTER_467,M,305.25294434208763
CLUSTER_467,N,299.4702282930825
CLUSTER_467,O,96.68437979868312
CLUSTER_467,P,62.98734682489375
CLUSTER_467,Q,156.94458738915998
CLUSTER_467,R,195.44993360336235
CLUSTER_467,S,223.87647911838528
CLUSTER_467,T,37.22864078754564
CLUSTER_467,U,285.3486730987308
CLUSTER_467,V,207.67753930829232
CLUSTER_467,W,117.41638367402558
CLUSTER_467,X,80.18734935402567
CLUSTER_467,Y,249.73956463787866
CLUSTER_467,Z,263.5284993584341
CLUSTER_467,AA,114.98688479399897
CLUSTER_467,AB,194.74583570051115
CLUSTER_467,AC,187.96582192052074
CLUSTER_467,AD,116.33873573183679
CLUSTER_468,A,107.92377953887862
CLUSTER_468,B,195.00711324223937
CLUSTER_468,C,32.03713212693096
CLUSTER_468,D,224.26321029456284
CLUSTER_468,E,108.58338725938697
CLUSTER_468,F,110.19509367101178
CLUSTER_468,G,152.7794268668653
CLUSTER_468,H,79.72223087899147
CLUSTER_468,I,186.83137590202097
CLUSTER_468,J,11.414950348666727
CLUSTER_468,K,212.402501958603
CLUSTER_468,L,237.98905343719315
CLUSTER_468,M,255.171187910408
CLUSTER_468,N,241.95005829504746
CLUSTER_468,O,61.72007035783207
CLUSTER_468,P,78.03008136599179
CLUSTER_468,Q,99.09086821084394
CLUSTER_468,R,137.72607159491358
CLUSTER_468,S,181.54275436525378
CLUSTER_468,T,58.548859298274316
CLUSTER_468,U,230.2923320236712
CLUSTER_468,V,152.4393825642523
CLUSTER_468,W,63.16760032861006
CLUSTER_468,X,53.6819577572608
CLUSTER_468,Y,192.06131575926872
CLUSTER_468,Z,214.44717740146177
CLUSTER_468,AA,96.81262504594199
CLUSTER_468,AB,146.44400688509165
CLUSTER_468,AC,154.55815387359755
CLUSTER_468,AD,60.84740363293891
CLUSTER_469,A,31.061755198607553
CLUSTER_469,B,87.59580038600303
CLUSTER_469,C,140.54504257613
CLUSTER_469,D,148.90500257366574
CLUSTER_469,E,175.50996834930623
CLUSTER_469,F,87.30477759354814
CLUSTER_469,G,70.06521231447773
CLUSTER_469,H,144.96956897471856
CLUSTER_469,I,86.14043372834414
CLUSTER_469,J,97.78113115661219
CLUSTER_469,K,158.02118078135496
CLUSTER_469,L,131.58970708081833
CLUSTER_469,M,156.78072385390615
CLUSTER_469,N,147.00772695224018
CLUSTER_469,O,92.22177681952458
CLUSTER_469,P,176.37527177297946
CLUSTER_469,Q,34.403053316610276
CLUSTER_469,R,33.935123097859915
CLUSTER_469,S,111.32593261342349
CLUSTER_469,T,152.06990138409373
CLUSTER_469,U,122.95661850762889
CLUSTER_469,V,46.271005036067976
CLUSTER_469,W,75.32217057898178
CLUSTER_469,X,130.99917642756748
CLUSTER_469,Y,98.09967108044212
CLUSTER_469,Z,120.70343177872296
CLUSTER_469,AA,122.96323091528681
CLUSTER_469,AB,66.8197519123288
CLUSTER_469,AC,116.87670017859085
CLUSTER_469,AD,49.41903591721489
CLUSTER_47,A,198.85275844054158
CLUSTER_47,B,255.51556510758456
CLUSTER_47,C,97.70406737051368
CLUSTER_47,D,324.0809716177764
CLUSTER_47,E,17.01398054726233
CLUSTER_47,F,216.6519257274375
CLUSTER_47,G,191.30206064236623
CLUSTER_47,H,179.09392230432914
CLUSTER_47,I,271.127054639759
CLUSTER_47,J,110.77566518502086
CLUSTER_47,K,317.8737841368644
CLUSTER_47,L,291.24839961366877
CLUSTER_47,M,341.77421481940695
CLUSTER_47,N,273.57317847381523
CLUSTER_47,O,170.17469622026286
CLUSTER_47,P,49.70207939525988
CLUSTER_47,Q,157.48173049307897
CLUSTER_47,R,200.97555802101067
CLUSTER_47,S,281.91672443395464
CLUSTER_47,T,143.2043043820057
CLUSTER_47,U,303.4715085327014
CLUSTER_47,V,230.73656064854984
CLUSTER_47,W,109.8526324230497
CLUSTER_47,X,58.191665605558626
CLUSTER_47,Y,230.8707632875908
CLUSTER_47,Z,304.62716941617845
CLUSTER_47,AA,204.60701304871347
CLUSTER_47,AB,241.52692808595765
CLUSTER_47,AC,261.23168939929974
CLUSTER_47,AD,152.5848634929848
CLUSTER_470,A,105.80613157102742
CLUSTER_470,B,186.69824183316888
CLUSTER_470,C,181.7446651449255
CLUSTER_470,D,95.6089140857773
CLUSTER_470,E,268.0086019618672
CLUSTER_470,F,56.34662693039644
CLUSTER_470,G,204.7603579365978
CLUSTER_470,H,116.52740506616787
CLUSTER_470,I,128.10183222806663
CLUSTER_470,J,159.29424597795668
CLUSTER_470,K,61.264377877776774
CLUSTER_470,L,224.78166188511594
CLUSTER_470,M,161.02339063544645
CLUSTER_470,N,263.57609265495086
CLUSTER_470,O,100.03227400977467
CLUSTER_470,P,237.08286486003826
CLUSTER_470,Q,166.69464160338222
CLUSTER_470,R,162.0286433335541
CLUSTER_470,S,68.33041133382191
CLUSTER_470,T,153.77336906620147
CLUSTER_470,U,178.8515332225172
CLUSTER_470,V,133.9160584222977
CLUSTER_470,W,183.01883561123128
CLUSTER_470,X,212.7806686337055
CLUSTER_470,Y,222.34860804185152
CLUSTER_470,Z,123.70891467800573
CLUSTER_470,AA,74.17394611271277
CLUSTER_470,AB,85.26724561300921
CLUSTER_470,AC,22.749692558780485
CLUSTER_470,AD,128.8212578914285
CLUSTER_471,A,120.22804163147815
CLUSTER_471,B,222.4614380797046
CLUSTER_471,C,72.0188559450537
CLUSTER_471,D,203.71720084621293
CLUSTER_471,E,172.94907744833935
CLUSTER_471,F,86.75029429707187
CLUSTER_471,G,199.1944126242251
CLUSTER_471,H,10.774936634520916
CLUSTER_471,I,192.85388697150137
CLUSTER_471,J,74.99070132975275
CLUSTER_471,K,179.31173099548255
CLUSTER_471,L,266.81408360554275
CLUSTER_471,M,252.25638019642457
CLUSTER_471,N,283.6362713604917
CLUSTER_471,O,46.14495624774377
CLUSTER_471,P,127.1188763754594
CLUSTER_471,Q,144.4088116084146
CLUSTER_471,R,171.18525419874712
CLUSTER_471,S,163.67454705296947
CLUSTER_471,T,34.09762556300555
CLUSTER_471,U,243.6220680274583
CLUSTER_471,V,170.02572597749554
CLUSTER_471,W,124.79841651431569
CLUSTER_471,X,120.56350392851527
CLUSTER_471,Y,233.85346445234472
CLUSTER_471,Z,210.10339211932376
CLUSTER_471,AA,45.718241630545364
CLUSTER_471,AB,143.37087601843754
CLUSTER_471,AC,122.18653180148478
CLUSTER_471,AD,91.7916998644352
CLUSTER_472,A,82.53074775647882
CLUSTER_472,B,173.83097117021964
CLUSTER_472,C,152.70219829719767
CLUSTER_472,D,110.60863348733376
CLUSTER_472,E,237.66994390766112
CLUSTER_472,F,27.496213986553315
CLUSTER_472,G,182.74837445627603
CLUSTER_472,H,93.19576428183301
CLUSTER_472,I,122.35594378294093
CLUSTER_472,J,129.00411386581015
CLUSTER_472,K,84.9353478571995
CLUSTER_472,L,214.7410608849876
CLUSTER_472,M,167.68834675155787
CLUSTER_472,N,248.45124905626594
CLUSTER_472,O,70.0907133131825
CLUSTER_472,P,207.62345149031518
CLUSTER_472,Q,140.64511440015005
CLUSTER_472,R,141.49899278732994
CLUSTER_472,S,74.04377815269736
CLUSTER_472,T,127.84427328461943
CLUSTER_472,U,175.03315144996193
CLUSTER_472,V,118.74802962874551
CLUSTER_472,W,153.58936563364753
CLUSTER_472,X,182.4571476035637
CLUSTER_472,Y,204.3595748684345
CLUSTER_472,Z,127.10768602479106
CLUSTER_472,AA,49.76564639590894
CLUSTER_472,AB,73.42154181987165
CLUSTER_472,AC,27.629284859390427
CLUSTER_472,AD,99.55386163499143
CLUSTER_473,A,98.79530325468922
CLUSTER_473,B,120.49134763147072
CLUSTER_473,C,229.08047933828092
CLUSTER_473,D,30.03160605340744
CLUSTER_473,E,290.3023563249225
CLUSTER_473,F,100.47701192207236
CLUSTER_473,G,166.7868358741308
CLUSTER_473,H,188.17958012863104
CLUSTER_473,I,53.99741496020374
CLUSTER_473,J,193.1626294251803
CLUSTER_473,K,59.32274722009661
CLUSTER_473,L,148.36678800534065
CLUSTER_473,M,69.33291029634003
CLUSTER_473,N,197.26399963483126
CLUSTER_473,O,148.90621749733288
CLUSTER_473,P,277.8864239498834
CLUSTER_473,Q,153.64082708524882
CLUSTER_473,R,125.28306453884235
CLUSTER_473,S,24.881627805119006
CLUSTER_473,T,217.07893927546436
CLUSTER_473,U,93.59025519250737
CLUSTER_473,V,85.90099565918293
CLUSTER_473,W,191.31655703487496
CLUSTER_473,X,239.97655128492642
CLUSTER_473,Y,167.61287434025692
CLUSTER_473,Z,32.52006709317487
CLUSTER_473,AA,146.05749119697296
CLUSTER_473,AB,55.89684464008202
CLUSTER_473,AC,74.10860207524854
CLUSTER_473,AD,145.20614402942238
CLUSTER_474,A,136.5231610889089
CLUSTER_474,B,89.46678581227657
CLUSTER_474,C,275.60273318210653
CLUSTER_474,D,86.45828883794167
CLUSTER_474,E,315.72987754436787
CLUSTER_474,F,162.99909127632284
CLUSTER_474,G,157.08393240636934
CLUSTER_474,H,250.76335420026888
CLUSTER_474,I,57.47197933929422
CLUSTER_474,J,234.8177746893206
CLUSTER_474,K,129.31036733380378
CLUSTER_474,L,94.79234590052901
CLUSTER_474,M,24.076938941309354
CLUSTER_474,N,151.02180048550784
CLUSTER_474,O,204.31146333906068
CLUSTER_474,P,317.04156219536367
CLUSTER_474,Q,169.44870880496038
CLUSTER_474,R,128.09380115483745
CLUSTER_474,S,98.00391014950189
CLUSTER_474,T,273.66487795287657
CLUSTER_474,U,36.2516087116532
CLUSTER_474,V,95.4966517762271
CLUSTER_474,W,216.3051139338813
CLUSTER_474,X,272.6316623678732
CLUSTER_474,Y,139.52462676629366
CLUSTER_474,Z,42.62050421418686
CLUSTER_474,AA,211.54252168392082
CLUSTER_474,AB,104.31233672565303
CLUSTER_474,AC,146.73479423741242
CLUSTER_474,AD,183.76170108448835
CLUSTER_475,A,129.4773335534899
CLUSTER_475,B,232.57851418752466
CLUSTER_475,C,99.75692921259727
CLUSTER_475,D,194.69768844232735
CLUSTER_475,E,201.10755577109404
CLUSTER_475,F,84.70688251860801
CLUSTER_475,G,216.93256431406633
CLUSTER_475,H,18.315640194833662
CLUSTER_475,I,195.4561886271826
CLUSTER_475,J,101.67350138516508
CLUSTER_475,K,165.40059819947672
CLUSTER_475,L,276.5624169198851
CLUSTER_475,M,249.50070703810167
CLUSTER_475,N,298.2142990022767
CLUSTER_475,O,59.862009327760376
CLUSTER_475,P,154.1557894332453
CLUSTER_475,Q,163.35264184124404
CLUSTER_475,R,185.07846271888957
CLUSTER_475,S,157.36797986908175
CLUSTER_475,T,57.82464848705183
CLUSTER_475,U,247.68654074500063
CLUSTER_475,V,178.11648230297845
CLUSTER_475,W,149.32233171301283
CLUSTER_475,X,148.6588006249127
CLUSTER_475,Y,249.20098148573763
CLUSTER_475,Z,207.84337266554283
CLUSTER_475,AA,36.122744196193175
CLUSTER_475,AB,144.69058272800714
CLUSTER_475,AC,111.45838067786674
CLUSTER_475,AD,110.14794389905761
CLUSTER_476,A,51.144433949236074
CLUSTER_476,B,138.7039468815535
CLUSTER_476,C,90.28287142041206
CLUSTER_476,D,174.63275858780003
CLUSTER_476,E,143.54381745235057
CLUSTER_476,F,75.16522558865982
CLUSTER_476,G,107.59906710930257
CLUSTER_476,H,100.62265847100666
CLUSTER_476,I,129.11620393386875
CLUSTER_476,J,48.389596846882114
CLUSTER_476,K,170.88517425924815
CLUSTER_476,L,182.50396145599962
CLUSTER_476,M,198.40047009713643
CLUSTER_476,N,193.18477030445374
CLUSTER_476,O,51.52940631306774
CLUSTER_476,P,131.48363137385297
CLUSTER_476,Q,52.96439402869435
CLUSTER_476,R,82.94788747286604
CLUSTER_476,S,132.52098595812237
CLUSTER_476,T,101.85893337876217
CLUSTER_476,U,171.94435894273073
CLUSTER_476,V,94.08523376381895
CLUSTER_476,W,51.5108513261241
CLUSTER_476,X,91.69880800327684
CLUSTER_476,Y,143.09831401013477
CLUSTER_476,Z,158.614591241775
CLUSTER_476,AA,90.42058440226806
CLUSTER_476,AB,92.62721285468426
CLUSTER_476,AC,117.52426269353393
CLUSTER_476,AD,3.1355265449999763
CLUSTER_477,A,56.33177976213979
CLUSTER_477,B,140.31324650740515
CLUSTER_477,C,159.80321937983788
CLUSTER_477,D,92.10160437146145
CLUSTER_477,E,233.28957327971085
CLUSTER_477,F,27.25852984850294
CLUSTER_477,G,154.58162611239106
CLUSTER_477,H,115.20329048844428
CLUSTER_477,I,88.92823453132367
CLUSTER_477,J,128.30434970019672
CLUSTER_477,K,80.38622318488609
CLUSTER_477,L,180.8561101075664
CLUSTER_477,M,139.44014766140583
CLUSTER_477,N,215.7423377367584
CLUSTER_477,O,77.15788379868647
CLUSTER_477,P,211.73435163711537
CLUSTER_477,Q,118.40751243188778
CLUSTER_477,R,111.8877423651631
CLUSTER_477,S,50.273051315378275
CLUSTER_477,T,144.1161934684074
CLUSTER_477,U,141.75227429711356
CLUSTER_477,V,85.72747593220281
CLUSTER_477,W,140.92801709524542
CLUSTER_477,X,179.5243209935877
CLUSTER_477,Y,172.97707011443197
CLUSTER_477,Z,97.66951031536539
CLUSTER_477,AA,74.05822214118524
CLUSTER_477,AB,39.479755616155245
CLUSTER_477,AC,29.708241081404157
CLUSTER_477,AD,87.68241874931142
CLUSTER_478,A,44.69695466978334
CLUSTER_478,B,69.59980740197551
CLUSTER_478,C,157.48926978715195
CLUSTER_478,D,148.8298476180018
CLUSTER_478,E,184.87363545890952
CLUSTER_478,F,102.19610094141707
CLUSTER_478,G,56.364148735992465
CLUSTER_478,H,163.60321241605445
CLUSTER_478,I,78.27415083925328
CLUSTER_478,J,114.56464117323614
CLUSTER_478,K,163.08083371457468
CLUSTER_478,L,113.2763671637102
CLUSTER_478,M,147.96478209153793
CLUSTER_478,N,128.69790362162706
CLUSTER_478,O,110.80087058797301
CLUSTER_478,P,190.59576913435066
CLUSTER_478,Q,38.68555528984384
CLUSTER_478,R,15.636418004959578
CLUSTER_478,S,114.55859210928372
CLUSTER_478,T,170.59631553649496
CLUSTER_478,U,108.83905524196206
CLUSTER_478,V,36.6149806840099
CLUSTER_478,W,85.94539917730656
CLUSTER_478,X,143.72546851067068
CLUSTER_478,Y,80.34475215652256
CLUSTER_478,Z,114.99617817430826
CLUSTER_478,AA,140.4637103207571
CLUSTER_478,AB,71.10797189196404
CLUSTER_478,AC,127.29352721588339
CLUSTER_478,AD,67.67623857674342
CLUSTER_479,A,100.67469697587997
CLUSTER_479,B,46.96573404207018
CLUSTER_479,C,199.79018968392307
CLUSTER_479,D,181.79557479214722
CLUSTER_479,E,201.10541769403272
CLUSTER_479,F,158.01724492861302
CLUSTER_479,G,24.527623001272367
CLUSTER_479,H,217.81341000176377
CLUSTER_479,I,100.57931214270636
CLUSTER_479,J,157.82387648589435
CLUSTER_479,K,205.635854911139
CLUSTER_479,L,76.33721344586107
CLUSTER_479,M,157.5093908108525
CLUSTER_479,N,74.12826616111325
CLUSTER_479,O,165.4766405099614
CLUSTER_479,P,222.12423111127066
CLUSTER_479,Q,70.15498974790532
CLUSTER_479,R,40.84694439239355
CLUSTER_479,S,156.08193112070256
CLUSTER_479,T,220.41419511294427
CLUSTER_479,U,102.36277321708194
CLUSTER_479,V,69.79415471108697
CLUSTER_479,W,114.94031009492306
CLUSTER_479,X,172.61154692053316
CLUSTER_479,Y,24.29738233601712
CLUSTER_479,Z,137.12785912225814
CLUSTER_479,AA,196.71487138990517
CLUSTER_479,AB,117.80277490014663
CLUSTER_479,AC,178.8329691226067
CLUSTER_479,AD,118.34442563777435
CLUSTER_48,A,30.417287784473586
CLUSTER_48,B,95.65682249239471
CLUSTER_48,C,166.97573036194044
CLUSTER_48,D,96.9853711965602
CLUSTER_48,E,221.8050071513094
CLUSTER_48,F,60.53857812307607
CLUSTER_48,G,113.38799580616022
CLUSTER_48,H,143.3747786218079
CLUSTER_48,I,53.8412271587786
CLUSTER_48,J,128.0358072026777
CLUSTER_48,K,105.38924463759803
CLUSTER_48,L,137.33011609815216
CLUSTER_48,M,118.84941113820513
CLUSTER_48,N,170.6227056771087
CLUSTER_48,O,94.56391428631889
CLUSTER_48,P,212.34187905021554
CLUSTER_48,Q,87.47394087697614
CLUSTER_48,R,69.76988067358103
CLUSTER_48,S,58.205295381781326
CLUSTER_48,T,163.6990980120256
CLUSTER_48,U,104.85175426566842
CLUSTER_48,V,40.624522322830835
CLUSTER_48,W,122.72788620929992
CLUSTER_48,X,172.26562901173963
CLUSTER_48,Y,128.38731048436225
CLUSTER_48,Z,77.92357189849221
CLUSTER_48,AA,108.27162985657573
CLUSTER_48,AB,13.699245569437744
CLUSTER_48,AC,71.69214959218877
CLUSTER_48,AD,78.11509145830715
CLUSTER_480,A,211.53473571980095
CLUSTER_480,B,128.98473577631026
CLUSTER_480,C,292.0364893832962
CLUSTER_480,D,275.5649691176909
CLUSTER_480,E,258.7852114374925
CLUSTER_480,F,268.8922451193559
CLUSTER_480,G,116.27774455087958
CLUSTER_480,H,324.3402377470182
CLUSTER_480,I,195.53394280046706
CLUSTER_480,J,253.94307443375143
CLUSTER_480,K,307.00552502082814
CLUSTER_480,L,110.54535556420686
CLUSTER_480,M,229.00830090037053
CLUSTER_480,N,54.06213031938445
CLUSTER_480,O,273.2686906941492
CLUSTER_480,P,298.9532607825965
CLUSTER_480,Q,170.98884606176972
CLUSTER_480,R,151.6579980910841
CLUSTER_480,S,258.69835384937113
CLUSTER_480,T,321.08478386469704
CLUSTER_480,U,169.26994263747932
CLUSTER_480,V,176.442283686875
CLUSTER_480,W,202.97593293724566
CLUSTER_480,X,251.15913261642456
CLUSTER_480,Y,87.97326620616178
CLUSTER_480,Z,225.4847928074873
CLUSTER_480,AA,306.67405349750146
CLUSTER_480,AB,225.4134098520276
CLUSTER_480,AC,287.6865850237135
CLUSTER_480,AD,223.72179178494878
CLUSTER_481,A,7.612533867343268
CLUSTER_481,B,108.09026892861932
CLUSTER_481,C,131.5796865281395
CLUSTER_481,D,133.33854615351802
CLUSTER_481,E,184.46836570685505
CLUSTER_481,F,57.058916646147175
CLUSTER_481,G,100.29871383129093
CLUSTER_481,H,120.95425124009569
CLUSTER_481,I,86.55761640505675
CLUSTER_481,J,91.22916246989672
CLUSTER_481,K,135.33098681966717
CLUSTER_481,L,152.38007869267852
CLUSTER_481,M,155.06147965461804
CLUSTER_481,N,174.18747717282463
CLUSTER_481,O,68.41957671510698
CLUSTER_481,P,175.01263816213327
CLUSTER_481,Q,59.00410242949482
CLUSTER_481,R,61.76935654003243
CLUSTER_481,S,92.37299278217745
CLUSTER_481,T,134.1653009243347
CLUSTER_481,U,132.55373265341285
CLUSTER_481,V,56.01830984044811
CLUSTER_481,W,86.39496220313757
CLUSTER_481,X,134.4895250702256
CLUSTER_481,Y,126.47373581183096
CLUSTER_481,Z,115.05849612273995
CLUSTER_481,AA,94.55530220886655
CLUSTER_481,AB,49.98845413938553
CLUSTER_481,AC,89.05506330767987
CLUSTER_481,AD,40.59308634603657
CLUSTER_482,A,120.04730834536204
CLUSTER_482,B,81.4922275829083
CLUSTER_482,C,259.12788474911315
CLUSTER_482,D,78.69479024067567
CLUSTER_482,E,300.89459873537623
CLUSTER_482,F,146.7787588875018
CLUSTER_482,G,146.16239700369047
CLUSTER_482,H,234.3538528306244
CLUSTER_482,I,41.09284559880625
CLUSTER_482,J,218.49734265674013
CLUSTER_482,K,119.54904166466031
CLUSTER_482,L,94.58325593914203
CLUSTER_482,M,32.63137907579173
CLUSTER_482,N,149.1400151411624
CLUSTER_482,O,187.69491772599096
CLUSTER_482,P,301.00963846811527
CLUSTER_482,Q,154.90443578715286
CLUSTER_482,R,114.57290152724451
CLUSTER_482,S,84.24381596518033
CLUSTER_482,T,257.03713377355785
CLUSTER_482,U,35.07054743921297
CLUSTER_482,V,80.27829189357996
CLUSTER_482,W,201.14931658661848
CLUSTER_482,X,257.00057800865693
CLUSTER_482,Y,132.25737811393319
CLUSTER_482,Z,29.968632255597765
CLUSTER_482,AA,195.42748787335472
CLUSTER_482,AB,87.7898804516441
CLUSTER_482,AC,132.21889868480895
CLUSTER_482,AD,167.45668050891595
CLUSTER_483,A,120.57058162978919
CLUSTER_483,B,178.23426807265417
CLUSTER_483,C,76.09665206003766
CLUSTER_483,D,246.9599754022222
CLUSTER_483,E,71.08657511139893
CLUSTER_483,F,147.62071827708743
CLUSTER_483,G,119.45020632419605
CLUSTER_483,H,138.9100867893363
CLUSTER_483,I,191.08905596863562
CLUSTER_483,J,53.36837686370816
CLUSTER_483,K,245.08249073730286
CLUSTER_483,L,216.59527729081276
CLUSTER_483,M,261.73032715702124
CLUSTER_483,N,207.31861068776553
CLUSTER_483,O,109.40800944104431
CLUSTER_483,P,81.31140815417832
CLUSTER_483,Q,78.24194894034451
CLUSTER_483,R,122.12318314157945
CLUSTER_483,S,205.55928453557567
CLUSTER_483,T,116.61133869237318
CLUSTER_483,U,224.17109438568824
CLUSTER_483,V,150.6726105238537
CLUSTER_483,W,29.816248701411663
CLUSTER_483,X,31.696476728853085
CLUSTER_483,Y,160.33399451768506
CLUSTER_483,Z,224.96180321032892
CLUSTER_483,AA,149.22370234829776
CLUSTER_483,AB,163.54989136593832
CLUSTER_483,AC,191.15917993595193
CLUSTER_483,AD,77.25630294567023
CLUSTER_484,A,83.26964143980493
CLUSTER_484,B,170.15402109214733
CLUSTER_484,C,162.09860832948266
CLUSTER_484,D,100.49890950383565
CLUSTER_484,E,245.39010306748207
CLUSTER_484,F,32.58478296399939
CLUSTER_484,G,183.0636441481576
CLUSTER_484,H,103.47410298404735
CLUSTER_484,I,116.13304335121902
CLUSTER_484,J,137.1046316910775
CLUSTER_484,K,74.88041574532707
CLUSTER_484,L,210.16842801489352
CLUSTER_484,M,158.77274858941794
CLUSTER_484,N,245.76838985951716
CLUSTER_484,O,78.99976737659733
CLUSTER_484,P,216.73012881462944
CLUSTER_484,Q,143.29846075830625
CLUSTER_484,R,140.9799632938477
CLUSTER_484,S,64.7931142590854
CLUSTER_484,T,138.02442639572956
CLUSTER_484,U,168.48494055899536
CLUSTER_484,V,115.748364378146
CLUSTER_484,W,159.19176731999548
CLUSTER_484,X,190.34239519167576
CLUSTER_484,Y,202.7959313687012
CLUSTER_484,Z,118.67036058124657
CLUSTER_484,AA,60.04171984061835
CLUSTER_484,AB,68.73393406156377
CLUSTER_484,AC,17.362789630895648
CLUSTER_484,AD,104.98085102865764
CLUSTER_485,A,86.37638493753808
CLUSTER_485,B,38.48945275541504
CLUSTER_485,C,194.5229916650984
CLUSTER_485,D,165.4316394228592
CLUSTER_485,E,204.45339144558963
CLUSTER_485,F,143.26697203959094
CLUSTER_485,G,34.391043546701916
CLUSTER_485,H,206.81506319169404
CLUSTER_485,I,84.63359644218676
CLUSTER_485,J,151.90537624890376
CLUSTER_485,K,188.81468499337223
CLUSTER_485,L,76.03814912968384
CLUSTER_485,M,144.26909824450885
CLUSTER_485,N,85.31912878692951
CLUSTER_485,O,154.08890509650064
CLUSTER_485,P,220.84409605319357
CLUSTER_485,Q,65.48225364927096
CLUSTER_485,R,27.932628522866572
CLUSTER_485,S,139.25637209251968
CLUSTER_485,T,211.97779875450448
CLUSTER_485,U,91.77016928578387
CLUSTER_485,V,52.98084799657008
CLUSTER_485,W,113.16176098441355
CLUSTER_485,X,171.81331614188193
CLUSTER_485,Y,38.0998333899406
CLUSTER_485,Z,121.65640862373617
CLUSTER_485,AA,183.54814186612506
CLUSTER_485,AB,101.18066216456404
CLUSTER_485,AC,162.5389708549975
CLUSTER_485,AD,109.02585837810702
CLUSTER_486,A,104.88409180600979
CLUSTER_486,B,159.4133387262709
CLUSTER_486,C,86.56432341996776
CLUSTER_486,D,231.4539586636921
CLUSTER_486,E,88.36392732433895
CLUSTER_486,F,137.11227410482624
CLUSTER_486,G,101.7252354545232
CLUSTER_486,H,139.7905164942388
CLUSTER_486,I,173.21419430810457
CLUSTER_486,J,54.965299068040906
CLUSTER_486,K,231.82474594426657
CLUSTER_486,L,198.02154338268934
CLUSTER_486,M,243.80224901087237
CLUSTER_486,N,190.33395647806228
CLUSTER_486,O,103.92447004476954
CLUSTER_486,P,99.19046191889025
CLUSTER_486,Q,59.44547127518443
CLUSTER_486,R,103.29836751413227
CLUSTER_486,S,190.64634838777857
CLUSTER_486,T,122.51316665242523
CLUSTER_486,U,205.44218783314355
CLUSTER_486,V,132.4778374862572
CLUSTER_486,W,12.02442813157513
CLUSTER_486,X,49.67434590025505
CLUSTER_486,Y,142.64504013184916
CLUSTER_486,Z,207.63394888911833
CLUSTER_486,AA,144.49819106005168
CLUSTER_486,AB,147.80164661587577
CLUSTER_486,AC,179.55571082540683
CLUSTER_486,AD,64.93820048440038
CLUSTER_487,A,156.07069985814758
CLUSTER_487,B,226.77237239333334
CLUSTER_487,C,48.65101783142347
CLUSTER_487,D,278.49389083456117
CLUSTER_487,E,54.103900502692774
CLUSTER_487,F,167.47752313332842
CLUSTER_487,G,170.2927273099107
CLUSTER_487,H,129.0655013148982
CLUSTER_487,I,232.22680189914212
CLUSTER_487,J,61.56989609365589
CLUSTER_487,K,269.4028315798086
CLUSTER_487,L,266.3998792700834
CLUSTER_487,M,302.438479094152
CLUSTER_487,N,258.26133121643215
CLUSTER_487,O,119.72275263187313
CLUSTER_487,P,30.478371171189487
CLUSTER_487,Q,125.90722273641177
CLUSTER_487,R,169.5629126718687
CLUSTER_487,S,235.91056658037826
CLUSTER_487,T,95.26258898954569
CLUSTER_487,U,269.8628643646873
CLUSTER_487,V,193.79160531356757
CLUSTER_487,W,77.33315963141874
CLUSTER_487,X,19.272976000412363
CLUSTER_487,Y,211.20318103704008
CLUSTER_487,Z,263.4180310063098
CLUSTER_487,AA,153.55442233702593
CLUSTER_487,AB,197.62886630666526
CLUSTER_487,AC,212.01766455925986
CLUSTER_487,AD,108.1548826751481
CLUSTER_488,A,89.75930973048288
CLUSTER_488,B,138.0104180169299
CLUSTER_488,C,208.76952806028768
CLUSTER_488,D,43.04890375785034
CLUSTER_488,E,278.19014646243437
CLUSTER_488,F,75.74868283113042
CLUSTER_488,G,173.42687649522045
CLUSTER_488,H,161.21978452270366
CLUSTER_488,I,73.19145261579006
CLUSTER_488,J,175.93557869249375
CLUSTER_488,K,42.95810659338155
CLUSTER_488,L,171.04185713519777
CLUSTER_488,M,99.82970680895082
CLUSTER_488,N,215.98730957531288
CLUSTER_488,O,126.23976187620345
CLUSTER_488,P,260.0507029486159
CLUSTER_488,Q,150.3750553459762
CLUSTER_488,R,130.0238356660462
CLUSTER_488,S,7.88287315112342
CLUSTER_488,T,192.43014193647068
CLUSTER_488,U,120.09047295584861
CLUSTER_488,V,93.37415566495045
CLUSTER_488,W,181.92819996417498
CLUSTER_488,X,225.6754600762603
CLUSTER_488,Y,181.0813462911127
CLUSTER_488,Z,62.22473618175047
CLUSTER_488,AA,118.31236712563752
CLUSTER_488,AB,49.525675406089974
CLUSTER_488,AC,43.84398210185194
CLUSTER_488,AD,131.52358467070835
CLUSTER_489,A,161.55265019643542
CLUSTER_489,B,59.04407907502693
CLUSTER_489,C,284.60192616232064
CLUSTER_489,D,178.1125960136427
CLUSTER_489,E,291.30370949011376
CLUSTER_489,F,210.92003189197132
CLUSTER_489,G,114.11505082968107
CLUSTER_489,H,287.72966630818803
CLUSTER_489,I,108.55739639939497
CLUSTER_489,J,241.7460296221786
CLUSTER_489,K,216.2573814626492
CLUSTER_489,L,14.972269028247506
CLUSTER_489,M,120.96694710065093
CLUSTER_489,N,59.50679670140679
CLUSTER_489,O,235.2221504527251
CLUSTER_489,P,311.5136083328256
CLUSTER_489,Q,156.3199563534368
CLUSTER_489,R,115.23855526948529
CLUSTER_489,S,173.19344556963415
CLUSTER_489,T,298.4290714464137
CLUSTER_489,U,65.09990146071095
CLUSTER_489,V,112.61187223243279
CLUSTER_489,W,203.85011828164897
CLUSTER_489,X,262.26510326410437
CLUSTER_489,Y,76.69606061866615
CLUSTER_489,Z,127.42838908760275
CLUSTER_489,AA,257.4663077500708
CLUSTER_489,AB,153.96921310876803
CLUSTER_489,AC,213.8211311814737
CLUSTER_489,AD,195.82003975421114
CLUSTER_49,A,164.22037160982998
CLUSTER_49,B,238.16484320031302
CLUSTER_49,C,44.881372983514126
CLUSTER_49,D,284.83344456194527
CLUSTER_49,E,59.779418960573494
CLUSTER_49,F,171.6682655351954
CLUSTER_49,G,182.7949691734121
CLUSTER_49,H,126.34118231018172
CLUSTER_49,I,241.3526970750489
CLUSTER_49,J,67.11561469416205
CLUSTER_49,K,273.88129635161664
CLUSTER_49,L,278.2577324862666
CLUSTER_49,M,311.2427714533521
CLUSTER_49,N,271.0169329564627
CLUSTER_49,O,122.52172235883587
CLUSTER_49,P,18.88471454437424
CLUSTER_49,Q,137.31737323419242
CLUSTER_49,R,180.71988246677873
CLUSTER_49,S,242.13947830356648
CLUSTER_49,T,90.2642999549342
CLUSTER_49,U,280.23413613017215
CLUSTER_49,V,203.61991794148258
CLUSTER_49,W,89.16150151014594
CLUSTER_49,X,32.15978758589106
CLUSTER_49,Y,223.71572678542694
CLUSTER_49,Z,271.6909465397507
CLUSTER_49,AA,154.0598690389447
CLUSTER_49,AB,205.06287358895284
CLUSTER_49,AC,215.97929486411277
CLUSTER_49,AD,116.05045219015825
CLUSTER_490,A,65.29896149728748
CLUSTER_490,B,135.48996112411177
CLUSTER_490,C,92.10085005575256
CLUSTER_490,D,191.7727151242069
CLUSTER_490,E,126.28481354378788
CLUSTER_490,F,98.85253165431492
CLUSTER_490,G,92.84001268909209
CLUSTER_490,H,119.5066413358189
CLUSTER_490,I,137.77163621347913
CLUSTER_490,J,49.61137248247831
CLUSTER_490,K,191.68466558118743
CLUSTER_490,L,177.70334809466576
CLUSTER_490,M,208.29175763292002
CLUSTER_490,N,181.37940738477624
CLUSTER_490,O,73.94748466599684
CLUSTER_490,P,123.82454639284329
CLUSTER_490,Q,38.21593826490444
CLUSTER_490,R,77.75091565095234
CLUSTER_490,S,150.63756767691402
CLUSTER_490,T,113.89279799192238
CLUSTER_490,U,175.30745684511052
CLUSTER_490,V,98.86279314796954
CLUSTER_490,W,28.634408681710926
CLUSTER_490,X,78.69685639957413
CLUSTER_490,Y,131.32902368392007
CLUSTER_490,Z,170.45069793932336
CLUSTER_490,AA,113.8313349497712
CLUSTER_490,AB,108.28459807278723
CLUSTER_490,AC,140.158100906158
CLUSTER_490,AD,26.59742467001582
CLUSTER_491,A,162.37079864306023
CLUSTER_491,B,242.7857654312571
CLUSTER_491,C,30.5713677410876
CLUSTER_491,D,279.2406525777725
CLUSTER_491,E,78.41047614588697
CLUSTER_491,F,163.53578915654504
CLUSTER_491,G,191.25502533437103
CLUSTER_491,H,110.76441240369783
CLUSTER_491,I,240.80158278515808
CLUSTER_491,J,63.5370697589335
CLUSTER_491,K,265.5879858545104
CLUSTER_491,L,284.1020943615614
CLUSTER_491,M,309.8180671450271
CLUSTER_491,N,280.356331946625
CLUSTER_491,O,113.11868819932923
CLUSTER_491,P,25.489839080609826
CLUSTER_491,Q,142.66289530610223
CLUSTER_491,R,185.02003977305765
CLUSTER_491,S,236.54146448565544
CLUSTER_491,T,73.17616765837622
CLUSTER_491,U,282.16628619986966
CLUSTER_491,V,204.7013693125675
CLUSTER_491,W,96.43163591965211
CLUSTER_491,X,45.23234463511486
CLUSTER_491,Y,232.04894018412293
CLUSTER_491,Z,269.4023951007427
CLUSTER_491,AA,141.48904783660007
CLUSTER_491,AB,201.62971167068537
CLUSTER_491,AC,207.22754132272013
CLUSTER_491,AD,114.4557761336687
CLUSTER_492,A,202.93298625246192
CLUSTER_492,B,105.09239218867074
CLUSTER_492,C,305.3534914995057
CLUSTER_492,D,243.16390472994735
CLUSTER_492,E,288.65296353509115
CLUSTER_492,F,258.0179676350248
CLUSTER_492,G,123.14964067806939
CLUSTER_492,H,324.79656113138964
CLUSTER_492,I,168.04171545530772
CLUSTER_492,J,264.2844598699449
CLUSTER_492,K,279.05975385384846
CLUSTER_492,L,72.07965456630706
CLUSTER_492,M,188.3119944338345
CLUSTER_492,N,33.743321561675565
CLUSTER_492,O,272.1192126515611
CLUSTER_492,P,321.1424238213581
CLUSTER_492,Q,176.92901669584452
CLUSTER_492,R,145.96790873303752
CLUSTER_492,S,233.3004120801035
CLUSTER_492,T,328.00620727230626
CLUSTER_492,U,131.34355409064548
CLUSTER_492,V,159.60396516447838
CLUSTER_492,W,217.60583886284417
CLUSTER_492,X,271.7823066295218
CLUSTER_492,Y,83.87989234308579
CLUSTER_492,Z,192.25610707266253
CLUSTER_492,AA,300.79476716472004
CLUSTER_492,AB,206.7737482699133
CLUSTER_492,AC,269.02755053426057
CLUSTER_492,AD,225.95884300840547
CLUSTER_493,A,122.9263120955166
CLUSTER_493,B,124.44541503995363
CLUSTER_493,C,256.003533223011
CLUSTER_493,D,28.366974910975543
CLUSTER_493,E,313.9140928298787
CLUSTER_493,F,128.2018195320082
CLUSTER_493,G,179.61768411520413
CLUSTER_493,H,215.81563406394008
CLUSTER_493,I,62.30378282019615
CLUSTER_493,J,219.26639587369243
CLUSTER_493,K,71.72659980961407
CLUSTER_493,L,144.6165365085236
CLUSTER_493,M,45.78652193658657
CLUSTER_493,N,197.55783421828625
CLUSTER_493,O,176.4458423901936
CLUSTER_493,P,303.9517777302222
CLUSTER_493,Q,173.6439738064443
CLUSTER_493,R,140.75935516064175
CLUSTER_493,S,51.842425666612684
CLUSTER_493,T,244.7700662936811
CLUSTER_493,U,85.77086749545303
CLUSTER_493,V,101.34346886589493
CLUSTER_493,W,214.14933498078398
CLUSTER_493,X,264.7779552408654
CLUSTER_493,Y,174.28398103782462
CLUSTER_493,Z,25.929492217640437
CLUSTER_493,AA,173.52154522413994
CLUSTER_493,AB,80.91517897826044
CLUSTER_493,AC,100.02467343081244
CLUSTER_493,AD,170.36889216837042
CLUSTER_494,A,132.52215024160586
CLUSTER_494,B,183.3950876554364
CLUSTER_494,C,86.45422119422801
CLUSTER_494,D,259.09553612633454
CLUSTER_494,E,61.03278949300619
CLUSTER_494,F,161.842618119509
CLUSTER_494,G,121.08239554220908
CLUSTER_494,H,152.84281742072739
CLUSTER_494,I,200.62775274582705
CLUSTER_494,J,67.65573737607177
CLUSTER_494,K,258.4924179178039
CLUSTER_494,L,220.08064663854984
CLUSTER_494,M,271.13510364066354
CLUSTER_494,N,206.9672558938518
CLUSTER_494,O,124.13962283521185
CLUSTER_494,P,82.45951155354899
CLUSTER_494,Q,85.46699670074922
CLUSTER_494,R,128.74358584444428
CLUSTER_494,S,218.08693371267398
CLUSTER_494,T,128.95234972509087
CLUSTER_494,U,231.28925433777079
CLUSTER_494,V,159.63425459453444
CLUSTER_494,W,39.814504689432106
CLUSTER_494,X,35.157370641998234
CLUSTER_494,Y,161.55561060562653
CLUSTER_494,Z,235.31402184708787
CLUSTER_494,AA,163.93667163734872
CLUSTER_494,AB,175.48012314173093
CLUSTER_494,AC,205.1343653863438
CLUSTER_494,AD,90.80209212826861
CLUSTER_495,A,60.559363870364635
CLUSTER_495,B,44.45772542339956
CLUSTER_495,C,193.039166195353
CLUSTER_495,D,119.96752779171011
CLUSTER_495,E,225.0709099088876
CLUSTER_495,F,110.50958333149306
CLUSTER_495,G,76.79450363142783
CLUSTER_495,H,186.73516563204495
CLUSTER_495,I,41.25242877032069
CLUSTER_495,J,150.56259894693625
CLUSTER_495,K,143.14886704207518
CLUSTER_495,L,87.49478288548197
CLUSTER_495,M,108.59892192210033
CLUSTER_495,N,119.57396837918691
CLUSTER_495,O,134.65536272209087
CLUSTER_495,P,229.50811664294133
CLUSTER_495,Q,78.73178058604428
CLUSTER_495,R,38.730036061522476
CLUSTER_495,S,93.68652660146563
CLUSTER_495,T,200.26324906052605
CLUSTER_495,U,69.70470313843292
CLUSTER_495,V,11.25426794889823
CLUSTER_495,W,126.07995580996771
CLUSTER_495,X,183.42723909756077
CLUSTER_495,Y,80.3697856020008
CLUSTER_495,Z,79.04573092159431
CLUSTER_495,AA,156.1596371713737
CLUSTER_495,AB,58.81277601048663
CLUSTER_495,AC,121.38168050908263
CLUSTER_495,AD,100.61337286037984
CLUSTER_496,A,54.609350965938624
CLUSTER_496,B,69.04582476831412
CLUSTER_496,C,158.23825032390044
CLUSTER_496,D,159.18981705500173
CLUSTER_496,E,179.24571853944087
CLUSTER_496,F,111.94081493026722
CLUSTER_496,G,45.72006186203388
CLUSTER_496,H,169.62954428776894
CLUSTER_496,I,86.58542722706649
CLUSTER_496,J,115.37063854253448
CLUSTER_496,K,174.1395306909517
CLUSTER_496,L,111.40335474389525
CLUSTER_496,M,155.280945789312
CLUSTER_496,N,122.05615749181469
CLUSTER_496,O,117.12693031910392
CLUSTER_496,P,188.37443041238458
CLUSTER_496,Q,33.17279154874682
CLUSTER_496,R,11.2686247263928
CLUSTER_496,S,125.50243851393371
CLUSTER_496,T,174.27518780901667
CLUSTER_496,U,112.89186552231381
CLUSTER_496,V,45.20799877664658
CLUSTER_496,W,81.95008079544795
CLUSTER_496,X,140.5315769487322
CLUSTER_496,Y,72.71818927531325
CLUSTER_496,Z,123.85192827635457
CLUSTER_496,AA,148.55378862340066
CLUSTER_496,AB,82.20358378242493
CLUSTER_496,AC,138.20846142180378
CLUSTER_496,AD,71.2931966187759
CLUSTER_497,A,176.93790590502525
CLUSTER_497,B,235.01708481253075
CLUSTER_497,C,82.76703893226748
CLUSTER_497,D,302.29007128977815
CLUSTER_497,E,19.957168978271593
CLUSTER_497,F,195.81464487365412
CLUSTER_497,G,172.1631327951047
CLUSTER_497,H,163.09310702982637
CLUSTER_497,I,249.3180898566888
CLUSTER_497,J,90.39720201641056
CLUSTER_497,K,296.65251924451695
CLUSTER_497,L,271.6106769923035
CLUSTER_497,M,319.9655281685702
CLUSTER_497,N,256.2612563191558
CLUSTER_497,O,150.32080007367742
CLUSTER_497,P,45.47958815301031
CLUSTER_497,Q,136.21569936460241
CLUSTER_497,R,179.8932266104085
CLUSTER_497,S,260.1925977985569
CLUSTER_497,T,129.30154154995301
CLUSTER_497,U,282.2583179973251
CLUSTER_497,V,209.04964783187194
CLUSTER_497,W,88.20516140005813
CLUSTER_497,X,37.02416976838502
CLUSTER_497,Y,212.2509000747568
CLUSTER_497,Z,282.7150027399696
CLUSTER_497,AA,185.97020074326704
CLUSTER_497,AB,219.6395133947831
CLUSTER_497,AC,240.34995158192496
CLUSTER_497,AD,130.82008304078073
CLUSTER_498,A,101.36198883052029
CLUSTER_498,B,48.52035938159615
CLUSTER_498,C,238.67924426563062
CLUSTER_498,D,101.84807371299523
CLUSTER_498,E,272.3634822321294
CLUSTER_498,F,139.71881670618703
CLUSTER_498,G,112.82687416319432
CLUSTER_498,H,223.73479905545085
CLUSTER_498,I,29.87952187732627
CLUSTER_498,J,196.72157536864572
CLUSTER_498,K,137.19613889744417
CLUSTER_498,L,70.47352634529275
CLUSTER_498,M,65.85441229336448
CLUSTER_498,N,120.80490527550946
CLUSTER_498,O,173.81346499300625
CLUSTER_498,P,276.8914771435012
CLUSTER_498,Q,125.98052912232976
CLUSTER_498,R,83.72838193742473
CLUSTER_498,S,93.41537155816941
CLUSTER_498,T,241.92405751331395
CLUSTER_498,U,24.482516132866536
CLUSTER_498,V,54.60042696551791
CLUSTER_498,W,173.73441477236963
CLUSTER_498,X,231.10030706985077
CLUSTER_498,Y,99.26570629807486
CLUSTER_498,Z,51.39991491178465
CLUSTER_498,AA,188.24470304427757
CLUSTER_498,AB,79.73918880677631
CLUSTER_498,AC,135.72145307451336
CLUSTER_498,AD,146.00896213256857
CLUSTER_499,A,74.3276644369154
CLUSTER_499,B,28.807418283984262
CLUSTER_499,C,200.76467944926833
CLUSTER_499,D,134.32524185635512
CLUSTER_499,E,224.68661658328702
CLUSTER_499,F,126.88849698247907
CLUSTER_499,G,65.04241099446729
CLUSTER_499,H,200.27719985244173
CLUSTER_499,I,53.1324931603008
CLUSTER_499,J,157.8911815162089
CLUSTER_499,K,159.72900491932
CLUSTER_499,L,73.05656640127253
CLUSTER_499,M,114.54608296791962
CLUSTER_499,N,101.98051349810738
CLUSTER_499,O,147.68424016502743
CLUSTER_499,P,233.81505439361794
CLUSTER_499,Q,79.10222916051933
CLUSTER_499,R,35.389894697215816
CLUSTER_499,S,110.4830165381673
CLUSTER_499,T,211.38496040519266
CLUSTER_499,U,67.20429493011976
CLUSTER_499,V,28.122487209548034
CLUSTER_499,W,127.87909915823373
CLUSTER_499,X,186.35415015778804
CLUSTER_499,Y,63.27867709138503
CLUSTER_499,Z,90.135044260943
CLUSTER_499,AA,171.50462530300626
CLUSTER_499,AB,76.48781995787314
CLUSTER_499,AC,139.05028084735582
CLUSTER_499,AD,109.62253807713006
CLUSTER_5,A,107.32581231341567
CLUSTER_5,B,20.690517731043634
CLUSTER_5,C,237.90424189007604
CLUSTER_5,D,131.81183772397378
CLUSTER_5,E,259.9880423402665
CLUSTER_5,F,154.45134118649938
CLUSTER_5,G,90.69610888848115
CLUSTER_5,H,233.35140236265894
CLUSTER_5,I,54.283042422910164
CLUSTER_5,J,195.08290026766574
CLUSTER_5,K,165.540118429943
CLUSTER_5,L,44.44666470619242
CLUSTER_5,M,92.26578450429848
CLUSTER_5,N,90.82504493111944
CLUSTER_5,O,181.44402292092337
CLUSTER_5,P,271.02434984197805
CLUSTER_5,Q,115.70200890435832
CLUSTER_5,R,71.78553444772982
CLUSTER_5,S,119.58799322793001
CLUSTER_5,T,246.94567048651894
CLUSTER_5,U,34.93034373462066
CLUSTER_5,V,57.53942226924741
CLUSTER_5,W,164.62004242027032
CLUSTER_5,X,223.2905559754724
CLUSTER_5,Y,70.73371426823277
CLUSTER_5,Z,81.65367765517085
CLUSTER_5,AA,201.4993982422583
CLUSTER_5,AB,97.28112055771169
CLUSTER_5,AC,157.73584844277192
CLUSTER_5,AD,146.24300503797923
CLUSTER_50,A,65.45325760289587
CLUSTER_50,B,165.82842127438096
CLUSTER_50,C,123.7216180964502
CLUSTER_50,D,131.59999806076715
CLUSTER_50,E,206.85795934154856
CLUSTER_50,F,13.864229621102412
CLUSTER_50,G,163.42669601188362
CLUSTER_50,H,74.54366207842052
CLUSTER_50,I,124.39939479559361
CLUSTER_50,J,98.2517986780389
CLUSTER_50,K,112.43772577608583
CLUSTER_50,L,208.9360485174507
CLUSTER_50,M,179.8179672232606
CLUSTER_50,N,236.4224996009335
CLUSTER_50,O,40.194958462596595
CLUSTER_50,P,177.91402249234804
CLUSTER_50,Q,116.56765626356147
CLUSTER_50,R,125.1112769866808
CLUSTER_50,S,90.76507255834915
CLUSTER_50,T,103.75513194060231
CLUSTER_50,U,176.81922806522925
CLUSTER_50,V,110.300357979911
CLUSTER_50,W,124.26656861946533
CLUSTER_50,X,151.65857178875407
CLUSTER_50,Y,189.64851076078952
CLUSTER_50,Z,137.79919188229778
CLUSTER_50,AA,35.57068743991508
CLUSTER_50,AB,73.58006512375094
CLUSTER_50,AC,53.94958730431226
CLUSTER_50,AD,70.90933939379039
CLUSTER_500,A,127.19569468859981
CLUSTER_500,B,78.72484367881214
CLUSTER_500,C,204.55419513285625
CLUSTER_500,D,216.7015721862882
CLUSTER_500,E,187.93199535653926
CLUSTER_500,F,184.45773021595724
CLUSTER_500,G,27.39662478284478
CLUSTER_500,H,234.6743681417091
CLUSTER_500,I,135.5863678799647
CLUSTER_500,J,165.07967850822573
CLUSTER_500,K,239.49933092717816
CLUSTER_500,L,96.50820868517118
CLUSTER_500,M,191.02913109678275
CLUSTER_500,N,70.73905810436376
CLUSTER_500,O,184.0775126393485
CLUSTER_500,P,218.07947462303136
CLUSTER_500,Q,81.18293246924075
CLUSTER_500,R,69.00306295169231
CLUSTER_500,S,189.92120467260963
CLUSTER_500,T,231.57139810993783
CLUSTER_500,U,133.93267979642235
CLUSTER_500,V,103.40090026242491
CLUSTER_500,W,115.75011646193558
CLUSTER_500,X,168.74321371273197
CLUSTER_500,Y,32.18404209459882
CLUSTER_500,Z,172.06563682152077
CLUSTER_500,AA,218.84231009870004
CLUSTER_500,AB,150.0500921307939
CLUSTER_500,AC,209.4876363742348
CLUSTER_500,AD,134.1074949857004
CLUSTER_501,A,49.70892970176989
CLUSTER_501,B,106.23206859084124
CLUSTER_501,C,180.75450445330256
CLUSTER_501,D,76.87327955101983
CLUSTER_501,E,240.933173846414
CLUSTER_501,F,60.53634423050246
CLUSTER_501,G,132.50350289709206
CLUSTER_501,H,148.1525839257442
CLUSTER_501,I,51.60690819849858
CLUSTER_501,J,143.7605658665349
CLUSTER_501,K,84.7381951475779
CLUSTER_501,L,144.96887050632532
CLUSTER_501,M,107.40542445247578
CLUSTER_501,N,183.37292123613145
CLUSTER_501,O,103.3677529301662
CLUSTER_501,P,228.46951637649713
CLUSTER_501,Q,108.49961580359411
CLUSTER_501,R,88.85444100103278
CLUSTER_501,S,37.182970742764894
CLUSTER_501,T,172.7049033690895
CLUSTER_501,U,104.44881561794391
CLUSTER_501,V,54.88328084746623
CLUSTER_501,W,142.6292403756377
CLUSTER_501,X,190.26106454901912
CLUSTER_501,Y,144.0437555661756
CLUSTER_501,Z,65.28405501246412
CLUSTER_501,AA,109.31292662233409
CLUSTER_501,AB,7.364606456791434
CLUSTER_501,AC,57.72224344262766
CLUSTER_501,AD,95.47627141026865
CLUSTER_502,A,128.43588082926303
CLUSTER_502,B,26.42339493656425
CLUSTER_502,C,246.92130151143476
CLUSTER_502,D,168.76528791742314
CLUSTER_502,E,253.9680315785365
CLUSTER_502,F,181.18261983079765
CLUSTER_502,G,77.05407203414552
CLUSTER_502,H,253.71284147030482
CLUSTER_502,I,90.18509068311144
CLUSTER_502,J,204.1544035642248
CLUSTER_502,K,201.9224666709888
CLUSTER_502,L,23.60942163086487
CLUSTER_502,M,125.1355743790462
CLUSTER_502,N,53.91510063217852
CLUSTER_502,O,200.89958457445837
CLUSTER_502,P,273.2943074994457
CLUSTER_502,Q,118.20661502342037
CLUSTER_502,R,77.9471792547581
CLUSTER_502,S,155.03765911550124
CLUSTER_502,T,262.286795928209
CLUSTER_502,U,64.87965465166816
CLUSTER_502,V,81.94045614119263
CLUSTER_502,W,165.62919775536886
CLUSTER_502,X,224.06464622191817
CLUSTER_502,Y,43.5552668416315
CLUSTER_502,Z,118.51647181944944
CLUSTER_502,AA,225.92237933602908
CLUSTER_502,AB,128.03137996277533
CLUSTER_502,AC,190.1325031832117
CLUSTER_502,AD,159.3032622711963
CLUSTER_503,A,33.48586119475378
CLUSTER_503,B,126.11355302342898
CLUSTER_503,C,145.64779818097065
CLUSTER_503,D,107.00597995238599
CLUSTER_503,E,212.91695609626876
CLUSTER_503,F,28.9270526189727
CLUSTER_503,G,133.11432104221964
CLUSTER_503,H,112.85406374784357
CLUSTER_503,I,84.07426518658457
CLUSTER_503,J,110.71310568477332
CLUSTER_503,K,101.76458730658594
CLUSTER_503,L,168.6051949417989
CLUSTER_503,M,143.83395713528878
CLUSTER_503,N,199.03119990674367
CLUSTER_503,O,66.9355457960731
CLUSTER_503,P,195.21667861946227
CLUSTER_503,Q,95.0991698043024
CLUSTER_503,R,91.3555796825733
CLUSTER_503,S,64.31795388830518
CLUSTER_503,T,136.27794099039434
CLUSTER_503,U,136.10991585556383
CLUSTER_503,V,70.46154097446811
CLUSTER_503,W,118.58123841555548
CLUSTER_503,X,160.09429832194346
CLUSTER_503,Y,154.24565002110035
CLUSTER_503,Z,101.71866789834344
CLUSTER_503,AA,76.50176293632279
CLUSTER_503,AB,33.94641941993275
CLUSTER_503,AC,52.95653902143917
CLUSTER_503,AD,66.36324796209844
CLUSTER_504,A,31.872673420532784
CLUSTER_504,B,86.17398227915196
CLUSTER_504,C,170.67110347112506
CLUSTER_504,D,99.9321127803252
CLUSTER_504,E,221.21776411759322
CLUSTER_504,F,69.55148964895679
CLUSTER_504,G,105.500563797933
CLUSTER_504,H,150.85205570915062
CLUSTER_504,I,47.967766749040166
CLUSTER_504,J,130.70357505924537
CLUSTER_504,K,111.78079130869351
CLUSTER_504,L,128.06675246126215
CLUSTER_504,M,115.57912518951443
CLUSTER_504,N,161.11633412077182
CLUSTER_504,O,101.01372639225895
CLUSTER_504,P,214.41124646462617
CLUSTER_504,Q,83.28947271795333
CLUSTER_504,R,61.823894113034875
CLUSTER_504,S,63.38420501465426
CLUSTER_504,T,169.67031299826832
CLUSTER_504,U,97.4392111399802
CLUSTER_504,V,31.100503882203633
CLUSTER_504,W,121.4305037060007
CLUSTER_504,X,172.94437450273207
CLUSTER_504,Y,119.18822927469108
CLUSTER_504,Z,75.82523029967551
CLUSTER_504,AA,116.79449051808358
CLUSTER_504,AB,20.040870578065984
CLUSTER_504,AC,80.81962735596619
CLUSTER_504,AD,80.01184687497945
CLUSTER_505,A,88.48886509669491
CLUSTER_505,B,189.03726911256732
CLUSTER_505,C,122.54165832311713
CLUSTER_505,D,144.01546072029979
CLUSTER_505,E,213.44962355927376
CLUSTER_505,F,34.95841251645564
CLUSTER_505,G,185.33871369560805
CLUSTER_505,H,59.39549518170482
CLUSTER_505,I,145.84009995862607
CLUSTER_505,J,104.72228581477022
CLUSTER_505,K,118.38876738364353
CLUSTER_505,L,232.0306029186346
CLUSTER_505,M,197.80557420960594
CLUSTER_505,N,259.57209460372997
CLUSTER_505,O,44.73861359082385
CLUSTER_505,P,178.29864766613366
CLUSTER_505,Q,136.65310539939944
CLUSTER_505,R,147.90258012176142
CLUSTER_505,S,105.73735114278722
CLUSTER_505,T,94.39533063851772
CLUSTER_505,U,198.54913091405052
CLUSTER_505,V,133.46715880879265
CLUSTER_505,W,138.55939041190828
CLUSTER_505,X,158.1144899324014
CLUSTER_505,Y,212.546661010157
CLUSTER_505,Z,156.26304455317992
CLUSTER_505,AA,16.08017877438661
CLUSTER_505,AB,94.99793498145782
CLUSTER_505,AC,61.471905731438305
CLUSTER_505,AD,87.60391996191363
CLUSTER_506,A,143.7874470702888
CLUSTER_506,B,226.130687269552
CLUSTER_506,C,16.827634040931617
CLUSTER_506,D,260.55254848467297
CLUSTER_506,E,85.84305387381012
CLUSTER_506,F,145.26790525327664
CLUSTER_506,G,177.13433197333683
CLUSTER_506,H,97.90904282814928
CLUSTER_506,I,222.37489196969082
CLUSTER_506,J,44.9798261292082
CLUSTER_506,K,247.4330493019245
CLUSTER_506,L,268.00330120233855
CLUSTER_506,M,291.21121145058646
CLUSTER_506,N,266.58815890236843
CLUSTER_506,O,95.19386623723906
CLUSTER_506,P,42.555737038919084
CLUSTER_506,Q,126.79521755332318
CLUSTER_506,R,168.36801589742393
CLUSTER_506,S,217.844406403098
CLUSTER_506,T,63.43538553659851
CLUSTER_506,U,264.3592342762715
CLUSTER_506,V,186.72484305401693
CLUSTER_506,W,82.46707309995483
CLUSTER_506,X,40.481993638916826
CLUSTER_506,Y,217.6610597312967
CLUSTER_506,Z,250.70506878025597
CLUSTER_506,AA,125.40719935153389
CLUSTER_506,AB,182.86827097819628
CLUSTER_506,AC,189.18631217337102
CLUSTER_506,AD,96.01331127558565
CLUSTER_507,A,103.76379123331047
CLUSTER_507,B,18.269574146033133
CLUSTER_507,C,219.14941353218953
CLUSTER_507,D,162.55499369393962
CLUSTER_507,E,228.6316825306008
CLUSTER_507,F,158.5962120188785
CLUSTER_507,G,53.777085676225695
CLUSTER_507,H,227.70352429546517
CLUSTER_507,I,80.87743315077054
CLUSTER_507,J,176.3943323542439
CLUSTER_507,K,191.05739549026836
CLUSTER_507,L,50.89590017523803
CLUSTER_507,M,130.72731150233872
CLUSTER_507,N,68.99975970300706
CLUSTER_507,O,174.83293951370518
CLUSTER_507,P,246.00669575817446
CLUSTER_507,Q,90.55298316122789
CLUSTER_507,R,50.3944944911622
CLUSTER_507,S,142.3125626054421
CLUSTER_507,T,235.04903981672138
CLUSTER_507,U,73.688595057092
CLUSTER_507,V,61.06147064044664
CLUSTER_507,W,138.3219982756926
CLUSTER_507,X,196.94243771562373
CLUSTER_507,Y,33.51991859717514
CLUSTER_507,Z,114.87656563742564
CLUSTER_507,AA,201.67002917655643
CLUSTER_507,AB,109.62020964480136
CLUSTER_507,AC,172.18273479544533
CLUSTER_507,AD,131.98687605500106
CLUSTER_508,A,119.08286492226328
CLUSTER_508,B,32.89436022681624
CLUSTER_508,C,251.28921388261028
CLUSTER_508,D,130.6283946813142
CLUSTER_508,E,273.93821871402673
CLUSTER_508,F,163.8726906923745
CLUSTER_508,G,103.54972057353059
CLUSTER_508,H,244.60451029351438
CLUSTER_508,I,58.34373436129252
CLUSTER_508,J,208.53254970731777
CLUSTER_508,K,166.9313993055198
CLUSTER_508,L,40.75615346283442
CLUSTER_508,M,83.96827993605088
CLUSTER_508,N,93.26927927946006
CLUSTER_508,O,193.11737023173768
CLUSTER_508,P,284.9232949459576
CLUSTER_508,Q,129.70152849555578
CLUSTER_508,R,85.78137156357349
CLUSTER_508,S,123.00477640200408
CLUSTER_508,T,259.34120495867614
CLUSTER_508,U,24.049142978602163
CLUSTER_508,V,69.30722600432937
CLUSTER_508,W,178.6150908429123
CLUSTER_508,X,237.26575305943211
CLUSTER_508,Y,80.30365200205108
CLUSTER_508,Z,79.7537349579742
CLUSTER_508,AA,211.57401213635242
CLUSTER_508,AB,105.27313355588133
CLUSTER_508,AC,163.92993918626166
CLUSTER_508,AD,159.32877114834056
CLUSTER_509,A,92.15930799762229
CLUSTER_509,B,180.98146335472657
CLUSTER_509,C,161.00318200049665
CLUSTER_509,D,108.1967762860434
CLUSTER_509,E,247.4838634924017
CLUSTER_509,F,38.00243878436252
CLUSTER_509,G,192.28730825480216
CLUSTER_509,H,97.9240287907917
CLUSTER_509,I,127.14125949237122
CLUSTER_509,J,138.6574469802287
CLUSTER_509,K,78.98056872265921
CLUSTER_509,L,221.15321465986733
CLUSTER_509,M,168.57233056304977
CLUSTER_509,N,256.3481587236463
CLUSTER_509,O,79.22659663403442
CLUSTER_509,P,216.27419551173685
CLUSTER_509,Q,150.9299517845072
CLUSTER_509,R,150.63269603962883
CLUSTER_509,S,74.4472958289356
CLUSTER_509,T,134.09732592352904
CLUSTER_509,U,179.43770621159965
CLUSTER_509,V,126.37765225910982
CLUSTER_509,W,164.08418024881638
CLUSTER_509,X,192.20015519861258
CLUSTER_509,Y,212.9579514836093
CLUSTER_509,Z,128.91351909238008
CLUSTER_509,AA,54.80360294836598
CLUSTER_509,AB,79.68928300120353
CLUSTER_509,AC,25.386058806562314
CLUSTER_509,AD,110.07618799976852
CLUSTER_51,A,160.70534684266957
CLUSTER_51,B,73.05686594033466
CLUSTER_51,C,257.7048092038985
CLUSTER_51,D,219.88829425385774
CLUSTER_51,E,243.43893071038624
CLUSTER_51,F,217.3078969561623
CLUSTER_51,G,75.50412544374271
CLUSTER_51,H,279.5372788319199
CLUSTER_51,I,139.6101605833888
CLUSTER_51,J,216.81141710594795
CLUSTER_51,K,251.09388987109972
CLUSTER_51,L,60.91274283896175
CLUSTER_51,M,176.5017143756938
CLUSTER_51,N,14.694936334359694
CLUSTER_51,O,227.20246453279438
CLUSTER_51,P,273.88014859663434
CLUSTER_51,Q,129.7260627556022
CLUSTER_51,R,101.76651159153987
CLUSTER_51,S,202.90754775781565
CLUSTER_51,T,281.1475824231442
CLUSTER_51,U,116.20981106542295
CLUSTER_51,V,121.94704739598245
CLUSTER_51,W,169.9041757486302
CLUSTER_51,X,224.41511342251195
CLUSTER_51,Y,37.44675662978656
CLUSTER_51,Z,170.1037981139391
CLUSTER_51,AA,257.8234493949323
CLUSTER_51,AB,170.74552999754505
CLUSTER_51,AC,233.2616713182463
CLUSTER_51,AD,179.8100089572821
CLUSTER_510,A,80.23448312569961
CLUSTER_510,B,172.1202129199323
CLUSTER_510,C,58.86815540219617
CLUSTER_510,D,195.89675687000806
CLUSTER_510,E,130.81123875971275
CLUSTER_510,F,83.57210155052104
CLUSTER_510,G,137.51693884781858
CLUSTER_510,H,75.3769749215255
CLUSTER_510,I,159.30049182414157
CLUSTER_510,J,22.494620626404778
CLUSTER_510,K,185.3598455146364
CLUSTER_510,L,215.890775488712
CLUSTER_510,M,227.05276336843733
CLUSTER_510,N,224.92577239879438
CLUSTER_510,O,39.41501520012907
CLUSTER_510,P,106.28233618299802
CLUSTER_510,Q,82.33182889443552
CLUSTER_510,R,116.12214259556906
CLUSTER_510,S,153.17617823904757
CLUSTER_510,T,69.40636541626499
CLUSTER_510,U,204.20640212399678
CLUSTER_510,V,126.45975503168458
CLUSTER_510,W,60.40325289215351
CLUSTER_510,X,75.58812671657617
CLUSTER_510,Y,174.7460694784615
CLUSTER_510,Z,186.1199234941307
CLUSTER_510,AA,79.07683723196165
CLUSTER_510,AB,117.94876100846871
CLUSTER_510,AC,128.15773279831103
CLUSTER_510,AD,35.23493499265014
CLUSTER_511,A,98.43245405422871
CLUSTER_511,B,30.211537790997326
CLUSTER_511,C,208.14086012841585
CLUSTER_511,D,168.4166697378371
CLUSTER_511,E,215.43527987031743
CLUSTER_511,F,154.70868317510116
CLUSTER_511,G,40.66264132818096
CLUSTER_511,H,220.15316140069362
CLUSTER_511,I,86.68574971973094
CLUSTER_511,J,165.5768335395059
CLUSTER_511,K,194.48469360863456
CLUSTER_511,L,63.19418534804463
CLUSTER_511,M,141.15837278849517
CLUSTER_511,N,72.70866272672156
CLUSTER_511,O,167.36258519737723
CLUSTER_511,P,233.64030497369984
CLUSTER_511,Q,78.84009470275147
CLUSTER_511,R,41.34824500290721
CLUSTER_511,S,145.1832356382872
CLUSTER_511,T,225.70924011137703
CLUSTER_511,U,85.59548315421215
CLUSTER_511,V,60.54515075455404
CLUSTER_511,W,125.97900780594202
CLUSTER_511,X,184.4237436441494
CLUSTER_511,Y,28.699018485013116
CLUSTER_511,Z,122.36096127224378
CLUSTER_511,AA,196.0590499923901
CLUSTER_511,AB,109.49457019312193
CLUSTER_511,AC,171.64061725154866
CLUSTER_511,AD,122.72617215964833
CLUSTER_512,A,62.359736643285174
CLUSTER_512,B,164.84790103771417
CLUSTER_512,C,91.50334654997692
CLUSTER_512,D,160.19030251037276
CLUSTER_512,E,171.79347565129632
CLUSTER_512,F,43.55069393546618
CLUSTER_512,G,147.59822625506445
CLUSTER_512,H,64.22088642897027
CLUSTER_512,I,136.7559001862769
CLUSTER_512,J,63.19321584565268
CLUSTER_512,K,145.78346568820805
CLUSTER_512,L,209.15979885563726
CLUSTER_512,M,199.71733524925747
CLUSTER_512,N,228.46014045277272
CLUSTER_512,O,11.817031552164133
CLUSTER_512,P,144.18588220584348
CLUSTER_512,Q,95.26857069377584
CLUSTER_512,R,115.3557209312574
CLUSTER_512,S,117.79455314474507
CLUSTER_512,T,80.79649562755294
CLUSTER_512,U,186.49667596504514
CLUSTER_512,V,112.16730445373844
CLUSTER_512,W,92.74788906615784
CLUSTER_512,X,116.57326403232501
CLUSTER_512,Y,179.3485504730083
CLUSTER_512,Z,157.69540351525762
CLUSTER_512,AA,45.818542295757695
CLUSTER_512,AB,89.18020736749173
CLUSTER_512,AC,87.86294945071947
CLUSTER_512,AD,43.24749525000579
CLUSTER_513,A,108.90213626756389
CLUSTER_513,B,149.93962510639972
CLUSTER_513,C,226.47355079452046
CLUSTER_513,D,28.430037524473658
CLUSTER_513,E,297.33303432850715
CLUSTER_513,F,92.46402272331038
CLUSTER_513,G,190.02516124942468
CLUSTER_513,H,175.3873560249355
CLUSTER_513,I,83.60184879661873
CLUSTER_513,J,194.52145223773368
CLUSTER_513,K,28.187742841439803
CLUSTER_513,L,179.7819702444014
CLUSTER_513,M,95.52058830008049
CLUSTER_513,N,227.45326862748777
CLUSTER_513,O,143.3909509174973
CLUSTER_513,P,278.36354361205537
CLUSTER_513,Q,169.10311676868542
CLUSTER_513,R,146.98958582454665
CLUSTER_513,S,23.543296756751825
CLUSTER_513,T,208.1946086128482
CLUSTER_513,U,125.41091832840391
CLUSTER_513,V,109.19716916806821
CLUSTER_513,W,201.16689864880377
CLUSTER_513,X,244.64577803125718
CLUSTER_513,Y,195.16513218416276
CLUSTER_513,Z,63.683386482933926
CLUSTER_513,AA,132.04384022588425
CLUSTER_513,AB,67.97206301974704
CLUSTER_513,AC,54.95047885809281
CLUSTER_513,AD,150.6642640728723
CLUSTER_514,A,125.79585677593815
CLUSTER_514,B,168.6163345963631
CLUSTER_514,C,237.26970592590249
CLUSTER_514,D,33.55073769079673
CLUSTER_514,E,311.99041017681236
CLUSTER_514,F,102.81035901114211
CLUSTER_514,G,209.03589525486728
CLUSTER_514,H,180.98994013805313
CLUSTER_514,I,102.12500385815115
CLUSTER_514,J,207.38884623130627
CLUSTER_514,K,11.042023854726505
CLUSTER_514,L,197.3209403139
CLUSTER_514,M,105.89551275287775
CLUSTER_514,N,245.9014410345614
CLUSTER_514,O,153.66510627360532
CLUSTER_514,P,290.3328587982989
CLUSTER_514,Q,186.85697477153866
CLUSTER_514,R,165.89912689874737
CLUSTER_514,S,42.169789271660306
CLUSTER_514,T,215.80123973800013
CLUSTER_514,U,141.6464057805434
CLUSTER_514,V,128.28796353631452
CLUSTER_514,W,217.19692948104705
CLUSTER_514,X,258.5750562632079
CLUSTER_514,Y,214.21275534877398
CLUSTER_514,Z,79.04599471866806
CLUSTER_514,AA,137.61938766409196
CLUSTER_514,AB,86.05638343908458
CLUSTER_514,AC,60.773009475186406
CLUSTER_514,AD,165.57322930130366
CLUSTER_515,A,93.31868509955011
CLUSTER_515,B,85.19171862302704
CLUSTER_515,C,163.92296605620652
CLUSTER_515,D,199.93124338837416
CLUSTER_515,E,159.37327308633076
CLUSTER_515,F,148.8306654708493
CLUSTER_515,G,18.94350769603902
CLUSTER_515,H,193.35088813986255
CLUSTER_515,I,123.66529511387552
CLUSTER_515,J,123.68241601869211
CLUSTER_515,K,216.03529103945002
CLUSTER_515,L,118.10364250687857
CLUSTER_515,M,188.59538968224714
CLUSTER_515,N,108.1229042473586
CLUSTER_515,O,143.46660784922295
CLUSTER_515,P,181.7910740272479
CLUSTER_515,Q,39.82867262242079
CLUSTER_515,R,44.69355390232513
CLUSTER_515,S,167.30468610835976
CLUSTER_515,T,189.811243358962
CLUSTER_515,U,138.4397054208674
CLUSTER_515,V,84.29860893699285
CLUSTER_515,W,76.08815528763937
CLUSTER_515,X,132.15862308017208
CLUSTER_515,Y,59.86409262704688
CLUSTER_515,Z,161.4581644126018
CLUSTER_515,AA,179.5706994090557
CLUSTER_515,AB,124.09485685461034
CLUSTER_515,AC,178.79834204942063
CLUSTER_515,AD,93.03501802814084
CLUSTER_516,A,120.08063636665324
CLUSTER_516,B,129.31600192524962
CLUSTER_516,C,251.04326357318268
CLUSTER_516,D,19.87712675947059
CLUSTER_516,E,311.5160031895709
CLUSTER_516,F,121.62014667740046
CLUSTER_516,G,181.87849349346735
CLUSTER_516,H,208.70379982597765
CLUSTER_516,I,65.19791670144025
CLUSTER_516,J,215.1033508862883
CLUSTER_516,K,62.4883613566458
CLUSTER_516,L,151.54288568820272
CLUSTER_516,M,55.13580892780978
CLUSTER_516,N,203.6389480341273
CLUSTER_516,O,170.59735995191363
CLUSTER_516,P,299.8293350289409
CLUSTER_516,Q,173.02036495193167
CLUSTER_516,R,141.93584790973753
CLUSTER_516,S,44.47496917360913
CLUSTER_516,T,238.44916095607675
CLUSTER_516,U,93.30731800362949
CLUSTER_516,V,102.33369934581751
CLUSTER_516,W,212.15446381396816
CLUSTER_516,X,261.606893598379
CLUSTER_516,Y,178.54454827578493
CLUSTER_516,Z,31.50809133387273
CLUSTER_516,AA,166.12192619636326
CLUSTER_516,AB,77.42057975625903
CLUSTER_516,AC,91.72062437390736
CLUSTER_516,AD,166.91187023583834
CLUSTER_517,A,134.08088291480487
CLUSTER_517,B,219.37095921655987
CLUSTER_517,C,9.99268005463376
CLUSTER_517,D,249.31082152664564
CLUSTER_517,E,95.94223908953445
CLUSTER_517,F,133.52918534549593
CLUSTER_517,G,173.2135522409927
CLUSTER_517,H,87.14861034637855
CLUSTER_517,I,212.96334437676364
CLUSTER_517,J,36.01461238711478
CLUSTER_517,K,235.6365684099306
CLUSTER_517,L,261.8180772644405
CLUSTER_517,M,281.3166800649496
CLUSTER_517,N,262.74233364363135
CLUSTER_517,O,83.28458225335156
CLUSTER_517,P,54.49238176220336
CLUSTER_517,Q,121.3178829964412
CLUSTER_517,R,161.7543719190042
CLUSTER_517,S,206.62997555995318
CLUSTER_517,T,54.75811294800735
CLUSTER_517,U,256.01202895717785
CLUSTER_517,V,178.20484463228323
CLUSTER_517,W,79.58970114646812
CLUSTER_517,X,46.64973989033937
CLUSTER_517,Y,213.34297411590038
CLUSTER_517,Z,240.53042487427672
CLUSTER_517,AA,113.50447936137451
CLUSTER_517,AB,172.3889968759069
CLUSTER_517,AC,177.33496597522907
CLUSTER_517,AD,86.82631682083024
CLUSTER_518,A,139.4987028422576
CLUSTER_518,B,241.22726459424598
CLUSTER_518,C,69.80620226455004
CLUSTER_518,D,222.49198669741384
CLUSTER_518,E,172.4736856407059
CLUSTER_518,F,106.32280781075599
CLUSTER_518,G,215.14243734503938
CLUSTER_518,H,19.742606404335437
CLUSTER_518,I,212.69757803620152
CLUSTER_518,J,83.76460679831696
CLUSTER_518,K,196.58623335383464
CLUSTER_518,L,285.59413626160824
CLUSTER_518,M,272.01895104985243
CLUSTER_518,N,300.8250808487805
CLUSTER_518,O,65.40610116038478
CLUSTER_518,P,121.60771642887566
CLUSTER_518,Q,160.02050744878915
CLUSTER_518,R,188.98048930822455
CLUSTER_518,S,182.91487738303525
CLUSTER_518,T,24.075478234097016
CLUSTER_518,U,263.34611155013033
CLUSTER_518,V,189.3297439947492
CLUSTER_518,W,135.87525135142732
CLUSTER_518,X,123.03431674584515
CLUSTER_518,Y,250.83799327684366
CLUSTER_518,Z,229.8801508096491
CLUSTER_518,AA,62.980970902701195
CLUSTER_518,AB,163.24805000901839
CLUSTER_518,AC,140.29031335536936
CLUSTER_518,AD,108.38900548990219
CLUSTER_519,A,202.54537820151796
CLUSTER_519,B,275.1247491190574
CLUSTER_519,C,74.53529101190561
CLUSTER_519,D,322.2009776837729
CLUSTER_519,E,62.61924345038137
CLUSTER_519,F,207.4388779754559
CLUSTER_519,G,217.17153125502392
CLUSTER_519,H,152.37951049753744
CLUSTER_519,I,279.7482412631795
CLUSTER_519,J,104.78188819810785
CLUSTER_519,K,309.5914764970225
CLUSTER_519,L,314.36989041671075
CLUSTER_519,M,349.6365960974104
CLUSTER_519,N,303.9541769623336
CLUSTER_519,O,157.22741345875883
CLUSTER_519,P,20.056141110891573
CLUSTER_519,Q,174.29273675384974
CLUSTER_519,R,218.0034870856861
CLUSTER_519,S,279.4792257157139
CLUSTER_519,T,113.02728058056272
CLUSTER_519,U,318.2274415758626
CLUSTER_519,V,241.867670536818
CLUSTER_519,W,125.5617725927547
CLUSTER_519,X,66.78152441712857
CLUSTER_519,Y,257.9559428344311
CLUSTER_519,Z,310.00816327114717
CLUSTER_519,AA,185.2539068563919
CLUSTER_519,AB,243.13379256047537
CLUSTER_519,AC,251.30056690884624
CLUSTER_519,AD,154.35861899444794
CLUSTER_52,A,19.274101321026876
CLUSTER_52,B,89.13205168022834
CLUSTER_52,C,158.34753942554912
CLUSTER_52,D,112.37160694121583
CLUSTER_52,E,207.88817767235312
CLUSTER_52,F,66.18418391949577
CLUSTER_52,G,98.79413986962882
CLUSTER_52,H,142.71715880015222
CLUSTER_52,I,59.794710329795485
CLUSTER_52,J,117.90119604339101
CLUSTER_52,K,121.41521903952476
CLUSTER_52,L,132.47638163412998
CLUSTER_52,M,128.51485779858098
CLUSTER_52,N,161.18929708051354
CLUSTER_52,O,91.56396755932096
CLUSTER_52,P,201.32081928865065
CLUSTER_52,Q,71.44133287791468
CLUSTER_52,R,55.55154033074384
CLUSTER_52,S,74.26893233511667
CLUSTER_52,T,159.30434562239193
CLUSTER_52,U,107.00828549656669
CLUSTER_52,V,33.75485219118041
CLUSTER_52,W,108.1976807467342
CLUSTER_52,X,159.5936574632011
CLUSTER_52,Y,116.79578184965374
CLUSTER_52,Z,89.11791453985549
CLUSTER_52,AA,111.17730054589971
CLUSTER_52,AB,29.77064154190776
CLUSTER_52,AC,84.93373675514091
CLUSTER_52,AD,67.01825331987736
CLUSTER_520,A,106.59639380961515
CLUSTER_520,B,172.79996312419087
CLUSTER_520,C,202.7706114835369
CLUSTER_520,D,66.8295046518652
CLUSTER_520,E,283.16648085539777
CLUSTER_520,F,69.96579338918447
CLUSTER_520,G,200.4976715691511
CLUSTER_520,H,142.9250860006703
CLUSTER_520,I,109.80998893969102
CLUSTER_520,J,176.01512626493286
CLUSTER_520,K,34.10384627658895
CLUSTER_520,L,207.75978972349304
CLUSTER_520,M,134.24399396398667
CLUSTER_520,N,250.70586492412363
CLUSTER_520,O,119.34121380247572
CLUSTER_520,P,257.03105023897615
CLUSTER_520,Q,169.1686460773612
CLUSTER_520,R,156.87164935173186
CLUSTER_520,S,45.3828370202011
CLUSTER_520,T,178.61369204410929
CLUSTER_520,U,157.76633176748044
CLUSTER_520,V,123.87081668198304
CLUSTER_520,W,192.62855055023863
CLUSTER_520,X,228.6250705754961
CLUSTER_520,Y,212.97763627178338
CLUSTER_520,Z,99.19292372114076
CLUSTER_520,AA,99.71290257044605
CLUSTER_520,AB,75.47198598645723
CLUSTER_520,AC,25.402390610046854
CLUSTER_520,AD,138.99533222167722
CLUSTER_521,A,178.9215958063141
CLUSTER_521,B,83.72635860252025
CLUSTER_521,C,280.6806508491948
CLUSTER_521,D,226.48779973446017
CLUSTER_521,E,266.72041676502187
CLUSTER_521,F,234.54110312363747
CLUSTER_521,G,98.53428073197338
CLUSTER_521,H,300.10001612940454
CLUSTER_521,I,148.7772920707803
CLUSTER_521,J,239.48503828927426
CLUSTER_521,K,260.4808733383272
CLUSTER_521,L,57.95822557544238
CLUSTER_521,M,176.5730401976248
CLUSTER_521,N,9.018867960593102
CLUSTER_521,O,247.4800063186265
CLUSTER_521,P,297.4566174415887
CLUSTER_521,Q,152.06691107332625
CLUSTER_521,R,121.37778321849319
CLUSTER_521,S,213.58078824351526
CLUSTER_521,T,303.1071607420791
CLUSTER_521,U,117.37609580208863
CLUSTER_521,V,136.8798402399656
CLUSTER_521,W,193.20782118286988
CLUSTER_521,X,247.97597016013071
CLUSTER_521,Y,58.989220652228454
CLUSTER_521,Z,175.80652134933482
CLUSTER_521,AA,276.6635134192424
CLUSTER_521,AB,184.8001163247951
CLUSTER_521,AC,247.30274234688264
CLUSTER_521,AD,201.0991151523001
CLUSTER_522,A,139.67568812143276
CLUSTER_522,B,242.32455308251468
CLUSTER_522,C,81.91292421987065
CLUSTER_522,D,215.8653973814306
CLUSTER_522,E,184.52191888071036
CLUSTER_522,F,101.86401411806837
CLUSTER_522,G,219.7742091069553
CLUSTER_522,H,13.707020270323698
CLUSTER_522,I,210.50558513861327
CLUSTER_522,J,92.72145413530993
CLUSTER_522,K,188.230061753464
CLUSTER_522,L,286.6423421616912
CLUSTER_522,M,267.80269477601246
CLUSTER_522,N,304.15912589910454
CLUSTER_522,O,65.96009718773522
CLUSTER_522,P,134.1407917717677
CLUSTER_522,Q,164.94626988387446
CLUSTER_522,R,191.5926265515789
CLUSTER_522,S,177.23387292947183
CLUSTER_522,T,36.61090538941406
CLUSTER_522,U,261.8791705769963
CLUSTER_522,V,189.3372471088517
CLUSTER_522,W,143.88572468156192
CLUSTER_522,X,134.36697738976795
CLUSTER_522,Y,254.41154984248416
CLUSTER_522,Z,225.7991972438466
CLUSTER_522,AA,55.78528034170029
CLUSTER_522,AB,160.37032975758478
CLUSTER_522,AC,133.00651386407296
CLUSTER_522,AD,112.38493647656138
CLUSTER_523,A,101.85031655868109
CLUSTER_523,B,60.37529788682323
CLUSTER_523,C,240.46253167821448
CLUSTER_523,D,90.04447898330696
CLUSTER_523,E,278.42464111090237
CLUSTER_523,F,135.6848437251211
CLUSTER_523,G,122.86225743933824
CLUSTER_523,H,221.34570332456912
CLUSTER_523,I,24.60708376001454
CLUSTER_523,J,199.06703301107638
CLUSTER_523,K,126.32202367262586
CLUSTER_523,L,81.54002286110075
CLUSTER_523,M,56.15078530097384
CLUSTER_523,N,132.75574934083122
CLUSTER_523,O,172.57727594038613
CLUSTER_523,P,280.5050163434081
CLUSTER_523,Q,132.16194495770142
CLUSTER_523,R,91.22071052477754
CLUSTER_523,S,84.02064583654081
CLUSTER_523,T,241.36638227995635
CLUSTER_523,U,29.06773617515027
CLUSTER_523,V,58.36506827463933
CLUSTER_523,W,179.04661379068355
CLUSTER_523,X,235.61499700759296
CLUSTER_523,Y,111.01283988788953
CLUSTER_523,Z,39.404051004012885
CLUSTER_523,AA,184.4765159168426
CLUSTER_523,AB,75.4381069672344
CLUSTER_523,AC,128.2139594194805
CLUSTER_523,AD,148.06411117515327
CLUSTER_524,A,85.52777022326364
CLUSTER_524,B,174.9549808638335
CLUSTER_524,C,53.79146912336489
CLUSTER_524,D,202.69957518217493
CLUSTER_524,E,123.55661478000363
CLUSTER_524,F,90.85116992350827
CLUSTER_524,G,137.53765010360996
CLUSTER_524,H,78.94408926826843
CLUSTER_524,I,164.49717534776562
CLUSTER_524,J,15.272310027332665
CLUSTER_524,K,192.57785061492024
CLUSTER_524,L,218.44557941612794
CLUSTER_524,M,232.73218924040341
CLUSTER_524,N,225.67423579147106
CLUSTER_524,O,46.28279480493111
CLUSTER_524,P,99.53079535086164
CLUSTER_524,Q,82.58797870090578
CLUSTER_524,R,118.3386652470479
CLUSTER_524,S,159.98927760824944
CLUSTER_524,T,69.1492849715897
CLUSTER_524,U,208.54193723835596
CLUSTER_524,V,130.69396249796887
CLUSTER_524,W,56.35160204840976
CLUSTER_524,X,68.30667649953642
CLUSTER_524,Y,175.52307538709277
CLUSTER_524,Z,192.02514584608286
CLUSTER_524,AA,85.44018248395219
CLUSTER_524,AB,124.12650123104144
CLUSTER_524,AC,135.4381915353997
CLUSTER_524,AD,38.99652418277722
CLUSTER_525,A,152.16494812124387
CLUSTER_525,B,238.92136573485027
CLUSTER_525,C,13.165049108433639
CLUSTER_525,D,264.4620361396871
CLUSTER_525,E,98.83257880940701
CLUSTER_525,F,147.1019394821234
CLUSTER_525,G,192.51299664197836
CLUSTER_525,H,89.32301459436259
CLUSTER_525,I,231.20399491778835
CLUSTER_525,J,55.24124252879189
CLUSTER_525,K,248.49346973747978
CLUSTER_525,L,281.4251921214183
CLUSTER_525,M,298.96858290684247
CLUSTER_525,N,282.04556547871937
CLUSTER_525,O,96.14251682069374
CLUSTER_525,P,46.56517568869363
CLUSTER_525,Q,140.9039299257464
CLUSTER_525,R,181.3362799859495
CLUSTER_525,S,221.93959813991813
CLUSTER_525,T,51.508277923239646
CLUSTER_525,U,275.00634899521134
CLUSTER_525,V,197.1543561593548
CLUSTER_525,W,98.4011606914586
CLUSTER_525,X,57.6117503400518
CLUSTER_525,Y,232.7623325566341
CLUSTER_525,Z,257.8492595716095
CLUSTER_525,AA,121.61024708737065
CLUSTER_525,AB,189.35523356045698
CLUSTER_525,AC,189.97094264100923
CLUSTER_525,AD,105.53520582063756
CLUSTER_526,A,163.02723546215864
CLUSTER_526,B,253.12532238008413
CLUSTER_526,C,26.71841433906978
CLUSTER_526,D,270.6002433624799
CLUSTER_526,E,112.55152842594437
CLUSTER_526,F,152.11450941949812
CLUSTER_526,G,208.85899794498317
CLUSTER_526,H,84.67126394409591
CLUSTER_526,I,242.01154656775927
CLUSTER_526,J,69.31715586542047
CLUSTER_526,K,251.94153650297062
CLUSTER_526,L,296.0879238316988
CLUSTER_526,M,308.59935108933587
CLUSTER_526,N,298.36847512031625
CLUSTER_526,O,101.34131274311318
CLUSTER_526,P,55.264124920179896
CLUSTER_526,Q,156.42695658809765
CLUSTER_526,R,195.8345027262333
CLUSTER_526,S,228.45266910884268
CLUSTER_526,T,44.61784497727618
CLUSTER_526,U,287.2937422885729
CLUSTER_526,V,209.49196272827643
CLUSTER_526,W,115.32307770099874
CLUSTER_526,X,74.92337642858239
CLUSTER_526,Y,248.8474734298659
CLUSTER_526,Z,267.0388471857102
CLUSTER_526,AA,121.42923731885422
CLUSTER_526,AB,198.27516823281883
CLUSTER_526,AC,193.51968826916104
CLUSTER_526,AD,117.86199832862175
CLUSTER_527,A,199.53608745351175
CLUSTER_527,B,112.2455281906995
CLUSTER_527,C,287.9905527845402
CLUSTER_527,D,257.8938251734966
CLUSTER_527,E,261.67887470012965
CLUSTER_527,F,256.50964948529577
CLUSTER_527,G,108.24540502595228
CLUSTER_527,H,315.73642393701283
CLUSTER_527,I,178.58981406137843
CLUSTER_527,J,248.60810096249543
CLUSTER_527,K,290.31286114422636
CLUSTER_527,L,91.4075838311884
CLUSTER_527,M,209.9800379333185
CLUSTER_527,N,35.446119334289406
CLUSTER_527,O,263.95010781244304
CLUSTER_527,P,298.5337738899924
CLUSTER_527,Q,163.45169432282006
CLUSTER_527,R,139.98802908535453
CLUSTER_527,S,242.45916159581455
CLUSTER_527,T,314.7353636824864
CLUSTER_527,U,150.44761505047376
CLUSTER_527,V,161.86953980197018
CLUSTER_527,W,199.0129574999821
CLUSTER_527,X,249.9110329334141
CLUSTER_527,Y,75.31709795471498
CLUSTER_527,Z,207.54565403596692
CLUSTER_527,AA,295.94693870892087
CLUSTER_527,AB,210.6903457010958
CLUSTER_527,AC,273.1978352693196
CLUSTER_527,AD,215.29998451364003
CLUSTER_528,A,144.14435149487403
CLUSTER_528,B,193.45186996861398
CLUSTER_528,C,245.09146058840727
CLUSTER_528,D,55.73195972639493
CLUSTER_528,E,325.3356770578277
CLUSTER_528,F,112.49246678269746
CLUSTER_528,G,231.69374755673167
CLUSTER_528,H,182.26407080184975
CLUSTER_528,I,127.05120999773189
CLUSTER_528,J,218.52915083409238
CLUSTER_528,K,15.496763178595765
CLUSTER_528,L,222.43610546205042
CLUSTER_528,M,127.95604937830781
CLUSTER_528,N,270.8853392313811
CLUSTER_528,O,161.80975200689178
CLUSTER_528,P,299.541500667494
CLUSTER_528,Q,206.28240330309126
CLUSTER_528,R,188.23768952428793
CLUSTER_528,S,65.03835166423795
CLUSTER_528,T,219.32514084047097
CLUSTER_528,U,166.51663848389796
CLUSTER_528,V,151.54242959795022
CLUSTER_528,W,233.2874977978516
CLUSTER_528,X,270.9810544856365
CLUSTER_528,Y,238.45885854373427
CLUSTER_528,Z,103.80397350524103
CLUSTER_528,AA,139.80193606265385
CLUSTER_528,AB,107.01546794491098
CLUSTER_528,AC,67.97023337628175
CLUSTER_528,AD,180.260185126245
CLUSTER_529,A,71.5815100193479
CLUSTER_529,B,174.3909916028007
CLUSTER_529,C,89.66407699492078
CLUSTER_529,D,163.55232710323827
CLUSTER_529,E,174.8003798453715
CLUSTER_529,F,45.10717494462895
CLUSTER_529,G,157.53819300560485
CLUSTER_529,H,54.67754537629811
CLUSTER_529,I,144.42506144596274
CLUSTER_529,J,65.81388892747698
CLUSTER_529,K,146.5045267340712
CLUSTER_529,L,218.66106846510849
CLUSTER_529,M,205.9696936740644
CLUSTER_529,N,238.4406648155947
CLUSTER_529,O,6.061244699686731
CLUSTER_529,P,143.80947209874805
CLUSTER_529,Q,104.9432538729155
CLUSTER_529,R,125.3235238742742
CLUSTER_529,S,121.60616653437381
CLUSTER_529,T,74.14805087828695
CLUSTER_529,U,194.79061740668712
CLUSTER_529,V,121.2656611441142
CLUSTER_529,W,99.98163787956868
CLUSTER_529,X,119.41889120254989
CLUSTER_529,Y,189.35762708274677
CLUSTER_529,Z,163.82954773777792
CLUSTER_529,AA,37.106468162907014
CLUSTER_529,AB,95.8349383099247
CLUSTER_529,AC,88.06562522519005
CLUSTER_529,AD,52.448569001838415
CLUSTER_53,A,155.70702704363927
CLUSTER_53,B,52.62484718200045
CLUSTER_53,C,276.6685625723876
CLUSTER_53,D,179.13171105966322
CLUSTER_53,E,281.965071849331
CLUSTER_53,F,206.33073414029528
CLUSTER_53,G,104.78878318378821
CLUSTER_53,H,281.66682694513895
CLUSTER_53,I,106.76444035569118
CLUSTER_53,J,233.87838577673608
CLUSTER_53,K,216.12866930454217
CLUSTER_53,L,8.931044484731185
CLUSTER_53,M,124.89255212470816
CLUSTER_53,N,52.25304847984382
CLUSTER_53,O,229.00330181655585
CLUSTER_53,P,302.7855933109625
CLUSTER_53,Q,147.95238959641486
CLUSTER_53,R,107.52842213978593
CLUSTER_53,S,171.89949968475028
CLUSTER_53,T,291.4235603936376
CLUSTER_53,U,67.00861622806633
CLUSTER_53,V,107.41024597204868
CLUSTER_53,W,195.17315497927265
CLUSTER_53,X,253.4559152950207
CLUSTER_53,Y,67.10891157916456
CLUSTER_53,Z,128.24714750586975
CLUSTER_53,AA,252.317183058416
CLUSTER_53,AB,150.40721333315184
CLUSTER_53,AC,211.1041952446613
CLUSTER_53,AD,188.58793980395765
CLUSTER_530,A,180.29585552077566
CLUSTER_530,B,224.05975642328707
CLUSTER_530,C,109.93832948890358
CLUSTER_530,D,306.8722560001927
CLUSTER_530,E,22.91060303422701
CLUSTER_530,F,207.92891445232834
CLUSTER_530,G,157.0026642934448
CLUSTER_530,H,187.21074189548634
CLUSTER_530,I,246.89803228319718
CLUSTER_530,J,107.1546436432814
CLUSTER_530,K,305.88241976855716
CLUSTER_530,L,257.3279177726102
CLUSTER_530,M,317.1020103325356
CLUSTER_530,N,236.1536594671594
CLUSTER_530,O,166.80718715524839
CLUSTER_530,P,78.05717856679738
CLUSTER_530,Q,130.51019724258842
CLUSTER_530,R,172.282698997173
CLUSTER_530,S,265.87329487211485
CLUSTER_530,T,156.45083164344615
CLUSTER_530,U,274.5385201742933
CLUSTER_530,V,205.51752153998962
CLUSTER_530,W,87.44785295668962
CLUSTER_530,X,56.16686777056719
CLUSTER_530,Y,195.3393524934608
CLUSTER_530,Z,282.2143064362767
CLUSTER_530,AA,205.04583001267133
CLUSTER_530,AB,223.23636575973444
CLUSTER_530,AC,251.75667023005258
CLUSTER_530,AD,138.0567718180622
CLUSTER_531,A,103.65229180516
CLUSTER_531,B,80.8221397401772
CLUSTER_531,C,177.01395255231748
CLUSTER_531,D,204.5766185879383
CLUSTER_531,E,168.01094284184094
CLUSTER_531,F,160.0351415978565
CLUSTER_531,G,10.163008927271399
CLUSTER_531,H,206.70443027248186
CLUSTER_531,I,126.13898145158467
CLUSTER_531,J,137.0542160021446
CLUSTER_531,K,223.0433841464682
CLUSTER_531,L,109.84604614658714
CLUSTER_531,M,188.37459099325994
CLUSTER_531,N,95.6249707039132
CLUSTER_531,O,156.54209719743068
CLUSTER_531,P,193.29257191562348
CLUSTER_531,Q,53.1377082386351
CLUSTER_531,R,50.09689129314433
CLUSTER_531,S,173.8487163183061
CLUSTER_531,T,203.32530115783828
CLUSTER_531,U,135.59477212406892
CLUSTER_531,V,88.79388464049066
CLUSTER_531,W,88.71072064021301
CLUSTER_531,X,143.68856093639386
CLUSTER_531,Y,48.751850556635354
CLUSTER_531,Z,163.8031402915846
CLUSTER_531,AA,192.16446131179106
CLUSTER_531,AB,131.60592618322536
CLUSTER_531,AC,188.26361783973772
CLUSTER_531,AD,106.26649307981643
CLUSTER_532,A,93.4059196591464
CLUSTER_532,B,158.2539833268893
CLUSTER_532,C,76.65810093125434
CLUSTER_532,D,219.6636496909543
CLUSTER_532,E,98.10238456266354
CLUSTER_532,F,121.52494151986981
CLUSTER_532,G,106.34630213493737
CLUSTER_532,H,123.79193486229047
CLUSTER_532,I,165.56874361541333
CLUSTER_532,J,40.35293898275989
CLUSTER_532,K,217.91791087902672
CLUSTER_532,L,198.75575558685898
CLUSTER_532,M,236.177878543253
CLUSTER_532,N,195.8377308612642
CLUSTER_532,O,87.13610394937245
CLUSTER_532,P,98.71055012129351
CLUSTER_532,Q,57.45936105249537
CLUSTER_532,R,100.82060730566016
CLUSTER_532,S,178.20121171414957
CLUSTER_532,T,108.74201600169066
CLUSTER_532,U,201.22346703249306
CLUSTER_532,V,125.94580776408777
CLUSTER_532,W,12.727924425805252
CLUSTER_532,X,51.400410863550675
CLUSTER_532,Y,146.8692359239505
CLUSTER_532,Z,198.65418664395452
CLUSTER_532,AA,127.70099351362148
CLUSTER_532,AB,136.3492356444711
CLUSTER_532,AC,164.55715535886455
CLUSTER_532,AD,50.1619531706705
CLUSTER_533,A,123.77874262658227
CLUSTER_533,B,90.0510626913539
CLUSTER_533,C,190.71704354799056
CLUSTER_533,D,221.79638490767402
CLUSTER_533,E,171.30107263088647
CLUSTER_533,F,180.15380916290115
CLUSTER_533,G,25.492018364248967
CLUSTER_533,H,224.89422220525785
CLUSTER_533,I,141.96045633730512
CLUSTER_533,J,152.2546512373567
CLUSTER_533,K,241.85315055808354
CLUSTER_533,L,111.87519441854671
CLUSTER_533,M,201.02682629400763
CLUSTER_533,N,87.12937223332595
CLUSTER_533,O,175.46201468900017
CLUSTER_533,P,202.27950290187363
CLUSTER_533,Q,71.71848750137038
CLUSTER_533,R,69.01566943584544
CLUSTER_533,S,192.46738473496177
CLUSTER_533,T,219.5841593157617
CLUSTER_533,U,145.58056457698302
CLUSTER_533,V,106.56858465462112
CLUSTER_533,W,101.63870284893855
CLUSTER_533,X,153.12842822665738
CLUSTER_533,Y,47.520674124355146
CLUSTER_533,Z,179.22868365526136
CLUSTER_533,AA,211.6980276604374
CLUSTER_533,AB,150.85665535095285
CLUSTER_533,AC,208.19618246904014
CLUSTER_533,AD,124.90272571119525
CLUSTER_534,A,89.30447408688498
CLUSTER_534,B,26.91769729675138
CLUSTER_534,C,203.5956919593259
CLUSTER_534,D,158.55874213054406
CLUSTER_534,E,215.89697732305507
CLUSTER_534,F,145.06255140878108
CLUSTER_534,G,45.20889398164834
CLUSTER_534,H,212.36917603465392
CLUSTER_534,I,76.99809914475911
CLUSTER_534,J,160.79677816339338
CLUSTER_534,K,184.07698984883754
CLUSTER_534,L,66.13393058378087
CLUSTER_534,M,133.94149915426232
CLUSTER_534,N,82.03841632662166
CLUSTER_534,O,159.50663928185065
CLUSTER_534,P,231.3390599550151
CLUSTER_534,Q,75.49272335858379
CLUSTER_534,R,34.659543761163285
CLUSTER_534,S,134.73023551347177
CLUSTER_534,T,219.33272485883268
CLUSTER_534,U,80.4169912205993
CLUSTER_534,V,50.04542916961472
CLUSTER_534,W,123.73319866888949
CLUSTER_534,X,182.50510416387073
CLUSTER_534,Y,39.23106511409391
CLUSTER_534,Z,113.2304972585833
CLUSTER_534,AA,187.153067841126
CLUSTER_534,AB,99.01073372354301
CLUSTER_534,AC,161.2260148474666
CLUSTER_534,AD,116.26540643538202
CLUSTER_535,A,150.04445948757848
CLUSTER_535,B,242.91971283578314
CLUSTER_535,C,23.34063428105191
CLUSTER_535,D,255.01829410001844
CLUSTER_535,E,121.99467533244159
CLUSTER_535,F,136.3605348498901
CLUSTER_535,G,202.15491516878254
CLUSTER_535,H,68.87731373660463
CLUSTER_535,I,228.7398122025656
CLUSTER_535,J,60.83254663741544
CLUSTER_535,K,235.75044896072578
CLUSTER_535,L,286.3683704231717
CLUSTER_535,M,294.49201880770704
CLUSTER_535,N,291.3742785787399
CLUSTER_535,O,85.84186170278768
CLUSTER_535,P,68.29302828246419
CLUSTER_535,Q,148.4721069732232
CLUSTER_535,R,186.18024071519147
CLUSTER_535,S,213.03590392887423
CLUSTER_535,T,29.361690150026195
CLUSTER_535,U,275.0764270072724
CLUSTER_535,V,197.4972675251961
CLUSTER_535,W,110.69488277881918
CLUSTER_535,X,78.42229325331098
CLUSTER_535,Y,241.483450329825
CLUSTER_535,Z,252.73889349859923
CLUSTER_535,AA,105.03751503495418
CLUSTER_535,AB,183.95958643524352
CLUSTER_535,AC,177.3793785099958
CLUSTER_535,AD,106.4157348332235
CLUSTER_536,A,61.225597357837145
CLUSTER_536,B,162.16205901605286
CLUSTER_536,C,85.51524629958433
CLUSTER_536,D,166.11747837372204
CLUSTER_536,E,162.69313268150125
CLUSTER_536,F,51.52826423078808
CLUSTER_536,G,141.1430382019046
CLUSTER_536,H,68.099824433554
CLUSTER_536,I,138.02828643975286
CLUSTER_536,J,54.54193527342037
CLUSTER_536,K,153.55661146359242
CLUSTER_536,L,206.52891764945252
CLUSTER_536,M,202.71371341107007
CLUSTER_536,N,223.60509636712675
CLUSTER_536,O,15.938642707328471
CLUSTER_536,P,136.8825863495417
CLUSTER_536,Q,87.86516594862015
CLUSTER_536,R,110.80378548299417
CLUSTER_536,S,123.49453477808115
CLUSTER_536,T,79.71130928736123
CLUSTER_536,U,186.59660029597143
CLUSTER_536,V,110.87721659379416
CLUSTER_536,W,83.14440567569915
CLUSTER_536,X,107.6029494316829
CLUSTER_536,Y,174.10805130324277
CLUSTER_536,Z,160.9338229709758
CLUSTER_536,AA,54.59825187582108
CLUSTER_536,AB,92.15462948761365
CLUSTER_536,AC,96.09569950196564
CLUSTER_536,AD,35.00795239992119
CLUSTER_537,A,132.61965677006518
CLUSTER_537,B,150.34963836661757
CLUSTER_537,C,257.93407090209325
CLUSTER_537,D,6.401110008736595
CLUSTER_537,E,323.79767664935537
CLUSTER_537,F,125.13804760226353
CLUSTER_537,G,201.07502544232398
CLUSTER_537,H,209.4639731437147
CLUSTER_537,I,85.45950023294279
CLUSTER_537,J,224.07922814187168
CLUSTER_537,K,47.404011721307896
CLUSTER_537,L,172.68836994047882
CLUSTER_537,M,70.48614923730209
CLUSTER_537,N,224.9052369504315
CLUSTER_537,O,175.6440387567005
CLUSTER_537,P,308.55633436978945
CLUSTER_537,Q,188.76089640722776
CLUSTER_537,R,160.15410018378896
CLUSTER_537,S,49.10587925927046
CLUSTER_537,T,241.63061405949637
CLUSTER_537,U,114.1308817060032
CLUSTER_537,V,120.61985516824689
CLUSTER_537,W,225.49109681901928
CLUSTER_537,X,272.5126120319113
CLUSTER_537,Y,199.2548653405756
CLUSTER_537,Z,52.77235768400488
CLUSTER_537,AA,166.18437391265144
CLUSTER_537,AB,89.67431682332767
CLUSTER_537,AC,89.22029288333327
CLUSTER_537,AD,177.7439203694354
CLUSTER_538,A,176.35367470477354
CLUSTER_538,B,250.00292065835896
CLUSTER_538,C,52.73935564429589
CLUSTER_538,D,296.5468767715268
CLUSTER_538,E,58.53395711493453
CLUSTER_538,F,182.71366376805767
CLUSTER_538,G,193.79174614861816
CLUSTER_538,H,133.56555924745288
CLUSTER_538,I,253.5549198380462
CLUSTER_538,J,78.8924757976119
CLUSTER_538,K,284.9468273897632
CLUSTER_538,L,289.8465685592434
CLUSTER_538,M,323.425170604252
CLUSTER_538,N,281.6052524440084
CLUSTER_538,O,133.08822964682736
CLUSTER_538,P,6.956832579600732
CLUSTER_538,Q,149.13082642129757
CLUSTER_538,R,192.64388221272014
CLUSTER_538,S,253.83643039582347
CLUSTER_538,T,95.98185067019563
CLUSTER_538,U,292.36708284745856
CLUSTER_538,V,215.8093706310516
CLUSTER_538,W,100.73864149136458
CLUSTER_538,X,42.70504215095243
CLUSTER_538,Y,234.69614080113138
CLUSTER_538,Z,283.8212738955057
CLUSTER_538,AA,163.31569993331888
CLUSTER_538,AB,217.06936728880908
CLUSTER_538,AC,226.87458249971831
CLUSTER_538,AD,128.17227245533127
CLUSTER_539,A,132.18211827844988
CLUSTER_539,B,229.00949463972108
CLUSTER_539,C,35.38649381893957
CLUSTER_539,D,232.29721668803376
CLUSTER_539,E,137.96485480233
CLUSTER_539,F,113.51354369317325
CLUSTER_539,G,194.12247918451712
CLUSTER_539,H,46.65012245489801
CLUSTER_539,I,209.89891662132294
CLUSTER_539,J,54.94200342312613
CLUSTER_539,K,212.04641820206413
CLUSTER_539,L,273.0200036364717
CLUSTER_539,M,274.120990020383
CLUSTER_539,N,282.2426695555048
CLUSTER_539,O,63.81100643120734
CLUSTER_539,P,89.25679595322919
CLUSTER_539,Q,139.20673246349466
CLUSTER_539,R,173.59648664600894
CLUSTER_539,S,190.63596964265162
CLUSTER_539,T,13.701223458730336
CLUSTER_539,U,257.7971811147534
CLUSTER_539,V,180.94271788094392
CLUSTER_539,W,107.81056013181242
CLUSTER_539,X,88.64553083232477
CLUSTER_539,Y,232.07533051614004
CLUSTER_539,Z,232.13063671466026
CLUSTER_539,AA,81.0498216009177
CLUSTER_539,AB,163.52691025765904
CLUSTER_539,AC,153.7805885760355
CLUSTER_539,AD,92.11402628940517
CLUSTER_54,A,146.1830056659767
CLUSTER_54,B,65.20046602919777
CLUSTER_54,C,281.5586981723953
CLUSTER_54,D,129.368419736268
CLUSTER_54,E,306.78773186903925
CLUSTER_54,F,185.29636409533575
CLUSTER_54,G,135.65721466040424
CLUSTER_54,H,269.497302581232
CLUSTER_54,I,74.40905571795587
CLUSTER_54,J,239.0608805254302
CLUSTER_54,K,170.3889852621916
CLUSTER_54,L,53.12199310306232
CLUSTER_54,M,67.58988758068745
CLUSTER_54,N,109.87931699347908
CLUSTER_54,O,219.29924786582322
CLUSTER_54,P,316.8222635017813
CLUSTER_54,Q,162.17776679312783
CLUSTER_54,R,118.27850697509689
CLUSTER_54,S,132.54042805668746
CLUSTER_54,T,286.9746934934751
CLUSTER_54,U,21.575283060153367
CLUSTER_54,V,97.53028830628357
CLUSTER_54,W,211.03245168267478
CLUSTER_54,X,269.53834076334414
CLUSTER_54,Y,108.7542137526538
CLUSTER_54,Z,80.54682458400451
CLUSTER_54,AA,233.92634553488318
CLUSTER_54,AB,125.12989815021635
CLUSTER_54,AC,178.2739625600012
CLUSTER_54,AD,189.05780983742906
CLUSTER_540,A,160.53610345133768
CLUSTER_540,B,203.66676601635984
CLUSTER_540,C,263.1179087881866
CLUSTER_540,D,59.49156884461585
CLUSTER_540,E,343.14090282069407
CLUSTER_540,F,130.49787614815304
CLUSTER_540,G,245.490643677204
CLUSTER_540,H,199.56898543031903
CLUSTER_540,I,137.1279234465376
CLUSTER_540,J,236.51648664027476
CLUSTER_540,K,30.422835899264147
CLUSTER_540,L,230.08889927643472
CLUSTER_540,M,128.73774520304693
CLUSTER_540,N,280.3280619478661
CLUSTER_540,O,179.86071222635184
CLUSTER_540,P,317.59453044862596
CLUSTER_540,Q,222.28619107143626
CLUSTER_540,R,202.33006625805206
CLUSTER_540,S,78.57913780759976
CLUSTER_540,T,236.9585205728377
CLUSTER_540,U,172.58192646056423
CLUSTER_540,V,164.71389891917056
CLUSTER_540,W,250.5165434535232
CLUSTER_540,X,288.8811091122814
CLUSTER_540,Y,250.11253576738625
CLUSTER_540,Z,110.07098185804853
CLUSTER_540,AA,157.37515596921202
CLUSTER_540,AB,122.04267520283591
CLUSTER_540,AC,86.00515237607428
CLUSTER_540,AD,197.76277991541505
CLUSTER_541,A,123.98718190872751
CLUSTER_541,B,119.18217827066498
CLUSTER_541,C,258.6752031497612
CLUSTER_541,D,36.19205777265515
CLUSTER_541,E,314.2621219684862
CLUSTER_541,F,132.57348067680337
CLUSTER_541,G,176.2648816892899
CLUSTER_541,H,220.57209551890432
CLUSTER_541,I,59.04789399285636
CLUSTER_541,J,221.25468207723478
CLUSTER_541,K,79.56885248168905
CLUSTER_541,L,137.83802374785446
CLUSTER_541,M,38.37117263306951
CLUSTER_541,N,191.30749205406488
CLUSTER_541,O,180.0326428400774
CLUSTER_541,P,305.8260125732399
CLUSTER_541,Q,172.65897774168295
CLUSTER_541,R,138.37552386132097
CLUSTER_541,S,57.34448217468644
CLUSTER_541,T,248.72795134630582
CLUSTER_541,U,78.67341605896864
CLUSTER_541,V,99.29070311242555
CLUSTER_541,W,214.24999560565362
CLUSTER_541,X,265.8380522686997
CLUSTER_541,Y,169.38452826388556
CLUSTER_541,Z,21.41987255070149
CLUSTER_541,AA,178.6082744976872
CLUSTER_541,AB,82.80068611440255
CLUSTER_541,AC,106.16076939905622
CLUSTER_541,AD,171.814081385033
CLUSTER_542,A,70.35325509875932
CLUSTER_542,B,165.7696605440467
CLUSTER_542,C,140.39585967886006
CLUSTER_542,D,117.11490481774489
CLUSTER_542,E,223.34018257760727
CLUSTER_542,F,13.286797773909473
CLUSTER_542,G,170.37182130032966
CLUSTER_542,H,86.62183250257678
CLUSTER_542,I,118.54347503101519
CLUSTER_542,J,114.93585072957775
CLUSTER_542,K,95.87442242366811
CLUSTER_542,L,207.74950140843427
CLUSTER_542,M,169.26911283289067
CLUSTER_542,N,238.91941795955492
CLUSTER_542,O,56.999887198817234
CLUSTER_542,P,194.7442842394563
CLUSTER_542,Q,126.72389310810352
CLUSTER_542,R,130.01525826748357
CLUSTER_542,S,77.64553805603711
CLUSTER_542,T,118.58768197285357
CLUSTER_542,U,171.38598474718086
CLUSTER_542,V,110.19435985689252
CLUSTER_542,W,138.705243703249
CLUSTER_542,X,168.23084867764155
CLUSTER_542,Y,193.6933066902157
CLUSTER_542,Z,127.7330348548147
CLUSTER_542,AA,44.2567371175415
CLUSTER_542,AB,68.05419069351714
CLUSTER_542,AC,37.34337435333928
CLUSTER_542,AD,84.69395964071724
CLUSTER_543,A,135.07551952816038
CLUSTER_543,B,54.20269845724278
CLUSTER_543,C,233.90430164073976
CLUSTER_543,D,201.1851785038401
CLUSTER_543,E,225.9692687050347
CLUSTER_543,F,191.89347790320952
CLUSTER_543,G,52.23847428174557
CLUSTER_543,H,253.8079435181704
CLUSTER_543,I,119.70363579391461
CLUSTER_543,J,192.4977546806411
CLUSTER_543,K,230.00919548994497
CLUSTER_543,L,58.78863352884115
CLUSTER_543,M,164.3680776705341
CLUSTER_543,N,38.27479122585306
CLUSTER_543,O,201.4139998579414
CLUSTER_543,P,252.69587679630672
CLUSTER_543,Q,104.99893471456012
CLUSTER_543,R,75.95029791725051
CLUSTER_543,S,181.14685083989704
CLUSTER_543,T,256.0574544563117
CLUSTER_543,U,104.6352512365186
CLUSTER_543,V,97.96700820638844
CLUSTER_543,W,147.0951894923252
CLUSTER_543,X,203.07203029020158
CLUSTER_543,Y,11.90686394279324
CLUSTER_543,Z,152.71784913099896
CLUSTER_543,AA,232.03135957513229
CLUSTER_543,AB,146.93971977370563
CLUSTER_543,AC,209.22873749554023
CLUSTER_543,AD,154.29461636671104
CLUSTER_544,A,67.98190503784014
CLUSTER_544,B,62.43686700456399
CLUSTER_544,C,206.84592850683188
CLUSTER_544,D,89.97156384782326
CLUSTER_544,E,249.1848142714953
CLUSTER_544,F,104.30401365887774
CLUSTER_544,G,107.19813572501207
CLUSTER_544,H,188.3110424574296
CLUSTER_544,I,12.374483517457142
CLUSTER_544,J,165.7938637597314
CLUSTER_544,K,116.29190121716576
CLUSTER_544,L,98.2759427053157
CLUSTER_544,M,82.9922933225202
CLUSTER_544,N,140.4360187830139
CLUSTER_544,O,138.88057802095545
CLUSTER_544,P,248.06916314185463
CLUSTER_544,Q,104.37187280039801
CLUSTER_544,R,68.2098893639143
CLUSTER_544,S,67.90594757637733
CLUSTER_544,T,207.49406486586204
CLUSTER_544,U,59.903891995559555
CLUSTER_544,V,29.503071386597792
CLUSTER_544,W,149.0805433847582
CLUSTER_544,X,204.24498095810446
CLUSTER_544,Y,107.09031151673211
CLUSTER_544,Z,49.26485476440408
CLUSTER_544,AA,152.73019553932613
CLUSTER_544,AB,44.73155827259828
CLUSTER_544,AC,103.91271167863542
CLUSTER_544,AD,114.73551295599346
CLUSTER_545,A,40.2331505960889
CLUSTER_545,B,74.13987174263114
CLUSTER_545,C,179.14315092672265
CLUSTER_545,D,101.31908182886013
CLUSTER_545,E,224.79597356477692
CLUSTER_545,F,81.87336687922945
CLUSTER_545,G,98.62436198418202
CLUSTER_545,H,162.516810416732
CLUSTER_545,I,39.11111849530876
CLUSTER_545,J,138.2944037562528
CLUSTER_545,K,117.75627323714984
CLUSTER_545,L,115.77058406306031
CLUSTER_545,M,108.8827498151132
CLUSTER_545,N,149.76566064418847
CLUSTER_545,O,112.06675739529248
CLUSTER_545,P,221.0894626145353
CLUSTER_545,Q,83.02699322025614
CLUSTER_545,R,55.39947297278284
CLUSTER_545,S,68.38448591892089
CLUSTER_545,T,180.20724082316696
CLUSTER_545,U,86.23384046290955
CLUSTER_545,V,20.021405935471254
CLUSTER_545,W,124.58947685312037
CLUSTER_545,X,178.18207027787662
CLUSTER_545,Y,109.11898259518665
CLUSTER_545,Z,71.1071685535479
CLUSTER_545,AA,129.0110721608665
CLUSTER_545,AB,28.95836117697784
CLUSTER_545,AC,91.35642634309963
CLUSTER_545,AD,87.25443578737844
CLUSTER_546,A,202.95137628658898
CLUSTER_546,B,282.8381642037696
CLUSTER_546,C,66.39984970336916
CLUSTER_546,D,317.91745334711135
CLUSTER_546,E,86.71763550086564
CLUSTER_546,F,200.72564141185953
CLUSTER_546,G,228.93557381391895
CLUSTER_546,H,137.00296933138856
CLUSTER_546,I,281.5305498453776
CLUSTER_546,J,104.15227570769844
CLUSTER_546,K,301.99560932419314
CLUSTER_546,L,323.61625841439223
CLUSTER_546,M,350.35440653533647
CLUSTER_546,N,317.259153504189
CLUSTER_546,O,149.7564161611343
CLUSTER_546,P,29.878175879308124
CLUSTER_546,Q,182.28068772161703
CLUSTER_546,R,225.14229502525197
CLUSTER_546,S,275.3300083950614
CLUSTER_546,T,96.8394193884495
CLUSTER_546,U,322.9141138039384
CLUSTER_546,V,245.49890295299863
CLUSTER_546,W,134.8308583688023
CLUSTER_546,X,78.34342587356579
CLUSTER_546,Y,269.8540360018125
CLUSTER_546,Z,309.7307775125647
CLUSTER_546,AA,173.3511281748337
CLUSTER_546,AB,241.65421518756006
CLUSTER_546,AC,243.46385377755922
CLUSTER_546,AD,155.16708375883928
CLUSTER_547,A,131.40421996374155
CLUSTER_547,B,182.3568739415704
CLUSTER_547,C,234.4121882269177
CLUSTER_547,D,50.12262074883743
CLUSTER_547,E,313.32455472899824
CLUSTER_547,F,101.0303028876199
CLUSTER_547,G,219.2558540482628
CLUSTER_547,H,173.71786968135464
CLUSTER_547,I,116.21488972984655
CLUSTER_547,J,206.9376743423406
CLUSTER_547,K,5.798215354844527
CLUSTER_547,L,212.51692898582823
CLUSTER_547,M,122.5818948098664
CLUSTER_547,N,260.03191358982485
CLUSTER_547,O,150.90966723688882
CLUSTER_547,P,288.5107242276653
CLUSTER_547,Q,193.52529996120393
CLUSTER_547,R,175.74469882160233
CLUSTER_547,S,52.99709306238132
CLUSTER_547,T,210.01298473681487
CLUSTER_547,U,157.61897240984362
CLUSTER_547,V,139.34711343558675
CLUSTER_547,W,220.78027993367502
CLUSTER_547,X,259.14200126799363
CLUSTER_547,Y,226.71139052304585
CLUSTER_547,Z,95.24756743111512
CLUSTER_547,AA,130.78668504263567
CLUSTER_547,AB,94.37101702388287
CLUSTER_547,AC,56.79839483655734
CLUSTER_547,AD,167.92218244106922
CLUSTER_548,A,152.35159657652548
CLUSTER_548,B,78.36613173586414
CLUSTER_548,C,239.3338800191927
CLUSTER_548,D,225.0792827491062
CLUSTER_548,E,220.67748682714182
CLUSTER_548,F,209.76125711458124
CLUSTER_548,G,58.64033619465794
CLUSTER_548,H,266.29742561292034
CLUSTER_548,I,143.4353651136696
CLUSTER_548,J,199.40601783688743
CLUSTER_548,K,253.0545005571056
CLUSTER_548,L,78.4668660947732
CLUSTER_548,M,188.24733439853358
CLUSTER_548,N,37.689046346591496
CLUSTER_548,O,214.7300952048387
CLUSTER_548,P,252.84985438048895
CLUSTER_548,Q,113.84699747546992
CLUSTER_548,R,92.46595022280562
CLUSTER_548,S,203.91927842434887
CLUSTER_548,T,265.2044974558167
CLUSTER_548,U,128.27701807016228
CLUSTER_548,V,119.30913218244417
CLUSTER_548,W,150.68609577451744
CLUSTER_548,X,203.61856135346267
CLUSTER_548,Y,30.215910491123427
CLUSTER_548,Z,176.8543440473832
CLUSTER_548,AA,247.55465546624998
CLUSTER_548,AB,168.13429603567712
CLUSTER_548,AC,229.89900400430884
CLUSTER_548,AD,165.78054502908083
CLUSTER_549,A,117.87000075647997
CLUSTER_549,B,166.35755860965807
CLUSTER_549,C,227.16284992352007
CLUSTER_549,D,39.917888178238535
CLUSTER_549,E,302.7110865131353
CLUSTER_549,F,92.75306421187118
CLUSTER_549,G,203.7509586498165
CLUSTER_549,H,170.778702067777
CLUSTER_549,I,100.29438573325912
CLUSTER_549,J,197.64944967666017
CLUSTER_549,K,12.652753062404706
CLUSTER_549,L,196.91328599554112
CLUSTER_549,M,110.86881674789961
CLUSTER_549,N,244.07252791512647
CLUSTER_549,O,143.53829652197007
CLUSTER_549,P,280.37798318845523
CLUSTER_549,Q,179.49601756446836
CLUSTER_549,R,160.3367586666709
CLUSTER_549,S,37.09121525625534
CLUSTER_549,T,205.52664826435603
CLUSTER_549,U,142.6719914637115
CLUSTER_549,V,123.56907430254641
CLUSTER_549,W,208.57397860623203
CLUSTER_549,X,249.08288813017754
CLUSTER_549,Y,210.72174510329228
CLUSTER_549,Z,80.78007136551062
CLUSTER_549,AA,127.39286584845009
CLUSTER_549,AB,79.41194924254641
CLUSTER_549,AC,50.49853736744275
CLUSTER_549,AD,156.50428988520335
CLUSTER_55,A,70.65063382059853
CLUSTER_55,B,164.11467011340912
CLUSTER_55,C,68.55615771936282
CLUSTER_55,D,186.33803341430496
CLUSTER_55,E,138.45915963759083
CLUSTER_55,F,75.2231736396306
CLUSTER_55,G,132.4899920004784
CLUSTER_55,H,77.20611788606085
CLUSTER_55,I,149.71153847551685
CLUSTER_55,J,31.52831109620577
CLUSTER_55,K,176.5558575158697
CLUSTER_55,L,208.08701503106346
CLUSTER_55,M,217.30062219371686
CLUSTER_55,N,218.89782193714817
CLUSTER_55,O,34.809365069978256
CLUSTER_55,P,115.8701481767887
CLUSTER_55,Q,77.3613712125404
CLUSTER_55,R,108.80217036342206
CLUSTER_55,S,143.62584368343295
CLUSTER_55,T,75.95860288839891
CLUSTER_55,U,195.05056220073567
CLUSTER_55,V,117.42327078401298
CLUSTER_55,W,61.64101805239409
CLUSTER_55,X,83.56731351753339
CLUSTER_55,Y,168.76299045567052
CLUSTER_55,Z,176.3319925012237
CLUSTER_55,AA,75.38970728550547
CLUSTER_55,AB,108.15114495242364
CLUSTER_55,AC,119.77036937186216
CLUSTER_55,AD,27.187324050945737
CLUSTER_56,A,194.11946188332251
CLUSTER_56,B,239.7689604383305
CLUSTER_56,C,113.70546043284871
CLUSTER_56,D,320.63272065736834
CLUSTER_56,E,13.269307955008049
CLUSTER_56,F,219.40210960667264
CLUSTER_56,G,172.6936635432672
CLUSTER_56,H,193.21135480731007
CLUSTER_56,I,261.89559303160183
CLUSTER_56,J,116.40132601766476
CLUSTER_56,K,318.4290583957017
CLUSTER_56,L,273.01388392120947
CLUSTER_56,M,332.21578937384214
CLUSTER_56,N,251.2711020096488
CLUSTER_56,O,176.5289643881061
CLUSTER_56,P,74.4658408228769
CLUSTER_56,Q,145.7287646859697
CLUSTER_56,R,187.77861832708916
CLUSTER_56,S,279.3247710131704
CLUSTER_56,T,160.3409944553007
CLUSTER_56,U,290.11564001592035
CLUSTER_56,V,220.61765133412223
CLUSTER_56,W,101.61004735063243
CLUSTER_56,X,63.390611521761315
CLUSTER_56,Y,210.89750731879457
CLUSTER_56,Z,296.95189393288877
CLUSTER_56,AA,213.75704935940456
CLUSTER_56,AB,237.10548259025117
CLUSTER_56,AC,263.5548691101749
CLUSTER_56,AD,150.7480688890854
CLUSTER_57,A,100.44167088231494
CLUSTER_57,B,36.573921917144226
CLUSTER_57,C,235.6708319697007
CLUSTER_57,D,113.13460158854801
CLUSTER_57,E,265.1760770564189
CLUSTER_57,F,142.8816818846304
CLUSTER_57,G,102.26547205735422
CLUSTER_57,H,224.89338510549874
CLUSTER_57,I,37.04351483141582
CLUSTER_57,J,193.28404629208737
CLUSTER_57,K,147.31233380892664
CLUSTER_57,L,60.991334531438135
CLUSTER_57,M,76.9196307426505
CLUSTER_57,N,109.48436119795885
CLUSTER_57,O,174.009296369259
CLUSTER_57,P,272.0278253224908
CLUSTER_57,Q,119.10294455822077
CLUSTER_57,R,75.89778977977545
CLUSTER_57,S,102.16841346727831
CLUSTER_57,T,241.21345113924377
CLUSTER_57,U,27.11539469462705
CLUSTER_57,V,51.5175488898128
CLUSTER_57,W,167.47968197748528
CLUSTER_57,X,225.45513145806316
CLUSTER_57,Y,87.3499372586097
CLUSTER_57,Z,63.03659135774217
CLUSTER_57,AA,190.89777675281582
CLUSTER_57,AB,83.84887892822694
CLUSTER_57,AC,142.35084705558816
CLUSTER_57,AD,143.09986762305644
CLUSTER_58,A,129.327127856805
CLUSTER_58,B,108.94652432705058
CLUSTER_58,C,266.68831096124535
CLUSTER_58,D,54.5438676441677
CLUSTER_58,E,316.86736136161915
CLUSTER_58,F,144.77460306640023
CLUSTER_58,G,170.55166506982295
CLUSTER_58,H,233.16357477275523
CLUSTER_58,I,56.21442899498867
CLUSTER_58,J,227.88818115545163
CLUSTER_58,K,98.05213425291453
CLUSTER_58,L,123.05373526379742
CLUSTER_58,M,21.60122688975634
CLUSTER_58,N,177.8384158225582
CLUSTER_58,O,190.3261208359012
CLUSTER_58,P,311.93855972342897
CLUSTER_58,Q,172.77373565154173
CLUSTER_58,R,135.45108129496046
CLUSTER_58,S,72.55793926604356
CLUSTER_58,T,259.5622200057845
CLUSTER_58,U,63.33604661578706
CLUSTER_58,V,97.8689166867699
CLUSTER_58,W,216.6359052719491
CLUSTER_58,X,270.2153418706576
CLUSTER_58,Y,159.70093027620027
CLUSTER_58,Z,22.005167571803003
CLUSTER_58,AA,192.0043698833262
CLUSTER_58,AB,90.7204276477194
CLUSTER_58,AC,121.8914375632338
CLUSTER_58,AD,177.51777272036907
CLUSTER_59,A,80.04632422647882
CLUSTER_59,B,182.6552477327575
CLUSTER_59,C,107.29685085442068
CLUSTER_59,D,152.30441735874868
CLUSTER_59,E,196.51903674574726
CLUSTER_59,F,35.37454342985836
CLUSTER_59,G,173.42008284463714
CLUSTER_59,H,53.04271869859212
CLUSTER_59,I,144.82318122664577
CLUSTER_59,J,87.68876905076256
CLUSTER_59,K,130.4554736016019
CLUSTER_59,L,226.36915609120808
CLUSTER_59,M,201.321028121978
CLUSTER_59,N,250.67405563388016
CLUSTER_59,O,27.623078929889036
CLUSTER_59,P,162.67868992220963
CLUSTER_59,Q,122.93883107288512
CLUSTER_59,R,137.95866853034747
CLUSTER_59,S,112.00011073640498
CLUSTER_59,T,83.20477923025845
CLUSTER_59,U,196.87463550076566
CLUSTER_59,V,127.70573745252526
CLUSTER_59,W,122.02466329021581
CLUSTER_59,X,141.15656641855523
CLUSTER_59,Y,202.65086202209093
CLUSTER_59,Z,159.27449191843075
CLUSTER_59,AA,18.163804673102348
CLUSTER_59,AB,94.24579663422561
CLUSTER_59,AC,72.18726561159492
CLUSTER_59,AD,72.26090928347688
CLUSTER_6,A,80.71881841666467
CLUSTER_6,B,102.91773176627248
CLUSTER_6,C,137.1414755325009
CLUSTER_6,D,198.62922909927408
CLUSTER_6,E,140.05612122919763
CLUSTER_6,F,132.05008570974692
CLUSTER_6,G,45.142817998933886
CLUSTER_6,H,168.5911017542294
CLUSTER_6,I,128.4402397310038
CLUSTER_6,J,96.87380750995722
CLUSTER_6,K,209.28564297250267
CLUSTER_6,L,140.21224324901905
CLUSTER_6,M,197.09614086601087
CLUSTER_6,N,134.6739699691182
CLUSTER_6,O,120.20969204457957
CLUSTER_6,P,157.06845005410852
CLUSTER_6,Q,18.61748275418015
CLUSTER_6,R,50.43980125895625
CLUSTER_6,S,162.3092302332518
CLUSTER_6,T,163.3647506439891
CLUSTER_6,U,152.33726556177243
CLUSTER_6,V,86.90176493643278
CLUSTER_6,W,50.02667587143165
CLUSTER_6,X,107.60967019922188
CLUSTER_6,Y,85.66535068925776
CLUSTER_6,Z,165.5188691999086
CLUSTER_6,AA,157.97868929825356
CLUSTER_6,AB,117.87039589260041
CLUSTER_6,AC,166.469423879337
CLUSTER_6,AD,69.49849367893466
CLUSTER_60,A,205.09115186058554
CLUSTER_60,B,257.08148126076054
CLUSTER_60,C,109.61958696823972
CLUSTER_60,D,330.98958409342777
CLUSTER_60,E,14.361352138682319
CLUSTER_60,F,225.51881248968618
CLUSTER_60,G,191.2782893733326
CLUSTER_60,H,190.84398084942606
CLUSTER_60,I,275.70183450923923
CLUSTER_60,J,120.14617993260302
CLUSTER_60,K,326.1694533616643
CLUSTER_60,L,291.5508583256681
CLUSTER_60,M,346.28331991547617
CLUSTER_60,N,271.45486016975326
CLUSTER_60,O,180.01255096433
CLUSTER_60,P,62.45844194899823
CLUSTER_60,Q,160.71140409855704
CLUSTER_60,R,203.67805132508818
CLUSTER_60,S,289.09046332495416
CLUSTER_60,T,155.43682558042025
CLUSTER_60,U,306.2483452707949
CLUSTER_60,V,234.87166600719638
CLUSTER_60,W,114.29900498595627
CLUSTER_60,X,66.74611977691553
CLUSTER_60,Y,230.14043022132952
CLUSTER_60,Z,309.88527337818505
CLUSTER_60,AA,215.2714234299624
CLUSTER_60,AB,247.9709494213116
CLUSTER_60,AC,270.0349679444031
CLUSTER_60,AD,159.73394309955802
CLUSTER_61,A,111.71818636106934
CLUSTER_61,B,132.85976516851255
CLUSTER_61,C,239.47723859515267
CLUSTER_61,D,15.953960735786755
CLUSTER_61,E,303.1026708583974
CLUSTER_61,F,108.5034575335804
CLUSTER_61,G,180.72647922127595
CLUSTER_61,H,194.9517147695906
CLUSTER_61,I,66.75330461071762
CLUSTER_61,J,204.55961069029874
CLUSTER_61,K,50.756787361526996
CLUSTER_61,L,158.6461148317147
CLUSTER_61,M,69.13561883581332
CLUSTER_61,N,208.92201782669642
CLUSTER_61,O,158.15033602463083
CLUSTER_61,P,289.20938840334617
CLUSTER_61,Q,167.4867124157872
CLUSTER_61,R,139.34440203098993
CLUSTER_61,S,31.07464252681647
CLUSTER_61,T,225.4142976041587
CLUSTER_61,U,102.03070652514823
CLUSTER_61,V,99.92700874825
CLUSTER_61,W,204.4937542495517
CLUSTER_61,X,252.24383473622726
CLUSTER_61,Y,180.70492640143587
CLUSTER_61,Z,39.305086365390196
CLUSTER_61,AA,152.16097428095614
CLUSTER_61,AB,68.7300139074441
CLUSTER_61,AC,77.21176294412061
CLUSTER_61,AD,157.4222800862966
CLUSTER_62,A,131.32487502817773
CLUSTER_62,B,68.65895393848233
CLUSTER_62,C,269.31757924081256
CLUSTER_62,D,104.72381141489839
CLUSTER_62,E,302.466555791742
CLUSTER_62,F,165.46183058888937
CLUSTER_62,G,138.15379678629793
CLUSTER_62,H,251.4354092763558
CLUSTER_62,I,54.64130316892323
CLUSTER_62,J,227.5013231473949
CLUSTER_62,K,145.62974291682892
CLUSTER_62,L,71.5677226950571
CLUSTER_62,M,47.3515394723238
CLUSTER_62,N,127.70570613673864
CLUSTER_62,O,202.62949317258042
CLUSTER_62,P,307.797477509535
CLUSTER_62,Q,156.22774161037006
CLUSTER_62,R,113.27484298591781
CLUSTER_62,S,108.62288819975454
CLUSTER_62,T,271.30458085840104
CLUSTER_62,U,13.442201412734732
CLUSTER_62,V,85.48518072500278
CLUSTER_62,W,204.31169309355977
CLUSTER_62,X,261.89008614952877
CLUSTER_62,Y,117.69391633809808
CLUSTER_62,Z,55.82751235899895
CLUSTER_62,AA,214.2877535748673
CLUSTER_62,AB,105.28694401252498
CLUSTER_62,AC,155.32007597312622
CLUSTER_62,AD,176.69058385233248
CLUSTER_63,A,84.66690945309556
CLUSTER_63,B,18.80569826757328
CLUSTER_63,C,211.4965985739019
CLUSTER_63,D,135.39569339038954
CLUSTER_63,E,233.5712592668582
CLUSTER_63,F,136.15021269751324
CLUSTER_63,G,69.01904928372052
CLUSTER_63,H,210.78154261247434
CLUSTER_63,I,53.58525529959492
CLUSTER_63,J,168.60369444707297
CLUSTER_63,K,163.33901932640816
CLUSTER_63,L,62.592369107366224
CLUSTER_63,M,109.64337191060694
CLUSTER_63,N,94.91843607919914
CLUSTER_63,O,158.27140751210928
CLUSTER_63,P,243.99933611101054
CLUSTER_63,Q,88.73095065146286
CLUSTER_63,R,44.8102343433752
CLUSTER_63,S,114.66412214934003
CLUSTER_63,T,222.20683313932312
CLUSTER_63,U,58.78634234042252
CLUSTER_63,V,36.866931481001885
CLUSTER_63,W,137.63206079520637
CLUSTER_63,X,196.27042261105746
CLUSTER_63,Y,60.42715365603231
CLUSTER_63,Z,88.92839666763835
CLUSTER_63,AA,181.40069917003697
CLUSTER_63,AB,83.61525446783328
CLUSTER_63,AC,146.09058410263702
CLUSTER_63,AD,120.46364762757011
CLUSTER_64,A,96.30746124189127
CLUSTER_64,B,93.33431154059747
CLUSTER_64,C,233.6504799285015
CLUSTER_64,D,54.04895889399275
CLUSTER_64,E,284.9326765166157
CLUSTER_64,F,114.210101534947
CLUSTER_64,G,146.4335676313904
CLUSTER_64,H,202.4719709202403
CLUSTER_64,I,29.159253170503337
CLUSTER_64,J,194.79385501019956
CLUSTER_64,K,89.12725338261293
CLUSTER_64,L,118.74655983235608
CLUSTER_64,M,52.67317667217559
CLUSTER_64,N,168.80755353165094
CLUSTER_64,O,158.09603621337877
CLUSTER_64,P,278.8992434053618
CLUSTER_64,Q,142.31148753561504
CLUSTER_64,R,107.8659424441182
CLUSTER_64,S,49.53190277918013
CLUSTER_64,T,227.48457571047282
CLUSTER_64,U,63.88615222366855
CLUSTER_64,V,68.70316313718425
CLUSTER_64,W,184.75136671121587
CLUSTER_64,X,237.5382114503642
CLUSTER_64,Y,142.26011502207822
CLUSTER_64,Z,11.163683265159815
CLUSTER_64,AA,162.37325934026865
CLUSTER_64,AB,57.96151969894695
CLUSTER_64,AC,97.28450823983218
CLUSTER_64,AD,144.4879499187747
CLUSTER_65,A,182.26905822266062
CLUSTER_65,B,91.04159209136778
CLUSTER_65,C,278.57549375805013
CLUSTER_65,D,235.89110716608607
CLUSTER_65,E,260.21476827489096
CLUSTER_65,F,238.64133318749668
CLUSTER_65,G,96.58944819730057
CLUSTER_65,H,301.40319525372564
CLUSTER_65,I,157.05543865174405
CLUSTER_65,J,238.01047951009477
CLUSTER_65,K,268.84128108114845
CLUSTER_65,L,69.32422144726513
CLUSTER_65,M,187.81157532500885
CLUSTER_65,N,13.292807792387366
CLUSTER_65,O,249.07299257678608
CLUSTER_65,P,293.0778564277892
CLUSTER_65,Q,151.2234847871871
CLUSTER_65,R,123.55485895842544
CLUSTER_65,S,221.33260149755353
CLUSTER_65,T,302.73963408652037
CLUSTER_65,U,128.19758193186084
CLUSTER_65,V,142.3241149775533
CLUSTER_65,W,190.32664270098982
CLUSTER_65,X,243.8161274570599
CLUSTER_65,Y,59.31471285297385
CLUSTER_65,Z,185.44349370118923
CLUSTER_65,AA,279.55484055536084
CLUSTER_65,AB,190.8279563231719
CLUSTER_65,AC,253.40322817843762
CLUSTER_65,AD,201.6152371476588
CLUSTER_66,A,84.62652088519502
CLUSTER_66,B,128.56080023785054
CLUSTER_66,C,110.58575573332409
CLUSTER_66,D,209.44678269467613
CLUSTER_66,E,116.76476116935652
CLUSTER_66,F,127.28352017381775
CLUSTER_66,G,72.46855590037363
CLUSTER_66,H,149.51518913240938
CLUSTER_66,I,145.88736651175364
CLUSTER_66,J,71.92848093343312
CLUSTER_66,K,214.56534605484762
CLUSTER_66,L,167.22997091900226
CLUSTER_66,M,216.0720139605553
CLUSTER_66,N,161.86945288384877
CLUSTER_66,O,105.21511318567035
CLUSTER_66,P,129.67251902163156
CLUSTER_66,Q,29.64215344432071
CLUSTER_66,R,72.92813756828865
CLUSTER_66,S,170.32565110579685
CLUSTER_66,T,139.86244830468573
CLUSTER_66,U,175.41634529767046
CLUSTER_66,V,104.4807686105476
CLUSTER_66,W,22.437631326285878
CLUSTER_66,X,80.38698510019749
CLUSTER_66,Y,113.18696425244377
CLUSTER_66,Z,181.54923225989705
CLUSTER_66,AA,145.0812045860418
CLUSTER_66,AB,126.19013692064505
CLUSTER_66,AC,166.3824923050013
CLUSTER_66,AD,56.85292758732068
CLUSTER_67,A,147.61043826752058
CLUSTER_67,B,80.3930933570305
CLUSTER_67,C,285.60121737108915
CLUSTER_67,D,112.27243419823634
CLUSTER_67,E,317.608338216945
CLUSTER_67,F,180.8048501973645
CLUSTER_67,G,150.84058403267565
CLUSTER_67,H,267.2220002062208
CLUSTER_67,I,70.47375574720662
CLUSTER_67,J,243.74520882770432
CLUSTER_67,K,154.802586971408
CLUSTER_67,L,74.68797441224571
CLUSTER_67,M,46.46891300699112
CLUSTER_67,N,131.49635943824754
CLUSTER_67,O,218.7134378022522
CLUSTER_67,P,323.82339663070013
CLUSTER_67,Q,171.58953372137978
CLUSTER_67,R,128.28912202150153
CLUSTER_67,S,121.00536138437795
CLUSTER_67,T,287.48364062796185
CLUSTER_67,U,25.84638374079094
CLUSTER_67,V,101.65323122247852
CLUSTER_67,W,219.90310374303348
CLUSTER_67,X,277.6935700448855
CLUSTER_67,Y,127.31962741874149
CLUSTER_67,Z,66.40012092853708
CLUSTER_67,AA,229.63251445646964
CLUSTER_67,AB,120.78876413185533
CLUSTER_67,AC,168.74327119061638
CLUSTER_67,AD,192.9631414308363
CLUSTER_68,A,98.89111072160212
CLUSTER_68,B,140.91013990183686
CLUSTER_68,C,218.88280345335363
CLUSTER_68,D,33.14798426164333
CLUSTER_68,E,288.00512704195467
CLUSTER_68,F,85.6673550519375
CLUSTER_68,G,179.76363825891198
CLUSTER_68,H,170.50865333447823
CLUSTER_68,I,74.93147044761015
CLUSTER_68,J,186.03258853401022
CLUSTER_68,K,37.47433302857868
CLUSTER_68,L,171.9689715880099
CLUSTER_68,M,93.78439219252088
CLUSTER_68,N,218.64855888399097
CLUSTER_68,O,136.27337087276604
CLUSTER_68,P,270.17505414091374
CLUSTER_68,Q,158.80849684413224
CLUSTER_68,R,136.6648299943651
CLUSTER_68,S,13.16605386306222
CLUSTER_68,T,202.1886978767756
CLUSTER_68,U,118.93944238015374
CLUSTER_68,V,99.04102537640796
CLUSTER_68,W,191.37644144083234
CLUSTER_68,X,235.6415680472113
CLUSTER_68,Y,185.49562666575318
CLUSTER_68,Z,58.651817255602495
CLUSTER_68,AA,127.41988165322532
CLUSTER_68,AB,57.64877189155339
CLUSTER_68,AC,51.62802635159539
CLUSTER_68,AD,141.3619056568117
CLUSTER_69,A,89.30640750081578
CLUSTER_69,B,78.78022486578827
CLUSTER_69,C,228.07469816884853
CLUSTER_69,D,68.57727248842036
CLUSTER_69,E,274.946246623124
CLUSTER_69,F,114.61826406739574
CLUSTER_69,G,132.24615410847292
CLUSTER_69,H,201.9813409247587
CLUSTER_69,I,14.993645723967589
CLUSTER_69,J,188.13283288326522
CLUSTER_69,K,101.76585803279302
CLUSTER_69,L,105.9746326322624
CLUSTER_69,M,58.27583436247871
CLUSTER_69,N,154.79459851271224
CLUSTER_69,O,155.39310400012258
CLUSTER_69,P,271.52667093915716
CLUSTER_69,Q,130.81569034300978
CLUSTER_69,R,94.62000743146811
CLUSTER_69,S,58.456410521738604
CLUSTER_69,T,224.7807335535547
CLUSTER_69,U,54.194293082293484
CLUSTER_69,V,56.144922456248814
CLUSTER_69,W,174.7273797233968
CLUSTER_69,X,228.87691466634155
CLUSTER_69,Y,127.53324118535781
CLUSTER_69,Z,22.806072884523886
CLUSTER_69,AA,163.36837875415176
CLUSTER_69,AB,55.38031059285204
CLUSTER_69,AC,103.36045272391182
CLUSTER_69,AD,137.29348528373725
CLUSTER_7,A,39.08892342387411
CLUSTER_7,B,141.38435866288174
CLUSTER_7,C,121.26629133383531
CLUSTER_7,D,130.48539887016855
CLUSTER_7,E,193.3298331583487
CLUSTER_7,F,23.63038111498934
CLUSTER_7,G,136.2815649779032
CLUSTER_7,H,90.53334437620887
CLUSTER_7,I,106.77364817169841
CLUSTER_7,J,88.09482618599043
CLUSTER_7,K,120.44162083699653
CLUSTER_7,L,185.13332215376658
CLUSTER_7,M,168.52618169544712
CLUSTER_7,N,210.18886418004647
CLUSTER_7,O,42.2631751481204
CLUSTER_7,P,171.94541794986614
CLUSTER_7,Q,90.35179025027097
CLUSTER_7,R,98.24216160254191
CLUSTER_7,S,87.81094932834212
CLUSTER_7,T,111.69992725581665
CLUSTER_7,U,157.68190880519333
CLUSTER_7,V,86.5376071506896
CLUSTER_7,W,103.67057733989033
CLUSTER_7,X,139.30296626314896
CLUSTER_7,Y,162.89969252026233
CLUSTER_7,Z,126.46969291134663
CLUSTER_7,AA,58.91522368377127
CLUSTER_7,AB,58.11516660519845
CLUSTER_7,AC,65.35976076996364
CLUSTER_7,AD,49.48256082022826
CLUSTER_70,A,99.53457220180617
CLUSTER_70,B,129.01423003261928
CLUSTER_70,C,226.27695386336623
CLUSTER_70,D,27.041889913479157
CLUSTER_70,E,290.66357004465345
CLUSTER_70,F,95.47320930574871
CLUSTER_70,G,172.72211472497798
CLUSTER_70,H,182.30015115962823
CLUSTER_70,I,62.47056444082461
CLUSTER_70,J,191.50571483092725
CLUSTER_70,K,49.74762075336074
CLUSTER_70,L,157.9548657680035
CLUSTER_70,M,78.00504258747704
CLUSTER_70,N,206.18900336564292
CLUSTER_70,O,144.9717427600137
CLUSTER_70,P,276.1236851637794
CLUSTER_70,Q,156.6135852832639
CLUSTER_70,R,130.50923990675386
CLUSTER_70,S,18.099817923865174
CLUSTER_70,T,212.3764577153663
CLUSTER_70,U,103.61312176544358
CLUSTER_70,V,91.59161191925634
CLUSTER_70,W,192.43983101033828
CLUSTER_70,X,239.489906580745
CLUSTER_70,Y,175.32110956656405
CLUSTER_70,Z,42.543567319790164
CLUSTER_70,AA,139.70659333887173
CLUSTER_70,AB,56.65112380351857
CLUSTER_70,AC,65.94854880448104
CLUSTER_70,AD,144.68904353336558
CLUSTER_71,A,58.17330090493256
CLUSTER_71,B,68.61199774433646
CLUSTER_71,C,197.21981074468647
CLUSTER_71,D,90.12455861569282
CLUSTER_71,E,242.02390292747594
CLUSTER_71,F,94.16219634195437
CLUSTER_71,G,106.5316275592023
CLUSTER_71,H,177.89607024730736
CLUSTER_71,I,20.934669489314107
CLUSTER_71,J,156.48172086125018
CLUSTER_71,K,112.70648604767038
CLUSTER_71,L,106.65863180714516
CLUSTER_71,M,90.88009776967691
CLUSTER_71,N,146.3936863110285
CLUSTER_71,O,128.51254718893733
CLUSTER_71,P,239.25204863302662
CLUSTER_71,Q,98.5059012596769
CLUSTER_71,R,65.44164577433648
CLUSTER_71,S,63.42015352389017
CLUSTER_71,T,197.21100411452434
CLUSTER_71,U,70.30530974323133
CLUSTER_71,V,25.835946657527714
CLUSTER_71,W,141.79748971213934
CLUSTER_71,X,196.07930729112888
CLUSTER_71,Y,110.34332305455831
CLUSTER_71,Z,54.35276080605365
CLUSTER_71,AA,142.47203020926403
CLUSTER_71,AB,35.133292819041124
CLUSTER_71,AC,95.83078351425571
CLUSTER_71,AD,105.44838061938155
CLUSTER_72,A,24.775357418410252
CLUSTER_72,B,121.32360319962953
CLUSTER_72,C,114.4586954399543
CLUSTER_72,D,148.20211907334138
CLUSTER_72,E,169.51200476670132
CLUSTER_72,F,58.17833650622674
CLUSTER_72,G,104.12301704796032
CLUSTER_72,H,108.78856908794572
CLUSTER_72,I,103.69987839609433
CLUSTER_72,J,74.07306700341283
CLUSTER_72,K,146.77388999911787
CLUSTER_72,L,165.67967806552352
CLUSTER_72,M,172.2081115202294
CLUSTER_72,N,183.42651660405383
CLUSTER_72,O,55.94099568779031
CLUSTER_72,P,158.048750855423
CLUSTER_72,Q,55.69320526712593
CLUSTER_72,R,70.31977316540694
CLUSTER_72,S,106.41072502113556
CLUSTER_72,T,118.78916231625547
CLUSTER_72,U,148.95735568129848
CLUSTER_72,V,71.65379703383513
CLUSTER_72,W,73.52368652862697
CLUSTER_72,X,118.42584078318043
CLUSTER_72,Y,134.4268661231823
CLUSTER_72,Z,132.02512571685799
CLUSTER_72,AA,87.39478327843923
CLUSTER_72,AB,65.79386382268417
CLUSTER_72,AC,96.37377222446892
CLUSTER_72,AD,23.788728596508875
CLUSTER_73,A,58.88237275803725
CLUSTER_73,B,101.33081684990336
CLUSTER_73,C,192.31017313789673
CLUSTER_73,D,68.62711341652903
CLUSTER_73,E,250.37907510432743
CLUSTER_73,F,72.04725148325765
CLUSTER_73,G,134.0742559277842
CLUSTER_73,H,159.94943992587739
CLUSTER_73,I,42.0820291832983
CLUSTER_73,J,154.8157487788722
CLUSTER_73,K,82.35877447519583
CLUSTER_73,L,138.0667727715791
CLUSTER_73,M,95.42308434998289
CLUSTER_73,N,179.15453370426113
CLUSTER_73,O,115.3408149511568
CLUSTER_73,P,239.4548291161956
CLUSTER_73,Q,114.77176741276186
CLUSTER_73,R,90.8554559275695
CLUSTER_73,S,32.91058275313329
CLUSTER_73,T,184.68693790960126
CLUSTER_73,U,94.53953058808783
CLUSTER_73,V,53.90579594285212
CLUSTER_73,W,151.3544825001787
CLUSTER_73,X,200.43261776807483
CLUSTER_73,Y,142.1678198494518
CLUSTER_73,Z,53.311686936905524
CLUSTER_73,AA,120.68885476596591
CLUSTER_73,AB,16.3639805453079
CLUSTER_73,AC,64.24680712172382
CLUSTER_73,AD,105.85631378297845
CLUSTER_74,A,151.69022342017868
CLUSTER_74,B,53.525434105445605
CLUSTER_74,C,261.58170613844226
CLUSTER_74,D,196.55864344695382
CLUSTER_74,E,257.94917059275923
CLUSTER_74,F,206.2432137754577
CLUSTER_74,G,82.48130269097662
CLUSTER_74,H,275.0775676922046
CLUSTER_74,I,118.3671981126345
CLUSTER_74,J,219.4355138688923
CLUSTER_74,K,230.0998838737023
CLUSTER_74,L,32.78752319626665
CLUSTER_74,M,149.49358942855574
CLUSTER_74,N,26.128404398712746
CLUSTER_74,O,222.2328873348136
CLUSTER_74,P,283.1235830503739
CLUSTER_74,Q,131.86861465296798
CLUSTER_74,R,96.46776579292899
CLUSTER_74,S,183.1597092192322
CLUSTER_74,T,280.7083886565468
CLUSTER_74,U,89.43480258578894
CLUSTER_74,V,107.67930372585617
CLUSTER_74,W,176.49470112979162
CLUSTER_74,X,233.5019040819131
CLUSTER_74,Y,41.87274379385723
CLUSTER_74,Z,146.05877702105977
CLUSTER_74,AA,249.59807788576688
CLUSTER_74,AB,155.01510169515976
CLUSTER_74,AC,217.39971141957224
CLUSTER_74,AD,177.8109237789099
CLUSTER_75,A,125.1712153880678
CLUSTER_75,B,192.4312905055539
CLUSTER_75,C,56.48441240286008
CLUSTER_75,D,249.96873249575384
CLUSTER_75,E,69.30925082591106
CLUSTER_75,F,144.29651786551145
CLUSTER_75,G,136.9616348471648
CLUSTER_75,H,124.35256793811614
CLUSTER_75,I,199.55132081990217
CLUSTER_75,J,41.57467594104887
CLUSTER_75,K,244.4832585232456
CLUSTER_75,L,232.19192419819927
CLUSTER_75,M,270.0411207121413
CLUSTER_75,N,225.64813373424104
CLUSTER_75,O,101.29492473880492
CLUSTER_75,P,64.61507051741508
CLUSTER_75,Q,91.56732698470529
CLUSTER_75,R,135.25661540747495
CLUSTER_75,S,207.7994544963806
CLUSTER_75,T,98.8302149309108
CLUSTER_75,U,235.91041604118823
CLUSTER_75,V,160.39376151453905
CLUSTER_75,W,43.07617775577359
CLUSTER_75,X,16.915081679847347
CLUSTER_75,Y,177.86934687956648
CLUSTER_75,Z,231.81141931115656
CLUSTER_75,AA,139.49066334398015
CLUSTER_75,AB,167.61547950484868
CLUSTER_75,AC,188.67283230570425
CLUSTER_75,AD,78.46932522423117
CLUSTER_76,A,51.23347163011597
CLUSTER_76,B,126.21733370857882
CLUSTER_76,C,100.67218489430007
CLUSTER_76,D,177.73324750040675
CLUSTER_76,E,140.3402137918121
CLUSTER_76,F,87.64829789421619
CLUSTER_76,G,90.3700991645375
CLUSTER_76,H,118.18814350699203
CLUSTER_76,I,124.49454515571574
CLUSTER_76,J,57.73775953877306
CLUSTER_76,K,178.2614028028939
CLUSTER_76,L,169.31085156743225
CLUSTER_76,M,194.87240690747328
CLUSTER_76,N,176.99200862961345
CLUSTER_76,O,69.15062813244477
CLUSTER_76,P,136.09039011707966
CLUSTER_76,Q,35.40477476935367
CLUSTER_76,R,69.0638664360424
CLUSTER_76,S,136.6984057392854
CLUSTER_76,T,117.36890996599215
CLUSTER_76,U,163.5556941240826
CLUSTER_76,V,86.39309522760809
CLUSTER_76,W,42.176771891455644
CLUSTER_76,X,92.12175857463481
CLUSTER_76,Y,126.81849922244933
CLUSTER_76,Z,156.67501210043739
CLUSTER_76,AA,107.4849587385735
CLUSTER_76,AB,94.2207679524914
CLUSTER_76,AC,127.7212585011219
CLUSTER_76,AD,18.49675579674609
CLUSTER_77,A,31.59035118714063
CLUSTER_77,B,134.25454903826315
CLUSTER_77,C,112.90601998630771
CLUSTER_77,D,141.5735885280098
CLUSTER_77,E,178.65217945655988
CLUSTER_77,F,40.70396918868477
CLUSTER_77,G,122.25598251026099
CLUSTER_77,H,94.81565627005799
CLUSTER_77,I,107.81093436097918
CLUSTER_77,J,76.24918106214533
CLUSTER_77,K,135.16600868285906
CLUSTER_77,L,178.51838187796795
CLUSTER_77,M,173.34497265106188
CLUSTER_77,N,199.6123521851288
CLUSTER_77,O,42.52895263138571
CLUSTER_77,P,160.9231616370475
CLUSTER_77,Q,74.16300743971576
CLUSTER_77,R,86.6208606485549
CLUSTER_77,S,98.95049514793614
CLUSTER_77,T,109.95527488956047
CLUSTER_77,U,156.412062350374
CLUSTER_77,V,81.41510302526873
CLUSTER_77,W,86.9744929547533
CLUSTER_77,X,125.45238380574055
CLUSTER_77,Y,151.233494923624
CLUSTER_77,Z,131.89285250326785
CLUSTER_77,AA,69.68243872736907
CLUSTER_77,AB,63.2879141251873
CLUSTER_77,AC,81.65344997883452
CLUSTER_77,AD,33.0204601792013
CLUSTER_78,A,55.814776276760995
CLUSTER_78,B,121.46855823388015
CLUSTER_78,C,105.81447529892031
CLUSTER_78,D,182.18449042673515
CLUSTER_78,E,137.4360550693157
CLUSTER_78,F,96.58158566104622
CLUSTER_78,G,81.4919650836163
CLUSTER_78,H,127.7634146785059
CLUSTER_78,I,125.01502586626974
CLUSTER_78,J,63.07402302206203
CLUSTER_78,K,184.78013078216745
CLUSTER_78,L,163.84478086941985
CLUSTER_78,M,195.6442482983947
CLUSTER_78,N,169.04989698137695
CLUSTER_78,O,79.17715590617226
CLUSTER_78,P,137.6567702559053
CLUSTER_78,Q,26.285845666413195
CLUSTER_78,R,63.76521161216948
CLUSTER_78,S,141.8786925223485
CLUSTER_78,T,125.40142038774191
CLUSTER_78,U,161.46700432560309
CLUSTER_78,V,85.45559180455747
CLUSTER_78,W,37.506637631041116
CLUSTER_78,X,91.80138597300605
CLUSTER_78,Y,118.88793566402424
CLUSTER_78,Z,158.5279057899927
CLUSTER_78,AA,117.55809888333243
CLUSTER_78,AB,98.5059839684599
CLUSTER_78,AC,135.63015740791494
CLUSTER_78,AD,28.573977566065743
CLUSTER_79,A,125.75884725985648
CLUSTER_79,B,160.39169139693513
CLUSTER_79,C,243.0278532444452
CLUSTER_79,D,20.50786775533025
CLUSTER_79,E,314.49000127081587
CLUSTER_79,F,108.71894358010316
CLUSTER_79,G,204.28943716235432
CLUSTER_79,H,189.83490297983246
CLUSTER_79,I,93.87612683379149
CLUSTER_79,J,211.52724331948346
CLUSTER_79,K,23.836315782362426
CLUSTER_79,L,187.2844731092759
CLUSTER_79,M,92.97677937987615
CLUSTER_79,N,237.0561078683272
CLUSTER_79,O,159.72294134372402
CLUSTER_79,P,295.2258863357535
CLUSTER_79,Q,185.42936739941183
CLUSTER_79,R,161.7069007884143
CLUSTER_79,S,39.82390200106743
CLUSTER_79,T,223.59863142167873
CLUSTER_79,U,130.63792070247663
CLUSTER_79,V,123.17461247793017
CLUSTER_79,W,218.19724633954146
CLUSTER_79,X,261.7823108866892
CLUSTER_79,Y,207.18982703904234
CLUSTER_79,Z,67.88099644073674
CLUSTER_79,AA,146.4022667549908
CLUSTER_79,AB,84.27255608416995
CLUSTER_79,AC,69.01675389040658
CLUSTER_79,AD,167.820835019838
CLUSTER_8,A,122.63716743102573
CLUSTER_8,B,46.30038617928161
CLUSTER_8,C,257.7658018033231
CLUSTER_8,D,120.02936079501697
CLUSTER_8,E,284.67195633510903
CLUSTER_8,F,163.54139228593718
CLUSTER_8,G,116.6281223418052
CLUSTER_8,H,246.6418475566893
CLUSTER_8,I,54.02761741400194
CLUSTER_8,J,215.290179318353
CLUSTER_8,K,158.11523390217465
CLUSTER_8,L,51.48698943600436
CLUSTER_8,M,69.84010048317518
CLUSTER_8,N,106.19361472661846
CLUSTER_8,O,196.04016952369565
CLUSTER_8,P,293.3907251572001
CLUSTER_8,Q,139.32368834834267
CLUSTER_8,R,95.56645034840406
CLUSTER_8,S,116.34559578446563
CLUSTER_8,T,263.4276061234635
CLUSTER_8,U,9.684783888664024
CLUSTER_8,V,73.76016125869262
CLUSTER_8,W,188.0471169231592
CLUSTER_8,X,246.37333917319933
CLUSTER_8,Y,94.62860649465105
CLUSTER_8,Z,69.22707969581755
CLUSTER_8,AA,211.9062407483539
CLUSTER_8,AB,103.75940245127947
CLUSTER_8,AC,159.71634983077467
CLUSTER_8,AD,165.25776134575236
CLUSTER_80,A,175.15713731437128
CLUSTER_80,B,254.47797462362396
CLUSTER_80,C,42.18894585877471
CLUSTER_80,D,292.0243153410941
CLUSTER_80,E,75.88709369639089
CLUSTER_80,F,176.05684089955642
CLUSTER_80,G,201.5271510611253
CLUSTER_80,H,120.30317085011899
CLUSTER_80,I,253.49986921430198
CLUSTER_80,J,76.33911569756941
CLUSTER_80,K,278.0087042353309
CLUSTER_80,L,295.4399667512286
CLUSTER_80,M,322.60799254205585
CLUSTER_80,N,290.28210312174014
CLUSTER_80,O,125.47519309210477
CLUSTER_80,P,16.387396038473398
CLUSTER_80,Q,154.03465547775323
CLUSTER_80,R,196.7577838897104
CLUSTER_80,S,249.33319023351345
CLUSTER_80,T,81.50091144422476
CLUSTER_80,U,294.51161271038757
CLUSTER_80,V,217.16239355268002
CLUSTER_80,W,106.99973367592034
CLUSTER_80,X,52.472835214291635
CLUSTER_80,Y,242.40991791139157
CLUSTER_80,Z,282.23826935217613
CLUSTER_80,AA,152.74009564933377
CLUSTER_80,AB,214.49205297380496
CLUSTER_80,AC,219.59002553007494
CLUSTER_80,AD,127.18633286883313
CLUSTER_81,A,114.63751404074574
CLUSTER_81,B,74.72773896339278
CLUSTER_81,C,253.68914640168958
CLUSTER_81,D,82.04860392714647
CLUSTER_81,E,294.2123235107097
CLUSTER_81,F,143.54147060808768
CLUSTER_81,G,139.02150542015147
CLUSTER_81,H,230.65468346017627
CLUSTER_81,I,35.579575240932265
CLUSTER_81,J,212.8009815934581
CLUSTER_81,K,121.65685260969195
CLUSTER_81,L,89.76795041659078
CLUSTER_81,M,39.77629296835273
CLUSTER_81,N,143.60427326058493
CLUSTER_81,O,183.308660642408
CLUSTER_81,P,294.99137364263163
CLUSTER_81,Q,148.1088947841038
CLUSTER_81,R,107.5428397245791
CLUSTER_81,S,83.98993042640863
CLUSTER_81,T,252.53313681300165
CLUSTER_81,U,31.09636916357953
CLUSTER_81,V,73.70228619079039
CLUSTER_81,W,194.58271804463539
CLUSTER_81,X,250.68450741840144
CLUSTER_81,Y,125.51808674682228
CLUSTER_81,Z,31.789777736654514
CLUSTER_81,AA,192.31600599851237
CLUSTER_81,AB,83.96058064495581
CLUSTER_81,AC,131.071644652096
CLUSTER_81,AD,161.74261896542137
CLUSTER_82,A,63.34359412595456
CLUSTER_82,B,94.19494469844793
CLUSTER_82,C,136.80632509920156
CLUSTER_82,D,181.1474100935358
CLUSTER_82,E,151.80302157126698
CLUSTER_82,F,116.21933224812862
CLUSTER_82,G,48.789348561333874
CLUSTER_82,H,159.49082124748404
CLUSTER_82,I,112.60469979206613
CLUSTER_82,J,94.71979963150491
CLUSTER_82,K,191.51500011353812
CLUSTER_82,L,134.47292933140534
CLUSTER_82,M,182.11881476523283
CLUSTER_82,N,136.28534134274037
CLUSTER_82,O,109.11325219759112
CLUSTER_82,P,162.8003417656197
CLUSTER_82,Q,7.087595976025611
CLUSTER_82,R,37.759624975632455
CLUSTER_82,S,144.55176101499234
CLUSTER_82,T,158.2835290027223
CLUSTER_82,U,140.23321967751585
CLUSTER_82,V,70.94464072825566
CLUSTER_82,W,55.41736450823711
CLUSTER_82,X,114.25077187699883
CLUSTER_82,Y,86.17257255320108
CLUSTER_82,Z,149.22150027503133
CLUSTER_82,AA,145.19700746969104
CLUSTER_82,AB,100.09853158739352
CLUSTER_82,AC,149.3033235069905
CLUSTER_82,AD,58.91552755761449
CLUSTER_83,A,91.02746320853822
CLUSTER_83,B,47.913034378828534
CLUSTER_83,C,191.37883876057165
CLUSTER_83,D,175.9359908843981
CLUSTER_83,E,196.37372007836305
CLUSTER_83,F,148.43074123587613
CLUSTER_83,G,23.42553340409554
CLUSTER_83,H,208.10918791119795
CLUSTER_83,I,95.47808402982008
CLUSTER_83,J,149.17490554287096
CLUSTER_83,K,198.33363496134874
CLUSTER_83,L,81.93929835135121
CLUSTER_83,M,155.3246198439591
CLUSTER_83,N,83.68896139345166
CLUSTER_83,O,155.72268018565333
CLUSTER_83,P,215.2076886131526
CLUSTER_83,Q,61.65945127204333
CLUSTER_83,R,31.14936396629896
CLUSTER_83,S,148.75219868900194
CLUSTER_83,T,211.149935114728
CLUSTER_83,U,102.22204016362659
CLUSTER_83,V,62.235198758311085
CLUSTER_83,W,107.67340165271652
CLUSTER_83,X,165.8553237220566
CLUSTER_83,Y,34.07295791146733
CLUSTER_83,Z,132.64153014082777
CLUSTER_83,AA,186.91086153913784
CLUSTER_83,AB,109.4945902360087
CLUSTER_83,AC,170.0208518611925
CLUSTER_83,AD,108.83737111206291
CLUSTER_84,A,116.11493893816987
CLUSTER_84,B,15.19713260087686
CLUSTER_84,C,235.38731570876277
CLUSTER_84,D,161.3453512038143
CLUSTER_84,E,245.23156813161668
CLUSTER_84,F,169.12240037750445
CLUSTER_84,G,69.40249859493497
CLUSTER_84,H,241.3753506912784
CLUSTER_84,I,81.23757530121753
CLUSTER_84,J,192.55325919539985
CLUSTER_84,K,192.95857429275443
CLUSTER_84,L,34.28681103440994
CLUSTER_84,M,122.38674060722063
CLUSTER_84,N,62.88491677178845
CLUSTER_84,O,188.56714273244398
CLUSTER_84,P,262.8222901969401
CLUSTER_84,Q,107.22444853554519
CLUSTER_84,R,66.11944750885222
CLUSTER_84,S,145.36797614316043
CLUSTER_84,T,250.156839104453
CLUSTER_84,U,63.05854568024827
CLUSTER_84,V,69.98524761954214
CLUSTER_84,W,155.14284224123926
CLUSTER_84,X,213.78601983786908
CLUSTER_84,Y,41.30928567379586
CLUSTER_84,Z,111.83200130904339
CLUSTER_84,AA,213.65872678038923
CLUSTER_84,AB,116.72883567178722
CLUSTER_84,AC,179.05925541115292
CLUSTER_84,AD,147.23358641225016
CLUSTER_85,A,160.80212044946285
CLUSTER_85,B,130.60989830749548
CLUSTER_85,C,298.07481818896014
CLUSTER_85,D,70.49424689068812
CLUSTER_85,E,347.63681135113046
CLUSTER_85,F,174.45516343933974
CLUSTER_85,G,196.41566092528353
CLUSTER_85,H,262.62395887481415
CLUSTER_85,I,86.1939968218083
CLUSTER_85,J,259.3750371657709
CLUSTER_85,K,114.37486230887626
CLUSTER_85,L,135.54534333656207
CLUSTER_85,M,18.03642726103076
CLUSTER_85,N,192.15989047109554
CLUSTER_85,O,221.05971110286822
CLUSTER_85,P,343.41435253009524
CLUSTER_85,Q,202.77617428178542
CLUSTER_85,R,163.948126055397
CLUSTER_85,S,99.48788506558317
CLUSTER_85,T,290.10069709082427
CLUSTER_85,U,78.00748536915623
CLUSTER_85,V,127.66666418389904
CLUSTER_85,W,247.4433453058056
CLUSTER_85,X,301.4929373727469
CLUSTER_85,Y,181.0185561804212
CLUSTER_85,Z,53.45853917365385
CLUSTER_85,AA,220.78841584844812
CLUSTER_85,AB,121.97224569021154
CLUSTER_85,AC,147.96390820710084
CLUSTER_85,AD,208.99317649612786
CLUSTER_86,A,137.04905277878095
CLUSTER_86,B,35.4286489816048
CLUSTER_86,C,253.76046601133396
CLUSTER_86,D,176.5993607126188
CLUSTER_86,E,257.9170597041329
CLUSTER_86,F,190.08739771393255
CLUSTER_86,G,80.7286147678465
CLUSTER_86,H,262.0538734742098
CLUSTER_86,I,98.71277078273738
CLUSTER_86,J,211.10500303985842
CLUSTER_86,K,210.34863787197855
CLUSTER_86,L,20.311652264883524
CLUSTER_86,M,130.71112355876406
CLUSTER_86,N,46.04587470253165
CLUSTER_86,O,209.20959722335985
CLUSTER_86,P,278.90426225236206
CLUSTER_86,Q,124.55719716001956
CLUSTER_86,R,85.3833354917397
CLUSTER_86,S,163.71983433432635
CLUSTER_86,T,270.02212650837026
CLUSTER_86,U,70.4246980629144
CLUSTER_86,V,90.88047348388791
CLUSTER_86,W,171.36575997730336
CLUSTER_86,X,229.51455214893986
CLUSTER_86,Y,44.111185578049884
CLUSTER_86,Z,126.11467962552769
CLUSTER_86,AA,234.65341859873985
CLUSTER_86,AB,137.04117336936355
CLUSTER_86,AC,199.1200335420001
CLUSTER_86,AD,166.96855807793878
CLUSTER_87,A,139.9470819549633
CLUSTER_87,B,194.37818241179164
CLUSTER_87,C,79.96576896479098
CLUSTER_87,D,266.3389095956938
CLUSTER_87,E,51.853121898199
CLUSTER_87,F,165.90709271306577
CLUSTER_87,G,132.57073494949887
CLUSTER_87,H,150.51896703451737
CLUSTER_87,I,209.87803062760983
CLUSTER_87,J,66.98922774493084
CLUSTER_87,K,264.11838219495877
CLUSTER_87,L,231.40719672587488
CLUSTER_87,M,280.48417312651475
CLUSTER_87,N,218.4829211794225
CLUSTER_87,O,125.63312202550162
CLUSTER_87,P,71.31340907818074
CLUSTER_87,Q,95.67998359819688
CLUSTER_87,R,139.25589671614028
CLUSTER_87,S,224.9055639465729
CLUSTER_87,T,124.14579845080328
CLUSTER_87,U,241.69474462996823
CLUSTER_87,V,169.18216586316458
CLUSTER_87,W,48.445487082271455
CLUSTER_87,X,25.811181070924622
CLUSTER_87,Y,173.07774390641862
CLUSTER_87,Z,244.05744377024476
CLUSTER_87,AA,164.64307324451482
CLUSTER_87,AB,182.92851633156334
CLUSTER_87,AC,209.7446262122016
CLUSTER_87,AD,96.34196540562296
CLUSTER_88,A,90.90713934241576
CLUSTER_88,B,173.18410945740033
CLUSTER_88,C,53.80082194095695
CLUSTER_88,D,212.3273328138439
CLUSTER_88,E,109.76528882256116
CLUSTER_88,F,103.81773976282578
CLUSTER_88,G,130.0776037804994
CLUSTER_88,H,93.35088130282666
CLUSTER_88,I,168.79528346200138
CLUSTER_88,J,11.34981973298677
CLUSTER_88,K,204.61836110975818
CLUSTER_88,L,215.83574967670745
CLUSTER_88,M,238.21319758657242
CLUSTER_88,N,219.2039823872741
CLUSTER_88,O,61.57003909029754
CLUSTER_88,P,91.7117274786233
CLUSTER_88,Q,76.36956534195375
CLUSTER_88,R,115.65101368195108
CLUSTER_88,S,169.77886787299903
CLUSTER_88,T,78.99526779236965
CLUSTER_88,U,210.28673726449935
CLUSTER_88,V,132.6515845782944
CLUSTER_88,W,42.862223951976
CLUSTER_88,X,55.12493206967504
CLUSTER_88,Y,169.31160455390594
CLUSTER_88,Z,198.34759760305218
CLUSTER_88,AA,101.07038988407919
CLUSTER_88,AB,131.69552137411446
CLUSTER_88,AC,148.29085635154144
CLUSTER_88,AD,42.719613081527584
CLUSTER_89,A,23.958406677155924
CLUSTER_89,B,126.32460195444783
CLUSTER_89,C,127.86729600658549
CLUSTER_89,D,126.66839174466782
CLUSTER_89,E,192.59169090150795
CLUSTER_89,F,35.05815613887924
CLUSTER_89,G,122.42541577189192
CLUSTER_89,H,104.46429868658782
CLUSTER_89,I,94.48103734109148
CLUSTER_89,J,91.30802041326336
CLUSTER_89,K,121.92232422833928
CLUSTER_89,L,170.17510033607658
CLUSTER_89,M,158.80182149110365
CLUSTER_89,N,195.09043935210462
CLUSTER_89,O,54.02756123877121
CLUSTER_89,P,176.00586201004995
CLUSTER_89,Q,79.0604731003492
CLUSTER_89,R,83.46369000130575
CLUSTER_89,S,84.12974061365315
CLUSTER_89,T,122.93880348317218
CLUSTER_89,U,144.34687873966223
CLUSTER_89,V,71.73724320692668
CLUSTER_89,W,98.6706808738385
CLUSTER_89,X,139.9214786195587
CLUSTER_89,Y,148.01814530506337
CLUSTER_89,Z,117.16097305991471
CLUSTER_89,AA,74.0853217961712
CLUSTER_89,AB,48.420552875970785
CLUSTER_89,AC,70.78040271012028
CLUSTER_89,AD,46.036380435883046
CLUSTER_9,A,72.07606622200365
CLUSTER_9,B,66.65729649780899
CLUSTER_9,C,165.82825291030295
CLUSTER_9,D,173.45260936139104
CLUSTER_9,E,176.43773773750124
CLUSTER_9,F,129.2579252419018
CLUSTER_9,G,28.16118742685485
CLUSTER_9,H,183.66741302631394
CLUSTER_9,I,97.49703268111463
CLUSTER_9,J,123.51226983313266
CLUSTER_9,K,190.4244829934081
CLUSTER_9,L,105.55703006917399
CLUSTER_9,M,163.6944318884868
CLUSTER_9,N,108.86410998514467
CLUSTER_9,O,131.71771129986985
CLUSTER_9,P,191.31806336330774
CLUSTER_9,Q,36.230019014678746
CLUSTER_9,R,18.183012325861142
CLUSTER_9,S,141.40087209781552
CLUSTER_9,T,185.59385989642362
CLUSTER_9,U,116.38918113865793
CLUSTER_9,V,57.78943568658759
CLUSTER_9,W,83.64218682070519
CLUSTER_9,X,142.34271689410517
CLUSTER_9,Y,58.75969432107479
CLUSTER_9,Z,135.2572981054249
CLUSTER_9,AA,164.6507970780615
CLUSTER_9,AB,98.8061426206835
CLUSTER_9,AC,155.69912936440113
CLUSTER_9,AD,83.70718848387642
CLUSTER_90,A,146.51610741832312
CLUSTER_90,B,94.08572045406841
CLUSTER_90,C,285.56377799938804
CLUSTER_90,D,93.89570626974707
CLUSTER_90,E,324.2021995641253
CLUSTER_90,F,173.44484997818833
CLUSTER_90,G,163.04009785232014
CLUSTER_90,H,261.21380345427923
CLUSTER_90,I,67.45490347082291
CLUSTER_90,J,244.60537051424694
CLUSTER_90,K,137.38502419561925
CLUSTER_90,L,94.56421367622778
CLUSTER_90,M,25.415656525540925
CLUSTER_90,N,151.28686580976526
CLUSTER_90,O,214.68107929746031
CLUSTER_90,P,326.52338785326464
CLUSTER_90,Q,177.81987626574238
CLUSTER_90,R,135.85599829169888
CLUSTER_90,S,107.8148507795601
CLUSTER_90,T,284.0134999134128
CLUSTER_90,U,38.974565324060144
CLUSTER_90,V,104.51567921672664
CLUSTER_90,W,225.08389526551716
CLUSTER_90,X,281.7670599905808
CLUSTER_90,Y,143.2426440180322
CLUSTER_90,Z,52.435238557176135
CLUSTER_90,AA,221.97407979967332
CLUSTER_90,AB,114.74143607795017
CLUSTER_90,AC,156.73664823463997
CLUSTER_90,AD,193.54794596721
CLUSTER_91,A,65.77173850903853
CLUSTER_91,B,134.31293516225944
CLUSTER_91,C,179.91288557418193
CLUSTER_91,D,71.69574951980772
CLUSTER_91,E,250.53561160281583
CLUSTER_91,F,47.75278544654232
CLUSTER_91,G,158.11942467639014
CLUSTER_91,H,135.0967187252994
CLUSTER_91,I,76.4370165430934
CLUSTER_91,J,147.2498308249413
CLUSTER_91,K,64.6990517526472
CLUSTER_91,L,172.32202264734929
CLUSTER_91,M,120.53305372080139
CLUSTER_91,N,211.54133268275675
CLUSTER_91,O,97.6361001907732
CLUSTER_91,P,231.2260297293902
CLUSTER_91,Q,128.13196056144864
CLUSTER_91,R,114.5182879234103
CLUSTER_91,S,29.697625576926793
CLUSTER_91,T,164.6585200937079
CLUSTER_91,U,128.39371363034684
CLUSTER_91,V,82.70444563359709
CLUSTER_91,W,155.75178416507322
CLUSTER_91,X,197.49927230443316
CLUSTER_91,Y,171.80513374215224
CLUSTER_91,Z,79.3844927624355
CLUSTER_91,AA,93.14915819889215
CLUSTER_91,AB,33.751558444340965
CLUSTER_91,AC,29.86275536798983
CLUSTER_91,AD,103.99618036326984
CLUSTER_92,A,101.80291237719314
CLUSTER_92,B,103.17182884377115
CLUSTER_92,C,237.67872893320578
CLUSTER_92,D,44.3154889534278
CLUSTER_92,E,291.74728143330066
CLUSTER_92,F,114.82320192303293
CLUSTER_92,G,155.98687723477738
CLUSTER_92,H,203.22418050718426
CLUSTER_92,I,38.89521650234206
CLUSTER_92,J,199.6062811873115
CLUSTER_92,K,80.91988447641992
CLUSTER_92,L,127.65044325289067
CLUSTER_92,M,51.17380515433486
CLUSTER_92,N,178.34495593772164
CLUSTER_92,O,160.47762341163312
CLUSTER_92,P,284.0284038934504
CLUSTER_92,Q,150.25740498977763
CLUSTER_92,R,116.90485612178301
CLUSTER_92,S,45.1026256842511
CLUSTER_92,T,229.64312739639928
CLUSTER_92,U,71.4897467078678
CLUSTER_92,V,77.50369017419249
CLUSTER_92,W,191.7105104586748
CLUSTER_92,X,243.55131662453107
CLUSTER_92,Y,152.16696928006593
CLUSTER_92,Z,10.302070431132858
CLUSTER_92,AA,162.27468273929912
CLUSTER_92,AB,61.48600687334706
CLUSTER_92,AC,94.10640409468192
CLUSTER_92,AD,149.79987105034897
CLUSTER_93,A,152.52869358344316
CLUSTER_93,B,125.37845421573267
CLUSTER_93,C,289.6839316178583
CLUSTER_93,D,64.16216152348002
CLUSTER_93,E,339.7671059767421
CLUSTER_93,F,166.1437401784555
CLUSTER_93,G,190.13267253316104
CLUSTER_93,H,254.35502746220808
CLUSTER_93,I,78.52071688811931
CLUSTER_93,J,251.04900928216762
CLUSTER_93,K,108.36317008293523
CLUSTER_93,L,132.78793210430052
CLUSTER_93,M,14.229769659656222
CLUSTER_93,N,189.1002362234965
CLUSTER_93,O,212.65308478536136
CLUSTER_93,P,335.13809166119654
CLUSTER_93,Q,195.18624030894568
CLUSTER_93,R,156.8371665764369
CLUSTER_93,S,91.48612615938387
CLUSTER_93,T,281.7102106757396
CLUSTER_93,U,74.18809253995273
CLUSTER_93,V,120.10754218364676
CLUSTER_93,W,239.55037620334667
CLUSTER_93,X,293.3748084506089
CLUSTER_93,Y,176.01336278852693
CLUSTER_93,Z,45.11778699973701
CLUSTER_93,AA,212.60845112989546
CLUSTER_93,AB,113.56561176584546
CLUSTER_93,AC,140.17720941945603
CLUSTER_93,AD,200.7184406152393
CLUSTER_94,A,196.68550099940663
CLUSTER_94,B,105.13365751122593
CLUSTER_94,C,290.9229174767345
CLUSTER_94,D,249.07586361044244
CLUSTER_94,E,268.98288276809706
CLUSTER_94,F,253.12296826722678
CLUSTER_94,G,109.47095406244175
CLUSTER_94,H,315.31097418440515
CLUSTER_94,I,170.8480844629918
CLUSTER_94,J,250.76162709481002
CLUSTER_94,K,282.6270086294105
CLUSTER_94,L,80.54579969912412
CLUSTER_94,M,199.11004685662186
CLUSTER_94,N,27.13208040804219
CLUSTER_94,O,263.0915833045923
CLUSTER_94,P,303.79580972267865
CLUSTER_94,Q,164.43212011420465
CLUSTER_94,R,137.81528083267654
CLUSTER_94,S,235.35783040076208
CLUSTER_94,T,315.9926435302951
CLUSTER_94,U,140.08041903635626
CLUSTER_94,V,156.80224054614087
CLUSTER_94,W,202.31416399049107
CLUSTER_94,X,254.77958601761821
CLUSTER_94,Y,73.34141931378642
CLUSTER_94,Z,198.4515774543787
CLUSTER_94,AA,293.8735350360169
CLUSTER_94,AB,205.2562206464562
CLUSTER_94,AC,267.83113773467903
CLUSTER_94,AD,215.3111389274696
CLUSTER_95,A,170.0796194684015
CLUSTER_95,B,254.51823540943184
CLUSTER_95,C,31.73749148852839
CLUSTER_95,D,283.1969431101146
CLUSTER_95,E,92.40895818970216
CLUSTER_95,F,165.80098170488367
CLUSTER_95,G,205.25665022042307
CLUSTER_95,H,104.73726063685025
CLUSTER_95,I,249.0251310491359
CLUSTER_95,J,72.05864140335248
CLUSTER_95,K,267.0664330719948
CLUSTER_95,L,296.4733961547285
CLUSTER_95,M,317.15662811026846
CLUSTER_95,N,294.61327053916926
CLUSTER_95,O,114.82056350974142
CLUSTER_95,P,33.67126186140436
CLUSTER_95,Q,155.26918525345016
CLUSTER_95,R,196.77214236785278
CLUSTER_95,S,240.6652390627447
CLUSTER_95,T,65.25510053368197
CLUSTER_95,U,292.03941713533226
CLUSTER_95,V,214.2636762814474
CLUSTER_95,W,110.42499213494601
CLUSTER_95,X,61.54952167261018
CLUSTER_95,Y,245.88708930117366
CLUSTER_95,Z,276.17953918020163
CLUSTER_95,AA,139.17110409029004
CLUSTER_95,AB,207.7933425460101
CLUSTER_95,AC,208.5358152776915
CLUSTER_95,AD,122.9395395013232
CLUSTER_96,A,68.52496315620955
CLUSTER_96,B,152.58184463317087
CLUSTER_96,C,74.61110104574101
CLUSTER_96,D,191.43984548479355
CLUSTER_96,E,127.61847039748349
CLUSTER_96,F,87.66802956973366
CLUSTER_96,G,114.91480308666708
CLUSTER_96,H,97.06723195832969
CLUSTER_96,I,146.23641001277352
CLUSTER_96,J,31.913425911105232
CLUSTER_96,K,186.1139891012034
CLUSTER_96,L,195.82744965627882
CLUSTER_96,M,215.70570112047494
CLUSTER_96,N,202.7408277517784
CLUSTER_96,O,54.085748133462474
CLUSTER_96,P,114.12794933780863
CLUSTER_96,Q,59.797994451934855
CLUSTER_96,R,95.60596531926915
CLUSTER_96,S,149.1320249023745
CLUSTER_96,T,91.76314705434537
CLUSTER_96,U,188.11445930329072
CLUSTER_96,V,110.35760808763521
CLUSTER_96,W,42.17105006066402
CLUSTER_96,X,74.81863653140775
CLUSTER_96,Y,152.57548758847358
CLUSTER_96,Z,175.99563112466805
CLUSTER_96,AA,94.67416497132915
CLUSTER_96,AB,109.86869208585956
CLUSTER_96,AC,131.32665091692044
CLUSTER_96,AD,20.39462059447747
CLUSTER_97,A,162.71483915361665
CLUSTER_97,B,228.5378267435801
CLUSTER_97,C,61.417718396961945
CLUSTER_97,D,286.5694357121621
CLUSTER_97,E,41.38633122731754
CLUSTER_97,F,177.37352973216954
CLUSTER_97,G,169.42305283307624
CLUSTER_97,H,141.68546177298205
CLUSTER_97,I,237.50163937142804
CLUSTER_97,J,71.35576425960973
CLUSTER_97,K,278.9221269147924
CLUSTER_97,L,267.08379608350344
CLUSTER_97,M,307.9863560515977
CLUSTER_97,N,256.21856182117557
CLUSTER_97,O,130.58339150237077
CLUSTER_97,P,33.59565482914659
CLUSTER_97,Q,128.0526878363236
CLUSTER_97,R,171.96123475193943
CLUSTER_97,S,244.14627837175948
CLUSTER_97,T,108.02153370265937
CLUSTER_97,U,273.33371282345854
CLUSTER_97,V,198.24051540959712
CLUSTER_97,W,79.12785059115842
CLUSTER_97,X,21.035439793191486
CLUSTER_97,Y,210.17856650696893
CLUSTER_97,Z,269.6329549951938
CLUSTER_97,AA,165.31932403544417
CLUSTER_97,AB,204.85657807715288
CLUSTER_97,AC,221.96050458344865
CLUSTER_97,AD,115.36681569357515
CLUSTER_98,A,134.49704513584024
CLUSTER_98,B,235.01081212111154
CLUSTER_98,C,57.801910338885136
CLUSTER_98,D,223.9339277256707
CLUSTER_98,E,160.42482699452694
CLUSTER_98,F,106.15826976401384
CLUSTER_98,G,206.13481492243636
CLUSTER_98,H,26.352413132467937
CLUSTER_98,I,209.56456999543323
CLUSTER_98,J,72.26954976868373
CLUSTER_98,K,200.12944847756225
CLUSTER_98,L,279.33962035633465
CLUSTER_98,M,270.74983035333753
CLUSTER_98,N,292.6797931731697
CLUSTER_98,O,61.20386196731973
CLUSTER_98,P,110.56058298474623
CLUSTER_98,Q,150.93046377241606
CLUSTER_98,R,181.62219150567665
CLUSTER_98,S,183.45427085074027
CLUSTER_98,T,13.851121029784917
CLUSTER_98,U,259.3921810678815
CLUSTER_98,V,184.2245335042698
CLUSTER_98,W,124.76214328692063
CLUSTER_98,X,110.73614079709913
CLUSTER_98,Y,242.5725018444
CLUSTER_98,Z,228.5722225283442
CLUSTER_98,AA,66.57804907952317
CLUSTER_98,AB,160.9954652303832
CLUSTER_98,AC,142.83678108255418
CLUSTER_98,AD,100.31267437576433
CLUSTER_99,A,72.38100762284944
CLUSTER_99,B,161.37201232888316
CLUSTER_99,C,155.19966475119386
CLUSTER_99,D,102.20749256738569
CLUSTER_99,E,236.14463454716451
CLUSTER_99,F,22.610362506807586
CLUSTER_99,G,172.33633715009304
CLUSTER_99,H,101.19103446354056
CLUSTER_99,I,109.69821887301241
CLUSTER_99,J,128.37359702680567
CLUSTER_99,K,80.95422162771378
CLUSTER_99,L,202.0971832105346
CLUSTER_99,M,156.48457290335185
CLUSTER_99,N,236.34920540868737
CLUSTER_99,O,71.61486554898977
CLUSTER_99,P,209.20610710356803
CLUSTER_99,Q,132.24407352636345
CLUSTER_99,R,130.49351656977228
CLUSTER_99,S,63.6304509186203
CLUSTER_99,T,133.7646413185774
CLUSTER_99,U,162.41709810850742
CLUSTER_99,V,106.47437586613489
CLUSTER_99,W,148.6959055521235
CLUSTER_99,X,181.2997081493564
CLUSTER_99,Y,192.76841697610593
CLUSTER_99,Z,115.47722409663928
CLUSTER_99,AA,58.222957418112706
CLUSTER_99,AB,60.721696808462916
CLUSTER_99,AC,22.51930068371919
CLUSTER_99,AD,94.48686721337742
