Feedstock_LAU,Location,Distance_km
CLUSTER_0,A,237.46798753499013
CLUSTER_0,B,97.99579087194174
CLUSTER_0,C,128.08350102120713
CLUSTER_0,D,97.784152787587
CLUSTER_0,E,40.116063588880586
CLUSTER_0,F,226.2165413102558
CLUSTER_0,G,24.07811658550438
CLUSTER_0,H,198.34166399219492
CLUSTER_0,I,74.89199929515988
CLUSTER_0,J,164.9490189792666
CLUSTER_0,K,97.82974803237583
CLUSTER_0,L,179.21105885101315
CLUSTER_0,M,241.14173267828627
CLUSTER_0,N,163.55319347186327
CLUSTER_0,O,292.16968562775645
CLUSTER_0,P,297.3701396295377
CLUSTER_0,Q,149.32046071527873
CLUSTER_0,R,97.95209693718367
CLUSTER_0,S,49.18246252322285
CLUSTER_0,T,153.04669533501868
CLUSTER_1,A,91.92758129482033
CLUSTER_1,B,52.37604450998809
CLUSTER_1,C,86.7118101347634
CLUSTER_1,D,72.21264602689308
CLUSTER_1,E,116.57650820726045
CLUSTER_1,F,129.321070661491
CLUSTER_1,G,166.1601435136306
CLUSTER_1,H,52.36135439259101
CLUSTER_1,I,169.4395687250452
CLUSTER_1,J,159.69158126082706
CLUSTER_1,K,142.29453705592556
CLUSTER_1,L,94.5754489918857
CLUSTER_1,M,114.97120411452488
CLUSTER_1,N,32.3072838511313
CLUSTER_1,O,148.53296598731336
CLUSTER_1,P,150.4615591989473
CLUSTER_1,Q,40.14853360461574
CLUSTER_1,R,134.5785787196174
CLUSTER_1,S,116.21410229656377
CLUSTER_1,T,101.63987631118403
CLUSTER_10,A,72.03630734519845
CLUSTER_10,B,201.12339961108714
CLUSTER_10,C,213.54093406655466
CLUSTER_10,D,207.8243786586167
CLUSTER_10,E,262.14779926318397
CLUSTER_10,F,176.03682845883807
CLUSTER_10,G,313.2793772063034
CLUSTER_10,H,97.3593815877827
CLUSTER_10,I,314.4940455745448
CLUSTER_10,J,249.04922097957188
CLUSTER_10,K,267.1612367582678
CLUSTER_10,L,182.8875146432455
CLUSTER_10,M,124.2197919499893
CLUSTER_10,N,142.8445340266599
CLUSTER_10,O,65.59813410839374
CLUSTER_10,P,7.214627581426665
CLUSTER_10,Q,152.4903302586535
CLUSTER_10,R,272.31431634239595
CLUSTER_10,S,264.5654600143629
CLUSTER_10,T,193.14825525122495
CLUSTER_100,A,184.46677821025511
CLUSTER_100,B,54.70203911905681
CLUSTER_100,C,108.81729501656035
CLUSTER_100,D,35.76836836014473
CLUSTER_100,E,24.787700901177715
CLUSTER_100,F,196.95158318774804
CLUSTER_100,G,76.29830341322828
CLUSTER_100,H,140.63400563388745
CLUSTER_100,I,116.46248333685628
CLUSTER_100,J,123.01973859094907
CLUSTER_100,K,69.95732571063391
CLUSTER_100,L,151.2121371524264
CLUSTER_100,M,199.64228249750292
CLUSTER_100,N,115.9340392563211
CLUSTER_100,O,240.99596634157558
CLUSTER_100,P,239.63570902528366
CLUSTER_100,Q,87.75007607213078
CLUSTER_100,R,111.44240637214097
CLUSTER_100,S,61.08552871970542
CLUSTER_100,T,95.42337976906953
CLUSTER_101,A,107.83717109473429
CLUSTER_101,B,59.24918993320804
CLUSTER_101,C,107.42890203008446
CLUSTER_101,D,53.923983157830115
CLUSTER_101,E,107.07514894897353
CLUSTER_101,F,156.35648185036848
CLUSTER_101,G,158.48880475068577
CLUSTER_101,H,59.45900822427775
CLUSTER_101,I,176.45424035878105
CLUSTER_101,J,133.05235848254173
CLUSTER_101,K,121.09911459299956
CLUSTER_101,L,121.171878546853
CLUSTER_101,M,139.49502873750393
CLUSTER_101,N,59.19279128209864
CLUSTER_101,O,164.97787731295188
CLUSTER_101,P,157.70181817631524
CLUSTER_101,Q,14.456245101679684
CLUSTER_101,R,148.01022176994974
CLUSTER_101,S,119.90262796256262
CLUSTER_101,T,74.55447261772542
CLUSTER_102,A,109.98268540344773
CLUSTER_102,B,130.38384059235517
CLUSTER_102,C,85.64181445310683
CLUSTER_102,D,181.9595018704993
CLUSTER_102,E,201.595183482664
CLUSTER_102,F,12.980647320192682
CLUSTER_102,G,237.164776207053
CLUSTER_102,H,130.1763065807672
CLUSTER_102,I,188.5049482448552
CLUSTER_102,J,278.86023100009646
CLUSTER_102,K,250.29528498322705
CLUSTER_102,L,34.2858130076123
CLUSTER_102,M,57.15616479833832
CLUSTER_102,N,88.48154064354377
CLUSTER_102,O,130.24345754314646
CLUSTER_102,P,174.71053204705808
CLUSTER_102,Q,159.78280506817393
CLUSTER_102,R,137.4489949049101
CLUSTER_102,S,165.11046177720547
CLUSTER_102,T,221.78045577383048
CLUSTER_103,A,92.451500840333
CLUSTER_103,B,66.4301344123477
CLUSTER_103,C,107.05421626779507
CLUSTER_103,D,69.19351828810288
CLUSTER_103,E,121.00704273704403
CLUSTER_103,F,146.0675698264728
CLUSTER_103,G,172.1220080168218
CLUSTER_103,H,44.55111125555363
CLUSTER_103,I,184.62770575123844
CLUSTER_103,J,145.52208330893
CLUSTER_103,K,136.38977489530964
CLUSTER_103,L,114.00301166132279
CLUSTER_103,M,125.92432644736485
CLUSTER_103,N,49.30952320020257
CLUSTER_103,O,149.58810858023912
CLUSTER_103,P,143.37817550883327
CLUSTER_103,Q,22.765017577731832
CLUSTER_103,R,152.6929717455244
CLUSTER_103,S,129.34283216346657
CLUSTER_103,T,85.65559739193529
CLUSTER_104,A,224.25276247932524
CLUSTER_104,B,85.03680817261487
CLUSTER_104,C,105.76553474556334
CLUSTER_104,D,99.5161716817349
CLUSTER_104,E,49.6483807908765
CLUSTER_104,F,204.363304796807
CLUSTER_104,G,48.59897455963844
CLUSTER_104,H,189.01708769970364
CLUSTER_104,I,55.27121281841592
CLUSTER_104,J,179.78370463178481
CLUSTER_104,K,115.36682109104406
CLUSTER_104,L,157.6549173597412
CLUSTER_104,M,222.64289748998644
CLUSTER_104,N,148.89040140048127
CLUSTER_104,O,277.40342800192
CLUSTER_104,P,287.05532816193784
CLUSTER_104,Q,145.60837544297087
CLUSTER_104,R,72.66803912386543
CLUSTER_104,S,26.339994461805084
CLUSTER_104,T,159.69046010345048
CLUSTER_105,A,219.91606364425425
CLUSTER_105,B,136.0620258319239
CLUSTER_105,C,196.63898836417107
CLUSTER_105,D,79.16474836493967
CLUSTER_105,E,101.0153218273397
CLUSTER_105,F,269.9168932246921
CLUSTER_105,G,133.11666267527602
CLUSTER_105,H,167.96339436313914
CLUSTER_105,I,205.74210146007624
CLUSTER_105,J,29.302871547629923
CLUSTER_105,K,40.48603071512322
CLUSTER_105,L,229.0407258373114
CLUSTER_105,M,256.93740411847955
CLUSTER_105,N,174.7689009120844
CLUSTER_105,O,275.44419810860023
CLUSTER_105,P,253.0129289032064
CLUSTER_105,Q,109.62450941661147
CLUSTER_105,R,206.4622170997652
CLUSTER_105,S,154.79435646037692
CLUSTER_105,T,55.196830505147524
CLUSTER_106,A,197.8263065433491
CLUSTER_106,B,146.0828913617501
CLUSTER_106,C,205.97667997166292
CLUSTER_106,D,91.68783224544646
CLUSTER_106,E,133.0032785244426
CLUSTER_106,F,264.92252290513187
CLUSTER_106,G,172.83945096758652
CLUSTER_106,H,146.54637147106914
CLUSTER_106,I,235.824252127108
CLUSTER_106,J,34.26372613181991
CLUSTER_106,K,83.79146318832647
CLUSTER_106,L,229.0286179694497
CLUSTER_106,M,243.41024010601203
CLUSTER_106,N,167.71072096787918
CLUSTER_106,O,250.31450603394228
CLUSTER_106,P,220.40567453034322
CLUSTER_106,Q,96.62555086073026
CLUSTER_106,R,227.77242253924467
CLUSTER_106,S,180.60526725000506
CLUSTER_106,T,34.20086448978307
CLUSTER_107,A,163.86382735624417
CLUSTER_107,B,65.54686172214241
CLUSTER_107,C,126.37276738638134
CLUSTER_107,D,8.685319645597085
CLUSTER_107,E,62.93090581073481
CLUSTER_107,F,199.79457492514499
CLUSTER_107,G,113.17781262401401
CLUSTER_107,H,114.73991750784974
CLUSTER_107,I,156.80186293331732
CLUSTER_107,J,94.63386061644701
CLUSTER_107,K,65.69281668663892
CLUSTER_107,L,157.96386785375122
CLUSTER_107,M,191.4457306318849
CLUSTER_107,N,107.05643609200041
CLUSTER_107,O,221.00690315581963
CLUSTER_107,P,210.9517212430031
CLUSTER_107,Q,55.377171721177724
CLUSTER_107,R,144.78618663060104
CLUSTER_107,S,99.68397376665808
CLUSTER_107,T,54.91411021083491
CLUSTER_108,A,43.48267892515856
CLUSTER_108,B,117.11795483267197
CLUSTER_108,C,105.47090779342322
CLUSTER_108,D,152.73926177495252
CLUSTER_108,E,190.54924435899397
CLUSTER_108,F,69.67063189383673
CLUSTER_108,G,235.95963113003867
CLUSTER_108,H,67.72843268584027
CLUSTER_108,I,213.03070898547887
CLUSTER_108,J,236.2370683471582
CLUSTER_108,K,223.0220565960072
CLUSTER_108,L,68.06303282852525
CLUSTER_108,M,35.018409884080285
CLUSTER_108,N,52.506927760138566
CLUSTER_108,O,81.94275681261529
CLUSTER_108,P,112.23037021883597
CLUSTER_108,Q,113.4345091117024
CLUSTER_108,R,165.8162058884229
CLUSTER_108,S,172.45010734224977
CLUSTER_108,T,175.75221621507222
CLUSTER_109,A,190.82624547609717
CLUSTER_109,B,93.11495787587438
CLUSTER_109,C,48.59285726444713
CLUSTER_109,D,145.44349205669093
CLUSTER_109,E,127.84061986570568
CLUSTER_109,F,129.36539904406902
CLUSTER_109,G,142.4021108872498
CLUSTER_109,H,176.90066143956693
CLUSTER_109,I,72.78760542681268
CLUSTER_109,J,246.4551545026367
CLUSTER_109,K,193.44033660500799
CLUSTER_109,L,89.68541321366688
CLUSTER_109,M,164.302372577379
CLUSTER_109,N,121.66902352570636
CLUSTER_109,O,232.56803873742126
CLUSTER_109,P,260.61421517614303
CLUSTER_109,Q,162.87762073314406
CLUSTER_109,R,23.060080617991982
CLUSTER_109,S,72.8943398975337
CLUSTER_109,T,206.21536077895587
CLUSTER_11,A,61.49211593666399
CLUSTER_11,B,97.07689639575905
CLUSTER_11,C,83.45415648719279
CLUSTER_11,D,137.18245947428986
CLUSTER_11,E,171.1095872462459
CLUSTER_11,F,66.4953997747225
CLUSTER_11,G,215.2972441460881
CLUSTER_11,H,69.74825379128787
CLUSTER_11,I,190.76844316605286
CLUSTER_11,J,226.2608308070122
CLUSTER_11,K,207.6024149700276
CLUSTER_11,L,50.746273996052004
CLUSTER_11,M,49.862529092692654
CLUSTER_11,N,35.61897909608213
CLUSTER_11,O,104.20218030767572
CLUSTER_11,P,131.4626496646019
CLUSTER_11,Q,104.01570050289794
CLUSTER_11,R,143.77958961517965
CLUSTER_11,S,150.604261030454
CLUSTER_11,T,166.90953280398912
CLUSTER_110,A,72.03406708535928
CLUSTER_110,B,211.25899036233517
CLUSTER_110,C,206.90966792003243
CLUSTER_110,D,232.24291580228024
CLUSTER_110,E,280.48255974052415
CLUSTER_110,F,144.41214238152705
CLUSTER_110,G,329.405340464839
CLUSTER_110,H,119.74290045568901
CLUSTER_110,I,314.268438737221
CLUSTER_110,J,290.7690718640634
CLUSTER_110,K,298.014130658158
CLUSTER_110,L,165.2701313417133
CLUSTER_110,M,93.56132811555145
CLUSTER_110,N,146.29297966014155
CLUSTER_110,O,20.49873217417336
CLUSTER_110,P,50.347606908866524
CLUSTER_110,Q,180.1517122459911
CLUSTER_110,R,267.25052141169584
CLUSTER_110,S,271.1193680251807
CLUSTER_110,T,231.48264820688132
CLUSTER_111,A,185.874619608651
CLUSTER_111,B,110.49048293671969
CLUSTER_111,C,171.20657475782087
CLUSTER_111,D,54.063210030746276
CLUSTER_111,E,94.18193072909399
CLUSTER_111,F,238.63245832392982
CLUSTER_111,G,136.7293407762616
CLUSTER_111,H,133.94161600735455
CLUSTER_111,I,196.42324005797929
CLUSTER_111,J,50.575508240394335
CLUSTER_111,K,55.56241337875876
CLUSTER_111,L,199.3559112726478
CLUSTER_111,M,223.5722999670683
CLUSTER_111,N,142.45343709310268
CLUSTER_111,O,241.51303826309004
CLUSTER_111,P,220.55524734171735
CLUSTER_111,Q,75.72282124669502
CLUSTER_111,R,189.13952231949025
CLUSTER_111,S,141.23978878233834
CLUSTER_111,T,25.488829270453373
CLUSTER_112,A,91.72716243210316
CLUSTER_112,B,130.68634639492058
CLUSTER_112,C,93.70545277336403
CLUSTER_112,D,178.79875382216142
CLUSTER_112,E,203.8634579172278
CLUSTER_112,F,19.07636604822817
CLUSTER_112,G,242.49017547422082
CLUSTER_112,H,115.97730441878534
CLUSTER_112,I,200.12263410043343
CLUSTER_112,J,272.43567991446895
CLUSTER_112,K,248.39006632562925
CLUSTER_112,L,41.81181334826161
CLUSTER_112,M,38.26115196078352
CLUSTER_112,N,80.45420218668927
CLUSTER_112,O,111.39009629724056
CLUSTER_112,P,155.62643653614134
CLUSTER_112,Q,151.21854031516796
CLUSTER_112,R,149.41784012789077
CLUSTER_112,S,171.9210831966044
CLUSTER_112,T,213.9394548528439
CLUSTER_113,A,103.95571708365203
CLUSTER_113,B,162.88340208098916
CLUSTER_113,C,123.80511348162382
CLUSTER_113,D,210.33032658974142
CLUSTER_113,E,236.02127067808013
CLUSTER_113,F,26.90600933264296
CLUSTER_113,G,274.0628730282502
CLUSTER_113,H,138.54258256245882
CLUSTER_113,I,227.7314046073269
CLUSTER_113,J,302.1505108646915
CLUSTER_113,K,280.1798780432532
CLUSTER_113,L,71.58991997915881
CLUSTER_113,M,41.6362382184449
CLUSTER_113,N,110.49140361360507
CLUSTER_113,O,106.22464110442618
CLUSTER_113,P,158.651826453687
CLUSTER_113,Q,179.9284724014673
CLUSTER_113,R,176.67552495778702
CLUSTER_113,S,202.85203612701156
CLUSTER_113,T,242.8276258687289
CLUSTER_114,A,63.68139703530928
CLUSTER_114,B,137.46000416144832
CLUSTER_114,C,112.91750247103141
CLUSTER_114,D,178.51831841216952
CLUSTER_114,E,211.68055891042198
CLUSTER_114,F,47.074483155989455
CLUSTER_114,G,254.39783616488089
CLUSTER_114,H,97.20872750806512
CLUSTER_114,I,221.46868041771978
CLUSTER_114,J,265.20443933136363
CLUSTER_114,K,248.95589060585868
CLUSTER_114,L,65.25588194714175
CLUSTER_114,M,9.820857464144687
CLUSTER_114,N,76.91693117371206
CLUSTER_114,O,81.14252923072642
CLUSTER_114,P,124.95899510520442
CLUSTER_114,Q,142.36518408877612
CLUSTER_114,R,171.85652732774105
CLUSTER_114,S,187.02442400230402
CLUSTER_114,T,204.9870219234614
CLUSTER_115,A,133.40576096858302
CLUSTER_115,B,129.31755876763484
CLUSTER_115,C,75.85527944875595
CLUSTER_115,D,184.27885006044568
CLUSTER_115,E,196.29665072507814
CLUSTER_115,F,34.436229469005525
CLUSTER_115,G,227.34251194759628
CLUSTER_115,H,147.89441821621952
CLUSTER_115,I,170.74801002479708
CLUSTER_115,J,284.51628871889494
CLUSTER_115,K,250.06232314042063
CLUSTER_115,L,35.02066271687641
CLUSTER_115,M,82.93719194518295
CLUSTER_115,N,99.97723448983349
CLUSTER_115,O,156.04655361263116
CLUSTER_115,P,199.59673566630337
CLUSTER_115,Q,169.66324636945805
CLUSTER_115,R,119.89127172819967
CLUSTER_115,S,154.2170639874954
CLUSTER_115,T,229.84275756053157
CLUSTER_116,A,151.76255749283507
CLUSTER_116,B,23.175877626699254
CLUSTER_116,C,83.20009662421131
CLUSTER_116,D,35.39447560490849
CLUSTER_116,E,56.919720832973454
CLUSTER_116,F,164.68862729237446
CLUSTER_116,G,106.01118899680431
CLUSTER_116,H,110.72314981144417
CLUSTER_116,I,122.9297868591141
CLUSTER_116,J,138.3187675744534
CLUSTER_116,K,97.72546013774401
CLUSTER_116,L,120.01813427926601
CLUSTER_116,M,165.4595575485348
CLUSTER_116,N,81.76255098882494
CLUSTER_116,O,207.8182474467183
CLUSTER_116,P,209.80302314537974
CLUSTER_116,Q,65.67031283693244
CLUSTER_116,R,102.96144191218424
CLUSTER_116,S,65.22254856383968
CLUSTER_116,T,95.92153857776536
CLUSTER_117,A,239.90017409991324
CLUSTER_117,B,193.02949229438326
CLUSTER_117,C,253.32262193270662
CLUSTER_117,D,137.3024589107681
CLUSTER_117,E,170.92394127273147
CLUSTER_117,F,312.2288066905606
CLUSTER_117,G,203.52812180910774
CLUSTER_117,H,189.9419563313359
CLUSTER_117,I,275.5431751047832
CLUSTER_117,J,41.87983407795506
CLUSTER_117,K,110.44703780048837
CLUSTER_117,L,276.8841684704833
CLUSTER_117,M,288.7435782564164
CLUSTER_117,N,215.0813720257962
CLUSTER_117,O,289.764524627261
CLUSTER_117,P,253.873176780001
CLUSTER_117,Q,143.78940760262788
CLUSTER_117,R,272.0529731209449
CLUSTER_117,S,222.59893508893907
CLUSTER_117,T,82.03656181658164
CLUSTER_118,A,196.17422689408133
CLUSTER_118,B,138.298573978401
CLUSTER_118,C,198.5113938804191
CLUSTER_118,D,83.19537477709268
CLUSTER_118,E,123.5421524130821
CLUSTER_118,F,259.84054391028326
CLUSTER_118,G,163.48774535952202
CLUSTER_118,H,144.4898928218199
CLUSTER_118,I,226.48971384498145
CLUSTER_118,J,33.03397491196227
CLUSTER_118,K,75.09096372903215
CLUSTER_118,L,223.00404970670107
CLUSTER_118,M,239.93997555570385
CLUSTER_118,N,162.68014880824634
CLUSTER_118,O,249.5756246362157
CLUSTER_118,P,221.73981289843275
CLUSTER_118,Q,92.1313014427519
CLUSTER_118,R,219.03167459342936
CLUSTER_118,S,171.45317579418548
CLUSTER_118,T,29.25634181194686
CLUSTER_119,A,67.6339067480182
CLUSTER_119,B,207.3778251632967
CLUSTER_119,C,206.30917560918354
CLUSTER_119,D,225.85819127269858
CLUSTER_119,E,275.3661105647825
CLUSTER_119,F,148.88396236316512
CLUSTER_119,G,324.82757437969184
CLUSTER_119,H,112.77278668663753
CLUSTER_119,I,312.80892403541924
CLUSTER_119,J,281.60079757604194
CLUSTER_119,K,290.6975815208234
CLUSTER_119,L,166.69918078969474
CLUSTER_119,M,97.1357259462191
CLUSTER_119,N,143.13806116166973
CLUSTER_119,O,25.270236585159687
CLUSTER_119,P,38.931701227444876
CLUSTER_119,Q,172.9404507482215
CLUSTER_119,R,266.6145357237919
CLUSTER_119,S,268.19623762762245
CLUSTER_119,T,222.74260338786578
CLUSTER_12,A,75.75492610059122
CLUSTER_12,B,74.81588304616413
CLUSTER_12,C,67.36947170165952
CLUSTER_12,D,116.61088434600919
CLUSTER_12,E,148.87606191474907
CLUSTER_12,F,79.86050694447151
CLUSTER_12,G,193.14212569350758
CLUSTER_12,H,67.92765245633892
CLUSTER_12,I,171.9401219779357
CLUSTER_12,J,209.05547627889237
CLUSTER_12,K,186.84569487126126
CLUSTER_12,L,49.726149326257406
CLUSTER_12,M,71.91532202616779
CLUSTER_12,N,17.443583194182164
CLUSTER_12,O,123.93960890942405
CLUSTER_12,P,145.06620203344224
CLUSTER_12,Q,88.76449655015912
CLUSTER_12,R,126.80386366520322
CLUSTER_12,S,129.38256514156197
CLUSTER_12,T,151.03079119553462
CLUSTER_120,A,123.38211631680767
CLUSTER_120,B,167.63959320621365
CLUSTER_120,C,122.24614783028228
CLUSTER_120,D,218.15850452891996
CLUSTER_120,E,239.09659057900618
CLUSTER_120,F,25.28670580992347
CLUSTER_120,G,274.1950557246773
CLUSTER_120,H,154.83588440081166
CLUSTER_120,I,221.52651691958573
CLUSTER_120,J,313.10401752590286
CLUSTER_120,K,287.0798829308475
CLUSTER_120,L,71.72318140664541
CLUSTER_120,M,61.45552239095089
CLUSTER_120,N,121.21567075617418
CLUSTER_120,O,126.66476590642257
CLUSTER_120,P,179.31928608350177
CLUSTER_120,Q,192.08501029244763
CLUSTER_120,R,170.56941662692276
CLUSTER_120,S,201.75367647169043
CLUSTER_120,T,254.78722524995882
CLUSTER_121,A,276.529195321492
CLUSTER_121,B,138.49797115420486
CLUSTER_121,C,171.0480210101098
CLUSTER_121,D,126.19816312471369
CLUSTER_121,E,69.30284858877033
CLUSTER_121,F,269.24638017685993
CLUSTER_121,G,19.556912111523843
CLUSTER_121,H,234.53604807171456
CLUSTER_121,I,102.63045494464765
CLUSTER_121,J,167.94810940411983
CLUSTER_121,K,99.95585693019207
CLUSTER_121,L,222.240788014968
CLUSTER_121,M,283.37994029772244
CLUSTER_121,N,204.10841900841714
CLUSTER_121,O,332.13251086852694
CLUSTER_121,P,333.6388466459315
CLUSTER_121,Q,181.07389115683276
CLUSTER_121,R,136.73782127449425
CLUSTER_121,S,91.80148248156586
CLUSTER_121,T,171.4763646348681
CLUSTER_122,A,224.6383353013016
CLUSTER_122,B,95.70628636008739
CLUSTER_122,C,145.24291218080288
CLUSTER_122,D,66.41057560305966
CLUSTER_122,E,24.555881517768704
CLUSTER_122,F,237.15979387151842
CLUSTER_122,G,49.748792963473115
CLUSTER_122,H,178.7817059184336
CLUSTER_122,I,122.69717292371799
CLUSTER_122,J,114.94773584220368
CLUSTER_122,K,47.95877932403994
CLUSTER_122,L,190.81964051710997
CLUSTER_122,M,241.25700051473245
CLUSTER_122,N,157.48350257072414
CLUSTER_122,O,281.49252040505166
CLUSTER_122,P,276.9096738819843
CLUSTER_122,Q,121.93821444885657
CLUSTER_122,R,134.0823151996293
CLUSTER_122,S,79.7836396960465
CLUSTER_122,T,109.41109463740091
CLUSTER_123,A,156.06007866722578
CLUSTER_123,B,110.78932228208508
CLUSTER_123,C,168.34580625234292
CLUSTER_123,D,64.12715494883236
CLUSTER_123,E,118.08796326778456
CLUSTER_123,F,221.84549844941242
CLUSTER_123,G,165.65174202935478
CLUSTER_123,H,104.26005305588238
CLUSTER_123,I,213.43160453357862
CLUSTER_123,J,72.87168723001122
CLUSTER_123,K,91.83886368851401
CLUSTER_123,L,187.2278527261843
CLUSTER_123,M,199.980880344832
CLUSTER_123,N,124.70946469372373
CLUSTER_123,O,210.03509986318505
CLUSTER_123,P,185.28336623877507
CLUSTER_123,Q,53.40593283004387
CLUSTER_123,R,197.52163425724214
CLUSTER_123,S,155.88940005727693
CLUSTER_123,T,12.621978596327155
CLUSTER_124,A,256.88744218054217
CLUSTER_124,B,131.85799767422336
CLUSTER_124,C,116.01291041085932
CLUSTER_124,D,165.3214277106754
CLUSTER_124,E,121.33174304707546
CLUSTER_124,F,204.35819315850344
CLUSTER_124,G,106.01166325959132
CLUSTER_124,H,233.1723240056334
CLUSTER_124,I,16.592777914059383
CLUSTER_124,J,251.54123930390887
CLUSTER_124,K,186.90555849278175
CLUSTER_124,L,163.6257720515908
CLUSTER_124,M,237.5706543074017
CLUSTER_124,N,182.59878055812655
CLUSTER_124,O,303.19690138277366
CLUSTER_124,P,325.1165335457429
CLUSTER_124,Q,202.4331229034965
CLUSTER_124,R,55.99720468529958
CLUSTER_124,S,73.5928238437797
CLUSTER_124,T,227.7228722666206
CLUSTER_125,A,126.12395981506987
CLUSTER_125,B,19.288193112906463
CLUSTER_125,C,47.220984636419644
CLUSTER_125,D,73.60835824177238
CLUSTER_125,E,93.00528920316225
CLUSTER_125,F,123.13496403472249
CLUSTER_125,G,136.04025970700195
CLUSTER_125,H,96.69562919839387
CLUSTER_125,I,124.34788345333645
CLUSTER_125,J,175.6848755065121
CLUSTER_125,K,139.48140640803027
CLUSTER_125,L,78.23495182930895
CLUSTER_125,M,128.2201819926824
CLUSTER_125,N,50.442623579238166
CLUSTER_125,O,178.95714685283076
CLUSTER_125,P,191.12803027157892
CLUSTER_125,Q,76.04992234514651
CLUSTER_125,R,88.29597125111096
CLUSTER_125,S,74.73583387587807
CLUSTER_125,T,125.93329006846558
CLUSTER_126,A,177.05244552356353
CLUSTER_126,B,37.47383995705478
CLUSTER_126,C,79.55378361396538
CLUSTER_126,D,58.05512783162895
CLUSTER_126,E,41.620311781374056
CLUSTER_126,F,172.86042637448867
CLUSTER_126,G,81.85559083593567
CLUSTER_126,H,139.71679355644355
CLUSTER_126,I,92.48952219023516
CLUSTER_126,J,154.53822630672295
CLUSTER_126,K,101.68254113311181
CLUSTER_126,L,126.05329886864666
CLUSTER_126,M,182.36955236245475
CLUSTER_126,N,103.08881566123038
CLUSTER_126,O,231.65038852154717
CLUSTER_126,P,238.18545178146582
CLUSTER_126,Q,97.0801669626815
CLUSTER_126,R,79.929530483805
CLUSTER_126,S,34.53450527408025
CLUSTER_126,T,120.99928108107792
CLUSTER_127,A,193.70619896768122
CLUSTER_127,B,119.89192589830309
CLUSTER_127,C,180.65042267774206
CLUSTER_127,D,63.22018423596574
CLUSTER_127,E,100.14776303521518
CLUSTER_127,F,248.10208512774614
CLUSTER_127,G,140.5095463611612
CLUSTER_127,H,141.69684058043362
CLUSTER_127,I,203.412583697303
CLUSTER_127,J,40.9729213592273
CLUSTER_127,K,54.89162670759762
CLUSTER_127,L,208.94730528809362
CLUSTER_127,M,232.491172031349
CLUSTER_127,N,151.78317512380872
CLUSTER_127,O,248.9702187086458
CLUSTER_127,P,226.40028007638216
CLUSTER_127,Q,84.31636209870285
CLUSTER_127,R,197.5800387290227
CLUSTER_127,S,148.9098476352552
CLUSTER_127,T,28.883234293760307
CLUSTER_128,A,149.56657908447275
CLUSTER_128,B,120.07545272840187
CLUSTER_128,C,175.51998663441273
CLUSTER_128,D,77.56875227645908
CLUSTER_128,E,132.9726611316574
CLUSTER_128,F,222.44732972976288
CLUSTER_128,G,181.04321855817454
CLUSTER_128,H,98.67516839403993
CLUSTER_128,I,226.4550937349355
CLUSTER_128,J,81.13712108483803
CLUSTER_128,K,106.98743859944325
CLUSTER_128,L,190.3494573048158
CLUSTER_128,M,197.11442455419734
CLUSTER_128,N,126.09891441493491
CLUSTER_128,O,201.90853557244992
CLUSTER_128,P,173.8288501119976
CLUSTER_128,Q,55.730052088359336
CLUSTER_128,R,208.24087465716346
CLUSTER_128,S,168.65123009225212
CLUSTER_128,T,26.163796646465315
CLUSTER_129,A,126.77790881511244
CLUSTER_129,B,107.30709282824164
CLUSTER_129,C,159.0386314021472
CLUSTER_129,D,74.84231654809489
CLUSTER_129,E,133.14367922612874
CLUSTER_129,F,200.35355714360986
CLUSTER_129,G,183.47364475975687
CLUSTER_129,H,75.60113846098015
CLUSTER_129,I,219.52708008660468
CLUSTER_129,J,102.68156547627424
CLUSTER_129,K,118.90131724270029
CLUSTER_129,L,169.86655933127412
CLUSTER_129,M,174.01605474460573
CLUSTER_129,N,104.80092535669391
CLUSTER_129,O,179.89510428599303
CLUSTER_129,P,154.91443563070192
CLUSTER_129,Q,37.18997278594273
CLUSTER_129,R,196.64468325841767
CLUSTER_129,S,161.6219496398228
CLUSTER_129,T,43.20890825114179
CLUSTER_13,A,204.53603057156357
CLUSTER_13,B,123.5581089156512
CLUSTER_13,C,184.35258858427918
CLUSTER_13,D,66.40366196216385
CLUSTER_13,E,95.85522446184363
CLUSTER_13,F,255.41764277888583
CLUSTER_13,G,133.02812216410723
CLUSTER_13,H,152.60231080858543
CLUSTER_13,I,200.22617532994042
CLUSTER_13,J,37.123027641601944
CLUSTER_13,K,44.198698871349144
CLUSTER_13,L,215.13014090314903
CLUSTER_13,M,241.6903572787029
CLUSTER_13,N,159.85643109753724
CLUSTER_13,O,260.1491563366566
CLUSTER_13,P,238.47745246092597
CLUSTER_13,Q,94.2180455793912
CLUSTER_13,R,197.5185454924059
CLUSTER_13,S,147.2391609107704
CLUSTER_13,T,41.22523864176633
CLUSTER_130,A,145.35119091819962
CLUSTER_130,B,86.68222226733255
CLUSTER_130,C,26.50856476372532
CLUSTER_130,D,143.8036872427195
CLUSTER_130,E,146.82191548209832
CLUSTER_130,F,80.13092513042538
CLUSTER_130,G,175.21624814289945
CLUSTER_130,H,140.71458668351087
CLUSTER_130,I,121.07769569273134
CLUSTER_130,J,246.66150211034454
CLUSTER_130,K,204.852207296159
CLUSTER_130,L,39.060577991313934
CLUSTER_130,M,113.77582812333118
CLUSTER_130,N,84.85605754895666
CLUSTER_130,O,183.2585258250121
CLUSTER_130,P,215.3305855652389
CLUSTER_130,Q,142.93765594425997
CLUSTER_130,R,70.06307798840577
CLUSTER_130,S,101.99210683183395
CLUSTER_130,T,197.12019206861282
CLUSTER_131,A,187.46367202870672
CLUSTER_131,B,47.873373617434446
CLUSTER_131,C,86.5063996776382
CLUSTER_131,D,62.96657377881411
CLUSTER_131,E,34.87070742784063
CLUSTER_131,F,181.46970972762924
CLUSTER_131,G,71.68949920253331
CLUSTER_131,H,149.817645148159
CLUSTER_131,I,86.34839436790352
CLUSTER_131,J,155.17481447914682
CLUSTER_131,K,98.8737932209501
CLUSTER_131,L,134.49770831140336
CLUSTER_131,M,192.27150513288976
CLUSTER_131,N,113.4540701159807
CLUSTER_131,O,242.04653213690446
CLUSTER_131,P,248.41923329542539
CLUSTER_131,Q,105.70283616181064
CLUSTER_131,R,79.64222373198848
CLUSTER_131,S,29.25076612140671
CLUSTER_131,T,125.44632786941801
CLUSTER_132,A,137.04861190850815
CLUSTER_132,B,86.92723552961894
CLUSTER_132,C,143.03937247155815
CLUSTER_132,D,48.56376552550225
CLUSTER_132,E,106.75436170062672
CLUSTER_132,F,196.50350367898537
CLUSTER_132,G,157.13250966283158
CLUSTER_132,H,85.10985549696083
CLUSTER_132,I,195.08698255924074
CLUSTER_132,J,94.45147299042198
CLUSTER_132,K,96.82619184207832
CLUSTER_132,L,161.25676825084477
CLUSTER_132,M,176.80492173535026
CLUSTER_132,N,99.29044617855465
CLUSTER_132,O,192.74994292599297
CLUSTER_132,P,174.27293589363597
CLUSTER_132,Q,28.512819973672702
CLUSTER_132,R,175.23168789186306
CLUSTER_132,S,137.1354083059203
CLUSTER_132,T,34.45427440499072
CLUSTER_133,A,100.58625965971933
CLUSTER_133,B,173.09211212479207
CLUSTER_133,C,136.96203931596168
CLUSTER_133,D,218.47168385811202
CLUSTER_133,E,246.79689821466621
CLUSTER_133,F,41.653146382027494
CLUSTER_133,G,286.10467740459455
CLUSTER_133,H,139.7498468457701
CLUSTER_133,I,241.90515092787814
CLUSTER_133,J,307.73721383466255
CLUSTER_133,K,288.69040768991505
CLUSTER_133,L,84.7395359763036
CLUSTER_133,M,39.46171593863482
CLUSTER_133,N,117.41718002984362
CLUSTER_133,O,95.52238917098626
CLUSTER_133,P,150.20410571299374
CLUSTER_133,Q,184.99581849450925
CLUSTER_133,R,190.89737797333112
CLUSTER_133,S,215.53125148467925
CLUSTER_133,T,247.75963226011464
CLUSTER_134,A,29.285180508295625
CLUSTER_134,B,167.55236318914902
CLUSTER_134,C,172.0892614667026
CLUSTER_134,D,184.5552370636091
CLUSTER_134,E,234.38659620913538
CLUSTER_134,F,131.1504821970407
CLUSTER_134,G,284.1674836285336
CLUSTER_134,H,71.56257088373148
CLUSTER_134,I,276.2187162866525
CLUSTER_134,J,243.3051313422277
CLUSTER_134,K,249.72348769331614
CLUSTER_134,L,138.3476887535574
CLUSTER_134,M,79.83488105583044
CLUSTER_134,N,104.73365588949248
CLUSTER_134,O,40.07225285629757
CLUSTER_134,P,41.99252418415025
CLUSTER_134,Q,131.88015330529066
CLUSTER_134,R,231.83229132693776
CLUSTER_134,S,229.40238388267122
CLUSTER_134,T,183.55985765731336
CLUSTER_135,A,263.62161623327734
CLUSTER_135,B,124.10623513597358
CLUSTER_135,C,151.0971637905962
CLUSTER_135,D,121.10370978749076
CLUSTER_135,E,62.501087141181515
CLUSTER_135,F,249.6627146155143
CLUSTER_135,G,15.630580937589142
CLUSTER_135,H,224.23617771049015
CLUSTER_135,I,79.8038982715012
CLUSTER_135,J,177.173109854802
CLUSTER_135,K,108.62795805250877
CLUSTER_135,L,202.87063451985594
CLUSTER_135,M,266.44610772916434
CLUSTER_135,N,189.60549796697654
CLUSTER_135,O,318.2631449585541
CLUSTER_135,P,323.326420896979
CLUSTER_135,Q,174.0745282751556
CLUSTER_135,R,113.98096311184099
CLUSTER_135,S,71.58371783553088
CLUSTER_135,T,172.71502243046717
CLUSTER_136,A,221.81213312089739
CLUSTER_136,B,123.82740941602573
CLUSTER_136,C,183.26488884923805
CLUSTER_136,D,69.28927898349099
CLUSTER_136,E,79.8649379700309
CLUSTER_136,F,262.29844824549474
CLUSTER_136,G,109.89381446818261
CLUSTER_136,H,170.55981213282547
CLUSTER_136,I,184.2093751072107
CLUSTER_136,J,52.03109043174148
CLUSTER_136,K,17.521510202849218
CLUSTER_136,L,219.51787282640166
CLUSTER_136,M,253.75526160338651
CLUSTER_136,N,169.74830712831863
CLUSTER_136,O,278.36866641834075
CLUSTER_136,P,260.6419570405194
CLUSTER_136,Q,110.38879320284654
CLUSTER_136,R,187.91491674750347
CLUSTER_136,S,135.10157108226292
CLUSTER_136,T,66.55747134422477
CLUSTER_137,A,222.96486807562752
CLUSTER_137,B,167.1436312165538
CLUSTER_137,C,227.65987585590292
CLUSTER_137,D,111.01630499050125
CLUSTER_137,E,144.8229997824673
CLUSTER_137,F,289.6482949246136
CLUSTER_137,G,179.24552608800167
CLUSTER_137,H,171.8267441478868
CLUSTER_137,I,249.2961305229414
CLUSTER_137,J,19.88586864787132
CLUSTER_137,K,86.54779800874665
CLUSTER_137,L,252.92660767869882
CLUSTER_137,M,268.75734482108055
CLUSTER_137,N,192.45418237464392
CLUSTER_137,O,274.9894266437795
CLUSTER_137,P,243.3641429684947
CLUSTER_137,Q,121.62340501271173
CLUSTER_137,R,245.473242818569
CLUSTER_137,S,196.05580826893535
CLUSTER_137,T,58.79355328672158
CLUSTER_138,A,146.78247329473808
CLUSTER_138,B,70.8078826912917
CLUSTER_138,C,129.98197422469977
CLUSTER_138,D,26.26505587025034
CLUSTER_138,E,84.5721632309565
CLUSTER_138,F,193.51747759874755
CLUSTER_138,G,135.2452190021276
CLUSTER_138,H,96.15294688475043
CLUSTER_138,I,173.91880603865565
CLUSTER_138,J,95.37992685976133
CLUSTER_138,K,82.14101141622263
CLUSTER_138,L,154.67513306630968
CLUSTER_138,M,179.74416038611736
CLUSTER_138,N,97.51702481902986
CLUSTER_138,O,203.61394455817515
CLUSTER_138,P,190.40970449309236
CLUSTER_138,Q,35.73090673073074
CLUSTER_138,R,156.74234673904576
CLUSTER_138,S,116.06939569024367
CLUSTER_138,T,43.21838084983244
CLUSTER_139,A,43.96898028522914
CLUSTER_139,B,178.18260963694593
CLUSTER_139,C,186.50115597910676
CLUSTER_139,D,190.74026654633684
CLUSTER_139,E,242.65402886609377
CLUSTER_139,F,147.94611309933669
CLUSTER_139,G,293.1126376043743
CLUSTER_139,H,77.6281002613683
CLUSTER_139,I,289.1967744835101
CLUSTER_139,J,242.74681024381925
CLUSTER_139,K,253.76310250310328
CLUSTER_139,L,154.45887990749873
CLUSTER_139,M,96.50738960409835
CLUSTER_139,N,117.28209780383497
CLUSTER_139,O,47.597475441327575
CLUSTER_139,P,26.049506025793594
CLUSTER_139,Q,136.57026916788092
CLUSTER_139,R,245.8180699701392
CLUSTER_139,S,240.90360206642637
CLUSTER_139,T,184.17896855668437
CLUSTER_14,A,147.86559443826815
CLUSTER_14,B,99.78490930715888
CLUSTER_14,C,156.92300024928957
CLUSTER_14,D,55.70119103350834
CLUSTER_14,E,111.79827872117336
CLUSTER_14,F,210.75259517077117
CLUSTER_14,G,160.71359874309928
CLUSTER_14,H,95.86006980128604
CLUSTER_14,I,204.5679631700156
CLUSTER_14,J,81.71182034553762
CLUSTER_14,K,92.4619436446788
CLUSTER_14,L,175.7541942776063
CLUSTER_14,M,189.9451458304486
CLUSTER_14,N,113.55888795853296
CLUSTER_14,O,202.6887831501365
CLUSTER_14,P,180.68819293813442
CLUSTER_14,Q,42.40127338314116
CLUSTER_14,R,187.1378678726284
CLUSTER_14,S,146.79033455459344
CLUSTER_14,T,20.80327545927267
CLUSTER_140,A,118.09537021997801
CLUSTER_140,B,61.41037522836065
CLUSTER_140,C,24.90110993779076
CLUSTER_140,D,116.5039043416715
CLUSTER_140,E,131.18623022112664
CLUSTER_140,F,82.98777897690242
CLUSTER_140,G,168.06650349299204
CLUSTER_140,H,107.09793820531343
CLUSTER_140,I,132.66160807190894
CLUSTER_140,J,217.8047510482361
CLUSTER_140,K,182.18720420434082
CLUSTER_140,L,36.32184095461921
CLUSTER_140,M,99.85932949287621
CLUSTER_140,N,50.96238578654023
CLUSTER_140,O,162.58041761162386
CLUSTER_140,P,187.7699438553176
CLUSTER_140,Q,109.04213025906608
CLUSTER_140,R,85.16963766051087
CLUSTER_140,S,97.85316477526331
CLUSTER_140,T,165.46901727762526
CLUSTER_141,A,50.95109099236865
CLUSTER_141,B,89.63784656106844
CLUSTER_141,C,104.04217441360606
CLUSTER_141,D,111.9284529773335
CLUSTER_141,E,157.517250164696
CLUSTER_141,F,109.93396936436578
CLUSTER_141,G,206.583872987494
CLUSTER_141,H,27.414936052586516
CLUSTER_141,I,201.40920225621485
CLUSTER_141,J,189.6663574664989
CLUSTER_141,K,180.92347937387427
CLUSTER_141,L,89.28756424231061
CLUSTER_141,M,81.83570706951117
CLUSTER_141,N,30.876068764494235
CLUSTER_141,O,107.45628346203019
CLUSTER_141,P,113.3749635757699
CLUSTER_141,Q,67.21206067235873
CLUSTER_141,R,160.54623312770076
CLUSTER_141,S,152.1088048249665
CLUSTER_141,T,128.97417430737332
CLUSTER_142,A,224.97041372973007
CLUSTER_142,B,89.81281072699562
CLUSTER_142,C,133.12295850548497
CLUSTER_142,D,73.66435829774129
CLUSTER_142,E,16.545679246285765
CLUSTER_142,F,228.03569097718554
CLUSTER_142,G,36.11062641770655
CLUSTER_142,H,181.80408590059878
CLUSTER_142,I,102.48567754336169
CLUSTER_142,J,134.6635754678506
CLUSTER_142,K,68.18593859986787
CLUSTER_142,L,181.14892598704606
CLUSTER_142,M,236.31390636101287
CLUSTER_142,N,154.400660827964
CLUSTER_142,O,281.15551210873394
CLUSTER_142,P,280.8166854445587
CLUSTER_142,Q,128.1416092341874
CLUSTER_142,R,116.12241741979399
CLUSTER_142,S,62.171861701064614
CLUSTER_142,T,124.40191517530171
CLUSTER_143,A,175.39585520945147
CLUSTER_143,B,79.96629796577861
CLUSTER_143,C,32.80965424981905
CLUSTER_143,D,134.1799163615223
CLUSTER_143,E,122.29587909571484
CLUSTER_143,F,119.00831408817609
CLUSTER_143,G,142.5455370793821
CLUSTER_143,H,161.05955346241808
CLUSTER_143,I,82.13117000543555
CLUSTER_143,J,236.30005927749858
CLUSTER_143,K,186.0662094290972
CLUSTER_143,L,76.86989145183495
CLUSTER_143,M,150.9547219600869
CLUSTER_143,N,105.8097243901231
CLUSTER_143,O,218.1109372228001
CLUSTER_143,P,245.08371276026327
CLUSTER_143,Q,148.38059207290385
CLUSTER_143,R,31.15008619333775
CLUSTER_143,S,70.28190796023112
CLUSTER_143,T,193.79633079051885
CLUSTER_144,A,159.36767967251515
CLUSTER_144,B,50.14878535077643
CLUSTER_144,C,110.89610594230751
CLUSTER_144,D,7.3128302887874055
CLUSTER_144,E,55.80919083999145
CLUSTER_144,F,187.38052890516963
CLUSTER_144,G,107.37165669343672
CLUSTER_144,H,112.54563643281259
CLUSTER_144,I,143.13691372641452
CLUSTER_144,J,110.26188215160407
CLUSTER_144,K,75.02937697437837
CLUSTER_144,L,144.4328154827346
CLUSTER_144,M,182.22115899355106
CLUSTER_144,N,97.3309594509829
CLUSTER_144,O,216.46992117756824
CLUSTER_144,P,210.72011274387071
CLUSTER_144,Q,56.64421779794315
CLUSTER_144,R,129.10697785966596
CLUSTER_144,S,85.49039126370975
CLUSTER_144,T,69.81966819818464
CLUSTER_145,A,116.75075995090509
CLUSTER_145,B,50.34345564613436
CLUSTER_145,C,102.28778938624025
CLUSTER_145,D,44.521578782766696
CLUSTER_145,E,96.256378327161
CLUSTER_145,F,158.26408721709387
CLUSTER_145,G,147.6039334607542
CLUSTER_145,H,69.65324916293413
CLUSTER_145,I,166.4836230334499
CLUSTER_145,J,130.42286910838408
CLUSTER_145,K,113.31634502361548
CLUSTER_145,L,120.70759354535534
CLUSTER_145,M,144.8633176094389
CLUSTER_145,N,62.02661415938316
CLUSTER_145,O,173.91844701159718
CLUSTER_145,P,168.29768715066265
CLUSTER_145,Q,21.72554757754528
CLUSTER_145,R,139.65728241001094
CLUSTER_145,S,109.58005496980546
CLUSTER_145,T,74.18507137526672
CLUSTER_146,A,235.8721149267975
CLUSTER_146,B,121.86125305417762
CLUSTER_146,C,93.04127527803085
CLUSTER_146,D,164.40221287219728
CLUSTER_146,E,129.77694754635323
CLUSTER_146,F,175.42766325660176
CLUSTER_146,G,126.14500437459408
CLUSTER_146,H,217.26375692112686
CLUSTER_146,I,37.30639425959531
CLUSTER_146,J,258.21172925810475
CLUSTER_146,K,197.29647404327784
CLUSTER_146,L,136.84275202158804
CLUSTER_146,M,211.4597097826599
CLUSTER_146,N,163.91205842998565
CLUSTER_146,O,279.29147390090804
CLUSTER_146,P,305.1940280193734
CLUSTER_146,Q,193.90579883708526
CLUSTER_146,R,34.1887985520934
CLUSTER_146,S,74.84224650233607
CLUSTER_146,T,227.32481964558403
CLUSTER_147,A,83.9778854731859
CLUSTER_147,B,85.09520314901553
CLUSTER_147,C,61.747545953552056
CLUSTER_147,D,132.13038037364396
CLUSTER_147,E,159.05910999566564
CLUSTER_147,F,61.600307522028736
CLUSTER_147,G,200.4288613902016
CLUSTER_147,H,85.49179990851168
CLUSTER_147,I,169.94929350586702
CLUSTER_147,J,227.13635493286228
CLUSTER_147,K,201.71527888658747
CLUSTER_147,L,31.199302758628612
CLUSTER_147,M,63.86594279088556
CLUSTER_147,N,36.827781372373416
CLUSTER_147,O,125.4723673340335
CLUSTER_147,P,153.9828968899653
CLUSTER_147,Q,107.93238813216169
CLUSTER_147,R,122.05075372198806
CLUSTER_147,S,132.88852932840646
CLUSTER_147,T,169.81131630374384
CLUSTER_148,A,19.63048404359735
CLUSTER_148,B,120.2040912143635
CLUSTER_148,C,126.2545751705529
CLUSTER_148,D,142.4223749221719
CLUSTER_148,E,188.88766045915983
CLUSTER_148,F,105.92852846432228
CLUSTER_148,G,237.82151271724797
CLUSTER_148,H,37.42568115017321
CLUSTER_148,I,228.73176900977893
CLUSTER_148,J,213.93472542006705
CLUSTER_148,K,210.4988901792865
CLUSTER_148,L,99.21721202606136
CLUSTER_148,M,64.93408526565946
CLUSTER_148,N,56.98612530750702
CLUSTER_148,O,76.23451656861427
CLUSTER_148,P,86.31759124615384
CLUSTER_148,Q,94.12136700156707
CLUSTER_148,R,185.26414569497396
CLUSTER_148,S,181.65045694944092
CLUSTER_148,T,152.91492036532364
CLUSTER_149,A,249.0074764994672
CLUSTER_149,B,112.88481804564655
CLUSTER_149,C,152.02470643372706
CLUSTER_149,D,96.62158039929228
CLUSTER_149,E,40.65080959512734
CLUSTER_149,F,248.6715868609168
CLUSTER_149,G,16.894436604949917
CLUSTER_149,H,205.86862728439158
CLUSTER_149,I,103.42891107713045
CLUSTER_149,J,144.78040947129563
CLUSTER_149,K,76.22702581646668
CLUSTER_149,L,201.61155566795492
CLUSTER_149,M,259.11341001070736
CLUSTER_149,N,177.95749700737645
CLUSTER_149,O,305.09659325699846
CLUSTER_149,P,304.8382034667434
CLUSTER_149,Q,151.6374888864962
CLUSTER_149,R,126.98655976330255
CLUSTER_149,S,75.82005117515155
CLUSTER_149,T,143.0100800860874
CLUSTER_15,A,82.80215108179485
CLUSTER_15,B,62.41592935571383
CLUSTER_15,C,63.711386762064805
CLUSTER_15,D,103.50477672442189
CLUSTER_15,E,136.20790291335237
CLUSTER_15,F,91.72033173539297
CLUSTER_15,G,181.21430067059916
CLUSTER_15,H,66.02688954425479
CLUSTER_15,I,164.27524127330796
CLUSTER_15,J,196.9649878517211
CLUSTER_15,K,173.69135084245647
CLUSTER_15,L,57.24159121459236
CLUSTER_15,M,84.86053706913746
CLUSTER_15,N,9.924125361092468
CLUSTER_15,O,133.80650063336864
CLUSTER_15,P,150.65785141900827
CLUSTER_15,Q,78.07969363647932
CLUSTER_15,R,121.16173625298224
CLUSTER_15,S,119.19031432042758
CLUSTER_15,T,139.63131714195487
CLUSTER_150,A,171.8156574801079
CLUSTER_150,B,69.93300725030393
CLUSTER_150,C,29.293659409859693
CLUSTER_150,D,123.67894008677784
CLUSTER_150,E,112.28448255867988
CLUSTER_150,F,122.47594749250455
CLUSTER_150,G,134.48270193507048
CLUSTER_150,H,154.6845762133248
CLUSTER_150,I,80.24150367334225
CLUSTER_150,J,225.714718228178
CLUSTER_150,K,175.63015322645114
CLUSTER_150,L,78.34247798574067
CLUSTER_150,M,151.12836637877209
CLUSTER_150,N,100.24708550544955
CLUSTER_150,O,216.48044524798487
CLUSTER_150,P,241.0951674655049
CLUSTER_150,Q,139.24934139488957
CLUSTER_150,R,31.052399583243954
CLUSTER_150,S,61.574166574300925
CLUSTER_150,T,183.5638270208211
CLUSTER_151,A,220.4032582671743
CLUSTER_151,B,95.95159823629469
CLUSTER_151,C,148.58776185714407
CLUSTER_151,D,60.1105902478686
CLUSTER_151,E,30.798722758316025
CLUSTER_151,F,238.22115235639163
CLUSTER_151,G,60.81381587878022
CLUSTER_151,H,173.33878430089803
CLUSTER_151,I,132.7931520457478
CLUSTER_151,J,103.85301828322314
CLUSTER_151,K,37.71357806077269
CLUSTER_151,L,192.3845573788919
CLUSTER_151,M,239.84731846379657
CLUSTER_151,N,155.4181442876712
CLUSTER_151,O,277.4611667694996
CLUSTER_151,P,270.7375832331872
CLUSTER_151,Q,115.26282586851315
CLUSTER_151,R,141.56472114370968
CLUSTER_151,S,87.38841014861545
CLUSTER_151,T,98.90939319455593
CLUSTER_152,A,183.11576503394292
CLUSTER_152,B,67.17859138858245
CLUSTER_152,C,125.89754142303048
CLUSTER_152,D,22.544408385722363
CLUSTER_152,E,39.82393852684487
CLUSTER_152,F,208.23118910035046
CLUSTER_152,G,89.21347610286305
CLUSTER_152,H,135.71955453625287
CLUSTER_152,I,139.19521497764921
CLUSTER_152,J,100.44051217700704
CLUSTER_152,K,53.71181919504346
CLUSTER_152,L,164.00300746924353
CLUSTER_152,M,205.3807901633071
CLUSTER_152,N,120.49973277387465
CLUSTER_152,O,240.24180161808928
CLUSTER_152,P,233.25067182318287
CLUSTER_152,Q,77.98307529034732
CLUSTER_152,R,133.93599975710765
CLUSTER_152,S,84.1905064040901
CLUSTER_152,T,73.80257107221043
CLUSTER_153,A,23.775410828272832
CLUSTER_153,B,126.92983216656039
CLUSTER_153,C,122.4858018376343
CLUSTER_153,D,156.18847471075577
CLUSTER_153,E,198.64468626451628
CLUSTER_153,F,87.10892404292024
CLUSTER_153,G,245.8982091760316
CLUSTER_153,H,58.09149176629852
CLUSTER_153,I,228.70834813978865
CLUSTER_153,J,232.96696988485147
CLUSTER_153,K,225.59136208444966
CLUSTER_153,L,87.65955605645344
CLUSTER_153,M,43.53907303691366
CLUSTER_153,N,61.29380247860602
CLUSTER_153,O,67.60524026084559
CLUSTER_153,P,92.6994333643683
CLUSTER_153,Q,111.46413953754302
CLUSTER_153,R,182.68148656664997
CLUSTER_153,S,185.40292441110873
CLUSTER_153,T,171.9823076865651
CLUSTER_154,A,23.65698531937003
CLUSTER_154,B,163.3043858629549
CLUSTER_154,C,163.7243130816184
CLUSTER_154,D,184.25109906223432
CLUSTER_154,E,232.06563168868436
CLUSTER_154,F,118.56365605623333
CLUSTER_154,G,281.1085406574998
CLUSTER_154,H,72.91584119267637
CLUSTER_154,I,269.24729352516084
CLUSTER_154,J,247.98433251792932
CLUSTER_154,K,250.91469334604002
CLUSTER_154,L,127.70339506641837
CLUSTER_154,M,66.99668765693919
CLUSTER_154,N,98.98949207022454
CLUSTER_154,O,34.951571774118975
CLUSTER_154,P,53.609320709293016
CLUSTER_154,Q,133.21462414565715
CLUSTER_154,R,223.82615405181463
CLUSTER_154,S,224.04915120538524
CLUSTER_154,T,187.62504329354084
CLUSTER_155,A,190.34569468594833
CLUSTER_155,B,61.33188930103331
CLUSTER_155,C,59.72823735441465
CLUSTER_155,D,102.30612299190904
CLUSTER_155,E,76.92378788109698
CLUSTER_155,F,158.14836601376985
CLUSTER_155,G,95.36035491906755
CLUSTER_155,H,163.03803799010464
CLUSTER_155,I,57.91687693383536
CLUSTER_155,J,199.3463217238844
CLUSTER_155,K,143.2266042110582
CLUSTER_155,L,111.97815550091754
CLUSTER_155,M,180.3923531249541
CLUSTER_155,N,114.72898330318944
CLUSTER_155,O,240.18923256764447
CLUSTER_155,P,257.0003829778874
CLUSTER_155,Q,132.7317012572517
CLUSTER_155,R,35.03882462152154
CLUSTER_155,S,22.612054911247334
CLUSTER_155,T,165.09324579771126
CLUSTER_156,A,62.271269966254266
CLUSTER_156,B,192.15551457392692
CLUSTER_156,C,203.82669384753513
CLUSTER_156,D,200.30755337720234
CLUSTER_156,E,254.05020087450595
CLUSTER_156,F,166.93245380373577
CLUSTER_156,G,305.03661226916756
CLUSTER_156,H,88.90854731760953
CLUSTER_156,I,305.07347061815614
CLUSTER_156,J,244.7446193119856
CLUSTER_156,K,260.73678590478363
CLUSTER_156,L,173.1637801406712
CLUSTER_156,M,115.32195541172538
CLUSTER_156,N,133.32226946992958
CLUSTER_156,O,60.01263296865629
CLUSTER_156,P,10.400670471337198
CLUSTER_156,Q,145.18118092505
CLUSTER_156,R,262.67983341123755
CLUSTER_156,S,255.47053162458838
CLUSTER_156,T,187.92355483518256
CLUSTER_157,A,230.22557325032403
CLUSTER_157,B,128.93551309536684
CLUSTER_157,C,187.6442028438677
CLUSTER_157,D,75.7836844405054
CLUSTER_157,E,79.98896916567686
CLUSTER_157,F,268.57964474736997
CLUSTER_157,G,105.88103135635471
CLUSTER_157,H,179.12420433362982
CLUSTER_157,I,183.35766272748702
CLUSTER_157,J,55.961949755101635
CLUSTER_157,K,13.065908197274565
CLUSTER_157,L,225.26566203847779
CLUSTER_157,M,261.2033191523372
CLUSTER_157,N,176.9102250041369
CLUSTER_157,O,286.88580287119066
CLUSTER_157,P,269.62135319390217
CLUSTER_157,Q,118.84098419559025
CLUSTER_157,R,189.53916541433293
CLUSTER_157,S,136.1003484987993
CLUSTER_157,T,75.55115444150249
CLUSTER_158,A,66.23329797771383
CLUSTER_158,B,200.3428413906861
CLUSTER_158,C,209.0122868619483
CLUSTER_158,D,210.66198603693488
CLUSTER_158,E,263.68611683486523
CLUSTER_158,F,166.32824774610512
CLUSTER_158,G,314.4389587448888
CLUSTER_158,H,98.36293765220357
CLUSTER_158,I,311.8203935097066
CLUSTER_158,J,256.76208263594356
CLUSTER_158,K,271.9282643097598
CLUSTER_158,L,175.8499167062564
CLUSTER_158,M,114.17686457465685
CLUSTER_158,N,139.89981565931564
CLUSTER_158,O,52.69950904977682
CLUSTER_158,P,6.280945075349567
CLUSTER_158,Q,155.80048870639013
CLUSTER_158,R,268.41939693817466
CLUSTER_158,S,263.274801280151
CLUSTER_158,T,199.71643864361315
CLUSTER_159,A,253.32376261072434
CLUSTER_159,B,123.22608672716495
CLUSTER_159,C,115.52734716775575
CLUSTER_159,D,152.2284969024692
CLUSTER_159,E,105.66209946744748
CLUSTER_159,F,208.18773714375453
CLUSTER_159,G,88.7881898248686
CLUSTER_159,H,226.51716132979982
CLUSTER_159,I,7.109614313512341
CLUSTER_159,J,235.72660345789774
CLUSTER_159,K,170.45656376112308
CLUSTER_159,L,165.45064212554428
CLUSTER_159,M,238.18550688080393
CLUSTER_159,N,178.0555005254242
CLUSTER_159,O,301.60317109608565
CLUSTER_159,P,320.5187610830332
CLUSTER_159,Q,192.1914337267726
CLUSTER_159,R,58.18729708599469
CLUSTER_159,S,61.730538979858345
CLUSTER_159,T,214.04363573982943
CLUSTER_16,A,29.66074293948328
CLUSTER_16,B,161.7993804044403
CLUSTER_16,C,170.9005079801502
CLUSTER_16,D,175.35441433379341
CLUSTER_16,E,226.64937250878742
CLUSTER_16,F,137.70548738784484
CLUSTER_16,G,276.96879080825585
CLUSTER_16,H,62.05595690569144
CLUSTER_16,I,272.9866844341849
CLUSTER_16,J,231.07010744897008
CLUSTER_16,K,239.34548226779486
CLUSTER_16,L,140.6719568346256
CLUSTER_16,M,87.71188379067434
CLUSTER_16,N,101.06574758678256
CLUSTER_16,O,53.12622931647181
CLUSTER_16,P,41.62928552661003
CLUSTER_16,Q,121.73307238206309
CLUSTER_16,R,229.95556452500625
CLUSTER_16,S,224.5151901196535
CLUSTER_16,T,171.66369014631306
CLUSTER_160,A,34.978176494634184
CLUSTER_160,B,104.78579728710658
CLUSTER_160,C,112.66789795820956
CLUSTER_160,D,128.61685983572517
CLUSTER_160,E,173.8633288720333
CLUSTER_160,F,103.25833534275034
CLUSTER_160,G,222.55980571358435
CLUSTER_160,H,32.311401976967815
CLUSTER_160,I,213.8206904652328
CLUSTER_160,J,204.28605152727476
CLUSTER_160,K,197.44667420491032
CLUSTER_160,L,89.99222439766497
CLUSTER_160,M,68.91800873274941
CLUSTER_160,N,41.907942426379876
CLUSTER_160,O,90.90556473158723
CLUSTER_160,P,100.76651036976673
CLUSTER_160,Q,82.64225968071374
CLUSTER_160,R,171.039944276227
CLUSTER_160,S,166.28315071339298
CLUSTER_160,T,143.3481987490498
CLUSTER_161,A,49.97448363015407
CLUSTER_161,B,126.36100673602857
CLUSTER_161,C,150.6466132261775
CLUSTER_161,D,130.0246472053043
CLUSTER_161,E,184.27647566657166
CLUSTER_161,F,148.31986218209536
CLUSTER_161,G,235.54272160121937
CLUSTER_161,H,22.24729222000041
CLUSTER_161,I,243.059576021032
CLUSTER_161,J,183.00453148854479
CLUSTER_161,K,191.67471793619632
CLUSTER_161,L,135.13638767329255
CLUSTER_161,M,107.99297767247756
CLUSTER_161,N,77.53848703330446
CLUSTER_161,O,99.66095576295103
CLUSTER_161,P,80.68174271421898
CLUSTER_161,Q,75.00908375594578
CLUSTER_161,R,205.29393183376473
CLUSTER_161,S,190.20162140222064
CLUSTER_161,T,123.23083020463092
CLUSTER_162,A,128.0456718224725
CLUSTER_162,B,28.868066030065204
CLUSTER_162,C,85.22861573702794
CLUSTER_162,D,40.14273362853346
CLUSTER_162,E,80.59017478322741
CLUSTER_162,F,153.0422760871656
CLUSTER_162,G,130.75457777030368
CLUSTER_162,H,85.5872053784545
CLUSTER_162,I,144.520414772981
CLUSTER_162,J,138.84054487155564
CLUSTER_162,K,110.21979931378777
CLUSTER_162,L,111.55122801277622
CLUSTER_162,M,147.13475923128678
CLUSTER_162,N,62.23783572947976
CLUSTER_162,O,184.64292896099857
CLUSTER_162,P,184.7227020501571
CLUSTER_162,Q,43.674607038393596
CLUSTER_162,R,118.22759312674886
CLUSTER_162,S,87.87333849204246
CLUSTER_162,T,87.83878028197492
CLUSTER_163,A,77.42091372743575
CLUSTER_163,B,212.9585945559081
CLUSTER_163,C,202.71496914785635
CLUSTER_163,D,238.60656278444534
CLUSTER_163,E,284.1563666287424
CLUSTER_163,F,132.1911433301996
CLUSTER_163,G,331.8852453515637
CLUSTER_163,H,128.29435514005053
CLUSTER_163,I,311.0637924376887
CLUSTER_163,J,302.81388577339993
CLUSTER_163,K,306.0125941820656
CLUSTER_163,L,157.92918549311082
CLUSTER_163,M,83.84145118968283
CLUSTER_163,N,147.32321738067293
CLUSTER_163,O,20.454346041988394
CLUSTER_163,P,70.21452371828819
CLUSTER_163,Q,188.48630982611306
CLUSTER_163,R,262.7719891288389
CLUSTER_163,S,270.71790381595025
CLUSTER_163,T,242.73329975994457
CLUSTER_164,A,64.1273386317853
CLUSTER_164,B,203.08079210726436
CLUSTER_164,C,205.70493545052545
CLUSTER_164,D,218.66597703469748
CLUSTER_164,E,269.516914490847
CLUSTER_164,F,154.09554574974774
CLUSTER_164,G,319.5128986673846
CLUSTER_164,H,105.36260871807902
CLUSTER_164,I,310.99435591790103
CLUSTER_164,J,271.20074699550867
CLUSTER_164,K,282.3550995894981
CLUSTER_164,L,168.5176604362891
CLUSTER_164,M,101.86248954731151
CLUSTER_164,N,139.9760721874692
CLUSTER_164,O,34.072475641385836
CLUSTER_164,P,26.399788511378777
CLUSTER_164,Q,164.93534601166954
CLUSTER_164,R,265.80225665002695
CLUSTER_164,S,264.82460878097044
CLUSTER_164,T,212.87698284787854
CLUSTER_165,A,196.1197514926019
CLUSTER_165,B,56.818643460415885
CLUSTER_165,C,95.20894999516179
CLUSTER_165,D,65.29424062872015
CLUSTER_165,E,27.54620888042217
CLUSTER_165,F,190.69919619452926
CLUSTER_165,G,62.418327898645416
CLUSTER_165,H,157.53857122547547
CLUSTER_165,I,85.02121797613961
CLUSTER_165,J,152.73205619177205
CLUSTER_165,K,93.80926199898762
CLUSTER_165,L,143.69265745685013
CLUSTER_165,M,201.64000125514897
CLUSTER_165,N,122.47688191065423
CLUSTER_165,O,250.95652228642106
CLUSTER_165,P,256.38412644012396
CLUSTER_165,Q,111.40209523328168
CLUSTER_165,R,83.95267475641009
CLUSTER_165,S,30.744869215723142
CLUSTER_165,T,126.65649671505075
CLUSTER_166,A,174.63901714092066
CLUSTER_166,B,133.5340208232184
CLUSTER_166,C,191.7961192682353
CLUSTER_166,D,83.45531875805997
CLUSTER_166,E,132.6770394624972
CLUSTER_166,F,245.0169039127061
CLUSTER_166,G,177.07454461755998
CLUSTER_166,H,123.63230734544865
CLUSTER_166,I,231.9424156636723
CLUSTER_166,J,57.08511420963487
CLUSTER_166,K,94.28022987601621
CLUSTER_166,L,210.9603246163029
CLUSTER_166,M,221.46518680517286
CLUSTER_166,N,148.03376870677215
CLUSTER_166,O,226.84587720703223
CLUSTER_166,P,197.2556810976045
CLUSTER_166,Q,76.7350232328847
CLUSTER_166,R,218.94300940770322
CLUSTER_166,S,175.09047114400806
CLUSTER_166,T,20.511989606752547
CLUSTER_167,A,107.34687605100356
CLUSTER_167,B,79.11815096234001
CLUSTER_167,C,40.98202256184605
CLUSTER_167,D,132.17210139397272
CLUSTER_167,E,150.4219674319938
CLUSTER_167,F,63.696338269906065
CLUSTER_167,G,187.79358206645455
CLUSTER_167,H,105.13488600416208
CLUSTER_167,I,149.58601465208682
CLUSTER_167,J,231.66799738302765
CLUSTER_167,K,199.47584614843575
CLUSTER_167,L,18.403679314533097
CLUSTER_167,M,81.74949422204267
CLUSTER_167,N,51.09214172405282
CLUSTER_167,O,147.53120800288528
CLUSTER_167,P,177.35471162686724
CLUSTER_167,Q,117.70273340936488
CLUSTER_167,R,100.46389177887853
CLUSTER_167,S,117.35165107695788
CLUSTER_167,T,177.08108615027717
CLUSTER_168,A,83.4492607063531
CLUSTER_168,B,155.83950740185514
CLUSTER_168,C,123.95777068165383
CLUSTER_168,D,199.7180551487641
CLUSTER_168,E,229.88871434338148
CLUSTER_168,F,37.745429412068674
CLUSTER_168,G,270.60888733748914
CLUSTER_168,H,120.40582285880787
CLUSTER_168,I,230.9910920588161
CLUSTER_168,J,288.142776928032
CLUSTER_168,K,270.0567487413319
CLUSTER_168,L,72.58110593694882
CLUSTER_168,M,21.13757104789127
CLUSTER_168,N,98.34603425502685
CLUSTER_168,O,87.48642799975494
CLUSTER_168,P,138.31625839179827
CLUSTER_168,Q,165.3653150206235
CLUSTER_168,R,180.3558338859911
CLUSTER_168,S,201.18123484746218
CLUSTER_168,T,228.1003348540699
CLUSTER_169,A,73.4960520857717
CLUSTER_169,B,82.81558905296245
CLUSTER_169,C,115.06493720658457
CLUSTER_169,D,89.10262803204618
CLUSTER_169,E,140.97744730297012
CLUSTER_169,F,139.1463498024393
CLUSTER_169,G,191.94177382937497
CLUSTER_169,H,24.429646624746695
CLUSTER_169,I,200.46251139181032
CLUSTER_169,J,159.21990495565564
CLUSTER_169,K,155.22938481811073
CLUSTER_169,L,112.79375873863434
CLUSTER_169,M,112.77281035896804
CLUSTER_169,N,47.31723821436299
CLUSTER_169,O,130.40881643294725
CLUSTER_169,P,123.41195902362595
CLUSTER_169,Q,38.11919521503263
CLUSTER_169,R,165.42103447021964
CLUSTER_169,S,146.53878371919336
CLUSTER_169,T,98.32873570813695
CLUSTER_17,A,159.63726639871703
CLUSTER_17,B,91.69781694174043
CLUSTER_17,C,31.31493178028319
CLUSTER_17,D,148.65204143322663
CLUSTER_17,E,145.98581884693775
CLUSTER_17,F,91.10731008650423
CLUSTER_17,G,170.46201522177685
CLUSTER_17,H,153.73198138241267
CLUSTER_17,I,110.32142675782251
CLUSTER_17,J,251.74938489388074
CLUSTER_17,K,206.68128434619308
CLUSTER_17,L,52.79432963008862
CLUSTER_17,M,127.41571275794843
CLUSTER_17,N,97.65407183587314
CLUSTER_17,O,197.39544672064306
CLUSTER_17,P,229.62968321771012
CLUSTER_17,Q,152.44682559725055
CLUSTER_17,R,59.3317744262493
CLUSTER_17,S,97.43584276308185
CLUSTER_17,T,204.351984907878
CLUSTER_170,A,68.41681826789632
CLUSTER_170,B,204.90498809908553
CLUSTER_170,C,211.23196899592543
CLUSTER_170,D,217.03816312989474
CLUSTER_170,E,269.38885894331673
CLUSTER_170,F,164.44253673894224
CLUSTER_170,G,319.91072264839613
CLUSTER_170,H,104.2041187464048
CLUSTER_170,I,315.1188872617959
CLUSTER_170,J,264.9182316469287
CLUSTER_170,K,279.0723715337428
CLUSTER_170,L,176.2965240933046
CLUSTER_170,M,112.14951408885209
CLUSTER_170,N,143.35433534076043
CLUSTER_170,O,46.925270623902406
CLUSTER_170,P,13.839648190387114
CLUSTER_170,Q,162.47210351521102
CLUSTER_170,R,270.97525117779054
CLUSTER_170,S,267.45465106324974
CLUSTER_170,T,207.55652860391106
CLUSTER_171,A,87.54857303196023
CLUSTER_171,B,60.992978899438256
CLUSTER_171,C,96.25182413355638
CLUSTER_171,D,74.16784213395373
CLUSTER_171,E,122.01654048392622
CLUSTER_171,F,134.06297962700972
CLUSTER_171,G,172.3199697541097
CLUSTER_171,H,44.42463589634206
CLUSTER_171,I,178.61897188661297
CLUSTER_171,J,156.347785026726
CLUSTER_171,K,143.2667404193714
CLUSTER_171,L,101.56965966906216
CLUSTER_171,M,115.95353634724079
CLUSTER_171,N,37.040913888558705
CLUSTER_171,O,144.60472243878496
CLUSTER_171,P,143.32692515128605
CLUSTER_171,Q,34.381149609376926
CLUSTER_171,R,144.29333320634785
CLUSTER_171,S,124.7734246446292
CLUSTER_171,T,97.1019423610111
CLUSTER_172,A,87.28422354521676
CLUSTER_172,B,216.56307749912315
CLUSTER_172,C,229.1548446135123
CLUSTER_172,D,221.96394100566
CLUSTER_172,E,276.83349523622763
CLUSTER_172,F,189.37717988823655
CLUSTER_172,G,328.0868733010754
CLUSTER_172,H,112.4958536413851
CLUSTER_172,I,330.16380751873703
CLUSTER_172,J,259.2939803936731
CLUSTER_172,K,280.0293042778236
CLUSTER_172,L,197.85658345442698
CLUSTER_172,M,137.24948401699916
CLUSTER_172,N,158.534779823175
CLUSTER_172,O,73.86693946534083
CLUSTER_172,P,17.718474213544805
CLUSTER_172,Q,166.49390666404702
CLUSTER_172,R,287.98942459617894
CLUSTER_172,S,280.07859615915464
CLUSTER_172,T,204.69115019340833
CLUSTER_173,A,66.93377979829805
CLUSTER_173,B,204.8341248148265
CLUSTER_173,C,198.21444582304957
CLUSTER_173,D,228.09327575522434
CLUSTER_173,E,275.0186071429664
CLUSTER_173,F,133.75687262459007
CLUSTER_173,G,323.4140587430994
CLUSTER_173,H,116.64410805028216
CLUSTER_173,I,305.9853653430238
CLUSTER_173,J,290.0367968452154
CLUSTER_173,K,294.79901676530807
CLUSTER_173,L,155.59579626973354
CLUSTER_173,M,83.20981779499473
CLUSTER_173,N,139.47231803280982
CLUSTER_173,O,11.015072656192917
CLUSTER_173,P,57.28419336504027
CLUSTER_173,Q,177.03743563142473
CLUSTER_173,R,258.5110074575824
CLUSTER_173,S,263.8652682408348
CLUSTER_173,T,230.19857550545726
CLUSTER_174,A,220.27858953055485
CLUSTER_174,B,151.9369183811728
CLUSTER_174,C,212.74768467616252
CLUSTER_174,D,94.96290139479292
CLUSTER_174,E,124.59075773642154
CLUSTER_174,F,279.7794804651074
CLUSTER_174,G,158.19109692340467
CLUSTER_174,H,168.4095177512352
CLUSTER_174,I,229.26095814347087
CLUSTER_174,J,8.95576574729111
CLUSTER_174,K,65.51916452884832
CLUSTER_174,L,241.1369877345697
CLUSTER_174,M,262.32338216700344
CLUSTER_174,N,183.06086520535203
CLUSTER_174,O,274.1304852798873
CLUSTER_174,P,246.64258763372257
CLUSTER_174,Q,113.9064266513606
CLUSTER_174,R,227.2844149544634
CLUSTER_174,S,176.88142633735924
CLUSTER_174,T,52.25197883630799
CLUSTER_175,A,162.22806208591183
CLUSTER_175,B,34.605815407247995
CLUSTER_175,C,43.72832302908406
CLUSTER_175,D,84.65018828692719
CLUSTER_175,E,77.45921163150477
CLUSTER_175,F,140.26677970758178
CLUSTER_175,G,109.90281767661016
CLUSTER_175,H,134.1646346776766
CLUSTER_175,I,86.81018665856807
CLUSTER_175,J,186.40570440117395
CLUSTER_175,K,137.588610804623
CLUSTER_175,L,93.18763587676075
CLUSTER_175,M,156.45954728625208
CLUSTER_175,N,86.39966799246143
CLUSTER_175,O,213.22682632704633
CLUSTER_175,P,228.32759731494747
CLUSTER_175,Q,106.63725505278182
CLUSTER_175,R,54.84724179912972
CLUSTER_175,S,40.338210076356155
CLUSTER_175,T,145.54235324124335
CLUSTER_176,A,114.8902959489522
CLUSTER_176,B,64.30046378590751
CLUSTER_176,C,115.55805041251467
CLUSTER_176,D,49.07406039292842
CLUSTER_176,E,104.90168417063202
CLUSTER_176,F,166.28521512755833
CLUSTER_176,G,156.5234714121051
CLUSTER_176,H,64.95366550630929
CLUSTER_176,I,179.76093530775248
CLUSTER_176,J,123.28527049074697
CLUSTER_176,K,113.78649063937222
CLUSTER_176,L,130.9358328553408
CLUSTER_176,M,148.79471045089358
CLUSTER_176,N,69.1080221907879
CLUSTER_176,O,171.85590930571553
CLUSTER_176,P,161.63492597969676
CLUSTER_176,Q,8.125968911826348
CLUSTER_176,R,153.64910418287081
CLUSTER_176,S,122.5085508759143
CLUSTER_176,T,64.62007494133714
CLUSTER_177,A,49.918316795187806
CLUSTER_177,B,185.51637379965368
CLUSTER_177,C,177.9432440647318
CLUSTER_177,D,210.9055282280016
CLUSTER_177,E,256.4223101746151
CLUSTER_177,F,116.05882762380772
CLUSTER_177,G,304.3362570818606
CLUSTER_177,H,101.39603754140411
CLUSTER_177,I,285.73807579982315
CLUSTER_177,J,277.1840290766124
CLUSTER_177,K,278.57620437690855
CLUSTER_177,L,135.70379647924932
CLUSTER_177,M,64.48788132151387
CLUSTER_177,N,119.96648451236123
CLUSTER_177,O,9.280377291456281
CLUSTER_177,P,62.72124502465822
CLUSTER_177,Q,161.28030497780404
CLUSTER_177,R,238.24307411166296
CLUSTER_177,S,243.97991376633107
CLUSTER_177,T,216.7242345866814
CLUSTER_178,A,214.31532075732284
CLUSTER_178,B,113.84718290899464
CLUSTER_178,C,173.2298311355489
CLUSTER_178,D,59.728648073179905
CLUSTER_178,E,71.2712546389611
CLUSTER_178,F,252.68429442132148
CLUSTER_178,G,104.47542963397274
CLUSTER_178,H,163.41768750259348
CLUSTER_178,I,175.928035673198
CLUSTER_178,J,59.22403739445731
CLUSTER_178,K,16.978942538023865
CLUSTER_178,L,209.69850290225406
CLUSTER_178,M,244.92549731926562
CLUSTER_178,N,160.66538582496162
CLUSTER_178,O,271.0822772469418
CLUSTER_178,P,254.97745312913028
CLUSTER_178,Q,103.03184582991351
CLUSTER_178,R,178.3834554359115
CLUSTER_178,S,125.87401344653436
CLUSTER_178,T,64.09596669018332
CLUSTER_179,A,63.59605159193063
CLUSTER_179,B,202.95532655578586
CLUSTER_179,C,199.5010660440857
CLUSTER_179,D,223.74712127948592
CLUSTER_179,E,272.0272751574355
CLUSTER_179,F,139.6190646458955
CLUSTER_179,G,321.0102331552171
CLUSTER_179,H,111.29912535040327
CLUSTER_179,I,306.58620204189197
CLUSTER_179,J,282.82379291484756
CLUSTER_179,K,289.58344982252885
CLUSTER_179,L,158.71244168122686
CLUSTER_179,M,88.12940467792113
CLUSTER_179,N,138.10860254108164
CLUSTER_179,O,15.5585677577792
CLUSTER_179,P,46.76830396951898
CLUSTER_179,Q,171.7203614143609
CLUSTER_179,R,259.84547129905366
CLUSTER_179,S,263.02078981128955
CLUSTER_179,T,223.38234094333433
CLUSTER_18,A,121.21918118880147
CLUSTER_18,B,121.67976172345654
CLUSTER_18,C,71.92853379086183
CLUSTER_18,D,175.53338265962327
CLUSTER_18,E,190.69519925888733
CLUSTER_18,F,29.100228882830038
CLUSTER_18,G,224.01366300164403
CLUSTER_18,H,135.3967226833583
CLUSTER_18,I,172.11604814032145
CLUSTER_18,J,274.7804152677799
CLUSTER_18,K,242.39043985845512
CLUSTER_18,L,24.98295886971467
CLUSTER_18,M,72.82571580750293
CLUSTER_18,N,88.29088064102957
CLUSTER_18,O,145.88733424120295
CLUSTER_18,P,187.97157316782432
CLUSTER_18,Q,158.56436759792643
CLUSTER_18,R,121.03712769507453
CLUSTER_18,S,151.32430363152667
CLUSTER_18,T,219.3237362324138
CLUSTER_180,A,169.10256287543214
CLUSTER_180,B,29.720652350259357
CLUSTER_180,C,67.53885156549876
CLUSTER_180,D,63.61102184506999
CLUSTER_180,E,53.68151260962062
CLUSTER_180,F,161.02032187169107
CLUSTER_180,G,92.08341864620883
CLUSTER_180,H,134.19294259119414
CLUSTER_180,I,91.77162262022603
CLUSTER_180,J,163.20303738217393
CLUSTER_180,K,112.68830548688106
CLUSTER_180,L,114.14153404009784
CLUSTER_180,M,171.74544075904706
CLUSTER_180,N,94.18216648089836
CLUSTER_180,O,222.90325273090892
CLUSTER_180,P,231.80557746161253
CLUSTER_180,Q,96.08972431998792
CLUSTER_180,R,72.65302513256387
CLUSTER_180,S,35.02857910352555
CLUSTER_180,T,126.17955542284858
CLUSTER_181,A,22.478007255401888
CLUSTER_181,B,141.29599461193595
CLUSTER_181,C,153.47593411897478
CLUSTER_181,D,154.66699430198403
CLUSTER_181,E,205.72072833004543
CLUSTER_181,F,130.91052227684062
CLUSTER_181,G,256.06385299707256
CLUSTER_181,H,41.39822679963975
CLUSTER_181,I,253.66698166640256
CLUSTER_181,J,213.8355804323317
CLUSTER_181,K,219.34982812387136
CLUSTER_181,L,127.45259905673963
CLUSTER_181,M,84.7016190702389
CLUSTER_181,N,82.03795772837412
CLUSTER_181,O,68.7433212828913
CLUSTER_181,P,61.00658268914106
CLUSTER_181,Q,101.5352262994436
CLUSTER_181,R,211.7144232988261
CLUSTER_181,S,204.30964997533306
CLUSTER_181,T,153.70306911021686
CLUSTER_182,A,151.755184026891
CLUSTER_182,B,63.2874947460737
CLUSTER_182,C,123.52675361590798
CLUSTER_182,D,15.160199505972642
CLUSTER_182,E,73.67874507267523
CLUSTER_182,F,191.92926311704377
CLUSTER_182,G,124.62032731022673
CLUSTER_182,H,102.24093697766685
CLUSTER_182,I,163.10351601327528
CLUSTER_182,J,98.76903192224357
CLUSTER_182,K,77.12888680157961
CLUSTER_182,L,151.47508722124434
CLUSTER_182,M,181.20223857719463
CLUSTER_182,N,97.48979327176752
CLUSTER_182,O,208.848589504695
CLUSTER_182,P,198.2456431247845
CLUSTER_182,Q,42.675986802858105
CLUSTER_182,R,147.2590698226748
CLUSTER_182,S,105.34472874312415
CLUSTER_182,T,51.49696271675667
CLUSTER_183,A,69.69165823661866
CLUSTER_183,B,109.05790697779615
CLUSTER_183,C,141.7644397911901
CLUSTER_183,D,106.57477606975185
CLUSTER_183,E,162.09232811205632
CLUSTER_183,F,155.62234488836307
CLUSTER_183,G,213.61454202417448
CLUSTER_183,H,21.051239932569604
CLUSTER_183,I,227.10275251612893
CLUSTER_183,J,159.86893509944125
CLUSTER_183,K,167.19442386941043
CLUSTER_183,L,135.00400797711478
CLUSTER_183,M,121.44020464089495
CLUSTER_183,N,71.46145311229664
CLUSTER_183,O,122.86080709797429
CLUSTER_183,P,104.53330523523259
CLUSTER_183,Q,51.14913638023688
CLUSTER_183,R,192.65747466790268
CLUSTER_183,S,172.39582988733588
CLUSTER_183,T,99.53346880444415
CLUSTER_184,A,176.7618099472104
CLUSTER_184,B,45.515127817037694
CLUSTER_184,C,53.89618853112566
CLUSTER_184,D,88.70020266889446
CLUSTER_184,E,71.14488117542673
CLUSTER_184,F,152.0925145249776
CLUSTER_184,G,98.19489326627723
CLUSTER_184,H,147.8261720101672
CLUSTER_184,I,73.25103482398258
CLUSTER_184,J,187.9549689900455
CLUSTER_184,K,134.95383081220507
CLUSTER_184,L,105.18122102464913
CLUSTER_184,M,170.36837638925658
CLUSTER_184,N,100.91067106444682
CLUSTER_184,O,227.7715825873019
CLUSTER_184,P,242.6377018642704
CLUSTER_184,Q,116.99061518358913
CLUSTER_184,R,47.574929176551436
CLUSTER_184,S,26.471021254068418
CLUSTER_184,T,151.07853169381656
CLUSTER_185,A,113.14899206993279
CLUSTER_185,B,167.93699205543615
CLUSTER_185,C,126.20871080942709
CLUSTER_185,D,216.57619680163234
CLUSTER_185,E,240.5165529291734
CLUSTER_185,F,27.63698132605148
CLUSTER_185,G,277.4061013176406
CLUSTER_185,H,147.29662077083955
CLUSTER_185,I,228.2805270537031
CLUSTER_185,J,309.5002146170379
CLUSTER_185,K,286.14393833424174
CLUSTER_185,L,74.3952940582165
CLUSTER_185,M,50.82531401196737
CLUSTER_185,N,117.58222307690633
CLUSTER_185,O,114.13867964615359
CLUSTER_185,P,167.32650201213605
CLUSTER_185,Q,187.5863907903207
CLUSTER_185,R,177.20634581830626
CLUSTER_185,S,205.61595611299586
CLUSTER_185,T,250.4659956569669
CLUSTER_186,A,150.75992066324042
CLUSTER_186,B,19.133994274630567
CLUSTER_186,C,48.198278816084816
CLUSTER_186,D,72.22509790793615
CLUSTER_186,E,75.1547469148147
CLUSTER_186,F,139.0578316487487
CLUSTER_186,G,113.86380139487778
CLUSTER_186,H,120.06918051800811
CLUSTER_186,I,101.08565851903029
CLUSTER_186,J,175.01224192661107
CLUSTER_186,K,130.14557865361274
CLUSTER_186,L,92.31244288722954
CLUSTER_186,M,150.0535449061569
CLUSTER_186,N,75.00739996465056
CLUSTER_186,O,203.26873449008858
CLUSTER_186,P,215.56664091234114
CLUSTER_186,Q,91.1112011855307
CLUSTER_186,R,70.26355117949795
CLUSTER_186,S,50.09232510849957
CLUSTER_186,T,131.66922620394905
CLUSTER_187,A,172.74836334951866
CLUSTER_187,B,101.11542276289089
CLUSTER_187,C,161.43780068967513
CLUSTER_187,D,46.49137780278135
CLUSTER_187,E,93.70233725748227
CLUSTER_187,F,226.28917119179394
CLUSTER_187,G,139.34095739763575
CLUSTER_187,H,120.851581084431
CLUSTER_187,I,193.26691044256688
CLUSTER_187,J,62.42442744244354
CLUSTER_187,K,64.69621323907513
CLUSTER_187,L,187.69491165721445
CLUSTER_187,M,210.49470903411608
CLUSTER_187,N,129.79967359840617
CLUSTER_187,O,228.50520390040236
CLUSTER_187,P,208.50346875591214
CLUSTER_187,Q,62.52369650176866
CLUSTER_187,R,182.7332415246667
CLUSTER_187,S,136.8848174516733
CLUSTER_187,T,19.5734534315967
CLUSTER_188,A,73.92695410938833
CLUSTER_188,B,66.18694603310715
CLUSTER_188,C,85.80368399420658
CLUSTER_188,D,92.71657916629817
CLUSTER_188,E,135.05496070633936
CLUSTER_188,F,112.21067747700683
CLUSTER_188,G,183.5588708453982
CLUSTER_188,H,43.48571715879579
CLUSTER_188,I,178.91900508470854
CLUSTER_188,J,178.4513998199537
CLUSTER_188,K,162.83613459131803
CLUSTER_188,L,82.10918723815001
CLUSTER_188,M,94.6257811513125
CLUSTER_188,N,16.352591820309843
CLUSTER_188,O,129.65564721019138
CLUSTER_188,P,136.5299980890286
CLUSTER_188,Q,56.41350637479783
CLUSTER_188,R,139.70000414056523
CLUSTER_188,S,128.78259407142764
CLUSTER_188,T,119.22898581488327
CLUSTER_189,A,215.10741285546692
CLUSTER_189,B,106.68089204422604
CLUSTER_189,C,72.2268102106373
CLUSTER_189,D,153.6901038980617
CLUSTER_189,E,126.07223489712233
CLUSTER_189,F,154.5692930817539
CLUSTER_189,G,131.0618302745921
CLUSTER_189,H,198.21995767500994
CLUSTER_189,I,50.70187628297917
CLUSTER_189,J,251.19793207515391
CLUSTER_189,K,193.46956528289044
CLUSTER_189,L,115.43713401211478
CLUSTER_189,M,190.03591464270298
CLUSTER_189,N,144.0600042069503
CLUSTER_189,O,257.9633266207436
CLUSTER_189,P,284.6288998902052
CLUSTER_189,Q,178.44262012398207
CLUSTER_189,R,17.53215209134821
CLUSTER_189,S,69.46611368422998
CLUSTER_189,T,216.12508688311647
CLUSTER_19,A,82.14509851128027
CLUSTER_19,B,99.81422312331114
CLUSTER_19,C,71.34916387628614
CLUSTER_19,D,146.87828346373865
CLUSTER_19,E,173.62785125793317
CLUSTER_19,F,47.75944440501087
CLUSTER_19,G,214.2736589957341
CLUSTER_19,H,92.46304130180073
CLUSTER_19,I,180.0008660792918
CLUSTER_19,J,241.0452553592436
CLUSTER_19,K,216.56103972292033
CLUSTER_19,L,28.927480654283826
CLUSTER_19,M,51.56746704144584
CLUSTER_19,N,49.472947235220275
CLUSTER_19,O,117.74160592880132
CLUSTER_19,P,151.37496618853535
CLUSTER_19,Q,120.7616637125977
CLUSTER_19,R,130.87369496138297
CLUSTER_19,S,145.6890486067559
CLUSTER_19,T,183.12802668096168
CLUSTER_190,A,86.876867724031
CLUSTER_190,B,86.43589797622286
CLUSTER_190,C,126.17743649504516
CLUSTER_190,D,81.23285687518184
CLUSTER_190,E,136.56172969429824
CLUSTER_190,F,156.189099546969
CLUSTER_190,G,188.10457801433165
CLUSTER_190,H,35.033742461504346
CLUSTER_190,I,204.5753843490156
CLUSTER_190,J,143.25242415466482
CLUSTER_190,K,143.78367516085487
CLUSTER_190,L,128.42908652863042
CLUSTER_190,M,129.650175562604
CLUSTER_190,N,62.67249094637193
CLUSTER_190,O,142.86091907247743
CLUSTER_190,P,129.51965969632684
CLUSTER_190,Q,26.219875636946682
CLUSTER_190,R,172.9176215525627
CLUSTER_190,S,148.83423317190037
CLUSTER_190,T,82.23100121128202
CLUSTER_191,A,252.83005911793379
CLUSTER_191,B,183.09644221598694
CLUSTER_191,C,243.86963336512136
CLUSTER_191,D,125.94715125056491
CLUSTER_191,E,147.2324862603237
CLUSTER_191,F,313.13024966434597
CLUSTER_191,G,173.04015597814845
CLUSTER_191,H,201.14530975328336
CLUSTER_191,I,251.44217662968748
CLUSTER_191,J,24.585781112389284
CLUSTER_191,K,81.42750728053835
CLUSTER_191,L,273.9899858227629
CLUSTER_191,M,295.79313929584464
CLUSTER_191,N,216.5336695901584
CLUSTER_191,O,305.96168599514493
CLUSTER_191,P,275.94225916049464
CLUSTER_191,Q,147.413548426292
CLUSTER_191,R,254.2841053148528
CLUSTER_191,S,202.13735709012397
CLUSTER_191,T,85.33042640352116
CLUSTER_192,A,306.4425495261094
CLUSTER_192,B,168.06498413115264
CLUSTER_192,C,197.6351858122432
CLUSTER_192,D,155.48051650148372
CLUSTER_192,E,99.20157345341977
CLUSTER_192,F,296.20109063589234
CLUSTER_192,G,49.05628124681343
CLUSTER_192,H,264.49040269835547
CLUSTER_192,I,117.65842047662055
CLUSTER_192,J,188.04735294554683
CLUSTER_192,K,122.18015048827623
CLUSTER_192,L,249.391950165861
CLUSTER_192,M,312.194000261557
CLUSTER_192,N,233.7244216557841
CLUSTER_192,O,361.9304206936355
CLUSTER_192,P,363.5729761403449
CLUSTER_192,Q,210.6199037690345
CLUSTER_192,R,158.22129525071193
CLUSTER_192,S,118.1230338436567
CLUSTER_192,T,197.80207578713342
CLUSTER_193,A,225.30761926176353
CLUSTER_193,B,116.47956167323947
CLUSTER_193,C,82.46951424229444
CLUSTER_193,D,162.2786720769849
CLUSTER_193,E,132.02670656198993
CLUSTER_193,F,162.50608509741883
CLUSTER_193,G,133.23298718975627
CLUSTER_193,H,208.6609476476368
CLUSTER_193,I,47.91087021013092
CLUSTER_193,J,258.61956471183174
CLUSTER_193,K,199.61764860751342
CLUSTER_193,L,124.54558118559902
CLUSTER_193,M,199.2421826632789
CLUSTER_193,N,154.47907580530247
CLUSTER_193,O,267.6820050838408
CLUSTER_193,P,294.8951454054858
CLUSTER_193,Q,188.37495622732933
CLUSTER_193,R,27.085088863047563
CLUSTER_193,S,75.76740431579825
CLUSTER_193,T,224.9326846775466
CLUSTER_194,A,27.248081530647028
CLUSTER_194,B,148.2492313057785
CLUSTER_194,C,139.84700508744442
CLUSTER_194,D,177.68495711184704
CLUSTER_194,E,220.2798418467881
CLUSTER_194,F,88.75740498807335
CLUSTER_194,G,267.2887202489348
CLUSTER_194,H,75.41852267845007
CLUSTER_194,I,247.3844288604628
CLUSTER_194,J,252.1321458089037
CLUSTER_194,K,246.85317709503158
CLUSTER_194,L,99.8570826403312
CLUSTER_194,M,37.74017682112001
CLUSTER_194,N,82.5866176040469
CLUSTER_194,O,47.60634042682027
CLUSTER_194,P,83.3902914793473
CLUSTER_194,Q,131.7447636326713
CLUSTER_194,R,200.18857766828717
CLUSTER_194,S,205.78086940075661
CLUSTER_194,T,191.10992112928392
CLUSTER_195,A,182.73538988054818
CLUSTER_195,B,74.33842215214246
CLUSTER_195,C,40.7045320049086
CLUSTER_195,D,125.42247671293958
CLUSTER_195,E,108.43053913262682
CLUSTER_195,F,133.47341493477452
CLUSTER_195,G,126.68902866820886
CLUSTER_195,H,164.02298566156546
CLUSTER_195,I,68.68846087721877
CLUSTER_195,J,226.20210203095607
CLUSTER_195,K,173.4761356355295
CLUSTER_195,L,89.79163869842816
CLUSTER_195,M,162.72017291524435
CLUSTER_195,N,110.31890175148087
CLUSTER_195,O,227.9178356268518
CLUSTER_195,P,251.7983966788832
CLUSTER_195,Q,145.2984860601229
CLUSTER_195,R,19.82530730328313
CLUSTER_195,S,54.90495076916534
CLUSTER_195,T,186.58935391174393
CLUSTER_196,A,272.85264198131944
CLUSTER_196,B,149.9757779596227
CLUSTER_196,C,130.86172154638763
CLUSTER_196,D,183.65946577457444
CLUSTER_196,E,138.58165130024446
CLUSTER_196,F,215.37386212419997
CLUSTER_196,G,119.28452702558515
CLUSTER_196,H,250.56299349290964
CLUSTER_196,I,34.45581482647912
CLUSTER_196,J,268.68062306517504
CLUSTER_196,K,203.3048311555307
CLUSTER_196,L,176.50783979918532
CLUSTER_196,M,250.98369799655063
CLUSTER_196,N,199.21233138465348
CLUSTER_196,O,317.9424594175139
CLUSTER_196,P,341.5196602452256
CLUSTER_196,Q,220.7713579085542
CLUSTER_196,R,70.53121222354338
CLUSTER_196,S,92.00762021783119
CLUSTER_196,T,245.95949034319196
CLUSTER_197,A,100.3034470354752
CLUSTER_197,B,100.84114352671988
CLUSTER_197,C,61.452374652665135
CLUSTER_197,D,152.15557288927522
CLUSTER_197,E,172.86119168226745
CLUSTER_197,F,41.53782345997831
CLUSTER_197,G,210.31581306349028
CLUSTER_197,H,109.188233524335
CLUSTER_197,I,168.86679357516726
CLUSTER_197,J,249.65983194344366
CLUSTER_197,K,220.49538514331002
CLUSTER_197,L,11.600702600503766
CLUSTER_197,M,63.37109531078415
CLUSTER_197,N,61.36673539553186
CLUSTER_197,O,133.27882547342725
CLUSTER_197,P,169.23867775472814
CLUSTER_197,Q,132.00956508960556
CLUSTER_197,R,118.6294167098621
CLUSTER_197,S,139.48574783429183
CLUSTER_197,T,193.30170298503236
CLUSTER_198,A,242.55125432401718
CLUSTER_198,B,116.99374532290526
CLUSTER_198,C,167.19632217519018
CLUSTER_198,D,81.8799342735767
CLUSTER_198,E,46.35808984677923
CLUSTER_198,F,258.83907692913334
CLUSTER_198,G,54.47469992633958
CLUSTER_198,H,195.18458309749732
CLUSTER_198,I,138.25608188330918
CLUSTER_198,J,107.77206158580995
CLUSTER_198,K,39.42233263455471
CLUSTER_198,L,212.6182685771916
CLUSTER_198,M,261.7342548161516
CLUSTER_198,N,177.4592131557883
CLUSTER_198,O,299.6296482227946
CLUSTER_198,P,292.1537336525189
CLUSTER_198,Q,136.57532824431027
CLUSTER_198,R,154.11898986930552
CLUSTER_198,S,100.02674083705267
CLUSTER_198,T,114.22650207979281
CLUSTER_199,A,61.3292109221677
CLUSTER_199,B,125.53589163128895
CLUSTER_199,C,102.8567655805041
CLUSTER_199,D,166.700865581903
CLUSTER_199,E,199.7484365212211
CLUSTER_199,F,48.913955425844804
CLUSTER_199,G,242.70203778622562
CLUSTER_199,H,88.98715153373917
CLUSTER_199,I,211.5161883909649
CLUSTER_199,J,254.29850848932423
CLUSTER_199,K,237.12953999239645
CLUSTER_199,L,57.502814174190284
CLUSTER_199,M,21.121693442669756
CLUSTER_199,N,65.1020547617721
CLUSTER_199,O,87.38295766819144
CLUSTER_199,P,126.6142611183966
CLUSTER_199,Q,131.54482916877294
CLUSTER_199,R,162.38597536768185
CLUSTER_199,S,175.79840683262955
CLUSTER_199,T,194.32383164316866
CLUSTER_2,A,203.49613502988961
CLUSTER_2,B,66.96587344411579
CLUSTER_2,C,80.46226310380723
CLUSTER_2,D,95.30860002623044
CLUSTER_2,E,58.97093725206919
CLUSTER_2,F,179.07910707019104
CLUSTER_2,G,73.11607943199868
CLUSTER_2,H,171.62013675863886
CLUSTER_2,I,54.47745367199718
CLUSTER_2,J,186.35173825671558
CLUSTER_2,K,126.49852322782029
CLUSTER_2,L,132.45826517921674
CLUSTER_2,M,198.55182727405108
CLUSTER_2,N,127.66126791105485
CLUSTER_2,O,255.36348923460613
CLUSTER_2,P,268.1707081645946
CLUSTER_2,Q,134.06217462059834
CLUSTER_2,R,52.388490754225785
CLUSTER_2,S,3.480495466149462
CLUSTER_2,T,157.97402191663556
CLUSTER_20,A,197.99456847719193
CLUSTER_20,B,58.31459847591981
CLUSTER_20,C,88.77224561103749
CLUSTER_20,D,75.4515626318908
CLUSTER_20,E,38.20635512290734
CLUSTER_20,F,185.9104499756898
CLUSTER_20,G,64.50391044507528
CLUSTER_20,H,161.73974805985193
CLUSTER_20,I,74.01910956669418
CLUSTER_20,J,164.54870119315382
CLUSTER_20,K,105.25847088554161
CLUSTER_20,L,138.826796381702
CLUSTER_20,M,199.814952250045
CLUSTER_20,N,123.18176465222417
CLUSTER_20,O,251.90236731543726
CLUSTER_20,P,259.99727870896226
CLUSTER_20,Q,118.7000697437239
CLUSTER_20,R,72.61423850628067
CLUSTER_20,S,18.95017176682246
CLUSTER_20,T,137.5035565529015
CLUSTER_200,A,57.92019798819157
CLUSTER_200,B,187.33887025416013
CLUSTER_200,C,174.76635962662007
CLUSTER_200,D,216.4206587375844
CLUSTER_200,E,259.57343457144714
CLUSTER_200,F,105.80087513847045
CLUSTER_200,G,306.39917231965046
CLUSTER_200,H,109.93186902054678
CLUSTER_200,I,283.23111145659607
CLUSTER_200,J,286.8014075741961
CLUSTER_200,K,285.0889559256691
CLUSTER_200,L,129.81770395655204
CLUSTER_200,M,56.034711259014806
CLUSTER_200,N,121.72590154084901
CLUSTER_200,O,19.920834355447536
CLUSTER_200,P,77.63270840681899
CLUSTER_200,Q,168.73846674251428
CLUSTER_200,R,234.73949076254618
CLUSTER_200,S,243.83991404679264
CLUSTER_200,T,226.017064794839
CLUSTER_201,A,192.57832862969065
CLUSTER_201,B,99.08005955883245
CLUSTER_201,C,159.64686887885986
CLUSTER_201,D,42.3635885683354
CLUSTER_201,E,71.93037662045407
CLUSTER_201,F,234.54450275812474
CLUSTER_201,G,113.65231943902145
CLUSTER_201,H,141.5464585735864
CLUSTER_201,I,175.41346997886654
CLUSTER_201,J,62.97713278172883
CLUSTER_201,K,37.905326857345955
CLUSTER_201,L,192.7766517628436
CLUSTER_201,M,224.56446828425783
CLUSTER_201,N,140.88593185981833
CLUSTER_201,O,249.26573800526793
CLUSTER_201,P,233.2155194051213
CLUSTER_201,Q,81.20942430589926
CLUSTER_201,R,171.57076713051515
CLUSTER_201,S,121.59792966674169
CLUSTER_201,T,46.50859598098021
CLUSTER_202,A,220.7290147899322
CLUSTER_202,B,97.64629547426253
CLUSTER_202,C,80.76585812882409
CLUSTER_202,D,136.99452632968016
CLUSTER_202,E,101.99624131061265
CLUSTER_202,F,173.01850515201562
CLUSTER_202,G,102.94969077986667
CLUSTER_202,H,197.3398485332133
CLUSTER_202,I,28.229475150984804
CLUSTER_202,J,230.144643755122
CLUSTER_202,K,169.59229369320934
CLUSTER_202,L,130.18833231278805
CLUSTER_202,M,203.1902927768908
CLUSTER_202,N,146.38365312344382
CLUSTER_202,O,267.6024080410357
CLUSTER_202,P,288.8951118181989
CLUSTER_202,Q,169.2495225382868
CLUSTER_202,R,23.2292444871752
CLUSTER_202,S,46.77717248448334
CLUSTER_202,T,199.94477907879474
CLUSTER_203,A,245.85700639267785
CLUSTER_203,B,107.98448130643324
CLUSTER_203,C,143.68874078092634
CLUSTER_203,D,97.72956170782435
CLUSTER_203,E,39.53571300913105
CLUSTER_203,F,241.08420619117425
CLUSTER_203,G,12.092988641439444
CLUSTER_203,H,204.20470955341162
CLUSTER_203,I,92.09686194739115
CLUSTER_203,J,153.3639586931812
CLUSTER_203,K,85.07550305052588
CLUSTER_203,L,193.99967055005746
CLUSTER_203,M,253.3999809811541
CLUSTER_203,N,173.53238857970777
CLUSTER_203,O,301.46334329159805
CLUSTER_203,P,303.35603312444357
CLUSTER_203,Q,151.8010127500827
CLUSTER_203,R,116.26713345021597
CLUSTER_203,S,66.1299920201864
CLUSTER_203,T,147.84091979954255
CLUSTER_204,A,221.91437077119392
CLUSTER_204,B,114.90788598369959
CLUSTER_204,C,172.9620268620417
CLUSTER_204,D,63.8484940470497
CLUSTER_204,E,64.73530635503914
CLUSTER_204,F,255.59100166249493
CLUSTER_204,G,93.91728288093704
CLUSTER_204,H,171.5774009199465
CLUSTER_204,I,168.58843625337167
CLUSTER_204,J,68.174095461791
CLUSTER_204,K,6.753338015905588
CLUSTER_204,L,211.6905052332824
CLUSTER_204,M,250.15100944384793
CLUSTER_204,N,165.45186174114684
CLUSTER_204,O,278.89486637083104
CLUSTER_204,P,264.5242136827236
CLUSTER_204,Q,111.15297307648679
CLUSTER_204,R,174.07752676114217
CLUSTER_204,S,120.68610715124568
CLUSTER_204,T,75.72236746253317
CLUSTER_205,A,229.1188680857882
CLUSTER_205,B,90.06259660675438
CLUSTER_205,C,123.71575309326617
CLUSTER_205,D,87.97914670390679
CLUSTER_205,E,30.478424563338066
CLUSTER_205,F,221.2169427574179
CLUSTER_205,G,29.397892552299215
CLUSTER_205,H,189.28174928920865
CLUSTER_205,I,80.1653019337519
CLUSTER_205,J,157.0746587147951
CLUSTER_205,K,90.76678653765572
CLUSTER_205,L,174.13760461724155
CLUSTER_205,M,234.42988890219127
CLUSTER_205,N,155.72599555298825
CLUSTER_205,O,284.15492944495344
CLUSTER_205,P,288.38191958965507
CLUSTER_205,Q,139.6791774308835
CLUSTER_205,R,98.19649599256071
CLUSTER_205,S,46.53507492516634
CLUSTER_205,T,143.54498151229203
CLUSTER_206,A,183.27374314544326
CLUSTER_206,B,135.69946671099476
CLUSTER_206,C,194.87022789431052
CLUSTER_206,D,83.3347889730866
CLUSTER_206,E,129.4667447319942
CLUSTER_206,F,251.23847852295387
CLUSTER_206,G,172.26364951514017
CLUSTER_206,H,131.9807384358244
CLUSTER_206,I,230.38335512857446
CLUSTER_206,J,47.51305147868523
CLUSTER_206,K,87.08487824183673
CLUSTER_206,L,216.10151646380896
CLUSTER_206,M,229.02303210289142
CLUSTER_206,N,154.06992594137446
CLUSTER_206,O,235.90779833161312
CLUSTER_206,P,206.84071373502118
CLUSTER_206,Q,82.8065028313065
CLUSTER_206,R,219.50962344348997
CLUSTER_206,S,174.132014866575
CLUSTER_206,T,21.83387600769253
CLUSTER_207,A,232.27568155197363
CLUSTER_207,B,156.7460996644976
CLUSTER_207,C,217.49084115008267
CLUSTER_207,D,99.61799258734945
CLUSTER_207,E,122.44264156690731
CLUSTER_207,F,288.14257162167434
CLUSTER_207,G,152.01424766407573
CLUSTER_207,H,180.28762240071075
CLUSTER_207,I,227.07210195057024
CLUSTER_207,J,10.827076244741654
CLUSTER_207,K,58.99103938833317
CLUSTER_207,L,248.31609347732604
CLUSTER_207,M,272.63094342037977
CLUSTER_207,N,192.02397848497463
CLUSTER_207,O,286.6636531314778
CLUSTER_207,P,260.28001514524186
CLUSTER_207,Q,124.26947129463514
CLUSTER_207,R,228.2962493906697
CLUSTER_207,S,176.58278819084637
CLUSTER_207,T,64.28333992631471
CLUSTER_208,A,250.37439831463723
CLUSTER_208,B,112.0528512827512
CLUSTER_208,C,124.9104843280131
CLUSTER_208,D,126.3665020195314
CLUSTER_208,E,72.53541449913136
CLUSTER_208,F,222.9336427887052
CLUSTER_208,G,48.57405907262456
CLUSTER_208,H,216.4754990312655
CLUSTER_208,I,43.01814091433935
CLUSTER_208,J,200.17804358743493
CLUSTER_208,K,133.21727160005224
CLUSTER_208,L,177.14149032194518
CLUSTER_208,M,245.25675129072744
CLUSTER_208,N,174.65028351605952
CLUSTER_208,O,302.59542748790886
CLUSTER_208,P,314.12107403349955
CLUSTER_208,Q,173.49955666566078
CLUSTER_208,R,79.88529940816949
CLUSTER_208,S,49.641982468513575
CLUSTER_208,T,185.1105382145926
CLUSTER_209,A,202.4708847575879
CLUSTER_209,B,114.28618537989314
CLUSTER_209,C,174.91275881429735
CLUSTER_209,D,57.36309729625881
CLUSTER_209,E,84.09109108287609
CLUSTER_209,F,248.62859489116403
CLUSTER_209,G,121.95470475641869
CLUSTER_209,H,150.8545842175339
CLUSTER_209,I,188.47889719627264
CLUSTER_209,J,48.00733203453375
CLUSTER_209,K,35.95302025776707
CLUSTER_209,L,207.39645664743247
CLUSTER_209,M,237.0212309336164
CLUSTER_209,N,154.07881354012585
CLUSTER_209,O,258.68401822371663
CLUSTER_209,P,239.62768340299542
CLUSTER_209,Q,91.2290219594681
CLUSTER_209,R,186.35029555577225
CLUSTER_209,S,135.70413964849976
CLUSTER_209,T,45.40637379904916
CLUSTER_21,A,100.12169613953887
CLUSTER_21,B,114.47025110595558
CLUSTER_21,C,73.87830171466382
CLUSTER_21,D,165.22705935551312
CLUSTER_21,E,186.56936863467746
CLUSTER_21,F,27.961783312634815
CLUSTER_21,G,223.75282866119204
CLUSTER_21,H,115.378992972868
CLUSTER_21,I,180.03068831560864
CLUSTER_21,J,261.82456084506896
CLUSTER_21,K,233.8758133671358
CLUSTER_21,L,21.76041545731511
CLUSTER_21,M,55.26811156906593
CLUSTER_21,N,71.6276670685461
CLUSTER_21,O,127.4215544881225
CLUSTER_21,P,167.38494857398044
CLUSTER_21,Q,142.8742193747424
CLUSTER_21,R,129.35381963899928
CLUSTER_21,S,152.57880001550436
CLUSTER_21,T,204.77419255621083
CLUSTER_210,A,187.727721714322
CLUSTER_210,B,124.14281006737868
CLUSTER_210,C,184.46378064343767
CLUSTER_210,D,68.94226663009444
CLUSTER_210,E,110.8735823181419
CLUSTER_210,F,247.4797521545919
CLUSTER_210,G,152.6668362083977
CLUSTER_210,H,135.7552011425618
CLUSTER_210,I,213.07012828120926
CLUSTER_210,J,42.0174019752326
CLUSTER_210,K,67.72396352057295
CLUSTER_210,L,209.8633907461802
CLUSTER_210,M,229.23855283482138
CLUSTER_210,N,150.50088261834347
CLUSTER_210,O,242.16318361983315
CLUSTER_210,P,217.26769048289793
CLUSTER_210,Q,80.8520317157821
CLUSTER_210,R,204.85891601648814
CLUSTER_210,S,157.64582824746307
CLUSTER_210,T,19.787881698373354
CLUSTER_211,A,118.93875477867168
CLUSTER_211,B,144.47168923524538
CLUSTER_211,C,97.5323152204006
CLUSTER_211,D,196.44325688918266
CLUSTER_211,E,215.08576851743672
CLUSTER_211,F,9.329047559812194
CLUSTER_211,G,249.54060358076285
CLUSTER_211,H,142.75323637218986
CLUSTER_211,I,197.44830051031286
CLUSTER_211,J,293.4122792228406
CLUSTER_211,K,264.6115348316509
CLUSTER_211,L,47.65679643896817
CLUSTER_211,M,61.59350637907897
CLUSTER_211,N,102.78755586267391
CLUSTER_211,O,133.34807013072867
CLUSTER_211,P,181.1138791101459
CLUSTER_211,Q,174.11160173483708
CLUSTER_211,R,146.40689626568306
CLUSTER_211,S,177.02331858500503
CLUSTER_211,T,236.22703073791445
CLUSTER_212,A,130.52490664522054
CLUSTER_212,B,10.204069811013333
CLUSTER_212,C,64.21951407262418
CLUSTER_212,D,55.77798487048769
CLUSTER_212,E,80.92452780507553
CLUSTER_212,F,139.2675307897919
CLUSTER_212,G,127.43464153951463
CLUSTER_212,H,94.58466463876945
CLUSTER_212,I,128.2840450403544
CLUSTER_212,J,157.81604541503975
CLUSTER_212,K,122.63336694699959
CLUSTER_212,L,95.32492731962463
CLUSTER_212,M,140.10597444513408
CLUSTER_212,N,57.52620233764485
CLUSTER_212,O,185.46174303052211
CLUSTER_212,P,192.1853553168998
CLUSTER_212,Q,63.210876505137904
CLUSTER_212,R,98.1287449978726
CLUSTER_212,S,74.02352992397647
CLUSTER_212,T,108.90914751617129
CLUSTER_213,A,75.66217311942643
CLUSTER_213,B,214.9319394401176
CLUSTER_213,C,216.41354762231833
CLUSTER_213,D,230.70262758056376
CLUSTER_213,E,281.56488699004836
CLUSTER_213,F,161.23766820827305
CLUSTER_213,G,331.52320882906287
CLUSTER_213,H,117.40324591934466
CLUSTER_213,I,322.2040457718604
CLUSTER_213,J,282.1873394324986
CLUSTER_213,K,294.21105354914545
CLUSTER_213,L,177.9922547362886
CLUSTER_213,M,109.34168657667654
CLUSTER_213,N,151.5388971720226
CLUSTER_213,O,37.83860753860669
CLUSTER_213,P,32.066221441667764
CLUSTER_213,Q,176.8851226903206
CLUSTER_213,R,276.61978039013894
CLUSTER_213,S,276.48986096396777
CLUSTER_213,T,224.20720019077856
CLUSTER_214,A,268.0961385328466
CLUSTER_214,B,142.81381058304996
CLUSTER_214,C,126.98711596701109
CLUSTER_214,D,174.97562152867843
CLUSTER_214,E,129.18102690983412
CLUSTER_214,F,214.19123584045468
CLUSTER_214,G,109.8703851760894
CLUSTER_214,H,244.38786164144403
CLUSTER_214,I,25.68675015751536
CLUSTER_214,J,259.2244007978123
CLUSTER_214,K,193.74434163744962
CLUSTER_214,L,174.081281916641
CLUSTER_214,M,248.2198585133642
CLUSTER_214,N,193.85550016889678
CLUSTER_214,O,314.1996724320109
CLUSTER_214,P,336.3666872291274
CLUSTER_214,Q,213.11148670683068
CLUSTER_214,R,66.79544892847339
CLUSTER_214,S,83.60833011597076
CLUSTER_214,T,237.09718834871958
CLUSTER_215,A,254.6872885233727
CLUSTER_215,B,127.77249643802485
CLUSTER_215,C,176.21487291391256
CLUSTER_215,D,94.14324286618817
CLUSTER_215,E,55.351488121831856
CLUSTER_215,F,269.0960188465551
CLUSTER_215,G,51.82842704575869
CLUSTER_215,H,207.44652920420432
CLUSTER_215,I,139.97619628124676
CLUSTER_215,J,114.27658014123146
CLUSTER_215,K,47.4155610899589
CLUSTER_215,L,222.63466902283702
CLUSTER_215,M,273.11441280912345
CLUSTER_215,N,189.05717347358438
CLUSTER_215,O,311.7408244124374
CLUSTER_215,P,304.4315449296551
CLUSTER_215,Q,148.85219284863405
CLUSTER_215,R,159.63927243910595
CLUSTER_215,S,106.14778539918524
CLUSTER_215,T,125.10975831578433
CLUSTER_216,A,119.4924182858367
CLUSTER_216,B,134.14975973788643
CLUSTER_216,C,85.9906485930726
CLUSTER_216,D,186.97978716230128
CLUSTER_216,E,204.10642175281703
CLUSTER_216,F,16.376625293247233
CLUSTER_216,G,238.0481572328249
CLUSTER_216,H,139.0901073214328
CLUSTER_216,I,185.95886772294318
CLUSTER_216,J,285.01281284213036
CLUSTER_216,K,254.6086838098612
CLUSTER_216,L,37.00617073987175
CLUSTER_216,M,65.83793639790447
CLUSTER_216,N,95.82914868138712
CLUSTER_216,O,138.73544825508426
CLUSTER_216,P,183.99454087345822
CLUSTER_216,Q,166.94890203772832
CLUSTER_216,R,134.8972484989555
CLUSTER_216,S,165.44562725957678
CLUSTER_216,T,228.55295872710792
CLUSTER_217,A,49.45344633652268
CLUSTER_217,B,136.8621233892256
CLUSTER_217,C,118.6807906790287
CLUSTER_217,D,174.14870332737615
CLUSTER_217,E,210.7447547845182
CLUSTER_217,F,61.26165337975933
CLUSTER_217,G,255.17062766541366
CLUSTER_217,H,85.89717698985741
CLUSTER_217,I,227.26714992917084
CLUSTER_217,J,257.3183917026064
CLUSTER_217,K,244.4748640239632
CLUSTER_217,L,74.36180493050418
CLUSTER_217,M,14.637922394969253
CLUSTER_217,N,73.36684635758337
CLUSTER_217,O,70.51782820700925
CLUSTER_217,P,111.2586311717762
CLUSTER_217,Q,134.62665716401497
CLUSTER_217,R,178.5501118107433
CLUSTER_217,S,189.8031511922372
CLUSTER_217,T,196.6703031135297
CLUSTER_218,A,230.10214732142805
CLUSTER_218,B,98.70472839550862
CLUSTER_218,C,145.68477833739482
CLUSTER_218,D,73.40669289489169
CLUSTER_218,E,25.02092809452386
CLUSTER_218,F,239.10636856055106
CLUSTER_218,G,41.36310637868363
CLUSTER_218,H,184.99433946709445
CLUSTER_218,I,116.84711702683288
CLUSTER_218,J,122.48140654077277
CLUSTER_218,K,54.783142189394205
CLUSTER_218,L,192.47996176937974
CLUSTER_218,M,244.91632245999088
CLUSTER_218,N,161.72140746425166
CLUSTER_218,O,286.78501073851197
CLUSTER_218,P,283.44065784901215
CLUSTER_218,Q,128.8914306155918
CLUSTER_218,R,131.00403901705465
CLUSTER_218,S,76.91135050963896
CLUSTER_218,T,117.78990755931191
CLUSTER_219,A,104.17755732753469
CLUSTER_219,B,41.55019920598151
CLUSTER_219,C,83.0302044547477
CLUSTER_219,D,61.48522702556041
CLUSTER_219,E,104.297730044218
CLUSTER_219,F,135.58548667891395
CLUSTER_219,G,153.88787605320354
CLUSTER_219,H,63.85623572749504
CLUSTER_219,I,159.50734341538467
CLUSTER_219,J,153.19226398671114
CLUSTER_219,K,131.88158233565196
CLUSTER_219,L,97.83191836587623
CLUSTER_219,M,124.90307694151115
CLUSTER_219,N,40.462789460715435
CLUSTER_219,O,160.68413637077524
CLUSTER_219,P,162.43355556658466
CLUSTER_219,Q,39.16038259302952
CLUSTER_219,R,126.86453817342054
CLUSTER_219,S,105.24990072506147
CLUSTER_219,T,97.0176940261269
CLUSTER_22,A,218.391228801969
CLUSTER_22,B,81.13296011839483
CLUSTER_22,C,121.73630092910679
CLUSTER_22,D,72.71820310252092
CLUSTER_22,E,14.659576076363248
CLUSTER_22,F,217.39468830152163
CLUSTER_22,G,39.340156571335164
CLUSTER_22,H,176.83372581343588
CLUSTER_22,I,92.71690712594778
CLUSTER_22,J,142.7628580604124
CLUSTER_22,K,77.86965559412793
CLUSTER_22,L,170.4034529129574
CLUSTER_22,M,227.24508298293645
CLUSTER_22,N,146.44502270372448
CLUSTER_22,O,274.1042192605762
CLUSTER_22,P,275.99928812465424
CLUSTER_22,Q,125.44105646537834
CLUSTER_22,R,104.15407868130491
CLUSTER_22,S,50.10520079592187
CLUSTER_22,T,127.71982037359247
CLUSTER_220,A,68.48254762435437
CLUSTER_220,B,105.46073210492939
CLUSTER_220,C,83.43326892465069
CLUSTER_220,D,148.7178550356906
CLUSTER_220,E,179.68189966557756
CLUSTER_220,F,52.53637378293646
CLUSTER_220,G,222.20364978815837
CLUSTER_220,H,83.08248300180729
CLUSTER_220,I,191.9740128951866
CLUSTER_220,J,239.52477410506572
CLUSTER_220,K,218.9856084054086
CLUSTER_220,L,42.80122683157558
CLUSTER_220,M,41.660161486217575
CLUSTER_220,N,47.891285962726066
CLUSTER_220,O,104.40733742517631
CLUSTER_220,P,137.4961247548339
CLUSTER_220,Q,117.61132223243635
CLUSTER_220,R,143.46362529808533
CLUSTER_220,S,155.27699109440402
CLUSTER_220,T,180.46604643501146
CLUSTER_221,A,69.37629954996027
CLUSTER_221,B,115.66519505053671
CLUSTER_221,C,90.50082224692328
CLUSTER_221,D,159.26178865914127
CLUSTER_221,E,189.85659355807215
CLUSTER_221,F,44.88714952327261
CLUSTER_221,G,231.8696120052149
CLUSTER_221,H,90.11227866692816
CLUSTER_221,I,199.15126979856177
CLUSTER_221,J,249.65022649643663
CLUSTER_221,K,229.534178401495
CLUSTER_221,L,45.403012228078346
CLUSTER_221,M,32.60244310547581
CLUSTER_221,N,58.30052616291926
CLUSTER_221,O,99.54927996880328
CLUSTER_221,P,136.70264770047862
CLUSTER_221,Q,127.46565659911862
CLUSTER_221,R,149.93638726453176
CLUSTER_221,S,164.192202741402
CLUSTER_221,T,190.3595581251283
CLUSTER_222,A,40.27842078810764
CLUSTER_222,B,133.80178418981967
CLUSTER_222,C,119.9912841050686
CLUSTER_222,D,168.62498738933104
CLUSTER_222,E,207.20253000045236
CLUSTER_222,F,69.78184565978388
CLUSTER_222,G,252.62277670088147
CLUSTER_222,H,76.9954554840895
CLUSTER_222,I,228.17109217138972
CLUSTER_222,J,249.75464815545354
CLUSTER_222,K,238.7503581102139
CLUSTER_222,L,78.50742173376342
CLUSTER_222,M,23.850553001888787
CLUSTER_222,N,69.06582512712134
CLUSTER_222,O,67.40085075952204
CLUSTER_222,P,104.07663137573667
CLUSTER_222,Q,127.33012512954576
CLUSTER_222,R,180.2225994744219
CLUSTER_222,S,188.72147880406274
CLUSTER_222,T,188.95277720512073
CLUSTER_223,A,189.77422658259695
CLUSTER_223,B,71.52771996291958
CLUSTER_223,C,50.751261017492155
CLUSTER_223,D,118.46840590893297
CLUSTER_223,E,96.35859036399465
CLUSTER_223,F,146.45272546218976
CLUSTER_223,G,112.52613134747074
CLUSTER_223,H,167.45734994851998
CLUSTER_223,I,58.1576087291458
CLUSTER_223,J,217.41545180238685
CLUSTER_223,K,162.44636998987573
CLUSTER_223,L,101.81226986546405
CLUSTER_223,M,173.48130309350887
CLUSTER_223,N,115.63660545057753
CLUSTER_223,O,236.86932034312093
CLUSTER_223,P,258.05426117700335
CLUSTER_223,Q,143.52952604464247
CLUSTER_223,R,18.0693322334472
CLUSTER_223,S,41.41546463061659
CLUSTER_223,T,180.67860786922657
CLUSTER_224,A,254.92292920812045
CLUSTER_224,B,190.67266707470372
CLUSTER_224,C,251.49784165588935
CLUSTER_224,D,133.5566090558007
CLUSTER_224,E,157.26091133717688
CLUSTER_224,F,318.5190367173616
CLUSTER_224,G,183.88831683721733
CLUSTER_224,H,203.57744653868346
CLUSTER_224,I,261.6711907819614
CLUSTER_224,J,30.538749106822074
CLUSTER_224,K,91.99016316863703
CLUSTER_224,L,280.22061509951345
CLUSTER_224,M,299.58978903568806
CLUSTER_224,N,221.58661916690386
CLUSTER_224,O,307.19428640534335
CLUSTER_224,P,275.2817479751719
CLUSTER_224,Q,151.6045006219492
CLUSTER_224,R,263.53484440522084
CLUSTER_224,S,211.7674628796361
CLUSTER_224,T,88.86510806791985
CLUSTER_225,A,234.6636775393002
CLUSTER_225,B,102.67402670638323
CLUSTER_225,C,99.9525293949092
CLUSTER_225,D,131.9003580942652
CLUSTER_225,E,87.81060446845963
CLUSTER_225,F,195.61910721154877
CLUSTER_225,G,79.4581363389062
CLUSTER_225,H,206.42276879411023
CLUSTER_225,I,17.469976731436606
CLUSTER_225,J,217.97794503435608
CLUSTER_225,K,154.14983911758705
CLUSTER_225,L,151.2866995383296
CLUSTER_225,M,222.5086831602065
CLUSTER_225,N,159.04532094780419
CLUSTER_225,O,284.0899753197908
CLUSTER_225,P,301.2118593970205
CLUSTER_225,Q,171.34791331513563
CLUSTER_225,R,47.98411333381514
CLUSTER_225,S,40.91275003482442
CLUSTER_225,T,194.05522158491587
CLUSTER_226,A,238.64036087175742
CLUSTER_226,B,126.10149893707575
CLUSTER_226,C,182.0199966297998
CLUSTER_226,D,78.8384377422715
CLUSTER_226,E,66.62246210404105
CLUSTER_226,F,268.0432928035114
CLUSTER_226,G,85.31963368438707
CLUSTER_226,H,188.71003069281414
CLUSTER_226,I,166.62541590157971
CLUSTER_226,J,77.48473674237779
CLUSTER_226,K,12.132329869687757
CLUSTER_226,L,223.25947650268148
CLUSTER_226,M,264.9375720578848
CLUSTER_226,N,180.05295888498964
CLUSTER_226,O,295.71982066560525
CLUSTER_226,P,282.2742711064398
CLUSTER_226,Q,128.37326732647344
CLUSTER_226,R,177.38763948999818
CLUSTER_226,S,123.19095067639307
CLUSTER_226,T,93.17172635154579
CLUSTER_227,A,141.1857220688445
CLUSTER_227,B,134.95658111355874
CLUSTER_227,C,79.73451804112601
CLUSTER_227,D,190.43818559601806
CLUSTER_227,E,200.6224958469197
CLUSTER_227,F,39.32900501646075
CLUSTER_227,G,230.24554212619114
CLUSTER_227,H,155.994447552846
CLUSTER_227,I,170.79948011481926
CLUSTER_227,J,291.16894088817844
CLUSTER_227,K,255.5465237427519
CLUSTER_227,L,42.3988248815718
CLUSTER_227,M,89.54781060357715
CLUSTER_227,N,107.75105537639975
CLUSTER_227,O,162.52086844926674
CLUSTER_227,P,206.97818473952387
CLUSTER_227,Q,177.1066225554592
CLUSTER_227,R,120.29441133762528
CLUSTER_227,S,157.00884536248353
CLUSTER_227,T,236.95130100084035
CLUSTER_228,A,222.4592267821106
CLUSTER_228,B,104.69254363359356
CLUSTER_228,C,80.46825960357369
CLUSTER_228,D,146.89647456126977
CLUSTER_228,E,113.80649320519134
CLUSTER_228,F,168.7178101720337
CLUSTER_228,G,114.6753149135117
CLUSTER_228,H,201.6974826345262
CLUSTER_228,I,33.64812606630837
CLUSTER_228,J,241.39742848152179
CLUSTER_228,K,181.42117788446663
CLUSTER_228,L,127.54810205174236
CLUSTER_228,M,201.52584285660674
CLUSTER_228,N,149.27166212123987
CLUSTER_228,O,267.6502964984634
CLUSTER_228,P,291.30311026192135
CLUSTER_228,Q,176.6913284837765
CLUSTER_228,R,20.131254443373123
CLUSTER_228,S,58.04942018300188
CLUSTER_228,T,209.80440622436936
CLUSTER_229,A,123.63956106203452
CLUSTER_229,B,67.44964235285474
CLUSTER_229,C,121.55375376343432
CLUSTER_229,D,43.10833668907636
CLUSTER_229,E,100.62730098340886
CLUSTER_229,F,175.39019339207476
CLUSTER_229,G,152.1877389832154
CLUSTER_229,H,73.05939508706629
CLUSTER_229,I,180.32354800383368
CLUSTER_229,J,113.8817164018324
CLUSTER_229,K,105.26303447751977
CLUSTER_229,L,139.30547074214428
CLUSTER_229,M,158.30038171669582
CLUSTER_229,N,78.29973996402819
CLUSTER_229,O,180.45426813205512
CLUSTER_229,P,168.37874168856118
CLUSTER_229,Q,12.841222802587044
CLUSTER_229,R,156.70229958170358
CLUSTER_229,S,122.61214758500864
CLUSTER_229,T,55.71256800427351
CLUSTER_23,A,96.54183846912069
CLUSTER_23,B,228.20658006937452
CLUSTER_23,C,239.13911848319805
CLUSTER_23,D,234.45359573707344
CLUSTER_23,E,289.13458926043654
CLUSTER_23,F,195.30163449307508
CLUSTER_23,G,340.3263222936799
CLUSTER_23,H,124.49381408171071
CLUSTER_23,I,341.11762814881337
CLUSTER_23,J,271.51476868564595
CLUSTER_23,K,292.64510770369185
CLUSTER_23,L,206.20583731058701
CLUSTER_23,M,143.00844089621947
CLUSTER_23,N,169.2775363016952
CLUSTER_23,O,75.79122009611487
CLUSTER_23,P,26.753158921165333
CLUSTER_23,Q,179.00772303251435
CLUSTER_23,R,298.3325724756585
CLUSTER_23,S,291.58077608017373
CLUSTER_23,T,217.193724807536
CLUSTER_230,A,104.40070322903495
CLUSTER_230,B,58.031584146286505
CLUSTER_230,C,38.96571702451836
CLUSTER_230,D,109.5196732349161
CLUSTER_230,E,131.15968240367877
CLUSTER_230,F,84.53138093201886
CLUSTER_230,G,171.59384266363605
CLUSTER_230,H,91.47494135346032
CLUSTER_230,I,143.82145526015952
CLUSTER_230,J,208.78811843003675
CLUSTER_230,K,177.44568276504913
CLUSTER_230,L,41.220241877997545
CLUSTER_230,M,92.72482570544743
CLUSTER_230,N,35.33878649734148
CLUSTER_230,O,151.28974360364737
CLUSTER_230,P,173.64045889846514
CLUSTER_230,Q,96.09945766064439
CLUSTER_230,R,98.15896730215064
CLUSTER_230,S,104.18787525859302
CLUSTER_230,T,154.52482859747124
CLUSTER_231,A,184.89613575129246
CLUSTER_231,B,82.1689231559265
CLUSTER_231,C,42.01096935665744
CLUSTER_231,D,134.18551759781522
CLUSTER_231,E,117.49361071249669
CLUSTER_231,F,129.94402410271067
CLUSTER_231,G,134.44105926829778
CLUSTER_231,H,168.57609100586112
CLUSTER_231,I,71.15575946199388
CLUSTER_231,J,235.2352626993233
CLUSTER_231,K,182.65635344259962
CLUSTER_231,L,87.8286906762314
CLUSTER_231,M,161.77611894912084
CLUSTER_231,N,113.98656815293859
CLUSTER_231,O,228.48052815340637
CLUSTER_231,P,254.37489263991355
CLUSTER_231,Q,152.42844712177998
CLUSTER_231,R,20.143135727135626
CLUSTER_231,S,63.43366666295532
CLUSTER_231,T,195.03880428957868
CLUSTER_232,A,56.63756620938945
CLUSTER_232,B,105.8940065649664
CLUSTER_232,C,132.6309047458143
CLUSTER_232,D,111.34188523799682
CLUSTER_232,E,164.47315741766374
CLUSTER_232,F,140.92906483393526
CLUSTER_232,G,215.56934469846297
CLUSTER_232,H,6.021727996171884
CLUSTER_232,I,222.85492126075863
CLUSTER_232,J,172.29491579794654
CLUSTER_232,K,175.22836495763298
CLUSTER_232,L,122.00501201311701
CLUSTER_232,M,106.45629390631674
CLUSTER_232,N,60.40984769929113
CLUSTER_232,O,111.68367216085129
CLUSTER_232,P,99.94045161518628
CLUSTER_232,Q,57.45215617288714
CLUSTER_232,R,185.93114096688612
CLUSTER_232,S,169.7277207733566
CLUSTER_232,T,111.48346008965598
CLUSTER_233,A,226.60141861344437
CLUSTER_233,B,93.43122027966486
CLUSTER_233,C,94.10558990345586
CLUSTER_233,D,122.3983907505733
CLUSTER_233,E,79.57899263602016
CLUSTER_233,F,191.0182657823599
CLUSTER_233,G,75.90521763427142
CLUSTER_233,H,197.47064009743082
CLUSTER_233,I,26.912274306887007
CLUSTER_233,J,209.54014382111905
CLUSTER_233,K,146.47155140052712
CLUSTER_233,L,145.9665268205399
CLUSTER_233,M,216.16753173331261
CLUSTER_233,N,150.84013565184986
CLUSTER_233,O,276.65957498150584
CLUSTER_233,P,292.7292352222722
CLUSTER_233,Q,161.77769310347438
CLUSTER_233,R,46.59510604672693
CLUSTER_233,S,31.28836991904942
CLUSTER_233,T,184.66723825940838
CLUSTER_234,A,143.7882949134815
CLUSTER_234,B,122.87420256269928
CLUSTER_234,C,65.74771438047816
CLUSTER_234,D,179.12266585321797
CLUSTER_234,E,186.7040128755097
CLUSTER_234,F,50.3639977282538
CLUSTER_234,G,215.30521386060755
CLUSTER_234,H,153.37271864504282
CLUSTER_234,I,155.61175720244736
CLUSTER_234,J,280.7760579883147
CLUSTER_234,K,242.96554799245055
CLUSTER_234,L,36.78355526025742
CLUSTER_234,M,96.93852917806309
CLUSTER_234,N,102.13178713500119
CLUSTER_234,O,170.00681067176546
CLUSTER_234,P,211.404316076753
CLUSTER_234,Q,169.42041800917576
CLUSTER_234,R,105.01415579378077
CLUSTER_234,S,142.05725795420844
CLUSTER_234,T,227.9032920761196
CLUSTER_235,A,146.41034801036946
CLUSTER_235,B,80.84025828008483
CLUSTER_235,C,139.26751393242995
CLUSTER_235,D,36.365401967579146
CLUSTER_235,E,93.90486796327855
CLUSTER_235,F,199.19315073823304
CLUSTER_235,G,143.9756124015199
CLUSTER_235,H,94.89967902151291
CLUSTER_235,I,184.69549825216518
CLUSTER_235,J,89.62149789946618
CLUSTER_235,K,84.65966165542378
CLUSTER_235,L,161.7218766134405
CLUSTER_235,M,182.79019347668992
CLUSTER_235,N,102.37761901923857
CLUSTER_235,O,202.7392592616494
CLUSTER_235,P,186.4524404261804
CLUSTER_235,Q,35.24699368423294
CLUSTER_235,R,167.4140635132077
CLUSTER_235,S,126.87202421507955
CLUSTER_235,T,33.86997005731161
CLUSTER_236,A,45.257279201224804
CLUSTER_236,B,184.86239737739507
CLUSTER_236,C,183.48354243516732
CLUSTER_236,D,205.29740249728528
CLUSTER_236,E,253.6102793455878
CLUSTER_236,F,130.11054896486806
CLUSTER_236,G,302.7086281663171
CLUSTER_236,H,93.04527121846003
CLUSTER_236,I,289.8423438410938
CLUSTER_236,J,265.8430499237002
CLUSTER_236,K,271.33508009352846
CLUSTER_236,L,144.84019484519175
CLUSTER_236,M,77.83406115871578
CLUSTER_236,N,120.32921677402967
CLUSTER_236,O,18.459959161287223
CLUSTER_236,P,44.37607656910635
CLUSTER_236,Q,153.4852485709844
CLUSTER_236,R,243.76089948786472
CLUSTER_236,S,245.36508404463956
CLUSTER_236,T,206.03577038840086
CLUSTER_237,A,85.27608876657024
CLUSTER_237,B,75.69559485394625
CLUSTER_237,C,113.65239081370808
CLUSTER_237,D,77.54760657534682
CLUSTER_237,E,130.368963668441
CLUSTER_237,F,146.17270333944543
CLUSTER_237,G,181.58476918376346
CLUSTER_237,H,35.75922954274801
CLUSTER_237,I,193.87119323590284
CLUSTER_237,J,148.70749445966615
CLUSTER_237,K,143.42886745632094
CLUSTER_237,L,116.73177707685379
CLUSTER_237,M,122.66853669109295
CLUSTER_237,N,51.07981226751477
CLUSTER_237,O,142.2103419586873
CLUSTER_237,P,134.11078831985773
CLUSTER_237,Q,26.619322034868468
CLUSTER_237,R,161.05056931459833
CLUSTER_237,S,138.84332540075715
CLUSTER_237,T,88.07324385931302
CLUSTER_238,A,80.44200634865754
CLUSTER_238,B,211.9968880809911
CLUSTER_238,C,198.16334600040247
CLUSTER_238,D,240.48413888788116
CLUSTER_238,E,284.1856888140414
CLUSTER_238,F,123.1941347863875
CLUSTER_238,G,331.05720273031375
CLUSTER_238,H,132.25701168184278
CLUSTER_238,I,306.7814004429561
CLUSTER_238,J,308.25882207423825
CLUSTER_238,K,308.7619901566154
CLUSTER_238,L,151.712239696274
CLUSTER_238,M,77.03281141964011
CLUSTER_238,N,146.3853712955668
CLUSTER_238,O,26.936375000827955
CLUSTER_238,P,81.97501698640252
CLUSTER_238,Q,191.8446002137267
CLUSTER_238,R,257.8352113053804
CLUSTER_238,S,268.24213623350965
CLUSTER_238,T,247.77858742933984
CLUSTER_239,A,163.57072082323464
CLUSTER_239,B,40.74383330410547
CLUSTER_239,C,100.12412865162139
CLUSTER_239,D,22.109129291610618
CLUSTER_239,E,45.99382935023328
CLUSTER_239,F,182.051673272524
CLUSTER_239,G,97.29830618945194
CLUSTER_239,H,119.37445767333243
CLUSTER_239,I,127.88873466828183
CLUSTER_239,J,122.67960879133985
CLUSTER_239,K,80.13639192556607
CLUSTER_239,L,137.58449048056312
CLUSTER_239,M,181.16892726906968
CLUSTER_239,N,96.68250384638975
CLUSTER_239,O,220.27173430442485
CLUSTER_239,P,218.38751908906605
CLUSTER_239,Q,67.4567924408658
CLUSTER_239,R,114.32940186821489
CLUSTER_239,S,70.17019145171088
CLUSTER_239,T,85.04099766386533
CLUSTER_24,A,24.173224370921353
CLUSTER_24,B,158.49842941307165
CLUSTER_24,C,153.95826693239164
CLUSTER_24,D,183.9304002705658
CLUSTER_24,E,229.1677087186318
CLUSTER_24,F,103.85773795306169
CLUSTER_24,G,277.20026704059256
CLUSTER_24,H,76.17691388618512
CLUSTER_24,I,260.80846600091917
CLUSTER_24,J,253.09621483506376
CLUSTER_24,K,252.01750338387097
CLUSTER_24,L,115.30413524851834
CLUSTER_24,M,52.069373833548426
CLUSTER_24,N,93.09985832167729
CLUSTER_24,O,35.68398077994471
CLUSTER_24,P,67.9716069543965
CLUSTER_24,Q,135.20914614469203
CLUSTER_24,R,214.27954206211928
CLUSTER_24,S,217.6285679117193
CLUSTER_24,T,192.27957353022873
CLUSTER_240,A,158.91780127129346
CLUSTER_240,B,36.86859057205646
CLUSTER_240,C,36.97174689367405
CLUSTER_240,D,89.4747381373017
CLUSTER_240,E,84.21204164489973
CLUSTER_240,F,133.84136991616032
CLUSTER_240,G,116.24204868944334
CLUSTER_240,H,132.77680645487317
CLUSTER_240,I,88.80470170220411
CLUSTER_240,J,191.74525383858315
CLUSTER_240,K,143.91740674256542
CLUSTER_240,L,86.78597270604868
CLUSTER_240,M,151.12382211732788
CLUSTER_240,N,83.3293744177155
CLUSTER_240,O,209.0997659927113
CLUSTER_240,P,225.7198134530465
CLUSTER_240,Q,108.33202815472303
CLUSTER_240,R,53.08372696136503
CLUSTER_240,S,45.66583412739625
CLUSTER_240,T,149.58645951909298
CLUSTER_241,A,195.44052187742776
CLUSTER_241,B,79.32866840198268
CLUSTER_241,C,54.6495395033965
CLUSTER_241,D,126.1395283417878
CLUSTER_241,E,102.29813964669867
CLUSTER_241,F,148.0293871248611
CLUSTER_241,G,115.49351805575832
CLUSTER_241,H,174.33897858478295
CLUSTER_241,I,54.18972995151754
CLUSTER_241,J,224.65339615833065
CLUSTER_241,K,168.8781169422487
CLUSTER_241,L,104.3941984822519
CLUSTER_241,M,177.09416199371825
CLUSTER_241,N,121.89157660311015
CLUSTER_241,O,241.6318388454695
CLUSTER_241,P,264.06543876535505
CLUSTER_241,Q,151.29961607631023
CLUSTER_241,R,10.219270817694646
CLUSTER_241,S,46.38533329500111
CLUSTER_241,T,188.44124230453914
CLUSTER_242,A,35.42453731350449
CLUSTER_242,B,106.60839132637498
CLUSTER_242,C,119.34333782911096
CLUSTER_242,D,125.88501640631704
CLUSTER_242,E,173.50291949257706
CLUSTER_242,F,113.22384793877416
CLUSTER_242,G,223.00745156123727
CLUSTER_242,H,22.931494973309995
CLUSTER_242,I,218.28838251292305
CLUSTER_242,J,197.6115180275382
CLUSTER_242,K,193.69472563362996
CLUSTER_242,L,99.27127465967862
CLUSTER_242,M,77.63190528022196
CLUSTER_242,N,46.90602127143289
CLUSTER_242,O,92.5642681424111
CLUSTER_242,P,96.33539817171162
CLUSTER_242,Q,77.2857958168747
CLUSTER_242,R,176.78464474497426
CLUSTER_242,S,169.1914314905844
CLUSTER_242,T,136.58799631631317
CLUSTER_243,A,231.3942175424612
CLUSTER_243,B,138.43095410260145
CLUSTER_243,C,198.1606174606852
CLUSTER_243,D,83.03606088193298
CLUSTER_243,E,94.51145863190153
CLUSTER_243,F,275.8321618550019
CLUSTER_243,G,121.42482300579265
CLUSTER_243,H,179.69601148989517
CLUSTER_243,I,198.44070136957814
CLUSTER_243,J,40.743008723387945
CLUSTER_243,K,28.616880832864123
CLUSTER_243,L,233.57944049898558
CLUSTER_243,M,265.67545785384885
CLUSTER_243,N,182.26763382233068
CLUSTER_243,O,287.4892107271499
CLUSTER_243,P,267.0908926016695
CLUSTER_243,Q,120.21512954467408
CLUSTER_243,R,203.07401167331807
CLUSTER_243,S,150.10618605241197
CLUSTER_243,T,69.98682529321904
CLUSTER_244,A,265.48393860897
CLUSTER_244,B,128.13652614763657
CLUSTER_244,C,163.32257280596468
CLUSTER_244,D,114.21292736132747
CLUSTER_244,E,57.67100124276929
CLUSTER_244,F,261.04029965975667
CLUSTER_244,G,11.933556237394988
CLUSTER_244,H,222.9912537103818
CLUSTER_244,I,102.42342211067695
CLUSTER_244,J,157.97696076374302
CLUSTER_244,K,89.61353396271032
CLUSTER_244,L,213.96610069941937
CLUSTER_244,M,273.6849574352536
CLUSTER_244,N,193.60233472569496
CLUSTER_244,O,321.3036186113515
CLUSTER_244,P,322.0435108555811
CLUSTER_244,Q,169.169356925099
CLUSTER_244,R,132.53562048888185
CLUSTER_244,S,84.84181085461294
CLUSTER_244,T,159.73425424606924
CLUSTER_245,A,113.64797377600614
CLUSTER_245,B,159.21678522161875
CLUSTER_245,C,116.007773008286
CLUSTER_245,D,208.92853897225802
CLUSTER_245,E,231.30250325358364
CLUSTER_245,F,17.435206560515656
CLUSTER_245,G,267.50549933257827
CLUSTER_245,H,144.434951373052
CLUSTER_245,I,217.60764855567112
CLUSTER_245,J,303.2245098339295
CLUSTER_245,K,278.1360738648457
CLUSTER_245,L,64.50698757324679
CLUSTER_245,M,52.1763667004309
CLUSTER_245,N,111.25408754509574
CLUSTER_245,O,119.7107162505291
CLUSTER_245,P,171.02769533675144
CLUSTER_245,Q,181.96167190810735
CLUSTER_245,R,166.53724515173369
CLUSTER_245,S,195.4899826100019
CLUSTER_245,T,244.71818166492682
CLUSTER_246,A,39.48364628706461
CLUSTER_246,B,164.10359729014849
CLUSTER_246,C,177.2479461099267
CLUSTER_246,D,173.60760956529592
CLUSTER_246,E,226.54047808543518
CLUSTER_246,F,148.84302951120645
CLUSTER_246,G,277.3627156140078
CLUSTER_246,H,61.22433141849075
CLUSTER_246,I,277.3426776955121
CLUSTER_246,J,224.27527408239996
CLUSTER_246,K,235.76728523742096
CLUSTER_246,L,149.60850619706676
CLUSTER_246,M,99.43912347354515
CLUSTER_246,N,105.85814349345728
CLUSTER_246,O,63.059289781806264
CLUSTER_246,P,38.09189057612957
CLUSTER_246,Q,118.97610409858376
CLUSTER_246,R,235.56455074457082
CLUSTER_246,S,227.44005890574797
CLUSTER_246,T,165.69374860675762
CLUSTER_247,A,37.99840991181951
CLUSTER_247,B,173.07383995160555
CLUSTER_247,C,166.62442341642802
CLUSTER_247,D,198.6045575664084
CLUSTER_247,E,243.92835124212195
CLUSTER_247,F,109.40742892550497
CLUSTER_247,G,291.86221741244464
CLUSTER_247,H,89.86213786107567
CLUSTER_247,I,274.0865743044201
CLUSTER_247,J,266.28177796483993
CLUSTER_247,K,266.4937273809192
CLUSTER_247,L,125.74828306849804
CLUSTER_247,M,57.15544502745618
CLUSTER_247,N,107.56320713363269
CLUSTER_247,O,21.202279350639497
CLUSTER_247,P,64.1830346314384
CLUSTER_247,Q,149.4147946600001
CLUSTER_247,R,226.9653374316737
CLUSTER_247,S,231.77176973011572
CLUSTER_247,T,205.63499724282087
CLUSTER_248,A,99.82688364891928
CLUSTER_248,B,83.17597567258944
CLUSTER_248,C,128.33473202681887
CLUSTER_248,D,70.51631954436486
CLUSTER_248,E,127.23770210404635
CLUSTER_248,F,165.7209888673306
CLUSTER_248,G,178.86609873463695
CLUSTER_248,H,47.97169944139698
CLUSTER_248,I,200.43120654322274
CLUSTER_248,J,130.684775193327
CLUSTER_248,K,131.2697023911186
CLUSTER_248,L,135.43856842553862
CLUSTER_248,M,141.40799949748256
CLUSTER_248,N,70.11812274819577
CLUSTER_248,O,155.77443595599246
CLUSTER_248,P,140.9831838422558
CLUSTER_248,Q,15.033166913554275
CLUSTER_248,R,171.5611204135245
CLUSTER_248,S,143.71269244606785
CLUSTER_248,T,69.71926695814268
CLUSTER_249,A,124.39163643405567
CLUSTER_249,B,105.36451621349492
CLUSTER_249,C,53.59139502139335
CLUSTER_249,D,160.4086602225604
CLUSTER_249,E,173.0066231637541
CLUSTER_249,F,46.52033604107441
CLUSTER_249,G,205.67369641797166
CLUSTER_249,H,131.24798979017567
CLUSTER_249,I,154.71900702301477
CLUSTER_249,J,261.0075073956689
CLUSTER_249,K,226.12072850807436
CLUSTER_249,L,14.56364447455632
CLUSTER_249,M,83.51264851241903
CLUSTER_249,N,79.80457276893443
CLUSTER_249,O,155.3840259654918
CLUSTER_249,P,193.15710408488295
CLUSTER_249,Q,147.72951595893457
CLUSTER_249,R,103.67643741757901
CLUSTER_249,S,132.93693107469974
CLUSTER_249,T,207.01292201439156
CLUSTER_25,A,94.29049920279482
CLUSTER_25,B,157.2634570242828
CLUSTER_25,C,121.17612715656733
CLUSTER_25,D,203.37970459897224
CLUSTER_25,E,230.86638403422165
CLUSTER_25,F,28.66747953757437
CLUSTER_25,G,270.071305122063
CLUSTER_25,H,129.1272093933331
CLUSTER_25,I,226.74523393130062
CLUSTER_25,J,294.0256137752395
CLUSTER_25,K,273.46249409679444
CLUSTER_25,L,69.03055511847288
CLUSTER_25,M,32.01599368331387
CLUSTER_25,N,102.82336692962305
CLUSTER_25,O,98.60214564242405
CLUSTER_25,P,149.88466244030602
CLUSTER_25,Q,171.5570704531988
CLUSTER_25,R,175.82457320064142
CLUSTER_25,S,199.57304639928185
CLUSTER_25,T,234.43968461220828
CLUSTER_250,A,228.7115968786086
CLUSTER_250,B,111.6786653025104
CLUSTER_250,C,86.36418763680226
CLUSTER_250,D,153.5026197274297
CLUSTER_250,E,119.16557556840469
CLUSTER_250,F,172.76580764376791
CLUSTER_250,G,117.56419010007582
CLUSTER_250,H,208.48532162040948
CLUSTER_250,I,32.29573339249854
CLUSTER_250,J,247.34859955488633
CLUSTER_250,K,186.738991231682
CLUSTER_250,L,132.44461329619384
CLUSTER_250,M,206.70144350447322
CLUSTER_250,N,155.8314230046729
CLUSTER_250,O,273.39286438111276
CLUSTER_250,P,297.69816008496144
CLUSTER_250,Q,183.67222729400325
CLUSTER_250,R,26.15311497275041
CLUSTER_250,S,63.958047658394406
CLUSTER_250,T,216.43475707302716
CLUSTER_251,A,51.752617513641795
CLUSTER_251,B,178.3822146760171
CLUSTER_251,C,191.4580908462021
CLUSTER_251,D,186.44230294277844
CLUSTER_251,E,240.0732529537148
CLUSTER_251,F,159.44397574119043
CLUSTER_251,G,291.0573431972603
CLUSTER_251,H,74.9369442156785
CLUSTER_251,I,291.7921366256783
CLUSTER_251,J,232.91810868422908
CLUSTER_251,K,247.34047409221898
CLUSTER_251,L,162.66661953186002
CLUSTER_251,M,108.79506944978552
CLUSTER_251,N,120.27642210908078
CLUSTER_251,O,62.20490100311315
CLUSTER_251,P,24.31963675029136
CLUSTER_251,Q,131.40572875246437
CLUSTER_251,R,249.92635073018113
CLUSTER_251,S,241.79343915067673
CLUSTER_251,T,175.39641848669447
CLUSTER_252,A,231.95107689297564
CLUSTER_252,B,164.2151022626306
CLUSTER_252,C,225.04017207235256
CLUSTER_252,D,107.1397739929158
CLUSTER_252,E,133.9723853101553
CLUSTER_252,F,292.45827970104904
CLUSTER_252,G,164.84625522091503
CLUSTER_252,H,180.19571787524336
CLUSTER_252,I,238.70929399520608
CLUSTER_252,J,4.050690751312522
CLUSTER_252,K,71.7659203702125
CLUSTER_252,L,253.8009582859572
CLUSTER_252,M,274.71418051249685
CLUSTER_252,N,195.70828285034005
CLUSTER_252,O,285.37564846334055
CLUSTER_252,P,256.53000646889313
CLUSTER_252,Q,126.35747578282687
CLUSTER_252,R,238.34910735958982
CLUSTER_252,S,187.3129159747034
CLUSTER_252,T,64.26152931207403
CLUSTER_253,A,157.14179948109117
CLUSTER_253,B,133.26064339345956
CLUSTER_253,C,188.67682418853883
CLUSTER_253,D,89.54312310899708
CLUSTER_253,E,143.64083270044674
CLUSTER_253,F,233.8708468673937
CLUSTER_253,G,190.65073924657509
CLUSTER_253,H,107.32195922108748
CLUSTER_253,I,238.7463645933406
CLUSTER_253,J,78.06416788807202
CLUSTER_253,K,112.57249174108871
CLUSTER_253,L,202.70975186444332
CLUSTER_253,M,206.88839719591823
CLUSTER_253,N,138.04259072622366
CLUSTER_253,O,207.9066979019841
CLUSTER_253,P,176.47307832224297
CLUSTER_253,Q,68.38370200303702
CLUSTER_253,R,221.28538043381482
CLUSTER_253,S,181.0567802976695
CLUSTER_253,T,32.292694212159425
CLUSTER_254,A,204.53491521530864
CLUSTER_254,B,91.10495703602888
CLUSTER_254,C,62.28699400421476
CLUSTER_254,D,137.59796035129733
CLUSTER_254,E,111.3749563739072
CLUSTER_254,F,151.59773440721176
CLUSTER_254,G,120.34733526437336
CLUSTER_254,H,185.03041434244545
CLUSTER_254,I,49.52316899700572
CLUSTER_254,J,235.41231896637632
CLUSTER_254,K,178.4856178370848
CLUSTER_254,L,109.65360599042363
CLUSTER_254,M,183.43009727945338
CLUSTER_254,N,131.868081317212
CLUSTER_254,O,249.4454779934229
CLUSTER_254,P,273.5621194259442
CLUSTER_254,Q,163.0432399083047
CLUSTER_254,R,1.982861947344351
CLUSTER_254,S,54.822697755537405
CLUSTER_254,T,200.0347601023407
CLUSTER_255,A,65.3054809311904
CLUSTER_255,B,151.63062531595781
CLUSTER_255,C,126.92468818940041
CLUSTER_255,D,191.60348767652442
CLUSTER_255,E,225.82855439524724
CLUSTER_255,F,52.668356249817435
CLUSTER_255,G,268.77870577053994
CLUSTER_255,H,105.02880036279524
CLUSTER_255,I,235.34083347902015
CLUSTER_255,J,276.321430731328
CLUSTER_255,K,262.03022451523987
CLUSTER_255,L,78.1891591039281
CLUSTER_255,M,5.254333445527126
CLUSTER_255,N,90.15314698938091
CLUSTER_255,O,71.7848899021373
CLUSTER_255,P,120.34012140320634
CLUSTER_255,Q,153.54009137455336
CLUSTER_255,R,185.479000470195
CLUSTER_255,S,201.4239394692566
CLUSTER_255,T,215.76100241885163
CLUSTER_256,A,198.5895463618499
CLUSTER_256,B,89.40560462850186
CLUSTER_256,C,148.2530288586458
CLUSTER_256,D,38.474384584572405
CLUSTER_256,E,50.1300624975198
CLUSTER_256,F,229.7256127443674
CLUSTER_256,G,91.73157603716531
CLUSTER_256,H,149.23232914817717
CLUSTER_256,I,154.4071085053912
CLUSTER_256,J,81.2461594949061
CLUSTER_256,K,32.2359447538633
CLUSTER_256,L,185.9496985604335
CLUSTER_256,M,224.7710237979007
CLUSTER_256,N,139.95277478333972
CLUSTER_256,O,255.72900698970867
CLUSTER_256,P,244.45374861023825
CLUSTER_256,Q,89.29682770461741
CLUSTER_256,R,153.88506397086496
CLUSTER_256,S,102.18287187252695
CLUSTER_256,T,67.32943912506559
CLUSTER_257,A,164.4059276325009
CLUSTER_257,B,25.36740913099128
CLUSTER_257,C,74.89904870578494
CLUSTER_257,D,51.22887220469772
CLUSTER_257,E,49.79195707003715
CLUSTER_257,F,164.62269262780683
CLUSTER_257,G,93.73580350514702
CLUSTER_257,H,126.7502781146884
CLUSTER_257,I,103.07727184728013
CLUSTER_257,J,151.64062251378684
CLUSTER_257,K,103.57851453370654
CLUSTER_257,L,118.29722534487283
CLUSTER_257,M,171.538661226286
CLUSTER_257,N,90.96794306588377
CLUSTER_257,O,219.2898406239572
CLUSTER_257,P,225.23327583722775
CLUSTER_257,Q,85.2052539206122
CLUSTER_257,R,85.04095596204995
CLUSTER_257,S,45.455323021772536
CLUSTER_257,T,113.71470745411666
CLUSTER_258,A,248.173867473897
CLUSTER_258,B,127.06775397269988
CLUSTER_258,C,106.24317185051952
CLUSTER_258,D,164.340241907556
CLUSTER_258,E,123.98436820427143
CLUSTER_258,F,192.56212308847049
CLUSTER_258,G,113.66100149551151
CLUSTER_258,H,226.42011302947847
CLUSTER_258,I,22.24895642530426
CLUSTER_258,J,253.9139532793569
CLUSTER_258,K,190.67773849441662
CLUSTER_258,L,152.59766695544147
CLUSTER_258,M,226.86970407755493
CLUSTER_258,N,174.6627165355822
CLUSTER_258,O,293.3932347341028
CLUSTER_258,P,316.89037812101935
CLUSTER_258,Q,198.52551130367326
CLUSTER_258,R,45.897855560574506
CLUSTER_258,S,72.59607109457866
CLUSTER_258,T,227.1518287807453
CLUSTER_259,A,103.39060710286523
CLUSTER_259,B,67.2894192858869
CLUSTER_259,C,39.82995655220658
CLUSTER_259,D,119.14150536406501
CLUSTER_259,E,139.91054349750206
CLUSTER_259,F,75.1133563283339
CLUSTER_259,G,179.3018293744851
CLUSTER_259,H,95.38158799655857
CLUSTER_259,I,147.4016529538102
CLUSTER_259,J,218.2295826216903
CLUSTER_259,K,187.00339024271764
CLUSTER_259,L,31.687005975831635
CLUSTER_259,M,86.19875439385137
CLUSTER_259,N,39.8602813928401
CLUSTER_259,O,147.69827026059426
CLUSTER_259,P,173.19725688195703
CLUSTER_259,Q,104.44298391352241
CLUSTER_259,R,100.11916250764777
CLUSTER_259,S,110.61527995139672
CLUSTER_259,T,163.58347756122527
CLUSTER_26,A,255.50216250005852
CLUSTER_26,B,122.50749822389315
CLUSTER_26,C,165.4957058746248
CLUSTER_26,D,98.52702987954633
CLUSTER_26,E,48.32998458091121
CLUSTER_26,F,261.0019472550684
CLUSTER_26,G,30.36593534354599
CLUSTER_26,H,210.48401925603468
CLUSTER_26,I,119.84592148697205
CLUSTER_26,J,133.89774004838907
CLUSTER_26,K,65.68427576045643
CLUSTER_26,L,214.06928839184962
CLUSTER_26,M,269.01560288083
CLUSTER_26,N,186.45440728321134
CLUSTER_26,O,312.10930302279746
CLUSTER_26,P,308.85913930953154
CLUSTER_26,Q,154.05714958811603
CLUSTER_26,R,143.07903234003592
CLUSTER_26,S,91.08110018226338
CLUSTER_26,T,138.47354968284785
CLUSTER_260,A,90.47524169894083
CLUSTER_260,B,226.95388278348324
CLUSTER_260,C,233.14863047182337
CLUSTER_260,D,237.7292781237805
CLUSTER_260,E,290.78986869778225
CLUSTER_260,F,182.74759977197013
CLUSTER_260,G,341.4973250196919
CLUSTER_260,H,125.4701837382868
CLUSTER_260,I,337.2992420346152
CLUSTER_260,J,281.2482185457765
CLUSTER_260,K,298.49305968317566
CLUSTER_260,L,197.1574928018277
CLUSTER_260,M,130.59129954925695
CLUSTER_260,N,165.55459612055844
CLUSTER_260,O,60.27759376130966
CLUSTER_260,P,27.47262861429124
CLUSTER_260,Q,182.77005654371834
CLUSTER_260,R,292.9954564529066
CLUSTER_260,S,289.60745984577716
CLUSTER_260,T,225.2086308768171
CLUSTER_261,A,108.21452176429167
CLUSTER_261,B,108.69378053655568
CLUSTER_261,C,64.41383715855224
CLUSTER_261,D,161.19678562435192
CLUSTER_261,E,179.5811488763649
CLUSTER_261,F,34.74804708641558
CLUSTER_261,G,215.38142524640705
CLUSTER_261,H,119.44987118231128
CLUSTER_261,I,169.61918462797638
CLUSTER_261,J,259.4785795960412
CLUSTER_261,K,228.9572473625414
CLUSTER_261,L,12.35394826118665
CLUSTER_261,M,65.95859097030089
CLUSTER_261,N,71.9383275309829
CLUSTER_261,O,137.75881261948314
CLUSTER_261,P,176.35910889746785
CLUSTER_261,Q,142.42069339296356
CLUSTER_261,R,118.83183883836163
CLUSTER_261,S,143.6313945907406
CLUSTER_261,T,203.49132114761343
CLUSTER_262,A,88.87824922589219
CLUSTER_262,B,67.70115602704266
CLUSTER_262,C,54.112670675438295
CLUSTER_262,D,114.42419617174964
CLUSTER_262,E,141.8561961918469
CLUSTER_262,F,78.82965324401825
CLUSTER_262,G,184.32479183291704
CLUSTER_262,H,79.44230059832044
CLUSTER_262,I,159.41565283022223
CLUSTER_262,J,210.4211880812254
CLUSTER_262,K,183.90257627983897
CLUSTER_262,L,41.8975293417651
CLUSTER_262,M,79.51047217353914
CLUSTER_262,N,24.611796963408302
CLUSTER_262,O,135.83099069795895
CLUSTER_262,P,158.31341675556493
CLUSTER_262,Q,93.00359726478413
CLUSTER_262,R,113.72321474001582
CLUSTER_262,S,118.57948609442344
CLUSTER_262,T,153.93681652092562
CLUSTER_263,A,171.38028921830585
CLUSTER_263,B,60.02118314770405
CLUSTER_263,C,120.14896789194077
CLUSTER_263,D,10.83332859596708
CLUSTER_263,E,48.597745057707215
CLUSTER_263,F,199.20396987019606
CLUSTER_263,G,99.34065184878449
CLUSTER_263,H,123.87621798102026
CLUSTER_263,I,143.04043115817424
CLUSTER_263,J,102.42634281080922
CLUSTER_263,K,62.80869153724051
CLUSTER_263,L,155.74414608267833
CLUSTER_263,M,194.68973285698786
CLUSTER_263,N,109.79341481765387
CLUSTER_263,O,228.52317157029003
CLUSTER_263,P,221.47761514491577
CLUSTER_263,Q,66.36334365467684
CLUSTER_263,R,133.46943601903976
CLUSTER_263,S,86.43240940919007
CLUSTER_263,T,68.48788283509671
CLUSTER_264,A,207.6445566559824
CLUSTER_264,B,151.77850697555243
CLUSTER_264,C,212.09635751249277
CLUSTER_264,D,96.25060791811735
CLUSTER_264,E,133.83459108471462
CLUSTER_264,F,273.29501182854455
CLUSTER_264,G,171.41164953123172
CLUSTER_264,H,156.2542295693257
CLUSTER_264,I,237.6122025055408
CLUSTER_264,J,24.6923213422928
CLUSTER_264,K,80.44266547764451
CLUSTER_264,L,236.6787709476356
CLUSTER_264,M,252.65838769410985
CLUSTER_264,N,176.10136122942734
CLUSTER_264,O,260.28760482719963
CLUSTER_264,P,230.38114477893217
CLUSTER_264,Q,105.3064469501256
CLUSTER_264,R,231.64773956826696
CLUSTER_264,S,183.2839464089787
CLUSTER_264,T,42.44858886811817
CLUSTER_265,A,54.441199658323804
CLUSTER_265,B,108.96234933907553
CLUSTER_265,C,94.06246324176172
CLUSTER_265,D,147.8010682932554
CLUSTER_265,E,182.90925422885326
CLUSTER_265,F,63.15273156735458
CLUSTER_265,G,227.28816988146133
CLUSTER_265,H,71.90907280719081
CLUSTER_265,I,201.94693698672657
CLUSTER_265,J,234.77222773756168
CLUSTER_265,K,218.23880374798748
CLUSTER_265,L,56.65044764795453
CLUSTER_265,M,38.604575509209624
CLUSTER_265,N,46.297610433742975
CLUSTER_265,O,93.16937255652863
CLUSTER_265,P,123.70482075992658
CLUSTER_265,Q,112.0421794422996
CLUSTER_265,R,154.39162428148862
CLUSTER_265,S,162.50583040119625
CLUSTER_265,T,174.85303312104898
CLUSTER_266,A,68.21161663937659
CLUSTER_266,B,80.79165862802206
CLUSTER_266,C,108.5170091546251
CLUSTER_266,D,93.12222982763608
CLUSTER_266,E,142.71912220842364
CLUSTER_266,F,129.8349779905607
CLUSTER_266,G,193.1454205363572
CLUSTER_266,H,23.936044819487964
CLUSTER_266,I,197.3488282375954
CLUSTER_266,J,167.34156111430934
CLUSTER_266,K,160.71905562970812
CLUSTER_266,L,103.93216043176503
CLUSTER_266,M,104.16663902258776
CLUSTER_266,N,38.83355272702504
CLUSTER_266,O,125.37863943374028
CLUSTER_266,P,122.50546457182186
CLUSTER_266,Q,45.15385650666714
CLUSTER_266,R,160.60850143849817
CLUSTER_266,S,144.61879809430727
CLUSTER_266,T,106.62362597375727
CLUSTER_267,A,161.1795046589699
CLUSTER_267,B,26.72496634577855
CLUSTER_267,C,52.660747780864696
CLUSTER_267,D,73.65805972420281
CLUSTER_267,E,68.47471305541262
CLUSTER_267,F,146.84740948224805
CLUSTER_267,G,104.57330059159432
CLUSTER_267,H,129.95452908171026
CLUSTER_267,I,91.67844459951344
CLUSTER_267,J,175.2767454063974
CLUSTER_267,K,126.9525579942613
CLUSTER_267,L,99.84659338010339
CLUSTER_267,M,159.72210074148313
CLUSTER_267,N,85.42776823755064
CLUSTER_267,O,213.63395329765893
CLUSTER_267,P,225.8462428030393
CLUSTER_267,Q,98.31186783383535
CLUSTER_267,R,64.3984117127747
CLUSTER_267,S,39.677351239445535
CLUSTER_267,T,134.91788152473555
CLUSTER_268,A,246.40891832424379
CLUSTER_268,B,203.90897386173455
CLUSTER_268,C,264.035934618818
CLUSTER_268,D,148.47690876044194
CLUSTER_268,E,182.5710141721601
CLUSTER_268,F,321.26462757980977
CLUSTER_268,G,214.88209104748458
CLUSTER_268,H,197.12841765888544
CLUSTER_268,I,287.19148705013447
CLUSTER_268,J,53.30309724242694
CLUSTER_268,K,121.80029569804219
CLUSTER_268,L,286.64443988379605
CLUSTER_268,M,296.5563411040251
CLUSTER_268,N,224.25268570223767
CLUSTER_268,O,295.1893204193727
CLUSTER_268,P,257.4891359319562
CLUSTER_268,Q,152.9312331999863
CLUSTER_268,R,283.4932817768568
CLUSTER_268,S,234.18977001038553
CLUSTER_268,T,91.98470736176903
CLUSTER_269,A,83.44036430905443
CLUSTER_269,B,115.75058289624667
CLUSTER_269,C,83.33328808134557
CLUSTER_269,D,162.8902442479966
CLUSTER_269,E,189.39218826599543
CLUSTER_269,F,33.64525152425336
CLUSTER_269,G,229.30484351751173
CLUSTER_269,H,102.14186855951657
CLUSTER_269,I,191.39907453070532
CLUSTER_269,J,256.3017918131317
CLUSTER_269,K,232.64264667028246
CLUSTER_269,L,34.240699305191235
CLUSTER_269,M,40.501145064211215
CLUSTER_269,N,64.33664016060149
CLUSTER_269,O,111.28786928314531
CLUSTER_269,P,150.4455369544203
CLUSTER_269,Q,135.2308670768851
CLUSTER_269,R,141.36886313555232
CLUSTER_269,S,159.82040092903395
CLUSTER_269,T,197.8924136775691
CLUSTER_27,A,234.90513073950763
CLUSTER_27,B,128.47560406639545
CLUSTER_27,C,186.07358716395285
CLUSTER_27,D,77.63603356995942
CLUSTER_27,E,74.55757559282787
CLUSTER_27,F,269.3841803988304
CLUSTER_27,G,97.13271187171829
CLUSTER_27,H,184.2478000855853
CLUSTER_27,I,176.61812614859048
CLUSTER_27,J,65.25676403866086
CLUSTER_27,K,7.734080099481492
CLUSTER_27,L,225.37277668127786
CLUSTER_27,M,263.8840324422189
CLUSTER_27,N,179.22833822506882
CLUSTER_27,O,291.785334211811
CLUSTER_27,P,276.1151275294774
CLUSTER_27,Q,123.81520568565895
CLUSTER_27,R,184.9822828361395
CLUSTER_27,S,131.10203594307754
CLUSTER_27,T,83.8646632042133
CLUSTER_270,A,207.72682254300184
CLUSTER_270,B,87.23983778338304
CLUSTER_270,C,67.59539162729646
CLUSTER_270,D,130.1027415252905
CLUSTER_270,E,100.3318660043116
CLUSTER_270,F,160.67822368542932
CLUSTER_270,G,107.8082041518497
CLUSTER_270,H,185.19410326525156
CLUSTER_270,I,41.181898773427115
CLUSTER_270,J,226.06490437743312
CLUSTER_270,K,167.75068346332137
CLUSTER_270,L,117.3408073885361
CLUSTER_270,M,190.09889047911767
CLUSTER_270,N,133.63827633208777
CLUSTER_270,O,254.41717504498843
CLUSTER_270,P,276.06064074998807
CLUSTER_270,Q,159.22177671749688
CLUSTER_270,R,12.981428380208968
CLUSTER_270,S,43.7332973338578
CLUSTER_270,T,192.92073693006802
CLUSTER_271,A,71.5572971119644
CLUSTER_271,B,201.00789942663263
CLUSTER_271,C,186.73414611335085
CLUSTER_271,D,230.46911757790286
CLUSTER_271,E,273.4431165363914
CLUSTER_271,F,112.91221354812393
CLUSTER_271,G,320.0588192775104
CLUSTER_271,H,123.57643119943482
CLUSTER_271,I,295.35036256638773
CLUSTER_271,J,300.22239920413347
CLUSTER_271,K,299.1076586501054
CLUSTER_271,L,140.43219526635798
CLUSTER_271,M,65.81462621688868
CLUSTER_271,N,135.4597572584496
CLUSTER_271,O,23.68483299342132
CLUSTER_271,P,82.25706497346937
CLUSTER_271,Q,182.63616684442513
CLUSTER_271,R,246.42424498952468
CLUSTER_271,S,256.9357442053054
CLUSTER_271,T,239.5283399449557
CLUSTER_272,A,45.38266896788542
CLUSTER_272,B,98.36920186134493
CLUSTER_272,C,97.73096850576333
CLUSTER_272,D,130.08815594644113
CLUSTER_272,E,170.44479422450257
CLUSTER_272,F,86.52341896244066
CLUSTER_272,G,217.37249581533084
CLUSTER_272,H,48.53194020263534
CLUSTER_272,I,201.83044824742845
CLUSTER_272,J,212.80523471248873
CLUSTER_272,K,200.17041776215723
CLUSTER_272,L,71.80381420657322
CLUSTER_272,M,58.4856069982458
CLUSTER_272,N,32.71803328922805
CLUSTER_272,O,96.08676112077994
CLUSTER_272,P,114.70186349712723
CLUSTER_272,Q,89.9743007591773
CLUSTER_272,R,157.20163726766296
CLUSTER_272,S,157.14358893099393
CLUSTER_272,T,152.42170468325054
CLUSTER_273,A,254.94086309290773
CLUSTER_273,B,118.21579684124983
CLUSTER_273,C,125.09884472678782
CLUSTER_273,D,136.5819139930915
CLUSTER_273,E,84.1395083919137
CLUSTER_273,F,222.04785488243905
CLUSTER_273,G,60.15092526424216
CLUSTER_273,H,222.93511257937692
CLUSTER_273,I,32.843702082450214
CLUSTER_273,J,212.39032960843303
CLUSTER_273,K,145.56338545921503
CLUSTER_273,L,177.02760448542432
CLUSTER_273,M,246.84137487033422
CLUSTER_273,N,179.06565664524618
CLUSTER_273,O,306.13333871154794
CLUSTER_273,P,319.7909082163845
CLUSTER_273,Q,182.11665367631997
CLUSTER_273,R,75.45517579254461
CLUSTER_273,S,54.52414233295856
CLUSTER_273,T,196.1789133340019
CLUSTER_274,A,199.78046280938895
CLUSTER_274,B,75.76944441048452
CLUSTER_274,C,62.66954898785863
CLUSTER_274,D,118.0318356737807
CLUSTER_274,E,89.9247563881004
CLUSTER_274,F,158.8516850971501
CLUSTER_274,G,101.7744489165568
CLUSTER_274,H,175.2888764715864
CLUSTER_274,I,47.290560379272144
CLUSTER_274,J,214.46038140056348
CLUSTER_274,K,157.02449993886378
CLUSTER_274,L,114.07886490722028
CLUSTER_274,M,185.30517568787607
CLUSTER_274,N,124.91598413536771
CLUSTER_274,O,247.83671302705818
CLUSTER_274,P,267.49319355866004
CLUSTER_274,Q,147.61199984350264
CLUSTER_274,R,20.858856488530392
CLUSTER_274,S,33.44882836906442
CLUSTER_274,T,180.8343578678513
CLUSTER_275,A,52.57682769192501
CLUSTER_275,B,191.48349447550126
CLUSTER_275,C,194.50409100944225
CLUSTER_275,D,207.6135501728039
CLUSTER_275,E,258.11013658815347
CLUSTER_275,F,145.68894811711425
CLUSTER_275,G,308.0204072061956
CLUSTER_275,H,94.33107996664107
CLUSTER_275,I,299.5253987037987
CLUSTER_275,J,262.19177304579625
CLUSTER_275,K,271.81484736840474
CLUSTER_275,L,158.17585136898697
CLUSTER_275,M,93.39880935074987
CLUSTER_275,N,128.39728552959707
CLUSTER_275,O,31.578871146467677
CLUSTER_275,P,28.171696568083632
CLUSTER_275,Q,154.19832767878103
CLUSTER_275,R,254.52700758392746
CLUSTER_275,S,253.2224879243606
CLUSTER_275,T,203.36084257717866
CLUSTER_276,A,259.95204111675537
CLUSTER_276,B,142.62927831681588
CLUSTER_276,C,117.18582157327455
CLUSTER_276,D,181.14235104858992
CLUSTER_276,E,140.7012423713296
CLUSTER_276,F,198.35737684311272
CLUSTER_276,G,128.00100684550705
CLUSTER_276,H,240.3458447169246
CLUSTER_276,I,37.1759360201318
CLUSTER_276,J,270.72789685614515
CLUSTER_276,K,207.15506613906584
CLUSTER_276,L,160.74073012550966
CLUSTER_276,M,235.42018503454693
CLUSTER_276,N,187.56324262015883
CLUSTER_276,O,303.4814582820438
CLUSTER_276,P,329.1680458834172
CLUSTER_276,Q,214.38470069423673
CLUSTER_276,R,57.68403666809347
CLUSTER_276,S,89.48045773230798
CLUSTER_276,T,243.99092920764772
CLUSTER_277,A,52.361831557270534
CLUSTER_277,B,189.11561103298504
CLUSTER_277,C,195.22473464157673
CLUSTER_277,D,202.6961118651777
CLUSTER_277,E,254.298892511132
CLUSTER_277,F,151.16874665810707
CLUSTER_277,G,304.61416595962044
CLUSTER_277,H,89.49364858391677
CLUSTER_277,I,299.02279335375385
CLUSTER_277,J,254.4260287671763
CLUSTER_277,K,265.8474606286828
CLUSTER_277,L,161.01126794300407
CLUSTER_277,M,99.05747157564738
CLUSTER_277,N,127.28228199217864
CLUSTER_277,O,41.15651419525812
CLUSTER_277,P,20.707375096873143
CLUSTER_277,Q,148.62375272140827
CLUSTER_277,R,254.91455872743597
CLUSTER_277,S,251.50893786163715
CLUSTER_277,T,196.0701327345984
CLUSTER_278,A,84.85414465117951
CLUSTER_278,B,96.58327286099963
CLUSTER_278,C,135.59903454068714
CLUSTER_278,D,88.99804913992124
CLUSTER_278,E,145.28669661508613
CLUSTER_278,F,161.22448081331245
CLUSTER_278,G,196.89719840514772
CLUSTER_278,H,33.093338119708925
CLUSTER_278,I,214.7055377312322
CLUSTER_278,J,144.0922380480037
CLUSTER_278,K,149.1761279974339
CLUSTER_278,L,135.62688911520542
CLUSTER_278,M,131.7754013288947
CLUSTER_278,N,70.05720326942124
CLUSTER_278,O,139.58456742421455
CLUSTER_278,P,122.5292598784279
CLUSTER_278,Q,33.46786042025453
CLUSTER_278,R,182.98299794934735
CLUSTER_278,S,158.86080891816866
CLUSTER_278,T,83.26091271572936
CLUSTER_279,A,204.20253946086405
CLUSTER_279,B,70.42259708449402
CLUSTER_279,C,118.30702844034482
CLUSTER_279,D,54.62877255792849
CLUSTER_279,E,4.311790666415534
CLUSTER_279,F,210.78247327551733
CLUSTER_279,G,55.86483910555213
CLUSTER_279,H,161.01159473211558
CLUSTER_279,I,106.15697970845792
CLUSTER_279,J,128.9586038233155
CLUSTER_279,K,67.70503726838643
CLUSTER_279,L,164.249390322932
CLUSTER_279,M,216.8267428477348
CLUSTER_279,N,134.18987323274163
CLUSTER_279,O,260.4813783683326
CLUSTER_279,P,260.0641813213919
CLUSTER_279,Q,108.05065083621412
CLUSTER_279,R,110.15832995063093
CLUSTER_279,S,56.324082438153376
CLUSTER_279,T,110.05927116715822
CLUSTER_28,A,246.0622451282303
CLUSTER_28,B,141.1177469527453
CLUSTER_28,C,198.5838181065259
CLUSTER_28,D,89.97614955477893
CLUSTER_28,E,85.5814374168707
CLUSTER_28,F,281.9863130893744
CLUSTER_28,G,103.43343735649529
CLUSTER_28,H,195.08005546709174
CLUSTER_28,I,186.0063228871022
CLUSTER_28,J,63.05562442752115
CLUSTER_28,K,20.34573569174787
CLUSTER_28,L,238.0167371000007
CLUSTER_28,M,276.0580957453682
CLUSTER_28,N,191.50450955473704
CLUSTER_28,O,302.7962167199999
CLUSTER_28,P,285.700176542573
CLUSTER_28,Q,134.7380644063757
CLUSTER_28,R,196.29632109091915
CLUSTER_28,S,142.20662354887648
CLUSTER_28,T,90.97559399515741
CLUSTER_280,A,157.30529551289732
CLUSTER_280,B,57.566757215066836
CLUSTER_280,C,17.100952878598157
CLUSTER_280,D,113.24591268237731
CLUSTER_280,E,108.77786891084715
CLUSTER_280,F,115.17195368807963
CLUSTER_280,G,136.65832591660285
CLUSTER_280,H,139.26273455893605
CLUSTER_280,I,92.02768488525012
CLUSTER_280,J,216.08268581843615
CLUSTER_280,K,169.26886236651995
CLUSTER_280,L,69.18520348992006
CLUSTER_280,M,139.66342534530733
CLUSTER_280,N,84.99341375730674
CLUSTER_280,O,203.20744885487622
CLUSTER_280,P,226.31344642357803
CLUSTER_280,Q,125.00276040664285
CLUSTER_280,R,45.27857643174992
CLUSTER_280,S,63.589384161937865
CLUSTER_280,T,171.55869093565443
CLUSTER_281,A,244.3448013668944
CLUSTER_281,B,124.5733642827576
CLUSTER_281,C,177.60688296486524
CLUSTER_281,D,83.11778764055353
CLUSTER_281,E,58.22737952735468
CLUSTER_281,F,266.9440028685521
CLUSTER_281,G,69.69653509044137
CLUSTER_281,H,195.56298301779685
CLUSTER_281,I,153.66104548995003
CLUSTER_281,J,93.84817086781068
CLUSTER_281,K,27.01766506816664
CLUSTER_281,L,221.28860181321895
CLUSTER_281,M,267.0461616470071
CLUSTER_281,N,182.26731685855768
CLUSTER_281,O,301.51730381676265
CLUSTER_281,P,290.96730627082104
CLUSTER_281,Q,135.81075617388868
CLUSTER_281,R,167.9449941994922
CLUSTER_281,S,113.66968525199636
CLUSTER_281,T,106.45517606331198
CLUSTER_282,A,229.70737726802673
CLUSTER_282,B,103.27954141779539
CLUSTER_282,C,90.91991629447622
CLUSTER_282,D,138.8689653671549
CLUSTER_282,E,99.66421190788074
CLUSTER_282,F,183.8999894703367
CLUSTER_282,G,95.59726778163818
CLUSTER_282,H,204.75997816854303
CLUSTER_282,I,17.74011960157732
CLUSTER_282,J,229.12898119910676
CLUSTER_282,K,166.90209904016854
CLUSTER_282,L,140.840077635019
CLUSTER_282,M,213.54209916708757
CLUSTER_282,N,154.86635960589877
CLUSTER_282,O,277.31704232240924
CLUSTER_282,P,297.4433430958755
CLUSTER_282,Q,174.1048916407804
CLUSTER_282,R,34.173078890177656
CLUSTER_282,S,47.120506989255304
CLUSTER_282,T,201.66934840240506
CLUSTER_283,A,21.03579743314312
CLUSTER_283,B,157.10083173799575
CLUSTER_283,C,163.52622135808573
CLUSTER_283,D,173.6031903087858
CLUSTER_283,E,223.53107284149633
CLUSTER_283,F,128.22300962172872
CLUSTER_283,G,273.4058464731916
CLUSTER_283,H,60.66183717222923
CLUSTER_283,I,266.7162560225514
CLUSTER_283,J,233.34661919789858
CLUSTER_283,K,238.88523061662607
CLUSTER_283,L,131.93186072510287
CLUSTER_283,M,78.26150012433325
CLUSTER_283,N,94.93071824103211
CLUSTER_283,O,49.31447540876114
CLUSTER_283,P,49.04669065146222
CLUSTER_283,Q,121.02749248653404
CLUSTER_283,R,222.94659076042365
CLUSTER_283,S,219.24574704512358
CLUSTER_283,T,173.3562373205436
CLUSTER_284,A,186.27718207577306
CLUSTER_284,B,63.40513698828416
CLUSTER_284,C,51.088939788922204
CLUSTER_284,D,109.02806254902765
CLUSTER_284,E,87.4042787107065
CLUSTER_284,F,148.8205771647923
CLUSTER_284,G,106.23338091429586
CLUSTER_284,H,161.74597646650633
CLUSTER_284,I,60.745232213681135
CLUSTER_284,J,207.83115447846612
CLUSTER_284,K,153.13466365829152
CLUSTER_284,L,103.16662346780761
CLUSTER_284,M,173.13447635537977
CLUSTER_284,N,111.30501344026119
CLUSTER_284,O,234.7378425047422
CLUSTER_284,P,253.88170342990264
CLUSTER_284,Q,135.44690542526098
CLUSTER_284,R,27.259452394324228
CLUSTER_284,S,33.70650582632936
CLUSTER_284,T,171.36613435399616
CLUSTER_285,A,216.63604905577765
CLUSTER_285,B,102.66795134980997
CLUSTER_285,C,74.07833230581318
CLUSTER_285,D,147.38035667197138
CLUSTER_285,E,117.36932125437538
CLUSTER_285,F,160.698103634315
CLUSTER_285,G,121.16314569316707
CLUSTER_285,H,197.40426582543594
CLUSTER_285,I,42.035823816788415
CLUSTER_285,J,243.5968167021771
CLUSTER_285,K,184.90703596921247
CLUSTER_285,L,120.035258290036
CLUSTER_285,M,194.25459052950345
CLUSTER_285,N,144.20582987344443
CLUSTER_285,O,261.0018623979137
CLUSTER_285,P,285.77251618503584
CLUSTER_285,Q,174.7009129763955
CLUSTER_285,R,14.345867726550006
CLUSTER_285,S,60.9335085855625
CLUSTER_285,T,210.10603646182105
CLUSTER_286,A,126.93403498709891
CLUSTER_286,B,161.5023432702892
CLUSTER_286,C,113.98589859087447
CLUSTER_286,D,213.22548442027207
CLUSTER_286,E,232.06798158392328
CLUSTER_286,F,21.11332893864242
CLUSTER_286,G,266.0698889565414
CLUSTER_286,H,155.24552545606414
CLUSTER_286,I,211.78014768236272
CLUSTER_286,J,309.5916762819549
CLUSTER_286,K,281.56718387141115
CLUSTER_286,L,64.68030167444287
CLUSTER_286,M,66.14632394509303
CLUSTER_286,N,118.2953296460209
CLUSTER_286,O,134.1455998315917
CLUSTER_286,P,185.3546809065239
CLUSTER_286,Q,189.54413039382405
CLUSTER_286,R,160.90772437881904
CLUSTER_286,S,193.3545687207827
CLUSTER_286,T,251.9508802758466
CLUSTER_287,A,260.7227234670464
CLUSTER_287,B,155.7354635521851
CLUSTER_287,C,212.66412164076033
CLUSTER_287,D,105.04225477979051
CLUSTER_287,E,97.49943641415824
CLUSTER_287,F,296.8868263169933
CLUSTER_287,G,109.37336817970909
CLUSTER_287,H,209.57268489533288
CLUSTER_287,I,195.18822837809475
CLUSTER_287,J,67.12043117514494
CLUSTER_287,K,35.07572251479892
CLUSTER_287,L,252.74654324079972
CLUSTER_287,M,291.1238542752431
CLUSTER_287,N,206.57722307303794
CLUSTER_287,O,317.3585173799619
CLUSTER_287,P,299.28337579725934
CLUSTER_287,Q,149.3277952046343
CLUSTER_287,R,208.18839961120602
CLUSTER_287,S,153.91836455603382
CLUSTER_287,T,103.14467276394956
CLUSTER_288,A,196.07670304652106
CLUSTER_288,B,61.123431253435704
CLUSTER_288,C,109.0452578153194
CLUSTER_288,D,51.13996368093571
CLUSTER_288,E,13.103351900147086
CLUSTER_288,F,201.27484417001602
CLUSTER_288,G,62.35555396223894
CLUSTER_288,H,153.82229351000313
CLUSTER_288,I,103.31314453813008
CLUSTER_288,J,133.12851790436355
CLUSTER_288,K,74.52779337413006
CLUSTER_288,L,154.7497637238533
CLUSTER_288,M,207.609699565168
CLUSTER_288,N,125.32473706780709
CLUSTER_288,O,252.13223450493473
CLUSTER_288,P,252.9756997279394
CLUSTER_288,Q,102.53099378522386
CLUSTER_288,R,103.39543018916721
CLUSTER_288,S,50.46848775144483
CLUSTER_288,T,109.79623929711244
CLUSTER_289,A,13.190976422867875
CLUSTER_289,B,128.9452147207048
CLUSTER_289,C,129.86148446083894
CLUSTER_289,D,153.84537592198413
CLUSTER_289,E,198.99584816116317
CLUSTER_289,F,99.29982450751162
CLUSTER_289,G,247.3205656077436
CLUSTER_289,H,49.71621160975563
CLUSTER_289,I,234.5210106773845
CLUSTER_289,J,226.36044851717276
CLUSTER_289,K,222.34016838083588
CLUSTER_289,L,98.0767672202095
CLUSTER_289,M,54.83318649772276
CLUSTER_289,N,64.16108007317548
CLUSTER_289,O,65.70500120725832
CLUSTER_289,P,83.20874189331184
CLUSTER_289,Q,106.36157757610037
CLUSTER_289,R,189.65909787390387
CLUSTER_289,S,189.20684686153183
CLUSTER_289,T,165.34093050273486
CLUSTER_29,A,241.82473057501235
CLUSTER_29,B,108.5378884408218
CLUSTER_29,C,152.4014943783521
CLUSTER_29,D,86.06246382991168
CLUSTER_29,E,34.34813458590196
CLUSTER_29,F,247.39120493660712
CLUSTER_29,G,30.826623403717495
CLUSTER_29,H,197.24167686308755
CLUSTER_29,I,113.64785828659235
CLUSTER_29,J,130.95438431434064
CLUSTER_29,K,62.451385196934915
CLUSTER_29,L,200.51834924538377
CLUSTER_29,M,255.0398798095855
CLUSTER_29,N,172.49868533068192
CLUSTER_29,O,298.350609250431
CLUSTER_29,P,295.8402085319149
CLUSTER_29,Q,141.5080499673829
CLUSTER_29,R,132.78220760940724
CLUSTER_29,S,79.68617944480165
CLUSTER_29,T,129.7460291236091
CLUSTER_290,A,134.04755580827202
CLUSTER_290,B,25.343434059243055
CLUSTER_290,C,35.966996891338184
CLUSTER_290,D,82.3851907945204
CLUSTER_290,E,94.00136605133132
CLUSTER_290,F,120.13249154459874
CLUSTER_290,G,133.5033457973255
CLUSTER_290,H,107.82745150081877
CLUSTER_290,I,114.08337008954784
CLUSTER_290,J,185.26433471217769
CLUSTER_290,K,145.45639964629947
CLUSTER_290,L,73.7904090125282
CLUSTER_290,M,130.51154187066945
CLUSTER_290,N,58.25986838419616
CLUSTER_290,O,185.23640244097982
CLUSTER_290,P,200.48265436653577
CLUSTER_290,Q,88.81347633946939
CLUSTER_290,R,75.97926573451521
CLUSTER_290,S,67.78896375585362
CLUSTER_290,T,137.25787617826526
CLUSTER_291,A,258.55007647767076
CLUSTER_291,B,125.52508352979905
CLUSTER_291,C,123.09818229909445
CLUSTER_291,D,150.2038015246752
CLUSTER_291,E,100.63583726909165
CLUSTER_291,F,217.37399232718087
CLUSTER_291,G,79.13839391713987
CLUSTER_291,H,229.7486630808236
CLUSTER_291,I,17.921049754293158
CLUSTER_291,J,229.98808757504298
CLUSTER_291,K,163.73914869669474
CLUSTER_291,L,173.8633491435854
CLUSTER_291,M,245.80824412230888
CLUSTER_291,N,182.89923923721403
CLUSTER_291,O,307.919500704984
CLUSTER_291,P,324.96470917466763
CLUSTER_291,Q,192.72204995789662
CLUSTER_291,R,67.73536804300797
CLUSTER_291,S,62.298304810148856
CLUSTER_291,T,211.12930221840196
CLUSTER_292,A,245.29757801420763
CLUSTER_292,B,111.57987721470141
CLUSTER_292,C,111.60711741962673
CLUSTER_292,D,136.883323916719
CLUSTER_292,E,89.0243321337813
CLUSTER_292,F,207.36848013161878
CLUSTER_292,G,73.645391223976
CLUSTER_292,H,215.8995586483197
CLUSTER_292,I,17.84642645793354
CLUSTER_292,J,219.01457747860772
CLUSTER_292,K,153.71179721489568
CLUSTER_292,L,163.02297240252318
CLUSTER_292,M,234.07871732165074
CLUSTER_292,N,169.54176720895262
CLUSTER_292,O,295.2002039447589
CLUSTER_292,P,311.3947873701185
CLUSTER_292,Q,178.7830610250412
CLUSTER_292,R,59.29329562508996
CLUSTER_292,S,48.305771233607125
CLUSTER_292,T,198.23489341951452
CLUSTER_293,A,42.20484098981909
CLUSTER_293,B,146.77726016722602
CLUSTER_293,C,131.72776833139852
CLUSTER_293,D,181.01955267125155
CLUSTER_293,E,220.1440741150191
CLUSTER_293,F,72.7736615128867
CLUSTER_293,G,265.5922664292351
CLUSTER_293,H,85.61819330393658
CLUSTER_293,I,240.1686388499165
CLUSTER_293,J,260.40314850983987
CLUSTER_293,K,251.00081932182226
CLUSTER_293,L,88.1076079718235
CLUSTER_293,M,21.246637110359025
CLUSTER_293,N,81.95862196062566
CLUSTER_293,O,56.77459476449162
CLUSTER_293,P,99.02025642055732
CLUSTER_293,Q,138.45917763218824
CLUSTER_293,R,191.778195789359
CLUSTER_293,S,201.46363581511375
CLUSTER_293,T,199.45929509165342
CLUSTER_294,A,55.112513883942064
CLUSTER_294,B,95.60432751526109
CLUSTER_294,C,119.3174543305052
CLUSTER_294,D,107.19359415624959
CLUSTER_294,E,157.76136031194122
CLUSTER_294,F,129.32926342005777
CLUSTER_294,G,208.28662916955676
CLUSTER_294,H,9.695050423117499
CLUSTER_294,I,211.4350083605191
CLUSTER_294,J,176.05939326810272
CLUSTER_294,K,173.64438870537967
CLUSTER_294,L,108.66437764228867
CLUSTER_294,M,97.99603115596058
CLUSTER_294,N,46.81589300183706
CLUSTER_294,O,111.99407772250194
CLUSTER_294,P,107.32636755161388
CLUSTER_294,Q,56.347246252699954
CLUSTER_294,R,173.3821600760917
CLUSTER_294,S,159.3598226197124
CLUSTER_294,T,115.03578825268964
CLUSTER_295,A,157.09352963721437
CLUSTER_295,B,41.36371342539419
CLUSTER_295,C,30.33512527967933
CLUSTER_295,D,95.48045699639229
CLUSTER_295,E,91.09145540343788
CLUSTER_295,F,127.91018287816523
CLUSTER_295,G,122.20413425816072
CLUSTER_295,H,133.12400438165704
CLUSTER_295,I,89.96982097224446
CLUSTER_295,J,198.0339406545172
CLUSTER_295,K,150.78774515815994
CLUSTER_295,L,80.94278711889633
CLUSTER_295,M,146.80800921558549
CLUSTER_295,N,82.02965047778382
CLUSTER_295,O,206.25436752115996
CLUSTER_295,P,224.60693586796546
CLUSTER_295,Q,111.76185505440118
CLUSTER_295,R,50.7301959303208
CLUSTER_295,S,50.64360391818183
CLUSTER_295,T,154.93291891989367
CLUSTER_296,A,238.28717599749342
CLUSTER_296,B,116.15626375217634
CLUSTER_296,C,96.98301076403216
CLUSTER_296,D,153.8374498659906
CLUSTER_296,E,114.92025827154002
CLUSTER_296,F,185.670904539879
CLUSTER_296,G,108.1121546517958
CLUSTER_296,H,215.80122002170236
CLUSTER_296,I,19.2501998794532
CLUSTER_296,J,244.48836982977997
CLUSTER_296,K,182.02849607958112
CLUSTER_296,L,144.56990298204366
CLUSTER_296,M,218.46218626347834
CLUSTER_296,N,164.40363008418092
CLUSTER_296,O,284.1931316267166
CLUSTER_296,P,306.7811844150388
CLUSTER_296,Q,187.6108196130937
CLUSTER_296,R,36.88616250569488
CLUSTER_296,S,62.30685735546144
CLUSTER_296,T,216.70930765109978
CLUSTER_297,A,185.02934369997595
CLUSTER_297,B,90.4723895790706
CLUSTER_297,C,151.1347660153276
CLUSTER_297,D,33.5807187190413
CLUSTER_297,E,68.15267477493703
CLUSTER_297,F,225.69377328348025
CLUSTER_297,G,112.59158720248729
CLUSTER_297,H,134.328488410584
CLUSTER_297,I,170.25942323872798
CLUSTER_297,J,70.71375515851777
CLUSTER_297,K,44.08760465674566
CLUSTER_297,L,183.91997974003812
CLUSTER_297,M,216.0621035225326
CLUSTER_297,N,132.21024523410327
CLUSTER_297,O,241.86746761025591
CLUSTER_297,P,227.19166616113375
CLUSTER_297,Q,73.89098123594958
CLUSTER_297,R,164.51717075956645
CLUSTER_297,S,115.4782758407077
CLUSTER_297,T,46.28641823410151
CLUSTER_298,A,16.10586470800943
CLUSTER_298,B,141.79515267207006
CLUSTER_298,C,137.99916703339522
CLUSTER_298,D,168.55595261476157
CLUSTER_298,E,212.78960274256121
CLUSTER_298,F,95.57235425021952
CLUSTER_298,G,260.5835196630176
CLUSTER_298,H,64.14328820354814
CLUSTER_298,I,244.37752859345272
CLUSTER_298,J,241.09190559735038
CLUSTER_298,K,237.24008935081284
CLUSTER_298,L,101.49865162688643
CLUSTER_298,M,46.60251383891386
CLUSTER_298,N,76.33529650787555
CLUSTER_298,O,52.395519074297574
CLUSTER_298,P,79.08304319257694
CLUSTER_298,Q,121.34928860225068
CLUSTER_298,R,198.2445205079086
CLUSTER_298,S,200.85596253424038
CLUSTER_298,T,180.09051979899968
CLUSTER_299,A,109.55459350993672
CLUSTER_299,B,121.59220520688577
CLUSTER_299,C,76.6432582223975
CLUSTER_299,D,173.65878059608295
CLUSTER_299,E,192.56713006863265
CLUSTER_299,F,22.012237502636843
CLUSTER_299,G,228.07682926780197
CLUSTER_299,H,126.1339445230365
CLUSTER_299,I,180.22431603920924
CLUSTER_299,J,271.23487505387055
CLUSTER_299,K,241.7098701041227
CLUSTER_299,L,25.195045607619218
CLUSTER_299,M,60.737138661149274
CLUSTER_299,N,81.90531257614143
CLUSTER_299,O,133.73757631060747
CLUSTER_299,P,175.89247900331705
CLUSTER_299,Q,153.00622440904206
CLUSTER_299,R,129.22185313531335
CLUSTER_299,S,156.07539390033455
CLUSTER_299,T,214.63620958514122
CLUSTER_3,A,206.9082645922127
CLUSTER_3,B,102.89591489909941
CLUSTER_3,C,162.10486868592056
CLUSTER_3,D,49.71546747516992
CLUSTER_3,E,61.64823679520245
CLUSTER_3,F,242.3375620895031
CLUSTER_3,G,98.44644516032463
CLUSTER_3,H,156.57272138507838
CLUSTER_3,I,166.38261085350535
CLUSTER_3,J,68.60230354131583
CLUSTER_3,K,21.756025074582798
CLUSTER_3,L,199.03196703564515
CLUSTER_3,M,235.71058325506945
CLUSTER_3,N,151.16296884477353
CLUSTER_3,O,263.88171556110456
CLUSTER_3,P,249.81817528754374
CLUSTER_3,Q,96.15572857843807
CLUSTER_3,R,167.54649660423846
CLUSTER_3,S,115.36831207965037
CLUSTER_3,T,64.08998841712055
CLUSTER_30,A,30.78498767527438
CLUSTER_30,B,123.62138634133228
CLUSTER_30,C,139.60450776297984
CLUSTER_30,D,136.3327605786297
CLUSTER_30,E,187.29946876205818
CLUSTER_30,F,128.5180820507823
CLUSTER_30,G,237.72150412518118
CLUSTER_30,H,23.277937491407844
CLUSTER_30,I,237.32634522864112
CLUSTER_30,J,198.60194937979625
CLUSTER_30,K,201.56227461517128
CLUSTER_30,L,118.58668529995832
CLUSTER_30,M,87.27790377205986
CLUSTER_30,N,66.83587627617717
CLUSTER_30,O,84.90717948858305
CLUSTER_30,P,78.48336151222001
CLUSTER_30,Q,83.70116939112589
CLUSTER_30,R,196.66940337207674
CLUSTER_30,S,186.96406590384316
CLUSTER_30,T,137.96794796570677
CLUSTER_300,A,204.51850052603322
CLUSTER_300,B,74.94611009586572
CLUSTER_300,C,126.31193443520311
CLUSTER_300,D,49.35680116762804
CLUSTER_300,E,12.757921305167267
CLUSTER_300,F,216.7715147468566
CLUSTER_300,G,60.643402502631076
CLUSTER_300,H,159.60129843617824
CLUSTER_300,I,117.29402536593653
CLUSTER_300,J,117.72164708292891
CLUSTER_300,K,56.71197118054539
CLUSTER_300,L,170.65643652050105
CLUSTER_300,M,220.34530747214413
CLUSTER_300,N,136.63940665910675
CLUSTER_300,O,261.2227793520079
CLUSTER_300,P,258.24201288908864
CLUSTER_300,Q,104.37103284936958
CLUSTER_300,R,121.04995973314159
CLUSTER_300,S,67.45555546866215
CLUSTER_300,T,100.9560904489507
CLUSTER_301,A,167.1930014916416
CLUSTER_301,B,49.72049371518557
CLUSTER_301,C,34.786789218473416
CLUSTER_301,D,101.38772879514632
CLUSTER_301,E,90.80128661737875
CLUSTER_301,F,133.40680035168202
CLUSTER_301,G,117.73601624143375
CLUSTER_301,H,143.62924586877548
CLUSTER_301,I,79.83390101104146
CLUSTER_301,J,203.05639454769945
CLUSTER_301,K,153.08442171048804
CLUSTER_301,L,86.88627329967576
CLUSTER_301,M,155.0116345376759
CLUSTER_301,N,92.36862498145909
CLUSTER_301,O,215.75826230810247
CLUSTER_301,P,234.93489923688568
CLUSTER_301,Q,121.09482746941835
CLUSTER_301,R,40.58977727722793
CLUSTER_301,S,44.81060397341792
CLUSTER_301,T,162.07372082821527
CLUSTER_302,A,236.593932465669
CLUSTER_302,B,97.28723278809375
CLUSTER_302,C,116.91001806731751
CLUSTER_302,D,108.87221732219645
CLUSTER_302,E,55.409112331095756
CLUSTER_302,F,215.52179149452013
CLUSTER_302,G,41.40883972118918
CLUSTER_302,H,201.04379228000747
CLUSTER_302,I,53.42447816737283
CLUSTER_302,J,184.16648754201233
CLUSTER_302,K,118.05325752995697
CLUSTER_302,L,168.99540948669824
CLUSTER_302,M,234.70071420831107
CLUSTER_302,N,161.24798376296238
CLUSTER_302,O,289.75532996279844
CLUSTER_302,P,299.2314503837856
CLUSTER_302,Q,156.60053562782824
CLUSTER_302,R,79.49068119365324
CLUSTER_302,S,38.0414165458421
CLUSTER_302,T,167.6665217081166
CLUSTER_303,A,109.58898655975221
CLUSTER_303,B,82.1645053653237
CLUSTER_303,C,130.94908843938492
CLUSTER_303,D,63.11265922622775
CLUSTER_303,E,120.78333364502062
CLUSTER_303,F,173.30381676275064
CLUSTER_303,G,172.34721547768487
CLUSTER_303,H,57.71999580719058
CLUSTER_303,I,197.97592417405167
CLUSTER_303,J,121.22188818977934
CLUSTER_303,K,121.94973488106832
CLUSTER_303,L,141.40922063320696
CLUSTER_303,M,150.46186421189748
CLUSTER_303,N,76.8219913985438
CLUSTER_303,O,165.49767428978834
CLUSTER_303,P,149.71099724002968
CLUSTER_303,Q,10.164315039762087
CLUSTER_303,R,171.34967045826525
CLUSTER_303,S,140.6820153636203
CLUSTER_303,T,60.35937487946888
CLUSTER_304,A,259.2056880601182
CLUSTER_304,B,161.65610434905415
CLUSTER_304,C,220.07560154851933
CLUSTER_304,D,108.23112015259484
CLUSTER_304,E,108.52217154557353
CLUSTER_304,F,301.18683728581345
CLUSTER_304,G,124.30355648029183
CLUSTER_304,H,207.52979708711058
CLUSTER_304,I,208.59903135381563
CLUSTER_304,J,53.59816022145559
CLUSTER_304,K,42.089877011027184
CLUSTER_304,L,258.00955226873805
CLUSTER_304,M,292.69007216010385
CLUSTER_304,N,208.81239394775164
CLUSTER_304,O,315.32637865603533
CLUSTER_304,P,294.43819304855555
CLUSTER_304,Q,147.96092367909338
CLUSTER_304,R,219.20234618101767
CLUSTER_304,S,165.14784858787024
CLUSTER_304,T,96.77082245218236
CLUSTER_305,A,145.0115790699811
CLUSTER_305,B,108.97594421938057
CLUSTER_305,C,164.68674831749476
CLUSTER_305,D,67.25585821801707
CLUSTER_305,E,123.58790436073444
CLUSTER_305,F,213.77665008199364
CLUSTER_305,G,172.4262448159378
CLUSTER_305,H,93.39434157843581
CLUSTER_305,I,215.76342997442623
CLUSTER_305,J,84.0180471835457
CLUSTER_305,K,102.13683870199024
CLUSTER_305,L,180.63314238197867
CLUSTER_305,M,190.2169431093991
CLUSTER_305,N,116.97989195569951
CLUSTER_305,O,198.64982672357417
CLUSTER_305,P,173.66990788019848
CLUSTER_305,Q,45.94216478616494
CLUSTER_305,R,197.14314436282484
CLUSTER_305,S,157.9016008845355
CLUSTER_305,T,24.263808916139624
CLUSTER_306,A,169.9018927679151
CLUSTER_306,B,37.99602477473921
CLUSTER_306,C,93.59816879195954
CLUSTER_306,D,34.859454247148484
CLUSTER_306,E,38.651144414055146
CLUSTER_306,F,180.30773916643267
CLUSTER_306,G,88.3223037375465
CLUSTER_306,H,127.89125321728906
CLUSTER_306,I,114.7803884947244
CLUSTER_306,J,132.6867765825974
CLUSTER_306,K,84.76195421441876
CLUSTER_306,L,134.71919230849554
CLUSTER_306,M,183.1993152137426
CLUSTER_306,N,99.90697256839073
CLUSTER_306,O,226.05814501044284
CLUSTER_306,P,227.05806697600445
CLUSTER_306,Q,78.88508146722626
CLUSTER_306,R,102.5972853671346
CLUSTER_306,S,57.11099665640341
CLUSTER_306,T,97.7667099399306
CLUSTER_307,A,128.27846316024628
CLUSTER_307,B,146.09998059084597
CLUSTER_307,C,96.1136510523043
CLUSTER_307,D,199.33223070806818
CLUSTER_307,E,215.3381434431581
CLUSTER_307,F,19.137382423253086
CLUSTER_307,G,248.1288637778531
CLUSTER_307,H,150.46673585143034
CLUSTER_307,I,192.88857148089158
CLUSTER_307,J,297.56236001360116
CLUSTER_307,K,266.7044626273704
CLUSTER_307,L,48.99222253721488
CLUSTER_307,M,71.42959976969925
CLUSTER_307,N,108.2764645984423
CLUSTER_307,O,143.1404377591525
CLUSTER_307,P,190.89800685690327
CLUSTER_307,Q,179.45230926032858
CLUSTER_307,R,142.02064803467192
CLUSTER_307,S,175.2108498949378
CLUSTER_307,T,241.11013110858306
CLUSTER_308,A,289.287148447478
CLUSTER_308,B,150.6458813838302
CLUSTER_308,C,180.31911764424856
CLUSTER_308,D,140.07193888719144
CLUSTER_308,E,82.85474784357217
CLUSTER_308,F,278.83685665945
CLUSTER_308,G,31.85288281939548
CLUSTER_308,H,247.87579270457957
CLUSTER_308,I,104.23770358610835
CLUSTER_308,J,180.01890492729086
CLUSTER_308,K,112.53365689349448
CLUSTER_308,L,231.9800681966482
CLUSTER_308,M,294.6169223244797
CLUSTER_308,N,216.31243100611002
CLUSTER_308,O,344.62479245949606
CLUSTER_308,P,347.01920098526034
CLUSTER_308,Q,194.84236207899195
CLUSTER_308,R,142.3859354086552
CLUSTER_308,S,100.79397158620219
CLUSTER_308,T,185.210241273749
CLUSTER_309,A,109.51522097831705
CLUSTER_309,B,141.3617425140706
CLUSTER_309,C,97.63136200588205
CLUSTER_309,D,192.0219718885283
CLUSTER_309,E,213.0724919457842
CLUSTER_309,F,1.0226810251023608
CLUSTER_309,G,249.06236971458432
CLUSTER_309,H,134.32233785980543
CLUSTER_309,I,200.19221496172213
CLUSTER_309,J,287.75402577647975
CLUSTER_309,K,260.8122988845573
CLUSTER_309,L,46.07124679049165
CLUSTER_309,M,52.306974903513165
CLUSTER_309,N,96.32267991240825
CLUSTER_309,O,124.4568468204233
CLUSTER_309,P,171.7061413311874
CLUSTER_309,Q,167.5636429055681
CLUSTER_309,R,149.11737290271878
CLUSTER_309,S,177.08425841587714
CLUSTER_309,T,229.98787112733967
CLUSTER_31,A,136.2174933408584
CLUSTER_31,B,44.442568776476826
CLUSTER_31,C,16.823267205661786
CLUSTER_31,D,101.58026436689362
CLUSTER_31,E,108.74389804520544
CLUSTER_31,F,106.47866039650641
CLUSTER_31,G,143.89027424708587
CLUSTER_31,H,116.97751732914527
CLUSTER_31,I,111.25654633765039
CLUSTER_31,J,204.51804650169734
CLUSTER_31,K,163.47047147738078
CLUSTER_31,L,59.40812018690714
CLUSTER_31,M,123.66043719420517
CLUSTER_31,N,62.87394831123863
CLUSTER_31,O,183.92443093329703
CLUSTER_31,P,204.7496865695034
CLUSTER_31,Q,105.65386226016628
CLUSTER_31,R,67.0337180143158
CLUSTER_31,S,73.50511989593318
CLUSTER_31,T,156.21540376527588
CLUSTER_310,A,84.91009244671
CLUSTER_310,B,205.0240685624476
CLUSTER_310,C,222.7359814514383
CLUSTER_310,D,206.16301195734647
CLUSTER_310,E,262.1732849393508
CLUSTER_310,F,192.25042232519286
CLUSTER_310,G,313.6790288779831
CLUSTER_310,H,100.30156228146085
CLUSTER_310,I,320.61596804635536
CLUSTER_310,J,239.19695867381625
CLUSTER_310,K,262.08895098866924
CLUSTER_310,L,195.66376351424714
CLUSTER_310,M,141.08006658626496
CLUSTER_310,N,150.46297773329087
CLUSTER_310,O,85.50987372879156
CLUSTER_310,P,27.058040738237914
CLUSTER_310,Q,150.6555981686411
CLUSTER_310,R,280.3424515655894
CLUSTER_310,S,268.8422336484471
CLUSTER_310,T,185.54303080188998
CLUSTER_311,A,180.39852168016472
CLUSTER_311,B,91.8130384840803
CLUSTER_311,C,40.266642207600206
CLUSTER_311,D,146.40285742234718
CLUSTER_311,E,133.97657476338213
CLUSTER_311,F,116.24139586365553
CLUSTER_311,G,152.19006561999953
CLUSTER_311,H,169.11692805307555
CLUSTER_311,I,85.76664099468303
CLUSTER_311,J,248.5923707003946
CLUSTER_311,K,198.1697281480019
CLUSTER_311,L,77.1473314553113
CLUSTER_311,M,151.85450250624447
CLUSTER_311,N,113.301930515011
CLUSTER_311,O,220.79326050484556
CLUSTER_311,P,250.34918394026036
CLUSTER_311,Q,159.2825177183275
CLUSTER_311,R,35.335085161153536
CLUSTER_311,S,80.87410109886703
CLUSTER_311,T,205.75687792842027
CLUSTER_312,A,253.74211525029384
CLUSTER_312,B,140.6302000651825
CLUSTER_312,C,195.63237543470143
CLUSTER_312,D,94.10523887279699
CLUSTER_312,E,77.84523377049408
CLUSTER_312,F,282.7876781003868
CLUSTER_312,G,88.18298397374159
CLUSTER_312,H,203.633850653385
CLUSTER_312,I,173.8668405951811
CLUSTER_312,J,80.99611363236555
CLUSTER_312,K,25.558199936069304
CLUSTER_312,L,237.7580635293166
CLUSTER_312,M,280.16573971564736
CLUSTER_312,N,195.2735857457996
CLUSTER_312,O,310.7915710432488
CLUSTER_312,P,296.5941565906685
CLUSTER_312,Q,143.23719732194527
CLUSTER_312,R,188.08170040581743
CLUSTER_312,S,133.78228497705618
CLUSTER_312,T,105.08969083594887
CLUSTER_313,A,213.82320486818008
CLUSTER_313,B,142.00965465597326
CLUSTER_313,C,202.83160686785286
CLUSTER_313,D,84.9747075391422
CLUSTER_313,E,115.06690720704707
CLUSTER_313,F,270.8861646071972
CLUSTER_313,G,150.00112275665523
CLUSTER_313,H,161.83284726817746
CLUSTER_313,I,219.63953035232493
CLUSTER_313,J,18.228674838548812
CLUSTER_313,K,58.103520010671744
CLUSTER_313,L,231.793141055648
CLUSTER_313,M,254.4689832810793
CLUSTER_313,N,174.41354695415401
CLUSTER_313,O,268.2797403295154
CLUSTER_313,P,242.58929659619466
CLUSTER_313,Q,106.04027236793007
CLUSTER_313,R,217.21442697250632
CLUSTER_313,S,166.95127188654868
CLUSTER_313,T,45.886859887235325
CLUSTER_314,A,44.01190250264749
CLUSTER_314,B,110.14039801154179
CLUSTER_314,C,130.88339878900607
CLUSTER_314,D,120.96829725265268
CLUSTER_314,E,172.32461593124827
CLUSTER_314,F,130.94858644587018
CLUSTER_314,G,222.94940762430372
CLUSTER_314,H,8.10290243005703
CLUSTER_314,I,225.37421380287827
CLUSTER_314,J,184.995471662688
CLUSTER_314,K,186.30891918811204
CLUSTER_314,L,115.36202854745619
CLUSTER_314,M,94.3974550314027
CLUSTER_314,N,57.66528101999437
CLUSTER_314,O,99.7426933803543
CLUSTER_314,P,92.59695483383744
CLUSTER_314,Q,68.47659632001846
CLUSTER_314,R,186.31933564998522
CLUSTER_314,S,173.81675040141187
CLUSTER_314,T,124.11741265871458
CLUSTER_315,A,175.41908877962157
CLUSTER_315,B,81.94807322983893
CLUSTER_315,C,142.7550252878018
CLUSTER_315,D,24.794381361123346
CLUSTER_315,E,67.81822842875388
CLUSTER_315,F,215.88408473292185
CLUSTER_315,G,114.95360796018106
CLUSTER_315,H,124.98448636631569
CLUSTER_315,I,167.32692020122315
CLUSTER_315,J,78.34598618559278
CLUSTER_315,K,53.32090409125139
CLUSTER_315,L,174.4130107704558
CLUSTER_315,M,206.01173340234175
CLUSTER_315,N,122.17809158737394
CLUSTER_315,O,232.3429575287827
CLUSTER_315,P,218.75720759395844
CLUSTER_315,Q,64.57196917149658
CLUSTER_315,R,158.81235865878367
CLUSTER_315,S,111.38549758212652
CLUSTER_315,T,45.32926211205418
CLUSTER_316,A,135.46029971476057
CLUSTER_316,B,98.54828034997468
CLUSTER_316,C,153.25818566361235
CLUSTER_316,D,61.14534241797428
CLUSTER_316,E,119.03386051253662
CLUSTER_316,F,201.823283730006
CLUSTER_316,G,169.0452381519735
CLUSTER_316,H,83.53068934685274
CLUSTER_316,I,207.826275268204
CLUSTER_316,J,93.62391957990246
CLUSTER_316,K,104.58690912572946
CLUSTER_316,L,168.55671131143427
CLUSTER_316,M,179.02402597507702
CLUSTER_316,N,104.94664101652393
CLUSTER_316,O,189.98668779161403
CLUSTER_316,P,167.8613983376961
CLUSTER_316,Q,33.86045424793987
CLUSTER_316,R,187.30698352569144
CLUSTER_316,S,149.8704782239777
CLUSTER_316,T,32.65526327147757
CLUSTER_317,A,51.4919144608568
CLUSTER_317,B,175.26785977774375
CLUSTER_317,C,161.30460071743815
CLUSTER_317,D,206.25913421137173
CLUSTER_317,E,247.9991704340411
CLUSTER_317,F,93.41049836096559
CLUSTER_317,G,294.2883036420153
CLUSTER_317,H,102.70079599032944
CLUSTER_317,I,269.8252840195783
CLUSTER_317,J,279.7924082992735
CLUSTER_317,K,275.47796098569796
CLUSTER_317,L,116.25069143775697
CLUSTER_317,M,42.75892616852234
CLUSTER_317,N,109.83653060247242
CLUSTER_317,O,30.89394132958366
CLUSTER_317,P,84.43184135723492
CLUSTER_317,Q,160.1387147564885
CLUSTER_317,R,221.2216115036174
CLUSTER_317,S,230.98646742204724
CLUSTER_317,T,218.82224922668263
CLUSTER_318,A,91.32096835787907
CLUSTER_318,B,206.2809502102457
CLUSTER_318,C,226.59559581204547
CLUSTER_318,D,204.63338472548338
CLUSTER_318,E,261.3318806198955
CLUSTER_318,F,199.77198543404742
CLUSTER_318,G,312.93034987087094
CLUSTER_318,H,101.83543747156584
CLUSTER_318,I,322.7355904939629
CLUSTER_318,J,233.51084499803594
CLUSTER_318,K,258.7115833738496
CLUSTER_318,L,201.404663851361
CLUSTER_318,M,149.04486958438423
CLUSTER_318,N,153.81592191026783
CLUSTER_318,O,95.27868366723874
CLUSTER_318,P,37.058037856294064
CLUSTER_318,Q,149.30438892786592
CLUSTER_318,R,283.4915905764736
CLUSTER_318,S,270.11718618609194
CLUSTER_318,T,181.11016199156637
CLUSTER_319,A,244.82601206388594
CLUSTER_319,B,105.08273873101615
CLUSTER_319,C,130.10386000674592
CLUSTER_319,D,108.74420933434446
CLUSTER_319,E,51.60340375250447
CLUSTER_319,F,228.67217581137163
CLUSTER_319,G,26.30371518347252
CLUSTER_319,H,207.04039508832662
CLUSTER_319,I,66.30364016699633
CLUSTER_319,J,176.2796466254418
CLUSTER_319,K,108.82307646578295
CLUSTER_319,L,181.89503459431654
CLUSTER_319,M,245.94340060936014
CLUSTER_319,N,170.1924171249478
CLUSTER_319,O,298.91468557807406
CLUSTER_319,P,305.8500459275593
CLUSTER_319,Q,159.42736196021627
CLUSTER_319,R,94.67641116925493
CLUSTER_319,S,50.59249374429155
CLUSTER_319,T,164.64005339402914
CLUSTER_32,A,135.44422155921328
CLUSTER_32,B,103.68512934151258
CLUSTER_32,C,47.490064125909996
CLUSTER_32,D,159.9346647647
CLUSTER_32,E,168.35645109897632
CLUSTER_32,F,57.05108486077011
CLUSTER_32,G,198.65391576857377
CLUSTER_32,H,139.43065446213208
CLUSTER_32,I,144.13013595032973
CLUSTER_32,J,261.7038993997025
CLUSTER_32,K,223.88429653255633
CLUSTER_32,L,24.438921219902237
CLUSTER_32,M,95.76730530478538
CLUSTER_32,N,86.12084948509111
CLUSTER_32,O,167.55683323620357
CLUSTER_32,P,204.577925519159
CLUSTER_32,Q,151.53041290856072
CLUSTER_32,R,93.05415902045753
CLUSTER_32,S,125.52449691810874
CLUSTER_32,T,209.2660083564767
CLUSTER_320,A,31.38692821753403
CLUSTER_320,B,169.32927569588333
CLUSTER_320,C,166.10183766816982
CLUSTER_320,D,192.65219074568375
CLUSTER_320,E,239.23434477175522
CLUSTER_320,F,114.27038279304672
CLUSTER_320,G,287.7330334196915
CLUSTER_320,H,82.48613152456676
CLUSTER_320,I,272.77207498265625
CLUSTER_320,J,258.27757922013006
CLUSTER_320,K,259.949515027354
CLUSTER_320,L,127.37275250429131
CLUSTER_320,M,62.05056299394654
CLUSTER_320,N,104.23610027903209
CLUSTER_320,O,25.78773729018028
CLUSTER_320,P,57.78978800713762
CLUSTER_320,Q,142.49450758802467
CLUSTER_320,R,226.40977093370657
CLUSTER_320,S,229.06395957529676
CLUSTER_320,T,197.78293779698788
CLUSTER_321,A,146.6963056043741
CLUSTER_321,B,27.763647992568877
CLUSTER_321,C,35.62181272208985
CLUSTER_321,D,83.70847298459738
CLUSTER_321,E,87.05490885389987
CLUSTER_321,F,127.71357126465404
CLUSTER_321,G,123.5251728087498
CLUSTER_321,H,120.03925921845506
CLUSTER_321,I,101.47125972021938
CLUSTER_321,J,186.7376065138607
CLUSTER_321,K,142.7288115384769
CLUSTER_321,L,80.74855794866376
CLUSTER_321,M,141.42442546920145
CLUSTER_321,N,70.94076981638833
CLUSTER_321,O,197.5670711624614
CLUSTER_321,P,213.15815743367546
CLUSTER_321,Q,97.33673652712051
CLUSTER_321,R,64.93529521012196
CLUSTER_321,S,55.76580499094148
CLUSTER_321,T,141.75391921193636
CLUSTER_322,A,90.37221851532854
CLUSTER_322,B,52.74843681573094
CLUSTER_322,C,60.6527415324159
CLUSTER_322,D,94.22957231137201
CLUSTER_322,E,126.40420243349323
CLUSTER_322,F,99.85658755746584
CLUSTER_322,G,171.68951255568712
CLUSTER_322,H,68.30044074728573
CLUSTER_322,I,157.39599614218727
CLUSTER_322,J,189.10781756854553
CLUSTER_322,K,164.25543176268832
CLUSTER_322,L,62.53726120836293
CLUSTER_322,M,94.70031791744334
CLUSTER_322,N,14.561756345981063
CLUSTER_322,O,142.59060690370387
CLUSTER_322,P,157.07351470401682
CLUSTER_322,Q,72.22055885643931
CLUSTER_322,R,115.88066034147674
CLUSTER_322,S,110.7259401046828
CLUSTER_322,T,132.6516777978969
CLUSTER_323,A,213.17364044952743
CLUSTER_323,B,78.79379179764453
CLUSTER_323,C,124.68396393958182
CLUSTER_323,D,62.572047857731015
CLUSTER_323,E,4.723030808846975
CLUSTER_323,F,218.3025244251892
CLUSTER_323,G,47.32688401478296
CLUSTER_323,H,169.94963150494644
CLUSTER_323,I,104.36392729184233
CLUSTER_323,J,130.76302250025404
CLUSTER_323,K,66.83528977805136
CLUSTER_323,L,171.59471090577708
CLUSTER_323,M,225.29661759603167
CLUSTER_323,N,142.94727197690256
CLUSTER_323,O,269.4229856575386
CLUSTER_323,P,268.97777988219934
CLUSTER_323,Q,116.59810535924606
CLUSTER_323,R,112.57111812861514
CLUSTER_323,S,58.2826719629718
CLUSTER_323,T,115.78715353163227
CLUSTER_324,A,173.08890296174425
CLUSTER_324,B,74.6723321167627
CLUSTER_324,C,135.41904863441664
CLUSTER_324,D,17.643833359646514
CLUSTER_324,E,61.905208517411936
CLUSTER_324,F,210.05978220766886
CLUSTER_324,G,110.3448412534193
CLUSTER_324,H,123.37507877336125
CLUSTER_324,I,160.06396198683163
CLUSTER_324,J,85.87617586644697
CLUSTER_324,K,55.8595414867902
CLUSTER_324,L,168.03665060775575
CLUSTER_324,M,201.63648765961634
CLUSTER_324,N,117.33073419606227
CLUSTER_324,O,230.17144296263413
CLUSTER_324,P,218.5599977121003
CLUSTER_324,Q,63.34306349228881
CLUSTER_324,R,151.0282019803095
CLUSTER_324,S,103.85467781583858
CLUSTER_324,T,51.887717756346525
CLUSTER_325,A,97.18453441879255
CLUSTER_325,B,224.65497018045627
CLUSTER_325,C,238.61820580743407
CLUSTER_325,D,228.17798121634866
CLUSTER_325,E,283.67201524244047
CLUSTER_325,F,199.66550195347233
CLUSTER_325,G,335.0648167755948
CLUSTER_325,H,120.19397193731955
CLUSTER_325,I,338.93589739747443
CLUSTER_325,J,261.79745881020585
CLUSTER_325,K,284.8357795003869
CLUSTER_325,L,207.92091126338767
CLUSTER_325,M,147.52856363615538
CLUSTER_325,N,167.57044668234582
CLUSTER_325,O,83.3892320004578
CLUSTER_325,P,27.98343566571443
CLUSTER_325,Q,172.64833579313486
CLUSTER_325,R,297.22450817464244
CLUSTER_325,S,288.3122265527722
CLUSTER_325,T,208.39601045265817
CLUSTER_326,A,53.49439940912529
CLUSTER_326,B,159.9747561658057
CLUSTER_326,C,141.3512861628661
CLUSTER_326,D,195.41441654095456
CLUSTER_326,E,233.66333349659257
CLUSTER_326,F,71.99339957881968
CLUSTER_326,G,278.4800457285002
CLUSTER_326,H,99.64204989743251
CLUSTER_326,I,250.01007510376604
CLUSTER_326,J,274.93037583502775
CLUSTER_326,K,265.4769173160281
CLUSTER_326,L,94.88089635621243
CLUSTER_326,M,20.823433907407043
CLUSTER_326,N,95.73774783938293
CLUSTER_326,O,52.505700914538494
CLUSTER_326,P,102.00821373548796
CLUSTER_326,Q,153.07380919935196
CLUSTER_326,R,200.8505550338313
CLUSTER_326,S,213.21902287578365
CLUSTER_326,T,213.96417647508608
CLUSTER_327,A,100.69568787186734
CLUSTER_327,B,180.4142074389249
CLUSTER_327,C,145.6426347553052
CLUSTER_327,D,224.6846105861647
CLUSTER_327,E,254.32070165067617
CLUSTER_327,F,50.84418033751664
CLUSTER_327,G,294.21920900160666
CLUSTER_327,H,142.35605779693992
CLUSTER_327,I,250.93569058360737
CLUSTER_327,J,312.46516485525154
CLUSTER_327,K,295.0262419793801
CLUSTER_327,L,93.48327054377191
CLUSTER_327,M,41.93402162314848
CLUSTER_327,N,123.27311169086646
CLUSTER_327,O,90.46581816708168
CLUSTER_327,P,146.53826312180033
CLUSTER_327,Q,189.62119358286566
CLUSTER_327,R,199.9498019090448
CLUSTER_327,S,223.96454925935205
CLUSTER_327,T,252.18963567374692
CLUSTER_328,A,41.954795854715805
CLUSTER_328,B,169.98346133711507
CLUSTER_328,C,159.3856576015055
CLUSTER_328,D,198.93695859161957
CLUSTER_328,E,242.05096738539365
CLUSTER_328,F,97.50384784233606
CLUSTER_328,G,289.0345584514199
CLUSTER_328,H,93.60093632910863
CLUSTER_328,I,267.5228872770713
CLUSTER_328,J,270.69864526937437
CLUSTER_328,K,267.7536060210649
CLUSTER_328,L,116.39915720814301
CLUSTER_328,M,45.49527200327157
CLUSTER_328,N,104.33262406009231
CLUSTER_328,O,28.482481788438495
CLUSTER_328,P,76.83478736937806
CLUSTER_328,Q,151.75075416252395
CLUSTER_328,R,219.59808467117892
CLUSTER_328,S,227.05033949881926
CLUSTER_328,T,209.78629750569422
CLUSTER_329,A,239.99547120128207
CLUSTER_329,B,187.43344787722455
CLUSTER_329,C,247.98223052500705
CLUSTER_329,D,131.15460733727562
CLUSTER_329,E,162.67169897811854
CLUSTER_329,F,309.359288788605
CLUSTER_329,G,194.33520126356643
CLUSTER_329,H,189.4262186825985
CLUSTER_329,I,267.3852126078931
CLUSTER_329,J,32.85133414734288
CLUSTER_329,K,101.25905717609604
CLUSTER_329,L,273.0578202292631
CLUSTER_329,M,287.3717420839558
CLUSTER_329,N,212.1460229810942
CLUSTER_329,O,290.8569803148149
CLUSTER_329,P,256.6304793723587
CLUSTER_329,Q,141.07161946197962
CLUSTER_329,R,265.04390143539763
CLUSTER_329,S,215.01036125330987
CLUSTER_329,T,78.51760752186735
CLUSTER_33,A,201.46420582585765
CLUSTER_33,B,100.00031009534936
CLUSTER_33,C,58.97002185440804
CLUSTER_33,D,150.4647561550323
CLUSTER_33,E,128.72511572072426
CLUSTER_33,F,139.18544246544627
CLUSTER_33,G,139.30232640348825
CLUSTER_33,H,186.75085129655236
CLUSTER_33,I,64.56273236560791
CLUSTER_33,J,250.29003870101985
CLUSTER_33,K,195.28162236323286
CLUSTER_33,L,100.24684356062855
CLUSTER_33,M,174.9131463360482
CLUSTER_33,N,131.80032496691754
CLUSTER_33,O,243.31620368796916
CLUSTER_33,P,271.2075754640293
CLUSTER_33,Q,170.7398785980582
CLUSTER_33,R,18.806702349505148
CLUSTER_33,S,72.59788897633764
CLUSTER_33,T,212.01893341230422
CLUSTER_330,A,212.4728178261679
CLUSTER_330,B,72.8081638049972
CLUSTER_330,C,99.79590390431925
CLUSTER_330,D,85.82402918654526
CLUSTER_330,E,38.96391401284662
CLUSTER_330,F,197.8433607275722
CLUSTER_330,G,52.29633149572784
CLUSTER_330,H,176.06255608669693
CLUSTER_330,I,66.39298331082334
CLUSTER_330,J,168.8933708024477
CLUSTER_330,K,106.25331539152366
CLUSTER_330,L,150.83562143310152
CLUSTER_330,M,213.42647111909383
CLUSTER_330,N,137.56714384173858
CLUSTER_330,O,266.27413638210277
CLUSTER_330,P,274.4291406165131
CLUSTER_330,Q,131.79748984200836
CLUSTER_330,R,75.05776103988974
CLUSTER_330,S,22.039895782434762
CLUSTER_330,T,146.49436918177898
CLUSTER_331,A,80.37731099620038
CLUSTER_331,B,142.87849820495165
CLUSTER_331,C,111.18337956062645
CLUSTER_331,D,187.49618077689848
CLUSTER_331,E,216.8701256559682
CLUSTER_331,F,31.771907169407825
CLUSTER_331,G,257.47822458546096
CLUSTER_331,H,112.60428835691633
CLUSTER_331,I,218.61773319187563
CLUSTER_331,J,277.27914545027886
CLUSTER_331,K,257.7415601213932
CLUSTER_331,L,60.265286335641015
CLUSTER_331,M,20.527584024973258
CLUSTER_331,N,86.46833410861029
CLUSTER_331,O,93.01013734738073
CLUSTER_331,P,140.16343198900515
CLUSTER_331,Q,154.72738524806678
CLUSTER_331,R,168.15348252005938
CLUSTER_331,S,188.12146925654096
CLUSTER_331,T,217.59635213012245
CLUSTER_332,A,43.66312688432549
CLUSTER_332,B,174.23315165457024
CLUSTER_332,C,184.87157926841246
CLUSTER_332,D,185.02768905647136
CLUSTER_332,E,237.59902806056348
CLUSTER_332,F,150.4565417212835
CLUSTER_332,G,288.2811606434941
CLUSTER_332,H,72.30638681998478
CLUSTER_332,I,286.41121634852277
CLUSTER_332,J,235.5161270557999
CLUSTER_332,K,247.38787378146816
CLUSTER_332,L,154.6879386851205
CLUSTER_332,M,99.64818273943055
CLUSTER_332,N,114.56022864188056
CLUSTER_332,O,54.73481559707064
CLUSTER_332,P,28.06257715253462
CLUSTER_332,Q,130.518805445536
CLUSTER_332,R,243.7734266478082
CLUSTER_332,S,237.30097957861264
CLUSTER_332,T,177.1519505167491
CLUSTER_333,A,130.17055561875085
CLUSTER_333,B,81.5087582435473
CLUSTER_333,C,27.170911234520855
CLUSTER_333,D,137.89195462299728
CLUSTER_333,E,146.95888787123675
CLUSTER_333,F,71.73370151946474
CLUSTER_333,G,179.25176783592266
CLUSTER_333,H,126.27920607524676
CLUSTER_333,I,131.7987337604837
CLUSTER_333,J,239.93712797340612
CLUSTER_333,K,201.7288538478014
CLUSTER_333,L,26.619547867287263
CLUSTER_333,M,100.54539011443728
CLUSTER_333,N,70.78689130798733
CLUSTER_333,O,168.90704909395572
CLUSTER_333,P,200.16332747873943
CLUSTER_333,Q,132.0213142209388
CLUSTER_333,R,81.35588785051031
CLUSTER_333,S,106.64895514213858
CLUSTER_333,T,188.33503463277097
CLUSTER_334,A,103.51593059892222
CLUSTER_334,B,237.26587397902242
CLUSTER_334,C,246.39526656049392
CLUSTER_334,D,244.69415290405783
CLUSTER_334,E,299.04108068820807
CLUSTER_334,F,198.7979856577223
CLUSTER_334,G,350.1298411058678
CLUSTER_334,H,134.07766052698727
CLUSTER_334,I,349.33019100995483
CLUSTER_334,J,282.4022055923936
CLUSTER_334,K,303.31975192065937
CLUSTER_334,L,211.9139047574382
CLUSTER_334,M,146.56265171106602
CLUSTER_334,N,177.40786218897446
CLUSTER_334,O,76.77410334772215
CLUSTER_334,P,35.17750284323162
CLUSTER_334,Q,189.30932155133962
CLUSTER_334,R,305.90870424203973
CLUSTER_334,S,300.4402045510284
CLUSTER_334,T,228.04687252321153
CLUSTER_335,A,79.66310724172823
CLUSTER_335,B,128.2762598766299
CLUSTER_335,C,96.75110014773806
CLUSTER_335,D,173.90456297768677
CLUSTER_335,E,202.16786428402492
CLUSTER_335,F,30.671736946073732
CLUSTER_335,G,242.5957581477383
CLUSTER_335,H,105.27325748070021
CLUSTER_335,I,204.61714982311346
CLUSTER_335,J,265.36179863779955
CLUSTER_335,K,243.97885055234005
CLUSTER_335,L,46.72437642193629
CLUSTER_335,M,28.623137731400615
CLUSTER_335,N,73.65515871174438
CLUSTER_335,O,101.18370049457832
CLUSTER_335,P,143.92238710664097
CLUSTER_335,Q,143.33293472712413
CLUSTER_335,R,154.40473839584604
CLUSTER_335,S,173.30373342007843
CLUSTER_335,T,206.21551010230127
CLUSTER_336,A,26.846548775390115
CLUSTER_336,B,151.16425162456034
CLUSTER_336,C,163.01289569925643
CLUSTER_336,D,163.4770103018145
CLUSTER_336,E,215.13111905415565
CLUSTER_336,F,136.6717923043831
CLUSTER_336,G,265.6143624926357
CLUSTER_336,H,50.21844286704793
CLUSTER_336,I,263.5687711675497
CLUSTER_336,J,219.65898051542726
CLUSTER_336,K,227.35881282152388
CLUSTER_336,L,135.67476620364363
CLUSTER_336,M,88.64598334938057
CLUSTER_336,N,91.87248251633152
CLUSTER_336,O,63.50686007167173
CLUSTER_336,P,51.07736049987141
CLUSTER_336,Q,109.75226293972598
CLUSTER_336,R,221.4489419235978
CLUSTER_336,S,214.22568759173225
CLUSTER_336,T,160.0244617788391
CLUSTER_337,A,172.44243319471838
CLUSTER_337,B,112.01058322003095
CLUSTER_337,C,171.69527359331724
CLUSTER_337,D,59.14534091366274
CLUSTER_337,E,107.3465243248164
CLUSTER_337,F,232.30545180712045
CLUSTER_337,G,152.47518826173734
CLUSTER_337,H,120.43253263136796
CLUSTER_337,I,206.80499204998696
CLUSTER_337,J,57.63613804253382
CLUSTER_337,K,74.04349631831107
CLUSTER_337,L,195.3004867523977
CLUSTER_337,M,213.62334164855963
CLUSTER_337,N,135.21710637294802
CLUSTER_337,O,227.19582795309415
CLUSTER_337,P,203.81472883530054
CLUSTER_337,Q,65.26335578713051
CLUSTER_337,R,195.30702127959086
CLUSTER_337,S,150.22687144044252
CLUSTER_337,T,7.005641010883853
CLUSTER_338,A,153.23843715038024
CLUSTER_338,B,54.10790414286635
CLUSTER_338,C,114.79582578003188
CLUSTER_338,D,8.078849590321614
CLUSTER_338,E,65.29735218861396
CLUSTER_338,F,186.95209676707043
CLUSTER_338,G,116.73446236960812
CLUSTER_338,H,105.2347106127436
CLUSTER_338,I,152.4266620712992
CLUSTER_338,J,106.43378742150144
CLUSTER_338,K,77.7708289542571
CLUSTER_338,L,145.238054061702
CLUSTER_338,M,179.0544146652331
CLUSTER_338,N,94.48111679823924
CLUSTER_338,O,210.40951555855762
CLUSTER_338,P,202.7428573539639
CLUSTER_338,Q,47.79144263444468
CLUSTER_338,R,136.68541766361184
CLUSTER_338,S,94.62321600414869
CLUSTER_338,T,61.94913604347428
CLUSTER_339,A,135.06317491858195
CLUSTER_339,B,67.25529745186707
CLUSTER_339,C,124.41511915822942
CLUSTER_339,D,33.253911747217956
CLUSTER_339,E,91.65269394410768
CLUSTER_339,F,183.6576245293869
CLUSTER_339,G,142.96668925171167
CLUSTER_339,H,84.55932346074579
CLUSTER_339,I,175.92913496728625
CLUSTER_339,J,105.03885101289494
CLUSTER_339,K,93.76819970359665
CLUSTER_339,L,145.97886463867263
CLUSTER_339,M,168.51722183740324
CLUSTER_339,N,87.07202082123773
CLUSTER_339,O,191.92163859984916
CLUSTER_339,P,179.53103243285398
CLUSTER_339,Q,24.24682572657149
CLUSTER_339,R,155.38357679261438
CLUSTER_339,S,117.98327461196023
CLUSTER_339,T,49.320443284053056
CLUSTER_34,A,151.0572518953369
CLUSTER_34,B,33.23818120866924
CLUSTER_34,C,94.00937470282108
CLUSTER_34,D,23.964957577225313
CLUSTER_34,E,58.103455166552024
CLUSTER_34,F,171.82802258591414
CLUSTER_34,G,109.03946837252899
CLUSTER_34,H,107.24642627158423
CLUSTER_34,I,133.2666550964729
CLUSTER_34,J,127.06054010726298
CLUSTER_34,K,89.99494387541087
CLUSTER_34,L,128.20387108930197
CLUSTER_34,M,169.2705715572631
CLUSTER_34,N,84.58007391141342
CLUSTER_34,O,207.7461545205901
CLUSTER_34,P,206.3549919958256
CLUSTER_34,Q,57.4382102469449
CLUSTER_34,R,114.88669347347324
CLUSTER_34,S,75.32886300032409
CLUSTER_34,T,83.89992527364831
CLUSTER_340,A,137.75324589681657
CLUSTER_340,B,18.803553617991398
CLUSTER_340,C,78.8060042723762
CLUSTER_340,D,40.25977463922188
CLUSTER_340,E,70.88311678723136
CLUSTER_340,F,154.15569864083622
CLUSTER_340,G,119.94072375955786
CLUSTER_340,H,97.25108074134458
CLUSTER_340,I,131.8514913168879
CLUSTER_340,J,142.55854686417288
CLUSTER_340,K,107.66622870466428
CLUSTER_340,L,110.68629012363623
CLUSTER_340,M,152.499889750976
CLUSTER_340,N,68.27868047714752
CLUSTER_340,O,193.82674921303354
CLUSTER_340,P,196.1972065262011
CLUSTER_340,Q,56.094145897851966
CLUSTER_340,R,106.97742234940611
CLUSTER_340,S,75.08464797663086
CLUSTER_340,T,95.21024323215498
CLUSTER_341,A,169.53556282493955
CLUSTER_341,B,138.2050476462931
CLUSTER_341,C,195.2395501473431
CLUSTER_341,D,90.66741861722652
CLUSTER_341,E,141.91159199240886
CLUSTER_341,F,244.19703235596862
CLUSTER_341,G,187.17519289043645
CLUSTER_341,H,119.36239758501466
CLUSTER_341,I,239.80240339399768
CLUSTER_341,J,65.92895245054082
CLUSTER_341,K,105.30190023654988
CLUSTER_341,L,211.76455607434983
CLUSTER_341,M,218.47545614211128
CLUSTER_341,N,147.7667315691192
CLUSTER_341,O,220.55394401340283
CLUSTER_341,P,188.95336193021618
CLUSTER_341,Q,77.05241075104995
CLUSTER_341,R,224.9545830701584
CLUSTER_341,S,182.55493244991428
CLUSTER_341,T,28.814432334643396
CLUSTER_342,A,190.1898575197283
CLUSTER_342,B,86.45559978085186
CLUSTER_342,C,146.3933752747061
CLUSTER_342,D,32.09753357629471
CLUSTER_342,E,56.510072759842416
CLUSTER_342,F,224.9248578225225
CLUSTER_342,G,100.59225553556068
CLUSTER_342,H,140.3738990852032
CLUSTER_342,I,159.50558452371547
CLUSTER_342,J,78.39943425842472
CLUSTER_342,K,38.89040632188617
CLUSTER_342,L,181.9447193270091
CLUSTER_342,M,218.099490350567
CLUSTER_342,N,133.52062011212865
CLUSTER_342,O,247.26716211729104
CLUSTER_342,P,235.01253132318388
CLUSTER_342,Q,80.18516946376005
CLUSTER_342,R,155.95937581947862
CLUSTER_342,S,105.64936395991042
CLUSTER_342,T,58.28792276040447
CLUSTER_343,A,152.04855303504954
CLUSTER_343,B,81.3349145819232
CLUSTER_343,C,20.63737956329357
CLUSTER_343,D,138.409531141997
CLUSTER_343,E,138.05736742403715
CLUSTER_343,F,90.98808363540732
CLUSTER_343,G,164.9979410927332
CLUSTER_343,H,143.9854781927245
CLUSTER_343,I,110.34401656987818
CLUSTER_343,J,241.4925589757745
CLUSTER_343,K,197.53323517668025
CLUSTER_343,L,48.8672759347772
CLUSTER_343,M,123.368152076572
CLUSTER_343,N,87.85000950293433
CLUSTER_343,O,191.88688683092965
CLUSTER_343,P,222.059412420179
CLUSTER_343,Q,141.59779260337996
CLUSTER_343,R,59.40711365648304
CLUSTER_343,S,91.75045984892239
CLUSTER_343,T,193.63466123389387
CLUSTER_344,A,140.48638286425222
CLUSTER_344,B,46.893622906420234
CLUSTER_344,C,106.37873757428788
CLUSTER_344,D,20.96718978239316
CLUSTER_344,E,74.02305278244253
CLUSTER_344,F,174.70303862243648
CLUSTER_344,G,125.63971474900833
CLUSTER_344,H,93.28026565071481
CLUSTER_344,I,153.7307899895403
CLUSTER_344,J,116.49536242705483
CLUSTER_344,K,90.9798603750732
CLUSTER_344,L,133.82006161894358
CLUSTER_344,M,165.88943775169196
CLUSTER_344,N,81.42368182052581
CLUSTER_344,O,197.6379954854767
CLUSTER_344,P,191.50524246219925
CLUSTER_344,Q,38.4160409374415
CLUSTER_344,R,133.6036241140309
CLUSTER_344,S,95.81152324976948
CLUSTER_344,T,67.11632330101476
CLUSTER_345,A,181.14565871764287
CLUSTER_345,B,58.92078611709133
CLUSTER_345,C,116.42324507662111
CLUSTER_345,D,25.156651375214004
CLUSTER_345,E,33.46651834427662
CLUSTER_345,F,200.9327423617839
CLUSTER_345,G,84.64547423454087
CLUSTER_345,H,135.31147285933497
CLUSTER_345,I,129.28092992531253
CLUSTER_345,J,111.14972271676098
CLUSTER_345,K,62.13821417431638
CLUSTER_345,L,156.07077735706372
CLUSTER_345,M,200.3187586420693
CLUSTER_345,N,115.71350960537865
CLUSTER_345,O,238.08314457824827
CLUSTER_345,P,233.7458375616555
CLUSTER_345,Q,79.73042557640748
CLUSTER_345,R,123.22311070232242
CLUSTER_345,S,73.73370618270762
CLUSTER_345,T,82.74768786610095
CLUSTER_346,A,66.85175800507741
CLUSTER_346,B,79.0882636468883
CLUSTER_346,C,76.8533667482808
CLUSTER_346,D,116.71268896425639
CLUSTER_346,E,152.46880212512784
CLUSTER_346,F,84.32933163929494
CLUSTER_346,G,198.05446570099713
CLUSTER_346,H,58.6101135678411
CLUSTER_346,I,180.28942925384564
CLUSTER_346,J,206.10902138514078
CLUSTER_346,K,187.14963082619835
CLUSTER_346,L,58.27234655745245
CLUSTER_346,M,69.82214355199915
CLUSTER_346,N,15.111891509836216
CLUSTER_346,O,116.82108189128826
CLUSTER_346,P,135.73854414671882
CLUSTER_346,Q,84.39381099173868
CLUSTER_346,R,135.89574248201083
CLUSTER_346,S,136.14890399193274
CLUSTER_346,T,147.16865618896173
CLUSTER_347,A,45.109932676683144
CLUSTER_347,B,126.75676147948812
CLUSTER_347,C,111.71517361132187
CLUSTER_347,D,163.22184337649674
CLUSTER_347,E,200.43970079903772
CLUSTER_347,F,64.92726829811163
CLUSTER_347,G,245.36907793585496
CLUSTER_347,H,76.32770690081156
CLUSTER_347,I,219.94661208494358
CLUSTER_347,J,246.51304822310303
CLUSTER_347,K,233.52497658139663
CLUSTER_347,L,70.52393001534291
CLUSTER_347,M,24.848574634121807
CLUSTER_347,N,62.68754501968932
CLUSTER_347,O,75.69565160992373
CLUSTER_347,P,111.10416792871783
CLUSTER_347,Q,123.76369669147711
CLUSTER_347,R,171.93386022716209
CLUSTER_347,S,180.905459966854
CLUSTER_347,T,185.9361545631146
CLUSTER_348,A,8.850622611252732
CLUSTER_348,B,133.08959934912428
CLUSTER_348,C,139.3583338886998
CLUSTER_348,D,152.96899934919762
CLUSTER_348,E,200.88841142285764
CLUSTER_348,F,112.93752916374036
CLUSTER_348,G,250.21924484975847
CLUSTER_348,H,43.17604725447874
CLUSTER_348,I,242.10437864222556
CLUSTER_348,J,220.09871685063274
CLUSTER_348,K,220.07007562341025
CLUSTER_348,L,110.42065263529162
CLUSTER_348,M,67.65156597856817
CLUSTER_348,N,70.33209919386502
CLUSTER_348,O,65.60717961070178
CLUSTER_348,P,73.0901862015964
CLUSTER_348,Q,102.69965558519851
CLUSTER_348,R,198.53378973395937
CLUSTER_348,S,194.84786455347802
CLUSTER_348,T,159.26257916957937
CLUSTER_349,A,125.12408916758869
CLUSTER_349,B,40.50402099569481
CLUSTER_349,C,95.85422247138472
CLUSTER_349,D,37.4117520924623
CLUSTER_349,E,85.62502904021436
CLUSTER_349,F,158.81112665076623
CLUSTER_349,G,136.7379575819613
CLUSTER_349,H,79.74064477307324
CLUSTER_349,I,155.31216441214818
CLUSTER_349,J,130.89501944195368
CLUSTER_349,K,107.66288812282201
CLUSTER_349,L,119.0118728460178
CLUSTER_349,M,149.18020559402115
CLUSTER_349,N,64.76413525124235
CLUSTER_349,O,182.16580032743087
CLUSTER_349,P,178.75038500446684
CLUSTER_349,Q,32.55142025498948
CLUSTER_349,R,129.84476201962013
CLUSTER_349,S,98.20868347962565
CLUSTER_349,T,77.72413437179969
CLUSTER_35,A,116.87103196008927
CLUSTER_35,B,27.958970875105198
CLUSTER_35,C,75.91758987692035
CLUSTER_35,D,54.336680330159496
CLUSTER_35,E,91.78490287433844
CLUSTER_35,F,139.02007192282917
CLUSTER_35,G,140.68675372297471
CLUSTER_35,H,77.78962849474944
CLUSTER_35,I,146.14490116601618
CLUSTER_35,J,151.7574382471649
CLUSTER_35,K,124.40401540195055
CLUSTER_35,L,98.18880925614485
CLUSTER_35,M,133.22493294450464
CLUSTER_35,N,48.41220203833745
CLUSTER_35,O,172.91739026519264
CLUSTER_35,P,176.2274659819656
CLUSTER_35,Q,46.94330825675322
CLUSTER_35,R,115.24399584444993
CLUSTER_35,S,91.41922060429621
CLUSTER_35,T,98.66789776239496
CLUSTER_350,A,257.54654251294613
CLUSTER_350,B,119.14330726144772
CLUSTER_350,C,152.1219251825364
CLUSTER_350,D,109.87239313656107
CLUSTER_350,E,51.74843068562771
CLUSTER_350,F,250.11365232407064
CLUSTER_350,G,0.13956797594781867
CLUSTER_350,H,216.26723694181337
CLUSTER_350,I,91.37563784092104
CLUSTER_350,J,161.7858447499812
CLUSTER_350,K,93.21977476693864
CLUSTER_350,L,203.071516893805
CLUSTER_350,M,263.89166765631484
CLUSTER_350,N,184.78763212052093
CLUSTER_350,O,312.9648205157097
CLUSTER_350,P,315.4290839699288
CLUSTER_350,Q,164.0132236417582
CLUSTER_350,R,120.58793043764028
CLUSTER_350,S,73.26975095888034
CLUSTER_350,T,159.01455788469775
CLUSTER_351,A,90.82988954969112
CLUSTER_351,B,49.50420323607551
CLUSTER_351,C,76.80455479282736
CLUSTER_351,D,78.48281178344475
CLUSTER_351,E,118.3811287170554
CLUSTER_351,F,119.27411665217996
CLUSTER_351,G,166.67203165787276
CLUSTER_351,H,56.97186462920103
CLUSTER_351,I,164.00747373760635
CLUSTER_351,J,169.432072013277
CLUSTER_351,K,148.91574755154443
CLUSTER_351,L,83.56875609799337
CLUSTER_351,M,107.86715216639018
CLUSTER_351,N,23.327200381031517
CLUSTER_351,O,146.4198439980557
CLUSTER_351,P,152.72586690933417
CLUSTER_351,Q,51.15363387336862
CLUSTER_351,R,126.94381361546176
CLUSTER_351,S,112.6121004706918
CLUSTER_351,T,112.0731332989793
CLUSTER_352,A,227.31899201323245
CLUSTER_352,B,115.68977388806479
CLUSTER_352,C,172.4481429658176
CLUSTER_352,D,67.50431197979411
CLUSTER_352,E,60.05989802732128
CLUSTER_352,F,257.33045511503826
CLUSTER_352,G,85.6524624119757
CLUSTER_352,H,177.49082757647008
CLUSTER_352,I,162.64204652718178
CLUSTER_352,J,76.03266845044409
CLUSTER_352,K,7.851900473776931
CLUSTER_352,L,212.80460939912888
CLUSTER_352,M,253.68240527661948
CLUSTER_352,N,168.81358275261064
CLUSTER_352,O,284.4116233567829
CLUSTER_352,P,271.43274236304916
CLUSTER_352,Q,117.20591379386241
CLUSTER_352,R,170.45385475049054
CLUSTER_352,S,116.57897283429092
CLUSTER_352,T,84.48479947080438
CLUSTER_353,A,137.9875878383903
CLUSTER_353,B,56.41241877065
CLUSTER_353,C,114.89288194587236
CLUSTER_353,D,24.65454367864139
CLUSTER_353,E,81.68590498721312
CLUSTER_353,F,179.02627179619515
CLUSTER_353,G,133.25144266613003
CLUSTER_353,H,89.05034005447271
CLUSTER_353,I,164.0513389759152
CLUSTER_353,J,110.33377712772727
CLUSTER_353,K,91.15251691621482
CLUSTER_353,L,139.58170231737898
CLUSTER_353,M,167.21903985564708
CLUSTER_353,N,83.82630241358775
CLUSTER_353,O,195.12675509901402
CLUSTER_353,P,186.0731319194803
CLUSTER_353,Q,30.96781761131243
CLUSTER_353,R,143.85585420428185
CLUSTER_353,S,106.11119726591093
CLUSTER_353,T,58.147601353840294
CLUSTER_354,A,193.2663118117074
CLUSTER_354,B,55.12819820014508
CLUSTER_354,C,77.07449631777519
CLUSTER_354,D,82.6270253645411
CLUSTER_354,E,51.36397400543302
CLUSTER_354,F,175.04235404346096
CLUSTER_354,G,75.07286716128327
CLUSTER_354,H,159.830694739198
CLUSTER_354,I,67.54696557582429
CLUSTER_354,J,175.6923224598944
CLUSTER_354,K,117.92796463050324
CLUSTER_354,L,128.03879363992507
CLUSTER_354,M,191.39057613971173
CLUSTER_354,N,117.6766817703525
CLUSTER_354,O,246.031796996454
CLUSTER_354,P,257.0199119556932
CLUSTER_354,Q,121.07213936193578
CLUSTER_354,R,59.848279473815225
CLUSTER_354,S,9.618879065577165
CLUSTER_354,T,145.4457950483583
CLUSTER_355,A,202.90368669804045
CLUSTER_355,B,70.08185760639427
CLUSTER_355,C,73.77366360853377
CLUSTER_355,D,104.31779183177785
CLUSTER_355,E,70.87260169794892
CLUSTER_355,F,172.10842278022488
CLUSTER_355,G,83.0684938920954
CLUSTER_355,H,173.72009594120894
CLUSTER_355,I,48.24904487723564
CLUSTER_355,J,197.47084341839474
CLUSTER_355,K,138.32167243024062
CLUSTER_355,L,126.02494594421997
CLUSTER_355,M,194.31488128983636
CLUSTER_355,N,127.08794110599207
CLUSTER_355,O,253.4376591533727
CLUSTER_355,P,268.87067393337793
CLUSTER_355,Q,139.75203735265978
CLUSTER_355,R,40.42731053004849
CLUSTER_355,S,14.309391076695782
CLUSTER_355,T,167.2319098790421
CLUSTER_356,A,69.93278752698619
CLUSTER_356,B,72.10426070888732
CLUSTER_356,C,77.11308866545859
CLUSTER_356,D,107.33506341505819
CLUSTER_356,E,144.67380559682127
CLUSTER_356,F,93.74850199816689
CLUSTER_356,G,191.1469053468658
CLUSTER_356,H,53.73948483775778
CLUSTER_356,I,177.44292129240952
CLUSTER_356,J,196.32638771905476
CLUSTER_356,K,177.77137959117834
CLUSTER_356,L,65.08221309908019
CLUSTER_356,M,79.02498299202408
CLUSTER_356,N,6.448275203123069
CLUSTER_356,O,122.36044372535957
CLUSTER_356,P,137.2507093417784
CLUSTER_356,Q,74.77235386487993
CLUSTER_356,R,134.6893763266593
CLUSTER_356,S,131.19723600794612
CLUSTER_356,T,137.47867115892922
CLUSTER_357,A,120.64192912287106
CLUSTER_357,B,112.22006815887025
CLUSTER_357,C,62.24759189910294
CLUSTER_357,D,166.47921269810018
CLUSTER_357,E,180.93977777682258
CLUSTER_357,F,37.51347198646486
CLUSTER_357,G,214.31619577189818
CLUSTER_357,H,131.0555137222285
CLUSTER_357,I,163.65860699063904
CLUSTER_357,J,266.2587441843661
CLUSTER_357,K,232.97849750157846
CLUSTER_357,L,16.525350496759692
CLUSTER_357,M,76.48572196969438
CLUSTER_357,N,81.7643890380617
CLUSTER_357,O,148.98697628369558
CLUSTER_357,P,188.6229987958911
CLUSTER_357,Q,151.18273705430056
CLUSTER_357,R,112.59996333425958
CLUSTER_357,S,141.70512827809316
CLUSTER_357,T,211.36915701903084
CLUSTER_358,A,99.02801008927375
CLUSTER_358,B,140.70961320413727
CLUSTER_358,C,101.09386206868334
CLUSTER_358,D,189.48577151906608
CLUSTER_358,E,213.4987428500308
CLUSTER_358,F,11.136269695526787
CLUSTER_358,G,251.21355620764075
CLUSTER_358,H,126.00094825760014
CLUSTER_358,I,205.9424792821346
CLUSTER_358,J,283.39173705501474
CLUSTER_358,K,258.9341309817633
CLUSTER_358,L,48.84396742031255
CLUSTER_358,M,41.21292675841419
CLUSTER_358,N,91.41536201202831
CLUSTER_358,O,113.52009339849077
CLUSTER_358,P,160.64925042186573
CLUSTER_358,Q,162.16120677369955
CLUSTER_358,R,154.98042076417877
CLUSTER_358,S,180.02330989168826
CLUSTER_358,T,224.8953086232339
CLUSTER_359,A,90.47073742838762
CLUSTER_359,B,167.67969218686812
CLUSTER_359,C,134.6185949888092
CLUSTER_359,D,211.56421947775627
CLUSTER_359,E,241.69059446582048
CLUSTER_359,F,43.52429647327087
CLUSTER_359,G,282.12465896161683
CLUSTER_359,H,130.21976463507778
CLUSTER_359,I,240.95616724087583
CLUSTER_359,J,299.45631430060877
CLUSTER_359,K,281.9192714968864
CLUSTER_359,L,82.78188494400918
CLUSTER_359,M,29.716828028554332
CLUSTER_359,N,110.1301505769054
CLUSTER_359,O,87.03462341313454
CLUSTER_359,P,140.78180868067614
CLUSTER_359,Q,176.62562118378312
CLUSTER_359,R,190.1325344425707
CLUSTER_359,S,212.35686995412217
CLUSTER_359,T,239.25699615193756
CLUSTER_36,A,75.22309680655782
CLUSTER_36,B,166.47056447901417
CLUSTER_36,C,139.4946066363823
CLUSTER_36,D,206.79185692573063
CLUSTER_36,E,240.69213799421897
CLUSTER_36,F,56.613845386421275
CLUSTER_36,G,283.18775770343916
CLUSTER_36,H,118.3433459941213
CLUSTER_36,I,247.41787667136455
CLUSTER_36,J,290.98588822614164
CLUSTER_36,K,277.216995613561
CLUSTER_36,L,89.26161790307799
CLUSTER_36,M,20.444186924921613
CLUSTER_36,N,105.33803208764546
CLUSTER_36,O,69.91717982188973
CLUSTER_36,P,123.27805808942085
CLUSTER_36,Q,168.29604754385025
CLUSTER_36,R,197.1148022916672
CLUSTER_36,S,215.17400562731228
CLUSTER_36,T,230.30904198340392
CLUSTER_360,A,242.82425477333234
CLUSTER_360,B,155.64460848276414
CLUSTER_360,C,215.67220153107587
CLUSTER_360,D,99.56253466736601
CLUSTER_360,E,112.22891747825098
CLUSTER_360,F,291.6754070638477
CLUSTER_360,G,136.50250525078496
CLUSTER_360,H,190.85153905946464
CLUSTER_360,I,215.73190708650762
CLUSTER_360,J,31.091070267371126
CLUSTER_360,K,45.28719687432054
CLUSTER_360,L,250.07502642085055
CLUSTER_360,M,279.67132230660826
CLUSTER_360,N,197.11316104157555
CLUSTER_360,O,298.2409655864044
CLUSTER_360,P,274.83553290988186
CLUSTER_360,Q,132.56702291155636
CLUSTER_360,R,221.09514769254687
CLUSTER_360,S,168.03748398531226
CLUSTER_360,T,77.03036745130204
CLUSTER_361,A,34.03336738323211
CLUSTER_361,B,145.72040059926496
CLUSTER_361,C,161.7411667085067
CLUSTER_361,D,154.77291409520555
CLUSTER_361,E,207.5947811438043
CLUSTER_361,F,142.5396278714064
CLUSTER_361,G,258.44678503394255
CLUSTER_361,H,42.29067685073127
CLUSTER_361,I,259.91423018861656
CLUSTER_361,J,208.50232718824552
CLUSTER_361,K,217.55388345498872
CLUSTER_361,L,137.9028317287996
CLUSTER_361,M,96.34931870812174
CLUSTER_361,N,89.28986419842664
CLUSTER_361,O,74.94396060609938
CLUSTER_361,P,56.904326139671205
CLUSTER_361,Q,100.3643526787057
CLUSTER_361,R,219.17119734085037
CLUSTER_361,S,209.25053676239904
CLUSTER_361,T,149.0924476055083
CLUSTER_362,A,212.70644724450204
CLUSTER_362,B,134.302890707159
CLUSTER_362,C,195.0953263293493
CLUSTER_362,D,77.14864254877926
CLUSTER_362,E,104.59466982588368
CLUSTER_362,F,265.7183195931051
CLUSTER_362,G,139.37191870760506
CLUSTER_362,H,160.6918813987215
CLUSTER_362,I,209.24542157903383
CLUSTER_362,J,26.667281339696583
CLUSTER_362,K,47.850115686844845
CLUSTER_362,L,225.69005428406285
CLUSTER_362,M,251.1824942149891
CLUSTER_362,N,169.87083895920176
CLUSTER_362,O,267.8850575215623
CLUSTER_362,P,244.4323835251933
CLUSTER_362,Q,103.20435996542554
CLUSTER_362,R,207.70700931826528
CLUSTER_362,S,156.97455956401265
CLUSTER_362,T,46.55752693311554
CLUSTER_363,A,234.58893203343283
CLUSTER_363,B,106.8389630457384
CLUSTER_363,C,156.27587595324283
CLUSTER_363,D,75.03275932375817
CLUSTER_363,E,35.36543538353118
CLUSTER_363,F,248.36285179956653
CLUSTER_363,G,49.3232591324694
CLUSTER_363,H,188.0649394892996
CLUSTER_363,I,129.09155378365045
CLUSTER_363,J,112.48968025301771
CLUSTER_363,K,44.067645096959765
CLUSTER_363,L,202.01932536352354
CLUSTER_363,M,252.1788555429479
CLUSTER_363,N,168.21721050025755
CLUSTER_363,O,291.5506087524604
CLUSTER_363,P,285.7359168111678
CLUSTER_363,Q,130.35423958420844
CLUSTER_363,R,143.41103531859565
CLUSTER_363,S,89.23176327500363
CLUSTER_363,T,113.01930199787012
CLUSTER_364,A,91.06161944255756
CLUSTER_364,B,213.5768355731821
CLUSTER_364,C,230.2915815925498
CLUSTER_364,D,215.09941187311165
CLUSTER_364,E,271.07164538241045
CLUSTER_364,F,196.9891032880248
CLUSTER_364,G,322.56612270453746
CLUSTER_364,H,108.86296805411669
CLUSTER_364,I,328.8758403911546
CLUSTER_364,J,247.38097719307282
CLUSTER_364,K,270.9138292693155
CLUSTER_364,L,202.06191773341288
CLUSTER_364,M,145.37460463083693
CLUSTER_364,N,158.325928843051
CLUSTER_364,O,86.30639100966731
CLUSTER_364,P,27.403817258856996
CLUSTER_364,Q,159.58999390362115
CLUSTER_364,R,288.2087125422638
CLUSTER_364,S,277.3715362266012
CLUSTER_364,T,194.14176605211787
CLUSTER_365,A,160.79058978763607
CLUSTER_365,B,104.83310721840077
CLUSTER_365,C,163.61984292616677
CLUSTER_365,D,55.2407339237609
CLUSTER_365,E,107.81694522775481
CLUSTER_365,F,221.54576920658792
CLUSTER_365,G,155.01978524399965
CLUSTER_365,H,108.77388357624999
CLUSTER_365,I,204.39966623306938
CLUSTER_365,J,69.20175651130576
CLUSTER_365,K,81.71939563299536
CLUSTER_365,L,185.29767882390192
CLUSTER_365,M,202.1180980730327
CLUSTER_365,N,124.36236312043265
CLUSTER_365,O,215.6609306460267
CLUSTER_365,P,193.14869134094707
CLUSTER_365,Q,53.90368223850869
CLUSTER_365,R,190.15768196275283
CLUSTER_365,S,147.12487503653963
CLUSTER_365,T,9.583281545426793
CLUSTER_366,A,188.50500221335943
CLUSTER_366,B,144.50128268264837
CLUSTER_366,C,203.5683628555822
CLUSTER_366,D,92.12008628443238
CLUSTER_366,E,137.41481841365018
CLUSTER_366,F,258.80788645662085
CLUSTER_366,G,179.32077919736267
CLUSTER_366,H,137.64421062877415
CLUSTER_366,I,238.83012780069768
CLUSTER_366,J,45.6918410548886
CLUSTER_366,K,92.37445004350228
CLUSTER_366,L,224.21233326822446
CLUSTER_366,M,235.57038771471997
CLUSTER_366,N,161.72973006958907
CLUSTER_366,O,240.32055605086708
CLUSTER_366,P,209.401977333489
CLUSTER_366,Q,90.405369359197
CLUSTER_366,R,228.32157849581253
CLUSTER_366,S,182.74038029453146
CLUSTER_366,T,30.552033781093684
CLUSTER_367,A,61.04364357906913
CLUSTER_367,B,162.47853877889796
CLUSTER_367,C,140.9341616817511
CLUSTER_367,D,199.64137631881604
CLUSTER_367,E,236.44905316563194
CLUSTER_367,F,66.70695384992004
CLUSTER_367,G,280.51091469158564
CLUSTER_367,H,106.23568139626761
CLUSTER_367,I,249.5174499952531
CLUSTER_367,J,280.77075959782144
CLUSTER_367,K,269.88027218846946
CLUSTER_367,L,92.9782386106757
CLUSTER_367,M,18.324113732613913
CLUSTER_367,N,99.12515297148128
CLUSTER_367,O,57.6584851671416
CLUSTER_367,P,109.01955786903429
CLUSTER_367,Q,158.55767309643977
CLUSTER_367,R,199.90872969420292
CLUSTER_367,S,214.24785779030364
CLUSTER_367,T,219.87324878207784
CLUSTER_368,A,170.53627565639627
CLUSTER_368,B,124.58629343529402
CLUSTER_368,C,183.08133250192262
CLUSTER_368,D,74.3991043928574
CLUSTER_368,E,124.31644113909093
CLUSTER_368,F,237.94825811720665
CLUSTER_368,G,169.4532019823969
CLUSTER_368,H,119.04183140676878
CLUSTER_368,I,223.03591786779538
CLUSTER_368,J,58.95921508115722
CLUSTER_368,K,88.86647493125685
CLUSTER_368,L,203.14442990442856
CLUSTER_368,M,215.7101818043198
CLUSTER_368,N,140.80775026919676
CLUSTER_368,O,223.6816732007604
CLUSTER_368,P,196.26248574579427
CLUSTER_368,Q,69.50862758923176
CLUSTER_368,R,209.84954452918026
CLUSTER_368,S,166.0946889211842
CLUSTER_368,T,11.516854070808865
CLUSTER_369,A,213.50030716392195
CLUSTER_369,B,103.21321144249572
CLUSTER_369,C,161.03279734501197
CLUSTER_369,D,53.669522955869084
CLUSTER_369,E,54.18118074765875
CLUSTER_369,F,244.2994086845077
CLUSTER_369,G,88.00917772255502
CLUSTER_369,H,163.8233124033248
CLUSTER_369,I,158.68480750564913
CLUSTER_369,J,76.61016393517077
CLUSTER_369,K,17.57458287679034
CLUSTER_369,L,200.13911841693312
CLUSTER_369,M,239.936270644309
CLUSTER_369,N,155.0966273688227
CLUSTER_369,O,270.609840955055
CLUSTER_369,P,258.26942463945574
CLUSTER_369,Q,103.63572698591953
CLUSTER_369,R,162.60641234847162
CLUSTER_369,S,109.50783939026294
CLUSTER_369,T,74.90188575572814
CLUSTER_37,A,207.94435023449722
CLUSTER_37,B,69.16935853859437
CLUSTER_37,C,90.32435980086109
CLUSTER_37,D,89.82517233813569
CLUSTER_37,E,48.27247580110311
CLUSTER_37,F,188.74490376710685
CLUSTER_37,G,62.08306880007877
CLUSTER_37,H,173.61920966199605
CLUSTER_37,I,59.81845309913705
CLUSTER_37,J,177.160649066491
CLUSTER_37,K,115.87893314516582
CLUSTER_37,L,141.87309932771421
CLUSTER_37,M,206.13804242358813
CLUSTER_37,N,132.45467797528323
CLUSTER_37,O,260.88715815752306
CLUSTER_37,P,271.25274184590063
CLUSTER_37,Q,132.45017571678034
CLUSTER_37,R,64.12830361116555
CLUSTER_37,S,11.250723176410165
CLUSTER_37,T,151.7332127636343
CLUSTER_370,A,176.4223947126576
CLUSTER_370,B,64.04416207603319
CLUSTER_370,C,36.91958603040547
CLUSTER_370,D,115.1682350397867
CLUSTER_370,E,100.25736028231472
CLUSTER_370,F,133.49092943614028
CLUSTER_370,G,121.84827140280522
CLUSTER_370,H,155.64766419505693
CLUSTER_370,I,72.01462744369032
CLUSTER_370,J,216.2392258368429
CLUSTER_370,K,164.43944565731312
CLUSTER_370,L,88.33889854696817
CLUSTER_370,M,159.63456404937943
CLUSTER_370,N,102.85117173964943
CLUSTER_370,O,223.08406403211148
CLUSTER_370,P,244.99642323895495
CLUSTER_370,Q,135.235845844073
CLUSTER_370,R,27.45133558848545
CLUSTER_370,S,48.89682034894604
CLUSTER_370,T,176.22538471941925
CLUSTER_371,A,189.1625450297231
CLUSTER_371,B,51.744156490264835
CLUSTER_371,C,97.43187162206645
CLUSTER_371,D,53.20613630041453
CLUSTER_371,E,23.811943670414966
CLUSTER_371,F,190.34263704697568
CLUSTER_371,G,68.28913998262348
CLUSTER_371,H,148.76694087308374
CLUSTER_371,I,97.01734953536143
CLUSTER_371,J,142.0792585538363
CLUSTER_371,K,85.55094256206809
CLUSTER_371,L,143.6618606348362
CLUSTER_371,M,198.12652355015558
CLUSTER_371,N,116.94264632055518
CLUSTER_371,O,244.6926179113023
CLUSTER_371,P,247.86555643738848
CLUSTER_371,Q,100.55851477683261
CLUSTER_371,R,93.02293822549996
CLUSTER_371,S,41.529635123176206
CLUSTER_371,T,114.56958751755302
CLUSTER_372,A,145.7145808829576
CLUSTER_372,B,57.46277017313916
CLUSTER_372,C,5.172581154710652
CLUSTER_372,D,114.46578535834323
CLUSTER_372,E,116.06971731133291
CLUSTER_372,F,103.74953254084653
CLUSTER_372,G,146.9145985557197
CLUSTER_372,H,129.9719865929543
CLUSTER_372,I,104.50602090217065
CLUSTER_372,J,217.55998603401468
CLUSTER_372,K,173.98788036729803
CLUSTER_372,L,57.28053376521599
CLUSTER_372,M,127.14738068926957
CLUSTER_372,N,74.77295988575976
CLUSTER_372,O,190.90438263702046
CLUSTER_372,P,215.0257956319163
CLUSTER_372,Q,120.46908111947837
CLUSTER_372,R,56.97970295032921
CLUSTER_372,S,74.36983388963841
CLUSTER_372,T,170.4168690750748
CLUSTER_373,A,128.76434459330497
CLUSTER_373,B,18.352009074920005
CLUSTER_373,C,74.10253917218836
CLUSTER_373,D,47.91234184217268
CLUSTER_373,E,80.19950106340124
CLUSTER_373,F,145.44319626658984
CLUSTER_373,G,128.71739854714747
CLUSTER_373,H,89.66384775857729
CLUSTER_373,I,135.88754819436005
CLUSTER_373,J,148.81587256523332
CLUSTER_373,K,116.54789425398668
CLUSTER_373,L,102.67048245275599
CLUSTER_373,M,142.93518877138843
CLUSTER_373,N,58.6888622122307
CLUSTER_373,O,184.61531932161262
CLUSTER_373,P,188.2448077685465
CLUSTER_373,Q,53.71646564455345
CLUSTER_373,R,107.63107868645776
CLUSTER_373,S,80.2766181761785
CLUSTER_373,T,98.9394117394434
CLUSTER_374,A,301.0133692592743
CLUSTER_374,B,161.86881414266324
CLUSTER_374,C,188.6264314855788
CLUSTER_374,D,153.2595860521622
CLUSTER_374,E,95.67672210524225
CLUSTER_374,F,287.24697738329456
CLUSTER_374,G,44.18191127435896
CLUSTER_374,H,260.3005297996335
CLUSTER_374,I,105.90961417465284
CLUSTER_374,J,192.59922697530308
CLUSTER_374,K,125.496411480794
CLUSTER_374,L,240.61606827644778
CLUSTER_374,M,304.6964943433277
CLUSTER_374,N,227.48760996544934
CLUSTER_374,O,356.02726593277663
CLUSTER_374,P,359.4670636494408
CLUSTER_374,Q,207.8476418446397
CLUSTER_374,R,147.43576587676
CLUSTER_374,S,109.3145591688619
CLUSTER_374,T,198.69085534682011
CLUSTER_375,A,211.48897390058494
CLUSTER_375,B,161.23262732703725
CLUSTER_375,C,221.31420051580378
CLUSTER_375,D,106.19335732604104
CLUSTER_375,E,144.43287181775017
CLUSTER_375,F,280.39293985924996
CLUSTER_375,G,181.67703489779126
CLUSTER_375,H,160.60745060607434
CLUSTER_375,I,248.19905774824073
CLUSTER_375,J,28.86199960884833
CLUSTER_375,K,90.19387320126548
CLUSTER_375,L,244.64622519312744
CLUSTER_375,M,258.2341193585045
CLUSTER_375,N,183.1909423166196
CLUSTER_375,O,263.12537335117224
CLUSTER_375,P,231.083876714861
CLUSTER_375,Q,112.01371317304728
CLUSTER_375,R,241.88030484788848
CLUSTER_375,S,193.77201913954616
CLUSTER_375,T,49.80672296326059
CLUSTER_376,A,177.60756597603586
CLUSTER_376,B,91.87218036079253
CLUSTER_376,C,152.6853838183701
CLUSTER_376,D,35.014365139139656
CLUSTER_376,E,77.75338608549175
CLUSTER_376,F,223.22318821545772
CLUSTER_376,G,123.35583353355118
CLUSTER_376,H,126.36604236186926
CLUSTER_376,I,178.28690857564908
CLUSTER_376,J,68.36169486412498
CLUSTER_376,K,53.327445732895676
CLUSTER_376,L,182.6856405055703
CLUSTER_376,M,211.14046955367186
CLUSTER_376,N,128.2598707318904
CLUSTER_376,O,234.15917881193383
CLUSTER_376,P,217.748833500122
CLUSTER_376,Q,66.18209785267808
CLUSTER_376,R,169.93204705348415
CLUSTER_376,S,122.51947396956713
CLUSTER_376,T,35.64203959061212
CLUSTER_377,A,111.13459920748217
CLUSTER_377,B,93.58271703731731
CLUSTER_377,C,142.17696935961845
CLUSTER_377,D,70.89334033023893
CLUSTER_377,E,129.26115514271527
CLUSTER_377,F,181.28955795824632
CLUSTER_377,G,180.6155315055881
CLUSTER_377,H,59.21706770945678
CLUSTER_377,I,208.95081469844393
CLUSTER_377,J,117.90047735736266
CLUSTER_377,K,125.10545896907657
CLUSTER_377,L,151.0086575384554
CLUSTER_377,M,155.82513475756105
CLUSTER_377,N,85.7786309972076
CLUSTER_377,O,165.8301048817021
CLUSTER_377,P,145.96012574488228
CLUSTER_377,Q,21.532580518656022
CLUSTER_377,R,182.81797749432818
CLUSTER_377,S,151.48296173086274
CLUSTER_377,T,56.977272616760644
CLUSTER_378,A,232.84750093316387
CLUSTER_378,B,95.02584707255643
CLUSTER_378,C,132.3526407263835
CLUSTER_378,D,86.25591413984192
CLUSTER_378,E,27.657641742026414
CLUSTER_378,F,229.191381119244
CLUSTER_378,G,24.753413329368424
CLUSTER_378,H,191.4185467962519
CLUSTER_378,I,90.13664045970098
CLUSTER_378,J,148.95470888490775
CLUSTER_378,K,81.77766213505926
CLUSTER_378,L,182.11517049771572
CLUSTER_378,M,240.65676884020428
CLUSTER_378,N,160.5382481383965
CLUSTER_378,O,288.4393507784172
CLUSTER_378,P,290.5831513255883
CLUSTER_378,Q,139.66997424202282
CLUSTER_378,R,108.77171459759414
CLUSTER_378,S,56.52771365636224
CLUSTER_378,T,138.871861066233
CLUSTER_379,A,203.30344499095847
CLUSTER_379,B,135.97372834501545
CLUSTER_379,C,196.6695570662238
CLUSTER_379,D,79.46917167740938
CLUSTER_379,E,114.7863928555498
CLUSTER_379,F,262.2488978039109
CLUSTER_379,G,152.7136369934917
CLUSTER_379,H,151.34894698471788
CLUSTER_379,I,218.70545169413924
CLUSTER_379,J,26.598616143033738
CLUSTER_379,K,62.91394658834695
CLUSTER_379,L,223.9235697851642
CLUSTER_379,M,244.7309064734948
CLUSTER_379,N,165.46048216933096
CLUSTER_379,O,257.5839162485352
CLUSTER_379,P,231.72763718798797
CLUSTER_379,Q,96.29516087490063
CLUSTER_379,R,213.78465053008588
CLUSTER_379,S,164.739491852663
CLUSTER_379,T,35.226021152755486
CLUSTER_38,A,11.29695221802024
CLUSTER_38,B,147.10385008573962
CLUSTER_38,C,146.04984286037623
CLUSTER_38,D,171.07601066751474
CLUSTER_38,E,217.02777077736522
CLUSTER_38,F,104.74050924349658
CLUSTER_38,G,265.4684369381873
CLUSTER_38,H,63.12333906381307
CLUSTER_38,I,251.75220120307517
CLUSTER_38,J,240.13788996357468
CLUSTER_38,K,238.97689013723829
CLUSTER_38,L,110.64944466595318
CLUSTER_38,M,54.99688489346232
CLUSTER_38,N,82.17654946802794
CLUSTER_38,O,47.7220575673067
CLUSTER_38,P,69.76727677854963
CLUSTER_38,Q,122.0842896647752
CLUSTER_38,R,206.16753064466974
CLUSTER_38,S,207.15366897611915
CLUSTER_38,T,179.27710448580996
CLUSTER_380,A,72.32700548376108
CLUSTER_380,B,131.9144830232417
CLUSTER_380,C,103.61906923812386
CLUSTER_380,D,175.55533151213942
CLUSTER_380,E,206.06173887657812
CLUSTER_380,F,37.506956604268794
CLUSTER_380,G,247.5588176343809
CLUSTER_380,H,101.21964533073799
CLUSTER_380,I,211.89025779743645
CLUSTER_380,J,264.99392648651934
CLUSTER_380,K,245.86770466160345
CLUSTER_380,L,54.69014772589752
CLUSTER_380,M,20.099549384216886
CLUSTER_380,N,74.33229714261539
CLUSTER_380,O,92.38300380667411
CLUSTER_380,P,135.51730911896215
CLUSTER_380,Q,142.44976131526252
CLUSTER_380,R,161.94153744088197
CLUSTER_380,S,179.10213853108087
CLUSTER_380,T,205.32402907441787
CLUSTER_381,A,40.85392753386208
CLUSTER_381,B,99.63667740062188
CLUSTER_381,C,104.11595706533843
CLUSTER_381,D,127.33805246197177
CLUSTER_381,E,170.25680115496405
CLUSTER_381,F,95.53239859634358
CLUSTER_381,G,218.17059993761387
CLUSTER_381,H,39.44249714405853
CLUSTER_381,I,206.44630339384753
CLUSTER_381,J,206.87936312432535
CLUSTER_381,K,196.92206464634316
CLUSTER_381,L,80.75120859675685
CLUSTER_381,M,64.66506412280293
CLUSTER_381,N,35.031735833917494
CLUSTER_381,O,94.70610436453997
CLUSTER_381,P,108.6604126782008
CLUSTER_381,Q,84.34197008068796
CLUSTER_381,R,162.9236758797126
CLUSTER_381,S,160.06249703557106
CLUSTER_381,T,146.1912398597934
CLUSTER_382,A,103.91253395528267
CLUSTER_382,B,50.1706253332809
CLUSTER_382,C,94.87786929155341
CLUSTER_382,D,57.91916435578416
CLUSTER_382,E,106.21899965509901
CLUSTER_382,F,144.63271414797356
CLUSTER_382,G,156.90803570438263
CLUSTER_382,H,59.25518918888247
CLUSTER_382,I,168.31827199420505
CLUSTER_382,J,144.16563953018638
CLUSTER_382,K,127.4315205940157
CLUSTER_382,L,108.46679676821653
CLUSTER_382,M,130.42655350127015
CLUSTER_382,N,47.89718058696931
CLUSTER_382,O,160.97899255233648
CLUSTER_382,P,158.42248095143316
CLUSTER_382,Q,27.341582979929367
CLUSTER_382,R,137.49623274064487
CLUSTER_382,S,112.86757870479398
CLUSTER_382,T,86.69331647765894
CLUSTER_383,A,161.48890049506048
CLUSTER_383,B,120.17481614856885
CLUSTER_383,C,177.73233585744126
CLUSTER_383,D,72.65014709548498
CLUSTER_383,E,125.25043220618669
CLUSTER_383,F,230.13405302492927
CLUSTER_383,G,171.8365658651461
CLUSTER_383,H,110.05579017521
CLUSTER_383,I,221.9139393907784
CLUSTER_383,J,68.0288179462651
CLUSTER_383,K,94.44796176959917
CLUSTER_383,L,196.10469753548452
CLUSTER_383,M,207.09334577593793
CLUSTER_383,N,133.1275663915339
CLUSTER_383,O,214.5947901814808
CLUSTER_383,P,187.5087112763747
CLUSTER_383,Q,61.82415961028049
CLUSTER_383,R,206.71399147586337
CLUSTER_383,S,164.5289303387566
CLUSTER_383,T,13.535396628948453
CLUSTER_384,A,73.0744955662391
CLUSTER_384,B,94.03009409530466
CLUSTER_384,C,73.81886656926675
CLUSTER_384,D,138.11340225147265
CLUSTER_384,E,168.24395642827093
CLUSTER_384,F,59.24107692861538
CLUSTER_384,G,210.77126766579033
CLUSTER_384,H,80.0109044969421
CLUSTER_384,I,181.97995143257396
CLUSTER_384,J,230.39274589456608
CLUSTER_384,K,208.24303715909653
CLUSTER_384,L,38.90547609474698
CLUSTER_384,M,53.058411885021236
CLUSTER_384,N,38.396182870817135
CLUSTER_384,O,113.40493160038355
CLUSTER_384,P,142.94015161328198
CLUSTER_384,Q,109.29415624598322
CLUSTER_384,R,134.11498235889096
CLUSTER_384,S,144.15521378378003
CLUSTER_384,T,171.92371439191518
CLUSTER_385,A,131.52737207443087
CLUSTER_385,B,58.063280405516245
CLUSTER_385,C,11.390567681148339
CLUSTER_385,D,114.89535388187242
CLUSTER_385,E,123.47354301690247
CLUSTER_385,F,92.4038364592057
CLUSTER_385,G,157.6766377575371
CLUSTER_385,H,118.05867646504343
CLUSTER_385,I,119.00378531935743
CLUSTER_385,J,217.47347189813576
CLUSTER_385,K,177.92645369132032
CLUSTER_385,L,45.35241708592324
CLUSTER_385,M,112.9830778301144
CLUSTER_385,N,62.188042228238984
CLUSTER_385,O,176.3346756824603
CLUSTER_385,P,201.038576823445
CLUSTER_385,Q,114.08485348712728
CLUSTER_385,R,71.44150194811596
CLUSTER_385,S,86.22158136230694
CLUSTER_385,T,167.53703864001486
CLUSTER_386,A,206.93520055333218
CLUSTER_386,B,80.37766255225058
CLUSTER_386,C,133.25742730670743
CLUSTER_386,D,48.8085891729114
CLUSTER_386,E,19.87666770031567
CLUSTER_386,F,222.60876042598187
CLUSTER_386,G,63.3389323342396
CLUSTER_386,H,160.94599760033103
CLUSTER_386,I,124.61414251273487
CLUSTER_386,J,110.34108640779715
CLUSTER_386,K,48.79254237576487
CLUSTER_386,L,176.7633905253944
CLUSTER_386,M,224.76321058308523
CLUSTER_386,N,140.57461808589386
CLUSTER_386,O,263.84587205060836
CLUSTER_386,P,259.12021317880317
CLUSTER_386,Q,104.32041893488767
CLUSTER_386,R,128.9700468518374
CLUSTER_386,S,75.3601957690597
CLUSTER_386,T,96.261633302051
CLUSTER_387,A,126.69976205338277
CLUSTER_387,B,93.8744319554563
CLUSTER_387,C,40.94505981506889
CLUSTER_387,D,149.5913184212968
CLUSTER_387,E,160.57395521305713
CLUSTER_387,F,58.49811490319488
CLUSTER_387,G,193.03075895951295
CLUSTER_387,H,128.4195032717045
CLUSTER_387,I,143.50820452528887
CLUSTER_387,J,250.9320058269705
CLUSTER_387,K,214.47881460585197
CLUSTER_387,L,16.750944435552835
CLUSTER_387,M,91.25310628840239
CLUSTER_387,N,74.65709141097055
CLUSTER_387,O,161.62689296685383
CLUSTER_387,P,196.29165708309637
CLUSTER_387,Q,139.98166233734815
CLUSTER_387,R,92.62589916052919
CLUSTER_387,S,120.3377404585797
CLUSTER_387,T,198.0083737813369
CLUSTER_388,A,76.76137507765564
CLUSTER_388,B,209.91532694773028
CLUSTER_388,C,219.47173267934798
CLUSTER_388,D,218.68824520666993
CLUSTER_388,E,272.36759785906435
CLUSTER_388,F,176.38747005656143
CLUSTER_388,G,323.30174174782104
CLUSTER_388,H,107.14440971325153
CLUSTER_388,I,321.96271069003376
CLUSTER_388,J,261.4965880106432
CLUSTER_388,K,278.8578718191112
CLUSTER_388,L,186.4169056644322
CLUSTER_388,M,124.15794643318317
CLUSTER_388,N,150.04759645380778
CLUSTER_388,O,60.069710848076014
CLUSTER_388,P,7.997379756300884
CLUSTER_388,Q,163.53902771086246
CLUSTER_388,R,278.7965497157713
CLUSTER_388,S,273.0338868294496
CLUSTER_388,T,205.36934994840186
CLUSTER_389,A,16.712998291310722
CLUSTER_389,B,156.25153497580686
CLUSTER_389,C,159.06905727971616
CLUSTER_389,D,175.96581892678032
CLUSTER_389,E,224.3283964203357
CLUSTER_389,F,119.33790341912224
CLUSTER_389,G,273.6344344398006
CLUSTER_389,H,64.29040997455235
CLUSTER_389,I,263.65439794083005
CLUSTER_389,J,239.3174505203622
CLUSTER_389,K,242.39014778386434
CLUSTER_389,L,125.19855982167925
CLUSTER_389,M,68.83896566460466
CLUSTER_389,N,92.58925267517466
CLUSTER_389,O,43.6288270468067
CLUSTER_389,P,55.09523642202284
CLUSTER_389,Q,124.63971169774344
CLUSTER_389,R,218.91838985883547
CLUSTER_389,S,217.53927098452087
CLUSTER_389,T,178.93593519133577
CLUSTER_39,A,238.78655726378253
CLUSTER_39,B,158.26952086634785
CLUSTER_39,C,218.7839601568489
CLUSTER_39,D,101.41933307016546
CLUSTER_39,E,119.6258588202662
CLUSTER_39,F,291.83890290237304
CLUSTER_39,G,146.5320433404313
CLUSTER_39,H,186.76194256541163
CLUSTER_39,I,223.84688181635704
CLUSTER_39,J,19.670302179208047
CLUSTER_39,K,54.12155271831562
CLUSTER_39,L,251.22228441960306
CLUSTER_39,M,277.7777811203326
CLUSTER_39,N,196.2953478654792
CLUSTER_39,O,293.5909880865712
CLUSTER_39,P,268.2616299727185
CLUSTER_39,Q,129.74828412871864
CLUSTER_39,R,227.10407462651037
CLUSTER_39,S,174.68583670453907
CLUSTER_39,T,71.31882739788335
CLUSTER_390,A,76.14673637549795
CLUSTER_390,B,91.09329413832212
CLUSTER_390,C,126.06477071471656
CLUSTER_390,D,90.89919507898091
CLUSTER_390,E,145.16266546752325
CLUSTER_390,F,149.17233949082748
CLUSTER_390,G,196.54498953832163
CLUSTER_390,H,24.258152693131763
CLUSTER_390,I,209.19658549811317
CLUSTER_390,J,153.58886313481904
CLUSTER_390,K,154.38772987971805
CLUSTER_390,L,123.95947840016177
CLUSTER_390,M,120.40144251916537
CLUSTER_390,N,58.62264250560115
CLUSTER_390,O,132.08672235260863
CLUSTER_390,P,119.87440668068821
CLUSTER_390,Q,36.60059281483348
CLUSTER_390,R,175.43896607469628
CLUSTER_390,S,154.386667133325
CLUSTER_390,T,92.56835550026743
CLUSTER_391,A,237.24917668668297
CLUSTER_391,B,137.90982372477458
CLUSTER_391,C,196.68415828110759
CLUSTER_391,D,84.36197665087475
CLUSTER_391,E,88.29091881438319
CLUSTER_391,F,277.28947565763673
CLUSTER_391,G,111.59357289873721
CLUSTER_391,H,185.89183553913108
CLUSTER_391,I,191.0366264737019
CLUSTER_391,J,51.824199553852985
CLUSTER_391,K,20.7055627853453
CLUSTER_391,L,234.13227913237793
CLUSTER_391,M,269.28671646152657
CLUSTER_391,N,185.1850504870444
CLUSTER_391,O,293.7250579605351
CLUSTER_391,P,275.14736943795333
CLUSTER_391,Q,125.82620997223724
CLUSTER_391,R,198.20520321798472
CLUSTER_391,S,144.60914645832585
CLUSTER_391,T,79.29109415851651
CLUSTER_392,A,93.41914787753069
CLUSTER_392,B,58.12728045152025
CLUSTER_392,C,51.522896168044525
CLUSTER_392,D,104.82633279991146
CLUSTER_392,E,132.33723421860182
CLUSTER_392,F,88.25203205132068
CLUSTER_392,G,175.38048882673644
CLUSTER_392,H,78.24519352695872
CLUSTER_392,I,153.7271014691487
CLUSTER_392,J,201.56478487034414
CLUSTER_392,K,174.17889507563703
CLUSTER_392,L,49.20478126241913
CLUSTER_392,M,88.65046103318613
CLUSTER_392,N,22.11112152008039
CLUSTER_392,O,142.55855290388777
CLUSTER_392,P,162.00541415060462
CLUSTER_392,Q,85.66842457116552
CLUSTER_392,R,109.58605066839898
CLUSTER_392,S,110.79320122740931
CLUSTER_392,T,145.72500465314138
CLUSTER_393,A,147.04617394887057
CLUSTER_393,B,89.28688963252978
CLUSTER_393,C,147.17369220086212
CLUSTER_393,D,44.787236445965405
CLUSTER_393,E,101.59648091957983
CLUSTER_393,F,204.4227212375928
CLUSTER_393,G,151.12068922839703
CLUSTER_393,H,95.13331837495426
CLUSTER_393,I,193.4694652253684
CLUSTER_393,J,85.33567150983309
CLUSTER_393,K,87.34356067880086
CLUSTER_393,L,168.02589680782586
CLUSTER_393,M,186.03488776686478
CLUSTER_393,N,107.28923690724727
CLUSTER_393,O,202.79870044651526
CLUSTER_393,P,183.96206233060414
CLUSTER_393,Q,37.5898875521539
CLUSTER_393,R,176.202257178794
CLUSTER_393,S,135.675431802798
CLUSTER_393,T,26.82597309296804
CLUSTER_394,A,103.8860473830712
CLUSTER_394,B,36.76336445710714
CLUSTER_394,C,71.85800281039987
CLUSTER_394,D,68.30771120790769
CLUSTER_394,E,105.54661754626318
CLUSTER_394,F,126.04040268002585
CLUSTER_394,G,153.62955787839127
CLUSTER_394,H,68.42327345114475
CLUSTER_394,I,152.78836343098413
CLUSTER_394,J,163.29917227627325
CLUSTER_394,K,138.60057176541108
CLUSTER_394,L,86.9838629132109
CLUSTER_394,M,118.74755169706802
CLUSTER_394,N,33.91137779036167
CLUSTER_394,O,159.39181887988278
CLUSTER_394,P,165.3257374379065
CLUSTER_394,Q,50.67572629419986
CLUSTER_394,R,117.82804173161465
CLUSTER_394,S,100.29704531413377
CLUSTER_394,T,108.0151188113692
CLUSTER_395,A,24.41494952605315
CLUSTER_395,B,116.08687939319668
CLUSTER_395,C,119.0944015310626
CLUSTER_395,D,141.50980097421447
CLUSTER_395,E,186.12550240390672
CLUSTER_395,F,98.02849408916319
CLUSTER_395,G,234.4152982462304
CLUSTER_395,H,41.78883041186718
CLUSTER_395,I,222.6299354448947
CLUSTER_395,J,216.4870587199659
CLUSTER_395,K,210.38294441913283
CLUSTER_395,L,90.90232224705427
CLUSTER_395,M,58.91165075552573
CLUSTER_395,N,51.57477301244601
CLUSTER_395,O,78.5874437654197
CLUSTER_395,P,93.33497742305428
CLUSTER_395,Q,95.31618393528574
CLUSTER_395,R,178.4686566380854
CLUSTER_395,S,176.62426568069904
CLUSTER_395,T,155.486498890747
CLUSTER_396,A,216.30505280289273
CLUSTER_396,B,97.98423794721108
CLUSTER_396,C,153.48188609604273
CLUSTER_396,D,55.03394388501261
CLUSTER_396,E,40.80818840306785
CLUSTER_396,F,240.21945102307595
CLUSTER_396,G,73.56452661001825
CLUSTER_396,H,167.94737933752117
CLUSTER_396,I,144.63641852478258
CLUSTER_396,J,91.17556766524274
CLUSTER_396,K,26.954118932105022
CLUSTER_396,L,195.100951570447
CLUSTER_396,M,239.0149429538781
CLUSTER_396,N,154.17576742376536
CLUSTER_396,O,273.47266360550327
CLUSTER_396,P,264.2005423598155
CLUSTER_396,Q,108.68107874920422
CLUSTER_396,R,150.81833104948285
CLUSTER_396,S,97.08072565621666
CLUSTER_396,T,87.18642983414168
CLUSTER_397,A,130.0800431581093
CLUSTER_397,B,36.367905659595216
CLUSTER_397,C,26.75076434324748
CLUSTER_397,D,93.10306600541962
CLUSTER_397,E,104.77312922210092
CLUSTER_397,F,109.33864736227119
CLUSTER_397,G,142.84110734545968
CLUSTER_397,H,108.16218343694113
CLUSTER_397,I,116.94931593013955
CLUSTER_397,J,195.73245722798322
CLUSTER_397,K,156.73548786587764
CLUSTER_397,L,62.75111231287892
CLUSTER_397,M,122.06671978975774
CLUSTER_397,N,55.33744236921226
CLUSTER_397,O,179.48747226491372
CLUSTER_397,P,197.83950428897032
CLUSTER_397,Q,95.40416573300017
CLUSTER_397,R,75.02997520530144
CLUSTER_397,S,74.81828292134485
CLUSTER_397,T,146.51621658845485
CLUSTER_398,A,235.21711881263667
CLUSTER_398,B,95.48787482445108
CLUSTER_398,C,120.30862012535266
CLUSTER_398,D,102.15062138452741
CLUSTER_398,E,46.87063206865761
CLUSTER_398,F,218.8321021803186
CLUSTER_398,G,33.84090165029432
CLUSTER_398,H,198.0209261797235
CLUSTER_398,I,63.25331660965327
CLUSTER_398,J,174.73019984369049
CLUSTER_398,K,108.33891317866274
CLUSTER_398,L,172.00975247703903
CLUSTER_398,M,235.93128879714254
CLUSTER_398,N,160.41727552415165
CLUSTER_398,O,289.13020974063556
CLUSTER_398,P,296.67373624578653
CLUSTER_398,Q,151.54001750521982
CLUSTER_398,R,86.88666811555375
CLUSTER_398,S,40.78611899431704
CLUSTER_398,T,159.7486734007928
CLUSTER_399,A,138.53743913661845
CLUSTER_399,B,12.084130295742817
CLUSTER_399,C,48.74574552705338
CLUSTER_399,D,69.22138661348752
CLUSTER_399,E,81.85437858633031
CLUSTER_399,F,132.79063453203756
CLUSTER_399,G,123.70808795070818
CLUSTER_399,H,107.50246375257916
CLUSTER_399,I,113.54519990187144
CLUSTER_399,J,172.26200039018428
CLUSTER_399,K,131.87986352852064
CLUSTER_399,L,86.85520443729429
CLUSTER_399,M,140.2646853700024
CLUSTER_399,N,62.980697039290796
CLUSTER_399,O,191.55235855312068
CLUSTER_399,P,203.01340396466773
CLUSTER_399,Q,80.93202822100037
CLUSTER_399,R,80.65646342944451
CLUSTER_399,S,62.441207306932405
CLUSTER_399,T,125.66256771594229
CLUSTER_4,A,4.5550621286427
CLUSTER_4,B,144.22758002402372
CLUSTER_4,C,147.3024596530406
CLUSTER_4,D,165.2060316714998
CLUSTER_4,E,212.74794352534815
CLUSTER_4,F,112.31018908549274
CLUSTER_4,G,261.83856484241807
CLUSTER_4,H,55.09019281387893
CLUSTER_4,I,251.56040931287325
CLUSTER_4,J,231.63611263751451
CLUSTER_4,K,232.3270262052924
CLUSTER_4,L,114.85723798191329
CLUSTER_4,M,63.811174041414304
CLUSTER_4,N,80.4312460552098
CLUSTER_4,O,53.339452691470235
CLUSTER_4,P,65.83840989091713
CLUSTER_4,Q,114.89521249202707
CLUSTER_4,R,207.02505760857431
CLUSTER_4,S,205.39432337394908
CLUSTER_4,T,170.9130625701195
CLUSTER_40,A,72.64885883922008
CLUSTER_40,B,85.51349976663401
CLUSTER_40,C,70.96125789558462
CLUSTER_40,D,128.38653564383478
CLUSTER_40,E,159.71855356257436
CLUSTER_40,F,68.85284866782844
CLUSTER_40,G,203.13401944397148
CLUSTER_40,H,73.2322419364654
CLUSTER_40,I,177.91744037538945
CLUSTER_40,J,220.49818472359055
CLUSTER_40,K,198.59559611624096
CLUSTER_40,L,43.611214950827055
CLUSTER_40,M,61.015593421366006
CLUSTER_40,N,28.518472837813338
CLUSTER_40,O,117.06902647967942
CLUSTER_40,P,142.6328131914182
CLUSTER_40,Q,99.59003560985556
CLUSTER_40,R,131.2103750579952
CLUSTER_40,S,137.82472584911105
CLUSTER_40,T,162.13327928260966
CLUSTER_400,A,188.6952915168759
CLUSTER_400,B,54.321926809894315
CLUSTER_400,C,65.73091000985916
CLUSTER_400,D,90.51822067536541
CLUSTER_400,E,64.31280480031289
CLUSTER_400,F,164.2271890075185
CLUSTER_400,G,86.61137750499235
CLUSTER_400,H,158.27959110458664
CLUSTER_400,I,64.05543925744303
CLUSTER_400,J,186.56965581193978
CLUSTER_400,K,130.3319305431327
CLUSTER_400,L,117.43819667148347
CLUSTER_400,M,183.05239208537242
CLUSTER_400,N,112.81758183371392
CLUSTER_400,O,240.1420176264811
CLUSTER_400,P,253.9984641520258
CLUSTER_400,Q,124.0604688287302
CLUSTER_400,R,47.92241310460536
CLUSTER_400,S,13.9078667216696
CLUSTER_400,T,153.4447314026416
CLUSTER_401,A,76.46214803168466
CLUSTER_401,B,157.55558878207916
CLUSTER_401,C,128.76585210701856
CLUSTER_401,D,199.54433004027325
CLUSTER_401,E,231.76161837967072
CLUSTER_401,F,46.286896793916654
CLUSTER_401,G,273.54271084738036
CLUSTER_401,H,115.84964255266442
CLUSTER_401,I,236.49360756295778
CLUSTER_401,J,285.95661843892054
CLUSTER_401,K,269.97613695696555
CLUSTER_401,L,78.22987878201901
CLUSTER_401,M,15.316946665624485
CLUSTER_401,N,97.9408717906109
CLUSTER_401,O,78.60164850612819
CLUSTER_401,P,129.66200052054103
CLUSTER_401,Q,163.10956758701278
CLUSTER_401,R,186.11027380572355
CLUSTER_401,S,204.97549359611818
CLUSTER_401,T,225.58113212006145
CLUSTER_402,A,262.4414451370892
CLUSTER_402,B,127.23519436320844
CLUSTER_402,C,129.45657899815635
CLUSTER_402,D,147.8985018277885
CLUSTER_402,E,95.94085705442443
CLUSTER_402,F,224.98557101297263
CLUSTER_402,G,70.26096012903118
CLUSTER_402,H,231.88599494134894
CLUSTER_402,I,27.990199573682784
CLUSTER_402,J,224.14551825788035
CLUSTER_402,K,157.17541172153295
CLUSTER_402,L,180.81886671491137
CLUSTER_402,M,251.91908719233655
CLUSTER_402,N,186.60382715053638
CLUSTER_402,O,312.7524830221714
CLUSTER_402,P,328.06413420776926
CLUSTER_402,Q,192.53483555787355
CLUSTER_402,R,76.1299994275585
CLUSTER_402,S,63.40790425836841
CLUSTER_402,T,207.816466662059
CLUSTER_403,A,207.1776750323431
CLUSTER_403,B,67.69001001787714
CLUSTER_403,C,102.44722815462265
CLUSTER_403,D,74.14788972432791
CLUSTER_403,E,27.04022444026832
CLUSTER_403,F,199.1889435533267
CLUSTER_403,G,52.13492424653751
CLUSTER_403,H,168.70723827808004
CLUSTER_403,I,78.95526580861815
CLUSTER_403,J,156.49713637178886
CLUSTER_403,K,94.64043318671486
CLUSTER_403,L,152.10876010267566
CLUSTER_403,M,211.68880758194592
CLUSTER_403,N,133.2848561638057
CLUSTER_403,O,261.8665597709553
CLUSTER_403,P,267.56395724000384
CLUSTER_403,Q,121.99020740871165
CLUSTER_403,R,84.51985338250113
CLUSTER_403,S,30.229382985748508
CLUSTER_403,T,134.20096440527777
CLUSTER_404,A,62.44752571483495
CLUSTER_404,B,77.71932702130479
CLUSTER_404,C,93.96299073792132
CLUSTER_404,D,102.39419284343028
CLUSTER_404,E,146.27950658229642
CLUSTER_404,F,109.66935344982676
CLUSTER_404,G,195.00662396656588
CLUSTER_404,H,35.13406505064926
CLUSTER_404,I,189.70229804389763
CLUSTER_404,J,184.38347549196186
CLUSTER_404,K,172.0722892179837
CLUSTER_404,L,84.12916942275496
CLUSTER_404,M,87.12046585538903
CLUSTER_404,N,21.003807242384923
CLUSTER_404,O,118.43824380512761
CLUSTER_404,P,125.27957921956305
CLUSTER_404,Q,61.55213277553021
CLUSTER_404,R,149.46758256908186
CLUSTER_404,S,140.14652419899912
CLUSTER_404,T,124.29386217840579
CLUSTER_405,A,19.313299462646345
CLUSTER_405,B,129.1341007056551
CLUSTER_405,C,140.19372313496814
CLUSTER_405,D,145.45177023264185
CLUSTER_405,E,194.99129111513946
CLUSTER_405,F,121.09072112689886
CLUSTER_405,G,244.92078542660892
CLUSTER_405,H,33.62492970652796
CLUSTER_405,I,240.66445540391774
CLUSTER_405,J,209.91413762654477
CLUSTER_405,K,211.61389591965897
CLUSTER_405,L,115.00711345694086
CLUSTER_405,M,77.57822559074374
CLUSTER_405,N,68.89012639173413
CLUSTER_405,O,74.23235125558175
CLUSTER_405,P,73.81911760416537
CLUSTER_405,Q,93.87519422299563
CLUSTER_405,R,198.47055228072233
CLUSTER_405,S,191.810481395764
CLUSTER_405,T,149.19880893129522
CLUSTER_406,A,196.2234661139778
CLUSTER_406,B,87.72575888966364
CLUSTER_406,C,53.50041298811196
CLUSTER_406,D,136.95142800005
CLUSTER_406,E,114.93156198241981
CLUSTER_406,F,141.6771078996205
CLUSTER_406,G,127.44068114443397
CLUSTER_406,H,178.3560630537083
CLUSTER_406,I,59.43946499471709
CLUSTER_406,J,236.41262922659638
CLUSTER_406,K,181.3547500607436
CLUSTER_406,L,99.90229797910014
CLUSTER_406,M,173.8615019466982
CLUSTER_406,N,124.42646155094891
CLUSTER_406,O,240.36861060504154
CLUSTER_406,P,265.51402978914973
CLUSTER_406,Q,159.1417530411564
CLUSTER_406,R,8.422459806383733
CLUSTER_406,S,59.07232316587842
CLUSTER_406,T,198.79788220891808
CLUSTER_407,A,237.94147193695102
CLUSTER_407,B,119.56706047584295
CLUSTER_407,C,173.5713631748047
CLUSTER_407,D,76.7888605769687
CLUSTER_407,E,55.521246659529325
CLUSTER_407,F,261.9321698872624
CLUSTER_407,G,72.2243051098862
CLUSTER_407,H,189.01932682565385
CLUSTER_407,I,153.74762884129348
CLUSTER_407,J,89.94793716583348
CLUSTER_407,K,21.88440943304808
CLUSTER_407,L,216.50342996660933
CLUSTER_407,M,261.2580398420396
CLUSTER_407,N,176.41946934660254
CLUSTER_407,O,295.1124770710102
CLUSTER_407,P,284.30350371007177
CLUSTER_407,Q,129.19849078360005
CLUSTER_407,R,165.99039143113276
CLUSTER_407,S,111.69512595680926
CLUSTER_407,T,100.10624945602318
CLUSTER_408,A,149.26719383112177
CLUSTER_408,B,44.16568335501823
CLUSTER_408,C,20.503998331387525
CLUSTER_408,D,100.42998008344007
CLUSTER_408,E,100.46862712083349
CLUSTER_408,F,117.44100172393267
CLUSTER_408,G,132.6482952322178
CLUSTER_408,H,128.00983168848967
CLUSTER_408,I,97.94610788467469
CLUSTER_408,J,203.45420271508726
CLUSTER_408,K,158.54440996470277
CLUSTER_408,L,70.45770739040434
CLUSTER_408,M,136.81653424374662
CLUSTER_408,N,75.13074124944244
CLUSTER_408,O,197.35225535061988
CLUSTER_408,P,217.46753226293933
CLUSTER_408,Q,111.45490749713541
CLUSTER_408,R,55.104116443824374
CLUSTER_408,S,61.087609833365235
CLUSTER_408,T,158.08616615103622
CLUSTER_409,A,117.27001299236761
CLUSTER_409,B,73.62594957773429
CLUSTER_409,C,30.05596830613999
CLUSTER_409,D,128.55217842469952
CLUSTER_409,E,142.93823804101095
CLUSTER_409,F,71.60898780776122
CLUSTER_409,G,178.69672644270145
CLUSTER_409,H,111.7311457422817
CLUSTER_409,I,138.57542505633046
CLUSTER_409,J,229.5216055272933
CLUSTER_409,K,194.4029512407954
CLUSTER_409,L,24.587201713773513
CLUSTER_409,M,92.71213794207259
CLUSTER_409,N,56.23432976643847
CLUSTER_409,O,158.46448037379187
CLUSTER_409,P,187.27805643986272
CLUSTER_409,Q,118.87723186632275
CLUSTER_409,R,89.41353468725413
CLUSTER_409,S,107.51548868326317
CLUSTER_409,T,176.49749811954288
CLUSTER_41,A,42.66545413610795
CLUSTER_41,B,108.93620700269554
CLUSTER_41,C,101.65524695575661
CLUSTER_41,D,143.05381108801518
CLUSTER_41,E,181.90719534019797
CLUSTER_41,F,76.50193666224983
CLUSTER_41,G,227.9625168349277
CLUSTER_41,H,59.10235222440747
CLUSTER_41,I,208.07202523350318
CLUSTER_41,J,226.22065124589201
CLUSTER_41,K,213.26447695019434
CLUSTER_41,L,68.795071813661
CLUSTER_41,M,45.04233556554093
CLUSTER_41,N,43.65042949570344
CLUSTER_41,O,87.423093195679
CLUSTER_41,P,112.60834170839344
CLUSTER_41,Q,103.40718050122913
CLUSTER_41,R,161.85613640600008
CLUSTER_41,S,165.74316396745724
CLUSTER_41,T,165.7712194759195
CLUSTER_410,A,53.912013001302476
CLUSTER_410,B,193.65369486554414
CLUSTER_410,C,193.33794859402644
CLUSTER_410,D,212.48964116957023
CLUSTER_410,E,261.70425374409876
CLUSTER_410,F,139.5043641107104
CLUSTER_410,G,311.1139552573468
CLUSTER_410,H,99.59547324510152
CLUSTER_410,I,299.4835626617129
CLUSTER_410,J,270.13221289193683
CLUSTER_410,K,277.74597080427344
CLUSTER_410,L,154.8395165315982
CLUSTER_410,M,87.30086259447813
CLUSTER_410,N,129.4947617258004
CLUSTER_410,O,21.21008776095509
CLUSTER_410,P,37.838033974246876
CLUSTER_410,Q,159.91126451205375
CLUSTER_410,R,253.58930507373367
CLUSTER_410,S,254.554075416416
CLUSTER_410,T,210.82544372051572
CLUSTER_411,A,182.62285064036524
CLUSTER_411,B,126.48230238170639
CLUSTER_411,C,186.24589428811484
CLUSTER_411,D,72.85222322675214
CLUSTER_411,E,117.9119889838612
CLUSTER_411,F,245.97418766835244
CLUSTER_411,G,160.80168421218315
CLUSTER_411,H,130.82479391582237
CLUSTER_411,I,219.1024004322244
CLUSTER_411,J,46.30838271276829
CLUSTER_411,K,76.78944658297263
CLUSTER_411,L,209.51583473427885
CLUSTER_411,M,225.92921422349005
CLUSTER_411,N,148.78614983859248
CLUSTER_411,O,236.41822927348306
CLUSTER_411,P,210.03208207110285
CLUSTER_411,Q,78.12183146280766
CLUSTER_411,R,209.10997780715942
CLUSTER_411,S,163.07395983349403
CLUSTER_411,T,15.231422969650906
CLUSTER_412,A,231.6008836703795
CLUSTER_412,B,144.69084205386733
CLUSTER_412,C,204.92837675095078
CLUSTER_412,D,88.32176577107933
CLUSTER_412,E,104.31641674859088
CLUSTER_412,F,280.1730826276986
CLUSTER_412,G,132.20759342162654
CLUSTER_412,H,179.66683396503407
CLUSTER_412,I,208.57874915104833
CLUSTER_412,J,30.10509284943306
CLUSTER_412,K,39.30538520053162
CLUSTER_412,L,238.73625815089815
CLUSTER_412,M,268.0941801803168
CLUSTER_412,N,185.52360191815777
CLUSTER_412,O,287.18452360248165
CLUSTER_412,P,264.65838581062513
CLUSTER_412,Q,121.13028422453357
CLUSTER_412,R,211.99156430986773
CLUSTER_412,S,159.4351613927745
CLUSTER_412,T,66.78829186438308
CLUSTER_413,A,132.95832428439053
CLUSTER_413,B,114.49367511685575
CLUSTER_413,C,59.90411058621177
CLUSTER_413,D,170.1164817695993
CLUSTER_413,E,180.5225213147654
CLUSTER_413,F,45.725670811649394
CLUSTER_413,G,211.3559834800876
CLUSTER_413,H,141.73574554627527
CLUSTER_413,I,156.1515255441296
CLUSTER_413,J,271.17164718407867
CLUSTER_413,K,235.07371700064644
CLUSTER_413,L,25.1669617455326
CLUSTER_413,M,88.43868699524943
CLUSTER_413,N,90.68231410206658
CLUSTER_413,O,161.17151283075341
CLUSTER_413,P,201.06470182216515
CLUSTER_413,Q,158.53747439869957
CLUSTER_413,R,105.12701534714914
CLUSTER_413,S,138.24975703117764
CLUSTER_413,T,217.57863774290917
CLUSTER_414,A,92.85904513497933
CLUSTER_414,B,103.40532735908835
CLUSTER_414,C,67.78104635252622
CLUSTER_414,D,153.06905538063404
CLUSTER_414,E,176.30020656559375
CLUSTER_414,F,39.96158210310711
CLUSTER_414,G,214.9808782959398
CLUSTER_414,H,103.97777137076221
CLUSTER_414,I,175.77415060230888
CLUSTER_414,J,249.13719862114078
CLUSTER_414,K,222.0720762250964
CLUSTER_414,L,19.485318722729716
CLUSTER_414,M,55.90570483045273
CLUSTER_414,N,58.84543915708093
CLUSTER_414,O,125.40327916623382
CLUSTER_414,P,161.56325192371074
CLUSTER_414,Q,130.07026593686572
CLUSTER_414,R,125.78150151175831
CLUSTER_414,S,144.8492579433739
CLUSTER_414,T,191.97710960865203
CLUSTER_415,A,198.2303096008224
CLUSTER_415,B,95.95687671881943
CLUSTER_415,C,155.72428745831496
CLUSTER_415,D,41.58058596614631
CLUSTER_415,E,60.90535878550774
CLUSTER_415,F,234.49807063111098
CLUSTER_415,G,101.45715741616911
CLUSTER_415,H,147.94087748607612
CLUSTER_415,I,165.13587688233898
CLUSTER_415,J,70.88382823081449
CLUSTER_415,K,30.432418039031976
CLUSTER_415,L,191.54911034902275
CLUSTER_415,M,227.24327168972977
CLUSTER_415,N,142.7898569273841
CLUSTER_415,O,255.21145530686718
CLUSTER_415,P,241.47593539563908
CLUSTER_415,Q,87.54034159902665
CLUSTER_415,R,163.741513667081
CLUSTER_415,S,112.52978544813055
CLUSTER_415,T,58.52952524949722
CLUSTER_416,A,250.2968711557284
CLUSTER_416,B,136.54982724281044
CLUSTER_416,C,107.40945762274087
CLUSTER_416,D,177.8467614749515
CLUSTER_416,E,140.61960682922518
CLUSTER_416,F,186.82227925142388
CLUSTER_416,G,132.24282771368016
CLUSTER_416,H,232.20064344574902
CLUSTER_416,I,40.867113381970796
CLUSTER_416,J,269.9920899877295
CLUSTER_416,K,207.77465642643702
CLUSTER_416,L,149.74662270483066
CLUSTER_416,M,224.46047292111447
CLUSTER_416,N,178.71155196984762
CLUSTER_416,O,293.00271458447475
CLUSTER_416,P,319.74600140800635
CLUSTER_416,Q,208.56498849710223
CLUSTER_416,R,49.129183705494874
CLUSTER_416,S,87.14948255980461
CLUSTER_416,T,240.7973433576809
CLUSTER_417,A,15.559861013114594
CLUSTER_417,B,154.1994741602848
CLUSTER_417,C,153.79151221168212
CLUSTER_417,D,176.81715667460017
CLUSTER_417,E,223.6193955668064
CLUSTER_417,F,110.59530544192664
CLUSTER_417,G,272.33453494200376
CLUSTER_417,H,67.10043629870621
CLUSTER_417,I,259.42529896134283
CLUSTER_417,J,243.53864433844603
CLUSTER_417,K,244.19436835169887
CLUSTER_417,L,118.06832002540305
CLUSTER_417,M,59.831526592546695
CLUSTER_417,N,89.53007108023496
CLUSTER_417,O,41.62281652947793
CLUSTER_417,P,62.63069938832785
CLUSTER_417,Q,126.85502717659804
CLUSTER_417,R,213.90493080152828
CLUSTER_417,S,214.56716558027992
CLUSTER_417,T,182.85943153569343
CLUSTER_418,A,32.39678056081243
CLUSTER_418,B,141.68416531151843
CLUSTER_418,C,130.83571410847406
CLUSTER_418,D,173.59503431314036
CLUSTER_418,E,214.4139109282222
CLUSTER_418,F,79.76087498723123
CLUSTER_418,G,260.7240820877018
CLUSTER_418,H,75.75103754205982
CLUSTER_418,I,238.70600535142782
CLUSTER_418,J,251.17695247811838
CLUSTER_418,K,243.27728136481028
CLUSTER_418,L,90.11401754232864
CLUSTER_418,M,30.058458195187793
CLUSTER_418,N,76.22712633385373
CLUSTER_418,O,56.3799892828778
CLUSTER_418,P,92.9067560292952
CLUSTER_418,Q,129.65494645126824
CLUSTER_418,R,191.14466920912142
CLUSTER_418,S,198.0874249298409
CLUSTER_418,T,190.18335173989615
CLUSTER_419,A,87.92966025419304
CLUSTER_419,B,138.74382312736932
CLUSTER_419,C,103.63902760345476
CLUSTER_419,D,185.4171197936914
CLUSTER_419,E,212.31943903438517
CLUSTER_419,F,22.356155809291327
CLUSTER_419,G,251.70299647876794
CLUSTER_419,H,116.59521900377554
CLUSTER_419,I,210.29655576042921
CLUSTER_419,J,277.36873823218355
CLUSTER_419,K,255.3523492757371
CLUSTER_419,L,51.931327797600765
CLUSTER_419,M,30.309412492348986
CLUSTER_419,N,85.56777787068474
CLUSTER_419,O,103.12498478026373
CLUSTER_419,P,149.47183520498757
CLUSTER_419,Q,155.38348998204677
CLUSTER_419,R,159.61496868214874
CLUSTER_419,S,181.5171327096001
CLUSTER_419,T,218.264129557678
CLUSTER_42,A,121.932905167279
CLUSTER_42,B,87.76320649632046
CLUSTER_42,C,140.02476124923513
CLUSTER_42,D,59.14806495582282
CLUSTER_42,E,117.72885201096373
CLUSTER_42,F,186.20506584093113
CLUSTER_42,G,168.84879497998975
CLUSTER_42,H,69.9153802837733
CLUSTER_42,I,200.73855734756455
CLUSTER_42,J,108.08114243311282
CLUSTER_42,K,112.29575850717374
CLUSTER_42,L,153.3446388591741
CLUSTER_42,M,163.7599985318025
CLUSTER_42,N,89.39912953808027
CLUSTER_42,O,177.32823028256095
CLUSTER_42,P,158.74599378006735
CLUSTER_42,Q,18.76432076866688
CLUSTER_42,R,177.11757107844116
CLUSTER_42,S,142.938595178714
CLUSTER_42,T,47.13293722364572
CLUSTER_420,A,25.277868800909875
CLUSTER_420,B,117.33966942134978
CLUSTER_420,C,128.0753066213436
CLUSTER_420,D,136.09705551990984
CLUSTER_420,E,184.2405701854091
CLUSTER_420,F,114.17240450057366
CLUSTER_420,G,233.80369320975328
CLUSTER_420,H,28.194341007124088
CLUSTER_420,I,228.36969291943572
CLUSTER_420,J,205.13117283470058
CLUSTER_420,K,203.39278971395123
CLUSTER_420,L,104.58980103070796
CLUSTER_420,M,74.39767390236213
CLUSTER_420,N,56.57566323141164
CLUSTER_420,O,82.40815726486471
CLUSTER_420,P,86.09483347179503
CLUSTER_420,Q,86.30981168344594
CLUSTER_420,R,186.1947242024302
CLUSTER_420,S,179.75916769868263
CLUSTER_420,T,144.14489487915287
CLUSTER_421,A,31.484309858386826
CLUSTER_421,B,115.49457974485219
CLUSTER_421,C,112.07560237080993
CLUSTER_421,D,145.82908404915463
CLUSTER_421,E,187.4099980314875
CLUSTER_421,F,85.19088137722018
CLUSTER_421,G,234.4901601003074
CLUSTER_421,H,53.13255284775213
CLUSTER_421,I,217.69470067010104
CLUSTER_421,J,225.0474256891331
CLUSTER_421,K,215.54943616201865
CLUSTER_421,L,80.01772522401173
CLUSTER_421,M,47.597968286042935
CLUSTER_421,N,49.84178948608338
CLUSTER_421,O,79.06640452822342
CLUSTER_421,P,101.4849947826343
CLUSTER_421,Q,102.78348728775963
CLUSTER_421,R,172.10359082979534
CLUSTER_421,S,173.97859843924235
CLUSTER_421,T,164.2147031720619
CLUSTER_422,A,241.84270023643174
CLUSTER_422,B,167.12629003526263
CLUSTER_422,C,227.83551092526793
CLUSTER_422,D,110.02728676281399
CLUSTER_422,E,130.91669949912648
CLUSTER_422,F,298.6584063828292
CLUSTER_422,G,158.17987208598188
CLUSTER_422,H,189.90728228429757
CLUSTER_422,I,235.28759333639292
CLUSTER_422,J,14.282354167131132
CLUSTER_422,K,65.77609965174112
CLUSTER_422,L,258.8595387136265
CLUSTER_422,M,282.8491999958367
CLUSTER_422,N,202.474380690027
CLUSTER_422,O,295.902165703782
CLUSTER_422,P,268.39587335781414
CLUSTER_422,Q,134.4297233762483
CLUSTER_422,R,237.7586049684312
CLUSTER_422,S,185.65583617107114
CLUSTER_422,T,73.73644929847724
CLUSTER_423,A,199.35516467522586
CLUSTER_423,B,61.21877244982773
CLUSTER_423,C,103.09220539954707
CLUSTER_423,D,61.61969402780011
CLUSTER_423,E,18.875245315829154
CLUSTER_423,F,197.75981001889662
CLUSTER_423,G,58.14861429368912
CLUSTER_423,H,159.17401357425854
CLUSTER_423,I,91.05116327234789
CLUSTER_423,J,145.25544593023469
CLUSTER_423,K,85.36716932455991
CLUSTER_423,L,150.85383582923532
CLUSTER_423,M,207.1764466935605
CLUSTER_423,N,126.71619906137296
CLUSTER_423,O,254.73185892975314
CLUSTER_423,P,258.26815767237997
CLUSTER_423,Q,110.58351480904453
CLUSTER_423,R,92.43578049830684
CLUSTER_423,S,38.779621988779226
CLUSTER_423,T,121.57842531262132
CLUSTER_424,A,54.215304853165705
CLUSTER_424,B,186.0575483812759
CLUSTER_424,C,196.26092739464397
CLUSTER_424,D,196.1346064830028
CLUSTER_424,E,249.11223913926025
CLUSTER_424,F,158.54894868218446
CLUSTER_424,G,299.88586334110016
CLUSTER_424,H,83.78905475364803
CLUSTER_424,I,298.17250091178
CLUSTER_424,J,243.92523992531022
CLUSTER_424,K,257.74226321382395
CLUSTER_424,L,164.9664514417909
CLUSTER_424,M,106.9890589843229
CLUSTER_424,N,126.28764844388519
CLUSTER_424,O,53.89097210177609
CLUSTER_424,P,16.290228827673165
CLUSTER_424,Q,141.35415459342542
CLUSTER_424,R,255.33189508763917
CLUSTER_424,S,249.13942205944937
CLUSTER_424,T,186.2819705741023
CLUSTER_425,A,52.57413129914561
CLUSTER_425,B,102.27083236632355
CLUSTER_425,C,91.9780388875592
CLUSTER_425,D,139.48517991782413
CLUSTER_425,E,175.8851534058951
CLUSTER_425,F,70.9474232530814
CLUSTER_425,G,221.03094889122465
CLUSTER_425,H,64.08306855529743
CLUSTER_425,I,198.83855766269875
CLUSTER_425,J,225.84828803938632
CLUSTER_425,K,209.89993479702807
CLUSTER_425,L,59.27720531714695
CLUSTER_425,M,46.89423702778516
CLUSTER_425,N,38.30723149235684
CLUSTER_425,O,96.25991453334956
CLUSTER_425,P,122.54107398470302
CLUSTER_425,Q,103.10268644988678
CLUSTER_425,R,152.24919971222585
CLUSTER_425,S,157.54654475855233
CLUSTER_425,T,165.90832718834488
CLUSTER_426,A,94.79661582337395
CLUSTER_426,B,229.81004310902946
CLUSTER_426,C,237.6689486434912
CLUSTER_426,D,238.86951382107486
CLUSTER_426,E,292.59354681069357
CLUSTER_426,F,189.2264579019593
CLUSTER_426,G,343.507409962908
CLUSTER_426,H,127.34794132082287
CLUSTER_426,I,341.127213276448
CLUSTER_426,J,279.69983913146024
CLUSTER_426,K,298.6265120854349
CLUSTER_426,L,202.63626437191087
CLUSTER_426,M,136.99583522639193
CLUSTER_426,N,169.23498799628004
CLUSTER_426,O,67.35455182955982
CLUSTER_426,P,28.227940392034967
CLUSTER_426,Q,183.66579808054527
CLUSTER_426,R,297.32687186583064
CLUSTER_426,S,292.7632684061739
CLUSTER_426,T,224.38584039833466
CLUSTER_427,A,160.5869737471902
CLUSTER_427,B,75.01780388728353
CLUSTER_427,C,135.53359998350385
CLUSTER_427,D,21.12275798689281
CLUSTER_427,E,75.5904704350645
CLUSTER_427,F,204.10696002453804
CLUSTER_427,G,125.04272690574427
CLUSTER_427,H,110.05946301185867
CLUSTER_427,I,170.16727230173626
CLUSTER_427,J,86.37985848309586
CLUSTER_427,K,68.23708869148783
CLUSTER_427,L,163.8632917084452
CLUSTER_427,M,192.3246925284812
CLUSTER_427,N,109.15978226859431
CLUSTER_427,O,217.46827717650027
CLUSTER_427,P,204.06494833157558
CLUSTER_427,Q,49.64250214085628
CLUSTER_427,R,157.09015738460334
CLUSTER_427,S,112.92375127267168
CLUSTER_427,T,41.83101089292879
CLUSTER_428,A,193.42612282772913
CLUSTER_428,B,108.62127456235852
CLUSTER_428,C,169.4221645712248
CLUSTER_428,D,51.46643748718425
CLUSTER_428,E,84.64185051659689
CLUSTER_428,F,241.0861140049262
CLUSTER_428,G,125.42060492787624
CLUSTER_428,H,141.76683588817664
CLUSTER_428,I,188.1296739224806
CLUSTER_428,J,51.82481357593773
CLUSTER_428,K,43.48162748807396
CLUSTER_428,L,200.4315194993549
CLUSTER_428,M,228.55540930610596
CLUSTER_428,N,146.00682590778044
CLUSTER_428,O,249.58698101148147
CLUSTER_428,P,230.56498571195291
CLUSTER_428,Q,82.26867917241968
CLUSTER_428,R,183.54234609592172
CLUSTER_428,S,134.07524482127525
CLUSTER_428,T,37.607410658535464
CLUSTER_429,A,166.52596923999582
CLUSTER_429,B,59.23792562797674
CLUSTER_429,C,27.038631102758167
CLUSTER_429,D,112.91771928045667
CLUSTER_429,E,103.38101662759176
CLUSTER_429,F,124.55521056412519
CLUSTER_429,G,128.55218542232063
CLUSTER_429,H,146.80449541226227
CLUSTER_429,I,82.12375723418951
CLUSTER_429,J,215.0770248245125
CLUSTER_429,K,165.75969618339045
CLUSTER_429,L,78.90042261728843
CLUSTER_429,M,149.65475605415736
CLUSTER_429,N,93.37631537288568
CLUSTER_429,O,212.9764721989775
CLUSTER_429,P,235.26398175970704
CLUSTER_429,Q,129.07175042990303
CLUSTER_429,R,36.51577137224174
CLUSTER_429,S,55.30527285204503
CLUSTER_429,T,172.77685019014223
CLUSTER_43,A,195.1730224358849
CLUSTER_43,B,70.26789653650208
CLUSTER_43,C,125.25524914958125
CLUSTER_43,D,37.64432213452465
CLUSTER_43,E,23.7384854655003
CLUSTER_43,F,212.64638921257824
CLUSTER_43,G,72.73898676111435
CLUSTER_43,H,149.237314997865
CLUSTER_43,I,126.18327305834865
CLUSTER_43,J,109.8891933212728
CLUSTER_43,K,53.704029347669085
CLUSTER_43,L,167.19158989385642
CLUSTER_43,M,213.59642791060895
CLUSTER_43,N,129.20768631281814
CLUSTER_43,O,252.09709507214163
CLUSTER_43,P,247.5214270329054
CLUSTER_43,Q,93.000495367777
CLUSTER_43,R,125.79711941581414
CLUSTER_43,S,73.58072046896103
CLUSTER_43,T,89.36791696944749
CLUSTER_430,A,63.32744571499799
CLUSTER_430,B,198.58495999562007
CLUSTER_430,C,189.31264491981534
CLUSTER_430,D,224.368831965361
CLUSTER_430,E,269.7409335635109
CLUSTER_430,F,122.45466162456994
CLUSTER_430,G,317.49015816846685
CLUSTER_430,H,114.60478260076876
CLUSTER_430,I,297.4681984710759
CLUSTER_430,J,289.9273364775545
CLUSTER_430,K,291.98918587183573
CLUSTER_430,L,145.55270808446204
CLUSTER_430,M,72.38993003430863
CLUSTER_430,N,132.96564487379723
CLUSTER_430,O,8.073334789230962
CLUSTER_430,P,66.01467842664688
CLUSTER_430,Q,174.61638959961672
CLUSTER_430,R,249.49558611913622
CLUSTER_430,S,256.56890519683316
CLUSTER_430,T,229.6116841438942
CLUSTER_431,A,138.7280061375463
CLUSTER_431,B,35.84217732598311
CLUSTER_431,C,95.49309605155854
CLUSTER_431,D,26.765973179597157
CLUSTER_431,E,71.51090219565113
CLUSTER_431,F,166.34834732432859
CLUSTER_431,G,122.67593893133476
CLUSTER_431,H,93.85163089309572
CLUSTER_431,I,144.87568953692758
CLUSTER_431,J,126.64944598884415
CLUSTER_431,K,96.92732688183796
CLUSTER_431,L,124.46904036849195
CLUSTER_431,M,160.1574141736532
CLUSTER_431,N,75.2707086043005
CLUSTER_431,O,195.6544970340871
CLUSTER_431,P,192.864650397556
CLUSTER_431,Q,44.08848924879886
CLUSTER_431,R,123.05496558597495
CLUSTER_431,S,87.17476490909216
CLUSTER_431,T,78.16818009979932
CLUSTER_432,A,183.28540125385453
CLUSTER_432,B,103.06065506230793
CLUSTER_432,C,163.84573133786432
CLUSTER_432,D,46.34199058402657
CLUSTER_432,E,86.67896276920659
CLUSTER_432,F,232.878608135287
CLUSTER_432,G,130.21767932740562
CLUSTER_432,H,131.5656122430963
CLUSTER_432,I,188.52881800677227
CLUSTER_432,J,57.37653130055628
CLUSTER_432,K,52.69399847087571
CLUSTER_432,L,192.9791228808035
CLUSTER_432,M,219.1844997081845
CLUSTER_432,N,137.2051912910707
CLUSTER_432,O,239.36621121458177
CLUSTER_432,P,220.32314943101215
CLUSTER_432,Q,72.28734004218887
CLUSTER_432,R,181.13391361299085
CLUSTER_432,S,133.23120863839674
CLUSTER_432,T,29.560261624707305
CLUSTER_433,A,65.41673676274182
CLUSTER_433,B,93.26498924024524
CLUSTER_433,C,122.85760855936302
CLUSTER_433,D,99.04914633291608
CLUSTER_433,E,151.59744937759373
CLUSTER_433,F,139.5877878689297
CLUSTER_433,G,202.633652109178
CLUSTER_433,H,14.301061961240823
CLUSTER_433,I,210.6187460631475
CLUSTER_433,J,164.74091350832995
CLUSTER_433,K,164.09881511682195
CLUSTER_433,L,116.58117305654778
CLUSTER_433,M,109.44339132444281
CLUSTER_433,N,52.4394137194602
CLUSTER_433,O,121.78452681361333
CLUSTER_433,P,112.77897964174481
CLUSTER_433,Q,46.29963071071386
CLUSTER_433,R,174.68176426338428
CLUSTER_433,S,157.0567068382889
CLUSTER_433,T,103.71557809886984
CLUSTER_434,A,210.10096519041264
CLUSTER_434,B,145.89962827566407
CLUSTER_434,C,206.5729088392148
CLUSTER_434,D,89.42689164856128
CLUSTER_434,E,123.64114650507562
CLUSTER_434,F,271.3198186276616
CLUSTER_434,G,160.07861066792984
CLUSTER_434,H,158.29810309949653
CLUSTER_434,I,227.86567871105433
CLUSTER_434,J,18.83594095237602
CLUSTER_434,K,68.72397293885825
CLUSTER_434,L,233.39671476540383
CLUSTER_434,M,252.85720329840223
CLUSTER_434,N,174.36840537993154
CLUSTER_434,O,263.7689477215073
CLUSTER_434,P,236.12032268228103
CLUSTER_434,Q,104.5878878056778
CLUSTER_434,R,223.59525111649356
CLUSTER_434,S,174.27633692171517
CLUSTER_434,T,42.31113593902421
CLUSTER_435,A,81.83932329581042
CLUSTER_435,B,58.21408626677999
CLUSTER_435,C,73.28969540874459
CLUSTER_435,D,92.21367749383232
CLUSTER_435,E,129.84426395154708
CLUSTER_435,F,105.85990659702132
CLUSTER_435,G,176.9621410815024
CLUSTER_435,H,55.831349434543405
CLUSTER_435,I,167.8971599709731
CLUSTER_435,J,183.01993353422034
CLUSTER_435,K,162.65222776118742
CLUSTER_435,L,72.20969984984356
CLUSTER_435,M,94.2250977781218
CLUSTER_435,N,9.409640230184513
CLUSTER_435,O,135.99367433962084
CLUSTER_435,P,146.78094601695807
CLUSTER_435,Q,63.19427122760479
CLUSTER_435,R,127.67836620999287
CLUSTER_435,S,119.21508351605415
CLUSTER_435,T,125.09794859017865
CLUSTER_436,A,243.97190158910539
CLUSTER_436,B,107.1304676430824
CLUSTER_436,C,115.3736439477631
CLUSTER_436,D,126.70019101789914
CLUSTER_436,E,75.96937625757172
CLUSTER_436,F,212.9100455232051
CLUSTER_436,G,58.73868748730294
CLUSTER_436,H,211.8513328936006
CLUSTER_436,I,32.918791735451144
CLUSTER_436,J,205.3743546799495
CLUSTER_436,K,139.43250182804303
CLUSTER_436,L,167.48579558562344
CLUSTER_436,M,236.62696106092312
CLUSTER_436,N,168.10460369871788
CLUSTER_436,O,295.3607263875014
CLUSTER_436,P,308.71745575327674
CLUSTER_436,Q,171.3954855293586
CLUSTER_436,R,68.50216797006534
CLUSTER_436,S,43.44266798088348
CLUSTER_436,T,186.9775272798525
CLUSTER_437,A,93.27160281081495
CLUSTER_437,B,119.15693251174912
CLUSTER_437,C,81.63849741103343
CLUSTER_437,D,168.30627420381498
CLUSTER_437,E,192.044496892977
CLUSTER_437,F,25.403216641045308
CLUSTER_437,G,230.35396229751262
CLUSTER_437,H,111.93205726183267
CLUSTER_437,I,188.47488590207658
CLUSTER_437,J,263.3261485045241
CLUSTER_437,K,237.5568326205605
CLUSTER_437,L,30.06071523479476
CLUSTER_437,M,46.32507580338586
CLUSTER_437,N,71.82390943531642
CLUSTER_437,O,118.68518677031298
CLUSTER_437,P,159.66958566820955
CLUSTER_437,Q,143.08614033470988
CLUSTER_437,R,137.92365315527218
CLUSTER_437,S,159.74257382703732
CLUSTER_437,T,205.48585499296493
CLUSTER_438,A,116.87110505537123
CLUSTER_438,B,100.31456592574297
CLUSTER_438,C,52.08294235328046
CLUSTER_438,D,154.54251011202925
CLUSTER_438,E,169.48708946979494
CLUSTER_438,F,46.54015114589316
CLUSTER_438,G,203.79438650852757
CLUSTER_438,H,122.97476459540897
CLUSTER_438,I,156.41404772641266
CLUSTER_438,J,254.49086788109554
CLUSTER_438,K,221.05734998992492
CLUSTER_438,L,6.299301792622229
CLUSTER_438,M,78.51416002109731
CLUSTER_438,N,71.73448446152292
CLUSTER_438,O,149.51487759569557
CLUSTER_438,P,185.94270403590227
CLUSTER_438,Q,140.18483184230703
CLUSTER_438,R,105.59726576320328
CLUSTER_438,S,131.57191509240002
CLUSTER_438,T,199.92485831750997
CLUSTER_439,A,140.86395322369293
CLUSTER_439,B,78.0455347598595
CLUSTER_439,C,18.594572498398946
CLUSTER_439,D,135.12979569012015
CLUSTER_439,E,139.52577576330114
CLUSTER_439,F,83.02636313389058
CLUSTER_439,G,169.51662524354455
CLUSTER_439,H,133.78177980750434
CLUSTER_439,I,119.54320291081424
CLUSTER_439,J,237.93151741541203
CLUSTER_439,K,196.6877595616711
CLUSTER_439,L,38.90031144534145
CLUSTER_439,M,112.89035742922863
CLUSTER_439,N,77.71360069919068
CLUSTER_439,O,180.8718753252323
CLUSTER_439,P,210.87837451720424
CLUSTER_439,Q,134.34335317682343
CLUSTER_439,R,69.00629977579567
CLUSTER_439,S,96.48894636974997
CLUSTER_439,T,188.3093853036831
CLUSTER_44,A,171.61691831776537
CLUSTER_44,B,118.34482492230944
CLUSTER_44,C,177.48800313783175
CLUSTER_44,D,66.76552952608388
CLUSTER_44,E,115.80871997653638
CLUSTER_44,F,235.2863841914188
CLUSTER_44,G,160.88109941884753
CLUSTER_44,H,119.77171296819998
CLUSTER_44,I,214.95703734389772
CLUSTER_44,J,57.338965259006464
CLUSTER_44,K,81.13747539859094
CLUSTER_44,L,199.3504957767524
CLUSTER_44,M,214.82428021260787
CLUSTER_44,N,138.074942566862
CLUSTER_44,O,225.6211324945718
CLUSTER_44,P,200.21432128059203
CLUSTER_44,Q,67.18797918434404
CLUSTER_44,R,202.65892910435645
CLUSTER_44,S,158.2035041898595
CLUSTER_44,T,4.516632919077223
CLUSTER_440,A,266.76920389335555
CLUSTER_440,B,128.01336232894505
CLUSTER_440,C,158.9121163540685
CLUSTER_440,D,119.57882897096906
CLUSTER_440,E,61.464463869167204
CLUSTER_440,F,257.22693200098365
CLUSTER_440,G,9.84543050972939
CLUSTER_440,H,225.81569639039378
CLUSTER_440,I,91.56625020829439
CLUSTER_440,J,169.0860336026595
CLUSTER_440,K,100.55375728068859
CLUSTER_440,L,210.2622545407993
CLUSTER_440,M,272.1453606769705
CLUSTER_440,N,193.68007867328035
CLUSTER_440,O,322.0227296674446
CLUSTER_440,P,324.9825084023015
CLUSTER_440,Q,173.73089117985688
CLUSTER_440,R,124.41950707989541
CLUSTER_440,S,79.55033622222997
CLUSTER_440,T,168.15312956349175
CLUSTER_441,A,171.2761741524554
CLUSTER_441,B,33.27680386093176
CLUSTER_441,C,82.7333691300227
CLUSTER_441,D,48.380874034169224
CLUSTER_441,E,41.359750902413005
CLUSTER_441,F,173.0882253704879
CLUSTER_441,G,86.34360958738411
CLUSTER_441,H,132.25083751008938
CLUSTER_441,I,102.4030409371785
CLUSTER_441,J,146.4074409444616
CLUSTER_441,K,96.18590594844144
CLUSTER_441,L,126.72904850094524
CLUSTER_441,M,179.72027755220603
CLUSTER_441,N,98.54686960579124
CLUSTER_441,O,226.53165592987273
CLUSTER_441,P,231.09327149435774
CLUSTER_441,Q,87.73267717132352
CLUSTER_441,R,88.65009700178928
CLUSTER_441,S,44.45370768074398
CLUSTER_441,T,111.32562513302263
CLUSTER_442,A,260.59771228338246
CLUSTER_442,B,139.78419081411727
CLUSTER_442,C,118.33652120458368
CLUSTER_442,D,176.0368893457053
CLUSTER_442,E,133.75655359474217
CLUSTER_442,F,202.5847783291653
CLUSTER_442,G,119.28614386760658
CLUSTER_442,H,239.2264494936114
CLUSTER_442,I,29.283212397737067
CLUSTER_442,J,263.9387890046072
CLUSTER_442,K,199.73890553859536
CLUSTER_442,L,163.67610840251623
CLUSTER_442,M,238.17458158795014
CLUSTER_442,N,187.322564859942
CLUSTER_442,O,305.3077916143216
CLUSTER_442,P,329.44690410651464
CLUSTER_442,Q,211.12196721359183
CLUSTER_442,R,58.08579800881595
CLUSTER_442,S,84.15052150784922
CLUSTER_442,T,238.71144574302133
CLUSTER_443,A,199.28490461363722
CLUSTER_443,B,127.53112315797387
CLUSTER_443,C,188.29297128422067
CLUSTER_443,D,70.81523214739347
CLUSTER_443,E,106.1125016117078
CLUSTER_443,F,255.35169064593367
CLUSTER_443,G,144.95966604442094
CLUSTER_443,H,147.2603418980938
CLUSTER_443,I,209.86369842189822
CLUSTER_443,J,33.478007363030265
CLUSTER_443,K,56.76407908008044
CLUSTER_443,L,216.42507362826635
CLUSTER_443,M,239.09651153359815
CLUSTER_443,N,158.86508417094623
CLUSTER_443,O,254.17576004395661
CLUSTER_443,P,230.21479434370755
CLUSTER_443,Q,90.72761023518427
CLUSTER_443,R,204.84431624768482
CLUSTER_443,S,155.78673406331123
CLUSTER_443,T,32.369845550848574
CLUSTER_444,A,56.038799461480075
CLUSTER_444,B,118.05963811150676
CLUSTER_444,C,99.36251611894417
CLUSTER_444,D,157.82796868388377
CLUSTER_444,E,192.16315992047205
CLUSTER_444,F,56.33390054019121
CLUSTER_444,G,235.93694367603194
CLUSTER_444,H,79.92452817701425
CLUSTER_444,I,207.82942243555098
CLUSTER_444,J,244.77574252831914
CLUSTER_444,K,228.26804651567528
CLUSTER_444,L,57.555631081319326
CLUSTER_444,M,28.761407031000637
CLUSTER_444,N,56.2594958410048
CLUSTER_444,O,88.46374470183775
CLUSTER_444,P,123.53442053022401
CLUSTER_444,Q,121.9974518649274
CLUSTER_444,R,159.44235308166873
CLUSTER_444,S,170.14428756152864
CLUSTER_444,T,184.7575340633935
CLUSTER_445,A,38.935274469923655
CLUSTER_445,B,131.32218896053067
CLUSTER_445,C,150.94768881856007
CLUSTER_445,D,139.02258243276134
CLUSTER_445,E,192.05659848670254
CLUSTER_445,F,141.1663869436539
CLUSTER_445,G,243.01962149657368
CLUSTER_445,H,26.96652293762455
CLUSTER_445,I,246.64099932250306
CLUSTER_445,J,194.6476780986009
CLUSTER_445,K,202.0100438844245
CLUSTER_445,L,131.39857187668787
CLUSTER_445,M,98.66665431724908
CLUSTER_445,N,77.79801016786628
CLUSTER_445,O,87.95799687610496
CLUSTER_445,P,72.32196911637921
CLUSTER_445,Q,84.6597344281004
CLUSTER_445,R,207.1736905072865
CLUSTER_445,S,195.05213346324192
CLUSTER_445,T,134.71286269593034
CLUSTER_446,A,179.8866147252651
CLUSTER_446,B,113.52957303877417
CLUSTER_446,C,173.79780286771233
CLUSTER_446,D,58.72049820334846
CLUSTER_446,E,103.27410586462209
CLUSTER_446,F,237.27992009147923
CLUSTER_446,G,146.97079840407739
CLUSTER_446,H,127.86112263729977
CLUSTER_446,I,204.31208144570112
CLUSTER_446,J,51.61096430119704
CLUSTER_446,K,66.26751056743949
CLUSTER_446,L,199.34300842693418
CLUSTER_446,M,219.93420202060685
CLUSTER_446,N,140.43898986509757
CLUSTER_446,O,234.9180359828408
CLUSTER_446,P,212.08800431243688
CLUSTER_446,Q,71.4932549530445
CLUSTER_446,R,194.86907924772416
CLUSTER_446,S,148.37320841302522
CLUSTER_446,T,15.05744994767814
CLUSTER_447,A,172.489212827291
CLUSTER_447,B,47.77489586427691
CLUSTER_447,C,105.64830927615199
CLUSTER_447,D,24.39761178034851
CLUSTER_447,E,37.714821055795866
CLUSTER_447,F,189.8319113317669
CLUSTER_447,G,89.27250131316397
CLUSTER_447,H,127.96086960207317
CLUSTER_447,I,125.21480803044237
CLUSTER_447,J,119.70018682748713
CLUSTER_447,K,73.18841890520586
CLUSTER_447,L,144.924905420052
CLUSTER_447,M,189.88327606427026
CLUSTER_447,N,105.51613939489923
CLUSTER_447,O,229.21837231155718
CLUSTER_447,P,226.86875071514135
CLUSTER_447,Q,74.79517183379016
CLUSTER_447,R,115.33670122220323
CLUSTER_447,S,68.22982563249913
CLUSTER_447,T,86.40977670088922
CLUSTER_448,A,275.73808223469297
CLUSTER_448,B,139.92053302131254
CLUSTER_448,C,177.3748434827717
CLUSTER_448,D,121.0249168347896
CLUSTER_448,E,67.28639756398721
CLUSTER_448,F,274.73295004923443
CLUSTER_448,G,26.785868078329973
CLUSTER_448,H,231.91900148625163
CLUSTER_448,I,116.41193519842135
CLUSTER_448,J,154.38253860273747
CLUSTER_448,K,87.20747366358252
CLUSTER_448,L,227.64775492816645
CLUSTER_448,M,286.07487570503514
CLUSTER_448,N,204.98846507433052
CLUSTER_448,O,331.9613657454776
CLUSTER_448,P,330.66504213935997
CLUSTER_448,Q,176.47959073480624
CLUSTER_448,R,147.38777997542888
CLUSTER_448,S,99.34651921065637
CLUSTER_448,T,161.83654966533732
CLUSTER_449,A,68.3372634751509
CLUSTER_449,B,201.40616637302648
CLUSTER_449,C,189.8616959630256
CLUSTER_449,D,228.77014995511132
CLUSTER_449,E,273.1569002372393
CLUSTER_449,F,119.50755586899771
CLUSTER_449,G,320.4341633749057
CLUSTER_449,H,120.06259782888891
CLUSTER_449,I,298.294629097691
CLUSTER_449,J,295.9884429507979
CLUSTER_449,K,296.8307827851409
CLUSTER_449,L,144.8438531084265
CLUSTER_449,M,70.76574809023727
CLUSTER_449,N,135.74025646745173
CLUSTER_449,O,15.545379694377514
CLUSTER_449,P,73.37729382684904
CLUSTER_449,Q,179.7623901019012
CLUSTER_449,R,249.85444836795023
CLUSTER_449,S,258.51452918906
CLUSTER_449,T,235.51699056887153
CLUSTER_45,A,147.26584439548452
CLUSTER_45,B,98.19523742410881
CLUSTER_45,C,38.32349445425737
CLUSTER_45,D,155.25239268791398
CLUSTER_45,E,158.54431779938645
CLUSTER_45,F,72.86366212407894
CLUSTER_45,G,186.12454229587823
CLUSTER_45,H,146.6231392030897
CLUSTER_45,I,128.5727279093607
CLUSTER_45,J,257.9797934842016
CLUSTER_45,K,216.662777196535
CLUSTER_45,L,37.23927873477319
CLUSTER_45,M,110.87265168267402
CLUSTER_45,N,91.48353592830672
CLUSTER_45,O,181.9791258922675
CLUSTER_45,P,216.94067138401797
CLUSTER_45,Q,152.49225368466804
CLUSTER_45,R,77.54444009609423
CLUSTER_45,S,112.87861941293836
CLUSTER_45,T,207.76700078207085
CLUSTER_450,A,230.9500128323634
CLUSTER_450,B,92.50578243810588
CLUSTER_450,C,108.13362813960853
CLUSTER_450,D,109.39952043942364
CLUSTER_450,E,59.29723071317426
CLUSTER_450,F,206.65853419875214
CLUSTER_450,G,51.30919292705204
CLUSTER_450,H,196.96776546727094
CLUSTER_450,I,46.24866485887866
CLUSTER_450,J,189.24944775574403
CLUSTER_450,K,124.23624815859536
CLUSTER_450,L,160.33529796690848
CLUSTER_450,M,227.0636663687032
CLUSTER_450,N,155.29139285798183
CLUSTER_450,O,283.43407925530016
CLUSTER_450,P,294.5729200409609
CLUSTER_450,Q,154.81460970691597
CLUSTER_450,R,69.4849513987935
CLUSTER_450,S,30.55449300708121
CLUSTER_450,T,169.68122437901962
CLUSTER_451,A,112.33304730273751
CLUSTER_451,B,31.67366396293797
CLUSTER_451,C,49.29343588951166
CLUSTER_451,D,80.69088579099278
CLUSTER_451,E,105.89766270766303
CLUSTER_451,F,112.94319387540556
CLUSTER_451,G,149.8929683973539
CLUSTER_451,H,85.2882124629579
CLUSTER_451,I,136.72272151971765
CLUSTER_451,J,180.594505635572
CLUSTER_451,K,148.87213268706876
CLUSTER_451,L,69.93644098989745
CLUSTER_451,M,114.86270188822316
CLUSTER_451,N,36.50970077893744
CLUSTER_451,O,164.89355596350708
CLUSTER_451,P,178.01512784874228
CLUSTER_451,Q,72.94999454143823
CLUSTER_451,R,97.96128759933866
CLUSTER_451,S,88.55102572904757
CLUSTER_451,T,127.84095723096198
CLUSTER_452,A,119.76587005229669
CLUSTER_452,B,76.161454104223
CLUSTER_452,C,128.59545574133935
CLUSTER_452,D,51.6358545612103
CLUSTER_452,E,109.6845604567037
CLUSTER_452,F,177.74143893156432
CLUSTER_452,G,161.15750427601077
CLUSTER_452,H,68.27532650416002
CLUSTER_452,I,189.84712243404087
CLUSTER_452,J,113.42383944024789
CLUSTER_452,K,110.5359437786194
CLUSTER_452,L,143.4490836703769
CLUSTER_452,M,157.84716477765758
CLUSTER_452,N,80.5680770250212
CLUSTER_452,O,176.10421577438893
CLUSTER_452,P,161.4364476068643
CLUSTER_452,Q,9.460109681746703
CLUSTER_452,R,165.5395646891061
CLUSTER_452,S,132.1799691740837
CLUSTER_452,T,53.451505655703535
CLUSTER_453,A,170.43745296119218
CLUSTER_453,B,45.82290096225993
CLUSTER_453,C,43.04484396127167
CLUSTER_453,D,94.5382437258626
CLUSTER_453,E,81.62326916718405
CLUSTER_453,F,141.4751015336625
CLUSTER_453,G,109.074941880469
CLUSTER_453,H,144.2315135010133
CLUSTER_453,I,77.18888091221346
CLUSTER_453,J,195.4256493480599
CLUSTER_453,K,144.34815112242796
CLUSTER_453,L,94.69013668482768
CLUSTER_453,M,161.21486238110938
CLUSTER_453,N,94.91734529316886
CLUSTER_453,O,220.27135873700897
CLUSTER_453,P,237.33532968715647
CLUSTER_453,Q,117.85223249038037
CLUSTER_453,R,43.67506354216697
CLUSTER_453,S,36.63716277769641
CLUSTER_453,T,156.0218845432793
CLUSTER_454,A,48.45223443400345
CLUSTER_454,B,96.14532554179365
CLUSTER_454,C,114.61478489162046
CLUSTER_454,D,112.8260216086534
CLUSTER_454,E,161.3066100409063
CLUSTER_454,F,119.64418088838099
CLUSTER_454,G,211.21762416094916
CLUSTER_454,H,16.176657657678266
CLUSTER_454,I,210.0424852201034
CLUSTER_454,J,185.11948358214732
CLUSTER_454,K,180.47449932020984
CLUSTER_454,L,100.52838609946905
CLUSTER_454,M,88.14006148217489
CLUSTER_454,N,41.39466662217614
CLUSTER_454,O,105.62473556862462
CLUSTER_454,P,105.94867627822926
CLUSTER_454,Q,64.17980600172247
CLUSTER_454,R,170.3000729605285
CLUSTER_454,S,159.4246143425752
CLUSTER_454,T,124.13634677575851
CLUSTER_455,A,44.28843241430169
CLUSTER_455,B,159.47520281366096
CLUSTER_455,C,144.91267142192572
CLUSTER_455,D,192.19244501314174
CLUSTER_455,E,232.5643964527562
CLUSTER_455,F,81.20777282382024
CLUSTER_455,G,278.4079364843509
CLUSTER_455,H,92.5553653357125
CLUSTER_455,I,253.39850739107607
CLUSTER_455,J,268.91695857355296
CLUSTER_455,K,261.8622439758716
CLUSTER_455,L,100.52086996890884
CLUSTER_455,M,29.036525841288892
CLUSTER_455,N,94.30678787534325
CLUSTER_455,O,44.68695109412608
CLUSTER_455,P,91.70993689101807
CLUSTER_455,Q,147.87458637719314
CLUSTER_455,R,204.89645362923966
CLUSTER_455,S,214.65090036852078
CLUSTER_455,T,207.89248128532836
CLUSTER_456,A,213.89245994360388
CLUSTER_456,B,88.25261294493522
CLUSTER_456,C,76.02233993120092
CLUSTER_456,D,126.90212161540803
CLUSTER_456,E,92.80873255714724
CLUSTER_456,F,170.80876762584091
CLUSTER_456,G,97.12541030153305
CLUSTER_456,H,189.01635382733673
CLUSTER_456,I,33.2069719613572
CLUSTER_456,J,220.39295673740267
CLUSTER_456,K,160.42119233805107
CLUSTER_456,L,126.79437633014884
CLUSTER_456,M,198.75311250120603
CLUSTER_456,N,138.99190549179252
CLUSTER_456,O,261.8141097768814
CLUSTER_456,P,281.56822321089305
CLUSTER_456,Q,159.61234270703346
CLUSTER_456,R,24.17379574084086
CLUSTER_456,S,37.00447790550579
CLUSTER_456,T,189.85247775560987
CLUSTER_457,A,248.3099476286905
CLUSTER_457,B,122.34336074146725
CLUSTER_457,C,108.19391267090562
CLUSTER_457,D,155.95012816241922
CLUSTER_457,E,112.90773985662888
CLUSTER_457,F,198.37190678783966
CLUSTER_457,G,100.46042951435439
CLUSTER_457,H,223.93745215283394
CLUSTER_457,I,9.027374771115834
CLUSTER_457,J,243.08891527599462
CLUSTER_457,K,179.00646394874914
CLUSTER_457,L,156.73949547362545
CLUSTER_457,M,230.2866402383925
CLUSTER_457,N,173.74540905752613
CLUSTER_457,O,295.1949949701089
CLUSTER_457,P,316.3100304600962
CLUSTER_457,Q,192.85620791212364
CLUSTER_457,R,48.85124137531635
CLUSTER_457,S,64.14238458594266
CLUSTER_457,T,218.44317415204313
CLUSTER_458,A,196.98711750025157
CLUSTER_458,B,78.9188840448443
CLUSTER_458,C,136.0185484371654
CLUSTER_458,D,36.00620671059419
CLUSTER_458,E,35.16578187010661
CLUSTER_458,F,220.81308555451358
CLUSTER_458,G,80.20018016224348
CLUSTER_458,H,149.3098442746828
CLUSTER_458,I,139.01192196030232
CLUSTER_458,J,96.71693116037979
CLUSTER_458,K,42.33020864630008
CLUSTER_458,L,176.0616597535027
CLUSTER_458,M,219.03988237366292
CLUSTER_458,N,134.19991249642294
CLUSTER_458,O,254.12530614631953
CLUSTER_458,P,246.45576363596433
CLUSTER_458,Q,90.94475674905935
CLUSTER_458,R,138.83545404691222
CLUSTER_458,S,86.77320421950826
CLUSTER_458,T,79.18455115639071
CLUSTER_459,A,92.38662242096284
CLUSTER_459,B,80.01183158201397
CLUSTER_459,C,121.9940773106616
CLUSTER_459,D,73.95576181478276
CLUSTER_459,E,129.13792433559266
CLUSTER_459,F,156.8041548420613
CLUSTER_459,G,180.68119382281373
CLUSTER_459,H,41.05742927876729
CLUSTER_459,I,198.0022432421679
CLUSTER_459,J,139.21154737658838
CLUSTER_459,K,137.28083415337017
CLUSTER_459,L,127.08846875295174
CLUSTER_459,M,132.56514604606474
CLUSTER_459,N,61.55521205344378
CLUSTER_459,O,148.80168478612595
CLUSTER_459,P,136.7537872367628
CLUSTER_459,Q,19.427487508060516
CLUSTER_459,R,167.25146540510246
CLUSTER_459,S,141.97799550961298
CLUSTER_459,T,78.3422944699962
CLUSTER_46,A,27.1164267111533
CLUSTER_46,B,134.5645792995333
CLUSTER_46,C,126.61825676294545
CLUSTER_46,D,165.2916859920075
CLUSTER_46,E,206.86540540108274
CLUSTER_46,F,82.85764524334562
CLUSTER_46,G,253.62121663597065
CLUSTER_46,H,67.30192122710693
CLUSTER_46,I,233.83767878873928
CLUSTER_46,J,242.50679102901074
CLUSTER_46,K,234.85170524640787
CLUSTER_46,L,88.50477007898196
CLUSTER_46,M,35.9698100072406
CLUSTER_46,N,68.93077034972711
CLUSTER_46,O,61.29171755079453
CLUSTER_46,P,92.34271428284787
CLUSTER_46,Q,120.99476712036221
CLUSTER_46,R,186.9578094413659
CLUSTER_46,S,191.95041298381858
CLUSTER_46,T,181.51693495290107
CLUSTER_460,A,59.94741320610834
CLUSTER_460,B,121.20002700825665
CLUSTER_460,C,149.6673083940519
CLUSTER_460,D,121.14047029888765
CLUSTER_460,E,176.34577690224498
CLUSTER_460,F,154.24048520924308
CLUSTER_460,G,227.80202385284747
CLUSTER_460,H,21.46817845124659
CLUSTER_460,I,238.77437050598368
CLUSTER_460,J,172.14123780389033
CLUSTER_460,K,181.59908762420784
CLUSTER_460,L,137.97022375131203
CLUSTER_460,M,116.10222348733261
CLUSTER_460,N,77.36748047082024
CLUSTER_460,O,110.51445601882425
CLUSTER_460,P,89.92346289812187
CLUSTER_460,Q,65.75654107189249
CLUSTER_460,R,202.64622000765092
CLUSTER_460,S,184.88255958759427
CLUSTER_460,T,112.41453427444904
CLUSTER_461,A,128.66336662090694
CLUSTER_461,B,156.03968709445832
CLUSTER_461,C,107.18835253123359
CLUSTER_461,D,208.52308941663003
CLUSTER_461,E,225.9472298851262
CLUSTER_461,F,19.58603254431441
CLUSTER_461,G,259.2544676568813
CLUSTER_461,H,154.51352468030262
CLUSTER_461,I,204.11720577804655
CLUSTER_461,J,305.7998509745252
CLUSTER_461,K,276.41696789460946
CLUSTER_461,L,58.920451509748816
CLUSTER_461,M,69.17832405216465
CLUSTER_461,N,115.24256558249238
CLUSTER_461,O,138.9005309958003
CLUSTER_461,P,188.85338253253718
CLUSTER_461,Q,186.5670771143464
CLUSTER_461,R,153.28811732323652
CLUSTER_461,S,186.40326311461837
CLUSTER_461,T,248.68056916249134
CLUSTER_462,A,52.16380270252262
CLUSTER_462,B,117.3455664500729
CLUSTER_462,C,142.6892144182224
CLUSTER_462,D,121.65822165881889
CLUSTER_462,E,175.4898507046479
CLUSTER_462,F,144.88304953578378
CLUSTER_462,G,226.69389948083005
CLUSTER_462,H,13.812605356551904
CLUSTER_462,I,234.1704317585432
CLUSTER_462,J,177.95077616865976
CLUSTER_462,K,184.23969456099783
CLUSTER_462,L,129.21969070051406
CLUSTER_462,M,106.97622555653989
CLUSTER_462,N,69.83999164107047
CLUSTER_462,O,104.75252986220188
CLUSTER_462,P,89.15245402416038
CLUSTER_462,Q,66.99151039066147
CLUSTER_462,R,196.77618809328504
CLUSTER_462,S,181.1831757025937
CLUSTER_462,T,117.64086618396679
CLUSTER_463,A,180.57242427685017
CLUSTER_463,B,141.19189091444883
CLUSTER_463,C,199.55946239618027
CLUSTER_463,D,90.53435359533268
CLUSTER_463,E,138.46615615663328
CLUSTER_463,F,252.44729976884784
CLUSTER_463,G,181.87273477649225
CLUSTER_463,H,129.92112302717078
CLUSTER_463,I,238.57095148107126
CLUSTER_463,J,53.85352925081391
CLUSTER_463,K,96.98272058827708
CLUSTER_463,L,218.64428476500686
CLUSTER_463,M,228.29607263550093
CLUSTER_463,N,155.54557196823313
CLUSTER_463,O,232.1389715127225
CLUSTER_463,P,201.0589055571011
CLUSTER_463,Q,84.29220802384488
CLUSTER_463,R,226.29480531942517
CLUSTER_463,S,181.94323810264027
CLUSTER_463,T,27.674143874847562
CLUSTER_464,A,147.93183344284353
CLUSTER_464,B,39.56517154638579
CLUSTER_464,C,100.28388144167879
CLUSTER_464,D,18.659520726769472
CLUSTER_464,E,63.28630326736983
CLUSTER_464,F,174.5179485873381
CLUSTER_464,G,114.74480222368291
CLUSTER_464,H,102.46491456411644
CLUSTER_464,I,141.914184961365
CLUSTER_464,J,120.8301329776335
CLUSTER_464,K,88.04281035348468
CLUSTER_464,L,131.91564298400493
CLUSTER_464,M,169.33622266650056
CLUSTER_464,N,84.43465037437903
CLUSTER_464,O,204.90537766765135
CLUSTER_464,P,201.28459365852407
CLUSTER_464,Q,50.03694242013612
CLUSTER_464,R,123.36433541777319
CLUSTER_464,S,83.96279141443411
CLUSTER_464,T,75.69796504364214
CLUSTER_465,A,54.309757429227524
CLUSTER_465,B,147.67339131782754
CLUSTER_465,C,127.41333601485124
CLUSTER_465,D,185.22432348185353
CLUSTER_465,E,221.6417038379122
CLUSTER_465,F,61.1532533510736
CLUSTER_465,G,265.7702172336582
CLUSTER_465,H,95.0316843171154
CLUSTER_465,I,236.072212443128
CLUSTER_465,J,267.8054283119948
CLUSTER_465,K,255.5382224160589
CLUSTER_465,L,80.99561674268661
CLUSTER_465,M,8.954397898987526
CLUSTER_465,N,84.43429498217232
CLUSTER_465,O,65.11726101043173
CLUSTER_465,P,110.78542195600868
CLUSTER_465,Q,145.2433022395357
CLUSTER_465,R,186.85774091136602
CLUSTER_465,S,199.8244261552714
CLUSTER_465,T,207.0549777713837
CLUSTER_466,A,195.8143352926651
CLUSTER_466,B,66.18439425912814
CLUSTER_466,C,118.67838099535254
CLUSTER_466,D,42.718919421943625
CLUSTER_466,E,15.96894314021321
CLUSTER_466,F,208.2159593350563
CLUSTER_466,G,67.13473011763959
CLUSTER_466,H,151.311784944242
CLUSTER_466,I,116.58183163381184
CLUSTER_466,J,119.50455185413394
CLUSTER_466,K,61.85693274450704
CLUSTER_466,L,162.25103804803155
CLUSTER_466,M,211.40532852837217
CLUSTER_466,N,127.68973703519582
CLUSTER_466,O,252.45359293904775
CLUSTER_466,P,250.12028241070442
CLUSTER_466,Q,96.93951666731363
CLUSTER_466,R,116.63121959563283
CLUSTER_466,S,64.05437676484962
CLUSTER_466,T,97.974292596328
CLUSTER_467,A,72.23585569726903
CLUSTER_467,B,175.98648101795945
CLUSTER_467,C,152.20532305834848
CLUSTER_467,D,213.67831025752992
CLUSTER_467,E,250.05680093701685
CLUSTER_467,F,71.09080916897514
CLUSTER_467,G,293.684494539654
CLUSTER_467,H,119.33055689201278
CLUSTER_467,I,260.50079634514566
CLUSTER_467,J,294.50033454899614
CLUSTER_467,K,283.92853433249746
CLUSTER_467,L,102.78906441525841
CLUSTER_467,M,30.01119979381283
CLUSTER_467,N,113.03072072961415
CLUSTER_467,O,57.28434752377416
CLUSTER_467,P,112.9065771413248
CLUSTER_467,Q,172.44352886767442
CLUSTER_467,R,210.45003340828325
CLUSTER_467,S,226.73298985735536
CLUSTER_467,T,233.5592333639666
CLUSTER_468,A,33.23859084313573
CLUSTER_468,B,124.29479477013786
CLUSTER_468,C,115.76468753360174
CLUSTER_468,D,156.81647455894228
CLUSTER_468,E,197.01658121165693
CLUSTER_468,F,77.67611345819228
CLUSTER_468,G,243.34465579560973
CLUSTER_468,H,64.26351016457328
CLUSTER_468,I,222.89170715975567
CLUSTER_468,J,236.8391415386319
CLUSTER_468,K,226.74017886767865
CLUSTER_468,L,78.875248849191
CLUSTER_468,M,36.27434112947923
CLUSTER_468,N,58.81609362610064
CLUSTER_468,O,72.22590237675006
CLUSTER_468,P,101.43891761958551
CLUSTER_468,Q,114.52579765863055
CLUSTER_468,R,176.09358103457313
CLUSTER_468,S,181.15961313862562
CLUSTER_468,T,176.0085337684969
CLUSTER_469,A,115.06537928129498
CLUSTER_469,B,40.05009668565299
CLUSTER_469,C,90.2399594248417
CLUSTER_469,D,48.37332541211067
CLUSTER_469,E,94.30712589575431
CLUSTER_469,F,148.56035010637743
CLUSTER_469,G,144.8586694933194
CLUSTER_469,H,71.32909027568594
CLUSTER_469,I,157.6384319882874
CLUSTER_469,J,140.5086214807752
CLUSTER_469,K,118.66720661686145
CLUSTER_469,L,109.73718888205202
CLUSTER_469,M,138.1770561868923
CLUSTER_469,N,53.84753864670213
CLUSTER_469,O,171.96800154819974
CLUSTER_469,P,170.4947262467909
CLUSTER_469,Q,32.699296934579955
CLUSTER_469,R,128.82965187284822
CLUSTER_469,S,101.5835436248903
CLUSTER_469,T,85.56264914322891
CLUSTER_47,A,79.40526205980018
CLUSTER_47,B,215.343170281906
CLUSTER_47,C,222.24171944973844
CLUSTER_47,D,226.2159320357672
CLUSTER_47,E,279.1527622277894
CLUSTER_47,F,174.53078467086158
CLUSTER_47,G,329.84373747169457
CLUSTER_47,H,113.83890211995855
CLUSTER_47,I,325.99110777397067
CLUSTER_47,J,271.1782617579714
CLUSTER_47,K,287.333658549454
CLUSTER_47,L,187.18527081630313
CLUSTER_47,M,122.24281567725117
CLUSTER_47,N,154.16733868190744
CLUSTER_47,O,54.52109177290665
CLUSTER_47,P,16.838189352848836
CLUSTER_47,Q,171.3406425325142
CLUSTER_47,R,281.9620782498401
CLUSTER_47,S,278.06123711903484
CLUSTER_47,T,214.6237350996189
CLUSTER_470,A,191.16414067437668
CLUSTER_470,B,100.92154096151575
CLUSTER_470,C,51.27129842685051
CLUSTER_470,D,154.44609528435777
CLUSTER_470,E,138.43729349127315
CLUSTER_470,F,123.7462819161932
CLUSTER_470,G,153.01202739488386
CLUSTER_470,H,180.14386983671017
CLUSTER_470,I,80.85885016776453
CLUSTER_470,J,255.99879088713573
CLUSTER_470,K,203.77835398331527
CLUSTER_470,L,86.59782276313774
CLUSTER_470,M,161.27047416445228
CLUSTER_470,N,124.3459351019844
CLUSTER_470,O,230.85515192863107
CLUSTER_470,P,261.14444184980107
CLUSTER_470,Q,169.4065409760852
CLUSTER_470,R,32.972944756702844
CLUSTER_470,S,83.65708232796496
CLUSTER_470,T,214.5915723384822
CLUSTER_471,A,101.73864174549529
CLUSTER_471,B,132.0833953737043
CLUSTER_471,C,90.83764173288665
CLUSTER_471,D,182.0685287347939
CLUSTER_471,E,204.3576568218328
CLUSTER_471,F,11.31815557307279
CLUSTER_471,G,241.3858851840174
CLUSTER_471,H,124.45098834930093
CLUSTER_471,I,195.47298894875183
CLUSTER_471,J,277.4127331825045
CLUSTER_471,K,251.09137663780763
CLUSTER_471,L,38.631654800332406
CLUSTER_471,M,47.74949004492508
CLUSTER_471,N,85.89521276806504
CLUSTER_471,O,120.81925497770322
CLUSTER_471,P,165.7039846075737
CLUSTER_471,Q,157.12556612387843
CLUSTER_471,R,144.51444980439027
CLUSTER_471,S,169.93732155479438
CLUSTER_471,T,219.56653023385095
CLUSTER_472,A,160.84302118178132
CLUSTER_472,B,81.4892301432853
CLUSTER_472,C,23.29884404404517
CLUSTER_472,D,138.0413030238643
CLUSTER_472,E,133.6366347382292
CLUSTER_472,F,100.31144797568074
CLUSTER_472,G,158.16870852080308
CLUSTER_472,H,150.84484296659213
CLUSTER_472,I,100.82613288923832
CLUSTER_472,J,241.06917500544097
CLUSTER_472,K,194.81512680315237
CLUSTER_472,L,58.661020565770556
CLUSTER_472,M,133.14451845418526
CLUSTER_472,N,94.79240164424834
CLUSTER_472,O,201.43755175484802
CLUSTER_472,P,230.81183090638055
CLUSTER_472,Q,145.02862335938065
CLUSTER_472,R,49.80247275340322
CLUSTER_472,S,85.06681292966643
CLUSTER_472,T,194.9710185485173
CLUSTER_473,A,220.28918377096784
CLUSTER_473,B,82.75758482608508
CLUSTER_473,C,96.35040533803604
CLUSTER_473,D,104.6946385683843
CLUSTER_473,E,59.519056662029975
CLUSTER_473,F,194.89314093232835
CLUSTER_473,G,60.867201815476676
CLUSTER_473,H,187.46367996856375
CLUSTER_473,I,45.7780503823025
CLUSTER_473,J,189.57924766215362
CLUSTER_473,K,126.41314005619826
CLUSTER_473,L,148.54575691071747
CLUSTER_473,M,215.42654786974828
CLUSTER_473,N,144.50359961666092
CLUSTER_473,O,272.35326208473634
CLUSTER_473,P,284.5404718514708
CLUSTER_473,Q,147.43203122486014
CLUSTER_473,R,59.94924942939725
CLUSTER_473,S,19.4437300910929
CLUSTER_473,T,166.26696898610447
CLUSTER_474,A,256.0503617912058
CLUSTER_474,B,120.61544863023049
CLUSTER_474,C,160.26163728834968
CLUSTER_474,D,101.97202698845557
CLUSTER_474,E,47.60537241885442
CLUSTER_474,F,256.861776483133
CLUSTER_474,G,19.230526628557815
CLUSTER_474,H,212.3252635508797
CLUSTER_474,I,109.39215874894273
CLUSTER_474,J,144.05760453230235
CLUSTER_474,K,75.58205391554792
CLUSTER_474,L,209.8078160718148
CLUSTER_474,M,266.9676447742271
CLUSTER_474,N,185.48611026722457
CLUSTER_474,O,312.2974937472466
CLUSTER_474,P,311.14543856625926
CLUSTER_474,Q,157.29361651441263
CLUSTER_474,R,134.64083928286226
CLUSTER_474,S,83.9019961443169
CLUSTER_474,T,145.7416372037807
CLUSTER_475,A,129.55555644896234
CLUSTER_475,B,138.62805380068284
CLUSTER_475,C,87.37375865394982
CLUSTER_475,D,192.5614691018076
CLUSTER_475,E,207.09184216585592
CLUSTER_475,F,23.954614553778807
CLUSTER_475,G,239.2719056662687
CLUSTER_475,H,148.5616991855023
CLUSTER_475,I,183.6460361561656
CLUSTER_475,J,291.6284952865664
CLUSTER_475,K,259.3685856325271
CLUSTER_475,L,41.994160337035765
CLUSTER_475,M,75.28073419864643
CLUSTER_475,N,103.91659152827224
CLUSTER_475,O,147.9027278430048
CLUSTER_475,P,193.86336257752615
CLUSTER_475,Q,174.6989791060411
CLUSTER_475,R,132.76927625259478
CLUSTER_475,S,166.27312471652448
CLUSTER_475,T,235.84198781121094
CLUSTER_476,A,72.11313385663357
CLUSTER_476,B,67.87525311769555
CLUSTER_476,C,80.30237473491562
CLUSTER_476,D,99.46957554662434
CLUSTER_476,E,139.02211653803664
CLUSTER_476,F,102.90066834781177
CLUSTER_476,G,186.48544346438666
CLUSTER_476,H,48.71761535795728
CLUSTER_476,I,177.1450128833843
CLUSTER_476,J,187.27893698862758
CLUSTER_476,K,169.8382620028478
CLUSTER_476,L,73.1095480618721
CLUSTER_476,M,87.02063314018916
CLUSTER_476,N,7.720936088198288
CLUSTER_476,O,126.40845155647327
CLUSTER_476,P,137.37467753503964
CLUSTER_476,Q,65.60867937899803
CLUSTER_476,R,136.1155178791943
CLUSTER_476,S,128.89578055402663
CLUSTER_476,T,128.3308274369934
CLUSTER_477,A,158.43072164252212
CLUSTER_477,B,50.78877848294082
CLUSTER_477,C,23.197249505780654
CLUSTER_477,D,105.63624523261295
CLUSTER_477,E,100.35335954880831
CLUSTER_477,F,121.81372275250324
CLUSTER_477,G,129.1029175400314
CLUSTER_477,H,137.62539528273683
CLUSTER_477,I,89.16075855139542
CLUSTER_477,J,208.27763409057397
CLUSTER_477,K,160.87463007219176
CLUSTER_477,L,75.302486799533
CLUSTER_477,M,144.00756075125864
CLUSTER_477,N,84.63258228040397
CLUSTER_477,O,205.84959088939667
CLUSTER_477,P,226.84250297148796
CLUSTER_477,Q,119.90491371910788
CLUSTER_477,R,45.48723646532512
CLUSTER_477,S,56.347068530324236
CLUSTER_477,T,164.6777970096381
CLUSTER_478,A,129.33421846569613
CLUSTER_478,B,47.81970038138292
CLUSTER_478,C,104.5262005613122
CLUSTER_478,D,31.947455703892505
CLUSTER_478,E,84.69295067017332
CLUSTER_478,F,167.25638653372712
CLUSTER_478,G,136.23323114106782
CLUSTER_478,H,82.0102116680862
CLUSTER_478,I,160.0768280035227
CLUSTER_478,J,122.0869790843892
CLUSTER_478,K,101.19018302494601
CLUSTER_478,L,127.86326538628109
CLUSTER_478,M,156.20713955684943
CLUSTER_478,N,72.35960333387742
CLUSTER_478,O,186.49929925588583
CLUSTER_478,P,180.3517318692946
CLUSTER_478,Q,28.82599686200638
CLUSTER_478,R,136.70629834468437
CLUSTER_478,S,102.4710780111169
CLUSTER_478,T,68.8157960354257
CLUSTER_479,A,163.80736221644568
CLUSTER_479,B,100.4933810523708
CLUSTER_479,C,159.98400202207245
CLUSTER_479,D,48.97636401865784
CLUSTER_479,E,100.45379634740839
CLUSTER_479,F,220.91794320737134
CLUSTER_479,G,147.47941209481382
CLUSTER_479,H,111.81066771141707
CLUSTER_479,I,197.7687027199134
CLUSTER_479,J,68.25617855598207
CLUSTER_479,K,75.03171421890971
CLUSTER_479,L,183.5847087093744
CLUSTER_479,M,203.23344192131458
CLUSTER_479,N,123.94453122549275
CLUSTER_479,O,219.22286713198523
CLUSTER_479,P,198.33963433459462
CLUSTER_479,Q,54.80080166041176
CLUSTER_479,R,184.64909150009728
CLUSTER_479,S,140.70625487647501
CLUSTER_479,T,14.000730238619738
CLUSTER_48,A,153.2084680032778
CLUSTER_48,B,14.165112243631421
CLUSTER_48,C,60.142372763316274
CLUSTER_48,D,60.62291494705561
CLUSTER_48,E,65.2668628027185
CLUSTER_48,F,148.96373349011944
CLUSTER_48,G,107.13030919263784
CLUSTER_48,H,118.88758371934877
CLUSTER_48,I,104.55204947643664
CLUSTER_48,J,163.162600267745
CLUSTER_48,K,118.25365748086548
CLUSTER_48,L,102.60557499468464
CLUSTER_48,M,157.01868574157112
CLUSTER_48,N,78.37515551690659
CLUSTER_48,O,207.09448663514152
CLUSTER_48,P,216.12216967273534
CLUSTER_48,Q,84.24306341740899
CLUSTER_48,R,78.76709571741064
CLUSTER_48,S,49.682486136603856
CLUSTER_48,T,121.01787848203777
CLUSTER_480,A,249.94431811551624
CLUSTER_480,B,210.84556398684938
CLUSTER_480,C,270.805753551254
CLUSTER_480,D,155.70851639389767
CLUSTER_480,E,190.4422651004333
CLUSTER_480,F,326.6409372446788
CLUSTER_480,G,222.82968786164878
CLUSTER_480,H,201.2121758900843
CLUSTER_480,I,295.0336323948839
CLUSTER_480,J,61.26108841242312
CLUSTER_480,K,129.74988213363523
CLUSTER_480,L,292.607711395165
CLUSTER_480,M,301.0116561678515
CLUSTER_480,N,229.7848227778331
CLUSTER_480,O,297.90250224840224
CLUSTER_480,P,258.9582786550983
CLUSTER_480,Q,158.51682785397065
CLUSTER_480,R,290.9759975563254
CLUSTER_480,S,241.88155896223887
CLUSTER_480,T,98.30054918468474
CLUSTER_481,A,115.49061620380915
CLUSTER_481,B,24.3166117659611
CLUSTER_481,C,60.101997037405425
CLUSTER_481,D,67.77935005956327
CLUSTER_481,E,96.99055633492867
CLUSTER_481,F,125.38915566807391
CLUSTER_481,G,143.1798115824874
CLUSTER_481,H,82.69071188602084
CLUSTER_481,I,138.32197838070167
CLUSTER_481,J,167.35110948082544
CLUSTER_481,K,136.59306734841203
CLUSTER_481,L,83.05118252159485
CLUSTER_481,M,124.17338027167493
CLUSTER_481,N,41.5676180116724
CLUSTER_481,O,169.88305404387836
CLUSTER_481,P,178.6667395904642
CLUSTER_481,Q,61.86805931330697
CLUSTER_481,R,103.39085664450032
CLUSTER_481,S,86.61909257967278
CLUSTER_481,T,114.91609281601562
CLUSTER_482,A,240.13682497059324
CLUSTER_482,B,104.05595123370219
CLUSTER_482,C,144.16836840108874
CLUSTER_482,D,88.55116434113062
CLUSTER_482,E,31.861271043134042
CLUSTER_482,F,240.41070917467948
CLUSTER_482,G,22.083641038094534
CLUSTER_482,H,197.16040100925454
CLUSTER_482,I,101.15134337037388
CLUSTER_482,J,141.8453270130061
CLUSTER_482,K,73.6587264970916
CLUSTER_482,L,193.37948983098508
CLUSTER_482,M,250.35281344951804
CLUSTER_482,N,169.07684261024684
CLUSTER_482,O,296.2066512897918
CLUSTER_482,P,296.1757420070252
CLUSTER_482,Q,143.32044737156235
CLUSTER_482,R,121.45518911642701
CLUSTER_482,S,69.16941917449888
CLUSTER_482,T,136.81778452850753
CLUSTER_483,A,31.597137957998324
CLUSTER_483,B,136.69802542160846
CLUSTER_483,C,153.02043405448472
CLUSTER_483,D,146.8139209027884
CLUSTER_483,E,199.07681885286112
CLUSTER_483,F,137.25166822776953
CLUSTER_483,G,249.8077497509122
CLUSTER_483,H,33.78959084792689
CLUSTER_483,I,250.84373705152217
CLUSTER_483,J,203.60652019975586
CLUSTER_483,K,210.46728011869246
CLUSTER_483,L,130.4404743295455
CLUSTER_483,M,92.86224209813801
CLUSTER_483,N,80.38225857292352
CLUSTER_483,O,79.00466601080994
CLUSTER_483,P,65.69699433903995
CLUSTER_483,Q,92.88671230048976
CLUSTER_483,R,210.23689786595256
CLUSTER_483,S,200.19552404620666
CLUSTER_483,T,143.65181901707254
CLUSTER_484,A,168.7610064574585
CLUSTER_484,B,80.14148378490461
CLUSTER_484,C,27.402337223093106
CLUSTER_484,D,135.6366973960789
CLUSTER_484,E,127.20429532991453
CLUSTER_484,F,110.59351449062143
CLUSTER_484,G,149.50259969045015
CLUSTER_484,H,156.28909870560366
CLUSTER_484,I,90.54345458527483
CLUSTER_484,J,238.3005134228902
CLUSTER_484,K,189.84737418169965
CLUSTER_484,L,68.64816462075892
CLUSTER_484,M,142.91895957887186
CLUSTER_484,N,100.59088117341183
CLUSTER_484,O,210.57645878042732
CLUSTER_484,P,238.60118207631777
CLUSTER_484,Q,146.61094909546313
CLUSTER_484,R,39.53669179648667
CLUSTER_484,S,76.7395002055696
CLUSTER_484,T,194.1277336111533
CLUSTER_485,A,161.07956449442125
CLUSTER_485,B,84.8339124761024
CLUSTER_485,C,144.9596901007579
CLUSTER_485,D,32.14796431748917
CLUSTER_485,E,85.31079786274317
CLUSTER_485,F,210.30701816988847
CLUSTER_485,G,133.810524603942
CLUSTER_485,H,109.69857690794787
CLUSTER_485,I,181.11278652436621
CLUSTER_485,J,78.68754750581313
CLUSTER_485,K,69.8976299006714
CLUSTER_485,L,171.24513350403393
CLUSTER_485,M,196.04235732799216
CLUSTER_485,N,114.24535214751901
CLUSTER_485,O,217.52245444795992
CLUSTER_485,P,201.1466512028176
CLUSTER_485,Q,49.70606651067929
CLUSTER_485,R,167.9550919954859
CLUSTER_485,S,123.93267656557383
CLUSTER_485,T,30.81798108039676
CLUSTER_486,A,43.74454786421076
CLUSTER_486,B,120.57629818111803
CLUSTER_486,C,142.32355702989787
CLUSTER_486,D,128.0929400692863
CLUSTER_486,E,180.94523926367825
CLUSTER_486,F,139.09701134353222
CLUSTER_486,G,231.90678008582387
CLUSTER_486,H,15.945808167747167
CLUSTER_486,I,236.40520413046656
CLUSTER_486,J,186.35381778244593
CLUSTER_486,K,191.66315680377878
CLUSTER_486,L,125.78900948008042
CLUSTER_486,M,99.65279530812569
CLUSTER_486,N,69.097370022688
CLUSTER_486,O,96.45455914208125
CLUSTER_486,P,83.4356653505794
CLUSTER_486,Q,74.04057759981902
CLUSTER_486,R,197.69362014389276
CLUSTER_486,S,184.36708170225344
CLUSTER_486,T,125.96045035362768
CLUSTER_487,A,33.08113530725777
CLUSTER_487,B,172.8102687073605
CLUSTER_487,C,173.06974739005483
CLUSTER_487,D,192.94557397894167
CLUSTER_487,E,241.29212950265656
CLUSTER_487,F,124.93166834280768
CLUSTER_487,G,290.478650425696
CLUSTER_487,H,80.87045065432595
CLUSTER_487,I,278.7841564398262
CLUSTER_487,J,254.56536538259803
CLUSTER_487,K,259.1264181956029
CLUSTER_487,L,136.21262962042715
CLUSTER_487,M,72.83234473635783
CLUSTER_487,N,108.57805483425055
CLUSTER_487,O,28.11221205456169
CLUSTER_487,P,46.89772543648915
CLUSTER_487,Q,141.3017087850638
CLUSTER_487,R,233.2248779571157
CLUSTER_487,S,233.63692213362555
CLUSTER_487,T,194.51597762280932
CLUSTER_488,A,205.05634690311805
CLUSTER_488,B,76.2829726349909
CLUSTER_488,C,70.93408300366856
CLUSTER_488,D,114.10878395223526
CLUSTER_488,E,81.81794185851865
CLUSTER_488,F,168.12942680356608
CLUSTER_488,G,91.45898481255384
CLUSTER_488,H,178.28919017364146
CLUSTER_488,I,42.67909952314491
CLUSTER_488,J,208.2707014411239
CLUSTER_488,K,149.29029682468763
CLUSTER_488,L,122.85152826097237
CLUSTER_488,M,193.0754420225479
CLUSTER_488,N,129.61124064719888
CLUSTER_488,O,254.25522359408387
CLUSTER_488,P,272.0194634610941
CLUSTER_488,Q,147.2437686813034
CLUSTER_488,R,30.032901561825486
CLUSTER_488,S,25.281759507811497
CLUSTER_488,T,177.0595127291935
CLUSTER_489,A,251.950211902237
CLUSTER_489,B,152.36260775721095
CLUSTER_489,C,210.64725720351356
CLUSTER_489,D,99.3681895782431
CLUSTER_489,E,99.2477994860691
CLUSTER_489,F,292.2084851410147
CLUSTER_489,G,116.75616942866529
CLUSTER_489,H,200.45726508630176
CLUSTER_489,I,199.92350801737646
CLUSTER_489,J,54.423680920897304
CLUSTER_489,K,32.60932585718745
CLUSTER_489,L,248.84544573517422
CLUSTER_489,M,284.3880793588545
CLUSTER_489,N,200.28754820006867
CLUSTER_489,O,308.2984037780995
CLUSTER_489,P,288.69380461911885
CLUSTER_489,Q,140.5612730309854
CLUSTER_489,R,209.86655358799482
CLUSTER_489,S,155.8646351314576
CLUSTER_489,T,91.67767871202096
CLUSTER_49,A,42.46130522845837
CLUSTER_49,B,180.95101290176956
CLUSTER_49,C,177.23412139777776
CLUSTER_49,D,203.63414540491797
CLUSTER_49,E,250.69115852390235
CLUSTER_49,F,121.62831347998544
CLUSTER_49,G,299.29987012599696
CLUSTER_49,H,92.5647759045091
CLUSTER_49,I,284.1684901894651
CLUSTER_49,J,267.2406827014961
CLUSTER_49,K,270.5226710020546
CLUSTER_49,L,137.44072933961053
CLUSTER_49,M,69.39201666762186
CLUSTER_49,N,115.87570449128684
CLUSTER_49,O,15.369252178462165
CLUSTER_49,P,52.914744863883165
CLUSTER_49,Q,152.85443983687307
CLUSTER_49,R,237.56928463026657
CLUSTER_49,S,240.68602924374554
CLUSTER_49,T,207.02876425498795
CLUSTER_490,A,62.48700965149978
CLUSTER_490,B,81.44915194413743
CLUSTER_490,C,103.83343465412146
CLUSTER_490,D,99.09133181930913
CLUSTER_490,E,146.529227709226
CLUSTER_490,F,120.77779326370225
CLUSTER_490,G,196.33014596132887
CLUSTER_490,H,25.322842883419757
CLUSTER_490,I,196.27143936222873
CLUSTER_490,J,176.0902192111088
CLUSTER_490,K,167.6280314360867
CLUSTER_490,L,95.9878423879458
CLUSTER_490,M,95.24332628551755
CLUSTER_490,N,32.006009822690984
CLUSTER_490,O,119.53483406615788
CLUSTER_490,P,120.67103978271656
CLUSTER_490,Q,53.52345140637631
CLUSTER_490,R,157.77885838713885
CLUSTER_490,S,144.92748112198785
CLUSTER_490,T,115.49846051830171
CLUSTER_491,A,47.365932813731405
CLUSTER_491,B,178.93004945177253
CLUSTER_491,C,169.01769758862585
CLUSTER_491,D,206.63588444754646
CLUSTER_491,E,250.64381565442343
CLUSTER_491,F,105.5883448002919
CLUSTER_491,G,297.94210817973163
CLUSTER_491,H,99.39143373570016
CLUSTER_491,I,277.1306895955353
CLUSTER_491,J,276.1822791246993
CLUSTER_491,K,275.04171209780606
CLUSTER_491,L,125.86716248468483
CLUSTER_491,M,54.07243967829351
CLUSTER_491,N,113.2638884010749
CLUSTER_491,O,19.159090167258864
CLUSTER_491,P,71.63238620770775
CLUSTER_491,Q,158.42508163704719
CLUSTER_491,R,229.2328406452259
CLUSTER_491,S,236.40944652746057
CLUSTER_491,T,215.4241183637345
CLUSTER_492,A,266.5438063775682
CLUSTER_492,B,198.1344227193568
CLUSTER_492,C,258.8840586019143
CLUSTER_492,D,140.99689958829325
CLUSTER_492,E,160.55323225971472
CLUSTER_492,F,328.1622349335251
CLUSTER_492,G,183.90654778640425
CLUSTER_492,H,215.0366757669139
CLUSTER_492,I,264.2828686409078
CLUSTER_492,J,39.48893356755418
CLUSTER_492,K,93.83817777359505
CLUSTER_492,L,289.12195825803803
CLUSTER_492,M,310.3531120548977
CLUSTER_492,N,231.4829621746926
CLUSTER_492,O,319.1455912761459
CLUSTER_492,P,287.67797338081357
CLUSTER_492,Q,162.0813982152805
CLUSTER_492,R,268.44481853532517
CLUSTER_492,S,215.938531924158
CLUSTER_492,T,99.67494790625993
CLUSTER_493,A,245.55368462879798
CLUSTER_493,B,106.37770604174699
CLUSTER_493,C,124.05520904225504
CLUSTER_493,D,117.42297986948206
CLUSTER_493,E,62.71053854476537
CLUSTER_493,F,222.5553375860116
CLUSTER_493,G,40.38978807075308
CLUSTER_493,H,210.22553268141266
CLUSTER_493,I,51.29565163429819
CLUSTER_493,J,190.05580399254637
CLUSTER_493,K,123.12821026285414
CLUSTER_493,L,176.26455910825374
CLUSTER_493,M,242.82450058623414
CLUSTER_493,N,170.11093882126835
CLUSTER_493,O,298.520982497057
CLUSTER_493,P,308.3697813403156
CLUSTER_493,Q,165.66497959478258
CLUSTER_493,R,83.25277103112622
CLUSTER_493,S,46.12352298611844
CLUSTER_493,T,175.53148999869066
CLUSTER_494,A,42.70887307778592
CLUSTER_494,B,148.31834757887205
CLUSTER_494,C,167.20422536596746
CLUSTER_494,D,154.1291220556384
CLUSTER_494,E,208.11797585772925
CLUSTER_494,F,150.93692404685228
CLUSTER_494,G,259.26727119740394
CLUSTER_494,H,43.731768230987015
CLUSTER_494,I,263.6705154684058
CLUSTER_494,J,203.74989464685447
CLUSTER_494,K,215.34644823268877
CLUSTER_494,L,145.15706480970957
CLUSTER_494,M,105.01496730445074
CLUSTER_494,N,94.26443833453125
CLUSTER_494,O,81.25131270763015
CLUSTER_494,P,56.578329715607
CLUSTER_494,Q,99.08076748641925
CLUSTER_494,R,223.91475242065465
CLUSTER_494,S,212.07433973452075
CLUSTER_494,T,144.99247672873608
CLUSTER_495,A,168.17100454314203
CLUSTER_495,B,51.08244978754498
CLUSTER_495,C,110.83127131929547
CLUSTER_495,D,14.402711176452026
CLUSTER_495,E,45.503205803643056
CLUSTER_495,F,191.46700667364377
CLUSTER_495,G,97.06819640363877
CLUSTER_495,H,122.12694964563599
CLUSTER_495,I,135.20380262543446
CLUSTER_495,J,112.03530703351969
CLUSTER_495,K,70.36771409067366
CLUSTER_495,L,147.46977183472626
CLUSTER_495,M,188.75681190257043
CLUSTER_495,N,103.92856265383914
CLUSTER_495,O,225.16868050997792
CLUSTER_495,P,220.5787163239669
CLUSTER_495,Q,66.90269972064037
CLUSTER_495,R,124.13806760001467
CLUSTER_495,S,78.06282708344558
CLUSTER_495,T,76.52845056835473
CLUSTER_496,A,127.48023399272891
CLUSTER_496,B,58.82241070521295
CLUSTER_496,C,114.5103880621072
CLUSTER_496,D,35.67890745321999
CLUSTER_496,E,92.08105110286492
CLUSTER_496,F,172.92672504811128
CLUSTER_496,G,143.7027221051339
CLUSTER_496,H,78.13342101021009
CLUSTER_496,I,170.86286856545672
CLUSTER_496,J,115.75849845086783
CLUSTER_496,K,101.28677040475569
CLUSTER_496,L,135.16195710754235
CLUSTER_496,M,158.67030323949706
CLUSTER_496,N,76.53393606046686
CLUSTER_496,O,184.56637106903244
CLUSTER_496,P,175.0354720561842
CLUSTER_496,Q,20.202541509342023
CLUSTER_496,R,147.82365421667095
CLUSTER_496,S,113.12921345742096
CLUSTER_496,T,59.972345853573295
CLUSTER_497,A,58.57046227002465
CLUSTER_497,B,193.4179628798393
CLUSTER_497,C,201.39382729767217
CLUSTER_497,D,204.9349687945213
CLUSTER_497,E,257.4283616943593
CLUSTER_497,F,159.05447572654077
CLUSTER_497,G,308.02899067013993
CLUSTER_497,H,92.18025989722162
CLUSTER_497,I,304.4387192823926
CLUSTER_497,J,253.5010680270449
CLUSTER_497,K,267.0013048058008
CLUSTER_497,L,168.15436823511936
CLUSTER_497,M,106.99137377058291
CLUSTER_497,N,132.53761069170787
CLUSTER_497,O,48.12188799145694
CLUSTER_497,P,12.738569469972122
CLUSTER_497,Q,150.35369863391642
CLUSTER_497,R,260.861556676295
CLUSTER_497,S,256.1906248413464
CLUSTER_497,T,195.82272630635643
CLUSTER_498,A,215.58534933580975
CLUSTER_498,B,87.36025746272108
CLUSTER_498,C,138.31867213474027
CLUSTER_498,D,57.67331737392723
CLUSTER_498,E,19.525944209064924
CLUSTER_498,F,229.1972779008171
CLUSTER_498,G,55.691462277941596
CLUSTER_498,H,169.7893778255897
CLUSTER_498,I,122.37860616411875
CLUSTER_498,J,113.23383560938967
CLUSTER_498,K,48.524801082391306
CLUSTER_498,L,183.04671646172727
CLUSTER_498,M,232.5400554235696
CLUSTER_498,N,148.6168390176703
CLUSTER_498,O,272.44433760108615
CLUSTER_498,P,268.00351277021923
CLUSTER_498,Q,113.19442876876809
CLUSTER_498,R,130.29223271281595
CLUSTER_498,S,76.12607178561194
CLUSTER_498,T,103.25781048920426
CLUSTER_499,A,172.66053896170493
CLUSTER_499,B,67.02888900512718
CLUSTER_499,C,127.50491641750698
CLUSTER_499,D,12.051548174289813
CLUSTER_499,E,53.99167723175562
CLUSTER_499,F,204.67874587561772
CLUSTER_499,G,103.65369624558888
CLUSTER_499,H,124.04555532072911
CLUSTER_499,I,150.72515921646257
CLUSTER_499,J,94.47257486845336
CLUSTER_499,K,58.38904002924945
CLUSTER_499,L,161.82846301375508
CLUSTER_499,M,198.39980375749383
CLUSTER_499,N,113.65295861792775
CLUSTER_499,O,229.83094617153785
CLUSTER_499,P,220.65965139497192
CLUSTER_499,Q,65.08741298930835
CLUSTER_499,R,141.66182081629597
CLUSTER_499,S,94.38852852182804
CLUSTER_499,T,60.96615801283223
CLUSTER_5,A,209.9358046021712
CLUSTER_5,B,96.67208136715875
CLUSTER_5,C,154.03929839483183
CLUSTER_5,D,49.114088310449105
CLUSTER_5,E,47.17545158716912
CLUSTER_5,F,238.18295075718916
CLUSTER_5,G,83.44646759323759
CLUSTER_5,H,160.84194911570648
CLUSTER_5,I,151.83964060605607
CLUSTER_5,J,83.19697752825448
CLUSTER_5,K,24.30912591391617
CLUSTER_5,L,193.73685885609794
CLUSTER_5,M,234.86088614729496
CLUSTER_5,N,149.96351727702339
CLUSTER_5,O,267.0971290063081
CLUSTER_5,P,256.26113550710187
CLUSTER_5,Q,101.03151321621716
CLUSTER_5,R,155.2366486843764
CLUSTER_5,S,102.20508309450258
CLUSTER_5,T,77.07616028837988
CLUSTER_50,A,130.04785137390417
CLUSTER_50,B,70.50871588363165
CLUSTER_50,C,17.82884162582554
CLUSTER_50,D,127.07838192728826
CLUSTER_50,E,136.03522869570637
CLUSTER_50,F,81.04205434350204
CLUSTER_50,G,169.21154840336456
CLUSTER_50,H,121.73652302568405
CLUSTER_50,I,125.61406106086082
CLUSTER_50,J,229.36111438442077
CLUSTER_50,K,190.61892614484242
CLUSTER_50,L,34.441968589459776
CLUSTER_50,M,105.67219344668094
CLUSTER_50,N,65.65122962422296
CLUSTER_50,O,171.79314487002966
CLUSTER_50,P,200.0040381742777
CLUSTER_50,Q,123.27253452618811
CLUSTER_50,R,76.16126141473903
CLUSTER_50,S,97.04339127270713
CLUSTER_50,T,178.442595529894
CLUSTER_500,A,164.23565898609397
CLUSTER_500,B,130.07304888414905
CLUSTER_500,C,187.09339536933967
CLUSTER_500,D,83.08662604633757
CLUSTER_500,E,135.31905396552685
CLUSTER_500,F,236.8657171780674
CLUSTER_500,G,181.37962380893404
CLUSTER_500,H,113.52059435185758
CLUSTER_500,I,232.34461938354298
CLUSTER_500,J,68.00965552405965
CLUSTER_500,K,101.72682165124596
CLUSTER_500,L,203.97638887850601
CLUSTER_500,M,212.00889872511394
CLUSTER_500,N,140.2293162430751
CLUSTER_500,O,216.10751745929085
CLUSTER_500,P,186.33357151965973
CLUSTER_500,Q,69.28638223485858
CLUSTER_500,R,216.96466954350808
CLUSTER_500,S,174.96522468431525
CLUSTER_500,T,22.50339025726157
CLUSTER_501,A,170.5670290271171
CLUSTER_501,B,34.719062705947316
CLUSTER_501,C,58.23610941439606
CLUSTER_501,D,75.88402263997128
CLUSTER_501,E,63.07330685636414
CLUSTER_501,F,154.3149100463633
CLUSTER_501,G,96.2483808891986
CLUSTER_501,H,138.85054955476906
CLUSTER_501,I,83.54981884415193
CLUSTER_501,J,175.7558171464268
CLUSTER_501,K,124.46773312691856
CLUSTER_501,L,107.23407040672257
CLUSTER_501,M,168.61453171583156
CLUSTER_501,N,94.8262804148125
CLUSTER_501,O,223.01066351698827
CLUSTER_501,P,235.07883920676252
CLUSTER_501,Q,105.07784400879146
CLUSTER_501,R,60.44535726377501
CLUSTER_501,S,30.309974059803753
CLUSTER_501,T,138.18945518677327
CLUSTER_502,A,213.7722988058905
CLUSTER_502,B,121.42030448663793
CLUSTER_502,C,181.6089804301603
CLUSTER_502,D,65.32733209369026
CLUSTER_502,E,83.96111008791654
CLUSTER_502,F,257.82815915315143
CLUSTER_502,G,117.625245138423
CLUSTER_502,H,162.2390227373761
CLUSTER_502,I,188.70028183913564
CLUSTER_502,J,46.26232667775421
CLUSTER_502,K,27.19134403661385
CLUSTER_502,L,215.88802415273173
CLUSTER_502,M,247.46096173966464
CLUSTER_502,N,164.05082564637263
CLUSTER_502,O,270.0792407708034
CLUSTER_502,P,251.16646346352806
CLUSTER_502,Q,102.43124337538059
CLUSTER_502,R,189.66882928095876
CLUSTER_502,S,137.7751533296791
CLUSTER_502,T,56.15604703577347
CLUSTER_503,A,139.4726305174404
CLUSTER_503,B,31.590900555715134
CLUSTER_503,C,29.29911716889787
CLUSTER_503,D,88.67957564215973
CLUSTER_503,E,95.69070709916006
CLUSTER_503,F,118.76217984942754
CLUSTER_503,G,132.62900309811363
CLUSTER_503,H,115.16593813037296
CLUSTER_503,I,107.82037769775094
CLUSTER_503,J,191.74943315183094
CLUSTER_503,K,149.89309604363268
CLUSTER_503,L,71.86954660141082
CLUSTER_503,M,132.51445283039163
CLUSTER_503,N,64.10220123301512
CLUSTER_503,O,189.5459645938965
CLUSTER_503,P,206.65380950425612
CLUSTER_503,Q,97.09856374505819
CLUSTER_503,R,68.15483838869777
CLUSTER_503,S,64.38766036822707
CLUSTER_503,T,144.77863489682366
CLUSTER_504,A,154.51318332547373
CLUSTER_504,B,15.468804852021446
CLUSTER_504,C,69.38938787635287
CLUSTER_504,D,51.2491694570728
CLUSTER_504,E,59.00757103721784
CLUSTER_504,F,156.25258505745364
CLUSTER_504,G,103.70438339998368
CLUSTER_504,H,117.51581651725625
CLUSTER_504,I,109.31109557893883
CLUSTER_504,J,153.6483559397291
CLUSTER_504,K,109.23062510662974
CLUSTER_504,L,110.32358320318319
CLUSTER_504,M,161.89066703415043
CLUSTER_504,N,81.00178486936072
CLUSTER_504,O,209.3250116784659
CLUSTER_504,P,215.73602711124204
CLUSTER_504,Q,78.56534028671118
CLUSTER_504,R,86.81961755175404
CLUSTER_504,S,52.62672574127042
CLUSTER_504,T,112.20424204144825
CLUSTER_505,A,136.67112211075
CLUSTER_505,B,93.71473752820539
CLUSTER_505,C,36.51216874895203
CLUSTER_505,D,150.33281757557415
CLUSTER_505,E,157.4450584944271
CLUSTER_505,F,66.47934047986982
CLUSTER_505,G,187.66809016744023
CLUSTER_505,H,136.48468912813001
CLUSTER_505,I,134.69615175604068
CLUSTER_505,J,252.5373840679618
CLUSTER_505,K,213.52139105347095
CLUSTER_505,L,27.138376011932138
CLUSTER_505,M,101.48678877101794
CLUSTER_505,N,81.72577737605481
CLUSTER_505,O,172.0172949857108
CLUSTER_505,P,206.38179029410904
CLUSTER_505,Q,144.50421558858568
CLUSTER_505,R,83.65578792031286
CLUSTER_505,S,114.57218200494485
CLUSTER_505,T,201.04111806000435
CLUSTER_506,A,34.16521766898127
CLUSTER_506,B,160.30558710200074
CLUSTER_506,C,150.77901194642783
CLUSTER_506,D,189.33657782267994
CLUSTER_506,E,232.31688221856243
CLUSTER_506,F,93.4742350731947
CLUSTER_506,G,279.34837112178724
CLUSTER_506,H,85.0350707531343
CLUSTER_506,I,258.6652538945792
CLUSTER_506,J,262.1168567769434
CLUSTER_506,K,258.2792232448785
CLUSTER_506,L,109.069717468957
CLUSTER_506,M,41.20370510930062
CLUSTER_506,N,94.64536269013254
CLUSTER_506,O,36.44929079749518
CLUSTER_506,P,78.6677606803429
CLUSTER_506,Q,142.5804859966742
CLUSTER_506,R,211.07353574343594
CLUSTER_506,S,217.63510901389296
CLUSTER_506,T,201.14358254834474
CLUSTER_507,A,186.21390642232626
CLUSTER_507,B,98.7546369318763
CLUSTER_507,C,159.56283276401467
CLUSTER_507,D,41.60205375780979
CLUSTER_507,E,78.091901617795
CLUSTER_507,F,231.58516092004575
CLUSTER_507,G,121.35085214927963
CLUSTER_507,H,134.86467169454198
CLUSTER_507,I,180.51008460285883
CLUSTER_507,J,61.57945060306255
CLUSTER_507,K,45.976954404922466
CLUSTER_507,L,190.69065433078592
CLUSTER_507,M,219.88306335421197
CLUSTER_507,N,136.88213699552975
CLUSTER_507,O,242.68867082654003
CLUSTER_507,P,225.52533858274236
CLUSTER_507,Q,74.80122483074581
CLUSTER_507,R,174.47813301520355
CLUSTER_507,S,125.71118660753073
CLUSTER_507,T,38.13112648495069
CLUSTER_508,A,223.7930146806968
CLUSTER_508,B,107.46343276502301
CLUSTER_508,C,163.09152225102116
CLUSTER_508,D,62.72297529282769
CLUSTER_508,E,49.07927352270358
CLUSTER_508,F,249.61609569719488
CLUSTER_508,G,76.3614108244742
CLUSTER_508,H,174.83125571307986
CLUSTER_508,I,151.67161983524386
CLUSTER_508,J,85.91815684798831
CLUSTER_508,K,18.81473120987589
CLUSTER_508,L,204.6048415835612
CLUSTER_508,M,247.76389457883784
CLUSTER_508,N,162.87561012591152
CLUSTER_508,O,280.96184498412
CLUSTER_508,P,270.238514689731
CLUSTER_508,Q,115.04379892840613
CLUSTER_508,R,159.61756293961844
CLUSTER_508,S,105.65275002330851
CLUSTER_508,T,88.41462287841863
CLUSTER_509,A,170.58104410358254
CLUSTER_509,B,90.11625543554968
CLUSTER_509,C,33.631197088666184
CLUSTER_509,D,146.08936655842209
CLUSTER_509,E,138.18516388200777
CLUSTER_509,F,105.12316070434137
CLUSTER_509,G,159.53676330460212
CLUSTER_509,H,161.3556429011326
CLUSTER_509,I,96.46606256056212
CLUSTER_509,J,248.90538221522462
CLUSTER_509,K,200.8668235421426
CLUSTER_509,L,66.05304119258098
CLUSTER_509,M,140.7701104576062
CLUSTER_509,N,105.28280715610434
CLUSTER_509,O,210.05185837135147
CLUSTER_509,P,240.58858974264265
CLUSTER_509,Q,155.022707035618
CLUSTER_509,R,45.61023663455729
CLUSTER_509,S,87.13468601956853
CLUSTER_509,T,203.96529845654547
CLUSTER_51,A,218.86326483811033
CLUSTER_51,B,158.10869790324836
CLUSTER_51,C,218.7584043450782
CLUSTER_51,D,101.6614590863895
CLUSTER_51,E,134.68519216267822
CLUSTER_51,F,282.5911171741565
CLUSTER_51,G,169.41957577000755
CLUSTER_51,H,167.328889144317
CLUSTER_51,I,239.16568404215388
CLUSTER_51,J,13.776802000487264
CLUSTER_51,K,76.9544111314154
CLUSTER_51,L,245.1213705400443
CLUSTER_51,M,263.07653278940916
CLUSTER_51,N,185.50621659773952
CLUSTER_51,O,271.76120442257314
CLUSTER_51,P,242.06882658832697
CLUSTER_51,Q,115.19386117765906
CLUSTER_51,R,235.64770292340157
CLUSTER_51,S,186.02412009613536
CLUSTER_51,T,52.37280999157204
CLUSTER_510,A,53.98333161696418
CLUSTER_510,B,96.3477973077491
CLUSTER_510,C,89.16645116175566
CLUSTER_510,D,132.80458553116307
CLUSTER_510,E,169.72932610009724
CLUSTER_510,F,75.97380302082895
CLUSTER_510,G,215.26860785881112
CLUSTER_510,H,59.67202521185455
CLUSTER_510,I,195.06081064478775
CLUSTER_510,J,219.27007267122127
CLUSTER_510,K,203.2104203656033
CLUSTER_510,L,60.28404812505069
CLUSTER_510,M,53.604548429177186
CLUSTER_510,N,31.81434222600124
CLUSTER_510,O,100.59140343591721
CLUSTER_510,P,123.93677689095615
CLUSTER_510,Q,96.58236669128571
CLUSTER_510,R,149.20169419134763
CLUSTER_510,S,152.600778210003
CLUSTER_510,T,159.42865864432127
CLUSTER_511,A,174.21626558285163
CLUSTER_511,B,95.48736134426589
CLUSTER_511,C,156.11958099478184
CLUSTER_511,D,39.67401743506315
CLUSTER_511,E,85.49768782091735
CLUSTER_511,F,223.73818733113356
CLUSTER_511,G,131.31845329245624
CLUSTER_511,H,122.60150734939847
CLUSTER_511,I,185.32617685171385
CLUSTER_511,J,65.82066981106381
CLUSTER_511,K,59.26914441920177
CLUSTER_511,L,184.16605838299927
CLUSTER_511,M,209.79797358296742
CLUSTER_511,N,127.90158398385718
CLUSTER_511,O,230.4366205440628
CLUSTER_511,P,212.38232005304516
CLUSTER_511,Q,63.054969643812974
CLUSTER_511,R,175.6425395744857
CLUSTER_511,S,129.1544660474785
CLUSTER_511,T,27.723044724097477
CLUSTER_512,A,94.961675167404
CLUSTER_512,B,74.6896136405763
CLUSTER_512,C,49.099396643489385
CLUSTER_512,D,124.4899193256343
CLUSTER_512,E,148.0766646696427
CLUSTER_512,F,68.61173198958859
CLUSTER_512,G,188.3694163422476
CLUSTER_512,H,90.70756419109661
CLUSTER_512,I,157.04509950025925
CLUSTER_512,J,221.94260166026973
CLUSTER_512,K,193.23360832167788
CLUSTER_512,L,29.25549023932197
CLUSTER_512,M,76.56876641507814
CLUSTER_512,N,37.058157196434664
CLUSTER_512,O,138.17858505555563
CLUSTER_512,P,164.9267373179634
CLUSTER_512,Q,105.49976061379667
CLUSTER_512,R,109.44479507409098
CLUSTER_512,S,120.17423978592639
CLUSTER_512,T,166.04291398317173
CLUSTER_513,A,223.9280757276369
CLUSTER_513,B,95.11219807509241
CLUSTER_513,C,87.34125806317087
CLUSTER_513,D,129.47046393660028
CLUSTER_513,E,90.46708837316298
CLUSTER_513,F,182.43500712894362
CLUSTER_513,G,89.03681778272032
CLUSTER_513,H,197.5241027885968
CLUSTER_513,I,23.437485779503298
CLUSTER_513,J,219.74223135534984
CLUSTER_513,K,157.83878474083392
CLUSTER_513,L,138.34228869139602
CLUSTER_513,M,210.04226838190502
CLUSTER_513,N,148.65022389535756
CLUSTER_513,O,272.5121371259627
CLUSTER_513,P,291.13477048200406
CLUSTER_513,Q,165.45114884978483
CLUSTER_513,R,34.86680145498125
CLUSTER_513,S,37.66003617464052
CLUSTER_513,T,192.23731039032884
CLUSTER_514,A,237.5485121224394
CLUSTER_514,B,112.75028590611988
CLUSTER_514,C,97.37976480637661
CLUSTER_514,D,148.5941990643209
CLUSTER_514,E,108.41936456756842
CLUSTER_514,F,188.15910638507552
CLUSTER_514,G,101.0823623689456
CLUSTER_514,H,213.64065589504642
CLUSTER_514,I,13.767403539059014
CLUSTER_514,J,238.19983494196507
CLUSTER_514,K,175.36885969163458
CLUSTER_514,L,146.15179913309967
CLUSTER_514,M,219.55882070753572
CLUSTER_514,N,163.1000996488989
CLUSTER_514,O,284.3611342373497
CLUSTER_514,P,305.6432108638059
CLUSTER_514,Q,183.75973798385232
CLUSTER_514,R,38.317479022781285
CLUSTER_514,S,56.779248794938944
CLUSTER_514,T,211.36334178010748
CLUSTER_515,A,125.15193292305891
CLUSTER_515,B,100.05579815696059
CLUSTER_515,C,152.10117847345623
CLUSTER_515,D,68.50104376796996
CLUSTER_515,E,126.98729900665987
CLUSTER_515,F,195.3621199999382
CLUSTER_515,G,177.6046937998896
CLUSTER_515,H,73.43249635893511
CLUSTER_515,I,212.41048934663948
CLUSTER_515,J,103.78216617392029
CLUSTER_515,K,115.62776127360137
CLUSTER_515,L,163.94571615880056
CLUSTER_515,M,170.46915898696966
CLUSTER_515,N,99.241185234165
CLUSTER_515,O,179.21651067083434
CLUSTER_515,P,156.5730425717338
CLUSTER_515,Q,30.35712101438924
CLUSTER_515,R,189.38715615641007
CLUSTER_515,S,154.527019317121
CLUSTER_515,T,43.17742951436773
CLUSTER_516,A,242.05229294071984
CLUSTER_516,B,103.7860976699815
CLUSTER_516,C,117.27853300421184
CLUSTER_516,D,119.4952001254492
CLUSTER_516,E,67.15500878584282
CLUSTER_516,F,215.51444571691917
CLUSTER_516,G,49.635513775677275
CLUSTER_516,H,208.26674131144645
CLUSTER_516,I,42.52355685424939
CLUSTER_516,J,196.0758111213568
CLUSTER_516,K,129.86758482207827
CLUSTER_516,L,169.52928820165698
CLUSTER_516,M,237.22160587103144
CLUSTER_516,N,166.33204450756065
CLUSTER_516,O,294.3093829651506
CLUSTER_516,P,305.83793066756687
CLUSTER_516,Q,165.8060240709024
CLUSTER_516,R,74.3380948592962
CLUSTER_516,S,41.34358772811737
CLUSTER_516,T,178.98753631925484
CLUSTER_517,A,34.5132974553721
CLUSTER_517,B,150.45047208192616
CLUSTER_517,C,139.02247547161966
CLUSTER_517,D,181.82643665730794
CLUSTER_517,E,223.10563716934374
CLUSTER_517,F,83.08112467384112
CLUSTER_517,G,269.4953573445064
CLUSTER_517,H,81.70121941252222
CLUSTER_517,I,247.08837044606747
CLUSTER_517,J,258.00339383469964
CLUSTER_517,K,251.33930550240132
CLUSTER_517,L,97.07455235784082
CLUSTER_517,M,31.344144667919306
CLUSTER_517,N,84.95990893509656
CLUSTER_517,O,48.332248094996196
CLUSTER_517,P,88.71112684709117
CLUSTER_517,Q,137.0324980345835
CLUSTER_517,R,199.27741265880877
CLUSTER_517,S,206.81093530567475
CLUSTER_517,T,196.9788238531391
CLUSTER_518,A,106.3344021721807
CLUSTER_518,B,151.70178835880546
CLUSTER_518,C,110.25660229200727
CLUSTER_518,D,200.841732585944
CLUSTER_518,E,224.19060901511952
CLUSTER_518,F,12.523395727438752
CLUSTER_518,G,261.1866718369974
CLUSTER_518,H,136.02893322065628
CLUSTER_518,I,213.48416390383187
CLUSTER_518,J,294.7607297028386
CLUSTER_518,K,270.21649088374915
CLUSTER_518,L,58.245295951485495
CLUSTER_518,M,45.74179393023572
CLUSTER_518,N,102.76991436026778
CLUSTER_518,O,115.48566431989936
CLUSTER_518,P,165.29511041946665
CLUSTER_518,Q,173.40175008457635
CLUSTER_518,R,162.41522310969196
CLUSTER_518,S,189.5543163106461
CLUSTER_518,T,236.17551084345476
CLUSTER_519,A,80.66446142365402
CLUSTER_519,B,219.26602772082376
CLUSTER_519,C,212.94822235861312
CLUSTER_519,D,241.3858059887482
CLUSTER_519,E,289.05683817041546
CLUSTER_519,F,146.62497030711373
CLUSTER_519,G,337.69523570842995
CLUSTER_519,H,129.17536778413515
CLUSTER_519,I,320.75739278812944
CLUSTER_519,J,300.64310716242204
CLUSTER_519,K,307.46925193413074
CLUSTER_519,L,169.9508774706981
CLUSTER_519,M,96.92446682453433
CLUSTER_519,N,154.01646950278771
CLUSTER_519,O,25.78833744499736
CLUSTER_519,P,58.65477614027858
CLUSTER_519,Q,189.610656990405
CLUSTER_519,R,273.2316673851359
CLUSTER_519,S,278.54164206599944
CLUSTER_519,T,241.30326690047545
CLUSTER_52,A,141.25679594080438
CLUSTER_52,B,6.277391126059704
CLUSTER_52,C,67.09453233775011
CLUSTER_52,D,50.878749261504616
CLUSTER_52,E,70.34593487062902
CLUSTER_52,F,147.76830063564782
CLUSTER_52,G,116.60158346883753
CLUSTER_52,H,104.29767766386502
CLUSTER_52,I,120.57919406762392
CLUSTER_52,J,153.91405242381168
CLUSTER_52,K,114.8943626939435
CLUSTER_52,L,102.87750323935406
CLUSTER_52,M,150.442275137505
CLUSTER_52,N,68.31934314408932
CLUSTER_52,O,196.28778145197435
CLUSTER_52,P,202.38502121672244
CLUSTER_52,Q,68.21747429409291
CLUSTER_52,R,93.90723451558584
CLUSTER_52,S,64.97058417292284
CLUSTER_52,T,108.13442368697277
CLUSTER_520,A,207.1920014761404
CLUSTER_520,B,97.42971221453806
CLUSTER_520,C,64.37115326515824
CLUSTER_520,D,144.89176473996216
CLUSTER_520,E,119.02914077927187
CLUSTER_520,F,150.12078712021838
CLUSTER_520,G,127.00546125634752
CLUSTER_520,H,189.37733865143076
CLUSTER_520,I,52.057330222563394
CLUSTER_520,J,243.0175597677568
CLUSTER_520,K,186.1679192711085
CLUSTER_520,L,109.52243675573263
CLUSTER_520,M,183.83080793908007
CLUSTER_520,N,135.51274068455353
CLUSTER_520,O,250.92455876476723
CLUSTER_520,P,276.5408671990109
CLUSTER_520,Q,169.17640043049875
CLUSTER_520,R,8.681654457530108
CLUSTER_520,S,62.450383057677364
CLUSTER_520,T,207.19750356318832
CLUSTER_521,A,242.22282832223584
CLUSTER_521,B,174.7753482146985
CLUSTER_521,C,235.5985656714952
CLUSTER_521,D,117.64821284265267
CLUSTER_521,E,142.27127277160594
CLUSTER_521,F,303.4061660238158
CLUSTER_521,G,170.86554518751595
CLUSTER_521,H,190.5674795921175
CLUSTER_521,I,246.87955754810898
CLUSTER_521,J,14.805967913497348
CLUSTER_521,K,78.15890898851715
CLUSTER_521,L,264.70555362947886
CLUSTER_521,M,285.4895528292837
CLUSTER_521,N,206.64492167494095
CLUSTER_521,O,295.31507520551133
CLUSTER_521,P,265.447971618463
CLUSTER_521,Q,137.18756102001782
CLUSTER_521,R,247.86295926653898
CLUSTER_521,S,196.34638058498246
CLUSTER_521,T,74.88371819443591
CLUSTER_522,A,116.99844214549587
CLUSTER_522,B,150.84421375045912
CLUSTER_522,C,105.33733254822481
CLUSTER_522,D,201.95485354077118
CLUSTER_522,E,222.08357583210613
CLUSTER_522,F,9.277310718556624
CLUSTER_522,G,257.20921703610264
CLUSTER_522,H,143.7601144481397
CLUSTER_522,I,205.8504553578036
CLUSTER_522,J,297.9062866311114
CLUSTER_522,K,270.5743257809518
CLUSTER_522,L,54.678666216369514
CLUSTER_522,M,57.605487213166036
CLUSTER_522,N,106.48759575591296
CLUSTER_522,O,128.00894540561572
CLUSTER_522,P,177.32471820987848
CLUSTER_522,Q,177.71698524557254
CLUSTER_522,R,154.79995966993476
CLUSTER_522,S,184.8613182783966
CLUSTER_522,T,240.15537748511682
CLUSTER_523,A,219.36047514642343
CLUSTER_523,B,86.78610258217108
CLUSTER_523,C,133.8417890384249
CLUSTER_523,D,65.14329808199543
CLUSTER_523,E,12.97987823529139
CLUSTER_523,F,227.04943840734614
CLUSTER_523,G,45.29743477216441
CLUSTER_523,H,175.0702716081002
CLUSTER_523,I,110.87714778605395
CLUSTER_523,J,125.20738974869887
CLUSTER_523,K,59.619078568636965
CLUSTER_523,L,180.4336018363566
CLUSTER_523,M,233.12052311434982
CLUSTER_523,N,150.20232527447092
CLUSTER_523,O,275.8731196858677
CLUSTER_523,P,273.8447464613568
CLUSTER_523,Q,120.18443639595887
CLUSTER_523,R,121.30314444363701
CLUSTER_523,S,67.00668995580962
CLUSTER_523,T,114.43101475447675
CLUSTER_524,A,46.6967130316412
CLUSTER_524,B,101.86363150058322
CLUSTER_524,C,96.44508964149213
CLUSTER_524,D,136.07870038496054
CLUSTER_524,E,174.76002990356977
CLUSTER_524,F,78.93187710872013
CLUSTER_524,G,220.90794582601623
CLUSTER_524,H,56.04335250288484
CLUSTER_524,I,202.1226079017006
CLUSTER_524,J,220.1927124359925
CLUSTER_524,K,206.34274267136394
CLUSTER_524,L,66.68719933124608
CLUSTER_524,M,51.31197931766755
CLUSTER_524,N,36.502301435809734
CLUSTER_524,O,93.92168894984243
CLUSTER_524,P,116.6688918173032
CLUSTER_524,Q,97.34390992792021
CLUSTER_524,R,156.4425882923006
CLUSTER_524,S,159.08109354743362
CLUSTER_524,T,159.93229730570386
CLUSTER_525,A,51.15447831847524
CLUSTER_525,B,168.32958002508514
CLUSTER_525,C,152.46252662624397
CLUSTER_525,D,201.21584006126943
CLUSTER_525,E,241.51724282734142
CLUSTER_525,F,84.01138108297641
CLUSTER_525,G,287.2077325186233
CLUSTER_525,H,100.70622455345776
CLUSTER_525,I,261.06781898314927
CLUSTER_525,J,277.38085415270655
CLUSTER_525,K,270.85167582433314
CLUSTER_525,L,106.84201100590441
CLUSTER_525,M,33.14658486836374
CLUSTER_525,N,103.26251385809793
CLUSTER_525,O,40.30477412382022
CLUSTER_525,P,91.85291554467356
CLUSTER_525,Q,156.6288967940745
CLUSTER_525,R,212.22864758004243
CLUSTER_525,S,223.06398019958854
CLUSTER_525,T,216.35523091313883
CLUSTER_526,A,68.74626624428147
CLUSTER_526,B,178.75892959274015
CLUSTER_526,C,157.26270382670313
CLUSTER_526,D,214.75885273605286
CLUSTER_526,E,252.61803487914065
CLUSTER_526,F,78.4856642278906
CLUSTER_526,G,296.96253150219593
CLUSTER_526,H,117.45829875395405
CLUSTER_526,I,265.76995003516583
CLUSTER_526,J,293.55421997867023
CLUSTER_526,K,284.81269187155954
CLUSTER_526,L,108.63087565004415
CLUSTER_526,M,34.534420350400545
CLUSTER_526,N,114.9129027034794
CLUSTER_526,O,49.622927228499655
CLUSTER_526,P,105.82372937861422
CLUSTER_526,Q,172.0506467572778
CLUSTER_526,R,215.97539484875236
CLUSTER_526,S,230.8192288262529
CLUSTER_526,T,232.5444129102334
CLUSTER_527,A,247.031440688041
CLUSTER_527,B,197.64420972568942
CLUSTER_527,C,258.1245260849167
CLUSTER_527,D,141.4923404509617
CLUSTER_527,E,172.99391483271486
CLUSTER_527,F,318.4061870244853
CLUSTER_527,G,204.00494763226735
CLUSTER_527,H,196.91768945154644
CLUSTER_527,I,277.7241995266823
CLUSTER_527,J,42.93702710269239
CLUSTER_527,K,110.9970754475445
CLUSTER_527,L,282.5972546245524
CLUSTER_527,M,295.48706505399844
CLUSTER_527,N,221.21400925301927
CLUSTER_527,O,297.0790843555825
CLUSTER_527,P,261.31628885965915
CLUSTER_527,Q,149.9917322178353
CLUSTER_527,R,275.51024850853094
CLUSTER_527,S,225.46424244863599
CLUSTER_527,T,87.81497249774361
CLUSTER_528,A,249.5988732676136
CLUSTER_528,B,132.53803620423335
CLUSTER_528,C,106.89900995136648
CLUSTER_528,D,172.14379693885658
CLUSTER_528,E,133.51912366182904
CLUSTER_528,F,189.4821813471463
CLUSTER_528,G,124.2115234200347
CLUSTER_528,H,229.90078424226684
CLUSTER_528,I,32.80324819203666
CLUSTER_528,J,263.17873939462976
CLUSTER_528,K,200.4848470572157
CLUSTER_528,L,151.0964576973426
CLUSTER_528,M,225.7098429350648
CLUSTER_528,N,177.11063382983144
CLUSTER_528,O,293.42047658564155
CLUSTER_528,P,318.7663389443777
CLUSTER_528,Q,204.39531583953158
CLUSTER_528,R,47.24082150584295
CLUSTER_528,S,80.87740931499943
CLUSTER_528,T,235.0648226665465
CLUSTER_529,A,97.84347442975786
CLUSTER_529,B,83.16288331945597
CLUSTER_529,C,50.38195440394012
CLUSTER_529,D,134.07568484441933
CLUSTER_529,E,155.8524623018595
CLUSTER_529,F,59.384269722326806
CLUSTER_529,G,194.77979480016538
CLUSTER_529,H,98.19095808865353
CLUSTER_529,I,159.04096679659924
CLUSTER_529,J,231.90681302727427
CLUSTER_529,K,202.47945222797298
CLUSTER_529,L,19.59058596250608
CLUSTER_529,M,72.56628183226668
CLUSTER_529,N,46.18459654248634
CLUSTER_529,O,137.6755090174286
CLUSTER_529,P,167.81410247973304
CLUSTER_529,Q,115.40514796024246
CLUSTER_529,R,110.18111830806396
CLUSTER_529,S,125.25421692838829
CLUSTER_529,T,176.05408112657005
CLUSTER_53,A,243.45466187384505
CLUSTER_53,B,147.24438397663474
CLUSTER_53,C,206.28583346232193
CLUSTER_53,D,92.9894307026908
CLUSTER_53,E,98.13652617237062
CLUSTER_53,F,285.99835540736177
CLUSTER_53,G,119.8641402079221
CLUSTER_53,H,191.8253957215098
CLUSTER_53,I,200.55059577143115
CLUSTER_53,J,46.55494465353841
CLUSTER_53,K,30.52118519865866
CLUSTER_53,L,243.17158208707653
CLUSTER_53,M,276.95784637941625
CLUSTER_53,N,193.19858106747733
CLUSTER_53,O,299.6435662559923
CLUSTER_53,P,279.41086971692044
CLUSTER_53,Q,132.17129294014072
CLUSTER_53,R,208.13511235824961
CLUSTER_53,S,154.50782171317996
CLUSTER_53,T,82.18096962175557
CLUSTER_530,A,75.97831124475768
CLUSTER_530,B,196.0136462681639
CLUSTER_530,C,213.38561124270356
CLUSTER_530,D,198.21791149340842
CLUSTER_530,E,253.86808361915743
CLUSTER_530,F,183.94484267968323
CLUSTER_530,G,305.3146611276278
CLUSTER_530,H,91.30079481232335
CLUSTER_530,I,311.400969199686
CLUSTER_530,J,234.1716359417401
CLUSTER_530,K,255.1837062910144
CLUSTER_530,L,186.55660140154973
CLUSTER_530,M,133.10424807300515
CLUSTER_530,N,141.12786904949778
CLUSTER_530,O,80.57700721056219
CLUSTER_530,P,24.58645260582826
CLUSTER_530,Q,142.6877214508653
CLUSTER_530,R,271.01103246260567
CLUSTER_530,S,259.809200604335
CLUSTER_530,T,179.49969200789204
CLUSTER_531,A,137.627142037054
CLUSTER_531,B,108.92440869965084
CLUSTER_531,C,163.07623747000173
CLUSTER_531,D,70.89171369564292
CLUSTER_531,E,128.2606184658132
CLUSTER_531,F,208.7819810545174
CLUSTER_531,G,177.76318123166024
CLUSTER_531,H,86.22987173312958
CLUSTER_531,I,218.1865244840988
CLUSTER_531,J,91.64848169959987
CLUSTER_531,K,109.58821175945761
CLUSTER_531,L,176.81227564928597
CLUSTER_531,M,183.90080230974473
CLUSTER_531,N,112.44200505621231
CLUSTER_531,O,190.93527859239092
CLUSTER_531,P,165.63716278739219
CLUSTER_531,Q,42.36329149425061
CLUSTER_531,R,197.76766328212196
CLUSTER_531,S,160.23674713846927
CLUSTER_531,T,32.287241790918316
CLUSTER_532,A,38.37566797906903
CLUSTER_532,B,109.67445162416143
CLUSTER_532,C,126.82865407067514
CLUSTER_532,D,124.16130273732914
CLUSTER_532,E,174.0291292800601
CLUSTER_532,F,123.40336910088918
CLUSTER_532,G,224.22472847594278
CLUSTER_532,H,14.423784720184596
CLUSTER_532,I,223.48890370315985
CLUSTER_532,J,191.31896972980496
CLUSTER_532,K,190.60977454408183
CLUSTER_532,L,108.98996724506198
CLUSTER_532,M,86.70659930654811
CLUSTER_532,N,53.70112805082932
CLUSTER_532,O,95.03506732201726
CLUSTER_532,P,92.41566271007727
CLUSTER_532,Q,73.10243507929427
CLUSTER_532,R,183.27249984643788
CLUSTER_532,S,172.99357876877684
CLUSTER_532,T,130.34224083468692
CLUSTER_533,A,149.5317129357223
CLUSTER_533,B,128.7607213641521
CLUSTER_533,C,183.21243545247108
CLUSTER_533,D,87.47852106984021
CLUSTER_533,E,142.95748136954126
CLUSTER_533,F,226.68475146776439
CLUSTER_533,G,190.90205619625345
CLUSTER_533,H,99.69628895730558
CLUSTER_533,I,236.21095306989395
CLUSTER_533,J,84.60187373399893
CLUSTER_533,K,115.48695031303508
CLUSTER_533,L,196.04761006544194
CLUSTER_533,M,199.32705057496702
CLUSTER_533,N,131.14086975920847
CLUSTER_533,O,200.4657742342548
CLUSTER_533,P,169.74598152011464
CLUSTER_533,Q,62.17323814390326
CLUSTER_533,R,217.30755066599374
CLUSTER_533,S,178.36299817625147
CLUSTER_533,T,34.46222896878072
CLUSTER_534,A,171.2183387550856
CLUSTER_534,B,85.57120401542022
CLUSTER_534,C,146.32698778281852
CLUSTER_534,D,29.251539520812944
CLUSTER_534,E,76.49775073773837
CLUSTER_534,F,216.15934422553462
CLUSTER_534,G,123.73228103880395
CLUSTER_534,H,120.18967181807699
CLUSTER_534,I,175.17020758106344
CLUSTER_534,J,74.9260451561096
CLUSTER_534,K,58.61536740580679
CLUSTER_534,L,175.73463274157757
CLUSTER_534,M,204.15813179587155
CLUSTER_534,N,121.18861900306692
CLUSTER_534,O,227.89601955517477
CLUSTER_534,P,212.5244826623516
CLUSTER_534,Q,59.83941192921117
CLUSTER_534,R,165.11096865710513
CLUSTER_534,S,118.78347816964072
CLUSTER_534,T,36.81623949006683
CLUSTER_535,A,67.751194293858
CLUSTER_535,B,165.40710824143093
CLUSTER_535,C,141.44043883731632
CLUSTER_535,D,203.9145135791622
CLUSTER_535,E,239.5315544237559
CLUSTER_535,F,62.94963890355296
CLUSTER_535,G,282.9391675188095
CLUSTER_535,H,112.34718744432794
CLUSTER_535,I,249.80716553071133
CLUSTER_535,J,286.2616147584919
CLUSTER_535,K,274.2541946396225
CLUSTER_535,L,92.34221589724149
CLUSTER_535,M,19.17285349135043
CLUSTER_535,N,102.90703053067584
CLUSTER_535,O,62.23761012300687
CLUSTER_535,P,114.995265024013
CLUSTER_535,Q,163.8319703285573
CLUSTER_535,R,199.852758118427
CLUSTER_535,S,215.8808445250582
CLUSTER_535,T,225.43297910726017
CLUSTER_536,A,86.02806124885996
CLUSTER_536,B,75.04285927021691
CLUSTER_536,C,57.122003933285264
CLUSTER_536,D,121.77804481295573
CLUSTER_536,E,149.14162887441523
CLUSTER_536,F,71.69004322716238
CLUSTER_536,G,191.19873334346855
CLUSTER_536,H,81.17068425458376
CLUSTER_536,I,163.99663514421337
CLUSTER_536,J,217.2493957086379
CLUSTER_536,K,191.33467656082524
CLUSTER_536,L,37.06906686821817
CLUSTER_536,M,72.65570147606252
CLUSTER_536,N,28.72467322838852
CLUSTER_536,O,130.9759317707289
CLUSTER_536,P,155.87705949402073
CLUSTER_536,Q,98.90796505993764
CLUSTER_536,R,117.30857117648327
CLUSTER_536,S,124.69810907617779
CLUSTER_536,T,160.3411147419866
CLUSTER_537,A,252.34691153207388
CLUSTER_537,B,117.04340322143061
CLUSTER_537,C,120.25143286436148
CLUSTER_537,D,138.73394068745458
CLUSTER_537,E,88.15731069847841
CLUSTER_537,F,216.47972324454292
CLUSTER_537,G,67.44555655748157
CLUSTER_537,H,221.68454792223162
CLUSTER_537,I,24.934389125537425
CLUSTER_537,J,217.339411906174
CLUSTER_537,K,151.0619637773438
CLUSTER_537,L,171.89080884868142
CLUSTER_537,M,242.487821422929
CLUSTER_537,N,176.49434177347447
CLUSTER_537,O,302.8479209468923
CLUSTER_537,P,317.87869986247716
CLUSTER_537,Q,182.64861029600078
CLUSTER_537,R,68.74730783750373
CLUSTER_537,S,53.228270911874745
CLUSTER_537,T,199.1892961195569
CLUSTER_538,A,54.62331186065964
CLUSTER_538,B,193.07884079175847
CLUSTER_538,C,188.26074200361674
CLUSTER_538,D,215.69836014046814
CLUSTER_538,E,262.8972442085025
CLUSTER_538,F,128.43888054746623
CLUSTER_538,G,311.48402565205845
CLUSTER_538,H,104.22052189513211
CLUSTER_538,I,295.5738744485166
CLUSTER_538,J,277.97569523771386
CLUSTER_538,K,282.3617821716793
CLUSTER_538,L,147.1665173818132
CLUSTER_538,M,76.74771518879535
CLUSTER_538,N,127.90758764233934
CLUSTER_538,O,6.747766169003415
CLUSTER_538,P,52.336008445181506
CLUSTER_538,Q,164.60522781863153
CLUSTER_538,R,248.60491358967434
CLUSTER_538,S,252.59887867930175
CLUSTER_538,T,218.01000979391247
CLUSTER_539,A,72.92595815015963
CLUSTER_539,B,146.76043960881407
CLUSTER_539,C,118.45368757943989
CLUSTER_539,D,189.220912899639
CLUSTER_539,E,220.95783995382334
CLUSTER_539,F,41.58769174187098
CLUSTER_539,G,262.7236888051785
CLUSTER_539,H,108.64175306253313
CLUSTER_539,I,226.46725540303964
CLUSTER_539,J,276.69566562719405
CLUSTER_539,K,259.6300334792886
CLUSTER_539,L,68.53491347484083
CLUSTER_539,M,11.122715516639463
CLUSTER_539,N,87.65943720731397
CLUSTER_539,O,82.98541243167158
CLUSTER_539,P,130.76963959792474
CLUSTER_539,Q,153.87421362639006
CLUSTER_539,R,176.27251008994688
CLUSTER_539,S,194.28540780231856
CLUSTER_539,T,216.54322166331968
CLUSTER_54,A,255.56583314861535
CLUSTER_54,B,132.8133937833062
CLUSTER_54,C,183.7194642454655
CLUSTER_54,D,94.31158567691007
CLUSTER_54,E,62.92344280152448
CLUSTER_54,F,274.9172718953507
CLUSTER_54,G,64.30162930388103
CLUSTER_54,H,207.21314568522305
CLUSTER_54,I,151.97461090147223
CLUSTER_54,J,103.50145203662554
CLUSTER_54,K,38.788177314033085
CLUSTER_54,L,228.83809055217998
CLUSTER_54,M,276.7319841919292
CLUSTER_54,N,192.1637775527955
CLUSTER_54,O,312.726400046114
CLUSTER_54,P,303.0525602904342
CLUSTER_54,Q,147.71431953714819
CLUSTER_54,R,170.04353077854174
CLUSTER_54,S,116.13135903017113
CLUSTER_54,T,118.91760356572998
CLUSTER_540,A,267.52626958491544
CLUSTER_540,B,148.2691914327498
CLUSTER_540,C,124.90603799559311
CLUSTER_540,D,184.9441997049892
CLUSTER_540,E,142.4556488121007
CLUSTER_540,F,206.781156980599
CLUSTER_540,G,126.63743105438502
CLUSTER_540,H,247.08245933695406
CLUSTER_540,I,37.78676785116402
CLUSTER_540,J,272.65864141361965
CLUSTER_540,K,208.22591993565345
CLUSTER_540,L,168.9873443133315
CLUSTER_540,M,243.64153593189465
CLUSTER_540,N,194.73517727833473
CLUSTER_540,O,311.4725214171315
CLUSTER_540,P,336.59864954117756
CLUSTER_540,Q,219.74325426471006
CLUSTER_540,R,65.01892454655137
CLUSTER_540,S,93.0601417628683
CLUSTER_540,T,247.62459002656195
CLUSTER_541,A,246.92354019153268
CLUSTER_541,B,107.30376001483971
CLUSTER_541,C,128.62163258000515
CLUSTER_541,D,114.39693599523022
CLUSTER_541,E,58.14416428436469
CLUSTER_541,F,227.235518324874
CLUSTER_541,G,32.540074558654545
CLUSTER_541,H,210.3011945213692
CLUSTER_541,I,59.14041898327484
CLUSTER_541,J,183.85372816545842
CLUSTER_541,K,116.50297732821974
CLUSTER_541,L,180.69262250719814
CLUSTER_541,M,246.10291180103118
CLUSTER_541,N,171.8394049088862
CLUSTER_541,O,300.4791556375913
CLUSTER_541,P,308.8373836528308
CLUSTER_541,Q,164.06273489411615
CLUSTER_541,R,90.10681842713326
CLUSTER_541,S,49.60892938856527
CLUSTER_541,T,171.24685017593472
CLUSTER_542,A,146.63710839144295
CLUSTER_542,B,71.47440046968727
CLUSTER_542,C,10.663489658462494
CLUSTER_542,D,128.5970423510917
CLUSTER_542,E,130.07651224384173
CLUSTER_542,F,93.4919786018183
CLUSTER_542,G,159.13172252429445
CLUSTER_542,H,135.9702163597088
CLUSTER_542,I,109.80463413463833
CLUSTER_542,J,231.65376983953797
CLUSTER_542,K,188.4767165769127
CLUSTER_542,L,48.71899268166204
CLUSTER_542,M,121.86415953182362
CLUSTER_542,N,79.90651840042884
CLUSTER_542,O,188.61400992443745
CLUSTER_542,P,216.5256183816892
CLUSTER_542,Q,131.7772676533444
CLUSTER_542,R,59.73095837970552
CLUSTER_542,S,86.0358575976127
CLUSTER_542,T,183.60576804088785
CLUSTER_543,A,196.19211599893035
CLUSTER_543,B,133.01130341865638
CLUSTER_543,C,193.4746696192279
CLUSTER_543,D,77.25943477871796
CLUSTER_543,E,116.25513439549108
CLUSTER_543,F,256.92613963194657
CLUSTER_543,G,156.05151539018362
CLUSTER_543,H,144.29536446427593
CLUSTER_543,I,219.42231472679035
CLUSTER_543,J,32.95446113361991
CLUSTER_543,K,68.01193489041447
CLUSTER_543,L,219.28696357254964
CLUSTER_543,M,238.41486038546327
CLUSTER_543,N,159.9290078794835
CLUSTER_543,O,250.2489031597856
CLUSTER_543,P,224.0325325877111
CLUSTER_543,Q,90.1089752057484
CLUSTER_543,R,212.6853656187966
CLUSTER_543,S,164.64096941095852
CLUSTER_543,T,28.118986171794127
CLUSTER_544,A,187.20860069853555
CLUSTER_544,B,52.84559307588339
CLUSTER_544,C,103.0832495401624
CLUSTER_544,D,44.82086231358677
CLUSTER_544,E,21.64529734347489
CLUSTER_544,F,193.85115551804597
CLUSTER_544,G,71.07405183468961
CLUSTER_544,H,145.08629372362537
CLUSTER_544,I,106.31558682981081
CLUSTER_544,J,132.72292161943278
CLUSTER_544,K,77.4526098379557
CLUSTER_544,L,147.55615262370335
CLUSTER_544,M,199.18808769513734
CLUSTER_544,N,116.61429078075042
CLUSTER_544,O,243.27917888177245
CLUSTER_544,P,244.24999720780502
CLUSTER_544,Q,94.51534532912248
CLUSTER_544,R,102.05619033756207
CLUSTER_544,S,51.015438487006435
CLUSTER_544,T,105.43363152635791
CLUSTER_545,A,160.5353087943602
CLUSTER_545,B,25.583809129812554
CLUSTER_545,C,81.6776474988698
CLUSTER_545,D,40.9189246080326
CLUSTER_545,E,49.37788377663642
CLUSTER_545,F,167.79070564822985
CLUSTER_545,G,96.92209529874577
CLUSTER_545,H,120.61572682856732
CLUSTER_545,I,113.0228008822175
CLUSTER_545,J,142.24041421319492
CLUSTER_545,K,96.91675483538299
CLUSTER_545,L,122.17163816432611
CLUSTER_545,M,171.4943424818372
CLUSTER_545,N,88.9515763363583
CLUSTER_545,O,216.1893609900643
CLUSTER_545,P,219.57478022095603
CLUSTER_545,Q,76.06438515970451
CLUSTER_545,R,95.46176559508216
CLUSTER_545,S,55.15547411090108
CLUSTER_545,T,103.21661916979365
CLUSTER_546,A,86.55894142299685
CLUSTER_546,B,219.44569552849737
CLUSTER_546,C,206.08143093466126
CLUSTER_546,D,247.16665936705093
CLUSTER_546,E,291.42118683339504
CLUSTER_546,F,130.69136898052503
CLUSTER_546,G,338.50038130395694
CLUSTER_546,H,138.08119435132198
CLUSTER_546,I,314.69220832722345
CLUSTER_546,J,313.4648158947528
CLUSTER_546,K,315.1530635961816
CLUSTER_546,L,159.63002335650228
CLUSTER_546,M,84.93872681500105
CLUSTER_546,N,153.80038327231244
CLUSTER_546,O,30.986040820873953
CLUSTER_546,P,82.02554119225469
CLUSTER_546,Q,197.96353744899758
CLUSTER_546,R,265.76804007520104
CLUSTER_546,S,275.9718435463162
CLUSTER_546,T,253.17065529080165
CLUSTER_547,A,237.82439924453948
CLUSTER_547,B,119.79064337190616
CLUSTER_547,C,95.45129609350938
CLUSTER_547,D,160.04746987790057
CLUSTER_547,E,123.22518832903889
CLUSTER_547,F,180.93283316790377
CLUSTER_547,G,117.80969384178158
CLUSTER_547,H,217.37067457948382
CLUSTER_547,I,28.566808865639192
CLUSTER_547,J,252.31660195467123
CLUSTER_547,K,190.56952532438885
CLUSTER_547,L,141.1498459315289
CLUSTER_547,M,215.52038214011267
CLUSTER_547,N,164.88180528412863
CLUSTER_547,O,282.42701642306156
CLUSTER_547,P,306.79804455554626
CLUSTER_547,Q,191.67098393993504
CLUSTER_547,R,35.26617046946749
CLUSTER_547,S,69.31693630727717
CLUSTER_547,T,222.99528883933996
CLUSTER_548,A,199.2516165931362
CLUSTER_548,B,152.14844134373126
CLUSTER_548,C,211.76566822920117
CLUSTER_548,D,98.31406829888091
CLUSTER_548,E,140.30899795745336
CLUSTER_548,F,268.8855899887398
CLUSTER_548,G,180.1001991941093
CLUSTER_548,H,148.3827590570313
CLUSTER_548,I,243.0210374186993
CLUSTER_548,J,37.03180634475638
CLUSTER_548,K,90.67712761887222
CLUSTER_548,L,233.72608774631553
CLUSTER_548,M,246.1670660266916
CLUSTER_548,N,171.7298519774077
CLUSTER_548,O,250.97513422742765
CLUSTER_548,P,219.49453847503008
CLUSTER_548,Q,100.44658219170049
CLUSTER_548,R,234.51030555337942
CLUSTER_548,S,187.66336284168182
CLUSTER_548,T,39.07717058669388
CLUSTER_549,A,227.9795576473119
CLUSTER_549,B,105.47656291985555
CLUSTER_549,C,87.29487944438611
CLUSTER_549,D,144.19819864656887
CLUSTER_549,E,107.51119496783703
CLUSTER_549,F,177.94244535557056
CLUSTER_549,G,105.11805759330224
CLUSTER_549,H,205.067440081793
CLUSTER_549,I,23.40148860960625
CLUSTER_549,J,236.35592744083795
CLUSTER_549,K,174.97992741401941
CLUSTER_549,L,135.88041316831524
CLUSTER_549,M,209.3407669881892
CLUSTER_549,N,153.8633362339387
CLUSTER_549,O,274.38781393877724
CLUSTER_549,P,296.31440486219753
CLUSTER_549,Q,177.03817382737537
CLUSTER_549,R,28.04570929107406
CLUSTER_549,S,53.29012037585922
CLUSTER_549,T,207.13281343378523
CLUSTER_55,A,62.100635178183595
CLUSTER_55,B,86.66328622526207
CLUSTER_55,C,80.8030006204626
CLUSTER_55,D,124.4840784694912
CLUSTER_55,E,160.20961610266355
CLUSTER_55,F,78.68950702204995
CLUSTER_55,G,205.5262052770484
CLUSTER_55,H,60.288168842087686
CLUSTER_55,I,185.8305041182309
CLUSTER_55,J,213.06196666616617
CLUSTER_55,K,194.9241119919921
CLUSTER_55,L,56.7217711415196
CLUSTER_55,M,61.97479865892645
CLUSTER_55,N,22.92860903678731
CLUSTER_55,O,110.2287923030523
CLUSTER_55,P,131.69782739378215
CLUSTER_55,Q,90.90224117614939
CLUSTER_55,R,140.51561226316645
CLUSTER_55,S,142.859101389617
CLUSTER_55,T,153.7817344503444
CLUSTER_56,A,84.51318495123257
CLUSTER_56,B,210.04251001827356
CLUSTER_56,C,224.91331667266496
CLUSTER_56,D,213.66541581857035
CLUSTER_56,E,269.02592249987043
CLUSTER_56,F,189.45555256596907
CLUSTER_56,G,320.4012680685172
CLUSTER_56,H,105.52752518066055
CLUSTER_56,I,324.5821213154901
CLUSTER_56,J,249.4154678738716
CLUSTER_56,K,270.9091840455901
CLUSTER_56,L,195.52686997934137
CLUSTER_56,M,137.69095670761666
CLUSTER_56,N,153.45400967921168
CLUSTER_56,O,78.08273536324668
CLUSTER_56,P,19.180927057332344
CLUSTER_56,Q,158.14283415194944
CLUSTER_56,R,283.2372998654794
CLUSTER_56,S,273.73121410867765
CLUSTER_56,T,195.1148467788666
CLUSTER_57,A,210.6931308443842
CLUSTER_57,B,87.72168704128175
CLUSTER_57,C,141.92838669076755
CLUSTER_57,D,50.368424952743005
CLUSTER_57,E,28.798407528603065
CLUSTER_57,F,230.1000558095825
CLUSTER_57,G,67.16200638450609
CLUSTER_57,H,163.57985921686017
CLUSTER_57,I,133.25070478710035
CLUSTER_57,J,101.86562058322447
CLUSTER_57,K,39.3238066247035
CLUSTER_57,L,184.5687817525519
CLUSTER_57,M,230.7290302213866
CLUSTER_57,N,146.15677728071498
CLUSTER_57,O,267.7662610350225
CLUSTER_57,P,261.02886691027044
CLUSTER_57,Q,105.59707922242993
CLUSTER_57,R,138.43827285948865
CLUSTER_57,S,84.77081454516649
CLUSTER_57,T,91.72813964923219
CLUSTER_58,A,252.0690385442119
CLUSTER_58,B,112.61944748484443
CLUSTER_58,C,141.23924238745892
CLUSTER_58,D,110.2169039451796
CLUSTER_58,E,51.71129951305498
CLUSTER_58,F,239.65092963761228
CLUSTER_58,G,14.063026066001628
CLUSTER_58,H,212.65008658559321
CLUSTER_58,I,77.5120266489001
CLUSTER_58,J,170.54464851184662
CLUSTER_58,K,102.31522346892478
CLUSTER_58,L,192.73755750876413
CLUSTER_58,M,255.48044398945777
CLUSTER_58,N,178.17090191074598
CLUSTER_58,O,306.79310382930026
CLUSTER_58,P,311.7325744483715
CLUSTER_58,Q,162.77520031679964
CLUSTER_58,R,107.14943743466655
CLUSTER_58,S,61.795342978411995
CLUSTER_58,T,163.17377355495634
CLUSTER_59,A,119.67197256006175
CLUSTER_59,B,88.01281473216554
CLUSTER_59,C,39.20134269398718
CLUSTER_59,D,143.02751751510866
CLUSTER_59,E,156.45025575173582
CLUSTER_59,F,59.51075867863311
CLUSTER_59,G,190.67216186845738
CLUSTER_59,H,120.07479671333745
CLUSTER_59,I,145.11844143445396
CLUSTER_59,J,243.83681915099461
CLUSTER_59,K,208.78594534600924
CLUSTER_59,L,13.338324453896401
CLUSTER_59,M,87.37953853031873
CLUSTER_59,N,66.19470827716778
CLUSTER_59,O,156.43635851103278
CLUSTER_59,P,189.47266078814644
CLUSTER_59,Q,131.88139830846268
CLUSTER_59,R,94.68345463590127
CLUSTER_59,S,118.57380377353846
CLUSTER_59,T,190.3515264998154
CLUSTER_6,A,99.08607998500945
CLUSTER_6,B,91.31425821310754
CLUSTER_6,C,135.96005682053215
CLUSTER_6,D,76.55511599492407
CLUSTER_6,E,133.95923889583742
CLUSTER_6,F,170.22166901453733
CLUSTER_6,G,185.5637206813432
CLUSTER_6,H,47.096101272854845
CLUSTER_6,I,208.4918094326518
CLUSTER_6,J,130.08626010030542
CLUSTER_6,K,134.83109751645023
CLUSTER_6,L,141.4287662573155
CLUSTER_6,M,143.7300940255105
CLUSTER_6,N,75.78529621387582
CLUSTER_6,O,154.15242224606553
CLUSTER_6,P,136.4551688279997
CLUSTER_6,Q,21.887040284506163
CLUSTER_6,R,179.67487509549974
CLUSTER_6,S,151.67819272141782
CLUSTER_6,T,69.11032569764372
CLUSTER_60,A,88.31939020883055
CLUSTER_60,B,221.403776689027
CLUSTER_60,C,231.09433244986573
CLUSTER_60,D,229.2657124919474
CLUSTER_60,E,283.3559450728483
CLUSTER_60,F,186.42930218226974
CLUSTER_60,G,334.39209614979507
CLUSTER_60,H,118.28983387879119
CLUSTER_60,I,333.6289871195243
CLUSTER_60,J,269.4035311022522
CLUSTER_60,K,288.5898214725402
CLUSTER_60,L,197.6084924672326
CLUSTER_60,M,134.13561483798526
CLUSTER_60,N,161.71697186945082
CLUSTER_60,O,67.26906869958572
CLUSTER_60,P,19.31785396059094
CLUSTER_60,Q,173.96512654691
CLUSTER_60,R,290.45596695667746
CLUSTER_60,S,284.593220423683
CLUSTER_60,T,214.13854065549592
CLUSTER_61,A,232.29541210458692
CLUSTER_61,B,95.96403657448319
CLUSTER_61,C,103.9720957513953
CLUSTER_61,D,118.54331296178111
CLUSTER_61,E,71.09275520321455
CLUSTER_61,F,201.8193598721588
CLUSTER_61,G,62.672192058332676
CLUSTER_61,H,200.6685526113241
CLUSTER_61,I,33.77424464581663
CLUSTER_61,J,201.27199256341405
CLUSTER_61,K,136.74618259690163
CLUSTER_61,L,156.15912343732026
CLUSTER_61,M,224.9435667525598
CLUSTER_61,N,156.42022590561118
CLUSTER_61,O,283.5863341223299
CLUSTER_61,P,297.25283371745473
CLUSTER_61,Q,161.4542289293013
CLUSTER_61,R,59.74038175540101
CLUSTER_61,S,32.12616341224014
CLUSTER_61,T,179.79511572965205
CLUSTER_62,A,246.4864284456521
CLUSTER_62,B,116.62273512249777
CLUSTER_62,C,163.4430099316086
CLUSTER_62,D,87.5469041396227
CLUSTER_62,E,43.0602617300938
CLUSTER_62,F,257.1538723126363
CLUSTER_62,G,41.581944312436654
CLUSTER_62,H,200.38279645260664
CLUSTER_62,I,127.26156430528961
CLUSTER_62,J,120.74250799389183
CLUSTER_62,K,52.30369035182502
CLUSTER_62,L,210.50883659726804
CLUSTER_62,M,262.6539432632588
CLUSTER_62,N,179.14554242524875
CLUSTER_62,O,303.3550261235606
CLUSTER_62,P,298.24419103110563
CLUSTER_62,Q,142.95009294526173
CLUSTER_62,R,146.08916423565458
CLUSTER_62,S,92.61591116736284
CLUSTER_62,T,125.0064310142161
CLUSTER_63,A,182.9374409256498
CLUSTER_63,B,76.5235050243976
CLUSTER_63,C,136.51937149357434
CLUSTER_63,D,22.898750493896106
CLUSTER_63,E,52.07787421800288
CLUSTER_63,F,215.25340533603054
CLUSTER_63,G,99.2514912574672
CLUSTER_63,H,133.84135880459976
CLUSTER_63,I,152.95363940132899
CLUSTER_63,J,87.28358941558326
CLUSTER_63,K,47.54138214856681
CLUSTER_63,L,172.10004411827882
CLUSTER_63,M,209.24364382773697
CLUSTER_63,N,124.50053708667662
CLUSTER_63,O,240.09109146074974
CLUSTER_63,P,229.70770577511362
CLUSTER_63,Q,74.23579500779381
CLUSTER_63,R,147.33097286969905
CLUSTER_63,S,98.00286757499441
CLUSTER_63,T,61.033296641546144
CLUSTER_64,A,219.1783782362306
CLUSTER_64,B,79.58047694609864
CLUSTER_64,C,111.14594374145683
CLUSTER_64,D,84.25140053627693
CLUSTER_64,E,31.18404916273802
CLUSTER_64,F,208.77475081320796
CLUSTER_64,G,41.43335167198755
CLUSTER_64,H,180.78128631884906
CLUSTER_64,I,73.93304666331927
CLUSTER_64,J,161.17015777193436
CLUSTER_64,K,96.80604344431305
CLUSTER_64,L,161.7059554964132
CLUSTER_64,M,222.75786836221326
CLUSTER_64,N,145.0821631455572
CLUSTER_64,O,273.7312049605412
CLUSTER_64,P,279.6551072010884
CLUSTER_64,Q,133.49711642424305
CLUSTER_64,R,86.9532097098164
CLUSTER_64,S,34.246988226689346
CLUSTER_64,T,142.7684147817518
CLUSTER_65,A,239.1001758269694
CLUSTER_65,B,179.2155772265373
CLUSTER_65,C,239.97147870748967
CLUSTER_65,D,122.41503984142474
CLUSTER_65,E,151.15272234886618
CLUSTER_65,F,304.44088829579374
CLUSTER_65,G,181.7582382439986
CLUSTER_65,H,187.88449983058837
CLUSTER_65,I,255.8952390663793
CLUSTER_65,J,20.944392086613256
CLUSTER_65,K,88.73475874422297
CLUSTER_65,L,266.953060283496
CLUSTER_65,M,284.4424807258646
CLUSTER_65,N,207.33256081446547
CLUSTER_65,O,291.17745479906364
CLUSTER_65,P,259.23754093329796
CLUSTER_65,Q,136.8595614712745
CLUSTER_65,R,254.92236390711102
CLUSTER_65,S,204.23066817413408
CLUSTER_65,T,73.96594610934905
CLUSTER_66,A,71.5292027896671
CLUSTER_66,B,98.63849312733281
CLUSTER_66,C,131.93302409697912
CLUSTER_66,D,98.23022560749858
CLUSTER_66,E,152.8614953718378
CLUSTER_66,F,150.27356488429413
CLUSTER_66,G,204.277751929401
CLUSTER_66,H,19.69148979442482
CLUSTER_66,I,216.65559645080975
CLUSTER_66,J,157.4603596362097
CLUSTER_66,K,160.78655942290123
CLUSTER_66,L,127.26825562202555
CLUSTER_66,M,119.00509158418933
CLUSTER_66,N,62.718023506394054
CLUSTER_66,O,126.64430813433569
CLUSTER_66,P,112.4761684273778
CLUSTER_66,Q,43.386045282057125
CLUSTER_66,R,182.30606410387307
CLUSTER_66,S,162.04629906214953
CLUSTER_66,T,96.5814870462228
CLUSTER_67,A,262.4959496001705
CLUSTER_67,B,132.83642952754926
CLUSTER_67,C,178.61308015806787
CLUSTER_67,D,102.85385371168758
CLUSTER_67,E,58.99173459212107
CLUSTER_67,F,273.0059071432763
CLUSTER_67,G,44.799756920510134
CLUSTER_67,H,215.9914081542
CLUSTER_67,I,135.17863831583207
CLUSTER_67,J,125.00398089247498
CLUSTER_67,K,58.566550364516885
CLUSTER_67,L,226.26053917243684
CLUSTER_67,M,278.94104861053796
CLUSTER_67,N,195.43994572700242
CLUSTER_67,O,319.42235339267506
CLUSTER_67,P,313.4994604003859
CLUSTER_67,Q,158.00234387670756
CLUSTER_67,R,158.2121076279645
CLUSTER_67,S,105.72102630888051
CLUSTER_67,T,136.08713870053668
CLUSTER_68,A,215.07239750132487
CLUSTER_68,B,84.87907907997452
CLUSTER_68,C,80.77303607850568
CLUSTER_68,D,119.4290637874545
CLUSTER_68,E,82.4811271121041
CLUSTER_68,F,177.4656717058987
CLUSTER_68,G,86.22304676630435
CLUSTER_68,H,187.7052043947087
CLUSTER_68,I,33.368420748675064
CLUSTER_68,J,210.93109697943697
CLUSTER_68,K,150.07339015034646
CLUSTER_68,L,132.50553973961667
CLUSTER_68,M,203.0917854949541
CLUSTER_68,N,139.547043630946
CLUSTER_68,O,264.3826391686436
CLUSTER_68,P,281.8678426967896
CLUSTER_68,Q,155.06895544895553
CLUSTER_68,R,34.50729332029012
CLUSTER_68,S,27.92163985724937
CLUSTER_68,T,182.2739027808839
CLUSTER_69,A,211.16285288017525
CLUSTER_69,B,72.89609542765196
CLUSTER_69,C,112.18814700488969
CLUSTER_69,D,70.3383427049352
CLUSTER_69,E,16.922617063107978
CLUSTER_69,F,208.01564100808116
CLUSTER_69,G,46.340296675454425
CLUSTER_69,H,170.73797203934691
CLUSTER_69,I,87.8308483208032
CLUSTER_69,J,147.12836269398167
CLUSTER_69,K,84.03706352973668
CLUSTER_69,L,160.99847764279556
CLUSTER_69,M,218.556140992447
CLUSTER_69,N,138.46096267386378
CLUSTER_69,O,266.53609826602036
CLUSTER_69,P,269.8683683041102
CLUSTER_69,Q,121.16137581720976
CLUSTER_69,R,95.76463554341017
CLUSTER_69,S,41.49059000065631
CLUSTER_69,T,128.107525956766
CLUSTER_7,A,118.15494110104648
CLUSTER_7,B,47.053307385051575
CLUSTER_7,C,28.33425020145632
CLUSTER_7,D,101.82484843022979
CLUSTER_7,E,118.25852035439158
CLUSTER_7,F,95.99143800444466
CLUSTER_7,G,157.22825820732535
CLUSTER_7,H,100.69209155936043
CLUSTER_7,I,129.25981715456024
CLUSTER_7,J,203.23348620956685
CLUSTER_7,K,167.7604744539782
CLUSTER_7,L,50.13665239220882
CLUSTER_7,M,107.64727585058797
CLUSTER_7,N,45.51679711931823
CLUSTER_7,O,166.14630262047686
CLUSTER_7,P,186.80780543817647
CLUSTER_7,Q,96.33815908227402
CLUSTER_7,R,84.80929544486318
CLUSTER_7,S,89.1355769574181
CLUSTER_7,T,151.42797218826382
CLUSTER_70,A,219.42958255877474
CLUSTER_70,B,84.12469618637692
CLUSTER_70,C,91.02176531846519
CLUSTER_70,D,111.09917324750316
CLUSTER_70,E,68.77675683574569
CLUSTER_70,F,189.1233455298822
CLUSTER_70,G,70.12026342913336
CLUSTER_70,H,188.6479302982449
CLUSTER_70,I,38.230662399547406
CLUSTER_70,J,198.4890512589854
CLUSTER_70,K,136.00545256264908
CLUSTER_70,L,143.25384679571792
CLUSTER_70,M,211.75191336732084
CLUSTER_70,N,143.5530745265872
CLUSTER_70,O,270.4827087242024
CLUSTER_70,P,284.7509869247577
CLUSTER_70,Q,151.3217222652902
CLUSTER_70,R,50.48627385799372
CLUSTER_70,S,20.72181702317008
CLUSTER_70,T,173.30486578701328
CLUSTER_71,A,178.62135398582396
CLUSTER_71,B,42.6789580102004
CLUSTER_71,C,93.08940290744103
CLUSTER_71,D,44.65350740506423
CLUSTER_71,E,31.548900560661767
CLUSTER_71,F,183.43350386463737
CLUSTER_71,G,78.91569624955235
CLUSTER_71,H,137.8094759824042
CLUSTER_71,I,104.65767786140155
CLUSTER_71,J,138.7136188783748
CLUSTER_71,K,86.32054854210392
CLUSTER_71,L,137.15177544450128
CLUSTER_71,M,189.16142043786436
CLUSTER_71,N,107.08403233790158
CLUSTER_71,O,234.3693308267559
CLUSTER_71,P,236.92791143713447
CLUSTER_71,Q,89.836131924667
CLUSTER_71,R,95.65953152227794
CLUSTER_71,S,47.47664342673539
CLUSTER_71,T,107.13262303233813
CLUSTER_72,A,98.96632701515067
CLUSTER_72,B,41.343197257143
CLUSTER_72,C,62.432546768029546
CLUSTER_72,D,80.98945641455583
CLUSTER_72,E,114.04497560412588
CLUSTER_72,F,112.62440079604012
CLUSTER_72,G,160.33638644770846
CLUSTER_72,H,70.0806870926111
CLUSTER_72,I,151.63841383494218
CLUSTER_72,J,176.90704126013026
CLUSTER_72,K,150.95565521137283
CLUSTER_72,L,73.43954693853013
CLUSTER_72,M,107.67814121211664
CLUSTER_72,N,24.383062960808438
CLUSTER_72,O,152.861697936807
CLUSTER_72,P,163.51011049269974
CLUSTER_72,Q,62.84504666326171
CLUSTER_72,R,113.12533556391722
CLUSTER_72,S,102.15230438311056
CLUSTER_72,T,121.45201461108219
CLUSTER_73,A,181.04189953454957
CLUSTER_73,B,42.789374333453694
CLUSTER_73,C,69.45388819471805
CLUSTER_73,D,74.7300650418816
CLUSTER_73,E,53.17682423866831
CLUSTER_73,F,166.15838627664516
CLUSTER_73,G,84.27106449607844
CLUSTER_73,H,147.50828350979697
CLUSTER_73,I,78.04615852906419
CLUSTER_73,J,171.47366581572666
CLUSTER_73,K,117.04415363632704
CLUSTER_73,L,119.07309473793356
CLUSTER_73,M,180.46482886076114
CLUSTER_73,N,105.5601815564142
CLUSTER_73,O,234.06246269064573
CLUSTER_73,P,244.655656975587
CLUSTER_73,Q,109.87274331642207
CLUSTER_73,R,62.90543713714512
CLUSTER_73,S,21.226558708715096
CLUSTER_73,T,137.65972241750237
CLUSTER_74,A,225.4919252927327
CLUSTER_74,B,146.3362851696622
CLUSTER_74,C,207.02960741783158
CLUSTER_74,D,89.26444539108898
CLUSTER_74,E,112.02073480665231
CLUSTER_74,F,278.76790131770434
CLUSTER_74,G,142.94831255723415
CLUSTER_74,H,173.46669113655358
CLUSTER_74,I,216.71866392526485
CLUSTER_74,J,18.738650308848825
CLUSTER_74,K,49.90011732124153
CLUSTER_74,L,238.48779329860398
CLUSTER_74,M,264.36293202874066
CLUSTER_74,N,183.02941474643197
CLUSTER_74,O,280.44129183411167
CLUSTER_74,P,255.89394284116833
CLUSTER_74,Q,116.31642304171604
CLUSTER_74,R,217.5564101715429
CLUSTER_74,S,165.92067926498842
CLUSTER_74,T,58.40486961759875
CLUSTER_75,A,12.512165222766853
CLUSTER_75,B,141.78981822397225
CLUSTER_75,C,149.8434386918542
CLUSTER_75,D,158.83268422748765
CLUSTER_75,E,208.27497236348552
CLUSTER_75,F,121.97276224979174
CLUSTER_75,G,258.0776510506709
CLUSTER_75,H,46.55402275910347
CLUSTER_75,I,252.02381583806434
CLUSTER_75,J,221.66413751316145
CLUSTER_75,K,224.78553714956993
CLUSTER_75,L,120.9619634569656
CLUSTER_75,M,74.86025502210379
CLUSTER_75,N,80.11321405002822
CLUSTER_75,O,61.453807906676836
CLUSTER_75,P,62.73027464873685
CLUSTER_75,Q,106.96886440109793
CLUSTER_75,R,208.85256615152977
CLUSTER_75,S,204.0744773457991
CLUSTER_75,T,161.19249894281762
CLUSTER_76,A,74.94221843591401
CLUSTER_76,B,67.39895686926414
CLUSTER_76,C,92.3877577129669
CLUSTER_76,D,88.4001234249761
CLUSTER_76,E,133.53001611574533
CLUSTER_76,F,120.28270754552177
CLUSTER_76,G,182.90794488893198
CLUSTER_76,H,38.6069805509356
CLUSTER_76,I,182.4406173163084
CLUSTER_76,J,171.29430793240687
CLUSTER_76,K,158.00388738658788
CLUSTER_76,L,90.52386231861628
CLUSTER_76,M,100.7523690272309
CLUSTER_76,N,24.772813642373222
CLUSTER_76,O,131.54811530156513
CLUSTER_76,P,134.69729452652146
CLUSTER_76,Q,48.7719639261714
CLUSTER_76,R,144.74264745027156
CLUSTER_76,S,130.86225932715257
CLUSTER_76,T,111.67049420021681
CLUSTER_77,A,104.76244565426798
CLUSTER_77,B,44.7639939476957
CLUSTER_77,C,45.4065249396317
CLUSTER_77,D,93.96241242509622
CLUSTER_77,E,118.8818537927207
CLUSTER_77,F,99.36586763017256
CLUSTER_77,G,161.71130215333847
CLUSTER_77,H,83.90065592742243
CLUSTER_77,I,142.38137796854613
CLUSTER_77,J,192.89727690906065
CLUSTER_77,K,162.45952710398203
CLUSTER_77,L,57.07006959890009
CLUSTER_77,M,102.29703400176645
CLUSTER_77,N,29.814157248540006
CLUSTER_77,O,155.34708048897363
CLUSTER_77,P,172.2915862477709
CLUSTER_77,Q,81.30040804258728
CLUSTER_77,R,100.17217936800436
CLUSTER_77,S,97.6732684350934
CLUSTER_77,T,138.83251076617415
CLUSTER_78,A,76.32859024808089
CLUSTER_78,B,71.14003722923907
CLUSTER_78,C,101.16297521549762
CLUSTER_78,D,85.06520625399347
CLUSTER_78,E,133.45061151714995
CLUSTER_78,F,129.66626563049235
CLUSTER_78,G,183.69683572135276
CLUSTER_78,H,33.61834869584672
CLUSTER_78,I,187.96467385808768
CLUSTER_78,J,163.5499903012423
CLUSTER_78,K,153.58024628544715
CLUSTER_78,L,100.59945266992409
CLUSTER_78,M,107.78679582583703
CLUSTER_78,N,34.843704392679804
CLUSTER_78,O,133.4519068878188
CLUSTER_78,P,132.13140561834427
CLUSTER_78,Q,40.70105500378739
CLUSTER_78,R,151.92985393550438
CLUSTER_78,S,134.9781088106743
CLUSTER_78,T,103.39526194689644
CLUSTER_79,A,241.0374032288173
CLUSTER_79,B,111.6396709051089
CLUSTER_79,C,103.47430774591558
CLUSTER_79,D,142.92283852006278
CLUSTER_79,E,99.19819742731369
CLUSTER_79,F,196.9513267499757
CLUSTER_79,G,88.47670516409829
CLUSTER_79,H,214.53763614326718
CLUSTER_79,I,6.602831223534587
CLUSTER_79,J,229.38192053010195
CLUSTER_79,K,165.36850828967667
CLUSTER_79,L,153.74530247638347
CLUSTER_79,M,226.1842591431241
CLUSTER_79,N,165.80308082218883
CLUSTER_79,O,289.34722731571964
CLUSTER_79,P,308.29280239160175
CLUSTER_79,Q,181.25457239961233
CLUSTER_79,R,47.212500195497185
CLUSTER_79,S,51.43158637989242
CLUSTER_79,T,205.2312480815614
CLUSTER_8,A,232.09362058901763
CLUSTER_8,B,109.62625753348985
CLUSTER_8,C,162.27634360250926
CLUSTER_8,D,70.98753570416372
CLUSTER_8,E,43.24255785584386
CLUSTER_8,F,251.9424957728455
CLUSTER_8,G,62.68829908483157
CLUSTER_8,H,184.19343148802332
CLUSTER_8,I,141.69555182949443
CLUSTER_8,J,99.00725012043314
CLUSTER_8,K,30.538573421470876
CLUSTER_8,L,206.15312958080239
CLUSTER_8,M,252.98313684384695
CLUSTER_8,N,168.3760271629639
CLUSTER_8,O,289.2316429906007
CLUSTER_8,P,280.7572497319359
CLUSTER_8,Q,125.19598096159677
CLUSTER_8,R,153.56005718647495
CLUSTER_8,S,99.26056969461067
CLUSTER_8,T,102.37660998910815
CLUSTER_80,A,58.33315354218342
CLUSTER_80,B,191.73450626361574
CLUSTER_80,C,181.51851539998688
CLUSTER_80,D,218.71995679244466
CLUSTER_80,E,263.2870860691981
CLUSTER_80,F,114.74890865464472
CLUSTER_80,G,310.72555155936726
CLUSTER_80,H,110.13958573446502
CLUSTER_80,I,289.757579502077
CLUSTER_80,J,286.2947495637322
CLUSTER_80,K,286.779310636332
CLUSTER_80,L,137.56733269353091
CLUSTER_80,M,64.44004157947822
CLUSTER_80,N,126.07274478514803
CLUSTER_80,O,10.995464501883719
CLUSTER_80,P,69.64691977144419
CLUSTER_80,Q,169.75058794408014
CLUSTER_80,R,241.66438517701874
CLUSTER_80,S,249.2659853939393
CLUSTER_80,T,225.7459416966358
CLUSTER_81,A,234.01721548386513
CLUSTER_81,B,98.88038853661571
CLUSTER_81,C,141.15486380307232
CLUSTER_81,D,81.49406574439527
CLUSTER_81,E,25.561351658610903
CLUSTER_81,F,236.60791332129702
CLUSTER_81,G,29.165403481672495
CLUSTER_81,H,190.59722149398826
CLUSTER_81,I,104.10855373866637
CLUSTER_81,J,136.23387617683804
CLUSTER_81,K,68.46595665022708
CLUSTER_81,L,189.65996916340202
CLUSTER_81,M,245.36016962955048
CLUSTER_81,N,163.52397202106926
CLUSTER_81,O,290.2433370994309
CLUSTER_81,P,289.5423273525462
CLUSTER_81,Q,136.38004553230613
CLUSTER_81,R,121.43831848392824
CLUSTER_81,S,68.16776270860981
CLUSTER_81,T,129.83586247195987
CLUSTER_82,A,102.64850380068106
CLUSTER_82,B,73.5476934802774
CLUSTER_82,C,119.87234240065418
CLUSTER_82,D,63.12019060766601
CLUSTER_82,E,118.83545126261119
CLUSTER_82,F,161.7729476418435
CLUSTER_82,G,170.43741429208998
CLUSTER_82,H,51.75556505728264
CLUSTER_82,I,190.76193154680465
CLUSTER_82,J,130.911965645384
CLUSTER_82,K,126.54095847285042
CLUSTER_82,L,129.50820700105567
CLUSTER_82,M,140.3507016182274
CLUSTER_82,N,65.05409989165997
CLUSTER_82,O,159.30078416482775
CLUSTER_82,P,147.62439469746639
CLUSTER_82,Q,8.77732505036834
CLUSTER_82,R,162.09738703847088
CLUSTER_82,S,134.08760162939862
CLUSTER_82,T,70.53124638673108
CLUSTER_83,A,156.2543483117888
CLUSTER_83,B,91.30533675355319
CLUSTER_83,C,150.47383287331326
CLUSTER_83,D,41.91866304943029
CLUSTER_83,E,96.37930641853613
CLUSTER_83,F,211.2621468750016
CLUSTER_83,G,144.90407720117014
CLUSTER_83,H,104.4018970975897
CLUSTER_83,I,191.22351613278028
CLUSTER_83,J,77.65376047777904
CLUSTER_83,K,78.1791463829663
CLUSTER_83,L,173.77820142645214
CLUSTER_83,M,194.26364234885875
CLUSTER_83,N,114.37966738500353
CLUSTER_83,O,212.12973248482132
CLUSTER_83,P,193.32143066707297
CLUSTER_83,Q,46.05741743553915
CLUSTER_83,R,176.42827498847237
CLUSTER_83,S,133.77271798543268
CLUSTER_83,T,22.691691052077516
CLUSTER_84,A,202.93071711858306
CLUSTER_84,B,109.29588408831601
CLUSTER_84,C,169.63841362342387
CLUSTER_84,D,53.00773023280009
CLUSTER_84,E,76.12310809897298
CLUSTER_84,F,245.5029367802257
CLUSTER_84,G,113.98717385525782
CLUSTER_84,H,151.66966013615647
CLUSTER_84,I,180.62261683585677
CLUSTER_84,J,55.16843201866229
CLUSTER_84,K,30.338534375360382
CLUSTER_84,L,203.55461370343863
CLUSTER_84,M,235.540125035398
CLUSTER_84,N,151.91638258540613
CLUSTER_84,O,259.47653870856135
CLUSTER_84,P,242.19996055374722
CLUSTER_84,Q,91.50545922538542
CLUSTER_84,R,179.34176842165087
CLUSTER_84,S,128.2519887212295
CLUSTER_84,T,50.848997902795105
CLUSTER_85,A,283.47387171339545
CLUSTER_85,B,144.10105894538887
CLUSTER_85,C,170.6272353405655
CLUSTER_85,D,138.15330874192597
CLUSTER_85,E,79.85912888094293
CLUSTER_85,F,269.24333925441226
CLUSTER_85,G,28.434519698391007
CLUSTER_85,H,243.45174782307782
CLUSTER_85,I,91.80913863006411
CLUSTER_85,J,185.34070611369467
CLUSTER_85,K,117.10420371959276
CLUSTER_85,L,222.56134224642264
CLUSTER_85,M,286.5703411800573
CLUSTER_85,N,209.6590432066897
CLUSTER_85,O,338.27698224378014
CLUSTER_85,P,342.6031682524035
CLUSTER_85,Q,192.0870147913123
CLUSTER_85,R,130.80590657323384
CLUSTER_85,S,91.23889641019777
CLUSTER_85,T,186.5581914104111
CLUSTER_86,A,219.82206358612694
CLUSTER_86,B,130.28646202958177
CLUSTER_86,C,190.55154760306627
CLUSTER_86,D,73.96055235863983
CLUSTER_86,E,92.12955095526921
CLUSTER_86,F,266.0886758464432
CLUSTER_86,G,123.72666799108819
CLUSTER_86,H,168.06604324006904
CLUSTER_86,I,196.79264178552893
CLUSTER_86,J,38.529355327488425
CLUSTER_86,K,31.245864387800957
CLUSTER_86,L,224.44016543555784
CLUSTER_86,M,254.84108089622407
CLUSTER_86,N,171.8299841547613
CLUSTER_86,O,275.82930488485056
CLUSTER_86,P,255.32821229223455
CLUSTER_86,Q,108.77284080151502
CLUSTER_86,R,198.51785531875035
CLUSTER_86,S,146.423537726805
CLUSTER_86,T,58.44858076806263
CLUSTER_87,A,38.31688014190752
CLUSTER_87,B,156.04983706660985
CLUSTER_87,C,171.3608556010532
CLUSTER_87,D,164.41608173053146
CLUSTER_87,E,217.6498967161602
CLUSTER_87,F,148.09874536025632
CLUSTER_87,G,268.58192132756807
CLUSTER_87,H,52.43791415941616
CLUSTER_87,I,270.1219914516068
CLUSTER_87,J,215.28282067358055
CLUSTER_87,K,226.41044669866238
CLUSTER_87,L,145.9740766131457
CLUSTER_87,M,100.15888173899503
CLUSTER_87,N,99.21801609894182
CLUSTER_87,O,70.38662614268253
CLUSTER_87,P,46.74015112132586
CLUSTER_87,Q,109.68431647812324
CLUSTER_87,R,229.09999259417089
CLUSTER_87,S,219.5736456910344
CLUSTER_87,T,156.5061736629636
CLUSTER_88,A,33.9713868060302
CLUSTER_88,B,107.61150789452898
CLUSTER_88,C,109.3817532578953
CLUSTER_88,D,135.6234486607096
CLUSTER_88,E,178.53421204678
CLUSTER_88,F,92.76741090132833
CLUSTER_88,G,226.29622268436736
CLUSTER_88,H,43.246856372888686
CLUSTER_88,I,213.05935121261237
CLUSTER_88,J,214.0892779213911
CLUSTER_88,K,205.11358382861985
CLUSTER_88,L,82.29927978151751
CLUSTER_88,M,58.22347752290529
CLUSTER_88,N,42.504720768852636
CLUSTER_88,O,86.59704039368633
CLUSTER_88,P,103.04474563020518
CLUSTER_88,Q,91.85622206600199
CLUSTER_88,R,168.7594777702309
CLUSTER_88,S,167.52380995160772
CLUSTER_88,T,153.26251404614192
CLUSTER_89,A,119.44669928151285
CLUSTER_89,B,32.769411544506745
CLUSTER_89,C,38.447930953627434
CLUSTER_89,D,86.67059745024787
CLUSTER_89,E,105.77209961468502
CLUSTER_89,F,109.61069578592071
CLUSTER_89,G,147.24625497943813
CLUSTER_89,H,95.34236151951528
CLUSTER_89,I,128.1159946771568
CLUSTER_89,J,188.11169591430738
CLUSTER_89,K,153.05662318834138
CLUSTER_89,L,64.65637487786717
CLUSTER_89,M,116.57776741447837
CLUSTER_89,N,43.83796860622318
CLUSTER_89,O,170.44424161995303
CLUSTER_89,P,186.34272119264318
CLUSTER_89,Q,83.4831250205308
CLUSTER_89,R,87.73430204410245
CLUSTER_89,S,82.5619691180629
CLUSTER_89,T,136.8398120861568
CLUSTER_9,A,131.59997448678766
CLUSTER_9,B,76.23119214706259
CLUSTER_9,C,131.9356285412364
CLUSTER_9,D,42.7770483529567
CLUSTER_9,E,101.36831318530649
CLUSTER_9,F,186.56786529718664
CLUSTER_9,G,152.47453381362155
CLUSTER_9,H,80.16735323295482
CLUSTER_9,I,186.1936698004195
CLUSTER_9,J,103.07436489731109
CLUSTER_9,K,98.7585791356621
CLUSTER_9,L,150.5932400589698
CLUSTER_9,M,168.5531781144758
CLUSTER_9,N,89.41547177858884
CLUSTER_9,O,187.99061471499243
CLUSTER_9,P,172.8308857654017
CLUSTER_9,Q,20.479564218404665
CLUSTER_9,R,164.92014058783477
CLUSTER_9,S,128.25912333389996
CLUSTER_9,T,44.43172595303868
CLUSTER_90,A,265.4381920459197
CLUSTER_90,B,130.72418881510507
CLUSTER_90,C,170.69244401574906
CLUSTER_90,D,109.78499428336677
CLUSTER_90,E,57.21817392585722
CLUSTER_90,F,267.30844403014447
CLUSTER_90,G,25.418209992164407
CLUSTER_90,H,221.11417030107205
CLUSTER_90,I,116.8602499387113
CLUSTER_90,J,144.57539787235248
CLUSTER_90,K,76.8029210984738
CLUSTER_90,L,220.25663858894652
CLUSTER_90,M,277.1576527792184
CLUSTER_90,N,195.3841995904576
CLUSTER_90,O,321.8366778424771
CLUSTER_90,P,319.7254226291718
CLUSTER_90,Q,165.2824936384259
CLUSTER_90,R,144.16695876420562
CLUSTER_90,S,94.04701168340914
CLUSTER_90,T,150.4686731372266
CLUSTER_91,A,176.69764624565397
CLUSTER_91,B,55.24524517310645
CLUSTER_91,C,43.36972608157746
CLUSTER_91,D,103.60429835156404
CLUSTER_91,E,87.26640060206114
CLUSTER_91,F,141.81643852308747
CLUSTER_91,G,110.63680139759423
CLUSTER_91,H,152.24475210578188
CLUSTER_91,I,70.33518585523353
CLUSTER_91,J,203.9226373681349
CLUSTER_91,K,151.4519662280666
CLUSTER_91,L,95.62058342989779
CLUSTER_91,M,164.49021176619772
CLUSTER_91,N,101.67350035034114
CLUSTER_91,O,225.41330102376236
CLUSTER_91,P,244.24949753161616
CLUSTER_91,Q,127.2335391793761
CLUSTER_91,R,34.18746397389845
CLUSTER_91,S,37.38880764156966
CLUSTER_91,T,165.33090918553904
CLUSTER_92,A,224.8065204439175
CLUSTER_92,B,85.07780777896502
CLUSTER_92,C,111.36070802198614
CLUSTER_92,D,93.69901766365666
CLUSTER_92,E,40.986289325761526
CLUSTER_92,F,209.6883904702007
CLUSTER_92,G,41.0583283759853
CLUSTER_92,H,187.75987150548113
CLUSTER_92,I,64.72227709556597
CLUSTER_92,J,170.7259717919238
CLUSTER_92,K,105.75548321499926
CLUSTER_92,L,162.75367169451107
CLUSTER_92,M,225.91201378869093
CLUSTER_92,N,150.0332388653274
CLUSTER_92,O,278.75115522599447
CLUSTER_92,P,286.3453564552283
CLUSTER_92,Q,141.96100644881443
CLUSTER_92,R,81.83074542382094
CLUSTER_92,S,32.19435138769335
CLUSTER_92,T,152.61847258377585
CLUSTER_93,A,275.2709617721961
CLUSTER_93,B,135.81628676920175
CLUSTER_93,C,162.35064919196674
CLUSTER_93,D,131.18443756485985
CLUSTER_93,E,72.67851481179895
CLUSTER_93,F,260.9574796069431
CLUSTER_93,G,22.112169457567536
CLUSTER_93,H,235.56084750333054
CLUSTER_93,I,86.06349730573021
CLUSTER_93,J,182.13600808695364
CLUSTER_93,K,113.63486886670638
CLUSTER_93,L,214.24102936335612
CLUSTER_93,M,278.1531808094147
CLUSTER_93,N,201.3411356448502
CLUSTER_93,O,329.98440435744783
CLUSTER_93,P,334.68891344701365
CLUSTER_93,Q,184.731321039399
CLUSTER_93,R,123.41437892236353
CLUSTER_93,S,82.91377736222084
CLUSTER_93,T,180.98076962939038
CLUSTER_94,A,250.83748041419253
CLUSTER_94,B,193.71965171266194
CLUSTER_94,C,254.46909685848718
CLUSTER_94,D,136.92182542195266
CLUSTER_94,E,164.6408698639802
CLUSTER_94,F,318.25787137908037
CLUSTER_94,G,193.53933212506942
CLUSTER_94,H,200.00495562314552
CLUSTER_94,I,269.33272086853543
CLUSTER_94,J,34.839028955539945
CLUSTER_94,K,100.89906659956362
CLUSTER_94,L,281.1382164968572
CLUSTER_94,M,297.3763819690977
CLUSTER_94,N,221.08529882528356
CLUSTER_94,O,302.0927422675151
CLUSTER_94,P,268.3175237393343
CLUSTER_94,Q,150.3268261542231
CLUSTER_94,R,269.16569519319995
CLUSTER_94,S,218.20266397530364
CLUSTER_94,T,87.46957888503455
CLUSTER_95,A,61.47786020107037
CLUSTER_95,B,186.372869086864
CLUSTER_95,C,171.1479934000459
CLUSTER_95,D,217.47713506665698
CLUSTER_95,E,259.2034160918754
CLUSTER_95,F,98.88894780275471
CLUSTER_95,G,305.36380844680843
CLUSTER_95,H,113.14718851277267
CLUSTER_95,I,279.7723445930769
CLUSTER_95,J,290.24992650536626
CLUSTER_95,K,286.6294231077889
CLUSTER_95,L,124.95691648037219
CLUSTER_95,M,50.47059224638255
CLUSTER_95,N,121.0075038705987
CLUSTER_95,O,28.222191367181818
CLUSTER_95,P,85.93035845825014
CLUSTER_95,Q,171.05511182692976
CLUSTER_95,R,230.82965195703503
CLUSTER_95,S,241.68277269866076
CLUSTER_95,T,229.33031343380654
CLUSTER_96,A,54.85475023392907
CLUSTER_96,B,85.25839756844037
CLUSTER_96,C,93.06802994044708
CLUSTER_96,D,114.22874650035997
CLUSTER_96,E,155.99388552852582
CLUSTER_96,F,98.15632697727733
CLUSTER_96,G,203.78189587343024
CLUSTER_96,H,40.457476763323776
CLUSTER_96,I,193.27090869996178
CLUSTER_96,J,197.21774246871865
CLUSTER_96,K,184.2106300001665
CLUSTER_96,L,76.23576840954561
CLUSTER_96,M,74.30117713339664
CLUSTER_96,N,21.353288655590845
CLUSTER_96,O,109.093249307677
CLUSTER_96,P,121.26324255959673
CLUSTER_96,Q,74.37772612440938
CLUSTER_96,R,150.80945115054527
CLUSTER_96,S,146.010430012109
CLUSTER_96,T,137.06970280360161
CLUSTER_97,A,40.619549683011215
CLUSTER_97,B,179.39512969094181
CLUSTER_97,C,182.9674130662681
CLUSTER_97,D,196.08517936585721
CLUSTER_97,E,246.19913174065528
CLUSTER_97,F,137.6252351414296
CLUSTER_97,G,296.0225687810203
CLUSTER_97,H,82.91282732607618
CLUSTER_97,I,287.6353179201494
CLUSTER_97,J,252.86209727017024
CLUSTER_97,K,260.81867578847397
CLUSTER_97,L,147.73592223306235
CLUSTER_97,M,85.5763347800123
CLUSTER_97,N,116.36584505960613
CLUSTER_97,O,33.609759854078725
CLUSTER_97,P,34.16423732801743
CLUSTER_97,Q,143.05110092710487
CLUSTER_97,R,242.88374294014002
CLUSTER_97,S,241.1485054849621
CLUSTER_97,T,193.5333170889757
CLUSTER_98,A,94.0958283727267
CLUSTER_98,B,147.5753782809604
CLUSTER_98,C,110.51788337651652
CLUSTER_98,D,194.71631018640073
CLUSTER_98,E,220.94057343408716
CLUSTER_98,F,20.14616356885377
CLUSTER_98,G,259.69539835764874
CLUSTER_98,H,125.08246495043942
CLUSTER_98,I,216.11040955111238
CLUSTER_98,J,286.7695107610394
CLUSTER_98,K,264.58795726660094
CLUSTER_98,L,58.3533025768684
CLUSTER_98,M,33.55117458086439
CLUSTER_98,N,94.97859630594942
CLUSTER_98,O,104.36903338125299
CLUSTER_98,P,153.23216863975028
CLUSTER_98,Q,164.73310135618686
CLUSTER_98,R,165.21376808022285
CLUSTER_98,S,189.01698065538255
CLUSTER_98,T,227.6212050985002
CLUSTER_99,A,159.77961949905304
CLUSTER_99,B,69.91878375347135
CLUSTER_99,C,17.1311043402315
CLUSTER_99,D,126.01571463016681
CLUSTER_99,E,121.01138784223807
CLUSTER_99,F,108.15136558270815
CLUSTER_99,G,146.70510844676483
CLUSTER_99,H,145.7331596397172
CLUSTER_99,I,94.58917670179413
CLUSTER_99,J,228.93155585799448
CLUSTER_99,K,182.12007074991396
CLUSTER_99,L,63.901249207464915
CLUSTER_99,M,136.97864282977233
CLUSTER_99,N,90.27196425945851
CLUSTER_99,O,203.11468815644673
CLUSTER_99,P,229.42322456320636
CLUSTER_99,Q,135.6236479140251
CLUSTER_99,R,44.68416888155193
CLUSTER_99,S,73.46455643083593
CLUSTER_99,T,183.78634171803273
