SupplyNode,PlantLocation,Feedstock,FlowTons,Distance_km
CLUSTER_108,A,cattle_man,372.4,43.48267892515856
CLUSTER_108,A,horse_man,2893.0,43.48267892515856
CLUSTER_108,A,pig_man,291.926,43.48267892515856
CLUSTER_134,A,cattle_man,8431.4,29.285180508295625
CLUSTER_134,A,horse_man,721.52,29.285180508295625
CLUSTER_134,A,pig_man,1021.56,29.285180508295625
CLUSTER_139,A,cattle_man,3032.51,43.96898028522914
CLUSTER_139,A,horse_man,980.3,43.96898028522914
CLUSTER_139,A,pig_man,42.67,43.96898028522914
CLUSTER_141,A,pig_man,111.971,50.95109099236865
CLUSTER_148,A,cattle_man,4501.0,19.63048404359735
CLUSTER_148,A,cattle_slu,36150.0,19.63048404359735
CLUSTER_148,A,horse_man,500.77,19.63048404359735
CLUSTER_148,A,pig_man,361.14175,19.63048404359735
CLUSTER_153,A,cattle_man,5103.062,23.775410828272832
CLUSTER_153,A,horse_man,1262.5,23.775410828272832
CLUSTER_153,A,pig_man,71.88691,23.775410828272832
CLUSTER_154,A,cattle_man,5634.1,23.65698531937003
CLUSTER_154,A,horse_man,347.6,23.65698531937003
CLUSTER_154,A,pig_man,309.885,23.65698531937003
CLUSTER_16,A,cattle_man,11750.6,29.66074293948328
CLUSTER_16,A,horse_man,1532.4,29.66074293948328
CLUSTER_16,A,pig_man,563.7029,29.66074293948328
CLUSTER_160,A,cattle_man,5620.0,34.978176494634184
CLUSTER_160,A,horse_man,2174.2,34.978176494634184
CLUSTER_160,A,pig_man,238.759,34.978176494634184
CLUSTER_161,A,pig_man,1184.0,49.97448363015407
CLUSTER_164,A,pig_man,46.635000000000005,64.1273386317853
CLUSTER_177,A,pig_man,779.21,49.918316795187806
CLUSTER_181,A,cattle_man,10934.199,22.478007255401888
CLUSTER_181,A,cattle_slu,14488.0,22.478007255401888
CLUSTER_181,A,horse_man,824.1,22.478007255401888
CLUSTER_181,A,pig_man,1482.4,22.478007255401888
CLUSTER_194,A,cattle_man,4180.5,27.248081530647028
CLUSTER_194,A,horse_man,974.4,27.248081530647028
CLUSTER_194,A,pig_man,308.943,27.248081530647028
CLUSTER_199,A,pig_man,341.399,61.3292109221677
CLUSTER_200,A,pig_man,508.565,57.92019798819157
CLUSTER_217,A,pig_man,542.22,49.45344633652268
CLUSTER_222,A,pig_man,43.141,40.27842078810764
CLUSTER_236,A,pig_man,144.7,45.2572792012248
CLUSTER_24,A,cattle_man,15326.0,24.173224370921357
CLUSTER_24,A,horse_man,1586.5,24.173224370921357
CLUSTER_24,A,pig_man,438.94,24.173224370921357
CLUSTER_242,A,cattle_man,11300.0,35.42453731350449
CLUSTER_242,A,horse_man,850.0,35.42453731350449
CLUSTER_242,A,pig_man,257.9398,35.42453731350449
CLUSTER_246,A,cattle_man,2279.3,39.48364628706461
CLUSTER_246,A,horse_man,1160.4,39.48364628706461
CLUSTER_246,A,pig_man,400.322,39.48364628706461
CLUSTER_247,A,pig_man,228.0,37.99840991181951
CLUSTER_251,A,horse_man,239.3,51.7526175136418
CLUSTER_251,A,pig_man,335.71000000000004,51.7526175136418
CLUSTER_265,A,pig_man,39.79,54.44119965832381
CLUSTER_272,A,cattle_man,3166.9,45.38266896788542
CLUSTER_272,A,horse_man,1033.0,45.38266896788542
CLUSTER_277,A,horse_man,190.5358677865565,52.36183155727053
CLUSTER_277,A,pig_man,203.959,52.36183155727053
CLUSTER_283,A,cattle_man,4490.4,21.03579743314312
CLUSTER_283,A,cattle_slu,6544.7,21.03579743314312
CLUSTER_283,A,horse_man,349.112,21.03579743314312
CLUSTER_283,A,pig_man,1637.37,21.03579743314312
CLUSTER_289,A,cattle_man,2928.51287,13.190976422867877
CLUSTER_289,A,cattle_slu,21630.0,13.190976422867877
CLUSTER_289,A,horse_man,747.4,13.190976422867877
CLUSTER_289,A,pig_man,222.68,13.190976422867877
CLUSTER_293,A,pig_man,338.2269,42.20484098981909
CLUSTER_294,A,pig_man,937.6,55.112513883942064
CLUSTER_298,A,cattle_man,6560.0,16.10586470800943
CLUSTER_298,A,cattle_slu,19530.0,16.10586470800943
CLUSTER_298,A,horse_man,591.0,16.10586470800943
CLUSTER_30,A,cattle_man,5446.59,30.78498767527438
CLUSTER_30,A,horse_man,478.27,30.78498767527438
CLUSTER_30,A,pig_man,2280.0,30.78498767527438
CLUSTER_314,A,pig_man,452.226,44.01190250264749
CLUSTER_317,A,pig_man,92.31,51.4919144608568
CLUSTER_320,A,cattle_man,1036.0,31.38692821753403
CLUSTER_320,A,horse_man,151.8,31.38692821753403
CLUSTER_320,A,pig_man,16.0,31.38692821753403
CLUSTER_326,A,pig_man,707.3,53.49439940912529
CLUSTER_328,A,horse_man,333.38,41.954795854715805
CLUSTER_328,A,pig_man,824.57,41.954795854715805
CLUSTER_332,A,cattle_man,620.3,43.66312688432549
CLUSTER_332,A,horse_man,404.6,43.66312688432549
CLUSTER_332,A,pig_man,132.8458,43.66312688432549
CLUSTER_336,A,cattle_man,9570.0,26.846548775390115
CLUSTER_336,A,horse_man,579.9,26.846548775390115
CLUSTER_336,A,pig_man,552.236,26.846548775390115
CLUSTER_347,A,pig_man,55.193,45.10993267668314
CLUSTER_348,A,cattle_man,2194.0,8.850622611252732
CLUSTER_348,A,cattle_slu,13760.0,8.850622611252732
CLUSTER_348,A,horse_man,429.0,8.850622611252732
CLUSTER_348,A,pig_slu,4246.0,8.850622611252732
CLUSTER_348,A,pig_man,264.2,8.850622611252732
CLUSTER_361,A,cattle_man,4111.29,34.03336738323211
CLUSTER_361,A,horse_man,200.3,34.03336738323211
CLUSTER_361,A,pig_man,900.0,34.03336738323211
CLUSTER_367,A,pig_man,1184.2,61.04364357906913
CLUSTER_38,A,cattle_man,6536.0,11.29695221802024
CLUSTER_38,A,cattle_slu,11030.0,11.29695221802024
CLUSTER_38,A,horse_man,253.79999999999998,11.29695221802024
CLUSTER_38,A,pig_man,315.61,11.29695221802024
CLUSTER_381,A,cattle_man,4175.2,40.85392753386208
CLUSTER_381,A,horse_man,1692.89,40.85392753386208
CLUSTER_381,A,pig_man,167.133571,40.85392753386208
CLUSTER_389,A,cattle_man,790.9,16.712998291310722
CLUSTER_389,A,cattle_slu,250.0,16.712998291310722
CLUSTER_389,A,horse_man,483.0,16.712998291310722
CLUSTER_389,A,pig_man,58.461,16.712998291310722
CLUSTER_395,A,cattle_man,1724.5,24.41494952605315
CLUSTER_395,A,horse_man,552.0799999999999,24.41494952605315
CLUSTER_395,A,pig_man,29.4111,24.41494952605315
CLUSTER_4,A,cattle_man,20439.0,4.5550621286427
CLUSTER_4,A,cattle_slu,14925.2,4.5550621286427
CLUSTER_4,A,horse_man,2532.2,4.5550621286427
CLUSTER_4,A,pig_slu,11246.8,4.5550621286427
CLUSTER_4,A,pig_man,730.49,4.5550621286427
CLUSTER_404,A,pig_man,75.63,62.44752571483495
CLUSTER_405,A,cattle_man,3574.0,19.313299462646345
CLUSTER_405,A,cattle_slu,18811.7,19.313299462646345
CLUSTER_405,A,horse_man,311.8,19.313299462646345
CLUSTER_405,A,pig_man,1316.0,19.313299462646345
CLUSTER_41,A,cattle_man,390.8,42.66545413610795
CLUSTER_41,A,horse_man,2108.8,42.66545413610795
CLUSTER_41,A,pig_man,16.8586,42.66545413610795
CLUSTER_410,A,pig_man,261.9019,53.91201300130248
CLUSTER_417,A,cattle_man,11640.0,15.559861013114594
CLUSTER_417,A,cattle_slu,13263.0,15.559861013114594
CLUSTER_417,A,horse_man,430.8,15.559861013114594
CLUSTER_417,A,pig_man,197.25,15.559861013114594
CLUSTER_418,A,cattle_man,5426.46,32.39678056081243
CLUSTER_418,A,horse_man,144.9,32.39678056081243
CLUSTER_418,A,pig_man,116.425,32.39678056081243
CLUSTER_420,A,cattle_man,7064.0,25.277868800909875
CLUSTER_420,A,horse_man,315.77,25.277868800909875
CLUSTER_420,A,pig_man,412.5,25.277868800909875
CLUSTER_421,A,cattle_man,2121.0,31.484309858386823
CLUSTER_421,A,horse_man,802.6,31.484309858386823
CLUSTER_424,A,pig_man,185.966,54.215304853165705
CLUSTER_425,A,pig_man,14.561,52.57413129914561
CLUSTER_444,A,pig_man,84.611,56.03879946148008
CLUSTER_445,A,cattle_man,831.9,38.935274469923655
CLUSTER_445,A,horse_man,58.691,38.935274469923655
CLUSTER_445,A,pig_man,3700.0,38.935274469923655
CLUSTER_454,A,pig_man,279.8,48.45223443400345
CLUSTER_455,A,pig_man,488.40999999999997,44.28843241430169
CLUSTER_46,A,cattle_man,1697.0,27.1164267111533
CLUSTER_46,A,horse_man,2237.0,27.1164267111533
CLUSTER_46,A,pig_man,83.87871,27.1164267111533
CLUSTER_460,A,pig_man,189.907,59.94741320610834
CLUSTER_462,A,pig_man,169.4,52.16380270252262
CLUSTER_465,A,pig_man,518.0,54.30975742922752
CLUSTER_467,A,pig_man,1040.9,72.23585569726903
CLUSTER_468,A,cattle_man,1492.0,33.23859084313573
CLUSTER_468,A,horse_man,11.2,33.23859084313573
CLUSTER_483,A,cattle_man,2116.9,31.597137957998324
CLUSTER_483,A,horse_man,289.75,31.597137957998324
CLUSTER_483,A,pig_man,2458.9,31.597137957998324
CLUSTER_486,A,pig_man,772.0,43.74454786421076
CLUSTER_487,A,cattle_man,16400.0,33.08113530725777
CLUSTER_487,A,horse_man,431.5,33.08113530725777
CLUSTER_487,A,pig_man,299.25,33.08113530725777
CLUSTER_49,A,pig_man,231.961,42.46130522845837
CLUSTER_490,A,pig_man,105.9,62.48700965149978
CLUSTER_491,A,pig_man,236.64,47.365932813731405
CLUSTER_494,A,cattle_man,9580.0,42.70887307778592
CLUSTER_494,A,horse_man,104.9,42.70887307778592
CLUSTER_494,A,pig_man,566.9,42.70887307778592
CLUSTER_506,A,cattle_man,1700.0,34.16521766898127
CLUSTER_506,A,horse_man,529.0,34.16521766898127
CLUSTER_506,A,pig_man,228.0325,34.16521766898127
CLUSTER_517,A,cattle_man,2042.0,34.5132974553721
CLUSTER_517,A,horse_man,372.7,34.5132974553721
CLUSTER_524,A,cattle_man,2192.0,46.6967130316412
CLUSTER_524,A,horse_man,1677.6,46.6967130316412
CLUSTER_524,A,pig_man,18.178,46.6967130316412
CLUSTER_525,A,pig_man,24.965,51.15447831847524
CLUSTER_526,A,pig_man,141.0,68.74626624428147
CLUSTER_532,A,pig_man,411.16,38.37566797906903
CLUSTER_55,A,pig_man,46.48,62.1006351781836
CLUSTER_75,A,cattle_man,15511.3,12.512165222766852
CLUSTER_75,A,cattle_slu,10715.148,12.512165222766852
CLUSTER_75,A,horse_man,1454.5,12.512165222766852
CLUSTER_75,A,pig_man,1113.72,12.512165222766852
CLUSTER_87,A,cattle_man,23670.0,38.31688014190752
CLUSTER_87,A,horse_man,362.10543,38.31688014190752
CLUSTER_87,A,pig_man,544.04,38.31688014190752
CLUSTER_88,A,cattle_man,1437.0,33.9713868060302
CLUSTER_88,A,horse_man,1496.2,33.9713868060302
CLUSTER_88,A,pig_man,46.485800000000005,33.9713868060302
CLUSTER_95,A,pig_man,778.92,61.47786020107037
CLUSTER_96,A,pig_man,107.14,54.85475023392907
CLUSTER_97,A,cattle_man,4494.0,40.619549683011215
CLUSTER_97,A,horse_man,1266.8,40.619549683011215
CLUSTER_97,A,pig_man,302.6467,40.619549683011215
CLUSTER_116,B,cattle_man,856.0,23.17587762669925
CLUSTER_116,B,horse_man,1252.0,23.17587762669925
CLUSTER_125,B,cattle_man,17940.0,19.288193112906463
CLUSTER_162,B,cattle_man,4108.423,28.868066030065204
CLUSTER_162,B,horse_man,3375.9,28.868066030065204
CLUSTER_186,B,cattle_man,2851.0,19.133994274630567
CLUSTER_212,B,cattle_man,5215.0,10.204069811013332
CLUSTER_212,B,cattle_slu,20238.0,10.204069811013332
CLUSTER_212,B,horse_man,525.0,10.204069811013332
CLUSTER_212,B,pig_man,132.0,10.204069811013332
CLUSTER_257,B,cattle_man,512.5,25.36740913099128
CLUSTER_340,B,cattle_man,979.0,18.8035536179914
CLUSTER_340,B,horse_man,1279.0,18.8035536179914
CLUSTER_340,B,pig_man,150.7,18.8035536179914
CLUSTER_35,B,cattle_man,3291.0,27.9589708751052
CLUSTER_35,B,horse_man,655.3,27.9589708751052
CLUSTER_373,B,cattle_man,930.61,18.352009074920005
CLUSTER_373,B,horse_man,1879.8,18.352009074920005
CLUSTER_399,B,cattle_man,1238.6,12.084130295742815
CLUSTER_399,B,cattle_slu,6217.0,12.084130295742815
CLUSTER_399,B,horse_man,218.1,12.084130295742815
CLUSTER_399,B,pig_man,646.33,12.084130295742815
CLUSTER_431,B,horse_man,283.9752573189805,35.84217732598311
CLUSTER_48,B,cattle_man,4164.0,14.16511224363142
CLUSTER_48,B,cattle_slu,9764.155637074855,14.16511224363142
CLUSTER_48,B,horse_man,1045.96,14.16511224363142
CLUSTER_481,B,cattle_man,7889.999999999999,24.3166117659611
CLUSTER_481,B,horse_man,1085.0,24.3166117659611
CLUSTER_481,B,pig_man,527.3,24.3166117659611
CLUSTER_504,B,cattle_man,41.0,15.468804852021446
CLUSTER_504,B,horse_man,1033.0,15.468804852021446
CLUSTER_52,B,cattle_man,3984.5,6.277391126059704
CLUSTER_52,B,cattle_slu,20497.0,6.277391126059704
CLUSTER_52,B,horse_man,1083.1,6.277391126059704
CLUSTER_52,B,pig_man,917.46,6.277391126059704
CLUSTER_545,B,cattle_man,1080.0,25.583809129812558
CLUSTER_109,C,cattle_man,10424.0,48.59285726444713
CLUSTER_109,C,horse_man,2924.0,48.59285726444713
CLUSTER_109,C,pig_man,121.22265,48.59285726444713
CLUSTER_125,C,horse_man,653.0,47.22098463641965
CLUSTER_125,C,pig_man,536.0,47.22098463641965
CLUSTER_130,C,cattle_man,16581.0,26.50856476372532
CLUSTER_130,C,horse_man,373.2,26.50856476372532
CLUSTER_130,C,pig_man,304.35,26.50856476372532
CLUSTER_140,C,cattle_man,7209.0,24.90110993779076
CLUSTER_140,C,horse_man,867.0,24.90110993779076
CLUSTER_140,C,pig_man,765.7,24.90110993779076
CLUSTER_143,C,cattle_man,20920.0,32.80965424981905
CLUSTER_143,C,horse_man,1329.0,32.80965424981905
CLUSTER_143,C,pig_man,52.20089,32.80965424981905
CLUSTER_150,C,cattle_man,18940.0,29.293659409859693
CLUSTER_150,C,horse_man,998.0,29.293659409859693
CLUSTER_150,C,pig_man,605.1,29.293659409859693
CLUSTER_17,C,cattle_man,9480.0,31.31493178028319
CLUSTER_17,C,horse_man,663.59,31.31493178028319
CLUSTER_17,C,pig_man,202.955,31.31493178028319
CLUSTER_175,C,cattle_man,2182.272,43.72832302908406
CLUSTER_175,C,horse_man,1207.3,43.72832302908406
CLUSTER_186,C,horse_man,2019.1,48.198278816084816
CLUSTER_195,C,cattle_man,17240.0,40.7045320049086
CLUSTER_195,C,horse_man,1276.5,40.7045320049086
CLUSTER_195,C,pig_man,34.13825,40.7045320049086
CLUSTER_230,C,cattle_man,11370.0,38.96571702451836
CLUSTER_230,C,horse_man,900.0,38.96571702451836
CLUSTER_230,C,pig_man,156.99,38.96571702451836
CLUSTER_231,C,cattle_man,13870.0,42.01096935665744
CLUSTER_231,C,horse_man,1176.0,42.01096935665744
CLUSTER_231,C,pig_man,10.6436,42.01096935665744
CLUSTER_240,C,cattle_man,402.04,36.97174689367405
CLUSTER_240,C,horse_man,172.5,36.97174689367405
CLUSTER_280,C,cattle_man,7664.0,17.100952878598157
CLUSTER_280,C,cattle_slu,35900.00425,17.100952878598157
CLUSTER_280,C,horse_man,1101.277,17.100952878598157
CLUSTER_280,C,pig_man,171.3,17.100952878598157
CLUSTER_290,C,cattle_man,4269.0,35.966996891338184
CLUSTER_290,C,horse_man,887.0,35.966996891338184
CLUSTER_290,C,pig_man,122.18799999999999,35.966996891338184
CLUSTER_295,C,cattle_man,1036.53,30.33512527967933
CLUSTER_295,C,horse_man,46.7,30.33512527967933
CLUSTER_301,C,cattle_man,2641.0,34.786789218473416
CLUSTER_301,C,horse_man,760.0,34.786789218473416
CLUSTER_31,C,cattle_man,11270.176,16.823267205661786
CLUSTER_31,C,cattle_slu,55000.0,16.823267205661786
CLUSTER_31,C,horse_man,3786.0,16.823267205661786
CLUSTER_31,C,pig_man,390.4,16.823267205661786
CLUSTER_311,C,cattle_man,22700.0,40.266642207600206
CLUSTER_311,C,horse_man,1250.5,40.266642207600206
CLUSTER_321,C,cattle_man,2184.0,35.62181272208985
CLUSTER_321,C,horse_man,1668.0,35.62181272208985
CLUSTER_321,C,pig_man,53.32708,35.62181272208985
CLUSTER_33,C,horse_man,1803.0,58.97002185440804
CLUSTER_333,C,cattle_man,11300.0,27.17091123452085
CLUSTER_333,C,horse_man,712.5,27.17091123452085
CLUSTER_333,C,pig_man,364.2,27.17091123452085
CLUSTER_343,C,cattle_man,10540.0,20.63737956329357
CLUSTER_343,C,horse_man,329.269,20.63737956329357
CLUSTER_343,C,pig_man,296.7,20.63737956329357
CLUSTER_370,C,cattle_man,11090.0,36.91958603040547
CLUSTER_370,C,horse_man,1921.0,36.91958603040547
CLUSTER_370,C,pig_man,15.373134,36.91958603040547
CLUSTER_372,C,cattle_man,9440.0,5.172581154710652
CLUSTER_372,C,cattle_slu,40550.0,5.172581154710652
CLUSTER_372,C,horse_man,1283.0,5.172581154710652
CLUSTER_372,C,pig_man,127.52,5.172581154710652
CLUSTER_372,C,rape_str,903.9,5.172581154710652
CLUSTER_372,C,legume_str,304.78,5.172581154710652
CLUSTER_385,C,cattle_man,5530.0,11.39056768114834
CLUSTER_385,C,cattle_slu,21690.0,11.39056768114834
CLUSTER_385,C,horse_man,616.3,11.39056768114834
CLUSTER_385,C,pig_man,407.79,11.39056768114834
CLUSTER_392,C,horse_man,513.0,51.522896168044525
CLUSTER_392,C,pig_man,46.5,51.522896168044525
CLUSTER_397,C,cattle_man,5686.0,26.75076434324748
CLUSTER_397,C,horse_man,797.2,26.75076434324748
CLUSTER_397,C,pig_man,80.291,26.75076434324748
CLUSTER_406,C,horse_man,1539.0,53.50041298811196
CLUSTER_408,C,cattle_man,7585.8,20.503998331387525
CLUSTER_408,C,horse_man,3122.0,20.503998331387525
CLUSTER_408,C,pig_man,511.6000000000001,20.503998331387525
CLUSTER_409,C,horse_man,858.0,30.05596830613999
CLUSTER_429,C,cattle_man,6420.0,27.038631102758167
CLUSTER_429,C,horse_man,723.0,27.038631102758167
CLUSTER_439,C,cattle_man,12440.0,18.594572498398943
CLUSTER_439,C,horse_man,163.7,18.594572498398943
CLUSTER_439,C,pig_man,625.9,18.594572498398943
CLUSTER_45,C,cattle_man,15750.0,38.32349445425737
CLUSTER_45,C,horse_man,1188.0,38.32349445425737
CLUSTER_45,C,pig_man,55.502,38.32349445425737
CLUSTER_451,C,cattle_man,7650.0,49.29343588951166
CLUSTER_451,C,horse_man,523.0,49.29343588951166
CLUSTER_451,C,pig_man,528.0,49.29343588951166
CLUSTER_470,C,cattle_man,25970.0,51.27129842685051
CLUSTER_470,C,horse_man,1289.0,51.27129842685051
CLUSTER_470,C,pig_man,190.5,51.27129842685051
CLUSTER_472,C,cattle_man,24810.0,23.29884404404517
CLUSTER_472,C,horse_man,709.0,23.29884404404517
CLUSTER_472,C,pig_man,22.5159,23.29884404404517
CLUSTER_477,C,cattle_man,6130.0,23.19724950578065
CLUSTER_477,C,horse_man,908.0,23.19724950578065
CLUSTER_484,C,cattle_man,10650.0,27.402337223093102
CLUSTER_484,C,horse_man,420.9,27.402337223093102
CLUSTER_484,C,pig_man,64.9729,27.402337223093102
CLUSTER_50,C,cattle_man,17080.0,17.82884162582554
CLUSTER_50,C,cattle_slu,13368.954332377503,17.82884162582554
CLUSTER_50,C,horse_man,1154.13,17.82884162582554
CLUSTER_50,C,pig_man,604.7121,17.82884162582554
CLUSTER_503,C,cattle_man,1023.7099999999999,29.29911716889787
CLUSTER_503,C,horse_man,847.1,29.29911716889787
CLUSTER_509,C,cattle_man,10453.0,33.631197088666184
CLUSTER_509,C,horse_man,798.0,33.631197088666184
CLUSTER_509,C,pig_man,70.445,33.631197088666184
CLUSTER_542,C,cattle_man,20360.0,10.663489658462494
CLUSTER_542,C,cattle_slu,101000.0,10.663489658462494
CLUSTER_542,C,horse_man,1452.1,10.663489658462494
CLUSTER_542,C,pig_man,564.19,10.663489658462494
CLUSTER_7,C,cattle_man,6818.0,28.33425020145632
CLUSTER_7,C,horse_man,843.8,28.33425020145632
CLUSTER_7,C,pig_man,353.272,28.33425020145632
CLUSTER_72,C,pig_man,949.3,62.432546768029546
CLUSTER_77,C,cattle_man,15680.0,45.4065249396317
CLUSTER_77,C,horse_man,1160.0,45.4065249396317
CLUSTER_77,C,pig_man,82.7,45.4065249396317
CLUSTER_89,C,cattle_man,6220.0,38.44793095362744
CLUSTER_89,C,horse_man,1274.4,38.44793095362744
CLUSTER_89,C,pig_man,499.7749999999999,38.44793095362744
CLUSTER_99,C,cattle_man,18960.0,17.1311043402315
CLUSTER_99,C,cattle_slu,98580.0,17.1311043402315
CLUSTER_99,C,horse_man,170.398,17.1311043402315
CLUSTER_99,C,pig_man,173.7,17.1311043402315
CLUSTER_100,D,rape_str,1247.0,35.76836836014473
CLUSTER_100,D,legume_str,592.6,35.76836836014473
CLUSTER_107,D,cattle_man,13402.1,8.685319645597085
CLUSTER_107,D,cattle_slu,55620.0,8.685319645597085
CLUSTER_107,D,horse_man,1668.9,8.685319645597085
CLUSTER_107,D,clover_alfalfa_grass,6142.0,8.685319645597085
CLUSTER_107,D,maize_str,1970.0,8.685319645597085
CLUSTER_107,D,beet_leaf,1072.0,8.685319645597085
CLUSTER_107,D,rape_str,1132.0,8.685319645597085
CLUSTER_107,D,legume_str,421.2,8.685319645597085
CLUSTER_116,D,rape_str,1331.7,35.39447560490849
CLUSTER_116,D,legume_str,256.53,35.39447560490849
CLUSTER_132,D,legume_str,147.22,48.56376552550225
CLUSTER_138,D,maize_str,2746.0,26.26505587025034
CLUSTER_138,D,rape_str,1121.4,26.26505587025034
CLUSTER_138,D,legume_str,467.8,26.26505587025034
CLUSTER_144,D,cattle_man,16190.0,7.312830288787405
CLUSTER_144,D,cattle_slu,62869.99999999999,7.312830288787405
CLUSTER_144,D,horse_man,1888.0,7.312830288787405
CLUSTER_144,D,pig_man,1094.5,7.312830288787405
CLUSTER_144,D,clover_alfalfa_grass,8280.0,7.312830288787405
CLUSTER_144,D,maize_str,3055.0,7.312830288787405
CLUSTER_144,D,beet_leaf,1759.8,7.312830288787405
CLUSTER_144,D,rape_str,1689.0,7.312830288787405
CLUSTER_144,D,legume_str,474.3,7.312830288787405
CLUSTER_145,D,rape_str,1224.0,44.521578782766696
CLUSTER_145,D,legume_str,263.2,44.521578782766696
CLUSTER_152,D,maize_str,2300.0,22.544408385722363
CLUSTER_152,D,rape_str,1311.0,22.544408385722363
CLUSTER_152,D,legume_str,331.6,22.544408385722363
CLUSTER_162,D,rape_str,2424.0,40.14273362853346
CLUSTER_162,D,legume_str,744.7,40.14273362853346
CLUSTER_176,D,legume_str,185.1,49.07406039292842
CLUSTER_182,D,cattle_man,9590.0,15.160199505972642
CLUSTER_182,D,maize_str,2575.0,15.160199505972642
CLUSTER_182,D,beet_leaf,1723.0,15.160199505972642
CLUSTER_182,D,rape_str,811.0,15.160199505972642
CLUSTER_182,D,legume_str,180.1,15.160199505972642
CLUSTER_187,D,rape_str,1186.6,46.49137780278135
CLUSTER_187,D,legume_str,419.6,46.49137780278135
CLUSTER_201,D,rape_str,52.69,42.3635885683354
CLUSTER_201,D,legume_str,94.3,42.3635885683354
CLUSTER_229,D,rape_str,30.7,43.10833668907636
CLUSTER_229,D,legume_str,169.7,43.10833668907636
CLUSTER_235,D,rape_str,208.9,36.365401967579146
CLUSTER_235,D,legume_str,260.6,36.365401967579146
CLUSTER_239,D,maize_str,2374.0,22.109129291610618
CLUSTER_239,D,rape_str,1717.0,22.109129291610618
CLUSTER_239,D,legume_str,357.8,22.109129291610618
CLUSTER_256,D,rape_str,862.4,38.474384584572405
CLUSTER_256,D,legume_str,337.66,38.474384584572405
CLUSTER_263,D,cattle_man,11151.51,10.83332859596708
CLUSTER_263,D,clover_alfalfa_grass,3108.3912103099556,10.83332859596708
CLUSTER_263,D,maize_str,2453.0,10.83332859596708
CLUSTER_263,D,beet_leaf,6296.4,10.83332859596708
CLUSTER_263,D,rape_str,1071.4,10.83332859596708
CLUSTER_263,D,legume_str,774.2,10.83332859596708
CLUSTER_297,D,rape_str,668.0,33.5807187190413
CLUSTER_297,D,legume_str,363.98,33.5807187190413
CLUSTER_300,D,legume_str,424.7,49.35680116762804
CLUSTER_306,D,rape_str,2327.0,34.859454247148484
CLUSTER_306,D,legume_str,1097.0,34.859454247148484
CLUSTER_315,D,maize_str,775.3,24.794381361123342
CLUSTER_315,D,rape_str,1513.0,24.794381361123342
CLUSTER_315,D,legume_str,373.6,24.794381361123342
CLUSTER_324,D,cattle_man,6315.0,17.643833359646514
CLUSTER_324,D,maize_str,2092.0,17.643833359646514
CLUSTER_324,D,beet_leaf,4986.0,17.643833359646514
CLUSTER_324,D,rape_str,1080.0,17.643833359646514
CLUSTER_324,D,legume_str,578.7,17.643833359646514
CLUSTER_338,D,cattle_man,6102.530000000001,8.078849590321614
CLUSTER_338,D,cattle_slu,23550.0,8.078849590321614
CLUSTER_338,D,horse_man,816.0,8.078849590321614
CLUSTER_338,D,clover_alfalfa_grass,2959.8,8.078849590321614
CLUSTER_338,D,maize_str,2637.0,8.078849590321614
CLUSTER_338,D,beet_leaf,2428.0,8.078849590321614
CLUSTER_338,D,rape_str,566.0,8.078849590321614
CLUSTER_338,D,legume_str,307.0,8.078849590321614
CLUSTER_339,D,rape_str,716.33,33.25391174721796
CLUSTER_339,D,legume_str,276.25,33.25391174721796
CLUSTER_34,D,cattle_man,4823.3,23.964957577225316
CLUSTER_34,D,maize_str,4809.0,23.964957577225316
CLUSTER_34,D,rape_str,1322.6,23.964957577225316
CLUSTER_34,D,legume_str,428.6,23.964957577225316
CLUSTER_340,D,rape_str,944.0,40.25977463922188
CLUSTER_340,D,legume_str,294.533,40.25977463922188
CLUSTER_342,D,maize_str,1338.0,32.09753357629471
CLUSTER_342,D,rape_str,755.7,32.09753357629471
CLUSTER_342,D,legume_str,689.9,32.09753357629471
CLUSTER_344,D,cattle_man,9980.0,20.96718978239316
CLUSTER_344,D,maize_str,5434.0,20.96718978239316
CLUSTER_344,D,beet_leaf,2029.1,20.96718978239316
CLUSTER_344,D,rape_str,232.2,20.96718978239316
CLUSTER_344,D,legume_str,332.0,20.96718978239316
CLUSTER_345,D,maize_str,5294.0,25.156651375214004
CLUSTER_345,D,rape_str,1424.0,25.156651375214004
CLUSTER_345,D,legume_str,1226.0,25.156651375214004
CLUSTER_349,D,rape_str,1306.0,37.4117520924623
CLUSTER_349,D,legume_str,257.0,37.4117520924623
CLUSTER_353,D,maize_str,3170.0,24.65454367864139
CLUSTER_353,D,rape_str,696.0,24.65454367864139
CLUSTER_353,D,legume_str,276.0,24.65454367864139
CLUSTER_376,D,rape_str,1421.0,35.014365139139656
CLUSTER_376,D,legume_str,508.0,35.014365139139656
CLUSTER_386,D,legume_str,404.9,48.8085891729114
CLUSTER_393,D,rape_str,213.5,44.787236445965405
CLUSTER_393,D,legume_str,44.84,44.787236445965405
CLUSTER_415,D,rape_str,246.40000000000003,41.58058596614631
CLUSTER_415,D,legume_str,238.0,41.58058596614631
CLUSTER_427,D,maize_str,2221.8,21.12275798689281
CLUSTER_427,D,rape_str,1173.4,21.12275798689281
CLUSTER_427,D,legume_str,351.0,21.12275798689281
CLUSTER_43,D,rape_str,981.0000000000001,37.64432213452465
CLUSTER_43,D,legume_str,631.3,37.64432213452465
CLUSTER_431,D,cattle_man,3900.2,26.76597317959716
CLUSTER_431,D,maize_str,4683.0,26.76597317959716
CLUSTER_431,D,rape_str,203.4,26.76597317959716
CLUSTER_431,D,legume_str,310.4,26.76597317959716
CLUSTER_432,D,rape_str,1000.6999999999999,46.34199058402657
CLUSTER_432,D,legume_str,291.34000000000003,46.34199058402657
CLUSTER_441,D,legume_str,342.2,48.38087403416922
CLUSTER_447,D,maize_str,2057.0,24.39761178034851
CLUSTER_447,D,rape_str,901.0,24.39761178034851
CLUSTER_447,D,legume_str,578.0,24.39761178034851
CLUSTER_458,D,rape_str,488.99999999999994,36.00620671059419
CLUSTER_458,D,legume_str,366.0,36.00620671059419
CLUSTER_464,D,cattle_man,4492.0,18.659520726769472
CLUSTER_464,D,horse_man,752.0,18.659520726769472
CLUSTER_464,D,maize_str,1659.0,18.659520726769472
CLUSTER_464,D,beet_leaf,511.79,18.659520726769472
CLUSTER_464,D,rape_str,387.0,18.659520726769472
CLUSTER_464,D,legume_str,235.0,18.659520726769472
CLUSTER_466,D,rape_str,1039.0,42.718919421943625
CLUSTER_466,D,legume_str,253.7,42.718919421943625
CLUSTER_478,D,maize_str,1389.0,31.947455703892505
CLUSTER_478,D,rape_str,205.7,31.947455703892505
CLUSTER_478,D,legume_str,86.75,31.947455703892505
CLUSTER_479,D,legume_str,75.09,48.97636401865784
CLUSTER_485,D,maize_str,988.0,32.14796431748917
CLUSTER_485,D,rape_str,948.0,32.14796431748917
CLUSTER_485,D,legume_str,229.0,32.14796431748917
CLUSTER_495,D,cattle_man,7770.0,14.402711176452026
CLUSTER_495,D,maize_str,798.8,14.402711176452026
CLUSTER_495,D,beet_leaf,1260.0,14.402711176452026
CLUSTER_495,D,rape_str,574.7,14.402711176452026
CLUSTER_495,D,legume_str,495.0,14.402711176452026
CLUSTER_496,D,rape_str,1060.0,35.67890745321999
CLUSTER_496,D,legume_str,144.6,35.67890745321999
CLUSTER_499,D,cattle_man,4370.0,12.051548174289811
CLUSTER_499,D,horse_man,296.3329262461829,12.051548174289811
CLUSTER_499,D,maize_str,1191.0,12.051548174289811
CLUSTER_499,D,beet_leaf,6790.0,12.051548174289811
CLUSTER_499,D,rape_str,500.0,12.051548174289811
CLUSTER_499,D,legume_str,206.8,12.051548174289811
CLUSTER_5,D,legume_str,30.66,49.11408831044911
CLUSTER_507,D,rape_str,1388.0,41.60205375780979
CLUSTER_507,D,legume_str,319.0,41.60205375780979
CLUSTER_511,D,rape_str,393.2,39.67401743506315
CLUSTER_511,D,legume_str,142.4,39.67401743506315
CLUSTER_534,D,maize_str,1117.0,29.251539520812944
CLUSTER_534,D,rape_str,1184.0,29.251539520812944
CLUSTER_534,D,legume_str,317.1,29.251539520812944
CLUSTER_544,D,rape_str,531.0,44.82086231358677
CLUSTER_544,D,legume_str,101.3,44.82086231358677
CLUSTER_545,D,rape_str,992.0,40.9189246080326
CLUSTER_545,D,legume_str,184.9,40.9189246080326
CLUSTER_63,D,maize_str,1895.5,22.898750493896102
CLUSTER_63,D,rape_str,653.77,22.898750493896102
CLUSTER_63,D,legume_str,611.5,22.898750493896102
CLUSTER_71,D,rape_str,2450.0,44.65350740506423
CLUSTER_71,D,legume_str,1174.2,44.65350740506423
CLUSTER_83,D,rape_str,472.0,41.91866304943029
CLUSTER_83,D,legume_str,40.02,41.91866304943029
CLUSTER_9,D,rape_str,712.84,42.7770483529567
CLUSTER_9,D,legume_str,267.44,42.7770483529567
CLUSTER_100,E,cattle_man,9536.0,24.787700901177715
CLUSTER_100,E,horse_man,3925.5,24.787700901177715
CLUSTER_100,E,pig_man,69.61,24.787700901177715
CLUSTER_122,E,cattle_man,17000.0,24.555881517768704
CLUSTER_122,E,horse_man,5260.0,24.555881517768704
CLUSTER_122,E,pig_man,40.78257,24.555881517768704
CLUSTER_142,E,cattle_man,32190.000000000004,16.545679246285765
CLUSTER_142,E,horse_man,1981.9999999999998,16.545679246285765
CLUSTER_142,E,pig_man,67.2671,16.545679246285765
CLUSTER_151,E,cattle_man,5361.0,30.798722758316025
CLUSTER_151,E,horse_man,5352.0,30.798722758316025
CLUSTER_151,E,pig_man,33.274,30.798722758316025
CLUSTER_152,E,cattle_man,3361.0,39.82393852684487
CLUSTER_152,E,horse_man,2493.3,39.82393852684487
CLUSTER_152,E,pig_man,174.14849999999998,39.82393852684487
CLUSTER_165,E,cattle_man,8970.0,27.54620888042217
CLUSTER_165,E,horse_man,1926.7,27.54620888042217
CLUSTER_205,E,cattle_man,14492.917196777255,30.478424563338063
CLUSTER_205,E,horse_man,3447.0,30.478424563338063
CLUSTER_218,E,cattle_man,42980.0,25.02092809452386
CLUSTER_218,E,horse_man,4008.0000000000005,25.02092809452386
CLUSTER_22,E,cattle_man,44030.0,14.659576076363248
CLUSTER_22,E,cattle_slu,203300.0,14.659576076363248
CLUSTER_22,E,horse_man,2301.0,14.659576076363248
CLUSTER_22,E,pig_man,696.0,14.659576076363248
CLUSTER_239,E,cattle_man,3789.0,45.99382935023328
CLUSTER_239,E,horse_man,2882.5,45.99382935023328
CLUSTER_239,E,pig_man,931.74,45.99382935023328
CLUSTER_263,E,horse_man,3265.0,48.597745057707215
CLUSTER_263,E,pig_man,198.21,48.597745057707215
CLUSTER_279,E,cattle_man,21730.0,4.311790666415534
CLUSTER_279,E,cattle_slu,74670.0,4.311790666415534
CLUSTER_279,E,horse_man,1665.3,4.311790666415534
CLUSTER_279,E,pig_man,723.8400164000001,4.311790666415534
CLUSTER_288,E,cattle_man,23510.0,13.103351900147086
CLUSTER_288,E,cattle_slu,69700.0,13.103351900147086
CLUSTER_288,E,horse_man,1884.0,13.103351900147086
CLUSTER_288,E,pig_man,786.0,13.103351900147086
CLUSTER_300,E,cattle_man,12150.0,12.757921305167269
CLUSTER_300,E,cattle_slu,48040.0,12.757921305167269
CLUSTER_300,E,horse_man,6326.0,12.757921305167269
CLUSTER_300,E,pig_man,581.8449999999999,12.757921305167269
CLUSTER_306,E,cattle_man,13760.0,38.651144414055146
CLUSTER_306,E,horse_man,2610.0,38.651144414055146
CLUSTER_306,E,pig_man,136.85598955817147,38.651144414055146
CLUSTER_323,E,cattle_man,18150.0,4.723030808846975
CLUSTER_323,E,cattle_slu,79000.0,4.723030808846975
CLUSTER_323,E,horse_man,2339.0,4.723030808846975
CLUSTER_323,E,pig_man,275.81,4.723030808846975
CLUSTER_34,E,horse_man,3660.3,58.10345516655202
CLUSTER_345,E,cattle_man,8870.0,33.46651834427662
CLUSTER_345,E,horse_man,3059.0,33.46651834427662
CLUSTER_345,E,pig_man,131.752025,33.46651834427662
CLUSTER_363,E,cattle_man,13430.0,35.36543538353118
CLUSTER_363,E,horse_man,3180.0,35.36543538353118
CLUSTER_371,E,cattle_man,13910.0,23.81194367041497
CLUSTER_371,E,horse_man,1280.1,23.81194367041497
CLUSTER_386,E,cattle_man,420.0,19.87666770031567
CLUSTER_386,E,horse_man,3289.0,19.87666770031567
CLUSTER_403,E,cattle_man,9000.0,27.04022444026832
CLUSTER_403,E,horse_man,1197.0,27.04022444026832
CLUSTER_423,E,cattle_man,22380.0,18.875245315829154
CLUSTER_423,E,horse_man,1678.0106,18.875245315829154
CLUSTER_423,E,pig_man,669.519,18.875245315829154
CLUSTER_43,E,cattle_man,697.37,23.7384854655003
CLUSTER_43,E,horse_man,1609.1999999999998,23.7384854655003
CLUSTER_43,E,pig_man,36.5,23.7384854655003
CLUSTER_441,E,cattle_man,3147.0,41.359750902413005
CLUSTER_441,E,horse_man,821.0,41.359750902413005
CLUSTER_447,E,cattle_man,6210.0,37.714821055795866
CLUSTER_447,E,horse_man,3973.0,37.714821055795866
CLUSTER_447,E,pig_man,67.14,37.714821055795866
CLUSTER_458,E,cattle_man,4990.0,35.16578187010661
CLUSTER_458,E,horse_man,2320.0,35.16578187010661
CLUSTER_466,E,cattle_man,13690.0,15.96894314021321
CLUSTER_466,E,cattle_slu,28210.0,15.96894314021321
CLUSTER_466,E,horse_man,4155.0,15.96894314021321
CLUSTER_466,E,pig_man,43.27128999999999,15.96894314021321
CLUSTER_495,E,horse_man,1575.0,45.503205803643056
CLUSTER_495,E,pig_man,180.446,45.503205803643056
CLUSTER_498,E,cattle_man,3436.0,19.525944209064924
CLUSTER_498,E,horse_man,2767.0,19.525944209064924
CLUSTER_523,E,cattle_man,13260.0,12.97987823529139
CLUSTER_523,E,cattle_slu,65000.0,12.97987823529139
CLUSTER_523,E,horse_man,1417.0,12.97987823529139
CLUSTER_523,E,pig_man,56.7,12.97987823529139
CLUSTER_544,E,cattle_man,5520.0,21.64529734347489
CLUSTER_544,E,pig_man,15.550000000000002,21.64529734347489
CLUSTER_545,E,horse_man,1719.0,49.37788377663642
CLUSTER_57,E,cattle_man,1262.9,28.798407528603065
CLUSTER_57,E,horse_man,1420.0,28.798407528603065
CLUSTER_62,E,horse_man,4905.0,43.0602617300938
CLUSTER_64,E,cattle_man,35510.0,31.18404916273802
CLUSTER_64,E,horse_man,1753.8,31.18404916273802
CLUSTER_69,E,cattle_man,40940.0,16.922617063107978
CLUSTER_69,E,horse_man,2441.2,16.922617063107978
CLUSTER_69,E,pig_man,1247.43,16.922617063107978
CLUSTER_71,E,cattle_man,8797.0,31.548900560661767
CLUSTER_71,E,horse_man,2948.9,31.548900560661767
CLUSTER_81,E,cattle_man,26470.0,25.561351658610903
CLUSTER_81,E,horse_man,1535.0,25.561351658610903
CLUSTER_102,F,cattle_man,1724.0,12.980647320192682
CLUSTER_102,F,clover_alfalfa_grass,1948.5,12.980647320192682
CLUSTER_102,F,rape_str,88.5,12.980647320192682
CLUSTER_102,F,legume_str,12.3,12.980647320192682
CLUSTER_112,F,cattle_man,13057.0,19.07636604822817
CLUSTER_112,F,clover_alfalfa_grass,8456.853861565867,19.07636604822817
CLUSTER_112,F,rape_str,740.13,19.07636604822817
CLUSTER_112,F,legume_str,69.21000000000001,19.07636604822817
CLUSTER_113,F,cattle_man,1617.0,26.90600933264296
CLUSTER_113,F,horse_man,513.4,26.90600933264296
CLUSTER_113,F,rape_str,57.67,26.90600933264296
CLUSTER_113,F,legume_str,53.1,26.90600933264296
CLUSTER_115,F,rape_str,646.0,34.436229469005525
CLUSTER_115,F,legume_str,147.8,34.436229469005525
CLUSTER_120,F,cattle_man,10758.0,25.28670580992347
CLUSTER_120,F,horse_man,643.23,25.28670580992347
CLUSTER_120,F,pig_man,313.972,25.28670580992347
CLUSTER_120,F,rape_str,1687.0,25.28670580992347
CLUSTER_120,F,legume_str,254.4,25.28670580992347
CLUSTER_18,F,rape_str,930.0,29.10022888283004
CLUSTER_18,F,legume_str,160.1,29.10022888283004
CLUSTER_185,F,cattle_man,4461.0,27.63698132605148
CLUSTER_185,F,horse_man,786.4,27.63698132605148
CLUSTER_185,F,pig_man,183.43,27.63698132605148
CLUSTER_185,F,rape_str,980.9000000000001,27.63698132605148
CLUSTER_185,F,legume_str,368.9,27.63698132605148
CLUSTER_197,F,maize_str,23.0,41.53782345997831
CLUSTER_197,F,rape_str,192.0,41.53782345997831
CLUSTER_197,F,legume_str,64.6,41.53782345997831
CLUSTER_21,F,rape_str,567.3,27.96178331263481
CLUSTER_21,F,legume_str,141.0,27.96178331263481
CLUSTER_211,F,cattle_man,4080.0000000000005,9.329047559812194
CLUSTER_211,F,horse_man,442.0,9.329047559812194
CLUSTER_211,F,clover_alfalfa_grass,3120.0,9.329047559812194
CLUSTER_211,F,rape_str,526.0,9.329047559812194
CLUSTER_211,F,legume_str,121.2,9.329047559812194
CLUSTER_216,F,cattle_man,6405.0,16.376625293247233
CLUSTER_216,F,clover_alfalfa_grass,15071.0,16.376625293247233
CLUSTER_216,F,beet_leaf,134.0,16.376625293247233
CLUSTER_216,F,rape_str,604.0,16.376625293247233
CLUSTER_216,F,legume_str,149.51999999999998,16.376625293247233
CLUSTER_227,F,rape_str,1209.0,39.32900501646075
CLUSTER_227,F,legume_str,212.3,39.32900501646075
CLUSTER_234,F,maize_str,20.8,50.3639977282538
CLUSTER_234,F,rape_str,1344.0,50.3639977282538
CLUSTER_234,F,legume_str,176.9,50.3639977282538
CLUSTER_245,F,cattle_man,13085.0,17.435206560515656
CLUSTER_245,F,horse_man,793.9,17.435206560515656
CLUSTER_245,F,pig_man,381.8,17.435206560515656
CLUSTER_245,F,clover_alfalfa_grass,11777.0,17.435206560515656
CLUSTER_245,F,beet_leaf,61.3,17.435206560515656
CLUSTER_245,F,rape_str,863.6,17.435206560515656
CLUSTER_245,F,legume_str,148.70000000000002,17.435206560515656
CLUSTER_249,F,maize_str,56.66,46.52033604107441
CLUSTER_249,F,rape_str,1051.2,46.52033604107441
CLUSTER_249,F,legume_str,275.8,46.52033604107441
CLUSTER_25,F,cattle_man,2469.58,28.66747953757437
CLUSTER_25,F,horse_man,395.1,28.66747953757437
CLUSTER_261,F,maize_str,132.71,34.74804708641558
CLUSTER_261,F,rape_str,885.0,34.74804708641558
CLUSTER_261,F,legume_str,260.0,34.74804708641558
CLUSTER_269,F,rape_str,727.1,33.64525152425336
CLUSTER_269,F,legume_str,139.774,33.64525152425336
CLUSTER_286,F,cattle_man,4579.0,21.11332893864242
CLUSTER_286,F,horse_man,502.1,21.11332893864242
CLUSTER_286,F,beet_leaf,113.9,21.11332893864242
CLUSTER_286,F,rape_str,875.9,21.11332893864242
CLUSTER_286,F,legume_str,241.6,21.11332893864242
CLUSTER_299,F,rape_str,270.28,22.012237502636843
CLUSTER_299,F,legume_str,62.4,22.012237502636843
CLUSTER_307,F,cattle_man,3600.0,19.137382423253086
CLUSTER_307,F,horse_man,1101.0,19.137382423253086
CLUSTER_307,F,beet_leaf,28.9,19.137382423253086
CLUSTER_307,F,rape_str,648.6,19.137382423253086
CLUSTER_307,F,legume_str,128.0,19.137382423253086
CLUSTER_309,F,cattle_man,7630.0,1.0226810251023608
CLUSTER_309,F,cattle_slu,56380.0,1.0226810251023608
CLUSTER_309,F,horse_man,240.3,1.0226810251023608
CLUSTER_309,F,pig_man,216.09,1.0226810251023608
CLUSTER_309,F,clover_alfalfa_grass,4163.0,1.0226810251023608
CLUSTER_309,F,beet_leaf,64.7,1.0226810251023608
CLUSTER_309,F,rape_str,199.0,1.0226810251023608
CLUSTER_309,F,legume_str,115.88,1.0226810251023608
CLUSTER_32,F,rape_str,1330.0,57.05108486077011
CLUSTER_32,F,legume_str,282.0,57.05108486077011
CLUSTER_357,F,maize_str,105.7,37.51347198646486
CLUSTER_357,F,rape_str,1320.0,37.51347198646486
CLUSTER_357,F,legume_str,131.1,37.51347198646486
CLUSTER_358,F,cattle_man,8329.0,11.136269695526789
CLUSTER_358,F,horse_man,586.9,11.136269695526789
CLUSTER_358,F,clover_alfalfa_grass,9675.0,11.136269695526789
CLUSTER_358,F,beet_leaf,105.7,11.136269695526789
CLUSTER_358,F,rape_str,1314.0,11.136269695526789
CLUSTER_358,F,legume_str,122.64,11.136269695526789
CLUSTER_387,F,legume_str,99.478,58.49811490319488
CLUSTER_413,F,maize_str,14.1,45.725670811649394
CLUSTER_413,F,rape_str,1054.0,45.725670811649394
CLUSTER_413,F,legume_str,164.1,45.725670811649394
CLUSTER_414,F,rape_str,522.6,39.96158210310711
CLUSTER_414,F,legume_str,213.38,39.96158210310711
CLUSTER_419,F,cattle_man,2304.0,22.356155809291327
CLUSTER_419,F,horse_man,791.0,22.356155809291327
CLUSTER_419,F,maize_str,23.4,22.356155809291327
CLUSTER_419,F,rape_str,386.1,22.356155809291327
CLUSTER_419,F,legume_str,177.2,22.356155809291327
CLUSTER_437,F,rape_str,308.6,25.403216641045308
CLUSTER_437,F,legume_str,135.0,25.403216641045308
CLUSTER_438,F,rape_str,20.6,46.54015114589316
CLUSTER_438,F,legume_str,13.04,46.54015114589316
CLUSTER_461,F,cattle_man,3302.0,19.58603254431441
CLUSTER_461,F,horse_man,1385.0,19.58603254431441
CLUSTER_461,F,rape_str,342.2,19.58603254431441
CLUSTER_461,F,legume_str,79.77,19.58603254431441
CLUSTER_471,F,cattle_man,292.0,11.31815557307279
CLUSTER_471,F,horse_man,250.50000000000003,11.31815557307279
CLUSTER_471,F,clover_alfalfa_grass,212.8,11.31815557307279
CLUSTER_471,F,rape_str,11.4,11.31815557307279
CLUSTER_471,F,legume_str,10.2,11.31815557307279
CLUSTER_475,F,cattle_man,820.3242963912911,23.954614553778807
CLUSTER_475,F,rape_str,859.6,23.954614553778807
CLUSTER_475,F,legume_str,261.4,23.954614553778807
CLUSTER_518,F,cattle_man,9270.0,12.523395727438752
CLUSTER_518,F,horse_man,1313.0,12.523395727438752
CLUSTER_518,F,pig_man,245.9,12.523395727438752
CLUSTER_518,F,clover_alfalfa_grass,7810.0,12.523395727438752
CLUSTER_518,F,beet_leaf,23.3,12.523395727438752
CLUSTER_518,F,rape_str,1018.0,12.523395727438752
CLUSTER_518,F,legume_str,172.5,12.523395727438752
CLUSTER_522,F,cattle_man,6580.0,9.277310718556624
CLUSTER_522,F,horse_man,288.1,9.277310718556624
CLUSTER_522,F,pig_man,183.7,9.277310718556624
CLUSTER_522,F,clover_alfalfa_grass,7290.0,9.277310718556624
CLUSTER_522,F,beet_leaf,103.0,9.277310718556624
CLUSTER_522,F,rape_str,722.0,9.277310718556624
CLUSTER_522,F,legume_str,144.6,9.277310718556624
CLUSTER_59,F,legume_str,177.1,59.51075867863311
CLUSTER_98,F,cattle_man,5002.1,20.14616356885377
CLUSTER_98,F,horse_man,673.1,20.14616356885377
CLUSTER_98,F,rape_str,1266.0,20.14616356885377
CLUSTER_98,F,legume_str,294.81,20.14616356885377
CLUSTER_0,G,cattle_man,28890.0,24.07811658550438
CLUSTER_0,G,horse_man,2610.0,24.07811658550438
CLUSTER_0,G,pig_man,1695.2,24.07811658550438
CLUSTER_121,G,cattle_man,11370.0,19.556912111523843
CLUSTER_121,G,horse_man,2073.0,19.556912111523843
CLUSTER_135,G,cattle_man,35210.0,15.630580937589142
CLUSTER_135,G,cattle_slu,152400.0,15.630580937589142
CLUSTER_135,G,horse_man,2847.0,15.630580937589142
CLUSTER_135,G,pig_man,159.368,15.630580937589142
CLUSTER_149,G,cattle_man,19570.0,16.894436604949917
CLUSTER_149,G,cattle_slu,98800.0,16.894436604949917
CLUSTER_149,G,horse_man,2613.8,16.894436604949917
CLUSTER_149,G,pig_man,19.0894,16.894436604949917
CLUSTER_192,G,cattle_man,3130.0,49.05628124681343
CLUSTER_192,G,horse_man,605.0,49.05628124681343
CLUSTER_203,G,cattle_man,28660.0,12.092988641439444
CLUSTER_203,G,cattle_slu,104700.608,12.092988641439444
CLUSTER_203,G,horse_man,3313.0,12.092988641439444
CLUSTER_203,G,pig_man,696.08362,12.092988641439444
CLUSTER_205,G,cattle_man,2074.082803222743,29.39789255229921
CLUSTER_205,G,pig_man,123.23616,29.39789255229921
CLUSTER_208,G,pig_man,22.65,48.57405907262456
CLUSTER_244,G,cattle_man,18650.0,11.933556237394988
CLUSTER_244,G,cattle_slu,84140.0,11.933556237394988
CLUSTER_244,G,horse_man,3070.0,11.933556237394988
CLUSTER_26,G,cattle_man,27390.0,30.36593534354599
CLUSTER_26,G,horse_man,4471.0,30.36593534354599
CLUSTER_29,G,cattle_man,35210.0,30.82662340371749
CLUSTER_29,G,horse_man,2338.7,30.82662340371749
CLUSTER_308,G,cattle_man,2235.0,31.85288281939548
CLUSTER_308,G,horse_man,482.0,31.85288281939548
CLUSTER_319,G,cattle_man,9700.0,26.30371518347252
CLUSTER_319,G,horse_man,1821.5,26.30371518347252
CLUSTER_319,G,pig_man,343.0,26.30371518347252
CLUSTER_350,G,cattle_man,14500.0,0.1395679759478186
CLUSTER_350,G,cattle_slu,66000.0,0.1395679759478186
CLUSTER_350,G,horse_man,2875.0,0.1395679759478186
CLUSTER_350,G,pig_slu,3214.129999999561,0.1395679759478186
CLUSTER_350,G,pig_man,183.62,0.1395679759478186
CLUSTER_363,G,pig_man,154.91,49.3232591324694
CLUSTER_374,G,cattle_man,5400.0,44.18191127435896
CLUSTER_374,G,horse_man,1839.0,44.18191127435896
CLUSTER_378,G,cattle_man,31200.0,24.753413329368424
CLUSTER_378,G,horse_man,1373.0,24.753413329368424
CLUSTER_378,G,pig_man,297.007,24.753413329368424
CLUSTER_398,G,cattle_man,5117.0,33.84090165029432
CLUSTER_398,G,horse_man,1395.0,33.84090165029432
CLUSTER_398,G,pig_man,169.0001898,33.84090165029432
CLUSTER_440,G,cattle_man,13440.0,9.84543050972939
CLUSTER_440,G,cattle_slu,62200.0,9.84543050972939
CLUSTER_440,G,horse_man,2708.0,9.84543050972939
CLUSTER_448,G,cattle_man,3200.0,26.785868078329973
CLUSTER_448,G,horse_man,654.0,26.785868078329973
CLUSTER_474,G,cattle_man,11990.0,19.23052662855781
CLUSTER_474,G,horse_man,1341.0,19.23052662855781
CLUSTER_482,G,cattle_man,16500.0,22.08364103809453
CLUSTER_482,G,horse_man,1167.3,22.08364103809453
CLUSTER_482,G,pig_man,28.99635,22.08364103809453
CLUSTER_493,G,cattle_man,9040.0,40.38978807075308
CLUSTER_493,G,horse_man,951.2,40.38978807075308
CLUSTER_493,G,pig_man,193.15,40.38978807075308
CLUSTER_541,G,cattle_man,4103.0,32.540074558654545
CLUSTER_541,G,horse_man,835.5,32.540074558654545
CLUSTER_58,G,cattle_man,49010.0,14.063026066001628
CLUSTER_58,G,cattle_slu,201870.0,14.063026066001628
CLUSTER_58,G,horse_man,3739.6,14.063026066001628
CLUSTER_58,G,pig_man,585.7193,14.063026066001628
CLUSTER_62,G,cattle_man,29750.0,41.581944312436654
CLUSTER_62,G,pig_man,33.995,41.581944312436654
CLUSTER_67,G,cattle_man,12270.0,44.79975692051013
CLUSTER_67,G,horse_man,2276.5999999998803,44.79975692051013
CLUSTER_81,G,pig_man,12.9891,29.16540348167249
CLUSTER_85,G,cattle_man,17750.0,28.434519698391007
CLUSTER_85,G,horse_man,2141.0,28.434519698391007
CLUSTER_85,G,pig_man,109.2627,28.434519698391007
CLUSTER_90,G,cattle_man,9800.0,25.418209992164407
CLUSTER_90,G,horse_man,1376.0,25.418209992164407
CLUSTER_93,G,cattle_man,44710.0,22.112169457567536
CLUSTER_93,G,horse_man,4360.0,22.112169457567536
CLUSTER_93,G,pig_man,56.565000000000005,22.112169457567536
CLUSTER_103,H,maize_str,65.200176,44.55111125555363
CLUSTER_103,H,rape_str,208.4,44.55111125555363
CLUSTER_103,H,legume_str,84.58999999999999,44.55111125555363
CLUSTER_141,H,cattle_man,6618.0,27.41493605258652
CLUSTER_141,H,horse_man,2815.0,27.41493605258652
CLUSTER_141,H,rape_str,1518.4,27.41493605258652
CLUSTER_141,H,legume_str,364.1,27.41493605258652
CLUSTER_148,H,maize_str,21.2,37.42568115017321
CLUSTER_148,H,rape_str,856.0,37.42568115017321
CLUSTER_148,H,legume_str,71.2,37.42568115017321
CLUSTER_160,H,maize_str,250.69999999999996,32.311401976967815
CLUSTER_160,H,rape_str,1197.5,32.311401976967815
CLUSTER_160,H,legume_str,109.73,32.311401976967815
CLUSTER_161,H,cattle_man,6850.0,22.24729222000041
CLUSTER_161,H,horse_man,429.62,22.24729222000041
CLUSTER_161,H,maize_str,217.1,22.24729222000041
CLUSTER_161,H,beet_leaf,4708.684,22.24729222000041
CLUSTER_161,H,rape_str,1567.0,22.24729222000041
CLUSTER_161,H,legume_str,357.73,22.24729222000041
CLUSTER_169,H,cattle_man,8425.7,24.42964662474669
CLUSTER_169,H,horse_man,1079.5,24.42964662474669
CLUSTER_169,H,maize_str,446.0,24.42964662474669
CLUSTER_169,H,rape_str,268.41,24.42964662474669
CLUSTER_169,H,legume_str,59.436,24.42964662474669
CLUSTER_181,H,maize_str,737.8,41.39822679963975
CLUSTER_181,H,rape_str,425.5,41.39822679963975
CLUSTER_181,H,legume_str,393.5,41.39822679963975
CLUSTER_183,H,cattle_man,16594.0,21.051239932569604
CLUSTER_183,H,horse_man,2503.0,21.051239932569604
CLUSTER_183,H,clover_alfalfa_grass,2359.5,21.051239932569604
CLUSTER_183,H,maize_str,210.88,21.051239932569604
CLUSTER_183,H,beet_leaf,99.4,21.051239932569604
CLUSTER_183,H,rape_str,1374.3,21.051239932569604
CLUSTER_183,H,legume_str,266.3,21.051239932569604
CLUSTER_190,H,maize_str,183.5,35.033742461504346
CLUSTER_190,H,rape_str,642.0,35.033742461504346
CLUSTER_190,H,legume_str,186.5,35.033742461504346
CLUSTER_232,H,cattle_man,9900.0,6.021727996171884
CLUSTER_232,H,cattle_slu,55900.0,6.021727996171884
CLUSTER_232,H,horse_man,3168.0,6.021727996171884
CLUSTER_232,H,pig_man,245.34999999999997,6.021727996171884
CLUSTER_232,H,clover_alfalfa_grass,6810.0,6.021727996171884
CLUSTER_232,H,maize_str,332.4,6.021727996171884
CLUSTER_232,H,beet_leaf,649.0,6.021727996171884
CLUSTER_232,H,rape_str,928.0,6.021727996171884
CLUSTER_232,H,legume_str,118.5,6.021727996171884
CLUSTER_237,H,maize_str,150.0,35.75922954274801
CLUSTER_237,H,rape_str,431.0,35.75922954274801
CLUSTER_237,H,legume_str,29.248,35.75922954274801
CLUSTER_242,H,maize_str,82.1,22.931494973309995
CLUSTER_242,H,beet_leaf,1132.0379338409393,22.931494973309995
CLUSTER_242,H,rape_str,1229.6,22.931494973309995
CLUSTER_242,H,legume_str,233.5,22.931494973309995
CLUSTER_248,H,maize_str,301.88279,47.97169944139698
CLUSTER_248,H,rape_str,349.9,47.97169944139698
CLUSTER_248,H,legume_str,201.2,47.97169944139698
CLUSTER_266,H,cattle_man,5864.8,23.936044819487964
CLUSTER_266,H,horse_man,271.0126,23.936044819487964
CLUSTER_266,H,rape_str,64.9,23.936044819487964
CLUSTER_266,H,legume_str,14.388000000000002,23.936044819487964
CLUSTER_278,H,maize_str,274.04,33.093338119708925
CLUSTER_278,H,rape_str,532.8,33.093338119708925
CLUSTER_278,H,legume_str,94.28,33.093338119708925
CLUSTER_289,H,maize_str,455.8,49.71621160975563
CLUSTER_289,H,rape_str,1516.0,49.71621160975563
CLUSTER_289,H,legume_str,485.4,49.71621160975563
CLUSTER_294,H,cattle_man,6386.0,9.6950504231175
CLUSTER_294,H,horse_man,1187.9,9.6950504231175
CLUSTER_294,H,clover_alfalfa_grass,5996.0,9.6950504231175
CLUSTER_294,H,maize_str,175.3,9.6950504231175
CLUSTER_294,H,beet_leaf,572.1,9.6950504231175
CLUSTER_294,H,rape_str,684.0,9.6950504231175
CLUSTER_294,H,legume_str,168.2,9.6950504231175
CLUSTER_30,H,maize_str,530.4,23.277937491407844
CLUSTER_30,H,rape_str,844.0,23.277937491407844
CLUSTER_30,H,legume_str,592.4,23.277937491407844
CLUSTER_303,H,maize_str,378.0,57.71999580719058
CLUSTER_303,H,rape_str,914.0,57.71999580719058
CLUSTER_303,H,legume_str,375.4,57.71999580719058
CLUSTER_314,H,cattle_man,812.91,8.10290243005703
CLUSTER_314,H,cattle_slu,17910.988,8.10290243005703
CLUSTER_314,H,horse_man,639.0,8.10290243005703
CLUSTER_314,H,clover_alfalfa_grass,3049.388,8.10290243005703
CLUSTER_314,H,beet_leaf,161.4,8.10290243005703
CLUSTER_314,H,rape_str,258.9,8.10290243005703
CLUSTER_314,H,legume_str,103.5,8.10290243005703
CLUSTER_336,H,maize_str,516.74,50.21844286704793
CLUSTER_336,H,rape_str,912.3,50.21844286704793
CLUSTER_336,H,legume_str,270.07,50.21844286704793
CLUSTER_348,H,maize_str,65.0,43.17604725447874
CLUSTER_348,H,rape_str,718.0,43.17604725447874
CLUSTER_348,H,legume_str,156.9,43.17604725447874
CLUSTER_361,H,maize_str,579.6,42.29067685073127
CLUSTER_361,H,rape_str,169.4,42.29067685073127
CLUSTER_361,H,legume_str,175.4,42.29067685073127
CLUSTER_377,H,legume_str,142.95,59.21706770945678
CLUSTER_390,H,cattle_man,4736.4,24.258152693131763
CLUSTER_390,H,horse_man,147.848,24.258152693131763
CLUSTER_390,H,maize_str,92.3,24.258152693131763
CLUSTER_390,H,rape_str,957.4,24.258152693131763
CLUSTER_390,H,legume_str,91.61,24.258152693131763
CLUSTER_395,H,maize_str,582.4,41.78883041186718
CLUSTER_395,H,rape_str,1105.0,41.78883041186718
CLUSTER_395,H,legume_str,73.81,41.78883041186718
CLUSTER_405,H,maize_str,43.2,33.62492970652796
CLUSTER_405,H,rape_str,758.7,33.62492970652796
CLUSTER_405,H,legume_str,321.95,33.62492970652796
CLUSTER_420,H,maize_str,18.3,28.194341007124088
CLUSTER_420,H,rape_str,472.0,28.194341007124088
CLUSTER_420,H,legume_str,308.5,28.194341007124088
CLUSTER_433,H,cattle_man,4450.0297,14.301061961240825
CLUSTER_433,H,horse_man,1106.0,14.301061961240825
CLUSTER_433,H,clover_alfalfa_grass,3486.0,14.301061961240825
CLUSTER_433,H,maize_str,124.49999999999999,14.301061961240825
CLUSTER_433,H,beet_leaf,503.0,14.301061961240825
CLUSTER_433,H,rape_str,464.4,14.301061961240825
CLUSTER_433,H,legume_str,55.8,14.301061961240825
CLUSTER_445,H,maize_str,620.6,26.96652293762455
CLUSTER_445,H,rape_str,1059.0,26.96652293762455
CLUSTER_445,H,legume_str,171.5,26.96652293762455
CLUSTER_454,H,cattle_man,5716.1,16.176657657678266
CLUSTER_454,H,horse_man,105.4,16.176657657678266
CLUSTER_454,H,clover_alfalfa_grass,3280.0,16.176657657678266
CLUSTER_454,H,maize_str,265.5,16.176657657678266
CLUSTER_454,H,beet_leaf,1964.0,16.176657657678266
CLUSTER_454,H,rape_str,1065.8200000000002,16.176657657678266
CLUSTER_454,H,legume_str,117.9,16.176657657678266
CLUSTER_459,H,maize_str,71.0,41.05742927876729
CLUSTER_459,H,rape_str,91.0,41.05742927876729
CLUSTER_459,H,legume_str,28.68,41.05742927876729
CLUSTER_460,H,cattle_man,3371.2,21.46817845124659
CLUSTER_460,H,horse_man,392.16,21.46817845124659
CLUSTER_460,H,clover_alfalfa_grass,2632.0,21.46817845124659
CLUSTER_460,H,maize_str,99.5,21.46817845124659
CLUSTER_460,H,beet_leaf,72.4,21.46817845124659
CLUSTER_460,H,rape_str,204.4,21.46817845124659
CLUSTER_460,H,legume_str,101.4,21.46817845124659
CLUSTER_462,H,cattle_man,3029.0,13.812605356551904
CLUSTER_462,H,horse_man,386.0,13.812605356551904
CLUSTER_462,H,clover_alfalfa_grass,585.9,13.812605356551904
CLUSTER_462,H,maize_str,119.4,13.812605356551904
CLUSTER_462,H,rape_str,192.1,13.812605356551904
CLUSTER_462,H,legume_str,58.4,13.812605356551904
CLUSTER_483,H,maize_str,387.2,33.78959084792689
CLUSTER_483,H,rape_str,440.9,33.78959084792689
CLUSTER_483,H,legume_str,415.5,33.78959084792689
CLUSTER_486,H,cattle_man,1158.0,15.945808167747169
CLUSTER_486,H,horse_man,429.2,15.945808167747169
CLUSTER_486,H,clover_alfalfa_grass,1803.0,15.945808167747169
CLUSTER_486,H,maize_str,23.9,15.945808167747169
CLUSTER_486,H,beet_leaf,172.0,15.945808167747169
CLUSTER_486,H,rape_str,303.0,15.945808167747169
CLUSTER_486,H,legume_str,57.1,15.945808167747169
CLUSTER_490,H,cattle_man,3600.0,25.32284288341976
CLUSTER_490,H,horse_man,745.2,25.32284288341976
CLUSTER_490,H,maize_str,80.1,25.32284288341976
CLUSTER_490,H,rape_str,340.0,25.32284288341976
CLUSTER_490,H,legume_str,80.4,25.32284288341976
CLUSTER_494,H,maize_str,343.7,43.731768230987015
CLUSTER_494,H,rape_str,500.2,43.731768230987015
CLUSTER_494,H,legume_str,89.8,43.731768230987015
CLUSTER_532,H,cattle_man,3510.0508,14.423784720184596
CLUSTER_532,H,horse_man,177.7,14.423784720184596
CLUSTER_532,H,clover_alfalfa_grass,2412.0,14.423784720184596
CLUSTER_532,H,maize_str,67.89999999999999,14.423784720184596
CLUSTER_532,H,beet_leaf,612.0,14.423784720184596
CLUSTER_532,H,rape_str,590.2,14.423784720184596
CLUSTER_532,H,legume_str,85.86,14.423784720184596
CLUSTER_6,H,maize_str,359.49,47.096101272854845
CLUSTER_6,H,rape_str,644.6,47.096101272854845
CLUSTER_6,H,legume_str,401.8,47.096101272854845
CLUSTER_66,H,cattle_man,2641.0375,19.69148979442482
CLUSTER_66,H,horse_man,880.00908,19.69148979442482
CLUSTER_66,H,clover_alfalfa_grass,1226.34,19.69148979442482
CLUSTER_66,H,beet_leaf,718.0,19.69148979442482
CLUSTER_66,H,rape_str,449.2,19.69148979442482
CLUSTER_66,H,legume_str,66.985,19.69148979442482
CLUSTER_75,H,maize_str,550.06,46.55402275910347
CLUSTER_75,H,rape_str,1046.1,46.55402275910347
CLUSTER_75,H,legume_str,172.5,46.55402275910347
CLUSTER_78,H,cattle_man,7012.0,33.61834869584672
CLUSTER_78,H,horse_man,668.0482299902951,33.61834869584672
CLUSTER_82,H,maize_str,505.26,51.75556505728264
CLUSTER_82,H,rape_str,680.1,51.75556505728264
CLUSTER_82,H,legume_str,122.92,51.75556505728264
CLUSTER_87,H,maize_str,676.6,52.43791415941616
CLUSTER_124,I,cattle_man,20030.0,16.592777914059383
CLUSTER_124,I,cattle_slu,105222.56879218278,16.592777914059383
CLUSTER_124,I,horse_man,2749.0,16.592777914059383
CLUSTER_124,I,pig_man,225.04,16.592777914059383
CLUSTER_146,I,cattle_man,2485.0,37.30639425959531
CLUSTER_146,I,horse_man,847.0,37.30639425959531
CLUSTER_159,I,cattle_man,8440.0,7.109614313512341
CLUSTER_159,I,cattle_slu,40590.0,7.109614313512341
CLUSTER_159,I,horse_man,2721.0,7.109614313512341
CLUSTER_159,I,pig_man,3550.315,7.109614313512341
CLUSTER_189,I,cattle_man,4488.98,50.70187628297917
CLUSTER_189,I,horse_man,1789.0,50.70187628297917
CLUSTER_193,I,cattle_man,1113.0,47.91087021013092
CLUSTER_193,I,horse_man,1133.0,47.91087021013092
CLUSTER_196,I,cattle_man,17380.0,34.45581482647912
CLUSTER_196,I,horse_man,1807.0,34.45581482647912
CLUSTER_202,I,cattle_man,16100.0,28.229475150984804
CLUSTER_202,I,horse_man,1917.3,28.229475150984804
CLUSTER_202,I,pig_man,229.17,28.229475150984804
CLUSTER_208,I,cattle_man,5066.0,43.01814091433935
CLUSTER_208,I,horse_man,1364.6,43.01814091433935
CLUSTER_214,I,cattle_man,24580.0,25.68675015751536
CLUSTER_214,I,horse_man,1119.6,25.68675015751536
CLUSTER_214,I,pig_man,13.92,25.68675015751536
CLUSTER_225,I,cattle_man,6770.0,17.469976731436606
CLUSTER_225,I,horse_man,1039.7,17.469976731436606
CLUSTER_225,I,pig_man,1314.9,17.469976731436606
CLUSTER_228,I,cattle_man,10463.0,33.64812606630837
CLUSTER_228,I,horse_man,1313.4,33.64812606630837
CLUSTER_233,I,cattle_man,5430.0,26.912274306887007
CLUSTER_233,I,horse_man,1224.0,26.912274306887007
CLUSTER_250,I,cattle_man,8735.82,32.29573339249854
CLUSTER_250,I,horse_man,1190.0,32.29573339249854
CLUSTER_250,I,pig_man,54.334,32.29573339249854
CLUSTER_254,I,horse_man,1711.5,49.52316899700572
CLUSTER_258,I,cattle_man,16820.0,22.24895642530426
CLUSTER_258,I,horse_man,1914.0,22.24895642530426
CLUSTER_270,I,cattle_man,9712.0,41.18189877342712
CLUSTER_270,I,horse_man,2875.0,41.18189877342712
CLUSTER_273,I,cattle_man,6690.0,32.843702082450214
CLUSTER_273,I,horse_man,1064.0,32.843702082450214
CLUSTER_273,I,pig_man,524.6,32.843702082450214
CLUSTER_276,I,cattle_man,3122.0,37.1759360201318
CLUSTER_276,I,horse_man,1192.0,37.1759360201318
CLUSTER_282,I,cattle_man,10020.0,17.74011960157732
CLUSTER_282,I,horse_man,1029.0,17.74011960157732
CLUSTER_282,I,pig_man,277.076,17.74011960157732
CLUSTER_285,I,cattle_man,15869.999999999998,42.035823816788415
CLUSTER_285,I,horse_man,3438.0,42.035823816788415
CLUSTER_291,I,cattle_man,2457.376,17.921049754293158
CLUSTER_291,I,horse_man,1658.0,17.921049754293158
CLUSTER_291,I,pig_man,7739.999999999989,17.921049754293158
CLUSTER_292,I,cattle_man,8900.0,17.84642645793354
CLUSTER_292,I,horse_man,3197.0,17.84642645793354
CLUSTER_292,I,pig_man,2862.0,17.84642645793354
CLUSTER_296,I,cattle_man,6573.0,19.2501998794532
CLUSTER_296,I,horse_man,902.0,19.2501998794532
CLUSTER_402,I,cattle_man,1505.0,27.990199573682784
CLUSTER_402,I,horse_man,859.0,27.990199573682784
CLUSTER_402,I,pig_man,1540.0,27.990199573682784
CLUSTER_416,I,cattle_man,553.9,40.8671133819708
CLUSTER_416,I,horse_man,387.2,40.8671133819708
CLUSTER_436,I,cattle_man,14080.0,32.918791735451144
CLUSTER_436,I,horse_man,830.0,32.918791735451144
CLUSTER_442,I,cattle_man,14580.0,29.283212397737067
CLUSTER_442,I,horse_man,2096.0,29.283212397737067
CLUSTER_456,I,cattle_man,18.534,33.2069719613572
CLUSTER_456,I,horse_man,275.0,33.2069719613572
CLUSTER_457,I,cattle_man,11400.0,9.027374771115834
CLUSTER_457,I,cattle_slu,64960.00000000001,9.027374771115834
CLUSTER_457,I,horse_man,1512.5,9.027374771115834
CLUSTER_513,I,cattle_man,2780.0,23.437485779503294
CLUSTER_513,I,horse_man,1042.0,23.437485779503294
CLUSTER_514,I,cattle_man,11580.0,13.767403539059014
CLUSTER_514,I,cattle_slu,60210.0,13.767403539059014
CLUSTER_514,I,horse_man,1246.0,13.767403539059014
CLUSTER_514,I,pig_man,13.03,13.767403539059014
CLUSTER_516,I,cattle_man,8820.0,42.52355685424939
CLUSTER_516,I,horse_man,1178.0,42.52355685424939
CLUSTER_520,I,horse_man,799.0,52.057330222563394
CLUSTER_528,I,cattle_man,7939.999999999999,32.80324819203666
CLUSTER_528,I,horse_man,1337.0,32.80324819203666
CLUSTER_537,I,cattle_man,2682.0,24.934389125537425
CLUSTER_537,I,horse_man,1468.0,24.934389125537425
CLUSTER_537,I,pig_man,2429.0,24.934389125537425
CLUSTER_540,I,cattle_man,2510.0,37.78676785116402
CLUSTER_540,I,horse_man,1390.0,37.78676785116402
CLUSTER_547,I,cattle_man,10790.0,28.566808865639192
CLUSTER_547,I,horse_man,1621.0,28.566808865639192
CLUSTER_549,I,cattle_man,6580.0,23.40148860960625
CLUSTER_549,I,horse_man,1622.0,23.40148860960625
CLUSTER_61,I,cattle_man,27600.756831600418,33.77424464581663
CLUSTER_61,I,horse_man,2388.0,33.77424464581663
CLUSTER_79,I,cattle_man,15570.0,6.602831223534587
CLUSTER_79,I,cattle_slu,91500.0,6.602831223534587
CLUSTER_79,I,horse_man,1933.0,6.602831223534587
CLUSTER_79,I,pig_man,1322.00245,6.602831223534587
CLUSTER_105,J,cattle_man,16042.0,29.302871547629923
CLUSTER_105,J,horse_man,2293.0,29.302871547629923
CLUSTER_106,J,cattle_man,1626.1327594823126,34.26372613181991
CLUSTER_106,J,horse_man,1081.1,34.26372613181991
CLUSTER_106,J,pig_man,245.613,34.26372613181991
CLUSTER_117,J,cattle_man,13052.0,41.87983407795506
CLUSTER_117,J,horse_man,1848.1999999999882,41.87983407795506
CLUSTER_117,J,pig_man,153.071,41.87983407795506
CLUSTER_13,J,cattle_man,22490.0,37.12302764160194
CLUSTER_13,J,horse_man,4880.0,37.12302764160194
CLUSTER_13,J,pig_man,152.17000000000002,37.12302764160194
CLUSTER_137,J,cattle_man,27690.0,19.88586864787132
CLUSTER_137,J,horse_man,2768.0,19.88586864787132
CLUSTER_137,J,pig_man,11.12,19.88586864787132
CLUSTER_174,J,cattle_man,17810.0,8.95576574729111
CLUSTER_174,J,cattle_slu,117700.0,8.95576574729111
CLUSTER_174,J,horse_man,1427.5,8.95576574729111
CLUSTER_191,J,cattle_man,11290.0,24.585781112389284
CLUSTER_191,J,horse_man,1592.0,24.585781112389284
CLUSTER_207,J,cattle_man,25080.0,10.827076244741654
CLUSTER_207,J,cattle_slu,171700.0,10.827076244741654
CLUSTER_207,J,horse_man,1783.0,10.827076244741654
CLUSTER_224,J,cattle_man,12420.0,30.538749106822078
CLUSTER_224,J,horse_man,1438.0,30.538749106822078
CLUSTER_252,J,cattle_man,23950.0,4.050690751312522
CLUSTER_252,J,cattle_slu,150300.0,4.050690751312522
CLUSTER_252,J,horse_man,2046.0,4.050690751312522
CLUSTER_252,J,pig_slu,88.99000000000001,4.050690751312522
CLUSTER_264,J,cattle_man,33570.0,24.6923213422928
CLUSTER_264,J,horse_man,387.684,24.6923213422928
CLUSTER_264,J,pig_man,100.19925,24.6923213422928
CLUSTER_268,J,cattle_man,5520.0,53.30309724242694
CLUSTER_268,J,horse_man,1285.41,53.30309724242694
CLUSTER_313,J,cattle_man,20560.0,18.22867483854881
CLUSTER_313,J,cattle_slu,130200.00000000001,18.22867483854881
CLUSTER_313,J,horse_man,2810.0,18.22867483854881
CLUSTER_313,J,pig_man,14.107,18.22867483854881
CLUSTER_329,J,cattle_man,13430.0,32.85133414734288
CLUSTER_329,J,horse_man,1337.0,32.85133414734288
CLUSTER_360,J,cattle_man,8890.0,31.091070267371126
CLUSTER_360,J,horse_man,2360.0,31.091070267371126
CLUSTER_362,J,cattle_man,13100.0,26.667281339696583
CLUSTER_362,J,horse_man,2769.0,26.667281339696583
CLUSTER_375,J,cattle_man,14310.0,28.86199960884833
CLUSTER_375,J,horse_man,280.5,28.86199960884833
CLUSTER_379,J,cattle_man,18540.0,26.598616143033738
CLUSTER_379,J,horse_man,612.5,26.598616143033738
CLUSTER_39,J,cattle_man,19310.0,19.670302179208047
CLUSTER_39,J,horse_man,1942.0,19.670302179208047
CLUSTER_412,J,cattle_man,16640.0,30.10509284943306
CLUSTER_412,J,horse_man,2158.0,30.10509284943306
CLUSTER_422,J,cattle_man,4670.0,14.282354167131132
CLUSTER_422,J,cattle_slu,27900.0,14.282354167131132
CLUSTER_422,J,horse_man,1414.0,14.282354167131132
CLUSTER_428,J,pig_man,58.397,51.82481357593773
CLUSTER_434,J,cattle_man,10390.0,18.83594095237602
CLUSTER_434,J,horse_man,816.4,18.83594095237602
CLUSTER_480,J,horse_man,560.6,61.26108841242312
CLUSTER_492,J,cattle_man,6610.0,39.48893356755418
CLUSTER_492,J,horse_man,472.0,39.48893356755418
CLUSTER_51,J,cattle_man,28020.0,13.776802000487264
CLUSTER_51,J,cattle_slu,177430.0,13.776802000487264
CLUSTER_51,J,horse_man,2617.0,13.776802000487264
CLUSTER_521,J,cattle_man,12160.0,14.805967913497348
CLUSTER_521,J,cattle_slu,66000.0,14.805967913497348
CLUSTER_521,J,horse_man,1448.0,14.805967913497348
CLUSTER_527,J,cattle_man,7620.0,42.93702710269239
CLUSTER_527,J,horse_man,1912.0,42.93702710269239
CLUSTER_527,J,pig_man,48.0347,42.93702710269239
CLUSTER_543,J,pig_man,36.089,32.95446113361991
CLUSTER_548,J,cattle_man,7311.0,37.03180634475638
CLUSTER_548,J,horse_man,2324.0,37.03180634475638
CLUSTER_65,J,cattle_man,29310.0,20.944392086613256
CLUSTER_65,J,horse_man,2654.0,20.944392086613256
CLUSTER_65,J,pig_man,165.989,20.944392086613256
CLUSTER_74,J,cattle_man,27550.0,18.738650308848825
CLUSTER_74,J,horse_man,3010.0,18.738650308848825
CLUSTER_94,J,cattle_man,10320.0,34.839028955539945
CLUSTER_94,J,horse_man,907.3,34.839028955539945
CLUSTER_136,K,cattle_man,22230.0,17.521510202849218
CLUSTER_136,K,cattle_slu,108700.0,17.521510202849218
CLUSTER_136,K,horse_man,3775.0,17.521510202849218
CLUSTER_157,K,cattle_man,22880.0,13.065908197274563
CLUSTER_157,K,cattle_slu,106799.99999999908,13.065908197274563
CLUSTER_157,K,horse_man,3454.0,13.065908197274563
CLUSTER_178,K,cattle_man,16790.0,16.978942538023865
CLUSTER_178,K,cattle_slu,76750.0,16.978942538023865
CLUSTER_178,K,horse_man,5256.0,16.978942538023865
CLUSTER_198,K,cattle_man,19100.0,39.42233263455471
CLUSTER_198,K,horse_man,2306.0,39.42233263455471
CLUSTER_201,K,cattle_man,7892.0,37.90532685734596
CLUSTER_201,K,horse_man,2174.1,37.90532685734596
CLUSTER_204,K,cattle_man,10730.0,6.753338015905588
CLUSTER_204,K,cattle_slu,49310.0,6.753338015905588
CLUSTER_204,K,horse_man,2958.0,6.753338015905588
CLUSTER_204,K,pig_man,37.494,6.753338015905588
CLUSTER_209,K,cattle_man,13940.0,35.95302025776707
CLUSTER_209,K,horse_man,1265.6,35.95302025776707
CLUSTER_215,K,cattle_man,11500.0,47.4155610899589
CLUSTER_215,K,horse_man,2969.0,47.4155610899589
CLUSTER_226,K,cattle_man,16880.0,12.132329869687757
CLUSTER_226,K,cattle_slu,81430.0,12.132329869687757
CLUSTER_226,K,horse_man,2471.6,12.132329869687757
CLUSTER_243,K,cattle_man,19320.0,28.616880832864123
CLUSTER_243,K,horse_man,2781.0,28.616880832864123
CLUSTER_256,K,cattle_man,2666.96,32.2359447538633
CLUSTER_256,K,horse_man,2930.0,32.2359447538633
CLUSTER_256,K,pig_man,14.8359,32.2359447538633
CLUSTER_27,K,cattle_man,18405.0,7.734080099481492
CLUSTER_27,K,cattle_slu,81790.0,7.734080099481492
CLUSTER_27,K,horse_man,4194.0,7.734080099481492
CLUSTER_28,K,cattle_man,8410.0,20.34573569174787
CLUSTER_28,K,horse_man,2761.9,20.34573569174787
CLUSTER_281,K,cattle_man,11914.0,27.01766506816664
CLUSTER_281,K,horse_man,1024.5,27.01766506816664
CLUSTER_287,K,cattle_man,2184.0,35.07572251479892
CLUSTER_287,K,horse_man,1571.0,35.07572251479892
CLUSTER_297,K,cattle_man,11530.0,44.08760465674566
CLUSTER_297,K,horse_man,3459.0,44.08760465674566
CLUSTER_297,K,pig_man,153.126,44.08760465674566
CLUSTER_3,K,cattle_man,7882.999999999999,21.7560250745828
CLUSTER_3,K,horse_man,5877.0,21.7560250745828
CLUSTER_3,K,pig_man,16.916,21.7560250745828
CLUSTER_304,K,cattle_man,2118.0,42.089877011027184
CLUSTER_304,K,horse_man,706.6,42.089877011027184
CLUSTER_312,K,cattle_man,11300.0,25.558199936069304
CLUSTER_312,K,horse_man,1544.0,25.558199936069304
CLUSTER_324,K,horse_man,94.13946338173817,55.8595414867902
CLUSTER_324,K,pig_man,258.47,55.8595414867902
CLUSTER_342,K,cattle_man,4948.0,38.89040632188617
CLUSTER_342,K,horse_man,2247.0,38.89040632188617
CLUSTER_342,K,pig_man,109.9,38.89040632188617
CLUSTER_352,K,cattle_man,13540.0,7.851900473776931
CLUSTER_352,K,cattle_slu,64390.0,7.851900473776931
CLUSTER_352,K,horse_man,3832.0,7.851900473776931
CLUSTER_352,K,pig_man,32.1,7.851900473776931
CLUSTER_369,K,cattle_man,3235.7,17.57458287679034
CLUSTER_369,K,cattle_slu,4464.496940092211,17.57458287679034
CLUSTER_369,K,horse_man,3562.3,17.57458287679034
CLUSTER_391,K,cattle_man,11195.0,20.7055627853453
CLUSTER_391,K,horse_man,3066.0,20.7055627853453
CLUSTER_396,K,cattle_man,5375.0,26.954118932105025
CLUSTER_396,K,horse_man,4460.0,26.954118932105025
CLUSTER_407,K,cattle_man,10172.0,21.88440943304808
CLUSTER_407,K,horse_man,3348.0,21.88440943304808
CLUSTER_415,K,cattle_man,6170.0,30.432418039031976
CLUSTER_415,K,horse_man,3241.0,30.432418039031976
CLUSTER_489,K,cattle_man,1068.0,32.60932585718745
CLUSTER_489,K,horse_man,367.5,32.60932585718745
CLUSTER_499,K,horse_man,3373.667073753817,58.38904002924945
CLUSTER_499,K,pig_man,128.13,58.38904002924945
CLUSTER_5,K,cattle_man,1031.0,24.30912591391617
CLUSTER_5,K,horse_man,895.0,24.30912591391617
CLUSTER_502,K,cattle_man,12710.0,27.19134403661385
CLUSTER_502,K,horse_man,2093.0,27.19134403661385
CLUSTER_508,K,cattle_man,21639.999999999996,18.81473120987589
CLUSTER_508,K,horse_man,3810.0,18.81473120987589
CLUSTER_53,K,cattle_man,6226.92,30.52118519865866
CLUSTER_53,K,horse_man,1543.0,30.52118519865866
CLUSTER_54,K,cattle_man,5070.0,38.788177314033085
CLUSTER_54,K,horse_man,1695.0,38.788177314033085
CLUSTER_63,K,cattle_man,14627.0,47.54138214856681
CLUSTER_63,K,horse_man,6166.0,47.54138214856681
CLUSTER_63,K,pig_man,79.20406,47.54138214856681
CLUSTER_8,K,cattle_man,26900.0,30.53857342147088
CLUSTER_8,K,horse_man,7120.0,30.53857342147088
CLUSTER_8,K,pig_man,13.2831,30.53857342147088
CLUSTER_84,K,cattle_man,15427.9,30.338534375360386
CLUSTER_84,K,horse_man,4351.0,30.338534375360386
CLUSTER_86,K,cattle_man,15698.0,31.24586438780096
CLUSTER_86,K,horse_man,1875.0,31.24586438780096
CLUSTER_102,L,horse_man,961.0,34.2858130076123
CLUSTER_11,L,cattle_man,3764.1,50.746273996052
CLUSTER_11,L,horse_man,1455.0,50.746273996052
CLUSTER_11,L,pig_man,23.6720704,50.746273996052
CLUSTER_112,L,horse_man,1571.0,41.81181334826161
CLUSTER_112,L,pig_man,508.8,41.81181334826161
CLUSTER_115,L,cattle_man,12403.0,35.02066271687641
CLUSTER_115,L,horse_man,190.35,35.02066271687641
CLUSTER_115,L,pig_man,276.8087,35.02066271687641
CLUSTER_12,L,pig_man,96.610847,49.726149326257406
CLUSTER_147,L,cattle_man,5220.0,31.19930275862861
CLUSTER_147,L,horse_man,869.8,31.19930275862861
CLUSTER_147,L,pig_man,23.898,31.19930275862861
CLUSTER_167,L,cattle_man,16680.0,18.403679314533097
CLUSTER_167,L,horse_man,1062.4,18.403679314533097
CLUSTER_167,L,pig_man,722.3,18.403679314533097
CLUSTER_18,L,cattle_man,14355.0,24.98295886971467
CLUSTER_18,L,horse_man,809.7,24.98295886971467
CLUSTER_18,L,pig_man,338.1159,24.98295886971467
CLUSTER_19,L,cattle_man,13523.0,28.927480654283823
CLUSTER_19,L,horse_man,1890.0,28.927480654283823
CLUSTER_19,L,pig_man,322.3,28.927480654283823
CLUSTER_197,L,cattle_man,6600.0,11.600702600503766
CLUSTER_197,L,cattle_slu,30490.0,11.600702600503766
CLUSTER_197,L,horse_man,194.9,11.600702600503766
CLUSTER_21,L,cattle_man,11680.0,21.76041545731511
CLUSTER_21,L,horse_man,1242.7,21.76041545731511
CLUSTER_211,L,pig_man,51.2,47.65679643896817
CLUSTER_216,L,horse_man,1391.183,37.00617073987175
CLUSTER_220,L,cattle_man,1849.0,42.80122683157558
CLUSTER_220,L,horse_man,806.0,42.80122683157558
CLUSTER_220,L,pig_man,25.08,42.80122683157558
CLUSTER_221,L,cattle_man,8125.0,45.403012228078346
CLUSTER_221,L,horse_man,1171.9,45.403012228078346
CLUSTER_221,L,pig_man,218.174,45.403012228078346
CLUSTER_227,L,cattle_man,7020.0,42.3988248815718
CLUSTER_227,L,horse_man,79.97,42.3988248815718
CLUSTER_227,L,pig_man,882.0,42.3988248815718
CLUSTER_234,L,cattle_man,28380.0,36.78355526025742
CLUSTER_234,L,horse_man,2507.0,36.78355526025742
CLUSTER_234,L,pig_man,472.3,36.78355526025742
CLUSTER_249,L,cattle_man,9836.0,14.56364447455632
CLUSTER_249,L,cattle_slu,55040.0,14.56364447455632
CLUSTER_249,L,horse_man,1754.0,14.56364447455632
CLUSTER_249,L,pig_man,509.2300000000001,14.56364447455632
CLUSTER_259,L,cattle_man,11538.0,31.687005975831635
CLUSTER_259,L,horse_man,817.6,31.687005975831635
CLUSTER_259,L,pig_man,260.08,31.687005975831635
CLUSTER_261,L,cattle_man,10670.0,12.35394826118665
CLUSTER_261,L,cattle_slu,38770.0,12.35394826118665
CLUSTER_261,L,horse_man,1088.2,12.35394826118665
CLUSTER_261,L,pig_man,42.392,12.35394826118665
CLUSTER_262,L,horse_man,491.0,41.8975293417651
CLUSTER_262,L,pig_man,55.52,41.8975293417651
CLUSTER_265,L,horse_man,1119.1,56.65044764795453
CLUSTER_269,L,cattle_man,10313.0,34.240699305191235
CLUSTER_269,L,horse_man,2387.8,34.240699305191235
CLUSTER_269,L,pig_man,389.745,34.240699305191235
CLUSTER_286,L,pig_man,407.6,64.68030167444287
CLUSTER_299,L,cattle_man,4359.0,25.195045607619218
CLUSTER_299,L,horse_man,817.8,25.195045607619218
CLUSTER_299,L,pig_man,111.861,25.195045607619218
CLUSTER_32,L,cattle_man,20691.0,24.43892121990224
CLUSTER_32,L,horse_man,1842.9,24.43892121990224
CLUSTER_32,L,pig_man,176.1042,24.43892121990224
CLUSTER_331,L,pig_man,621.0,60.265286335641015
CLUSTER_335,L,horse_man,3071.0,46.72437642193629
CLUSTER_335,L,pig_man,497.042,46.72437642193629
CLUSTER_357,L,cattle_man,11532.0,16.525350496759692
CLUSTER_357,L,cattle_slu,46260.0,16.525350496759692
CLUSTER_357,L,horse_man,1403.7,16.525350496759692
CLUSTER_357,L,pig_man,843.3,16.525350496759692
CLUSTER_358,L,pig_man,505.06,48.84396742031255
CLUSTER_380,L,pig_man,506.99999999999994,54.69014772589752
CLUSTER_384,L,cattle_man,3170.0,38.90547609474698
CLUSTER_384,L,horse_man,619.0,38.90547609474698
CLUSTER_384,L,pig_man,123.71,38.90547609474698
CLUSTER_387,L,cattle_man,7795.0,16.750944435552835
CLUSTER_387,L,cattle_slu,37790.0,16.750944435552835
CLUSTER_387,L,horse_man,1714.3,16.750944435552835
CLUSTER_387,L,pig_man,180.0399,16.750944435552835
CLUSTER_40,L,cattle_man,5321.0,43.611214950827055
CLUSTER_40,L,horse_man,2457.6,43.611214950827055
CLUSTER_40,L,pig_man,213.46,43.611214950827055
CLUSTER_409,L,cattle_man,12230.0,24.587201713773517
CLUSTER_409,L,pig_man,568.9,24.587201713773517
CLUSTER_413,L,cattle_man,8790.0,25.1669617455326
CLUSTER_413,L,horse_man,36.0,25.1669617455326
CLUSTER_413,L,pig_man,1220.808,25.1669617455326
CLUSTER_414,L,cattle_man,13020.0,19.48531872272972
CLUSTER_414,L,horse_man,1048.1,19.48531872272972
CLUSTER_414,L,pig_man,218.538,19.48531872272972
CLUSTER_419,L,pig_man,62.91951999999999,51.931327797600765
CLUSTER_425,L,horse_man,526.6,59.27720531714695
CLUSTER_437,L,cattle_man,8510.0,30.06071523479476
CLUSTER_437,L,horse_man,938.0,30.06071523479476
CLUSTER_437,L,pig_man,50.0,30.06071523479476
CLUSTER_438,L,cattle_man,3331.0,6.299301792622229
CLUSTER_438,L,cattle_slu,18770.0,6.299301792622229
CLUSTER_438,L,horse_man,832.8,6.299301792622229
CLUSTER_438,L,pig_man,223.18,6.299301792622229
CLUSTER_461,L,pig_man,138.37,58.920451509748816
CLUSTER_475,L,cattle_man,3057.675703608709,41.994160337035765
CLUSTER_475,L,horse_man,665.9,41.994160337035765
CLUSTER_475,L,pig_man,250.66,41.994160337035765
CLUSTER_505,L,cattle_man,10770.0,27.138376011932134
CLUSTER_505,L,horse_man,942.0,27.138376011932134
CLUSTER_512,L,cattle_man,5080.0,29.25549023932197
CLUSTER_512,L,horse_man,541.0,29.25549023932197
CLUSTER_512,L,pig_man,391.0,29.25549023932197
CLUSTER_529,L,cattle_man,7480.0,19.59058596250608
CLUSTER_529,L,horse_man,807.0,19.59058596250608
CLUSTER_529,L,pig_man,18.6,19.59058596250608
CLUSTER_536,L,cattle_man,3358.0,37.06906686821817
CLUSTER_536,L,horse_man,483.9,37.06906686821817
CLUSTER_536,L,pig_man,168.6,37.06906686821817
CLUSTER_59,L,cattle_man,5668.0,13.3383244538964
CLUSTER_59,L,cattle_slu,29710.0,13.3383244538964
CLUSTER_59,L,horse_man,456.477,13.3383244538964
CLUSTER_59,L,pig_man,56.019,13.3383244538964
CLUSTER_98,L,pig_man,181.343,58.3533025768684
CLUSTER_108,M,maize_str,350.0,35.018409884080285
CLUSTER_108,M,rape_str,1296.1,35.018409884080285
CLUSTER_108,M,legume_str,386.8,35.018409884080285
CLUSTER_114,M,cattle_man,3025.0,9.820857464144687
CLUSTER_114,M,horse_man,632.9,9.820857464144687
CLUSTER_114,M,pig_man,77.82100000000001,9.820857464144687
CLUSTER_114,M,clover_alfalfa_grass,9800.0,9.820857464144687
CLUSTER_114,M,maize_str,77.8,9.820857464144687
CLUSTER_114,M,beet_leaf,323.0584,9.820857464144687
CLUSTER_114,M,rape_str,2133.0,9.820857464144687
CLUSTER_114,M,legume_str,233.9,9.820857464144687
CLUSTER_133,M,horse_man,538.3,39.46171593863482
CLUSTER_133,M,rape_str,74.2,39.46171593863482
CLUSTER_153,M,maize_str,346.3,43.53907303691366
CLUSTER_153,M,rape_str,2865.0,43.53907303691366
CLUSTER_153,M,legume_str,465.2,43.53907303691366
CLUSTER_168,M,cattle_man,4187.0,21.13757104789127
CLUSTER_168,M,horse_man,2384.0,21.13757104789127
CLUSTER_168,M,pig_man,426.892,21.13757104789127
CLUSTER_168,M,clover_alfalfa_grass,9078.0,21.13757104789127
CLUSTER_168,M,maize_str,165.79,21.13757104789127
CLUSTER_168,M,rape_str,528.6,21.13757104789127
CLUSTER_168,M,legume_str,159.0,21.13757104789127
CLUSTER_194,M,maize_str,238.4,37.74017682112001
CLUSTER_194,M,rape_str,1397.0,37.74017682112001
CLUSTER_194,M,legume_str,213.55,37.74017682112001
CLUSTER_199,M,cattle_man,3629.0,21.12169344266976
CLUSTER_199,M,horse_man,704.0,21.12169344266976
CLUSTER_199,M,clover_alfalfa_grass,18000.0,21.12169344266976
CLUSTER_199,M,maize_str,12.3167,21.12169344266976
CLUSTER_199,M,rape_str,2095.0,21.12169344266976
CLUSTER_199,M,legume_str,218.02,21.12169344266976
CLUSTER_217,M,cattle_man,3099.0,14.637922394969252
CLUSTER_217,M,horse_man,1360.0,14.637922394969252
CLUSTER_217,M,clover_alfalfa_grass,3818.0,14.637922394969252
CLUSTER_217,M,maize_str,304.0,14.637922394969252
CLUSTER_217,M,beet_leaf,1679.0,14.637922394969252
CLUSTER_217,M,rape_str,2680.0,14.637922394969252
CLUSTER_217,M,legume_str,337.9,14.637922394969252
CLUSTER_220,M,rape_str,396.0,41.660161486217575
CLUSTER_220,M,legume_str,140.7,41.660161486217575
CLUSTER_221,M,maize_str,70.25,32.60244310547581
CLUSTER_221,M,rape_str,447.85,32.60244310547581
CLUSTER_221,M,legume_str,89.54,32.60244310547581
CLUSTER_222,M,cattle_man,794.6,23.850553001888787
CLUSTER_222,M,horse_man,643.3,23.850553001888787
CLUSTER_222,M,clover_alfalfa_grass,722.1087816369071,23.850553001888787
CLUSTER_222,M,maize_str,154.36,23.850553001888787
CLUSTER_222,M,rape_str,844.8,23.850553001888787
CLUSTER_222,M,legume_str,145.8,23.850553001888787
CLUSTER_25,M,rape_str,361.4,32.01599368331387
CLUSTER_25,M,legume_str,111.18,32.01599368331387
CLUSTER_255,M,cattle_man,5100.0,5.254333445527126
CLUSTER_255,M,cattle_slu,28842.0,5.254333445527126
CLUSTER_255,M,horse_man,1720.5,5.254333445527126
CLUSTER_255,M,pig_man,204.36,5.254333445527126
CLUSTER_255,M,clover_alfalfa_grass,3538.277,5.254333445527126
CLUSTER_255,M,maize_str,91.14,5.254333445527126
CLUSTER_255,M,beet_leaf,402.0,5.254333445527126
CLUSTER_255,M,rape_str,1415.5,5.254333445527126
CLUSTER_255,M,legume_str,246.64000000000001,5.254333445527126
CLUSTER_265,M,maize_str,149.62,38.60457550920962
CLUSTER_265,M,rape_str,352.79,38.60457550920962
CLUSTER_265,M,legume_str,130.86,38.60457550920962
CLUSTER_293,M,cattle_man,4637.0,21.246637110359025
CLUSTER_293,M,horse_man,504.0,21.246637110359025
CLUSTER_293,M,clover_alfalfa_grass,1904.0,21.246637110359025
CLUSTER_293,M,maize_str,181.2,21.246637110359025
CLUSTER_293,M,beet_leaf,629.168,21.246637110359025
CLUSTER_293,M,rape_str,1991.0000000000002,21.246637110359025
CLUSTER_293,M,legume_str,195.85,21.246637110359025
CLUSTER_298,M,maize_str,131.71,46.60251383891386
CLUSTER_298,M,rape_str,1018.0,46.60251383891386
CLUSTER_298,M,legume_str,191.9,46.60251383891386
CLUSTER_326,M,cattle_man,7270.0,20.823433907407043
CLUSTER_326,M,horse_man,1285.4,20.823433907407043
CLUSTER_326,M,clover_alfalfa_grass,4181.0,20.823433907407043
CLUSTER_326,M,maize_str,598.0,20.823433907407043
CLUSTER_326,M,beet_leaf,1131.0,20.823433907407043
CLUSTER_326,M,rape_str,2611.0,20.823433907407043
CLUSTER_326,M,legume_str,268.6,20.823433907407043
CLUSTER_327,M,horse_man,336.5,41.93402162314848
CLUSTER_327,M,rape_str,68.7,41.93402162314848
CLUSTER_327,M,legume_str,27.7,41.93402162314848
CLUSTER_331,M,cattle_man,5700.0,20.527584024973255
CLUSTER_331,M,horse_man,3020.0,20.527584024973255
CLUSTER_331,M,clover_alfalfa_grass,10090.0,20.527584024973255
CLUSTER_331,M,maize_str,232.3,20.527584024973255
CLUSTER_331,M,beet_leaf,208.9,20.527584024973255
CLUSTER_331,M,rape_str,1228.0,20.527584024973255
CLUSTER_331,M,legume_str,336.0,20.527584024973255
CLUSTER_335,M,cattle_man,4820.0,28.62313773140061
CLUSTER_335,M,maize_str,16.3,28.62313773140061
CLUSTER_335,M,rape_str,517.7,28.62313773140061
CLUSTER_335,M,legume_str,75.2,28.62313773140061
CLUSTER_347,M,cattle_man,674.0,24.848574634121807
CLUSTER_347,M,horse_man,826.5,24.848574634121807
CLUSTER_347,M,maize_str,40.67,24.848574634121807
CLUSTER_347,M,rape_str,703.0,24.848574634121807
CLUSTER_347,M,legume_str,72.69999999999999,24.848574634121807
CLUSTER_359,M,cattle_man,4205.0,29.71682802855433
CLUSTER_359,M,horse_man,362.1,29.71682802855433
CLUSTER_359,M,pig_man,13.947,29.71682802855433
CLUSTER_359,M,maize_str,36.5,29.71682802855433
CLUSTER_359,M,rape_str,388.5,29.71682802855433
CLUSTER_359,M,legume_str,17.74,29.71682802855433
CLUSTER_36,M,cattle_man,5369.2,20.444186924921613
CLUSTER_36,M,horse_man,1610.7,20.444186924921613
CLUSTER_36,M,pig_man,1634.0,20.444186924921613
CLUSTER_36,M,clover_alfalfa_grass,2226.0,20.444186924921613
CLUSTER_36,M,maize_str,381.1,20.444186924921613
CLUSTER_36,M,beet_leaf,843.4,20.444186924921613
CLUSTER_36,M,rape_str,1517.0,20.444186924921613
CLUSTER_36,M,legume_str,273.0,20.444186924921613
CLUSTER_367,M,cattle_man,1682.0,18.324113732613917
CLUSTER_367,M,horse_man,1169.9,18.324113732613917
CLUSTER_367,M,clover_alfalfa_grass,4930.0637,18.324113732613917
CLUSTER_367,M,maize_str,296.88,18.324113732613917
CLUSTER_367,M,beet_leaf,562.0,18.324113732613917
CLUSTER_367,M,rape_str,1095.0,18.324113732613917
CLUSTER_367,M,legume_str,263.8,18.324113732613917
CLUSTER_380,M,cattle_man,6580.0,20.09954938421689
CLUSTER_380,M,horse_man,1242.0,20.09954938421689
CLUSTER_380,M,clover_alfalfa_grass,8660.0,20.09954938421689
CLUSTER_380,M,maize_str,92.9,20.09954938421689
CLUSTER_380,M,beet_leaf,15.840000000000002,20.09954938421689
CLUSTER_380,M,rape_str,2235.0,20.09954938421689
CLUSTER_380,M,legume_str,263.0,20.09954938421689
CLUSTER_401,M,cattle_man,1666.8,15.316946665624483
CLUSTER_401,M,horse_man,929.5,15.316946665624483
CLUSTER_401,M,pig_man,189.6729,15.316946665624483
CLUSTER_401,M,clover_alfalfa_grass,2687.56,15.316946665624483
CLUSTER_401,M,maize_str,100.7,15.316946665624483
CLUSTER_401,M,rape_str,292.6,15.316946665624483
CLUSTER_401,M,legume_str,39.49,15.316946665624483
CLUSTER_418,M,maize_str,247.58,30.058458195187796
CLUSTER_418,M,rape_str,1244.0,30.058458195187796
CLUSTER_418,M,legume_str,130.8,30.058458195187796
CLUSTER_421,M,maize_str,277.1,47.597968286042935
CLUSTER_421,M,rape_str,740.8,47.597968286042935
CLUSTER_421,M,legume_str,191.0,47.597968286042935
CLUSTER_444,M,cattle_man,2690.0,28.76140703100064
CLUSTER_444,M,horse_man,379.2,28.76140703100064
CLUSTER_444,M,maize_str,46.25,28.76140703100064
CLUSTER_444,M,rape_str,842.13,28.76140703100064
CLUSTER_444,M,legume_str,165.45999999999998,28.76140703100064
CLUSTER_455,M,cattle_man,11640.0,29.03652584128889
CLUSTER_455,M,horse_man,810.1,29.03652584128889
CLUSTER_455,M,maize_str,263.67,29.03652584128889
CLUSTER_455,M,rape_str,1213.0,29.03652584128889
CLUSTER_455,M,legume_str,362.4,29.03652584128889
CLUSTER_46,M,maize_str,216.072,35.9698100072406
CLUSTER_46,M,rape_str,1841.4,35.9698100072406
CLUSTER_46,M,legume_str,245.43999999999997,35.9698100072406
CLUSTER_465,M,cattle_man,5980.0,8.954397898987526
CLUSTER_465,M,cattle_slu,28910.0,8.954397898987526
CLUSTER_465,M,horse_man,1448.0,8.954397898987526
CLUSTER_465,M,clover_alfalfa_grass,4890.0,8.954397898987526
CLUSTER_465,M,maize_str,1243.0,8.954397898987526
CLUSTER_465,M,beet_leaf,1146.0,8.954397898987526
CLUSTER_465,M,rape_str,2360.0,8.954397898987526
CLUSTER_465,M,legume_str,750.0,8.954397898987526
CLUSTER_467,M,cattle_man,779.0,30.01119979381283
CLUSTER_467,M,horse_man,266.5,30.01119979381283
CLUSTER_467,M,maize_str,240.8,30.01119979381283
CLUSTER_467,M,rape_str,1193.5,30.01119979381283
CLUSTER_467,M,legume_str,423.2,30.01119979381283
CLUSTER_468,M,maize_str,120.0,36.27434112947923
CLUSTER_468,M,rape_str,574.4,36.27434112947923
CLUSTER_468,M,legume_str,142.73,36.27434112947923
CLUSTER_517,M,maize_str,38.76,31.344144667919306
CLUSTER_517,M,rape_str,729.3,31.344144667919306
CLUSTER_517,M,legume_str,119.6,31.344144667919306
CLUSTER_525,M,cattle_man,4927.7,33.14658486836374
CLUSTER_525,M,horse_man,29.06,33.14658486836374
CLUSTER_525,M,maize_str,16.1,33.14658486836374
CLUSTER_525,M,rape_str,758.0,33.14658486836374
CLUSTER_525,M,legume_str,32.37,33.14658486836374
CLUSTER_526,M,cattle_man,2490.0,34.534420350400545
CLUSTER_526,M,horse_man,485.0,34.534420350400545
CLUSTER_526,M,rape_str,1150.0,34.534420350400545
CLUSTER_526,M,legume_str,215.0,34.534420350400545
CLUSTER_535,M,cattle_man,1578.0,19.17285349135043
CLUSTER_535,M,horse_man,706.0,19.17285349135043
CLUSTER_535,M,pig_man,303.3,19.17285349135043
CLUSTER_535,M,clover_alfalfa_grass,507.3,19.17285349135043
CLUSTER_535,M,maize_str,176.0,19.17285349135043
CLUSTER_535,M,beet_leaf,340.1,19.17285349135043
CLUSTER_535,M,rape_str,709.22,19.17285349135043
CLUSTER_535,M,legume_str,91.4,19.17285349135043
CLUSTER_539,M,cattle_man,2743.0,11.122715516639463
CLUSTER_539,M,horse_man,433.0,11.122715516639463
CLUSTER_539,M,clover_alfalfa_grass,1980.0,11.122715516639463
CLUSTER_539,M,maize_str,65.900231,11.122715516639463
CLUSTER_539,M,beet_leaf,110.0356,11.122715516639463
CLUSTER_539,M,rape_str,737.0,11.122715516639463
CLUSTER_539,M,legume_str,111.4,11.122715516639463
CLUSTER_1,N,cattle_man,7654.55,32.3072838511313
CLUSTER_1,N,horse_man,642.4,32.3072838511313
CLUSTER_1,N,maize_str,371.5,32.3072838511313
CLUSTER_1,N,rape_str,1763.0,32.3072838511313
CLUSTER_1,N,legume_str,279.7,32.3072838511313
CLUSTER_101,N,maize_str,163.78503,59.19279128209864
CLUSTER_101,N,rape_str,1060.3,59.19279128209864
CLUSTER_101,N,legume_str,210.4,59.19279128209864
CLUSTER_11,N,maize_str,190.9,35.61897909608213
CLUSTER_11,N,rape_str,672.41,35.61897909608213
CLUSTER_11,N,legume_str,180.37,35.61897909608213
CLUSTER_12,N,cattle_man,6212.0,17.443583194182164
CLUSTER_12,N,horse_man,2496.5,17.443583194182164
CLUSTER_12,N,clover_alfalfa_grass,6028.0,17.443583194182164
CLUSTER_12,N,maize_str,50.79,17.443583194182164
CLUSTER_12,N,rape_str,261.194,17.443583194182164
CLUSTER_12,N,legume_str,192.82,17.443583194182164
CLUSTER_125,N,maize_str,642.8,50.442623579238166
CLUSTER_125,N,rape_str,3920.0,50.442623579238166
CLUSTER_125,N,legume_str,441.0,50.442623579238166
CLUSTER_140,N,maize_str,426.4,50.96238578654023
CLUSTER_140,N,rape_str,2088.0,50.96238578654023
CLUSTER_140,N,legume_str,312.5,50.96238578654023
CLUSTER_141,N,maize_str,54.6,30.876068764494235
CLUSTER_145,N,maize_str,1224.5,62.02661415938316
CLUSTER_147,N,maize_str,127.70000000000002,36.827781372373416
CLUSTER_147,N,rape_str,506.3,36.827781372373416
CLUSTER_147,N,legume_str,68.23,36.827781372373416
CLUSTER_15,N,cattle_man,7650.0,9.924125361092468
CLUSTER_15,N,cattle_slu,38314.463980118366,9.924125361092468
CLUSTER_15,N,horse_man,5057.0,9.924125361092468
CLUSTER_15,N,pig_man,68.319,9.924125361092468
CLUSTER_15,N,clover_alfalfa_grass,9286.0,9.924125361092468
CLUSTER_15,N,maize_str,45.96,9.924125361092468
CLUSTER_15,N,rape_str,787.2,9.924125361092468
CLUSTER_15,N,legume_str,224.491,9.924125361092468
CLUSTER_162,N,maize_str,2701.3429851904593,62.23783572947976
CLUSTER_167,N,maize_str,255.30000000000004,51.09214172405282
CLUSTER_167,N,rape_str,2138.0,51.09214172405282
CLUSTER_167,N,legume_str,378.19,51.09214172405282
CLUSTER_171,N,maize_str,987.0,37.04091388855871
CLUSTER_171,N,rape_str,1563.0,37.04091388855871
CLUSTER_171,N,legume_str,188.6,37.04091388855871
CLUSTER_188,N,cattle_man,6172.0,16.352591820309843
CLUSTER_188,N,horse_man,1732.0,16.352591820309843
CLUSTER_188,N,pig_man,27.346000000000004,16.352591820309843
CLUSTER_188,N,clover_alfalfa_grass,1015.6499999999999,16.352591820309843
CLUSTER_188,N,maize_str,198.76,16.352591820309843
CLUSTER_188,N,rape_str,21.25,16.352591820309843
CLUSTER_188,N,legume_str,67.118,16.352591820309843
CLUSTER_19,N,rape_str,1053.0,49.47294723522028
CLUSTER_19,N,legume_str,163.01,49.47294723522028
CLUSTER_212,N,maize_str,2516.0,57.52620233764485
CLUSTER_212,N,rape_str,2994.0,57.52620233764485
CLUSTER_212,N,legume_str,423.4,57.52620233764485
CLUSTER_219,N,maize_str,434.5,40.46278946071544
CLUSTER_219,N,rape_str,2300.0,40.46278946071544
CLUSTER_219,N,legume_str,276.0,40.46278946071544
CLUSTER_230,N,maize_str,30.722,35.33878649734148
CLUSTER_230,N,rape_str,1536.0,35.33878649734148
CLUSTER_230,N,legume_str,288.0,35.33878649734148
CLUSTER_259,N,maize_str,51.0,39.8602813928401
CLUSTER_259,N,rape_str,1130.8,39.8602813928401
CLUSTER_259,N,legume_str,90.26,39.8602813928401
CLUSTER_262,N,cattle_man,7320.0,24.611796963408302
CLUSTER_262,N,clover_alfalfa_grass,11260.0,24.611796963408302
CLUSTER_262,N,maize_str,19.9,24.611796963408302
CLUSTER_262,N,rape_str,727.9,24.611796963408302
CLUSTER_262,N,legume_str,189.5,24.611796963408302
CLUSTER_272,N,maize_str,27.6,32.71803328922805
CLUSTER_272,N,rape_str,238.3,32.71803328922805
CLUSTER_272,N,legume_str,111.767,32.71803328922805
CLUSTER_290,N,maize_str,388.7,58.25986838419616
CLUSTER_290,N,rape_str,1121.03,58.25986838419616
CLUSTER_290,N,legume_str,233.8,58.25986838419616
CLUSTER_31,N,legume_str,400.9,62.87394831123863
CLUSTER_322,N,cattle_man,5790.0,14.561756345981063
CLUSTER_322,N,horse_man,1355.0,14.561756345981063
CLUSTER_322,N,pig_man,57.48,14.561756345981063
CLUSTER_322,N,clover_alfalfa_grass,9910.0,14.561756345981063
CLUSTER_322,N,maize_str,206.2,14.561756345981063
CLUSTER_322,N,rape_str,704.3,14.561756345981063
CLUSTER_322,N,legume_str,115.8,14.561756345981063
CLUSTER_346,N,cattle_man,146.3,15.111891509836216
CLUSTER_346,N,horse_man,804.6,15.111891509836216
CLUSTER_346,N,clover_alfalfa_grass,427.46,15.111891509836216
CLUSTER_346,N,maize_str,86.7,15.111891509836216
CLUSTER_346,N,beet_leaf,12.9,15.111891509836216
CLUSTER_346,N,rape_str,14.6,15.111891509836216
CLUSTER_35,N,maize_str,1422.0,48.41220203833745
CLUSTER_35,N,rape_str,3218.0,48.41220203833745
CLUSTER_35,N,legume_str,631.6,48.41220203833745
CLUSTER_351,N,cattle_man,14750.0,23.32720038103152
CLUSTER_351,N,horse_man,1500.0,23.32720038103152
CLUSTER_351,N,clover_alfalfa_grass,7160.0,23.32720038103152
CLUSTER_351,N,maize_str,544.0,23.32720038103152
CLUSTER_351,N,beet_leaf,525.0,23.32720038103152
CLUSTER_351,N,rape_str,1727.0,23.32720038103152
CLUSTER_351,N,legume_str,523.0,23.32720038103152
CLUSTER_373,N,maize_str,870.8,58.6888622122307
CLUSTER_373,N,rape_str,814.9,58.6888622122307
CLUSTER_373,N,legume_str,370.5,58.6888622122307
CLUSTER_381,N,maize_str,43.94,35.031735833917494
CLUSTER_381,N,rape_str,1369.1,35.031735833917494
CLUSTER_381,N,legume_str,127.29,35.031735833917494
CLUSTER_382,N,maize_str,346.7,47.89718058696931
CLUSTER_382,N,rape_str,1028.0,47.89718058696931
CLUSTER_382,N,legume_str,385.1,47.89718058696931
CLUSTER_384,N,rape_str,817.0,38.396182870817135
CLUSTER_384,N,legume_str,93.3,38.396182870817135
CLUSTER_385,N,maize_str,270.19,62.18804222823898
CLUSTER_385,N,legume_str,299.0,62.18804222823898
CLUSTER_392,N,cattle_man,5800.0,22.11112152008039
CLUSTER_392,N,clover_alfalfa_grass,18270.0,22.11112152008039
CLUSTER_392,N,rape_str,1560.0,22.11112152008039
CLUSTER_392,N,legume_str,315.9,22.11112152008039
CLUSTER_394,N,cattle_man,6080.0,33.91137779036167
CLUSTER_394,N,horse_man,571.3,33.91137779036167
CLUSTER_394,N,maize_str,629.0,33.91137779036167
CLUSTER_394,N,rape_str,3108.0,33.91137779036167
CLUSTER_394,N,legume_str,403.6,33.91137779036167
CLUSTER_397,N,maize_str,658.9,55.33744236921226
CLUSTER_397,N,rape_str,641.0,55.33744236921226
CLUSTER_397,N,legume_str,173.8,55.33744236921226
CLUSTER_399,N,legume_str,297.37,62.9806970392908
CLUSTER_40,N,maize_str,53.400000000000006,28.518472837813334
CLUSTER_40,N,rape_str,458.3,28.518472837813334
CLUSTER_40,N,legume_str,180.49,28.518472837813334
CLUSTER_404,N,cattle_man,4430.0,21.003807242384923
CLUSTER_404,N,horse_man,1860.0,21.003807242384923
CLUSTER_404,N,clover_alfalfa_grass,1980.0,21.003807242384923
CLUSTER_404,N,maize_str,137.9,21.003807242384923
CLUSTER_404,N,beet_leaf,1040.6,21.003807242384923
CLUSTER_404,N,rape_str,430.0,21.003807242384923
CLUSTER_404,N,legume_str,89.80000000000001,21.003807242384923
CLUSTER_409,N,maize_str,369.0,56.23432976643847
CLUSTER_409,N,rape_str,1187.0,56.23432976643847
CLUSTER_409,N,legume_str,168.2,56.23432976643847
CLUSTER_41,N,maize_str,85.41,43.65042949570344
CLUSTER_41,N,rape_str,100.22,43.65042949570344
CLUSTER_41,N,legume_str,35.1,43.65042949570344
CLUSTER_425,N,maize_str,64.34,38.30723149235684
CLUSTER_425,N,rape_str,615.3,38.30723149235684
CLUSTER_425,N,legume_str,35.99,38.30723149235684
CLUSTER_435,N,cattle_man,3989.9999999999995,9.409640230184513
CLUSTER_435,N,cattle_slu,23870.0,9.409640230184513
CLUSTER_435,N,horse_man,1508.0,9.409640230184513
CLUSTER_435,N,pig_man,46.49,9.409640230184513
CLUSTER_435,N,clover_alfalfa_grass,1848.0,9.409640230184513
CLUSTER_435,N,maize_str,65.7,9.409640230184513
CLUSTER_435,N,rape_str,153.1,9.409640230184513
CLUSTER_435,N,legume_str,63.4,9.409640230184513
CLUSTER_451,N,maize_str,737.0,36.50970077893744
CLUSTER_451,N,rape_str,3060.0,36.50970077893744
CLUSTER_451,N,legume_str,293.0,36.50970077893744
CLUSTER_469,N,maize_str,488.99999999999994,53.84753864670213
CLUSTER_469,N,rape_str,1099.0,53.84753864670213
CLUSTER_469,N,legume_str,204.7,53.84753864670213
CLUSTER_476,N,cattle_man,2730.0,7.720936088198288
CLUSTER_476,N,cattle_slu,21010.0,7.720936088198288
CLUSTER_476,N,horse_man,492.00000000000006,7.720936088198288
CLUSTER_476,N,clover_alfalfa_grass,1107.0,7.720936088198288
CLUSTER_476,N,maize_str,70.1,7.720936088198288
CLUSTER_476,N,rape_str,21.8,7.720936088198288
CLUSTER_476,N,legume_str,20.15,7.720936088198288
CLUSTER_481,N,maize_str,1163.0,41.5676180116724
CLUSTER_481,N,rape_str,4790.0,41.5676180116724
CLUSTER_481,N,legume_str,620.0,41.5676180116724
CLUSTER_503,N,legume_str,401.2,64.10220123301512
CLUSTER_510,N,cattle_man,2238.5,31.81434222600124
CLUSTER_510,N,horse_man,1319.0,31.81434222600124
CLUSTER_510,N,maize_str,22.419,31.81434222600124
CLUSTER_510,N,rape_str,86.1,31.81434222600124
CLUSTER_510,N,legume_str,52.36,31.81434222600124
CLUSTER_512,N,maize_str,72.075,37.05815719643466
CLUSTER_512,N,rape_str,499.0,37.05815719643466
CLUSTER_512,N,legume_str,138.2,37.05815719643466
CLUSTER_524,N,maize_str,134.6,36.50230143580973
CLUSTER_524,N,rape_str,55.9,36.50230143580973
CLUSTER_524,N,legume_str,84.033,36.50230143580973
CLUSTER_529,N,maize_str,99.2,46.18459654248634
CLUSTER_529,N,rape_str,859.0,46.18459654248634
CLUSTER_529,N,legume_str,186.5,46.18459654248634
CLUSTER_536,N,rape_str,222.0,28.72467322838852
CLUSTER_536,N,legume_str,88.69999999999999,28.72467322838852
CLUSTER_55,N,cattle_man,3272.0,22.92860903678731
CLUSTER_55,N,horse_man,3076.3,22.92860903678731
CLUSTER_55,N,clover_alfalfa_grass,6612.0,22.92860903678731
CLUSTER_55,N,maize_str,329.6,22.92860903678731
CLUSTER_55,N,rape_str,291.6,22.92860903678731
CLUSTER_55,N,legume_str,299.8,22.92860903678731
CLUSTER_7,N,maize_str,153.4,45.51679711931823
CLUSTER_7,N,rape_str,2308.0,45.51679711931823
CLUSTER_7,N,legume_str,232.0,45.51679711931823
CLUSTER_72,N,cattle_man,21650.0,24.38306296080844
CLUSTER_72,N,horse_man,4938.0,24.38306296080844
CLUSTER_72,N,clover_alfalfa_grass,23705.0,24.38306296080844
CLUSTER_72,N,maize_str,914.0,24.38306296080844
CLUSTER_72,N,rape_str,3098.0,24.38306296080844
CLUSTER_72,N,legume_str,700.5,24.38306296080844
CLUSTER_76,N,cattle_man,2539.0,24.772813642373222
CLUSTER_76,N,horse_man,2263.0,24.772813642373222
CLUSTER_76,N,clover_alfalfa_grass,1123.0,24.772813642373222
CLUSTER_76,N,maize_str,96.25,24.772813642373222
CLUSTER_76,N,rape_str,35.114,24.772813642373222
CLUSTER_76,N,legume_str,109.68,24.772813642373222
CLUSTER_77,N,maize_str,102.6,29.81415724854001
CLUSTER_77,N,rape_str,1929.0,29.81415724854001
CLUSTER_77,N,legume_str,300.0,29.81415724854001
CLUSTER_78,N,horse_man,205.35177000970486,34.843704392679804
CLUSTER_78,N,maize_str,136.0,34.843704392679804
CLUSTER_78,N,rape_str,178.1,34.843704392679804
CLUSTER_78,N,legume_str,40.33,34.843704392679804
CLUSTER_88,N,maize_str,94.46,42.50472076885264
CLUSTER_88,N,rape_str,1116.4,42.50472076885264
CLUSTER_88,N,legume_str,227.87,42.50472076885264
CLUSTER_89,N,maize_str,601.4,43.83796860622318
CLUSTER_89,N,rape_str,2965.0,43.83796860622318
CLUSTER_89,N,legume_str,351.6,43.83796860622318
CLUSTER_96,N,cattle_man,3690.0,21.353288655590845
CLUSTER_96,N,horse_man,2943.838,21.353288655590845
CLUSTER_96,N,clover_alfalfa_grass,3770.0,21.353288655590845
CLUSTER_96,N,maize_str,261.74,21.353288655590845
CLUSTER_96,N,beet_leaf,1891.91,21.353288655590845
CLUSTER_96,N,rape_str,553.6,21.353288655590845
CLUSTER_96,N,legume_str,216.1,21.353288655590845
CLUSTER_110,O,cattle_man,22036.0,20.49873217417336
CLUSTER_110,O,horse_man,797.0,20.49873217417336
CLUSTER_110,O,clover_alfalfa_grass,1581.5,20.49873217417336
CLUSTER_110,O,rape_str,218.1,20.49873217417336
CLUSTER_110,O,legume_str,32.8,20.49873217417336
CLUSTER_119,O,cattle_man,14930.0,25.270236585159687
CLUSTER_119,O,horse_man,1764.0,25.270236585159687
CLUSTER_119,O,pig_man,210.9,25.270236585159687
CLUSTER_119,O,clover_alfalfa_grass,2730.0,25.270236585159687
CLUSTER_119,O,beet_leaf,644.0,25.270236585159687
CLUSTER_119,O,rape_str,1302.0,25.270236585159687
CLUSTER_119,O,legume_str,143.3,25.270236585159687
CLUSTER_134,O,maize_str,712.3,40.07225285629757
CLUSTER_134,O,rape_str,1039.3,40.07225285629757
CLUSTER_134,O,legume_str,277.13,40.07225285629757
CLUSTER_154,O,maize_str,84.14,34.951571774118975
CLUSTER_154,O,rape_str,1500.8,34.951571774118975
CLUSTER_154,O,legume_str,348.1,34.951571774118975
CLUSTER_16,O,maize_str,361.46,53.12622931647181
CLUSTER_163,O,cattle_man,10520.0,20.454346041988394
CLUSTER_163,O,horse_man,1805.0,20.454346041988394
CLUSTER_163,O,clover_alfalfa_grass,5751.6,20.454346041988394
CLUSTER_163,O,beet_leaf,38.36,20.454346041988394
CLUSTER_163,O,rape_str,435.3,20.454346041988394
CLUSTER_163,O,legume_str,26.23,20.454346041988394
CLUSTER_164,O,horse_man,1264.0,34.07247564138584
CLUSTER_164,O,maize_str,100.7,34.07247564138584
CLUSTER_173,O,cattle_man,7846.000000000001,11.015072656192917
CLUSTER_173,O,cattle_slu,8502.0,11.015072656192917
CLUSTER_173,O,horse_man,973.0,11.015072656192917
CLUSTER_173,O,pig_man,64.52416,11.015072656192917
CLUSTER_173,O,clover_alfalfa_grass,4227.0,11.015072656192917
CLUSTER_173,O,rape_str,696.9,11.015072656192917
CLUSTER_173,O,legume_str,245.0,11.015072656192917
CLUSTER_177,O,cattle_man,5132.0,9.28037729145628
CLUSTER_177,O,cattle_slu,4510.4,9.28037729145628
CLUSTER_177,O,horse_man,285.4,9.28037729145628
CLUSTER_177,O,clover_alfalfa_grass,1485.5,9.28037729145628
CLUSTER_177,O,maize_str,263.9,9.28037729145628
CLUSTER_177,O,beet_leaf,2919.0,9.28037729145628
CLUSTER_177,O,rape_str,3337.0,9.28037729145628
CLUSTER_177,O,legume_str,144.7,9.28037729145628
CLUSTER_179,O,cattle_man,11220.0,15.5585677577792
CLUSTER_179,O,horse_man,1139.0,15.5585677577792
CLUSTER_179,O,pig_man,63.56600000000001,15.5585677577792
CLUSTER_179,O,clover_alfalfa_grass,1690.0,15.5585677577792
CLUSTER_179,O,rape_str,741.5,15.5585677577792
CLUSTER_179,O,legume_str,197.6,15.5585677577792
CLUSTER_200,O,cattle_man,3150.0,19.920834355447536
CLUSTER_200,O,horse_man,797.9,19.920834355447536
CLUSTER_200,O,clover_alfalfa_grass,2944.0,19.920834355447536
CLUSTER_200,O,maize_str,105.4,19.920834355447536
CLUSTER_200,O,beet_leaf,1422.0,19.920834355447536
CLUSTER_200,O,rape_str,2260.0,19.920834355447536
CLUSTER_200,O,legume_str,199.5,19.920834355447536
CLUSTER_213,O,horse_man,642.2,37.83860753860669
CLUSTER_213,O,rape_str,23.34398860904094,37.83860753860669
CLUSTER_213,O,legume_str,10.36,37.83860753860669
CLUSTER_236,O,cattle_man,1177.4,18.459959161287223
CLUSTER_236,O,horse_man,1045.5,18.459959161287223
CLUSTER_236,O,clover_alfalfa_grass,7577.00461,18.459959161287223
CLUSTER_236,O,maize_str,46.4,18.459959161287223
CLUSTER_236,O,beet_leaf,1965.0000000000002,18.459959161287223
CLUSTER_236,O,rape_str,1247.0,18.459959161287223
CLUSTER_236,O,legume_str,601.1,18.459959161287223
CLUSTER_238,O,cattle_man,7143.0,26.936375000827955
CLUSTER_238,O,horse_man,820.7,26.936375000827955
CLUSTER_238,O,pig_man,123.38,26.936375000827955
CLUSTER_238,O,clover_alfalfa_grass,4807.0,26.936375000827955
CLUSTER_238,O,beet_leaf,948.4,26.936375000827955
CLUSTER_238,O,rape_str,2251.0,26.936375000827955
CLUSTER_238,O,legume_str,234.7,26.936375000827955
CLUSTER_24,O,maize_str,610.37,35.68398077994471
CLUSTER_24,O,rape_str,4848.0,35.68398077994471
CLUSTER_24,O,legume_str,769.8,35.68398077994471
CLUSTER_247,O,cattle_man,2871.0,21.202279350639497
CLUSTER_247,O,horse_man,632.0,21.202279350639497
CLUSTER_247,O,clover_alfalfa_grass,4320.0,21.202279350639497
CLUSTER_247,O,maize_str,161.1,21.202279350639497
CLUSTER_247,O,beet_leaf,1045.0,21.202279350639497
CLUSTER_247,O,rape_str,3410.0,21.202279350639497
CLUSTER_247,O,legume_str,474.1,21.202279350639497
CLUSTER_271,O,cattle_man,3622.2,23.68483299342132
CLUSTER_271,O,horse_man,278.4,23.68483299342132
CLUSTER_271,O,pig_man,831.7,23.68483299342132
CLUSTER_271,O,clover_alfalfa_grass,3043.0,23.68483299342132
CLUSTER_271,O,maize_str,266.3,23.68483299342132
CLUSTER_271,O,beet_leaf,4136.0,23.68483299342132
CLUSTER_271,O,rape_str,2906.0,23.68483299342132
CLUSTER_271,O,legume_str,258.8,23.68483299342132
CLUSTER_275,O,cattle_man,3212.5,31.57887114646768
CLUSTER_275,O,horse_man,564.0,31.57887114646768
CLUSTER_275,O,maize_str,130.5,31.57887114646768
CLUSTER_275,O,rape_str,2420.0,31.57887114646768
CLUSTER_275,O,legume_str,322.6,31.57887114646768
CLUSTER_283,O,maize_str,483.1,49.31447540876114
CLUSTER_283,O,rape_str,1599.65,49.31447540876114
CLUSTER_283,O,legume_str,287.6,49.31447540876114
CLUSTER_317,O,cattle_man,11860.0,30.89394132958366
CLUSTER_317,O,horse_man,217.4,30.89394132958366
CLUSTER_317,O,clover_alfalfa_grass,4220.0,30.89394132958366
CLUSTER_317,O,maize_str,120.7,30.89394132958366
CLUSTER_317,O,rape_str,692.0,30.89394132958366
CLUSTER_317,O,legume_str,236.2,30.89394132958366
CLUSTER_320,O,clover_alfalfa_grass,1436.3,25.78773729018028
CLUSTER_320,O,maize_str,24.130000000000003,25.78773729018028
CLUSTER_320,O,beet_leaf,2141.0,25.78773729018028
CLUSTER_320,O,rape_str,1162.3,25.78773729018028
CLUSTER_320,O,legume_str,113.12,25.78773729018028
CLUSTER_328,O,cattle_man,9120.0,28.48248178843849
CLUSTER_328,O,clover_alfalfa_grass,6407.0,28.48248178843849
CLUSTER_328,O,maize_str,276.0,28.48248178843849
CLUSTER_328,O,rape_str,1819.0,28.48248178843849
CLUSTER_328,O,legume_str,524.0,28.48248178843849
CLUSTER_38,O,maize_str,30.0,47.7220575673067
CLUSTER_38,O,rape_str,891.0,47.7220575673067
CLUSTER_38,O,legume_str,159.5,47.7220575673067
CLUSTER_389,O,maize_str,132.9,43.6288270468067
CLUSTER_389,O,rape_str,826.81,43.6288270468067
CLUSTER_389,O,legume_str,294.0,43.6288270468067
CLUSTER_4,O,maize_str,287.90000000000003,53.33945269147024
CLUSTER_4,O,rape_str,2234.4,53.33945269147024
CLUSTER_4,O,legume_str,531.23,53.33945269147024
CLUSTER_410,O,cattle_man,8090.0,21.21008776095509
CLUSTER_410,O,horse_man,808.4,21.21008776095509
CLUSTER_410,O,clover_alfalfa_grass,6962.0,21.21008776095509
CLUSTER_410,O,maize_str,31.67,21.21008776095509
CLUSTER_410,O,beet_leaf,1747.4,21.21008776095509
CLUSTER_410,O,rape_str,2374.0,21.21008776095509
CLUSTER_410,O,legume_str,361.8,21.21008776095509
CLUSTER_417,O,maize_str,88.36,41.62281652947793
CLUSTER_417,O,rape_str,677.4,41.62281652947793
CLUSTER_417,O,legume_str,179.52,41.62281652947793
CLUSTER_430,O,cattle_man,1180.0,8.073334789230962
CLUSTER_430,O,cattle_slu,644.35,8.073334789230962
CLUSTER_430,O,horse_man,480.0,8.073334789230962
CLUSTER_430,O,pig_man,159.375,8.073334789230962
CLUSTER_430,O,clover_alfalfa_grass,633.0,8.073334789230962
CLUSTER_430,O,maize_str,59.93000000000001,8.073334789230962
CLUSTER_430,O,beet_leaf,674.0,8.073334789230962
CLUSTER_430,O,rape_str,1226.0,8.073334789230962
CLUSTER_430,O,legume_str,108.18,8.073334789230962
CLUSTER_449,O,cattle_man,7060.2,15.545379694377514
CLUSTER_449,O,horse_man,518.500398,15.545379694377514
CLUSTER_449,O,pig_man,577.091,15.545379694377514
CLUSTER_449,O,clover_alfalfa_grass,2815.0,15.545379694377514
CLUSTER_449,O,maize_str,119.0,15.545379694377514
CLUSTER_449,O,beet_leaf,1486.5,15.545379694377514
CLUSTER_449,O,rape_str,2855.0,15.545379694377514
CLUSTER_449,O,legume_str,67.55,15.545379694377514
CLUSTER_487,O,clover_alfalfa_grass,3453.0,28.11221205456169
CLUSTER_487,O,maize_str,637.4,28.11221205456169
CLUSTER_487,O,beet_leaf,7140.79690297955,28.11221205456169
CLUSTER_487,O,rape_str,1529.0,28.11221205456169
CLUSTER_487,O,legume_str,702.12,28.11221205456169
CLUSTER_49,O,cattle_man,15490.0,15.369252178462164
CLUSTER_49,O,horse_man,1710.1,15.369252178462164
CLUSTER_49,O,clover_alfalfa_grass,6059.8,15.369252178462164
CLUSTER_49,O,maize_str,516.3,15.369252178462164
CLUSTER_49,O,beet_leaf,9947.0,15.369252178462164
CLUSTER_49,O,rape_str,2778.0,15.369252178462164
CLUSTER_49,O,legume_str,470.832,15.369252178462164
CLUSTER_491,O,cattle_man,6717.0,19.159090167258864
CLUSTER_491,O,horse_man,277.6,19.159090167258864
CLUSTER_491,O,clover_alfalfa_grass,4660.0,19.159090167258864
CLUSTER_491,O,maize_str,50.9,19.159090167258864
CLUSTER_491,O,beet_leaf,1289.0,19.159090167258864
CLUSTER_491,O,rape_str,1665.0,19.159090167258864
CLUSTER_491,O,legume_str,275.7,19.159090167258864
CLUSTER_506,O,maize_str,146.4,36.44929079749518
CLUSTER_506,O,rape_str,1143.0,36.44929079749518
CLUSTER_506,O,legume_str,340.0,36.44929079749518
CLUSTER_519,O,cattle_man,4091.0,25.78833744499736
CLUSTER_519,O,horse_man,814.0,25.78833744499736
CLUSTER_519,O,clover_alfalfa_grass,56.8,25.78833744499736
CLUSTER_519,O,legume_str,11.1,25.78833744499736
CLUSTER_538,O,cattle_man,3387.0,6.747766169003415
CLUSTER_538,O,cattle_slu,3543.0,6.747766169003415
CLUSTER_538,O,horse_man,768.4,6.747766169003415
CLUSTER_538,O,pig_man,151.197,6.747766169003415
CLUSTER_538,O,clover_alfalfa_grass,2378.0,6.747766169003415
CLUSTER_538,O,maize_str,24.6,6.747766169003415
CLUSTER_538,O,beet_leaf,343.8,6.747766169003415
CLUSTER_538,O,rape_str,957.0,6.747766169003415
CLUSTER_538,O,legume_str,213.05,6.747766169003415
CLUSTER_546,O,cattle_man,5370.0,30.986040820873956
CLUSTER_546,O,horse_man,444.0,30.986040820873956
CLUSTER_546,O,clover_alfalfa_grass,315.35412508365556,30.986040820873956
CLUSTER_546,O,rape_str,476.2,30.986040820873956
CLUSTER_546,O,legume_str,32.5,30.986040820873956
CLUSTER_80,O,cattle_man,2733.9,10.99546450188372
CLUSTER_80,O,cattle_slu,4518.7,10.99546450188372
CLUSTER_80,O,horse_man,210.9,10.99546450188372
CLUSTER_80,O,pig_man,275.303,10.99546450188372
CLUSTER_80,O,clover_alfalfa_grass,3708.0,10.99546450188372
CLUSTER_80,O,maize_str,115.0,10.99546450188372
CLUSTER_80,O,beet_leaf,2904.0,10.99546450188372
CLUSTER_80,O,rape_str,3516.0,10.99546450188372
CLUSTER_80,O,legume_str,346.7,10.99546450188372
CLUSTER_95,O,cattle_man,4536.0,28.222191367181814
CLUSTER_95,O,horse_man,229.22,28.222191367181814
CLUSTER_95,O,clover_alfalfa_grass,6962.0,28.222191367181814
CLUSTER_95,O,maize_str,231.9,28.222191367181814
CLUSTER_95,O,rape_str,4774.0,28.222191367181814
CLUSTER_95,O,legume_str,380.1,28.222191367181814
CLUSTER_97,O,maize_str,150.8,33.609759854078725
CLUSTER_97,O,rape_str,3629.0,33.609759854078725
CLUSTER_97,O,legume_str,684.7,33.609759854078725
CLUSTER_10,P,cattle_man,3121.0,7.214627581426665
CLUSTER_10,P,cattle_slu,4278.1,7.214627581426665
CLUSTER_10,P,horse_man,1392.2,7.214627581426665
CLUSTER_10,P,pig_slu,289.46,7.214627581426665
CLUSTER_10,P,pig_man,15.9693,7.214627581426665
CLUSTER_10,P,clover_alfalfa_grass,908.308,7.214627581426665
CLUSTER_10,P,maize_str,92.1,7.214627581426665
CLUSTER_10,P,rape_str,247.74999999999997,7.214627581426665
CLUSTER_10,P,legume_str,66.8,7.214627581426665
CLUSTER_139,P,clover_alfalfa_grass,1889.3,26.049506025793598
CLUSTER_139,P,beet_leaf,3099.2,26.049506025793598
CLUSTER_139,P,rape_str,1083.5,26.049506025793598
CLUSTER_139,P,legume_str,570.9,26.049506025793598
CLUSTER_156,P,cattle_man,3713.2,10.400670471337198
CLUSTER_156,P,cattle_slu,4054.0000000000005,10.400670471337198
CLUSTER_156,P,horse_man,1144.7,10.400670471337198
CLUSTER_156,P,pig_man,137.8229,10.400670471337198
CLUSTER_156,P,clover_alfalfa_grass,2190.9,10.400670471337198
CLUSTER_156,P,maize_str,250.71100000000004,10.400670471337198
CLUSTER_156,P,beet_leaf,1645.165,10.400670471337198
CLUSTER_156,P,rape_str,1599.0,10.400670471337198
CLUSTER_156,P,legume_str,342.4,10.400670471337198
CLUSTER_158,P,cattle_man,792.0,6.280945075349567
CLUSTER_158,P,cattle_slu,1096.0,6.280945075349567
CLUSTER_158,P,horse_man,253.79999999999998,6.280945075349567
CLUSTER_158,P,pig_slu,10.27,6.280945075349567
CLUSTER_158,P,clover_alfalfa_grass,109.0,6.280945075349567
CLUSTER_158,P,rape_str,44.4,6.280945075349567
CLUSTER_158,P,legume_str,41.66,6.280945075349567
CLUSTER_16,P,rape_str,1459.3,41.62928552661003
CLUSTER_16,P,legume_str,320.2,41.62928552661003
CLUSTER_164,P,cattle_man,5420.0,26.399788511378777
CLUSTER_164,P,clover_alfalfa_grass,2054.0,26.399788511378777
CLUSTER_164,P,beet_leaf,410.7,26.399788511378777
CLUSTER_164,P,rape_str,740.0,26.399788511378777
CLUSTER_164,P,legume_str,154.5,26.399788511378777
CLUSTER_170,P,cattle_man,2987.28,13.839648190387114
CLUSTER_170,P,cattle_slu,2728.071,13.839648190387114
CLUSTER_170,P,horse_man,782.0,13.839648190387114
CLUSTER_170,P,clover_alfalfa_grass,582.0,13.839648190387114
CLUSTER_170,P,maize_str,38.8,13.839648190387114
CLUSTER_170,P,rape_str,334.9,13.839648190387114
CLUSTER_172,P,cattle_man,2980.7,17.718474213544805
CLUSTER_172,P,horse_man,2882.7,17.718474213544805
CLUSTER_172,P,clover_alfalfa_grass,621.105,17.718474213544805
CLUSTER_172,P,maize_str,54.92,17.718474213544805
CLUSTER_172,P,beet_leaf,106.0,17.718474213544805
CLUSTER_172,P,rape_str,473.5,17.718474213544805
CLUSTER_172,P,legume_str,102.3,17.718474213544805
CLUSTER_213,P,rape_str,20.556011390959057,32.066221441667764
CLUSTER_23,P,cattle_man,4229.4,26.753158921165333
CLUSTER_23,P,horse_man,1920.4,26.753158921165333
CLUSTER_23,P,clover_alfalfa_grass,906.79,26.753158921165333
CLUSTER_23,P,maize_str,518.53,26.753158921165333
CLUSTER_23,P,beet_leaf,272.0,26.753158921165333
CLUSTER_23,P,rape_str,579.28,26.753158921165333
CLUSTER_23,P,legume_str,30.65,26.753158921165333
CLUSTER_246,P,maize_str,156.3,38.09189057612957
CLUSTER_246,P,rape_str,1181.0,38.09189057612957
CLUSTER_246,P,legume_str,345.0,38.09189057612957
CLUSTER_251,P,cattle_man,1718.4,24.31963675029136
CLUSTER_251,P,clover_alfalfa_grass,2525.0,24.31963675029136
CLUSTER_251,P,maize_str,70.9,24.31963675029136
CLUSTER_251,P,beet_leaf,2187.6,24.31963675029136
CLUSTER_251,P,rape_str,2183.0,24.31963675029136
CLUSTER_251,P,legume_str,633.1999999999999,24.31963675029136
CLUSTER_260,P,cattle_man,4728.0,27.47262861429124
CLUSTER_260,P,horse_man,1035.0,27.47262861429124
CLUSTER_260,P,pig_man,45.446,27.47262861429124
CLUSTER_260,P,clover_alfalfa_grass,941.6,27.47262861429124
CLUSTER_260,P,maize_str,57.0,27.47262861429124
CLUSTER_260,P,rape_str,97.5,27.47262861429124
CLUSTER_260,P,legume_str,66.4,27.47262861429124
CLUSTER_275,P,clover_alfalfa_grass,2152.0,28.171696568083632
CLUSTER_275,P,beet_leaf,3992.0,28.171696568083632
CLUSTER_277,P,cattle_man,6870.0,20.707375096873143
CLUSTER_277,P,horse_man,681.7641322134435,20.707375096873143
CLUSTER_277,P,clover_alfalfa_grass,3792.0,20.707375096873143
CLUSTER_277,P,maize_str,52.900000000000006,20.707375096873143
CLUSTER_277,P,beet_leaf,7043.0,20.707375096873143
CLUSTER_277,P,rape_str,2519.0,20.707375096873143
CLUSTER_277,P,legume_str,748.8,20.707375096873143
CLUSTER_310,P,cattle_man,9950.0,27.058040738237917
CLUSTER_310,P,horse_man,462.0,27.058040738237917
CLUSTER_310,P,pig_man,67.1,27.058040738237917
CLUSTER_310,P,clover_alfalfa_grass,954.9,27.058040738237917
CLUSTER_310,P,maize_str,164.1,27.058040738237917
CLUSTER_310,P,beet_leaf,300.0,27.058040738237917
CLUSTER_310,P,rape_str,699.0,27.058040738237917
CLUSTER_310,P,legume_str,87.58,27.058040738237917
CLUSTER_318,P,horse_man,569.4,37.058037856294064
CLUSTER_318,P,maize_str,17.7,37.058037856294064
CLUSTER_318,P,rape_str,518.0,37.058037856294064
CLUSTER_318,P,legume_str,57.2,37.058037856294064
CLUSTER_325,P,cattle_man,8099.0,27.98343566571443
CLUSTER_325,P,horse_man,3401.8,27.98343566571443
CLUSTER_325,P,pig_man,710.15139,27.98343566571443
CLUSTER_325,P,clover_alfalfa_grass,600.2708,27.98343566571443
CLUSTER_325,P,maize_str,2223.0,27.98343566571443
CLUSTER_325,P,beet_leaf,4332.45,27.98343566571443
CLUSTER_325,P,rape_str,1476.0,27.98343566571443
CLUSTER_325,P,legume_str,43.68,27.98343566571443
CLUSTER_332,P,clover_alfalfa_grass,3199.0,28.06257715253462
CLUSTER_332,P,maize_str,50.4,28.06257715253462
CLUSTER_332,P,beet_leaf,3292.0,28.06257715253462
CLUSTER_332,P,rape_str,1546.9,28.06257715253462
CLUSTER_332,P,legume_str,553.2,28.06257715253462
CLUSTER_334,P,horse_man,1501.5,35.17750284323162
CLUSTER_334,P,pig_man,214.22,35.17750284323162
CLUSTER_334,P,maize_str,648.16,35.17750284323162
CLUSTER_334,P,rape_str,438.62,35.17750284323162
CLUSTER_334,P,legume_str,53.6,35.17750284323162
CLUSTER_364,P,cattle_man,2098.4,27.403817258857
CLUSTER_364,P,horse_man,483.8,27.403817258857
CLUSTER_364,P,clover_alfalfa_grass,1400.65,27.403817258857
CLUSTER_364,P,maize_str,34.79,27.403817258857
CLUSTER_364,P,rape_str,184.8,27.403817258857
CLUSTER_364,P,legume_str,64.12,27.403817258857
CLUSTER_388,P,cattle_man,490.4,7.997379756300884
CLUSTER_388,P,cattle_slu,630.7,7.997379756300884
CLUSTER_388,P,horse_man,410.3,7.997379756300884
CLUSTER_424,P,cattle_man,6654.0,16.290228827673165
CLUSTER_424,P,cattle_slu,1010.0,16.290228827673165
CLUSTER_424,P,horse_man,879.04,16.290228827673165
CLUSTER_424,P,clover_alfalfa_grass,4204.0,16.290228827673165
CLUSTER_424,P,maize_str,42.1,16.290228827673165
CLUSTER_424,P,beet_leaf,3601.0,16.290228827673165
CLUSTER_424,P,rape_str,2239.8,16.290228827673165
CLUSTER_424,P,legume_str,524.5,16.290228827673165
CLUSTER_426,P,cattle_man,5784.0,28.227940392034967
CLUSTER_426,P,horse_man,3962.2,28.227940392034967
CLUSTER_426,P,pig_man,46.733,28.227940392034967
CLUSTER_426,P,clover_alfalfa_grass,6434.0,28.227940392034967
CLUSTER_426,P,maize_str,506.6000000000001,28.227940392034967
CLUSTER_426,P,beet_leaf,140.25,28.227940392034967
CLUSTER_426,P,rape_str,345.91,28.227940392034967
CLUSTER_426,P,legume_str,76.906,28.227940392034967
CLUSTER_47,P,cattle_man,681.7,16.838189352848836
CLUSTER_47,P,cattle_slu,645.9,16.838189352848836
CLUSTER_47,P,horse_man,414.0,16.838189352848836
CLUSTER_47,P,clover_alfalfa_grass,250.562,16.838189352848836
CLUSTER_47,P,rape_str,155.0,16.838189352848836
CLUSTER_497,P,cattle_man,5760.0,12.738569469972122
CLUSTER_497,P,cattle_slu,2060.0,12.738569469972122
CLUSTER_497,P,horse_man,138.1,12.738569469972122
CLUSTER_497,P,pig_man,347.9,12.738569469972122
CLUSTER_497,P,clover_alfalfa_grass,770.4,12.738569469972122
CLUSTER_497,P,maize_str,25.5,12.738569469972122
CLUSTER_497,P,beet_leaf,4640.0,12.738569469972122
CLUSTER_497,P,rape_str,1290.0,12.738569469972122
CLUSTER_497,P,legume_str,206.1,12.738569469972122
CLUSTER_530,P,cattle_man,1179.0,24.58645260582826
CLUSTER_530,P,horse_man,443.6,24.58645260582826
CLUSTER_530,P,pig_man,84.5,24.58645260582826
CLUSTER_530,P,clover_alfalfa_grass,217.7,24.58645260582826
CLUSTER_530,P,beet_leaf,842.0,24.58645260582826
CLUSTER_530,P,rape_str,1253.0,24.58645260582826
CLUSTER_530,P,legume_str,212.8,24.58645260582826
CLUSTER_56,P,cattle_man,5444.4,19.180927057332344
CLUSTER_56,P,horse_man,1846.8,19.180927057332344
CLUSTER_56,P,pig_man,427.76,19.180927057332344
CLUSTER_56,P,clover_alfalfa_grass,1498.2,19.180927057332344
CLUSTER_56,P,maize_str,373.4,19.180927057332344
CLUSTER_56,P,beet_leaf,1557.23,19.180927057332344
CLUSTER_56,P,rape_str,1531.2,19.180927057332344
CLUSTER_56,P,legume_str,61.13,19.180927057332344
CLUSTER_60,P,cattle_man,6475.0,19.31785396059094
CLUSTER_60,P,horse_man,2507.8,19.31785396059094
CLUSTER_60,P,pig_man,45.1582,19.31785396059094
CLUSTER_60,P,clover_alfalfa_grass,3477.0,19.31785396059094
CLUSTER_60,P,maize_str,135.7,19.31785396059094
CLUSTER_60,P,beet_leaf,1869.0,19.31785396059094
CLUSTER_60,P,rape_str,542.5,19.31785396059094
CLUSTER_60,P,legume_str,82.928,19.31785396059094
CLUSTER_87,P,rape_str,922.9,46.74015112132586
CLUSTER_87,P,legume_str,729.0,46.74015112132586
CLUSTER_97,P,beet_leaf,4222.9797273289905,34.16423732801743
CLUSTER_1,Q,pig_man,381.6,40.14853360461574
CLUSTER_101,Q,cattle_man,7667.4141,14.456245101679684
CLUSTER_101,Q,cattle_slu,20830.116897939137,14.456245101679684
CLUSTER_101,Q,horse_man,1895.41,14.456245101679684
CLUSTER_101,Q,pig_man,311.45,14.456245101679684
CLUSTER_103,Q,cattle_man,2660.0,22.765017577731832
CLUSTER_103,Q,horse_man,678.2,22.765017577731832
CLUSTER_103,Q,pig_man,791.300184,22.765017577731832
CLUSTER_129,Q,pig_man,245.9917,37.18997278594273
CLUSTER_132,Q,pig_man,943.9,28.512819973672705
CLUSTER_138,Q,pig_man,1203.8,35.73090673073074
CLUSTER_145,Q,cattle_man,10356.0,21.72554757754528
CLUSTER_145,Q,horse_man,1174.0,21.72554757754528
CLUSTER_145,Q,pig_man,104.2,21.72554757754528
CLUSTER_162,Q,pig_man,126.94,43.6746070383936
CLUSTER_169,Q,pig_man,332.076,38.11919521503263
CLUSTER_171,Q,cattle_man,11040.0,34.381149609376926
CLUSTER_171,Q,horse_man,1981.0000000000002,34.381149609376926
CLUSTER_171,Q,pig_man,887.0,34.381149609376926
CLUSTER_176,Q,cattle_man,2533.2,8.125968911826348
CLUSTER_176,Q,cattle_slu,12210.0,8.125968911826348
CLUSTER_176,Q,horse_man,750.0,8.125968911826348
CLUSTER_176,Q,pig_man,232.96,8.125968911826348
CLUSTER_182,Q,pig_man,1527.0,42.675986802858105
CLUSTER_183,Q,pig_man,458.82,51.14913638023688
CLUSTER_190,Q,cattle_man,9509.0,26.21987563694668
CLUSTER_190,Q,horse_man,1595.7,26.21987563694668
CLUSTER_190,Q,pig_man,1086.0,26.21987563694668
CLUSTER_219,Q,cattle_man,5290.0,39.16038259302952
CLUSTER_219,Q,horse_man,452.0,39.16038259302952
CLUSTER_219,Q,pig_man,686.0,39.16038259302952
CLUSTER_229,Q,cattle_man,1142.8,12.841222802587044
CLUSTER_229,Q,cattle_slu,5196.0,12.841222802587044
CLUSTER_229,Q,horse_man,466.3,12.841222802587044
CLUSTER_229,Q,pig_man,38.028209,12.841222802587044
CLUSTER_237,Q,cattle_man,4862.0,26.619322034868468
CLUSTER_237,Q,horse_man,478.63,26.619322034868468
CLUSTER_237,Q,pig_man,687.516,26.619322034868468
CLUSTER_248,Q,cattle_man,377.0,15.033166913554275
CLUSTER_248,Q,horse_man,258.4,15.033166913554275
CLUSTER_248,Q,pig_man,337.0,15.033166913554275
CLUSTER_266,Q,pig_man,616.51,45.15385650666714
CLUSTER_278,Q,cattle_man,5274.7,33.46786042025453
CLUSTER_278,Q,horse_man,660.7,33.46786042025453
CLUSTER_278,Q,pig_man,334.991,33.46786042025453
CLUSTER_303,Q,cattle_man,3262.0,10.164315039762087
CLUSTER_303,Q,cattle_slu,10420.0,10.164315039762087
CLUSTER_303,Q,horse_man,1570.0,10.164315039762087
CLUSTER_303,Q,pig_man,1707.0,10.164315039762087
CLUSTER_338,Q,pig_man,496.0,47.79144263444468
CLUSTER_339,Q,cattle_man,3014.917,24.24682572657149
CLUSTER_339,Q,horse_man,2136.8,24.24682572657149
CLUSTER_339,Q,pig_man,586.97,24.24682572657149
CLUSTER_344,Q,horse_man,1961.0,38.4160409374415
CLUSTER_344,Q,pig_man,347.5,38.4160409374415
CLUSTER_349,Q,cattle_man,4717.0,32.55142025498948
CLUSTER_349,Q,horse_man,668.0,32.55142025498948
CLUSTER_349,Q,pig_man,105.746,32.55142025498948
CLUSTER_35,Q,pig_man,754.8290000000001,46.94330825675322
CLUSTER_351,Q,pig_man,456.3,51.15363387336862
CLUSTER_353,Q,cattle_man,9000.0,30.96781761131243
CLUSTER_353,Q,horse_man,840.0,30.96781761131243
CLUSTER_353,Q,pig_man,473.0,30.96781761131243
CLUSTER_377,Q,cattle_man,1881.3,21.532580518656022
CLUSTER_377,Q,horse_man,627.7,21.532580518656022
CLUSTER_377,Q,pig_man,294.4,21.532580518656022
CLUSTER_382,Q,cattle_man,2959.0,27.341582979929367
CLUSTER_382,Q,horse_man,1045.0,27.341582979929367
CLUSTER_382,Q,pig_man,429.0,27.341582979929367
CLUSTER_390,Q,pig_man,1056.886,36.60059281483348
CLUSTER_394,Q,pig_man,434.7,50.67572629419986
CLUSTER_42,Q,cattle_man,15075.0,18.76432076866688
CLUSTER_42,Q,horse_man,1097.5,18.76432076866688
CLUSTER_42,Q,pig_man,1804.5,18.76432076866688
CLUSTER_431,Q,horse_man,1628.0247426810197,44.08848924879886
CLUSTER_431,Q,pig_man,238.34,44.08848924879886
CLUSTER_433,Q,pig_man,179.118,46.29963071071386
CLUSTER_452,Q,cattle_man,3960.0,9.460109681746705
CLUSTER_452,Q,cattle_slu,13920.0,9.460109681746705
CLUSTER_452,Q,horse_man,922.0,9.460109681746705
CLUSTER_452,Q,pig_man,550.0,9.460109681746705
CLUSTER_459,Q,cattle_man,3719.2,19.42748750806052
CLUSTER_459,Q,horse_man,167.4,19.42748750806052
CLUSTER_459,Q,pig_man,243.8,19.42748750806052
CLUSTER_464,Q,pig_man,54.032,50.03694242013612
CLUSTER_469,Q,cattle_man,3134.0,32.699296934579955
CLUSTER_469,Q,horse_man,840.0,32.699296934579955
CLUSTER_469,Q,pig_man,324.0,32.699296934579955
CLUSTER_478,Q,cattle_man,1374.0,28.82599686200638
CLUSTER_478,Q,horse_man,340.1,28.82599686200638
CLUSTER_478,Q,pig_man,35.400000000000006,28.82599686200638
CLUSTER_496,Q,cattle_man,6675.3,20.202541509342023
CLUSTER_496,Q,horse_man,451.0,20.202541509342023
CLUSTER_496,Q,pig_man,687.3,20.202541509342023
CLUSTER_515,Q,pig_man,1089.0,30.35712101438924
CLUSTER_6,Q,cattle_man,810.17,21.887040284506163
CLUSTER_6,Q,horse_man,339.439139,21.887040284506163
CLUSTER_6,Q,pig_man,1816.7,21.887040284506163
CLUSTER_66,Q,pig_man,180.310571,43.386045282057125
CLUSTER_76,Q,pig_man,125.42999999999999,48.7719639261714
CLUSTER_78,Q,pig_man,141.0,40.70105500378739
CLUSTER_82,Q,cattle_man,7392.7,8.77732505036834
CLUSTER_82,Q,cattle_slu,36560.0,8.77732505036834
CLUSTER_82,Q,horse_man,1220.1,8.77732505036834
CLUSTER_82,Q,pig_man,554.226263,8.77732505036834
CLUSTER_9,Q,cattle_man,4512.6,20.479564218404665
CLUSTER_9,Q,horse_man,1859.2,20.479564218404665
CLUSTER_9,Q,pig_man,1813.0,20.479564218404665
CLUSTER_109,R,rape_str,16.3,23.060080617991986
CLUSTER_109,R,legume_str,13.7,23.060080617991986
CLUSTER_143,R,legume_str,47.158,31.15008619333775
CLUSTER_150,R,legume_str,116.5,31.052399583243957
CLUSTER_195,R,rape_str,51.9,19.82530730328313
CLUSTER_195,R,legume_str,17.12,19.82530730328313
CLUSTER_202,R,rape_str,65.6,23.2292444871752
CLUSTER_202,R,legume_str,151.06,23.2292444871752
CLUSTER_223,R,rape_str,240.1,18.0693322334472
CLUSTER_223,R,legume_str,122.22,18.0693322334472
CLUSTER_231,R,legume_str,26.42,20.143135727135626
CLUSTER_241,R,cattle_man,10430.0,10.219270817694646
CLUSTER_241,R,rape_str,46.0,10.219270817694646
CLUSTER_241,R,legume_str,14.47,10.219270817694646
CLUSTER_254,R,cattle_man,8256.0,1.982861947344351
CLUSTER_254,R,cattle_slu,41473.716846923235,1.982861947344351
CLUSTER_270,R,rape_str,169.7,12.981428380208968
CLUSTER_270,R,legume_str,180.75,12.981428380208968
CLUSTER_274,R,rape_str,401.4,20.858856488530392
CLUSTER_274,R,legume_str,393.2,20.858856488530392
CLUSTER_284,R,rape_str,262.2,27.259452394324228
CLUSTER_284,R,legume_str,192.3,27.259452394324228
CLUSTER_33,R,cattle_man,6952.0,18.806702349505148
CLUSTER_370,R,rape_str,42.4,27.45133558848545
CLUSTER_370,R,legume_str,38.17,27.45133558848545
CLUSTER_406,R,cattle_man,16790.0,8.422459806383733
CLUSTER_456,R,rape_str,206.8,24.17379574084086
CLUSTER_456,R,legume_str,113.6,24.17379574084086
CLUSTER_488,R,legume_str,451.0,30.032901561825486
CLUSTER_520,R,cattle_man,3690.0,8.681654457530108
CLUSTER_549,R,rape_str,76.9,28.04570929107406
CLUSTER_549,R,legume_str,16.9,28.04570929107406
CLUSTER_104,S,cattle_man,26110.0,26.339994461805084
CLUSTER_104,S,horse_man,871.7,26.339994461805084
CLUSTER_104,S,pig_man,527.2180000000001,26.339994461805084
CLUSTER_116,S,pig_man,144.5,65.22254856383968
CLUSTER_126,S,cattle_man,6163.0,34.53450527408025
CLUSTER_126,S,horse_man,1435.2,34.53450527408025
CLUSTER_126,S,pig_man,2894.0,34.53450527408025
CLUSTER_131,S,cattle_man,9440.0,29.25076612140671
CLUSTER_131,S,horse_man,1232.0,29.25076612140671
CLUSTER_131,S,pig_man,1497.8,29.25076612140671
CLUSTER_155,S,cattle_man,533.52,22.61205491124733
CLUSTER_155,S,horse_man,1141.3,22.61205491124733
CLUSTER_155,S,pig_man,1243.7,22.61205491124733
CLUSTER_165,S,pig_man,1019.9,30.744869215723146
CLUSTER_175,S,pig_man,35.4,40.33821007635616
CLUSTER_180,S,cattle_man,2402.6,35.02857910352555
CLUSTER_180,S,horse_man,1481.0,35.02857910352555
CLUSTER_180,S,pig_man,6160.0,35.02857910352555
CLUSTER_184,S,cattle_man,2092.0,26.471021254068415
CLUSTER_184,S,horse_man,556.0,26.471021254068415
CLUSTER_184,S,pig_man,1364.0,26.471021254068415
CLUSTER_186,S,pig_man,471.4,50.09232510849957
CLUSTER_2,S,cattle_man,3616.0,3.480495466149462
CLUSTER_2,S,cattle_slu,10109.8,3.480495466149462
CLUSTER_2,S,horse_man,975.2,3.480495466149462
CLUSTER_2,S,pig_slu,30130.0,3.480495466149462
CLUSTER_2,S,pig_man,1666.5,3.480495466149462
CLUSTER_20,S,cattle_man,27140.0,18.95017176682246
CLUSTER_20,S,horse_man,3289.0,18.95017176682246
CLUSTER_20,S,pig_man,3376.0,18.95017176682246
CLUSTER_223,S,cattle_man,9326.0,41.41546463061659
CLUSTER_223,S,horse_man,1582.6,41.41546463061659
CLUSTER_223,S,pig_man,439.438657,41.41546463061659
CLUSTER_233,S,pig_man,435.2,31.28836991904942
CLUSTER_240,S,pig_man,24.931,45.66583412739625
CLUSTER_241,S,horse_man,968.1,46.38533329500111
CLUSTER_257,S,horse_man,1598.0,45.455323021772536
CLUSTER_257,S,pig_man,1704.41,45.455323021772536
CLUSTER_267,S,cattle_man,6170.0,39.677351239445535
CLUSTER_267,S,horse_man,951.0,39.677351239445535
CLUSTER_267,S,pig_man,778.8,39.677351239445535
CLUSTER_270,S,pig_man,61.2952,43.7332973338578
CLUSTER_274,S,cattle_man,2163.0,33.44882836906442
CLUSTER_274,S,horse_man,783.4,33.44882836906442
CLUSTER_274,S,pig_man,587.9,33.44882836906442
CLUSTER_284,S,cattle_man,1152.783,33.70650582632936
CLUSTER_284,S,horse_man,195.4,33.70650582632936
CLUSTER_284,S,pig_man,447.9,33.70650582632936
CLUSTER_301,S,pig_man,225.23,44.81060397341792
CLUSTER_302,S,cattle_man,16129.999999999998,38.0414165458421
CLUSTER_302,S,horse_man,1597.0,38.0414165458421
CLUSTER_302,S,pig_man,141.874306,38.0414165458421
CLUSTER_306,S,pig_man,342.5440104418285,57.11099665640341
CLUSTER_330,S,cattle_man,21960.0,22.03989578243476
CLUSTER_330,S,horse_man,1269.6,22.03989578243476
CLUSTER_330,S,pig_man,378.71,22.03989578243476
CLUSTER_34,S,pig_man,547.047,75.32886300032409
CLUSTER_354,S,cattle_man,4844.0,9.618879065577165
CLUSTER_354,S,cattle_slu,18160.0,9.618879065577165
CLUSTER_354,S,horse_man,793.6,9.618879065577165
CLUSTER_354,S,pig_man,883.52,9.618879065577165
CLUSTER_355,S,cattle_man,3895.0,14.309391076695782
CLUSTER_355,S,cattle_slu,8967.24,14.309391076695782
CLUSTER_355,S,horse_man,1202.0,14.309391076695782
CLUSTER_355,S,pig_man,1341.0,14.309391076695782
CLUSTER_37,S,cattle_man,31919.999999999996,11.250723176410164
CLUSTER_37,S,cattle_slu,114880.0,11.250723176410164
CLUSTER_37,S,horse_man,943.0,11.250723176410164
CLUSTER_37,S,pig_man,3353.8,11.250723176410164
CLUSTER_371,S,pig_man,228.32,41.529635123176206
CLUSTER_400,S,cattle_man,3903.8,13.9078667216696
CLUSTER_400,S,cattle_slu,14400.0,13.9078667216696
CLUSTER_400,S,horse_man,1513.0,13.9078667216696
CLUSTER_400,S,pig_man,2588.0,13.9078667216696
CLUSTER_403,S,pig_man,782.0,30.229382985748508
CLUSTER_406,S,pig_man,52.746,59.07232316587842
CLUSTER_436,S,pig_man,326.0,43.44266798088348
CLUSTER_441,S,pig_man,1272.0,44.45370768074398
CLUSTER_450,S,cattle_man,18270.0,30.55449300708121
CLUSTER_450,S,horse_man,963.9,30.55449300708121
CLUSTER_450,S,pig_man,315.5,30.55449300708121
CLUSTER_453,S,cattle_man,163.9,36.63716277769641
CLUSTER_453,S,horse_man,209.4,36.63716277769641
CLUSTER_453,S,pig_man,269.0,36.63716277769641
CLUSTER_456,S,pig_man,30.472,37.00447790550579
CLUSTER_473,S,cattle_man,11380.0,19.4437300910929
CLUSTER_473,S,horse_man,745.0,19.4437300910929
CLUSTER_473,S,pig_man,510.99999999999994,19.4437300910929
CLUSTER_48,S,pig_man,1701.4,49.682486136603856
CLUSTER_488,S,cattle_man,62.5,25.281759507811497
CLUSTER_488,S,horse_man,236.9,25.281759507811497
CLUSTER_488,S,pig_man,1185.8,25.281759507811497
CLUSTER_501,S,cattle_man,230.0,30.309974059803757
CLUSTER_501,S,horse_man,474.5,30.309974059803757
CLUSTER_501,S,pig_man,1378.0,30.309974059803757
CLUSTER_504,S,pig_man,442.0,52.62672574127042
CLUSTER_513,S,pig_man,657.0,37.66003617464052
CLUSTER_516,S,pig_man,123.100375,41.34358772811737
CLUSTER_545,S,pig_man,227.1,55.15547411090108
CLUSTER_61,S,cattle_man,5689.243168399583,32.12616341224014
CLUSTER_61,S,pig_man,392.8,32.12616341224014
CLUSTER_64,S,pig_man,1190.4,34.246988226689346
CLUSTER_68,S,cattle_man,2715.3,27.92163985724937
CLUSTER_68,S,horse_man,1155.3,27.92163985724937
CLUSTER_68,S,pig_man,1241.4,27.92163985724937
CLUSTER_70,S,cattle_man,18095.0,20.72181702317008
CLUSTER_70,S,horse_man,1087.859,20.72181702317008
CLUSTER_70,S,pig_man,751.0,20.72181702317008
CLUSTER_71,S,pig_man,226.348,47.47664342673539
CLUSTER_73,S,cattle_man,5812.0,21.226558708715096
CLUSTER_73,S,horse_man,1613.1,21.226558708715096
CLUSTER_73,S,pig_man,3455.0,21.226558708715096
CLUSTER_91,S,cattle_man,1586.06,37.38880764156966
CLUSTER_91,S,horse_man,619.6,37.38880764156966
CLUSTER_91,S,pig_man,218.0,37.38880764156966
CLUSTER_92,S,cattle_man,17416.0,32.19435138769335
CLUSTER_92,S,horse_man,2276.0,32.19435138769335
CLUSTER_92,S,pig_man,122.73699999999998,32.19435138769335
CLUSTER_106,T,cattle_man,10597.867240517688,34.20086448978307
CLUSTER_107,T,pig_man,993.2,54.91411021083491
CLUSTER_111,T,cattle_man,13173.0,25.488829270453373
CLUSTER_111,T,horse_man,2114.0,25.488829270453373
CLUSTER_111,T,pig_man,262.226,25.488829270453373
CLUSTER_118,T,cattle_man,21190.0,29.25634181194686
CLUSTER_118,T,horse_man,710.0,29.25634181194686
CLUSTER_123,T,cattle_man,9000.0,12.621978596327155
CLUSTER_123,T,cattle_slu,48679.99999999992,12.621978596327155
CLUSTER_123,T,horse_man,1614.0,12.621978596327155
CLUSTER_123,T,pig_man,92.5800179,12.621978596327155
CLUSTER_127,T,cattle_man,15806.0,28.883234293760307
CLUSTER_127,T,horse_man,2828.1,28.883234293760307
CLUSTER_128,T,cattle_man,10124.4,26.163796646465315
CLUSTER_128,T,horse_man,2411.7,26.163796646465315
CLUSTER_128,T,pig_man,539.0,26.163796646465315
CLUSTER_129,T,cattle_man,8284.0,43.20890825114179
CLUSTER_129,T,horse_man,1743.9,43.20890825114179
CLUSTER_132,T,cattle_man,7032.59,34.45427440499072
CLUSTER_132,T,horse_man,795.885,34.45427440499072
CLUSTER_138,T,cattle_man,10203.0,43.21838084983244
CLUSTER_138,T,horse_man,665.1,43.21838084983244
CLUSTER_14,T,cattle_man,9659.0,20.80327545927267
CLUSTER_14,T,horse_man,2695.2,20.80327545927267
CLUSTER_14,T,pig_man,256.805,20.80327545927267
CLUSTER_166,T,cattle_man,6826.0,20.511989606752547
CLUSTER_166,T,horse_man,763.7,20.511989606752547
CLUSTER_166,T,pig_man,110.044731,20.511989606752547
CLUSTER_182,T,horse_man,2035.0,51.49696271675667
CLUSTER_187,T,cattle_man,4002.9999999999995,19.5734534315967
CLUSTER_187,T,horse_man,2955.0,19.5734534315967
CLUSTER_187,T,pig_man,939.3,19.5734534315967
CLUSTER_206,T,cattle_man,21950.0,21.83387600769253
CLUSTER_206,T,horse_man,726.8,21.83387600769253
CLUSTER_206,T,pig_man,146.60494999999997,21.83387600769253
CLUSTER_210,T,cattle_man,12910.0,19.787881698373354
CLUSTER_210,T,horse_man,779.0,19.787881698373354
CLUSTER_210,T,pig_man,122.09999999999998,19.787881698373354
CLUSTER_235,T,cattle_man,3182.0,33.86997005731161
CLUSTER_235,T,horse_man,1307.7,33.86997005731161
CLUSTER_235,T,pig_man,439.78,33.86997005731161
CLUSTER_253,T,cattle_man,6043.0,32.292694212159425
CLUSTER_253,T,horse_man,3082.0,32.292694212159425
CLUSTER_253,T,pig_man,379.28,32.292694212159425
CLUSTER_305,T,cattle_man,4426.0,24.263808916139624
CLUSTER_305,T,horse_man,533.2,24.263808916139624
CLUSTER_305,T,pig_man,388.58,24.263808916139624
CLUSTER_315,T,cattle_man,6294.0,45.32926211205418
CLUSTER_315,T,horse_man,1179.8,45.32926211205418
CLUSTER_315,T,pig_man,304.38530000000003,45.32926211205418
CLUSTER_316,T,cattle_man,7202.0,32.65526327147757
CLUSTER_316,T,horse_man,1505.3,32.65526327147757
CLUSTER_316,T,pig_man,1285.8,32.65526327147757
CLUSTER_324,T,horse_man,642.0505366182618,51.887717756346525
CLUSTER_337,T,cattle_man,13540.0,7.005641010883853
CLUSTER_337,T,cattle_slu,79080.00000000016,7.005641010883853
CLUSTER_337,T,horse_man,1000.0599999999998,7.005641010883853
CLUSTER_341,T,cattle_man,862.8,28.8144323346434
CLUSTER_341,T,horse_man,2031.7999999999997,28.8144323346434
CLUSTER_341,T,pig_man,160.94299999999998,28.8144323346434
CLUSTER_365,T,cattle_man,16119.999999999998,9.583281545426791
CLUSTER_365,T,cattle_slu,94000.0,9.583281545426791
CLUSTER_365,T,horse_man,1341.0,9.583281545426791
CLUSTER_366,T,cattle_man,8803.0,30.552033781093684
CLUSTER_366,T,horse_man,199.48,30.552033781093684
CLUSTER_368,T,cattle_man,6947.0,11.516854070808863
CLUSTER_368,T,cattle_slu,38230.0,11.516854070808863
CLUSTER_368,T,horse_man,1001.7000000000002,11.516854070808863
CLUSTER_368,T,pig_man,61.345000000000006,11.516854070808863
CLUSTER_376,T,cattle_man,2955.0,35.64203959061212
CLUSTER_376,T,horse_man,494.96000000000004,35.64203959061212
CLUSTER_376,T,pig_man,263.4000241,35.64203959061212
CLUSTER_383,T,cattle_man,4512.0,13.535396628948453
CLUSTER_383,T,cattle_slu,28660.0,13.535396628948453
CLUSTER_383,T,horse_man,1382.2,13.535396628948453
CLUSTER_383,T,pig_man,350.7,13.535396628948453
CLUSTER_393,T,cattle_man,1357.0,26.82597309296804
CLUSTER_393,T,horse_man,968.1,26.82597309296804
CLUSTER_411,T,cattle_man,18310.0,15.231422969650906
CLUSTER_411,T,cattle_slu,112200.0,15.231422969650906
CLUSTER_411,T,horse_man,1163.4,15.231422969650906
CLUSTER_411,T,pig_man,527.79,15.231422969650906
CLUSTER_427,T,cattle_man,8930.0,41.83101089292879
CLUSTER_427,T,horse_man,3104.5,41.83101089292879
CLUSTER_427,T,pig_man,799.2,41.83101089292879
CLUSTER_428,T,cattle_man,6500.0,37.60741065853546
CLUSTER_428,T,horse_man,792.0,37.60741065853546
CLUSTER_432,T,cattle_man,3340.0,29.560261624707305
CLUSTER_432,T,horse_man,1122.3,29.560261624707305
CLUSTER_432,T,pig_man,80.1,29.560261624707305
CLUSTER_44,T,cattle_man,14660.0,4.516632919077223
CLUSTER_44,T,cattle_slu,73970.0,4.516632919077223
CLUSTER_44,T,horse_man,1288.0,4.516632919077223
CLUSTER_443,T,cattle_man,12880.0,32.369845550848574
CLUSTER_443,T,horse_man,1016.9999999999999,32.369845550848574
CLUSTER_446,T,cattle_man,11600.0,15.05744994767814
CLUSTER_446,T,cattle_slu,63610.0,15.05744994767814
CLUSTER_446,T,horse_man,1600.0,15.05744994767814
CLUSTER_446,T,pig_man,216.2920123,15.05744994767814
CLUSTER_463,T,cattle_man,3189.0,27.67414387484756
CLUSTER_463,T,horse_man,384.3,27.67414387484756
CLUSTER_463,T,pig_man,180.00319,27.67414387484756
CLUSTER_479,T,cattle_man,6870.0,14.000730238619738
CLUSTER_479,T,cattle_slu,44370.0,14.000730238619738
CLUSTER_479,T,horse_man,1092.0,14.000730238619738
CLUSTER_485,T,cattle_man,3740.0,30.81798108039676
CLUSTER_485,T,horse_man,1447.0,30.81798108039676
CLUSTER_485,T,pig_man,19.72,30.81798108039676
CLUSTER_500,T,cattle_man,5430.0,22.50339025726157
CLUSTER_500,T,horse_man,798.0,22.50339025726157
CLUSTER_500,T,pig_man,32.309999999999995,22.50339025726157
CLUSTER_507,T,cattle_man,9890.0,38.13112648495069
CLUSTER_507,T,horse_man,1199.4,38.13112648495069
CLUSTER_511,T,cattle_man,2498.0,27.72304472409748
CLUSTER_511,T,horse_man,1308.3100000000002,27.72304472409748
CLUSTER_511,T,pig_man,317.6,27.72304472409748
CLUSTER_515,T,cattle_man,990.9999999999999,43.17742951436773
CLUSTER_515,T,horse_man,126.2,43.17742951436773
CLUSTER_531,T,cattle_man,750.0,32.28724179091832
CLUSTER_531,T,horse_man,424.9,32.28724179091832
CLUSTER_531,T,pig_man,133.0,32.28724179091832
CLUSTER_533,T,cattle_man,693.0,34.46222896878072
CLUSTER_533,T,horse_man,654.0,34.46222896878072
CLUSTER_533,T,pig_man,70.10000000000001,34.46222896878072
CLUSTER_534,T,cattle_man,2189.0,36.81623949006683
CLUSTER_534,T,horse_man,1873.6,36.81623949006683
CLUSTER_534,T,pig_man,1003.0,36.81623949006683
CLUSTER_543,T,cattle_man,10570.0,28.118986171794127
CLUSTER_543,T,horse_man,158.9,28.118986171794127
CLUSTER_83,T,cattle_man,8530.0,22.69169105207752
CLUSTER_83,T,horse_man,2092.0,22.69169105207752
CLUSTER_83,T,pig_man,44.2,22.69169105207752
