SupplyNode,PlantLocation,Feedstock,FlowTons,Distance_km
CLUSTER_108,C,cattle_man,372.4,38.10401516897146
CLUSTER_108,C,horse_man,81.98353047392636,38.10401516897146
CLUSTER_108,C,pig_man,291.9259999999982,38.10401516897146
CLUSTER_114,C,cattle_man,3025.0,31.57635105244574
CLUSTER_114,C,horse_man,632.9,31.57635105244574
CLUSTER_114,C,pig_man,77.82100000000001,31.57635105244574
CLUSTER_153,C,cattle_man,5103.062,33.937809638096255
CLUSTER_153,C,horse_man,1262.5,33.937809638096255
CLUSTER_153,C,pig_man,71.88691,33.937809638096255
CLUSTER_168,C,pig_man,426.892,43.09510643420318
CLUSTER_194,C,cattle_man,4180.5,17.261541108444582
CLUSTER_194,C,cattle_slu,1382.0884776477772,17.261541108444582
CLUSTER_194,C,horse_man,974.4,17.261541108444582
CLUSTER_194,C,pig_man,308.943,17.261541108444582
CLUSTER_199,C,cattle_man,3629.0,37.982815039595785
CLUSTER_199,C,horse_man,704.0,37.982815039595785
CLUSTER_199,C,pig_man,341.399,37.982815039595785
CLUSTER_200,C,horse_man,797.9,34.89733268379698
CLUSTER_217,C,cattle_man,3099.0,21.328689049453377
CLUSTER_217,C,horse_man,1360.0,21.328689049453377
CLUSTER_217,C,pig_man,542.22,21.328689049453377
CLUSTER_222,C,cattle_man,794.6,21.440303406114804
CLUSTER_222,C,horse_man,643.3,21.440303406114804
CLUSTER_222,C,pig_man,43.141,21.440303406114804
CLUSTER_24,C,cattle_man,15326.0,28.65580757426249
CLUSTER_24,C,horse_man,1586.5,28.65580757426249
CLUSTER_24,C,pig_man,278.9647019237295,28.65580757426249
CLUSTER_247,C,horse_man,632.0,32.63886476882548
CLUSTER_255,C,cattle_man,5100.0,24.85775153669412
CLUSTER_255,C,horse_man,1720.5,24.85775153669412
CLUSTER_255,C,pig_man,204.36,24.85775153669412
CLUSTER_289,C,cattle_man,2928.51287,41.524302586993656
CLUSTER_289,C,horse_man,747.4,41.524302586993656
CLUSTER_289,C,pig_man,222.68,41.524302586993656
CLUSTER_293,C,cattle_man,4637.0,8.505228592533554
CLUSTER_293,C,cattle_slu,19004.0,8.505228592533554
CLUSTER_293,C,horse_man,504.0,8.505228592533554
CLUSTER_293,C,pig_man,338.2269,8.505228592533554
CLUSTER_298,C,cattle_man,6560.0,28.63399657195839
CLUSTER_298,C,horse_man,591.0,28.63399657195839
CLUSTER_317,C,cattle_man,11860.0,21.41648255629125
CLUSTER_317,C,horse_man,217.4,21.41648255629125
CLUSTER_317,C,pig_man,92.31,21.41648255629125
CLUSTER_320,C,horse_man,151.8,37.71068197604106
CLUSTER_326,C,cattle_man,7270.0,9.000886962242781
CLUSTER_326,C,cattle_slu,44110.0,9.000886962242781
CLUSTER_326,C,horse_man,1285.4,9.000886962242781
CLUSTER_326,C,pig_man,707.3,9.000886962242781
CLUSTER_328,C,cattle_man,9120.0,21.39265129559517
CLUSTER_328,C,horse_man,333.38,21.39265129559517
CLUSTER_328,C,pig_man,824.57,21.39265129559517
CLUSTER_347,C,cattle_man,674.0,29.04979443739329
CLUSTER_347,C,horse_man,826.5,29.04979443739329
CLUSTER_347,C,pig_man,55.193,29.04979443739329
CLUSTER_359,C,pig_man,13.947,47.571342518315696
CLUSTER_36,C,cattle_man,5369.2,31.148540196642877
CLUSTER_36,C,horse_man,1610.7,31.148540196642877
CLUSTER_36,C,pig_man,1634.0,31.148540196642877
CLUSTER_367,C,cattle_man,1682.0,16.590215971210657
CLUSTER_367,C,cattle_slu,18050.0,16.590215971210657
CLUSTER_367,C,horse_man,1169.9,16.590215971210657
CLUSTER_367,C,pig_man,1184.2,16.590215971210657
CLUSTER_38,C,cattle_man,6536.0,34.8064521071778
CLUSTER_38,C,horse_man,253.79999999999998,34.8064521071778
CLUSTER_38,C,pig_man,315.61,34.8064521071778
CLUSTER_4,C,pig_man,730.49,44.60242906771172
CLUSTER_401,C,cattle_man,1666.8,34.76250923820092
CLUSTER_401,C,horse_man,929.5,34.76250923820092
CLUSTER_401,C,pig_man,189.6729,34.76250923820092
CLUSTER_417,C,horse_man,430.8,37.82791146407786
CLUSTER_418,C,cattle_man,5426.46,15.714017830256266
CLUSTER_418,C,cattle_slu,10097.0,15.714017830256266
CLUSTER_418,C,horse_man,144.9,15.714017830256266
CLUSTER_418,C,pig_man,116.425,15.714017830256266
CLUSTER_444,C,cattle_man,2690.0,40.58518680964636
CLUSTER_444,C,horse_man,379.2,40.58518680964636
CLUSTER_444,C,pig_man,84.611,40.58518680964636
CLUSTER_455,C,cattle_man,11640.0,5.1092339127099455
CLUSTER_455,C,cattle_slu,11080.499,5.1092339127099455
CLUSTER_455,C,horse_man,810.1,5.1092339127099455
CLUSTER_455,C,pig_man,488.40999999999997,5.1092339127099455
CLUSTER_46,C,cattle_man,1697.0,24.388782202844585
CLUSTER_46,C,horse_man,2237.0,24.388782202844585
CLUSTER_46,C,pig_man,83.87871,24.388782202844585
CLUSTER_465,C,cattle_man,5980.0,15.825401453109482
CLUSTER_465,C,cattle_slu,28910.0,15.825401453109482
CLUSTER_465,C,horse_man,1448.0,15.825401453109482
CLUSTER_465,C,pig_man,518.0,15.825401453109482
CLUSTER_467,C,cattle_man,779.0,28.35976650855681
CLUSTER_467,C,horse_man,266.5,28.35976650855681
CLUSTER_467,C,pig_man,1040.9,28.35976650855681
CLUSTER_468,C,cattle_man,1492.0,32.03713212693096
CLUSTER_468,C,horse_man,11.2,32.03713212693096
CLUSTER_491,C,cattle_man,6717.0,30.5713677410876
CLUSTER_491,C,horse_man,277.6,30.5713677410876
CLUSTER_506,C,cattle_man,1700.0,16.827634040931617
CLUSTER_506,C,horse_man,529.0,16.827634040931617
CLUSTER_506,C,pig_man,228.0325,16.827634040931617
CLUSTER_517,C,cattle_man,2042.0,9.99268005463376
CLUSTER_517,C,cattle_slu,1455.5,9.99268005463376
CLUSTER_517,C,horse_man,372.7,9.99268005463376
CLUSTER_525,C,cattle_man,4927.7,13.16504910843364
CLUSTER_525,C,cattle_slu,54.5,13.16504910843364
CLUSTER_525,C,horse_man,29.06,13.16504910843364
CLUSTER_525,C,pig_man,24.965,13.16504910843364
CLUSTER_526,C,cattle_man,2490.0,26.71841433906978
CLUSTER_526,C,horse_man,485.0,26.71841433906978
CLUSTER_526,C,pig_man,141.0,26.71841433906978
CLUSTER_535,C,cattle_man,1578.0,23.34063428105191
CLUSTER_535,C,horse_man,706.0,23.34063428105191
CLUSTER_535,C,pig_man,303.3,23.34063428105191
CLUSTER_539,C,cattle_man,2743.0,35.38649381893957
CLUSTER_539,C,horse_man,433.0,35.38649381893957
CLUSTER_95,C,cattle_man,4536.0,31.73749148852839
CLUSTER_95,C,horse_man,229.22,31.73749148852839
CLUSTER_104,D,legume_str,171.70000000000002,35.85242533245269
CLUSTER_104,D,rape_str,732.1,35.85242533245269
CLUSTER_124,D,legume_str,92.4,38.26212530716957
CLUSTER_159,D,beet_leaf,1650.0,21.241575337741114
CLUSTER_159,D,legume_str,421.3,21.241575337741114
CLUSTER_159,D,maize_str,9172.0,21.241575337741114
CLUSTER_159,D,rape_str,771.0,21.241575337741114
CLUSTER_208,D,legume_str,344.5,20.20887246344904
CLUSTER_208,D,maize_str,2548.0,20.20887246344904
CLUSTER_208,D,rape_str,87.1,20.20887246344904
CLUSTER_214,D,legume_str,85.15,44.40108486196571
CLUSTER_225,D,beet_leaf,5020.0,15.18242667506266
CLUSTER_225,D,legume_str,589.4,15.18242667506266
CLUSTER_225,D,maize_str,8410.0,15.18242667506266
CLUSTER_225,D,rape_str,1132.3,15.18242667506266
CLUSTER_233,D,beet_leaf,1632.0,19.95439258471865
CLUSTER_233,D,legume_str,413.0,19.95439258471865
CLUSTER_233,D,maize_str,1005.2797979421022,19.95439258471865
CLUSTER_233,D,rape_str,718.0,19.95439258471865
CLUSTER_258,D,legume_str,10.47,45.17899178475356
CLUSTER_273,D,beet_leaf,639.0,12.31280337755113
CLUSTER_273,D,cattle_slu,36190.0,12.31280337755113
CLUSTER_273,D,legume_str,126.2,12.31280337755113
CLUSTER_273,D,maize_str,4942.0,12.31280337755113
CLUSTER_273,D,rape_str,116.6,12.31280337755113
CLUSTER_282,D,legume_str,149.16,30.686859422011
CLUSTER_282,D,rape_str,168.6,30.686859422011
CLUSTER_291,D,beet_leaf,5904.1,15.880985261752889
CLUSTER_291,D,legume_str,875.6,15.880985261752889
CLUSTER_291,D,maize_str,29880.0,15.880985261752889
CLUSTER_291,D,rape_str,424.0,15.880985261752889
CLUSTER_292,D,beet_leaf,1388.0,5.197727923211714
CLUSTER_292,D,cattle_man,8900.0,5.197727923211714
CLUSTER_292,D,cattle_slu,37420.0,5.197727923211714
CLUSTER_292,D,clover_alfalfa_grass,2878.0,5.197727923211714
CLUSTER_292,D,legume_str,588.0,5.197727923211714
CLUSTER_292,D,maize_str,10970.0,5.197727923211714
CLUSTER_292,D,pig_slu,6930.805845619159,5.197727923211714
CLUSTER_292,D,rape_str,1890.0,5.197727923211714
CLUSTER_296,D,legume_str,10.71,40.37794608697618
CLUSTER_302,D,legume_str,313.8,31.367947160635783
CLUSTER_302,D,rape_str,140.1,31.367947160635783
CLUSTER_319,D,legume_str,497.00000000000006,43.44438869722636
CLUSTER_319,D,rape_str,429.0,43.44438869722636
CLUSTER_402,D,beet_leaf,366.0,16.40057161839247
CLUSTER_402,D,cattle_man,1505.0,16.40057161839247
CLUSTER_402,D,legume_str,299.0,16.40057161839247
CLUSTER_402,D,maize_str,9600.0,16.40057161839247
CLUSTER_402,D,rape_str,21.1,16.40057161839247
CLUSTER_436,D,beet_leaf,44.5,10.13642886613104
CLUSTER_436,D,cattle_slu,81800.0,10.13642886613104
CLUSTER_436,D,legume_str,253.39999999999998,10.13642886613104
CLUSTER_436,D,maize_str,2198.0,10.13642886613104
CLUSTER_436,D,rape_str,941.0,10.13642886613104
CLUSTER_442,D,legume_str,12.73,51.50431170828694
CLUSTER_450,D,legume_str,406.3,25.97264818306536
CLUSTER_450,D,maize_str,1425.0,25.97264818306536
CLUSTER_450,D,rape_str,562.7,25.97264818306536
CLUSTER_457,D,legume_str,108.18,31.99141086866128
CLUSTER_457,D,rape_str,30.800000000000004,31.99141086866128
CLUSTER_493,D,legume_str,157.4,28.366974910975543
CLUSTER_493,D,maize_str,865.8,28.366974910975543
CLUSTER_493,D,rape_str,189.92,28.366974910975543
CLUSTER_514,D,legume_str,49.46,33.55073769079673
CLUSTER_516,D,legume_str,330.5,19.87712675947059
CLUSTER_516,D,maize_str,1508.0,19.87712675947059
CLUSTER_516,D,rape_str,861.0,19.87712675947059
CLUSTER_537,D,beet_leaf,708.0,6.401110008736595
CLUSTER_537,D,cattle_man,2682.0,6.401110008736595
CLUSTER_537,D,cattle_slu,13070.0,6.401110008736595
CLUSTER_537,D,clover_alfalfa_grass,227.951,6.401110008736595
CLUSTER_537,D,legume_str,243.7,6.401110008736595
CLUSTER_537,D,maize_str,8082.000000000001,6.401110008736595
CLUSTER_537,D,rape_str,567.4,6.401110008736595
CLUSTER_541,D,legume_str,57.8,36.19205777265515
CLUSTER_541,D,rape_str,221.9,36.19205777265515
CLUSTER_549,D,rape_str,76.9,39.917888178238535
CLUSTER_61,D,beet_leaf,2272.0,15.953960735786756
CLUSTER_61,D,legume_str,504.6,15.953960735786756
CLUSTER_61,D,maize_str,3365.0,15.953960735786756
CLUSTER_61,D,rape_str,985.9999999999999,15.953960735786756
CLUSTER_79,D,beet_leaf,2597.0,20.50786775533025
CLUSTER_79,D,legume_str,931.4,20.50786775533025
CLUSTER_79,D,maize_str,6400.0,20.50786775533025
CLUSTER_79,D,rape_str,1076.6,20.50786775533025
CLUSTER_102,H,cattle_man,1724.0,6.8322784824904135
CLUSTER_102,H,cattle_slu,10771.0,6.8322784824904135
CLUSTER_102,H,horse_man,960.9999999999966,6.8322784824904135
CLUSTER_112,H,cattle_man,13057.0,20.679575060881465
CLUSTER_112,H,horse_man,1571.0,20.679575060881465
CLUSTER_112,H,pig_man,508.8,20.679575060881465
CLUSTER_113,H,cattle_man,1617.0,34.12510119213822
CLUSTER_113,H,horse_man,513.4,34.12510119213822
CLUSTER_120,H,cattle_man,10758.0,30.73284798372953
CLUSTER_120,H,horse_man,643.23,30.73284798372953
CLUSTER_120,H,pig_man,313.972,30.73284798372953
CLUSTER_133,H,horse_man,538.3,48.852860567684864
CLUSTER_168,H,cattle_man,4187.0,43.991428296753575
CLUSTER_168,H,horse_man,2384.0,43.991428296753575
CLUSTER_185,H,cattle_man,4461.0,34.545425553734404
CLUSTER_185,H,horse_man,786.4,34.545425553734404
CLUSTER_185,H,pig_man,183.43,34.545425553734404
CLUSTER_211,H,cattle_man,4080.0000000000005,8.210674073111372
CLUSTER_211,H,cattle_slu,27580.0,8.210674073111372
CLUSTER_211,H,horse_man,442.0,8.210674073111372
CLUSTER_211,H,pig_man,51.2,8.210674073111372
CLUSTER_216,H,cattle_man,6405.0,9.513711958366628
CLUSTER_216,H,cattle_slu,18914.0,9.513711958366628
CLUSTER_216,H,horse_man,1391.183,9.513711958366628
CLUSTER_221,H,cattle_man,8125.0,45.35666369302236
CLUSTER_245,H,cattle_man,13085.0,24.075217624180485
CLUSTER_245,H,horse_man,793.9,24.075217624180485
CLUSTER_245,H,pig_man,381.8,24.075217624180485
CLUSTER_25,H,cattle_man,2469.58,35.52976990262934
CLUSTER_25,H,horse_man,395.1,35.52976990262934
CLUSTER_269,H,cattle_man,10313.0,32.73970192232169
CLUSTER_286,H,cattle_man,4579.0,24.524746586232983
CLUSTER_286,H,horse_man,502.1,24.524746586232983
CLUSTER_286,H,pig_man,407.6,24.524746586232983
CLUSTER_299,H,cattle_man,4359.0,15.814286746741564
CLUSTER_299,H,cattle_slu,3300.9227433332953,15.814286746741564
CLUSTER_307,H,cattle_man,3600.0,16.015093339552173
CLUSTER_307,H,horse_man,1101.0,16.015093339552173
CLUSTER_309,H,cattle_man,7630.0,6.43689242685634
CLUSTER_309,H,cattle_slu,56380.0,6.43689242685634
CLUSTER_309,H,horse_man,240.3,6.43689242685634
CLUSTER_309,H,pig_man,216.09,6.43689242685634
CLUSTER_327,H,horse_man,336.5,58.04256328482788
CLUSTER_331,H,cattle_man,5700.0,36.64517283165879
CLUSTER_331,H,horse_man,3020.0,36.64517283165879
CLUSTER_331,H,pig_man,621.0,36.64517283165879
CLUSTER_335,H,cattle_man,4820.0,32.74378910707069
CLUSTER_335,H,horse_man,3071.0,32.74378910707069
CLUSTER_335,H,pig_man,497.042,32.74378910707069
CLUSTER_358,H,cattle_man,8329.0,16.20089480705714
CLUSTER_358,H,horse_man,586.9,16.20089480705714
CLUSTER_358,H,pig_man,505.06,16.20089480705714
CLUSTER_359,H,horse_man,362.1,50.439976560286986
CLUSTER_380,H,cattle_man,6580.0,40.51610477146154
CLUSTER_380,H,horse_man,1242.0,40.51610477146154
CLUSTER_380,H,pig_man,506.99999999999994,40.51610477146154
CLUSTER_419,H,cattle_man,2304.0,26.66111314261668
CLUSTER_419,H,horse_man,791.0,26.66111314261668
CLUSTER_419,H,pig_man,62.91951999999999,26.66111314261668
CLUSTER_437,H,cattle_man,8510.0,23.298969256599097
CLUSTER_437,H,horse_man,938.0,23.298969256599097
CLUSTER_437,H,pig_man,50.0,23.298969256599097
CLUSTER_461,H,cattle_man,3302.0,20.6538309244068
CLUSTER_461,H,horse_man,1385.0,20.6538309244068
CLUSTER_461,H,pig_man,138.37,20.6538309244068
CLUSTER_471,H,cattle_man,292.0,10.774936634520916
CLUSTER_471,H,cattle_slu,1307.0,10.774936634520916
CLUSTER_471,H,horse_man,250.50000000000003,10.774936634520916
CLUSTER_475,H,cattle_man,3878.0,18.315640194833662
CLUSTER_475,H,horse_man,475.5556399077404,18.315640194833662
CLUSTER_518,H,cattle_man,9270.0,19.74260640433544
CLUSTER_518,H,horse_man,1313.0,19.74260640433544
CLUSTER_518,H,pig_man,245.9,19.74260640433544
CLUSTER_522,H,cattle_man,6580.0,13.707020270323698
CLUSTER_522,H,cattle_slu,29310.0,13.707020270323698
CLUSTER_522,H,horse_man,288.1,13.707020270323698
CLUSTER_522,H,pig_man,183.7,13.707020270323698
CLUSTER_98,H,cattle_man,5002.1,26.352413132467937
CLUSTER_98,H,horse_man,673.1,26.352413132467937
CLUSTER_98,H,pig_man,181.343,26.352413132467937
CLUSTER_100,I,cattle_man,9536.0,19.5920672416836
CLUSTER_100,I,horse_man,3925.4999999999586,19.5920672416836
CLUSTER_100,I,pig_man,69.61,19.5920672416836
CLUSTER_116,I,cattle_man,856.0,47.52757285011594
CLUSTER_116,I,horse_man,1252.0,47.52757285011594
CLUSTER_116,I,pig_man,144.5,47.52757285011594
CLUSTER_126,I,cattle_man,6163.0,29.98408948379355
CLUSTER_126,I,horse_man,1435.2,29.98408948379355
CLUSTER_126,I,pig_man,2894.0,29.98408948379355
CLUSTER_131,I,cattle_man,9440.0,23.621195875809427
CLUSTER_131,I,horse_man,1232.0,23.621195875809427
CLUSTER_131,I,pig_man,1497.8,23.621195875809427
CLUSTER_142,I,cattle_man,32190.000000000004,26.48727192378866
CLUSTER_142,I,horse_man,1981.9999999999998,26.48727192378866
CLUSTER_152,I,cattle_man,3361.0,40.11399921684009
CLUSTER_152,I,horse_man,2493.3,40.11399921684009
CLUSTER_152,I,pig_man,174.14849999999998,40.11399921684009
CLUSTER_165,I,cattle_man,8970.0,17.442195356656164
CLUSTER_165,I,cattle_slu,37970.0,17.442195356656164
CLUSTER_165,I,horse_man,1926.7,17.442195356656164
CLUSTER_165,I,pig_man,1019.9,17.442195356656164
CLUSTER_180,I,cattle_man,2344.5815642047787,42.04614323755432
CLUSTER_180,I,horse_man,1481.0,42.04614323755432
CLUSTER_180,I,pig_man,6160.0,42.04614323755432
CLUSTER_20,I,cattle_man,27140.0,29.0103605365008
CLUSTER_20,I,horse_man,3289.0,29.0103605365008
CLUSTER_20,I,pig_man,3375.9999999999986,29.0103605365008
CLUSTER_22,I,cattle_man,44030.0,19.384369513478276
CLUSTER_22,I,horse_man,2300.999999999999,19.384369513478276
CLUSTER_239,I,horse_man,2882.5,39.185766238932935
CLUSTER_239,I,pig_man,931.74,39.185766238932935
CLUSTER_257,I,cattle_man,512.5,38.51491885847626
CLUSTER_257,I,horse_man,1598.0,38.51491885847626
CLUSTER_257,I,pig_man,1704.41,38.51491885847626
CLUSTER_279,I,cattle_man,21730.0,9.198434663170175
CLUSTER_279,I,cattle_slu,74670.0,9.198434663170175
CLUSTER_279,I,horse_man,1665.3,9.198434663170175
CLUSTER_279,I,pig_man,723.8400164000001,9.198434663170175
CLUSTER_288,I,cattle_man,23510.0,4.209945134889304
CLUSTER_288,I,cattle_slu,69700.0,4.209945134889304
CLUSTER_288,I,horse_man,1884.0,4.209945134889304
CLUSTER_288,I,pig_man,786.0,4.209945134889304
CLUSTER_300,I,cattle_man,12150.0,19.65512320085841
CLUSTER_300,I,horse_man,6326.0,19.65512320085841
CLUSTER_300,I,pig_man,581.8449999999999,19.65512320085841
CLUSTER_306,I,cattle_man,13760.0,29.616805601279523
CLUSTER_306,I,horse_man,2610.0,29.616805601279523
CLUSTER_306,I,pig_man,479.4,29.616805601279523
CLUSTER_323,I,cattle_man,18150.0,15.76992912846304
CLUSTER_323,I,cattle_slu,79000.0,15.76992912846304
CLUSTER_323,I,horse_man,2339.0,15.76992912846304
CLUSTER_323,I,pig_man,275.81,15.76992912846304
CLUSTER_345,I,cattle_man,8870.0,31.34346188171188
CLUSTER_345,I,horse_man,3059.0,31.34346188171188
CLUSTER_345,I,pig_man,131.752025,31.34346188171188
CLUSTER_354,I,cattle_man,4844.0,41.56980702612259
CLUSTER_371,I,cattle_man,13910.0,12.206972514077028
CLUSTER_371,I,cattle_slu,44150.0,12.206972514077028
CLUSTER_371,I,horse_man,1280.1,12.206972514077028
CLUSTER_371,I,pig_man,228.32,12.206972514077028
CLUSTER_386,I,cattle_man,420.0,27.575894602330933
CLUSTER_386,I,horse_man,3289.0,27.575894602330933
CLUSTER_403,I,cattle_man,9000.0,20.846260591708692
CLUSTER_423,I,cattle_man,22380.0,9.178658784762105
CLUSTER_423,I,cattle_slu,68630.0,9.178658784762105
CLUSTER_423,I,horse_man,1678.0106,9.178658784762105
CLUSTER_423,I,pig_man,669.519,9.178658784762105
CLUSTER_423,I,rape_str,1295.9,9.178658784762105
CLUSTER_43,I,cattle_man,697.37,26.464584668981463
CLUSTER_43,I,horse_man,1609.1999999999998,26.464584668981463
CLUSTER_43,I,pig_man,36.5,26.464584668981463
CLUSTER_441,I,cattle_man,3147.0,30.17115734463263
CLUSTER_441,I,horse_man,821.0,30.17115734463263
CLUSTER_441,I,pig_man,1272.0,30.17115734463263
CLUSTER_447,I,cattle_man,6210.0,32.04971350317367
CLUSTER_447,I,horse_man,3973.0,32.04971350317367
CLUSTER_447,I,pig_man,67.14,32.04971350317367
CLUSTER_458,I,cattle_man,4990.0,39.49249295537397
CLUSTER_458,I,horse_man,1518.504984347371,39.49249295537397
CLUSTER_466,I,cattle_man,13690.0,16.826808247018572
CLUSTER_466,I,cattle_slu,28210.0,16.826808247018572
CLUSTER_466,I,horse_man,4155.0,16.826808247018572
CLUSTER_466,I,pig_man,43.27128999999999,16.826808247018572
CLUSTER_48,I,horse_man,1045.96,53.8412271587786
CLUSTER_48,I,pig_man,1701.4,53.8412271587786
CLUSTER_495,I,cattle_man,7770.0,41.25242877032069
CLUSTER_495,I,horse_man,1575.0,41.25242877032069
CLUSTER_504,I,cattle_man,41.0,47.967766749040166
CLUSTER_504,I,horse_man,1033.0,47.967766749040166
CLUSTER_504,I,pig_man,442.0,47.967766749040166
CLUSTER_52,I,horse_man,1083.1,59.794710329795485
CLUSTER_523,I,cattle_man,13260.0,24.60708376001454
CLUSTER_523,I,horse_man,1417.0,24.60708376001454
CLUSTER_523,I,pig_man,56.7,24.60708376001454
CLUSTER_544,I,cattle_man,5520.0,12.374483517457142
CLUSTER_544,I,cattle_slu,15250.0,12.374483517457142
CLUSTER_544,I,pig_man,15.550000000000002,12.374483517457142
CLUSTER_545,I,cattle_man,1080.0,39.11111849530876
CLUSTER_545,I,horse_man,1719.0,39.11111849530876
CLUSTER_545,I,pig_man,227.1,39.11111849530876
CLUSTER_69,I,cattle_man,40940.0,14.993645723967589
CLUSTER_69,I,cattle_slu,159380.0,14.993645723967589
CLUSTER_69,I,horse_man,2441.2,14.993645723967589
CLUSTER_69,I,legume_str,517.8,14.993645723967589
CLUSTER_69,I,pig_man,1247.43,14.993645723967589
CLUSTER_69,I,rape_str,964.5,14.993645723967589
CLUSTER_71,I,cattle_man,8797.0,20.934669489314107
CLUSTER_71,I,horse_man,2948.9,20.934669489314107
CLUSTER_71,I,pig_man,226.348,20.934669489314107
CLUSTER_73,I,cattle_man,5812.0,42.0820291832983
CLUSTER_73,I,horse_man,1613.1,42.0820291832983
CLUSTER_73,I,pig_man,3455.0,42.0820291832983
CLUSTER_124,K,cattle_man,20029.999999999945,20.27154158295526
CLUSTER_124,K,horse_man,2749.0,20.27154158295526
CLUSTER_124,K,pig_man,225.04,20.27154158295526
CLUSTER_146,K,cattle_man,2485.0,14.507177373560452
CLUSTER_146,K,cattle_slu,13700.0,14.507177373560452
CLUSTER_146,K,horse_man,847.0,14.507177373560452
CLUSTER_159,K,cattle_man,8440.0,28.82566624855713
CLUSTER_159,K,horse_man,2721.0,28.82566624855713
CLUSTER_159,K,pig_man,3550.315,28.82566624855713
CLUSTER_193,K,cattle_man,1113.0,25.42954858261707
CLUSTER_193,K,horse_man,1133.0,25.42954858261707
CLUSTER_196,K,cattle_man,17380.0,34.35167282463013
CLUSTER_196,K,horse_man,1807.0,34.35167282463013
CLUSTER_202,K,cattle_man,16100.0,20.37801370951865
CLUSTER_202,K,horse_man,1917.3,20.37801370951865
CLUSTER_202,K,pig_man,229.17,20.37801370951865
CLUSTER_214,K,cattle_man,24580.0,30.575711880348656
CLUSTER_214,K,horse_man,1119.6,30.575711880348656
CLUSTER_214,K,pig_man,13.92,30.575711880348656
CLUSTER_225,K,cattle_man,6770.0,33.02295348698075
CLUSTER_225,K,horse_man,1039.7,33.02295348698075
CLUSTER_225,K,pig_man,1314.9,33.02295348698075
CLUSTER_228,K,cattle_man,10463.0,16.229325803891257
CLUSTER_228,K,cattle_slu,9836.538608697785,16.229325803891257
CLUSTER_228,K,horse_man,1313.4,16.229325803891257
CLUSTER_233,K,cattle_man,5430.0,39.3617728404709
CLUSTER_250,K,cattle_man,8735.82,11.341459167515648
CLUSTER_250,K,cattle_slu,55100.0,11.341459167515648
CLUSTER_250,K,horse_man,1190.0,11.341459167515648
CLUSTER_250,K,pig_man,54.334,11.341459167515648
CLUSTER_258,K,cattle_man,16820.0,9.689034897645506
CLUSTER_258,K,cattle_slu,98070.0,9.689034897645506
CLUSTER_258,K,horse_man,1914.0,9.689034897645506
CLUSTER_276,K,cattle_man,3122.0,24.82592522340526
CLUSTER_276,K,horse_man,1192.0,24.82592522340526
CLUSTER_282,K,cattle_man,10020.0,18.851785101181772
CLUSTER_282,K,horse_man,1029.0,18.851785101181772
CLUSTER_282,K,pig_man,277.076,18.851785101181772
CLUSTER_285,K,cattle_man,15869.999999999998,23.524285954273683
CLUSTER_291,K,cattle_man,2457.376,40.48619986408394
CLUSTER_291,K,horse_man,1658.0,40.48619986408394
CLUSTER_291,K,pig_man,7740.0,40.48619986408394
CLUSTER_292,K,horse_man,3197.0,39.16580830867782
CLUSTER_296,K,cattle_man,6573.0,3.996784489075528
CLUSTER_296,K,cattle_slu,37120.0,3.996784489075528
CLUSTER_296,K,horse_man,902.0,3.996784489075528
CLUSTER_416,K,cattle_man,553.9,22.108138517721223
CLUSTER_416,K,horse_man,387.2,22.108138517721223
CLUSTER_442,K,cattle_man,14580.0,22.40455997581717
CLUSTER_442,K,horse_man,2096.0,22.40455997581717
CLUSTER_456,K,cattle_man,18.534,30.213609623579654
CLUSTER_457,K,cattle_man,11400.0,15.891203363915222
CLUSTER_457,K,cattle_slu,64960.00000000001,15.891203363915222
CLUSTER_457,K,horse_man,1512.5,15.891203363915222
CLUSTER_513,K,cattle_man,2780.0,28.187742841439803
CLUSTER_513,K,horse_man,1042.0,28.187742841439803
CLUSTER_513,K,pig_man,656.9999999999992,28.187742841439803
CLUSTER_514,K,cattle_man,11580.0,11.042023854726503
CLUSTER_514,K,cattle_slu,60210.0,11.042023854726503
CLUSTER_514,K,horse_man,1246.0,11.042023854726503
CLUSTER_514,K,pig_man,13.03,11.042023854726503
CLUSTER_528,K,cattle_man,7939.999999999999,15.496763178595764
CLUSTER_528,K,cattle_slu,44500.0,15.496763178595764
CLUSTER_528,K,horse_man,1337.0,15.496763178595764
CLUSTER_540,K,cattle_man,2510.0,30.422835899264147
CLUSTER_540,K,horse_man,1390.0,30.422835899264147
CLUSTER_547,K,cattle_man,10790.0,5.798215354844527
CLUSTER_547,K,cattle_slu,62400.0,5.798215354844527
CLUSTER_547,K,horse_man,1621.0,5.798215354844527
CLUSTER_549,K,cattle_man,6580.0,12.652753062404706
CLUSTER_549,K,cattle_slu,38900.0,12.652753062404706
CLUSTER_549,K,horse_man,1622.0,12.652753062404706
CLUSTER_68,K,cattle_man,2715.3,37.47433302857868
CLUSTER_79,K,cattle_man,15570.0,23.836315782362423
CLUSTER_79,K,horse_man,1933.0,23.836315782362423
CLUSTER_79,K,pig_man,1322.00245,23.836315782362423
CLUSTER_105,L,cattle_man,16042.0,26.69362291396916
CLUSTER_105,L,horse_man,2293.0,26.69362291396916
CLUSTER_136,L,cattle_man,22230.0,15.700867439213187
CLUSTER_136,L,cattle_slu,108700.0,15.700867439213187
CLUSTER_136,L,horse_man,3775.0,15.700867439213187
CLUSTER_157,L,cattle_man,22880.0,9.909036502212208
CLUSTER_157,L,cattle_slu,106800.0,9.909036502212208
CLUSTER_157,L,horse_man,3454.0,9.909036502212208
CLUSTER_178,L,cattle_man,16790.0,25.04465074822919
CLUSTER_178,L,horse_man,5256.0,25.04465074822919
CLUSTER_204,L,cattle_man,10730.0,25.298635917685967
CLUSTER_204,L,horse_man,2958.0,25.298635917685967
CLUSTER_204,L,pig_man,37.494,25.298635917685967
CLUSTER_226,L,cattle_man,2664.1214147671844,27.7628959342418
CLUSTER_243,L,cattle_man,19320.0,10.35425377496765
CLUSTER_243,L,cattle_slu,94100.0,10.35425377496765
CLUSTER_243,L,horse_man,2781.0,10.35425377496765
CLUSTER_27,L,cattle_man,18405.0,16.04453095427615
CLUSTER_27,L,cattle_slu,81790.0,16.04453095427615
CLUSTER_27,L,horse_man,4194.0,16.04453095427615
CLUSTER_28,L,cattle_man,8410.0,13.637702527583825
CLUSTER_28,L,cattle_slu,37620.0,13.637702527583825
CLUSTER_28,L,horse_man,2761.9,13.637702527583825
CLUSTER_287,L,cattle_man,2184.0,24.67330529481302
CLUSTER_287,L,horse_man,1571.0,24.67330529481302
CLUSTER_3,L,cattle_man,7882.999999999999,35.68488024018478
CLUSTER_3,L,horse_man,5877.0,35.68488024018478
CLUSTER_3,L,pig_man,16.916,35.68488024018478
CLUSTER_304,L,cattle_man,2118.0,23.47521144443495
CLUSTER_304,L,horse_man,706.6,23.47521144443495
CLUSTER_312,L,cattle_man,11300.0,31.16390312309625
CLUSTER_312,L,horse_man,1544.0,31.16390312309625
CLUSTER_360,L,cattle_man,8890.0,23.66730814768729
CLUSTER_360,L,horse_man,2360.0,23.66730814768729
CLUSTER_391,L,cattle_man,11195.0,1.462829191147043
CLUSTER_391,L,cattle_slu,53800.0,1.462829191147043
CLUSTER_391,L,horse_man,3066.0,1.462829191147043
CLUSTER_391,L,pig_slu,92.46,1.462829191147043
CLUSTER_412,L,cattle_man,16640.0,20.31593235318813
CLUSTER_412,L,horse_man,2158.0,20.31593235318813
CLUSTER_415,L,cattle_man,6170.0,43.23349682125246
CLUSTER_415,L,horse_man,3241.0,43.23349682125246
CLUSTER_489,L,cattle_man,1068.0,14.972269028247506
CLUSTER_489,L,cattle_slu,3380.0,14.972269028247506
CLUSTER_489,L,horse_man,367.5,14.972269028247506
CLUSTER_502,L,cattle_man,12710.0,23.60942163086487
CLUSTER_502,L,horse_man,2093.0,23.60942163086487
CLUSTER_53,L,cattle_man,6226.92,8.931044484731185
CLUSTER_53,L,cattle_slu,25996.88,8.931044484731185
CLUSTER_53,L,horse_man,1543.0,8.931044484731185
CLUSTER_84,L,cattle_man,15427.9,34.28681103440994
CLUSTER_84,L,horse_man,4351.0,34.28681103440994
CLUSTER_86,L,cattle_man,15698.0,20.311652264883524
CLUSTER_86,L,horse_man,1875.0,20.311652264883524
CLUSTER_121,M,cattle_man,11370.0,8.604073159729499
CLUSTER_121,M,cattle_slu,47600.0,8.604073159729499
CLUSTER_121,M,horse_man,2073.0,8.604073159729499
CLUSTER_135,M,cattle_man,35210.0,15.401739247021782
CLUSTER_135,M,cattle_slu,152400.0,15.401739247021782
CLUSTER_135,M,horse_man,2847.0,15.401739247021782
CLUSTER_135,M,legume_str,330.2,15.401739247021782
CLUSTER_135,M,pig_man,159.368,15.401739247021782
CLUSTER_149,M,cattle_man,19570.0,25.54602978464897
CLUSTER_149,M,horse_man,2613.8,25.54602978464897
CLUSTER_149,M,pig_man,19.0894,25.54602978464897
CLUSTER_192,M,cattle_man,3130.0,37.15820136510708
CLUSTER_192,M,horse_man,605.0,37.15820136510708
CLUSTER_203,M,cattle_man,8289.517468744278,23.875695622981542
CLUSTER_244,M,cattle_man,18650.0,10.23046927643399
CLUSTER_244,M,cattle_slu,84140.0,10.23046927643399
CLUSTER_244,M,horse_man,3070.0,10.23046927643399
CLUSTER_244,M,legume_str,50.040000000000006,10.23046927643399
CLUSTER_308,M,cattle_man,2235.0,19.888421102567072
CLUSTER_308,M,horse_man,482.0,19.888421102567072
CLUSTER_350,M,cattle_man,14500.0,11.866481096771407
CLUSTER_350,M,cattle_slu,66000.0,11.866481096771407
CLUSTER_350,M,horse_man,2875.0,11.866481096771407
CLUSTER_350,M,legume_str,207.8,11.866481096771407
CLUSTER_350,M,pig_man,183.62,11.866481096771407
CLUSTER_350,M,rape_str,241.9,11.866481096771407
CLUSTER_374,M,cattle_man,5400.0,32.39200118979485
CLUSTER_374,M,horse_man,1839.0,32.39200118979485
CLUSTER_440,M,cattle_man,13440.0,3.872397837430798
CLUSTER_440,M,cattle_slu,62200.0,3.872397837430798
CLUSTER_440,M,horse_man,2708.0,3.872397837430798
CLUSTER_440,M,legume_str,29.4,3.872397837430798
CLUSTER_448,M,cattle_man,3200.0,21.40598644931297
CLUSTER_448,M,horse_man,654.0,21.40598644931297
CLUSTER_474,M,cattle_man,11990.0,24.076938941309358
CLUSTER_474,M,horse_man,1341.0,24.076938941309358
CLUSTER_85,M,cattle_man,17750.0,18.03642726103076
CLUSTER_85,M,cattle_slu,83770.0,18.03642726103076
CLUSTER_85,M,horse_man,2141.0,18.03642726103076
CLUSTER_85,M,legume_str,11.6,18.03642726103076
CLUSTER_85,M,pig_man,109.2627,18.03642726103076
CLUSTER_90,M,cattle_man,9800.0,25.415656525540925
CLUSTER_90,M,horse_man,1376.0,25.415656525540925
CLUSTER_93,M,cattle_man,44710.0,14.229769659656222
CLUSTER_93,M,cattle_slu,202100.0,14.229769659656222
CLUSTER_93,M,horse_man,4360.0,14.229769659656222
CLUSTER_93,M,legume_str,120.6,14.229769659656222
CLUSTER_93,M,pig_man,56.565000000000005,14.229769659656222
CLUSTER_117,N,cattle_man,13052.0,34.881852622141736
CLUSTER_117,N,horse_man,1848.2,34.881852622141736
CLUSTER_117,N,pig_man,153.071,34.881852622141736
CLUSTER_137,N,cattle_man,27690.0,16.39591081032852
CLUSTER_137,N,cattle_slu,183000.0,16.39591081032852
CLUSTER_137,N,horse_man,2768.0,16.39591081032852
CLUSTER_137,N,pig_man,11.12,16.39591081032852
CLUSTER_174,N,cattle_man,17810.0,15.546659863089172
CLUSTER_174,N,cattle_slu,117700.0,15.546659863089172
CLUSTER_174,N,horse_man,1427.5,15.546659863089172
CLUSTER_191,N,cattle_man,11290.0,19.64819935534969
CLUSTER_191,N,horse_man,1592.0,19.64819935534969
CLUSTER_207,N,cattle_man,25080.0,16.891073975727178
CLUSTER_207,N,cattle_slu,70528.97197724662,16.891073975727178
CLUSTER_207,N,horse_man,1783.0,16.891073975727178
CLUSTER_224,N,cattle_man,12420.0,23.66569131115386
CLUSTER_224,N,horse_man,1438.0,23.66569131115386
CLUSTER_252,N,cattle_man,23950.0,3.950417895544717
CLUSTER_252,N,cattle_slu,150300.0,3.950417895544717
CLUSTER_252,N,horse_man,2046.0,3.950417895544717
CLUSTER_264,N,cattle_man,33570.0,26.37535660694412
CLUSTER_264,N,horse_man,387.684,26.37535660694412
CLUSTER_268,N,cattle_man,5520.0,46.11807368363178
CLUSTER_268,N,horse_man,1285.41,46.11807368363178
CLUSTER_313,N,cattle_man,20560.0,25.456505721199672
CLUSTER_313,N,horse_man,2810.0,25.456505721199672
CLUSTER_313,N,pig_man,14.107,25.456505721199672
CLUSTER_329,N,cattle_man,13430.0,25.56716213258153
CLUSTER_329,N,horse_man,1337.0,25.56716213258153
CLUSTER_375,N,cattle_man,14310.0,27.600550339601565
CLUSTER_375,N,horse_man,280.5,27.600550339601565
CLUSTER_39,N,cattle_man,19310.0,24.38783971487718
CLUSTER_39,N,horse_man,1942.0,24.38783971487718
CLUSTER_422,N,cattle_man,4670.0,15.415275433826787
CLUSTER_422,N,cattle_slu,27900.0,15.415275433826787
CLUSTER_422,N,horse_man,1414.0,15.415275433826787
CLUSTER_434,N,cattle_man,10390.0,23.7892972233661
CLUSTER_434,N,horse_man,816.4,23.7892972233661
CLUSTER_480,N,cattle_man,173.2,54.06213031938445
CLUSTER_480,N,horse_man,560.6,54.06213031938445
CLUSTER_492,N,cattle_man,6610.0,33.743321561675565
CLUSTER_492,N,horse_man,472.0,33.743321561675565
CLUSTER_51,N,cattle_man,28020.0,14.694936334359694
CLUSTER_51,N,cattle_slu,177430.0,14.694936334359694
CLUSTER_51,N,horse_man,2617.0,14.694936334359694
CLUSTER_521,N,cattle_man,12160.0,9.018867960593102
CLUSTER_521,N,cattle_slu,66000.0,9.018867960593102
CLUSTER_521,N,horse_man,1448.0,9.018867960593102
CLUSTER_527,N,cattle_man,7620.0,35.446119334289406
CLUSTER_527,N,horse_man,1912.0,35.446119334289406
CLUSTER_527,N,pig_man,48.0347,35.446119334289406
CLUSTER_65,N,cattle_man,29310.0,13.292807792387366
CLUSTER_65,N,cattle_slu,183100.0,13.292807792387366
CLUSTER_65,N,horse_man,2654.0,13.292807792387366
CLUSTER_65,N,pig_man,165.989,13.292807792387366
CLUSTER_74,N,cattle_man,27550.0,26.128404398712743
CLUSTER_74,N,horse_man,3010.0,26.128404398712743
CLUSTER_94,N,cattle_man,10320.0,27.13208040804219
CLUSTER_94,N,horse_man,907.3,27.13208040804219
CLUSTER_10,P,pig_man,15.9693,62.40885635035748
CLUSTER_110,P,cattle_man,22036.0,14.169010771012134
CLUSTER_110,P,cattle_slu,24343.0,14.169010771012134
CLUSTER_110,P,horse_man,796.9999999999965,14.169010771012134
CLUSTER_110,P,pig_slu,26.2009,14.169010771012134
CLUSTER_119,P,cattle_man,14930.0,19.7428302401844
CLUSTER_119,P,cattle_slu,17250.0,19.7428302401844
CLUSTER_119,P,horse_man,1764.0,19.7428302401844
CLUSTER_119,P,pig_man,210.9,19.7428302401844
CLUSTER_134,P,pig_man,1021.56,41.64663659414459
CLUSTER_139,P,pig_man,42.67,46.9403944340512
CLUSTER_154,P,pig_man,309.885,38.36864290583711
CLUSTER_156,P,pig_man,137.8229,57.58868636886954
CLUSTER_158,P,horse_man,253.79999999999998,49.32153997759411
CLUSTER_16,P,pig_man,563.7029,54.3583677924984
CLUSTER_163,P,cattle_man,10520.0,18.209272538726463
CLUSTER_163,P,cattle_slu,11000.0,18.209272538726463
CLUSTER_163,P,horse_man,1805.0,18.209272538726463
CLUSTER_164,P,cattle_man,5420.0,29.799098736909684
CLUSTER_164,P,horse_man,1264.0,29.799098736909684
CLUSTER_164,P,pig_man,46.635000000000005,29.799098736909684
CLUSTER_170,P,horse_man,782.0,42.88290572587569
CLUSTER_173,P,cattle_man,7846.000000000001,5.595904030888868
CLUSTER_173,P,cattle_slu,8502.0,5.595904030888868
CLUSTER_173,P,horse_man,973.0,5.595904030888868
CLUSTER_173,P,pig_man,64.52416,5.595904030888868
CLUSTER_173,P,pig_slu,1495.07,5.595904030888868
CLUSTER_177,P,cattle_man,5132.0,15.472154522832891
CLUSTER_177,P,cattle_slu,4510.4,15.472154522832891
CLUSTER_177,P,horse_man,285.4,15.472154522832891
CLUSTER_177,P,pig_man,779.21,15.472154522832891
CLUSTER_177,P,pig_slu,8022.882611334879,15.472154522832891
CLUSTER_179,P,cattle_man,11220.0,9.93348277227686
CLUSTER_179,P,cattle_slu,12390.0,9.93348277227686
CLUSTER_179,P,horse_man,1139.0,9.93348277227686
CLUSTER_179,P,pig_man,63.56600000000001,9.93348277227686
CLUSTER_179,P,pig_slu,1466.78,9.93348277227686
CLUSTER_200,P,cattle_man,3150.0,25.55773687667961
CLUSTER_200,P,cattle_slu,3739.1,25.55773687667961
CLUSTER_200,P,pig_man,508.565,25.55773687667961
CLUSTER_213,P,cattle_man,3968.0,32.2185325465508
CLUSTER_213,P,horse_man,642.2,32.2185325465508
CLUSTER_236,P,cattle_man,1177.4,19.147831615115305
CLUSTER_236,P,cattle_slu,756.6,19.147831615115305
CLUSTER_236,P,horse_man,1045.5,19.147831615115305
CLUSTER_236,P,pig_man,144.7,19.147831615115305
CLUSTER_238,P,cattle_man,7143.0,27.417980725701423
CLUSTER_238,P,horse_man,820.7,27.417980725701423
CLUSTER_238,P,pig_man,123.38,27.417980725701423
CLUSTER_24,P,pig_man,159.9752980762706,40.91176717905602
CLUSTER_246,P,pig_man,400.322,63.47158314850433
CLUSTER_247,P,cattle_man,2871.0,26.831315441842413
CLUSTER_247,P,pig_man,228.0,26.831315441842413
CLUSTER_251,P,pig_man,335.71000000000004,61.16341339516235
CLUSTER_260,P,horse_man,1035.0,54.772803080765485
CLUSTER_260,P,pig_man,45.446,54.772803080765485
CLUSTER_271,P,cattle_man,3622.2,26.77488267625451
CLUSTER_271,P,horse_man,278.4,26.77488267625451
CLUSTER_271,P,pig_man,831.7,26.77488267625451
CLUSTER_275,P,cattle_man,3212.5,29.29469323870401
CLUSTER_275,P,horse_man,564.0,29.29469323870401
CLUSTER_277,P,cattle_man,6870.0,39.11613057428052
CLUSTER_277,P,pig_man,203.959,39.11613057428052
CLUSTER_283,P,pig_man,1637.37,51.58672687483226
CLUSTER_310,P,pig_man,67.1,82.4258962184601
CLUSTER_320,P,cattle_man,1036.0,30.202358765410235
CLUSTER_320,P,pig_man,16.0,30.202358765410235
CLUSTER_325,P,pig_man,710.15139,78.91644497079675
CLUSTER_332,P,pig_man,132.8458,54.32194764102796
CLUSTER_334,P,pig_man,214.22,71.28143905385657
CLUSTER_336,P,pig_man,552.236,65.3079127098065
CLUSTER_388,P,horse_man,410.3,55.9486636231285
CLUSTER_389,P,pig_man,58.461,46.8952133560637
CLUSTER_410,P,cattle_man,8090.0,18.684930172538465
CLUSTER_410,P,cattle_slu,6470.0,18.684930172538465
CLUSTER_410,P,horse_man,808.4,18.684930172538465
CLUSTER_410,P,pig_man,261.9019,18.684930172538465
CLUSTER_417,P,pig_man,197.25,45.9084829396801
CLUSTER_424,P,pig_man,185.966,52.116561846639975
CLUSTER_426,P,horse_man,3962.2,61.95207671176778
CLUSTER_426,P,pig_man,46.733,61.95207671176778
CLUSTER_430,P,cattle_man,1180.0,10.606894252762029
CLUSTER_430,P,cattle_slu,644.35,10.606894252762029
CLUSTER_430,P,horse_man,480.0,10.606894252762029
CLUSTER_430,P,pig_man,159.375,10.606894252762029
CLUSTER_430,P,pig_slu,1767.3,10.606894252762029
CLUSTER_449,P,cattle_man,7060.2,17.81840184769449
CLUSTER_449,P,cattle_slu,3955.0999999999995,17.81840184769449
CLUSTER_449,P,horse_man,518.500398,17.81840184769449
CLUSTER_449,P,pig_man,577.091,17.81840184769449
CLUSTER_47,P,horse_man,414.0,49.70207939525988
CLUSTER_487,P,pig_man,299.25,30.478371171189487
CLUSTER_49,P,cattle_man,15490.0,18.88471454437424
CLUSTER_49,P,cattle_slu,4801.4,18.88471454437424
CLUSTER_49,P,horse_man,1710.1,18.88471454437424
CLUSTER_49,P,pig_man,231.961,18.88471454437424
CLUSTER_491,P,cattle_slu,482.2,25.489839080609823
CLUSTER_491,P,pig_man,236.64,25.489839080609823
CLUSTER_497,P,pig_man,347.9,45.47958815301031
CLUSTER_519,P,cattle_man,4091.0,20.056141110891573
CLUSTER_519,P,cattle_slu,3254.0,20.056141110891573
CLUSTER_519,P,horse_man,814.0,20.056141110891573
CLUSTER_530,P,pig_man,84.5,78.05717856679738
CLUSTER_538,P,cattle_man,3387.0,6.956832579600732
CLUSTER_538,P,cattle_slu,3543.0,6.956832579600732
CLUSTER_538,P,horse_man,768.4,6.956832579600732
CLUSTER_538,P,pig_man,151.197,6.956832579600732
CLUSTER_538,P,pig_slu,2128.6,6.956832579600732
CLUSTER_546,P,cattle_man,5370.0,29.878175879308124
CLUSTER_546,P,horse_man,444.0,29.878175879308124
CLUSTER_56,P,pig_man,427.76,74.4658408228769
CLUSTER_60,P,horse_man,2507.8,62.45844194899823
CLUSTER_60,P,pig_man,45.1582,62.45844194899823
CLUSTER_75,P,pig_man,1113.72,64.61507051741508
CLUSTER_80,P,cattle_man,2733.9,16.387396038473398
CLUSTER_80,P,cattle_slu,4518.7,16.387396038473398
CLUSTER_80,P,horse_man,210.9,16.387396038473398
CLUSTER_80,P,pig_man,275.303,16.387396038473398
CLUSTER_95,P,pig_man,778.92,33.67126186140436
CLUSTER_97,P,pig_man,302.6467,33.59565482914659
CLUSTER_101,R,cattle_man,7667.4141,31.122617278107484
CLUSTER_101,R,horse_man,1895.4099999999723,31.122617278107484
CLUSTER_101,R,pig_man,311.45,31.122617278107484
CLUSTER_107,R,cattle_man,13402.1,25.77394652840841
CLUSTER_107,R,horse_man,1668.9,25.77394652840841
CLUSTER_107,R,pig_man,993.2,25.77394652840841
CLUSTER_129,R,cattle_man,8284.0,51.596412129637365
CLUSTER_129,R,horse_man,1743.9,51.596412129637365
CLUSTER_129,R,pig_man,245.9917,51.596412129637365
CLUSTER_132,R,cattle_man,7032.59,27.051655886284063
CLUSTER_132,R,horse_man,795.885,27.051655886284063
CLUSTER_132,R,pig_man,943.9,27.051655886284063
CLUSTER_138,R,cattle_man,10203.0,11.225136336119554
CLUSTER_138,R,cattle_slu,43420.0,11.225136336119554
CLUSTER_138,R,horse_man,665.1,11.225136336119554
CLUSTER_138,R,pig_man,1203.8,11.225136336119554
CLUSTER_14,R,pig_man,256.805,38.79563839791227
CLUSTER_144,R,cattle_man,16190.0,28.489135917627152
CLUSTER_144,R,horse_man,1888.0,28.489135917627152
CLUSTER_144,R,pig_man,1094.5,28.489135917627152
CLUSTER_145,R,cattle_man,10356.0,24.75549111193911
CLUSTER_145,R,horse_man,1174.0,24.75549111193911
CLUSTER_145,R,pig_man,104.2,24.75549111193911
CLUSTER_162,R,cattle_man,4108.423,34.2478185111838
CLUSTER_162,R,horse_man,3375.9,34.2478185111838
CLUSTER_162,R,pig_man,126.94,34.2478185111838
CLUSTER_176,R,cattle_man,2533.2,24.105724655999676
CLUSTER_176,R,horse_man,750.0,24.105724655999676
CLUSTER_176,R,pig_man,232.96,24.105724655999676
CLUSTER_182,R,cattle_man,9590.0,13.181760984444267
CLUSTER_182,R,cattle_slu,48000.0,13.181760984444267
CLUSTER_182,R,horse_man,2035.0,13.181760984444267
CLUSTER_182,R,pig_man,1527.0,13.181760984444267
CLUSTER_190,R,pig_man,1086.0,55.79067821129864
CLUSTER_212,R,cattle_man,3906.5976316670985,55.39711449384043
CLUSTER_212,R,pig_man,132.0,55.39711449384043
CLUSTER_229,R,cattle_man,1142.8,17.05352767141537
CLUSTER_229,R,cattle_slu,5196.0,17.05352767141537
CLUSTER_229,R,horse_man,466.3,17.05352767141537
CLUSTER_229,R,pig_man,38.028209,17.05352767141537
CLUSTER_235,R,cattle_man,3182.0,19.85744035382478
CLUSTER_235,R,horse_man,1307.7,19.85744035382478
CLUSTER_235,R,pig_man,439.78,19.85744035382478
CLUSTER_248,R,cattle_man,377.0,44.57178975639589
CLUSTER_248,R,horse_man,258.4,44.57178975639589
CLUSTER_248,R,pig_man,337.0,44.57178975639589
CLUSTER_263,R,cattle_man,11151.51,36.91276244049618
CLUSTER_263,R,horse_man,3265.0,36.91276244049618
CLUSTER_263,R,pig_man,198.21,36.91276244049618
CLUSTER_297,R,pig_man,153.126,47.00684939124349
CLUSTER_303,R,cattle_man,3262.0,36.99090787006899
CLUSTER_303,R,horse_man,1570.0,36.99090787006899
CLUSTER_303,R,pig_man,1707.0,36.99090787006899
CLUSTER_315,R,cattle_man,6294.0,37.0846215157822
CLUSTER_315,R,horse_man,1179.8,37.0846215157822
CLUSTER_315,R,pig_man,304.38530000000003,37.0846215157822
CLUSTER_316,R,cattle_man,7202.0,39.65424009465677
CLUSTER_316,R,horse_man,1505.3,39.65424009465677
CLUSTER_316,R,pig_man,1285.8,39.65424009465677
CLUSTER_324,R,cattle_man,6315.0,34.42217696498959
CLUSTER_324,R,horse_man,736.19,34.42217696498959
CLUSTER_324,R,pig_man,258.47,34.42217696498959
CLUSTER_338,R,cattle_man,6102.530000000001,18.863599929858115
CLUSTER_338,R,cattle_slu,23550.0,18.863599929858115
CLUSTER_338,R,horse_man,816.0,18.863599929858115
CLUSTER_338,R,pig_man,496.0,18.863599929858115
CLUSTER_339,R,cattle_man,3014.917,7.854317998546243
CLUSTER_339,R,cattle_slu,16749.4,7.854317998546243
CLUSTER_339,R,horse_man,2136.8,7.854317998546243
CLUSTER_339,R,pig_man,586.97,7.854317998546243
CLUSTER_34,R,cattle_man,4823.3,35.03005649649248
CLUSTER_34,R,horse_man,3660.3,35.03005649649248
CLUSTER_34,R,pig_man,547.047,35.03005649649248
CLUSTER_340,R,cattle_man,979.0,42.36109614526522
CLUSTER_340,R,horse_man,1279.0,42.36109614526522
CLUSTER_340,R,pig_man,150.7,42.36109614526522
CLUSTER_344,R,cattle_man,9980.0,14.931327868486342
CLUSTER_344,R,cattle_slu,41190.0,14.931327868486342
CLUSTER_344,R,horse_man,1961.0,14.931327868486342
CLUSTER_344,R,pig_man,347.5,14.931327868486342
CLUSTER_349,R,cattle_man,4717.0,24.593068563448167
CLUSTER_349,R,horse_man,668.0,24.593068563448167
CLUSTER_349,R,pig_man,105.746,24.593068563448167
CLUSTER_35,R,pig_man,150.04986970127592,45.68849537759717
CLUSTER_353,R,cattle_man,9000.0,4.698833190641437
CLUSTER_353,R,cattle_slu,39800.0,4.698833190641437
CLUSTER_353,R,horse_man,840.0,4.698833190641437
CLUSTER_353,R,pig_man,473.0,4.698833190641437
CLUSTER_353,R,pig_slu,5250.0,4.698833190641437
CLUSTER_373,R,cattle_man,930.61,45.36971742928928
CLUSTER_373,R,horse_man,1879.8,45.36971742928928
CLUSTER_377,R,cattle_man,1881.3,45.1162121368186
CLUSTER_377,R,horse_man,627.7,45.1162121368186
CLUSTER_377,R,pig_man,294.4,45.1162121368186
CLUSTER_382,R,cattle_man,2959.0,39.16358916887073
CLUSTER_382,R,horse_man,1045.0,39.16358916887073
CLUSTER_382,R,pig_man,429.0,39.16358916887073
CLUSTER_393,R,cattle_man,1357.0,28.17892739087293
CLUSTER_393,R,horse_man,968.1,28.17892739087293
CLUSTER_42,R,cattle_man,15075.0,34.048691604572184
CLUSTER_42,R,horse_man,1097.5,34.048691604572184
CLUSTER_42,R,pig_man,1804.5,34.048691604572184
CLUSTER_427,R,cattle_man,8930.0,22.82524846090156
CLUSTER_427,R,horse_man,3104.5,22.82524846090156
CLUSTER_427,R,pig_man,799.2,22.82524846090156
CLUSTER_431,R,cattle_man,3900.2,25.546935290479087
CLUSTER_431,R,horse_man,1912.0,25.546935290479087
CLUSTER_431,R,pig_man,238.34,25.546935290479087
CLUSTER_452,R,cattle_man,3960.0,25.578839602441647
CLUSTER_452,R,horse_man,922.0,25.578839602441647
CLUSTER_452,R,pig_man,550.0,25.578839602441647
CLUSTER_459,R,cattle_man,3719.2,48.69429045683021
CLUSTER_459,R,horse_man,167.4,48.69429045683021
CLUSTER_459,R,pig_man,243.8,48.69429045683021
CLUSTER_464,R,cattle_man,4492.0,26.338762751082665
CLUSTER_464,R,horse_man,752.0,26.338762751082665
CLUSTER_464,R,pig_man,54.032,26.338762751082665
CLUSTER_469,R,cattle_man,3134.0,33.935123097859915
CLUSTER_469,R,horse_man,840.0,33.935123097859915
CLUSTER_469,R,pig_man,324.0,33.935123097859915
CLUSTER_478,R,cattle_man,1374.0,15.636418004959578
CLUSTER_478,R,cattle_slu,6110.0,15.636418004959578
CLUSTER_478,R,horse_man,340.1,15.636418004959578
CLUSTER_478,R,pig_man,35.400000000000006,15.636418004959578
CLUSTER_485,R,cattle_man,3740.0,27.93262852286657
CLUSTER_485,R,horse_man,1447.0,27.93262852286657
CLUSTER_485,R,pig_man,19.72,27.93262852286657
CLUSTER_495,R,pig_man,180.446,38.73003606152248
CLUSTER_496,R,cattle_man,6675.3,11.2686247263928
CLUSTER_496,R,cattle_slu,20415.3,11.2686247263928
CLUSTER_496,R,horse_man,451.0,11.2686247263928
CLUSTER_496,R,pig_man,687.3,11.2686247263928
CLUSTER_499,R,cattle_man,4370.0,35.389894697215816
CLUSTER_499,R,horse_man,3670.0,35.389894697215816
CLUSTER_499,R,pig_man,128.13,35.389894697215816
CLUSTER_515,R,cattle_man,990.9999999999999,44.69355390232513
CLUSTER_515,R,horse_man,126.2,44.69355390232513
CLUSTER_515,R,pig_man,1089.0,44.69355390232513
CLUSTER_52,R,cattle_man,3984.5,55.55154033074384
CLUSTER_52,R,pig_man,917.46,55.55154033074384
CLUSTER_531,R,pig_man,133.0,50.09689129314433
CLUSTER_534,R,cattle_man,2189.0,34.659543761163285
CLUSTER_534,R,horse_man,1873.6,34.659543761163285
CLUSTER_534,R,pig_man,1003.0,34.659543761163285
CLUSTER_6,R,cattle_man,810.17,50.43980125895625
CLUSTER_6,R,horse_man,339.439139,50.43980125895625
CLUSTER_6,R,pig_man,1816.7,50.43980125895625
CLUSTER_63,R,cattle_man,14627.0,44.8102343433752
CLUSTER_63,R,horse_man,6166.0,44.8102343433752
CLUSTER_63,R,pig_man,79.20405999999998,44.8102343433752
CLUSTER_82,R,cattle_man,7392.7,37.759624975632455
CLUSTER_82,R,horse_man,1220.1,37.759624975632455
CLUSTER_82,R,pig_man,554.226263,37.759624975632455
CLUSTER_83,R,cattle_man,8530.0,31.14936396629896
CLUSTER_83,R,horse_man,1407.5290348848148,31.14936396629896
CLUSTER_83,R,pig_man,44.2,31.14936396629896
CLUSTER_9,R,cattle_man,4512.6,18.183012325861142
CLUSTER_9,R,cattle_slu,16322.900000000001,18.183012325861142
CLUSTER_9,R,horse_man,1859.2,18.183012325861142
CLUSTER_9,R,pig_man,1813.0,18.183012325861142
CLUSTER_155,S,beet_leaf,9529.623605928502,13.666311120865108
CLUSTER_155,S,legume_str,662.1,13.666311120865108
CLUSTER_155,S,maize_str,5236.0,13.666311120865108
CLUSTER_155,S,rape_str,1777.0,13.666311120865108
CLUSTER_2,S,legume_str,639.4,15.025042767527284
CLUSTER_2,S,maize_str,6515.0,15.025042767527284
CLUSTER_2,S,rape_str,2407.0,15.025042767527284
CLUSTER_202,S,legume_str,151.06,30.0442027747738
CLUSTER_202,S,maize_str,1620.21,30.0442027747738
CLUSTER_202,S,rape_str,65.6,30.0442027747738
CLUSTER_223,S,legume_str,122.22,27.27079749609094
CLUSTER_223,S,maize_str,1682.3,27.27079749609094
CLUSTER_223,S,rape_str,240.1,27.27079749609094
CLUSTER_233,S,maize_str,1974.720202057898,23.03013746822264
CLUSTER_241,S,legume_str,14.47,30.600091028593837
CLUSTER_241,S,maize_str,29.1,30.600091028593837
CLUSTER_241,S,rape_str,46.0,30.600091028593837
CLUSTER_270,S,legume_str,180.75,26.39011912436557
CLUSTER_270,S,maize_str,1419.08,26.39011912436557
CLUSTER_270,S,rape_str,169.7,26.39011912436557
CLUSTER_274,S,legume_str,393.2,16.975390646949233
CLUSTER_274,S,maize_str,4828.0,16.975390646949233
CLUSTER_274,S,rape_str,401.4,16.975390646949233
CLUSTER_282,S,maize_str,1160.2210063666494,32.403348614791184
CLUSTER_284,S,legume_str,192.3,22.29719597627468
CLUSTER_284,S,maize_str,3599.0,22.29719597627468
CLUSTER_284,S,rape_str,262.2,22.29719597627468
CLUSTER_330,S,legume_str,753.8,37.56362831151073
CLUSTER_330,S,rape_str,2235.0,37.56362831151073
CLUSTER_354,S,legume_str,257.3,25.029671913513223
CLUSTER_354,S,maize_str,3760.8,25.029671913513223
CLUSTER_354,S,rape_str,1672.1,25.029671913513223
CLUSTER_355,S,beet_leaf,29970.0,3.0931416546111867
CLUSTER_355,S,cattle_man,3895.0,3.0931416546111867
CLUSTER_355,S,cattle_slu,8967.24,3.0931416546111867
CLUSTER_355,S,legume_str,1096.0,3.0931416546111867
CLUSTER_355,S,maize_str,6490.0,3.0931416546111867
CLUSTER_355,S,rape_str,1192.0,3.0931416546111867
CLUSTER_37,S,legume_str,791.6,26.62785466965807
CLUSTER_37,S,maize_str,5157.0,26.62785466965807
CLUSTER_37,S,rape_str,2494.6,26.62785466965807
CLUSTER_400,S,legume_str,558.0,17.847969060242814
CLUSTER_400,S,maize_str,7990.000000000001,17.847969060242814
CLUSTER_400,S,rape_str,1315.0,17.847969060242814
CLUSTER_456,S,legume_str,113.6,20.022113667745845
CLUSTER_456,S,maize_str,2995.0,20.022113667745845
CLUSTER_456,S,rape_str,206.8,20.022113667745845
CLUSTER_473,S,legume_str,346.1,24.88162780511901
CLUSTER_473,S,maize_str,2065.0,24.88162780511901
CLUSTER_473,S,rape_str,1204.0,24.88162780511901
CLUSTER_488,S,beet_leaf,39300.0,7.88287315112342
CLUSTER_488,S,legume_str,451.0,7.88287315112342
CLUSTER_488,S,maize_str,3580.0,7.88287315112342
CLUSTER_488,S,rape_str,315.0,7.88287315112342
CLUSTER_513,S,legume_str,913.0,23.543296756751825
CLUSTER_513,S,maize_str,11970.0,23.543296756751825
CLUSTER_513,S,rape_str,985.0,23.543296756751825
CLUSTER_549,S,legume_str,16.9,37.09121525625534
CLUSTER_68,S,beet_leaf,45130.0,13.16605386306222
CLUSTER_68,S,legume_str,893.9,13.16605386306222
CLUSTER_68,S,maize_str,8434.0,13.16605386306222
CLUSTER_68,S,rape_str,708.4,13.16605386306222
CLUSTER_70,S,legume_str,758.6,18.09981792386517
CLUSTER_70,S,maize_str,4266.0,18.09981792386517
CLUSTER_70,S,rape_str,1041.14,18.09981792386517
CLUSTER_91,S,legume_str,391.1,29.697625576926796
CLUSTER_91,S,maize_str,5136.0,29.697625576926796
CLUSTER_91,S,rape_str,434.47,29.697625576926796
CLUSTER_122,U,cattle_man,16999.999999999945,16.90996697085871
CLUSTER_122,U,cattle_slu,61990.0,16.90996697085871
CLUSTER_122,U,horse_man,5259.999999999972,16.90996697085871
CLUSTER_122,U,legume_str,179.2,16.90996697085871
CLUSTER_122,U,pig_man,40.78256999999979,16.90996697085871
CLUSTER_151,U,cattle_man,5361.0,17.37734351929394
CLUSTER_151,U,cattle_slu,23720.0,17.37734351929394
CLUSTER_151,U,horse_man,5352.0,17.37734351929394
CLUSTER_151,U,legume_str,305.9,17.37734351929394
CLUSTER_151,U,pig_man,33.274,17.37734351929394
CLUSTER_151,U,rape_str,655.0,17.37734351929394
CLUSTER_198,U,cattle_man,19100.0,5.178547648460082
CLUSTER_198,U,cattle_slu,95800.0,5.178547648460082
CLUSTER_198,U,horse_man,2306.0,5.178547648460082
CLUSTER_215,U,cattle_man,11500.0,16.909558802896793
CLUSTER_215,U,cattle_slu,55550.0,16.909558802896793
CLUSTER_215,U,horse_man,2969.0,16.909558802896793
CLUSTER_218,U,cattle_man,42980.0,18.957503032202062
CLUSTER_218,U,cattle_slu,191700.0,18.957503032202062
CLUSTER_218,U,horse_man,4008.0000000000005,18.957503032202062
CLUSTER_218,U,legume_str,38.61,18.957503032202062
CLUSTER_226,U,cattle_man,14215.878585232815,32.29866749402618
CLUSTER_226,U,horse_man,2471.6,32.29866749402618
CLUSTER_256,U,cattle_man,2666.96,45.97873463859104
CLUSTER_256,U,horse_man,2930.0,45.97873463859104
CLUSTER_256,U,pig_man,14.8359,45.97873463859104
CLUSTER_26,U,cattle_man,27390.0,27.15120567942541
CLUSTER_26,U,horse_man,4471.0,27.15120567942541
CLUSTER_281,U,cattle_man,11914.0,18.57081661838888
CLUSTER_281,U,cattle_slu,54009.0,18.57081661838888
CLUSTER_281,U,horse_man,1024.5,18.57081661838888
CLUSTER_29,U,cattle_man,35210.0,23.164524638344812
CLUSTER_29,U,horse_man,2338.7,23.164524638344812
CLUSTER_342,U,cattle_man,4948.0,55.89181136595424
CLUSTER_342,U,horse_man,2247.0,55.89181136595424
CLUSTER_342,U,pig_man,109.9,55.89181136595424
CLUSTER_352,U,cattle_man,13540.0,32.23917659203668
CLUSTER_352,U,horse_man,3832.0,32.23917659203668
CLUSTER_352,U,pig_man,32.1,32.23917659203668
CLUSTER_363,U,cattle_man,13430.0,6.4271678014369416
CLUSTER_363,U,cattle_slu,51370.0,6.4271678014369416
CLUSTER_363,U,horse_man,3180.0,6.4271678014369416
CLUSTER_363,U,legume_str,43.2,6.4271678014369416
CLUSTER_363,U,pig_man,154.91,6.4271678014369416
CLUSTER_369,U,cattle_man,3235.7,37.16618498973463
CLUSTER_369,U,horse_man,3562.3,37.16618498973463
CLUSTER_396,U,cattle_man,5375.0,25.114633889299984
CLUSTER_396,U,horse_man,4460.0,25.114633889299984
CLUSTER_407,U,cattle_man,10172.0,19.071347627136088
CLUSTER_407,U,cattle_slu,24165.412041222346,19.071347627136088
CLUSTER_407,U,horse_man,3348.0,19.071347627136088
CLUSTER_458,U,horse_man,801.4950156526291,41.40453685181194
CLUSTER_498,U,cattle_man,3436.0,24.482516132866536
CLUSTER_498,U,horse_man,2767.0,24.482516132866536
CLUSTER_5,U,cattle_man,1031.0,34.93034373462066
CLUSTER_5,U,horse_man,895.0,34.93034373462066
CLUSTER_508,U,cattle_man,21640.0,24.049142978602163
CLUSTER_508,U,horse_man,3810.0,24.049142978602163
CLUSTER_54,U,cattle_man,5070.0,21.575283060153367
CLUSTER_54,U,horse_man,1695.0,21.575283060153367
CLUSTER_57,U,cattle_man,1262.9,27.11539469462705
CLUSTER_57,U,horse_man,1420.0,27.11539469462705
CLUSTER_62,U,cattle_man,29750.0,13.442201412734732
CLUSTER_62,U,cattle_slu,156900.0,13.442201412734732
CLUSTER_62,U,horse_man,4905.0,13.442201412734732
CLUSTER_62,U,legume_str,34.27,13.442201412734732
CLUSTER_62,U,pig_man,33.995,13.442201412734732
CLUSTER_67,U,cattle_man,12270.0,25.84638374079094
CLUSTER_67,U,horse_man,2276.6,25.84638374079094
CLUSTER_8,U,cattle_man,26900.0,9.684783888664024
CLUSTER_8,U,cattle_slu,141350.0,9.684783888664024
CLUSTER_8,U,horse_man,7120.0,9.684783888664024
CLUSTER_8,U,legume_str,105.89,9.684783888664024
CLUSTER_8,U,pig_man,13.2831,9.684783888664024
CLUSTER_8,U,rape_str,48.5,9.684783888664024
CLUSTER_81,U,cattle_man,13239.072190156212,31.09636916357953
CLUSTER_100,V,beet_leaf,1319.0,23.73907935432715
CLUSTER_100,V,legume_str,592.6,23.73907935432715
CLUSTER_100,V,maize_str,6753.0,23.73907935432715
CLUSTER_100,V,rape_str,1246.9999999999932,23.73907935432715
CLUSTER_107,V,legume_str,421.2,29.576303217924707
CLUSTER_107,V,maize_str,1970.0,29.576303217924707
CLUSTER_107,V,rape_str,1132.0,29.576303217924707
CLUSTER_116,V,beet_leaf,1830.0,16.672551838309413
CLUSTER_116,V,legume_str,256.53,16.672551838309413
CLUSTER_116,V,maize_str,4270.0,16.672551838309413
CLUSTER_116,V,rape_str,1331.7,16.672551838309413
CLUSTER_138,V,legume_str,467.8,44.27960212741182
CLUSTER_138,V,rape_str,1121.4,44.27960212741182
CLUSTER_144,V,beet_leaf,1759.8,13.973117744830274
CLUSTER_144,V,legume_str,474.3,13.973117744830274
CLUSTER_144,V,maize_str,3055.0,13.973117744830274
CLUSTER_144,V,rape_str,1689.0,13.973117744830274
CLUSTER_145,V,legume_str,263.2,47.81459910375567
CLUSTER_145,V,rape_str,1224.0,47.81459910375567
CLUSTER_152,V,legume_str,331.6,27.63212297978575
CLUSTER_152,V,maize_str,2300.0,27.63212297978575
CLUSTER_152,V,rape_str,1311.0,27.63212297978575
CLUSTER_162,V,legume_str,744.7,33.37853711333193
CLUSTER_162,V,maize_str,2824.3638016902573,33.37853711333193
CLUSTER_162,V,rape_str,2424.0,33.37853711333193
CLUSTER_182,V,legume_str,180.1,33.515592416904745
CLUSTER_182,V,rape_str,811.0,33.515592416904745
CLUSTER_212,V,legume_str,423.4,41.37650862014383
CLUSTER_212,V,rape_str,2994.0,41.37650862014383
CLUSTER_229,V,legume_str,169.7,54.39497692577734
CLUSTER_239,V,cattle_man,3789.0,2.498908069966129
CLUSTER_239,V,cattle_slu,12880.0,2.498908069966129
CLUSTER_239,V,clover_alfalfa_grass,2075.0,2.498908069966129
CLUSTER_239,V,legume_str,357.8,2.498908069966129
CLUSTER_239,V,maize_str,2374.0,2.498908069966129
CLUSTER_239,V,pig_slu,16150.7,2.498908069966129
CLUSTER_239,V,rape_str,1717.0,2.498908069966129
CLUSTER_256,V,legume_str,337.66,49.64125970257124
CLUSTER_256,V,rape_str,862.4,49.64125970257124
CLUSTER_263,V,beet_leaf,6296.4,20.490196633720014
CLUSTER_263,V,legume_str,774.2,20.490196633720014
CLUSTER_263,V,maize_str,2453.0,20.490196633720014
CLUSTER_263,V,rape_str,1071.4,20.490196633720014
CLUSTER_279,V,legume_str,338.3,44.17644058100517
CLUSTER_279,V,rape_str,766.0,44.17644058100517
CLUSTER_288,V,legume_str,851.0,37.698055685273786
CLUSTER_288,V,rape_str,1600.0,37.698055685273786
CLUSTER_297,V,legume_str,363.98,51.93062816337358
CLUSTER_300,V,legume_str,424.7,43.31117364355231
CLUSTER_300,V,rape_str,548.0,43.31117364355231
CLUSTER_306,V,beet_leaf,350.409,15.003783028062273
CLUSTER_306,V,legume_str,1097.0,15.003783028062273
CLUSTER_306,V,maize_str,5143.0,15.003783028062273
CLUSTER_306,V,rape_str,2327.0,15.003783028062273
CLUSTER_315,V,legume_str,373.6,44.530853310813285
CLUSTER_315,V,rape_str,1513.0,44.530853310813285
CLUSTER_323,V,legume_str,62.45,53.07720243231476
CLUSTER_324,V,legume_str,578.7,36.80664200453042
CLUSTER_324,V,rape_str,1080.0,36.80664200453042
CLUSTER_338,V,beet_leaf,2428.0,22.791330727774447
CLUSTER_338,V,legume_str,307.0,22.791330727774447
CLUSTER_338,V,maize_str,2637.0,22.791330727774447
CLUSTER_338,V,rape_str,566.0,22.791330727774447
CLUSTER_339,V,legume_str,276.25,47.46516807624841
CLUSTER_339,V,rape_str,716.33,47.46516807624841
CLUSTER_34,V,beet_leaf,905.2,10.236876676191264
CLUSTER_34,V,cattle_slu,19123.6,10.236876676191264
CLUSTER_34,V,clover_alfalfa_grass,5971.0,10.236876676191264
CLUSTER_34,V,legume_str,428.6,10.236876676191264
CLUSTER_34,V,maize_str,4809.0,10.236876676191264
CLUSTER_34,V,rape_str,1322.6,10.236876676191264
CLUSTER_340,V,beet_leaf,4.128962173619369,26.95552630013707
CLUSTER_340,V,legume_str,294.533,26.95552630013707
CLUSTER_340,V,maize_str,1072.4,26.95552630013707
CLUSTER_340,V,rape_str,944.0,26.95552630013707
CLUSTER_342,V,legume_str,689.9,46.77125467799816
CLUSTER_342,V,rape_str,755.7,46.77125467799816
CLUSTER_344,V,beet_leaf,2029.1,26.721049733506483
CLUSTER_344,V,legume_str,332.0,26.721049733506483
CLUSTER_344,V,maize_str,5434.0,26.721049733506483
CLUSTER_344,V,rape_str,232.2,26.721049733506483
CLUSTER_345,V,beet_leaf,3693.0,21.08955667577568
CLUSTER_345,V,legume_str,1226.0,21.08955667577568
CLUSTER_345,V,maize_str,5294.0,21.08955667577568
CLUSTER_345,V,rape_str,1424.0,21.08955667577568
CLUSTER_349,V,legume_str,257.0,37.16180144929541
CLUSTER_349,V,rape_str,1306.0,37.16180144929541
CLUSTER_35,V,legume_str,631.6,46.33663965865669
CLUSTER_35,V,rape_str,3218.0,46.33663965865669
CLUSTER_353,V,legume_str,276.0,36.0138485864599
CLUSTER_353,V,rape_str,696.0,36.0138485864599
CLUSTER_371,V,legume_str,445.8,35.96435508866585
CLUSTER_371,V,rape_str,918.4,35.96435508866585
CLUSTER_373,V,legume_str,370.5,36.38383593647069
CLUSTER_373,V,rape_str,814.9,36.38383593647069
CLUSTER_386,V,legume_str,404.9,46.20058279348384
CLUSTER_386,V,rape_str,588.0,46.20058279348384
CLUSTER_423,V,legume_str,670.7,45.70185317363178
CLUSTER_427,V,legume_str,351.0,42.0026050703492
CLUSTER_427,V,rape_str,1173.4,42.0026050703492
CLUSTER_43,V,legume_str,631.3,34.63543494061848
CLUSTER_43,V,rape_str,981.0000000000001,34.63543494061848
CLUSTER_431,V,beet_leaf,772.12,23.046747334298782
CLUSTER_431,V,legume_str,310.4,23.046747334298782
CLUSTER_431,V,maize_str,4683.0,23.046747334298782
CLUSTER_431,V,rape_str,203.4,23.046747334298782
CLUSTER_441,V,legume_str,342.2,27.6749412951835
CLUSTER_441,V,rape_str,1217.0,27.6749412951835
CLUSTER_447,V,beet_leaf,154.0,11.282061686735396
CLUSTER_447,V,cattle_slu,22930.0,11.282061686735396
CLUSTER_447,V,legume_str,578.0,11.282061686735396
CLUSTER_447,V,maize_str,2057.0,11.282061686735396
CLUSTER_447,V,rape_str,901.0,11.282061686735396
CLUSTER_458,V,legume_str,366.0,40.36276969527853
CLUSTER_458,V,rape_str,488.99999999999994,40.36276969527853
CLUSTER_464,V,beet_leaf,511.79,15.055970387599578
CLUSTER_464,V,legume_str,235.0,15.055970387599578
CLUSTER_464,V,maize_str,1659.0,15.055970387599578
CLUSTER_464,V,rape_str,387.0,15.055970387599578
CLUSTER_466,V,legume_str,253.7,34.66266610540119
CLUSTER_466,V,rape_str,1039.0,34.66266610540119
CLUSTER_469,V,legume_str,204.7,46.271005036067976
CLUSTER_469,V,rape_str,1099.0,46.271005036067976
CLUSTER_478,V,legume_str,86.75,36.6149806840099
CLUSTER_478,V,rape_str,205.7,36.6149806840099
CLUSTER_485,V,legume_str,229.0,52.98084799657008
CLUSTER_495,V,beet_leaf,1260.0,11.25426794889823
CLUSTER_495,V,cattle_slu,28160.0,11.25426794889823
CLUSTER_495,V,legume_str,495.0,11.25426794889823
CLUSTER_495,V,maize_str,798.8,11.25426794889823
CLUSTER_495,V,rape_str,574.7,11.25426794889823
CLUSTER_496,V,legume_str,144.6,45.20799877664658
CLUSTER_496,V,rape_str,1060.0,45.20799877664658
CLUSTER_499,V,legume_str,206.8,28.122487209548037
CLUSTER_499,V,maize_str,1191.0,28.122487209548037
CLUSTER_499,V,rape_str,500.0,28.122487209548037
CLUSTER_52,V,legume_str,277.4,33.75485219118041
CLUSTER_52,V,rape_str,675.0,33.75485219118041
CLUSTER_534,V,legume_str,317.1,50.04542916961472
CLUSTER_534,V,rape_str,1184.0,50.04542916961472
CLUSTER_544,V,legume_str,101.3,29.503071386597792
CLUSTER_544,V,maize_str,1670.0,29.503071386597792
CLUSTER_544,V,rape_str,531.0,29.503071386597792
CLUSTER_545,V,legume_str,184.9,20.02140593547125
CLUSTER_545,V,maize_str,2700.0,20.02140593547125
CLUSTER_545,V,rape_str,992.0,20.02140593547125
CLUSTER_57,V,legume_str,757.7,51.5175488898128
CLUSTER_63,V,legume_str,611.5,36.866931481001885
CLUSTER_63,V,rape_str,653.77,36.866931481001885
CLUSTER_71,V,beet_leaf,4858.7,25.835946657527717
CLUSTER_71,V,legume_str,1174.2,25.835946657527717
CLUSTER_71,V,maize_str,4451.0,25.835946657527717
CLUSTER_71,V,rape_str,2450.0,25.835946657527717
CLUSTER_148,W,cattle_man,4501.0,35.49980943113744
CLUSTER_148,W,horse_man,500.77,35.49980943113744
CLUSTER_161,W,cattle_man,6850.0,18.932864371767057
CLUSTER_161,W,horse_man,429.62,18.932864371767057
CLUSTER_161,W,pig_man,1184.0,18.932864371767057
CLUSTER_169,W,cattle_man,8425.7,28.398408552171155
CLUSTER_181,W,horse_man,824.1,37.59021899441984
CLUSTER_181,W,pig_man,1482.4,37.59021899441984
CLUSTER_183,W,cattle_man,16594.0,22.08770627239395
CLUSTER_183,W,horse_man,2503.0,22.08770627239395
CLUSTER_183,W,pig_man,458.82,22.08770627239395
CLUSTER_190,W,cattle_man,9509.0,38.41755801171782
CLUSTER_190,W,horse_man,1595.7,38.41755801171782
CLUSTER_232,W,cattle_man,9900.0,7.595898480244807
CLUSTER_232,W,cattle_slu,55899.99999999994,7.595898480244807
CLUSTER_232,W,horse_man,3168.0,7.595898480244807
CLUSTER_232,W,pig_man,245.34999999999997,7.595898480244807
CLUSTER_242,W,cattle_man,11300.0,22.26125062552521
CLUSTER_242,W,horse_man,850.0,22.26125062552521
CLUSTER_278,W,cattle_man,5274.7,35.76063928752854
CLUSTER_278,W,horse_man,660.7,35.76063928752854
CLUSTER_278,W,pig_man,334.991,35.76063928752854
CLUSTER_294,W,cattle_man,6386.0,13.16571117265606
CLUSTER_294,W,cattle_slu,26049.071445156835,13.16571117265606
CLUSTER_294,W,horse_man,1187.9,13.16571117265606
CLUSTER_294,W,pig_man,937.6,13.16571117265606
CLUSTER_30,W,cattle_man,5446.59,19.66796763824494
CLUSTER_30,W,horse_man,478.27,19.66796763824494
CLUSTER_30,W,pig_man,2280.0,19.66796763824494
CLUSTER_314,W,cattle_man,812.91,5.258619826412417
CLUSTER_314,W,cattle_slu,17910.988,5.258619826412417
CLUSTER_314,W,horse_man,639.0,5.258619826412417
CLUSTER_314,W,pig_man,452.226,5.258619826412417
CLUSTER_348,W,cattle_man,2194.0,40.25601356355226
CLUSTER_348,W,horse_man,429.0,40.25601356355226
CLUSTER_348,W,pig_man,264.2,40.25601356355226
CLUSTER_361,W,cattle_man,4111.29,38.29669748627418
CLUSTER_361,W,horse_man,200.3,38.29669748627418
CLUSTER_361,W,pig_man,900.0,38.29669748627418
CLUSTER_390,W,cattle_man,4736.4,27.66051007921426
CLUSTER_390,W,horse_man,147.848,27.66051007921426
CLUSTER_405,W,cattle_man,3574.0,30.366288369040383
CLUSTER_405,W,horse_man,311.8,30.366288369040383
CLUSTER_405,W,pig_man,1316.0,30.366288369040383
CLUSTER_420,W,cattle_man,7064.0,26.04724289428
CLUSTER_420,W,horse_man,315.77,26.04724289428
CLUSTER_420,W,pig_man,412.5,26.04724289428
CLUSTER_433,W,cattle_man,4450.0297,18.138451691577668
CLUSTER_433,W,horse_man,1106.0,18.138451691577668
CLUSTER_433,W,pig_man,179.118,18.138451691577668
CLUSTER_445,W,cattle_man,831.9,22.99401038576268
CLUSTER_445,W,horse_man,58.691,22.99401038576268
CLUSTER_445,W,pig_man,3700.0,22.99401038576268
CLUSTER_454,W,cattle_man,5716.1,17.92302726428099
CLUSTER_454,W,horse_man,105.4,17.92302726428099
CLUSTER_460,W,cattle_man,3371.2,19.75250579408349
CLUSTER_460,W,horse_man,392.16,19.75250579408349
CLUSTER_460,W,pig_man,189.907,19.75250579408349
CLUSTER_462,W,cattle_man,3029.0,11.145467861453955
CLUSTER_462,W,cattle_slu,22007.0,11.145467861453955
CLUSTER_462,W,horse_man,386.0,11.145467861453955
CLUSTER_462,W,pig_man,169.4,11.145467861453955
CLUSTER_483,W,cattle_man,2116.9,29.816248701411663
CLUSTER_483,W,horse_man,289.75,29.816248701411663
CLUSTER_483,W,pig_man,2458.9,29.816248701411663
CLUSTER_486,W,cattle_man,1158.0,12.02442813157513
CLUSTER_486,W,cattle_slu,18700.0,12.02442813157513
CLUSTER_486,W,horse_man,429.2,12.02442813157513
CLUSTER_486,W,pig_man,772.0,12.02442813157513
CLUSTER_494,W,cattle_man,9580.0,39.814504689432106
CLUSTER_494,W,horse_man,104.9,39.814504689432106
CLUSTER_494,W,pig_man,566.9,39.814504689432106
CLUSTER_532,W,cattle_man,3510.0508,12.727924425805252
CLUSTER_532,W,cattle_slu,21390.0,12.727924425805252
CLUSTER_532,W,horse_man,177.7,12.727924425805252
CLUSTER_532,W,pig_man,411.16,12.727924425805252
CLUSTER_66,W,cattle_man,2641.0375,22.43763132628588
CLUSTER_66,W,horse_man,880.00908,22.43763132628588
CLUSTER_66,W,pig_man,180.310571,22.43763132628588
CLUSTER_87,W,horse_man,362.10543,48.445487082271455
CLUSTER_87,W,pig_man,544.04,48.445487082271455
CLUSTER_10,X,horse_man,1392.2,50.63739344321798
CLUSTER_10,X,legume_str,66.8,50.63739344321798
CLUSTER_10,X,maize_str,92.1,50.63739344321798
CLUSTER_10,X,rape_str,247.74999999999997,50.63739344321798
CLUSTER_110,X,legume_str,32.8,57.25564564058572
CLUSTER_119,X,legume_str,143.3,50.4904886505724
CLUSTER_119,X,rape_str,1302.0,50.4904886505724
CLUSTER_134,X,beet_leaf,32079.999999999996,9.219079142777591
CLUSTER_134,X,cattle_man,8431.4,9.219079142777591
CLUSTER_134,X,horse_man,721.52,9.219079142777591
CLUSTER_134,X,legume_str,277.13,9.219079142777591
CLUSTER_134,X,maize_str,712.3,9.219079142777591
CLUSTER_134,X,rape_str,1039.3,9.219079142777591
CLUSTER_139,X,cattle_man,3032.51,22.36269173129218
CLUSTER_139,X,horse_man,980.3,22.36269173129218
CLUSTER_139,X,legume_str,570.9,22.36269173129218
CLUSTER_139,X,rape_str,1083.5,22.36269173129218
CLUSTER_148,X,legume_str,71.2,39.13994247402476
CLUSTER_148,X,maize_str,21.2,39.13994247402476
CLUSTER_148,X,rape_str,856.0,39.13994247402476
CLUSTER_153,X,legume_str,465.2,44.60517413941582
CLUSTER_153,X,maize_str,346.3,44.60517413941582
CLUSTER_153,X,rape_str,2865.0,44.60517413941582
CLUSTER_154,X,beet_leaf,15730.000000000002,14.629111310681015
CLUSTER_154,X,cattle_man,5634.1,14.629111310681015
CLUSTER_154,X,horse_man,347.6,14.629111310681015
CLUSTER_154,X,legume_str,348.1,14.629111310681015
CLUSTER_154,X,maize_str,84.14,14.629111310681015
CLUSTER_154,X,rape_str,1500.8,14.629111310681015
CLUSTER_156,X,horse_man,1144.7,40.91876177165478
CLUSTER_156,X,legume_str,342.4,40.91876177165478
CLUSTER_156,X,maize_str,250.71100000000004,40.91876177165478
CLUSTER_156,X,rape_str,1599.0,40.91876177165478
CLUSTER_158,X,legume_str,41.66,44.65683938248004
CLUSTER_158,X,rape_str,44.4,44.65683938248004
CLUSTER_16,X,beet_leaf,16749.9,10.171684804319328
CLUSTER_16,X,cattle_man,11750.6,10.171684804319328
CLUSTER_16,X,horse_man,1532.4,10.171684804319328
CLUSTER_16,X,legume_str,320.2,10.171684804319328
CLUSTER_16,X,maize_str,361.46,10.171684804319328
CLUSTER_16,X,rape_str,1459.3,10.171684804319328
CLUSTER_160,X,legume_str,109.73,54.34330722963682
CLUSTER_161,X,legume_str,357.73,52.31844512817355
CLUSTER_161,X,rape_str,1567.0,52.31844512817355
CLUSTER_164,X,legume_str,154.5,44.59848022370228
CLUSTER_164,X,maize_str,100.7,44.59848022370228
CLUSTER_164,X,rape_str,740.0,44.59848022370228
CLUSTER_170,X,maize_str,38.8,47.28840066950357
CLUSTER_170,X,rape_str,334.9,47.28840066950357
CLUSTER_173,X,legume_str,245.0,54.915813537186295
CLUSTER_177,X,legume_str,144.7,43.00831988859849
CLUSTER_177,X,maize_str,263.9,43.00831988859849
CLUSTER_177,X,rape_str,3337.0,43.00831988859849
CLUSTER_179,X,legume_str,197.6,48.84412537624
CLUSTER_179,X,rape_str,741.5,48.84412537624
CLUSTER_181,X,cattle_man,10934.199,21.68615228426852
CLUSTER_181,X,legume_str,393.5,21.68615228426852
CLUSTER_181,X,maize_str,737.8,21.68615228426852
CLUSTER_181,X,rape_str,425.5,21.68615228426852
CLUSTER_194,X,legume_str,213.55,39.86879133546292
CLUSTER_194,X,maize_str,238.4,39.86879133546292
CLUSTER_194,X,rape_str,1397.0,39.86879133546292
CLUSTER_200,X,legume_str,199.5,55.502998610226726
CLUSTER_213,X,legume_str,10.36,56.55532664444032
CLUSTER_222,X,legume_str,145.8,58.26240208359227
CLUSTER_236,X,legume_str,601.1,30.84169229158376
CLUSTER_236,X,maize_str,46.4,30.84169229158376
CLUSTER_236,X,rape_str,1247.0,30.84169229158376
CLUSTER_24,X,legume_str,769.8,27.602822346148415
CLUSTER_24,X,maize_str,610.37,27.602822346148415
CLUSTER_24,X,rape_str,4848.0,27.602822346148415
CLUSTER_242,X,legume_str,233.5,52.08242778962567
CLUSTER_242,X,rape_str,1229.6,52.08242778962567
CLUSTER_246,X,cattle_man,2279.3,22.26130372678621
CLUSTER_246,X,horse_man,1160.4,22.26130372678621
CLUSTER_246,X,legume_str,345.0,22.26130372678621
CLUSTER_246,X,maize_str,156.3,22.26130372678621
CLUSTER_246,X,rape_str,1181.0,22.26130372678621
CLUSTER_247,X,legume_str,474.1,34.51019967998334
CLUSTER_247,X,maize_str,161.1,34.51019967998334
CLUSTER_247,X,rape_str,3410.0,34.51019967998334
CLUSTER_251,X,horse_man,239.3,31.64164990526569
CLUSTER_251,X,legume_str,633.1999999999999,31.64164990526569
CLUSTER_251,X,maize_str,70.9,31.64164990526569
CLUSTER_251,X,rape_str,2183.0,31.64164990526569
CLUSTER_275,X,legume_str,322.6,33.046325871235354
CLUSTER_275,X,maize_str,130.5,33.046325871235354
CLUSTER_275,X,rape_str,2420.0,33.046325871235354
CLUSTER_277,X,horse_man,872.3,31.19162179116192
CLUSTER_277,X,legume_str,748.8,31.19162179116192
CLUSTER_277,X,maize_str,52.900000000000006,31.19162179116192
CLUSTER_277,X,rape_str,2519.0,31.19162179116192
CLUSTER_283,X,beet_leaf,20320.0,1.9547033645745064
CLUSTER_283,X,cattle_man,4490.4,1.9547033645745064
CLUSTER_283,X,cattle_slu,6544.7,1.9547033645745064
CLUSTER_283,X,clover_alfalfa_grass,4311.0,1.9547033645745064
CLUSTER_283,X,horse_man,349.112,1.9547033645745064
CLUSTER_283,X,legume_str,287.6,1.9547033645745064
CLUSTER_283,X,maize_str,483.1,1.9547033645745064
CLUSTER_283,X,rape_str,1599.65,1.9547033645745064
CLUSTER_289,X,legume_str,485.4,34.80645252554338
CLUSTER_289,X,maize_str,455.8,34.80645252554338
CLUSTER_289,X,rape_str,1516.0,34.80645252554338
CLUSTER_293,X,legume_str,195.85,56.37363776493996
CLUSTER_298,X,legume_str,191.9,32.41155701528524
CLUSTER_298,X,maize_str,131.71,32.41155701528524
CLUSTER_298,X,rape_str,1018.0,32.41155701528524
CLUSTER_30,X,legume_str,592.4,39.241227626050346
CLUSTER_30,X,maize_str,530.4,39.241227626050346
CLUSTER_30,X,rape_str,844.0,39.241227626050346
CLUSTER_314,X,legume_str,103.5,54.59075097136827
CLUSTER_317,X,legume_str,236.2,54.20872851779187
CLUSTER_320,X,legume_str,113.12,25.330131173386995
CLUSTER_320,X,maize_str,24.130000000000003,25.330131173386995
CLUSTER_320,X,rape_str,1162.3,25.330131173386995
CLUSTER_328,X,legume_str,524.0,44.19977408751345
CLUSTER_328,X,maize_str,276.0,44.19977408751345
CLUSTER_328,X,rape_str,1819.0,44.19977408751345
CLUSTER_332,X,cattle_man,620.3,22.854043569668377
CLUSTER_332,X,horse_man,404.6,22.854043569668377
CLUSTER_332,X,legume_str,553.2,22.854043569668377
CLUSTER_332,X,maize_str,50.4,22.854043569668377
CLUSTER_332,X,rape_str,1546.9,22.854043569668377
CLUSTER_336,X,beet_leaf,24605.2,16.519874457069857
CLUSTER_336,X,cattle_man,9570.0,16.519874457069857
CLUSTER_336,X,horse_man,579.9,16.519874457069857
CLUSTER_336,X,legume_str,270.07,16.519874457069857
CLUSTER_336,X,maize_str,516.74,16.519874457069857
CLUSTER_336,X,rape_str,912.3,16.519874457069857
CLUSTER_348,X,legume_str,156.9,25.793796565995255
CLUSTER_348,X,maize_str,65.0,25.793796565995255
CLUSTER_348,X,rape_str,718.0,25.793796565995255
CLUSTER_361,X,legume_str,175.4,27.93659941139077
CLUSTER_361,X,maize_str,579.6,27.93659941139077
CLUSTER_361,X,rape_str,169.4,27.93659941139077
CLUSTER_38,X,legume_str,159.5,23.110229450287783
CLUSTER_38,X,maize_str,30.0,23.110229450287783
CLUSTER_38,X,rape_str,891.0,23.110229450287783
CLUSTER_389,X,beet_leaf,8760.0,8.82032735978295
CLUSTER_389,X,cattle_man,790.9,8.82032735978295
CLUSTER_389,X,horse_man,483.0,8.82032735978295
CLUSTER_389,X,legume_str,294.0,8.82032735978295
CLUSTER_389,X,maize_str,132.9,8.82032735978295
CLUSTER_389,X,rape_str,826.81,8.82032735978295
CLUSTER_395,X,legume_str,73.81,45.42235870968225
CLUSTER_395,X,maize_str,582.4,45.42235870968225
CLUSTER_395,X,rape_str,1105.0,45.42235870968225
CLUSTER_4,X,beet_leaf,4966.531539529903,17.45770449762488
CLUSTER_4,X,cattle_man,20439.0,17.45770449762488
CLUSTER_4,X,horse_man,2532.2,17.45770449762488
CLUSTER_4,X,legume_str,531.23,17.45770449762488
CLUSTER_4,X,maize_str,287.90000000000003,17.45770449762488
CLUSTER_4,X,rape_str,2234.4,17.45770449762488
CLUSTER_405,X,legume_str,321.95,30.205719530828183
CLUSTER_405,X,maize_str,43.2,30.205719530828183
CLUSTER_405,X,rape_str,758.7,30.205719530828183
CLUSTER_410,X,legume_str,361.8,37.11858189427303
CLUSTER_410,X,maize_str,31.67,37.11858189427303
CLUSTER_410,X,rape_str,2374.0,37.11858189427303
CLUSTER_417,X,cattle_man,11640.0,17.888285255384222
CLUSTER_417,X,legume_str,179.52,17.888285255384222
CLUSTER_417,X,maize_str,88.36,17.888285255384222
CLUSTER_417,X,rape_str,677.4,17.888285255384222
CLUSTER_418,X,legume_str,130.8,48.157996248560174
CLUSTER_418,X,maize_str,247.58,48.157996248560174
CLUSTER_418,X,rape_str,1244.0,48.157996248560174
CLUSTER_420,X,legume_str,308.5,41.28330052556959
CLUSTER_420,X,maize_str,18.3,41.28330052556959
CLUSTER_420,X,rape_str,472.0,41.28330052556959
CLUSTER_421,X,legume_str,191.0,53.07873248623023
CLUSTER_421,X,rape_str,740.8,53.07873248623023
CLUSTER_424,X,horse_man,879.04,32.72955070768773
CLUSTER_424,X,legume_str,524.5,32.72955070768773
CLUSTER_424,X,maize_str,42.1,32.72955070768773
CLUSTER_424,X,rape_str,2239.8,32.72955070768773
CLUSTER_430,X,legume_str,108.18,54.95389857166136
CLUSTER_445,X,legume_str,171.5,40.65505265434792
CLUSTER_445,X,maize_str,620.6,40.65505265434792
CLUSTER_445,X,rape_str,1059.0,40.65505265434792
CLUSTER_455,X,legume_str,362.4,53.52993524553323
CLUSTER_455,X,rape_str,1213.0,53.52993524553323
CLUSTER_46,X,legume_str,245.43999999999997,45.5832683615647
CLUSTER_46,X,maize_str,216.072,45.5832683615647
CLUSTER_46,X,rape_str,1841.4,45.5832683615647
CLUSTER_462,X,legume_str,58.4,57.77818317259739
CLUSTER_468,X,legume_str,142.73,53.6819577572608
CLUSTER_468,X,rape_str,574.4,53.6819577572608
CLUSTER_483,X,legume_str,415.5,31.696476728853085
CLUSTER_483,X,maize_str,387.2,31.696476728853085
CLUSTER_483,X,rape_str,440.9,31.696476728853085
CLUSTER_486,X,legume_str,57.1,49.67434590025505
CLUSTER_486,X,maize_str,23.9,49.67434590025505
CLUSTER_486,X,rape_str,303.0,49.67434590025505
CLUSTER_487,X,cattle_man,16400.0,19.272976000412363
CLUSTER_487,X,horse_man,431.5,19.272976000412363
CLUSTER_487,X,legume_str,702.12,19.272976000412363
CLUSTER_487,X,maize_str,637.4,19.272976000412363
CLUSTER_487,X,rape_str,1529.0,19.272976000412363
CLUSTER_49,X,legume_str,470.832,32.15978758589106
CLUSTER_49,X,maize_str,516.3,32.15978758589106
CLUSTER_49,X,rape_str,2778.0,32.15978758589106
CLUSTER_491,X,legume_str,275.7,45.23234463511486
CLUSTER_491,X,maize_str,50.9,45.23234463511486
CLUSTER_491,X,rape_str,1665.0,45.23234463511486
CLUSTER_494,X,legume_str,89.8,35.157370641998234
CLUSTER_494,X,maize_str,343.7,35.157370641998234
CLUSTER_494,X,rape_str,500.2,35.157370641998234
CLUSTER_497,X,horse_man,138.1,37.02416976838502
CLUSTER_497,X,legume_str,206.1,37.02416976838502
CLUSTER_497,X,maize_str,25.5,37.02416976838502
CLUSTER_497,X,rape_str,1290.0,37.02416976838502
CLUSTER_506,X,legume_str,340.0,40.481993638916826
CLUSTER_506,X,maize_str,146.4,40.481993638916826
CLUSTER_506,X,rape_str,1143.0,40.481993638916826
CLUSTER_517,X,legume_str,119.6,46.64973989033937
CLUSTER_517,X,maize_str,38.76,46.64973989033937
CLUSTER_517,X,rape_str,729.3,46.64973989033937
CLUSTER_525,X,legume_str,32.37,57.6117503400518
CLUSTER_530,X,horse_man,443.6,56.16686777056719
CLUSTER_530,X,legume_str,212.8,56.16686777056719
CLUSTER_532,X,legume_str,85.86,51.40041086355068
CLUSTER_532,X,rape_str,590.2,51.40041086355068
CLUSTER_538,X,legume_str,213.05,42.70504215095243
CLUSTER_538,X,maize_str,24.6,42.70504215095243
CLUSTER_538,X,rape_str,957.0,42.70504215095243
CLUSTER_75,X,beet_leaf,6044.0,16.915081679847347
CLUSTER_75,X,cattle_man,15511.3,16.915081679847347
CLUSTER_75,X,horse_man,1454.5,16.915081679847347
CLUSTER_75,X,legume_str,172.5,16.915081679847347
CLUSTER_75,X,maize_str,550.06,16.915081679847347
CLUSTER_75,X,rape_str,1046.1,16.915081679847347
CLUSTER_80,X,legume_str,346.7,52.47283521429164
CLUSTER_80,X,rape_str,3516.0,52.47283521429164
CLUSTER_87,X,cattle_man,23670.0,25.811181070924626
CLUSTER_87,X,legume_str,729.0,25.811181070924626
CLUSTER_87,X,maize_str,676.6,25.811181070924626
CLUSTER_87,X,rape_str,922.9,25.811181070924626
CLUSTER_88,X,legume_str,227.87,55.12493206967504
CLUSTER_97,X,cattle_man,4494.0,21.03543979319149
CLUSTER_97,X,horse_man,1266.8,21.03543979319149
CLUSTER_97,X,legume_str,684.7,21.03543979319149
CLUSTER_97,X,maize_str,150.8,21.03543979319149
CLUSTER_97,X,rape_str,3629.0,21.03543979319149
CLUSTER_106,Y,cattle_man,12224.0,23.48645797774269
CLUSTER_106,Y,horse_man,1081.099999999993,23.48645797774269
CLUSTER_106,Y,pig_man,245.613,23.48645797774269
CLUSTER_111,Y,cattle_man,13173.0,17.501568817672045
CLUSTER_111,Y,cattle_slu,39072.353285006924,17.501568817672045
CLUSTER_111,Y,horse_man,2114.0,17.501568817672045
CLUSTER_111,Y,pig_man,262.226,17.501568817672045
CLUSTER_118,Y,cattle_man,21190.0,15.469326546402524
CLUSTER_118,Y,cattle_slu,125400.00000000001,15.469326546402524
CLUSTER_118,Y,horse_man,710.0,15.469326546402524
CLUSTER_123,Y,cattle_man,9000.0,29.17969911373619
CLUSTER_123,Y,horse_man,1614.0,29.17969911373619
CLUSTER_123,Y,pig_man,92.5800179,29.17969911373619
CLUSTER_127,Y,cattle_man,15806.0,15.22766167476218
CLUSTER_127,Y,cattle_slu,88570.0,15.22766167476218
CLUSTER_127,Y,horse_man,2828.1,15.22766167476218
CLUSTER_128,Y,cattle_man,10124.4,40.87816677793924
CLUSTER_128,Y,horse_man,2411.7,40.87816677793924
CLUSTER_128,Y,pig_man,539.0,40.87816677793924
CLUSTER_13,Y,cattle_man,22490.0,27.07988789707882
CLUSTER_13,Y,horse_man,4880.0,27.07988789707882
CLUSTER_13,Y,pig_man,152.17000000000002,27.07988789707882
CLUSTER_14,Y,cattle_man,9659.0,37.018736355679344
CLUSTER_14,Y,horse_man,2695.2,37.018736355679344
CLUSTER_166,Y,cattle_man,6826.0,24.21792650098591
CLUSTER_166,Y,horse_man,763.7,24.21792650098591
CLUSTER_166,Y,pig_man,110.044731,24.21792650098591
CLUSTER_187,Y,cattle_man,4002.9999999999995,21.8661543310886
CLUSTER_187,Y,horse_man,2955.0,21.8661543310886
CLUSTER_187,Y,pig_man,939.3,21.8661543310886
CLUSTER_201,Y,cattle_man,7892.0,40.51184807186065
CLUSTER_201,Y,horse_man,2174.1,40.51184807186065
CLUSTER_206,Y,cattle_man,21950.0,18.201641940879625
CLUSTER_206,Y,horse_man,726.8,18.201641940879625
CLUSTER_206,Y,pig_man,146.60494999999997,18.201641940879625
CLUSTER_209,Y,cattle_man,13940.0,34.29910907728037
CLUSTER_209,Y,horse_man,1265.6,34.29910907728037
CLUSTER_210,Y,cattle_man,12910.0,3.167617188365254
CLUSTER_210,Y,cattle_slu,64400.0,3.167617188365254
CLUSTER_210,Y,horse_man,779.0,3.167617188365254
CLUSTER_210,Y,legume_str,108.0,3.167617188365254
CLUSTER_210,Y,pig_man,122.09999999999998,3.167617188365254
CLUSTER_210,Y,rape_str,548.7,3.167617188365254
CLUSTER_253,Y,cattle_man,6043.0,43.30443334786876
CLUSTER_253,Y,horse_man,3082.0,43.30443334786876
CLUSTER_253,Y,pig_man,379.28,43.30443334786876
CLUSTER_264,Y,pig_man,100.19925,29.13865925300145
CLUSTER_297,Y,cattle_man,11530.0,43.48164389416832
CLUSTER_297,Y,horse_man,3459.0,43.48164389416832
CLUSTER_305,Y,cattle_man,4426.0,40.7783095146736
CLUSTER_305,Y,horse_man,533.2,40.7783095146736
CLUSTER_305,Y,pig_man,388.58,40.7783095146736
CLUSTER_337,Y,cattle_man,13540.0,12.95163450073652
CLUSTER_337,Y,cattle_slu,79080.0,12.95163450073652
CLUSTER_337,Y,horse_man,1000.0599999999998,12.95163450073652
CLUSTER_341,Y,cattle_man,862.8,35.219143779952404
CLUSTER_341,Y,horse_man,2031.7999999999997,35.219143779952404
CLUSTER_341,Y,pig_man,160.94299999999998,35.219143779952404
CLUSTER_362,Y,cattle_man,13100.0,30.52953837612963
CLUSTER_362,Y,horse_man,2769.0,30.52953837612963
CLUSTER_365,Y,cattle_man,16119.999999999998,24.424641999001164
CLUSTER_365,Y,horse_man,1341.0,24.424641999001164
CLUSTER_366,Y,cattle_man,8803.0,25.824313079613216
CLUSTER_366,Y,horse_man,199.48,25.824313079613216
CLUSTER_368,Y,cattle_man,6947.0,19.52557368385833
CLUSTER_368,Y,horse_man,1001.7000000000002,19.52557368385833
CLUSTER_368,Y,pig_man,61.345000000000006,19.52557368385833
CLUSTER_376,Y,cattle_man,2955.0,35.08754358106138
CLUSTER_376,Y,horse_man,494.96000000000004,35.08754358106138
CLUSTER_376,Y,pig_man,263.4000241,35.08754358106138
CLUSTER_379,Y,cattle_man,18540.0,18.589367929827954
CLUSTER_379,Y,horse_man,612.5,18.589367929827954
CLUSTER_383,Y,cattle_man,4512.0,27.09735107881942
CLUSTER_383,Y,horse_man,1382.2,27.09735107881942
CLUSTER_383,Y,pig_man,350.7,27.09735107881942
CLUSTER_411,Y,cattle_man,18310.0,6.842153184531134
CLUSTER_411,Y,cattle_slu,112200.0,6.842153184531134
CLUSTER_411,Y,horse_man,1163.4,6.842153184531134
CLUSTER_411,Y,legume_str,302.2,6.842153184531134
CLUSTER_411,Y,pig_man,527.79,6.842153184531134
CLUSTER_411,Y,rape_str,409.6,6.842153184531134
CLUSTER_428,Y,cattle_man,6500.0,28.773647683826752
CLUSTER_428,Y,horse_man,792.0,28.773647683826752
CLUSTER_428,Y,pig_man,58.397,28.773647683826752
CLUSTER_432,Y,cattle_man,3340.0,24.950705383122745
CLUSTER_432,Y,horse_man,1122.3,24.950705383122745
CLUSTER_432,Y,pig_man,80.1,24.950705383122745
CLUSTER_44,Y,cattle_man,14660.0,13.885919533820392
CLUSTER_44,Y,cattle_slu,73970.0,13.885919533820392
CLUSTER_44,Y,horse_man,1288.0,13.885919533820392
CLUSTER_443,Y,cattle_man,12880.0,16.324961861646436
CLUSTER_443,Y,cattle_slu,70720.0,16.324961861646436
CLUSTER_443,Y,horse_man,1016.9999999999999,16.324961861646436
CLUSTER_446,Y,cattle_man,11600.0,9.485150993090024
CLUSTER_446,Y,cattle_slu,63610.0,9.485150993090024
CLUSTER_446,Y,horse_man,1600.0,9.485150993090024
CLUSTER_446,Y,legume_str,132.72,9.485150993090024
CLUSTER_446,Y,pig_man,216.2920123,9.485150993090024
CLUSTER_463,Y,cattle_man,3189.0,27.874873866390832
CLUSTER_463,Y,horse_man,384.3,27.874873866390832
CLUSTER_463,Y,pig_man,180.00319,27.874873866390832
CLUSTER_479,Y,cattle_man,6870.0,24.29738233601712
CLUSTER_479,Y,horse_man,1092.0,24.29738233601712
CLUSTER_500,Y,cattle_man,5430.0,32.18404209459882
CLUSTER_500,Y,horse_man,798.0,32.18404209459882
CLUSTER_500,Y,pig_man,32.309999999999995,32.18404209459882
CLUSTER_507,Y,cattle_man,9890.0,33.51991859717514
CLUSTER_507,Y,horse_man,1199.4,33.51991859717514
CLUSTER_511,Y,cattle_man,2498.0,28.69901848501312
CLUSTER_511,Y,horse_man,1308.3100000000002,28.69901848501312
CLUSTER_511,Y,pig_man,317.6,28.69901848501312
CLUSTER_531,Y,cattle_man,750.0,48.75185055663536
CLUSTER_531,Y,horse_man,424.9,48.75185055663536
CLUSTER_533,Y,cattle_man,693.0,47.520674124355146
CLUSTER_533,Y,horse_man,654.0,47.520674124355146
CLUSTER_533,Y,pig_man,70.10000000000001,47.520674124355146
CLUSTER_543,Y,cattle_man,10570.0,11.90686394279324
CLUSTER_543,Y,cattle_slu,58800.0,11.90686394279324
CLUSTER_543,Y,horse_man,158.9,11.90686394279324
CLUSTER_543,Y,pig_man,36.089,11.90686394279324
CLUSTER_548,Y,cattle_man,7311.0,30.215910491123427
CLUSTER_548,Y,horse_man,2324.0,30.215910491123427
CLUSTER_83,Y,horse_man,684.4709651151854,34.07295791146733
CLUSTER_0,Z,cattle_man,28889.99999999994,7.5828253087219695
CLUSTER_0,Z,cattle_slu,89880.0,7.5828253087219695
CLUSTER_0,Z,horse_man,2609.999999999993,7.5828253087219695
CLUSTER_0,Z,legume_str,690.6999999999991,7.5828253087219695
CLUSTER_0,Z,pig_man,1695.1999999999862,7.5828253087219695
CLUSTER_0,Z,rape_str,1701.9,7.5828253087219695
CLUSTER_104,Z,cattle_man,26110.0,19.705830833786184
CLUSTER_104,Z,horse_man,871.7,19.705830833786184
CLUSTER_104,Z,pig_man,527.2180000000001,19.705830833786184
CLUSTER_142,Z,pig_man,67.2671,30.26344912394809
CLUSTER_2,Z,cattle_man,3616.0,42.21504935557827
CLUSTER_2,Z,horse_man,975.2,42.21504935557827
CLUSTER_2,Z,pig_man,1666.5,42.21504935557827
CLUSTER_203,Z,cattle_man,20370.482531255722,24.37679037506047
CLUSTER_203,Z,horse_man,3313.0,24.37679037506047
CLUSTER_203,Z,pig_man,696.08362,24.37679037506047
CLUSTER_205,Z,cattle_man,16567.0,7.693723907188768
CLUSTER_205,Z,cattle_slu,67010.0,7.693723907188768
CLUSTER_205,Z,horse_man,3447.0,7.693723907188768
CLUSTER_205,Z,legume_str,366.9,7.693723907188768
CLUSTER_205,Z,pig_man,123.23616,7.693723907188768
CLUSTER_205,Z,rape_str,424.8,7.693723907188768
CLUSTER_208,Z,cattle_man,5066.0,35.91808064509237
CLUSTER_208,Z,horse_man,1364.6,35.91808064509237
CLUSTER_208,Z,pig_man,22.65,35.91808064509237
CLUSTER_22,Z,pig_man,696.0,22.513463965976467
CLUSTER_233,Z,horse_man,1224.0,50.928693512543376
CLUSTER_233,Z,pig_man,435.2,50.928693512543376
CLUSTER_273,Z,cattle_man,6690.0,47.89408614775245
CLUSTER_273,Z,horse_man,1064.0,47.89408614775245
CLUSTER_273,Z,pig_man,524.6,47.89408614775245
CLUSTER_292,Z,pig_man,2862.0,55.35951481287074
CLUSTER_302,Z,cattle_man,16129.999999999998,19.628196836047128
CLUSTER_302,Z,horse_man,1597.0,19.628196836047128
CLUSTER_302,Z,pig_man,141.874306,19.628196836047128
CLUSTER_319,Z,cattle_man,9700.0,15.804914790568215
CLUSTER_319,Z,cattle_slu,26490.0,15.804914790568215
CLUSTER_319,Z,horse_man,1821.5,15.804914790568215
CLUSTER_319,Z,pig_man,343.0,15.804914790568215
CLUSTER_330,Z,cattle_man,21960.0,20.870031103145635
CLUSTER_330,Z,horse_man,1269.6,20.870031103145635
CLUSTER_330,Z,pig_man,378.71,20.870031103145635
CLUSTER_354,Z,horse_man,793.6,43.6666236056448
CLUSTER_354,Z,pig_man,883.52,43.6666236056448
CLUSTER_37,Z,cattle_man,31919.999999999996,30.80933446961245
CLUSTER_37,Z,horse_man,943.0,30.80933446961245
CLUSTER_37,Z,pig_man,3353.8,30.80933446961245
CLUSTER_378,Z,cattle_man,31200.0,17.876104762629385
CLUSTER_378,Z,cattle_slu,125900.00000000001,17.876104762629385
CLUSTER_378,Z,horse_man,1373.0,17.876104762629385
CLUSTER_378,Z,legume_str,300.1,17.876104762629385
CLUSTER_378,Z,pig_man,297.007,17.876104762629385
CLUSTER_378,Z,rape_str,180.6,17.876104762629385
CLUSTER_398,Z,cattle_man,5117.0,10.175128271215057
CLUSTER_398,Z,cattle_slu,15360.0,10.175128271215057
CLUSTER_398,Z,horse_man,1395.0,10.175128271215057
CLUSTER_398,Z,legume_str,250.69999999999996,10.175128271215057
CLUSTER_398,Z,pig_man,169.0001898,10.175128271215057
CLUSTER_398,Z,rape_str,535.6,10.175128271215057
CLUSTER_402,Z,horse_man,859.0,59.70381194072967
CLUSTER_402,Z,pig_man,1540.0,59.70381194072967
CLUSTER_403,Z,horse_man,1197.0,23.191521845799176
CLUSTER_403,Z,pig_man,782.0,23.191521845799176
CLUSTER_436,Z,cattle_man,14080.0,40.99369253927439
CLUSTER_436,Z,horse_man,830.0,40.99369253927439
CLUSTER_436,Z,pig_man,326.0,40.99369253927439
CLUSTER_450,Z,cattle_man,18270.0,26.532703124969927
CLUSTER_450,Z,horse_man,963.9,26.532703124969927
CLUSTER_450,Z,pig_man,315.5,26.532703124969927
CLUSTER_473,Z,cattle_man,11380.0,32.52006709317487
CLUSTER_473,Z,horse_man,745.0,32.52006709317487
CLUSTER_473,Z,pig_man,510.99999999999994,32.52006709317487
CLUSTER_482,Z,cattle_man,16500.0,29.968632255597765
CLUSTER_482,Z,horse_man,1167.3,29.968632255597765
CLUSTER_482,Z,pig_man,28.99635,29.968632255597765
CLUSTER_493,Z,cattle_man,9040.0,25.92949221764044
CLUSTER_493,Z,horse_man,951.2,25.92949221764044
CLUSTER_493,Z,pig_man,193.15,25.92949221764044
CLUSTER_516,Z,cattle_man,8820.0,31.50809133387273
CLUSTER_516,Z,horse_man,1178.0,31.50809133387273
CLUSTER_516,Z,pig_man,123.100375,31.50809133387273
CLUSTER_537,Z,horse_man,1468.0,52.77235768400488
CLUSTER_537,Z,pig_man,2429.0,52.77235768400488
CLUSTER_541,Z,cattle_man,4103.0,21.41987255070149
CLUSTER_541,Z,horse_man,835.5,21.41987255070149
CLUSTER_58,Z,cattle_man,49010.0,22.005167571803003
CLUSTER_58,Z,horse_man,3739.6,22.005167571803003
CLUSTER_58,Z,pig_man,585.7193,22.005167571803003
CLUSTER_61,Z,cattle_man,33290.0,39.3050863653902
CLUSTER_61,Z,horse_man,2388.0,39.3050863653902
CLUSTER_61,Z,pig_man,392.8,39.3050863653902
CLUSTER_64,Z,cattle_man,35510.0,11.163683265159817
CLUSTER_64,Z,cattle_slu,117990.0,11.163683265159817
CLUSTER_64,Z,horse_man,1753.8,11.163683265159817
CLUSTER_64,Z,legume_str,944.8,11.163683265159817
CLUSTER_64,Z,pig_man,1190.4,11.163683265159817
CLUSTER_64,Z,rape_str,1531.1,11.163683265159817
CLUSTER_70,Z,cattle_man,18095.0,42.54356731979016
CLUSTER_70,Z,horse_man,1087.859,42.54356731979016
CLUSTER_70,Z,pig_man,751.0,42.54356731979016
CLUSTER_81,Z,cattle_man,13230.927809843792,31.789777736654514
CLUSTER_81,Z,horse_man,1535.0,31.789777736654514
CLUSTER_81,Z,pig_man,12.9891,31.789777736654514
CLUSTER_92,Z,cattle_man,17416.0,10.302070431132858
CLUSTER_92,Z,cattle_slu,68400.0,10.302070431132858
CLUSTER_92,Z,horse_man,2276.0,10.302070431132858
CLUSTER_92,Z,legume_str,339.0,10.302070431132858
CLUSTER_92,Z,pig_man,122.73699999999998,10.302070431132858
CLUSTER_92,Z,rape_str,752.9,10.302070431132858
CLUSTER_115,AA,cattle_man,12403.0,24.76459783706369
CLUSTER_115,AA,horse_man,190.35,24.76459783706369
CLUSTER_115,AA,pig_man,276.8086999999983,24.76459783706369
CLUSTER_130,AA,cattle_man,16581.0,29.67481484287398
CLUSTER_130,AA,horse_man,373.2,29.67481484287398
CLUSTER_130,AA,pig_man,304.35,29.67481484287398
CLUSTER_140,AA,cattle_man,7209.0,44.23847090565189
CLUSTER_140,AA,horse_man,867.0,44.23847090565189
CLUSTER_140,AA,pig_man,765.7,44.23847090565189
CLUSTER_167,AA,cattle_man,16680.0,32.27997717731079
CLUSTER_167,AA,horse_man,1062.4,32.27997717731079
CLUSTER_167,AA,pig_man,722.3,32.27997717731079
CLUSTER_18,AA,cattle_man,14355.0,21.754092507628226
CLUSTER_18,AA,horse_man,809.7,21.754092507628226
CLUSTER_18,AA,pig_man,338.1159,21.754092507628226
CLUSTER_19,AA,cattle_man,13523.0,47.22817250639786
CLUSTER_19,AA,horse_man,1890.0,47.22817250639786
CLUSTER_19,AA,pig_man,322.3,47.22817250639786
CLUSTER_197,AA,cattle_man,6600.0,29.03981987797998
CLUSTER_197,AA,horse_man,194.9,29.03981987797998
CLUSTER_21,AA,cattle_man,11680.0,33.44763853416649
CLUSTER_21,AA,horse_man,1242.7,33.44763853416649
CLUSTER_221,AA,horse_man,1171.9,62.09550302469848
CLUSTER_221,AA,pig_man,218.174,62.09550302469848
CLUSTER_227,AA,cattle_man,7020.0,29.84316646138368
CLUSTER_227,AA,horse_man,79.97,29.84316646138368
CLUSTER_227,AA,pig_man,882.0,29.84316646138368
CLUSTER_234,AA,cattle_man,28380.0,19.58197186212035
CLUSTER_234,AA,horse_man,2507.0,19.58197186212035
CLUSTER_234,AA,pig_man,472.3,19.58197186212035
CLUSTER_249,AA,cattle_man,9836.0,5.238936250398622
CLUSTER_249,AA,cattle_slu,55040.0,5.238936250398622
CLUSTER_249,AA,horse_man,1754.0,5.238936250398622
CLUSTER_249,AA,legume_str,275.8,5.238936250398622
CLUSTER_249,AA,pig_man,509.2300000000001,5.238936250398622
CLUSTER_249,AA,rape_str,1051.2,5.238936250398622
CLUSTER_259,AA,cattle_man,11538.0,45.39844081713348
CLUSTER_259,AA,horse_man,817.6,45.39844081713348
CLUSTER_259,AA,pig_man,260.08,45.39844081713348
CLUSTER_261,AA,cattle_man,10670.0,22.87247306439496
CLUSTER_261,AA,horse_man,1088.2,22.87247306439496
CLUSTER_261,AA,pig_man,42.392,22.87247306439496
CLUSTER_269,AA,horse_man,2387.8,49.376125928017984
CLUSTER_269,AA,pig_man,389.745,49.376125928017984
CLUSTER_299,AA,horse_man,817.8,30.28777353327235
CLUSTER_299,AA,pig_man,111.861,30.28777353327235
CLUSTER_32,AA,cattle_man,20691.0,7.084049407072021
CLUSTER_32,AA,cattle_slu,101886.0,7.084049407072021
CLUSTER_32,AA,horse_man,1842.9,7.084049407072021
CLUSTER_32,AA,legume_str,282.0,7.084049407072021
CLUSTER_32,AA,pig_man,176.1042,7.084049407072021
CLUSTER_32,AA,rape_str,1330.0,7.084049407072021
CLUSTER_333,AA,cattle_man,11300.0,24.574381304769563
CLUSTER_333,AA,horse_man,712.5,24.574381304769563
CLUSTER_333,AA,pig_man,364.2,24.574381304769563
CLUSTER_357,AA,cattle_man,11532.0,13.302718999763648
CLUSTER_357,AA,cattle_slu,46260.0,13.302718999763648
CLUSTER_357,AA,horse_man,1403.7,13.302718999763648
CLUSTER_357,AA,legume_str,131.1,13.302718999763648
CLUSTER_357,AA,pig_man,843.3,13.302718999763648
CLUSTER_387,AA,cattle_man,7795.0,11.244482196565553
CLUSTER_387,AA,cattle_slu,37790.0,11.244482196565553
CLUSTER_387,AA,horse_man,1714.3,11.244482196565553
CLUSTER_387,AA,legume_str,99.478,11.244482196565553
CLUSTER_387,AA,pig_man,180.0399,11.244482196565553
CLUSTER_387,AA,rape_str,583.1,11.244482196565553
CLUSTER_409,AA,cattle_man,12230.0,32.35164316492449
CLUSTER_409,AA,horse_man,858.0,32.35164316492449
CLUSTER_409,AA,pig_man,568.9,32.35164316492449
CLUSTER_413,AA,cattle_man,8790.0,9.39301250256421
CLUSTER_413,AA,cattle_slu,26800.0,9.39301250256421
CLUSTER_413,AA,horse_man,36.0,9.39301250256421
CLUSTER_413,AA,legume_str,164.1,9.39301250256421
CLUSTER_413,AA,pig_man,1220.808,9.39301250256421
CLUSTER_413,AA,rape_str,1054.0,9.39301250256421
CLUSTER_414,AA,cattle_man,13020.0,36.66283607966849
CLUSTER_414,AA,horse_man,1048.1,36.66283607966849
CLUSTER_414,AA,pig_man,218.538,36.66283607966849
CLUSTER_438,AA,cattle_man,3331.0,12.597172375514646
CLUSTER_438,AA,cattle_slu,18770.0,12.597172375514646
CLUSTER_438,AA,horse_man,832.8,12.597172375514646
CLUSTER_438,AA,legume_str,13.04,12.597172375514646
CLUSTER_438,AA,pig_man,223.18,12.597172375514646
CLUSTER_439,AA,cattle_man,12440.0,33.74120448763436
CLUSTER_439,AA,horse_man,163.7,33.74120448763436
CLUSTER_439,AA,pig_man,625.9,33.74120448763436
CLUSTER_45,AA,cattle_man,15750.0,22.847183043556143
CLUSTER_45,AA,horse_man,1188.0,22.847183043556143
CLUSTER_45,AA,pig_man,55.502,22.847183043556143
CLUSTER_475,AA,horse_man,190.34436009225956,36.122744196193175
CLUSTER_475,AA,pig_man,250.66,36.122744196193175
CLUSTER_50,AA,cattle_man,17080.0,35.57068743991508
CLUSTER_50,AA,horse_man,1154.13,35.57068743991508
CLUSTER_50,AA,pig_man,604.7121,35.57068743991508
CLUSTER_505,AA,cattle_man,10770.0,16.08017877438661
CLUSTER_505,AA,cattle_slu,46800.0,16.08017877438661
CLUSTER_505,AA,horse_man,942.0,16.08017877438661
CLUSTER_512,AA,horse_man,541.0,45.818542295757695
CLUSTER_529,AA,cattle_man,7480.0,37.10646816290701
CLUSTER_529,AA,horse_man,807.0,37.10646816290701
CLUSTER_529,AA,pig_man,18.6,37.10646816290701
CLUSTER_59,AA,cattle_man,5668.0,18.163804673102348
CLUSTER_59,AA,cattle_slu,13674.380347110215,18.163804673102348
CLUSTER_59,AA,horse_man,456.477,18.163804673102348
CLUSTER_59,AA,pig_man,56.019,18.163804673102348
CLUSTER_125,AB,legume_str,441.0,38.7739665561249
CLUSTER_125,AB,rape_str,3920.0,38.7739665561249
CLUSTER_126,AB,legume_str,544.6,20.95704037239345
CLUSTER_126,AB,maize_str,6491.0,20.95704037239345
CLUSTER_126,AB,rape_str,2381.0,20.95704037239345
CLUSTER_131,AB,legume_str,1003.9999999999999,28.80127988427925
CLUSTER_131,AB,maize_str,4594.0,28.80127988427925
CLUSTER_131,AB,rape_str,1908.0,28.80127988427925
CLUSTER_165,AB,legume_str,854.0,38.05441493684581
CLUSTER_165,AB,rape_str,1507.0,38.05441493684581
CLUSTER_175,AB,beet_leaf,28760.0,16.216322406444206
CLUSTER_175,AB,legume_str,508.2,16.216322406444206
CLUSTER_175,AB,maize_str,1895.0,16.216322406444206
CLUSTER_175,AB,rape_str,1513.0,16.216322406444206
CLUSTER_180,AB,beet_leaf,6890.0,8.95352595809096
CLUSTER_180,AB,cattle_man,58.01843579522115,8.95352595809096
CLUSTER_180,AB,legume_str,350.0,8.95352595809096
CLUSTER_180,AB,maize_str,9410.0,8.95352595809096
CLUSTER_180,AB,rape_str,2510.0,8.95352595809096
CLUSTER_184,AB,legume_str,480.0,19.759634576505693
CLUSTER_184,AB,maize_str,4690.0,19.759634576505693
CLUSTER_184,AB,rape_str,1554.0,19.759634576505693
CLUSTER_186,AB,beet_leaf,14510.0,14.784345752870076
CLUSTER_186,AB,cattle_man,2851.0,14.784345752870076
CLUSTER_186,AB,legume_str,321.6,14.784345752870076
CLUSTER_186,AB,maize_str,2451.0,14.784345752870076
CLUSTER_186,AB,rape_str,2267.0,14.784345752870076
CLUSTER_20,AB,legume_str,1043.0,35.02099642464333
CLUSTER_20,AB,rape_str,2658.0,35.02099642464333
CLUSTER_240,AB,legume_str,511.70000000000016,22.556642146150644
CLUSTER_240,AB,maize_str,2018.1000000000001,22.556642146150644
CLUSTER_240,AB,rape_str,698.0,22.556642146150644
CLUSTER_257,AB,legume_str,280.6,19.092887085874533
CLUSTER_257,AB,maize_str,4463.0,19.092887085874533
CLUSTER_257,AB,rape_str,1210.4,19.092887085874533
CLUSTER_267,AB,beet_leaf,19900.0,5.970968941454526
CLUSTER_267,AB,cattle_man,6170.0,5.970968941454526
CLUSTER_267,AB,cattle_slu,27220.0,5.970968941454526
CLUSTER_267,AB,legume_str,523.5,5.970968941454526
CLUSTER_267,AB,maize_str,4239.0,5.970968941454526
CLUSTER_267,AB,rape_str,1938.0,5.970968941454526
CLUSTER_290,AB,legume_str,233.8,34.32543212447672
CLUSTER_290,AB,rape_str,1121.03,34.32543212447672
CLUSTER_295,AB,legume_str,228.28,29.475737194491835
CLUSTER_295,AB,maize_str,1481.0,29.475737194491835
CLUSTER_295,AB,rape_str,310.5,29.475737194491835
CLUSTER_301,AB,legume_str,364.26,32.43419592644279
CLUSTER_301,AB,maize_str,3167.9999999999995,32.43419592644279
CLUSTER_301,AB,rape_str,382.1,32.43419592644279
CLUSTER_31,AB,legume_str,400.9,46.465092384437824
CLUSTER_321,AB,legume_str,474.1,24.956694719342856
CLUSTER_321,AB,maize_str,1399.0,24.956694719342856
CLUSTER_321,AB,rape_str,1433.0,24.956694719342856
CLUSTER_397,AB,legume_str,173.8,43.843532975478645
CLUSTER_397,AB,rape_str,641.0,43.843532975478645
CLUSTER_399,AB,cattle_man,1238.6,26.21822858163164
CLUSTER_399,AB,legume_str,297.37,26.21822858163164
CLUSTER_399,AB,maize_str,1120.2,26.21822858163164
CLUSTER_399,AB,rape_str,723.2,26.21822858163164
CLUSTER_403,AB,legume_str,587.0,47.18713463590506
CLUSTER_408,AB,legume_str,270.2,38.139886192014586
CLUSTER_408,AB,rape_str,1388.0,38.139886192014586
CLUSTER_441,AB,maize_str,2827.0,25.302199008435903
CLUSTER_453,AB,legume_str,457.0,24.78315939091556
CLUSTER_453,AB,maize_str,1817.0,24.78315939091556
CLUSTER_453,AB,rape_str,449.1,24.78315939091556
CLUSTER_477,AB,legume_str,101.5,39.479755616155245
CLUSTER_477,AB,rape_str,247.70000000000002,39.479755616155245
CLUSTER_48,AB,beet_leaf,4005.1000000000004,13.699245569437744
CLUSTER_48,AB,cattle_man,4164.0,13.699245569437744
CLUSTER_48,AB,legume_str,448.03,13.699245569437744
CLUSTER_48,AB,maize_str,4581.0,13.699245569437744
CLUSTER_48,AB,rape_str,1712.0,13.699245569437744
CLUSTER_481,AB,legume_str,620.0,49.98845413938553
CLUSTER_501,AB,beet_leaf,13770.0,7.364606456791434
CLUSTER_501,AB,cattle_man,230.0,7.364606456791434
CLUSTER_501,AB,legume_str,355.2,7.364606456791434
CLUSTER_501,AB,maize_str,3960.0,7.364606456791434
CLUSTER_501,AB,rape_str,1822.0,7.364606456791434
CLUSTER_503,AB,legume_str,401.2,33.94641941993275
CLUSTER_503,AB,rape_str,1574.0,33.94641941993275
CLUSTER_504,AB,legume_str,94.63,20.040870578065984
CLUSTER_504,AB,maize_str,1285.0,20.040870578065984
CLUSTER_504,AB,rape_str,268.5,20.040870578065984
CLUSTER_52,AB,maize_str,4642.0,29.77064154190776
CLUSTER_73,AB,beet_leaf,12950.819392613554,16.3639805453079
CLUSTER_73,AB,legume_str,648.0,16.3639805453079
CLUSTER_73,AB,maize_str,11358.0,16.3639805453079
CLUSTER_73,AB,rape_str,3434.0,16.3639805453079
CLUSTER_89,AB,legume_str,351.6,48.42055287597079
CLUSTER_109,AC,cattle_man,10424.0,13.614121771216317
CLUSTER_109,AC,cattle_slu,48085.99999999988,13.614121771216317
CLUSTER_109,AC,horse_man,2924.0,13.614121771216317
CLUSTER_109,AC,legume_str,13.7,13.614121771216317
CLUSTER_109,AC,pig_man,121.22265,13.614121771216317
CLUSTER_109,AC,rape_str,16.299999999999784,13.614121771216317
CLUSTER_143,AC,cattle_man,20920.0,8.987451265333664
CLUSTER_143,AC,cattle_slu,94100.0,8.987451265333664
CLUSTER_143,AC,horse_man,1329.0,8.987451265333664
CLUSTER_143,AC,legume_str,47.158,8.987451265333664
CLUSTER_143,AC,pig_man,52.20089,8.987451265333664
CLUSTER_143,AC,rape_str,89.7,8.987451265333664
CLUSTER_150,AC,cattle_man,18940.0,10.812417837107684
CLUSTER_150,AC,cattle_slu,87300.0,10.812417837107684
CLUSTER_150,AC,horse_man,998.0,10.812417837107684
CLUSTER_150,AC,legume_str,116.5,10.812417837107684
CLUSTER_150,AC,pig_man,605.1,10.812417837107684
CLUSTER_150,AC,rape_str,158.8,10.812417837107684
CLUSTER_155,AC,cattle_man,533.52,40.5345732507629
CLUSTER_155,AC,horse_man,1141.3,40.5345732507629
CLUSTER_155,AC,pig_man,1243.7,40.5345732507629
CLUSTER_17,AC,cattle_man,9480.0,38.16224365546736
CLUSTER_17,AC,horse_man,663.59,38.16224365546736
CLUSTER_17,AC,pig_man,202.955,38.16224365546736
CLUSTER_175,AC,cattle_man,2182.272,47.33587038147997
CLUSTER_175,AC,horse_man,1207.3,47.33587038147997
CLUSTER_175,AC,pig_man,35.4,47.33587038147997
CLUSTER_184,AC,cattle_man,2092.0,46.34899399027039
CLUSTER_184,AC,horse_man,556.0,46.34899399027039
CLUSTER_184,AC,pig_man,1364.0,46.34899399027039
CLUSTER_186,AC,horse_man,2019.1,61.0387791945852
CLUSTER_186,AC,pig_man,471.4,61.0387791945852
CLUSTER_189,AC,cattle_man,4488.98,33.335615700873284
CLUSTER_189,AC,horse_man,1789.0,33.335615700873284
CLUSTER_195,AC,cattle_man,17240.0,8.162361323176816
CLUSTER_195,AC,cattle_slu,93330.0,8.162361323176816
CLUSTER_195,AC,horse_man,1276.5,8.162361323176816
CLUSTER_195,AC,legume_str,17.12,8.162361323176816
CLUSTER_195,AC,pig_man,34.13825,8.162361323176816
CLUSTER_195,AC,rape_str,51.9,8.162361323176816
CLUSTER_223,AC,cattle_man,9326.0,22.099214888025337
CLUSTER_223,AC,horse_man,1582.6,22.099214888025337
CLUSTER_223,AC,pig_man,439.438657,22.099214888025337
CLUSTER_231,AC,cattle_man,13870.0,3.119787143769261
CLUSTER_231,AC,cattle_slu,72600.0,3.119787143769261
CLUSTER_231,AC,horse_man,1176.0,3.119787143769261
CLUSTER_231,AC,legume_str,26.42,3.119787143769261
CLUSTER_231,AC,pig_man,10.6436,3.119787143769261
CLUSTER_231,AC,pig_slu,179.03140385,3.119787143769261
CLUSTER_240,AC,cattle_man,402.04,43.04709369921618
CLUSTER_240,AC,horse_man,172.5,43.04709369921618
CLUSTER_240,AC,pig_man,24.931,43.04709369921618
CLUSTER_241,AC,cattle_man,10430.0,20.690362681267903
CLUSTER_241,AC,horse_man,968.1,20.690362681267903
CLUSTER_254,AC,cattle_man,8256.0,24.286730350677185
CLUSTER_254,AC,horse_man,1711.5,24.286730350677185
CLUSTER_267,AC,horse_man,951.0,58.336143138908525
CLUSTER_267,AC,pig_man,778.8,58.336143138908525
CLUSTER_270,AC,cattle_man,9712.0,32.8245274084587
CLUSTER_270,AC,horse_man,2875.0,32.8245274084587
CLUSTER_270,AC,pig_man,61.2952,32.8245274084587
CLUSTER_274,AC,cattle_man,2163.0,33.52578177245223
CLUSTER_274,AC,horse_man,783.4,33.52578177245223
CLUSTER_274,AC,pig_man,587.9,33.52578177245223
CLUSTER_280,AC,cattle_man,7664.0,26.2306612919282
CLUSTER_280,AC,horse_man,1101.277,26.2306612919282
CLUSTER_280,AC,legume_str,227.3,26.2306612919282
CLUSTER_280,AC,pig_man,171.3,26.2306612919282
CLUSTER_284,AC,cattle_man,1152.783,29.494032968112545
CLUSTER_284,AC,horse_man,195.4,29.494032968112545
CLUSTER_284,AC,pig_man,447.9,29.494032968112545
CLUSTER_285,AC,horse_man,3438.0,35.37426544843036
CLUSTER_290,AC,cattle_man,4269.0,61.24304380538956
CLUSTER_290,AC,horse_man,887.0,61.24304380538956
CLUSTER_290,AC,pig_man,122.18799999999999,61.24304380538956
CLUSTER_295,AC,cattle_man,1036.53,38.199041759244814
CLUSTER_295,AC,horse_man,46.7,38.199041759244814
CLUSTER_301,AC,cattle_man,2641.0,30.622300907336008
CLUSTER_301,AC,horse_man,760.0,30.622300907336008
CLUSTER_301,AC,pig_man,225.23,30.622300907336008
CLUSTER_31,AC,cattle_man,11270.176,48.48502146453381
CLUSTER_31,AC,horse_man,3786.0,48.48502146453381
CLUSTER_31,AC,pig_man,390.4,48.48502146453381
CLUSTER_311,AC,cattle_man,22700.0,17.82453921394614
CLUSTER_311,AC,cattle_slu,83260.0,17.82453921394614
CLUSTER_311,AC,horse_man,1250.5,17.82453921394614
CLUSTER_311,AC,legume_str,30.47,17.82453921394614
CLUSTER_311,AC,rape_str,316.0,17.82453921394614
CLUSTER_321,AC,cattle_man,2184.0,52.39609441098568
CLUSTER_321,AC,horse_man,1668.0,52.39609441098568
CLUSTER_321,AC,pig_man,53.32708,52.39609441098568
CLUSTER_33,AC,cattle_man,6952.0,21.562562415170465
CLUSTER_33,AC,horse_man,1803.0,21.562562415170465
CLUSTER_343,AC,cattle_man,10540.0,37.059265692734606
CLUSTER_343,AC,horse_man,329.269,37.059265692734606
CLUSTER_343,AC,pig_man,296.7,37.059265692734606
CLUSTER_355,AC,horse_man,1202.0,51.57211482722635
CLUSTER_355,AC,pig_man,1341.0,51.57211482722635
CLUSTER_370,AC,cattle_man,11090.0,17.07891436692388
CLUSTER_370,AC,cattle_slu,71480.0,17.07891436692388
CLUSTER_370,AC,horse_man,1921.0,17.07891436692388
CLUSTER_370,AC,legume_str,38.17,17.07891436692388
CLUSTER_370,AC,pig_man,15.373134,17.07891436692388
CLUSTER_370,AC,rape_str,42.4,17.07891436692388
CLUSTER_372,AC,cattle_man,9440.0,36.34705887271199
CLUSTER_372,AC,horse_man,1283.0,36.34705887271199
CLUSTER_372,AC,pig_man,127.52,36.34705887271199
CLUSTER_385,AC,cattle_man,5530.0,50.33895798463254
CLUSTER_385,AC,horse_man,616.3,50.33895798463254
CLUSTER_385,AC,pig_man,407.79,50.33895798463254
CLUSTER_397,AC,cattle_man,5686.0,57.69680529359185
CLUSTER_397,AC,horse_man,797.2,57.69680529359185
CLUSTER_397,AC,pig_man,80.291,57.69680529359185
CLUSTER_399,AC,horse_man,218.1,68.99659998952188
CLUSTER_399,AC,pig_man,646.33,68.99659998952188
CLUSTER_400,AC,cattle_man,3903.8,52.36416868118584
CLUSTER_400,AC,horse_man,1513.0,52.36416868118584
CLUSTER_400,AC,pig_man,2588.0,52.36416868118584
CLUSTER_406,AC,cattle_man,16790.0,14.761153096397116
CLUSTER_406,AC,cattle_slu,94100.0,14.761153096397116
CLUSTER_406,AC,horse_man,1539.0,14.761153096397116
CLUSTER_406,AC,pig_man,52.746,14.761153096397116
CLUSTER_408,AC,cattle_man,7585.8,38.69639318058641
CLUSTER_408,AC,horse_man,3122.0,38.69639318058641
CLUSTER_408,AC,pig_man,511.6000000000001,38.69639318058641
CLUSTER_429,AC,cattle_man,6420.0,20.507669284478
CLUSTER_429,AC,cattle_slu,14271.494598058704,20.507669284478
CLUSTER_429,AC,horse_man,723.0,20.507669284478
CLUSTER_429,AC,legume_str,61.70000000000001,20.507669284478
CLUSTER_429,AC,rape_str,185.6,20.507669284478
CLUSTER_453,AC,cattle_man,163.9,37.87045538479795
CLUSTER_453,AC,horse_man,209.4,37.87045538479795
CLUSTER_453,AC,pig_man,269.0,37.87045538479795
CLUSTER_456,AC,horse_man,275.0,43.39733088088506
CLUSTER_456,AC,pig_man,30.472,43.39733088088506
CLUSTER_470,AC,cattle_man,25970.0,22.749692558780485
CLUSTER_470,AC,horse_man,1289.0,22.749692558780485
CLUSTER_470,AC,legume_str,43.7,22.749692558780485
CLUSTER_470,AC,pig_man,190.5,22.749692558780485
CLUSTER_470,AC,rape_str,89.8,22.749692558780485
CLUSTER_472,AC,cattle_man,24810.0,27.629284859390427
CLUSTER_472,AC,horse_man,709.0,27.629284859390427
CLUSTER_472,AC,legume_str,59.1,27.629284859390427
CLUSTER_472,AC,pig_man,22.5159,27.629284859390427
CLUSTER_477,AC,cattle_man,6130.0,29.70824108140416
CLUSTER_477,AC,horse_man,908.0,29.70824108140416
CLUSTER_484,AC,cattle_man,10650.0,17.362789630895648
CLUSTER_484,AC,cattle_slu,42730.0,17.362789630895648
CLUSTER_484,AC,horse_man,420.9,17.362789630895648
CLUSTER_484,AC,legume_str,72.6,17.362789630895648
CLUSTER_484,AC,pig_man,64.9729,17.362789630895648
CLUSTER_484,AC,rape_str,75.4,17.362789630895648
CLUSTER_488,AC,cattle_man,62.5,43.84398210185194
CLUSTER_488,AC,horse_man,236.9,43.84398210185194
CLUSTER_488,AC,pig_man,1185.8,43.84398210185194
CLUSTER_501,AC,horse_man,474.5,57.72224344262766
CLUSTER_501,AC,pig_man,1378.0,57.72224344262766
CLUSTER_503,AC,cattle_man,1023.7099999999999,52.95653902143917
CLUSTER_503,AC,horse_man,847.1,52.95653902143917
CLUSTER_509,AC,cattle_man,10453.0,25.386058806562318
CLUSTER_509,AC,horse_man,798.0,25.386058806562318
CLUSTER_509,AC,legume_str,25.2,25.386058806562318
CLUSTER_509,AC,pig_man,70.445,25.386058806562318
CLUSTER_509,AC,rape_str,51.9,25.386058806562318
CLUSTER_520,AC,cattle_man,3690.0,25.40239061004685
CLUSTER_520,AC,horse_man,799.0,25.40239061004685
CLUSTER_542,AC,cattle_man,20360.0,37.34337435333928
CLUSTER_542,AC,horse_man,1452.1,37.34337435333928
CLUSTER_542,AC,pig_man,564.19,37.34337435333928
CLUSTER_68,AC,horse_man,1155.3,51.62802635159539
CLUSTER_68,AC,pig_man,1241.4,51.62802635159539
CLUSTER_91,AC,cattle_man,1586.06,29.86275536798983
CLUSTER_91,AC,horse_man,619.6,29.86275536798983
CLUSTER_91,AC,pig_man,218.0,29.86275536798983
CLUSTER_99,AC,cattle_man,18960.0,22.51930068371919
CLUSTER_99,AC,horse_man,170.398,22.51930068371919
CLUSTER_99,AC,legume_str,144.0,22.51930068371919
CLUSTER_99,AC,pig_man,173.7,22.51930068371919
CLUSTER_99,AC,rape_str,371.8,22.51930068371919
CLUSTER_1,AD,cattle_man,7654.55,26.939599629808203
CLUSTER_1,AD,horse_man,642.4,26.939599629808203
CLUSTER_1,AD,pig_man,381.6,26.939599629808203
CLUSTER_103,AD,cattle_man,2660.0,43.1651727518796
CLUSTER_103,AD,horse_man,678.2,43.1651727518796
CLUSTER_103,AD,pig_man,791.300184,43.1651727518796
CLUSTER_108,AD,horse_man,2811.0164695260764,55.46607321755655
CLUSTER_11,AD,cattle_man,3764.1,40.27099657664724
CLUSTER_11,AD,horse_man,1455.0,40.27099657664724
CLUSTER_11,AD,pig_man,23.6720704,40.27099657664724
CLUSTER_12,AD,cattle_man,6212.0,23.557700945622617
CLUSTER_12,AD,horse_man,2496.5,23.557700945622617
CLUSTER_12,AD,pig_man,96.610847,23.557700945622617
CLUSTER_125,AD,cattle_man,17940.0,51.0656780229558
CLUSTER_125,AD,horse_man,653.0,51.0656780229558
CLUSTER_125,AD,pig_man,536.0,51.0656780229558
CLUSTER_141,AD,cattle_man,6618.0,27.52879910604726
CLUSTER_141,AD,horse_man,2815.0,27.52879910604726
CLUSTER_141,AD,pig_man,111.971,27.52879910604726
CLUSTER_147,AD,cattle_man,5220.0,43.04387682864548
CLUSTER_147,AD,horse_man,869.8,43.04387682864548
CLUSTER_147,AD,pig_man,23.898,43.04387682864548
CLUSTER_148,AD,pig_man,361.14175,55.87289013851748
CLUSTER_15,AD,cattle_man,7650.0,15.5801917336282
CLUSTER_15,AD,cattle_slu,47059.99999999994,15.5801917336282
CLUSTER_15,AD,horse_man,5057.0,15.5801917336282
CLUSTER_15,AD,pig_man,68.319,15.5801917336282
CLUSTER_160,AD,cattle_man,5620.0,40.50143475634271
CLUSTER_160,AD,horse_man,2174.2,40.50143475634271
CLUSTER_160,AD,pig_man,238.759,40.50143475634271
CLUSTER_169,AD,horse_man,1079.5,41.20196469342798
CLUSTER_169,AD,pig_man,332.076,41.20196469342798
CLUSTER_171,AD,cattle_man,11040.0,30.98269983648833
CLUSTER_171,AD,horse_man,1981.0000000000002,30.98269983648833
CLUSTER_171,AD,pig_man,887.0,30.98269983648833
CLUSTER_188,AD,cattle_man,6172.0,10.0951817304593
CLUSTER_188,AD,cattle_slu,39630.0,10.0951817304593
CLUSTER_188,AD,horse_man,1732.0,10.0951817304593
CLUSTER_188,AD,legume_str,67.118,10.0951817304593
CLUSTER_188,AD,pig_man,27.346000000000004,10.0951817304593
CLUSTER_188,AD,rape_str,21.25,10.0951817304593
CLUSTER_212,AD,cattle_man,1308.4023683329017,56.18392378694929
CLUSTER_212,AD,horse_man,525.0,56.18392378694929
CLUSTER_219,AD,cattle_man,5290.0,36.11649137561713
CLUSTER_219,AD,horse_man,452.0,36.11649137561713
CLUSTER_219,AD,pig_man,686.0,36.11649137561713
CLUSTER_220,AD,cattle_man,1849.0,53.0930435903582
CLUSTER_220,AD,horse_man,806.0,53.0930435903582
CLUSTER_220,AD,pig_man,25.08,53.0930435903582
CLUSTER_230,AD,cattle_man,11370.0,40.48611992514736
CLUSTER_230,AD,horse_man,900.0,40.48611992514736
CLUSTER_230,AD,pig_man,156.99,40.48611992514736
CLUSTER_237,AD,cattle_man,4862.0,44.79328007653698
CLUSTER_237,AD,horse_man,478.63,44.79328007653698
CLUSTER_237,AD,pig_man,687.516,44.79328007653698
CLUSTER_242,AD,pig_man,257.9398,44.26756458057625
CLUSTER_262,AD,cattle_man,7320.0,30.71351117989901
CLUSTER_262,AD,horse_man,491.0,30.71351117989901
CLUSTER_262,AD,pig_man,55.52,30.71351117989901
CLUSTER_265,AD,cattle_man,1417.0,50.30616167643689
CLUSTER_265,AD,horse_man,1119.1,50.30616167643689
CLUSTER_265,AD,pig_man,39.79,50.30616167643689
CLUSTER_266,AD,cattle_man,5864.8,32.897426261373084
CLUSTER_266,AD,horse_man,271.0126,32.897426261373084
CLUSTER_266,AD,pig_man,616.51,32.897426261373084
CLUSTER_272,AD,cattle_man,3166.9,34.11350617790675
CLUSTER_272,AD,horse_man,1033.0,34.11350617790675
CLUSTER_322,AD,cattle_man,5790.0,17.26561749211847
CLUSTER_322,AD,cattle_slu,28610.0,17.26561749211847
CLUSTER_322,AD,horse_man,1355.0,17.26561749211847
CLUSTER_322,AD,pig_man,57.48,17.26561749211847
CLUSTER_346,AD,cattle_man,146.3,19.74388227686829
CLUSTER_346,AD,horse_man,804.6,19.74388227686829
CLUSTER_35,AD,cattle_man,3291.0,45.37816346120225
CLUSTER_35,AD,horse_man,655.3,45.37816346120225
CLUSTER_35,AD,pig_man,604.779130298724,45.37816346120225
CLUSTER_351,AD,cattle_man,14750.0,19.13004447332412
CLUSTER_351,AD,cattle_slu,80877.1778670698,19.13004447332412
CLUSTER_351,AD,horse_man,1500.0,19.13004447332412
CLUSTER_351,AD,pig_man,456.3,19.13004447332412
CLUSTER_381,AD,cattle_man,4175.2,34.738966325095326
CLUSTER_381,AD,horse_man,1692.89,34.738966325095326
CLUSTER_381,AD,pig_man,167.133571,34.738966325095326
CLUSTER_384,AD,cattle_man,3170.0,44.06290550513312
CLUSTER_384,AD,horse_man,619.0,44.06290550513312
CLUSTER_384,AD,pig_man,123.71,44.06290550513312
CLUSTER_390,AD,pig_man,1056.886,52.53747275367755
CLUSTER_392,AD,cattle_man,5800.0,27.2857285934753
CLUSTER_392,AD,horse_man,513.0,27.2857285934753
CLUSTER_392,AD,pig_man,46.5,27.2857285934753
CLUSTER_394,AD,cattle_man,6080.0,31.010028670834966
CLUSTER_394,AD,horse_man,571.3,31.010028670834966
CLUSTER_394,AD,pig_man,434.7,31.010028670834966
CLUSTER_395,AD,cattle_man,1724.5,51.2401871630184
CLUSTER_395,AD,horse_man,552.0799999999999,51.2401871630184
CLUSTER_395,AD,pig_man,29.4111,51.2401871630184
CLUSTER_40,AD,cattle_man,5321.0,34.27759094997728
CLUSTER_40,AD,horse_man,2457.6,34.27759094997728
CLUSTER_40,AD,pig_man,213.46,34.27759094997728
CLUSTER_404,AD,cattle_man,4430.0,16.465279801834896
CLUSTER_404,AD,cattle_slu,40280.0,16.465279801834896
CLUSTER_404,AD,horse_man,1860.0,16.465279801834896
CLUSTER_404,AD,pig_man,75.63,16.465279801834896
CLUSTER_41,AD,cattle_man,390.8,46.12516764789391
CLUSTER_41,AD,horse_man,2108.8,46.12516764789391
CLUSTER_41,AD,pig_man,16.8586,46.12516764789391
CLUSTER_421,AD,cattle_man,2121.0,51.08379810911399
CLUSTER_421,AD,horse_man,802.6,51.08379810911399
CLUSTER_425,AD,cattle_man,2512.95,41.910821000566266
CLUSTER_425,AD,horse_man,526.6,41.910821000566266
CLUSTER_425,AD,pig_man,14.561,41.910821000566266
CLUSTER_435,AD,cattle_man,3989.9999999999995,6.695421257093285
CLUSTER_435,AD,cattle_slu,23870.0,6.695421257093285
CLUSTER_435,AD,horse_man,1508.0,6.695421257093285
CLUSTER_435,AD,legume_str,63.4,6.695421257093285
CLUSTER_435,AD,pig_man,46.49,6.695421257093285
CLUSTER_435,AD,rape_str,153.1,6.695421257093285
CLUSTER_451,AD,cattle_man,7650.0,37.567147635048265
CLUSTER_451,AD,horse_man,523.0,37.567147635048265
CLUSTER_451,AD,pig_man,528.0,37.567147635048265
CLUSTER_454,AD,pig_man,279.8,37.299591683023365
CLUSTER_476,AD,cattle_man,2730.0,3.1355265449999763
CLUSTER_476,AD,cattle_slu,21010.0,3.1355265449999763
CLUSTER_476,AD,horse_man,492.00000000000006,3.1355265449999763
CLUSTER_476,AD,legume_str,20.15,3.1355265449999763
CLUSTER_476,AD,pig_slu,101.3,3.1355265449999763
CLUSTER_476,AD,rape_str,21.8,3.1355265449999763
CLUSTER_481,AD,cattle_man,7889.999999999999,40.59308634603657
CLUSTER_481,AD,horse_man,1085.0,40.59308634603657
CLUSTER_481,AD,pig_man,527.3,40.59308634603657
CLUSTER_490,AD,cattle_man,3600.0,26.59742467001582
CLUSTER_490,AD,horse_man,745.2,26.59742467001582
CLUSTER_490,AD,pig_man,105.9,26.59742467001582
CLUSTER_510,AD,cattle_man,2238.5,35.23493499265014
CLUSTER_510,AD,horse_man,1319.0,35.23493499265014
CLUSTER_512,AD,cattle_man,5080.0,43.24749525000579
CLUSTER_512,AD,pig_man,391.0,43.24749525000579
CLUSTER_524,AD,cattle_man,2192.0,38.99652418277722
CLUSTER_524,AD,horse_man,1677.6,38.99652418277722
CLUSTER_524,AD,pig_man,18.178,38.99652418277722
CLUSTER_536,AD,cattle_man,3358.0,35.00795239992119
CLUSTER_536,AD,horse_man,483.9,35.00795239992119
CLUSTER_536,AD,pig_man,168.6,35.00795239992119
CLUSTER_55,AD,cattle_man,3272.0,27.187324050945737
CLUSTER_55,AD,horse_man,3076.3,27.187324050945737
CLUSTER_55,AD,pig_man,46.48,27.187324050945737
CLUSTER_7,AD,cattle_man,6818.0,49.48256082022826
CLUSTER_7,AD,horse_man,843.8,49.48256082022826
CLUSTER_7,AD,pig_man,353.272,49.48256082022826
CLUSTER_72,AD,cattle_man,21650.0,23.788728596508875
CLUSTER_72,AD,horse_man,4938.0,23.788728596508875
CLUSTER_72,AD,pig_man,949.3,23.788728596508875
CLUSTER_76,AD,cattle_man,2539.0,18.49675579674609
CLUSTER_76,AD,cattle_slu,16801.3,18.49675579674609
CLUSTER_76,AD,horse_man,2263.0,18.49675579674609
CLUSTER_76,AD,pig_man,125.42999999999999,18.49675579674609
CLUSTER_77,AD,cattle_man,15680.0,33.0204601792013
CLUSTER_77,AD,horse_man,1160.0,33.0204601792013
CLUSTER_77,AD,pig_man,82.7,33.0204601792013
CLUSTER_78,AD,cattle_man,7012.0,28.573977566065743
CLUSTER_78,AD,horse_man,873.4,28.573977566065743
CLUSTER_78,AD,pig_man,141.0,28.573977566065743
CLUSTER_88,AD,cattle_man,1437.0,42.719613081527584
CLUSTER_88,AD,horse_man,1496.2,42.719613081527584
CLUSTER_88,AD,pig_man,46.485800000000005,42.719613081527584
CLUSTER_89,AD,cattle_man,6220.0,46.036380435883046
CLUSTER_89,AD,horse_man,1274.4,46.036380435883046
CLUSTER_89,AD,pig_man,499.7749999999999,46.036380435883046
CLUSTER_96,AD,cattle_man,3690.0,20.39462059447747
CLUSTER_96,AD,horse_man,2943.838,20.39462059447747
CLUSTER_96,AD,pig_man,107.14,20.39462059447747
