PlantLocation,SupplyNode,Feedstock,FlowTons,Distance_km
I,CLUSTER_0,horse_man,2610.0,42.86710284266114
I,CLUSTER_0,pig_man,1695.2,42.86710284266114
I,CLUSTER_1,pig_man,381.6,107.64785113000032
I,CLUSTER_100,cattle_man,9536.0,19.5920672416836
I,CLUSTER_100,horse_man,3925.5,19.5920672416836
I,CLUSTER_100,pig_man,69.61,19.5920672416836
I,CLUSTER_101,pig_man,311.45,100.17076165863892
I,CLUSTER_103,pig_man,791.300184,113.51268638948636
I,CLUSTER_104,horse_man,871.7,46.01014610657146
I,CLUSTER_104,pig_man,527.2180000000001,46.01014610657146
I,CLUSTER_107,pig_man,993.2,61.02941685802979
I,CLUSTER_109,pig_man,121.22265,117.59725956470066
I,CLUSTER_111,pig_man,262.226,96.88513455116455
I,CLUSTER_116,horse_man,1252.0,47.52757285011594
I,CLUSTER_116,pig_man,144.5,47.52757285011594
I,CLUSTER_122,horse_man,5260.0,35.9452693943103
I,CLUSTER_122,pig_man,40.78257,35.9452693943103
I,CLUSTER_123,pig_man,92.5800179,117.59958978992688
I,CLUSTER_124,pig_man,225.04,116.3177068792706
I,CLUSTER_125,pig_man,536.0,81.87694240957566
I,CLUSTER_126,horse_man,1435.2,29.98408948379355
I,CLUSTER_126,pig_man,2894.0,29.98408948379355
I,CLUSTER_13,pig_man,152.17000000000002,100.65665608226564
I,CLUSTER_131,cattle_man,9440.0,23.621195875809427
I,CLUSTER_131,horse_man,1232.0,23.621195875809427
I,CLUSTER_131,pig_man,1497.8,23.621195875809427
I,CLUSTER_132,pig_man,943.9,103.90840930778008
I,CLUSTER_135,pig_man,159.368,67.59159908592206
I,CLUSTER_138,pig_man,1203.8,81.6127332237457
I,CLUSTER_14,pig_man,256.805,110.35954554983262
I,CLUSTER_140,pig_man,765.7,119.61062297042947
I,CLUSTER_142,cattle_man,32190.000000000004,26.48727192378866
I,CLUSTER_142,horse_man,1981.9999999999998,26.48727192378866
I,CLUSTER_142,pig_man,67.2671,26.48727192378866
I,CLUSTER_143,pig_man,52.20089,111.45118068708504
I,CLUSTER_144,pig_man,1094.5,51.27455456952297
I,CLUSTER_145,pig_man,104.2,89.22485661178625
I,CLUSTER_149,pig_man,19.0894,49.98564248382906
I,CLUSTER_150,pig_man,605.1,101.3197330702693
I,CLUSTER_151,horse_man,5352.0,40.95726522435029
I,CLUSTER_151,pig_man,33.274,40.95726522435029
I,CLUSTER_152,horse_man,2493.3,40.11399921684009
I,CLUSTER_152,pig_man,174.14849999999998,40.11399921684009
I,CLUSTER_155,pig_man,1243.7,66.97221121520877
I,CLUSTER_159,pig_man,3550.315,101.41157529867635
I,CLUSTER_162,pig_man,126.94,72.05427477079627
I,CLUSTER_165,cattle_man,8970.0,17.442195356656164
I,CLUSTER_165,horse_man,1926.7,17.442195356656164
I,CLUSTER_165,pig_man,1019.9,17.442195356656164
I,CLUSTER_171,pig_man,887.0,113.6240385335286
I,CLUSTER_175,pig_man,35.4,65.93435475385535
I,CLUSTER_176,pig_man,232.96,98.92001368867524
I,CLUSTER_180,horse_man,1481.0,42.04614323755432
I,CLUSTER_180,pig_man,6160.0,42.04614323755432
I,CLUSTER_182,pig_man,1527.0,70.47445388803786
I,CLUSTER_184,pig_man,1364.0,60.14667970952964
I,CLUSTER_186,pig_man,471.4,63.55620361991221
I,CLUSTER_187,pig_man,939.3,94.81524112799076
I,CLUSTER_195,pig_man,34.13825,97.93499580412464
I,CLUSTER_2,pig_man,1666.5,50.62817456963794
I,CLUSTER_20,cattle_man,27140.0,29.0103605365008
I,CLUSTER_20,horse_man,3289.0,29.0103605365008
I,CLUSTER_20,pig_man,3376.0,29.0103605365008
I,CLUSTER_202,pig_man,229.17,94.30791964218764
I,CLUSTER_203,horse_man,3313.0,46.82386069528389
I,CLUSTER_203,pig_man,696.08362,46.82386069528389
I,CLUSTER_204,pig_man,37.494,72.80850776126664
I,CLUSTER_205,horse_man,3447.0,33.14207017186276
I,CLUSTER_205,pig_man,123.23616,33.14207017186276
I,CLUSTER_208,pig_man,22.65,71.56093220202551
I,CLUSTER_210,pig_man,122.09999999999998,113.59051888637048
I,CLUSTER_212,pig_man,132.0,70.51480921350318
I,CLUSTER_218,horse_man,4008.0000000000005,36.62528937849679
I,CLUSTER_219,pig_man,686.0,95.35694277462544
I,CLUSTER_22,cattle_man,44030.0,19.384369513478276
I,CLUSTER_22,horse_man,2301.0,19.384369513478276
I,CLUSTER_22,pig_man,696.0,19.384369513478276
I,CLUSTER_223,pig_man,439.438657,86.30873120826949
I,CLUSTER_225,pig_man,1314.9,82.46004531981622
I,CLUSTER_229,pig_man,38.028209,95.53631165433694
I,CLUSTER_230,pig_man,156.99,119.82177768425714
I,CLUSTER_231,pig_man,10.6436,107.05870756308217
I,CLUSTER_233,pig_man,435.2,73.66552339744402
I,CLUSTER_235,pig_man,439.78,91.57783896162957
I,CLUSTER_239,horse_man,2882.5,39.185766238932935
I,CLUSTER_239,pig_man,931.74,39.185766238932935
I,CLUSTER_240,pig_man,24.931,72.67616321913397
I,CLUSTER_248,pig_man,337.0,121.37505168061602
I,CLUSTER_250,pig_man,54.334,111.53955367593274
I,CLUSTER_256,pig_man,14.8359,54.98101498356849
I,CLUSTER_257,horse_man,1598.0,38.51491885847626
I,CLUSTER_257,pig_man,1704.41,38.51491885847626
I,CLUSTER_263,horse_man,3265.0,46.47852133093796
I,CLUSTER_263,pig_man,198.21,46.47852133093796
I,CLUSTER_267,pig_man,778.8,56.84825488668588
I,CLUSTER_270,pig_man,61.2952,91.54374639167504
I,CLUSTER_273,pig_man,524.6,82.39268861460548
I,CLUSTER_274,pig_man,587.9,80.67078814307521
I,CLUSTER_279,cattle_man,21730.0,9.198434663170175
I,CLUSTER_279,cattle_slu,74670.0,9.198434663170175
I,CLUSTER_279,horse_man,1665.3,9.198434663170175
I,CLUSTER_279,pig_man,723.8400164000001,9.198434663170175
I,CLUSTER_280,pig_man,171.3,97.36976542384404
I,CLUSTER_282,pig_man,277.076,92.99189395307135
I,CLUSTER_284,pig_man,447.9,77.14923754328323
I,CLUSTER_288,cattle_man,23510.0,4.209945134889304
I,CLUSTER_288,cattle_slu,69700.0,4.209945134889304
I,CLUSTER_288,horse_man,1884.0,4.209945134889304
I,CLUSTER_288,pig_slu,9430.0,4.209945134889304
I,CLUSTER_288,pig_man,786.0,4.209945134889304
I,CLUSTER_29,horse_man,2338.7,45.33952219021126
I,CLUSTER_290,pig_man,122.18799999999999,82.49607386897942
I,CLUSTER_291,pig_man,7740.0,97.57221269513634
I,CLUSTER_292,pig_man,2862.0,85.11132602004456
I,CLUSTER_297,pig_man,153.126,70.6639515734103
I,CLUSTER_3,pig_man,16.916,67.72467266055364
I,CLUSTER_300,cattle_man,12150.0,19.65512320085841
I,CLUSTER_300,horse_man,6326.0,19.65512320085841
I,CLUSTER_300,pig_man,581.8449999999999,19.65512320085841
I,CLUSTER_301,pig_man,225.23,79.57351379288205
I,CLUSTER_302,pig_man,141.874306,54.04236272937767
I,CLUSTER_303,pig_man,1707.0,115.56153292846356
I,CLUSTER_305,pig_man,388.58,122.08632722313244
I,CLUSTER_306,horse_man,2610.0,29.616805601279523
I,CLUSTER_306,pig_man,479.4,29.616805601279523
I,CLUSTER_31,pig_man,390.4,97.10965958543542
I,CLUSTER_313,pig_man,14.107,120.21829154468196
I,CLUSTER_315,pig_man,304.38530000000003,68.65905164955011
I,CLUSTER_316,pig_man,1285.8,116.48791212259522
I,CLUSTER_319,pig_man,343.0,53.50085012924586
I,CLUSTER_321,pig_man,53.32708,75.42220730529438
I,CLUSTER_322,pig_man,57.48,115.82805820796789
I,CLUSTER_323,cattle_man,18150.0,15.76992912846304
I,CLUSTER_323,horse_man,2339.0,15.76992912846304
I,CLUSTER_323,pig_man,275.81,15.76992912846304
I,CLUSTER_324,pig_man,258.47,61.93547244156444
I,CLUSTER_330,horse_man,1269.6,33.41522059449588
I,CLUSTER_330,pig_man,378.71,33.41522059449588
I,CLUSTER_338,pig_man,496.0,61.10214094048129
I,CLUSTER_339,pig_man,586.97,87.43704920423286
I,CLUSTER_34,pig_man,547.047,50.47013102597254
I,CLUSTER_340,pig_man,150.7,61.52928531688338
I,CLUSTER_342,pig_man,109.9,59.74183258427475
I,CLUSTER_344,pig_man,347.5,68.17032598943558
I,CLUSTER_345,horse_man,3059.0,31.34346188171188
I,CLUSTER_345,pig_man,131.752025,31.34346188171188
I,CLUSTER_349,pig_man,105.746,78.18067901680257
I,CLUSTER_35,pig_man,754.8290000000001,82.40722701158838
I,CLUSTER_350,pig_man,183.62,58.82521426884006
I,CLUSTER_351,pig_man,456.3,108.76617206610204
I,CLUSTER_352,pig_man,32.1,69.09293699973132
I,CLUSTER_353,pig_man,473.0,76.72854699997053
I,CLUSTER_354,horse_man,793.6,41.56980702612259
I,CLUSTER_354,pig_man,883.52,41.56980702612259
I,CLUSTER_355,pig_man,1341.0,62.22697114553872
I,CLUSTER_363,horse_man,3180.0,46.90290139640285
I,CLUSTER_363,pig_man,154.91,46.90290139640285
I,CLUSTER_37,horse_man,943.0,41.02033428978562
I,CLUSTER_37,pig_man,3353.8,41.02033428978562
I,CLUSTER_370,pig_man,15.373134,89.46729781662823
I,CLUSTER_371,cattle_man,13910.0,12.206972514077028
I,CLUSTER_371,cattle_slu,44150.0,12.206972514077028
I,CLUSTER_371,horse_man,1280.1,12.206972514077028
I,CLUSTER_371,pig_man,228.32,12.206972514077028
I,CLUSTER_372,pig_man,127.52,104.49405087493584
I,CLUSTER_376,pig_man,263.4000241,79.27764924974508
I,CLUSTER_378,horse_man,1373.0,33.970308258122124
I,CLUSTER_378,pig_man,297.007,33.970308258122124
I,CLUSTER_382,pig_man,429.0,98.19495616219022
I,CLUSTER_385,pig_man,407.79,111.8376487600242
I,CLUSTER_386,cattle_man,420.0,27.575894602330933
I,CLUSTER_386,horse_man,3289.0,27.575894602330933
I,CLUSTER_392,pig_man,46.5,121.33448759384834
I,CLUSTER_394,pig_man,434.7,95.81025608218351
I,CLUSTER_397,pig_man,80.291,93.210833719353
I,CLUSTER_398,horse_man,1395.0,46.84836653658152
I,CLUSTER_398,pig_man,169.0001898,46.84836653658152
I,CLUSTER_399,pig_man,646.33,70.51648581070314
I,CLUSTER_400,pig_man,2588.0,54.151748715378105
I,CLUSTER_402,pig_man,1540.0,94.00901751779266
I,CLUSTER_403,cattle_man,9000.0,20.846260591708692
I,CLUSTER_403,horse_man,1197.0,20.846260591708692
I,CLUSTER_403,pig_man,782.0,20.846260591708692
I,CLUSTER_406,pig_man,52.746,105.10655390795456
I,CLUSTER_408,pig_man,511.6000000000001,88.87832980967238
I,CLUSTER_411,pig_man,527.79,120.02593691002872
I,CLUSTER_42,pig_man,1804.5,113.70105316534634
I,CLUSTER_423,cattle_man,22380.0,9.178658784762105
I,CLUSTER_423,cattle_slu,68630.0,9.178658784762105
I,CLUSTER_423,horse_man,1678.0106,9.178658784762105
I,CLUSTER_423,pig_man,669.519,9.178658784762105
I,CLUSTER_427,pig_man,799.2,74.2613104667597
I,CLUSTER_428,pig_man,58.397,88.36260195502604
I,CLUSTER_43,cattle_man,697.37,26.464584668981463
I,CLUSTER_43,horse_man,1609.1999999999998,26.464584668981463
I,CLUSTER_43,pig_man,36.5,26.464584668981463
I,CLUSTER_431,pig_man,238.34,64.19896918458304
I,CLUSTER_432,pig_man,80.1,89.08485979788584
I,CLUSTER_435,pig_man,46.49,119.79898143630028
I,CLUSTER_436,pig_man,326.0,73.22497104050728
I,CLUSTER_441,horse_man,821.0,30.17115734463263
I,CLUSTER_441,pig_man,1272.0,30.17115734463263
I,CLUSTER_446,pig_man,216.2920123,105.24256270824812
I,CLUSTER_447,horse_man,3973.0,32.04971350317367
I,CLUSTER_447,pig_man,67.14,32.04971350317367
I,CLUSTER_450,pig_man,315.5,55.98845757241837
I,CLUSTER_451,pig_man,528.0,94.98411367262722
I,CLUSTER_452,pig_man,550.0,104.87984562489562
I,CLUSTER_453,pig_man,269.0,70.43750570787867
I,CLUSTER_456,pig_man,30.472,84.77547689252694
I,CLUSTER_458,horse_man,2320.0,39.49249295537397
I,CLUSTER_459,pig_man,243.8,122.57834694763028
I,CLUSTER_464,pig_man,54.032,56.71663964640749
I,CLUSTER_466,cattle_man,13690.0,16.826808247018572
I,CLUSTER_466,horse_man,4155.0,16.826808247018572
I,CLUSTER_466,pig_man,43.27128999999999,16.826808247018572
I,CLUSTER_469,pig_man,324.0,86.14043372834414
I,CLUSTER_472,pig_man,22.5159,122.35594378294093
I,CLUSTER_473,pig_man,510.99999999999994,53.99741496020374
I,CLUSTER_478,pig_man,35.400000000000006,78.27415083925328
I,CLUSTER_48,pig_man,1701.4,53.8412271587786
I,CLUSTER_481,pig_man,527.3,86.55761640505675
I,CLUSTER_482,horse_man,1167.3,41.09284559880625
I,CLUSTER_482,pig_man,28.99635,41.09284559880625
I,CLUSTER_484,pig_man,64.9729,116.13304335121902
I,CLUSTER_485,pig_man,19.72,84.63359644218676
I,CLUSTER_488,pig_man,1185.8,73.19145261579006
I,CLUSTER_493,pig_man,193.15,62.30378282019615
I,CLUSTER_495,horse_man,1575.0,41.25242877032069
I,CLUSTER_495,pig_man,180.446,41.25242877032069
I,CLUSTER_496,pig_man,687.3,86.58542722706649
I,CLUSTER_498,horse_man,2767.0,29.87952187732627
I,CLUSTER_499,pig_man,128.13,53.1324931603008
I,CLUSTER_501,pig_man,1378.0,51.60690819849858
I,CLUSTER_504,pig_man,442.0,47.967766749040166
I,CLUSTER_511,pig_man,317.6,86.68574971973094
I,CLUSTER_513,pig_man,657.0,83.60184879661873
I,CLUSTER_514,pig_man,13.03,102.12500385815116
I,CLUSTER_516,pig_man,123.100375,65.19791670144025
I,CLUSTER_52,pig_man,917.46,59.794710329795485
I,CLUSTER_523,cattle_man,13260.0,24.60708376001454
I,CLUSTER_523,horse_man,1417.0,24.60708376001454
I,CLUSTER_523,pig_man,56.7,24.60708376001454
I,CLUSTER_534,pig_man,1003.0,76.99809914475911
I,CLUSTER_537,pig_man,2429.0,85.45950023294279
I,CLUSTER_542,pig_man,564.19,118.5434750310152
I,CLUSTER_543,pig_man,36.089,119.7036357939146
I,CLUSTER_544,cattle_man,5520.0,12.374483517457142
I,CLUSTER_544,cattle_slu,15250.0,12.374483517457142
I,CLUSTER_544,pig_man,15.550000000000002,12.374483517457142
I,CLUSTER_545,horse_man,1719.0,39.11111849530876
I,CLUSTER_545,pig_man,227.1,39.11111849530876
I,CLUSTER_57,horse_man,1420.0,37.04351483141582
I,CLUSTER_58,pig_man,585.7193,56.21442899498867
I,CLUSTER_61,pig_man,392.8,66.75330461071762
I,CLUSTER_62,pig_man,33.995,54.64130316892323
I,CLUSTER_63,pig_man,79.20406,53.58525529959492
I,CLUSTER_64,cattle_man,11569.857227064495,29.159253170503337
I,CLUSTER_64,horse_man,1753.8,29.159253170503337
I,CLUSTER_64,pig_man,1190.4,29.159253170503337
I,CLUSTER_68,pig_man,1241.4,74.93147044761015
I,CLUSTER_69,cattle_man,40940.0,14.993645723967589
I,CLUSTER_69,cattle_slu,3345.5246549645713,14.993645723967589
I,CLUSTER_69,horse_man,2441.2,14.993645723967589
I,CLUSTER_69,pig_man,1247.43,14.993645723967589
I,CLUSTER_7,pig_man,353.272,106.7736481716984
I,CLUSTER_70,pig_man,751.0,62.47056444082461
I,CLUSTER_71,cattle_man,8797.0,20.934669489314107
I,CLUSTER_71,horse_man,2948.9,20.934669489314107
I,CLUSTER_71,pig_man,226.348,20.934669489314107
I,CLUSTER_72,pig_man,949.3,103.69987839609432
I,CLUSTER_73,horse_man,1613.1,42.0820291832983
I,CLUSTER_73,pig_man,3455.0,42.0820291832983
I,CLUSTER_77,pig_man,82.7,107.81093436097918
I,CLUSTER_79,pig_man,1322.00245,93.87612683379147
I,CLUSTER_8,pig_man,13.2831,54.02761741400194
I,CLUSTER_81,horse_man,1535.0,35.579575240932265
I,CLUSTER_81,pig_man,12.9891,35.579575240932265
I,CLUSTER_82,pig_man,554.226263,112.60469979206611
I,CLUSTER_83,pig_man,44.2,95.47808402982008
I,CLUSTER_85,pig_man,109.2627,86.1939968218083
I,CLUSTER_89,pig_man,499.7749999999999,94.48103734109148
I,CLUSTER_9,pig_man,1813.0,97.49703268111465
I,CLUSTER_91,pig_man,218.0,76.4370165430934
I,CLUSTER_92,horse_man,2276.0,38.89521650234206
I,CLUSTER_92,pig_man,122.73699999999998,38.89521650234206
I,CLUSTER_93,pig_man,56.565000000000005,78.52071688811931
I,CLUSTER_99,pig_man,173.7,109.6982188730124
Y,CLUSTER_105,horse_man,2293.0,39.58748188946712
Y,CLUSTER_106,cattle_man,12224.0,23.48645797774269
Y,CLUSTER_106,horse_man,1081.1,23.48645797774269
Y,CLUSTER_106,pig_man,245.613,23.48645797774269
Y,CLUSTER_107,horse_man,1668.9,59.58775803322159
Y,CLUSTER_111,cattle_man,13173.0,17.501568817672045
Y,CLUSTER_111,horse_man,2114.0,17.501568817672045
Y,CLUSTER_117,pig_man,153.071,70.28260739756216
Y,CLUSTER_118,cattle_man,21190.0,15.469326546402524
Y,CLUSTER_118,horse_man,710.0,15.469326546402524
Y,CLUSTER_123,cattle_man,9000.0,29.17969911373619
Y,CLUSTER_123,horse_man,1614.0,29.17969911373619
Y,CLUSTER_127,cattle_man,15806.0,15.22766167476218
Y,CLUSTER_127,cattle_slu,73466.49917458826,15.22766167476218
Y,CLUSTER_127,horse_man,2828.1,15.22766167476218
Y,CLUSTER_128,horse_man,2411.7,40.87816677793924
Y,CLUSTER_128,pig_man,539.0,40.87816677793924
Y,CLUSTER_129,horse_man,1743.9,59.75308505817319
Y,CLUSTER_129,pig_man,245.9917,59.75308505817319
Y,CLUSTER_13,cattle_man,22490.0,27.07988789707882
Y,CLUSTER_13,horse_man,4880.0,27.07988789707882
Y,CLUSTER_132,horse_man,795.885,49.73259696049556
Y,CLUSTER_136,horse_man,3775.0,54.09163320938661
Y,CLUSTER_137,horse_man,2768.0,45.16605949849312
Y,CLUSTER_137,pig_man,11.12,45.16605949849312
Y,CLUSTER_138,horse_man,665.1,53.62854452530944
Y,CLUSTER_14,horse_man,2695.2,37.018736355679344
Y,CLUSTER_166,cattle_man,6826.0,24.21792650098591
Y,CLUSTER_166,horse_man,763.7,24.21792650098591
Y,CLUSTER_166,pig_man,110.044731,24.21792650098591
Y,CLUSTER_169,pig_man,332.076,114.45476903555873
Y,CLUSTER_174,cattle_man,17810.0,35.89439782611909
Y,CLUSTER_174,horse_man,1427.5,35.89439782611909
Y,CLUSTER_178,horse_man,5256.0,53.65557352281504
Y,CLUSTER_182,horse_man,2035.0,59.61405854961296
Y,CLUSTER_183,pig_man,458.82,116.22107306585522
Y,CLUSTER_187,cattle_man,4002.9999999999995,21.8661543310886
Y,CLUSTER_187,horse_man,2955.0,21.8661543310886
Y,CLUSTER_190,pig_man,1086.0,98.60371350216234
Y,CLUSTER_201,horse_man,2174.1,40.51184807186065
Y,CLUSTER_206,cattle_man,21950.0,18.201641940879625
Y,CLUSTER_206,horse_man,726.8,18.201641940879625
Y,CLUSTER_206,pig_man,146.60494999999997,18.201641940879625
Y,CLUSTER_207,horse_man,1783.0,47.60664607260248
Y,CLUSTER_209,cattle_man,13940.0,34.29910907728037
Y,CLUSTER_209,horse_man,1265.6,34.29910907728037
Y,CLUSTER_210,cattle_man,12910.0,3.167617188365254
Y,CLUSTER_210,cattle_slu,64400.0,3.167617188365254
Y,CLUSTER_210,horse_man,779.0,3.167617188365254
Y,CLUSTER_210,pig_slu,2071.0,3.167617188365254
Y,CLUSTER_232,pig_man,245.34999999999997,128.10983789864494
Y,CLUSTER_235,horse_man,1307.7,46.16381726637438
Y,CLUSTER_237,pig_man,687.516,103.9359033189239
Y,CLUSTER_243,horse_man,2781.0,55.1837127796833
Y,CLUSTER_252,horse_man,2046.0,48.191241489792446
Y,CLUSTER_253,horse_man,3082.0,43.30443334786876
Y,CLUSTER_253,pig_man,379.28,43.30443334786876
Y,CLUSTER_264,cattle_man,33570.0,29.13865925300145
Y,CLUSTER_264,horse_man,387.684,29.13865925300145
Y,CLUSTER_264,pig_man,100.19925,29.13865925300145
Y,CLUSTER_266,pig_man,616.51,122.56503318749098
Y,CLUSTER_278,pig_man,334.991,99.89096738813755
Y,CLUSTER_294,pig_man,937.6,131.40797584290056
Y,CLUSTER_297,horse_man,3459.0,43.48164389416832
Y,CLUSTER_3,horse_man,5877.0,56.25895596618922
Y,CLUSTER_305,horse_man,533.2,40.7783095146736
Y,CLUSTER_313,cattle_man,20560.0,29.19930079366157
Y,CLUSTER_313,horse_man,2810.0,29.19930079366157
Y,CLUSTER_315,horse_man,1179.8,46.20481512703663
Y,CLUSTER_316,horse_man,1505.3,49.25991945005783
Y,CLUSTER_324,horse_man,736.19,53.79295357912955
Y,CLUSTER_337,cattle_man,13540.0,12.95163450073652
Y,CLUSTER_337,cattle_slu,79080.0,12.95163450073652
Y,CLUSTER_337,horse_man,1000.0599999999998,12.95163450073652
Y,CLUSTER_341,cattle_man,862.8,35.219143779952404
Y,CLUSTER_341,horse_man,2031.7999999999997,35.219143779952404
Y,CLUSTER_341,pig_man,160.94299999999998,35.219143779952404
Y,CLUSTER_342,horse_man,2247.0,55.12087523644611
Y,CLUSTER_362,cattle_man,13100.0,30.52953837612963
Y,CLUSTER_362,horse_man,2769.0,30.52953837612963
Y,CLUSTER_365,cattle_man,16119.999999999998,24.424641999001164
Y,CLUSTER_365,horse_man,1341.0,24.424641999001164
Y,CLUSTER_366,cattle_man,8803.0,25.824313079613216
Y,CLUSTER_366,horse_man,199.48,25.824313079613216
Y,CLUSTER_368,cattle_man,6947.0,19.52557368385833
Y,CLUSTER_368,horse_man,1001.7000000000002,19.52557368385833
Y,CLUSTER_368,pig_man,61.345000000000006,19.52557368385833
Y,CLUSTER_375,horse_man,280.5,38.34532307897436
Y,CLUSTER_376,cattle_man,2955.0,35.08754358106138
Y,CLUSTER_376,horse_man,494.96000000000004,35.08754358106138
Y,CLUSTER_377,pig_man,294.4,73.58309881850732
Y,CLUSTER_379,cattle_man,18540.0,18.589367929827954
Y,CLUSTER_379,horse_man,612.5,18.589367929827954
Y,CLUSTER_383,cattle_man,4512.0,27.09735107881942
Y,CLUSTER_383,horse_man,1382.2,27.09735107881942
Y,CLUSTER_383,pig_man,350.7,27.09735107881942
Y,CLUSTER_39,horse_man,1942.0,54.66807334540165
Y,CLUSTER_390,pig_man,1056.886,109.03131334036864
Y,CLUSTER_393,horse_man,968.1,40.8927186417219
Y,CLUSTER_411,cattle_man,18310.0,6.842153184531134
Y,CLUSTER_411,cattle_slu,112200.0,6.842153184531134
Y,CLUSTER_411,horse_man,1163.4,6.842153184531134
Y,CLUSTER_412,horse_man,2158.0,50.90377564463573
Y,CLUSTER_415,horse_man,3241.0,52.63241744021954
Y,CLUSTER_422,horse_man,1414.0,57.154775093458696
Y,CLUSTER_427,horse_man,3104.5,48.06588415084791
Y,CLUSTER_428,cattle_man,6500.0,28.773647683826752
Y,CLUSTER_428,horse_man,792.0,28.773647683826752
Y,CLUSTER_432,cattle_man,3340.0,24.950705383122745
Y,CLUSTER_432,horse_man,1122.3,24.950705383122745
Y,CLUSTER_433,pig_man,179.118,120.14749951870776
Y,CLUSTER_434,cattle_man,10390.0,26.390768034443465
Y,CLUSTER_434,horse_man,816.4,26.390768034443465
Y,CLUSTER_44,cattle_man,14660.0,13.885919533820392
Y,CLUSTER_44,cattle_slu,73970.0,13.885919533820392
Y,CLUSTER_44,horse_man,1288.0,13.885919533820392
Y,CLUSTER_443,cattle_man,12880.0,16.324961861646436
Y,CLUSTER_443,horse_man,1016.9999999999999,16.324961861646436
Y,CLUSTER_446,cattle_man,11600.0,9.485150993090024
Y,CLUSTER_446,cattle_slu,63610.0,9.485150993090024
Y,CLUSTER_446,horse_man,1600.0,9.485150993090024
Y,CLUSTER_460,pig_man,189.907,129.07606973262014
Y,CLUSTER_463,cattle_man,3189.0,27.874873866390832
Y,CLUSTER_463,horse_man,384.3,27.874873866390832
Y,CLUSTER_463,pig_man,180.00319,27.874873866390832
Y,CLUSTER_479,cattle_man,6870.0,24.29738233601712
Y,CLUSTER_479,horse_man,1092.0,24.29738233601712
Y,CLUSTER_485,horse_man,1447.0,38.0998333899406
Y,CLUSTER_490,pig_man,105.9,131.32902368392007
Y,CLUSTER_500,cattle_man,5430.0,32.18404209459882
Y,CLUSTER_500,horse_man,798.0,32.18404209459882
Y,CLUSTER_500,pig_man,32.309999999999995,32.18404209459882
Y,CLUSTER_502,horse_man,2093.0,43.5552668416315
Y,CLUSTER_507,cattle_man,9890.0,33.51991859717514
Y,CLUSTER_507,horse_man,1199.4,33.51991859717514
Y,CLUSTER_51,horse_man,2617.0,37.44675662978656
Y,CLUSTER_511,cattle_man,2498.0,28.69901848501312
Y,CLUSTER_511,horse_man,1308.3100000000002,28.69901848501312
Y,CLUSTER_515,horse_man,126.2,59.86409262704688
Y,CLUSTER_515,pig_man,1089.0,59.86409262704688
Y,CLUSTER_521,horse_man,1448.0,58.98922065222845
Y,CLUSTER_527,pig_man,48.0347,75.31709795471498
Y,CLUSTER_531,horse_man,424.9,48.75185055663536
Y,CLUSTER_531,pig_man,133.0,48.75185055663536
Y,CLUSTER_533,horse_man,654.0,47.520674124355146
Y,CLUSTER_533,pig_man,70.10000000000001,47.520674124355146
Y,CLUSTER_534,horse_man,1873.6,39.23106511409391
Y,CLUSTER_543,cattle_man,10570.0,11.90686394279324
Y,CLUSTER_543,cattle_slu,58800.0,11.90686394279324
Y,CLUSTER_543,horse_man,158.9,11.90686394279324
Y,CLUSTER_548,cattle_man,7311.0,30.215910491123427
Y,CLUSTER_548,horse_man,2324.0,30.215910491123427
Y,CLUSTER_6,pig_man,1816.7,85.66535068925776
Y,CLUSTER_63,horse_man,2057.6188202613143,60.42715365603231
Y,CLUSTER_65,horse_man,2654.0,59.31471285297385
Y,CLUSTER_65,pig_man,165.989,59.31471285297385
Y,CLUSTER_66,pig_man,180.310571,113.18696425244376
Y,CLUSTER_74,horse_man,3010.0,41.87274379385723
Y,CLUSTER_76,pig_man,125.42999999999999,126.81849922244932
Y,CLUSTER_78,pig_man,141.0,118.88793566402424
Y,CLUSTER_83,cattle_man,8530.0,34.07295791146733
Y,CLUSTER_83,horse_man,2092.0,34.07295791146733
Y,CLUSTER_84,horse_man,4351.0,41.30928567379586
Y,CLUSTER_86,horse_man,1875.0,44.11118557804989
Y,CLUSTER_9,horse_man,1859.2,58.75969432107479
U,CLUSTER_121,horse_man,2073.0,61.31256300659948
U,CLUSTER_122,cattle_man,17000.0,16.90996697085871
U,CLUSTER_122,cattle_slu,31764.602096771567,16.90996697085871
U,CLUSTER_135,horse_man,2847.0,69.13690775418014
U,CLUSTER_149,cattle_man,19570.0,36.741922391221735
U,CLUSTER_149,horse_man,2613.8,36.741922391221735
U,CLUSTER_151,cattle_man,5361.0,17.37734351929394
U,CLUSTER_157,horse_man,3454.0,52.32254388511867
U,CLUSTER_198,cattle_man,19100.0,5.178547648460082
U,CLUSTER_198,cattle_slu,95800.0,5.178547648460082
U,CLUSTER_198,horse_man,2306.0,5.178547648460082
U,CLUSTER_203,cattle_man,22036.78740613513,46.11206953154144
U,CLUSTER_204,cattle_man,10730.0,40.846342109093534
U,CLUSTER_204,horse_man,2958.0,40.846342109093534
U,CLUSTER_215,cattle_man,11500.0,16.909558802896793
U,CLUSTER_215,cattle_slu,55550.0,16.909558802896793
U,CLUSTER_215,horse_man,2969.0,16.909558802896793
U,CLUSTER_218,cattle_man,42980.0,18.957503032202062
U,CLUSTER_226,cattle_man,16880.0,32.29866749402618
U,CLUSTER_226,horse_man,2471.6,32.29866749402618
U,CLUSTER_244,horse_man,3070.0,50.43511358065339
U,CLUSTER_256,cattle_man,2666.96,45.97873463859104
U,CLUSTER_256,horse_man,2930.0,45.97873463859104
U,CLUSTER_26,cattle_man,27390.0,27.15120567942541
U,CLUSTER_26,horse_man,4471.0,27.15120567942541
U,CLUSTER_27,cattle_man,18405.0,43.72995646476963
U,CLUSTER_27,horse_man,4194.0,43.72995646476963
U,CLUSTER_28,horse_man,2761.9,51.29230075541208
U,CLUSTER_281,cattle_man,11914.0,18.57081661838888
U,CLUSTER_281,horse_man,1024.5,18.57081661838888
U,CLUSTER_287,horse_man,1571.0,60.07965712022984
U,CLUSTER_29,cattle_man,35210.0,23.164524638344812
U,CLUSTER_304,horse_man,706.6,73.51391606591082
U,CLUSTER_308,horse_man,482.0,74.49294073210267
U,CLUSTER_312,cattle_man,11300.0,38.94571489154515
U,CLUSTER_312,horse_man,1544.0,38.94571489154515
U,CLUSTER_319,horse_man,1821.5,70.94681489492814
U,CLUSTER_350,horse_man,2875.0,53.69745655049155
U,CLUSTER_352,cattle_man,13540.0,32.23917659203668
U,CLUSTER_352,horse_man,3832.0,32.23917659203668
U,CLUSTER_363,cattle_man,13430.0,6.4271678014369416
U,CLUSTER_363,cattle_slu,51370.0,6.4271678014369416
U,CLUSTER_369,cattle_man,3235.7,37.16618498973463
U,CLUSTER_369,horse_man,3562.3,37.16618498973463
U,CLUSTER_378,cattle_man,31200.0,45.05511865598872
U,CLUSTER_391,horse_man,3066.0,58.30903872746863
U,CLUSTER_396,cattle_man,5375.0,25.114633889299984
U,CLUSTER_396,horse_man,4460.0,25.114633889299984
U,CLUSTER_407,cattle_man,10172.0,19.071347627136088
U,CLUSTER_407,horse_man,3348.0,19.071347627136088
U,CLUSTER_440,horse_man,2708.0,61.07211653432577
U,CLUSTER_448,horse_man,654.0,50.17225513489629
U,CLUSTER_458,cattle_man,4990.0,41.40453685181194
U,CLUSTER_474,cattle_man,11990.0,36.2516087116532
U,CLUSTER_474,horse_man,1341.0,36.2516087116532
U,CLUSTER_482,cattle_man,16500.0,35.07054743921297
U,CLUSTER_489,horse_man,367.5,65.09990146071095
U,CLUSTER_498,cattle_man,3436.0,24.482516132866536
U,CLUSTER_499,horse_man,3670.0,67.20429493011976
U,CLUSTER_5,cattle_man,1031.0,34.93034373462066
U,CLUSTER_5,horse_man,895.0,34.93034373462066
U,CLUSTER_508,cattle_man,21640.0,24.049142978602163
U,CLUSTER_508,horse_man,3810.0,24.049142978602163
U,CLUSTER_53,horse_man,1543.0,67.00861622806633
U,CLUSTER_54,cattle_man,5070.0,21.575283060153367
U,CLUSTER_54,horse_man,1695.0,21.575283060153367
U,CLUSTER_57,cattle_man,1262.9,27.11539469462705
U,CLUSTER_58,horse_man,3739.6,63.33604661578706
U,CLUSTER_62,cattle_man,29750.0,13.442201412734732
U,CLUSTER_62,cattle_slu,156900.0,13.442201412734732
U,CLUSTER_62,horse_man,4905.0,13.442201412734732
U,CLUSTER_63,horse_man,4108.381179738686,58.78634234042252
U,CLUSTER_67,cattle_man,12270.0,25.84638374079094
U,CLUSTER_67,horse_man,2276.6,25.84638374079094
U,CLUSTER_8,cattle_man,26900.0,9.684783888664024
U,CLUSTER_8,cattle_slu,141350.0,9.684783888664024
U,CLUSTER_8,horse_man,7120.0,9.684783888664024
U,CLUSTER_81,cattle_man,26470.0,31.09636916357953
U,CLUSTER_90,cattle_man,9800.0,38.974565324060144
U,CLUSTER_90,horse_man,1376.0,38.974565324060144
U,CLUSTER_93,horse_man,4360.0,74.18809253995273
AC,CLUSTER_108,pig_man,291.926,144.15134556757653
AC,CLUSTER_109,cattle_man,10424.0,13.614121771216317
AC,CLUSTER_109,cattle_slu,48086.0,13.614121771216317
AC,CLUSTER_109,horse_man,2924.0,13.614121771216317
AC,CLUSTER_11,pig_man,23.6720704,122.28046986975755
AC,CLUSTER_112,pig_man,508.8,126.9576503522255
AC,CLUSTER_114,pig_man,77.82100000000001,149.44411905655696
AC,CLUSTER_115,pig_man,276.8087,98.66011552010325
AC,CLUSTER_12,pig_man,96.610847,106.2566093088925
AC,CLUSTER_120,pig_man,313.972,149.0216395014171
AC,CLUSTER_124,horse_man,2749.0,78.40590302871232
AC,CLUSTER_125,horse_man,653.0,74.06712289347844
AC,CLUSTER_130,cattle_man,16581.0,47.82979702379556
AC,CLUSTER_130,horse_man,373.2,47.82979702379556
AC,CLUSTER_130,pig_man,304.35,47.82979702379556
AC,CLUSTER_140,horse_man,867.0,63.8742116606174
AC,CLUSTER_141,pig_man,111.971,141.73487385264943
AC,CLUSTER_143,cattle_man,20920.0,8.987451265333664
AC,CLUSTER_143,cattle_slu,94100.0,8.987451265333664
AC,CLUSTER_143,horse_man,1329.0,8.987451265333664
AC,CLUSTER_146,horse_man,847.0,54.05244294923163
AC,CLUSTER_147,pig_man,23.898,100.26995173050014
AC,CLUSTER_15,pig_man,68.319,101.71244524352632
AC,CLUSTER_150,cattle_man,18940.0,10.812417837107684
AC,CLUSTER_150,cattle_slu,87300.0,10.812417837107684
AC,CLUSTER_150,horse_man,998.0,10.812417837107684
AC,CLUSTER_155,cattle_man,533.52,40.5345732507629
AC,CLUSTER_155,horse_man,1141.3,40.5345732507629
AC,CLUSTER_159,horse_man,2721.0,80.37227878473449
AC,CLUSTER_160,pig_man,238.759,151.23858353722017
AC,CLUSTER_167,horse_man,1062.4,78.28273531397724
AC,CLUSTER_167,pig_man,722.3,78.28273531397724
AC,CLUSTER_17,cattle_man,9480.0,38.16224365546736
AC,CLUSTER_17,horse_man,663.59,38.16224365546736
AC,CLUSTER_17,pig_man,202.955,38.16224365546736
AC,CLUSTER_175,cattle_man,2182.272,47.33587038147997
AC,CLUSTER_175,horse_man,1207.3,47.33587038147997
AC,CLUSTER_18,pig_man,338.1159,99.091662766037
AC,CLUSTER_184,cattle_man,2092.0,46.34899399027039
AC,CLUSTER_184,horse_man,556.0,46.34899399027039
AC,CLUSTER_186,horse_man,2019.1,61.0387791945852
AC,CLUSTER_188,pig_man,27.346000000000004,121.98322216022218
AC,CLUSTER_189,cattle_man,4488.98,33.335615700873284
AC,CLUSTER_189,horse_man,1789.0,33.335615700873284
AC,CLUSTER_19,pig_man,322.3,108.61975509802733
AC,CLUSTER_193,cattle_man,1113.0,43.68663787404554
AC,CLUSTER_193,horse_man,1133.0,43.68663787404554
AC,CLUSTER_195,cattle_man,17240.0,8.162361323176816
AC,CLUSTER_195,cattle_slu,93330.0,8.162361323176816
AC,CLUSTER_195,horse_man,1276.5,8.162361323176816
AC,CLUSTER_199,pig_man,341.399,140.09173288270247
AC,CLUSTER_2,horse_man,975.2,62.27089654973904
AC,CLUSTER_202,cattle_man,16100.0,45.11717865098085
AC,CLUSTER_202,horse_man,1917.3,45.11717865098085
AC,CLUSTER_211,pig_man,51.2,124.6568694755488
AC,CLUSTER_214,pig_man,13.92,89.08516014443225
AC,CLUSTER_220,pig_man,25.08,121.38533656449148
AC,CLUSTER_221,pig_man,218.174,127.63212396749688
AC,CLUSTER_223,cattle_man,9326.0,22.099214888025337
AC,CLUSTER_223,horse_man,1582.6,22.099214888025337
AC,CLUSTER_225,horse_man,1039.7,68.25132500124316
AC,CLUSTER_227,pig_man,882.0,99.6721388910328
AC,CLUSTER_228,cattle_man,10463.0,42.366292975997645
AC,CLUSTER_228,horse_man,1313.4,42.366292975997645
AC,CLUSTER_230,horse_man,900.0,77.69130915970975
AC,CLUSTER_231,cattle_man,13870.0,3.119787143769261
AC,CLUSTER_231,cattle_slu,72600.0,3.119787143769261
AC,CLUSTER_231,horse_man,1176.0,3.119787143769261
AC,CLUSTER_231,pig_slu,179.03140385,3.119787143769261
AC,CLUSTER_233,horse_man,1224.0,64.96274333215861
AC,CLUSTER_234,horse_man,2507.0,84.3369589596523
AC,CLUSTER_234,pig_man,472.3,84.3369589596523
AC,CLUSTER_240,cattle_man,402.04,43.04709369921618
AC,CLUSTER_240,horse_man,172.5,43.04709369921618
AC,CLUSTER_241,cattle_man,10430.0,20.690362681267903
AC,CLUSTER_241,horse_man,968.1,20.690362681267903
AC,CLUSTER_245,pig_man,381.8,144.63771031623415
AC,CLUSTER_249,horse_man,1754.0,81.48532402081538
AC,CLUSTER_249,pig_man,509.2300000000001,81.48532402081538
AC,CLUSTER_250,cattle_man,8735.82,47.79415790672253
AC,CLUSTER_250,horse_man,1190.0,47.79415790672253
AC,CLUSTER_254,cattle_man,8256.0,24.286730350677185
AC,CLUSTER_254,horse_man,1711.5,24.286730350677185
AC,CLUSTER_258,horse_man,1914.0,67.89331340323302
AC,CLUSTER_259,horse_man,817.6,78.76466236387914
AC,CLUSTER_259,pig_man,260.08,78.76466236387914
AC,CLUSTER_261,pig_man,42.392,96.39354934503017
AC,CLUSTER_262,pig_man,55.52,93.03287712163066
AC,CLUSTER_265,pig_man,39.79,132.63047147020015
AC,CLUSTER_267,horse_man,951.0,58.336143138908525
AC,CLUSTER_269,pig_man,389.745,118.898228463921
AC,CLUSTER_270,cattle_man,9712.0,32.8245274084587
AC,CLUSTER_270,horse_man,2875.0,32.8245274084587
AC,CLUSTER_274,cattle_man,2163.0,33.52578177245223
AC,CLUSTER_274,horse_man,783.4,33.52578177245223
AC,CLUSTER_276,horse_man,1192.0,78.21654585237381
AC,CLUSTER_280,cattle_man,7664.0,26.2306612919282
AC,CLUSTER_280,horse_man,1101.277,26.2306612919282
AC,CLUSTER_282,horse_man,1029.0,55.97018308479264
AC,CLUSTER_284,cattle_man,1152.783,29.494032968112545
AC,CLUSTER_284,horse_man,195.4,29.494032968112545
AC,CLUSTER_285,cattle_man,15869.999999999998,35.37426544843036
AC,CLUSTER_285,horse_man,3438.0,35.37426544843036
AC,CLUSTER_286,pig_man,407.6,139.5460531127901
AC,CLUSTER_290,horse_man,887.0,61.24304380538956
AC,CLUSTER_292,horse_man,3197.0,79.91236921943165
AC,CLUSTER_295,cattle_man,1036.53,38.199041759244814
AC,CLUSTER_295,horse_man,46.7,38.199041759244814
AC,CLUSTER_296,horse_man,902.0,59.30129099262985
AC,CLUSTER_299,pig_man,111.861,106.94706355792329
AC,CLUSTER_301,cattle_man,2641.0,30.622300907336008
AC,CLUSTER_301,horse_man,760.0,30.622300907336008
AC,CLUSTER_309,pig_man,216.09,127.0315102231867
AC,CLUSTER_31,cattle_man,11270.176,48.48502146453381
AC,CLUSTER_31,horse_man,3786.0,48.48502146453381
AC,CLUSTER_311,cattle_man,22700.0,17.82453921394614
AC,CLUSTER_311,horse_man,1250.5,17.82453921394614
AC,CLUSTER_32,horse_man,1842.9,71.19608585478329
AC,CLUSTER_32,pig_man,176.1042,71.19608585478329
AC,CLUSTER_321,horse_man,1668.0,52.39609441098568
AC,CLUSTER_33,cattle_man,6952.0,21.562562415170465
AC,CLUSTER_33,horse_man,1803.0,21.562562415170465
AC,CLUSTER_331,pig_man,621.0,145.66008427953787
AC,CLUSTER_333,horse_man,712.5,58.86061006666757
AC,CLUSTER_333,pig_man,364.2,58.86061006666757
AC,CLUSTER_335,pig_man,497.042,131.91351218859245
AC,CLUSTER_343,cattle_man,10540.0,37.059265692734606
AC,CLUSTER_343,horse_man,329.269,37.059265692734606
AC,CLUSTER_343,pig_man,296.7,37.059265692734606
AC,CLUSTER_347,pig_man,55.193,149.96835026776847
AC,CLUSTER_355,horse_man,1202.0,51.57211482722635
AC,CLUSTER_357,pig_man,843.3,90.4529222471488
AC,CLUSTER_358,pig_man,505.06,132.65601187870377
AC,CLUSTER_370,cattle_man,11090.0,17.07891436692388
AC,CLUSTER_370,cattle_slu,28604.03655096616,17.07891436692388
AC,CLUSTER_370,horse_man,1921.0,17.07891436692388
AC,CLUSTER_372,cattle_man,9440.0,36.34705887271199
AC,CLUSTER_372,horse_man,1283.0,36.34705887271199
AC,CLUSTER_380,pig_man,506.99999999999994,139.47619676828015
AC,CLUSTER_381,pig_man,167.133571,142.84112638648807
AC,CLUSTER_384,pig_man,123.71,112.29976125341058
AC,CLUSTER_385,horse_man,616.3,50.33895798463254
AC,CLUSTER_387,horse_man,1714.3,70.23215923076754
AC,CLUSTER_387,pig_man,180.0399,70.23215923076754
AC,CLUSTER_397,horse_man,797.2,57.69680529359185
AC,CLUSTER_399,horse_man,218.1,68.99659998952188
AC,CLUSTER_40,pig_man,213.46,109.89499995281037
AC,CLUSTER_400,horse_man,1513.0,52.36416868118584
AC,CLUSTER_404,pig_man,75.63,131.0922702067682
AC,CLUSTER_406,cattle_man,16790.0,14.761153096397116
AC,CLUSTER_406,cattle_slu,94100.0,14.761153096397116
AC,CLUSTER_406,horse_man,1539.0,14.761153096397116
AC,CLUSTER_408,cattle_man,7585.8,38.69639318058641
AC,CLUSTER_408,horse_man,3122.0,38.69639318058641
AC,CLUSTER_409,horse_man,858.0,67.259245872353
AC,CLUSTER_409,pig_man,568.9,67.259245872353
AC,CLUSTER_41,pig_man,16.8586,140.60074228581368
AC,CLUSTER_413,horse_man,36.0,83.51265232711692
AC,CLUSTER_413,pig_man,1220.808,83.51265232711692
AC,CLUSTER_414,pig_man,218.538,103.32217433589962
AC,CLUSTER_416,horse_man,387.2,68.4410224768487
AC,CLUSTER_419,pig_man,62.91951999999999,137.1502502573154
AC,CLUSTER_425,pig_man,14.561,130.87941596017913
AC,CLUSTER_429,cattle_man,6420.0,20.507669284478
AC,CLUSTER_429,horse_man,723.0,20.507669284478
AC,CLUSTER_437,pig_man,50.0,115.43510312440225
AC,CLUSTER_438,horse_man,832.8,83.16903757415227
AC,CLUSTER_438,pig_man,223.18,83.16903757415227
AC,CLUSTER_439,cattle_man,12440.0,46.5098186203645
AC,CLUSTER_439,horse_man,163.7,46.5098186203645
AC,CLUSTER_439,pig_man,625.9,46.5098186203645
AC,CLUSTER_442,horse_man,2096.0,79.67406474999696
AC,CLUSTER_444,pig_man,84.611,137.37440834183798
AC,CLUSTER_45,horse_man,1188.0,56.0299933454361
AC,CLUSTER_45,pig_man,55.502,56.0299933454361
AC,CLUSTER_450,horse_man,963.9,85.00483475104967
AC,CLUSTER_451,horse_man,523.0,81.57895037052089
AC,CLUSTER_453,cattle_man,163.9,37.87045538479795
AC,CLUSTER_453,horse_man,209.4,37.87045538479795
AC,CLUSTER_454,pig_man,279.8,151.9256877011383
AC,CLUSTER_456,cattle_man,18.534,43.39733088088506
AC,CLUSTER_456,horse_man,275.0,43.39733088088506
AC,CLUSTER_457,horse_man,1512.5,71.34537935737647
AC,CLUSTER_461,pig_man,138.37,132.020618592931
AC,CLUSTER_470,cattle_man,25970.0,22.749692558780485
AC,CLUSTER_470,horse_man,1289.0,22.749692558780485
AC,CLUSTER_470,pig_man,190.5,22.749692558780485
AC,CLUSTER_472,cattle_man,24810.0,27.629284859390427
AC,CLUSTER_472,horse_man,709.0,27.629284859390427
AC,CLUSTER_473,horse_man,745.0,74.10860207524854
AC,CLUSTER_475,pig_man,250.66,111.45838067786674
AC,CLUSTER_477,cattle_man,6130.0,29.70824108140416
AC,CLUSTER_477,horse_man,908.0,29.70824108140416
AC,CLUSTER_48,horse_man,1045.96,71.69214959218877
AC,CLUSTER_484,cattle_man,10650.0,17.362789630895648
AC,CLUSTER_484,horse_man,420.9,17.362789630895648
AC,CLUSTER_488,cattle_man,62.5,43.84398210185194
AC,CLUSTER_488,horse_man,236.9,43.84398210185194
AC,CLUSTER_50,horse_man,1154.13,53.94958730431226
AC,CLUSTER_50,pig_man,604.7121,53.94958730431226
AC,CLUSTER_501,horse_man,474.5,57.72224344262766
AC,CLUSTER_503,horse_man,847.1,52.95653902143917
AC,CLUSTER_504,horse_man,1033.0,80.81962735596619
AC,CLUSTER_505,horse_man,942.0,61.47190573143831
AC,CLUSTER_509,cattle_man,10453.0,25.386058806562318
AC,CLUSTER_509,horse_man,798.0,25.386058806562318
AC,CLUSTER_509,pig_man,70.445,25.386058806562318
AC,CLUSTER_512,pig_man,391.0,87.86294945071947
AC,CLUSTER_513,horse_man,1042.0,54.95047885809281
AC,CLUSTER_514,horse_man,1246.0,60.773009475186406
AC,CLUSTER_518,pig_man,245.9,140.29031335536936
AC,CLUSTER_52,horse_man,1083.1,84.93373675514091
AC,CLUSTER_520,cattle_man,3690.0,25.40239061004685
AC,CLUSTER_520,horse_man,799.0,25.40239061004685
AC,CLUSTER_522,pig_man,183.7,133.00651386407296
AC,CLUSTER_524,pig_man,18.178,135.4381915353997
AC,CLUSTER_528,horse_man,1337.0,67.97023337628175
AC,CLUSTER_529,pig_man,18.6,88.06562522519005
AC,CLUSTER_536,pig_man,168.6,96.09569950196564
AC,CLUSTER_542,cattle_man,20360.0,37.34337435333928
AC,CLUSTER_542,horse_man,1452.1,37.34337435333928
AC,CLUSTER_547,horse_man,1621.0,56.79839483655734
AC,CLUSTER_549,horse_man,1622.0,50.49853736744275
AC,CLUSTER_55,pig_man,46.48,119.77036937186216
AC,CLUSTER_59,horse_man,456.477,72.18726561159492
AC,CLUSTER_59,pig_man,56.019,72.18726561159492
AC,CLUSTER_61,horse_man,2388.0,77.21176294412061
AC,CLUSTER_68,horse_man,1155.3,51.62802635159539
AC,CLUSTER_7,horse_man,843.8,65.35976076996364
AC,CLUSTER_70,horse_man,1087.859,65.94854880448104
AC,CLUSTER_77,horse_man,1160.0,81.65344997883452
AC,CLUSTER_79,horse_man,1933.0,69.01675389040658
AC,CLUSTER_88,pig_man,46.485800000000005,148.29085635154144
AC,CLUSTER_89,horse_man,1274.4,70.78040271012028
AC,CLUSTER_91,cattle_man,1586.06,29.86275536798983
AC,CLUSTER_91,horse_man,619.6,29.86275536798983
AC,CLUSTER_96,pig_man,107.14,131.32665091692044
AC,CLUSTER_98,pig_man,181.343,142.83678108255418
AC,CLUSTER_99,cattle_man,18960.0,22.51930068371919
AC,CLUSTER_99,horse_man,170.398,22.51930068371919
Z,CLUSTER_0,cattle_man,28890.0,7.5828253087219695
Z,CLUSTER_0,cattle_slu,89880.0,7.5828253087219695
Z,CLUSTER_104,cattle_man,26110.0,19.705830833786184
Z,CLUSTER_104,cattle_slu,114400.0,19.705830833786184
Z,CLUSTER_121,cattle_man,11370.0,50.5607556885584
Z,CLUSTER_126,cattle_man,6163.0,53.30170321557107
Z,CLUSTER_135,cattle_man,35210.0,33.37958049536227
Z,CLUSTER_144,horse_man,1888.0,89.02367392527742
Z,CLUSTER_192,horse_man,605.0,78.62724788545485
Z,CLUSTER_2,cattle_man,3616.0,42.21504935557827
Z,CLUSTER_203,cattle_man,6623.212593864871,24.37679037506047
Z,CLUSTER_205,cattle_man,16567.0,7.693723907188768
Z,CLUSTER_205,cattle_slu,67010.0,7.693723907188768
Z,CLUSTER_208,cattle_man,5066.0,35.91808064509237
Z,CLUSTER_208,horse_man,1364.6,35.91808064509237
Z,CLUSTER_214,horse_man,1119.6,95.2993559896448
Z,CLUSTER_225,cattle_man,4762.058640148115,57.11866497129257
Z,CLUSTER_233,cattle_man,5430.0,50.928693512543376
Z,CLUSTER_244,cattle_man,18650.0,42.84337284568455
Z,CLUSTER_273,cattle_man,6690.0,47.89408614775245
Z,CLUSTER_273,horse_man,1064.0,47.89408614775245
Z,CLUSTER_291,horse_man,1658.0,65.44552011693482
Z,CLUSTER_292,cattle_man,8900.0,55.35951481287074
Z,CLUSTER_302,cattle_man,16129.999999999998,19.628196836047128
Z,CLUSTER_302,cattle_slu,68920.0,19.628196836047128
Z,CLUSTER_302,horse_man,1597.0,19.628196836047128
Z,CLUSTER_319,cattle_man,9700.0,15.804914790568215
Z,CLUSTER_319,cattle_slu,26490.0,15.804914790568215
Z,CLUSTER_330,cattle_man,21960.0,20.870031103145635
Z,CLUSTER_34,horse_man,3660.3,86.5554262092039
Z,CLUSTER_340,horse_man,1279.0,94.4818470587388
Z,CLUSTER_350,cattle_man,14500.0,31.47346458267253
Z,CLUSTER_354,cattle_man,4844.0,43.6666236056448
Z,CLUSTER_355,cattle_man,3895.0,52.902643810394096
Z,CLUSTER_37,cattle_man,31919.999999999996,30.80933446961245
Z,CLUSTER_374,horse_man,1839.0,71.41265528941709
Z,CLUSTER_378,cattle_slu,125900.00000000001,17.876104762629385
Z,CLUSTER_398,cattle_man,5117.0,10.175128271215057
Z,CLUSTER_398,cattle_slu,15360.0,10.175128271215057
Z,CLUSTER_400,cattle_man,3903.8,55.22089157874276
Z,CLUSTER_402,horse_man,859.0,59.70381194072967
Z,CLUSTER_436,cattle_man,14080.0,40.99369253927439
Z,CLUSTER_436,horse_man,830.0,40.99369253927439
Z,CLUSTER_440,cattle_man,13440.0,38.74636850632467
Z,CLUSTER_450,cattle_man,18270.0,26.532703124969927
Z,CLUSTER_464,horse_man,752.0,93.5953998976177
Z,CLUSTER_473,cattle_man,11380.0,32.52006709317487
Z,CLUSTER_493,cattle_man,9040.0,25.92949221764044
Z,CLUSTER_493,horse_man,951.2,25.92949221764044
Z,CLUSTER_516,cattle_man,8820.0,31.50809133387273
Z,CLUSTER_516,horse_man,1178.0,31.50809133387273
Z,CLUSTER_537,cattle_man,2682.0,52.77235768400488
Z,CLUSTER_537,horse_man,1468.0,52.77235768400488
Z,CLUSTER_541,cattle_man,4103.0,21.41987255070149
Z,CLUSTER_541,horse_man,835.5,21.41987255070149
Z,CLUSTER_58,cattle_man,49010.0,22.005167571803003
Z,CLUSTER_61,cattle_man,33290.0,39.3050863653902
Z,CLUSTER_64,cattle_man,23940.142772935505,11.163683265159817
Z,CLUSTER_64,cattle_slu,117990.0,11.163683265159817
Z,CLUSTER_70,cattle_man,18095.0,42.54356731979016
Z,CLUSTER_73,cattle_man,5812.0,53.31168693690552
Z,CLUSTER_85,cattle_man,17750.0,53.45853917365385
Z,CLUSTER_85,horse_man,2141.0,53.45853917365385
Z,CLUSTER_92,cattle_man,17416.0,10.302070431132858
Z,CLUSTER_92,cattle_slu,68400.0,10.302070431132858
Z,CLUSTER_93,cattle_man,44710.0,45.11778699973701
O,CLUSTER_1,horse_man,642.4,74.79892183453269
O,CLUSTER_10,pig_man,15.9693,164.22465952334923
O,CLUSTER_102,cattle_man,1724.0,46.2465175800412
O,CLUSTER_102,horse_man,961.0,46.2465175800412
O,CLUSTER_108,cattle_man,372.4,50.95935100945899
O,CLUSTER_108,horse_man,2893.0,50.95935100945899
O,CLUSTER_11,cattle_man,3764.1,30.738688996441297
O,CLUSTER_11,horse_man,1455.0,30.738688996441297
O,CLUSTER_112,cattle_man,13057.0,44.20929456586716
O,CLUSTER_112,horse_man,1571.0,44.20929456586716
O,CLUSTER_113,horse_man,513.4,76.41139263340654
O,CLUSTER_114,horse_man,632.9,57.043778466816136
O,CLUSTER_115,horse_man,190.35,55.55545947101424
O,CLUSTER_119,pig_man,210.9,151.81879848277583
O,CLUSTER_12,cattle_man,6212.0,27.784011225667776
O,CLUSTER_12,horse_man,2496.5,27.784011225667776
O,CLUSTER_120,horse_man,643.23,82.18914678924355
O,CLUSTER_133,horse_man,538.3,87.13600657866394
O,CLUSTER_134,pig_man,1021.56,120.50701623302918
O,CLUSTER_139,pig_man,42.67,136.1000665793842
O,CLUSTER_140,cattle_man,7209.0,33.01513678656524
O,CLUSTER_141,horse_man,2815.0,67.13442688791689
O,CLUSTER_147,cattle_man,5220.0,9.142238298108296
O,CLUSTER_147,cattle_slu,32950.0,9.142238298108296
O,CLUSTER_147,horse_man,869.8,9.142238298108296
O,CLUSTER_148,horse_man,500.77,78.77519950064932
O,CLUSTER_148,pig_man,361.14175,78.77519950064932
O,CLUSTER_15,cattle_man,7650.0,36.76138665416687
O,CLUSTER_15,horse_man,5057.0,36.76138665416687
O,CLUSTER_153,horse_man,1262.5,69.6659688182132
O,CLUSTER_153,pig_man,71.88691,69.6659688182132
O,CLUSTER_154,pig_man,309.885,110.75037293474018
O,CLUSTER_156,pig_man,137.8229,154.45233815319455
O,CLUSTER_16,pig_man,563.7029,121.60038043757044
O,CLUSTER_160,horse_man,2174.2,68.53201155669328
O,CLUSTER_161,pig_man,1184.0,113.2324110166148
O,CLUSTER_164,pig_man,46.635000000000005,152.38091294524654
O,CLUSTER_167,cattle_man,16680.0,15.926933594582287
O,CLUSTER_167,cattle_slu,85600.0,15.926933594582287
O,CLUSTER_168,horse_man,2384.0,71.13510812402663
O,CLUSTER_168,pig_man,426.892,71.13510812402663
O,CLUSTER_171,horse_man,1981.0000000000002,81.03668155270954
O,CLUSTER_173,pig_man,64.52416,142.5643717739051
O,CLUSTER_177,pig_man,779.21,122.33548484541846
O,CLUSTER_179,pig_man,63.56600000000001,144.4923871619063
O,CLUSTER_18,cattle_man,14355.0,43.88912342680411
O,CLUSTER_18,horse_man,809.7,43.88912342680411
O,CLUSTER_181,pig_man,1482.4,107.10381663378531
O,CLUSTER_185,horse_man,786.4,81.54351294461256
O,CLUSTER_185,pig_man,183.43,81.54351294461256
O,CLUSTER_188,horse_man,1732.0,60.7152259967885
O,CLUSTER_19,cattle_man,13523.0,15.309496355980338
O,CLUSTER_19,cattle_slu,80570.0,15.309496355980338
O,CLUSTER_19,horse_man,1890.0,15.309496355980338
O,CLUSTER_194,horse_man,974.4,84.77516100134723
O,CLUSTER_194,pig_man,308.943,84.77516100134723
O,CLUSTER_197,cattle_man,6600.0,17.182738033275093
O,CLUSTER_197,cattle_slu,30490.0,17.182738033275093
O,CLUSTER_197,horse_man,194.9,17.182738033275093
O,CLUSTER_199,cattle_man,3629.0,46.58343323218769
O,CLUSTER_199,horse_man,704.0,46.58343323218769
O,CLUSTER_200,pig_man,508.565,118.5361969999323
O,CLUSTER_21,cattle_man,11680.0,29.29788155122423
O,CLUSTER_21,horse_man,1242.7,29.29788155122423
O,CLUSTER_211,horse_man,442.0,60.812178659065445
O,CLUSTER_212,horse_man,525.0,82.61200215915312
O,CLUSTER_216,cattle_man,6405.0,52.43497498383768
O,CLUSTER_216,horse_man,1391.183,52.43497498383768
O,CLUSTER_217,horse_man,1360.0,62.381163207001215
O,CLUSTER_217,pig_man,542.22,62.381163207001215
O,CLUSTER_219,horse_man,452.0,79.58312470751264
O,CLUSTER_220,cattle_man,1849.0,27.267227805075443
O,CLUSTER_220,horse_man,806.0,27.267227805075443
O,CLUSTER_221,cattle_man,8125.0,34.33531747681896
O,CLUSTER_221,horse_man,1171.9,34.33531747681896
O,CLUSTER_222,horse_man,643.3,64.21361091284423
O,CLUSTER_222,pig_man,43.141,64.21361091284423
O,CLUSTER_227,horse_man,79.97,63.382706453212045
O,CLUSTER_230,cattle_man,11370.0,28.59463882445517
O,CLUSTER_236,pig_man,144.7,129.31900160242157
O,CLUSTER_238,pig_man,123.38,141.83670164422892
O,CLUSTER_24,pig_man,438.94,99.5779721556732
O,CLUSTER_242,horse_man,850.0,77.56881397661056
O,CLUSTER_242,pig_man,257.9398,77.56881397661056
O,CLUSTER_245,horse_man,793.9,73.19969845149984
O,CLUSTER_246,pig_man,400.322,129.85146165277382
O,CLUSTER_247,pig_man,228.0,111.42199540001428
O,CLUSTER_249,cattle_man,9836.0,36.71414931417164
O,CLUSTER_25,horse_man,395.1,71.15593049920551
O,CLUSTER_251,pig_man,335.71000000000004,143.31876987317744
O,CLUSTER_255,horse_man,1720.5,71.30638467734066
O,CLUSTER_255,pig_man,204.36,71.30638467734066
O,CLUSTER_259,cattle_man,11538.0,20.18024579393895
O,CLUSTER_259,cattle_slu,55980.0,20.18024579393895
O,CLUSTER_261,cattle_man,10670.0,27.606046302469576
O,CLUSTER_261,horse_man,1088.2,27.606046302469576
O,CLUSTER_262,cattle_man,7320.0,22.29609679806282
O,CLUSTER_262,horse_man,491.0,22.29609679806282
O,CLUSTER_265,cattle_man,1417.0,39.23479120904904
O,CLUSTER_265,horse_man,1119.1,39.23479120904904
O,CLUSTER_266,horse_man,271.0126,82.04218546796706
O,CLUSTER_269,cattle_man,10313.0,29.862015682244888
O,CLUSTER_269,horse_man,2387.8,29.862015682244888
O,CLUSTER_271,pig_man,831.7,130.40821772741384
O,CLUSTER_272,cattle_man,3166.9,50.58132232667343
O,CLUSTER_272,horse_man,1033.0,50.58132232667343
O,CLUSTER_277,pig_man,203.959,143.51774229617664
O,CLUSTER_283,pig_man,1637.37,113.2374988794262
O,CLUSTER_286,horse_man,502.1,77.34986576538374
O,CLUSTER_289,horse_man,747.4,79.0423000552792
O,CLUSTER_289,pig_man,222.68,79.0423000552792
O,CLUSTER_293,horse_man,504.0,75.56517899447253
O,CLUSTER_293,pig_man,338.2269,75.56517899447253
O,CLUSTER_294,horse_man,1187.9,86.49440805019805
O,CLUSTER_298,horse_man,591.0,84.49978080949735
O,CLUSTER_299,cattle_man,4359.0,38.56364530157386
O,CLUSTER_299,horse_man,817.8,38.56364530157386
O,CLUSTER_30,pig_man,2280.0,97.19751799468985
O,CLUSTER_307,horse_man,1101.0,65.00036546508902
O,CLUSTER_309,horse_man,240.3,56.0086149721915
O,CLUSTER_314,pig_man,452.226,93.36280272929048
O,CLUSTER_317,pig_man,92.31,105.03794781023126
O,CLUSTER_32,cattle_man,20691.0,45.4148617148368
O,CLUSTER_320,pig_man,16.0,111.78429084338552
O,CLUSTER_322,cattle_man,5790.0,43.64361478756887
O,CLUSTER_322,horse_man,1355.0,43.64361478756887
O,CLUSTER_326,horse_man,1285.4,85.04682530749918
O,CLUSTER_326,pig_man,707.3,85.04682530749918
O,CLUSTER_328,pig_man,824.57,103.48770735534288
O,CLUSTER_331,horse_man,3020.0,58.005640546120176
O,CLUSTER_332,pig_man,132.8458,135.7080346617101
O,CLUSTER_333,cattle_man,11300.0,38.19858370254437
O,CLUSTER_335,cattle_man,4820.0,43.12113903997755
O,CLUSTER_335,horse_man,3071.0,43.12113903997755
O,CLUSTER_336,pig_man,552.236,115.72702300602026
O,CLUSTER_346,cattle_man,146.3,36.10596321021209
O,CLUSTER_346,horse_man,804.6,36.10596321021209
O,CLUSTER_347,horse_man,826.5,55.91916035324852
O,CLUSTER_348,pig_man,264.2,90.64556608968236
O,CLUSTER_35,horse_man,655.3,82.11764549215177
O,CLUSTER_351,horse_man,1500.0,64.09849387225132
O,CLUSTER_357,cattle_man,11532.0,37.48159146830983
O,CLUSTER_357,horse_man,1403.7,37.48159146830983
O,CLUSTER_358,horse_man,586.9,54.27968537407461
O,CLUSTER_359,horse_man,362.1,82.65946076806384
O,CLUSTER_359,pig_man,13.947,82.65946076806384
O,CLUSTER_36,horse_man,1610.7,84.7273512507112
O,CLUSTER_36,pig_man,1634.0,84.7273512507112
O,CLUSTER_361,pig_man,900.0,117.16875842730528
O,CLUSTER_367,horse_man,1169.9,84.88657683007587
O,CLUSTER_367,pig_man,1184.2,84.88657683007587
O,CLUSTER_373,horse_man,1879.8,88.4813353180795
O,CLUSTER_38,pig_man,315.61,93.2433026682676
O,CLUSTER_380,cattle_man,6580.0,48.63225221983092
O,CLUSTER_380,horse_man,1242.0,48.63225221983092
O,CLUSTER_381,horse_man,1692.89,59.25182869030586
O,CLUSTER_384,cattle_man,3170.0,19.203388467556582
O,CLUSTER_384,cattle_slu,23530.0,19.203388467556582
O,CLUSTER_384,horse_man,619.0,19.203388467556582
O,CLUSTER_385,cattle_man,5530.0,46.19526068913231
O,CLUSTER_387,cattle_man,7795.0,35.22595473774401
O,CLUSTER_389,pig_man,58.461,107.29323572531652
O,CLUSTER_392,cattle_man,5800.0,31.35908426159611
O,CLUSTER_392,horse_man,513.0,31.35908426159611
O,CLUSTER_394,horse_man,571.3,69.49303080524653
O,CLUSTER_395,horse_man,552.0799999999999,70.62245663835431
O,CLUSTER_395,pig_man,29.4111,70.62245663835431
O,CLUSTER_4,pig_man,730.49,96.29067627827014
O,CLUSTER_40,cattle_man,5321.0,21.71022837479344
O,CLUSTER_40,cattle_slu,2142.430011270846,21.71022837479344
O,CLUSTER_40,horse_man,2457.6,21.71022837479344
O,CLUSTER_401,horse_man,929.5,74.51399954688333
O,CLUSTER_401,pig_man,189.6729,74.51399954688333
O,CLUSTER_404,horse_man,1860.0,62.08179712223711
O,CLUSTER_405,pig_man,1316.0,94.34060238277064
O,CLUSTER_409,cattle_man,12230.0,26.867064856374576
O,CLUSTER_41,cattle_man,390.8,49.53712767179164
O,CLUSTER_41,horse_man,2108.8,49.53712767179164
O,CLUSTER_410,pig_man,261.9019,139.29628880854213
O,CLUSTER_413,cattle_man,8790.0,47.31278756323263
O,CLUSTER_414,cattle_man,13020.0,17.12218605757884
O,CLUSTER_414,cattle_slu,62810.00000000001,17.12218605757884
O,CLUSTER_414,horse_man,1048.1,17.12218605757884
O,CLUSTER_417,pig_man,197.25,100.88865567954902
O,CLUSTER_418,horse_man,144.9,75.40844987853332
O,CLUSTER_418,pig_man,116.425,75.40844987853332
O,CLUSTER_419,cattle_man,2304.0,52.61731028938201
O,CLUSTER_419,horse_man,791.0,52.61731028938201
O,CLUSTER_420,horse_man,315.77,83.46175099479257
O,CLUSTER_420,pig_man,412.5,83.46175099479257
O,CLUSTER_421,horse_man,802.6,60.74145124133947
O,CLUSTER_424,pig_man,185.966,146.4163986878552
O,CLUSTER_425,cattle_man,2512.95,39.63853587370899
O,CLUSTER_425,horse_man,526.6,39.63853587370899
O,CLUSTER_430,pig_man,159.375,133.3320388043011
O,CLUSTER_435,cattle_man,3989.9999999999995,51.70551110698732
O,CLUSTER_435,horse_man,1508.0,51.70551110698732
O,CLUSTER_437,cattle_man,8510.0,32.74199906154484
O,CLUSTER_437,horse_man,938.0,32.74199906154484
O,CLUSTER_438,cattle_man,3331.0,28.44100695368174
O,CLUSTER_444,cattle_man,2690.0,43.2563966996276
O,CLUSTER_444,horse_man,379.2,43.2563966996276
O,CLUSTER_445,pig_man,3700.0,109.90231429488466
O,CLUSTER_449,pig_man,577.091,133.64725582271964
O,CLUSTER_454,horse_man,105.4,78.39310709787046
O,CLUSTER_455,horse_man,810.1,88.68675066329457
O,CLUSTER_455,pig_man,488.40999999999997,88.68675066329457
O,CLUSTER_46,horse_man,2237.0,72.17631925510959
O,CLUSTER_46,pig_man,83.87871,72.17631925510959
O,CLUSTER_461,horse_man,1385.0,73.13583180953356
O,CLUSTER_462,pig_man,169.4,107.1580345086799
O,CLUSTER_465,horse_man,1448.0,71.13779356781393
O,CLUSTER_465,pig_man,518.0,71.13779356781393
O,CLUSTER_467,pig_man,1040.9,96.68437979868312
O,CLUSTER_468,horse_man,11.2,61.72007035783207
O,CLUSTER_471,cattle_man,292.0,46.14495624774377
O,CLUSTER_471,horse_man,250.50000000000003,46.14495624774377
O,CLUSTER_475,horse_man,665.9,59.862009327760376
O,CLUSTER_476,cattle_man,2730.0,51.52940631306774
O,CLUSTER_476,horse_man,492.00000000000006,51.52940631306774
O,CLUSTER_481,horse_man,1085.0,68.41957671510698
O,CLUSTER_483,pig_man,2458.9,109.40800944104431
O,CLUSTER_486,pig_man,772.0,103.92447004476954
O,CLUSTER_487,pig_man,299.25,119.72275263187312
O,CLUSTER_49,pig_man,231.961,122.52172235883587
O,CLUSTER_490,horse_man,745.2,73.94748466599684
O,CLUSTER_491,pig_man,236.64,113.11868819932924
O,CLUSTER_494,pig_man,566.9,124.13962283521184
O,CLUSTER_497,pig_man,347.9,150.32080007367742
O,CLUSTER_50,cattle_man,17080.0,40.1949584625966
O,CLUSTER_505,cattle_man,10770.0,44.73861359082385
O,CLUSTER_506,pig_man,228.0325,95.19386623723906
O,CLUSTER_510,cattle_man,2238.5,39.41501520012907
O,CLUSTER_510,horse_man,1319.0,39.41501520012907
O,CLUSTER_512,cattle_man,5080.0,11.817031552164131
O,CLUSTER_512,cattle_slu,27200.0,11.817031552164131
O,CLUSTER_512,horse_man,541.0,11.817031552164131
O,CLUSTER_517,horse_man,372.7,83.28458225335156
O,CLUSTER_518,horse_man,1313.0,65.40610116038478
O,CLUSTER_522,horse_man,288.1,65.96009718773522
O,CLUSTER_524,cattle_man,2192.0,46.28279480493111
O,CLUSTER_524,horse_man,1677.6,46.28279480493111
O,CLUSTER_525,pig_man,24.965,96.14251682069374
O,CLUSTER_526,pig_man,141.0,101.34131274311318
O,CLUSTER_529,cattle_man,7480.0,6.061244699686731
O,CLUSTER_529,cattle_slu,39200.0,6.061244699686731
O,CLUSTER_529,horse_man,807.0,6.061244699686731
O,CLUSTER_529,pig_slu,335.0,6.061244699686731
O,CLUSTER_530,pig_man,84.5,166.8071871552484
O,CLUSTER_532,horse_man,177.7,87.13610394937245
O,CLUSTER_532,pig_man,411.16,87.13610394937245
O,CLUSTER_535,horse_man,706.0,85.84186170278768
O,CLUSTER_535,pig_man,303.3,85.84186170278768
O,CLUSTER_536,cattle_man,3358.0,15.938642707328473
O,CLUSTER_536,cattle_slu,18370.0,15.938642707328473
O,CLUSTER_536,horse_man,483.9,15.938642707328473
O,CLUSTER_538,pig_man,151.197,133.08822964682736
O,CLUSTER_539,horse_man,433.0,63.81100643120734
O,CLUSTER_55,cattle_man,3272.0,34.809365069978256
O,CLUSTER_55,horse_man,3076.3,34.809365069978256
O,CLUSTER_59,cattle_man,5668.0,27.62307892988904
O,CLUSTER_7,cattle_man,6818.0,42.2631751481204
O,CLUSTER_72,horse_man,4938.0,55.94099568779031
O,CLUSTER_75,pig_man,1113.72,101.29492473880492
O,CLUSTER_76,horse_man,2263.0,69.15062813244477
O,CLUSTER_77,cattle_man,15680.0,42.52895263138571
O,CLUSTER_78,horse_man,873.4,79.17715590617226
O,CLUSTER_80,pig_man,275.303,125.47519309210476
O,CLUSTER_87,pig_man,544.04,125.63312202550162
O,CLUSTER_88,horse_man,1496.2,61.57003909029754
O,CLUSTER_89,cattle_man,5145.440784910138,54.02756123877121
O,CLUSTER_95,pig_man,778.92,114.82056350974142
O,CLUSTER_96,horse_man,2943.838,54.08574813346248
O,CLUSTER_97,pig_man,302.6467,130.58339150237077
O,CLUSTER_98,horse_man,673.1,61.20386196731973
N,CLUSTER_105,cattle_man,16042.0,36.90181687389766
N,CLUSTER_117,cattle_man,13052.0,34.881852622141736
N,CLUSTER_117,horse_man,1848.2,34.881852622141736
N,CLUSTER_136,cattle_man,22230.0,59.40411936189938
N,CLUSTER_137,cattle_man,27690.0,16.39591081032852
N,CLUSTER_137,cattle_slu,183000.0,16.39591081032852
N,CLUSTER_174,cattle_slu,117700.0,15.546659863089172
N,CLUSTER_191,cattle_man,11290.0,19.64819935534969
N,CLUSTER_191,cattle_slu,51500.0,19.64819935534969
N,CLUSTER_191,horse_man,1592.0,19.64819935534969
N,CLUSTER_207,cattle_man,25080.0,16.891073975727178
N,CLUSTER_207,cattle_slu,171700.0,16.891073975727178
N,CLUSTER_224,cattle_man,12420.0,23.66569131115386
N,CLUSTER_224,horse_man,1438.0,23.66569131115386
N,CLUSTER_243,cattle_man,19320.0,47.51418889699657
N,CLUSTER_252,cattle_man,23950.0,3.950417895544717
N,CLUSTER_252,cattle_slu,150300.0,3.950417895544717
N,CLUSTER_252,pig_slu,88.99000000000001,3.950417895544717
N,CLUSTER_268,cattle_man,5520.0,46.11807368363178
N,CLUSTER_268,horse_man,1285.41,46.11807368363178
N,CLUSTER_304,cattle_man,2118.0,57.64444526385992
N,CLUSTER_329,cattle_man,13430.0,25.56716213258153
N,CLUSTER_329,horse_man,1337.0,25.56716213258153
N,CLUSTER_360,cattle_man,8890.0,35.988261264880364
N,CLUSTER_360,horse_man,2360.0,35.988261264880364
N,CLUSTER_375,cattle_man,14310.0,27.600550339601565
N,CLUSTER_39,cattle_man,19310.0,24.38783971487718
N,CLUSTER_391,cattle_man,11195.0,58.267367873566194
N,CLUSTER_412,cattle_man,16640.0,36.74894965873927
N,CLUSTER_422,cattle_man,4670.0,15.415275433826787
N,CLUSTER_422,cattle_slu,27900.0,15.415275433826787
N,CLUSTER_480,cattle_man,173.2,54.06213031938445
N,CLUSTER_480,horse_man,560.6,54.06213031938445
N,CLUSTER_489,cattle_man,1068.0,59.50679670140679
N,CLUSTER_492,cattle_man,6610.0,33.743321561675565
N,CLUSTER_492,horse_man,472.0,33.743321561675565
N,CLUSTER_502,cattle_man,12710.0,53.91510063217852
N,CLUSTER_51,cattle_man,28020.0,14.694936334359694
N,CLUSTER_51,cattle_slu,177430.0,14.694936334359694
N,CLUSTER_521,cattle_man,12160.0,9.018867960593102
N,CLUSTER_521,cattle_slu,66000.0,9.018867960593102
N,CLUSTER_527,cattle_man,7620.0,35.446119334289406
N,CLUSTER_527,horse_man,1912.0,35.446119334289406
N,CLUSTER_53,cattle_man,6226.92,52.25304847984382
N,CLUSTER_65,cattle_man,29310.0,13.292807792387366
N,CLUSTER_65,cattle_slu,183100.0,13.292807792387366
N,CLUSTER_74,cattle_man,27550.0,26.128404398712743
N,CLUSTER_84,cattle_man,3003.501866563896,62.88491677178845
N,CLUSTER_86,cattle_man,15698.0,46.04587470253165
N,CLUSTER_94,cattle_man,10320.0,27.13208040804219
N,CLUSTER_94,horse_man,907.3,27.13208040804219
X,CLUSTER_10,horse_man,1392.2,50.63739344321798
X,CLUSTER_110,horse_man,797.0,57.25564564058572
X,CLUSTER_119,horse_man,1764.0,50.4904886505724
X,CLUSTER_134,cattle_man,8431.4,9.219079142777591
X,CLUSTER_134,cattle_slu,7822.520999999999,9.219079142777591
X,CLUSTER_134,horse_man,721.52,9.219079142777591
X,CLUSTER_134,clover_alfalfa_grass,7349.0,9.219079142777591
X,CLUSTER_134,maize_str,712.3,9.219079142777591
X,CLUSTER_134,beet_leaf,32079.999999999996,9.219079142777591
X,CLUSTER_134,rape_str,1039.3,9.219079142777591
X,CLUSTER_134,legume_str,277.13,9.219079142777591
X,CLUSTER_139,cattle_man,3032.51,22.36269173129218
X,CLUSTER_139,horse_man,980.3,22.36269173129218
X,CLUSTER_139,rape_str,1083.5,22.36269173129218
X,CLUSTER_139,legume_str,570.9,22.36269173129218
X,CLUSTER_148,rape_str,856.0,39.13994247402476
X,CLUSTER_148,legume_str,71.2,39.13994247402476
X,CLUSTER_153,rape_str,2865.0,44.60517413941582
X,CLUSTER_153,legume_str,465.2,44.60517413941582
X,CLUSTER_154,cattle_man,5634.1,14.629111310681015
X,CLUSTER_154,horse_man,347.6,14.629111310681015
X,CLUSTER_154,maize_str,84.14,14.629111310681015
X,CLUSTER_154,beet_leaf,15730.000000000002,14.629111310681015
X,CLUSTER_154,rape_str,1500.8,14.629111310681015
X,CLUSTER_154,legume_str,348.1,14.629111310681015
X,CLUSTER_156,horse_man,1144.7,40.91876177165478
X,CLUSTER_156,rape_str,1599.0,40.91876177165478
X,CLUSTER_156,legume_str,342.4,40.91876177165478
X,CLUSTER_158,horse_man,253.79999999999998,44.65683938248004
X,CLUSTER_158,rape_str,44.4,44.65683938248004
X,CLUSTER_158,legume_str,41.66,44.65683938248004
X,CLUSTER_16,cattle_man,11750.6,10.171684804319328
X,CLUSTER_16,horse_man,1532.4,10.171684804319328
X,CLUSTER_16,maize_str,361.46,10.171684804319328
X,CLUSTER_16,beet_leaf,16749.9,10.171684804319328
X,CLUSTER_16,rape_str,1459.3,10.171684804319328
X,CLUSTER_16,legume_str,320.2,10.171684804319328
X,CLUSTER_161,horse_man,429.62,52.31844512817355
X,CLUSTER_164,horse_man,1264.0,44.59848022370228
X,CLUSTER_164,rape_str,740.0,44.59848022370228
X,CLUSTER_164,legume_str,154.5,44.59848022370228
X,CLUSTER_170,horse_man,782.0,47.28840066950357
X,CLUSTER_170,rape_str,334.9,47.28840066950357
X,CLUSTER_173,horse_man,973.0,54.915813537186295
X,CLUSTER_177,horse_man,285.4,43.00831988859849
X,CLUSTER_177,rape_str,3337.0,43.00831988859849
X,CLUSTER_177,legume_str,144.7,43.00831988859849
X,CLUSTER_179,horse_man,1139.0,48.84412537624
X,CLUSTER_179,rape_str,741.5,48.84412537624
X,CLUSTER_179,legume_str,197.6,48.84412537624
X,CLUSTER_181,cattle_man,10934.199,21.68615228426852
X,CLUSTER_181,horse_man,824.1,21.68615228426852
X,CLUSTER_181,maize_str,737.8,21.68615228426852
X,CLUSTER_181,rape_str,425.5,21.68615228426852
X,CLUSTER_181,legume_str,393.5,21.68615228426852
X,CLUSTER_194,rape_str,1397.0,39.86879133546292
X,CLUSTER_194,legume_str,213.55,39.86879133546292
X,CLUSTER_200,horse_man,797.9,55.502998610226726
X,CLUSTER_213,horse_man,642.2,56.55532664444032
X,CLUSTER_236,cattle_man,1177.4,30.84169229158376
X,CLUSTER_236,horse_man,1045.5,30.84169229158376
X,CLUSTER_236,maize_str,46.4,30.84169229158376
X,CLUSTER_236,rape_str,1247.0,30.84169229158376
X,CLUSTER_236,legume_str,601.1,30.84169229158376
X,CLUSTER_24,cattle_man,15326.0,27.602822346148415
X,CLUSTER_24,horse_man,1586.5,27.602822346148415
X,CLUSTER_24,maize_str,610.37,27.602822346148415
X,CLUSTER_24,rape_str,4848.0,27.602822346148415
X,CLUSTER_24,legume_str,769.8,27.602822346148415
X,CLUSTER_246,cattle_man,2279.3,22.26130372678621
X,CLUSTER_246,horse_man,1160.4,22.26130372678621
X,CLUSTER_246,maize_str,156.3,22.26130372678621
X,CLUSTER_246,rape_str,1181.0,22.26130372678621
X,CLUSTER_246,legume_str,345.0,22.26130372678621
X,CLUSTER_247,horse_man,632.0,34.51019967998334
X,CLUSTER_247,maize_str,161.1,34.51019967998334
X,CLUSTER_247,rape_str,3410.0,34.51019967998334
X,CLUSTER_247,legume_str,474.1,34.51019967998334
X,CLUSTER_251,cattle_man,1718.4,31.64164990526569
X,CLUSTER_251,horse_man,239.3,31.64164990526569
X,CLUSTER_251,maize_str,70.9,31.64164990526569
X,CLUSTER_251,rape_str,2183.0,31.64164990526569
X,CLUSTER_251,legume_str,633.1999999999999,31.64164990526569
X,CLUSTER_260,pig_man,45.446,69.47074737306951
X,CLUSTER_275,horse_man,564.0,33.046325871235354
X,CLUSTER_275,maize_str,130.5,33.046325871235354
X,CLUSTER_275,rape_str,2420.0,33.046325871235354
X,CLUSTER_275,legume_str,322.6,33.046325871235354
X,CLUSTER_277,cattle_man,6870.0,31.19162179116192
X,CLUSTER_277,horse_man,872.3,31.19162179116192
X,CLUSTER_277,maize_str,52.900000000000006,31.19162179116192
X,CLUSTER_277,rape_str,2519.0,31.19162179116192
X,CLUSTER_277,legume_str,748.8,31.19162179116192
X,CLUSTER_283,cattle_man,4490.4,1.9547033645745064
X,CLUSTER_283,cattle_slu,6544.7,1.9547033645745064
X,CLUSTER_283,horse_man,349.112,1.9547033645745064
X,CLUSTER_283,clover_alfalfa_grass,4311.0,1.9547033645745064
X,CLUSTER_283,maize_str,483.1,1.9547033645745064
X,CLUSTER_283,beet_leaf,20320.0,1.9547033645745064
X,CLUSTER_283,rape_str,1599.65,1.9547033645745064
X,CLUSTER_283,legume_str,287.6,1.9547033645745064
X,CLUSTER_289,maize_str,455.8,34.80645252554338
X,CLUSTER_289,rape_str,1516.0,34.80645252554338
X,CLUSTER_289,legume_str,485.4,34.80645252554338
X,CLUSTER_298,cattle_man,6560.0,32.41155701528524
X,CLUSTER_298,maize_str,131.71,32.41155701528524
X,CLUSTER_298,rape_str,1018.0,32.41155701528524
X,CLUSTER_298,legume_str,191.9,32.41155701528524
X,CLUSTER_30,horse_man,478.27,39.241227626050346
X,CLUSTER_30,rape_str,844.0,39.241227626050346
X,CLUSTER_30,legume_str,592.4,39.241227626050346
X,CLUSTER_310,pig_man,67.1,64.71196094131672
X,CLUSTER_314,horse_man,639.0,54.59075097136827
X,CLUSTER_317,horse_man,217.4,54.20872851779187
X,CLUSTER_320,cattle_man,1036.0,25.330131173386995
X,CLUSTER_320,horse_man,151.8,25.330131173386995
X,CLUSTER_320,maize_str,24.130000000000003,25.330131173386995
X,CLUSTER_320,rape_str,1162.3,25.330131173386995
X,CLUSTER_320,legume_str,113.12,25.330131173386995
X,CLUSTER_325,pig_man,710.15139,75.71386725679608
X,CLUSTER_328,horse_man,333.38,44.19977408751345
X,CLUSTER_328,rape_str,1819.0,44.19977408751345
X,CLUSTER_328,legume_str,524.0,44.19977408751345
X,CLUSTER_332,cattle_man,620.3,22.854043569668377
X,CLUSTER_332,horse_man,404.6,22.854043569668377
X,CLUSTER_332,maize_str,50.4,22.854043569668377
X,CLUSTER_332,rape_str,1546.9,22.854043569668377
X,CLUSTER_332,legume_str,553.2,22.854043569668377
X,CLUSTER_334,pig_man,214.22,82.04488637339449
X,CLUSTER_336,cattle_man,9570.0,16.519874457069857
X,CLUSTER_336,horse_man,579.9,16.519874457069857
X,CLUSTER_336,maize_str,516.74,16.519874457069857
X,CLUSTER_336,beet_leaf,24605.2,16.519874457069857
X,CLUSTER_336,rape_str,912.3,16.519874457069857
X,CLUSTER_336,legume_str,270.07,16.519874457069857
X,CLUSTER_348,cattle_man,2194.0,25.793796565995255
X,CLUSTER_348,horse_man,429.0,25.793796565995255
X,CLUSTER_348,maize_str,65.0,25.793796565995255
X,CLUSTER_348,rape_str,718.0,25.793796565995255
X,CLUSTER_348,legume_str,156.9,25.793796565995255
X,CLUSTER_361,cattle_man,4111.29,27.93659941139077
X,CLUSTER_361,horse_man,200.3,27.93659941139077
X,CLUSTER_361,maize_str,579.6,27.93659941139077
X,CLUSTER_361,rape_str,169.4,27.93659941139077
X,CLUSTER_361,legume_str,175.4,27.93659941139077
X,CLUSTER_38,cattle_man,6536.0,23.110229450287783
X,CLUSTER_38,horse_man,253.79999999999998,23.110229450287783
X,CLUSTER_38,maize_str,30.0,23.110229450287783
X,CLUSTER_38,rape_str,891.0,23.110229450287783
X,CLUSTER_38,legume_str,159.5,23.110229450287783
X,CLUSTER_388,horse_man,410.3,55.16241495850954
X,CLUSTER_389,cattle_man,790.9,8.82032735978295
X,CLUSTER_389,cattle_slu,250.0,8.82032735978295
X,CLUSTER_389,horse_man,483.0,8.82032735978295
X,CLUSTER_389,clover_alfalfa_grass,3283.6,8.82032735978295
X,CLUSTER_389,maize_str,132.9,8.82032735978295
X,CLUSTER_389,beet_leaf,8760.0,8.82032735978295
X,CLUSTER_389,rape_str,826.81,8.82032735978295
X,CLUSTER_389,legume_str,294.0,8.82032735978295
X,CLUSTER_395,rape_str,1105.0,45.42235870968225
X,CLUSTER_395,legume_str,73.81,45.42235870968225
X,CLUSTER_4,cattle_man,20439.0,17.45770449762488
X,CLUSTER_4,horse_man,2532.2,17.45770449762488
X,CLUSTER_4,maize_str,287.90000000000003,17.45770449762488
X,CLUSTER_4,beet_leaf,8998.6,17.45770449762488
X,CLUSTER_4,rape_str,2234.4,17.45770449762488
X,CLUSTER_4,legume_str,531.23,17.45770449762488
X,CLUSTER_405,cattle_man,3574.0,30.205719530828183
X,CLUSTER_405,horse_man,311.8,30.205719530828183
X,CLUSTER_405,maize_str,43.2,30.205719530828183
X,CLUSTER_405,rape_str,758.7,30.205719530828183
X,CLUSTER_405,legume_str,321.95,30.205719530828183
X,CLUSTER_410,horse_man,808.4,37.11858189427303
X,CLUSTER_410,rape_str,2374.0,37.11858189427303
X,CLUSTER_410,legume_str,361.8,37.11858189427303
X,CLUSTER_417,cattle_man,11640.0,17.888285255384222
X,CLUSTER_417,horse_man,430.8,17.888285255384222
X,CLUSTER_417,maize_str,88.36,17.888285255384222
X,CLUSTER_417,beet_leaf,12800.0,17.888285255384222
X,CLUSTER_417,rape_str,677.4,17.888285255384222
X,CLUSTER_417,legume_str,179.52,17.888285255384222
X,CLUSTER_418,rape_str,1244.0,48.157996248560174
X,CLUSTER_418,legume_str,130.8,48.157996248560174
X,CLUSTER_420,rape_str,472.0,41.28330052556959
X,CLUSTER_420,legume_str,308.5,41.28330052556959
X,CLUSTER_424,cattle_man,249.78337401132532,32.72955070768773
X,CLUSTER_424,horse_man,879.04,32.72955070768773
X,CLUSTER_424,maize_str,42.1,32.72955070768773
X,CLUSTER_424,rape_str,2239.8,32.72955070768773
X,CLUSTER_424,legume_str,524.5,32.72955070768773
X,CLUSTER_426,pig_man,46.733,73.4672898299183
X,CLUSTER_430,horse_man,480.0,54.95389857166136
X,CLUSTER_445,horse_man,58.691,40.65505265434792
X,CLUSTER_445,rape_str,1059.0,40.65505265434792
X,CLUSTER_445,legume_str,171.5,40.65505265434792
X,CLUSTER_46,rape_str,1841.4,45.5832683615647
X,CLUSTER_46,legume_str,245.43999999999997,45.5832683615647
X,CLUSTER_483,cattle_man,2116.9,31.696476728853085
X,CLUSTER_483,horse_man,289.75,31.696476728853085
X,CLUSTER_483,maize_str,387.2,31.696476728853085
X,CLUSTER_483,rape_str,440.9,31.696476728853085
X,CLUSTER_483,legume_str,415.5,31.696476728853085
X,CLUSTER_486,horse_man,429.2,49.67434590025505
X,CLUSTER_486,legume_str,57.1,49.67434590025505
X,CLUSTER_487,cattle_man,16400.0,19.272976000412363
X,CLUSTER_487,horse_man,431.5,19.272976000412363
X,CLUSTER_487,maize_str,637.4,19.272976000412363
X,CLUSTER_487,beet_leaf,1299.0238235247587,19.272976000412363
X,CLUSTER_487,rape_str,1529.0,19.272976000412363
X,CLUSTER_487,legume_str,702.12,19.272976000412363
X,CLUSTER_49,cattle_man,15490.0,32.15978758589106
X,CLUSTER_49,horse_man,1710.1,32.15978758589106
X,CLUSTER_49,maize_str,516.3,32.15978758589106
X,CLUSTER_49,rape_str,2778.0,32.15978758589106
X,CLUSTER_49,legume_str,470.832,32.15978758589106
X,CLUSTER_491,horse_man,277.6,45.23234463511486
X,CLUSTER_491,rape_str,1665.0,45.23234463511486
X,CLUSTER_491,legume_str,275.7,45.23234463511486
X,CLUSTER_494,horse_man,104.9,35.157370641998234
X,CLUSTER_494,maize_str,343.7,35.157370641998234
X,CLUSTER_494,rape_str,500.2,35.157370641998234
X,CLUSTER_494,legume_str,89.8,35.157370641998234
X,CLUSTER_497,horse_man,138.1,37.02416976838502
X,CLUSTER_497,rape_str,1290.0,37.02416976838502
X,CLUSTER_497,legume_str,206.1,37.02416976838502
X,CLUSTER_506,horse_man,529.0,40.481993638916826
X,CLUSTER_506,rape_str,1143.0,40.481993638916826
X,CLUSTER_506,legume_str,340.0,40.481993638916826
X,CLUSTER_517,rape_str,729.3,46.64973989033937
X,CLUSTER_517,legume_str,119.6,46.64973989033937
X,CLUSTER_530,horse_man,443.6,56.16686777056719
X,CLUSTER_538,horse_man,768.4,42.70504215095243
X,CLUSTER_538,rape_str,957.0,42.70504215095243
X,CLUSTER_538,legume_str,213.05,42.70504215095243
X,CLUSTER_56,pig_man,427.76,63.39061152176132
X,CLUSTER_60,pig_man,45.1582,66.74611977691553
X,CLUSTER_75,cattle_man,15511.3,16.915081679847347
X,CLUSTER_75,horse_man,1454.5,16.915081679847347
X,CLUSTER_75,maize_str,550.06,16.915081679847347
X,CLUSTER_75,beet_leaf,6044.0,16.915081679847347
X,CLUSTER_75,rape_str,1046.1,16.915081679847347
X,CLUSTER_75,legume_str,172.5,16.915081679847347
X,CLUSTER_80,horse_man,210.9,52.47283521429164
X,CLUSTER_87,cattle_man,23670.0,25.811181070924626
X,CLUSTER_87,horse_man,362.10543,25.811181070924626
X,CLUSTER_87,maize_str,676.6,25.811181070924626
X,CLUSTER_87,rape_str,922.9,25.811181070924626
X,CLUSTER_87,legume_str,729.0,25.811181070924626
X,CLUSTER_97,cattle_man,4494.0,21.03543979319149
X,CLUSTER_97,horse_man,1266.8,21.03543979319149
X,CLUSTER_97,maize_str,150.8,21.03543979319149
X,CLUSTER_97,rape_str,3629.0,21.03543979319149
X,CLUSTER_97,legume_str,684.7,21.03543979319149
R,CLUSTER_101,cattle_man,7598.776795671086,31.122617278107484
R,CLUSTER_101,horse_man,1895.41,31.122617278107484
R,CLUSTER_101,maize_str,163.78503,31.122617278107484
R,CLUSTER_101,rape_str,1060.3,31.122617278107484
R,CLUSTER_101,legume_str,210.4,31.122617278107484
R,CLUSTER_103,horse_man,678.2,46.36391209871792
R,CLUSTER_103,rape_str,208.4,46.36391209871792
R,CLUSTER_103,legume_str,84.58999999999999,46.36391209871792
R,CLUSTER_107,cattle_man,13402.1,25.77394652840841
R,CLUSTER_107,maize_str,1970.0,25.77394652840841
R,CLUSTER_107,rape_str,1132.0,25.77394652840841
R,CLUSTER_107,legume_str,421.2,25.77394652840841
R,CLUSTER_116,rape_str,1331.7,46.151101820820585
R,CLUSTER_116,legume_str,256.53,46.151101820820585
R,CLUSTER_132,cattle_man,7032.59,27.051655886284063
R,CLUSTER_132,maize_str,1533.2,27.051655886284063
R,CLUSTER_132,rape_str,929.0,27.051655886284063
R,CLUSTER_132,legume_str,147.22,27.051655886284063
R,CLUSTER_138,cattle_man,10203.0,11.225136336119554
R,CLUSTER_138,cattle_slu,43420.0,11.225136336119554
R,CLUSTER_138,maize_str,2746.0,11.225136336119554
R,CLUSTER_138,beet_leaf,6203.0,11.225136336119554
R,CLUSTER_138,rape_str,1121.4,11.225136336119554
R,CLUSTER_138,legume_str,467.8,11.225136336119554
R,CLUSTER_14,rape_str,1443.9,38.79563839791227
R,CLUSTER_14,legume_str,20.98,38.79563839791227
R,CLUSTER_144,cattle_man,16190.0,28.489135917627152
R,CLUSTER_144,maize_str,3055.0,28.489135917627152
R,CLUSTER_144,rape_str,1689.0,28.489135917627152
R,CLUSTER_144,legume_str,474.3,28.489135917627152
R,CLUSTER_145,cattle_man,10356.0,24.75549111193911
R,CLUSTER_145,horse_man,1174.0,24.75549111193911
R,CLUSTER_145,maize_str,1224.5,24.75549111193911
R,CLUSTER_145,rape_str,1224.0,24.75549111193911
R,CLUSTER_145,legume_str,263.2,24.75549111193911
R,CLUSTER_152,legume_str,331.6,48.37789615014239
R,CLUSTER_162,horse_man,3375.9,34.2478185111838
R,CLUSTER_162,rape_str,2424.0,34.2478185111838
R,CLUSTER_162,legume_str,744.7,34.2478185111838
R,CLUSTER_176,cattle_man,2533.2,24.105724655999676
R,CLUSTER_176,horse_man,750.0,24.105724655999676
R,CLUSTER_176,maize_str,248.73000000000002,24.105724655999676
R,CLUSTER_176,rape_str,773.6,24.105724655999676
R,CLUSTER_176,legume_str,185.1,24.105724655999676
R,CLUSTER_182,cattle_man,9590.0,13.181760984444267
R,CLUSTER_182,maize_str,2575.0,13.181760984444267
R,CLUSTER_182,beet_leaf,1723.0,13.181760984444267
R,CLUSTER_182,rape_str,811.0,13.181760984444267
R,CLUSTER_182,legume_str,180.1,13.181760984444267
R,CLUSTER_187,rape_str,1186.6,44.25009294461222
R,CLUSTER_187,legume_str,419.6,44.25009294461222
R,CLUSTER_219,rape_str,2300.0,46.84486756643231
R,CLUSTER_219,legume_str,276.0,46.84486756643231
R,CLUSTER_229,cattle_man,1142.8,17.05352767141537
R,CLUSTER_229,horse_man,466.3,17.05352767141537
R,CLUSTER_229,maize_str,474.61,17.05352767141537
R,CLUSTER_229,beet_leaf,15420.0,17.05352767141537
R,CLUSTER_229,rape_str,30.7,17.05352767141537
R,CLUSTER_229,legume_str,169.7,17.05352767141537
R,CLUSTER_235,cattle_man,3182.0,19.85744035382478
R,CLUSTER_235,maize_str,1195.0,19.85744035382478
R,CLUSTER_235,beet_leaf,5684.0,19.85744035382478
R,CLUSTER_235,rape_str,208.9,19.85744035382478
R,CLUSTER_235,legume_str,260.6,19.85744035382478
R,CLUSTER_237,horse_man,478.63,53.634089130396326
R,CLUSTER_239,rape_str,1717.0,41.789384135398
R,CLUSTER_239,legume_str,357.8,41.789384135398
R,CLUSTER_248,horse_man,258.4,44.57178975639589
R,CLUSTER_248,rape_str,349.9,44.57178975639589
R,CLUSTER_248,legume_str,201.2,44.57178975639589
R,CLUSTER_263,rape_str,1071.4,36.91276244049618
R,CLUSTER_263,legume_str,774.2,36.91276244049618
R,CLUSTER_297,rape_str,668.0,47.00684939124349
R,CLUSTER_297,legume_str,363.98,47.00684939124349
R,CLUSTER_303,horse_man,1570.0,36.99090787006899
R,CLUSTER_303,rape_str,914.0,36.99090787006899
R,CLUSTER_303,legume_str,375.4,36.99090787006899
R,CLUSTER_315,rape_str,1513.0,37.0846215157822
R,CLUSTER_315,legume_str,373.6,37.0846215157822
R,CLUSTER_316,rape_str,1137.0,39.65424009465677
R,CLUSTER_316,legume_str,235.5,39.65424009465677
R,CLUSTER_324,rape_str,1080.0,34.42217696498959
R,CLUSTER_324,legume_str,578.7,34.42217696498959
R,CLUSTER_338,cattle_man,6102.530000000001,18.863599929858115
R,CLUSTER_338,horse_man,816.0,18.863599929858115
R,CLUSTER_338,maize_str,2637.0,18.863599929858115
R,CLUSTER_338,beet_leaf,2428.0,18.863599929858115
R,CLUSTER_338,rape_str,566.0,18.863599929858115
R,CLUSTER_338,legume_str,307.0,18.863599929858115
R,CLUSTER_339,cattle_man,3014.917,7.854317998546243
R,CLUSTER_339,cattle_slu,16749.4,7.854317998546243
R,CLUSTER_339,horse_man,2136.8,7.854317998546243
R,CLUSTER_339,clover_alfalfa_grass,2636.0,7.854317998546243
R,CLUSTER_339,maize_str,1719.0,7.854317998546243
R,CLUSTER_339,beet_leaf,11011.0,7.854317998546243
R,CLUSTER_339,rape_str,716.33,7.854317998546243
R,CLUSTER_339,legume_str,276.25,7.854317998546243
R,CLUSTER_34,rape_str,1322.6,35.03005649649248
R,CLUSTER_34,legume_str,428.6,35.03005649649248
R,CLUSTER_340,rape_str,944.0,42.36109614526522
R,CLUSTER_340,legume_str,294.533,42.36109614526522
R,CLUSTER_344,cattle_man,9980.0,14.931327868486342
R,CLUSTER_344,horse_man,1961.0,14.931327868486342
R,CLUSTER_344,maize_str,5434.0,14.931327868486342
R,CLUSTER_344,beet_leaf,2029.1,14.931327868486342
R,CLUSTER_344,rape_str,232.2,14.931327868486342
R,CLUSTER_344,legume_str,332.0,14.931327868486342
R,CLUSTER_349,cattle_man,4717.0,24.593068563448167
R,CLUSTER_349,horse_man,668.0,24.593068563448167
R,CLUSTER_349,maize_str,1939.0,24.593068563448167
R,CLUSTER_349,rape_str,1306.0,24.593068563448167
R,CLUSTER_349,legume_str,257.0,24.593068563448167
R,CLUSTER_35,rape_str,3218.0,45.68849537759717
R,CLUSTER_35,legume_str,631.6,45.68849537759717
R,CLUSTER_353,cattle_man,9000.0,4.698833190641437
R,CLUSTER_353,cattle_slu,39800.0,4.698833190641437
R,CLUSTER_353,horse_man,840.0,4.698833190641437
R,CLUSTER_353,clover_alfalfa_grass,2363.16,4.698833190641437
R,CLUSTER_353,maize_str,3170.0,4.698833190641437
R,CLUSTER_353,beet_leaf,6390.0,4.698833190641437
R,CLUSTER_353,rape_str,696.0,4.698833190641437
R,CLUSTER_353,legume_str,276.0,4.698833190641437
R,CLUSTER_365,rape_str,408.7,44.16912393064183
R,CLUSTER_365,legume_str,86.1,44.16912393064183
R,CLUSTER_373,rape_str,814.9,45.36971742928928
R,CLUSTER_373,legume_str,370.5,45.36971742928928
R,CLUSTER_376,rape_str,1421.0,41.68501063196577
R,CLUSTER_376,legume_str,508.0,41.68501063196577
R,CLUSTER_377,horse_man,627.7,45.1162121368186
R,CLUSTER_377,rape_str,504.0299999999999,45.1162121368186
R,CLUSTER_377,legume_str,142.95,45.1162121368186
R,CLUSTER_382,horse_man,1045.0,39.16358916887073
R,CLUSTER_382,rape_str,1028.0,39.16358916887073
R,CLUSTER_382,legume_str,385.1,39.16358916887073
R,CLUSTER_393,cattle_man,1357.0,28.17892739087293
R,CLUSTER_393,maize_str,311.5,28.17892739087293
R,CLUSTER_393,rape_str,213.5,28.17892739087293
R,CLUSTER_393,legume_str,44.84,28.17892739087293
R,CLUSTER_42,horse_man,1097.5,34.048691604572184
R,CLUSTER_42,rape_str,813.0,34.048691604572184
R,CLUSTER_42,legume_str,175.21,34.048691604572184
R,CLUSTER_427,cattle_man,8930.0,22.82524846090156
R,CLUSTER_427,maize_str,2221.8,22.82524846090156
R,CLUSTER_427,rape_str,1173.4,22.82524846090156
R,CLUSTER_427,legume_str,351.0,22.82524846090156
R,CLUSTER_431,cattle_man,3900.2,25.546935290479087
R,CLUSTER_431,horse_man,1912.0,25.546935290479087
R,CLUSTER_431,maize_str,4683.0,25.546935290479087
R,CLUSTER_431,rape_str,203.4,25.546935290479087
R,CLUSTER_431,legume_str,310.4,25.546935290479087
R,CLUSTER_447,legume_str,578.0,47.68064731592727
R,CLUSTER_452,cattle_man,3960.0,25.578839602441647
R,CLUSTER_452,horse_man,922.0,25.578839602441647
R,CLUSTER_452,maize_str,639.0,25.578839602441647
R,CLUSTER_452,rape_str,580.0,25.578839602441647
R,CLUSTER_452,legume_str,173.8,25.578839602441647
R,CLUSTER_459,horse_man,167.4,48.69429045683021
R,CLUSTER_464,cattle_man,4492.0,26.338762751082665
R,CLUSTER_464,maize_str,1659.0,26.338762751082665
R,CLUSTER_464,rape_str,387.0,26.338762751082665
R,CLUSTER_464,legume_str,235.0,26.338762751082665
R,CLUSTER_469,horse_man,840.0,33.935123097859915
R,CLUSTER_469,rape_str,1099.0,33.935123097859915
R,CLUSTER_469,legume_str,204.7,33.935123097859915
R,CLUSTER_478,cattle_man,1374.0,15.636418004959578
R,CLUSTER_478,horse_man,340.1,15.636418004959578
R,CLUSTER_478,maize_str,1389.0,15.636418004959578
R,CLUSTER_478,beet_leaf,1300.0,15.636418004959578
R,CLUSTER_478,rape_str,205.7,15.636418004959578
R,CLUSTER_478,legume_str,86.75,15.636418004959578
R,CLUSTER_479,rape_str,157.9,40.84694439239355
R,CLUSTER_479,legume_str,75.09,40.84694439239355
R,CLUSTER_485,cattle_man,3740.0,27.93262852286657
R,CLUSTER_485,maize_str,988.0,27.93262852286657
R,CLUSTER_485,rape_str,948.0,27.93262852286657
R,CLUSTER_485,legume_str,229.0,27.93262852286657
R,CLUSTER_495,rape_str,574.7,38.73003606152248
R,CLUSTER_495,legume_str,495.0,38.73003606152248
R,CLUSTER_496,cattle_man,6675.3,11.2686247263928
R,CLUSTER_496,cattle_slu,3804.965992648554,11.2686247263928
R,CLUSTER_496,horse_man,451.0,11.2686247263928
R,CLUSTER_496,maize_str,1429.0,11.2686247263928
R,CLUSTER_496,beet_leaf,20620.0,11.2686247263928
R,CLUSTER_496,rape_str,1060.0,11.2686247263928
R,CLUSTER_496,legume_str,144.6,11.2686247263928
R,CLUSTER_499,rape_str,500.0,35.389894697215816
R,CLUSTER_499,legume_str,206.8,35.389894697215816
R,CLUSTER_511,rape_str,393.2,41.34824500290721
R,CLUSTER_511,legume_str,142.4,41.34824500290721
R,CLUSTER_515,rape_str,366.0,44.69355390232513
R,CLUSTER_515,legume_str,82.35000000000001,44.69355390232513
R,CLUSTER_534,rape_str,1184.0,34.659543761163285
R,CLUSTER_534,legume_str,317.1,34.659543761163285
R,CLUSTER_6,horse_man,339.439139,50.43980125895625
R,CLUSTER_63,rape_str,653.77,44.8102343433752
R,CLUSTER_63,legume_str,611.5,44.8102343433752
R,CLUSTER_82,horse_man,1220.1,37.759624975632455
R,CLUSTER_82,rape_str,680.1,37.759624975632455
R,CLUSTER_82,legume_str,122.92,37.759624975632455
R,CLUSTER_83,maize_str,573.0,31.14936396629896
R,CLUSTER_83,rape_str,472.0,31.14936396629896
R,CLUSTER_83,legume_str,40.02,31.14936396629896
R,CLUSTER_9,cattle_man,4512.6,18.183012325861142
R,CLUSTER_9,maize_str,2940.98,18.183012325861142
R,CLUSTER_9,beet_leaf,23584.0,18.183012325861142
R,CLUSTER_9,rape_str,712.84,18.183012325861142
R,CLUSTER_9,legume_str,267.44,18.183012325861142
AB,CLUSTER_125,rape_str,3920.0,38.7739665561249
AB,CLUSTER_125,legume_str,441.0,38.7739665561249
AB,CLUSTER_126,maize_str,6491.0,20.95704037239345
AB,CLUSTER_126,rape_str,2381.0,20.95704037239345
AB,CLUSTER_126,legume_str,544.6,20.95704037239345
AB,CLUSTER_131,rape_str,1908.0,28.80127988427925
AB,CLUSTER_131,legume_str,1003.9999999999999,28.80127988427925
AB,CLUSTER_155,rape_str,1777.0,35.158396687124046
AB,CLUSTER_155,legume_str,662.1,35.158396687124046
AB,CLUSTER_165,rape_str,1507.0,38.05441493684581
AB,CLUSTER_165,legume_str,854.0,38.05441493684581
AB,CLUSTER_175,maize_str,1895.0,16.216322406444206
AB,CLUSTER_175,beet_leaf,28760.0,16.216322406444206
AB,CLUSTER_175,rape_str,1513.0,16.216322406444206
AB,CLUSTER_175,legume_str,508.2,16.216322406444206
AB,CLUSTER_180,cattle_man,2402.6,8.95352595809096
AB,CLUSTER_180,cattle_slu,7670.315,8.95352595809096
AB,CLUSTER_180,maize_str,9410.0,8.95352595809096
AB,CLUSTER_180,beet_leaf,6890.0,8.95352595809096
AB,CLUSTER_180,rape_str,2510.0,8.95352595809096
AB,CLUSTER_180,legume_str,350.0,8.95352595809096
AB,CLUSTER_184,maize_str,4690.0,19.759634576505693
AB,CLUSTER_184,rape_str,1554.0,19.759634576505693
AB,CLUSTER_184,legume_str,480.0,19.759634576505693
AB,CLUSTER_186,cattle_man,2851.0,14.784345752870076
AB,CLUSTER_186,maize_str,2451.0,14.784345752870076
AB,CLUSTER_186,beet_leaf,14510.0,14.784345752870076
AB,CLUSTER_186,rape_str,2267.0,14.784345752870076
AB,CLUSTER_186,legume_str,321.6,14.784345752870076
AB,CLUSTER_2,rape_str,2407.0,39.63625268111246
AB,CLUSTER_2,legume_str,639.4,39.63625268111246
AB,CLUSTER_20,rape_str,2658.0,35.02099642464333
AB,CLUSTER_20,legume_str,1043.0,35.02099642464333
AB,CLUSTER_212,rape_str,2994.0,37.7543801045899
AB,CLUSTER_212,legume_str,423.4,37.7543801045899
AB,CLUSTER_240,maize_str,2018.1000000000001,22.556642146150644
AB,CLUSTER_240,rape_str,698.0,22.556642146150644
AB,CLUSTER_240,legume_str,511.70000000000016,22.556642146150644
AB,CLUSTER_257,cattle_man,512.5,19.092887085874533
AB,CLUSTER_257,maize_str,4463.0,19.092887085874533
AB,CLUSTER_257,rape_str,1210.4,19.092887085874533
AB,CLUSTER_257,legume_str,280.6,19.092887085874533
AB,CLUSTER_267,cattle_man,6170.0,5.970968941454526
AB,CLUSTER_267,cattle_slu,27220.0,5.970968941454526
AB,CLUSTER_267,maize_str,4239.0,5.970968941454526
AB,CLUSTER_267,beet_leaf,19900.0,5.970968941454526
AB,CLUSTER_267,rape_str,1938.0,5.970968941454526
AB,CLUSTER_267,legume_str,523.5,5.970968941454526
AB,CLUSTER_284,rape_str,262.2,39.73987542726026
AB,CLUSTER_284,legume_str,192.3,39.73987542726026
AB,CLUSTER_290,rape_str,1121.03,34.32543212447672
AB,CLUSTER_290,legume_str,233.8,34.32543212447672
AB,CLUSTER_295,rape_str,310.5,29.475737194491835
AB,CLUSTER_295,legume_str,228.28,29.475737194491835
AB,CLUSTER_301,rape_str,382.1,32.43419592644279
AB,CLUSTER_301,legume_str,364.26,32.43419592644279
AB,CLUSTER_306,rape_str,2327.0,38.24765254924794
AB,CLUSTER_306,legume_str,1097.0,38.24765254924794
AB,CLUSTER_321,cattle_man,2184.0,24.956694719342856
AB,CLUSTER_321,maize_str,1399.0,24.956694719342856
AB,CLUSTER_321,rape_str,1433.0,24.956694719342856
AB,CLUSTER_321,legume_str,474.1,24.956694719342856
AB,CLUSTER_354,rape_str,1672.1,28.55748664591829
AB,CLUSTER_354,legume_str,257.3,28.55748664591829
AB,CLUSTER_355,rape_str,1192.0,42.63354553646273
AB,CLUSTER_355,legume_str,1096.0,42.63354553646273
AB,CLUSTER_37,rape_str,2494.6,43.2618376002561
AB,CLUSTER_37,legume_str,791.6,43.2618376002561
AB,CLUSTER_371,rape_str,918.4,38.84754625297964
AB,CLUSTER_371,legume_str,445.8,38.84754625297964
AB,CLUSTER_397,rape_str,641.0,43.843532975478645
AB,CLUSTER_397,legume_str,173.8,43.843532975478645
AB,CLUSTER_399,cattle_man,1238.6,26.21822858163164
AB,CLUSTER_399,maize_str,1120.2,26.21822858163164
AB,CLUSTER_399,rape_str,723.2,26.21822858163164
AB,CLUSTER_399,legume_str,297.37,26.21822858163164
AB,CLUSTER_400,maize_str,5912.500009905133,26.83106028830818
AB,CLUSTER_400,rape_str,1315.0,26.83106028830818
AB,CLUSTER_400,legume_str,558.0,26.83106028830818
AB,CLUSTER_408,rape_str,1388.0,38.139886192014586
AB,CLUSTER_408,legume_str,270.2,38.139886192014586
AB,CLUSTER_429,legume_str,61.70000000000001,44.822778118197135
AB,CLUSTER_441,cattle_man,3147.0,25.302199008435903
AB,CLUSTER_441,maize_str,2827.0,25.302199008435903
AB,CLUSTER_441,rape_str,1217.0,25.302199008435903
AB,CLUSTER_441,legume_str,342.2,25.302199008435903
AB,CLUSTER_453,maize_str,1817.0,24.78315939091556
AB,CLUSTER_453,rape_str,449.1,24.78315939091556
AB,CLUSTER_453,legume_str,457.0,24.78315939091556
AB,CLUSTER_477,rape_str,247.70000000000002,39.479755616155245
AB,CLUSTER_477,legume_str,101.5,39.479755616155245
AB,CLUSTER_48,cattle_man,4164.0,13.699245569437744
AB,CLUSTER_48,maize_str,4581.0,13.699245569437744
AB,CLUSTER_48,beet_leaf,4005.1000000000004,13.699245569437744
AB,CLUSTER_48,rape_str,1712.0,13.699245569437744
AB,CLUSTER_48,legume_str,448.03,13.699245569437744
AB,CLUSTER_501,cattle_man,230.0,7.364606456791434
AB,CLUSTER_501,cattle_slu,2000.0,7.364606456791434
AB,CLUSTER_501,maize_str,3960.0,7.364606456791434
AB,CLUSTER_501,beet_leaf,13770.0,7.364606456791434
AB,CLUSTER_501,rape_str,1822.0,7.364606456791434
AB,CLUSTER_501,legume_str,355.2,7.364606456791434
AB,CLUSTER_503,rape_str,1574.0,33.94641941993275
AB,CLUSTER_503,legume_str,401.2,33.94641941993275
AB,CLUSTER_504,cattle_man,41.0,20.040870578065984
AB,CLUSTER_504,maize_str,1285.0,20.040870578065984
AB,CLUSTER_504,rape_str,268.5,20.040870578065984
AB,CLUSTER_504,legume_str,94.63,20.040870578065984
AB,CLUSTER_52,cattle_man,3984.5,29.77064154190776
AB,CLUSTER_52,rape_str,675.0,29.77064154190776
AB,CLUSTER_52,legume_str,277.4,29.77064154190776
AB,CLUSTER_544,legume_str,101.3,44.73155827259828
AB,CLUSTER_545,cattle_man,1080.0,28.95836117697784
AB,CLUSTER_545,rape_str,992.0,28.95836117697784
AB,CLUSTER_545,legume_str,184.9,28.95836117697784
AB,CLUSTER_71,rape_str,2450.0,35.133292819041124
AB,CLUSTER_71,legume_str,1174.2,35.133292819041124
AB,CLUSTER_73,maize_str,11358.0,16.3639805453079
AB,CLUSTER_73,beet_leaf,17732.0,16.3639805453079
AB,CLUSTER_73,rape_str,3434.0,16.3639805453079
AB,CLUSTER_73,legume_str,648.0,16.3639805453079
AB,CLUSTER_91,rape_str,434.47,33.751558444340965
AB,CLUSTER_91,legume_str,391.1,33.751558444340965
D,CLUSTER_104,rape_str,732.1,35.85242533245269
D,CLUSTER_104,legume_str,171.70000000000002,35.85242533245269
D,CLUSTER_124,legume_str,92.4,38.26212530716957
D,CLUSTER_159,cattle_man,8440.0,21.241575337741114
D,CLUSTER_159,maize_str,9172.0,21.241575337741114
D,CLUSTER_159,beet_leaf,1650.0,21.241575337741114
D,CLUSTER_159,rape_str,771.0,21.241575337741114
D,CLUSTER_159,legume_str,421.3,21.241575337741114
D,CLUSTER_202,rape_str,65.6,40.74785120252281
D,CLUSTER_202,legume_str,151.06,40.74785120252281
D,CLUSTER_208,maize_str,2548.0,20.20887246344904
D,CLUSTER_208,rape_str,87.1,20.20887246344904
D,CLUSTER_208,legume_str,344.5,20.20887246344904
D,CLUSTER_214,legume_str,85.15,44.40108486196571
D,CLUSTER_225,cattle_man,2007.941359851885,15.18242667506266
D,CLUSTER_225,maize_str,8410.0,15.18242667506266
D,CLUSTER_225,beet_leaf,5020.0,15.18242667506266
D,CLUSTER_225,rape_str,1132.3,15.18242667506266
D,CLUSTER_225,legume_str,589.4,15.18242667506266
D,CLUSTER_233,maize_str,2980.0,19.95439258471865
D,CLUSTER_233,beet_leaf,1632.0,19.95439258471865
D,CLUSTER_233,rape_str,718.0,19.95439258471865
D,CLUSTER_233,legume_str,413.0,19.95439258471865
D,CLUSTER_258,legume_str,10.47,45.17899178475356
D,CLUSTER_273,cattle_slu,36190.0,12.31280337755113
D,CLUSTER_273,maize_str,4942.0,12.31280337755113
D,CLUSTER_273,beet_leaf,639.0,12.31280337755113
D,CLUSTER_273,rape_str,116.6,12.31280337755113
D,CLUSTER_273,legume_str,126.2,12.31280337755113
D,CLUSTER_282,rape_str,168.6,30.686859422011
D,CLUSTER_282,legume_str,149.16,30.686859422011
D,CLUSTER_291,cattle_man,2457.376,15.880985261752889
D,CLUSTER_291,maize_str,29880.0,15.880985261752889
D,CLUSTER_291,beet_leaf,5904.1,15.880985261752889
D,CLUSTER_291,rape_str,424.0,15.880985261752889
D,CLUSTER_291,legume_str,875.6,15.880985261752889
D,CLUSTER_292,cattle_slu,37420.0,5.197727923211714
D,CLUSTER_292,pig_slu,19553.455098006893,5.197727923211714
D,CLUSTER_292,clover_alfalfa_grass,2878.0,5.197727923211714
D,CLUSTER_292,maize_str,10970.0,5.197727923211714
D,CLUSTER_292,beet_leaf,1388.0,5.197727923211714
D,CLUSTER_292,rape_str,1890.0,5.197727923211714
D,CLUSTER_292,legume_str,588.0,5.197727923211714
D,CLUSTER_296,legume_str,10.71,40.37794608697618
D,CLUSTER_302,rape_str,140.1,31.367947160635783
D,CLUSTER_302,legume_str,313.8,31.367947160635783
D,CLUSTER_319,rape_str,429.0,43.44438869722636
D,CLUSTER_319,legume_str,497.00000000000006,43.44438869722636
D,CLUSTER_398,rape_str,535.6,41.194054990735474
D,CLUSTER_398,legume_str,250.69999999999996,41.194054990735474
D,CLUSTER_402,cattle_man,1505.0,16.40057161839247
D,CLUSTER_402,maize_str,9600.0,16.40057161839247
D,CLUSTER_402,beet_leaf,366.0,16.40057161839247
D,CLUSTER_402,rape_str,21.1,16.40057161839247
D,CLUSTER_402,legume_str,299.0,16.40057161839247
D,CLUSTER_436,cattle_slu,81800.0,10.13642886613104
D,CLUSTER_436,clover_alfalfa_grass,2550.0,10.13642886613104
D,CLUSTER_436,maize_str,2198.0,10.13642886613104
D,CLUSTER_436,beet_leaf,44.5,10.13642886613104
D,CLUSTER_436,rape_str,941.0,10.13642886613104
D,CLUSTER_436,legume_str,253.39999999999998,10.13642886613104
D,CLUSTER_450,maize_str,1425.0,25.97264818306536
D,CLUSTER_450,rape_str,562.7,25.97264818306536
D,CLUSTER_450,legume_str,406.3,25.97264818306536
D,CLUSTER_456,rape_str,206.8,39.88790322608151
D,CLUSTER_456,legume_str,113.6,39.88790322608151
D,CLUSTER_457,rape_str,30.800000000000004,31.99141086866128
D,CLUSTER_457,legume_str,108.18,31.99141086866128
D,CLUSTER_473,rape_str,1204.0,30.03160605340744
D,CLUSTER_473,legume_str,346.1,30.03160605340744
D,CLUSTER_488,rape_str,315.0,43.04890375785034
D,CLUSTER_488,legume_str,451.0,43.04890375785034
D,CLUSTER_493,rape_str,189.92,28.366974910975543
D,CLUSTER_493,legume_str,157.4,28.366974910975543
D,CLUSTER_513,cattle_man,2780.0,28.430037524473654
D,CLUSTER_513,rape_str,985.0,28.430037524473654
D,CLUSTER_513,legume_str,913.0,28.430037524473654
D,CLUSTER_514,legume_str,49.46,33.55073769079673
D,CLUSTER_516,maize_str,1508.0,19.87712675947059
D,CLUSTER_516,rape_str,861.0,19.87712675947059
D,CLUSTER_516,legume_str,330.5,19.87712675947059
D,CLUSTER_537,cattle_slu,13070.0,6.401110008736595
D,CLUSTER_537,clover_alfalfa_grass,227.951,6.401110008736595
D,CLUSTER_537,maize_str,8082.000000000001,6.401110008736595
D,CLUSTER_537,beet_leaf,708.0,6.401110008736595
D,CLUSTER_537,rape_str,567.4,6.401110008736595
D,CLUSTER_537,legume_str,243.7,6.401110008736595
D,CLUSTER_541,rape_str,221.9,36.19205777265515
D,CLUSTER_541,legume_str,57.8,36.19205777265515
D,CLUSTER_549,rape_str,76.9,39.917888178238535
D,CLUSTER_549,legume_str,16.9,39.917888178238535
D,CLUSTER_61,maize_str,3365.0,15.953960735786756
D,CLUSTER_61,beet_leaf,2272.0,15.953960735786756
D,CLUSTER_61,rape_str,985.9999999999999,15.953960735786756
D,CLUSTER_61,legume_str,504.6,15.953960735786756
D,CLUSTER_68,rape_str,708.4,33.14798426164333
D,CLUSTER_68,legume_str,893.9,33.14798426164333
D,CLUSTER_70,maize_str,1014.3667151568669,27.04188991347916
D,CLUSTER_70,rape_str,1041.14,27.04188991347916
D,CLUSTER_70,legume_str,758.6,27.04188991347916
D,CLUSTER_79,cattle_man,15570.0,20.50786775533025
D,CLUSTER_79,maize_str,6400.0,20.50786775533025
D,CLUSTER_79,beet_leaf,2597.0,20.50786775533025
D,CLUSTER_79,rape_str,1076.6,20.50786775533025
D,CLUSTER_79,legume_str,931.4,20.50786775533025
D,CLUSTER_92,rape_str,752.9,44.3154889534278
D,CLUSTER_92,legume_str,339.0,44.3154889534278
S,CLUSTER_104,maize_str,1292.9218078304855,36.69295200785564
S,CLUSTER_150,legume_str,116.5,50.21038514624017
S,CLUSTER_155,maize_str,5236.0,13.666311120865108
S,CLUSTER_155,beet_leaf,71100.0,13.666311120865108
S,CLUSTER_195,rape_str,51.9,41.50168923340939
S,CLUSTER_195,legume_str,17.12,41.50168923340939
S,CLUSTER_2,maize_str,6515.0,15.025042767527284
S,CLUSTER_2,beet_leaf,10250.0,15.025042767527284
S,CLUSTER_20,maize_str,3732.0,36.31975551301444
S,CLUSTER_202,maize_str,1620.21,30.0442027747738
S,CLUSTER_223,maize_str,1682.3,27.27079749609094
S,CLUSTER_223,rape_str,240.1,27.27079749609094
S,CLUSTER_223,legume_str,122.22,27.27079749609094
S,CLUSTER_231,legume_str,26.42,49.16031169330381
S,CLUSTER_241,maize_str,29.1,30.600091028593837
S,CLUSTER_241,rape_str,46.0,30.600091028593837
S,CLUSTER_241,legume_str,14.47,30.600091028593837
S,CLUSTER_270,maize_str,1419.08,26.39011912436557
S,CLUSTER_270,rape_str,169.7,26.39011912436557
S,CLUSTER_270,legume_str,180.75,26.39011912436557
S,CLUSTER_274,maize_str,4828.0,16.975390646949233
S,CLUSTER_274,beet_leaf,47160.0,16.975390646949233
S,CLUSTER_274,rape_str,401.4,16.975390646949233
S,CLUSTER_274,legume_str,393.2,16.975390646949233
S,CLUSTER_282,cattle_man,10020.0,32.403348614791184
S,CLUSTER_282,maize_str,1199.9,32.403348614791184
S,CLUSTER_284,maize_str,3599.0,22.29719597627468
S,CLUSTER_330,rape_str,2235.0,37.56362831151073
S,CLUSTER_330,legume_str,753.8,37.56362831151073
S,CLUSTER_354,maize_str,3760.8,25.029671913513223
S,CLUSTER_355,cattle_slu,8967.24,3.0931416546111867
S,CLUSTER_355,clover_alfalfa_grass,3876.0,3.0931416546111867
S,CLUSTER_355,maize_str,6490.0,3.0931416546111867
S,CLUSTER_355,beet_leaf,29970.0,3.0931416546111867
S,CLUSTER_37,maize_str,5157.0,26.62785466965807
S,CLUSTER_370,rape_str,42.4,38.0099862898684
S,CLUSTER_370,legume_str,38.17,38.0099862898684
S,CLUSTER_400,maize_str,2077.499990094867,17.847969060242814
S,CLUSTER_400,beet_leaf,11210.0,17.847969060242814
S,CLUSTER_403,rape_str,1011.0,47.27949489082624
S,CLUSTER_403,legume_str,587.0,47.27949489082624
S,CLUSTER_429,rape_str,185.6,46.48654033207009
S,CLUSTER_456,maize_str,2995.0,20.022113667745845
S,CLUSTER_473,maize_str,2065.0,24.88162780511901
S,CLUSTER_488,cattle_slu,254.0,7.88287315112342
S,CLUSTER_488,clover_alfalfa_grass,963.0,7.88287315112342
S,CLUSTER_488,maize_str,3580.0,7.88287315112342
S,CLUSTER_488,beet_leaf,39300.0,7.88287315112342
S,CLUSTER_513,maize_str,11970.0,23.543296756751825
S,CLUSTER_64,legume_str,944.8,49.53190277918013
S,CLUSTER_68,cattle_man,2715.3,13.16605386306222
S,CLUSTER_68,maize_str,8434.0,13.16605386306222
S,CLUSTER_68,beet_leaf,45130.0,13.16605386306222
S,CLUSTER_70,maize_str,3251.633284843133,18.09981792386517
S,CLUSTER_70,beet_leaf,4041.0000000000005,18.09981792386517
S,CLUSTER_91,maize_str,5136.0,29.697625576926796
K,CLUSTER_124,cattle_man,20030.0,20.27154158295526
K,CLUSTER_146,cattle_man,2485.0,14.507177373560452
K,CLUSTER_196,cattle_man,17380.0,34.35167282463013
K,CLUSTER_196,horse_man,1807.0,34.35167282463013
K,CLUSTER_214,cattle_man,24580.0,30.575711880348656
K,CLUSTER_250,cattle_slu,55100.0,11.341459167515648
K,CLUSTER_258,cattle_man,16820.0,9.689034897645506
K,CLUSTER_258,cattle_slu,98070.0,9.689034897645506
K,CLUSTER_276,cattle_man,3122.0,24.82592522340526
K,CLUSTER_296,cattle_man,6573.0,3.996784489075528
K,CLUSTER_296,cattle_slu,37120.0,3.996784489075528
K,CLUSTER_416,cattle_man,553.9,22.108138517721223
K,CLUSTER_442,cattle_man,14580.0,22.40455997581717
K,CLUSTER_457,cattle_man,11400.0,15.891203363915222
K,CLUSTER_514,cattle_man,11580.0,11.042023854726503
K,CLUSTER_514,cattle_slu,60210.0,11.042023854726503
K,CLUSTER_528,cattle_man,7939.999999999999,15.496763178595764
K,CLUSTER_540,cattle_man,2510.0,30.422835899264147
K,CLUSTER_540,horse_man,1390.0,30.422835899264147
K,CLUSTER_547,cattle_man,10790.0,5.798215354844527
K,CLUSTER_547,cattle_slu,62400.0,5.798215354844527
K,CLUSTER_549,cattle_man,6580.0,12.652753062404706
K,CLUSTER_549,cattle_slu,33356.886334379335,12.652753062404706
W,CLUSTER_103,cattle_man,2660.0,48.5128513531953
W,CLUSTER_141,cattle_man,6618.0,29.253742182702545
W,CLUSTER_148,cattle_man,4501.0,35.49980943113744
W,CLUSTER_160,cattle_man,5620.0,32.04406114933001
W,CLUSTER_161,cattle_man,6850.0,18.932864371767057
W,CLUSTER_169,cattle_man,8425.7,28.398408552171155
W,CLUSTER_169,horse_man,1079.5,28.398408552171155
W,CLUSTER_171,cattle_man,11040.0,48.37932606634704
W,CLUSTER_183,cattle_man,16594.0,22.08770627239395
W,CLUSTER_183,horse_man,2503.0,22.08770627239395
W,CLUSTER_188,cattle_man,6172.0,46.71436879288
W,CLUSTER_190,cattle_man,9509.0,38.41755801171782
W,CLUSTER_190,horse_man,1595.7,38.41755801171782
W,CLUSTER_232,cattle_man,9900.0,7.595898480244807
W,CLUSTER_232,cattle_slu,55900.0,7.595898480244807
W,CLUSTER_232,horse_man,3168.0,7.595898480244807
W,CLUSTER_237,cattle_man,4862.0,39.65555781936352
W,CLUSTER_242,cattle_man,11300.0,22.26125062552521
W,CLUSTER_248,cattle_man,377.0,51.30744201437704
W,CLUSTER_266,cattle_man,5864.8,27.81059369331149
W,CLUSTER_278,cattle_man,5274.7,35.76063928752854
W,CLUSTER_278,horse_man,660.7,35.76063928752854
W,CLUSTER_289,cattle_man,2928.51287,47.59962299977346
W,CLUSTER_294,cattle_man,6386.0,13.16571117265606
W,CLUSTER_294,cattle_slu,28322.1,13.16571117265606
W,CLUSTER_30,cattle_man,5446.59,19.66796763824494
W,CLUSTER_314,cattle_man,812.91,5.258619826412417
W,CLUSTER_314,cattle_slu,17910.988,5.258619826412417
W,CLUSTER_381,cattle_man,4175.2,39.79415234288157
W,CLUSTER_390,cattle_man,4736.4,27.66051007921426
W,CLUSTER_390,horse_man,147.848,27.66051007921426
W,CLUSTER_395,cattle_man,1724.5,40.5196783358704
W,CLUSTER_404,cattle_man,4430.0,37.86042455602247
W,CLUSTER_420,cattle_man,7064.0,26.04724289428
W,CLUSTER_421,cattle_man,2121.0,52.32233341771331
W,CLUSTER_433,cattle_man,4450.0297,18.138451691577668
W,CLUSTER_433,horse_man,1106.0,18.138451691577668
W,CLUSTER_445,cattle_man,831.9,22.99401038576268
W,CLUSTER_454,cattle_man,5716.1,17.92302726428099
W,CLUSTER_454,cattle_slu,13429.151477866886,17.92302726428099
W,CLUSTER_459,cattle_man,3719.2,44.64642310911847
W,CLUSTER_460,cattle_man,3371.2,19.75250579408349
W,CLUSTER_460,horse_man,392.16,19.75250579408349
W,CLUSTER_462,cattle_man,3029.0,11.145467861453955
W,CLUSTER_462,cattle_slu,22007.0,11.145467861453955
W,CLUSTER_462,horse_man,386.0,11.145467861453955
W,CLUSTER_486,cattle_man,1158.0,12.02442813157513
W,CLUSTER_486,cattle_slu,18700.0,12.02442813157513
W,CLUSTER_490,cattle_man,3600.0,28.634408681710926
W,CLUSTER_494,cattle_man,9580.0,39.814504689432106
W,CLUSTER_532,cattle_man,3510.0508,12.727924425805252
W,CLUSTER_532,cattle_slu,21390.0,12.727924425805252
W,CLUSTER_6,cattle_man,810.17,50.02667587143165
W,CLUSTER_66,cattle_man,2641.0375,22.43763132628588
W,CLUSTER_66,horse_man,880.00908,22.43763132628588
W,CLUSTER_76,cattle_man,2539.0,42.17677189145565
W,CLUSTER_78,cattle_man,7012.0,37.50663763104112
W,CLUSTER_88,cattle_man,1437.0,42.862223951976
W,CLUSTER_96,cattle_man,3690.0,42.17105006066402
B,CLUSTER_152,cattle_man,3361.0,30.528510488889832
B,CLUSTER_157,cattle_man,22880.0,35.55666277440774
B,CLUSTER_178,cattle_man,16790.0,19.364819815117176
B,CLUSTER_178,cattle_slu,35551.73592593647,19.364819815117176
B,CLUSTER_201,cattle_man,7892.0,10.29039673105607
B,CLUSTER_201,cattle_slu,18990.0,10.29039673105607
B,CLUSTER_239,cattle_man,3789.0,55.1657330430056
B,CLUSTER_256,cattle_slu,3500.2,12.160217553817128
B,CLUSTER_263,cattle_man,11151.51,35.30210881913006
B,CLUSTER_28,cattle_man,8410.0,50.44524751310296
B,CLUSTER_297,cattle_man,11530.0,12.237745214167765
B,CLUSTER_297,cattle_slu,40380.0,12.237745214167765
B,CLUSTER_3,cattle_man,7882.999999999999,10.623914341964213
B,CLUSTER_3,cattle_slu,38874.0,10.623914341964213
B,CLUSTER_315,cattle_man,6294.0,20.96646905945102
B,CLUSTER_324,cattle_man,6315.0,24.08969760039796
B,CLUSTER_342,cattle_man,4948.0,8.892148362867285
B,CLUSTER_342,cattle_slu,14750.0,8.892148362867285
B,CLUSTER_345,cattle_man,8870.0,41.14004842948414
B,CLUSTER_415,cattle_man,6170.0,2.264001005534232
B,CLUSTER_415,cattle_slu,21660.0,2.264001005534232
B,CLUSTER_415,pig_slu,70.74000000000001,2.264001005534232
B,CLUSTER_447,cattle_man,6210.0,50.55057856904487
B,CLUSTER_495,cattle_man,7770.0,44.45772542339956
B,CLUSTER_499,cattle_man,4370.0,28.807418283984266
B,CLUSTER_507,cattle_slu,22950.0,18.269574146033133
B,CLUSTER_534,cattle_man,2189.0,26.91769729675138
B,CLUSTER_63,cattle_man,14627.0,18.80569826757328
B,CLUSTER_63,cattle_slu,44460.0,18.80569826757328
B,CLUSTER_84,cattle_man,12424.398133436103,15.19713260087686
B,CLUSTER_84,cattle_slu,75732.0,15.19713260087686
P,CLUSTER_110,cattle_man,22036.0,14.169010771012134
P,CLUSTER_110,cattle_slu,24343.0,14.169010771012134
P,CLUSTER_110,pig_slu,26.2009,14.169010771012134
P,CLUSTER_119,cattle_man,14930.0,19.7428302401844
P,CLUSTER_119,cattle_slu,17250.0,19.7428302401844
P,CLUSTER_158,cattle_man,792.0,49.32153997759411
P,CLUSTER_163,cattle_man,10520.0,18.209272538726463
P,CLUSTER_163,cattle_slu,11000.0,18.209272538726463
P,CLUSTER_163,horse_man,1805.0,18.209272538726463
P,CLUSTER_164,cattle_man,5420.0,29.799098736909684
P,CLUSTER_164,cattle_slu,4795.1,29.799098736909684
P,CLUSTER_170,cattle_man,2987.28,42.88290572587569
P,CLUSTER_172,horse_man,2882.7,69.64684656364659
P,CLUSTER_173,cattle_man,7846.000000000001,5.595904030888868
P,CLUSTER_173,cattle_slu,8502.0,5.595904030888868
P,CLUSTER_173,pig_slu,1495.07,5.595904030888868
P,CLUSTER_173,rape_str,696.9,5.595904030888868
P,CLUSTER_173,legume_str,245.0,5.595904030888868
P,CLUSTER_177,cattle_man,5132.0,15.472154522832891
P,CLUSTER_177,cattle_slu,4510.4,15.472154522832891
P,CLUSTER_177,pig_slu,15601.0,15.472154522832891
P,CLUSTER_179,cattle_man,11220.0,9.93348277227686
P,CLUSTER_179,cattle_slu,12390.0,9.93348277227686
P,CLUSTER_179,pig_slu,1466.78,9.93348277227686
P,CLUSTER_194,cattle_man,1291.719628605692,53.495947275658295
P,CLUSTER_200,cattle_man,3150.0,25.55773687667961
P,CLUSTER_200,cattle_slu,3739.1,25.55773687667961
P,CLUSTER_213,cattle_man,3968.0,32.2185325465508
P,CLUSTER_23,horse_man,1920.4,70.82192555602697
P,CLUSTER_236,cattle_slu,756.6,19.147831615115305
P,CLUSTER_238,cattle_man,7143.0,27.417980725701423
P,CLUSTER_238,cattle_slu,1328.2,27.417980725701423
P,CLUSTER_238,horse_man,820.7,27.417980725701423
P,CLUSTER_247,cattle_man,2871.0,26.831315441842413
P,CLUSTER_247,cattle_slu,3040.0,26.831315441842413
P,CLUSTER_260,horse_man,1035.0,54.772803080765485
P,CLUSTER_271,cattle_man,3622.2,26.77488267625451
P,CLUSTER_271,cattle_slu,2256.529,26.77488267625451
P,CLUSTER_271,horse_man,278.4,26.77488267625451
P,CLUSTER_275,cattle_man,3212.5,29.29469323870401
P,CLUSTER_275,cattle_slu,989.6,29.29469323870401
P,CLUSTER_310,horse_man,462.0,82.4258962184601
P,CLUSTER_317,cattle_man,11860.0,37.1023142023139
P,CLUSTER_320,cattle_slu,1671.0,30.202358765410235
P,CLUSTER_325,horse_man,3401.8,78.91644497079675
P,CLUSTER_328,cattle_man,9120.0,34.77911866508389
P,CLUSTER_334,horse_man,1501.5,71.28143905385657
P,CLUSTER_410,cattle_man,8090.0,18.684930172538465
P,CLUSTER_410,cattle_slu,6470.0,18.684930172538465
P,CLUSTER_424,cattle_man,6404.216625988674,52.116561846639975
P,CLUSTER_426,horse_man,3962.2,61.95207671176778
P,CLUSTER_430,cattle_man,1180.0,10.606894252762029
P,CLUSTER_430,cattle_slu,644.35,10.606894252762029
P,CLUSTER_430,pig_slu,1767.3,10.606894252762029
P,CLUSTER_449,cattle_man,7060.2,17.81840184769449
P,CLUSTER_449,cattle_slu,3955.0999999999995,17.81840184769449
P,CLUSTER_449,horse_man,518.500398,17.81840184769449
P,CLUSTER_449,pig_slu,10177.34320620383,17.81840184769449
P,CLUSTER_455,cattle_man,11640.0,51.01616285710872
P,CLUSTER_467,horse_man,266.5,62.98734682489375
P,CLUSTER_47,cattle_man,681.7,49.70207939525988
P,CLUSTER_47,horse_man,414.0,49.70207939525988
P,CLUSTER_49,cattle_slu,4801.4,18.88471454437424
P,CLUSTER_491,cattle_man,6717.0,25.489839080609823
P,CLUSTER_491,cattle_slu,482.2,25.489839080609823
P,CLUSTER_497,cattle_man,5760.0,45.47958815301031
P,CLUSTER_506,cattle_man,1700.0,42.55573703891909
P,CLUSTER_519,cattle_man,4091.0,20.056141110891573
P,CLUSTER_519,cattle_slu,3254.0,20.056141110891573
P,CLUSTER_519,horse_man,814.0,20.056141110891573
P,CLUSTER_525,cattle_man,4927.7,46.56517568869363
P,CLUSTER_525,horse_man,29.06,46.56517568869363
P,CLUSTER_526,horse_man,485.0,55.264124920179896
P,CLUSTER_538,cattle_man,3387.0,6.956832579600732
P,CLUSTER_538,cattle_slu,3543.0,6.956832579600732
P,CLUSTER_538,pig_slu,2128.6,6.956832579600732
P,CLUSTER_538,beet_leaf,343.8,6.956832579600732
P,CLUSTER_546,cattle_man,5370.0,29.878175879308124
P,CLUSTER_546,cattle_slu,2810.0,29.878175879308124
P,CLUSTER_546,horse_man,444.0,29.878175879308124
P,CLUSTER_56,horse_man,1846.8,74.4658408228769
P,CLUSTER_60,horse_man,2507.8,62.45844194899823
P,CLUSTER_80,cattle_man,2733.9,16.387396038473398
P,CLUSTER_80,cattle_slu,4518.7,16.387396038473398
P,CLUSTER_80,pig_slu,5050.5,16.387396038473398
P,CLUSTER_95,cattle_man,4536.0,33.67126186140436
P,CLUSTER_95,horse_man,229.22,33.67126186140436
