SupplyNode,PlantLocation,Feedstock,FlowTons,Distance_km
CLUSTER_107,B,cattle_man,13402.099999999993,34.307131916577106
CLUSTER_107,B,horse_man,1668.9,34.307131916577106
CLUSTER_107,B,pig_man,993.2,34.307131916577106
CLUSTER_152,B,cattle_man,3361.0,30.528510488889832
CLUSTER_201,B,cattle_man,7892.0,10.29039673105607
CLUSTER_201,B,cattle_slu,18990.0,10.29039673105607
CLUSTER_201,B,horse_man,2174.1,10.29039673105607
CLUSTER_209,B,cattle_man,13940.0,22.476289664086423
CLUSTER_256,B,cattle_man,2666.96,12.160217553817128
CLUSTER_256,B,cattle_slu,3500.2,12.160217553817128
CLUSTER_256,B,horse_man,2930.0,12.160217553817128
CLUSTER_256,B,pig_man,14.8359,12.160217553817128
CLUSTER_263,B,cattle_man,11151.51,35.30210881913006
CLUSTER_297,B,cattle_man,11530.0,12.237745214167765
CLUSTER_297,B,cattle_slu,40380.0,12.237745214167765
CLUSTER_297,B,horse_man,3459.0,12.237745214167765
CLUSTER_297,B,pig_man,153.126,12.237745214167765
CLUSTER_3,B,cattle_man,7882.999999999999,10.623914341964213
CLUSTER_3,B,cattle_slu,38874.0,10.623914341964213
CLUSTER_3,B,horse_man,5877.0,10.623914341964213
CLUSTER_3,B,pig_man,16.916,10.623914341964213
CLUSTER_315,B,cattle_man,6294.0,20.96646905945102
CLUSTER_315,B,horse_man,1179.8,20.96646905945102
CLUSTER_315,B,pig_man,304.38530000000003,20.96646905945102
CLUSTER_324,B,cattle_man,6315.0,24.08969760039796
CLUSTER_324,B,horse_man,736.19,24.08969760039796
CLUSTER_324,B,pig_man,258.47,24.08969760039796
CLUSTER_342,B,cattle_man,4948.0,8.892148362867285
CLUSTER_342,B,cattle_slu,14750.0,8.892148362867285
CLUSTER_342,B,horse_man,2247.0,8.892148362867285
CLUSTER_342,B,pig_man,109.9,8.892148362867285
CLUSTER_369,B,cattle_man,3235.7,19.60949081275104
CLUSTER_376,B,cattle_man,2955.0,22.875137393703877
CLUSTER_415,B,cattle_man,6170.0,2.264001005534232
CLUSTER_415,B,cattle_slu,21660.0,2.264001005534232
CLUSTER_415,B,horse_man,3241.0,2.264001005534232
CLUSTER_415,B,pig_slu,70.74000000000001,2.264001005534232
CLUSTER_427,B,cattle_man,8930.0,35.8916559562403
CLUSTER_499,B,cattle_man,4370.0,28.807418283984266
CLUSTER_499,B,horse_man,3670.0,28.807418283984266
CLUSTER_499,B,pig_man,128.13,28.807418283984266
CLUSTER_5,B,cattle_man,39.95411123083187,20.690517731043634
CLUSTER_507,B,cattle_man,9890.0,18.269574146033133
CLUSTER_534,B,cattle_man,2189.0,26.91769729675138
CLUSTER_63,B,cattle_man,14627.0,18.80569826757328
CLUSTER_63,B,horse_man,6166.0,18.80569826757328
CLUSTER_63,B,pig_man,79.20406,18.80569826757328
CLUSTER_84,B,cattle_man,15427.9,15.19713260087686
CLUSTER_84,B,cattle_slu,19315.440429603066,15.19713260087686
CLUSTER_114,C,cattle_man,3025.0,31.57635105244574
CLUSTER_114,C,horse_man,370.48697047005476,31.57635105244574
CLUSTER_114,C,pig_man,77.82099999780954,31.57635105244574
CLUSTER_133,C,horse_man,538.3,57.622682006346295
CLUSTER_153,C,cattle_man,5103.062,33.937809638096255
CLUSTER_153,C,horse_man,1262.5,33.937809638096255
CLUSTER_153,C,pig_man,71.88691,33.937809638096255
CLUSTER_168,C,cattle_man,4187.0,43.09510643420318
CLUSTER_168,C,horse_man,2384.0,43.09510643420318
CLUSTER_168,C,pig_man,426.892,43.09510643420318
CLUSTER_194,C,cattle_man,4180.5,17.261541108444582
CLUSTER_194,C,cattle_slu,4298.799999999998,17.261541108444582
CLUSTER_194,C,horse_man,974.4,17.261541108444582
CLUSTER_194,C,pig_man,308.943,17.261541108444582
CLUSTER_200,C,horse_man,797.9,34.89733268379698
CLUSTER_217,C,cattle_man,3099.0,21.328689049453377
CLUSTER_217,C,horse_man,1360.0,21.328689049453377
CLUSTER_217,C,pig_man,542.22,21.328689049453377
CLUSTER_222,C,cattle_man,793.6507936507936,21.440303406114804
CLUSTER_222,C,horse_man,643.3,21.440303406114804
CLUSTER_222,C,pig_man,43.141,21.440303406114804
CLUSTER_24,C,cattle_man,15326.0,28.65580757426249
CLUSTER_24,C,horse_man,1587.3015873015872,28.65580757426249
CLUSTER_24,C,pig_man,223.81187183186324,28.65580757426249
CLUSTER_247,C,horse_man,632.0,32.63886476882548
CLUSTER_255,C,cattle_man,5100.0,24.85775153669412
CLUSTER_255,C,horse_man,1720.5,24.85775153669412
CLUSTER_255,C,pig_man,204.36,24.85775153669412
CLUSTER_289,C,cattle_man,2928.51287,41.524302586993656
CLUSTER_289,C,horse_man,747.4,41.524302586993656
CLUSTER_289,C,pig_man,222.68,41.524302586993656
CLUSTER_293,C,cattle_man,4637.0,8.505228592533554
CLUSTER_293,C,cattle_slu,19004.0,8.505228592533554
CLUSTER_293,C,horse_man,504.0,8.505228592533554
CLUSTER_293,C,pig_man,338.2269,8.505228592533554
CLUSTER_298,C,cattle_man,6560.0,28.63399657195839
CLUSTER_298,C,horse_man,591.0,28.63399657195839
CLUSTER_317,C,cattle_man,11860.0,21.41648255629125
CLUSTER_317,C,horse_man,217.4,21.41648255629125
CLUSTER_317,C,pig_man,92.31,21.41648255629125
CLUSTER_320,C,horse_man,151.8,37.71068197604106
CLUSTER_326,C,cattle_man,7270.0,9.000886962242781
CLUSTER_326,C,cattle_slu,44110.0,9.000886962242781
CLUSTER_326,C,horse_man,1285.4,9.000886962242781
CLUSTER_326,C,pig_man,707.3,9.000886962242781
CLUSTER_327,C,horse_man,336.5,56.64613639343808
CLUSTER_328,C,cattle_man,9120.0,21.39265129559517
CLUSTER_328,C,horse_man,333.38,21.39265129559517
CLUSTER_328,C,pig_man,824.57,21.39265129559517
CLUSTER_347,C,cattle_man,674.0,29.04979443739329
CLUSTER_347,C,horse_man,826.5,29.04979443739329
CLUSTER_347,C,pig_man,55.193,29.04979443739329
CLUSTER_359,C,horse_man,362.1,47.571342518315696
CLUSTER_359,C,pig_man,13.947,47.571342518315696
CLUSTER_36,C,cattle_man,5369.2,31.148540196642877
CLUSTER_36,C,horse_man,1610.7,31.148540196642877
CLUSTER_36,C,pig_man,1634.0,31.148540196642877
CLUSTER_367,C,cattle_man,1682.0,16.590215971210657
CLUSTER_367,C,cattle_slu,18050.0,16.590215971210657
CLUSTER_367,C,horse_man,1169.9,16.590215971210657
CLUSTER_367,C,pig_man,1184.2,16.590215971210657
CLUSTER_38,C,cattle_man,6536.0,34.8064521071778
CLUSTER_38,C,horse_man,253.79999999999998,34.8064521071778
CLUSTER_38,C,pig_man,315.61,34.8064521071778
CLUSTER_4,C,pig_man,730.49,44.60242906771172
CLUSTER_401,C,cattle_man,1666.8,34.76250923820092
CLUSTER_401,C,horse_man,929.5,34.76250923820092
CLUSTER_401,C,pig_man,189.6729,34.76250923820092
CLUSTER_417,C,horse_man,430.8,37.82791146407786
CLUSTER_418,C,cattle_man,5426.46,15.714017830256266
CLUSTER_418,C,cattle_slu,10097.0,15.714017830256266
CLUSTER_418,C,horse_man,144.9,15.714017830256266
CLUSTER_418,C,pig_man,116.425,15.714017830256266
CLUSTER_421,C,cattle_man,2121.0,43.1485571015424
CLUSTER_455,C,cattle_man,11640.0,5.1092339127099455
CLUSTER_455,C,cattle_slu,11080.499,5.1092339127099455
CLUSTER_455,C,horse_man,810.1,5.1092339127099455
CLUSTER_455,C,pig_man,488.40999999999997,5.1092339127099455
CLUSTER_46,C,cattle_man,1697.0,24.388782202844585
CLUSTER_46,C,horse_man,2237.0,24.388782202844585
CLUSTER_46,C,pig_man,83.87871,24.388782202844585
CLUSTER_465,C,cattle_man,5980.0,15.825401453109482
CLUSTER_465,C,cattle_slu,28910.0,15.825401453109482
CLUSTER_465,C,horse_man,1448.0,15.825401453109482
CLUSTER_465,C,pig_man,518.0,15.825401453109482
CLUSTER_467,C,cattle_man,779.0,28.35976650855681
CLUSTER_467,C,horse_man,266.5,28.35976650855681
CLUSTER_467,C,pig_man,1040.9,28.35976650855681
CLUSTER_468,C,cattle_man,1492.0,32.03713212693096
CLUSTER_468,C,horse_man,11.2,32.03713212693096
CLUSTER_491,C,cattle_man,4089.834651727976,30.5713677410876
CLUSTER_491,C,horse_man,277.6,30.5713677410876
CLUSTER_506,C,cattle_man,1700.0,16.827634040931617
CLUSTER_506,C,horse_man,529.0,16.827634040931617
CLUSTER_506,C,pig_man,228.0325,16.827634040931617
CLUSTER_517,C,cattle_man,2042.0,9.99268005463376
CLUSTER_517,C,cattle_slu,1455.5,9.99268005463376
CLUSTER_517,C,horse_man,372.7,9.99268005463376
CLUSTER_525,C,cattle_man,4927.7,13.16504910843364
CLUSTER_525,C,cattle_slu,54.5,13.16504910843364
CLUSTER_525,C,horse_man,29.06,13.16504910843364
CLUSTER_525,C,pig_man,24.965,13.16504910843364
CLUSTER_526,C,cattle_man,2490.0,26.71841433906978
CLUSTER_526,C,horse_man,485.0,26.71841433906978
CLUSTER_526,C,pig_man,141.0,26.71841433906978
CLUSTER_535,C,cattle_man,1578.0,23.34063428105191
CLUSTER_535,C,horse_man,706.0,23.34063428105191
CLUSTER_535,C,pig_man,303.3,23.34063428105191
CLUSTER_539,C,cattle_man,2743.0,35.38649381893957
CLUSTER_539,C,horse_man,433.0,35.38649381893957
CLUSTER_95,C,cattle_man,4536.0,31.73749148852839
CLUSTER_95,C,horse_man,229.22,31.73749148852839
CLUSTER_104,D,legume_str,171.70000000000002,35.85242533245269
CLUSTER_104,D,rape_str,732.1,35.85242533245269
CLUSTER_124,D,legume_str,92.4,38.26212530716957
CLUSTER_159,D,beet_leaf,1650.0,21.241575337741114
CLUSTER_159,D,cattle_man,483.9042244636424,21.241575337741114
CLUSTER_159,D,legume_str,421.3,21.241575337741114
CLUSTER_159,D,maize_str,9172.0,21.241575337741114
CLUSTER_159,D,rape_str,771.0,21.241575337741114
CLUSTER_208,D,legume_str,344.5,20.20887246344904
CLUSTER_208,D,maize_str,2548.0,20.20887246344904
CLUSTER_208,D,rape_str,87.1,20.20887246344904
CLUSTER_214,D,legume_str,85.15,44.40108486196571
CLUSTER_225,D,beet_leaf,5020.0,15.18242667506266
CLUSTER_225,D,cattle_man,6770.0,15.18242667506266
CLUSTER_225,D,legume_str,589.4,15.18242667506266
CLUSTER_225,D,maize_str,8410.0,15.18242667506266
CLUSTER_225,D,rape_str,1132.3,15.18242667506266
CLUSTER_233,D,beet_leaf,1632.0,19.95439258471865
CLUSTER_233,D,legume_str,413.0,19.95439258471865
CLUSTER_233,D,rape_str,718.0,19.95439258471865
CLUSTER_258,D,legume_str,10.47,45.17899178475356
CLUSTER_273,D,beet_leaf,639.0,12.31280337755113
CLUSTER_273,D,cattle_man,6690.0,12.31280337755113
CLUSTER_273,D,legume_str,126.2,12.31280337755113
CLUSTER_273,D,maize_str,4942.0,12.31280337755113
CLUSTER_273,D,rape_str,116.6,12.31280337755113
CLUSTER_282,D,legume_str,149.16,30.686859422011
CLUSTER_282,D,rape_str,168.6,30.686859422011
CLUSTER_291,D,beet_leaf,5904.1,15.880985261752889
CLUSTER_291,D,cattle_man,2457.376,15.880985261752889
CLUSTER_291,D,legume_str,875.6,15.880985261752889
CLUSTER_291,D,maize_str,29880.0,15.880985261752889
CLUSTER_291,D,rape_str,424.0,15.880985261752889
CLUSTER_292,D,beet_leaf,1388.0,5.197727923211714
CLUSTER_292,D,cattle_man,8900.0,5.197727923211714
CLUSTER_292,D,cattle_slu,37420.0,5.197727923211714
CLUSTER_292,D,clover_alfalfa_grass,2878.0,5.197727923211714
CLUSTER_292,D,legume_str,588.0,5.197727923211714
CLUSTER_292,D,maize_str,10970.0,5.197727923211714
CLUSTER_292,D,pig_slu,41392.073569788976,5.197727923211714
CLUSTER_292,D,rape_str,1890.0,5.197727923211714
CLUSTER_296,D,legume_str,10.71,40.37794608697618
CLUSTER_302,D,legume_str,313.8,31.367947160635783
CLUSTER_302,D,rape_str,140.1,31.367947160635783
CLUSTER_319,D,legume_str,497.00000000000006,43.44438869722636
CLUSTER_319,D,rape_str,429.0,43.44438869722636
CLUSTER_398,D,legume_str,250.69999999999996,41.194054990735474
CLUSTER_398,D,rape_str,535.6,41.194054990735474
CLUSTER_402,D,beet_leaf,366.0,16.40057161839247
CLUSTER_402,D,cattle_man,1505.0,16.40057161839247
CLUSTER_402,D,legume_str,299.0,16.40057161839247
CLUSTER_402,D,maize_str,9600.0,16.40057161839247
CLUSTER_402,D,rape_str,21.1,16.40057161839247
CLUSTER_436,D,beet_leaf,44.5,10.13642886613104
CLUSTER_436,D,cattle_slu,81799.99999999999,10.13642886613104
CLUSTER_436,D,legume_str,253.39999999999998,10.13642886613104
CLUSTER_436,D,maize_str,2198.0,10.13642886613104
CLUSTER_436,D,rape_str,941.0,10.13642886613104
CLUSTER_450,D,legume_str,406.3,25.97264818306536
CLUSTER_450,D,maize_str,1425.0,25.97264818306536
CLUSTER_450,D,rape_str,562.7,25.97264818306536
CLUSTER_457,D,legume_str,108.18,31.99141086866128
CLUSTER_457,D,rape_str,30.800000000000004,31.99141086866128
CLUSTER_493,D,legume_str,157.4,28.366974910975543
CLUSTER_493,D,rape_str,189.92,28.366974910975543
CLUSTER_514,D,legume_str,49.46,33.55073769079673
CLUSTER_516,D,legume_str,330.5,19.87712675947059
CLUSTER_516,D,maize_str,1508.0,19.87712675947059
CLUSTER_516,D,rape_str,861.0,19.87712675947059
CLUSTER_537,D,beet_leaf,708.0,6.401110008736595
CLUSTER_537,D,cattle_man,2682.0,6.401110008736595
CLUSTER_537,D,cattle_slu,13070.0,6.401110008736595
CLUSTER_537,D,legume_str,243.7,6.401110008736595
CLUSTER_537,D,maize_str,8082.000000000001,6.401110008736595
CLUSTER_537,D,rape_str,567.4,6.401110008736595
CLUSTER_541,D,legume_str,57.8,36.19205777265515
CLUSTER_541,D,rape_str,221.9,36.19205777265515
CLUSTER_61,D,beet_leaf,2272.0,15.953960735786756
CLUSTER_61,D,legume_str,504.6,15.953960735786756
CLUSTER_61,D,maize_str,3365.0,15.953960735786756
CLUSTER_61,D,rape_str,985.9999999999999,15.953960735786756
CLUSTER_79,D,beet_leaf,2597.0,20.50786775533025
CLUSTER_79,D,legume_str,931.4,20.50786775533025
CLUSTER_79,D,maize_str,6400.0,20.50786775533025
CLUSTER_79,D,rape_str,1076.6,20.50786775533025
CLUSTER_92,D,legume_str,339.0,44.3154889534278
CLUSTER_92,D,rape_str,241.6156283048165,44.3154889534278
CLUSTER_100,I,cattle_man,9535.999999999958,19.5920672416836
CLUSTER_100,I,horse_man,3925.5,19.5920672416836
CLUSTER_100,I,pig_man,69.60999999999827,19.5920672416836
CLUSTER_116,I,cattle_man,856.0,47.52757285011594
CLUSTER_116,I,horse_man,1252.0,47.52757285011594
CLUSTER_116,I,pig_man,144.5,47.52757285011594
CLUSTER_126,I,cattle_man,6163.0,29.98408948379355
CLUSTER_126,I,horse_man,1435.2,29.98408948379355
CLUSTER_126,I,pig_man,2894.0,29.98408948379355
CLUSTER_131,I,cattle_man,9440.0,23.621195875809427
CLUSTER_131,I,horse_man,1232.0,23.621195875809427
CLUSTER_131,I,pig_man,1497.8,23.621195875809427
CLUSTER_142,I,cattle_man,32190.000000000004,26.48727192378866
CLUSTER_144,I,cattle_man,16190.0,51.27455456952297
CLUSTER_144,I,horse_man,1888.0,51.27455456952297
CLUSTER_144,I,pig_man,1094.5,51.27455456952297
CLUSTER_152,I,horse_man,2493.3,40.11399921684009
CLUSTER_152,I,pig_man,174.14849999999998,40.11399921684009
CLUSTER_165,I,cattle_man,8970.0,17.442195356656164
CLUSTER_165,I,cattle_slu,18434.19407332747,17.442195356656164
CLUSTER_165,I,horse_man,1926.7,17.442195356656164
CLUSTER_165,I,pig_man,1019.9,17.442195356656164
CLUSTER_180,I,horse_man,1481.0,42.04614323755432
CLUSTER_180,I,pig_man,6160.0,42.04614323755432
CLUSTER_20,I,cattle_man,27140.0,29.0103605365008
CLUSTER_20,I,horse_man,3289.0,29.0103605365008
CLUSTER_20,I,pig_man,3376.0,29.0103605365008
CLUSTER_22,I,cattle_man,44030.0,19.384369513478276
CLUSTER_22,I,horse_man,2301.0,19.384369513478276
CLUSTER_239,I,cattle_man,3789.0,39.185766238932935
CLUSTER_239,I,horse_man,2882.5,39.185766238932935
CLUSTER_239,I,pig_man,931.74,39.185766238932935
CLUSTER_257,I,cattle_man,512.5,38.51491885847626
CLUSTER_257,I,horse_man,1598.0,38.51491885847626
CLUSTER_257,I,pig_man,1704.41,38.51491885847626
CLUSTER_263,I,horse_man,3265.0,46.47852133093796
CLUSTER_263,I,pig_man,198.21,46.47852133093796
CLUSTER_279,I,cattle_man,21730.0,9.198434663170175
CLUSTER_279,I,cattle_slu,74670.0,9.198434663170175
CLUSTER_279,I,horse_man,1665.3,9.198434663170175
CLUSTER_279,I,legume_str,337.9218969287176,9.198434663170175
CLUSTER_279,I,pig_man,723.8400164000001,9.198434663170175
CLUSTER_288,I,cattle_man,23510.0,4.209945134889304
CLUSTER_288,I,cattle_slu,69700.0,4.209945134889304
CLUSTER_288,I,horse_man,1884.0,4.209945134889304
CLUSTER_288,I,legume_str,851.0,4.209945134889304
CLUSTER_288,I,pig_man,786.0,4.209945134889304
CLUSTER_288,I,rape_str,1600.0,4.209945134889304
CLUSTER_300,I,cattle_man,12150.0,19.65512320085841
CLUSTER_300,I,horse_man,6326.0,19.65512320085841
CLUSTER_300,I,pig_man,581.8449999999999,19.65512320085841
CLUSTER_306,I,cattle_man,13760.0,29.616805601279523
CLUSTER_306,I,horse_man,2610.0,29.616805601279523
CLUSTER_306,I,pig_man,479.4,29.616805601279523
CLUSTER_323,I,cattle_man,18150.0,15.76992912846304
CLUSTER_323,I,cattle_slu,79000.0,15.76992912846304
CLUSTER_323,I,horse_man,2339.0,15.76992912846304
CLUSTER_323,I,pig_man,275.81,15.76992912846304
CLUSTER_34,I,cattle_man,4823.3,50.47013102597254
CLUSTER_34,I,horse_man,3660.3,50.47013102597254
CLUSTER_345,I,cattle_man,8870.0,31.34346188171188
CLUSTER_345,I,horse_man,3059.0,31.34346188171188
CLUSTER_345,I,pig_man,131.752025,31.34346188171188
CLUSTER_354,I,cattle_man,4844.0,41.56980702612259
CLUSTER_371,I,cattle_man,13910.0,12.206972514077028
CLUSTER_371,I,cattle_slu,44150.0,12.206972514077028
CLUSTER_371,I,horse_man,1280.1,12.206972514077028
CLUSTER_371,I,pig_man,228.32,12.206972514077028
CLUSTER_403,I,cattle_man,9000.0,20.846260591708692
CLUSTER_423,I,cattle_man,22380.0,9.178658784762105
CLUSTER_423,I,cattle_slu,68630.0,9.178658784762105
CLUSTER_423,I,horse_man,1678.0106,9.178658784762105
CLUSTER_423,I,pig_man,669.519,9.178658784762105
CLUSTER_43,I,cattle_man,697.37,26.464584668981463
CLUSTER_43,I,horse_man,1609.1999999999998,26.464584668981463
CLUSTER_43,I,pig_man,36.5,26.464584668981463
CLUSTER_441,I,cattle_man,3147.0,30.17115734463263
CLUSTER_441,I,horse_man,821.0,30.17115734463263
CLUSTER_441,I,pig_man,1272.0,30.17115734463263
CLUSTER_447,I,cattle_man,6210.0,32.04971350317367
CLUSTER_447,I,horse_man,3973.0,32.04971350317367
CLUSTER_447,I,pig_man,67.14,32.04971350317367
CLUSTER_466,I,cattle_man,13690.0,16.826808247018572
CLUSTER_466,I,cattle_slu,28210.0,16.826808247018572
CLUSTER_466,I,horse_man,4155.0,16.826808247018572
CLUSTER_466,I,pig_man,43.27128999999999,16.826808247018572
CLUSTER_48,I,horse_man,1045.96,53.8412271587786
CLUSTER_48,I,pig_man,1701.4,53.8412271587786
CLUSTER_495,I,cattle_man,7770.0,41.25242877032069
CLUSTER_495,I,horse_man,1575.0,41.25242877032069
CLUSTER_495,I,pig_man,180.446,41.25242877032069
CLUSTER_501,I,horse_man,474.5,51.60690819849858
CLUSTER_501,I,pig_man,1378.0,51.60690819849858
CLUSTER_504,I,cattle_man,41.0,47.967766749040166
CLUSTER_504,I,horse_man,1033.0,47.967766749040166
CLUSTER_504,I,pig_man,442.0,47.967766749040166
CLUSTER_52,I,horse_man,1083.1,59.794710329795485
CLUSTER_544,I,cattle_man,5520.0,12.374483517457142
CLUSTER_544,I,cattle_slu,15250.0,12.374483517457142
CLUSTER_544,I,pig_man,15.550000000000002,12.374483517457142
CLUSTER_545,I,cattle_man,1080.0,39.11111849530876
CLUSTER_545,I,horse_man,1719.0,39.11111849530876
CLUSTER_545,I,pig_man,227.1,39.11111849530876
CLUSTER_69,I,cattle_man,40940.0,14.993645723967589
CLUSTER_69,I,cattle_slu,159380.0,14.993645723967589
CLUSTER_69,I,horse_man,2441.2,14.993645723967589
CLUSTER_69,I,pig_man,1247.43,14.993645723967589
CLUSTER_71,I,cattle_man,8797.0,20.934669489314107
CLUSTER_71,I,horse_man,2948.9,20.934669489314107
CLUSTER_71,I,pig_man,226.348,20.934669489314107
CLUSTER_73,I,cattle_man,5812.0,42.0820291832983
CLUSTER_73,I,horse_man,1613.1,42.0820291832983
CLUSTER_73,I,pig_man,3455.0,42.0820291832983
CLUSTER_124,K,cattle_man,20029.99999999997,20.27154158295526
CLUSTER_124,K,horse_man,2749.0,20.27154158295526
CLUSTER_124,K,pig_man,225.04,20.27154158295526
CLUSTER_146,K,cattle_man,2485.0,14.507177373560452
CLUSTER_159,K,cattle_man,7956.095775536357,28.82566624855713
CLUSTER_196,K,horse_man,1807.0,34.35167282463013
CLUSTER_214,K,cattle_man,24580.0,30.575711880348656
CLUSTER_214,K,horse_man,1119.6,30.575711880348656
CLUSTER_214,K,pig_man,13.92,30.575711880348656
CLUSTER_250,K,cattle_man,8735.82,11.341459167515648
CLUSTER_258,K,cattle_man,16820.0,9.689034897645506
CLUSTER_258,K,cattle_slu,53045.50455489052,9.689034897645506
CLUSTER_258,K,horse_man,1914.0,9.689034897645506
CLUSTER_276,K,cattle_man,3122.0,24.82592522340526
CLUSTER_276,K,horse_man,1192.0,24.82592522340526
CLUSTER_282,K,cattle_man,10020.0,18.851785101181772
CLUSTER_296,K,cattle_man,6573.0,3.996784489075528
CLUSTER_296,K,cattle_slu,37120.0,3.996784489075528
CLUSTER_296,K,horse_man,902.0,3.996784489075528
CLUSTER_416,K,cattle_man,553.9,22.108138517721223
CLUSTER_416,K,horse_man,387.2,22.108138517721223
CLUSTER_442,K,cattle_man,14580.0,22.40455997581717
CLUSTER_442,K,horse_man,2096.0,22.40455997581717
CLUSTER_457,K,cattle_man,11400.0,15.891203363915222
CLUSTER_457,K,horse_man,1512.5,15.891203363915222
CLUSTER_513,K,cattle_man,2780.0,28.187742841439803
CLUSTER_514,K,cattle_man,11580.0,11.042023854726503
CLUSTER_514,K,horse_man,1246.0,11.042023854726503
CLUSTER_528,K,cattle_man,7939.999999999999,15.496763178595764
CLUSTER_528,K,horse_man,1337.0,15.496763178595764
CLUSTER_540,K,cattle_man,2510.0,30.422835899264147
CLUSTER_540,K,horse_man,1390.0,30.422835899264147
CLUSTER_547,K,cattle_man,10790.0,5.798215354844527
CLUSTER_547,K,cattle_slu,62400.0,5.798215354844527
CLUSTER_547,K,horse_man,1621.0,5.798215354844527
CLUSTER_549,K,cattle_man,6580.0,12.652753062404706
CLUSTER_79,K,cattle_man,15570.0,23.836315782362423
CLUSTER_105,L,cattle_man,16042.0,26.69362291396916
CLUSTER_105,L,horse_man,2293.0,26.69362291396916
CLUSTER_136,L,cattle_man,22229.99999999997,15.700867439213187
CLUSTER_136,L,cattle_slu,108699.99999999996,15.700867439213187
CLUSTER_136,L,horse_man,3774.999999999993,15.700867439213187
CLUSTER_157,L,cattle_man,22880.0,9.909036502212208
CLUSTER_157,L,cattle_slu,106800.0,9.909036502212208
CLUSTER_157,L,horse_man,3454.0,9.909036502212208
CLUSTER_157,L,legume_str,10.799999999999999,9.909036502212208
CLUSTER_178,L,cattle_man,16790.0,25.04465074822919
CLUSTER_178,L,horse_man,5256.0,25.04465074822919
CLUSTER_204,L,cattle_man,10729.999977229743,25.298635917685967
CLUSTER_204,L,horse_man,2958.0,25.298635917685967
CLUSTER_204,L,pig_man,37.494,25.298635917685967
CLUSTER_209,L,horse_man,1265.6,35.15708040564473
CLUSTER_226,L,cattle_man,16880.0,27.7628959342418
CLUSTER_226,L,horse_man,2471.6,27.7628959342418
CLUSTER_243,L,cattle_man,19320.0,10.35425377496765
CLUSTER_243,L,cattle_slu,94100.0,10.35425377496765
CLUSTER_243,L,horse_man,2781.0,10.35425377496765
CLUSTER_27,L,cattle_man,18405.0,16.04453095427615
CLUSTER_27,L,cattle_slu,81790.0,16.04453095427615
CLUSTER_27,L,horse_man,4194.0,16.04453095427615
CLUSTER_27,L,legume_str,18.4,16.04453095427615
CLUSTER_28,L,cattle_man,8410.0,13.637702527583825
CLUSTER_28,L,cattle_slu,37620.0,13.637702527583825
CLUSTER_28,L,horse_man,2761.9,13.637702527583825
CLUSTER_287,L,cattle_man,2184.0,24.67330529481302
CLUSTER_287,L,horse_man,1571.0,24.67330529481302
CLUSTER_304,L,cattle_man,2118.0,23.47521144443495
CLUSTER_304,L,horse_man,706.6,23.47521144443495
CLUSTER_312,L,cattle_man,11300.0,31.16390312309625
CLUSTER_312,L,horse_man,1544.0,31.16390312309625
CLUSTER_352,L,cattle_man,13540.750876154883,29.72970214892348
CLUSTER_352,L,horse_man,3439.8886626394337,29.72970214892348
CLUSTER_360,L,cattle_man,8890.0,23.66730814768729
CLUSTER_360,L,horse_man,2360.0,23.66730814768729
CLUSTER_391,L,cattle_man,11195.0,1.462829191147043
CLUSTER_391,L,cattle_slu,53800.0,1.462829191147043
CLUSTER_391,L,horse_man,3066.0,1.462829191147043
CLUSTER_391,L,pig_slu,92.46,1.462829191147043
CLUSTER_412,L,cattle_man,16640.0,20.31593235318813
CLUSTER_412,L,horse_man,2158.0,20.31593235318813
CLUSTER_489,L,cattle_man,1068.0,14.972269028247506
CLUSTER_489,L,cattle_slu,3380.0,14.972269028247506
CLUSTER_489,L,horse_man,367.5,14.972269028247506
CLUSTER_502,L,cattle_man,12710.0,23.60942163086487
CLUSTER_502,L,horse_man,2093.0,23.60942163086487
CLUSTER_53,L,cattle_man,6226.92,8.931044484731185
CLUSTER_53,L,cattle_slu,25996.88,8.931044484731185
CLUSTER_53,L,horse_man,1543.0,8.931044484731185
CLUSTER_74,L,horse_man,3010.0,32.78752319626665
CLUSTER_84,L,horse_man,4351.0,34.28681103440994
CLUSTER_86,L,cattle_man,15698.0,20.311652264883524
CLUSTER_86,L,horse_man,1875.0,20.311652264883524
CLUSTER_121,M,cattle_man,11370.0,8.604073159729499
CLUSTER_121,M,cattle_slu,47600.0,8.604073159729499
CLUSTER_121,M,horse_man,2073.0,8.604073159729499
CLUSTER_135,M,cattle_man,35210.0,15.401739247021782
CLUSTER_135,M,cattle_slu,152400.0,15.401739247021782
CLUSTER_135,M,horse_man,2847.0,15.401739247021782
CLUSTER_135,M,pig_man,159.368,15.401739247021782
CLUSTER_149,M,cattle_man,19570.0,25.54602978464897
CLUSTER_149,M,horse_man,2613.8,25.54602978464897
CLUSTER_149,M,pig_man,19.0894,25.54602978464897
CLUSTER_192,M,cattle_man,3130.0,37.15820136510708
CLUSTER_192,M,horse_man,605.0,37.15820136510708
CLUSTER_203,M,cattle_man,28660.0,23.875695622981542
CLUSTER_244,M,cattle_man,18650.0,10.23046927643399
CLUSTER_244,M,cattle_slu,84140.0,10.23046927643399
CLUSTER_244,M,horse_man,3070.0,10.23046927643399
CLUSTER_244,M,legume_str,50.040000000000006,10.23046927643399
CLUSTER_308,M,cattle_man,2235.0,19.888421102567072
CLUSTER_308,M,horse_man,482.0,19.888421102567072
CLUSTER_350,M,cattle_man,14500.0,11.866481096771407
CLUSTER_350,M,cattle_slu,66000.0,11.866481096771407
CLUSTER_350,M,horse_man,2875.0,11.866481096771407
CLUSTER_350,M,legume_str,207.8,11.866481096771407
CLUSTER_350,M,pig_man,183.62,11.866481096771407
CLUSTER_374,M,cattle_man,5400.0,32.39200118979485
CLUSTER_374,M,horse_man,1839.0,32.39200118979485
CLUSTER_440,M,cattle_man,13440.0,3.872397837430798
CLUSTER_440,M,cattle_slu,62200.0,3.872397837430798
CLUSTER_440,M,horse_man,2708.0,3.872397837430798
CLUSTER_440,M,legume_str,29.4,3.872397837430798
CLUSTER_448,M,cattle_man,3200.0,21.40598644931297
CLUSTER_448,M,horse_man,654.0,21.40598644931297
CLUSTER_474,M,cattle_man,11990.0,24.076938941309358
CLUSTER_474,M,horse_man,1341.0,24.076938941309358
CLUSTER_58,M,cattle_man,4757.730966036413,21.60122688975634
CLUSTER_85,M,cattle_man,17750.0,18.03642726103076
CLUSTER_85,M,cattle_slu,28771.971441581278,18.03642726103076
CLUSTER_85,M,horse_man,2141.0,18.03642726103076
CLUSTER_85,M,pig_man,109.2627,18.03642726103076
CLUSTER_90,M,cattle_man,9800.0,25.415656525540925
CLUSTER_90,M,horse_man,1376.0,25.415656525540925
CLUSTER_93,M,cattle_man,44710.0,14.229769659656222
CLUSTER_93,M,cattle_slu,202100.0,14.229769659656222
CLUSTER_93,M,horse_man,4360.0,14.229769659656222
CLUSTER_93,M,pig_man,56.565000000000005,14.229769659656222
CLUSTER_117,N,cattle_man,13052.0,34.881852622141736
CLUSTER_117,N,horse_man,1848.2,34.881852622141736
CLUSTER_117,N,pig_man,153.071,34.881852622141736
CLUSTER_137,N,cattle_man,27690.0,16.39591081032852
CLUSTER_137,N,cattle_slu,183000.0,16.39591081032852
CLUSTER_137,N,horse_man,2767.999999999993,16.39591081032852
CLUSTER_137,N,pig_man,11.12,16.39591081032852
CLUSTER_174,N,cattle_man,17810.0,15.546659863089172
CLUSTER_174,N,cattle_slu,117700.0,15.546659863089172
CLUSTER_174,N,horse_man,1427.5,15.546659863089172
CLUSTER_191,N,cattle_man,11290.0,19.64819935534969
CLUSTER_191,N,horse_man,1592.0,19.64819935534969
CLUSTER_207,N,cattle_man,25080.0,16.891073975727178
CLUSTER_207,N,cattle_slu,115692.19366197156,16.891073975727178
CLUSTER_207,N,horse_man,1783.0,16.891073975727178
CLUSTER_224,N,cattle_man,12420.0,23.66569131115386
CLUSTER_224,N,horse_man,1438.0,23.66569131115386
CLUSTER_252,N,cattle_man,23950.0,3.950417895544717
CLUSTER_252,N,cattle_slu,150300.0,3.950417895544717
CLUSTER_252,N,horse_man,2046.0,3.950417895544717
CLUSTER_264,N,cattle_man,33570.0,26.37535660694412
CLUSTER_268,N,cattle_man,5520.0,46.11807368363178
CLUSTER_268,N,horse_man,1285.41,46.11807368363178
CLUSTER_313,N,cattle_man,20560.0,25.456505721199672
CLUSTER_329,N,cattle_man,13430.0,25.56716213258153
CLUSTER_329,N,horse_man,1337.0,25.56716213258153
CLUSTER_375,N,cattle_man,14310.0,27.600550339601565
CLUSTER_375,N,horse_man,280.5,27.600550339601565
CLUSTER_39,N,cattle_man,19310.0,24.38783971487718
CLUSTER_39,N,horse_man,1942.0,24.38783971487718
CLUSTER_422,N,cattle_man,4670.0,15.415275433826787
CLUSTER_422,N,cattle_slu,27900.0,15.415275433826787
CLUSTER_422,N,horse_man,1414.0,15.415275433826787
CLUSTER_434,N,cattle_man,2757.682873478572,23.7892972233661
CLUSTER_480,N,cattle_man,173.2,54.06213031938445
CLUSTER_480,N,horse_man,560.6,54.06213031938445
CLUSTER_492,N,cattle_man,6610.0,33.743321561675565
CLUSTER_492,N,horse_man,472.0,33.743321561675565
CLUSTER_51,N,cattle_man,28020.0,14.694936334359694
CLUSTER_51,N,cattle_slu,177430.0,14.694936334359694
CLUSTER_51,N,horse_man,2617.0,14.694936334359694
CLUSTER_521,N,cattle_man,12160.0,9.018867960593102
CLUSTER_521,N,cattle_slu,66000.0,9.018867960593102
CLUSTER_521,N,horse_man,1448.0,9.018867960593102
CLUSTER_527,N,cattle_man,7620.0,35.446119334289406
CLUSTER_527,N,horse_man,1912.0,35.446119334289406
CLUSTER_527,N,pig_man,48.0347,35.446119334289406
CLUSTER_65,N,cattle_man,29310.0,13.292807792387366
CLUSTER_65,N,cattle_slu,183100.0,13.292807792387366
CLUSTER_65,N,horse_man,2654.0,13.292807792387366
CLUSTER_65,N,pig_man,165.989,13.292807792387366
CLUSTER_74,N,cattle_man,27550.0,26.128404398712743
CLUSTER_94,N,cattle_man,10320.0,27.13208040804219
CLUSTER_94,N,horse_man,907.3,27.13208040804219
CLUSTER_102,O,cattle_man,1723.9999999998681,46.2465175800412
CLUSTER_102,O,horse_man,960.9999999999931,46.2465175800412
CLUSTER_108,O,cattle_man,372.4,50.95935100945899
CLUSTER_108,O,horse_man,2893.0,50.95935100945899
CLUSTER_108,O,pig_man,291.926,50.95935100945899
CLUSTER_11,O,cattle_man,3764.1,30.738688996441297
CLUSTER_11,O,horse_man,1455.0,30.738688996441297
CLUSTER_11,O,pig_man,23.6720704,30.738688996441297
CLUSTER_112,O,cattle_man,13057.0,44.20929456586716
CLUSTER_112,O,horse_man,1571.0,44.20929456586716
CLUSTER_112,O,pig_man,508.8,44.20929456586716
CLUSTER_113,O,horse_man,513.4,76.41139263340654
CLUSTER_114,O,horse_man,262.41302952995096,57.043778466816136
CLUSTER_115,O,pig_man,276.8087,55.55545947101424
CLUSTER_12,O,cattle_man,6212.0,27.784011225667776
CLUSTER_12,O,horse_man,2496.5,27.784011225667776
CLUSTER_12,O,pig_man,96.610847,27.784011225667776
CLUSTER_120,O,horse_man,643.23,82.18914678924355
CLUSTER_120,O,pig_man,313.972,82.18914678924355
CLUSTER_125,O,horse_man,653.0,67.21878464713915
CLUSTER_125,O,pig_man,536.0,67.21878464713915
CLUSTER_130,O,horse_man,373.2,53.27091823053208
CLUSTER_130,O,pig_man,304.35,53.27091823053208
CLUSTER_140,O,cattle_man,7209.0,33.01513678656524
CLUSTER_140,O,horse_man,867.0,33.01513678656524
CLUSTER_140,O,pig_man,765.7,33.01513678656524
CLUSTER_147,O,cattle_man,5220.0,9.142238298108296
CLUSTER_147,O,cattle_slu,32950.0,9.142238298108296
CLUSTER_147,O,horse_man,869.8,9.142238298108296
CLUSTER_147,O,legume_str,68.23,9.142238298108296
CLUSTER_147,O,pig_man,23.898,9.142238298108296
CLUSTER_147,O,rape_str,506.29999999999916,9.142238298108296
CLUSTER_15,O,cattle_man,7650.0,36.76138665416687
CLUSTER_15,O,horse_man,5057.0,36.76138665416687
CLUSTER_15,O,pig_man,68.319,36.76138665416687
CLUSTER_167,O,cattle_man,16680.0,15.926933594582287
CLUSTER_167,O,cattle_slu,85600.0,15.926933594582287
CLUSTER_167,O,horse_man,1062.4,15.926933594582287
CLUSTER_167,O,legume_str,378.19,15.926933594582287
CLUSTER_167,O,pig_man,722.3,15.926933594582287
CLUSTER_167,O,rape_str,2138.0,15.926933594582287
CLUSTER_18,O,horse_man,809.7,43.88912342680411
CLUSTER_18,O,pig_man,338.1159,43.88912342680411
CLUSTER_185,O,horse_man,786.4,81.54351294461256
CLUSTER_185,O,pig_man,183.43,81.54351294461256
CLUSTER_19,O,cattle_man,13523.0,15.309496355980338
CLUSTER_19,O,cattle_slu,80570.0,15.309496355980338
CLUSTER_19,O,horse_man,1890.0,15.309496355980338
CLUSTER_19,O,legume_str,163.01,15.309496355980338
CLUSTER_19,O,pig_man,322.3,15.309496355980338
CLUSTER_19,O,rape_str,1053.0,15.309496355980338
CLUSTER_197,O,cattle_man,6600.0,17.182738033275093
CLUSTER_197,O,cattle_slu,30490.0,17.182738033275093
CLUSTER_197,O,horse_man,194.9,17.182738033275093
CLUSTER_197,O,legume_str,64.6,17.182738033275093
CLUSTER_197,O,rape_str,192.0,17.182738033275093
CLUSTER_199,O,cattle_man,3629.0,46.58343323218769
CLUSTER_199,O,horse_man,704.0,46.58343323218769
CLUSTER_199,O,pig_man,341.399,46.58343323218769
CLUSTER_21,O,cattle_man,11680.0,29.29788155122423
CLUSTER_21,O,horse_man,1242.7,29.29788155122423
CLUSTER_211,O,cattle_man,4080.0000000000005,60.812178659065445
CLUSTER_211,O,horse_man,442.0,60.812178659065445
CLUSTER_211,O,pig_man,51.2,60.812178659065445
CLUSTER_216,O,cattle_man,6405.0,52.43497498383768
CLUSTER_216,O,horse_man,1391.183,52.43497498383768
CLUSTER_220,O,cattle_man,1849.0,27.267227805075443
CLUSTER_220,O,horse_man,806.0,27.267227805075443
CLUSTER_220,O,pig_man,25.08,27.267227805075443
CLUSTER_221,O,cattle_man,8125.0,34.33531747681896
CLUSTER_221,O,horse_man,1171.9,34.33531747681896
CLUSTER_221,O,pig_man,218.174,34.33531747681896
CLUSTER_227,O,pig_man,882.0,63.382706453212045
CLUSTER_230,O,cattle_man,11370.0,28.59463882445517
CLUSTER_230,O,horse_man,900.0,28.59463882445517
CLUSTER_230,O,pig_man,156.99,28.59463882445517
CLUSTER_245,O,horse_man,793.6507936507936,73.19969845149984
CLUSTER_245,O,pig_man,381.8,73.19969845149984
CLUSTER_249,O,pig_man,509.2300000000001,36.71414931417164
CLUSTER_25,O,horse_man,395.1,71.15593049920551
CLUSTER_259,O,cattle_man,11538.0,20.18024579393895
CLUSTER_259,O,cattle_slu,24641.023259057594,20.18024579393895
CLUSTER_259,O,horse_man,817.6,20.18024579393895
CLUSTER_259,O,legume_str,90.26,20.18024579393895
CLUSTER_259,O,pig_man,260.08,20.18024579393895
CLUSTER_259,O,rape_str,1130.8,20.18024579393895
CLUSTER_261,O,cattle_man,10670.0,27.606046302469576
CLUSTER_261,O,horse_man,1088.2,27.606046302469576
CLUSTER_261,O,pig_man,42.392,27.606046302469576
CLUSTER_262,O,cattle_man,7320.0,22.29609679806282
CLUSTER_262,O,horse_man,491.0,22.29609679806282
CLUSTER_262,O,legume_str,189.5,22.29609679806282
CLUSTER_262,O,pig_man,55.52,22.29609679806282
CLUSTER_265,O,cattle_man,1417.0,39.23479120904904
CLUSTER_265,O,horse_man,1119.1,39.23479120904904
CLUSTER_265,O,pig_man,39.79,39.23479120904904
CLUSTER_269,O,cattle_man,10313.0,29.862015682244888
CLUSTER_269,O,horse_man,2387.8,29.862015682244888
CLUSTER_269,O,pig_man,389.745,29.862015682244888
CLUSTER_272,O,cattle_man,3166.9,50.58132232667343
CLUSTER_272,O,horse_man,1033.0,50.58132232667343
CLUSTER_286,O,horse_man,502.1,77.34986576538374
CLUSTER_286,O,pig_man,407.6,77.34986576538374
CLUSTER_290,O,horse_man,887.0,66.32421652125126
CLUSTER_290,O,pig_man,122.18799999999999,66.32421652125126
CLUSTER_299,O,cattle_man,4359.0,38.56364530157386
CLUSTER_299,O,horse_man,817.8,38.56364530157386
CLUSTER_299,O,pig_man,111.861,38.56364530157386
CLUSTER_307,O,horse_man,1101.0,65.00036546508902
CLUSTER_309,O,cattle_man,7630.0,56.0086149721915
CLUSTER_309,O,horse_man,240.3,56.0086149721915
CLUSTER_309,O,pig_man,216.09,56.0086149721915
CLUSTER_31,O,pig_man,390.4,57.04783931316793
CLUSTER_322,O,cattle_man,5790.0,43.64361478756887
CLUSTER_322,O,horse_man,1355.0,43.64361478756887
CLUSTER_322,O,pig_man,57.48,43.64361478756887
CLUSTER_331,O,cattle_man,5700.0,58.005640546120176
CLUSTER_331,O,horse_man,3020.0,58.005640546120176
CLUSTER_331,O,pig_man,621.0,58.005640546120176
CLUSTER_333,O,cattle_man,11300.0,38.19858370254437
CLUSTER_333,O,horse_man,712.5,38.19858370254437
CLUSTER_333,O,pig_man,364.2,38.19858370254437
CLUSTER_335,O,cattle_man,4820.0,43.12113903997755
CLUSTER_335,O,horse_man,3071.0,43.12113903997755
CLUSTER_335,O,pig_man,497.042,43.12113903997755
CLUSTER_346,O,cattle_man,146.3,36.10596321021209
CLUSTER_346,O,horse_man,804.6,36.10596321021209
CLUSTER_357,O,horse_man,1403.7,37.48159146830983
CLUSTER_357,O,pig_man,843.3,37.48159146830983
CLUSTER_358,O,cattle_man,8329.0,54.27968537407461
CLUSTER_358,O,horse_man,586.9,54.27968537407461
CLUSTER_358,O,pig_man,505.06,54.27968537407461
CLUSTER_380,O,cattle_man,6580.0,48.63225221983092
CLUSTER_380,O,horse_man,1242.0,48.63225221983092
CLUSTER_380,O,pig_man,506.99999999999994,48.63225221983092
CLUSTER_381,O,horse_man,1692.89,59.25182869030586
CLUSTER_381,O,pig_man,167.133571,59.25182869030586
CLUSTER_384,O,cattle_man,3170.0,19.203388467556582
CLUSTER_384,O,cattle_slu,23530.0,19.203388467556582
CLUSTER_384,O,horse_man,619.0,19.203388467556582
CLUSTER_384,O,legume_str,93.3,19.203388467556582
CLUSTER_384,O,pig_man,123.71,19.203388467556582
CLUSTER_384,O,rape_str,817.0,19.203388467556582
CLUSTER_385,O,cattle_man,5530.0,46.19526068913231
CLUSTER_385,O,horse_man,616.3,46.19526068913231
CLUSTER_385,O,pig_man,407.79,46.19526068913231
CLUSTER_387,O,horse_man,1714.3,35.22595473774401
CLUSTER_387,O,pig_man,180.0399,35.22595473774401
CLUSTER_392,O,cattle_man,5800.0,31.35908426159611
CLUSTER_392,O,horse_man,513.0,31.35908426159611
CLUSTER_392,O,pig_man,46.5,31.35908426159611
CLUSTER_397,O,cattle_man,5686.0,56.64444676793023
CLUSTER_397,O,horse_man,797.2,56.64444676793023
CLUSTER_397,O,pig_man,80.291,56.64444676793023
CLUSTER_40,O,cattle_man,5321.0,21.71022837479344
CLUSTER_40,O,horse_man,2457.6,21.71022837479344
CLUSTER_40,O,legume_str,180.49,21.71022837479344
CLUSTER_40,O,pig_man,213.46,21.71022837479344
CLUSTER_40,O,rape_str,49.030610248473536,21.71022837479344
CLUSTER_409,O,cattle_man,12230.0,26.867064856374576
CLUSTER_409,O,horse_man,858.0,26.867064856374576
CLUSTER_409,O,pig_man,568.9,26.867064856374576
CLUSTER_41,O,cattle_man,390.8,49.53712767179164
CLUSTER_41,O,horse_man,2108.8,49.53712767179164
CLUSTER_41,O,pig_man,16.8586,49.53712767179164
CLUSTER_413,O,pig_man,1220.808,47.31278756323263
CLUSTER_414,O,cattle_man,13020.0,17.12218605757884
CLUSTER_414,O,cattle_slu,62810.00000000001,17.12218605757884
CLUSTER_414,O,horse_man,1048.1,17.12218605757884
CLUSTER_414,O,legume_str,213.38,17.12218605757884
CLUSTER_414,O,pig_man,218.538,17.12218605757884
CLUSTER_414,O,rape_str,522.6,17.12218605757884
CLUSTER_419,O,cattle_man,2304.0,52.61731028938201
CLUSTER_419,O,horse_man,791.0,52.61731028938201
CLUSTER_419,O,pig_man,62.91951999999999,52.61731028938201
CLUSTER_421,O,horse_man,802.6,60.74145124133947
CLUSTER_425,O,cattle_man,2512.95,39.63853587370899
CLUSTER_425,O,horse_man,526.6,39.63853587370899
CLUSTER_425,O,pig_man,14.561,39.63853587370899
CLUSTER_435,O,cattle_man,3989.9999999999995,51.70551110698732
CLUSTER_435,O,horse_man,1508.0,51.70551110698732
CLUSTER_437,O,cattle_man,8510.0,32.74199906154484
CLUSTER_437,O,horse_man,938.0,32.74199906154484
CLUSTER_437,O,pig_man,50.0,32.74199906154484
CLUSTER_438,O,cattle_man,3331.0,28.44100695368174
CLUSTER_438,O,horse_man,832.8,28.44100695368174
CLUSTER_438,O,pig_man,223.18,28.44100695368174
CLUSTER_439,O,cattle_man,12440.0,49.59670051951877
CLUSTER_439,O,horse_man,163.7,49.59670051951877
CLUSTER_439,O,pig_man,625.9,49.59670051951877
CLUSTER_444,O,cattle_man,2690.0,43.2563966996276
CLUSTER_444,O,horse_man,379.2,43.2563966996276
CLUSTER_444,O,pig_man,84.611,43.2563966996276
CLUSTER_45,O,pig_man,55.502,55.35571912782147
CLUSTER_451,O,cattle_man,7650.0,56.15990873413266
CLUSTER_451,O,horse_man,523.0,56.15990873413266
CLUSTER_451,O,pig_man,528.0,56.15990873413266
CLUSTER_461,O,horse_man,1385.0,73.13583180953356
CLUSTER_461,O,pig_man,138.37,73.13583180953356
CLUSTER_471,O,cattle_man,292.0,46.14495624774377
CLUSTER_471,O,horse_man,250.50000000000003,46.14495624774377
CLUSTER_475,O,horse_man,665.9,59.862009327760376
CLUSTER_475,O,pig_man,250.66,59.862009327760376
CLUSTER_476,O,cattle_man,2730.0,51.52940631306774
CLUSTER_476,O,horse_man,492.00000000000006,51.52940631306774
CLUSTER_50,O,cattle_man,17080.0,40.1949584625966
CLUSTER_50,O,horse_man,1154.13,40.1949584625966
CLUSTER_50,O,pig_man,604.7121,40.1949584625966
CLUSTER_510,O,cattle_man,2238.5,39.41501520012907
CLUSTER_510,O,horse_man,1319.0,39.41501520012907
CLUSTER_512,O,cattle_man,5080.0,11.817031552164131
CLUSTER_512,O,cattle_slu,27200.0,11.817031552164131
CLUSTER_512,O,horse_man,541.0,11.817031552164131
CLUSTER_512,O,legume_str,138.2,11.817031552164131
CLUSTER_512,O,pig_man,391.0,11.817031552164131
CLUSTER_512,O,rape_str,499.0,11.817031552164131
CLUSTER_518,O,horse_man,1313.0,65.40610116038478
CLUSTER_518,O,pig_man,245.9,65.40610116038478
CLUSTER_522,O,horse_man,288.1,65.96009718773522
CLUSTER_522,O,pig_man,183.7,65.96009718773522
CLUSTER_524,O,cattle_man,2192.0,46.28279480493111
CLUSTER_524,O,horse_man,1677.6,46.28279480493111
CLUSTER_524,O,pig_man,18.178,46.28279480493111
CLUSTER_529,O,cattle_man,7480.0,6.061244699686731
CLUSTER_529,O,cattle_slu,39200.0,6.061244699686731
CLUSTER_529,O,horse_man,807.0,6.061244699686731
CLUSTER_529,O,legume_str,186.5,6.061244699686731
CLUSTER_529,O,pig_man,18.6,6.061244699686731
CLUSTER_529,O,rape_str,859.0,6.061244699686731
CLUSTER_536,O,cattle_man,3358.0,15.938642707328473
CLUSTER_536,O,cattle_slu,18370.0,15.938642707328473
CLUSTER_536,O,horse_man,483.9,15.938642707328473
CLUSTER_536,O,legume_str,88.69999999999999,15.938642707328473
CLUSTER_536,O,pig_man,168.6,15.938642707328473
CLUSTER_536,O,rape_str,222.0,15.938642707328473
CLUSTER_55,O,cattle_man,3272.0,34.809365069978256
CLUSTER_55,O,horse_man,3076.3,34.809365069978256
CLUSTER_55,O,pig_man,46.48,34.809365069978256
CLUSTER_59,O,cattle_man,5668.0,27.62307892988904
CLUSTER_59,O,horse_man,456.477,27.62307892988904
CLUSTER_59,O,pig_man,56.019,27.62307892988904
CLUSTER_7,O,cattle_man,6818.0,42.2631751481204
CLUSTER_7,O,horse_man,843.8,42.2631751481204
CLUSTER_7,O,pig_man,353.272,42.2631751481204
CLUSTER_72,O,cattle_man,16164.673808411078,55.94099568779031
CLUSTER_72,O,horse_man,4938.0,55.94099568779031
CLUSTER_77,O,cattle_man,15680.0,42.52895263138571
CLUSTER_77,O,horse_man,1160.0,42.52895263138571
CLUSTER_77,O,pig_man,82.7,42.52895263138571
CLUSTER_88,O,horse_man,1496.2,61.57003909029754
CLUSTER_88,O,pig_man,46.485800000000005,61.57003909029754
CLUSTER_89,O,cattle_man,6220.0,54.02756123877121
CLUSTER_89,O,horse_man,1274.4,54.02756123877121
CLUSTER_89,O,pig_man,499.7749999999999,54.02756123877121
CLUSTER_96,O,cattle_man,3690.0,54.08574813346248
CLUSTER_96,O,horse_man,2943.838,54.08574813346248
CLUSTER_96,O,pig_man,107.14,54.08574813346248
CLUSTER_98,O,cattle_man,5002.1,61.20386196731973
CLUSTER_98,O,horse_man,673.1,61.20386196731973
CLUSTER_98,O,pig_man,181.343,61.20386196731973
CLUSTER_10,P,pig_man,15.9693,62.40885635035748
CLUSTER_110,P,cattle_man,22035.99999984221,14.169010771012134
CLUSTER_110,P,cattle_slu,24343.0,14.169010771012134
CLUSTER_110,P,horse_man,797.0,14.169010771012134
CLUSTER_110,P,pig_slu,26.200899999996533,14.169010771012134
CLUSTER_119,P,cattle_man,14930.0,19.7428302401844
CLUSTER_119,P,cattle_slu,17250.0,19.7428302401844
CLUSTER_119,P,horse_man,1764.0,19.7428302401844
CLUSTER_119,P,pig_man,210.9,19.7428302401844
CLUSTER_134,P,pig_man,1021.56,41.64663659414459
CLUSTER_139,P,pig_man,42.67,46.9403944340512
CLUSTER_154,P,pig_man,309.885,38.36864290583711
CLUSTER_156,P,pig_man,137.8229,57.58868636886954
CLUSTER_158,P,horse_man,253.79999999999998,49.32153997759411
CLUSTER_16,P,pig_man,563.7029,54.3583677924984
CLUSTER_163,P,cattle_man,10520.0,18.209272538726463
CLUSTER_163,P,cattle_slu,11000.0,18.209272538726463
CLUSTER_163,P,horse_man,1805.0,18.209272538726463
CLUSTER_164,P,cattle_man,5420.0,29.799098736909684
CLUSTER_164,P,horse_man,1264.0,29.799098736909684
CLUSTER_164,P,pig_man,46.635000000000005,29.799098736909684
CLUSTER_170,P,horse_man,782.0,42.88290572587569
CLUSTER_173,P,cattle_man,7846.000000000001,5.595904030888868
CLUSTER_173,P,cattle_slu,8502.0,5.595904030888868
CLUSTER_173,P,horse_man,973.0,5.595904030888868
CLUSTER_173,P,pig_man,64.52416,5.595904030888868
CLUSTER_173,P,pig_slu,1495.07,5.595904030888868
CLUSTER_177,P,cattle_man,5132.0,15.472154522832891
CLUSTER_177,P,cattle_slu,4510.4,15.472154522832891
CLUSTER_177,P,horse_man,285.4,15.472154522832891
CLUSTER_177,P,pig_man,779.21,15.472154522832891
CLUSTER_177,P,pig_slu,11046.53898125417,15.472154522832891
CLUSTER_179,P,cattle_man,11220.0,9.93348277227686
CLUSTER_179,P,cattle_slu,12390.0,9.93348277227686
CLUSTER_179,P,horse_man,1139.0,9.93348277227686
CLUSTER_179,P,pig_man,63.56600000000001,9.93348277227686
CLUSTER_179,P,pig_slu,1466.78,9.93348277227686
CLUSTER_200,P,cattle_man,3150.0,25.55773687667961
CLUSTER_200,P,cattle_slu,3739.1,25.55773687667961
CLUSTER_200,P,pig_man,508.565,25.55773687667961
CLUSTER_213,P,cattle_man,3968.253968253968,32.2185325465508
CLUSTER_213,P,horse_man,642.2,32.2185325465508
CLUSTER_236,P,cattle_man,1177.4,19.147831615115305
CLUSTER_236,P,cattle_slu,756.6,19.147831615115305
CLUSTER_236,P,horse_man,1045.5,19.147831615115305
CLUSTER_236,P,pig_man,144.7,19.147831615115305
CLUSTER_238,P,cattle_man,7142.857142857142,27.417980725701423
CLUSTER_238,P,horse_man,820.7,27.417980725701423
CLUSTER_238,P,pig_man,123.38,27.417980725701423
CLUSTER_24,P,pig_man,215.12812816813704,40.91176717905602
CLUSTER_246,P,pig_man,400.322,63.47158314850433
CLUSTER_247,P,cattle_man,2871.0,26.831315441842413
CLUSTER_247,P,pig_man,228.0,26.831315441842413
CLUSTER_251,P,pig_man,335.71000000000004,61.16341339516235
CLUSTER_260,P,horse_man,1035.0,54.772803080765485
CLUSTER_260,P,pig_man,45.446,54.772803080765485
CLUSTER_271,P,cattle_man,3622.2,26.77488267625451
CLUSTER_271,P,horse_man,278.4,26.77488267625451
CLUSTER_271,P,pig_man,831.7,26.77488267625451
CLUSTER_275,P,cattle_man,3212.5,29.29469323870401
CLUSTER_275,P,horse_man,564.0,29.29469323870401
CLUSTER_277,P,cattle_man,6870.0,39.11613057428052
CLUSTER_277,P,horse_man,49.85914614820971,39.11613057428052
CLUSTER_277,P,pig_man,203.959,39.11613057428052
CLUSTER_283,P,pig_man,1637.37,51.58672687483226
CLUSTER_310,P,pig_man,67.1,82.4258962184601
CLUSTER_320,P,cattle_man,1036.0,30.202358765410235
CLUSTER_320,P,pig_man,16.0,30.202358765410235
CLUSTER_325,P,pig_man,710.15139,78.91644497079675
CLUSTER_332,P,pig_man,132.8458,54.32194764102796
CLUSTER_334,P,pig_man,214.22,71.28143905385657
CLUSTER_388,P,horse_man,410.3,55.9486636231285
CLUSTER_389,P,pig_man,58.461,46.8952133560637
CLUSTER_410,P,cattle_man,8090.0,18.684930172538465
CLUSTER_410,P,cattle_slu,6470.0,18.684930172538465
CLUSTER_410,P,horse_man,808.4,18.684930172538465
CLUSTER_410,P,pig_man,261.9019,18.684930172538465
CLUSTER_417,P,pig_man,197.25,45.9084829396801
CLUSTER_424,P,pig_man,185.966,52.116561846639975
CLUSTER_426,P,horse_man,3962.2,61.95207671176778
CLUSTER_426,P,pig_man,46.733,61.95207671176778
CLUSTER_430,P,cattle_man,1180.0,10.606894252762029
CLUSTER_430,P,cattle_slu,644.35,10.606894252762029
CLUSTER_430,P,horse_man,480.0,10.606894252762029
CLUSTER_430,P,pig_man,159.375,10.606894252762029
CLUSTER_430,P,pig_slu,1767.3,10.606894252762029
CLUSTER_449,P,cattle_man,7060.2,17.81840184769449
CLUSTER_449,P,cattle_slu,3955.0999999999995,17.81840184769449
CLUSTER_449,P,horse_man,518.500398,17.81840184769449
CLUSTER_449,P,pig_man,577.091,17.81840184769449
CLUSTER_47,P,horse_man,414.0,49.70207939525988
CLUSTER_487,P,pig_man,299.25,30.478371171189487
CLUSTER_49,P,cattle_man,15490.0,18.88471454437424
CLUSTER_49,P,cattle_slu,4801.4,18.88471454437424
CLUSTER_49,P,horse_man,1710.1,18.88471454437424
CLUSTER_49,P,pig_man,231.961,18.88471454437424
CLUSTER_491,P,cattle_man,2627.165348272024,25.489839080609823
CLUSTER_491,P,cattle_slu,482.2,25.489839080609823
CLUSTER_491,P,pig_man,236.64,25.489839080609823
CLUSTER_497,P,pig_man,347.9,45.47958815301031
CLUSTER_519,P,cattle_man,4091.0,20.056141110891573
CLUSTER_519,P,cattle_slu,3254.0,20.056141110891573
CLUSTER_519,P,horse_man,814.0,20.056141110891573
CLUSTER_530,P,pig_man,84.5,78.05717856679738
CLUSTER_538,P,cattle_man,3387.0,6.956832579600732
CLUSTER_538,P,cattle_slu,3543.0,6.956832579600732
CLUSTER_538,P,horse_man,768.4,6.956832579600732
CLUSTER_538,P,pig_man,151.197,6.956832579600732
CLUSTER_538,P,pig_slu,2128.6,6.956832579600732
CLUSTER_546,P,cattle_man,5370.0,29.878175879308124
CLUSTER_546,P,horse_man,444.0,29.878175879308124
CLUSTER_56,P,pig_man,427.76,74.4658408228769
CLUSTER_60,P,horse_man,2507.8,62.45844194899823
CLUSTER_60,P,pig_man,45.1582,62.45844194899823
CLUSTER_80,P,cattle_man,2733.9,16.387396038473398
CLUSTER_80,P,cattle_slu,4518.7,16.387396038473398
CLUSTER_80,P,horse_man,210.9,16.387396038473398
CLUSTER_80,P,pig_man,275.303,16.387396038473398
CLUSTER_95,P,pig_man,778.92,33.67126186140436
CLUSTER_97,P,pig_man,302.6467,33.59565482914659
CLUSTER_1,Q,cattle_man,7654.549999974937,31.277971991752715
CLUSTER_1,Q,horse_man,642.4,31.277971991752715
CLUSTER_1,Q,pig_man,381.6,31.277971991752715
CLUSTER_101,Q,cattle_man,7667.4141,16.600242390021005
CLUSTER_101,Q,cattle_slu,32067.99999999997,16.600242390021005
CLUSTER_101,Q,horse_man,1895.41,16.600242390021005
CLUSTER_101,Q,pig_man,311.45,16.600242390021005
CLUSTER_103,Q,cattle_man,2660.0,10.667316421607152
CLUSTER_103,Q,cattle_slu,22700.0,10.667316421607152
CLUSTER_103,Q,horse_man,678.2,10.667316421607152
CLUSTER_103,Q,legume_str,84.58999999999999,10.667316421607152
CLUSTER_103,Q,pig_man,791.300184,10.667316421607152
CLUSTER_103,Q,rape_str,208.4,10.667316421607152
CLUSTER_129,Q,cattle_man,8284.0,45.41847964546755
CLUSTER_129,Q,horse_man,1743.9,45.41847964546755
CLUSTER_129,Q,pig_man,245.9917,45.41847964546755
CLUSTER_132,Q,cattle_man,7032.59,43.44989131476244
CLUSTER_132,Q,horse_man,795.885,43.44989131476244
CLUSTER_132,Q,pig_man,943.9,43.44989131476244
CLUSTER_138,Q,horse_man,665.1,51.13773863214325
CLUSTER_138,Q,pig_man,1203.8,51.13773863214325
CLUSTER_141,Q,pig_man,111.971,51.81951073089135
CLUSTER_145,Q,cattle_man,10356.0,27.56939221118056
CLUSTER_145,Q,horse_man,1174.0,27.56939221118056
CLUSTER_145,Q,pig_man,104.2,27.56939221118056
CLUSTER_162,Q,cattle_man,4108.423,48.14449758314529
CLUSTER_162,Q,horse_man,3375.9,48.14449758314529
CLUSTER_162,Q,pig_man,126.94,48.14449758314529
CLUSTER_169,Q,cattle_man,8425.7,22.33585924491123
CLUSTER_169,Q,horse_man,1079.5,22.33585924491123
CLUSTER_169,Q,legume_str,59.436,22.33585924491123
CLUSTER_169,Q,pig_man,332.076,22.33585924491123
CLUSTER_169,Q,rape_str,268.41,22.33585924491123
CLUSTER_171,Q,cattle_man,11040.0,22.975314989850062
CLUSTER_171,Q,horse_man,1981.0000000000002,22.975314989850062
CLUSTER_171,Q,legume_str,188.6,22.975314989850062
CLUSTER_171,Q,pig_man,887.0,22.975314989850062
CLUSTER_171,Q,rape_str,1563.0,22.975314989850062
CLUSTER_176,Q,cattle_man,2533.2,19.83949987683393
CLUSTER_176,Q,cattle_slu,12210.0,19.83949987683393
CLUSTER_176,Q,horse_man,750.0,19.83949987683393
CLUSTER_176,Q,pig_man,232.96,19.83949987683393
CLUSTER_182,Q,horse_man,2035.0,57.09973322322865
CLUSTER_182,Q,pig_man,1527.0,57.09973322322865
CLUSTER_183,Q,horse_man,2503.0,38.74954593556324
CLUSTER_183,Q,pig_man,458.82,38.74954593556324
CLUSTER_188,Q,cattle_man,6172.0,43.59252622629504
CLUSTER_188,Q,horse_man,1732.0,43.59252622629504
CLUSTER_188,Q,pig_man,27.346000000000004,43.59252622629504
CLUSTER_190,Q,cattle_man,9509.0,13.352323296151214
CLUSTER_190,Q,cattle_slu,51190.0,13.352323296151214
CLUSTER_190,Q,horse_man,1595.7,13.352323296151214
CLUSTER_190,Q,legume_str,186.5,13.352323296151214
CLUSTER_190,Q,pig_man,1086.0,13.352323296151214
CLUSTER_190,Q,rape_str,642.0,13.352323296151214
CLUSTER_212,Q,horse_man,525.0,64.33592679935725
CLUSTER_212,Q,pig_man,132.0,64.33592679935725
CLUSTER_219,Q,cattle_man,5290.0,35.12427856755288
CLUSTER_219,Q,horse_man,452.0,35.12427856755288
CLUSTER_219,Q,pig_man,686.0,35.12427856755288
CLUSTER_229,Q,cattle_man,1142.8,27.980382897064327
CLUSTER_229,Q,horse_man,466.3,27.980382897064327
CLUSTER_229,Q,pig_man,38.028209,27.980382897064327
CLUSTER_235,Q,pig_man,439.78,51.02410799421933
CLUSTER_237,Q,cattle_man,4862.0,10.918771348812337
CLUSTER_237,Q,cattle_slu,37570.0,10.918771348812337
CLUSTER_237,Q,horse_man,478.63,10.918771348812337
CLUSTER_237,Q,legume_str,29.248,10.918771348812337
CLUSTER_237,Q,pig_man,687.516,10.918771348812337
CLUSTER_237,Q,rape_str,431.0,10.918771348812337
CLUSTER_248,Q,cattle_man,377.0,11.20849384165595
CLUSTER_248,Q,horse_man,258.4,11.20849384165595
CLUSTER_248,Q,legume_str,201.2,11.20849384165595
CLUSTER_248,Q,pig_man,337.0,11.20849384165595
CLUSTER_248,Q,rape_str,349.9,11.20849384165595
CLUSTER_266,Q,cattle_man,5864.8,29.573409173881046
CLUSTER_266,Q,horse_man,271.0126,29.573409173881046
CLUSTER_266,Q,pig_man,616.51,29.573409173881046
CLUSTER_278,Q,cattle_man,5274.7,23.0262794064282
CLUSTER_278,Q,horse_man,660.7,23.0262794064282
CLUSTER_278,Q,legume_str,94.28,23.0262794064282
CLUSTER_278,Q,pig_man,334.991,23.0262794064282
CLUSTER_278,Q,rape_str,532.7999999999998,23.0262794064282
CLUSTER_294,Q,pig_man,937.6,40.61851189047447
CLUSTER_303,Q,cattle_man,3262.0,17.639834769621295
CLUSTER_303,Q,cattle_slu,10419.999999999998,17.639834769621295
CLUSTER_303,Q,horse_man,1570.0,17.639834769621295
CLUSTER_303,Q,pig_man,1707.0,17.639834769621295
CLUSTER_316,Q,cattle_man,7202.0,46.38131581868825
CLUSTER_316,Q,horse_man,1505.3,46.38131581868825
CLUSTER_316,Q,pig_man,1285.8,46.38131581868825
CLUSTER_338,Q,horse_man,816.0,60.73391364479883
CLUSTER_338,Q,pig_man,496.0,60.73391364479883
CLUSTER_339,Q,cattle_man,3014.917,39.4659080829828
CLUSTER_339,Q,horse_man,2136.8,39.4659080829828
CLUSTER_339,Q,pig_man,586.97,39.4659080829828
CLUSTER_34,Q,pig_man,547.0469999999805,66.35730387761316
CLUSTER_340,Q,cattle_man,979.0,60.92150480905868
CLUSTER_340,Q,horse_man,1279.0,60.92150480905868
CLUSTER_340,Q,pig_man,150.7,60.92150480905868
CLUSTER_344,Q,cattle_man,9692.525445670364,49.628704868381
CLUSTER_344,Q,horse_man,1961.0,49.628704868381
CLUSTER_344,Q,pig_man,347.5,49.628704868381
CLUSTER_349,Q,cattle_man,4717.0,38.99978018587613
CLUSTER_349,Q,horse_man,668.0,38.99978018587613
CLUSTER_349,Q,pig_man,105.746,38.99978018587613
CLUSTER_35,Q,cattle_man,3291.0,46.62509526413623
CLUSTER_35,Q,horse_man,655.3,46.62509526413623
CLUSTER_35,Q,pig_man,754.8290000000001,46.62509526413623
CLUSTER_351,Q,cattle_man,14750.0,42.22886665638077
CLUSTER_351,Q,horse_man,1500.0,42.22886665638077
CLUSTER_351,Q,pig_man,456.3,42.22886665638077
CLUSTER_353,Q,horse_man,840.0,44.19139152506612
CLUSTER_353,Q,pig_man,473.0,44.19139152506612
CLUSTER_373,Q,cattle_man,930.61,56.13405936142559
CLUSTER_373,Q,horse_man,1879.8,56.13405936142559
CLUSTER_377,Q,cattle_man,1881.3,26.535260644864568
CLUSTER_377,Q,horse_man,627.7,26.535260644864568
CLUSTER_377,Q,pig_man,294.4,26.535260644864568
CLUSTER_382,Q,cattle_man,2959.0,24.204411426554028
CLUSTER_382,Q,horse_man,1045.0,24.204411426554028
CLUSTER_382,Q,pig_man,429.0,24.204411426554028
CLUSTER_390,Q,cattle_man,4736.4,22.17087730410337
CLUSTER_390,Q,cattle_slu,3710.5255318502436,22.17087730410337
CLUSTER_390,Q,horse_man,147.848,22.17087730410337
CLUSTER_390,Q,legume_str,91.61,22.17087730410337
CLUSTER_390,Q,pig_man,1056.886,22.17087730410337
CLUSTER_390,Q,rape_str,957.4,22.17087730410337
CLUSTER_394,Q,cattle_man,6080.0,45.62578448169155
CLUSTER_394,Q,horse_man,571.3,45.62578448169155
CLUSTER_394,Q,pig_man,434.7,45.62578448169155
CLUSTER_399,Q,pig_man,646.33,81.13395930533906
CLUSTER_404,Q,cattle_man,4430.0,47.10908975720778
CLUSTER_404,Q,horse_man,1860.0,47.10908975720778
CLUSTER_404,Q,pig_man,75.63,47.10908975720778
CLUSTER_42,Q,cattle_man,15075.0,30.77796295487106
CLUSTER_42,Q,horse_man,1097.5,30.77796295487106
CLUSTER_42,Q,pig_man,1804.5,30.77796295487106
CLUSTER_431,Q,cattle_man,3900.2,52.5787080703779
CLUSTER_431,Q,horse_man,1912.0,52.5787080703779
CLUSTER_431,Q,pig_man,238.34,52.5787080703779
CLUSTER_433,Q,cattle_man,1945.1108466273827,30.911199924046823
CLUSTER_433,Q,horse_man,1106.0,30.911199924046823
CLUSTER_433,Q,pig_man,179.118,30.911199924046823
CLUSTER_435,Q,pig_man,46.49,52.2759159242962
CLUSTER_452,Q,cattle_man,3960.0,24.743016404305614
CLUSTER_452,Q,horse_man,922.0,24.743016404305614
CLUSTER_452,Q,pig_man,550.0,24.743016404305614
CLUSTER_454,Q,pig_man,279.8,48.4020696263642
CLUSTER_459,Q,cattle_man,3719.2,6.089346074070763
CLUSTER_459,Q,cattle_slu,24470.0,6.089346074070763
CLUSTER_459,Q,horse_man,167.4,6.089346074070763
CLUSTER_459,Q,legume_str,28.68,6.089346074070763
CLUSTER_459,Q,pig_man,243.8,6.089346074070763
CLUSTER_459,Q,pig_slu,3621.0,6.089346074070763
CLUSTER_459,Q,rape_str,91.0,6.089346074070763
CLUSTER_464,Q,cattle_man,4492.0,60.12459331615143
CLUSTER_464,Q,horse_man,752.0,60.12459331615143
CLUSTER_464,Q,pig_man,54.032,60.12459331615143
CLUSTER_469,Q,cattle_man,3134.0,34.40305331661028
CLUSTER_469,Q,horse_man,840.0,34.40305331661028
CLUSTER_469,Q,pig_man,324.0,34.40305331661028
CLUSTER_478,Q,cattle_man,1374.0,38.68555528984384
CLUSTER_478,Q,horse_man,340.1,38.68555528984384
CLUSTER_478,Q,pig_man,35.400000000000006,38.68555528984384
CLUSTER_481,Q,cattle_man,7889.999999999999,59.00410242949482
CLUSTER_481,Q,horse_man,1085.0,59.00410242949482
CLUSTER_481,Q,pig_man,527.3,59.00410242949482
CLUSTER_490,Q,cattle_man,3600.0,38.21593826490444
CLUSTER_490,Q,horse_man,745.2,38.21593826490444
CLUSTER_490,Q,pig_man,105.9,38.21593826490444
CLUSTER_496,Q,cattle_man,6675.3,33.17279154874682
CLUSTER_496,Q,horse_man,451.0,33.17279154874682
CLUSTER_496,Q,pig_man,687.3,33.17279154874682
CLUSTER_515,Q,cattle_man,990.9999999999999,39.82867262242079
CLUSTER_515,Q,horse_man,126.2,39.82867262242079
CLUSTER_515,Q,pig_man,1089.0,39.82867262242079
CLUSTER_52,Q,pig_man,917.46,71.44133287791468
CLUSTER_531,Q,horse_man,424.9,53.1377082386351
CLUSTER_531,Q,pig_man,133.0,53.1377082386351
CLUSTER_6,Q,cattle_man,810.17,18.61748275418015
CLUSTER_6,Q,horse_man,339.439139,18.61748275418015
CLUSTER_6,Q,legume_str,401.8,18.61748275418015
CLUSTER_6,Q,pig_man,1816.7,18.61748275418015
CLUSTER_6,Q,rape_str,644.6,18.61748275418015
CLUSTER_66,Q,cattle_man,2641.0375,29.64215344432071
CLUSTER_66,Q,horse_man,880.00908,29.64215344432071
CLUSTER_66,Q,pig_man,180.310571,29.64215344432071
CLUSTER_72,Q,cattle_man,5485.326191588921,55.69320526712593
CLUSTER_72,Q,pig_man,949.3,55.69320526712593
CLUSTER_76,Q,cattle_man,2539.0,35.40477476935367
CLUSTER_76,Q,horse_man,2263.0,35.40477476935367
CLUSTER_76,Q,pig_man,125.42999999999999,35.40477476935367
CLUSTER_78,Q,cattle_man,7012.0,26.285845666413195
CLUSTER_78,Q,horse_man,873.4,26.285845666413195
CLUSTER_78,Q,pig_man,141.0,26.285845666413195
CLUSTER_82,Q,cattle_man,7392.7,7.087595976025611
CLUSTER_82,Q,cattle_slu,36560.0,7.087595976025611
CLUSTER_82,Q,horse_man,1220.1,7.087595976025611
CLUSTER_82,Q,legume_str,122.92,7.087595976025611
CLUSTER_82,Q,pig_man,554.226263,7.087595976025611
CLUSTER_82,Q,rape_str,680.1,7.087595976025611
CLUSTER_9,Q,cattle_man,4512.6,36.230019014678746
CLUSTER_9,Q,horse_man,1859.2,36.230019014678746
CLUSTER_9,Q,pig_man,1813.0,36.230019014678746
CLUSTER_101,R,legume_str,210.4,31.122617278107484
CLUSTER_101,R,maize_str,163.78503,31.122617278107484
CLUSTER_101,R,rape_str,1060.3,31.122617278107484
CLUSTER_107,R,legume_str,421.2,25.77394652840841
CLUSTER_107,R,maize_str,1970.0,25.77394652840841
CLUSTER_107,R,rape_str,1132.0,25.77394652840841
CLUSTER_123,R,legume_str,222.8,49.68302807611682
CLUSTER_129,R,legume_str,211.39999999999637,51.596412129637365
CLUSTER_132,R,legume_str,147.22,27.051655886284063
CLUSTER_132,R,maize_str,1533.2,27.051655886284063
CLUSTER_132,R,rape_str,929.0,27.051655886284063
CLUSTER_138,R,beet_leaf,6203.0,11.225136336119554
CLUSTER_138,R,cattle_man,10203.0,11.225136336119554
CLUSTER_138,R,legume_str,467.8,11.225136336119554
CLUSTER_138,R,maize_str,2746.0,11.225136336119554
CLUSTER_138,R,rape_str,1121.4,11.225136336119554
CLUSTER_14,R,legume_str,20.98,38.79563839791227
CLUSTER_14,R,rape_str,1443.9,38.79563839791227
CLUSTER_144,R,legume_str,474.3,28.489135917627152
CLUSTER_144,R,maize_str,3055.0,28.489135917627152
CLUSTER_144,R,rape_str,1689.0,28.489135917627152
CLUSTER_145,R,legume_str,263.2,24.75549111193911
CLUSTER_145,R,maize_str,1224.5,24.75549111193911
CLUSTER_145,R,rape_str,1224.0,24.75549111193911
CLUSTER_152,R,legume_str,331.6,48.37789615014239
CLUSTER_152,R,rape_str,1311.0,48.37789615014239
CLUSTER_162,R,legume_str,744.7,34.2478185111838
CLUSTER_162,R,maize_str,4165.0,34.2478185111838
CLUSTER_162,R,rape_str,2424.0,34.2478185111838
CLUSTER_176,R,legume_str,185.1,24.105724655999676
CLUSTER_176,R,maize_str,248.73000000000002,24.105724655999676
CLUSTER_176,R,rape_str,773.6,24.105724655999676
CLUSTER_182,R,beet_leaf,1723.0,13.181760984444267
CLUSTER_182,R,cattle_man,9590.0,13.181760984444267
CLUSTER_182,R,legume_str,180.1,13.181760984444267
CLUSTER_182,R,maize_str,2575.0,13.181760984444267
CLUSTER_182,R,rape_str,811.0,13.181760984444267
CLUSTER_187,R,legume_str,419.6,44.25009294461222
CLUSTER_187,R,rape_str,1186.6,44.25009294461222
CLUSTER_219,R,legume_str,276.0,46.84486756643231
CLUSTER_219,R,rape_str,2300.0,46.84486756643231
CLUSTER_229,R,beet_leaf,15420.0,17.05352767141537
CLUSTER_229,R,legume_str,169.7,17.05352767141537
CLUSTER_229,R,maize_str,474.61,17.05352767141537
CLUSTER_229,R,rape_str,30.7,17.05352767141537
CLUSTER_235,R,legume_str,260.6,19.85744035382478
CLUSTER_235,R,maize_str,1195.0,19.85744035382478
CLUSTER_235,R,rape_str,208.9,19.85744035382478
CLUSTER_239,R,legume_str,357.8,41.789384135398
CLUSTER_239,R,rape_str,1717.0,41.789384135398
CLUSTER_263,R,legume_str,774.2,36.91276244049618
CLUSTER_263,R,maize_str,2453.0,36.91276244049618
CLUSTER_263,R,rape_str,1071.4,36.91276244049618
CLUSTER_297,R,legume_str,363.98,47.00684939124349
CLUSTER_297,R,rape_str,668.0,47.00684939124349
CLUSTER_303,R,legume_str,375.4,36.99090787006899
CLUSTER_303,R,maize_str,377.99999999999164,36.99090787006899
CLUSTER_303,R,rape_str,914.0,36.99090787006899
CLUSTER_305,R,legume_str,120.96,48.69646417228002
CLUSTER_305,R,rape_str,1126.5999999999724,48.69646417228002
CLUSTER_315,R,legume_str,373.6,37.0846215157822
CLUSTER_315,R,rape_str,1513.0,37.0846215157822
CLUSTER_316,R,legume_str,235.5,39.65424009465677
CLUSTER_316,R,rape_str,1137.0,39.65424009465677
CLUSTER_324,R,legume_str,578.7,34.42217696498959
CLUSTER_324,R,maize_str,2092.0,34.42217696498959
CLUSTER_324,R,rape_str,1080.0,34.42217696498959
CLUSTER_337,R,legume_str,187.9,52.65896265010475
CLUSTER_338,R,cattle_man,6102.530000000001,18.863599929858115
CLUSTER_338,R,legume_str,307.0,18.863599929858115
CLUSTER_338,R,maize_str,2637.0,18.863599929858115
CLUSTER_338,R,rape_str,566.0,18.863599929858115
CLUSTER_339,R,beet_leaf,11011.0,7.854317998546243
CLUSTER_339,R,legume_str,276.25,7.854317998546243
CLUSTER_339,R,maize_str,1719.0,7.854317998546243
CLUSTER_339,R,rape_str,716.33,7.854317998546243
CLUSTER_34,R,legume_str,428.6,35.03005649649248
CLUSTER_34,R,maize_str,4809.0,35.03005649649248
CLUSTER_34,R,rape_str,1322.6,35.03005649649248
CLUSTER_340,R,legume_str,294.533,42.36109614526522
CLUSTER_340,R,rape_str,944.0,42.36109614526522
CLUSTER_342,R,legume_str,689.9,51.50971584063014
CLUSTER_344,R,beet_leaf,2029.1,14.931327868486342
CLUSTER_344,R,cattle_man,287.4745543296354,14.931327868486342
CLUSTER_344,R,legume_str,332.0,14.931327868486342
CLUSTER_344,R,maize_str,5434.0,14.931327868486342
CLUSTER_344,R,rape_str,232.2,14.931327868486342
CLUSTER_345,R,legume_str,1226.0,50.96495392114943
CLUSTER_349,R,legume_str,257.0,24.593068563448167
CLUSTER_349,R,maize_str,1939.0,24.593068563448167
CLUSTER_349,R,rape_str,1306.0,24.593068563448167
CLUSTER_35,R,legume_str,631.6,45.68849537759717
CLUSTER_35,R,rape_str,3218.0,45.68849537759717
CLUSTER_353,R,beet_leaf,6390.0,4.698833190641437
CLUSTER_353,R,cattle_man,9000.0,4.698833190641437
CLUSTER_353,R,cattle_slu,39800.0,4.698833190641437
CLUSTER_353,R,legume_str,276.0,4.698833190641437
CLUSTER_353,R,maize_str,3170.0,4.698833190641437
CLUSTER_353,R,rape_str,696.0,4.698833190641437
CLUSTER_365,R,legume_str,86.1,44.16912393064183
CLUSTER_365,R,rape_str,408.7,44.16912393064183
CLUSTER_373,R,legume_str,370.5,45.36971742928928
CLUSTER_373,R,rape_str,814.9,45.36971742928928
CLUSTER_376,R,legume_str,508.0,41.68501063196577
CLUSTER_376,R,rape_str,1421.0,41.68501063196577
CLUSTER_377,R,legume_str,142.95,45.1162121368186
CLUSTER_377,R,rape_str,504.0299999999999,45.1162121368186
CLUSTER_382,R,legume_str,385.1,39.16358916887073
CLUSTER_382,R,rape_str,1028.0,39.16358916887073
CLUSTER_393,R,legume_str,44.84,28.17892739087293
CLUSTER_393,R,maize_str,311.5,28.17892739087293
CLUSTER_393,R,rape_str,213.5,28.17892739087293
CLUSTER_42,R,legume_str,175.21,34.048691604572184
CLUSTER_42,R,maize_str,1879.0,34.048691604572184
CLUSTER_42,R,rape_str,813.0,34.048691604572184
CLUSTER_427,R,legume_str,351.0,22.82524846090156
CLUSTER_427,R,maize_str,2221.8,22.82524846090156
CLUSTER_427,R,rape_str,1173.4,22.82524846090156
CLUSTER_431,R,legume_str,310.4,25.546935290479087
CLUSTER_431,R,maize_str,4683.0,25.546935290479087
CLUSTER_431,R,rape_str,203.4,25.546935290479087
CLUSTER_432,R,legume_str,291.34000000000003,50.57342591381327
CLUSTER_447,R,legume_str,578.0,47.68064731592727
CLUSTER_447,R,rape_str,901.0,47.68064731592727
CLUSTER_452,R,legume_str,173.8,25.578839602441647
CLUSTER_452,R,maize_str,639.0,25.578839602441647
CLUSTER_452,R,rape_str,580.0,25.578839602441647
CLUSTER_464,R,legume_str,235.0,26.338762751082665
CLUSTER_464,R,maize_str,1659.0,26.338762751082665
CLUSTER_464,R,rape_str,387.0,26.338762751082665
CLUSTER_469,R,legume_str,204.7,33.935123097859915
CLUSTER_469,R,maize_str,488.99999999999994,33.935123097859915
CLUSTER_469,R,rape_str,1099.0,33.935123097859915
CLUSTER_478,R,beet_leaf,1300.0,15.636418004959578
CLUSTER_478,R,legume_str,86.75,15.636418004959578
CLUSTER_478,R,maize_str,1389.0,15.636418004959578
CLUSTER_478,R,rape_str,205.7,15.636418004959578
CLUSTER_479,R,legume_str,75.09,40.84694439239355
CLUSTER_479,R,rape_str,157.9,40.84694439239355
CLUSTER_485,R,legume_str,229.0,27.93262852286657
CLUSTER_485,R,maize_str,988.0,27.93262852286657
CLUSTER_485,R,rape_str,948.0,27.93262852286657
CLUSTER_495,R,legume_str,495.0,38.73003606152248
CLUSTER_495,R,rape_str,574.7,38.73003606152248
CLUSTER_496,R,beet_leaf,20620.0,11.2686247263928
CLUSTER_496,R,legume_str,144.6,11.2686247263928
CLUSTER_496,R,maize_str,1429.0,11.2686247263928
CLUSTER_496,R,rape_str,1060.0,11.2686247263928
CLUSTER_499,R,legume_str,206.8,35.389894697215816
CLUSTER_499,R,maize_str,1191.0,35.389894697215816
CLUSTER_499,R,rape_str,500.0,35.389894697215816
CLUSTER_507,R,legume_str,319.0,50.3944944911622
CLUSTER_511,R,legume_str,142.4,41.34824500290721
CLUSTER_511,R,rape_str,393.2,41.34824500290721
CLUSTER_515,R,legume_str,82.35000000000001,44.69355390232513
CLUSTER_515,R,rape_str,366.0,44.69355390232513
CLUSTER_531,R,legume_str,89.3,50.09689129314433
CLUSTER_534,R,legume_str,317.1,34.659543761163285
CLUSTER_534,R,maize_str,1117.0,34.659543761163285
CLUSTER_534,R,rape_str,1184.0,34.659543761163285
CLUSTER_63,R,legume_str,611.5,44.8102343433752
CLUSTER_63,R,rape_str,653.77,44.8102343433752
CLUSTER_83,R,legume_str,40.02,31.14936396629896
CLUSTER_83,R,maize_str,573.0,31.14936396629896
CLUSTER_83,R,rape_str,472.0,31.14936396629896
CLUSTER_9,R,beet_leaf,20779.20982636434,18.183012325861142
CLUSTER_9,R,legume_str,267.44,18.183012325861142
CLUSTER_9,R,maize_str,2940.98,18.183012325861142
CLUSTER_9,R,rape_str,712.84,18.183012325861142
CLUSTER_155,S,beet_leaf,10628.414264897468,13.666311120865108
CLUSTER_155,S,legume_str,662.1,13.666311120865108
CLUSTER_155,S,maize_str,5236.0,13.666311120865108
CLUSTER_155,S,rape_str,1777.0,13.666311120865108
CLUSTER_195,S,legume_str,17.12,41.50168923340939
CLUSTER_195,S,rape_str,51.9,41.50168923340939
CLUSTER_2,S,legume_str,639.4,15.025042767527284
CLUSTER_2,S,maize_str,6515.0,15.025042767527284
CLUSTER_2,S,rape_str,2407.0,15.025042767527284
CLUSTER_202,S,legume_str,151.06,30.0442027747738
CLUSTER_202,S,maize_str,426.4871679688252,30.0442027747738
CLUSTER_202,S,rape_str,65.6,30.0442027747738
CLUSTER_223,S,legume_str,122.22,27.27079749609094
CLUSTER_223,S,maize_str,1682.3,27.27079749609094
CLUSTER_223,S,rape_str,240.1,27.27079749609094
CLUSTER_233,S,maize_str,2980.0,23.03013746822264
CLUSTER_241,S,legume_str,14.47,30.600091028593837
CLUSTER_241,S,rape_str,46.0,30.600091028593837
CLUSTER_270,S,legume_str,180.75,26.39011912436557
CLUSTER_270,S,maize_str,1419.08,26.39011912436557
CLUSTER_270,S,rape_str,169.7,26.39011912436557
CLUSTER_274,S,legume_str,393.2,16.975390646949233
CLUSTER_274,S,maize_str,4828.0,16.975390646949233
CLUSTER_274,S,rape_str,401.4,16.975390646949233
CLUSTER_284,S,legume_str,192.3,22.29719597627468
CLUSTER_284,S,maize_str,3599.0,22.29719597627468
CLUSTER_284,S,rape_str,262.2,22.29719597627468
CLUSTER_330,S,legume_str,753.8,37.56362831151073
CLUSTER_330,S,rape_str,2235.0,37.56362831151073
CLUSTER_354,S,legume_str,257.3,25.029671913513223
CLUSTER_354,S,maize_str,3760.8,25.029671913513223
CLUSTER_354,S,rape_str,1672.1,25.029671913513223
CLUSTER_355,S,beet_leaf,29970.0,3.0931416546111867
CLUSTER_355,S,cattle_man,3895.0,3.0931416546111867
CLUSTER_355,S,cattle_slu,8967.24,3.0931416546111867
CLUSTER_355,S,legume_str,1096.0,3.0931416546111867
CLUSTER_355,S,maize_str,6490.0,3.0931416546111867
CLUSTER_355,S,rape_str,1192.0,3.0931416546111867
CLUSTER_37,S,legume_str,791.6,26.62785466965807
CLUSTER_37,S,maize_str,5157.0,26.62785466965807
CLUSTER_37,S,rape_str,2494.6,26.62785466965807
CLUSTER_370,S,legume_str,38.17,38.0099862898684
CLUSTER_370,S,rape_str,42.4,38.0099862898684
CLUSTER_400,S,cattle_man,3903.7999999999997,17.847969060242814
CLUSTER_400,S,legume_str,558.0,17.847969060242814
CLUSTER_400,S,maize_str,7990.000000000001,17.847969060242814
CLUSTER_400,S,rape_str,1315.0,17.847969060242814
CLUSTER_456,S,legume_str,113.6,20.022113667745845
CLUSTER_456,S,maize_str,2995.0,20.022113667745845
CLUSTER_456,S,rape_str,206.8,20.022113667745845
CLUSTER_473,S,legume_str,346.1,24.88162780511901
CLUSTER_473,S,maize_str,2065.0,24.88162780511901
CLUSTER_473,S,rape_str,1204.0,24.88162780511901
CLUSTER_488,S,beet_leaf,39300.0,7.88287315112342
CLUSTER_488,S,cattle_man,62.5,7.88287315112342
CLUSTER_488,S,legume_str,451.0,7.88287315112342
CLUSTER_488,S,maize_str,3580.0,7.88287315112342
CLUSTER_488,S,rape_str,315.0,7.88287315112342
CLUSTER_513,S,legume_str,913.0,23.543296756751825
CLUSTER_513,S,maize_str,11970.0,23.543296756751825
CLUSTER_513,S,rape_str,985.0,23.543296756751825
CLUSTER_549,S,legume_str,16.9,37.09121525625534
CLUSTER_549,S,rape_str,76.9,37.09121525625534
CLUSTER_68,S,beet_leaf,45130.0,13.16605386306222
CLUSTER_68,S,cattle_man,2715.3,13.16605386306222
CLUSTER_68,S,legume_str,893.9,13.16605386306222
CLUSTER_68,S,maize_str,8434.0,13.16605386306222
CLUSTER_68,S,rape_str,708.4,13.16605386306222
CLUSTER_70,S,legume_str,758.6,18.09981792386517
CLUSTER_70,S,maize_str,4266.0,18.09981792386517
CLUSTER_70,S,rape_str,1041.14,18.09981792386517
CLUSTER_91,S,legume_str,391.1,29.697625576926796
CLUSTER_91,S,maize_str,5136.0,29.697625576926796
CLUSTER_91,S,rape_str,434.47,29.697625576926796
CLUSTER_122,U,cattle_man,17000.0,16.90996697085871
CLUSTER_122,U,cattle_slu,61990.0,16.90996697085871
CLUSTER_122,U,horse_man,5260.0,16.90996697085871
CLUSTER_122,U,legume_str,179.2,16.90996697085871
CLUSTER_122,U,pig_man,40.78257,16.90996697085871
CLUSTER_142,U,horse_man,1981.060338935894,33.968128809714344
CLUSTER_142,U,pig_man,67.2671,33.968128809714344
CLUSTER_151,U,cattle_man,5361.0,17.37734351929394
CLUSTER_151,U,cattle_slu,23720.0,17.37734351929394
CLUSTER_151,U,horse_man,5352.0,17.37734351929394
CLUSTER_151,U,legume_str,305.9,17.37734351929394
CLUSTER_151,U,pig_man,33.274,17.37734351929394
CLUSTER_151,U,rape_str,655.0,17.37734351929394
CLUSTER_198,U,cattle_man,19100.0,5.178547648460082
CLUSTER_198,U,cattle_slu,95800.0,5.178547648460082
CLUSTER_198,U,horse_man,2306.0,5.178547648460082
CLUSTER_215,U,cattle_man,11500.0,16.909558802896793
CLUSTER_215,U,cattle_slu,55550.0,16.909558802896793
CLUSTER_215,U,horse_man,2969.0,16.909558802896793
CLUSTER_218,U,cattle_man,42980.0,18.957503032202062
CLUSTER_218,U,cattle_slu,191700.0,18.957503032202062
CLUSTER_218,U,horse_man,4008.0000000000005,18.957503032202062
CLUSTER_218,U,legume_str,38.61,18.957503032202062
CLUSTER_26,U,cattle_man,27390.0,27.15120567942541
CLUSTER_26,U,horse_man,4471.0,27.15120567942541
CLUSTER_281,U,cattle_man,11914.0,18.57081661838888
CLUSTER_281,U,cattle_slu,54009.0,18.57081661838888
CLUSTER_281,U,horse_man,1024.5,18.57081661838888
CLUSTER_29,U,cattle_man,35210.0,23.164524638344812
CLUSTER_29,U,horse_man,2338.7,23.164524638344812
CLUSTER_352,U,horse_man,392.11133736056627,32.23917659203668
CLUSTER_352,U,pig_man,32.1,32.23917659203668
CLUSTER_363,U,cattle_man,13429.999964016506,6.4271678014369416
CLUSTER_363,U,cattle_slu,51370.0,6.4271678014369416
CLUSTER_363,U,horse_man,3180.0,6.4271678014369416
CLUSTER_363,U,legume_str,43.2,6.4271678014369416
CLUSTER_363,U,pig_man,154.91,6.4271678014369416
CLUSTER_369,U,horse_man,3562.3,37.16618498973463
CLUSTER_386,U,cattle_man,420.0,31.8591876468149
CLUSTER_386,U,horse_man,3289.0,31.8591876468149
CLUSTER_396,U,cattle_man,5375.0,25.114633889299984
CLUSTER_396,U,horse_man,4460.0,25.114633889299984
CLUSTER_407,U,cattle_man,10172.0,19.071347627136088
CLUSTER_407,U,cattle_slu,45520.0,19.071347627136088
CLUSTER_407,U,horse_man,3348.0,19.071347627136088
CLUSTER_458,U,cattle_man,4990.0,41.40453685181194
CLUSTER_458,U,horse_man,2320.0,41.40453685181194
CLUSTER_482,U,pig_man,28.996349999999968,35.07054743921297
CLUSTER_498,U,cattle_man,3436.0,24.482516132866536
CLUSTER_498,U,horse_man,2767.0,24.482516132866536
CLUSTER_5,U,cattle_man,991.0458887691682,34.93034373462066
CLUSTER_5,U,horse_man,895.0,34.93034373462066
CLUSTER_508,U,cattle_man,21640.0,24.049142978602163
CLUSTER_508,U,horse_man,3810.0,24.049142978602163
CLUSTER_523,U,cattle_man,13260.0,29.06773617515027
CLUSTER_523,U,horse_man,1417.0,29.06773617515027
CLUSTER_523,U,pig_man,56.7,29.06773617515027
CLUSTER_54,U,cattle_man,5070.0,21.575283060153367
CLUSTER_54,U,horse_man,1695.0,21.575283060153367
CLUSTER_57,U,cattle_man,1262.9,27.11539469462705
CLUSTER_57,U,horse_man,1420.0,27.11539469462705
CLUSTER_62,U,cattle_man,29750.0,13.442201412734732
CLUSTER_62,U,cattle_slu,156900.0,13.442201412734732
CLUSTER_62,U,horse_man,4905.0,13.442201412734732
CLUSTER_62,U,legume_str,34.27,13.442201412734732
CLUSTER_62,U,pig_man,33.995,13.442201412734732
CLUSTER_67,U,cattle_man,12270.0,25.84638374079094
CLUSTER_67,U,horse_man,2276.6,25.84638374079094
CLUSTER_8,U,cattle_man,26900.0,9.684783888664024
CLUSTER_8,U,cattle_slu,141350.0,9.684783888664024
CLUSTER_8,U,horse_man,7120.0,9.684783888664024
CLUSTER_8,U,legume_str,105.89,9.684783888664024
CLUSTER_8,U,pig_man,13.2831,9.684783888664024
CLUSTER_8,U,rape_str,48.5,9.684783888664024
CLUSTER_81,U,cattle_man,26470.0,31.09636916357953
CLUSTER_81,U,horse_man,1535.0,31.09636916357953
CLUSTER_81,U,pig_man,12.9891,31.09636916357953
CLUSTER_141,W,cattle_man,6617.999999999996,29.253742182702545
CLUSTER_141,W,horse_man,2815.0,29.253742182702545
CLUSTER_148,W,cattle_man,4501.0,35.49980943113744
CLUSTER_148,W,horse_man,500.77,35.49980943113744
CLUSTER_148,W,pig_man,361.1417499999991,35.49980943113744
CLUSTER_160,W,cattle_man,5620.0,32.04406114933001
CLUSTER_160,W,horse_man,2174.2,32.04406114933001
CLUSTER_160,W,pig_man,238.759,32.04406114933001
CLUSTER_161,W,cattle_man,6850.0,18.932864371767057
CLUSTER_161,W,horse_man,429.62,18.932864371767057
CLUSTER_161,W,pig_man,1184.0,18.932864371767057
CLUSTER_181,W,cattle_man,10934.199,37.59021899441984
CLUSTER_181,W,horse_man,824.1,37.59021899441984
CLUSTER_181,W,pig_man,1482.4,37.59021899441984
CLUSTER_183,W,cattle_man,16594.0,22.08770627239395
CLUSTER_232,W,cattle_man,9900.0,7.595898480244807
CLUSTER_232,W,cattle_slu,55900.0,7.595898480244807
CLUSTER_232,W,horse_man,3168.0,7.595898480244807
CLUSTER_232,W,pig_man,245.34999999999997,7.595898480244807
CLUSTER_242,W,cattle_man,11300.0,22.26125062552521
CLUSTER_242,W,horse_man,850.0,22.26125062552521
CLUSTER_242,W,pig_man,257.9398,22.26125062552521
CLUSTER_294,W,cattle_man,6386.0,13.16571117265606
CLUSTER_294,W,cattle_slu,28322.1,13.16571117265606
CLUSTER_294,W,horse_man,1187.9,13.16571117265606
CLUSTER_30,W,cattle_man,5446.59,19.66796763824494
CLUSTER_30,W,horse_man,478.27,19.66796763824494
CLUSTER_30,W,pig_man,2280.0,19.66796763824494
CLUSTER_314,W,cattle_man,812.91,5.258619826412417
CLUSTER_314,W,cattle_slu,17910.988,5.258619826412417
CLUSTER_314,W,horse_man,639.0,5.258619826412417
CLUSTER_314,W,pig_man,452.226,5.258619826412417
CLUSTER_336,W,pig_man,552.236,46.30347229655574
CLUSTER_348,W,cattle_man,2194.0,40.25601356355226
CLUSTER_348,W,horse_man,429.0,40.25601356355226
CLUSTER_348,W,pig_man,264.2,40.25601356355226
CLUSTER_361,W,cattle_man,4111.29,38.29669748627418
CLUSTER_361,W,horse_man,200.3,38.29669748627418
CLUSTER_361,W,pig_man,900.0,38.29669748627418
CLUSTER_381,W,cattle_man,4175.2,39.79415234288157
CLUSTER_395,W,cattle_man,1724.5,40.5196783358704
CLUSTER_395,W,horse_man,552.0799999999999,40.5196783358704
CLUSTER_395,W,pig_man,29.4111,40.5196783358704
CLUSTER_405,W,cattle_man,3574.0,30.366288369040383
CLUSTER_405,W,horse_man,311.8,30.366288369040383
CLUSTER_405,W,pig_man,1316.0,30.366288369040383
CLUSTER_420,W,cattle_man,7064.0,26.04724289428
CLUSTER_420,W,horse_man,315.77,26.04724289428
CLUSTER_420,W,pig_man,412.5,26.04724289428
CLUSTER_433,W,cattle_man,2504.9188533726174,18.138451691577668
CLUSTER_445,W,cattle_man,831.9,22.99401038576268
CLUSTER_445,W,horse_man,58.691,22.99401038576268
CLUSTER_445,W,pig_man,3700.0,22.99401038576268
CLUSTER_454,W,cattle_man,5716.1,17.92302726428099
CLUSTER_454,W,horse_man,105.4,17.92302726428099
CLUSTER_460,W,cattle_man,3371.2,19.75250579408349
CLUSTER_460,W,horse_man,392.16,19.75250579408349
CLUSTER_460,W,pig_man,189.907,19.75250579408349
CLUSTER_462,W,cattle_man,3029.0,11.145467861453955
CLUSTER_462,W,cattle_slu,22007.0,11.145467861453955
CLUSTER_462,W,horse_man,386.0,11.145467861453955
CLUSTER_462,W,pig_man,169.4,11.145467861453955
CLUSTER_483,W,cattle_man,2116.9,29.816248701411663
CLUSTER_483,W,horse_man,289.75,29.816248701411663
CLUSTER_483,W,pig_man,2458.9,29.816248701411663
CLUSTER_486,W,cattle_man,1158.0,12.02442813157513
CLUSTER_486,W,cattle_slu,18700.0,12.02442813157513
CLUSTER_486,W,horse_man,429.2,12.02442813157513
CLUSTER_486,W,pig_man,772.0,12.02442813157513
CLUSTER_494,W,cattle_man,9580.0,39.814504689432106
CLUSTER_494,W,horse_man,104.9,39.814504689432106
CLUSTER_494,W,pig_man,566.9,39.814504689432106
CLUSTER_532,W,cattle_man,3510.0508,12.727924425805252
CLUSTER_532,W,cattle_slu,21390.0,12.727924425805252
CLUSTER_532,W,horse_man,177.7,12.727924425805252
CLUSTER_532,W,pig_man,411.16,12.727924425805252
CLUSTER_75,W,horse_man,1454.5,43.07617775577359
CLUSTER_75,W,pig_man,1113.72,43.07617775577359
CLUSTER_87,W,horse_man,362.10543,48.445487082271455
CLUSTER_87,W,pig_man,544.04,48.445487082271455
CLUSTER_88,W,cattle_man,1437.0,42.862223951976
CLUSTER_10,X,horse_man,1392.2,50.63739344321798
CLUSTER_10,X,legume_str,66.8,50.63739344321798
CLUSTER_10,X,maize_str,92.1,50.63739344321798
CLUSTER_10,X,rape_str,247.74999999999997,50.63739344321798
CLUSTER_110,X,legume_str,32.8,57.25564564058572
CLUSTER_119,X,legume_str,143.3,50.4904886505724
CLUSTER_119,X,rape_str,1302.0,50.4904886505724
CLUSTER_134,X,beet_leaf,32079.999999999996,9.219079142777591
CLUSTER_134,X,cattle_man,8431.4,9.219079142777591
CLUSTER_134,X,horse_man,721.52,9.219079142777591
CLUSTER_134,X,legume_str,277.13,9.219079142777591
CLUSTER_134,X,maize_str,712.3,9.219079142777591
CLUSTER_134,X,rape_str,1039.3,9.219079142777591
CLUSTER_139,X,cattle_man,3032.51,22.36269173129218
CLUSTER_139,X,horse_man,980.3,22.36269173129218
CLUSTER_139,X,legume_str,570.9,22.36269173129218
CLUSTER_139,X,rape_str,1083.5,22.36269173129218
CLUSTER_148,X,legume_str,71.2,39.13994247402476
CLUSTER_148,X,maize_str,21.2,39.13994247402476
CLUSTER_148,X,rape_str,856.0,39.13994247402476
CLUSTER_153,X,legume_str,465.2,44.60517413941582
CLUSTER_153,X,maize_str,346.3,44.60517413941582
CLUSTER_153,X,rape_str,2865.0,44.60517413941582
CLUSTER_154,X,beet_leaf,15730.000000000002,14.629111310681015
CLUSTER_154,X,cattle_man,5634.1,14.629111310681015
CLUSTER_154,X,horse_man,347.6,14.629111310681015
CLUSTER_154,X,legume_str,348.1,14.629111310681015
CLUSTER_154,X,maize_str,84.14,14.629111310681015
CLUSTER_154,X,rape_str,1500.8,14.629111310681015
CLUSTER_156,X,horse_man,1144.7,40.91876177165478
CLUSTER_156,X,legume_str,342.4,40.91876177165478
CLUSTER_156,X,maize_str,250.71100000000004,40.91876177165478
CLUSTER_156,X,rape_str,1599.0,40.91876177165478
CLUSTER_158,X,legume_str,41.66,44.65683938248004
CLUSTER_158,X,rape_str,44.4,44.65683938248004
CLUSTER_16,X,beet_leaf,16749.9,10.171684804319328
CLUSTER_16,X,cattle_man,11750.6,10.171684804319328
CLUSTER_16,X,horse_man,1532.4,10.171684804319328
CLUSTER_16,X,legume_str,320.2,10.171684804319328
CLUSTER_16,X,maize_str,361.46,10.171684804319328
CLUSTER_16,X,rape_str,1459.3,10.171684804319328
CLUSTER_160,X,legume_str,109.73,54.34330722963682
CLUSTER_160,X,rape_str,1197.5,54.34330722963682
CLUSTER_161,X,legume_str,357.73,52.31844512817355
CLUSTER_161,X,rape_str,1567.0,52.31844512817355
CLUSTER_164,X,legume_str,154.5,44.59848022370228
CLUSTER_164,X,maize_str,100.7,44.59848022370228
CLUSTER_164,X,rape_str,740.0,44.59848022370228
CLUSTER_170,X,maize_str,38.8,47.28840066950357
CLUSTER_170,X,rape_str,334.9,47.28840066950357
CLUSTER_173,X,legume_str,245.0,54.915813537186295
CLUSTER_177,X,legume_str,144.7,43.00831988859849
CLUSTER_177,X,maize_str,263.9,43.00831988859849
CLUSTER_177,X,rape_str,3337.0,43.00831988859849
CLUSTER_179,X,legume_str,197.6,48.84412537624
CLUSTER_179,X,rape_str,741.5,48.84412537624
CLUSTER_181,X,legume_str,393.5,21.68615228426852
CLUSTER_181,X,maize_str,737.8,21.68615228426852
CLUSTER_181,X,rape_str,425.5,21.68615228426852
CLUSTER_194,X,legume_str,213.55,39.86879133546292
CLUSTER_194,X,maize_str,238.4,39.86879133546292
CLUSTER_194,X,rape_str,1397.0,39.86879133546292
CLUSTER_200,X,legume_str,199.5,55.502998610226726
CLUSTER_213,X,legume_str,10.36,56.55532664444032
CLUSTER_222,X,legume_str,145.8,58.26240208359227
CLUSTER_236,X,legume_str,601.1,30.84169229158376
CLUSTER_236,X,maize_str,46.4,30.84169229158376
CLUSTER_236,X,rape_str,1247.0,30.84169229158376
CLUSTER_24,X,legume_str,769.8,27.602822346148415
CLUSTER_24,X,maize_str,610.37,27.602822346148415
CLUSTER_24,X,rape_str,4848.0,27.602822346148415
CLUSTER_242,X,legume_str,233.5,52.08242778962567
CLUSTER_242,X,maize_str,82.1,52.08242778962567
CLUSTER_242,X,rape_str,1229.6,52.08242778962567
CLUSTER_246,X,cattle_man,2279.3,22.26130372678621
CLUSTER_246,X,horse_man,1160.4,22.26130372678621
CLUSTER_246,X,legume_str,345.0,22.26130372678621
CLUSTER_246,X,maize_str,156.3,22.26130372678621
CLUSTER_246,X,rape_str,1181.0,22.26130372678621
CLUSTER_247,X,legume_str,474.1,34.51019967998334
CLUSTER_247,X,maize_str,161.1,34.51019967998334
CLUSTER_247,X,rape_str,3410.0,34.51019967998334
CLUSTER_251,X,horse_man,239.3,31.64164990526569
CLUSTER_251,X,legume_str,633.1999999999999,31.64164990526569
CLUSTER_251,X,maize_str,70.9,31.64164990526569
CLUSTER_251,X,rape_str,2183.0,31.64164990526569
CLUSTER_275,X,legume_str,322.6,33.046325871235354
CLUSTER_275,X,maize_str,130.5,33.046325871235354
CLUSTER_275,X,rape_str,2420.0,33.046325871235354
CLUSTER_277,X,horse_man,822.4408538517903,31.19162179116192
CLUSTER_277,X,legume_str,748.8,31.19162179116192
CLUSTER_277,X,maize_str,52.900000000000006,31.19162179116192
CLUSTER_277,X,rape_str,2519.0,31.19162179116192
CLUSTER_283,X,beet_leaf,20320.0,1.9547033645745064
CLUSTER_283,X,cattle_man,4490.4,1.9547033645745064
CLUSTER_283,X,cattle_slu,6544.7,1.9547033645745064
CLUSTER_283,X,clover_alfalfa_grass,4311.0,1.9547033645745064
CLUSTER_283,X,horse_man,349.112,1.9547033645745064
CLUSTER_283,X,legume_str,287.6,1.9547033645745064
CLUSTER_283,X,maize_str,483.1,1.9547033645745064
CLUSTER_283,X,rape_str,1599.65,1.9547033645745064
CLUSTER_289,X,legume_str,485.4,34.80645252554338
CLUSTER_289,X,maize_str,455.8,34.80645252554338
CLUSTER_289,X,rape_str,1516.0,34.80645252554338
CLUSTER_293,X,legume_str,195.85,56.37363776493996
CLUSTER_298,X,legume_str,191.9,32.41155701528524
CLUSTER_298,X,maize_str,131.71,32.41155701528524
CLUSTER_298,X,rape_str,1018.0,32.41155701528524
CLUSTER_30,X,legume_str,592.4,39.241227626050346
CLUSTER_30,X,maize_str,530.4,39.241227626050346
CLUSTER_30,X,rape_str,844.0,39.241227626050346
CLUSTER_314,X,legume_str,103.5,54.59075097136827
CLUSTER_314,X,rape_str,258.9,54.59075097136827
CLUSTER_317,X,legume_str,236.2,54.20872851779187
CLUSTER_317,X,rape_str,692.0,54.20872851779187
CLUSTER_320,X,legume_str,113.12,25.330131173386995
CLUSTER_320,X,maize_str,24.130000000000003,25.330131173386995
CLUSTER_320,X,rape_str,1162.3,25.330131173386995
CLUSTER_328,X,legume_str,524.0,44.19977408751345
CLUSTER_328,X,maize_str,276.0,44.19977408751345
CLUSTER_328,X,rape_str,1819.0,44.19977408751345
CLUSTER_332,X,cattle_man,620.3,22.854043569668377
CLUSTER_332,X,horse_man,404.6,22.854043569668377
CLUSTER_332,X,legume_str,553.2,22.854043569668377
CLUSTER_332,X,maize_str,50.4,22.854043569668377
CLUSTER_332,X,rape_str,1546.9,22.854043569668377
CLUSTER_336,X,beet_leaf,24605.2,16.519874457069857
CLUSTER_336,X,cattle_man,9570.0,16.519874457069857
CLUSTER_336,X,horse_man,579.9,16.519874457069857
CLUSTER_336,X,legume_str,270.07,16.519874457069857
CLUSTER_336,X,maize_str,516.74,16.519874457069857
CLUSTER_336,X,rape_str,912.3,16.519874457069857
CLUSTER_348,X,legume_str,156.9,25.793796565995255
CLUSTER_348,X,maize_str,65.0,25.793796565995255
CLUSTER_348,X,rape_str,718.0,25.793796565995255
CLUSTER_361,X,legume_str,175.4,27.93659941139077
CLUSTER_361,X,maize_str,579.6,27.93659941139077
CLUSTER_361,X,rape_str,169.4,27.93659941139077
CLUSTER_38,X,legume_str,159.5,23.110229450287783
CLUSTER_38,X,maize_str,30.0,23.110229450287783
CLUSTER_38,X,rape_str,891.0,23.110229450287783
CLUSTER_389,X,beet_leaf,8760.0,8.82032735978295
CLUSTER_389,X,cattle_man,790.9,8.82032735978295
CLUSTER_389,X,horse_man,483.0,8.82032735978295
CLUSTER_389,X,legume_str,294.0,8.82032735978295
CLUSTER_389,X,maize_str,132.9,8.82032735978295
CLUSTER_389,X,rape_str,826.81,8.82032735978295
CLUSTER_395,X,legume_str,73.81,45.42235870968225
CLUSTER_395,X,maize_str,582.4,45.42235870968225
CLUSTER_395,X,rape_str,1105.0,45.42235870968225
CLUSTER_4,X,beet_leaf,8998.6,17.45770449762488
CLUSTER_4,X,cattle_man,20439.0,17.45770449762488
CLUSTER_4,X,horse_man,2532.2,17.45770449762488
CLUSTER_4,X,legume_str,531.23,17.45770449762488
CLUSTER_4,X,maize_str,287.90000000000003,17.45770449762488
CLUSTER_4,X,rape_str,2234.4,17.45770449762488
CLUSTER_405,X,legume_str,321.95,30.205719530828183
CLUSTER_405,X,maize_str,43.2,30.205719530828183
CLUSTER_405,X,rape_str,758.7,30.205719530828183
CLUSTER_410,X,legume_str,361.8,37.11858189427303
CLUSTER_410,X,maize_str,31.67,37.11858189427303
CLUSTER_410,X,rape_str,2374.0,37.11858189427303
CLUSTER_417,X,cattle_man,11640.0,17.888285255384222
CLUSTER_417,X,legume_str,179.52,17.888285255384222
CLUSTER_417,X,maize_str,88.36,17.888285255384222
CLUSTER_417,X,rape_str,677.4,17.888285255384222
CLUSTER_418,X,legume_str,130.8,48.157996248560174
CLUSTER_418,X,maize_str,247.58,48.157996248560174
CLUSTER_418,X,rape_str,1244.0,48.157996248560174
CLUSTER_420,X,legume_str,308.5,41.28330052556959
CLUSTER_420,X,maize_str,18.3,41.28330052556959
CLUSTER_420,X,rape_str,472.0,41.28330052556959
CLUSTER_421,X,legume_str,191.0,53.07873248623023
CLUSTER_421,X,rape_str,740.8,53.07873248623023
CLUSTER_424,X,horse_man,879.04,32.72955070768773
CLUSTER_424,X,legume_str,524.5,32.72955070768773
CLUSTER_424,X,maize_str,42.1,32.72955070768773
CLUSTER_424,X,rape_str,2239.8,32.72955070768773
CLUSTER_430,X,legume_str,108.18,54.95389857166136
CLUSTER_445,X,legume_str,171.5,40.65505265434792
CLUSTER_445,X,maize_str,620.6,40.65505265434792
CLUSTER_445,X,rape_str,1059.0,40.65505265434792
CLUSTER_455,X,legume_str,362.4,53.52993524553323
CLUSTER_455,X,rape_str,1213.0,53.52993524553323
CLUSTER_46,X,legume_str,245.43999999999997,45.5832683615647
CLUSTER_46,X,maize_str,216.072,45.5832683615647
CLUSTER_46,X,rape_str,1841.4,45.5832683615647
CLUSTER_462,X,legume_str,58.4,57.77818317259739
CLUSTER_468,X,legume_str,142.73,53.6819577572608
CLUSTER_468,X,rape_str,574.4,53.6819577572608
CLUSTER_483,X,legume_str,415.5,31.696476728853085
CLUSTER_483,X,maize_str,387.2,31.696476728853085
CLUSTER_483,X,rape_str,440.9,31.696476728853085
CLUSTER_486,X,legume_str,57.1,49.67434590025505
CLUSTER_486,X,maize_str,23.9,49.67434590025505
CLUSTER_486,X,rape_str,303.0,49.67434590025505
CLUSTER_487,X,cattle_man,16400.0,19.272976000412363
CLUSTER_487,X,horse_man,431.5,19.272976000412363
CLUSTER_487,X,legume_str,702.12,19.272976000412363
CLUSTER_487,X,maize_str,637.4,19.272976000412363
CLUSTER_487,X,rape_str,1529.0,19.272976000412363
CLUSTER_49,X,legume_str,470.832,32.15978758589106
CLUSTER_49,X,maize_str,516.3,32.15978758589106
CLUSTER_49,X,rape_str,2778.0,32.15978758589106
CLUSTER_491,X,legume_str,275.7,45.23234463511486
CLUSTER_491,X,maize_str,50.9,45.23234463511486
CLUSTER_491,X,rape_str,1665.0,45.23234463511486
CLUSTER_494,X,legume_str,89.8,35.157370641998234
CLUSTER_494,X,maize_str,343.7,35.157370641998234
CLUSTER_494,X,rape_str,500.2,35.157370641998234
CLUSTER_497,X,horse_man,138.1,37.02416976838502
CLUSTER_497,X,legume_str,206.1,37.02416976838502
CLUSTER_497,X,maize_str,25.5,37.02416976838502
CLUSTER_497,X,rape_str,1290.0,37.02416976838502
CLUSTER_506,X,legume_str,340.0,40.481993638916826
CLUSTER_506,X,maize_str,146.4,40.481993638916826
CLUSTER_506,X,rape_str,1143.0,40.481993638916826
CLUSTER_517,X,legume_str,119.6,46.64973989033937
CLUSTER_517,X,maize_str,38.76,46.64973989033937
CLUSTER_517,X,rape_str,729.3,46.64973989033937
CLUSTER_525,X,legume_str,32.37,57.6117503400518
CLUSTER_530,X,horse_man,443.6,56.16686777056719
CLUSTER_530,X,legume_str,212.8,56.16686777056719
CLUSTER_532,X,legume_str,85.86,51.40041086355068
CLUSTER_532,X,maize_str,67.89999999999999,51.40041086355068
CLUSTER_532,X,rape_str,590.2,51.40041086355068
CLUSTER_538,X,legume_str,213.05,42.70504215095243
CLUSTER_538,X,maize_str,24.6,42.70504215095243
CLUSTER_538,X,rape_str,957.0,42.70504215095243
CLUSTER_75,X,beet_leaf,6044.0,16.915081679847347
CLUSTER_75,X,cattle_man,15511.3,16.915081679847347
CLUSTER_75,X,legume_str,172.5,16.915081679847347
CLUSTER_75,X,maize_str,550.06,16.915081679847347
CLUSTER_75,X,rape_str,1046.1,16.915081679847347
CLUSTER_80,X,legume_str,346.7,52.47283521429164
CLUSTER_80,X,rape_str,3516.0,52.47283521429164
CLUSTER_87,X,cattle_man,23670.0,25.811181070924626
CLUSTER_87,X,legume_str,729.0,25.811181070924626
CLUSTER_87,X,maize_str,676.6,25.811181070924626
CLUSTER_87,X,rape_str,922.9,25.811181070924626
CLUSTER_88,X,legume_str,227.87,55.12493206967504
CLUSTER_97,X,cattle_man,4494.0,21.03543979319149
CLUSTER_97,X,horse_man,1266.8,21.03543979319149
CLUSTER_97,X,legume_str,684.7,21.03543979319149
CLUSTER_97,X,maize_str,150.8,21.03543979319149
CLUSTER_97,X,rape_str,3629.0,21.03543979319149
CLUSTER_106,Y,cattle_man,12224.0,23.48645797774269
CLUSTER_106,Y,horse_man,1081.099999999993,23.48645797774269
CLUSTER_106,Y,pig_man,245.613,23.48645797774269
CLUSTER_111,Y,cattle_man,13173.0,17.501568817672045
CLUSTER_111,Y,cattle_slu,54519.99999999996,17.501568817672045
CLUSTER_111,Y,horse_man,2114.0,17.501568817672045
CLUSTER_111,Y,pig_man,262.226,17.501568817672045
CLUSTER_118,Y,cattle_man,21190.0,15.469326546402524
CLUSTER_118,Y,cattle_slu,125400.00000000001,15.469326546402524
CLUSTER_118,Y,horse_man,710.0,15.469326546402524
CLUSTER_123,Y,cattle_man,9000.0,29.17969911373619
CLUSTER_123,Y,horse_man,1614.0,29.17969911373619
CLUSTER_123,Y,pig_man,92.5800179,29.17969911373619
CLUSTER_127,Y,cattle_man,15806.0,15.22766167476218
CLUSTER_127,Y,cattle_slu,88570.0,15.22766167476218
CLUSTER_127,Y,horse_man,2828.1,15.22766167476218
CLUSTER_128,Y,cattle_man,10124.4,40.87816677793924
CLUSTER_128,Y,horse_man,2411.7,40.87816677793924
CLUSTER_128,Y,pig_man,539.0,40.87816677793924
CLUSTER_13,Y,cattle_man,22490.0,27.07988789707882
CLUSTER_13,Y,horse_man,4880.0,27.07988789707882
CLUSTER_13,Y,pig_man,152.17000000000002,27.07988789707882
CLUSTER_14,Y,cattle_man,9659.0,37.018736355679344
CLUSTER_14,Y,horse_man,2695.2,37.018736355679344
CLUSTER_14,Y,pig_man,256.805,37.018736355679344
CLUSTER_166,Y,cattle_man,6826.0,24.21792650098591
CLUSTER_166,Y,horse_man,763.7,24.21792650098591
CLUSTER_166,Y,pig_man,110.044731,24.21792650098591
CLUSTER_187,Y,cattle_man,4002.9999999999995,21.8661543310886
CLUSTER_187,Y,horse_man,2955.0,21.8661543310886
CLUSTER_187,Y,pig_man,939.3,21.8661543310886
CLUSTER_206,Y,cattle_man,21950.0,18.201641940879625
CLUSTER_206,Y,horse_man,726.8,18.201641940879625
CLUSTER_206,Y,pig_man,146.60494999999997,18.201641940879625
CLUSTER_210,Y,cattle_man,12910.0,3.167617188365254
CLUSTER_210,Y,cattle_slu,64400.0,3.167617188365254
CLUSTER_210,Y,horse_man,779.0,3.167617188365254
CLUSTER_210,Y,legume_str,108.0,3.167617188365254
CLUSTER_210,Y,pig_man,122.09999999999998,3.167617188365254
CLUSTER_210,Y,rape_str,548.7,3.167617188365254
CLUSTER_235,Y,cattle_man,3182.0,46.16381726637438
CLUSTER_235,Y,horse_man,1307.7,46.16381726637438
CLUSTER_253,Y,cattle_man,6043.0,43.30443334786876
CLUSTER_253,Y,horse_man,3082.0,43.30443334786876
CLUSTER_253,Y,pig_man,379.28,43.30443334786876
CLUSTER_264,Y,horse_man,387.684,29.13865925300145
CLUSTER_264,Y,pig_man,100.19925,29.13865925300145
CLUSTER_305,Y,cattle_man,4426.0,40.7783095146736
CLUSTER_305,Y,horse_man,533.2,40.7783095146736
CLUSTER_305,Y,pig_man,388.58,40.7783095146736
CLUSTER_313,Y,horse_man,2810.0,29.19930079366157
CLUSTER_313,Y,pig_man,14.107,29.19930079366157
CLUSTER_337,Y,cattle_man,13540.0,12.95163450073652
CLUSTER_337,Y,cattle_slu,79080.0,12.95163450073652
CLUSTER_337,Y,horse_man,1000.0599999999998,12.95163450073652
CLUSTER_341,Y,cattle_man,862.8,35.219143779952404
CLUSTER_341,Y,horse_man,2031.7999999999997,35.219143779952404
CLUSTER_341,Y,pig_man,160.94299999999998,35.219143779952404
CLUSTER_362,Y,cattle_man,13100.0,30.52953837612963
CLUSTER_362,Y,horse_man,2769.0,30.52953837612963
CLUSTER_365,Y,cattle_man,16119.999999999998,24.424641999001164
CLUSTER_365,Y,horse_man,1341.0,24.424641999001164
CLUSTER_366,Y,cattle_man,8803.0,25.824313079613216
CLUSTER_366,Y,horse_man,199.48,25.824313079613216
CLUSTER_368,Y,cattle_man,6947.0,19.52557368385833
CLUSTER_368,Y,horse_man,1001.7000000000002,19.52557368385833
CLUSTER_368,Y,pig_man,61.345000000000006,19.52557368385833
CLUSTER_376,Y,horse_man,494.96000000000004,35.08754358106138
CLUSTER_376,Y,pig_man,263.4000241,35.08754358106138
CLUSTER_379,Y,cattle_man,18540.0,18.589367929827954
CLUSTER_379,Y,horse_man,612.5,18.589367929827954
CLUSTER_383,Y,cattle_man,4512.0,27.09735107881942
CLUSTER_383,Y,horse_man,1382.2,27.09735107881942
CLUSTER_383,Y,pig_man,350.7,27.09735107881942
CLUSTER_393,Y,cattle_man,1357.0,40.8927186417219
CLUSTER_393,Y,horse_man,968.1,40.8927186417219
CLUSTER_411,Y,cattle_man,18310.0,6.842153184531134
CLUSTER_411,Y,cattle_slu,112200.0,6.842153184531134
CLUSTER_411,Y,horse_man,1163.4,6.842153184531134
CLUSTER_411,Y,legume_str,302.2,6.842153184531134
CLUSTER_411,Y,pig_man,527.79,6.842153184531134
CLUSTER_411,Y,rape_str,409.6,6.842153184531134
CLUSTER_427,Y,horse_man,3104.5,48.06588415084791
CLUSTER_427,Y,pig_man,799.2,48.06588415084791
CLUSTER_428,Y,cattle_man,6500.0,28.773647683826752
CLUSTER_428,Y,horse_man,792.0,28.773647683826752
CLUSTER_428,Y,pig_man,58.397,28.773647683826752
CLUSTER_432,Y,cattle_man,3340.0,24.950705383122745
CLUSTER_432,Y,horse_man,1122.3,24.950705383122745
CLUSTER_432,Y,pig_man,80.1,24.950705383122745
CLUSTER_434,Y,cattle_man,7632.317126521433,26.390768034443465
CLUSTER_434,Y,horse_man,816.4,26.390768034443465
CLUSTER_44,Y,cattle_man,14660.0,13.885919533820392
CLUSTER_44,Y,cattle_slu,73970.0,13.885919533820392
CLUSTER_44,Y,horse_man,1288.0,13.885919533820392
CLUSTER_443,Y,cattle_man,12880.0,16.324961861646436
CLUSTER_443,Y,cattle_slu,70720.0,16.324961861646436
CLUSTER_443,Y,horse_man,1016.9999999999999,16.324961861646436
CLUSTER_446,Y,cattle_man,11600.0,9.485150993090024
CLUSTER_446,Y,cattle_slu,63610.0,9.485150993090024
CLUSTER_446,Y,horse_man,1600.0,9.485150993090024
CLUSTER_446,Y,legume_str,132.72,9.485150993090024
CLUSTER_446,Y,pig_man,216.2920123,9.485150993090024
CLUSTER_446,Y,rape_str,165.0,9.485150993090024
CLUSTER_463,Y,cattle_man,3189.0,27.874873866390832
CLUSTER_463,Y,horse_man,384.3,27.874873866390832
CLUSTER_463,Y,pig_man,180.00319,27.874873866390832
CLUSTER_479,Y,cattle_man,6870.0,24.29738233601712
CLUSTER_479,Y,horse_man,1092.0,24.29738233601712
CLUSTER_485,Y,cattle_man,3740.0,38.0998333899406
CLUSTER_485,Y,horse_man,1447.0,38.0998333899406
CLUSTER_485,Y,pig_man,19.72,38.0998333899406
CLUSTER_500,Y,cattle_man,5430.0,32.18404209459882
CLUSTER_500,Y,horse_man,798.0,32.18404209459882
CLUSTER_500,Y,pig_man,32.309999999999995,32.18404209459882
CLUSTER_507,Y,horse_man,1199.4,33.51991859717514
CLUSTER_511,Y,cattle_man,2498.0,28.69901848501312
CLUSTER_511,Y,horse_man,1308.3100000000002,28.69901848501312
CLUSTER_511,Y,pig_man,317.6,28.69901848501312
CLUSTER_531,Y,cattle_man,750.0,48.75185055663536
CLUSTER_533,Y,cattle_man,693.0,47.520674124355146
CLUSTER_533,Y,horse_man,654.0,47.520674124355146
CLUSTER_533,Y,pig_man,70.10000000000001,47.520674124355146
CLUSTER_534,Y,horse_man,1873.6,39.23106511409391
CLUSTER_534,Y,pig_man,1003.0,39.23106511409391
CLUSTER_543,Y,cattle_man,10570.0,11.90686394279324
CLUSTER_543,Y,cattle_slu,58800.0,11.90686394279324
CLUSTER_543,Y,horse_man,158.9,11.90686394279324
CLUSTER_543,Y,legume_str,17.48,11.90686394279324
CLUSTER_543,Y,pig_man,36.089,11.90686394279324
CLUSTER_548,Y,cattle_man,7311.0,30.215910491123427
CLUSTER_548,Y,horse_man,2324.0,30.215910491123427
CLUSTER_83,Y,cattle_man,8530.0,34.07295791146733
CLUSTER_83,Y,horse_man,2092.0,34.07295791146733
CLUSTER_83,Y,pig_man,44.2,34.07295791146733
CLUSTER_0,Z,cattle_man,28890.0,7.5828253087219695
CLUSTER_0,Z,cattle_slu,89880.0,7.5828253087219695
CLUSTER_0,Z,horse_man,2609.9492063492007,7.5828253087219695
CLUSTER_0,Z,legume_str,690.7,7.5828253087219695
CLUSTER_0,Z,pig_man,1695.2,7.5828253087219695
CLUSTER_0,Z,rape_str,1701.9,7.5828253087219695
CLUSTER_104,Z,cattle_man,26110.0,19.705830833786184
CLUSTER_104,Z,horse_man,871.7,19.705830833786184
CLUSTER_104,Z,pig_man,527.2180000000001,19.705830833786184
CLUSTER_159,Z,horse_man,2721.0,72.06854503215862
CLUSTER_159,Z,pig_man,3550.315,72.06854503215862
CLUSTER_2,Z,cattle_man,3616.0,42.21504935557827
CLUSTER_2,Z,horse_man,975.2,42.21504935557827
CLUSTER_2,Z,pig_man,1666.5,42.21504935557827
CLUSTER_203,Z,horse_man,3313.0,24.37679037506047
CLUSTER_203,Z,pig_man,696.08362,24.37679037506047
CLUSTER_205,Z,cattle_man,16567.0,7.693723907188768
CLUSTER_205,Z,cattle_slu,67010.0,7.693723907188768
CLUSTER_205,Z,horse_man,3447.0,7.693723907188768
CLUSTER_205,Z,legume_str,366.9,7.693723907188768
CLUSTER_205,Z,pig_man,123.23616,7.693723907188768
CLUSTER_205,Z,rape_str,424.8,7.693723907188768
CLUSTER_208,Z,cattle_man,5066.0,35.91808064509237
CLUSTER_208,Z,horse_man,1364.6,35.91808064509237
CLUSTER_208,Z,pig_man,22.65,35.91808064509237
CLUSTER_22,Z,pig_man,695.9999999999823,22.513463965976467
CLUSTER_225,Z,horse_man,1039.7,57.11866497129257
CLUSTER_225,Z,pig_man,1314.9,57.11866497129257
CLUSTER_233,Z,cattle_man,5430.0,50.928693512543376
CLUSTER_233,Z,horse_man,1224.0,50.928693512543376
CLUSTER_233,Z,pig_man,435.2,50.928693512543376
CLUSTER_273,Z,horse_man,1064.0,47.89408614775245
CLUSTER_273,Z,pig_man,524.6,47.89408614775245
CLUSTER_291,Z,horse_man,1658.0,65.44552011693482
CLUSTER_291,Z,pig_man,7740.0,65.44552011693482
CLUSTER_292,Z,horse_man,3197.0,55.35951481287074
CLUSTER_292,Z,pig_man,2862.0,55.35951481287074
CLUSTER_302,Z,cattle_man,16129.999999999998,19.628196836047128
CLUSTER_302,Z,horse_man,1597.0,19.628196836047128
CLUSTER_302,Z,pig_man,141.874306,19.628196836047128
CLUSTER_319,Z,cattle_man,9700.0,15.804914790568215
CLUSTER_319,Z,cattle_slu,26490.0,15.804914790568215
CLUSTER_319,Z,horse_man,1821.5,15.804914790568215
CLUSTER_319,Z,pig_man,343.0,15.804914790568215
CLUSTER_330,Z,cattle_man,21960.0,20.870031103145635
CLUSTER_330,Z,horse_man,1269.6,20.870031103145635
CLUSTER_330,Z,pig_man,378.71,20.870031103145635
CLUSTER_354,Z,horse_man,793.6507936507936,43.6666236056448
CLUSTER_354,Z,pig_man,883.52,43.6666236056448
CLUSTER_355,Z,horse_man,1202.0,52.902643810394096
CLUSTER_355,Z,pig_man,1341.0,52.902643810394096
CLUSTER_37,Z,cattle_man,31919.999999999996,30.80933446961245
CLUSTER_37,Z,horse_man,943.0,30.80933446961245
CLUSTER_37,Z,pig_man,3353.8,30.80933446961245
CLUSTER_378,Z,cattle_man,31200.0,17.876104762629385
CLUSTER_378,Z,cattle_slu,125899.9999999999,17.876104762629385
CLUSTER_378,Z,horse_man,1373.0,17.876104762629385
CLUSTER_378,Z,pig_man,297.007,17.876104762629385
CLUSTER_398,Z,cattle_man,5117.0,10.175128271215057
CLUSTER_398,Z,cattle_slu,15360.0,10.175128271215057
CLUSTER_398,Z,horse_man,1395.0,10.175128271215057
CLUSTER_398,Z,pig_man,169.0001898,10.175128271215057
CLUSTER_402,Z,horse_man,859.0,59.70381194072967
CLUSTER_402,Z,pig_man,1540.0,59.70381194072967
CLUSTER_403,Z,horse_man,1197.0,23.191521845799176
CLUSTER_403,Z,pig_man,782.0,23.191521845799176
CLUSTER_436,Z,cattle_man,14080.0,40.99369253927439
CLUSTER_436,Z,horse_man,830.0,40.99369253927439
CLUSTER_436,Z,pig_man,326.0,40.99369253927439
CLUSTER_450,Z,cattle_man,18270.0,26.532703124969927
CLUSTER_450,Z,horse_man,963.9,26.532703124969927
CLUSTER_450,Z,pig_man,315.5,26.532703124969927
CLUSTER_473,Z,cattle_man,11380.0,32.52006709317487
CLUSTER_473,Z,horse_man,745.0,32.52006709317487
CLUSTER_473,Z,pig_man,510.99999999999994,32.52006709317487
CLUSTER_482,Z,cattle_man,16500.0,29.968632255597765
CLUSTER_482,Z,horse_man,1167.3,29.968632255597765
CLUSTER_493,Z,cattle_man,9040.0,25.92949221764044
CLUSTER_493,Z,horse_man,951.2,25.92949221764044
CLUSTER_493,Z,pig_man,193.15,25.92949221764044
CLUSTER_516,Z,cattle_man,8820.0,31.50809133387273
CLUSTER_516,Z,horse_man,1178.0,31.50809133387273
CLUSTER_516,Z,pig_man,123.100375,31.50809133387273
CLUSTER_537,Z,horse_man,1468.0,52.77235768400488
CLUSTER_537,Z,pig_man,2429.0,52.77235768400488
CLUSTER_541,Z,cattle_man,4103.0,21.41987255070149
CLUSTER_541,Z,horse_man,835.5,21.41987255070149
CLUSTER_58,Z,cattle_man,44252.26903396359,22.005167571803003
CLUSTER_58,Z,horse_man,3739.6,22.005167571803003
CLUSTER_58,Z,pig_man,585.7193,22.005167571803003
CLUSTER_61,Z,cattle_man,33290.0,39.3050863653902
CLUSTER_61,Z,horse_man,2388.0,39.3050863653902
CLUSTER_61,Z,pig_man,392.8,39.3050863653902
CLUSTER_64,Z,cattle_man,35510.0,11.163683265159817
CLUSTER_64,Z,cattle_slu,117990.0,11.163683265159817
CLUSTER_64,Z,horse_man,1753.8,11.163683265159817
CLUSTER_64,Z,legume_str,944.8,11.163683265159817
CLUSTER_64,Z,pig_man,1190.4,11.163683265159817
CLUSTER_64,Z,rape_str,1531.1,11.163683265159817
CLUSTER_70,Z,cattle_man,18095.0,42.54356731979016
CLUSTER_70,Z,horse_man,1087.859,42.54356731979016
CLUSTER_70,Z,pig_man,751.0,42.54356731979016
CLUSTER_79,Z,horse_man,1933.0,67.88099644073674
CLUSTER_79,Z,pig_man,1322.00245,67.88099644073674
CLUSTER_92,Z,cattle_man,17416.0,10.302070431132858
CLUSTER_92,Z,cattle_slu,68400.0,10.302070431132858
CLUSTER_92,Z,horse_man,2276.0,10.302070431132858
CLUSTER_92,Z,pig_man,122.73699999999998,10.302070431132858
CLUSTER_92,Z,rape_str,511.2843716951834,10.302070431132858
CLUSTER_115,AA,cattle_man,12402.99999999957,24.76459783706369
CLUSTER_115,AA,horse_man,190.35,24.76459783706369
CLUSTER_130,AA,cattle_man,16581.0,29.67481484287398
CLUSTER_18,AA,cattle_man,14355.0,21.754092507628226
CLUSTER_227,AA,cattle_man,7020.0,29.84316646138368
CLUSTER_227,AA,horse_man,79.97,29.84316646138368
CLUSTER_234,AA,cattle_man,28380.0,19.58197186212035
CLUSTER_234,AA,horse_man,2507.0,19.58197186212035
CLUSTER_234,AA,pig_man,472.3,19.58197186212035
CLUSTER_249,AA,cattle_man,9836.0,5.238936250398622
CLUSTER_249,AA,cattle_slu,55040.0,5.238936250398622
CLUSTER_249,AA,horse_man,1754.0,5.238936250398622
CLUSTER_32,AA,cattle_man,20691.0,7.084049407072021
CLUSTER_32,AA,cattle_slu,101886.0,7.084049407072021
CLUSTER_32,AA,horse_man,1842.9,7.084049407072021
CLUSTER_32,AA,pig_man,176.1042,7.084049407072021
CLUSTER_357,AA,cattle_man,11532.0,13.302718999763648
CLUSTER_387,AA,cattle_man,7795.0,11.244482196565553
CLUSTER_387,AA,cattle_slu,37790.0,11.244482196565553
CLUSTER_413,AA,cattle_man,8790.0,9.39301250256421
CLUSTER_413,AA,cattle_slu,26800.0,9.39301250256421
CLUSTER_413,AA,horse_man,36.0,9.39301250256421
CLUSTER_438,AA,cattle_slu,10544.886465271797,12.597172375514646
CLUSTER_45,AA,cattle_man,15750.0,22.847183043556143
CLUSTER_45,AA,horse_man,1188.0,22.847183043556143
CLUSTER_475,AA,cattle_man,3878.0,36.122744196193175
CLUSTER_505,AA,cattle_man,10770.0,16.08017877438661
CLUSTER_505,AA,horse_man,942.0,16.08017877438661
CLUSTER_116,AB,legume_str,256.53,36.02936028256403
CLUSTER_116,AB,rape_str,1331.7,36.02936028256403
CLUSTER_125,AB,legume_str,441.0,38.7739665561249
CLUSTER_125,AB,rape_str,3920.0,38.7739665561249
CLUSTER_126,AB,legume_str,544.6,20.95704037239345
CLUSTER_126,AB,maize_str,6491.0,20.95704037239345
CLUSTER_126,AB,rape_str,2380.952380952381,20.95704037239345
CLUSTER_131,AB,legume_str,1003.9999999999999,28.80127988427925
CLUSTER_131,AB,maize_str,4594.0,28.80127988427925
CLUSTER_131,AB,rape_str,1908.0,28.80127988427925
CLUSTER_165,AB,legume_str,854.0,38.05441493684581
CLUSTER_165,AB,rape_str,1507.0,38.05441493684581
CLUSTER_175,AB,beet_leaf,28760.0,16.216322406444206
CLUSTER_175,AB,legume_str,508.2,16.216322406444206
CLUSTER_175,AB,maize_str,1895.0,16.216322406444206
CLUSTER_175,AB,rape_str,1513.0,16.216322406444206
CLUSTER_180,AB,beet_leaf,6890.0,8.95352595809096
CLUSTER_180,AB,cattle_man,2402.6,8.95352595809096
CLUSTER_180,AB,legume_str,350.0,8.95352595809096
CLUSTER_180,AB,maize_str,9410.0,8.95352595809096
CLUSTER_180,AB,rape_str,2510.0,8.95352595809096
CLUSTER_184,AB,legume_str,480.0,19.759634576505693
CLUSTER_184,AB,maize_str,4690.0,19.759634576505693
CLUSTER_184,AB,rape_str,1554.0,19.759634576505693
CLUSTER_186,AB,beet_leaf,14510.0,14.784345752870076
CLUSTER_186,AB,cattle_man,2851.0,14.784345752870076
CLUSTER_186,AB,legume_str,321.6,14.784345752870076
CLUSTER_186,AB,maize_str,2451.0,14.784345752870076
CLUSTER_186,AB,rape_str,2267.0,14.784345752870076
CLUSTER_20,AB,legume_str,1043.0,35.02099642464333
CLUSTER_20,AB,rape_str,2658.0,35.02099642464333
CLUSTER_212,AB,legume_str,423.4,37.7543801045899
CLUSTER_212,AB,rape_str,2994.0,37.7543801045899
CLUSTER_240,AB,legume_str,511.70000000000016,22.556642146150644
CLUSTER_240,AB,maize_str,2018.1000000000001,22.556642146150644
CLUSTER_240,AB,rape_str,698.0,22.556642146150644
CLUSTER_257,AB,legume_str,280.6,19.092887085874533
CLUSTER_257,AB,maize_str,4463.0,19.092887085874533
CLUSTER_257,AB,rape_str,1210.4,19.092887085874533
CLUSTER_267,AB,beet_leaf,19900.0,5.970968941454526
CLUSTER_267,AB,cattle_man,6170.0,5.970968941454526
CLUSTER_267,AB,cattle_slu,27220.0,5.970968941454526
CLUSTER_267,AB,legume_str,523.5,5.970968941454526
CLUSTER_267,AB,maize_str,4239.0,5.970968941454526
CLUSTER_267,AB,rape_str,1938.0,5.970968941454526
CLUSTER_280,AB,legume_str,227.3,47.89435234475712
CLUSTER_290,AB,legume_str,233.8,34.32543212447672
CLUSTER_290,AB,rape_str,1121.03,34.32543212447672
CLUSTER_295,AB,legume_str,228.28,29.475737194491835
CLUSTER_295,AB,rape_str,310.5,29.475737194491835
CLUSTER_301,AB,legume_str,364.26,32.43419592644279
CLUSTER_301,AB,rape_str,382.1,32.43419592644279
CLUSTER_306,AB,legume_str,1097.0,38.24765254924794
CLUSTER_306,AB,rape_str,2327.0,38.24765254924794
CLUSTER_31,AB,legume_str,400.9,46.465092384437824
CLUSTER_321,AB,legume_str,474.1,24.956694719342856
CLUSTER_321,AB,maize_str,1399.0,24.956694719342856
CLUSTER_321,AB,rape_str,1433.0,24.956694719342856
CLUSTER_371,AB,legume_str,445.8,38.84754625297964
CLUSTER_371,AB,rape_str,918.4,38.84754625297964
CLUSTER_397,AB,legume_str,173.8,43.843532975478645
CLUSTER_397,AB,rape_str,641.0,43.843532975478645
CLUSTER_399,AB,legume_str,297.37,26.21822858163164
CLUSTER_399,AB,maize_str,1120.2,26.21822858163164
CLUSTER_399,AB,rape_str,723.2,26.21822858163164
CLUSTER_403,AB,legume_str,587.0,47.18713463590506
CLUSTER_408,AB,legume_str,270.2,38.139886192014586
CLUSTER_408,AB,rape_str,1388.0,38.139886192014586
CLUSTER_423,AB,legume_str,670.7,45.19842993444383
CLUSTER_429,AB,legume_str,61.70000000000001,44.822778118197135
CLUSTER_441,AB,legume_str,342.2,25.302199008435903
CLUSTER_441,AB,maize_str,2827.0,25.302199008435903
CLUSTER_441,AB,rape_str,1217.0,25.302199008435903
CLUSTER_453,AB,legume_str,457.0,24.78315939091556
CLUSTER_453,AB,maize_str,1817.0,24.78315939091556
CLUSTER_453,AB,rape_str,449.1,24.78315939091556
CLUSTER_477,AB,legume_str,101.5,39.479755616155245
CLUSTER_477,AB,rape_str,247.70000000000002,39.479755616155245
CLUSTER_48,AB,beet_leaf,4005.1000000000004,13.699245569437744
CLUSTER_48,AB,cattle_man,4164.0,13.699245569437744
CLUSTER_48,AB,legume_str,448.03,13.699245569437744
CLUSTER_48,AB,maize_str,4581.0,13.699245569437744
CLUSTER_48,AB,rape_str,1712.0,13.699245569437744
CLUSTER_501,AB,beet_leaf,13770.0,7.364606456791434
CLUSTER_501,AB,cattle_man,230.0,7.364606456791434
CLUSTER_501,AB,legume_str,355.2,7.364606456791434
CLUSTER_501,AB,maize_str,3960.0,7.364606456791434
CLUSTER_501,AB,rape_str,1822.0,7.364606456791434
CLUSTER_503,AB,legume_str,401.2,33.94641941993275
CLUSTER_503,AB,rape_str,1574.0,33.94641941993275
CLUSTER_504,AB,legume_str,94.63,20.040870578065984
CLUSTER_504,AB,maize_str,1285.0,20.040870578065984
CLUSTER_504,AB,rape_str,268.5,20.040870578065984
CLUSTER_52,AB,legume_str,277.4,29.77064154190776
CLUSTER_52,AB,rape_str,675.0,29.77064154190776
CLUSTER_544,AB,legume_str,101.3,44.73155827259828
CLUSTER_544,AB,rape_str,531.0,44.73155827259828
CLUSTER_545,AB,legume_str,184.9,28.95836117697784
CLUSTER_545,AB,maize_str,791.7168586812628,28.95836117697784
CLUSTER_545,AB,rape_str,992.0,28.95836117697784
CLUSTER_71,AB,legume_str,1174.2,35.133292819041124
CLUSTER_71,AB,rape_str,2450.0,35.133292819041124
CLUSTER_73,AB,beet_leaf,2918.382605798237,16.3639805453079
CLUSTER_73,AB,legume_str,648.0,16.3639805453079
CLUSTER_73,AB,maize_str,11358.0,16.3639805453079
CLUSTER_73,AB,rape_str,3434.0,16.3639805453079
CLUSTER_89,AB,legume_str,351.6,48.42055287597079
CLUSTER_109,AC,cattle_man,10424.0,13.614121771216317
CLUSTER_109,AC,cattle_slu,48086.0,13.614121771216317
CLUSTER_109,AC,horse_man,2924.0,13.614121771216317
CLUSTER_109,AC,pig_man,121.22265,13.614121771216317
CLUSTER_143,AC,cattle_man,20920.0,8.987451265333664
CLUSTER_143,AC,cattle_slu,94100.0,8.987451265333664
CLUSTER_143,AC,horse_man,1329.0,8.987451265333664
CLUSTER_143,AC,legume_str,47.158,8.987451265333664
CLUSTER_143,AC,pig_man,52.20089,8.987451265333664
CLUSTER_143,AC,rape_str,89.7,8.987451265333664
CLUSTER_146,AC,horse_man,847.0,54.05244294923163
CLUSTER_150,AC,cattle_man,18940.0,10.812417837107684
CLUSTER_150,AC,cattle_slu,87300.0,10.812417837107684
CLUSTER_150,AC,horse_man,998.0,10.812417837107684
CLUSTER_150,AC,legume_str,116.5,10.812417837107684
CLUSTER_150,AC,pig_man,605.1,10.812417837107684
CLUSTER_155,AC,cattle_man,533.52,40.5345732507629
CLUSTER_155,AC,horse_man,1141.3,40.5345732507629
CLUSTER_155,AC,pig_man,1243.7,40.5345732507629
CLUSTER_17,AC,cattle_man,9480.0,38.16224365546736
CLUSTER_17,AC,horse_man,663.59,38.16224365546736
CLUSTER_17,AC,pig_man,202.955,38.16224365546736
CLUSTER_175,AC,cattle_man,2182.272,47.33587038147997
CLUSTER_175,AC,horse_man,1207.3,47.33587038147997
CLUSTER_175,AC,pig_man,35.4,47.33587038147997
CLUSTER_184,AC,cattle_man,2092.0,46.34899399027039
CLUSTER_184,AC,horse_man,556.0,46.34899399027039
CLUSTER_184,AC,pig_man,1364.0,46.34899399027039
CLUSTER_186,AC,horse_man,2019.1,61.0387791945852
CLUSTER_186,AC,pig_man,471.4,61.0387791945852
CLUSTER_189,AC,cattle_man,4488.98,33.335615700873284
CLUSTER_189,AC,horse_man,1789.0,33.335615700873284
CLUSTER_193,AC,cattle_man,1113.0,43.68663787404554
CLUSTER_193,AC,horse_man,1133.0,43.68663787404554
CLUSTER_195,AC,cattle_man,17240.0,8.162361323176816
CLUSTER_195,AC,cattle_slu,93330.0,8.162361323176816
CLUSTER_195,AC,horse_man,1276.5,8.162361323176816
CLUSTER_195,AC,pig_man,34.13825,8.162361323176816
CLUSTER_202,AC,cattle_man,16100.0,45.11717865098085
CLUSTER_202,AC,horse_man,1917.3,45.11717865098085
CLUSTER_202,AC,pig_man,229.17,45.11717865098085
CLUSTER_223,AC,cattle_man,9326.0,22.099214888025337
CLUSTER_223,AC,horse_man,1582.6,22.099214888025337
CLUSTER_223,AC,pig_man,439.438657,22.099214888025337
CLUSTER_228,AC,cattle_man,10463.0,42.366292975997645
CLUSTER_228,AC,horse_man,1313.4,42.366292975997645
CLUSTER_231,AC,cattle_man,13870.0,3.119787143769261
CLUSTER_231,AC,cattle_slu,72600.0,3.119787143769261
CLUSTER_231,AC,horse_man,1176.0,3.119787143769261
CLUSTER_231,AC,legume_str,26.42,3.119787143769261
CLUSTER_231,AC,pig_man,10.6436,3.119787143769261
CLUSTER_240,AC,cattle_man,402.04,43.04709369921618
CLUSTER_240,AC,horse_man,172.5,43.04709369921618
CLUSTER_240,AC,pig_man,24.931,43.04709369921618
CLUSTER_241,AC,cattle_man,10430.0,20.690362681267903
CLUSTER_241,AC,horse_man,968.1,20.690362681267903
CLUSTER_250,AC,horse_man,1190.0,47.79415790672253
CLUSTER_250,AC,pig_man,54.334,47.79415790672253
CLUSTER_254,AC,cattle_man,8256.0,24.286730350677185
CLUSTER_254,AC,horse_man,1711.5,24.286730350677185
CLUSTER_267,AC,horse_man,951.0,58.336143138908525
CLUSTER_267,AC,pig_man,778.7999999999988,58.336143138908525
CLUSTER_270,AC,cattle_man,9712.0,32.8245274084587
CLUSTER_270,AC,horse_man,2875.0,32.8245274084587
CLUSTER_270,AC,pig_man,61.2952,32.8245274084587
CLUSTER_274,AC,cattle_man,2163.0,33.52578177245223
CLUSTER_274,AC,horse_man,783.4,33.52578177245223
CLUSTER_274,AC,pig_man,587.9,33.52578177245223
CLUSTER_280,AC,cattle_man,7664.0,26.2306612919282
CLUSTER_280,AC,horse_man,1101.277,26.2306612919282
CLUSTER_280,AC,pig_man,171.3,26.2306612919282
CLUSTER_282,AC,horse_man,1029.0,55.97018308479264
CLUSTER_282,AC,pig_man,277.076,55.97018308479264
CLUSTER_284,AC,cattle_man,1152.783,29.494032968112545
CLUSTER_284,AC,horse_man,195.4,29.494032968112545
CLUSTER_284,AC,pig_man,447.9,29.494032968112545
CLUSTER_285,AC,cattle_man,15869.999999999998,35.37426544843036
CLUSTER_285,AC,horse_man,3438.0,35.37426544843036
CLUSTER_295,AC,cattle_man,1036.53,38.199041759244814
CLUSTER_295,AC,horse_man,46.7,38.199041759244814
CLUSTER_301,AC,cattle_man,2641.0,30.622300907336008
CLUSTER_301,AC,horse_man,760.0,30.622300907336008
CLUSTER_301,AC,pig_man,225.23,30.622300907336008
CLUSTER_31,AC,cattle_man,11270.176,48.48502146453381
CLUSTER_31,AC,horse_man,3786.0,48.48502146453381
CLUSTER_311,AC,cattle_man,22700.0,17.82453921394614
CLUSTER_311,AC,cattle_slu,49676.65463596033,17.82453921394614
CLUSTER_311,AC,horse_man,1250.5,17.82453921394614
CLUSTER_321,AC,cattle_man,2184.0,52.39609441098568
CLUSTER_321,AC,horse_man,1668.0,52.39609441098568
CLUSTER_321,AC,pig_man,53.32708,52.39609441098568
CLUSTER_33,AC,cattle_man,6952.0,21.562562415170465
CLUSTER_33,AC,horse_man,1803.0,21.562562415170465
CLUSTER_343,AC,cattle_man,10540.0,37.059265692734606
CLUSTER_343,AC,horse_man,329.269,37.059265692734606
CLUSTER_343,AC,pig_man,296.7,37.059265692734606
CLUSTER_370,AC,cattle_man,11090.0,17.07891436692388
CLUSTER_370,AC,cattle_slu,71480.0,17.07891436692388
CLUSTER_370,AC,horse_man,1921.0,17.07891436692388
CLUSTER_370,AC,pig_man,15.373134,17.07891436692388
CLUSTER_372,AC,cattle_man,9440.0,36.34705887271199
CLUSTER_372,AC,horse_man,1283.0,36.34705887271199
CLUSTER_372,AC,pig_man,127.52,36.34705887271199
CLUSTER_399,AC,horse_man,218.1,68.99659998952188
CLUSTER_400,AC,horse_man,1513.0,52.36416868118584
CLUSTER_400,AC,pig_man,2588.0,52.36416868118584
CLUSTER_406,AC,cattle_man,16790.0,14.761153096397116
CLUSTER_406,AC,cattle_slu,94100.0,14.761153096397116
CLUSTER_406,AC,horse_man,1539.0,14.761153096397116
CLUSTER_406,AC,pig_man,52.746,14.761153096397116
CLUSTER_408,AC,cattle_man,7585.8,38.69639318058641
CLUSTER_408,AC,horse_man,3122.0,38.69639318058641
CLUSTER_408,AC,pig_man,511.6000000000001,38.69639318058641
CLUSTER_429,AC,cattle_man,6420.0,20.507669284478
CLUSTER_429,AC,horse_man,723.0,20.507669284478
CLUSTER_453,AC,cattle_man,163.9,37.87045538479795
CLUSTER_453,AC,horse_man,209.4,37.87045538479795
CLUSTER_453,AC,pig_man,269.0,37.87045538479795
CLUSTER_456,AC,cattle_man,18.534,43.39733088088506
CLUSTER_456,AC,horse_man,275.0,43.39733088088506
CLUSTER_456,AC,pig_man,30.472,43.39733088088506
CLUSTER_470,AC,cattle_man,25970.0,22.749692558780485
CLUSTER_470,AC,horse_man,1289.0,22.749692558780485
CLUSTER_470,AC,pig_man,190.5,22.749692558780485
CLUSTER_472,AC,cattle_man,24810.0,27.629284859390427
CLUSTER_472,AC,horse_man,709.0,27.629284859390427
CLUSTER_472,AC,pig_man,22.5159,27.629284859390427
CLUSTER_477,AC,cattle_man,6130.0,29.70824108140416
CLUSTER_477,AC,horse_man,908.0,29.70824108140416
CLUSTER_484,AC,cattle_man,10650.0,17.362789630895648
CLUSTER_484,AC,cattle_slu,42730.0,17.362789630895648
CLUSTER_484,AC,horse_man,420.9,17.362789630895648
CLUSTER_484,AC,pig_man,64.9729,17.362789630895648
CLUSTER_488,AC,horse_man,236.9,43.84398210185194
CLUSTER_488,AC,pig_man,1185.8,43.84398210185194
CLUSTER_503,AC,cattle_man,1023.7099999999999,52.95653902143917
CLUSTER_503,AC,horse_man,847.1,52.95653902143917
CLUSTER_509,AC,cattle_man,10453.0,25.386058806562318
CLUSTER_509,AC,horse_man,798.0,25.386058806562318
CLUSTER_509,AC,pig_man,70.445,25.386058806562318
CLUSTER_513,AC,horse_man,1042.0,54.95047885809281
CLUSTER_513,AC,pig_man,657.0,54.95047885809281
CLUSTER_514,AC,pig_man,13.03,60.773009475186406
CLUSTER_520,AC,cattle_man,3690.0,25.40239061004685
CLUSTER_520,AC,horse_man,799.0,25.40239061004685
CLUSTER_542,AC,cattle_man,20360.0,37.34337435333928
CLUSTER_542,AC,horse_man,1452.1,37.34337435333928
CLUSTER_542,AC,pig_man,564.19,37.34337435333928
CLUSTER_549,AC,horse_man,1622.0,50.49853736744275
CLUSTER_68,AC,horse_man,1155.3,51.62802635159539
CLUSTER_68,AC,pig_man,1241.4,51.62802635159539
CLUSTER_91,AC,cattle_man,1586.06,29.86275536798983
CLUSTER_91,AC,horse_man,619.6,29.86275536798983
CLUSTER_91,AC,pig_man,218.0,29.86275536798983
CLUSTER_99,AC,cattle_man,18960.0,22.51930068371919
CLUSTER_99,AC,horse_man,170.398,22.51930068371919
CLUSTER_99,AC,pig_man,173.7,22.51930068371919
