PlantLocation,SupplyNode,Feedstock,FlowTons,Distance_km
Plant_6,CLUSTER_0,horse_man,2610.0,28.00743020479746
Plant_6,CLUSTER_0,pig_man,1695.2,28.00743020479746
Plant_6,CLUSTER_100,pig_man,69.61,54.1950977778287
Plant_6,CLUSTER_104,pig_man,527.2180000000001,50.660329159863785
Plant_6,CLUSTER_107,pig_man,993.2,88.79026492584319
Plant_6,CLUSTER_116,pig_man,144.5,86.39154696691386
Plant_6,CLUSTER_121,horse_man,2073.0,40.34812741168755
Plant_6,CLUSTER_122,horse_man,5260.0,25.17309446018477
Plant_6,CLUSTER_122,pig_man,40.78257,25.17309446018477
Plant_6,CLUSTER_126,pig_man,2894.0,67.03987233380639
Plant_6,CLUSTER_13,pig_man,152.17000000000002,109.07603943727727
Plant_6,CLUSTER_131,pig_man,1497.8,57.98301998367225
Plant_6,CLUSTER_135,horse_man,2847.0,39.19115416024403
Plant_6,CLUSTER_135,pig_man,159.368,39.19115416024403
Plant_6,CLUSTER_142,cattle_man,32190.000000000004,13.093553773294236
Plant_6,CLUSTER_142,horse_man,1981.9999999999998,13.093553773294236
Plant_6,CLUSTER_142,pig_man,67.2671,13.093553773294236
Plant_6,CLUSTER_144,pig_man,1094.5,84.10168624572648
Plant_6,CLUSTER_149,cattle_man,19570.0,11.03998703888195
Plant_6,CLUSTER_149,horse_man,2613.8,11.03998703888195
Plant_6,CLUSTER_149,pig_man,19.0894,11.03998703888195
Plant_6,CLUSTER_151,horse_man,5352.0,36.441317771538834
Plant_6,CLUSTER_151,pig_man,33.274,36.441317771538834
Plant_6,CLUSTER_152,pig_man,174.14849999999998,64.73443456267661
Plant_6,CLUSTER_155,pig_man,1243.7,91.8409852379805
Plant_6,CLUSTER_159,pig_man,3550.315,101.7528705318016
Plant_6,CLUSTER_165,pig_man,1019.9,48.75059545808283
Plant_6,CLUSTER_175,pig_man,35.4,99.94303927419362
Plant_6,CLUSTER_180,pig_man,6160.0,78.56903620543996
Plant_6,CLUSTER_182,pig_man,1527.0,100.5248114330206
Plant_6,CLUSTER_184,pig_man,1364.0,90.58347323474904
Plant_6,CLUSTER_186,pig_man,471.4,100.6975544106387
Plant_6,CLUSTER_198,horse_man,2306.0,35.47240966484045
Plant_6,CLUSTER_2,pig_man,1666.5,70.38794426404588
Plant_6,CLUSTER_20,pig_man,3376.0,55.08224968106084
Plant_6,CLUSTER_202,pig_man,229.17,108.09282797430652
Plant_6,CLUSTER_203,cattle_man,28660.0,14.362814281506152
Plant_6,CLUSTER_203,horse_man,3313.0,14.362814281506152
Plant_6,CLUSTER_203,pig_man,696.08362,14.362814281506152
Plant_6,CLUSTER_204,pig_man,37.494,71.06034986276488
Plant_6,CLUSTER_205,cattle_man,16567.0,24.08368812579061
Plant_6,CLUSTER_205,horse_man,3447.0,24.08368812579061
Plant_6,CLUSTER_205,pig_man,123.23616,24.08368812579061
Plant_6,CLUSTER_208,pig_man,22.65,62.83952505308383
Plant_6,CLUSTER_215,horse_man,2969.0,38.01886685770446
Plant_6,CLUSTER_218,cattle_man,42980.0,16.971953166392712
Plant_6,CLUSTER_218,horse_man,4008.0000000000005,16.971953166392712
Plant_6,CLUSTER_22,cattle_man,44030.0,22.05030629572448
Plant_6,CLUSTER_22,horse_man,2301.0,22.05030629572448
Plant_6,CLUSTER_22,pig_man,696.0,22.05030629572448
Plant_6,CLUSTER_225,pig_man,1314.9,88.05367527943459
Plant_6,CLUSTER_233,pig_man,435.2,82.0558123100722
Plant_6,CLUSTER_239,pig_man,931.74,75.45452475950349
Plant_6,CLUSTER_240,pig_man,24.931,106.64031688063966
Plant_6,CLUSTER_244,horse_man,3070.0,28.42974659454024
Plant_6,CLUSTER_256,pig_man,14.8359,66.86974468938232
Plant_6,CLUSTER_257,pig_man,1704.41,77.29841169530766
Plant_6,CLUSTER_26,cattle_man,27390.0,22.05558858400597
Plant_6,CLUSTER_26,horse_man,4471.0,22.05558858400597
Plant_6,CLUSTER_263,pig_man,198.21,75.27330238648508
Plant_6,CLUSTER_267,pig_man,778.8,92.59905621548847
Plant_6,CLUSTER_273,pig_man,524.6,75.2169752785587
Plant_6,CLUSTER_274,pig_man,587.9,101.68527402769432
Plant_6,CLUSTER_279,horse_man,1665.3,33.92715714960962
Plant_6,CLUSTER_279,pig_man,723.8400164000001,33.92715714960962
Plant_6,CLUSTER_282,pig_man,277.076,102.84962109378904
Plant_6,CLUSTER_284,pig_man,447.9,102.92504523015248
Plant_6,CLUSTER_288,horse_man,1884.0,42.09496780773975
Plant_6,CLUSTER_288,pig_man,786.0,42.09496780773975
Plant_6,CLUSTER_29,cattle_man,35210.0,10.992133669297935
Plant_6,CLUSTER_29,cattle_slu,153664.1232193736,10.992133669297935
Plant_6,CLUSTER_29,horse_man,2338.7,10.992133669297935
Plant_6,CLUSTER_291,pig_man,7740.0,93.88583237151936
Plant_6,CLUSTER_292,pig_man,2862.0,85.3031334413938
Plant_6,CLUSTER_297,pig_man,153.126,87.6505810898503
Plant_6,CLUSTER_3,pig_man,16.916,74.1959812642173
Plant_6,CLUSTER_300,horse_man,6326.0,36.52114116528112
Plant_6,CLUSTER_300,pig_man,581.8449999999999,36.52114116528112
Plant_6,CLUSTER_302,pig_man,141.874306,49.43314058204491
Plant_6,CLUSTER_306,pig_man,479.4,68.17128806413528
Plant_6,CLUSTER_315,pig_man,304.38530000000003,90.02098488674964
Plant_6,CLUSTER_319,horse_man,1821.5,38.09814470327551
Plant_6,CLUSTER_319,pig_man,343.0,38.09814470327551
Plant_6,CLUSTER_323,cattle_man,18150.0,24.94425884353389
Plant_6,CLUSTER_323,horse_man,2339.0,24.94425884353389
Plant_6,CLUSTER_323,pig_man,275.81,24.94425884353389
Plant_6,CLUSTER_324,pig_man,258.47,85.54562317334394
Plant_6,CLUSTER_330,pig_man,378.71,47.397285097487455
Plant_6,CLUSTER_338,pig_man,496.0,93.158511162623
Plant_6,CLUSTER_34,pig_man,547.047,87.68101786624435
Plant_6,CLUSTER_340,pig_man,150.7,100.38882069282502
Plant_6,CLUSTER_342,pig_man,109.9,75.64231278898515
Plant_6,CLUSTER_344,pig_man,347.5,102.8589950973207
Plant_6,CLUSTER_345,pig_man,131.752025,61.04033838002776
Plant_6,CLUSTER_350,cattle_man,402.6224902654585,25.10393786342778
Plant_6,CLUSTER_350,horse_man,2875.0,25.10393786342778
Plant_6,CLUSTER_350,pig_man,183.62,25.10393786342778
Plant_6,CLUSTER_352,pig_man,32.1,63.40839684239448
Plant_6,CLUSTER_354,pig_man,883.52,67.86992121342357
Plant_6,CLUSTER_355,pig_man,1341.0,81.95860139903691
Plant_6,CLUSTER_363,horse_man,3180.0,27.28034388103124
Plant_6,CLUSTER_363,pig_man,154.91,27.28034388103124
Plant_6,CLUSTER_37,pig_man,3353.8,58.44080375346304
Plant_6,CLUSTER_371,pig_man,228.32,50.7166265018207
Plant_6,CLUSTER_376,pig_man,263.4000241,98.39330673481908
Plant_6,CLUSTER_378,cattle_man,31200.0,13.394964018496427
Plant_6,CLUSTER_378,horse_man,1373.0,13.394964018496427
Plant_6,CLUSTER_378,pig_man,297.007,13.394964018496427
Plant_6,CLUSTER_386,horse_man,3289.0,38.506352114731285
Plant_6,CLUSTER_398,horse_man,1395.0,39.62693642947803
Plant_6,CLUSTER_398,pig_man,169.0001898,39.62693642947803
Plant_6,CLUSTER_399,pig_man,646.33,108.91767380330748
Plant_6,CLUSTER_400,pig_man,2588.0,80.81079830906256
Plant_6,CLUSTER_402,pig_man,1540.0,86.59037286915988
Plant_6,CLUSTER_403,horse_man,1197.0,41.25787614945848
Plant_6,CLUSTER_403,pig_man,782.0,41.25787614945848
Plant_6,CLUSTER_423,horse_man,1678.0106,41.95335420918551
Plant_6,CLUSTER_423,pig_man,669.519,41.95335420918551
Plant_6,CLUSTER_427,pig_man,799.2,100.371951507404
Plant_6,CLUSTER_428,pig_man,58.397,100.8447546008714
Plant_6,CLUSTER_43,pig_man,36.5,48.417528203118266
Plant_6,CLUSTER_431,pig_man,238.34,100.97823994621012
Plant_6,CLUSTER_432,pig_man,80.1,105.36863938146833
Plant_6,CLUSTER_436,pig_man,326.0,70.40054070654665
Plant_6,CLUSTER_440,horse_man,2708.0,34.46298108427904
Plant_6,CLUSTER_441,pig_man,1272.0,69.16176967229515
Plant_6,CLUSTER_447,pig_man,67.14,66.94093129463407
Plant_6,CLUSTER_448,horse_man,654.0,37.76934295671687
Plant_6,CLUSTER_450,pig_man,315.5,57.49623125342613
Plant_6,CLUSTER_453,pig_man,269.0,101.6115507366109
Plant_6,CLUSTER_456,pig_man,30.472,100.46555785137592
Plant_6,CLUSTER_464,pig_man,54.032,92.54433138768286
Plant_6,CLUSTER_466,pig_man,43.27128999999999,43.881394988563976
Plant_6,CLUSTER_473,pig_man,510.99999999999994,63.34071199091575
Plant_6,CLUSTER_474,cattle_man,11990.0,18.206763856946743
Plant_6,CLUSTER_474,horse_man,1341.0,18.206763856946743
Plant_6,CLUSTER_48,pig_man,1701.4,92.10856180230004
Plant_6,CLUSTER_482,cattle_man,16500.0,2.8880622048441538
Plant_6,CLUSTER_482,cattle_slu,67590.0,2.8880622048441538
Plant_6,CLUSTER_482,horse_man,1167.3,2.8880622048441538
Plant_6,CLUSTER_482,pig_slu,174.61,2.8880622048441538
Plant_6,CLUSTER_482,pig_man,28.99635,2.8880622048441538
Plant_6,CLUSTER_485,pig_man,19.72,108.95793347127838
Plant_6,CLUSTER_488,pig_man,1185.8,92.01169794563168
Plant_6,CLUSTER_493,pig_man,193.15,52.93780694023165
Plant_6,CLUSTER_495,pig_man,180.446,73.87782939574198
Plant_6,CLUSTER_498,horse_man,2767.0,30.725441079512347
Plant_6,CLUSTER_499,pig_man,128.13,79.1315248025366
Plant_6,CLUSTER_501,pig_man,1378.0,85.52455060135435
Plant_6,CLUSTER_504,pig_man,442.0,86.99444107715489
Plant_6,CLUSTER_511,pig_man,317.6,106.35591038144996
Plant_6,CLUSTER_513,pig_man,657.0,94.77994871061452
Plant_6,CLUSTER_516,pig_man,123.100375,60.65797590162976
Plant_6,CLUSTER_52,pig_man,917.46,99.04876428807454
Plant_6,CLUSTER_523,cattle_man,13260.0,20.77852867684173
Plant_6,CLUSTER_523,horse_man,1417.0,20.77852867684173
Plant_6,CLUSTER_523,pig_man,56.7,20.77852867684173
Plant_6,CLUSTER_534,pig_man,1003.0,98.79261652607984
Plant_6,CLUSTER_537,pig_man,2429.0,81.33039411146092
Plant_6,CLUSTER_544,pig_man,15.550000000000002,50.93426912909661
Plant_6,CLUSTER_545,pig_man,227.1,78.35401101734031
Plant_6,CLUSTER_57,horse_man,1420.0,42.24984327881255
Plant_6,CLUSTER_58,horse_man,3739.6,31.34370618890401
Plant_6,CLUSTER_58,pig_man,585.7193,31.34370618890401
Plant_6,CLUSTER_61,pig_man,392.8,70.23592476608441
Plant_6,CLUSTER_62,cattle_man,29750.0,24.701816296716245
Plant_6,CLUSTER_62,horse_man,4905.0,24.701816296716245
Plant_6,CLUSTER_62,pig_man,33.995,24.701816296716245
Plant_6,CLUSTER_63,pig_man,79.20406,74.35983938594929
Plant_6,CLUSTER_64,horse_man,1753.8,35.23362836109947
Plant_6,CLUSTER_64,pig_man,1190.4,35.23362836109947
Plant_6,CLUSTER_67,horse_man,2276.6,36.39685350074565
Plant_6,CLUSTER_68,pig_man,1241.4,89.3604777849553
Plant_6,CLUSTER_69,horse_man,2441.2,31.46498484632612
Plant_6,CLUSTER_69,pig_man,1247.43,31.46498484632612
Plant_6,CLUSTER_70,pig_man,751.0,73.42886004680433
Plant_6,CLUSTER_71,pig_man,226.348,60.19899256050997
Plant_6,CLUSTER_73,pig_man,3455.0,74.07810909905696
Plant_6,CLUSTER_79,pig_man,1322.00245,98.58335008503435
Plant_6,CLUSTER_8,horse_man,7120.0,40.717891900287526
Plant_6,CLUSTER_8,pig_man,13.2831,40.717891900287526
Plant_6,CLUSTER_81,cattle_man,26470.0,4.384913005600588
Plant_6,CLUSTER_81,cattle_slu,122780.0,4.384913005600588
Plant_6,CLUSTER_81,horse_man,1535.0,4.384913005600588
Plant_6,CLUSTER_81,pig_man,12.9891,4.384913005600588
Plant_6,CLUSTER_85,pig_man,109.2627,53.09869899189423
Plant_6,CLUSTER_90,horse_man,1376.0,28.326083106926117
Plant_6,CLUSTER_91,pig_man,218.0,105.24062034458348
Plant_6,CLUSTER_92,horse_man,2276.0,40.81348497236561
Plant_6,CLUSTER_92,pig_man,122.73699999999998,40.81348497236561
Plant_6,CLUSTER_93,pig_man,56.565000000000005,47.07818452260542
Plant_1,CLUSTER_101,pig_man,311.45,118.00361624905229
Plant_1,CLUSTER_105,cattle_man,16042.0,1.2073722204572015
Plant_1,CLUSTER_105,cattle_slu,80198.8,1.2073722204572015
Plant_1,CLUSTER_105,horse_man,2293.0,1.2073722204572015
Plant_1,CLUSTER_105,pig_slu,58.81,1.2073722204572015
Plant_1,CLUSTER_106,horse_man,1081.1,46.863818298351696
Plant_1,CLUSTER_106,pig_man,245.613,46.863818298351696
Plant_1,CLUSTER_111,horse_man,2114.0,34.8099770458154
Plant_1,CLUSTER_111,pig_man,262.226,34.8099770458154
Plant_1,CLUSTER_117,pig_man,153.071,71.67733792879392
Plant_1,CLUSTER_118,horse_man,710.0,39.455084200438776
Plant_1,CLUSTER_123,pig_man,92.5800179,68.75421344646875
Plant_1,CLUSTER_127,cattle_man,15806.0,27.643226895463084
Plant_1,CLUSTER_127,horse_man,2828.1,27.643226895463084
Plant_1,CLUSTER_128,pig_man,539.0,81.52065427727915
Plant_1,CLUSTER_129,pig_man,245.9917,99.1060967578455
Plant_1,CLUSTER_13,cattle_man,22490.0,16.14952545556032
Plant_1,CLUSTER_13,horse_man,4880.0,16.14952545556032
Plant_1,CLUSTER_132,pig_man,943.9,83.64044317133316
Plant_1,CLUSTER_136,cattle_man,22230.0,22.289592034253943
Plant_1,CLUSTER_136,horse_man,3775.0,22.289592034253943
Plant_1,CLUSTER_137,horse_man,2768.0,47.11688995425562
Plant_1,CLUSTER_137,pig_man,11.12,47.11688995425562
Plant_1,CLUSTER_138,pig_man,1203.8,77.87776398576035
Plant_1,CLUSTER_14,pig_man,256.805,73.99668500848196
Plant_1,CLUSTER_145,pig_man,104.2,113.2529353964444
Plant_1,CLUSTER_157,cattle_man,22880.0,27.763520037410945
Plant_1,CLUSTER_157,horse_man,3454.0,27.763520037410945
Plant_1,CLUSTER_162,pig_man,126.94,117.76943727490792
Plant_1,CLUSTER_166,pig_man,110.044731,62.6490536608908
Plant_1,CLUSTER_174,cattle_man,17810.0,26.06526148418517
Plant_1,CLUSTER_174,horse_man,1427.5,26.06526148418517
Plant_1,CLUSTER_176,pig_man,232.96,108.85897512976284
Plant_1,CLUSTER_178,cattle_man,16790.0,29.229017202057616
Plant_1,CLUSTER_178,horse_man,5256.0,29.229017202057616
Plant_1,CLUSTER_187,horse_man,2955.0,47.96396907744219
Plant_1,CLUSTER_187,pig_man,939.3,47.96396907744219
Plant_1,CLUSTER_191,horse_man,1592.0,48.26203135254636
Plant_1,CLUSTER_201,horse_man,2174.1,37.02323688708511
Plant_1,CLUSTER_204,horse_man,2958.0,38.35283894483407
Plant_1,CLUSTER_206,horse_man,726.8,53.83431676174942
Plant_1,CLUSTER_206,pig_man,146.60494999999997,53.83431676174942
Plant_1,CLUSTER_207,cattle_man,25080.0,22.24971867658879
Plant_1,CLUSTER_207,horse_man,1783.0,22.24971867658879
Plant_1,CLUSTER_209,cattle_man,13940.0,21.92588514229361
Plant_1,CLUSTER_209,horse_man,1265.6,21.92588514229361
Plant_1,CLUSTER_210,horse_man,779.0,37.590787940697936
Plant_1,CLUSTER_210,pig_man,122.09999999999998,37.590787940697936
Plant_1,CLUSTER_226,horse_man,2471.6,49.60226561989128
Plant_1,CLUSTER_229,pig_man,38.028209,99.39103408955908
Plant_1,CLUSTER_235,pig_man,439.78,75.12376246704775
Plant_1,CLUSTER_243,cattle_man,19320.0,15.300273058435106
Plant_1,CLUSTER_243,cattle_slu,14273.931626380132,15.300273058435106
Plant_1,CLUSTER_243,horse_man,2781.0,15.300273058435106
Plant_1,CLUSTER_248,pig_man,337.0,120.86053116343682
Plant_1,CLUSTER_252,cattle_man,14063.5235298735,33.65448629228488
Plant_1,CLUSTER_252,horse_man,2046.0,33.65448629228488
Plant_1,CLUSTER_253,pig_man,379.28,83.32094321292949
Plant_1,CLUSTER_256,horse_man,2930.0,52.27088465851004
Plant_1,CLUSTER_264,horse_man,387.684,41.8381439600695
Plant_1,CLUSTER_264,pig_man,100.19925,41.8381439600695
Plant_1,CLUSTER_27,horse_man,4194.0,37.50631454467659
Plant_1,CLUSTER_28,horse_man,2761.9,39.11469094091162
Plant_1,CLUSTER_287,horse_man,1571.0,48.47567477336217
Plant_1,CLUSTER_297,horse_man,3459.0,45.70145830807096
Plant_1,CLUSTER_3,horse_man,5877.0,39.02416567674808
Plant_1,CLUSTER_303,pig_man,1707.0,111.09924185644732
Plant_1,CLUSTER_304,horse_man,706.6,40.57144773173232
Plant_1,CLUSTER_305,pig_man,388.58,80.33772364877461
Plant_1,CLUSTER_313,cattle_man,20560.0,19.17757914136222
Plant_1,CLUSTER_313,horse_man,2810.0,19.17757914136222
Plant_1,CLUSTER_313,pig_man,14.107,19.17757914136222
Plant_1,CLUSTER_315,horse_man,1179.8,54.88960621724279
Plant_1,CLUSTER_316,pig_man,1285.8,86.89611359622141
Plant_1,CLUSTER_337,horse_man,1000.0599999999998,50.18830878523013
Plant_1,CLUSTER_339,pig_man,586.97,88.9764576500042
Plant_1,CLUSTER_341,pig_man,160.94299999999998,73.53011531859906
Plant_1,CLUSTER_342,horse_man,2247.0,50.94695810183924
Plant_1,CLUSTER_349,pig_man,105.746,111.46073990185484
Plant_1,CLUSTER_352,horse_man,3832.0,46.58045704732176
Plant_1,CLUSTER_353,pig_man,473.0,91.4907459172652
Plant_1,CLUSTER_360,cattle_man,8890.0,22.27344057787612
Plant_1,CLUSTER_360,horse_man,2360.0,22.27344057787612
Plant_1,CLUSTER_362,cattle_man,13100.0,10.658867349875228
Plant_1,CLUSTER_362,cattle_slu,81600.0,10.658867349875228
Plant_1,CLUSTER_362,horse_man,2769.0,10.658867349875228
Plant_1,CLUSTER_368,pig_man,61.345000000000006,59.97571628160485
Plant_1,CLUSTER_369,horse_man,3562.3,46.59730763801079
Plant_1,CLUSTER_375,horse_man,280.5,51.08495484376535
Plant_1,CLUSTER_376,horse_man,494.96000000000004,47.06834066845746
Plant_1,CLUSTER_377,pig_man,294.4,110.60802546138224
Plant_1,CLUSTER_379,cattle_man,18540.0,26.6733418019738
Plant_1,CLUSTER_379,horse_man,612.5,26.6733418019738
Plant_1,CLUSTER_382,pig_man,429.0,127.5912815627031
Plant_1,CLUSTER_383,pig_man,350.7,67.76615858025664
Plant_1,CLUSTER_39,cattle_man,19310.0,22.16717764416581
Plant_1,CLUSTER_39,horse_man,1942.0,22.16717764416581
Plant_1,CLUSTER_391,cattle_man,11195.0,26.66693277081911
Plant_1,CLUSTER_391,horse_man,3066.0,26.66693277081911
Plant_1,CLUSTER_411,horse_man,1163.4,46.09428505817906
Plant_1,CLUSTER_411,pig_man,527.79,46.09428505817906
Plant_1,CLUSTER_412,cattle_man,16640.0,10.923480277990103
Plant_1,CLUSTER_412,cattle_slu,84530.0,10.923480277990103
Plant_1,CLUSTER_412,horse_man,2158.0,10.923480277990103
Plant_1,CLUSTER_415,horse_man,3241.0,42.454629013207416
Plant_1,CLUSTER_42,pig_man,1804.5,98.9399067130987
Plant_1,CLUSTER_422,cattle_man,4670.0,31.768552588371573
Plant_1,CLUSTER_422,horse_man,1414.0,31.768552588371573
Plant_1,CLUSTER_428,cattle_man,6500.0,29.22920540972827
Plant_1,CLUSTER_428,horse_man,792.0,29.22920540972827
Plant_1,CLUSTER_432,horse_man,1122.3,38.31230772340065
Plant_1,CLUSTER_434,cattle_man,10390.0,30.06209977393327
Plant_1,CLUSTER_434,horse_man,816.4,30.06209977393327
Plant_1,CLUSTER_44,horse_man,1288.0,54.336670175400805
Plant_1,CLUSTER_443,cattle_man,12880.0,24.38341084899848
Plant_1,CLUSTER_443,horse_man,1016.9999999999999,24.38341084899848
Plant_1,CLUSTER_446,horse_man,1600.0,41.96574327479552
Plant_1,CLUSTER_446,pig_man,216.2920123,41.96574327479552
Plant_1,CLUSTER_452,pig_man,550.0,101.35261040970842
Plant_1,CLUSTER_459,pig_man,243.8,128.56650909236907
Plant_1,CLUSTER_463,pig_man,180.00319,63.19018177816417
Plant_1,CLUSTER_469,pig_man,324.0,121.89652122587178
Plant_1,CLUSTER_478,pig_man,35.400000000000006,103.16430849847303
Plant_1,CLUSTER_489,horse_man,367.5,36.16937530238518
Plant_1,CLUSTER_496,pig_man,687.3,98.99417659103992
Plant_1,CLUSTER_5,horse_man,895.0,53.27983113219867
Plant_1,CLUSTER_500,pig_man,32.309999999999995,72.17496463632197
Plant_1,CLUSTER_502,cattle_man,12710.0,16.566535083874243
Plant_1,CLUSTER_502,horse_man,2093.0,16.566535083874243
Plant_1,CLUSTER_507,horse_man,1199.4,38.68689307929222
Plant_1,CLUSTER_51,horse_man,2617.0,37.489436679885216
Plant_1,CLUSTER_511,horse_man,1308.3100000000002,47.69812897168697
Plant_1,CLUSTER_515,pig_man,1089.0,98.07141706838604
Plant_1,CLUSTER_521,horse_man,1448.0,42.03037653376845
Plant_1,CLUSTER_527,pig_man,48.0347,72.96904612928974
Plant_1,CLUSTER_53,cattle_man,6226.92,26.568058572006446
Plant_1,CLUSTER_53,horse_man,1543.0,26.568058572006446
Plant_1,CLUSTER_531,pig_man,133.0,88.36727291427692
Plant_1,CLUSTER_533,pig_man,70.10000000000001,88.06367662487523
Plant_1,CLUSTER_534,horse_man,1873.6,54.1476843042791
Plant_1,CLUSTER_543,cattle_man,10570.0,33.62930181691601
Plant_1,CLUSTER_543,horse_man,158.9,33.62930181691601
Plant_1,CLUSTER_543,pig_man,36.089,33.62930181691601
Plant_1,CLUSTER_548,horse_man,2324.0,53.12193759673608
Plant_1,CLUSTER_6,pig_man,1816.7,122.11600249385434
Plant_1,CLUSTER_65,horse_man,2654.0,50.879942295424
Plant_1,CLUSTER_65,pig_man,165.989,50.879942295424
Plant_1,CLUSTER_74,cattle_man,27550.0,11.629189778503022
Plant_1,CLUSTER_74,cattle_slu,168800.0,11.629189778503022
Plant_1,CLUSTER_74,horse_man,3010.0,11.629189778503022
Plant_1,CLUSTER_82,pig_man,554.226263,118.93475379063275
Plant_1,CLUSTER_83,pig_man,44.2,64.5002334266607
Plant_1,CLUSTER_84,cattle_man,15427.9,27.23922572772253
Plant_1,CLUSTER_84,horse_man,4351.0,27.23922572772253
Plant_1,CLUSTER_86,cattle_man,15698.0,8.525006119700137
Plant_1,CLUSTER_86,cattle_slu,74300.0,8.525006119700137
Plant_1,CLUSTER_86,horse_man,1875.0,8.525006119700137
Plant_1,CLUSTER_9,pig_man,1813.0,89.81733144249411
Plant_0,CLUSTER_1,pig_man,381.6,84.00528403982257
Plant_0,CLUSTER_103,pig_man,791.300184,104.62528142573468
Plant_0,CLUSTER_108,pig_man,291.926,95.49668664860152
Plant_0,CLUSTER_109,horse_man,2924.0,56.91550315136137
Plant_0,CLUSTER_109,pig_man,121.22265,56.91550315136137
Plant_0,CLUSTER_11,pig_man,23.6720704,73.69898895187741
Plant_0,CLUSTER_112,pig_man,508.8,82.74931903249158
Plant_0,CLUSTER_114,pig_man,77.82100000000001,102.04665353294658
Plant_0,CLUSTER_115,horse_man,190.35,66.92245886889485
Plant_0,CLUSTER_115,pig_man,276.8087,66.92245886889485
Plant_0,CLUSTER_12,horse_man,2496.5,59.026417896547656
Plant_0,CLUSTER_12,pig_man,96.610847,59.026417896547656
Plant_0,CLUSTER_120,pig_man,313.972,112.0236336351697
Plant_0,CLUSTER_124,pig_man,225.04,126.42929647052404
Plant_0,CLUSTER_125,horse_man,653.0,49.24456669874694
Plant_0,CLUSTER_125,pig_man,536.0,49.24456669874694
Plant_0,CLUSTER_130,cattle_man,16581.0,22.307293649137133
Plant_0,CLUSTER_130,horse_man,373.2,22.307293649137133
Plant_0,CLUSTER_130,pig_man,304.35,22.307293649137133
Plant_0,CLUSTER_140,cattle_man,7209.0,16.207115421562925
Plant_0,CLUSTER_140,cattle_slu,35860.0,16.207115421562925
Plant_0,CLUSTER_140,horse_man,867.0,16.207115421562925
Plant_0,CLUSTER_140,pig_man,765.7,16.207115421562925
Plant_0,CLUSTER_141,pig_man,111.971,97.270254680179
Plant_0,CLUSTER_143,cattle_man,20920.0,41.5756652291717
Plant_0,CLUSTER_143,horse_man,1329.0,41.5756652291717
Plant_0,CLUSTER_143,pig_man,52.20089,41.5756652291717
Plant_0,CLUSTER_147,horse_man,869.8,51.60977276567978
Plant_0,CLUSTER_147,pig_man,23.898,51.60977276567978
Plant_0,CLUSTER_148,pig_man,361.14175,117.84146282012496
Plant_0,CLUSTER_15,horse_man,5057.0,57.041313312418055
Plant_0,CLUSTER_15,pig_man,68.319,57.041313312418055
Plant_0,CLUSTER_150,cattle_man,18940.0,39.594433183778136
Plant_0,CLUSTER_150,horse_man,998.0,39.594433183778136
Plant_0,CLUSTER_150,pig_man,605.1,39.594433183778136
Plant_0,CLUSTER_153,pig_man,71.88691,112.9629926124246
Plant_0,CLUSTER_155,horse_man,1141.3,70.58852151292618
Plant_0,CLUSTER_160,pig_man,238.759,104.7505156193655
Plant_0,CLUSTER_161,pig_man,1184.0,144.35970118966495
Plant_0,CLUSTER_167,cattle_man,16680.0,30.145299954234066
Plant_0,CLUSTER_167,horse_man,1062.4,30.145299954234066
Plant_0,CLUSTER_167,pig_man,722.3,30.145299954234066
Plant_0,CLUSTER_168,pig_man,426.892,112.95754242836432
Plant_0,CLUSTER_169,pig_man,332.076,110.8306277813784
Plant_0,CLUSTER_17,cattle_man,9480.0,31.924738478869838
Plant_0,CLUSTER_17,horse_man,663.59,31.924738478869838
Plant_0,CLUSTER_17,pig_man,202.955,31.924738478869838
Plant_0,CLUSTER_171,pig_man,887.0,93.22919749403606
Plant_0,CLUSTER_175,horse_man,1207.3,52.90068423071538
Plant_0,CLUSTER_18,horse_man,809.7,62.03173749187246
Plant_0,CLUSTER_18,pig_man,338.1159,62.03173749187246
Plant_0,CLUSTER_181,pig_man,1482.4,145.4476212947002
Plant_0,CLUSTER_183,pig_man,458.82,137.01214694108705
Plant_0,CLUSTER_184,horse_man,556.0,64.03929021435582
Plant_0,CLUSTER_185,pig_man,183.43,115.62551958913842
Plant_0,CLUSTER_186,horse_man,2019.1,55.11270456218086
Plant_0,CLUSTER_188,pig_man,27.346000000000004,80.60949987235772
Plant_0,CLUSTER_19,horse_man,1890.0,60.58257343115832
Plant_0,CLUSTER_19,pig_man,322.3,60.58257343115832
Plant_0,CLUSTER_190,pig_man,1086.0,123.04880011232618
Plant_0,CLUSTER_194,pig_man,308.943,129.79318358380888
Plant_0,CLUSTER_195,horse_man,1276.5,51.14617895025157
Plant_0,CLUSTER_195,pig_man,34.13825,51.14617895025157
Plant_0,CLUSTER_197,horse_man,194.9,50.45938232231348
Plant_0,CLUSTER_199,pig_man,341.399,92.11910974917024
Plant_0,CLUSTER_21,horse_man,1242.7,62.97847587592546
Plant_0,CLUSTER_211,pig_man,51.2,87.38383920042558
Plant_0,CLUSTER_212,horse_man,525.0,66.99718775125446
Plant_0,CLUSTER_212,pig_man,132.0,66.99718775125446
Plant_0,CLUSTER_214,pig_man,13.92,137.3259054085921
Plant_0,CLUSTER_217,pig_man,542.22,108.08813093758384
Plant_0,CLUSTER_219,pig_man,686.0,81.8658757904696
Plant_0,CLUSTER_220,pig_man,25.08,72.92686660506541
Plant_0,CLUSTER_221,pig_man,218.174,79.72524917793942
Plant_0,CLUSTER_222,pig_man,43.141,109.68023468343829
Plant_0,CLUSTER_223,horse_man,1582.6,61.66925954207756
Plant_0,CLUSTER_223,pig_man,439.438657,61.66925954207756
Plant_0,CLUSTER_227,horse_man,79.97,71.44905751259303
Plant_0,CLUSTER_227,pig_man,882.0,71.44905751259303
Plant_0,CLUSTER_230,cattle_man,11370.0,31.612466058858885
Plant_0,CLUSTER_230,horse_man,900.0,31.612466058858885
Plant_0,CLUSTER_230,pig_man,156.99,31.612466058858885
Plant_0,CLUSTER_231,horse_man,1176.0,51.56090042545957
Plant_0,CLUSTER_231,pig_man,10.6436,51.56090042545957
Plant_0,CLUSTER_232,pig_man,245.34999999999997,127.03989175529016
Plant_0,CLUSTER_234,horse_man,2507.0,58.25384598993631
Plant_0,CLUSTER_234,pig_man,472.3,58.25384598993631
Plant_0,CLUSTER_237,pig_man,687.516,110.5025458447488
Plant_0,CLUSTER_24,pig_man,438.94,144.12502312012484
Plant_0,CLUSTER_240,horse_man,172.5,46.25819238083162
Plant_0,CLUSTER_241,horse_man,968.1,65.32614610006304
Plant_0,CLUSTER_242,pig_man,257.9398,111.93262294012747
Plant_0,CLUSTER_245,pig_man,381.8,105.51736080215096
Plant_0,CLUSTER_249,cattle_man,3777.227084383883,43.89180035111569
Plant_0,CLUSTER_249,horse_man,1754.0,43.89180035111569
Plant_0,CLUSTER_249,pig_man,509.2300000000001,43.89180035111569
Plant_0,CLUSTER_250,pig_man,54.334,96.3809803242242
Plant_0,CLUSTER_254,horse_man,1711.5,72.46456228974976
Plant_0,CLUSTER_255,pig_man,204.36,116.00627238362202
Plant_0,CLUSTER_259,cattle_man,11538.0,30.524319727818984
Plant_0,CLUSTER_259,horse_man,817.6,30.524319727818984
Plant_0,CLUSTER_259,pig_man,260.08,30.524319727818984
Plant_0,CLUSTER_261,horse_man,1088.2,53.682359682569306
Plant_0,CLUSTER_261,pig_man,42.392,53.682359682569306
Plant_0,CLUSTER_262,horse_man,491.0,45.783604742549166
Plant_0,CLUSTER_262,pig_man,55.52,45.783604742549166
Plant_0,CLUSTER_265,pig_man,39.79,83.97074415777048
Plant_0,CLUSTER_266,pig_man,616.51,103.70398834751263
Plant_0,CLUSTER_267,horse_man,951.0,60.90915145841621
Plant_0,CLUSTER_269,horse_man,2387.8,72.34603402518468
Plant_0,CLUSTER_269,pig_man,389.745,72.34603402518468
Plant_0,CLUSTER_270,pig_man,61.2952,78.31187177793096
Plant_0,CLUSTER_278,pig_man,334.991,132.13096244646766
Plant_0,CLUSTER_280,cattle_man,7664.0,28.10529572525899
Plant_0,CLUSTER_280,horse_man,1101.277,28.10529572525899
Plant_0,CLUSTER_280,pig_man,171.3,28.10529572525899
Plant_0,CLUSTER_284,horse_man,195.4,62.0820053475648
Plant_0,CLUSTER_286,pig_man,407.6,104.01891668095377
Plant_0,CLUSTER_289,pig_man,222.68,120.80092286429227
Plant_0,CLUSTER_290,cattle_man,4269.0,39.85947437597891
Plant_0,CLUSTER_290,horse_man,887.0,39.85947437597891
Plant_0,CLUSTER_290,pig_man,122.18799999999999,39.85947437597891
Plant_0,CLUSTER_293,pig_man,338.2269,121.24606657792825
Plant_0,CLUSTER_294,pig_man,937.6,113.5387020188935
Plant_0,CLUSTER_295,cattle_man,1036.53,39.9933429020321
Plant_0,CLUSTER_295,horse_man,46.7,39.9933429020321
Plant_0,CLUSTER_299,horse_man,817.8,66.08865023719414
Plant_0,CLUSTER_299,pig_man,111.861,66.08865023719414
Plant_0,CLUSTER_30,pig_man,2280.0,132.26946951599638
Plant_0,CLUSTER_301,horse_man,760.0,45.44870821719725
Plant_0,CLUSTER_301,pig_man,225.23,45.44870821719725
Plant_0,CLUSTER_309,pig_man,216.09,87.09994457862574
Plant_0,CLUSTER_31,cattle_man,11270.176,21.27927428359998
Plant_0,CLUSTER_31,horse_man,3786.0,21.27927428359998
Plant_0,CLUSTER_31,pig_man,390.4,21.27927428359998
Plant_0,CLUSTER_311,horse_man,1250.5,47.01440273257802
Plant_0,CLUSTER_314,pig_man,452.226,124.38913334283689
Plant_0,CLUSTER_32,cattle_man,20691.0,39.31452115373015
Plant_0,CLUSTER_32,horse_man,1842.9,39.31452115373015
Plant_0,CLUSTER_32,pig_man,176.1042,39.31452115373015
Plant_0,CLUSTER_321,cattle_man,2184.0,42.64197220146799
Plant_0,CLUSTER_321,horse_man,1668.0,42.64197220146799
Plant_0,CLUSTER_321,pig_man,53.32708,42.64197220146799
Plant_0,CLUSTER_322,horse_man,1355.0,55.48142870403878
Plant_0,CLUSTER_322,pig_man,57.48,55.48142870403878
Plant_0,CLUSTER_326,pig_man,707.3,130.62318988358936
Plant_0,CLUSTER_33,horse_man,1803.0,67.5595034462671
Plant_0,CLUSTER_331,pig_man,621.0,100.1789567465132
Plant_0,CLUSTER_333,cattle_man,11300.0,17.58831881687555
Plant_0,CLUSTER_333,cattle_slu,53090.0,17.58831881687555
Plant_0,CLUSTER_333,horse_man,712.5,17.58831881687555
Plant_0,CLUSTER_333,pig_man,364.2,17.58831881687555
Plant_0,CLUSTER_335,pig_man,497.042,85.75411947423231
Plant_0,CLUSTER_343,cattle_man,10540.0,21.392081457750727
Plant_0,CLUSTER_343,horse_man,329.269,21.392081457750727
Plant_0,CLUSTER_343,pig_man,296.7,21.392081457750727
Plant_0,CLUSTER_346,horse_man,804.6,68.75378999557341
Plant_0,CLUSTER_347,pig_man,55.193,101.3888798963307
Plant_0,CLUSTER_348,pig_man,264.2,130.7803856334469
Plant_0,CLUSTER_35,pig_man,754.8290000000001,76.48274530032062
Plant_0,CLUSTER_351,pig_man,456.3,73.51729967770608
Plant_0,CLUSTER_357,horse_man,1403.7,52.27414038064896
Plant_0,CLUSTER_357,pig_man,843.3,52.27414038064896
Plant_0,CLUSTER_358,pig_man,505.06,90.2699717627192
Plant_0,CLUSTER_359,pig_man,13.947,123.64134419475582
Plant_0,CLUSTER_36,pig_man,1634.0,128.50855582018792
Plant_0,CLUSTER_367,pig_man,1184.2,130.08384735473297
Plant_0,CLUSTER_370,horse_man,1921.0,47.87132112093098
Plant_0,CLUSTER_370,pig_man,15.373134,47.87132112093098
Plant_0,CLUSTER_372,cattle_man,9440.0,15.877813507818091
Plant_0,CLUSTER_372,cattle_slu,40550.0,15.877813507818091
Plant_0,CLUSTER_372,horse_man,1283.0,15.877813507818091
Plant_0,CLUSTER_372,pig_man,127.52,15.877813507818091
Plant_0,CLUSTER_38,pig_man,315.61,136.60463048335524
Plant_0,CLUSTER_380,pig_man,506.99999999999994,92.66417836130904
Plant_0,CLUSTER_381,pig_man,167.133571,95.96072086015754
Plant_0,CLUSTER_384,horse_man,619.0,63.64435404039796
Plant_0,CLUSTER_384,pig_man,123.71,63.64435404039796
Plant_0,CLUSTER_385,cattle_man,5530.0,7.310414404393848
Plant_0,CLUSTER_385,cattle_slu,21690.0,7.310414404393848
Plant_0,CLUSTER_385,horse_man,616.3,7.310414404393848
Plant_0,CLUSTER_385,pig_man,407.79,7.310414404393848
Plant_0,CLUSTER_387,cattle_man,7795.0,31.30526471719585
Plant_0,CLUSTER_387,horse_man,1714.3,31.30526471719585
Plant_0,CLUSTER_387,pig_man,180.0399,31.30526471719585
Plant_0,CLUSTER_390,pig_man,1056.886,122.03539698251512
Plant_0,CLUSTER_392,horse_man,513.0,44.76189340971456
Plant_0,CLUSTER_392,pig_man,46.5,44.76189340971456
Plant_0,CLUSTER_394,horse_man,571.3,70.39501400799438
Plant_0,CLUSTER_394,pig_man,434.7,70.39501400799438
Plant_0,CLUSTER_395,pig_man,29.4111,110.4369051100144
Plant_0,CLUSTER_397,cattle_man,5686.0,29.03559810617336
Plant_0,CLUSTER_397,horse_man,797.2,29.03559810617336
Plant_0,CLUSTER_397,pig_man,80.291,29.03559810617336
Plant_0,CLUSTER_399,horse_man,218.1,53.36483774760319
Plant_0,CLUSTER_4,pig_man,730.49,138.27150584880243
Plant_0,CLUSTER_40,horse_man,2457.6,61.48663427431987
Plant_0,CLUSTER_40,pig_man,213.46,61.48663427431987
Plant_0,CLUSTER_401,pig_man,189.6729,117.76793543241816
Plant_0,CLUSTER_404,pig_man,75.63,87.83584268751167
Plant_0,CLUSTER_405,pig_man,1316.0,132.19352072412306
Plant_0,CLUSTER_406,horse_man,1539.0,63.367460875974
Plant_0,CLUSTER_406,pig_man,52.746,63.367460875974
Plant_0,CLUSTER_408,cattle_man,7585.8,29.639528629436704
Plant_0,CLUSTER_408,horse_man,3122.0,29.639528629436704
Plant_0,CLUSTER_408,pig_man,511.6000000000001,29.639528629436704
Plant_0,CLUSTER_409,cattle_man,12230.0,19.14095819599221
Plant_0,CLUSTER_409,horse_man,858.0,19.14095819599221
Plant_0,CLUSTER_409,pig_man,568.9,19.14095819599221
Plant_0,CLUSTER_41,pig_man,16.8586,92.16812515154594
Plant_0,CLUSTER_413,horse_man,36.0,51.185372478246144
Plant_0,CLUSTER_413,pig_man,1220.808,51.185372478246144
Plant_0,CLUSTER_414,horse_man,1048.1,56.783352826812646
Plant_0,CLUSTER_414,pig_man,218.538,56.783352826812646
Plant_0,CLUSTER_417,pig_man,197.25,144.3415741090729
Plant_0,CLUSTER_418,pig_man,116.425,120.6584402092337
Plant_0,CLUSTER_419,pig_man,62.91951999999999,92.6599457015377
Plant_0,CLUSTER_420,pig_man,412.5,120.22451370124818
Plant_0,CLUSTER_425,pig_man,14.561,82.3724912376206
Plant_0,CLUSTER_429,cattle_man,6420.0,38.035769518318645
Plant_0,CLUSTER_429,horse_man,723.0,38.035769518318645
Plant_0,CLUSTER_433,pig_man,179.118,117.95723585499564
Plant_0,CLUSTER_435,horse_man,1508.0,68.16007552720495
Plant_0,CLUSTER_435,pig_man,46.49,68.16007552720495
Plant_0,CLUSTER_437,horse_man,938.0,70.66445775142898
Plant_0,CLUSTER_437,pig_man,50.0,70.66445775142898
Plant_0,CLUSTER_438,cattle_man,3331.0,41.6447283908398
Plant_0,CLUSTER_438,horse_man,832.8,41.6447283908398
Plant_0,CLUSTER_438,pig_man,223.18,41.6447283908398
Plant_0,CLUSTER_439,cattle_man,12440.0,13.508260646556272
Plant_0,CLUSTER_439,cattle_slu,56500.0,13.508260646556272
Plant_0,CLUSTER_439,horse_man,163.7,13.508260646556272
Plant_0,CLUSTER_439,pig_man,625.9,13.508260646556272
Plant_0,CLUSTER_444,pig_man,84.611,88.8979783099273
Plant_0,CLUSTER_445,pig_man,3700.0,143.96079501787554
Plant_0,CLUSTER_45,cattle_man,15750.0,33.241001929567126
Plant_0,CLUSTER_45,horse_man,1188.0,33.241001929567126
Plant_0,CLUSTER_45,pig_man,55.502,33.241001929567126
Plant_0,CLUSTER_451,horse_man,523.0,48.12473563603833
Plant_0,CLUSTER_451,pig_man,528.0,48.12473563603833
Plant_0,CLUSTER_453,horse_man,209.4,53.377578580855584
Plant_0,CLUSTER_454,pig_man,279.8,108.1458240793514
Plant_0,CLUSTER_455,pig_man,488.40999999999997,134.3896575528705
Plant_0,CLUSTER_46,pig_man,83.87871,116.7198073819069
Plant_0,CLUSTER_460,pig_man,189.907,144.06269212326885
Plant_0,CLUSTER_461,pig_man,138.37,97.40565424644524
Plant_0,CLUSTER_462,pig_man,169.4,136.69141297952544
Plant_0,CLUSTER_465,pig_man,518.0,116.66326973311416
Plant_0,CLUSTER_467,pig_man,1040.9,141.26447702723556
Plant_0,CLUSTER_470,horse_man,1289.0,58.01210171835981
Plant_0,CLUSTER_470,pig_man,190.5,58.01210171835981
Plant_0,CLUSTER_472,cattle_man,24810.0,27.98947227546038
Plant_0,CLUSTER_472,horse_man,709.0,27.98947227546038
Plant_0,CLUSTER_472,pig_man,22.5159,27.98947227546038
Plant_0,CLUSTER_475,pig_man,250.66,77.94566520825433
Plant_0,CLUSTER_477,cattle_man,6130.0,33.86447494093737
Plant_0,CLUSTER_477,horse_man,908.0,33.86447494093737
Plant_0,CLUSTER_48,horse_man,1045.96,66.65707888323035
Plant_0,CLUSTER_481,horse_man,1085.0,60.256426593603535
Plant_0,CLUSTER_481,pig_man,527.3,60.256426593603535
Plant_0,CLUSTER_483,pig_man,2458.9,145.54321462507514
Plant_0,CLUSTER_484,cattle_man,10650.0,34.896734287953024
Plant_0,CLUSTER_484,horse_man,420.9,34.896734287953024
Plant_0,CLUSTER_484,pig_man,64.9729,34.896734287953024
Plant_0,CLUSTER_486,pig_man,772.0,135.77728149458545
Plant_0,CLUSTER_490,pig_man,105.9,98.3001716531691
Plant_0,CLUSTER_50,cattle_man,17080.0,7.056251906945724
Plant_0,CLUSTER_50,cattle_slu,83500.0,7.056251906945724
Plant_0,CLUSTER_50,horse_man,1154.13,7.056251906945724
Plant_0,CLUSTER_50,pig_slu,5655.279743173933,7.056251906945724
Plant_0,CLUSTER_50,pig_man,604.7121,7.056251906945724
Plant_0,CLUSTER_501,horse_man,474.5,67.30740777147346
Plant_0,CLUSTER_503,cattle_man,1023.7099999999999,34.86585940219994
Plant_0,CLUSTER_503,horse_man,847.1,34.86585940219994
Plant_0,CLUSTER_505,cattle_man,10770.0,28.779726169575888
Plant_0,CLUSTER_505,horse_man,942.0,28.779726169575888
Plant_0,CLUSTER_506,pig_man,228.0325,140.5641183887804
Plant_0,CLUSTER_509,cattle_man,10453.0,38.43800071790578
Plant_0,CLUSTER_509,horse_man,798.0,38.43800071790578
Plant_0,CLUSTER_509,pig_man,70.445,38.43800071790578
Plant_0,CLUSTER_512,cattle_man,5080.0,39.28800834312959
Plant_0,CLUSTER_512,horse_man,541.0,39.28800834312959
Plant_0,CLUSTER_512,pig_man,391.0,39.28800834312959
Plant_0,CLUSTER_514,pig_man,13.03,107.97753322739528
Plant_0,CLUSTER_518,pig_man,245.9,99.58955696693543
Plant_0,CLUSTER_52,horse_man,1083.1,71.44646027925546
Plant_0,CLUSTER_522,pig_man,183.7,95.04556030175708
Plant_0,CLUSTER_524,pig_man,18.178,87.27135158794563
Plant_0,CLUSTER_525,pig_man,24.965,141.83257216604653
Plant_0,CLUSTER_526,pig_man,141.0,146.3771928427889
Plant_0,CLUSTER_529,cattle_man,7480.0,39.70437152053922
Plant_0,CLUSTER_529,horse_man,807.0,39.70437152053922
Plant_0,CLUSTER_529,pig_man,18.6,39.70437152053922
Plant_0,CLUSTER_532,pig_man,411.16,119.88581307009002
Plant_0,CLUSTER_535,pig_man,303.3,130.51228763573985
Plant_0,CLUSTER_536,horse_man,483.9,47.88498827377884
Plant_0,CLUSTER_536,pig_man,168.6,47.88498827377884
Plant_0,CLUSTER_542,cattle_man,20360.0,13.12546828641489
Plant_0,CLUSTER_542,cattle_slu,101000.0,13.12546828641489
Plant_0,CLUSTER_542,horse_man,1452.1,13.12546828641489
Plant_0,CLUSTER_542,pig_man,564.19,13.12546828641489
Plant_0,CLUSTER_55,horse_man,3076.3,72.04092284351147
Plant_0,CLUSTER_55,pig_man,46.48,72.04092284351147
Plant_0,CLUSTER_59,cattle_man,5668.0,28.58679063001636
Plant_0,CLUSTER_59,horse_man,456.477,28.58679063001636
Plant_0,CLUSTER_59,pig_man,56.019,28.58679063001636
Plant_0,CLUSTER_66,pig_man,180.310571,127.47255840000454
Plant_0,CLUSTER_7,cattle_man,6818.0,24.807584993973062
Plant_0,CLUSTER_7,horse_man,843.8,24.807584993973062
Plant_0,CLUSTER_7,pig_man,353.272,24.807584993973062
Plant_0,CLUSTER_72,horse_man,4938.0,59.49322390291247
Plant_0,CLUSTER_72,pig_man,949.3,59.49322390291247
Plant_0,CLUSTER_75,pig_man,1113.72,141.34974520253525
Plant_0,CLUSTER_76,pig_man,125.42999999999999,87.74994207403505
Plant_0,CLUSTER_77,cattle_man,15680.0,41.324493253384496
Plant_0,CLUSTER_77,horse_man,1160.0,41.324493253384496
Plant_0,CLUSTER_77,pig_man,82.7,41.324493253384496
Plant_0,CLUSTER_78,pig_man,141.0,97.0045786402988
Plant_0,CLUSTER_88,pig_man,46.485800000000005,100.76329577035035
Plant_0,CLUSTER_89,cattle_man,6220.0,38.12676312185547
Plant_0,CLUSTER_89,horse_man,1274.4,38.12676312185547
Plant_0,CLUSTER_89,pig_man,499.7749999999999,38.12676312185547
Plant_0,CLUSTER_91,horse_man,619.6,54.24351891532021
Plant_0,CLUSTER_96,pig_man,107.14,85.71135832359067
Plant_0,CLUSTER_98,pig_man,181.343,99.6075564518592
Plant_0,CLUSTER_99,cattle_man,18960.0,26.17086259743293
Plant_0,CLUSTER_99,horse_man,170.398,26.17086259743293
Plant_0,CLUSTER_99,pig_man,173.7,26.17086259743293
Plant_3,CLUSTER_104,cattle_man,26110.0,46.37781561076781
Plant_3,CLUSTER_104,horse_man,871.7,46.37781561076781
Plant_3,CLUSTER_124,cattle_man,20030.0,36.6762778799673
Plant_3,CLUSTER_124,horse_man,2749.0,36.6762778799673
Plant_3,CLUSTER_126,horse_man,1435.2,72.62978677750894
Plant_3,CLUSTER_131,horse_man,1232.0,68.12419003609025
Plant_3,CLUSTER_146,cattle_man,2485.0,37.609463766397226
Plant_3,CLUSTER_146,horse_man,847.0,37.609463766397226
Plant_3,CLUSTER_155,cattle_man,533.52,34.24025946118727
Plant_3,CLUSTER_159,cattle_man,8440.0,30.25070749479934
Plant_3,CLUSTER_159,horse_man,2721.0,30.25070749479934
Plant_3,CLUSTER_165,horse_man,1926.7,68.83844037596155
Plant_3,CLUSTER_180,horse_man,1481.0,70.1553765892611
Plant_3,CLUSTER_184,cattle_man,2092.0,49.84991751240003
Plant_3,CLUSTER_189,cattle_man,4488.98,39.729638632318085
Plant_3,CLUSTER_189,horse_man,1789.0,39.729638632318085
Plant_3,CLUSTER_193,cattle_man,1113.0,42.15237732919704
Plant_3,CLUSTER_193,horse_man,1133.0,42.15237732919704
Plant_3,CLUSTER_195,cattle_man,17240.0,47.15165302776011
Plant_3,CLUSTER_196,horse_man,1807.0,54.94290763524117
Plant_3,CLUSTER_2,cattle_man,3616.0,35.5938582746315
Plant_3,CLUSTER_2,horse_man,975.2,35.5938582746315
Plant_3,CLUSTER_20,horse_man,3289.0,57.11432593958664
Plant_3,CLUSTER_202,cattle_man,16100.0,11.510847024861928
Plant_3,CLUSTER_202,cattle_slu,88060.0,11.510847024861928
Plant_3,CLUSTER_202,horse_man,1917.3,11.510847024861928
Plant_3,CLUSTER_208,cattle_man,5066.0,47.72436678771789
Plant_3,CLUSTER_208,horse_man,1364.6,47.72436678771789
Plant_3,CLUSTER_214,cattle_man,24580.0,47.61535990862284
Plant_3,CLUSTER_214,horse_man,1119.6,47.61535990862284
Plant_3,CLUSTER_223,cattle_man,9326.0,35.14439633344717
Plant_3,CLUSTER_225,cattle_man,6770.0,15.405170540667552
Plant_3,CLUSTER_225,cattle_slu,30790.0,15.405170540667552
Plant_3,CLUSTER_225,horse_man,1039.7,15.405170540667552
Plant_3,CLUSTER_228,cattle_man,10463.0,23.36627080726801
Plant_3,CLUSTER_228,cattle_slu,65770.0,23.36627080726801
Plant_3,CLUSTER_228,horse_man,1313.4,23.36627080726801
Plant_3,CLUSTER_233,cattle_man,5430.0,15.53977511340516
Plant_3,CLUSTER_233,cattle_slu,18830.0,15.53977511340516
Plant_3,CLUSTER_233,horse_man,1224.0,15.53977511340516
Plant_3,CLUSTER_241,cattle_man,10430.0,32.57698023566746
Plant_3,CLUSTER_250,cattle_man,8735.82,27.383873068336868
Plant_3,CLUSTER_250,horse_man,1190.0,27.383873068336868
Plant_3,CLUSTER_254,cattle_man,8256.0,31.64606452318286
Plant_3,CLUSTER_258,cattle_man,16820.0,33.81635002134197
Plant_3,CLUSTER_258,horse_man,1914.0,33.81635002134197
Plant_3,CLUSTER_270,cattle_man,9712.0,20.246502781445862
Plant_3,CLUSTER_270,cattle_slu,47590.0,20.246502781445862
Plant_3,CLUSTER_270,horse_man,2875.0,20.246502781445862
Plant_3,CLUSTER_273,cattle_man,6690.0,42.84950997833277
Plant_3,CLUSTER_273,horse_man,1064.0,42.84950997833277
Plant_3,CLUSTER_274,cattle_man,2163.0,23.586515013930608
Plant_3,CLUSTER_274,horse_man,783.4,23.586515013930608
Plant_3,CLUSTER_276,cattle_man,2316.3626135265235,50.641654129158425
Plant_3,CLUSTER_276,horse_man,1192.0,50.641654129158425
Plant_3,CLUSTER_282,cattle_man,10020.0,8.39680995023255
Plant_3,CLUSTER_282,cattle_slu,48900.0,8.39680995023255
Plant_3,CLUSTER_282,horse_man,1029.0,8.39680995023255
Plant_3,CLUSTER_282,pig_slu,3256.24,8.39680995023255
Plant_3,CLUSTER_284,cattle_man,1152.783,36.85889753481402
Plant_3,CLUSTER_285,cattle_man,15869.999999999998,29.79770658676977
Plant_3,CLUSTER_285,horse_man,3438.0,29.79770658676977
Plant_3,CLUSTER_291,cattle_man,2457.376,37.23336673020037
Plant_3,CLUSTER_291,horse_man,1658.0,37.23336673020037
Plant_3,CLUSTER_292,cattle_man,8900.0,26.95250705345702
Plant_3,CLUSTER_292,horse_man,3197.0,26.95250705345702
Plant_3,CLUSTER_296,cattle_man,6573.0,23.43516986708056
Plant_3,CLUSTER_296,cattle_slu,5351.520513597552,23.43516986708056
Plant_3,CLUSTER_296,horse_man,902.0,23.43516986708056
Plant_3,CLUSTER_302,cattle_man,16129.999999999998,50.10409467576304
Plant_3,CLUSTER_302,horse_man,1597.0,50.10409467576304
Plant_3,CLUSTER_33,cattle_man,6952.0,49.84623997836314
Plant_3,CLUSTER_330,horse_man,1269.6,53.49300516005335
Plant_3,CLUSTER_354,cattle_man,4844.0,47.90837293737059
Plant_3,CLUSTER_354,horse_man,793.6,47.90837293737059
Plant_3,CLUSTER_355,cattle_man,3895.0,26.490598316694435
Plant_3,CLUSTER_355,horse_man,1202.0,26.490598316694435
Plant_3,CLUSTER_37,cattle_man,31919.999999999996,44.27531687751478
Plant_3,CLUSTER_37,horse_man,943.0,44.27531687751478
Plant_3,CLUSTER_370,cattle_man,11090.0,48.98988013160184
Plant_3,CLUSTER_371,horse_man,1280.1,80.18885533753534
Plant_3,CLUSTER_400,cattle_man,3903.8,41.833494156867374
Plant_3,CLUSTER_400,horse_man,1513.0,41.833494156867374
Plant_3,CLUSTER_402,cattle_man,1505.0,44.38450331117723
Plant_3,CLUSTER_402,horse_man,859.0,44.38450331117723
Plant_3,CLUSTER_406,cattle_man,16790.0,40.84009408117299
Plant_3,CLUSTER_416,cattle_man,553.9,48.61530929938042
Plant_3,CLUSTER_416,horse_man,387.2,48.61530929938042
Plant_3,CLUSTER_436,cattle_man,14080.0,36.195944576781386
Plant_3,CLUSTER_436,horse_man,830.0,36.195944576781386
Plant_3,CLUSTER_442,cattle_man,14580.0,45.78282702990868
Plant_3,CLUSTER_442,horse_man,2096.0,45.78282702990868
Plant_3,CLUSTER_450,cattle_man,18270.0,40.455795586396
Plant_3,CLUSTER_450,horse_man,963.9,40.455795586396
Plant_3,CLUSTER_456,cattle_man,18.534,9.90516707572636
Plant_3,CLUSTER_456,cattle_slu,45.89,9.90516707572636
Plant_3,CLUSTER_456,horse_man,275.0,9.90516707572636
Plant_3,CLUSTER_456,pig_slu,333.67,9.90516707572636
Plant_3,CLUSTER_457,cattle_man,11400.0,27.13967225301956
Plant_3,CLUSTER_457,horse_man,1512.5,27.13967225301956
Plant_3,CLUSTER_473,cattle_man,11380.0,33.943938243717504
Plant_3,CLUSTER_473,horse_man,745.0,33.943938243717504
Plant_3,CLUSTER_488,cattle_man,62.5,19.0072762260102
Plant_3,CLUSTER_488,cattle_slu,254.0,19.0072762260102
Plant_3,CLUSTER_488,horse_man,236.9,19.0072762260102
Plant_3,CLUSTER_493,horse_man,951.2,52.22752794920692
Plant_3,CLUSTER_513,cattle_man,2780.0,2.4307791593292984
Plant_3,CLUSTER_513,cattle_slu,5462.0,2.4307791593292984
Plant_3,CLUSTER_513,horse_man,1042.0,2.4307791593292984
Plant_3,CLUSTER_513,pig_slu,10620.0,2.4307791593292984
Plant_3,CLUSTER_514,cattle_man,11580.0,18.178523703285933
Plant_3,CLUSTER_514,cattle_slu,60210.0,18.178523703285933
Plant_3,CLUSTER_514,horse_man,1246.0,18.178523703285933
Plant_3,CLUSTER_516,cattle_man,8820.0,42.97391038516735
Plant_3,CLUSTER_516,horse_man,1178.0,42.97391038516735
Plant_3,CLUSTER_520,cattle_man,3690.0,36.91185540292253
Plant_3,CLUSTER_520,horse_man,799.0,36.91185540292253
Plant_3,CLUSTER_528,cattle_man,7939.999999999999,42.057115163050106
Plant_3,CLUSTER_528,horse_man,1337.0,42.057115163050106
Plant_3,CLUSTER_537,cattle_man,2682.0,36.32052900196938
Plant_3,CLUSTER_537,horse_man,1468.0,36.32052900196938
Plant_3,CLUSTER_540,horse_man,1390.0,54.631437000984896
Plant_3,CLUSTER_541,horse_man,835.5,59.59758875231187
Plant_3,CLUSTER_547,cattle_man,10790.0,30.973139404011143
Plant_3,CLUSTER_547,horse_man,1621.0,30.973139404011143
Plant_3,CLUSTER_549,cattle_man,6580.0,15.245891234887834
Plant_3,CLUSTER_549,cattle_slu,38900.0,15.245891234887834
Plant_3,CLUSTER_549,horse_man,1622.0,15.245891234887834
Plant_3,CLUSTER_61,cattle_man,33290.0,28.853900061722324
Plant_3,CLUSTER_61,horse_man,2388.0,28.853900061722324
Plant_3,CLUSTER_68,cattle_man,2715.3,11.11112032202099
Plant_3,CLUSTER_68,cattle_slu,608.0,11.11112032202099
Plant_3,CLUSTER_68,horse_man,1155.3,11.11112032202099
Plant_3,CLUSTER_70,cattle_man,18095.0,23.942970652686828
Plant_3,CLUSTER_70,horse_man,1087.859,23.942970652686828
Plant_3,CLUSTER_73,horse_man,1613.1,56.87125570151256
Plant_3,CLUSTER_79,cattle_man,15570.0,17.958734457728625
Plant_3,CLUSTER_79,cattle_slu,91500.0,17.958734457728625
Plant_3,CLUSTER_79,horse_man,1933.0,17.958734457728625
Plant_3,CLUSTER_91,cattle_man,1586.06,46.414252352165775
Plant_8,CLUSTER_1,horse_man,642.4,73.40693347089194
Plant_8,CLUSTER_100,horse_man,3925.5,80.48397363510217
Plant_8,CLUSTER_101,cattle_man,7667.4141,46.378284322887644
Plant_8,CLUSTER_101,horse_man,1895.41,46.378284322887644
Plant_8,CLUSTER_103,horse_man,678.2,58.38373614897337
Plant_8,CLUSTER_107,cattle_man,13402.1,39.15266808559954
Plant_8,CLUSTER_107,horse_man,1668.9,39.15266808559954
Plant_8,CLUSTER_111,cattle_man,13173.0,40.65214791313525
Plant_8,CLUSTER_116,horse_man,1252.0,72.75109713978827
Plant_8,CLUSTER_123,cattle_man,9000.0,22.48625221139733
Plant_8,CLUSTER_123,cattle_slu,48680.0,22.48625221139733
Plant_8,CLUSTER_123,horse_man,1614.0,22.48625221139733
Plant_8,CLUSTER_128,cattle_man,10124.4,33.26007370002238
Plant_8,CLUSTER_128,horse_man,2411.7,33.26007370002238
Plant_8,CLUSTER_129,cattle_man,8284.0,32.12508457442198
Plant_8,CLUSTER_129,horse_man,1743.9,32.12508457442198
Plant_8,CLUSTER_132,cattle_man,7032.59,8.286852641775132
Plant_8,CLUSTER_132,cattle_slu,23140.0,8.286852641775132
Plant_8,CLUSTER_132,horse_man,795.885,8.286852641775132
Plant_8,CLUSTER_132,pig_slu,13138.0,8.286852641775132
Plant_8,CLUSTER_134,pig_man,1021.56,163.3701696476979
Plant_8,CLUSTER_138,cattle_man,10203.0,19.345328498355524
Plant_8,CLUSTER_138,cattle_slu,43420.0,19.345328498355524
Plant_8,CLUSTER_138,horse_man,665.1,19.345328498355524
Plant_8,CLUSTER_139,pig_man,42.67,166.000488968462
Plant_8,CLUSTER_14,cattle_man,9659.0,11.6195810247086
Plant_8,CLUSTER_14,cattle_slu,49630.0,11.6195810247086
Plant_8,CLUSTER_14,horse_man,2695.2,11.6195810247086
Plant_8,CLUSTER_144,cattle_man,16190.0,50.31090792659079
Plant_8,CLUSTER_144,horse_man,1888.0,50.31090792659079
Plant_8,CLUSTER_145,cattle_man,10356.0,45.84372065519319
Plant_8,CLUSTER_145,horse_man,1174.0,45.84372065519319
Plant_8,CLUSTER_152,horse_man,2493.3,62.64200838589276
Plant_8,CLUSTER_154,pig_man,309.885,166.05637629001248
Plant_8,CLUSTER_16,pig_man,563.7029,152.24795056405966
Plant_8,CLUSTER_162,horse_man,3375.9,60.87660486229306
Plant_8,CLUSTER_166,cattle_man,6826.0,45.84310700498239
Plant_8,CLUSTER_166,horse_man,763.7,45.84310700498239
Plant_8,CLUSTER_169,horse_man,1079.5,73.05103481549916
Plant_8,CLUSTER_171,horse_man,1981.0000000000002,69.33973799057591
Plant_8,CLUSTER_176,cattle_man,2533.2,36.46831759485335
Plant_8,CLUSTER_176,horse_man,750.0,36.46831759485335
Plant_8,CLUSTER_182,cattle_man,9590.0,30.239235391768005
Plant_8,CLUSTER_182,horse_man,2035.0,30.239235391768005
Plant_8,CLUSTER_183,horse_man,2503.0,79.44746555759258
Plant_8,CLUSTER_187,cattle_man,4002.9999999999995,27.52680865015114
Plant_8,CLUSTER_190,horse_man,1595.7,58.35205528205077
Plant_8,CLUSTER_201,cattle_man,7892.0,50.94949197650971
Plant_8,CLUSTER_206,cattle_man,21950.0,49.79389295219047
Plant_8,CLUSTER_210,cattle_man,12910.0,45.20303039376607
Plant_8,CLUSTER_219,horse_man,452.0,68.63142968252225
Plant_8,CLUSTER_229,cattle_man,1142.8,27.36952687510752
Plant_8,CLUSTER_229,horse_man,466.3,27.36952687510752
Plant_8,CLUSTER_235,cattle_man,3182.0,8.57542110540176
Plant_8,CLUSTER_235,cattle_slu,11970.0,8.57542110540176
Plant_8,CLUSTER_235,horse_man,1307.7,8.57542110540176
Plant_8,CLUSTER_235,pig_slu,6429.0,8.57542110540176
Plant_8,CLUSTER_237,horse_man,478.63,62.02355758479513
Plant_8,CLUSTER_239,horse_man,2882.5,65.400389646658
Plant_8,CLUSTER_246,pig_man,400.322,147.76000560648134
Plant_8,CLUSTER_248,cattle_man,377.0,45.40189707417827
Plant_8,CLUSTER_248,horse_man,258.4,45.40189707417827
Plant_8,CLUSTER_251,pig_man,335.71000000000004,158.8594234068802
Plant_8,CLUSTER_253,cattle_man,6043.0,45.95633087335086
Plant_8,CLUSTER_253,horse_man,3082.0,45.95633087335086
Plant_8,CLUSTER_263,horse_man,3265.0,53.65976608963105
Plant_8,CLUSTER_266,horse_man,271.0126,80.68325260798468
Plant_8,CLUSTER_278,horse_man,660.7,61.77271830110656
Plant_8,CLUSTER_283,pig_man,1637.37,152.76896846283282
Plant_8,CLUSTER_297,cattle_man,11530.0,45.70496436136611
Plant_8,CLUSTER_303,cattle_man,3262.0,35.63999605656786
Plant_8,CLUSTER_303,horse_man,1570.0,35.63999605656786
Plant_8,CLUSTER_305,cattle_man,4426.0,22.527359435184245
Plant_8,CLUSTER_305,cattle_slu,18427.0,22.527359435184245
Plant_8,CLUSTER_305,horse_man,533.2,22.527359435184245
Plant_8,CLUSTER_306,horse_man,2610.0,78.51283477492123
Plant_8,CLUSTER_315,cattle_man,6294.0,38.86953365156562
Plant_8,CLUSTER_316,cattle_man,7202.0,17.385974606720673
Plant_8,CLUSTER_316,cattle_slu,32610.0,17.385974606720673
Plant_8,CLUSTER_316,horse_man,1505.3,17.385974606720673
Plant_8,CLUSTER_324,cattle_man,6315.0,41.7262686454688
Plant_8,CLUSTER_324,horse_man,736.19,41.7262686454688
Plant_8,CLUSTER_332,pig_man,132.8458,159.37917601644028
Plant_8,CLUSTER_336,pig_man,552.236,140.33178168954026
Plant_8,CLUSTER_337,cattle_man,13540.0,29.713610172359783
Plant_8,CLUSTER_338,cattle_man,6102.530000000001,40.832259073178506
Plant_8,CLUSTER_338,horse_man,816.0,40.832259073178506
Plant_8,CLUSTER_339,cattle_man,3014.917,21.56227308071127
Plant_8,CLUSTER_339,cattle_slu,16749.4,21.56227308071127
Plant_8,CLUSTER_339,horse_man,2136.8,21.56227308071127
Plant_8,CLUSTER_34,horse_man,3660.3,61.115573231814885
Plant_8,CLUSTER_340,horse_man,1279.0,69.61495625774012
Plant_8,CLUSTER_341,cattle_man,862.8,49.8685129623592
Plant_8,CLUSTER_341,horse_man,2031.7999999999997,49.8685129623592
Plant_8,CLUSTER_344,cattle_man,9980.0,41.97070929448476
Plant_8,CLUSTER_344,horse_man,1961.0,41.97070929448476
Plant_8,CLUSTER_345,horse_man,3059.0,68.95626874120734
Plant_8,CLUSTER_349,cattle_man,4717.0,50.16092492182595
Plant_8,CLUSTER_349,horse_man,668.0,50.16092492182595
Plant_8,CLUSTER_35,horse_man,655.3,70.81047394970864
Plant_8,CLUSTER_351,horse_man,1500.0,83.73389730067652
Plant_8,CLUSTER_353,cattle_man,9000.0,31.958466088430036
Plant_8,CLUSTER_353,horse_man,840.0,31.958466088430036
Plant_8,CLUSTER_361,pig_man,900.0,130.0056095423995
Plant_8,CLUSTER_365,cattle_man,16119.999999999998,18.888210514780106
Plant_8,CLUSTER_365,cattle_slu,94000.0,18.888210514780106
Plant_8,CLUSTER_365,horse_man,1341.0,18.888210514780106
Plant_8,CLUSTER_366,horse_man,199.48,58.181810919056936
Plant_8,CLUSTER_368,cattle_man,6947.0,37.287002067294914
Plant_8,CLUSTER_368,horse_man,1001.7000000000002,37.287002067294914
Plant_8,CLUSTER_373,horse_man,1879.8,72.15451007968935
Plant_8,CLUSTER_376,cattle_man,2955.0,35.550376700528886
Plant_8,CLUSTER_377,cattle_man,1881.3,36.46834431969097
Plant_8,CLUSTER_377,horse_man,627.7,36.46834431969097
Plant_8,CLUSTER_382,horse_man,1045.0,58.33095653600235
Plant_8,CLUSTER_383,cattle_man,4512.0,31.89323126319118
Plant_8,CLUSTER_383,horse_man,1382.2,31.89323126319118
Plant_8,CLUSTER_389,pig_man,58.461,157.38062430083104
Plant_8,CLUSTER_390,horse_man,147.848,69.09755592031654
Plant_8,CLUSTER_393,cattle_man,1357.0,1.8405867194537708
Plant_8,CLUSTER_393,cattle_slu,6467.0,1.8405867194537708
Plant_8,CLUSTER_393,horse_man,968.1,1.8405867194537708
Plant_8,CLUSTER_396,horse_man,2766.04848979034,86.1591690042827
Plant_8,CLUSTER_411,cattle_man,18310.0,43.29124931188326
Plant_8,CLUSTER_42,cattle_man,15075.0,23.944949687536237
Plant_8,CLUSTER_42,cattle_slu,48893.95670855912,23.944949687536237
Plant_8,CLUSTER_42,horse_man,1097.5,23.944949687536237
Plant_8,CLUSTER_424,pig_man,185.966,169.41119476150268
Plant_8,CLUSTER_427,cattle_man,8930.0,26.731716643057883
Plant_8,CLUSTER_427,horse_man,3104.5,26.731716643057883
Plant_8,CLUSTER_43,horse_man,1609.1999999999998,79.17229074893254
Plant_8,CLUSTER_431,cattle_man,3900.2,52.786456987264046
Plant_8,CLUSTER_431,horse_man,1912.0,52.786456987264046
Plant_8,CLUSTER_432,cattle_man,3340.0,38.530434804493936
Plant_8,CLUSTER_433,horse_man,1106.0,79.86957527930743
Plant_8,CLUSTER_44,cattle_man,14660.0,32.89168459621212
Plant_8,CLUSTER_446,cattle_man,11600.0,35.731265317187884
Plant_8,CLUSTER_447,horse_man,3973.0,69.20698014917778
Plant_8,CLUSTER_452,cattle_man,3960.0,26.41157719042075
Plant_8,CLUSTER_452,horse_man,922.0,26.41157719042075
Plant_8,CLUSTER_458,horse_man,2320.0,72.38192464247102
Plant_8,CLUSTER_459,cattle_man,3719.2,53.20731159538444
Plant_8,CLUSTER_459,horse_man,167.4,53.20731159538444
Plant_8,CLUSTER_463,horse_man,384.3,53.62049586303433
Plant_8,CLUSTER_464,cattle_man,4492.0,52.43284006830575
Plant_8,CLUSTER_464,horse_man,752.0,52.43284006830575
Plant_8,CLUSTER_466,horse_man,4155.0,86.10930543344836
Plant_8,CLUSTER_469,horse_man,840.0,57.37486439668902
Plant_8,CLUSTER_478,cattle_man,1374.0,41.45609597485696
Plant_8,CLUSTER_478,horse_man,340.1,41.45609597485696
Plant_8,CLUSTER_479,cattle_man,6870.0,19.053414198994787
Plant_8,CLUSTER_479,cattle_slu,44370.0,19.053414198994787
Plant_8,CLUSTER_479,horse_man,1092.0,19.053414198994787
Plant_8,CLUSTER_485,cattle_man,3740.0,19.55435224850256
Plant_8,CLUSTER_485,cattle_slu,12510.0,19.55435224850256
Plant_8,CLUSTER_485,horse_man,1447.0,19.55435224850256
Plant_8,CLUSTER_494,pig_man,566.9,127.15207562342616
Plant_8,CLUSTER_495,horse_man,1575.0,59.26467934790118
Plant_8,CLUSTER_496,cattle_man,6675.3,31.863082046425625
Plant_8,CLUSTER_496,horse_man,451.0,31.863082046425625
Plant_8,CLUSTER_499,cattle_man,4370.0,48.215261644849136
Plant_8,CLUSTER_499,horse_man,3670.0,48.215261644849136
Plant_8,CLUSTER_500,cattle_man,5430.0,41.74420926663655
Plant_8,CLUSTER_500,horse_man,798.0,41.74420926663655
Plant_8,CLUSTER_507,cattle_man,9890.0,43.15771835079072
Plant_8,CLUSTER_511,cattle_man,2498.0,30.07821191481086
Plant_8,CLUSTER_515,cattle_man,990.9999999999999,27.3559725170927
Plant_8,CLUSTER_515,horse_man,126.2,27.3559725170927
Plant_8,CLUSTER_530,pig_man,84.5,166.35640088178724
Plant_8,CLUSTER_531,cattle_man,750.0,26.225572907439854
Plant_8,CLUSTER_531,horse_man,424.9,26.225572907439854
Plant_8,CLUSTER_533,cattle_man,693.0,42.9578003599347
Plant_8,CLUSTER_533,horse_man,654.0,42.9578003599347
Plant_8,CLUSTER_534,cattle_man,2189.0,31.14912837376667
Plant_8,CLUSTER_545,horse_man,1719.0,81.38073616140387
Plant_8,CLUSTER_6,cattle_man,810.17,47.13909181966876
Plant_8,CLUSTER_6,horse_man,339.439139,47.13909181966876
Plant_8,CLUSTER_63,horse_man,6166.0,53.28806150485763
Plant_8,CLUSTER_66,horse_man,880.00908,74.39178344318054
Plant_8,CLUSTER_76,horse_man,2263.0,84.1884686990788
Plant_8,CLUSTER_78,horse_man,873.4,76.44340539570075
Plant_8,CLUSTER_82,cattle_man,7392.7,44.05351003492279
Plant_8,CLUSTER_82,horse_man,1220.1,44.05351003492279
Plant_8,CLUSTER_83,cattle_man,8530.0,11.166885775578182
Plant_8,CLUSTER_83,cattle_slu,46620.0,11.166885775578182
Plant_8,CLUSTER_83,horse_man,2092.0,11.166885775578182
Plant_8,CLUSTER_87,pig_man,544.04,138.41142209942757
Plant_8,CLUSTER_9,cattle_man,4512.6,16.15584744969609
Plant_8,CLUSTER_9,cattle_slu,16322.900000000001,16.15584744969609
Plant_8,CLUSTER_9,horse_man,1859.2,16.15584744969609
Plant_9,CLUSTER_10,pig_man,15.9693,93.41224188349932
Plant_9,CLUSTER_108,horse_man,2893.0,33.19339009265849
Plant_9,CLUSTER_108,maize_str,350.0,33.19339009265849
Plant_9,CLUSTER_108,rape_str,1296.1,33.19339009265849
Plant_9,CLUSTER_108,legume_str,386.8,33.19339009265849
Plant_9,CLUSTER_114,horse_man,632.9,35.78233459843715
Plant_9,CLUSTER_114,maize_str,77.8,35.78233459843715
Plant_9,CLUSTER_114,rape_str,2133.0,35.78233459843715
Plant_9,CLUSTER_114,legume_str,233.9,35.78233459843715
Plant_9,CLUSTER_119,pig_man,210.9,70.60844956227784
Plant_9,CLUSTER_134,horse_man,22.587391652999223,48.76575097837143
Plant_9,CLUSTER_134,rape_str,1039.3,48.76575097837143
Plant_9,CLUSTER_134,legume_str,277.13,48.76575097837143
Plant_9,CLUSTER_148,horse_man,500.77,43.34803275596931
Plant_9,CLUSTER_148,rape_str,856.0,43.34803275596931
Plant_9,CLUSTER_148,legume_str,71.2,43.34803275596931
Plant_9,CLUSTER_153,cattle_man,5103.062,24.61069489719825
Plant_9,CLUSTER_153,horse_man,1262.5,24.61069489719825
Plant_9,CLUSTER_153,maize_str,346.3,24.61069489719825
Plant_9,CLUSTER_153,beet_leaf,2287.9,24.61069489719825
Plant_9,CLUSTER_153,rape_str,2865.0,24.61069489719825
Plant_9,CLUSTER_153,legume_str,465.2,24.61069489719825
Plant_9,CLUSTER_154,horse_man,347.6,35.99515987762425
Plant_9,CLUSTER_154,maize_str,84.14,35.99515987762425
Plant_9,CLUSTER_154,rape_str,1500.8,35.99515987762425
Plant_9,CLUSTER_154,legume_str,348.1,35.99515987762425
Plant_9,CLUSTER_156,pig_man,137.8229,84.37808990918845
Plant_9,CLUSTER_160,legume_str,109.73,53.310795824412565
Plant_9,CLUSTER_164,pig_man,46.635000000000005,73.28239539674958
Plant_9,CLUSTER_168,rape_str,528.6,51.35321744326137
Plant_9,CLUSTER_168,legume_str,159.0,51.35321744326137
Plant_9,CLUSTER_173,pig_man,64.52416,60.39216377063468
Plant_9,CLUSTER_177,horse_man,285.4,40.15081440386184
Plant_9,CLUSTER_177,pig_man,779.21,40.15081440386184
Plant_9,CLUSTER_177,rape_str,3337.0,40.15081440386184
Plant_9,CLUSTER_177,legume_str,144.7,40.15081440386184
Plant_9,CLUSTER_179,pig_man,63.56600000000001,62.65638905316422
Plant_9,CLUSTER_194,cattle_man,4180.5,6.9963827591790135
Plant_9,CLUSTER_194,cattle_slu,4298.8,6.9963827591790135
Plant_9,CLUSTER_194,horse_man,974.4,6.9963827591790135
Plant_9,CLUSTER_194,pig_slu,4563.9,6.9963827591790135
Plant_9,CLUSTER_194,clover_alfalfa_grass,2639.0,6.9963827591790135
Plant_9,CLUSTER_194,maize_str,238.4,6.9963827591790135
Plant_9,CLUSTER_194,beet_leaf,1746.0,6.9963827591790135
Plant_9,CLUSTER_194,rape_str,1397.0,6.9963827591790135
Plant_9,CLUSTER_194,legume_str,213.55,6.9963827591790135
Plant_9,CLUSTER_199,horse_man,704.0,39.06432939299385
Plant_9,CLUSTER_199,rape_str,2095.0,39.06432939299385
Plant_9,CLUSTER_199,legume_str,218.02,39.06432939299385
Plant_9,CLUSTER_200,horse_man,797.9,38.32559084131042
Plant_9,CLUSTER_200,pig_man,508.565,38.32559084131042
Plant_9,CLUSTER_200,rape_str,2260.0,38.32559084131042
Plant_9,CLUSTER_200,legume_str,199.5,38.32559084131042
Plant_9,CLUSTER_217,cattle_man,3099.0,22.548543627452585
Plant_9,CLUSTER_217,horse_man,1360.0,22.548543627452585
Plant_9,CLUSTER_217,maize_str,304.0,22.548543627452585
Plant_9,CLUSTER_217,beet_leaf,1679.0,22.548543627452585
Plant_9,CLUSTER_217,rape_str,2680.0,22.548543627452585
Plant_9,CLUSTER_217,legume_str,337.9,22.548543627452585
Plant_9,CLUSTER_221,rape_str,447.85,50.72860009595602
Plant_9,CLUSTER_221,legume_str,89.54,50.72860009595602
Plant_9,CLUSTER_222,cattle_man,794.6,17.972811427264944
Plant_9,CLUSTER_222,horse_man,643.3,17.972811427264944
Plant_9,CLUSTER_222,clover_alfalfa_grass,1839.2,17.972811427264944
Plant_9,CLUSTER_222,maize_str,154.36,17.972811427264944
Plant_9,CLUSTER_222,beet_leaf,240.748,17.972811427264944
Plant_9,CLUSTER_222,rape_str,844.8,17.972811427264944
Plant_9,CLUSTER_222,legume_str,145.8,17.972811427264944
Plant_9,CLUSTER_236,pig_man,144.7,49.22514917537711
Plant_9,CLUSTER_236,rape_str,1247.0,49.22514917537711
Plant_9,CLUSTER_236,legume_str,601.1,49.22514917537711
Plant_9,CLUSTER_238,pig_man,123.38,62.91084593178947
Plant_9,CLUSTER_24,cattle_man,15326.0,21.230453970975223
Plant_9,CLUSTER_24,horse_man,1586.5,21.230453970975223
Plant_9,CLUSTER_24,clover_alfalfa_grass,12192.0,21.230453970975223
Plant_9,CLUSTER_24,maize_str,610.37,21.230453970975223
Plant_9,CLUSTER_24,beet_leaf,13343.0,21.230453970975223
Plant_9,CLUSTER_24,rape_str,4848.0,21.230453970975223
Plant_9,CLUSTER_24,legume_str,769.8,21.230453970975223
Plant_9,CLUSTER_247,cattle_man,2871.0,29.636460463198357
Plant_9,CLUSTER_247,horse_man,632.0,29.636460463198357
Plant_9,CLUSTER_247,pig_man,228.0,29.636460463198357
Plant_9,CLUSTER_247,maize_str,161.1,29.636460463198357
Plant_9,CLUSTER_247,beet_leaf,1045.0,29.636460463198357
Plant_9,CLUSTER_247,rape_str,3410.0,29.636460463198357
Plant_9,CLUSTER_247,legume_str,474.1,29.636460463198357
Plant_9,CLUSTER_255,horse_man,1720.5,32.82690431338751
Plant_9,CLUSTER_255,maize_str,91.14,32.82690431338751
Plant_9,CLUSTER_255,rape_str,1415.5,32.82690431338751
Plant_9,CLUSTER_255,legume_str,246.64000000000001,32.82690431338751
Plant_9,CLUSTER_260,pig_man,45.446,102.16051715482996
Plant_9,CLUSTER_265,horse_man,1119.1,43.96926073193144
Plant_9,CLUSTER_265,rape_str,352.79,43.96926073193144
Plant_9,CLUSTER_265,legume_str,130.86,43.96926073193144
Plant_9,CLUSTER_271,pig_man,831.7,51.82125840966043
Plant_9,CLUSTER_271,rape_str,2906.0,51.82125840966043
Plant_9,CLUSTER_271,legume_str,258.8,51.82125840966043
Plant_9,CLUSTER_272,rape_str,238.3,51.48018143170374
Plant_9,CLUSTER_272,legume_str,111.767,51.48018143170374
Plant_9,CLUSTER_277,pig_man,203.959,68.65049769870879
Plant_9,CLUSTER_283,horse_man,349.112,47.47052774309776
Plant_9,CLUSTER_283,rape_str,1599.65,47.47052774309776
Plant_9,CLUSTER_283,legume_str,287.6,47.47052774309776
Plant_9,CLUSTER_289,horse_man,747.4,31.08870310257345
Plant_9,CLUSTER_289,maize_str,455.8,31.08870310257345
Plant_9,CLUSTER_289,rape_str,1516.0,31.08870310257345
Plant_9,CLUSTER_289,legume_str,485.4,31.08870310257345
Plant_9,CLUSTER_293,cattle_man,4637.0,9.900932401527914
Plant_9,CLUSTER_293,cattle_slu,19004.0,9.900932401527914
Plant_9,CLUSTER_293,horse_man,504.0,9.900932401527914
Plant_9,CLUSTER_293,clover_alfalfa_grass,1904.0,9.900932401527914
Plant_9,CLUSTER_293,maize_str,181.2,9.900932401527914
Plant_9,CLUSTER_293,beet_leaf,629.168,9.900932401527914
Plant_9,CLUSTER_293,rape_str,1991.0000000000002,9.900932401527914
Plant_9,CLUSTER_293,legume_str,195.85,9.900932401527914
Plant_9,CLUSTER_298,cattle_man,6560.0,18.038879085600836
Plant_9,CLUSTER_298,horse_man,591.0,18.038879085600836
Plant_9,CLUSTER_298,clover_alfalfa_grass,1282.8,18.038879085600836
Plant_9,CLUSTER_298,maize_str,131.71,18.038879085600836
Plant_9,CLUSTER_298,beet_leaf,290.0,18.038879085600836
Plant_9,CLUSTER_298,rape_str,1018.0,18.038879085600836
Plant_9,CLUSTER_298,legume_str,191.9,18.038879085600836
Plant_9,CLUSTER_310,pig_man,67.1,110.01415858626892
Plant_9,CLUSTER_317,cattle_man,11860.0,26.144652639700848
Plant_9,CLUSTER_317,horse_man,217.4,26.144652639700848
Plant_9,CLUSTER_317,pig_man,92.31,26.144652639700848
Plant_9,CLUSTER_317,maize_str,120.7,26.144652639700848
Plant_9,CLUSTER_317,beet_leaf,1037.0,26.144652639700848
Plant_9,CLUSTER_317,rape_str,692.0,26.144652639700848
Plant_9,CLUSTER_317,legume_str,236.2,26.144652639700848
Plant_9,CLUSTER_320,horse_man,151.8,32.23551282300128
Plant_9,CLUSTER_320,pig_man,16.0,32.23551282300128
Plant_9,CLUSTER_320,maize_str,24.130000000000003,32.23551282300128
Plant_9,CLUSTER_320,rape_str,1162.3,32.23551282300128
Plant_9,CLUSTER_320,legume_str,113.12,32.23551282300128
Plant_9,CLUSTER_325,pig_man,710.15139,117.12620637929878
Plant_9,CLUSTER_326,cattle_man,7270.0,19.60275375377244
Plant_9,CLUSTER_326,horse_man,1285.4,19.60275375377244
Plant_9,CLUSTER_326,clover_alfalfa_grass,4181.0,19.60275375377244
Plant_9,CLUSTER_326,maize_str,598.0,19.60275375377244
Plant_9,CLUSTER_326,beet_leaf,1131.0,19.60275375377244
Plant_9,CLUSTER_326,rape_str,2611.0,19.60275375377244
Plant_9,CLUSTER_326,legume_str,268.6,19.60275375377244
Plant_9,CLUSTER_328,cattle_man,9120.0,21.638496645122736
Plant_9,CLUSTER_328,horse_man,333.38,21.638496645122736
Plant_9,CLUSTER_328,pig_man,824.57,21.638496645122736
Plant_9,CLUSTER_328,clover_alfalfa_grass,435.3340006785847,21.638496645122736
Plant_9,CLUSTER_328,maize_str,276.0,21.638496645122736
Plant_9,CLUSTER_328,beet_leaf,2953.0,21.638496645122736
Plant_9,CLUSTER_328,rape_str,1819.0,21.638496645122736
Plant_9,CLUSTER_328,legume_str,524.0,21.638496645122736
Plant_9,CLUSTER_331,rape_str,1228.0,51.178419682241376
Plant_9,CLUSTER_331,legume_str,336.0,51.178419682241376
Plant_9,CLUSTER_334,pig_man,214.22,117.64881709486868
Plant_9,CLUSTER_347,cattle_man,674.0,26.26577037062468
Plant_9,CLUSTER_347,horse_man,826.5,26.26577037062468
Plant_9,CLUSTER_347,maize_str,40.67,26.26577037062468
Plant_9,CLUSTER_347,beet_leaf,426.0,26.26577037062468
Plant_9,CLUSTER_347,rape_str,703.0,26.26577037062468
Plant_9,CLUSTER_347,legume_str,72.69999999999999,26.26577037062468
Plant_9,CLUSTER_348,horse_man,429.0,41.14480154803592
Plant_9,CLUSTER_348,rape_str,718.0,41.14480154803592
Plant_9,CLUSTER_348,legume_str,156.9,41.14480154803592
Plant_9,CLUSTER_36,horse_man,1610.7,41.28356284948483
Plant_9,CLUSTER_36,rape_str,1517.0,41.28356284948483
Plant_9,CLUSTER_36,legume_str,273.0,41.28356284948483
Plant_9,CLUSTER_367,cattle_man,1682.0,27.05226725244024
Plant_9,CLUSTER_367,horse_man,1169.9,27.05226725244024
Plant_9,CLUSTER_367,maize_str,296.88,27.05226725244024
Plant_9,CLUSTER_367,beet_leaf,562.0,27.05226725244024
Plant_9,CLUSTER_367,rape_str,1095.0,27.05226725244024
Plant_9,CLUSTER_367,legume_str,263.8,27.05226725244024
Plant_9,CLUSTER_38,cattle_man,6536.0,24.78870762185648
Plant_9,CLUSTER_38,horse_man,253.79999999999998,24.78870762185648
Plant_9,CLUSTER_38,maize_str,30.0,24.78870762185648
Plant_9,CLUSTER_38,beet_leaf,1765.0,24.78870762185648
Plant_9,CLUSTER_38,rape_str,891.0,24.78870762185648
Plant_9,CLUSTER_38,legume_str,159.5,24.78870762185648
Plant_9,CLUSTER_380,horse_man,1242.0,46.53950990588539
Plant_9,CLUSTER_380,rape_str,2235.0,46.53950990588539
Plant_9,CLUSTER_380,legume_str,263.0,46.53950990588539
Plant_9,CLUSTER_381,legume_str,127.29,53.28954205894901
Plant_9,CLUSTER_389,horse_man,483.0,37.88552262384461
Plant_9,CLUSTER_389,rape_str,826.81,37.88552262384461
Plant_9,CLUSTER_389,legume_str,294.0,37.88552262384461
Plant_9,CLUSTER_395,horse_man,552.0799999999999,40.64094322770784
Plant_9,CLUSTER_395,rape_str,1105.0,40.64094322770784
Plant_9,CLUSTER_395,legume_str,73.81,40.64094322770784
Plant_9,CLUSTER_4,horse_man,2532.2,34.37240219858131
Plant_9,CLUSTER_4,maize_str,287.90000000000003,34.37240219858131
Plant_9,CLUSTER_4,rape_str,2234.4,34.37240219858131
Plant_9,CLUSTER_4,legume_str,531.23,34.37240219858131
Plant_9,CLUSTER_401,horse_man,929.5,43.57019794584213
Plant_9,CLUSTER_401,rape_str,292.6,43.57019794584213
Plant_9,CLUSTER_401,legume_str,39.49,43.57019794584213
Plant_9,CLUSTER_405,rape_str,758.7,51.94236527680142
Plant_9,CLUSTER_405,legume_str,321.95,51.94236527680142
Plant_9,CLUSTER_41,horse_man,2108.8,40.29415972888671
Plant_9,CLUSTER_41,rape_str,100.22,40.29415972888671
Plant_9,CLUSTER_41,legume_str,35.1,40.29415972888671
Plant_9,CLUSTER_410,pig_man,261.9019,59.13379694367468
Plant_9,CLUSTER_417,cattle_man,11640.0,28.83230217806272
Plant_9,CLUSTER_417,horse_man,430.8,28.83230217806272
Plant_9,CLUSTER_417,maize_str,88.36,28.83230217806272
Plant_9,CLUSTER_417,beet_leaf,12800.0,28.83230217806272
Plant_9,CLUSTER_417,rape_str,677.4,28.83230217806272
Plant_9,CLUSTER_417,legume_str,179.52,28.83230217806272
Plant_9,CLUSTER_418,cattle_man,5426.46,7.5300879132956124
Plant_9,CLUSTER_418,cattle_slu,10097.0,7.5300879132956124
Plant_9,CLUSTER_418,horse_man,144.9,7.5300879132956124
Plant_9,CLUSTER_418,pig_slu,1669.27,7.5300879132956124
Plant_9,CLUSTER_418,clover_alfalfa_grass,893.0,7.5300879132956124
Plant_9,CLUSTER_418,maize_str,247.58,7.5300879132956124
Plant_9,CLUSTER_418,beet_leaf,732.2,7.5300879132956124
Plant_9,CLUSTER_418,rape_str,1244.0,7.5300879132956124
Plant_9,CLUSTER_418,legume_str,130.8,7.5300879132956124
Plant_9,CLUSTER_420,rape_str,472.0,52.649283688256574
Plant_9,CLUSTER_420,legume_str,308.5,52.649283688256574
Plant_9,CLUSTER_421,horse_man,802.6,34.879378956911566
Plant_9,CLUSTER_421,maize_str,277.1,34.879378956911566
Plant_9,CLUSTER_421,rape_str,740.8,34.879378956911566
Plant_9,CLUSTER_421,legume_str,191.0,34.879378956911566
Plant_9,CLUSTER_425,horse_man,526.6,48.03067038687575
Plant_9,CLUSTER_425,rape_str,615.3,48.03067038687575
Plant_9,CLUSTER_425,legume_str,35.99,48.03067038687575
Plant_9,CLUSTER_426,pig_man,46.733,108.15598922460649
Plant_9,CLUSTER_430,pig_man,159.375,51.56077821556868
Plant_9,CLUSTER_430,rape_str,1226.0,51.56077821556868
Plant_9,CLUSTER_430,legume_str,108.18,51.56077821556868
Plant_9,CLUSTER_444,horse_man,379.2,39.09263717972403
Plant_9,CLUSTER_444,rape_str,842.13,39.09263717972403
Plant_9,CLUSTER_444,legume_str,165.45999999999998,39.09263717972403
Plant_9,CLUSTER_449,pig_man,577.091,52.95005250619073
Plant_9,CLUSTER_449,rape_str,2855.0,52.95005250619073
Plant_9,CLUSTER_449,legume_str,67.55,52.95005250619073
Plant_9,CLUSTER_455,cattle_man,11640.0,11.963514025506724
Plant_9,CLUSTER_455,cattle_slu,11080.499,11.963514025506724
Plant_9,CLUSTER_455,horse_man,810.1,11.963514025506724
Plant_9,CLUSTER_455,clover_alfalfa_grass,4398.0,11.963514025506724
Plant_9,CLUSTER_455,maize_str,263.67,11.963514025506724
Plant_9,CLUSTER_455,beet_leaf,442.0,11.963514025506724
Plant_9,CLUSTER_455,rape_str,1213.0,11.963514025506724
Plant_9,CLUSTER_455,legume_str,362.4,11.963514025506724
Plant_9,CLUSTER_46,cattle_man,1697.0,15.330449068138678
Plant_9,CLUSTER_46,cattle_slu,11639.0,15.330449068138678
Plant_9,CLUSTER_46,horse_man,2237.0,15.330449068138678
Plant_9,CLUSTER_46,clover_alfalfa_grass,5228.0,15.330449068138678
Plant_9,CLUSTER_46,maize_str,216.072,15.330449068138678
Plant_9,CLUSTER_46,beet_leaf,1647.0,15.330449068138678
Plant_9,CLUSTER_46,rape_str,1841.4,15.330449068138678
Plant_9,CLUSTER_46,legume_str,245.43999999999997,15.330449068138678
Plant_9,CLUSTER_465,cattle_man,5980.0,22.22391907849468
Plant_9,CLUSTER_465,horse_man,1448.0,22.22391907849468
Plant_9,CLUSTER_465,maize_str,1243.0,22.22391907849468
Plant_9,CLUSTER_465,beet_leaf,1146.0,22.22391907849468
Plant_9,CLUSTER_465,rape_str,2360.0,22.22391907849468
Plant_9,CLUSTER_465,legume_str,750.0,22.22391907849468
Plant_9,CLUSTER_467,horse_man,266.5,38.91755238066527
Plant_9,CLUSTER_467,rape_str,1193.5,38.91755238066527
Plant_9,CLUSTER_467,legume_str,423.2,38.91755238066527
Plant_9,CLUSTER_468,cattle_man,1492.0,24.904256895488118
Plant_9,CLUSTER_468,horse_man,11.2,24.904256895488118
Plant_9,CLUSTER_468,maize_str,120.0,24.904256895488118
Plant_9,CLUSTER_468,beet_leaf,826.18,24.904256895488118
Plant_9,CLUSTER_468,rape_str,574.4,24.904256895488118
Plant_9,CLUSTER_468,legume_str,142.73,24.904256895488118
Plant_9,CLUSTER_487,horse_man,431.5,42.46840521089092
Plant_9,CLUSTER_487,pig_man,299.25,42.46840521089092
Plant_9,CLUSTER_487,rape_str,1529.0,42.46840521089092
Plant_9,CLUSTER_487,legume_str,702.12,42.46840521089092
Plant_9,CLUSTER_49,horse_man,1710.1,41.44482261182368
Plant_9,CLUSTER_49,pig_man,231.961,41.44482261182368
Plant_9,CLUSTER_49,rape_str,2778.0,41.44482261182368
Plant_9,CLUSTER_49,legume_str,470.832,41.44482261182368
Plant_9,CLUSTER_491,horse_man,277.6,31.219123309474448
Plant_9,CLUSTER_491,pig_man,236.64,31.219123309474448
Plant_9,CLUSTER_491,maize_str,50.9,31.219123309474448
Plant_9,CLUSTER_491,rape_str,1665.0,31.219123309474448
Plant_9,CLUSTER_491,legume_str,275.7,31.219123309474448
Plant_9,CLUSTER_497,pig_man,347.9,76.48044416295318
Plant_9,CLUSTER_506,cattle_man,1700.0,13.040204958798794
Plant_9,CLUSTER_506,horse_man,529.0,13.040204958798794
Plant_9,CLUSTER_506,clover_alfalfa_grass,6870.0,13.040204958798794
Plant_9,CLUSTER_506,maize_str,146.4,13.040204958798794
Plant_9,CLUSTER_506,beet_leaf,5910.0,13.040204958798794
Plant_9,CLUSTER_506,rape_str,1143.0,13.040204958798794
Plant_9,CLUSTER_506,legume_str,340.0,13.040204958798794
Plant_9,CLUSTER_510,legume_str,52.36,53.1989592150772
Plant_9,CLUSTER_517,cattle_man,2042.0,1.2546770186026417
Plant_9,CLUSTER_517,cattle_slu,1455.5,1.2546770186026417
Plant_9,CLUSTER_517,horse_man,372.7,1.2546770186026417
Plant_9,CLUSTER_517,pig_slu,184.38,1.2546770186026417
Plant_9,CLUSTER_517,clover_alfalfa_grass,1786.0,1.2546770186026417
Plant_9,CLUSTER_517,maize_str,38.76,1.2546770186026417
Plant_9,CLUSTER_517,beet_leaf,221.0,1.2546770186026417
Plant_9,CLUSTER_517,rape_str,729.3,1.2546770186026417
Plant_9,CLUSTER_517,legume_str,119.6,1.2546770186026417
Plant_9,CLUSTER_524,horse_man,1677.6,47.33332716056596
Plant_9,CLUSTER_524,rape_str,55.9,47.33332716056596
Plant_9,CLUSTER_524,legume_str,84.033,47.33332716056596
Plant_9,CLUSTER_525,cattle_man,4927.7,20.75674139095863
Plant_9,CLUSTER_525,horse_man,29.06,20.75674139095863
Plant_9,CLUSTER_525,clover_alfalfa_grass,2343.0,20.75674139095863
Plant_9,CLUSTER_525,maize_str,16.1,20.75674139095863
Plant_9,CLUSTER_525,rape_str,758.0,20.75674139095863
Plant_9,CLUSTER_525,legume_str,32.37,20.75674139095863
Plant_9,CLUSTER_526,horse_man,485.0,36.70991844023878
Plant_9,CLUSTER_526,rape_str,1150.0,36.70991844023878
Plant_9,CLUSTER_526,legume_str,215.0,36.70991844023878
Plant_9,CLUSTER_535,horse_man,706.0,33.74711109421218
Plant_9,CLUSTER_535,maize_str,176.0,33.74711109421218
Plant_9,CLUSTER_535,rape_str,709.22,33.74711109421218
Plant_9,CLUSTER_535,legume_str,91.4,33.74711109421218
Plant_9,CLUSTER_538,pig_man,151.197,51.1404518398245
Plant_9,CLUSTER_538,rape_str,957.0,51.1404518398245
Plant_9,CLUSTER_538,legume_str,213.05,51.1404518398245
Plant_9,CLUSTER_539,horse_man,433.0,42.20836748461894
Plant_9,CLUSTER_539,rape_str,737.0,42.20836748461894
Plant_9,CLUSTER_539,legume_str,111.4,42.20836748461894
Plant_9,CLUSTER_56,pig_man,427.76,106.846621206609
Plant_9,CLUSTER_60,pig_man,45.1582,104.44760557751032
Plant_9,CLUSTER_75,horse_man,1454.5,46.14251734865833
Plant_9,CLUSTER_75,rape_str,1046.1,46.14251734865833
Plant_9,CLUSTER_75,legume_str,172.5,46.14251734865833
Plant_9,CLUSTER_80,horse_man,210.9,43.93247372995456
Plant_9,CLUSTER_80,pig_man,275.303,43.93247372995456
Plant_9,CLUSTER_80,rape_str,3516.0,43.93247372995456
Plant_9,CLUSTER_80,legume_str,346.7,43.93247372995456
Plant_9,CLUSTER_88,horse_man,1496.2,45.04633759897832
Plant_9,CLUSTER_88,rape_str,1116.4,45.04633759897832
Plant_9,CLUSTER_88,legume_str,227.87,45.04633759897832
Plant_9,CLUSTER_95,horse_man,229.22,37.36095062066238
Plant_9,CLUSTER_95,pig_man,778.92,37.36095062066238
Plant_9,CLUSTER_95,rape_str,4774.0,37.36095062066238
Plant_9,CLUSTER_95,legume_str,380.1,37.36095062066238
Plant_9,CLUSTER_97,pig_man,302.6467,55.06727644873588
Plant_5,CLUSTER_100,rape_str,1247.0,34.91842305697695
Plant_5,CLUSTER_100,legume_str,592.6,34.91842305697695
Plant_5,CLUSTER_116,cattle_man,856.0,8.956443145193512
Plant_5,CLUSTER_116,cattle_slu,3950.0000000000005,8.956443145193512
Plant_5,CLUSTER_116,clover_alfalfa_grass,3034.6,8.956443145193512
Plant_5,CLUSTER_116,maize_str,4270.0,8.956443145193512
Plant_5,CLUSTER_116,beet_leaf,1830.0,8.956443145193512
Plant_5,CLUSTER_116,rape_str,1331.7,8.956443145193512
Plant_5,CLUSTER_116,legume_str,256.53,8.956443145193512
Plant_5,CLUSTER_125,rape_str,3920.0,39.06976743286084
Plant_5,CLUSTER_125,legume_str,441.0,39.06976743286084
Plant_5,CLUSTER_126,cattle_man,6163.0,23.906628030860997
Plant_5,CLUSTER_126,maize_str,1030.339340878171,23.906628030860997
Plant_5,CLUSTER_126,beet_leaf,6252.0,23.906628030860997
Plant_5,CLUSTER_126,rape_str,2381.0,23.906628030860997
Plant_5,CLUSTER_126,legume_str,544.6,23.906628030860997
Plant_5,CLUSTER_131,rape_str,1908.0,33.66517025219511
Plant_5,CLUSTER_131,legume_str,1003.9999999999999,33.66517025219511
Plant_5,CLUSTER_144,rape_str,1689.0,35.99125907133647
Plant_5,CLUSTER_144,legume_str,474.3,35.99125907133647
Plant_5,CLUSTER_162,rape_str,2424.0,31.737831848973165
Plant_5,CLUSTER_162,legume_str,744.7,31.737831848973165
Plant_5,CLUSTER_165,rape_str,1507.0,41.3721013727117
Plant_5,CLUSTER_165,legume_str,854.0,41.3721013727117
Plant_5,CLUSTER_175,rape_str,1513.0,41.36171099263823
Plant_5,CLUSTER_175,legume_str,508.2,41.36171099263823
Plant_5,CLUSTER_180,cattle_man,2402.6,22.874547832223623
Plant_5,CLUSTER_180,maize_str,9410.0,22.874547832223623
Plant_5,CLUSTER_180,beet_leaf,6890.0,22.874547832223623
Plant_5,CLUSTER_180,rape_str,2510.0,22.874547832223623
Plant_5,CLUSTER_180,legume_str,350.0,22.874547832223623
Plant_5,CLUSTER_184,legume_str,480.0,46.74419403430053
Plant_5,CLUSTER_186,rape_str,2267.0,29.46998570253079
Plant_5,CLUSTER_186,legume_str,321.6,29.46998570253079
Plant_5,CLUSTER_20,rape_str,2658.0,46.061133975877134
Plant_5,CLUSTER_20,legume_str,1043.0,46.061133975877134
Plant_5,CLUSTER_212,cattle_man,5215.0,25.82602370596637
Plant_5,CLUSTER_212,beet_leaf,11460.0,25.82602370596637
Plant_5,CLUSTER_212,rape_str,2994.0,25.82602370596637
Plant_5,CLUSTER_212,legume_str,423.4,25.82602370596637
Plant_5,CLUSTER_239,cattle_man,3789.0,23.226457590598415
Plant_5,CLUSTER_239,maize_str,2374.0,23.226457590598415
Plant_5,CLUSTER_239,rape_str,1717.0,23.226457590598415
Plant_5,CLUSTER_239,legume_str,357.8,23.226457590598415
Plant_5,CLUSTER_240,rape_str,698.0,46.22651890861532
Plant_5,CLUSTER_240,legume_str,511.70000000000016,46.22651890861532
Plant_5,CLUSTER_257,cattle_man,512.5,11.423952993206717
Plant_5,CLUSTER_257,cattle_slu,3397.0,11.423952993206717
Plant_5,CLUSTER_257,horse_man,1598.0,11.423952993206717
Plant_5,CLUSTER_257,clover_alfalfa_grass,3860.0,11.423952993206717
Plant_5,CLUSTER_257,maize_str,4463.0,11.423952993206717
Plant_5,CLUSTER_257,beet_leaf,421.68,11.423952993206717
Plant_5,CLUSTER_257,rape_str,1210.4,11.423952993206717
Plant_5,CLUSTER_257,legume_str,280.6,11.423952993206717
Plant_5,CLUSTER_263,rape_str,1071.4,43.494610931440086
Plant_5,CLUSTER_263,legume_str,774.2,43.494610931440086
Plant_5,CLUSTER_267,rape_str,1938.0,30.440529804354632
Plant_5,CLUSTER_267,legume_str,523.5,30.440529804354632
Plant_5,CLUSTER_288,rape_str,1600.0,42.09511230423687
Plant_5,CLUSTER_288,legume_str,851.0,42.09511230423687
Plant_5,CLUSTER_290,rape_str,1121.03,43.46504433048249
Plant_5,CLUSTER_290,legume_str,233.8,43.46504433048249
Plant_5,CLUSTER_306,cattle_man,13760.0,18.22491994989489
Plant_5,CLUSTER_306,maize_str,5143.0,18.22491994989489
Plant_5,CLUSTER_306,beet_leaf,350.409,18.22491994989489
Plant_5,CLUSTER_306,rape_str,2327.0,18.22491994989489
Plant_5,CLUSTER_306,legume_str,1097.0,18.22491994989489
Plant_5,CLUSTER_321,rape_str,1433.0,41.64459195854416
Plant_5,CLUSTER_321,legume_str,474.1,41.64459195854416
Plant_5,CLUSTER_338,rape_str,566.0,42.70068037665615
Plant_5,CLUSTER_338,legume_str,307.0,42.70068037665615
Plant_5,CLUSTER_34,cattle_man,4823.3,20.77944686907644
Plant_5,CLUSTER_34,maize_str,4809.0,20.77944686907644
Plant_5,CLUSTER_34,beet_leaf,905.2,20.77944686907644
Plant_5,CLUSTER_34,rape_str,1322.6,20.77944686907644
Plant_5,CLUSTER_34,legume_str,428.6,20.77944686907644
Plant_5,CLUSTER_340,cattle_man,979.0,19.169386400943047
Plant_5,CLUSTER_340,maize_str,1072.4,19.169386400943047
Plant_5,CLUSTER_340,beet_leaf,20402.0,19.169386400943047
Plant_5,CLUSTER_340,rape_str,944.0,19.169386400943047
Plant_5,CLUSTER_340,legume_str,294.533,19.169386400943047
Plant_5,CLUSTER_344,rape_str,232.2,40.19674725205161
Plant_5,CLUSTER_344,legume_str,332.0,40.19674725205161
Plant_5,CLUSTER_345,rape_str,1424.0,39.890355663361504
Plant_5,CLUSTER_345,legume_str,1226.0,39.890355663361504
Plant_5,CLUSTER_349,rape_str,1306.0,41.45533204572232
Plant_5,CLUSTER_349,legume_str,257.0,41.45533204572232
Plant_5,CLUSTER_35,rape_str,3218.0,38.90488580042996
Plant_5,CLUSTER_35,legume_str,631.6,38.90488580042996
Plant_5,CLUSTER_371,rape_str,918.4,33.88394020418679
Plant_5,CLUSTER_371,legume_str,445.8,33.88394020418679
Plant_5,CLUSTER_373,cattle_man,930.61,26.846325152802763
Plant_5,CLUSTER_373,rape_str,814.9,26.846325152802763
Plant_5,CLUSTER_373,legume_str,370.5,26.846325152802763
Plant_5,CLUSTER_399,rape_str,723.2,29.939294222424117
Plant_5,CLUSTER_399,legume_str,297.37,29.939294222424117
Plant_5,CLUSTER_423,rape_str,1295.9,44.0174701900958
Plant_5,CLUSTER_423,legume_str,670.7,44.0174701900958
Plant_5,CLUSTER_431,rape_str,203.4,30.606379988864457
Plant_5,CLUSTER_431,legume_str,310.4,30.606379988864457
Plant_5,CLUSTER_441,cattle_man,3147.0,16.09953130321332
Plant_5,CLUSTER_441,horse_man,821.0,16.09953130321332
Plant_5,CLUSTER_441,maize_str,2827.0,16.09953130321332
Plant_5,CLUSTER_441,beet_leaf,58.7,16.09953130321332
Plant_5,CLUSTER_441,rape_str,1217.0,16.09953130321332
Plant_5,CLUSTER_441,legume_str,342.2,16.09953130321332
Plant_5,CLUSTER_447,rape_str,901.0,28.851626703349936
Plant_5,CLUSTER_447,legume_str,578.0,28.851626703349936
Plant_5,CLUSTER_464,rape_str,387.0,29.31031972879019
Plant_5,CLUSTER_464,legume_str,235.0,29.31031972879019
Plant_5,CLUSTER_466,rape_str,274.2343189847812,46.410724583840334
Plant_5,CLUSTER_466,legume_str,253.7,46.410724583840334
Plant_5,CLUSTER_469,rape_str,1099.0,46.01593025674944
Plant_5,CLUSTER_469,legume_str,204.7,46.01593025674944
Plant_5,CLUSTER_478,rape_str,205.7,45.737828706219815
Plant_5,CLUSTER_478,legume_str,86.75,45.737828706219815
Plant_5,CLUSTER_48,cattle_man,4164.0,17.51645431005561
Plant_5,CLUSTER_48,maize_str,4581.0,17.51645431005561
Plant_5,CLUSTER_48,beet_leaf,4005.1000000000004,17.51645431005561
Plant_5,CLUSTER_48,rape_str,1712.0,17.51645431005561
Plant_5,CLUSTER_48,legume_str,448.03,17.51645431005561
Plant_5,CLUSTER_481,rape_str,4790.0,41.88785606126978
Plant_5,CLUSTER_481,legume_str,620.0,41.88785606126978
Plant_5,CLUSTER_495,rape_str,574.7,33.9924459842619
Plant_5,CLUSTER_495,legume_str,495.0,33.9924459842619
Plant_5,CLUSTER_501,rape_str,1822.0,33.88594048528292
Plant_5,CLUSTER_501,legume_str,355.2,33.88594048528292
Plant_5,CLUSTER_504,cattle_man,41.0,8.001674123729849
Plant_5,CLUSTER_504,cattle_slu,403.0,8.001674123729849
Plant_5,CLUSTER_504,horse_man,1033.0,8.001674123729849
Plant_5,CLUSTER_504,clover_alfalfa_grass,592.509,8.001674123729849
Plant_5,CLUSTER_504,maize_str,1285.0,8.001674123729849
Plant_5,CLUSTER_504,rape_str,268.5,8.001674123729849
Plant_5,CLUSTER_504,legume_str,94.63,8.001674123729849
Plant_5,CLUSTER_52,cattle_man,3984.5,15.238141434944357
Plant_5,CLUSTER_52,cattle_slu,20497.0,15.238141434944357
Plant_5,CLUSTER_52,maize_str,4642.0,15.238141434944357
Plant_5,CLUSTER_52,beet_leaf,27950.0,15.238141434944357
Plant_5,CLUSTER_52,rape_str,675.0,15.238141434944357
Plant_5,CLUSTER_52,legume_str,277.4,15.238141434944357
Plant_5,CLUSTER_544,rape_str,531.0,33.529047347780505
Plant_5,CLUSTER_544,legume_str,101.3,33.529047347780505
Plant_5,CLUSTER_545,cattle_man,1080.0,5.8417827811221
Plant_5,CLUSTER_545,cattle_slu,3630.0,5.8417827811221
Plant_5,CLUSTER_545,pig_slu,3820.0,5.8417827811221
Plant_5,CLUSTER_545,clover_alfalfa_grass,2220.0,5.8417827811221
Plant_5,CLUSTER_545,maize_str,2700.0,5.8417827811221
Plant_5,CLUSTER_545,rape_str,992.0,5.8417827811221
Plant_5,CLUSTER_545,legume_str,184.9,5.8417827811221
Plant_5,CLUSTER_71,cattle_man,8797.0,23.7732708845833
Plant_5,CLUSTER_71,horse_man,2948.9,23.7732708845833
Plant_5,CLUSTER_71,maize_str,4451.0,23.7732708845833
Plant_5,CLUSTER_71,beet_leaf,4858.7,23.7732708845833
Plant_5,CLUSTER_71,rape_str,2450.0,23.7732708845833
Plant_5,CLUSTER_71,legume_str,1174.2,23.7732708845833
Plant_5,CLUSTER_73,rape_str,3434.0,36.31377933010244
Plant_5,CLUSTER_73,legume_str,648.0,36.31377933010244
Plant_4,CLUSTER_102,cattle_man,1724.0,8.90926766903544
Plant_4,CLUSTER_102,cattle_slu,10771.0,8.90926766903544
Plant_4,CLUSTER_102,horse_man,961.0,8.90926766903544
Plant_4,CLUSTER_11,cattle_man,3764.1,56.38183173802831
Plant_4,CLUSTER_11,horse_man,1455.0,56.38183173802831
Plant_4,CLUSTER_112,cattle_man,13057.0,10.897051411271669
Plant_4,CLUSTER_112,cattle_slu,95060.0,10.897051411271669
Plant_4,CLUSTER_112,horse_man,1571.0,10.897051411271669
Plant_4,CLUSTER_113,cattle_man,1617.0,32.7338480385576
Plant_4,CLUSTER_113,horse_man,513.4,32.7338480385576
Plant_4,CLUSTER_114,cattle_man,3025.0,41.58688927843811
Plant_4,CLUSTER_115,cattle_man,12403.0,34.69913247798749
Plant_4,CLUSTER_120,cattle_man,10758.0,35.41433058885986
Plant_4,CLUSTER_120,horse_man,643.23,35.41433058885986
Plant_4,CLUSTER_133,cattle_man,1800.0,46.40989037571204
Plant_4,CLUSTER_133,horse_man,538.3,46.40989037571204
Plant_4,CLUSTER_147,cattle_man,5220.0,51.12814982808733
Plant_4,CLUSTER_160,horse_man,2174.2,93.8907035692054
Plant_4,CLUSTER_168,cattle_man,4187.0,37.82211889298204
Plant_4,CLUSTER_168,horse_man,2384.0,37.82211889298204
Plant_4,CLUSTER_18,cattle_man,14355.0,25.86870309980201
Plant_4,CLUSTER_185,cattle_man,4461.0,35.76435381489241
Plant_4,CLUSTER_185,horse_man,786.4,35.76435381489241
Plant_4,CLUSTER_19,cattle_man,13523.0,37.23795102265082
Plant_4,CLUSTER_197,cattle_man,6600.0,31.988713914381822
Plant_4,CLUSTER_199,cattle_man,3629.0,41.23700158090246
Plant_4,CLUSTER_21,cattle_man,11680.0,18.278529234692307
Plant_4,CLUSTER_21,cattle_slu,60910.0,18.278529234692307
Plant_4,CLUSTER_211,cattle_man,4080.0000000000005,17.428161980790186
Plant_4,CLUSTER_211,cattle_slu,27580.0,17.428161980790186
Plant_4,CLUSTER_211,horse_man,442.0,17.428161980790186
Plant_4,CLUSTER_216,cattle_man,6405.0,17.6084624608514
Plant_4,CLUSTER_216,cattle_slu,18914.0,17.6084624608514
Plant_4,CLUSTER_216,horse_man,1391.183,17.6084624608514
Plant_4,CLUSTER_220,cattle_man,1849.0,42.50250299165333
Plant_4,CLUSTER_220,horse_man,806.0,42.50250299165333
Plant_4,CLUSTER_221,cattle_man,8125.0,35.560324223975215
Plant_4,CLUSTER_221,horse_man,1171.9,35.560324223975215
Plant_4,CLUSTER_227,cattle_man,7020.0,41.19791817922077
Plant_4,CLUSTER_234,cattle_man,28380.0,49.449348983413856
Plant_4,CLUSTER_245,cattle_man,13085.0,26.57007763754448
Plant_4,CLUSTER_245,horse_man,793.9,26.57007763754448
Plant_4,CLUSTER_249,cattle_man,6058.772915616117,41.008283542540894
Plant_4,CLUSTER_25,cattle_man,2469.58,31.37591904279917
Plant_4,CLUSTER_25,horse_man,395.1,31.37591904279917
Plant_4,CLUSTER_255,cattle_man,5100.0,49.74125688629118
Plant_4,CLUSTER_261,cattle_man,10670.0,26.66919694236144
Plant_4,CLUSTER_265,cattle_man,1417.0,53.79406771586573
Plant_4,CLUSTER_269,cattle_man,10313.0,23.443624011565863
Plant_4,CLUSTER_272,horse_man,1033.0,76.81162567225002
Plant_4,CLUSTER_286,cattle_man,4579.0,31.605910893785627
Plant_4,CLUSTER_286,horse_man,502.1,31.605910893785627
Plant_4,CLUSTER_299,cattle_man,4359.0,15.37550645466336
Plant_4,CLUSTER_299,cattle_slu,20499.0,15.37550645466336
Plant_4,CLUSTER_307,cattle_man,3600.0,25.92589203340839
Plant_4,CLUSTER_307,horse_man,1101.0,25.92589203340839
Plant_4,CLUSTER_309,cattle_man,7630.0,9.6264614268891
Plant_4,CLUSTER_309,cattle_slu,56380.0,9.6264614268891
Plant_4,CLUSTER_309,horse_man,240.3,9.6264614268891
Plant_4,CLUSTER_327,cattle_man,2540.0,55.41168474197248
Plant_4,CLUSTER_327,horse_man,336.5,55.41168474197248
Plant_4,CLUSTER_331,cattle_man,5700.0,28.57109402362705
Plant_4,CLUSTER_331,horse_man,3020.0,28.57109402362705
Plant_4,CLUSTER_335,cattle_man,4820.0,22.928791860045266
Plant_4,CLUSTER_335,horse_man,3071.0,22.928791860045266
Plant_4,CLUSTER_357,cattle_man,11532.0,32.338269799927495
Plant_4,CLUSTER_358,cattle_man,8329.0,10.452051629446466
Plant_4,CLUSTER_358,cattle_slu,38440.0,10.452051629446466
Plant_4,CLUSTER_358,horse_man,586.9,10.452051629446466
Plant_4,CLUSTER_359,cattle_man,4205.0,46.035511626123125
Plant_4,CLUSTER_359,horse_man,362.1,46.035511626123125
Plant_4,CLUSTER_36,cattle_man,5369.2,56.43703849258544
Plant_4,CLUSTER_380,cattle_man,6580.0,30.951663774254108
Plant_4,CLUSTER_381,horse_man,1692.89,85.92621827007198
Plant_4,CLUSTER_384,cattle_man,3170.0,48.79200656209962
Plant_4,CLUSTER_401,cattle_man,1666.8,45.46835797714683
Plant_4,CLUSTER_413,cattle_man,8790.0,42.589577111100645
Plant_4,CLUSTER_414,cattle_man,13020.0,29.685700991646137
Plant_4,CLUSTER_419,cattle_man,2304.0,18.391220937872657
Plant_4,CLUSTER_419,cattle_slu,11373.0,18.391220937872657
Plant_4,CLUSTER_419,horse_man,791.0,18.391220937872657
Plant_4,CLUSTER_437,cattle_man,8510.0,14.880879029368089
Plant_4,CLUSTER_437,cattle_slu,64299.99999999999,14.880879029368089
Plant_4,CLUSTER_444,cattle_man,2690.0,47.75126210761926
Plant_4,CLUSTER_461,cattle_man,3302.0,29.352799901417804
Plant_4,CLUSTER_461,horse_man,1385.0,29.352799901417804
Plant_4,CLUSTER_471,cattle_man,292.0,0.8860820618049856
Plant_4,CLUSTER_471,cattle_slu,1307.0,0.8860820618049856
Plant_4,CLUSTER_471,horse_man,250.50000000000003,0.8860820618049856
Plant_4,CLUSTER_471,pig_slu,27.65,0.8860820618049856
Plant_4,CLUSTER_471,rape_str,11.4,0.8860820618049856
Plant_4,CLUSTER_471,legume_str,10.2,0.8860820618049856
Plant_4,CLUSTER_475,cattle_man,3878.0,27.428523048562457
Plant_4,CLUSTER_475,horse_man,665.9,27.428523048562457
Plant_4,CLUSTER_476,horse_man,492.00000000000006,92.41993100984864
Plant_4,CLUSTER_510,horse_man,1319.0,66.0261962374159
Plant_4,CLUSTER_518,cattle_man,9270.0,19.458082358435774
Plant_4,CLUSTER_518,cattle_slu,56400.0,19.458082358435774
Plant_4,CLUSTER_518,horse_man,1313.0,19.458082358435774
Plant_4,CLUSTER_522,cattle_man,6580.0,19.7912468894212
Plant_4,CLUSTER_522,cattle_slu,5013.35479938042,19.7912468894212
Plant_4,CLUSTER_522,horse_man,288.1,19.7912468894212
Plant_4,CLUSTER_539,cattle_man,2743.0,38.567970571385416
Plant_4,CLUSTER_96,horse_man,2943.838,88.00248872390841
Plant_4,CLUSTER_98,cattle_man,5002.1,20.9656185978337
Plant_4,CLUSTER_98,horse_man,673.1,20.9656185978337
Plant_7,CLUSTER_10,cattle_man,3121.0,24.948689758049326
Plant_7,CLUSTER_10,horse_man,1392.2,24.948689758049326
Plant_7,CLUSTER_10,clover_alfalfa_grass,908.308,24.948689758049326
Plant_7,CLUSTER_10,maize_str,92.1,24.948689758049326
Plant_7,CLUSTER_10,rape_str,247.74999999999997,24.948689758049326
Plant_7,CLUSTER_10,legume_str,66.8,24.948689758049326
Plant_7,CLUSTER_110,cattle_man,22036.0,39.055563390771816
Plant_7,CLUSTER_110,horse_man,797.0,39.055563390771816
Plant_7,CLUSTER_110,rape_str,218.1,39.055563390771816
Plant_7,CLUSTER_110,legume_str,32.8,39.055563390771816
Plant_7,CLUSTER_119,cattle_man,14930.0,28.305297710919252
Plant_7,CLUSTER_119,horse_man,1764.0,28.305297710919252
Plant_7,CLUSTER_119,clover_alfalfa_grass,2730.0,28.305297710919252
Plant_7,CLUSTER_119,beet_leaf,644.0,28.305297710919252
Plant_7,CLUSTER_119,rape_str,1302.0,28.305297710919252
Plant_7,CLUSTER_119,legume_str,143.3,28.305297710919252
Plant_7,CLUSTER_134,cattle_man,8431.4,23.87155709043419
Plant_7,CLUSTER_134,horse_man,698.9326083470007,23.87155709043419
Plant_7,CLUSTER_134,clover_alfalfa_grass,7349.0,23.87155709043419
Plant_7,CLUSTER_134,maize_str,712.3,23.87155709043419
Plant_7,CLUSTER_134,beet_leaf,32079.999999999996,23.87155709043419
Plant_7,CLUSTER_139,cattle_man,3032.51,12.136463516270505
Plant_7,CLUSTER_139,cattle_slu,506.53099999999995,12.136463516270505
Plant_7,CLUSTER_139,horse_man,980.3,12.136463516270505
Plant_7,CLUSTER_139,clover_alfalfa_grass,1889.3,12.136463516270505
Plant_7,CLUSTER_139,beet_leaf,3099.2,12.136463516270505
Plant_7,CLUSTER_139,rape_str,1083.5,12.136463516270505
Plant_7,CLUSTER_139,legume_str,570.9,12.136463516270505
Plant_7,CLUSTER_154,cattle_man,5634.1,34.374035027239046
Plant_7,CLUSTER_156,cattle_man,3713.2,18.01175980117659
Plant_7,CLUSTER_156,horse_man,1144.7,18.01175980117659
Plant_7,CLUSTER_156,clover_alfalfa_grass,2190.9,18.01175980117659
Plant_7,CLUSTER_156,maize_str,250.71100000000004,18.01175980117659
Plant_7,CLUSTER_156,beet_leaf,1645.165,18.01175980117659
Plant_7,CLUSTER_156,rape_str,1599.0,18.01175980117659
Plant_7,CLUSTER_156,legume_str,342.4,18.01175980117659
Plant_7,CLUSTER_158,cattle_man,792.0,14.260027397471996
Plant_7,CLUSTER_158,horse_man,253.79999999999998,14.260027397471996
Plant_7,CLUSTER_158,clover_alfalfa_grass,109.0,14.260027397471996
Plant_7,CLUSTER_158,rape_str,44.4,14.260027397471996
Plant_7,CLUSTER_158,legume_str,41.66,14.260027397471996
Plant_7,CLUSTER_16,cattle_man,11750.6,27.95988309721836
Plant_7,CLUSTER_16,horse_man,1532.4,27.95988309721836
Plant_7,CLUSTER_16,clover_alfalfa_grass,5461.0,27.95988309721836
Plant_7,CLUSTER_16,maize_str,361.46,27.95988309721836
Plant_7,CLUSTER_16,beet_leaf,16749.9,27.95988309721836
Plant_7,CLUSTER_16,rape_str,1459.3,27.95988309721836
Plant_7,CLUSTER_16,legume_str,320.2,27.95988309721836
Plant_7,CLUSTER_163,horse_man,1805.0,56.781514190915146
Plant_7,CLUSTER_163,rape_str,435.3,56.781514190915146
Plant_7,CLUSTER_163,legume_str,26.23,56.781514190915146
Plant_7,CLUSTER_164,cattle_man,5420.0,17.015391092203725
Plant_7,CLUSTER_164,horse_man,1264.0,17.015391092203725
Plant_7,CLUSTER_164,clover_alfalfa_grass,2054.0,17.015391092203725
Plant_7,CLUSTER_164,maize_str,100.7,17.015391092203725
Plant_7,CLUSTER_164,beet_leaf,410.7,17.015391092203725
Plant_7,CLUSTER_164,rape_str,740.0,17.015391092203725
Plant_7,CLUSTER_164,legume_str,154.5,17.015391092203725
Plant_7,CLUSTER_170,cattle_man,2987.28,15.519336257794478
Plant_7,CLUSTER_170,horse_man,782.0,15.519336257794478
Plant_7,CLUSTER_170,clover_alfalfa_grass,582.0,15.519336257794478
Plant_7,CLUSTER_170,maize_str,38.8,15.519336257794478
Plant_7,CLUSTER_170,rape_str,334.9,15.519336257794478
Plant_7,CLUSTER_172,cattle_man,2980.7,37.24842902473733
Plant_7,CLUSTER_172,horse_man,2882.7,37.24842902473733
Plant_7,CLUSTER_172,maize_str,54.92,37.24842902473733
Plant_7,CLUSTER_172,rape_str,473.5,37.24842902473733
Plant_7,CLUSTER_172,legume_str,102.3,37.24842902473733
Plant_7,CLUSTER_173,horse_man,973.0,43.01371728370807
Plant_7,CLUSTER_173,rape_str,696.9,43.01371728370807
Plant_7,CLUSTER_173,legume_str,245.0,43.01371728370807
Plant_7,CLUSTER_177,maize_str,263.9,44.322083629170734
Plant_7,CLUSTER_179,cattle_man,11220.0,32.95618327895701
Plant_7,CLUSTER_179,horse_man,1139.0,32.95618327895701
Plant_7,CLUSTER_179,rape_str,741.5,32.95618327895701
Plant_7,CLUSTER_179,legume_str,197.6,32.95618327895701
Plant_7,CLUSTER_181,horse_man,824.1,48.87129776956958
Plant_7,CLUSTER_181,maize_str,737.8,48.87129776956958
Plant_7,CLUSTER_181,rape_str,425.5,48.87129776956958
Plant_7,CLUSTER_181,legume_str,393.5,48.87129776956958
Plant_7,CLUSTER_200,maize_str,105.4,59.43205305225239
Plant_7,CLUSTER_213,cattle_man,3968.0,28.42412162327834
Plant_7,CLUSTER_213,horse_man,642.2,28.42412162327834
Plant_7,CLUSTER_213,clover_alfalfa_grass,173.17282,28.42412162327834
Plant_7,CLUSTER_213,rape_str,43.9,28.42412162327834
Plant_7,CLUSTER_213,legume_str,10.36,28.42412162327834
Plant_7,CLUSTER_23,horse_man,1920.4,44.37623250800405
Plant_7,CLUSTER_23,maize_str,518.53,44.37623250800405
Plant_7,CLUSTER_23,rape_str,579.28,44.37623250800405
Plant_7,CLUSTER_23,legume_str,30.65,44.37623250800405
Plant_7,CLUSTER_236,cattle_man,1177.4,25.53585472462775
Plant_7,CLUSTER_236,horse_man,1045.5,25.53585472462775
Plant_7,CLUSTER_236,clover_alfalfa_grass,7577.00461,25.53585472462775
Plant_7,CLUSTER_236,maize_str,46.4,25.53585472462775
Plant_7,CLUSTER_236,beet_leaf,1965.0000000000002,25.53585472462775
Plant_7,CLUSTER_238,legume_str,234.7,67.32159972059712
Plant_7,CLUSTER_246,cattle_man,2279.3,30.30346044425953
Plant_7,CLUSTER_246,horse_man,1160.4,30.30346044425953
Plant_7,CLUSTER_246,clover_alfalfa_grass,4368.2,30.30346044425953
Plant_7,CLUSTER_246,maize_str,156.3,30.30346044425953
Plant_7,CLUSTER_246,rape_str,1181.0,30.30346044425953
Plant_7,CLUSTER_246,legume_str,345.0,30.30346044425953
Plant_7,CLUSTER_251,cattle_man,1718.4,22.507855739738005
Plant_7,CLUSTER_251,horse_man,239.3,22.507855739738005
Plant_7,CLUSTER_251,clover_alfalfa_grass,2525.0,22.507855739738005
Plant_7,CLUSTER_251,maize_str,70.9,22.507855739738005
Plant_7,CLUSTER_251,beet_leaf,2187.6,22.507855739738005
Plant_7,CLUSTER_251,rape_str,2183.0,22.507855739738005
Plant_7,CLUSTER_251,legume_str,633.1999999999999,22.507855739738005
Plant_7,CLUSTER_260,cattle_man,4728.0,37.71977281599006
Plant_7,CLUSTER_260,horse_man,1035.0,37.71977281599006
Plant_7,CLUSTER_260,maize_str,57.0,37.71977281599006
Plant_7,CLUSTER_260,rape_str,97.5,37.71977281599006
Plant_7,CLUSTER_260,legume_str,66.4,37.71977281599006
Plant_7,CLUSTER_271,horse_man,278.4,65.74598552213621
Plant_7,CLUSTER_271,maize_str,266.3,65.74598552213621
Plant_7,CLUSTER_275,cattle_man,3212.5,10.654847749840906
Plant_7,CLUSTER_275,cattle_slu,989.6,10.654847749840906
Plant_7,CLUSTER_275,horse_man,564.0,10.654847749840906
Plant_7,CLUSTER_275,clover_alfalfa_grass,2152.0,10.654847749840906
Plant_7,CLUSTER_275,maize_str,130.5,10.654847749840906
Plant_7,CLUSTER_275,beet_leaf,3992.0,10.654847749840906
Plant_7,CLUSTER_275,rape_str,2420.0,10.654847749840906
Plant_7,CLUSTER_275,legume_str,322.6,10.654847749840906
Plant_7,CLUSTER_277,cattle_man,6870.0,1.0052656643142417
Plant_7,CLUSTER_277,cattle_slu,4845.1,1.0052656643142417
Plant_7,CLUSTER_277,horse_man,872.3,1.0052656643142417
Plant_7,CLUSTER_277,pig_slu,4650.06,1.0052656643142417
Plant_7,CLUSTER_277,clover_alfalfa_grass,3792.0,1.0052656643142417
Plant_7,CLUSTER_277,maize_str,52.900000000000006,1.0052656643142417
Plant_7,CLUSTER_277,beet_leaf,7043.0,1.0052656643142417
Plant_7,CLUSTER_277,rape_str,2519.0,1.0052656643142417
Plant_7,CLUSTER_277,legume_str,748.8,1.0052656643142417
Plant_7,CLUSTER_283,cattle_man,4490.4,32.90599292796782
Plant_7,CLUSTER_283,clover_alfalfa_grass,3993.573597069894,32.90599292796782
Plant_7,CLUSTER_283,maize_str,483.1,32.90599292796782
Plant_7,CLUSTER_30,maize_str,530.4,67.27358285816834
Plant_7,CLUSTER_30,legume_str,592.4,67.27358285816834
Plant_7,CLUSTER_310,horse_man,462.0,44.12968439601588
Plant_7,CLUSTER_310,maize_str,164.1,44.12968439601588
Plant_7,CLUSTER_310,rape_str,699.0,44.12968439601588
Plant_7,CLUSTER_310,legume_str,87.58,44.12968439601588
Plant_7,CLUSTER_318,horse_man,569.4,53.62379340939049
Plant_7,CLUSTER_318,maize_str,17.7,53.62379340939049
Plant_7,CLUSTER_318,rape_str,518.0,53.62379340939049
Plant_7,CLUSTER_318,legume_str,57.2,53.62379340939049
Plant_7,CLUSTER_320,cattle_man,1036.0,38.066930193010414
Plant_7,CLUSTER_325,horse_man,3401.8,47.538376223232525
Plant_7,CLUSTER_325,maize_str,2223.0,47.538376223232525
Plant_7,CLUSTER_325,rape_str,1476.0,47.538376223232525
Plant_7,CLUSTER_325,legume_str,43.68,47.538376223232525
Plant_7,CLUSTER_332,cattle_man,620.3,18.75865197316761
Plant_7,CLUSTER_332,horse_man,404.6,18.75865197316761
Plant_7,CLUSTER_332,clover_alfalfa_grass,3199.0,18.75865197316761
Plant_7,CLUSTER_332,maize_str,50.4,18.75865197316761
Plant_7,CLUSTER_332,beet_leaf,3292.0,18.75865197316761
Plant_7,CLUSTER_332,rape_str,1546.9,18.75865197316761
Plant_7,CLUSTER_332,legume_str,553.2,18.75865197316761
Plant_7,CLUSTER_334,horse_man,1501.5,50.56169832646789
Plant_7,CLUSTER_334,maize_str,648.16,50.56169832646789
Plant_7,CLUSTER_334,rape_str,438.62,50.56169832646789
Plant_7,CLUSTER_334,legume_str,53.6,50.56169832646789
Plant_7,CLUSTER_336,cattle_man,1038.5701861226892,39.499463812362166
Plant_7,CLUSTER_336,horse_man,579.9,39.499463812362166
Plant_7,CLUSTER_336,maize_str,516.74,39.499463812362166
Plant_7,CLUSTER_336,rape_str,912.3,39.499463812362166
Plant_7,CLUSTER_336,legume_str,270.07,39.499463812362166
Plant_7,CLUSTER_348,maize_str,65.0,57.51750978178469
Plant_7,CLUSTER_361,horse_man,200.3,48.36223834666647
Plant_7,CLUSTER_361,maize_str,579.6,48.36223834666647
Plant_7,CLUSTER_361,rape_str,169.4,48.36223834666647
Plant_7,CLUSTER_361,legume_str,175.4,48.36223834666647
Plant_7,CLUSTER_364,horse_man,483.8,46.40251266557968
Plant_7,CLUSTER_364,maize_str,34.79,46.40251266557968
Plant_7,CLUSTER_364,rape_str,184.8,46.40251266557968
Plant_7,CLUSTER_364,legume_str,64.12,46.40251266557968
Plant_7,CLUSTER_388,cattle_man,490.4,24.672421718072997
Plant_7,CLUSTER_388,horse_man,410.3,24.672421718072997
Plant_7,CLUSTER_389,cattle_man,790.9,37.045310580420654
Plant_7,CLUSTER_389,maize_str,132.9,37.045310580420654
Plant_7,CLUSTER_405,horse_man,311.8,60.42166977269285
Plant_7,CLUSTER_405,maize_str,43.2,60.42166977269285
Plant_7,CLUSTER_410,cattle_man,8090.0,21.26493902837379
Plant_7,CLUSTER_410,horse_man,808.4,21.26493902837379
Plant_7,CLUSTER_410,clover_alfalfa_grass,6962.0,21.26493902837379
Plant_7,CLUSTER_410,maize_str,31.67,21.26493902837379
Plant_7,CLUSTER_410,beet_leaf,1747.4,21.26493902837379
Plant_7,CLUSTER_410,rape_str,2374.0,21.26493902837379
Plant_7,CLUSTER_410,legume_str,361.8,21.26493902837379
Plant_7,CLUSTER_424,cattle_man,6654.0,12.306816788497914
Plant_7,CLUSTER_424,cattle_slu,1010.0,12.306816788497914
Plant_7,CLUSTER_424,horse_man,879.04,12.306816788497914
Plant_7,CLUSTER_424,clover_alfalfa_grass,4204.0,12.306816788497914
Plant_7,CLUSTER_424,maize_str,42.1,12.306816788497914
Plant_7,CLUSTER_424,beet_leaf,3601.0,12.306816788497914
Plant_7,CLUSTER_424,rape_str,2239.8,12.306816788497914
Plant_7,CLUSTER_424,legume_str,524.5,12.306816788497914
Plant_7,CLUSTER_426,horse_man,3962.2,41.76195454329249
Plant_7,CLUSTER_426,maize_str,506.6000000000001,41.76195454329249
Plant_7,CLUSTER_426,rape_str,345.91,41.76195454329249
Plant_7,CLUSTER_426,legume_str,76.906,41.76195454329249
Plant_7,CLUSTER_430,horse_man,480.0,49.74382125208189
Plant_7,CLUSTER_430,maize_str,59.93000000000001,49.74382125208189
Plant_7,CLUSTER_445,horse_man,58.691,64.0470133761747
Plant_7,CLUSTER_445,maize_str,620.6,64.0470133761747
Plant_7,CLUSTER_445,rape_str,1059.0,64.0470133761747
Plant_7,CLUSTER_445,legume_str,171.5,64.0470133761747
Plant_7,CLUSTER_449,horse_man,518.500398,57.30945703066772
Plant_7,CLUSTER_449,maize_str,119.0,57.30945703066772
Plant_7,CLUSTER_47,cattle_man,681.7,26.412694881457075
Plant_7,CLUSTER_47,horse_man,414.0,26.412694881457075
Plant_7,CLUSTER_47,clover_alfalfa_grass,250.562,26.412694881457075
Plant_7,CLUSTER_47,rape_str,155.0,26.412694881457075
Plant_7,CLUSTER_483,horse_man,289.75,56.03669532859567
Plant_7,CLUSTER_483,maize_str,387.2,56.03669532859567
Plant_7,CLUSTER_483,rape_str,440.9,56.03669532859567
Plant_7,CLUSTER_483,legume_str,415.5,56.03669532859567
Plant_7,CLUSTER_487,cattle_man,16400.0,27.20317193564784
Plant_7,CLUSTER_487,clover_alfalfa_grass,3453.0,27.20317193564784
Plant_7,CLUSTER_487,maize_str,637.4,27.20317193564784
Plant_7,CLUSTER_487,beet_leaf,25760.0,27.20317193564784
Plant_7,CLUSTER_49,cattle_man,15490.0,33.77153964782777
Plant_7,CLUSTER_49,maize_str,516.3,33.77153964782777
Plant_7,CLUSTER_494,horse_man,104.9,51.01676090914669
Plant_7,CLUSTER_494,maize_str,343.7,51.01676090914669
Plant_7,CLUSTER_494,rape_str,500.2,51.01676090914669
Plant_7,CLUSTER_494,legume_str,89.8,51.01676090914669
Plant_7,CLUSTER_497,cattle_man,5760.0,7.019567315396364
Plant_7,CLUSTER_497,cattle_slu,2060.0,7.019567315396364
Plant_7,CLUSTER_497,horse_man,138.1,7.019567315396364
Plant_7,CLUSTER_497,clover_alfalfa_grass,770.4,7.019567315396364
Plant_7,CLUSTER_497,maize_str,25.5,7.019567315396364
Plant_7,CLUSTER_497,beet_leaf,4640.0,7.019567315396364
Plant_7,CLUSTER_497,rape_str,1290.0,7.019567315396364
Plant_7,CLUSTER_497,legume_str,206.1,7.019567315396364
Plant_7,CLUSTER_519,horse_man,814.0,48.68953188275638
Plant_7,CLUSTER_519,legume_str,11.1,48.68953188275638
Plant_7,CLUSTER_530,cattle_man,1179.0,38.56270527630795
Plant_7,CLUSTER_530,horse_man,443.6,38.56270527630795
Plant_7,CLUSTER_530,rape_str,1253.0,38.56270527630795
Plant_7,CLUSTER_530,legume_str,212.8,38.56270527630795
Plant_7,CLUSTER_538,cattle_man,3387.0,35.32117444725449
Plant_7,CLUSTER_538,horse_man,768.4,35.32117444725449
Plant_7,CLUSTER_538,maize_str,24.6,35.32117444725449
Plant_7,CLUSTER_546,legume_str,32.5,68.84720115196689
Plant_7,CLUSTER_56,cattle_man,5444.4,38.333436694996166
Plant_7,CLUSTER_56,horse_man,1846.8,38.333436694996166
Plant_7,CLUSTER_56,maize_str,373.4,38.333436694996166
Plant_7,CLUSTER_56,rape_str,1531.2,38.333436694996166
Plant_7,CLUSTER_56,legume_str,61.13,38.333436694996166
Plant_7,CLUSTER_60,cattle_man,6475.0,35.77281787227095
Plant_7,CLUSTER_60,horse_man,2507.8,35.77281787227095
Plant_7,CLUSTER_60,maize_str,135.7,35.77281787227095
Plant_7,CLUSTER_60,rape_str,542.5,35.77281787227095
Plant_7,CLUSTER_60,legume_str,82.928,35.77281787227095
Plant_7,CLUSTER_75,maize_str,550.06,47.92051728263619
Plant_7,CLUSTER_80,maize_str,115.0,52.10263785644535
Plant_7,CLUSTER_87,horse_man,362.10543,39.624299510916615
Plant_7,CLUSTER_87,maize_str,676.6,39.624299510916615
Plant_7,CLUSTER_87,rape_str,922.9,39.624299510916615
Plant_7,CLUSTER_87,legume_str,729.0,39.624299510916615
Plant_7,CLUSTER_95,maize_str,231.9,67.56572984532804
Plant_7,CLUSTER_97,cattle_man,4494.0,14.536153239650105
Plant_7,CLUSTER_97,horse_man,1266.8,14.536153239650105
Plant_7,CLUSTER_97,clover_alfalfa_grass,9077.0,14.536153239650105
Plant_7,CLUSTER_97,maize_str,150.8,14.536153239650105
Plant_7,CLUSTER_97,beet_leaf,10300.0,14.536153239650105
Plant_7,CLUSTER_97,rape_str,3629.0,14.536153239650105
Plant_7,CLUSTER_97,legume_str,684.7,14.536153239650105
Plant_2,CLUSTER_1,cattle_man,7654.55,33.83731136891351
Plant_2,CLUSTER_1,maize_str,371.5,33.83731136891351
Plant_2,CLUSTER_1,rape_str,1763.0,33.83731136891351
Plant_2,CLUSTER_1,legume_str,279.7,33.83731136891351
Plant_2,CLUSTER_101,maize_str,163.78503,49.254493816900286
Plant_2,CLUSTER_101,rape_str,1060.3,49.254493816900286
Plant_2,CLUSTER_101,legume_str,210.4,49.254493816900286
Plant_2,CLUSTER_103,cattle_man,2660.0,34.09846682897246
Plant_2,CLUSTER_103,maize_str,65.200176,34.09846682897246
Plant_2,CLUSTER_103,rape_str,208.4,34.09846682897246
Plant_2,CLUSTER_103,legume_str,84.58999999999999,34.09846682897246
Plant_2,CLUSTER_11,maize_str,190.9,54.62748404625408
Plant_2,CLUSTER_11,rape_str,672.41,54.62748404625408
Plant_2,CLUSTER_11,legume_str,180.37,54.62748404625408
Plant_2,CLUSTER_12,maize_str,50.79,48.06071113094609
Plant_2,CLUSTER_12,rape_str,261.194,48.06071113094609
Plant_2,CLUSTER_12,legume_str,192.82,48.06071113094609
Plant_2,CLUSTER_141,cattle_man,6618.0,12.18582700314476
Plant_2,CLUSTER_141,cattle_slu,53750.0,12.18582700314476
Plant_2,CLUSTER_141,horse_man,2815.0,12.18582700314476
Plant_2,CLUSTER_141,clover_alfalfa_grass,7525.0,12.18582700314476
Plant_2,CLUSTER_141,maize_str,54.6,12.18582700314476
Plant_2,CLUSTER_141,beet_leaf,6053.0,12.18582700314476
Plant_2,CLUSTER_141,rape_str,1518.4,12.18582700314476
Plant_2,CLUSTER_141,legume_str,364.1,12.18582700314476
Plant_2,CLUSTER_145,maize_str,1224.5,57.61490027677796
Plant_2,CLUSTER_145,rape_str,1224.0,57.61490027677796
Plant_2,CLUSTER_145,legume_str,263.2,57.61490027677796
Plant_2,CLUSTER_147,maize_str,127.70000000000002,66.7799821563593
Plant_2,CLUSTER_147,legume_str,68.23,66.7799821563593
Plant_2,CLUSTER_148,maize_str,21.2,40.31945208056154
Plant_2,CLUSTER_15,maize_str,45.96,44.52916641666892
Plant_2,CLUSTER_15,rape_str,787.2,44.52916641666892
Plant_2,CLUSTER_15,legume_str,224.491,44.52916641666892
Plant_2,CLUSTER_160,cattle_man,5620.0,27.379876946704737
Plant_2,CLUSTER_160,clover_alfalfa_grass,6038.0,27.379876946704737
Plant_2,CLUSTER_160,maize_str,250.69999999999996,27.379876946704737
Plant_2,CLUSTER_160,beet_leaf,488.99999999999994,27.379876946704737
Plant_2,CLUSTER_160,rape_str,1197.5,27.379876946704737
Plant_2,CLUSTER_161,horse_man,429.62,44.06974685331927
Plant_2,CLUSTER_161,maize_str,217.1,44.06974685331927
Plant_2,CLUSTER_161,rape_str,1567.0,44.06974685331927
Plant_2,CLUSTER_161,legume_str,357.73,44.06974685331927
Plant_2,CLUSTER_162,maize_str,4165.0,69.46120382497706
Plant_2,CLUSTER_169,cattle_man,8425.7,18.84538994458241
Plant_2,CLUSTER_169,clover_alfalfa_grass,1108.2,18.84538994458241
Plant_2,CLUSTER_169,maize_str,446.0,18.84538994458241
Plant_2,CLUSTER_169,beet_leaf,697.2,18.84538994458241
Plant_2,CLUSTER_169,rape_str,268.41,18.84538994458241
Plant_2,CLUSTER_169,legume_str,59.436,18.84538994458241
Plant_2,CLUSTER_171,cattle_man,11040.0,28.338397744420387
Plant_2,CLUSTER_171,clover_alfalfa_grass,5636.0,28.338397744420387
Plant_2,CLUSTER_171,maize_str,987.0,28.338397744420387
Plant_2,CLUSTER_171,rape_str,1563.0,28.338397744420387
Plant_2,CLUSTER_171,legume_str,188.6,28.338397744420387
Plant_2,CLUSTER_176,maize_str,248.73000000000002,57.2602798245298
Plant_2,CLUSTER_176,rape_str,773.6,57.2602798245298
Plant_2,CLUSTER_176,legume_str,185.1,57.2602798245298
Plant_2,CLUSTER_183,cattle_man,16594.0,37.40226159444355
Plant_2,CLUSTER_183,maize_str,210.88,37.40226159444355
Plant_2,CLUSTER_183,rape_str,1374.3,37.40226159444355
Plant_2,CLUSTER_183,legume_str,266.3,37.40226159444355
Plant_2,CLUSTER_188,cattle_man,6172.0,21.56702478088365
Plant_2,CLUSTER_188,horse_man,1732.0,21.56702478088365
Plant_2,CLUSTER_188,clover_alfalfa_grass,1015.6499999999999,21.56702478088365
Plant_2,CLUSTER_188,maize_str,198.76,21.56702478088365
Plant_2,CLUSTER_188,rape_str,21.25,21.56702478088365
Plant_2,CLUSTER_188,legume_str,67.118,21.56702478088365
Plant_2,CLUSTER_190,cattle_man,9509.0,35.98879674938755
Plant_2,CLUSTER_190,maize_str,183.5,35.98879674938755
Plant_2,CLUSTER_190,rape_str,642.0,35.98879674938755
Plant_2,CLUSTER_190,legume_str,186.5,35.98879674938755
Plant_2,CLUSTER_219,maize_str,434.5,46.066011194027936
Plant_2,CLUSTER_219,rape_str,2300.0,46.066011194027936
Plant_2,CLUSTER_219,legume_str,276.0,46.066011194027936
Plant_2,CLUSTER_220,legume_str,67.87544927509131,68.58900071206685
Plant_2,CLUSTER_229,maize_str,474.61,66.51765433028532
Plant_2,CLUSTER_229,legume_str,169.7,66.51765433028532
Plant_2,CLUSTER_232,cattle_man,9900.0,25.834565052808045
Plant_2,CLUSTER_232,horse_man,3168.0,25.834565052808045
Plant_2,CLUSTER_232,clover_alfalfa_grass,6810.0,25.834565052808045
Plant_2,CLUSTER_232,maize_str,332.4,25.834565052808045
Plant_2,CLUSTER_232,beet_leaf,649.0,25.834565052808045
Plant_2,CLUSTER_232,rape_str,928.0,25.834565052808045
Plant_2,CLUSTER_232,legume_str,118.5,25.834565052808045
Plant_2,CLUSTER_237,cattle_man,4862.0,28.933446631726586
Plant_2,CLUSTER_237,clover_alfalfa_grass,1596.0,28.933446631726586
Plant_2,CLUSTER_237,maize_str,150.0,28.933446631726586
Plant_2,CLUSTER_237,rape_str,431.0,28.933446631726586
Plant_2,CLUSTER_237,legume_str,29.248,28.933446631726586
Plant_2,CLUSTER_242,cattle_man,11300.0,23.83070040503254
Plant_2,CLUSTER_242,horse_man,850.0,23.83070040503254
Plant_2,CLUSTER_242,clover_alfalfa_grass,4696.0,23.83070040503254
Plant_2,CLUSTER_242,maize_str,82.1,23.83070040503254
Plant_2,CLUSTER_242,beet_leaf,2062.0,23.83070040503254
Plant_2,CLUSTER_242,rape_str,1229.6,23.83070040503254
Plant_2,CLUSTER_242,legume_str,233.5,23.83070040503254
Plant_2,CLUSTER_248,maize_str,301.88279,47.39891073044607
Plant_2,CLUSTER_248,rape_str,349.9,47.39891073044607
Plant_2,CLUSTER_248,legume_str,201.2,47.39891073044607
Plant_2,CLUSTER_262,maize_str,19.9,58.60785498336012
Plant_2,CLUSTER_262,rape_str,727.9,58.60785498336012
Plant_2,CLUSTER_262,legume_str,189.5,58.60785498336012
Plant_2,CLUSTER_265,maize_str,149.62,59.87900726862216
Plant_2,CLUSTER_266,cattle_man,5864.8,10.267157002581197
Plant_2,CLUSTER_266,cattle_slu,34980.0,10.267157002581197
Plant_2,CLUSTER_266,beet_leaf,387.0,10.267157002581197
Plant_2,CLUSTER_266,rape_str,64.9,10.267157002581197
Plant_2,CLUSTER_266,legume_str,14.388000000000002,10.267157002581197
Plant_2,CLUSTER_272,cattle_man,3166.9,36.30873408822555
Plant_2,CLUSTER_272,maize_str,27.6,36.30873408822555
Plant_2,CLUSTER_278,maize_str,274.04,40.10704363382104
Plant_2,CLUSTER_278,rape_str,532.8,40.10704363382104
Plant_2,CLUSTER_278,legume_str,94.28,40.10704363382104
Plant_2,CLUSTER_294,cattle_man,6386.0,12.363011925182924
Plant_2,CLUSTER_294,cattle_slu,28322.1,12.363011925182924
Plant_2,CLUSTER_294,horse_man,1187.9,12.363011925182924
Plant_2,CLUSTER_294,clover_alfalfa_grass,5996.0,12.363011925182924
Plant_2,CLUSTER_294,maize_str,175.3,12.363011925182924
Plant_2,CLUSTER_294,beet_leaf,572.1,12.363011925182924
Plant_2,CLUSTER_294,rape_str,684.0,12.363011925182924
Plant_2,CLUSTER_294,legume_str,168.2,12.363011925182924
Plant_2,CLUSTER_30,cattle_man,5446.59,38.44559064213472
Plant_2,CLUSTER_30,horse_man,478.27,38.44559064213472
Plant_2,CLUSTER_30,rape_str,844.0,38.44559064213472
Plant_2,CLUSTER_303,maize_str,378.0,56.49741304848178
Plant_2,CLUSTER_303,rape_str,914.0,56.49741304848178
Plant_2,CLUSTER_303,legume_str,375.4,56.49741304848178
Plant_2,CLUSTER_314,cattle_man,812.91,25.42250920023082
Plant_2,CLUSTER_314,horse_man,639.0,25.42250920023082
Plant_2,CLUSTER_314,clover_alfalfa_grass,3049.388,25.42250920023082
Plant_2,CLUSTER_314,beet_leaf,161.4,25.42250920023082
Plant_2,CLUSTER_314,rape_str,258.9,25.42250920023082
Plant_2,CLUSTER_314,legume_str,103.5,25.42250920023082
Plant_2,CLUSTER_322,maize_str,206.2,46.33527640225103
Plant_2,CLUSTER_322,rape_str,704.3,46.33527640225103
Plant_2,CLUSTER_322,legume_str,115.8,46.33527640225103
Plant_2,CLUSTER_346,cattle_man,146.3,39.55395767607496
Plant_2,CLUSTER_346,maize_str,86.7,39.55395767607496
Plant_2,CLUSTER_346,rape_str,14.6,39.55395767607496
Plant_2,CLUSTER_349,maize_str,1939.0,65.8961050181428
Plant_2,CLUSTER_35,maize_str,1422.0,59.5739527715361
Plant_2,CLUSTER_351,cattle_man,14750.0,36.14984849881122
Plant_2,CLUSTER_351,maize_str,544.0,36.14984849881122
Plant_2,CLUSTER_351,rape_str,1727.0,36.14984849881122
Plant_2,CLUSTER_351,legume_str,523.0,36.14984849881122
Plant_2,CLUSTER_377,maize_str,329.2,62.07027984538362
Plant_2,CLUSTER_377,rape_str,504.0299999999999,62.07027984538362
Plant_2,CLUSTER_377,legume_str,142.95,62.07027984538362
Plant_2,CLUSTER_381,cattle_man,4175.2,29.36411488830664
Plant_2,CLUSTER_381,clover_alfalfa_grass,3290.03,29.36411488830664
Plant_2,CLUSTER_381,maize_str,43.94,29.36411488830664
Plant_2,CLUSTER_381,rape_str,1369.1,29.36411488830664
Plant_2,CLUSTER_382,maize_str,346.7,44.675506153491455
Plant_2,CLUSTER_382,rape_str,1028.0,44.675506153491455
Plant_2,CLUSTER_382,legume_str,385.1,44.675506153491455
Plant_2,CLUSTER_384,rape_str,817.0,63.27302956462067
Plant_2,CLUSTER_384,legume_str,93.3,63.27302956462067
Plant_2,CLUSTER_390,cattle_man,4736.4,28.061120837150305
Plant_2,CLUSTER_390,clover_alfalfa_grass,863.0,28.061120837150305
Plant_2,CLUSTER_390,maize_str,92.3,28.061120837150305
Plant_2,CLUSTER_390,rape_str,957.4,28.061120837150305
Plant_2,CLUSTER_390,legume_str,91.61,28.061120837150305
Plant_2,CLUSTER_392,rape_str,1560.0,56.62466749668483
Plant_2,CLUSTER_392,legume_str,315.9,56.62466749668483
Plant_2,CLUSTER_394,maize_str,629.0,48.4490673037098
Plant_2,CLUSTER_394,rape_str,3108.0,48.4490673037098
Plant_2,CLUSTER_394,legume_str,403.6,48.4490673037098
Plant_2,CLUSTER_395,maize_str,582.4,40.23065765355614
Plant_2,CLUSTER_40,maize_str,53.400000000000006,55.19214016388478
Plant_2,CLUSTER_40,rape_str,458.3,55.19214016388478
Plant_2,CLUSTER_40,legume_str,180.49,55.19214016388478
Plant_2,CLUSTER_404,cattle_man,4430.0,13.818066068011785
Plant_2,CLUSTER_404,horse_man,1860.0,13.818066068011785
Plant_2,CLUSTER_404,clover_alfalfa_grass,1980.0,13.818066068011785
Plant_2,CLUSTER_404,maize_str,137.9,13.818066068011785
Plant_2,CLUSTER_404,beet_leaf,1040.6,13.818066068011785
Plant_2,CLUSTER_404,rape_str,430.0,13.818066068011785
Plant_2,CLUSTER_404,legume_str,89.80000000000001,13.818066068011785
Plant_2,CLUSTER_41,maize_str,85.41,49.29791934211464
Plant_2,CLUSTER_420,cattle_man,7064.0,34.34366517346991
Plant_2,CLUSTER_420,horse_man,315.77,34.34366517346991
Plant_2,CLUSTER_420,maize_str,18.3,34.34366517346991
Plant_2,CLUSTER_425,maize_str,64.34,51.129392968573626
Plant_2,CLUSTER_433,cattle_man,4450.0297,19.01653033283456
Plant_2,CLUSTER_433,clover_alfalfa_grass,3486.0,19.01653033283456
Plant_2,CLUSTER_433,maize_str,124.49999999999999,19.01653033283456
Plant_2,CLUSTER_433,beet_leaf,503.0,19.01653033283456
Plant_2,CLUSTER_433,rape_str,464.4,19.01653033283456
Plant_2,CLUSTER_433,legume_str,55.8,19.01653033283456
Plant_2,CLUSTER_435,cattle_man,3989.9999999999995,33.854590044794115
Plant_2,CLUSTER_435,maize_str,65.7,33.854590044794115
Plant_2,CLUSTER_435,rape_str,153.1,33.854590044794115
Plant_2,CLUSTER_435,legume_str,63.4,33.854590044794115
Plant_2,CLUSTER_444,maize_str,46.25,69.25329342441327
Plant_2,CLUSTER_451,maize_str,737.0,63.69074720458458
Plant_2,CLUSTER_451,rape_str,3060.0,63.69074720458458
Plant_2,CLUSTER_451,legume_str,293.0,63.69074720458458
Plant_2,CLUSTER_452,maize_str,639.0,64.56038852983025
Plant_2,CLUSTER_452,rape_str,580.0,64.56038852983025
Plant_2,CLUSTER_452,legume_str,173.8,64.56038852983025
Plant_2,CLUSTER_454,cattle_man,5716.1,11.27744827766573
Plant_2,CLUSTER_454,cattle_slu,32900.0,11.27744827766573
Plant_2,CLUSTER_454,horse_man,105.4,11.27744827766573
Plant_2,CLUSTER_454,clover_alfalfa_grass,3280.0,11.27744827766573
Plant_2,CLUSTER_454,maize_str,265.5,11.27744827766573
Plant_2,CLUSTER_454,beet_leaf,1964.0,11.27744827766573
Plant_2,CLUSTER_454,rape_str,1065.8200000000002,11.27744827766573
Plant_2,CLUSTER_454,legume_str,117.9,11.27744827766573
Plant_2,CLUSTER_459,maize_str,71.0,38.55916919640006
Plant_2,CLUSTER_459,rape_str,91.0,38.55916919640006
Plant_2,CLUSTER_459,legume_str,28.68,38.55916919640006
Plant_2,CLUSTER_460,horse_man,392.16,42.84626402695383
Plant_2,CLUSTER_460,maize_str,99.5,42.84626402695383
Plant_2,CLUSTER_460,rape_str,204.4,42.84626402695383
Plant_2,CLUSTER_460,legume_str,101.4,42.84626402695383
Plant_2,CLUSTER_462,cattle_man,3029.0,35.78982595780102
Plant_2,CLUSTER_462,horse_man,386.0,35.78982595780102
Plant_2,CLUSTER_462,maize_str,119.4,35.78982595780102
Plant_2,CLUSTER_462,rape_str,192.1,35.78982595780102
Plant_2,CLUSTER_462,legume_str,58.4,35.78982595780102
Plant_2,CLUSTER_469,maize_str,488.99999999999994,56.02162322002726
Plant_2,CLUSTER_476,cattle_man,2730.0,27.01252459963057
Plant_2,CLUSTER_476,clover_alfalfa_grass,1107.0,27.01252459963057
Plant_2,CLUSTER_476,maize_str,70.1,27.01252459963057
Plant_2,CLUSTER_476,rape_str,21.8,27.01252459963057
Plant_2,CLUSTER_476,legume_str,20.15,27.01252459963057
Plant_2,CLUSTER_481,maize_str,1163.0,62.17357640742805
Plant_2,CLUSTER_486,cattle_man,1158.0,36.57509464895804
Plant_2,CLUSTER_486,horse_man,429.2,36.57509464895804
Plant_2,CLUSTER_486,maize_str,23.9,36.57509464895804
Plant_2,CLUSTER_486,rape_str,303.0,36.57509464895804
Plant_2,CLUSTER_486,legume_str,57.1,36.57509464895804
Plant_2,CLUSTER_490,cattle_man,3600.0,3.7499551976240286
Plant_2,CLUSTER_490,cattle_slu,21550.0,3.7499551976240286
Plant_2,CLUSTER_490,horse_man,745.2,3.7499551976240286
Plant_2,CLUSTER_490,clover_alfalfa_grass,3660.0,3.7499551976240286
Plant_2,CLUSTER_490,maize_str,80.1,3.7499551976240286
Plant_2,CLUSTER_490,beet_leaf,87.2,3.7499551976240286
Plant_2,CLUSTER_490,rape_str,340.0,3.7499551976240286
Plant_2,CLUSTER_490,legume_str,80.4,3.7499551976240286
Plant_2,CLUSTER_496,maize_str,1429.0,69.10286109136555
Plant_2,CLUSTER_510,maize_str,22.419,45.35559086661505
Plant_2,CLUSTER_510,rape_str,86.1,45.35559086661505
Plant_2,CLUSTER_524,maize_str,134.6,44.10296281079437
Plant_2,CLUSTER_532,cattle_man,3510.0508,24.550109876747896
Plant_2,CLUSTER_532,horse_man,177.7,24.550109876747896
Plant_2,CLUSTER_532,clover_alfalfa_grass,2412.0,24.550109876747896
Plant_2,CLUSTER_532,maize_str,67.89999999999999,24.550109876747896
Plant_2,CLUSTER_532,beet_leaf,612.0,24.550109876747896
Plant_2,CLUSTER_532,rape_str,590.2,24.550109876747896
Plant_2,CLUSTER_532,legume_str,85.86,24.550109876747896
Plant_2,CLUSTER_536,rape_str,222.0,61.16821609755298
Plant_2,CLUSTER_536,legume_str,88.69999999999999,61.16821609755298
Plant_2,CLUSTER_55,maize_str,329.6,43.08144582818227
Plant_2,CLUSTER_55,rape_str,291.6,43.08144582818227
Plant_2,CLUSTER_55,legume_str,299.8,43.08144582818227
Plant_2,CLUSTER_6,maize_str,359.49,50.20481106553893
Plant_2,CLUSTER_6,rape_str,644.6,50.20481106553893
Plant_2,CLUSTER_6,legume_str,401.8,50.20481106553893
Plant_2,CLUSTER_66,cattle_man,2641.0375,29.81969411048829
Plant_2,CLUSTER_66,clover_alfalfa_grass,1226.34,29.81969411048829
Plant_2,CLUSTER_66,rape_str,449.2,29.81969411048829
Plant_2,CLUSTER_66,legume_str,66.985,29.81969411048829
Plant_2,CLUSTER_72,maize_str,914.0,48.52016648011264
Plant_2,CLUSTER_72,rape_str,3098.0,48.52016648011264
Plant_2,CLUSTER_72,legume_str,700.5,48.52016648011264
Plant_2,CLUSTER_76,cattle_man,2539.0,17.817096525391747
Plant_2,CLUSTER_76,clover_alfalfa_grass,1123.0,17.817096525391747
Plant_2,CLUSTER_76,maize_str,96.25,17.817096525391747
Plant_2,CLUSTER_76,beet_leaf,13.0,17.817096525391747
Plant_2,CLUSTER_76,rape_str,35.114,17.817096525391747
Plant_2,CLUSTER_76,legume_str,109.68,17.817096525391747
Plant_2,CLUSTER_77,maize_str,102.6,61.9220716838643
Plant_2,CLUSTER_77,rape_str,1929.0,61.9220716838643
Plant_2,CLUSTER_77,legume_str,300.0,61.9220716838643
Plant_2,CLUSTER_78,cattle_man,7012.0,17.07838840844826
Plant_2,CLUSTER_78,clover_alfalfa_grass,2140.0,17.07838840844826
Plant_2,CLUSTER_78,maize_str,136.0,17.07838840844826
Plant_2,CLUSTER_78,beet_leaf,818.5,17.07838840844826
Plant_2,CLUSTER_78,rape_str,178.1,17.07838840844826
Plant_2,CLUSTER_78,legume_str,40.33,17.07838840844826
Plant_2,CLUSTER_82,maize_str,505.26,46.89802086532436
Plant_2,CLUSTER_82,rape_str,680.1,46.89802086532436
Plant_2,CLUSTER_82,legume_str,122.92,46.89802086532436
Plant_2,CLUSTER_88,cattle_man,1437.0,36.53378721049075
Plant_2,CLUSTER_88,maize_str,94.46,36.53378721049075
Plant_2,CLUSTER_96,cattle_man,3690.0,23.002556427030655
Plant_2,CLUSTER_96,clover_alfalfa_grass,3770.0,23.002556427030655
Plant_2,CLUSTER_96,maize_str,261.74,23.002556427030655
Plant_2,CLUSTER_96,beet_leaf,1891.91,23.002556427030655
Plant_2,CLUSTER_96,rape_str,553.6,23.002556427030655
Plant_2,CLUSTER_96,legume_str,216.1,23.002556427030655
