SupplyNode,PlantLocation,Feedstock,FlowTons,Distance_km
CLUSTER_108,A,maize_str,350.0,43.48267892515856
CLUSTER_108,A,rape_str,1296.1,43.48267892515856
CLUSTER_108,A,legume_str,386.8,43.48267892515856
CLUSTER_134,A,cattle_man,8431.4,29.285180508295625
CLUSTER_134,A,horse_man,721.52,29.285180508295625
CLUSTER_134,A,pig_man,1021.56,29.285180508295625
CLUSTER_134,A,maize_str,712.3,29.285180508295625
CLUSTER_134,A,rape_str,1039.3,29.285180508295625
CLUSTER_134,A,legume_str,277.13,29.285180508295625
CLUSTER_139,A,horse_man,980.3,43.96898028522914
CLUSTER_139,A,rape_str,1083.5,43.96898028522914
CLUSTER_139,A,legume_str,570.9,43.96898028522914
CLUSTER_148,A,cattle_man,4501.0,19.63048404359735
CLUSTER_148,A,horse_man,500.77,19.63048404359735
CLUSTER_148,A,maize_str,21.2,19.63048404359735
CLUSTER_148,A,beet_leaf,524.5,19.63048404359735
CLUSTER_148,A,rape_str,856.0,19.63048404359735
CLUSTER_148,A,legume_str,71.2,19.63048404359735
CLUSTER_153,A,cattle_man,5103.062,23.775410828272832
CLUSTER_153,A,horse_man,1262.5,23.775410828272832
CLUSTER_153,A,maize_str,346.3,23.775410828272832
CLUSTER_153,A,rape_str,2865.0,23.775410828272832
CLUSTER_153,A,legume_str,465.2,23.775410828272832
CLUSTER_154,A,cattle_man,5634.1,23.65698531937003
CLUSTER_154,A,horse_man,347.6,23.65698531937003
CLUSTER_154,A,pig_man,309.885,23.65698531937003
CLUSTER_154,A,maize_str,84.14,23.65698531937003
CLUSTER_154,A,rape_str,1500.8,23.65698531937003
CLUSTER_154,A,legume_str,348.1,23.65698531937003
CLUSTER_16,A,cattle_man,11750.6,29.66074293948328
CLUSTER_16,A,horse_man,1532.4,29.66074293948328
CLUSTER_16,A,pig_man,563.7029,29.66074293948328
CLUSTER_16,A,maize_str,361.46,29.66074293948328
CLUSTER_16,A,rape_str,1459.3,29.66074293948328
CLUSTER_16,A,legume_str,320.2,29.66074293948328
CLUSTER_160,A,maize_str,250.69999999999996,34.978176494634184
CLUSTER_160,A,rape_str,1197.5,34.978176494634184
CLUSTER_160,A,legume_str,109.73,34.978176494634184
CLUSTER_161,A,legume_str,357.73,49.97448363015407
CLUSTER_181,A,cattle_man,10934.199,22.478007255401888
CLUSTER_181,A,horse_man,824.1,22.478007255401888
CLUSTER_181,A,maize_str,737.8,22.478007255401888
CLUSTER_181,A,beet_leaf,31733.43541822815,22.478007255401888
CLUSTER_181,A,rape_str,425.5,22.478007255401888
CLUSTER_181,A,legume_str,393.5,22.478007255401888
CLUSTER_194,A,cattle_man,4180.5,27.248081530647028
CLUSTER_194,A,horse_man,974.4,27.248081530647028
CLUSTER_194,A,maize_str,238.4,27.248081530647028
CLUSTER_194,A,rape_str,1397.0,27.248081530647028
CLUSTER_194,A,legume_str,213.55,27.248081530647028
CLUSTER_217,A,rape_str,2680.0,49.45344633652268
CLUSTER_217,A,legume_str,337.9,49.45344633652268
CLUSTER_222,A,maize_str,154.36,40.27842078810764
CLUSTER_222,A,rape_str,844.8,40.27842078810764
CLUSTER_222,A,legume_str,145.8,40.27842078810764
CLUSTER_236,A,horse_man,1045.5,45.2572792012248
CLUSTER_236,A,maize_str,46.4,45.2572792012248
CLUSTER_236,A,rape_str,1247.0,45.2572792012248
CLUSTER_236,A,legume_str,601.1,45.2572792012248
CLUSTER_24,A,cattle_man,15326.0,24.173224370921357
CLUSTER_24,A,horse_man,1586.5,24.173224370921357
CLUSTER_24,A,pig_man,438.94,24.173224370921357
CLUSTER_24,A,maize_str,610.37,24.173224370921357
CLUSTER_24,A,rape_str,4848.0,24.173224370921357
CLUSTER_24,A,legume_str,769.8,24.173224370921357
CLUSTER_242,A,maize_str,82.1,35.42453731350449
CLUSTER_242,A,rape_str,1229.6,35.42453731350449
CLUSTER_242,A,legume_str,233.5,35.42453731350449
CLUSTER_246,A,horse_man,1160.4,39.48364628706461
CLUSTER_246,A,pig_man,400.322,39.48364628706461
CLUSTER_246,A,maize_str,156.3,39.48364628706461
CLUSTER_246,A,rape_str,1181.0,39.48364628706461
CLUSTER_246,A,legume_str,345.0,39.48364628706461
CLUSTER_247,A,horse_man,632.0,37.99840991181951
CLUSTER_247,A,pig_man,228.0,37.99840991181951
CLUSTER_247,A,maize_str,161.1,37.99840991181951
CLUSTER_247,A,rape_str,3410.0,37.99840991181951
CLUSTER_247,A,legume_str,474.1,37.99840991181951
CLUSTER_251,A,horse_man,239.3,51.7526175136418
CLUSTER_251,A,rape_str,2183.0,51.7526175136418
CLUSTER_251,A,legume_str,633.1999999999999,51.7526175136418
CLUSTER_265,A,legume_str,130.86,54.44119965832381
CLUSTER_272,A,maize_str,27.6,45.38266896788542
CLUSTER_275,A,horse_man,564.0,52.57682769192501
CLUSTER_275,A,rape_str,2420.0,52.57682769192501
CLUSTER_275,A,legume_str,322.6,52.57682769192501
CLUSTER_277,A,horse_man,872.3,52.36183155727053
CLUSTER_277,A,legume_str,748.8,52.36183155727053
CLUSTER_283,A,cattle_man,4490.4,21.03579743314312
CLUSTER_283,A,horse_man,349.112,21.03579743314312
CLUSTER_283,A,pig_man,1637.37,21.03579743314312
CLUSTER_283,A,maize_str,483.1,21.03579743314312
CLUSTER_283,A,beet_leaf,20320.0,21.03579743314312
CLUSTER_283,A,rape_str,1599.65,21.03579743314312
CLUSTER_283,A,legume_str,287.6,21.03579743314312
CLUSTER_289,A,cattle_man,2928.51287,13.190976422867877
CLUSTER_289,A,horse_man,747.4,13.190976422867877
CLUSTER_289,A,clover_alfalfa_grass,5552.0,13.190976422867877
CLUSTER_289,A,maize_str,455.8,13.190976422867877
CLUSTER_289,A,beet_leaf,1875.9,13.190976422867877
CLUSTER_289,A,rape_str,1516.0,13.190976422867877
CLUSTER_289,A,legume_str,485.4,13.190976422867877
CLUSTER_293,A,horse_man,504.0,42.20484098981909
CLUSTER_293,A,maize_str,181.2,42.20484098981909
CLUSTER_293,A,rape_str,1991.0000000000002,42.20484098981909
CLUSTER_293,A,legume_str,195.85,42.20484098981909
CLUSTER_298,A,cattle_man,6560.0,16.10586470800943
CLUSTER_298,A,horse_man,591.0,16.10586470800943
CLUSTER_298,A,clover_alfalfa_grass,1282.8,16.10586470800943
CLUSTER_298,A,maize_str,131.71,16.10586470800943
CLUSTER_298,A,beet_leaf,290.0,16.10586470800943
CLUSTER_298,A,rape_str,1018.0,16.10586470800943
CLUSTER_298,A,legume_str,191.9,16.10586470800943
CLUSTER_30,A,cattle_man,5446.59,30.78498767527438
CLUSTER_30,A,maize_str,530.4,30.78498767527438
CLUSTER_30,A,rape_str,844.0,30.78498767527438
CLUSTER_30,A,legume_str,592.4,30.78498767527438
CLUSTER_317,A,horse_man,217.4,51.4919144608568
CLUSTER_317,A,rape_str,692.0,51.4919144608568
CLUSTER_317,A,legume_str,236.2,51.4919144608568
CLUSTER_320,A,cattle_man,1036.0,31.38692821753403
CLUSTER_320,A,horse_man,151.8,31.38692821753403
CLUSTER_320,A,pig_man,16.0,31.38692821753403
CLUSTER_320,A,maize_str,24.130000000000003,31.38692821753403
CLUSTER_320,A,rape_str,1162.3,31.38692821753403
CLUSTER_320,A,legume_str,113.12,31.38692821753403
CLUSTER_326,A,horse_man,1285.4,53.49439940912529
CLUSTER_326,A,rape_str,2611.0,53.49439940912529
CLUSTER_326,A,legume_str,268.6,53.49439940912529
CLUSTER_328,A,horse_man,333.38,41.954795854715805
CLUSTER_328,A,pig_man,824.57,41.954795854715805
CLUSTER_328,A,maize_str,276.0,41.954795854715805
CLUSTER_328,A,rape_str,1819.0,41.954795854715805
CLUSTER_328,A,legume_str,524.0,41.954795854715805
CLUSTER_332,A,horse_man,404.6,43.66312688432549
CLUSTER_332,A,pig_man,132.8458,43.66312688432549
CLUSTER_332,A,maize_str,50.4,43.66312688432549
CLUSTER_332,A,rape_str,1546.9,43.66312688432549
CLUSTER_332,A,legume_str,553.2,43.66312688432549
CLUSTER_336,A,cattle_man,9570.0,26.846548775390115
CLUSTER_336,A,horse_man,579.9,26.846548775390115
CLUSTER_336,A,pig_man,552.236,26.846548775390115
CLUSTER_336,A,maize_str,516.74,26.846548775390115
CLUSTER_336,A,rape_str,912.3,26.846548775390115
CLUSTER_336,A,legume_str,270.07,26.846548775390115
CLUSTER_347,A,maize_str,40.67,45.10993267668314
CLUSTER_347,A,rape_str,703.0,45.10993267668314
CLUSTER_347,A,legume_str,72.69999999999999,45.10993267668314
CLUSTER_348,A,cattle_man,2194.0,8.850622611252732
CLUSTER_348,A,cattle_slu,13760.0,8.850622611252732
CLUSTER_348,A,horse_man,429.0,8.850622611252732
CLUSTER_348,A,clover_alfalfa_grass,4570.0,8.850622611252732
CLUSTER_348,A,maize_str,65.0,8.850622611252732
CLUSTER_348,A,beet_leaf,527.7,8.850622611252732
CLUSTER_348,A,rape_str,718.0,8.850622611252732
CLUSTER_348,A,legume_str,156.9,8.850622611252732
CLUSTER_361,A,horse_man,200.3,34.03336738323211
CLUSTER_361,A,maize_str,579.6,34.03336738323211
CLUSTER_361,A,rape_str,169.4,34.03336738323211
CLUSTER_361,A,legume_str,175.4,34.03336738323211
CLUSTER_38,A,cattle_man,6536.0,11.29695221802024
CLUSTER_38,A,horse_man,253.79999999999998,11.29695221802024
CLUSTER_38,A,pig_man,315.61,11.29695221802024
CLUSTER_38,A,clover_alfalfa_grass,2646.0,11.29695221802024
CLUSTER_38,A,maize_str,30.0,11.29695221802024
CLUSTER_38,A,beet_leaf,1765.0,11.29695221802024
CLUSTER_38,A,rape_str,891.0,11.29695221802024
CLUSTER_38,A,legume_str,159.5,11.29695221802024
CLUSTER_381,A,maize_str,43.94,40.85392753386208
CLUSTER_381,A,rape_str,1369.1,40.85392753386208
CLUSTER_381,A,legume_str,127.29,40.85392753386208
CLUSTER_389,A,cattle_man,790.9,16.712998291310722
CLUSTER_389,A,horse_man,483.0,16.712998291310722
CLUSTER_389,A,pig_man,58.461,16.712998291310722
CLUSTER_389,A,clover_alfalfa_grass,3283.6,16.712998291310722
CLUSTER_389,A,maize_str,132.9,16.712998291310722
CLUSTER_389,A,beet_leaf,8760.0,16.712998291310722
CLUSTER_389,A,rape_str,826.81,16.712998291310722
CLUSTER_389,A,legume_str,294.0,16.712998291310722
CLUSTER_395,A,cattle_man,1724.5,24.41494952605315
CLUSTER_395,A,maize_str,582.4,24.41494952605315
CLUSTER_395,A,rape_str,1105.0,24.41494952605315
CLUSTER_395,A,legume_str,73.81,24.41494952605315
CLUSTER_4,A,cattle_man,20439.0,4.5550621286427
CLUSTER_4,A,cattle_slu,14925.2,4.5550621286427
CLUSTER_4,A,horse_man,2532.2,4.5550621286427
CLUSTER_4,A,pig_man,730.49,4.5550621286427
CLUSTER_4,A,clover_alfalfa_grass,7467.0,4.5550621286427
CLUSTER_4,A,maize_str,287.90000000000003,4.5550621286427
CLUSTER_4,A,beet_leaf,8998.6,4.5550621286427
CLUSTER_4,A,rape_str,2234.4,4.5550621286427
CLUSTER_4,A,legume_str,531.23,4.5550621286427
CLUSTER_405,A,cattle_man,3574.0,19.313299462646345
CLUSTER_405,A,horse_man,311.8,19.313299462646345
CLUSTER_405,A,maize_str,43.2,19.313299462646345
CLUSTER_405,A,beet_leaf,2313.0,19.313299462646345
CLUSTER_405,A,rape_str,758.7,19.313299462646345
CLUSTER_405,A,legume_str,321.95,19.313299462646345
CLUSTER_41,A,maize_str,85.41,42.66545413610795
CLUSTER_41,A,rape_str,100.22,42.66545413610795
CLUSTER_41,A,legume_str,35.1,42.66545413610795
CLUSTER_410,A,horse_man,46.13174045861081,53.91201300130248
CLUSTER_410,A,legume_str,361.8,53.91201300130248
CLUSTER_417,A,cattle_man,11640.0,15.559861013114594
CLUSTER_417,A,horse_man,430.8,15.559861013114594
CLUSTER_417,A,pig_man,197.25,15.559861013114594
CLUSTER_417,A,clover_alfalfa_grass,2459.0,15.559861013114594
CLUSTER_417,A,maize_str,88.36,15.559861013114594
CLUSTER_417,A,beet_leaf,12800.0,15.559861013114594
CLUSTER_417,A,rape_str,677.4,15.559861013114594
CLUSTER_417,A,legume_str,179.52,15.559861013114594
CLUSTER_418,A,horse_man,144.9,32.39678056081243
CLUSTER_418,A,maize_str,247.58,32.39678056081243
CLUSTER_418,A,rape_str,1244.0,32.39678056081243
CLUSTER_418,A,legume_str,130.8,32.39678056081243
CLUSTER_420,A,cattle_man,7064.0,25.277868800909875
CLUSTER_420,A,maize_str,18.3,25.277868800909875
CLUSTER_420,A,rape_str,472.0,25.277868800909875
CLUSTER_420,A,legume_str,308.5,25.277868800909875
CLUSTER_421,A,maize_str,277.1,31.484309858386823
CLUSTER_421,A,rape_str,740.8,31.484309858386823
CLUSTER_421,A,legume_str,191.0,31.484309858386823
CLUSTER_444,A,legume_str,165.45999999999998,56.03879946148008
CLUSTER_445,A,horse_man,58.691,38.935274469923655
CLUSTER_445,A,maize_str,620.6,38.935274469923655
CLUSTER_445,A,rape_str,1059.0,38.935274469923655
CLUSTER_445,A,legume_str,171.5,38.935274469923655
CLUSTER_455,A,horse_man,810.1,44.28843241430169
CLUSTER_455,A,maize_str,263.67,44.28843241430169
CLUSTER_455,A,rape_str,1213.0,44.28843241430169
CLUSTER_455,A,legume_str,362.4,44.28843241430169
CLUSTER_46,A,cattle_man,1697.0,27.1164267111533
CLUSTER_46,A,horse_man,2237.0,27.1164267111533
CLUSTER_46,A,maize_str,216.072,27.1164267111533
CLUSTER_46,A,rape_str,1841.4,27.1164267111533
CLUSTER_46,A,legume_str,245.43999999999997,27.1164267111533
CLUSTER_465,A,legume_str,750.0,54.30975742922752
CLUSTER_468,A,maize_str,120.0,33.23859084313573
CLUSTER_468,A,rape_str,574.4,33.23859084313573
CLUSTER_468,A,legume_str,142.73,33.23859084313573
CLUSTER_483,A,cattle_man,336.767947309774,31.597137957998324
CLUSTER_483,A,horse_man,289.75,31.597137957998324
CLUSTER_483,A,maize_str,387.2,31.597137957998324
CLUSTER_483,A,rape_str,440.9,31.597137957998324
CLUSTER_483,A,legume_str,415.5,31.597137957998324
CLUSTER_486,A,maize_str,23.9,43.74454786421076
CLUSTER_486,A,legume_str,57.1,43.74454786421076
CLUSTER_487,A,horse_man,431.5,33.08113530725777
CLUSTER_487,A,pig_man,299.25,33.08113530725777
CLUSTER_487,A,maize_str,637.4,33.08113530725777
CLUSTER_487,A,rape_str,1529.0,33.08113530725777
CLUSTER_487,A,legume_str,702.12,33.08113530725777
CLUSTER_49,A,horse_man,1710.1,42.46130522845837
CLUSTER_49,A,maize_str,516.3,42.46130522845837
CLUSTER_49,A,rape_str,2778.0,42.46130522845837
CLUSTER_49,A,legume_str,470.832,42.46130522845837
CLUSTER_491,A,horse_man,277.6,47.365932813731405
CLUSTER_491,A,rape_str,1665.0,47.365932813731405
CLUSTER_491,A,legume_str,275.7,47.365932813731405
CLUSTER_494,A,horse_man,104.9,42.70887307778592
CLUSTER_494,A,maize_str,343.7,42.70887307778592
CLUSTER_494,A,rape_str,500.2,42.70887307778592
CLUSTER_494,A,legume_str,89.8,42.70887307778592
CLUSTER_506,A,horse_man,529.0,34.16521766898127
CLUSTER_506,A,maize_str,146.4,34.16521766898127
CLUSTER_506,A,rape_str,1143.0,34.16521766898127
CLUSTER_506,A,legume_str,340.0,34.16521766898127
CLUSTER_517,A,horse_man,372.7,34.5132974553721
CLUSTER_517,A,maize_str,38.76,34.5132974553721
CLUSTER_517,A,rape_str,729.3,34.5132974553721
CLUSTER_517,A,legume_str,119.6,34.5132974553721
CLUSTER_524,A,rape_str,55.9,46.6967130316412
CLUSTER_524,A,legume_str,84.033,46.6967130316412
CLUSTER_525,A,horse_man,29.06,51.15447831847524
CLUSTER_525,A,rape_str,758.0,51.15447831847524
CLUSTER_525,A,legume_str,32.37,51.15447831847524
CLUSTER_532,A,maize_str,67.89999999999999,38.37566797906903
CLUSTER_532,A,rape_str,590.2,38.37566797906903
CLUSTER_532,A,legume_str,85.86,38.37566797906903
CLUSTER_75,A,cattle_man,15511.3,12.512165222766852
CLUSTER_75,A,horse_man,1454.5,12.512165222766852
CLUSTER_75,A,pig_man,1113.72,12.512165222766852
CLUSTER_75,A,clover_alfalfa_grass,4346.0,12.512165222766852
CLUSTER_75,A,maize_str,550.06,12.512165222766852
CLUSTER_75,A,beet_leaf,6044.0,12.512165222766852
CLUSTER_75,A,rape_str,1046.1,12.512165222766852
CLUSTER_75,A,legume_str,172.5,12.512165222766852
CLUSTER_87,A,horse_man,362.10543,38.31688014190752
CLUSTER_87,A,maize_str,676.6,38.31688014190752
CLUSTER_87,A,rape_str,922.9,38.31688014190752
CLUSTER_87,A,legume_str,729.0,38.31688014190752
CLUSTER_88,A,maize_str,94.46,33.9713868060302
CLUSTER_88,A,rape_str,1116.4,33.9713868060302
CLUSTER_88,A,legume_str,227.87,33.9713868060302
CLUSTER_97,A,horse_man,1266.8,40.619549683011215
CLUSTER_97,A,pig_man,302.6467,40.619549683011215
CLUSTER_97,A,maize_str,150.8,40.619549683011215
CLUSTER_97,A,rape_str,3629.0,40.619549683011215
CLUSTER_97,A,legume_str,684.7,40.619549683011215
CLUSTER_100,B,cattle_man,9536.0,54.70203911905681
CLUSTER_100,B,horse_man,3925.5,54.70203911905681
CLUSTER_100,B,pig_man,69.61,54.70203911905681
CLUSTER_107,B,pig_man,993.2,65.54686172214241
CLUSTER_116,B,cattle_man,856.0,23.17587762669925
CLUSTER_116,B,cattle_slu,3950.0000000000005,23.17587762669925
CLUSTER_116,B,horse_man,1252.0,23.17587762669925
CLUSTER_116,B,pig_man,144.5,23.17587762669925
CLUSTER_116,B,rape_str,1331.7,23.17587762669925
CLUSTER_116,B,legume_str,256.53,23.17587762669925
CLUSTER_125,B,cattle_man,17940.0,19.288193112906463
CLUSTER_125,B,cattle_slu,76270.0,19.288193112906463
CLUSTER_125,B,horse_man,653.0,19.288193112906463
CLUSTER_125,B,pig_man,536.0,19.288193112906463
CLUSTER_125,B,rape_str,3920.0,19.288193112906463
CLUSTER_125,B,legume_str,441.0,19.288193112906463
CLUSTER_126,B,cattle_man,6163.0,37.47383995705478
CLUSTER_126,B,horse_man,1435.2,37.47383995705478
CLUSTER_126,B,pig_man,2894.0,37.47383995705478
CLUSTER_126,B,legume_str,544.6,37.47383995705478
CLUSTER_131,B,cattle_man,9440.0,47.873373617434446
CLUSTER_131,B,horse_man,1232.0,47.873373617434446
CLUSTER_131,B,pig_man,1497.8,47.873373617434446
CLUSTER_138,B,pig_man,1203.8,70.8078826912917
CLUSTER_144,B,horse_man,1888.0,50.14878535077643
CLUSTER_144,B,pig_man,1094.5,50.14878535077643
CLUSTER_145,B,cattle_man,10356.0,50.34345564613436
CLUSTER_145,B,horse_man,1174.0,50.34345564613436
CLUSTER_145,B,pig_man,104.2,50.34345564613436
CLUSTER_152,B,horse_man,2493.3,67.17859138858245
CLUSTER_152,B,pig_man,174.14849999999998,67.17859138858245
CLUSTER_162,B,cattle_man,4108.423,28.868066030065204
CLUSTER_162,B,horse_man,3375.9,28.868066030065204
CLUSTER_162,B,pig_man,126.94,28.868066030065204
CLUSTER_162,B,rape_str,2424.0,28.868066030065204
CLUSTER_162,B,legume_str,744.7,28.868066030065204
CLUSTER_165,B,horse_man,1926.7,56.818643460415885
CLUSTER_165,B,pig_man,1019.9,56.818643460415885
CLUSTER_175,B,cattle_man,2182.272,34.605815407247995
CLUSTER_175,B,horse_man,1207.3,34.605815407247995
CLUSTER_175,B,pig_man,35.4,34.605815407247995
CLUSTER_175,B,rape_str,1513.0,34.605815407247995
CLUSTER_175,B,legume_str,508.2,34.605815407247995
CLUSTER_176,B,pig_man,232.96,64.30046378590751
CLUSTER_180,B,cattle_man,2402.6,29.72065235025936
CLUSTER_180,B,horse_man,1481.0,29.72065235025936
CLUSTER_180,B,pig_man,6160.0,29.72065235025936
CLUSTER_180,B,rape_str,2510.0,29.72065235025936
CLUSTER_180,B,legume_str,350.0,29.72065235025936
CLUSTER_182,B,pig_man,1527.0,63.2874947460737
CLUSTER_184,B,pig_man,1364.0,45.515127817037694
CLUSTER_186,B,cattle_man,2851.0,19.133994274630567
CLUSTER_186,B,cattle_slu,11870.0,19.133994274630567
CLUSTER_186,B,horse_man,2019.1,19.133994274630567
CLUSTER_186,B,pig_man,471.4,19.133994274630567
CLUSTER_186,B,rape_str,2267.0,19.133994274630567
CLUSTER_186,B,legume_str,321.6,19.133994274630567
CLUSTER_20,B,pig_man,3376.0,58.31459847591981
CLUSTER_212,B,cattle_man,5215.0,10.204069811013332
CLUSTER_212,B,cattle_slu,20238.0,10.204069811013332
CLUSTER_212,B,horse_man,525.0,10.204069811013332
CLUSTER_212,B,pig_man,132.0,10.204069811013332
CLUSTER_212,B,maize_str,2516.0,10.204069811013332
CLUSTER_212,B,beet_leaf,11460.0,10.204069811013332
CLUSTER_212,B,rape_str,2994.0,10.204069811013332
CLUSTER_212,B,legume_str,423.4,10.204069811013332
CLUSTER_229,B,horse_man,466.3,67.44964235285474
CLUSTER_229,B,pig_man,38.028209,67.44964235285474
CLUSTER_239,B,cattle_man,3789.0,40.74383330410547
CLUSTER_239,B,horse_man,2882.5,40.74383330410547
CLUSTER_239,B,pig_man,931.74,40.74383330410547
CLUSTER_240,B,cattle_man,402.04,36.86859057205646
CLUSTER_240,B,horse_man,172.5,36.86859057205646
CLUSTER_240,B,pig_man,24.931,36.86859057205646
CLUSTER_256,B,pig_man,14.8359,89.40560462850186
CLUSTER_257,B,cattle_man,512.5,25.36740913099128
CLUSTER_257,B,horse_man,1598.0,25.36740913099128
CLUSTER_257,B,pig_man,1704.41,25.36740913099128
CLUSTER_257,B,rape_str,1210.4,25.36740913099128
CLUSTER_257,B,legume_str,280.6,25.36740913099128
CLUSTER_263,B,pig_man,198.21,60.02118314770405
CLUSTER_267,B,cattle_man,6170.0,26.72496634577855
CLUSTER_267,B,horse_man,951.0,26.72496634577855
CLUSTER_267,B,pig_man,778.8,26.72496634577855
CLUSTER_267,B,rape_str,1938.0,26.72496634577855
CLUSTER_267,B,legume_str,523.5,26.72496634577855
CLUSTER_288,B,horse_man,1884.0,61.1234312534357
CLUSTER_288,B,pig_man,786.0,61.1234312534357
CLUSTER_290,B,cattle_man,4269.0,25.34343405924305
CLUSTER_290,B,horse_man,887.0,25.34343405924305
CLUSTER_290,B,pig_man,122.18799999999999,25.34343405924305
CLUSTER_290,B,rape_str,1121.03,25.34343405924305
CLUSTER_290,B,legume_str,233.8,25.34343405924305
CLUSTER_295,B,cattle_man,1036.53,41.36371342539419
CLUSTER_295,B,horse_man,46.7,41.36371342539419
CLUSTER_300,B,pig_man,581.8449999999999,74.94611009586572
CLUSTER_306,B,cattle_man,13760.0,37.99602477473921
CLUSTER_306,B,horse_man,2610.0,37.99602477473921
CLUSTER_306,B,pig_man,479.4,37.99602477473921
CLUSTER_31,B,horse_man,3786.0,44.442568776476826
CLUSTER_31,B,pig_man,390.4,44.442568776476826
CLUSTER_321,B,cattle_man,2184.0,27.76364799256888
CLUSTER_321,B,horse_man,1668.0,27.76364799256888
CLUSTER_321,B,pig_man,53.32708,27.76364799256888
CLUSTER_321,B,rape_str,1402.4084127716123,27.76364799256888
CLUSTER_321,B,legume_str,474.1,27.76364799256888
CLUSTER_324,B,pig_man,258.47,74.6723321167627
CLUSTER_338,B,pig_man,496.0,54.10790414286635
CLUSTER_339,B,horse_man,2136.8,67.25529745186707
CLUSTER_339,B,pig_man,586.97,67.25529745186707
CLUSTER_34,B,cattle_man,4823.3,33.23818120866924
CLUSTER_34,B,horse_man,3660.3,33.23818120866924
CLUSTER_34,B,pig_man,547.047,33.23818120866924
CLUSTER_340,B,cattle_man,979.0,18.8035536179914
CLUSTER_340,B,cattle_slu,3330.0,18.8035536179914
CLUSTER_340,B,horse_man,1279.0,18.8035536179914
CLUSTER_340,B,pig_man,150.7,18.8035536179914
CLUSTER_340,B,rape_str,944.0,18.8035536179914
CLUSTER_340,B,legume_str,294.533,18.8035536179914
CLUSTER_342,B,pig_man,109.9,86.45559978085186
CLUSTER_344,B,cattle_man,9980.0,46.89362290642024
CLUSTER_344,B,horse_man,1961.0,46.89362290642024
CLUSTER_344,B,pig_man,347.5,46.89362290642024
CLUSTER_345,B,horse_man,3059.0,58.92078611709133
CLUSTER_345,B,pig_man,131.752025,58.92078611709133
CLUSTER_349,B,cattle_man,4717.0,40.50402099569481
CLUSTER_349,B,horse_man,668.0,40.50402099569481
CLUSTER_349,B,pig_man,105.746,40.50402099569481
CLUSTER_35,B,cattle_man,3291.0,27.9589708751052
CLUSTER_35,B,horse_man,655.3,27.9589708751052
CLUSTER_35,B,pig_man,754.8290000000001,27.9589708751052
CLUSTER_35,B,rape_str,3218.0,27.9589708751052
CLUSTER_35,B,legume_str,631.6,27.9589708751052
CLUSTER_353,B,horse_man,840.0,56.41241877065
CLUSTER_353,B,pig_man,473.0,56.41241877065
CLUSTER_371,B,cattle_man,13910.0,51.74415649026484
CLUSTER_371,B,horse_man,1280.1,51.74415649026484
CLUSTER_371,B,pig_man,228.32,51.74415649026484
CLUSTER_372,B,pig_man,127.52,57.46277017313916
CLUSTER_373,B,cattle_man,930.61,18.352009074920005
CLUSTER_373,B,cattle_slu,4350.8,18.352009074920005
CLUSTER_373,B,horse_man,1879.8,18.352009074920005
CLUSTER_373,B,maize_str,870.8,18.352009074920005
CLUSTER_373,B,beet_leaf,13286.0,18.352009074920005
CLUSTER_373,B,rape_str,814.9,18.352009074920005
CLUSTER_373,B,legume_str,370.5,18.352009074920005
CLUSTER_385,B,pig_man,407.79,58.063280405516245
CLUSTER_397,B,cattle_man,5686.0,36.367905659595216
CLUSTER_397,B,horse_man,797.2,36.367905659595216
CLUSTER_397,B,pig_man,80.291,36.367905659595216
CLUSTER_399,B,cattle_man,1238.6,12.084130295742815
CLUSTER_399,B,cattle_slu,6217.0,12.084130295742815
CLUSTER_399,B,horse_man,218.1,12.084130295742815
CLUSTER_399,B,pig_man,646.33,12.084130295742815
CLUSTER_399,B,maize_str,1120.2,12.084130295742815
CLUSTER_399,B,beet_leaf,2780.0,12.084130295742815
CLUSTER_399,B,rape_str,723.2,12.084130295742815
CLUSTER_399,B,legume_str,297.37,12.084130295742815
CLUSTER_403,B,pig_man,782.0,67.69001001787714
CLUSTER_408,B,cattle_man,7585.8,44.16568335501823
CLUSTER_408,B,horse_man,3122.0,44.16568335501823
CLUSTER_408,B,pig_man,511.6000000000001,44.16568335501823
CLUSTER_423,B,horse_man,1678.0106,61.21877244982773
CLUSTER_423,B,pig_man,669.519,61.21877244982773
CLUSTER_427,B,pig_man,799.2,75.01780388728353
CLUSTER_43,B,horse_man,1609.1999999999998,70.26789653650208
CLUSTER_43,B,pig_man,36.5,70.26789653650208
CLUSTER_431,B,cattle_man,3900.2,35.84217732598311
CLUSTER_431,B,horse_man,1912.0,35.84217732598311
CLUSTER_431,B,pig_man,238.34,35.84217732598311
CLUSTER_441,B,cattle_man,3147.0,33.27680386093176
CLUSTER_441,B,horse_man,821.0,33.27680386093176
CLUSTER_441,B,pig_man,1272.0,33.27680386093176
CLUSTER_441,B,rape_str,1217.0,33.27680386093176
CLUSTER_441,B,legume_str,342.2,33.27680386093176
CLUSTER_447,B,cattle_man,6210.0,47.77489586427691
CLUSTER_447,B,horse_man,3973.0,47.77489586427691
CLUSTER_447,B,pig_man,67.14,47.77489586427691
CLUSTER_451,B,cattle_man,7650.0,31.67366396293797
CLUSTER_451,B,horse_man,523.0,31.67366396293797
CLUSTER_451,B,pig_man,528.0,31.67366396293797
CLUSTER_451,B,rape_str,3060.0,31.67366396293797
CLUSTER_451,B,legume_str,293.0,31.67366396293797
CLUSTER_452,B,pig_man,550.0,76.161454104223
CLUSTER_453,B,pig_man,269.0,45.82290096225993
CLUSTER_458,B,horse_man,2320.0,78.9188840448443
CLUSTER_464,B,cattle_man,4492.0,39.56517154638579
CLUSTER_464,B,horse_man,752.0,39.56517154638579
CLUSTER_464,B,pig_man,54.032,39.56517154638579
CLUSTER_466,B,horse_man,2.9736370731190003,66.18439425912814
CLUSTER_466,B,pig_man,43.27128999999999,66.18439425912814
CLUSTER_469,B,cattle_man,3134.0,40.05009668565299
CLUSTER_469,B,horse_man,840.0,40.05009668565299
CLUSTER_469,B,pig_man,324.0,40.05009668565299
CLUSTER_469,B,rape_str,1099.0,40.05009668565299
CLUSTER_469,B,legume_str,204.7,40.05009668565299
CLUSTER_478,B,cattle_man,1374.0,47.81970038138292
CLUSTER_478,B,horse_man,340.1,47.81970038138292
CLUSTER_478,B,pig_man,35.400000000000006,47.81970038138292
CLUSTER_48,B,cattle_man,4164.0,14.16511224363142
CLUSTER_48,B,cattle_slu,22750.0,14.16511224363142
CLUSTER_48,B,horse_man,1045.96,14.16511224363142
CLUSTER_48,B,pig_man,1701.4,14.16511224363142
CLUSTER_48,B,maize_str,4581.0,14.16511224363142
CLUSTER_48,B,beet_leaf,4005.1000000000004,14.16511224363142
CLUSTER_48,B,rape_str,1712.0,14.16511224363142
CLUSTER_48,B,legume_str,448.03,14.16511224363142
CLUSTER_481,B,cattle_man,7889.999999999999,24.3166117659611
CLUSTER_481,B,horse_man,1085.0,24.3166117659611
CLUSTER_481,B,pig_man,527.3,24.3166117659611
CLUSTER_481,B,rape_str,4790.0,24.3166117659611
CLUSTER_481,B,legume_str,620.0,24.3166117659611
CLUSTER_495,B,horse_man,1575.0,51.08244978754498
CLUSTER_495,B,pig_man,180.446,51.08244978754498
CLUSTER_496,B,horse_man,451.0,58.82241070521295
CLUSTER_496,B,pig_man,687.3,58.82241070521295
CLUSTER_499,B,pig_man,128.13,67.02888900512718
CLUSTER_501,B,cattle_man,230.0,34.71906270594732
CLUSTER_501,B,horse_man,474.5,34.71906270594732
CLUSTER_501,B,pig_man,1378.0,34.71906270594732
CLUSTER_501,B,rape_str,1822.0,34.71906270594732
CLUSTER_501,B,legume_str,355.2,34.71906270594732
CLUSTER_503,B,cattle_man,1023.7099999999999,31.59090055571513
CLUSTER_503,B,horse_man,847.1,31.59090055571513
CLUSTER_504,B,cattle_man,41.0,15.468804852021446
CLUSTER_504,B,cattle_slu,403.0,15.468804852021446
CLUSTER_504,B,horse_man,1033.0,15.468804852021446
CLUSTER_504,B,pig_man,442.0,15.468804852021446
CLUSTER_504,B,maize_str,1285.0,15.468804852021446
CLUSTER_504,B,rape_str,268.5,15.468804852021446
CLUSTER_504,B,legume_str,94.63,15.468804852021446
CLUSTER_52,B,cattle_man,3984.5,6.277391126059704
CLUSTER_52,B,cattle_slu,20497.0,6.277391126059704
CLUSTER_52,B,horse_man,1083.1,6.277391126059704
CLUSTER_52,B,pig_slu,17372.8,6.277391126059704
CLUSTER_52,B,pig_man,917.46,6.277391126059704
CLUSTER_52,B,maize_str,4642.0,6.277391126059704
CLUSTER_52,B,beet_leaf,27950.0,6.277391126059704
CLUSTER_52,B,rape_str,675.0,6.277391126059704
CLUSTER_52,B,legume_str,277.4,6.277391126059704
CLUSTER_544,B,pig_man,15.550000000000002,52.84559307588339
CLUSTER_545,B,cattle_man,1080.0,25.583809129812558
CLUSTER_545,B,horse_man,1719.0,25.583809129812558
CLUSTER_545,B,pig_man,227.1,25.583809129812558
CLUSTER_545,B,rape_str,992.0,25.583809129812558
CLUSTER_545,B,legume_str,184.9,25.583809129812558
CLUSTER_63,B,pig_man,79.20406,76.5235050243976
CLUSTER_69,B,pig_man,1247.43,72.89609542765196
CLUSTER_71,B,cattle_man,8797.0,42.6789580102004
CLUSTER_71,B,horse_man,2948.9,42.6789580102004
CLUSTER_71,B,pig_man,226.348,42.6789580102004
CLUSTER_73,B,cattle_man,5812.0,42.789374333453694
CLUSTER_73,B,horse_man,1613.1,42.789374333453694
CLUSTER_73,B,pig_man,3455.0,42.789374333453694
CLUSTER_73,B,legume_str,648.0,42.789374333453694
CLUSTER_89,B,cattle_man,6220.0,32.769411544506745
CLUSTER_89,B,horse_man,1274.4,32.769411544506745
CLUSTER_89,B,pig_man,499.7749999999999,32.769411544506745
CLUSTER_9,B,pig_man,1813.0,76.23119214706259
CLUSTER_130,C,cattle_man,16581.0,26.50856476372532
CLUSTER_130,C,maize_str,270.1,26.50856476372532
CLUSTER_130,C,rape_str,594.2,26.50856476372532
CLUSTER_130,C,legume_str,185.4,26.50856476372532
CLUSTER_140,C,maize_str,426.4,24.90110993779076
CLUSTER_140,C,rape_str,2088.0,24.90110993779076
CLUSTER_140,C,legume_str,312.5,24.90110993779076
CLUSTER_143,C,maize_str,405.5,32.80965424981905
CLUSTER_143,C,rape_str,89.7,32.80965424981905
CLUSTER_143,C,legume_str,47.158,32.80965424981905
CLUSTER_150,C,maize_str,307.3,29.293659409859693
CLUSTER_150,C,rape_str,158.8,29.293659409859693
CLUSTER_150,C,legume_str,116.5,29.293659409859693
CLUSTER_167,C,rape_str,2138.0,40.98202256184605
CLUSTER_167,C,legume_str,378.19,40.98202256184605
CLUSTER_17,C,maize_str,87.2,31.31493178028319
CLUSTER_17,C,rape_str,126.64,31.31493178028319
CLUSTER_17,C,legume_str,112.2,31.31493178028319
CLUSTER_230,C,rape_str,1536.0,38.96571702451836
CLUSTER_230,C,legume_str,288.0,38.96571702451836
CLUSTER_240,C,rape_str,698.0,36.97174689367405
CLUSTER_240,C,legume_str,511.70000000000016,36.97174689367405
CLUSTER_259,C,rape_str,1130.8,39.82995655220658
CLUSTER_259,C,legume_str,90.26,39.82995655220658
CLUSTER_280,C,maize_str,290.7,17.100952878598157
CLUSTER_280,C,rape_str,224.4,17.100952878598157
CLUSTER_280,C,legume_str,227.3,17.100952878598157
CLUSTER_295,C,maize_str,1481.0,30.33512527967933
CLUSTER_295,C,rape_str,310.5,30.33512527967933
CLUSTER_295,C,legume_str,228.28,30.33512527967933
CLUSTER_301,C,maize_str,1690.462975570054,34.786789218473416
CLUSTER_301,C,rape_str,382.1,34.786789218473416
CLUSTER_301,C,legume_str,364.26,34.786789218473416
CLUSTER_31,C,cattle_man,11270.176,16.823267205661786
CLUSTER_31,C,maize_str,1794.1,16.823267205661786
CLUSTER_31,C,beet_leaf,585.0,16.823267205661786
CLUSTER_31,C,rape_str,3014.0,16.823267205661786
CLUSTER_31,C,legume_str,400.9,16.823267205661786
CLUSTER_311,C,rape_str,316.0,40.266642207600206
CLUSTER_311,C,legume_str,30.47,40.266642207600206
CLUSTER_32,C,rape_str,1330.0,47.49006412591
CLUSTER_32,C,legume_str,282.0,47.49006412591
CLUSTER_321,C,rape_str,30.59158722838772,35.62181272208985
CLUSTER_333,C,cattle_man,11300.0,27.17091123452085
CLUSTER_333,C,horse_man,712.5,27.17091123452085
CLUSTER_333,C,maize_str,122.09999999999998,27.17091123452085
CLUSTER_333,C,rape_str,1408.0,27.17091123452085
CLUSTER_333,C,legume_str,254.9,27.17091123452085
CLUSTER_343,C,cattle_man,10540.0,20.63737956329357
CLUSTER_343,C,maize_str,12.732,20.63737956329357
CLUSTER_343,C,rape_str,152.8,20.63737956329357
CLUSTER_343,C,legume_str,77.46000000000001,20.63737956329357
CLUSTER_372,C,cattle_man,9440.0,5.172581154710652
CLUSTER_372,C,cattle_slu,40550.0,5.172581154710652
CLUSTER_372,C,horse_man,1283.0,5.172581154710652
CLUSTER_372,C,clover_alfalfa_grass,8570.0,5.172581154710652
CLUSTER_372,C,maize_str,454.3,5.172581154710652
CLUSTER_372,C,rape_str,903.9,5.172581154710652
CLUSTER_372,C,legume_str,304.78,5.172581154710652
CLUSTER_385,C,cattle_man,5530.0,11.39056768114834
CLUSTER_385,C,horse_man,616.3,11.39056768114834
CLUSTER_385,C,clover_alfalfa_grass,2734.0,11.39056768114834
CLUSTER_385,C,maize_str,270.19,11.39056768114834
CLUSTER_385,C,rape_str,1325.68,11.39056768114834
CLUSTER_385,C,legume_str,299.0,11.39056768114834
CLUSTER_387,C,rape_str,583.1,40.94505981506889
CLUSTER_387,C,legume_str,99.478,40.94505981506889
CLUSTER_397,C,maize_str,658.9,26.75076434324748
CLUSTER_397,C,rape_str,641.0,26.75076434324748
CLUSTER_397,C,legume_str,173.8,26.75076434324748
CLUSTER_408,C,maize_str,816.0,20.503998331387525
CLUSTER_408,C,beet_leaf,504.49999999999994,20.503998331387525
CLUSTER_408,C,rape_str,1388.0,20.503998331387525
CLUSTER_408,C,legume_str,270.2,20.503998331387525
CLUSTER_409,C,maize_str,369.0,30.05596830613999
CLUSTER_409,C,rape_str,1187.0,30.05596830613999
CLUSTER_409,C,legume_str,168.2,30.05596830613999
CLUSTER_429,C,maize_str,90.5,27.038631102758167
CLUSTER_429,C,rape_str,185.6,27.038631102758167
CLUSTER_429,C,legume_str,61.70000000000001,27.038631102758167
CLUSTER_439,C,cattle_man,12440.0,18.594572498398943
CLUSTER_439,C,maize_str,371.2,18.594572498398943
CLUSTER_439,C,rape_str,429.0,18.594572498398943
CLUSTER_439,C,legume_str,194.2,18.594572498398943
CLUSTER_45,C,rape_str,1301.0,38.32349445425737
CLUSTER_45,C,legume_str,252.20000000000002,38.32349445425737
CLUSTER_453,C,rape_str,449.1,43.04484396127167
CLUSTER_453,C,legume_str,457.0,43.04484396127167
CLUSTER_472,C,maize_str,62.6,23.29884404404517
CLUSTER_472,C,rape_str,336.6,23.29884404404517
CLUSTER_472,C,legume_str,59.1,23.29884404404517
CLUSTER_477,C,maize_str,141.3,23.19724950578065
CLUSTER_477,C,rape_str,247.70000000000002,23.19724950578065
CLUSTER_477,C,legume_str,101.5,23.19724950578065
CLUSTER_484,C,maize_str,160.5,27.402337223093102
CLUSTER_484,C,rape_str,75.4,27.402337223093102
CLUSTER_484,C,legume_str,72.6,27.402337223093102
CLUSTER_50,C,cattle_man,17080.0,17.82884162582554
CLUSTER_50,C,horse_man,1154.13,17.82884162582554
CLUSTER_50,C,maize_str,398.4,17.82884162582554
CLUSTER_50,C,rape_str,1007.7,17.82884162582554
CLUSTER_50,C,legume_str,456.7,17.82884162582554
CLUSTER_503,C,maize_str,953.0,29.29911716889787
CLUSTER_503,C,rape_str,1574.0,29.29911716889787
CLUSTER_503,C,legume_str,401.2,29.29911716889787
CLUSTER_505,C,rape_str,1195.0,36.51216874895203
CLUSTER_505,C,legume_str,212.3,36.51216874895203
CLUSTER_509,C,maize_str,18.6,33.631197088666184
CLUSTER_509,C,rape_str,51.9,33.631197088666184
CLUSTER_509,C,legume_str,25.2,33.631197088666184
CLUSTER_542,C,cattle_man,20360.0,10.663489658462494
CLUSTER_542,C,cattle_slu,45557.769905402456,10.663489658462494
CLUSTER_542,C,clover_alfalfa_grass,12620.0,10.663489658462494
CLUSTER_542,C,maize_str,114.14,10.663489658462494
CLUSTER_542,C,rape_str,510.00000000000006,10.663489658462494
CLUSTER_542,C,legume_str,208.0,10.663489658462494
CLUSTER_59,C,legume_str,177.1,39.20134269398718
CLUSTER_7,C,maize_str,153.4,28.33425020145632
CLUSTER_7,C,rape_str,2308.0,28.33425020145632
CLUSTER_7,C,legume_str,232.0,28.33425020145632
CLUSTER_89,C,rape_str,2965.0,38.44793095362744
CLUSTER_89,C,legume_str,351.6,38.44793095362744
CLUSTER_99,C,maize_str,397.0,17.1311043402315
CLUSTER_99,C,rape_str,371.8,17.1311043402315
CLUSTER_99,C,legume_str,144.0,17.1311043402315
CLUSTER_107,D,cattle_man,13402.1,8.685319645597085
CLUSTER_107,D,cattle_slu,55620.0,8.685319645597085
CLUSTER_107,D,horse_man,1668.9,8.685319645597085
CLUSTER_107,D,clover_alfalfa_grass,6142.0,8.685319645597085
CLUSTER_107,D,maize_str,1970.0,8.685319645597085
CLUSTER_107,D,beet_leaf,1072.0,8.685319645597085
CLUSTER_107,D,rape_str,1132.0,8.685319645597085
CLUSTER_107,D,legume_str,421.2,8.685319645597085
CLUSTER_138,D,cattle_man,10203.0,26.26505587025034
CLUSTER_138,D,maize_str,2746.0,26.26505587025034
CLUSTER_138,D,rape_str,1121.4,26.26505587025034
CLUSTER_138,D,legume_str,467.8,26.26505587025034
CLUSTER_144,D,cattle_man,16190.0,7.312830288787405
CLUSTER_144,D,cattle_slu,62869.99999999999,7.312830288787405
CLUSTER_144,D,clover_alfalfa_grass,8280.0,7.312830288787405
CLUSTER_144,D,maize_str,3055.0,7.312830288787405
CLUSTER_144,D,beet_leaf,1759.8,7.312830288787405
CLUSTER_144,D,rape_str,1689.0,7.312830288787405
CLUSTER_144,D,legume_str,474.3,7.312830288787405
CLUSTER_145,D,rape_str,1224.0,44.521578782766696
CLUSTER_145,D,legume_str,263.2,44.521578782766696
CLUSTER_152,D,cattle_man,3361.0,22.544408385722363
CLUSTER_152,D,maize_str,2300.0,22.544408385722363
CLUSTER_152,D,beet_leaf,2563.1193438566793,22.544408385722363
CLUSTER_152,D,rape_str,1311.0,22.544408385722363
CLUSTER_152,D,legume_str,331.6,22.544408385722363
CLUSTER_182,D,cattle_man,9590.0,15.160199505972642
CLUSTER_182,D,horse_man,2035.0,15.160199505972642
CLUSTER_182,D,maize_str,2575.0,15.160199505972642
CLUSTER_182,D,beet_leaf,1723.0,15.160199505972642
CLUSTER_182,D,rape_str,811.0,15.160199505972642
CLUSTER_182,D,legume_str,180.1,15.160199505972642
CLUSTER_187,D,rape_str,1186.6,46.49137780278135
CLUSTER_187,D,legume_str,419.6,46.49137780278135
CLUSTER_201,D,rape_str,52.69,42.3635885683354
CLUSTER_201,D,legume_str,94.3,42.3635885683354
CLUSTER_229,D,rape_str,30.7,43.10833668907636
CLUSTER_229,D,legume_str,169.7,43.10833668907636
CLUSTER_235,D,rape_str,208.9,36.365401967579146
CLUSTER_235,D,legume_str,260.6,36.365401967579146
CLUSTER_239,D,maize_str,2374.0,22.109129291610618
CLUSTER_239,D,rape_str,1717.0,22.109129291610618
CLUSTER_239,D,legume_str,357.8,22.109129291610618
CLUSTER_256,D,horse_man,2930.0,38.474384584572405
CLUSTER_256,D,rape_str,862.4,38.474384584572405
CLUSTER_256,D,legume_str,337.66,38.474384584572405
CLUSTER_263,D,cattle_man,11151.51,10.83332859596708
CLUSTER_263,D,cattle_slu,31750.0,10.83332859596708
CLUSTER_263,D,horse_man,3265.0,10.83332859596708
CLUSTER_263,D,clover_alfalfa_grass,8790.0,10.83332859596708
CLUSTER_263,D,maize_str,2453.0,10.83332859596708
CLUSTER_263,D,beet_leaf,6296.4,10.83332859596708
CLUSTER_263,D,rape_str,1071.4,10.83332859596708
CLUSTER_263,D,legume_str,774.2,10.83332859596708
CLUSTER_297,D,rape_str,668.0,33.5807187190413
CLUSTER_297,D,legume_str,363.98,33.5807187190413
CLUSTER_306,D,rape_str,2327.0,34.859454247148484
CLUSTER_306,D,legume_str,1097.0,34.859454247148484
CLUSTER_315,D,cattle_man,6294.0,24.794381361123342
CLUSTER_315,D,maize_str,775.3,24.794381361123342
CLUSTER_315,D,rape_str,1513.0,24.794381361123342
CLUSTER_315,D,legume_str,373.6,24.794381361123342
CLUSTER_324,D,cattle_man,6315.0,17.643833359646514
CLUSTER_324,D,horse_man,736.19,17.643833359646514
CLUSTER_324,D,maize_str,2092.0,17.643833359646514
CLUSTER_324,D,beet_leaf,4986.0,17.643833359646514
CLUSTER_324,D,rape_str,1080.0,17.643833359646514
CLUSTER_324,D,legume_str,578.7,17.643833359646514
CLUSTER_338,D,cattle_man,6102.530000000001,8.078849590321614
CLUSTER_338,D,cattle_slu,23550.0,8.078849590321614
CLUSTER_338,D,horse_man,816.0,8.078849590321614
CLUSTER_338,D,clover_alfalfa_grass,2959.8,8.078849590321614
CLUSTER_338,D,maize_str,2637.0,8.078849590321614
CLUSTER_338,D,beet_leaf,2428.0,8.078849590321614
CLUSTER_338,D,rape_str,566.0,8.078849590321614
CLUSTER_338,D,legume_str,307.0,8.078849590321614
CLUSTER_339,D,rape_str,716.33,33.25391174721796
CLUSTER_339,D,legume_str,276.25,33.25391174721796
CLUSTER_34,D,maize_str,4809.0,23.964957577225316
CLUSTER_34,D,rape_str,1322.6,23.964957577225316
CLUSTER_34,D,legume_str,428.6,23.964957577225316
CLUSTER_342,D,horse_man,682.5917239004037,32.09753357629471
CLUSTER_342,D,rape_str,755.7,32.09753357629471
CLUSTER_342,D,legume_str,689.9,32.09753357629471
CLUSTER_344,D,maize_str,5434.0,20.96718978239316
CLUSTER_344,D,beet_leaf,2029.1,20.96718978239316
CLUSTER_344,D,rape_str,232.2,20.96718978239316
CLUSTER_344,D,legume_str,332.0,20.96718978239316
CLUSTER_345,D,cattle_man,8870.0,25.156651375214004
CLUSTER_345,D,maize_str,5294.0,25.156651375214004
CLUSTER_345,D,rape_str,1424.0,25.156651375214004
CLUSTER_345,D,legume_str,1226.0,25.156651375214004
CLUSTER_349,D,rape_str,1306.0,37.4117520924623
CLUSTER_349,D,legume_str,257.0,37.4117520924623
CLUSTER_353,D,cattle_man,9000.0,24.65454367864139
CLUSTER_353,D,maize_str,3170.0,24.65454367864139
CLUSTER_353,D,rape_str,696.0,24.65454367864139
CLUSTER_353,D,legume_str,276.0,24.65454367864139
CLUSTER_376,D,rape_str,1421.0,35.014365139139656
CLUSTER_376,D,legume_str,508.0,35.014365139139656
CLUSTER_393,D,rape_str,213.5,44.787236445965405
CLUSTER_393,D,legume_str,44.84,44.787236445965405
CLUSTER_415,D,rape_str,246.40000000000003,41.58058596614631
CLUSTER_415,D,legume_str,238.0,41.58058596614631
CLUSTER_427,D,cattle_man,8930.0,21.12275798689281
CLUSTER_427,D,maize_str,2221.8,21.12275798689281
CLUSTER_427,D,beet_leaf,1978.0000000000002,21.12275798689281
CLUSTER_427,D,rape_str,1173.4,21.12275798689281
CLUSTER_427,D,legume_str,351.0,21.12275798689281
CLUSTER_431,D,maize_str,4683.0,26.76597317959716
CLUSTER_431,D,rape_str,203.4,26.76597317959716
CLUSTER_431,D,legume_str,310.4,26.76597317959716
CLUSTER_432,D,rape_str,1000.6999999999999,46.34199058402657
CLUSTER_432,D,legume_str,291.34000000000003,46.34199058402657
CLUSTER_447,D,maize_str,2057.0,24.39761178034851
CLUSTER_447,D,rape_str,901.0,24.39761178034851
CLUSTER_447,D,legume_str,578.0,24.39761178034851
CLUSTER_458,D,rape_str,488.99999999999994,36.00620671059419
CLUSTER_458,D,legume_str,366.0,36.00620671059419
CLUSTER_464,D,maize_str,1659.0,18.659520726769472
CLUSTER_464,D,beet_leaf,511.79,18.659520726769472
CLUSTER_464,D,rape_str,387.0,18.659520726769472
CLUSTER_464,D,legume_str,235.0,18.659520726769472
CLUSTER_478,D,rape_str,205.7,31.947455703892505
CLUSTER_478,D,legume_str,86.75,31.947455703892505
CLUSTER_485,D,rape_str,948.0,32.14796431748917
CLUSTER_485,D,legume_str,229.0,32.14796431748917
CLUSTER_495,D,cattle_man,7770.0,14.402711176452026
CLUSTER_495,D,maize_str,798.8,14.402711176452026
CLUSTER_495,D,beet_leaf,1260.0,14.402711176452026
CLUSTER_495,D,rape_str,574.7,14.402711176452026
CLUSTER_495,D,legume_str,495.0,14.402711176452026
CLUSTER_496,D,rape_str,1060.0,35.67890745321999
CLUSTER_496,D,legume_str,144.6,35.67890745321999
CLUSTER_499,D,cattle_man,4370.0,12.051548174289811
CLUSTER_499,D,horse_man,3670.0,12.051548174289811
CLUSTER_499,D,maize_str,1191.0,12.051548174289811
CLUSTER_499,D,beet_leaf,6790.0,12.051548174289811
CLUSTER_499,D,rape_str,500.0,12.051548174289811
CLUSTER_499,D,legume_str,206.8,12.051548174289811
CLUSTER_507,D,rape_str,1388.0,41.60205375780979
CLUSTER_507,D,legume_str,319.0,41.60205375780979
CLUSTER_511,D,rape_str,393.2,39.67401743506315
CLUSTER_511,D,legume_str,142.4,39.67401743506315
CLUSTER_534,D,rape_str,1184.0,29.251539520812944
CLUSTER_534,D,legume_str,317.1,29.251539520812944
CLUSTER_63,D,cattle_man,14627.0,22.898750493896102
CLUSTER_63,D,horse_man,6166.0,22.898750493896102
CLUSTER_63,D,maize_str,1895.5,22.898750493896102
CLUSTER_63,D,rape_str,653.77,22.898750493896102
CLUSTER_63,D,legume_str,611.5,22.898750493896102
CLUSTER_83,D,rape_str,472.0,41.91866304943029
CLUSTER_83,D,legume_str,40.02,41.91866304943029
CLUSTER_9,D,rape_str,712.84,42.7770483529567
CLUSTER_9,D,legume_str,267.44,42.7770483529567
CLUSTER_100,E,beet_leaf,1319.0,24.787700901177715
CLUSTER_100,E,rape_str,1247.0,24.787700901177715
CLUSTER_100,E,legume_str,592.6,24.787700901177715
CLUSTER_122,E,cattle_man,17000.0,24.555881517768704
CLUSTER_122,E,horse_man,5260.0,24.555881517768704
CLUSTER_122,E,pig_man,40.78257,24.555881517768704
CLUSTER_122,E,legume_str,179.2,24.555881517768704
CLUSTER_126,E,rape_str,2381.0,41.620311781374056
CLUSTER_131,E,rape_str,1908.0,34.87070742784063
CLUSTER_131,E,legume_str,1003.9999999999999,34.87070742784063
CLUSTER_142,E,cattle_man,32190.000000000004,16.545679246285765
CLUSTER_142,E,horse_man,1981.9999999999998,16.545679246285765
CLUSTER_142,E,pig_man,67.2671,16.545679246285765
CLUSTER_142,E,maize_str,396.0,16.545679246285765
CLUSTER_142,E,legume_str,157.6,16.545679246285765
CLUSTER_151,E,horse_man,5352.0,30.798722758316025
CLUSTER_151,E,pig_man,33.274,30.798722758316025
CLUSTER_151,E,rape_str,655.0,30.798722758316025
CLUSTER_151,E,legume_str,305.9,30.798722758316025
CLUSTER_165,E,rape_str,1507.0,27.54620888042217
CLUSTER_165,E,legume_str,854.0,27.54620888042217
CLUSTER_20,E,rape_str,2658.0,38.20635512290734
CLUSTER_20,E,legume_str,1043.0,38.20635512290734
CLUSTER_218,E,cattle_man,42980.0,25.02092809452386
CLUSTER_218,E,horse_man,4008.0000000000005,25.02092809452386
CLUSTER_218,E,legume_str,38.61,25.02092809452386
CLUSTER_22,E,cattle_man,44030.0,14.659576076363248
CLUSTER_22,E,horse_man,2301.0,14.659576076363248
CLUSTER_22,E,pig_man,696.0,14.659576076363248
CLUSTER_22,E,maize_str,1286.9,14.659576076363248
CLUSTER_22,E,beet_leaf,232.81,14.659576076363248
CLUSTER_22,E,rape_str,418.6,14.659576076363248
CLUSTER_22,E,legume_str,405.9,14.659576076363248
CLUSTER_279,E,cattle_man,21730.0,4.311790666415534
CLUSTER_279,E,cattle_slu,74670.0,4.311790666415534
CLUSTER_279,E,horse_man,1665.3,4.311790666415534
CLUSTER_279,E,pig_slu,11484.0,4.311790666415534
CLUSTER_279,E,pig_man,723.8400164000001,4.311790666415534
CLUSTER_279,E,clover_alfalfa_grass,2247.46,4.311790666415534
CLUSTER_279,E,maize_str,3223.0,4.311790666415534
CLUSTER_279,E,beet_leaf,1594.0,4.311790666415534
CLUSTER_279,E,rape_str,766.0,4.311790666415534
CLUSTER_279,E,legume_str,338.3,4.311790666415534
CLUSTER_288,E,cattle_man,23510.0,13.103351900147086
CLUSTER_288,E,cattle_slu,40636.99381744045,13.103351900147086
CLUSTER_288,E,maize_str,5080.0,13.103351900147086
CLUSTER_288,E,beet_leaf,7380.0,13.103351900147086
CLUSTER_288,E,rape_str,1600.0,13.103351900147086
CLUSTER_288,E,legume_str,851.0,13.103351900147086
CLUSTER_300,E,cattle_man,12150.0,12.757921305167269
CLUSTER_300,E,cattle_slu,48040.0,12.757921305167269
CLUSTER_300,E,horse_man,6326.0,12.757921305167269
CLUSTER_300,E,maize_str,1868.0,12.757921305167269
CLUSTER_300,E,beet_leaf,212.0,12.757921305167269
CLUSTER_300,E,rape_str,548.0,12.757921305167269
CLUSTER_300,E,legume_str,424.7,12.757921305167269
CLUSTER_323,E,cattle_man,18150.0,4.723030808846975
CLUSTER_323,E,cattle_slu,79000.0,4.723030808846975
CLUSTER_323,E,horse_man,2339.0,4.723030808846975
CLUSTER_323,E,pig_slu,4466.1,4.723030808846975
CLUSTER_323,E,pig_man,275.81,4.723030808846975
CLUSTER_323,E,clover_alfalfa_grass,3150.0,4.723030808846975
CLUSTER_323,E,maize_str,944.5,4.723030808846975
CLUSTER_323,E,beet_leaf,118.0,4.723030808846975
CLUSTER_323,E,rape_str,313.3,4.723030808846975
CLUSTER_323,E,legume_str,62.45,4.723030808846975
CLUSTER_330,E,rape_str,2235.0,38.96391401284662
CLUSTER_330,E,legume_str,753.8,38.96391401284662
CLUSTER_363,E,horse_man,3180.0,35.36543538353118
CLUSTER_363,E,pig_man,154.91,35.36543538353118
CLUSTER_363,E,legume_str,43.2,35.36543538353118
CLUSTER_371,E,maize_str,562.3106840051984,23.81194367041497
CLUSTER_371,E,beet_leaf,729.6,23.81194367041497
CLUSTER_371,E,rape_str,918.4,23.81194367041497
CLUSTER_371,E,legume_str,445.8,23.81194367041497
CLUSTER_386,E,cattle_man,420.0,19.87666770031567
CLUSTER_386,E,horse_man,3289.0,19.87666770031567
CLUSTER_386,E,maize_str,1350.5,19.87666770031567
CLUSTER_386,E,rape_str,588.0,19.87666770031567
CLUSTER_386,E,legume_str,404.9,19.87666770031567
CLUSTER_396,E,rape_str,968.0,40.80818840306785
CLUSTER_396,E,legume_str,280.9,40.80818840306785
CLUSTER_403,E,rape_str,1011.0,27.04022444026832
CLUSTER_403,E,legume_str,587.0,27.04022444026832
CLUSTER_423,E,cattle_man,22380.0,18.875245315829154
CLUSTER_423,E,maize_str,2091.0,18.875245315829154
CLUSTER_423,E,beet_leaf,453.7,18.875245315829154
CLUSTER_423,E,rape_str,1295.9,18.875245315829154
CLUSTER_423,E,legume_str,670.7,18.875245315829154
CLUSTER_43,E,cattle_man,697.37,23.7384854655003
CLUSTER_43,E,maize_str,3920.0,23.7384854655003
CLUSTER_43,E,rape_str,981.0000000000001,23.7384854655003
CLUSTER_43,E,legume_str,631.3,23.7384854655003
CLUSTER_466,E,cattle_man,13690.0,15.96894314021321
CLUSTER_466,E,horse_man,4152.02636292688,15.96894314021321
CLUSTER_466,E,maize_str,3586.0,15.96894314021321
CLUSTER_466,E,beet_leaf,488.99999999999994,15.96894314021321
CLUSTER_466,E,rape_str,1039.0,15.96894314021321
CLUSTER_466,E,legume_str,253.7,15.96894314021321
CLUSTER_498,E,cattle_man,3436.0,19.525944209064924
CLUSTER_498,E,horse_man,2767.0,19.525944209064924
CLUSTER_498,E,maize_str,769.1,19.525944209064924
CLUSTER_498,E,rape_str,235.0,19.525944209064924
CLUSTER_498,E,legume_str,259.3,19.525944209064924
CLUSTER_523,E,cattle_man,13260.0,12.97987823529139
CLUSTER_523,E,cattle_slu,65000.0,12.97987823529139
CLUSTER_523,E,horse_man,1417.0,12.97987823529139
CLUSTER_523,E,pig_man,56.7,12.97987823529139
CLUSTER_523,E,maize_str,795.0,12.97987823529139
CLUSTER_523,E,beet_leaf,75.1,12.97987823529139
CLUSTER_523,E,rape_str,139.1,12.97987823529139
CLUSTER_523,E,legume_str,49.6,12.97987823529139
CLUSTER_544,E,cattle_man,5520.0,21.64529734347489
CLUSTER_544,E,maize_str,1670.0,21.64529734347489
CLUSTER_544,E,beet_leaf,586.1,21.64529734347489
CLUSTER_544,E,rape_str,531.0,21.64529734347489
CLUSTER_544,E,legume_str,101.3,21.64529734347489
CLUSTER_57,E,horse_man,1420.0,28.798407528603065
CLUSTER_57,E,rape_str,917.4,28.798407528603065
CLUSTER_57,E,legume_str,757.7,28.798407528603065
CLUSTER_64,E,rape_str,1531.1,31.18404916273802
CLUSTER_64,E,legume_str,944.8,31.18404916273802
CLUSTER_69,E,cattle_man,40940.0,16.922617063107978
CLUSTER_69,E,horse_man,2441.2,16.922617063107978
CLUSTER_69,E,maize_str,4142.0,16.922617063107978
CLUSTER_69,E,beet_leaf,225.0,16.922617063107978
CLUSTER_69,E,rape_str,964.5,16.922617063107978
CLUSTER_69,E,legume_str,517.8,16.922617063107978
CLUSTER_71,E,rape_str,2450.0,31.548900560661767
CLUSTER_71,E,legume_str,1174.2,31.548900560661767
CLUSTER_8,E,pig_man,13.2831,43.24255785584386
CLUSTER_8,E,rape_str,48.5,43.24255785584386
CLUSTER_8,E,legume_str,105.89,43.24255785584386
CLUSTER_81,E,pig_man,12.9891,25.561351658610903
CLUSTER_102,F,cattle_man,1724.0,12.980647320192682
CLUSTER_102,F,horse_man,961.0,12.980647320192682
CLUSTER_112,F,cattle_man,13057.0,19.07636604822817
CLUSTER_112,F,horse_man,1571.0,19.07636604822817
CLUSTER_112,F,pig_man,508.8,19.07636604822817
CLUSTER_113,F,cattle_man,1617.0,26.90600933264296
CLUSTER_113,F,horse_man,513.4,26.90600933264296
CLUSTER_115,F,cattle_man,12403.0,34.436229469005525
CLUSTER_115,F,horse_man,190.35,34.436229469005525
CLUSTER_115,F,pig_man,276.8087,34.436229469005525
CLUSTER_120,F,cattle_man,10758.0,25.28670580992347
CLUSTER_120,F,horse_man,643.23,25.28670580992347
CLUSTER_120,F,pig_man,313.972,25.28670580992347
CLUSTER_133,F,horse_man,538.3,41.65314638202749
CLUSTER_168,F,horse_man,2384.0,37.745429412068674
CLUSTER_168,F,pig_man,426.892,37.745429412068674
CLUSTER_18,F,cattle_man,14355.0,29.10022888283004
CLUSTER_18,F,horse_man,809.7,29.10022888283004
CLUSTER_18,F,pig_man,338.1159,29.10022888283004
CLUSTER_185,F,cattle_man,4461.0,27.63698132605148
CLUSTER_185,F,horse_man,786.4,27.63698132605148
CLUSTER_185,F,pig_man,183.43,27.63698132605148
CLUSTER_21,F,cattle_man,11680.0,27.96178331263481
CLUSTER_21,F,horse_man,1242.7,27.96178331263481
CLUSTER_211,F,cattle_man,4080.0000000000005,9.329047559812194
CLUSTER_211,F,cattle_slu,27580.0,9.329047559812194
CLUSTER_211,F,horse_man,442.0,9.329047559812194
CLUSTER_211,F,pig_man,51.2,9.329047559812194
CLUSTER_216,F,cattle_man,6405.0,16.376625293247233
CLUSTER_216,F,horse_man,1391.183,16.376625293247233
CLUSTER_227,F,horse_man,79.97,39.32900501646075
CLUSTER_227,F,pig_man,882.0,39.32900501646075
CLUSTER_234,F,horse_man,2507.0,50.3639977282538
CLUSTER_234,F,pig_man,472.3,50.3639977282538
CLUSTER_245,F,cattle_man,13085.0,17.435206560515656
CLUSTER_245,F,horse_man,793.9,17.435206560515656
CLUSTER_245,F,pig_man,381.8,17.435206560515656
CLUSTER_249,F,horse_man,1754.0,46.52033604107441
CLUSTER_25,F,cattle_man,2469.58,28.66747953757437
CLUSTER_25,F,horse_man,395.1,28.66747953757437
CLUSTER_255,F,horse_man,1720.5,52.66835624981744
CLUSTER_261,F,horse_man,1088.2,34.74804708641558
CLUSTER_269,F,cattle_man,10313.0,33.64525152425336
CLUSTER_286,F,cattle_man,4579.0,21.11332893864242
CLUSTER_286,F,horse_man,502.1,21.11332893864242
CLUSTER_286,F,pig_man,407.6,21.11332893864242
CLUSTER_299,F,cattle_man,4359.0,22.012237502636843
CLUSTER_299,F,horse_man,817.8,22.012237502636843
CLUSTER_299,F,pig_man,111.861,22.012237502636843
CLUSTER_307,F,cattle_man,3600.0,19.137382423253086
CLUSTER_307,F,horse_man,1101.0,19.137382423253086
CLUSTER_309,F,cattle_man,7630.0,1.0226810251023608
CLUSTER_309,F,cattle_slu,56380.0,1.0226810251023608
CLUSTER_309,F,horse_man,240.3,1.0226810251023608
CLUSTER_309,F,pig_slu,2572.0,1.0226810251023608
CLUSTER_309,F,pig_man,216.09,1.0226810251023608
CLUSTER_327,F,horse_man,336.5,50.84418033751664
CLUSTER_331,F,cattle_man,5700.0,31.771907169407825
CLUSTER_331,F,horse_man,3020.0,31.771907169407825
CLUSTER_331,F,pig_man,621.0,31.771907169407825
CLUSTER_335,F,cattle_man,4820.0,30.67173694607373
CLUSTER_335,F,horse_man,3071.0,30.67173694607373
CLUSTER_335,F,pig_man,497.042,30.67173694607373
CLUSTER_357,F,horse_man,1403.7,37.51347198646486
CLUSTER_357,F,pig_man,843.3,37.51347198646486
CLUSTER_358,F,cattle_man,8329.0,11.136269695526789
CLUSTER_358,F,cattle_slu,38440.0,11.136269695526789
CLUSTER_358,F,horse_man,586.9,11.136269695526789
CLUSTER_358,F,pig_man,505.06,11.136269695526789
CLUSTER_359,F,horse_man,362.1,43.52429647327087
CLUSTER_359,F,pig_man,13.947,43.52429647327087
CLUSTER_36,F,horse_man,1610.7,56.61384538642128
CLUSTER_36,F,pig_man,1634.0,56.61384538642128
CLUSTER_380,F,horse_man,1242.0,37.5069566042688
CLUSTER_401,F,horse_man,929.5,46.286896793916654
CLUSTER_401,F,pig_man,189.6729,46.286896793916654
CLUSTER_413,F,horse_man,36.0,45.725670811649394
CLUSTER_413,F,pig_man,1220.808,45.725670811649394
CLUSTER_419,F,cattle_man,2304.0,22.356155809291327
CLUSTER_419,F,horse_man,791.0,22.356155809291327
CLUSTER_419,F,pig_man,62.91951999999999,22.356155809291327
CLUSTER_437,F,cattle_man,8510.0,25.403216641045308
CLUSTER_437,F,horse_man,938.0,25.403216641045308
CLUSTER_437,F,pig_man,50.0,25.403216641045308
CLUSTER_461,F,cattle_man,3302.0,19.58603254431441
CLUSTER_461,F,horse_man,1385.0,19.58603254431441
CLUSTER_461,F,pig_man,138.37,19.58603254431441
CLUSTER_471,F,cattle_man,292.0,11.31815557307279
CLUSTER_471,F,cattle_slu,1307.0,11.31815557307279
CLUSTER_471,F,horse_man,250.50000000000003,11.31815557307279
CLUSTER_475,F,cattle_man,3878.0,23.954614553778807
CLUSTER_475,F,horse_man,665.9,23.954614553778807
CLUSTER_475,F,pig_man,250.66,23.954614553778807
CLUSTER_518,F,cattle_man,9270.0,12.523395727438752
CLUSTER_518,F,cattle_slu,22346.431086713248,12.523395727438752
CLUSTER_518,F,horse_man,1313.0,12.523395727438752
CLUSTER_518,F,pig_man,245.9,12.523395727438752
CLUSTER_522,F,cattle_man,6580.0,9.277310718556624
CLUSTER_522,F,cattle_slu,29310.0,9.277310718556624
CLUSTER_522,F,horse_man,288.1,9.277310718556624
CLUSTER_522,F,pig_man,183.7,9.277310718556624
CLUSTER_539,F,horse_man,433.0,41.58769174187098
CLUSTER_98,F,cattle_man,5002.1,20.14616356885377
CLUSTER_98,F,horse_man,673.1,20.14616356885377
CLUSTER_98,F,pig_man,181.343,20.14616356885377
CLUSTER_0,G,cattle_man,28890.0,24.07811658550438
CLUSTER_0,G,horse_man,2610.0,24.07811658550438
CLUSTER_0,G,pig_man,1695.2,24.07811658550438
CLUSTER_0,G,maize_str,6575.0,24.07811658550438
CLUSTER_0,G,beet_leaf,114.0,24.07811658550438
CLUSTER_0,G,rape_str,1701.9,24.07811658550438
CLUSTER_0,G,legume_str,690.7,24.07811658550438
CLUSTER_104,G,rape_str,732.1,48.59897455963844
CLUSTER_104,G,legume_str,171.70000000000002,48.59897455963844
CLUSTER_121,G,cattle_man,11370.0,19.556912111523843
CLUSTER_121,G,horse_man,2073.0,19.556912111523843
CLUSTER_135,G,cattle_man,35210.0,15.630580937589142
CLUSTER_135,G,horse_man,2847.0,15.630580937589142
CLUSTER_135,G,pig_man,159.368,15.630580937589142
CLUSTER_135,G,clover_alfalfa_grass,7603.787099894732,15.630580937589142
CLUSTER_135,G,maize_str,641.8,15.630580937589142
CLUSTER_135,G,beet_leaf,429.0,15.630580937589142
CLUSTER_135,G,legume_str,330.2,15.630580937589142
CLUSTER_149,G,cattle_man,19570.0,16.894436604949917
CLUSTER_149,G,horse_man,2613.8,16.894436604949917
CLUSTER_149,G,pig_man,19.0894,16.894436604949917
CLUSTER_149,G,maize_str,10.72,16.894436604949917
CLUSTER_149,G,legume_str,27.93,16.894436604949917
CLUSTER_203,G,cattle_man,28660.0,12.092988641439444
CLUSTER_203,G,cattle_slu,104700.608,12.092988641439444
CLUSTER_203,G,horse_man,3313.0,12.092988641439444
CLUSTER_203,G,pig_man,696.08362,12.092988641439444
CLUSTER_203,G,clover_alfalfa_grass,11420.0,12.092988641439444
CLUSTER_203,G,maize_str,1493.3,12.092988641439444
CLUSTER_203,G,rape_str,472.3,12.092988641439444
CLUSTER_203,G,legume_str,259.1,12.092988641439444
CLUSTER_205,G,horse_man,3447.0,29.39789255229921
CLUSTER_205,G,maize_str,2715.0,29.39789255229921
CLUSTER_205,G,rape_str,424.8,29.39789255229921
CLUSTER_205,G,legume_str,366.9,29.39789255229921
CLUSTER_208,G,rape_str,87.1,48.57405907262456
CLUSTER_208,G,legume_str,344.5,48.57405907262456
CLUSTER_244,G,cattle_man,18650.0,11.933556237394988
CLUSTER_244,G,cattle_slu,84140.0,11.933556237394988
CLUSTER_244,G,horse_man,3070.0,11.933556237394988
CLUSTER_244,G,clover_alfalfa_grass,4980.0,11.933556237394988
CLUSTER_244,G,maize_str,186.9,11.933556237394988
CLUSTER_244,G,legume_str,50.040000000000006,11.933556237394988
CLUSTER_26,G,horse_man,4471.0,30.36593534354599
CLUSTER_26,G,maize_str,217.7,30.36593534354599
CLUSTER_26,G,legume_str,17.009999999999998,30.36593534354599
CLUSTER_29,G,horse_man,2338.7,30.82662340371749
CLUSTER_29,G,maize_str,170.22,30.82662340371749
CLUSTER_29,G,rape_str,84.37,30.82662340371749
CLUSTER_29,G,legume_str,109.47,30.82662340371749
CLUSTER_302,G,rape_str,140.1,41.40883972118918
CLUSTER_302,G,legume_str,313.8,41.40883972118918
CLUSTER_308,G,horse_man,482.0,31.85288281939548
CLUSTER_319,G,cattle_man,9700.0,26.30371518347252
CLUSTER_319,G,horse_man,1821.5,26.30371518347252
CLUSTER_319,G,pig_man,343.0,26.30371518347252
CLUSTER_319,G,maize_str,2464.0,26.30371518347252
CLUSTER_319,G,rape_str,429.0,26.30371518347252
CLUSTER_319,G,legume_str,497.00000000000006,26.30371518347252
CLUSTER_350,G,cattle_man,14500.0,0.1395679759478186
CLUSTER_350,G,cattle_slu,66000.0,0.1395679759478186
CLUSTER_350,G,horse_man,2875.0,0.1395679759478186
CLUSTER_350,G,pig_slu,3214.13,0.1395679759478186
CLUSTER_350,G,pig_man,183.62,0.1395679759478186
CLUSTER_350,G,clover_alfalfa_grass,10090.0,0.1395679759478186
CLUSTER_350,G,maize_str,444.4,0.1395679759478186
CLUSTER_350,G,rape_str,241.9,0.1395679759478186
CLUSTER_350,G,legume_str,207.8,0.1395679759478186
CLUSTER_374,G,horse_man,1839.0,44.18191127435896
CLUSTER_378,G,cattle_man,31200.0,24.753413329368424
CLUSTER_378,G,horse_man,1373.0,24.753413329368424
CLUSTER_378,G,pig_man,297.007,24.753413329368424
CLUSTER_378,G,maize_str,977.9999999999999,24.753413329368424
CLUSTER_378,G,rape_str,180.6,24.753413329368424
CLUSTER_378,G,legume_str,300.1,24.753413329368424
CLUSTER_398,G,maize_str,1141.7261663856925,33.84090165029432
CLUSTER_398,G,rape_str,535.6,33.84090165029432
CLUSTER_398,G,legume_str,250.69999999999996,33.84090165029432
CLUSTER_440,G,cattle_man,13440.0,9.84543050972939
CLUSTER_440,G,cattle_slu,62200.0,9.84543050972939
CLUSTER_440,G,horse_man,2708.0,9.84543050972939
CLUSTER_440,G,clover_alfalfa_grass,3219.0,9.84543050972939
CLUSTER_440,G,maize_str,12.5,9.84543050972939
CLUSTER_440,G,legume_str,29.4,9.84543050972939
CLUSTER_448,G,cattle_man,3200.0,26.785868078329973
CLUSTER_448,G,horse_man,654.0,26.785868078329973
CLUSTER_450,G,legume_str,406.3,51.30919292705204
CLUSTER_474,G,cattle_man,11990.0,19.23052662855781
CLUSTER_474,G,horse_man,1341.0,19.23052662855781
CLUSTER_482,G,cattle_man,16500.0,22.08364103809453
CLUSTER_482,G,horse_man,1167.3,22.08364103809453
CLUSTER_482,G,pig_man,28.99635,22.08364103809453
CLUSTER_482,G,maize_str,141.8,22.08364103809453
CLUSTER_482,G,beet_leaf,124.20000000000002,22.08364103809453
CLUSTER_482,G,legume_str,62.8,22.08364103809453
CLUSTER_493,G,rape_str,189.92,40.38978807075308
CLUSTER_493,G,legume_str,157.4,40.38978807075308
CLUSTER_516,G,rape_str,861.0,49.63551377567728
CLUSTER_516,G,legume_str,330.5,49.63551377567728
CLUSTER_541,G,horse_man,835.5,32.540074558654545
CLUSTER_541,G,maize_str,282.7,32.540074558654545
CLUSTER_541,G,rape_str,221.9,32.540074558654545
CLUSTER_541,G,legume_str,57.8,32.540074558654545
CLUSTER_58,G,cattle_man,49010.0,14.063026066001628
CLUSTER_58,G,horse_man,3739.6,14.063026066001628
CLUSTER_58,G,pig_man,585.7193,14.063026066001628
CLUSTER_58,G,clover_alfalfa_grass,15869.999999999998,14.063026066001628
CLUSTER_58,G,maize_str,2538.0,14.063026066001628
CLUSTER_58,G,beet_leaf,321.39,14.063026066001628
CLUSTER_58,G,rape_str,948.0,14.063026066001628
CLUSTER_58,G,legume_str,822.0,14.063026066001628
CLUSTER_62,G,horse_man,4905.0,41.581944312436654
CLUSTER_62,G,pig_man,33.995,41.581944312436654
CLUSTER_62,G,legume_str,34.27,41.581944312436654
CLUSTER_67,G,horse_man,2276.6,44.79975692051013
CLUSTER_67,G,legume_str,13.0,44.79975692051013
CLUSTER_81,G,horse_man,1535.0,29.16540348167249
CLUSTER_81,G,maize_str,309.0,29.16540348167249
CLUSTER_81,G,legume_str,73.12,29.16540348167249
CLUSTER_85,G,horse_man,2141.0,28.434519698391007
CLUSTER_85,G,pig_man,109.2627,28.434519698391007
CLUSTER_85,G,maize_str,102.8,28.434519698391007
CLUSTER_85,G,legume_str,11.6,28.434519698391007
CLUSTER_90,G,cattle_man,9800.0,25.418209992164407
CLUSTER_90,G,horse_man,1376.0,25.418209992164407
CLUSTER_90,G,maize_str,12.9,25.418209992164407
CLUSTER_92,G,rape_str,752.9,41.0583283759853
CLUSTER_92,G,legume_str,339.0,41.0583283759853
CLUSTER_93,G,cattle_man,44710.0,22.112169457567536
CLUSTER_93,G,horse_man,4360.0,22.112169457567536
CLUSTER_93,G,pig_man,56.565000000000005,22.112169457567536
CLUSTER_93,G,maize_str,212.0,22.112169457567536
CLUSTER_93,G,legume_str,120.6,22.112169457567536
CLUSTER_161,H,rape_str,1567.0,22.24729222000041
CLUSTER_169,H,rape_str,268.41,24.42964662474669
CLUSTER_169,H,legume_str,59.436,24.42964662474669
CLUSTER_183,H,rape_str,1374.3,21.051239932569604
CLUSTER_183,H,legume_str,266.3,21.051239932569604
CLUSTER_232,H,cattle_man,9900.0,6.021727996171884
CLUSTER_232,H,cattle_slu,18930.780161178838,6.021727996171884
CLUSTER_232,H,beet_leaf,649.0,6.021727996171884
CLUSTER_232,H,rape_str,928.0,6.021727996171884
CLUSTER_232,H,legume_str,118.5,6.021727996171884
CLUSTER_266,H,rape_str,64.9,23.936044819487964
CLUSTER_294,H,cattle_man,6386.0,9.6950504231175
CLUSTER_294,H,beet_leaf,572.1,9.6950504231175
CLUSTER_294,H,rape_str,684.0,9.6950504231175
CLUSTER_294,H,legume_str,168.2,9.6950504231175
CLUSTER_314,H,cattle_man,812.91,8.10290243005703
CLUSTER_314,H,beet_leaf,161.4,8.10290243005703
CLUSTER_314,H,rape_str,258.9,8.10290243005703
CLUSTER_314,H,legume_str,103.5,8.10290243005703
CLUSTER_390,H,rape_str,957.4,24.258152693131763
CLUSTER_390,H,legume_str,91.61,24.258152693131763
CLUSTER_433,H,cattle_man,4450.0297,14.301061961240825
CLUSTER_433,H,rape_str,464.4,14.301061961240825
CLUSTER_433,H,legume_str,55.8,14.301061961240825
CLUSTER_454,H,rape_str,1065.8200000000002,16.176657657678266
CLUSTER_454,H,legume_str,117.9,16.176657657678266
CLUSTER_460,H,rape_str,204.4,21.46817845124659
CLUSTER_460,H,legume_str,101.4,21.46817845124659
CLUSTER_462,H,cattle_man,3029.0,13.812605356551904
CLUSTER_462,H,rape_str,192.1,13.812605356551904
CLUSTER_462,H,legume_str,58.4,13.812605356551904
CLUSTER_486,H,cattle_man,1158.0,15.945808167747169
CLUSTER_486,H,rape_str,303.0,15.945808167747169
CLUSTER_532,H,cattle_man,3510.0508,14.423784720184596
CLUSTER_66,H,cattle_man,1813.7761744410097,19.69148979442482
CLUSTER_66,H,rape_str,449.2,19.69148979442482
CLUSTER_66,H,legume_str,66.985,19.69148979442482
CLUSTER_124,I,cattle_man,20030.0,16.592777914059383
CLUSTER_124,I,horse_man,2749.0,16.592777914059383
CLUSTER_124,I,pig_man,225.04,16.592777914059383
CLUSTER_159,I,cattle_man,8440.0,7.109614313512341
CLUSTER_159,I,cattle_slu,40589.99999999997,7.109614313512341
CLUSTER_159,I,horse_man,2721.0,7.109614313512341
CLUSTER_159,I,pig_man,3550.315,7.109614313512341
CLUSTER_196,I,cattle_man,17380.0,34.45581482647912
CLUSTER_208,I,horse_man,997.9653773163235,43.01814091433935
CLUSTER_214,I,cattle_man,24580.0,25.68675015751536
CLUSTER_214,I,horse_man,1119.6,25.68675015751536
CLUSTER_214,I,pig_man,13.92,25.68675015751536
CLUSTER_225,I,cattle_man,6770.0,17.469976731436606
CLUSTER_258,I,cattle_man,16820.0,22.24895642530426
CLUSTER_273,I,cattle_man,6690.0,32.843702082450214
CLUSTER_273,I,horse_man,1064.0,32.843702082450214
CLUSTER_273,I,pig_man,524.6,32.843702082450214
CLUSTER_291,I,cattle_man,2457.376,17.921049754293158
CLUSTER_291,I,horse_man,1658.0,17.921049754293158
CLUSTER_291,I,pig_man,7739.999999999989,17.921049754293158
CLUSTER_292,I,cattle_man,8900.0,17.84642645793354
CLUSTER_292,I,horse_man,3197.0,17.84642645793354
CLUSTER_292,I,pig_man,2862.0,17.84642645793354
CLUSTER_402,I,cattle_man,1505.0,27.990199573682784
CLUSTER_402,I,horse_man,859.0,27.990199573682784
CLUSTER_402,I,pig_man,1540.0,27.990199573682784
CLUSTER_436,I,cattle_man,14080.0,32.918791735451144
CLUSTER_442,I,cattle_man,14580.0,29.283212397737067
CLUSTER_457,I,cattle_man,11400.0,9.027374771115834
CLUSTER_457,I,cattle_slu,64960.00000000001,9.027374771115834
CLUSTER_457,I,horse_man,1512.5,9.027374771115834
CLUSTER_514,I,cattle_man,11580.0,13.767403539059014
CLUSTER_537,I,cattle_man,2682.0,24.934389125537425
CLUSTER_537,I,horse_man,1468.0,24.934389125537425
CLUSTER_537,I,pig_man,2429.0,24.934389125537425
CLUSTER_61,I,cattle_man,33290.0,33.77424464581663
CLUSTER_79,I,cattle_man,15570.0,6.602831223534587
CLUSTER_79,I,cattle_slu,91500.0,6.602831223534587
CLUSTER_79,I,horse_man,1933.0,6.602831223534587
CLUSTER_79,I,pig_man,1322.00245,6.602831223534587
CLUSTER_105,J,cattle_man,16042.0,29.302871547629923
CLUSTER_105,J,horse_man,2293.0,29.302871547629923
CLUSTER_106,J,cattle_man,12224.0,34.26372613181991
CLUSTER_106,J,horse_man,1081.1,34.26372613181991
CLUSTER_106,J,pig_man,245.613,34.26372613181991
CLUSTER_117,J,cattle_man,13052.0,41.87983407795506
CLUSTER_117,J,horse_man,1848.2,41.87983407795506
CLUSTER_117,J,pig_man,153.071,41.87983407795506
CLUSTER_118,J,horse_man,710.0,33.03397491196227
CLUSTER_13,J,cattle_man,22490.0,37.12302764160194
CLUSTER_13,J,horse_man,4880.0,37.12302764160194
CLUSTER_13,J,pig_man,152.17000000000002,37.12302764160194
CLUSTER_136,J,horse_man,3775.0,52.03109043174148
CLUSTER_137,J,cattle_man,27690.0,19.88586864787132
CLUSTER_137,J,horse_man,2768.0,19.88586864787132
CLUSTER_137,J,pig_man,11.12,19.88586864787132
CLUSTER_157,J,horse_man,3454.0,55.96194975510164
CLUSTER_174,J,cattle_man,17810.0,8.95576574729111
CLUSTER_174,J,cattle_slu,117700.0,8.95576574729111
CLUSTER_174,J,horse_man,1427.5,8.95576574729111
CLUSTER_178,J,horse_man,5256.0,59.22403739445731
CLUSTER_191,J,cattle_man,11290.0,24.585781112389284
CLUSTER_191,J,horse_man,1592.0,24.585781112389284
CLUSTER_207,J,cattle_man,25080.0,10.827076244741654
CLUSTER_207,J,cattle_slu,171700.0,10.827076244741654
CLUSTER_207,J,horse_man,1783.0,10.827076244741654
CLUSTER_209,J,horse_man,1265.6,48.00733203453375
CLUSTER_224,J,cattle_man,12420.0,30.538749106822078
CLUSTER_224,J,horse_man,1438.0,30.538749106822078
CLUSTER_243,J,cattle_man,19320.0,40.743008723387945
CLUSTER_243,J,horse_man,2781.0,40.743008723387945
CLUSTER_252,J,cattle_man,23950.0,4.050690751312522
CLUSTER_252,J,cattle_slu,150300.0,4.050690751312522
CLUSTER_252,J,horse_man,2046.0,4.050690751312522
CLUSTER_264,J,cattle_man,33570.0,24.6923213422928
CLUSTER_264,J,horse_man,387.684,24.6923213422928
CLUSTER_264,J,pig_man,100.19925,24.6923213422928
CLUSTER_268,J,horse_man,1285.41,53.30309724242694
CLUSTER_28,J,horse_man,2761.9,63.05562442752115
CLUSTER_287,J,horse_man,1571.0,67.12043117514494
CLUSTER_3,J,horse_man,5877.0,68.60230354131583
CLUSTER_3,J,pig_man,16.916,68.60230354131583
CLUSTER_304,J,horse_man,706.6,53.59816022145559
CLUSTER_313,J,cattle_man,20560.0,18.22867483854881
CLUSTER_313,J,horse_man,2810.0,18.22867483854881
CLUSTER_313,J,pig_man,14.107,18.22867483854881
CLUSTER_329,J,cattle_man,13430.0,32.85133414734288
CLUSTER_329,J,horse_man,1337.0,32.85133414734288
CLUSTER_360,J,cattle_man,8890.0,31.091070267371126
CLUSTER_360,J,horse_man,2360.0,31.091070267371126
CLUSTER_362,J,cattle_man,13100.0,26.667281339696583
CLUSTER_362,J,horse_man,2769.0,26.667281339696583
CLUSTER_375,J,cattle_man,14310.0,28.86199960884833
CLUSTER_375,J,horse_man,280.5,28.86199960884833
CLUSTER_379,J,cattle_man,18540.0,26.598616143033738
CLUSTER_379,J,horse_man,612.5,26.598616143033738
CLUSTER_39,J,cattle_man,19310.0,19.670302179208047
CLUSTER_39,J,horse_man,1942.0,19.670302179208047
CLUSTER_391,J,horse_man,3066.0,51.824199553852985
CLUSTER_412,J,cattle_man,16640.0,30.10509284943306
CLUSTER_412,J,horse_man,2158.0,30.10509284943306
CLUSTER_422,J,cattle_man,4670.0,14.282354167131132
CLUSTER_422,J,horse_man,1414.0,14.282354167131132
CLUSTER_434,J,cattle_man,10390.0,18.83594095237602
CLUSTER_434,J,horse_man,816.4,18.83594095237602
CLUSTER_443,J,cattle_man,12880.0,33.478007363030265
CLUSTER_443,J,horse_man,1016.9999999999999,33.478007363030265
CLUSTER_480,J,horse_man,560.6,61.26108841242312
CLUSTER_489,J,horse_man,367.5,54.4236809208973
CLUSTER_492,J,cattle_man,6610.0,39.48893356755418
CLUSTER_492,J,horse_man,472.0,39.48893356755418
CLUSTER_502,J,horse_man,2093.0,46.26232667775421
CLUSTER_51,J,cattle_man,28020.0,13.776802000487264
CLUSTER_51,J,cattle_slu,111839.690637201,13.776802000487264
CLUSTER_51,J,horse_man,2617.0,13.776802000487264
CLUSTER_521,J,cattle_man,12160.0,14.805967913497348
CLUSTER_521,J,horse_man,1448.0,14.805967913497348
CLUSTER_527,J,cattle_man,7620.0,42.93702710269239
CLUSTER_527,J,horse_man,1912.0,42.93702710269239
CLUSTER_527,J,pig_man,48.0347,42.93702710269239
CLUSTER_53,J,horse_man,1543.0,46.55494465353841
CLUSTER_543,J,horse_man,158.9,32.95446113361991
CLUSTER_543,J,pig_man,36.089,32.95446113361991
CLUSTER_548,J,cattle_man,7311.0,37.03180634475638
CLUSTER_548,J,horse_man,2324.0,37.03180634475638
CLUSTER_65,J,cattle_man,29310.0,20.944392086613256
CLUSTER_65,J,horse_man,2654.0,20.944392086613256
CLUSTER_65,J,pig_man,165.989,20.944392086613256
CLUSTER_74,J,cattle_man,27550.0,18.738650308848825
CLUSTER_74,J,horse_man,3010.0,18.738650308848825
CLUSTER_84,J,horse_man,4351.0,55.16843201866229
CLUSTER_86,J,cattle_man,15698.0,38.529355327488425
CLUSTER_86,J,horse_man,1875.0,38.529355327488425
CLUSTER_94,J,cattle_man,10320.0,34.839028955539945
CLUSTER_94,J,horse_man,907.3,34.839028955539945
CLUSTER_157,K,cattle_man,22880.0,13.065908197274563
CLUSTER_157,K,legume_str,10.8,13.065908197274563
CLUSTER_178,K,rape_str,39.4,16.978942538023865
CLUSTER_178,K,legume_str,41.78,16.978942538023865
CLUSTER_204,K,cattle_man,10730.0,6.753338015905588
CLUSTER_204,K,cattle_slu,49310.0,6.753338015905588
CLUSTER_204,K,horse_man,2958.0,6.753338015905588
CLUSTER_204,K,pig_man,37.494,6.753338015905588
CLUSTER_204,K,legume_str,23.92,6.753338015905588
CLUSTER_226,K,cattle_man,16880.0,12.132329869687757
CLUSTER_226,K,horse_man,2471.6,12.132329869687757
CLUSTER_27,K,cattle_man,18405.0,7.734080099481492
CLUSTER_27,K,cattle_slu,60499.45090909089,7.734080099481492
CLUSTER_27,K,horse_man,4194.0,7.734080099481492
CLUSTER_27,K,legume_str,18.4,7.734080099481492
CLUSTER_281,K,horse_man,1024.5,27.01766506816664
CLUSTER_3,K,rape_str,310.9,21.7560250745828
CLUSTER_312,K,horse_man,1544.0,25.558199936069304
CLUSTER_352,K,cattle_man,13540.0,7.851900473776931
CLUSTER_352,K,horse_man,3832.0,7.851900473776931
CLUSTER_352,K,pig_man,32.1,7.851900473776931
CLUSTER_352,K,rape_str,33.3,7.851900473776931
CLUSTER_369,K,horse_man,3562.3,17.57458287679034
CLUSTER_369,K,rape_str,80.2,17.57458287679034
CLUSTER_396,K,horse_man,4460.0,26.954118932105025
CLUSTER_407,K,horse_man,3348.0,21.88440943304808
CLUSTER_5,K,horse_man,895.0,24.30912591391617
CLUSTER_508,K,horse_man,3810.0,18.81473120987589
CLUSTER_508,K,rape_str,67.5,18.81473120987589
CLUSTER_508,K,legume_str,52.2,18.81473120987589
CLUSTER_18,L,rape_str,930.0,24.98295886971467
CLUSTER_197,L,cattle_man,6600.0,11.600702600503766
CLUSTER_197,L,cattle_slu,1681.4645944127055,11.600702600503766
CLUSTER_197,L,beet_leaf,34.1,11.600702600503766
CLUSTER_197,L,rape_str,192.0,11.600702600503766
CLUSTER_197,L,legume_str,64.6,11.600702600503766
CLUSTER_21,L,rape_str,567.3,21.76041545731511
CLUSTER_21,L,legume_str,141.0,21.76041545731511
CLUSTER_249,L,cattle_man,9735.491489141636,14.56364447455632
CLUSTER_249,L,rape_str,1051.2,14.56364447455632
CLUSTER_249,L,legume_str,275.8,14.56364447455632
CLUSTER_261,L,cattle_man,10670.0,12.35394826118665
CLUSTER_261,L,beet_leaf,64.58,12.35394826118665
CLUSTER_261,L,rape_str,885.0,12.35394826118665
CLUSTER_261,L,legume_str,260.0,12.35394826118665
CLUSTER_357,L,rape_str,1320.0,16.525350496759692
CLUSTER_357,L,legume_str,131.1,16.525350496759692
CLUSTER_414,L,rape_str,522.6,19.48531872272972
CLUSTER_414,L,legume_str,213.38,19.48531872272972
CLUSTER_438,L,cattle_man,3331.0,6.299301792622229
CLUSTER_438,L,cattle_slu,18770.0,6.299301792622229
CLUSTER_438,L,pig_slu,2600.6,6.299301792622229
CLUSTER_438,L,rape_str,20.6,6.299301792622229
CLUSTER_438,L,legume_str,13.04,6.299301792622229
CLUSTER_529,L,rape_str,859.0,19.59058596250608
CLUSTER_529,L,legume_str,186.5,19.59058596250608
CLUSTER_59,L,cattle_man,5668.0,13.3383244538964
CLUSTER_59,L,beet_leaf,88.46,13.3383244538964
CLUSTER_59,L,rape_str,1029.9,13.3383244538964
CLUSTER_1,N,cattle_man,7654.55,32.3072838511313
CLUSTER_1,N,horse_man,642.4,32.3072838511313
CLUSTER_1,N,pig_man,381.6,32.3072838511313
CLUSTER_1,N,rape_str,1763.0,32.3072838511313
CLUSTER_1,N,legume_str,279.7,32.3072838511313
CLUSTER_101,N,horse_man,1895.41,59.19279128209864
CLUSTER_101,N,pig_man,311.45,59.19279128209864
CLUSTER_103,N,cattle_man,2660.0,49.30952320020257
CLUSTER_103,N,horse_man,678.2,49.30952320020257
CLUSTER_103,N,pig_man,791.300184,49.30952320020257
CLUSTER_108,N,cattle_man,372.4,52.506927760138566
CLUSTER_108,N,horse_man,2893.0,52.506927760138566
CLUSTER_108,N,pig_man,291.926,52.506927760138566
CLUSTER_11,N,cattle_man,3764.1,35.61897909608213
CLUSTER_11,N,horse_man,1455.0,35.61897909608213
CLUSTER_11,N,pig_man,23.6720704,35.61897909608213
CLUSTER_11,N,rape_str,672.41,35.61897909608213
CLUSTER_11,N,legume_str,180.37,35.61897909608213
CLUSTER_114,N,horse_man,632.9,76.91693117371206
CLUSTER_114,N,pig_man,77.82100000000001,76.91693117371206
CLUSTER_12,N,cattle_man,6212.0,17.443583194182164
CLUSTER_12,N,cattle_slu,47452.0,17.443583194182164
CLUSTER_12,N,horse_man,2496.5,17.443583194182164
CLUSTER_12,N,pig_man,96.610847,17.443583194182164
CLUSTER_12,N,maize_str,50.79,17.443583194182164
CLUSTER_12,N,rape_str,261.194,17.443583194182164
CLUSTER_12,N,legume_str,192.82,17.443583194182164
CLUSTER_140,N,cattle_man,7209.0,50.96238578654023
CLUSTER_140,N,horse_man,867.0,50.96238578654023
CLUSTER_140,N,pig_man,765.7,50.96238578654023
CLUSTER_141,N,cattle_man,6618.0,30.876068764494235
CLUSTER_141,N,horse_man,2815.0,30.876068764494235
CLUSTER_141,N,pig_man,111.971,30.876068764494235
CLUSTER_141,N,rape_str,1518.4,30.876068764494235
CLUSTER_141,N,legume_str,364.1,30.876068764494235
CLUSTER_147,N,cattle_man,5220.0,36.827781372373416
CLUSTER_147,N,horse_man,869.8,36.827781372373416
CLUSTER_147,N,pig_man,23.898,36.827781372373416
CLUSTER_147,N,rape_str,506.3,36.827781372373416
CLUSTER_147,N,legume_str,68.23,36.827781372373416
CLUSTER_148,N,pig_man,361.14175,56.98612530750702
CLUSTER_15,N,cattle_man,7650.0,9.924125361092468
CLUSTER_15,N,cattle_slu,47060.0,9.924125361092468
CLUSTER_15,N,horse_man,5057.0,9.924125361092468
CLUSTER_15,N,pig_man,68.319,9.924125361092468
CLUSTER_15,N,maize_str,45.96,9.924125361092468
CLUSTER_15,N,rape_str,787.2,9.924125361092468
CLUSTER_15,N,legume_str,224.491,9.924125361092468
CLUSTER_153,N,pig_man,71.88691,61.29380247860602
CLUSTER_160,N,cattle_man,5620.0,41.90794242637988
CLUSTER_160,N,horse_man,2174.2,41.90794242637988
CLUSTER_160,N,pig_man,238.759,41.90794242637988
CLUSTER_161,N,horse_man,429.62,77.53848703330446
CLUSTER_161,N,pig_man,1184.0,77.53848703330446
CLUSTER_167,N,cattle_man,16680.0,51.09214172405282
CLUSTER_167,N,horse_man,1062.4,51.09214172405282
CLUSTER_167,N,pig_man,722.3,51.09214172405282
CLUSTER_169,N,cattle_man,8425.7,47.31723821436299
CLUSTER_169,N,horse_man,1079.5,47.31723821436299
CLUSTER_169,N,pig_man,332.076,47.31723821436299
CLUSTER_171,N,cattle_man,11040.0,37.04091388855871
CLUSTER_171,N,horse_man,1981.0000000000002,37.04091388855871
CLUSTER_171,N,pig_man,887.0,37.04091388855871
CLUSTER_171,N,rape_str,1563.0,37.04091388855871
CLUSTER_171,N,legume_str,188.6,37.04091388855871
CLUSTER_181,N,pig_man,1482.4,82.03795772837412
CLUSTER_183,N,horse_man,2503.0,71.46145311229664
CLUSTER_183,N,pig_man,458.82,71.46145311229664
CLUSTER_188,N,cattle_man,6172.0,16.352591820309843
CLUSTER_188,N,cattle_slu,39630.0,16.352591820309843
CLUSTER_188,N,horse_man,1732.0,16.352591820309843
CLUSTER_188,N,pig_man,27.346000000000004,16.352591820309843
CLUSTER_188,N,maize_str,198.76,16.352591820309843
CLUSTER_188,N,rape_str,21.25,16.352591820309843
CLUSTER_188,N,legume_str,67.118,16.352591820309843
CLUSTER_19,N,cattle_man,13523.0,49.47294723522028
CLUSTER_19,N,horse_man,1890.0,49.47294723522028
CLUSTER_19,N,pig_man,322.3,49.47294723522028
CLUSTER_190,N,horse_man,1595.7,62.67249094637193
CLUSTER_190,N,pig_man,1086.0,62.67249094637193
CLUSTER_194,N,pig_man,308.943,82.5866176040469
CLUSTER_197,N,horse_man,194.9,61.36673539553186
CLUSTER_199,N,horse_man,704.0,65.1020547617721
CLUSTER_199,N,pig_man,341.399,65.1020547617721
CLUSTER_217,N,horse_man,1360.0,73.36684635758337
CLUSTER_217,N,pig_man,542.22,73.36684635758337
CLUSTER_219,N,cattle_man,5290.0,40.46278946071544
CLUSTER_219,N,horse_man,452.0,40.46278946071544
CLUSTER_219,N,pig_man,686.0,40.46278946071544
CLUSTER_219,N,rape_str,2300.0,40.46278946071544
CLUSTER_219,N,legume_str,276.0,40.46278946071544
CLUSTER_220,N,cattle_man,1849.0,47.89128596272607
CLUSTER_220,N,horse_man,806.0,47.89128596272607
CLUSTER_220,N,pig_man,25.08,47.89128596272607
CLUSTER_221,N,horse_man,1171.9,58.30052616291926
CLUSTER_221,N,pig_man,218.174,58.30052616291926
CLUSTER_222,N,horse_man,643.3,69.06582512712134
CLUSTER_222,N,pig_man,43.141,69.06582512712134
CLUSTER_230,N,cattle_man,11370.0,35.33878649734148
CLUSTER_230,N,horse_man,900.0,35.33878649734148
CLUSTER_230,N,pig_man,156.99,35.33878649734148
CLUSTER_232,N,horse_man,3168.0,60.40984769929113
CLUSTER_232,N,pig_man,245.34999999999997,60.40984769929113
CLUSTER_237,N,cattle_man,4862.0,51.07981226751477
CLUSTER_237,N,horse_man,478.63,51.07981226751477
CLUSTER_237,N,pig_man,687.516,51.07981226751477
CLUSTER_242,N,cattle_man,11300.0,46.90602127143289
CLUSTER_242,N,horse_man,850.0,46.90602127143289
CLUSTER_242,N,pig_man,257.9398,46.90602127143289
CLUSTER_248,N,horse_man,258.4,70.11812274819577
CLUSTER_248,N,pig_man,337.0,70.11812274819577
CLUSTER_249,N,pig_man,509.2300000000001,79.80457276893443
CLUSTER_255,N,pig_man,204.36,90.15314698938091
CLUSTER_259,N,cattle_man,11538.0,39.8602813928401
CLUSTER_259,N,horse_man,817.6,39.8602813928401
CLUSTER_259,N,pig_man,260.08,39.8602813928401
CLUSTER_261,N,pig_man,42.392,71.9383275309829
CLUSTER_262,N,cattle_man,7320.0,24.611796963408302
CLUSTER_262,N,horse_man,491.0,24.611796963408302
CLUSTER_262,N,pig_man,55.52,24.611796963408302
CLUSTER_262,N,rape_str,727.9,24.611796963408302
CLUSTER_262,N,legume_str,189.5,24.611796963408302
CLUSTER_265,N,cattle_man,1417.0,46.297610433742975
CLUSTER_265,N,horse_man,1119.1,46.297610433742975
CLUSTER_265,N,pig_man,39.79,46.297610433742975
CLUSTER_266,N,cattle_man,5864.8,38.83355272702504
CLUSTER_266,N,horse_man,271.0126,38.83355272702504
CLUSTER_266,N,pig_man,616.51,38.83355272702504
CLUSTER_266,N,legume_str,14.388000000000002,38.83355272702504
CLUSTER_269,N,horse_man,2387.8,64.33664016060149
CLUSTER_269,N,pig_man,389.745,64.33664016060149
CLUSTER_272,N,cattle_man,3166.9,32.71803328922805
CLUSTER_272,N,horse_man,1033.0,32.71803328922805
CLUSTER_272,N,rape_str,238.3,32.71803328922805
CLUSTER_272,N,legume_str,111.767,32.71803328922805
CLUSTER_278,N,horse_man,660.7,70.05720326942124
CLUSTER_278,N,pig_man,334.991,70.05720326942124
CLUSTER_289,N,pig_man,222.68,64.16108007317548
CLUSTER_293,N,pig_man,338.2269,81.95862196062566
CLUSTER_294,N,horse_man,1187.9,46.81589300183706
CLUSTER_294,N,pig_man,937.6,46.81589300183706
CLUSTER_30,N,horse_man,478.27,66.83587627617717
CLUSTER_30,N,pig_man,2280.0,66.83587627617717
CLUSTER_303,N,pig_man,1707.0,76.8219913985438
CLUSTER_314,N,horse_man,639.0,57.66528101999437
CLUSTER_314,N,pig_man,452.226,57.66528101999437
CLUSTER_317,N,pig_man,92.31,109.83653060247242
CLUSTER_32,N,pig_man,176.1042,86.12084948509111
CLUSTER_322,N,cattle_man,5790.0,14.561756345981063
CLUSTER_322,N,cattle_slu,28610.0,14.561756345981063
CLUSTER_322,N,horse_man,1355.0,14.561756345981063
CLUSTER_322,N,pig_man,57.48,14.561756345981063
CLUSTER_322,N,maize_str,206.2,14.561756345981063
CLUSTER_322,N,rape_str,704.3,14.561756345981063
CLUSTER_322,N,legume_str,115.8,14.561756345981063
CLUSTER_326,N,pig_man,707.3,95.73774783938292
CLUSTER_333,N,pig_man,364.2,70.78689130798733
CLUSTER_346,N,cattle_man,146.3,15.111891509836216
CLUSTER_346,N,cattle_slu,1167.2,15.111891509836216
CLUSTER_346,N,horse_man,804.6,15.111891509836216
CLUSTER_346,N,maize_str,86.7,15.111891509836216
CLUSTER_346,N,beet_leaf,12.9,15.111891509836216
CLUSTER_346,N,rape_str,14.6,15.111891509836216
CLUSTER_347,N,horse_man,826.5,62.68754501968932
CLUSTER_347,N,pig_man,55.193,62.68754501968932
CLUSTER_348,N,pig_man,264.2,70.33209919386502
CLUSTER_351,N,cattle_man,14750.0,23.32720038103152
CLUSTER_351,N,cattle_slu,15779.599024160876,23.32720038103152
CLUSTER_351,N,horse_man,1500.0,23.32720038103152
CLUSTER_351,N,pig_man,456.3,23.32720038103152
CLUSTER_351,N,rape_str,1727.0,23.32720038103152
CLUSTER_351,N,legume_str,523.0,23.32720038103152
CLUSTER_361,N,pig_man,900.0,89.28986419842664
CLUSTER_367,N,pig_man,1184.2,99.12515297148128
CLUSTER_377,N,pig_man,294.4,85.7786309972076
CLUSTER_380,N,pig_man,506.99999999999994,74.33229714261539
CLUSTER_381,N,cattle_man,4175.2,35.031735833917494
CLUSTER_381,N,horse_man,1692.89,35.031735833917494
CLUSTER_381,N,pig_man,167.133571,35.031735833917494
CLUSTER_382,N,cattle_man,2959.0,47.89718058696931
CLUSTER_382,N,horse_man,1045.0,47.89718058696931
CLUSTER_382,N,pig_man,429.0,47.89718058696931
CLUSTER_384,N,cattle_man,3170.0,38.396182870817135
CLUSTER_384,N,horse_man,619.0,38.396182870817135
CLUSTER_384,N,pig_man,123.71,38.396182870817135
CLUSTER_384,N,rape_str,817.0,38.396182870817135
CLUSTER_384,N,legume_str,93.3,38.396182870817135
CLUSTER_387,N,horse_man,1714.3,74.65709141097055
CLUSTER_387,N,pig_man,180.0399,74.65709141097055
CLUSTER_390,N,horse_man,147.848,58.62264250560115
CLUSTER_390,N,pig_man,1056.886,58.62264250560115
CLUSTER_392,N,cattle_man,5800.0,22.11112152008039
CLUSTER_392,N,cattle_slu,38600.0,22.11112152008039
CLUSTER_392,N,horse_man,513.0,22.11112152008039
CLUSTER_392,N,pig_man,46.5,22.11112152008039
CLUSTER_392,N,rape_str,1560.0,22.11112152008039
CLUSTER_392,N,legume_str,315.9,22.11112152008039
CLUSTER_394,N,cattle_man,6080.0,33.91137779036167
CLUSTER_394,N,horse_man,571.3,33.91137779036167
CLUSTER_394,N,pig_man,434.7,33.91137779036167
CLUSTER_394,N,rape_str,3108.0,33.91137779036167
CLUSTER_394,N,legume_str,403.6,33.91137779036167
CLUSTER_395,N,horse_man,552.0799999999999,51.57477301244601
CLUSTER_395,N,pig_man,29.4111,51.57477301244601
CLUSTER_40,N,cattle_man,5321.0,28.518472837813334
CLUSTER_40,N,horse_man,2457.6,28.518472837813334
CLUSTER_40,N,pig_man,213.46,28.518472837813334
CLUSTER_40,N,rape_str,458.3,28.518472837813334
CLUSTER_40,N,legume_str,180.49,28.518472837813334
CLUSTER_404,N,cattle_man,4430.0,21.003807242384923
CLUSTER_404,N,cattle_slu,40280.0,21.003807242384923
CLUSTER_404,N,horse_man,1860.0,21.003807242384923
CLUSTER_404,N,pig_man,75.63,21.003807242384923
CLUSTER_404,N,rape_str,430.0,21.003807242384923
CLUSTER_404,N,legume_str,89.80000000000001,21.003807242384923
CLUSTER_405,N,pig_man,1316.0,68.89012639173413
CLUSTER_409,N,cattle_man,12230.0,56.23432976643847
CLUSTER_409,N,horse_man,858.0,56.23432976643847
CLUSTER_409,N,pig_man,568.9,56.23432976643847
CLUSTER_41,N,cattle_man,390.8,43.65042949570344
CLUSTER_41,N,horse_man,2108.8,43.65042949570344
CLUSTER_41,N,pig_man,16.8586,43.65042949570344
CLUSTER_414,N,horse_man,1048.1,58.84543915708093
CLUSTER_414,N,pig_man,218.538,58.84543915708093
CLUSTER_418,N,pig_man,116.425,76.22712633385373
CLUSTER_420,N,horse_man,315.77,56.57566323141164
CLUSTER_420,N,pig_man,412.5,56.57566323141164
CLUSTER_421,N,cattle_man,2121.0,49.84178948608338
CLUSTER_421,N,horse_man,802.6,49.84178948608338
CLUSTER_425,N,cattle_man,2512.95,38.30723149235684
CLUSTER_425,N,horse_man,526.6,38.30723149235684
CLUSTER_425,N,pig_man,14.561,38.30723149235684
CLUSTER_425,N,rape_str,615.3,38.30723149235684
CLUSTER_425,N,legume_str,35.99,38.30723149235684
CLUSTER_433,N,horse_man,1106.0,52.4394137194602
CLUSTER_433,N,pig_man,179.118,52.4394137194602
CLUSTER_435,N,cattle_man,3989.9999999999995,9.409640230184513
CLUSTER_435,N,cattle_slu,23870.0,9.409640230184513
CLUSTER_435,N,horse_man,1508.0,9.409640230184513
CLUSTER_435,N,pig_man,46.49,9.409640230184513
CLUSTER_435,N,maize_str,65.7,9.409640230184513
CLUSTER_435,N,rape_str,153.1,9.409640230184513
CLUSTER_435,N,legume_str,63.4,9.409640230184513
CLUSTER_438,N,horse_man,832.8,71.73448446152292
CLUSTER_438,N,pig_man,223.18,71.73448446152292
CLUSTER_444,N,cattle_man,2690.0,56.2594958410048
CLUSTER_444,N,horse_man,379.2,56.2594958410048
CLUSTER_444,N,pig_man,84.611,56.2594958410048
CLUSTER_445,N,pig_man,3700.0,77.79801016786628
CLUSTER_454,N,cattle_man,5716.1,41.39466662217614
CLUSTER_454,N,horse_man,105.4,41.39466662217614
CLUSTER_454,N,pig_man,279.8,41.39466662217614
CLUSTER_455,N,pig_man,488.40999999999997,94.30678787534325
CLUSTER_459,N,horse_man,167.4,61.55521205344378
CLUSTER_459,N,pig_man,243.8,61.55521205344378
CLUSTER_46,N,pig_man,83.87871,68.93077034972711
CLUSTER_460,N,horse_man,392.16,77.36748047082024
CLUSTER_460,N,pig_man,189.907,77.36748047082024
CLUSTER_462,N,horse_man,386.0,69.83999164107047
CLUSTER_462,N,pig_man,169.4,69.83999164107047
CLUSTER_465,N,horse_man,1448.0,84.43429498217232
CLUSTER_465,N,pig_man,518.0,84.43429498217232
CLUSTER_467,N,pig_man,1040.9,113.03072072961416
CLUSTER_468,N,horse_man,11.2,58.81609362610064
CLUSTER_476,N,cattle_man,2730.0,7.720936088198288
CLUSTER_476,N,cattle_slu,21010.0,7.720936088198288
CLUSTER_476,N,horse_man,492.00000000000006,7.720936088198288
CLUSTER_476,N,pig_slu,101.3,7.720936088198288
CLUSTER_476,N,maize_str,70.1,7.720936088198288
CLUSTER_476,N,rape_str,21.8,7.720936088198288
CLUSTER_476,N,legume_str,20.15,7.720936088198288
CLUSTER_483,N,pig_man,2458.9,80.38225857292352
CLUSTER_486,N,horse_man,429.2,69.097370022688
CLUSTER_486,N,pig_man,772.0,69.097370022688
CLUSTER_490,N,cattle_man,3600.0,32.006009822690984
CLUSTER_490,N,horse_man,745.2,32.006009822690984
CLUSTER_490,N,pig_man,105.9,32.006009822690984
CLUSTER_490,N,rape_str,340.0,32.006009822690984
CLUSTER_490,N,legume_str,80.4,32.006009822690984
CLUSTER_494,N,pig_man,566.9,94.26443833453123
CLUSTER_50,N,pig_man,604.7121,65.65122962422296
CLUSTER_506,N,pig_man,228.0325,94.64536269013254
CLUSTER_510,N,cattle_man,2238.5,31.81434222600124
CLUSTER_510,N,horse_man,1319.0,31.81434222600124
CLUSTER_510,N,rape_str,86.1,31.81434222600124
CLUSTER_510,N,legume_str,52.36,31.81434222600124
CLUSTER_512,N,cattle_man,5080.0,37.05815719643466
CLUSTER_512,N,horse_man,541.0,37.05815719643466
CLUSTER_512,N,pig_man,391.0,37.05815719643466
CLUSTER_512,N,rape_str,499.0,37.05815719643466
CLUSTER_512,N,legume_str,138.2,37.05815719643466
CLUSTER_524,N,cattle_man,2192.0,36.50230143580973
CLUSTER_524,N,horse_man,1677.6,36.50230143580973
CLUSTER_524,N,pig_man,18.178,36.50230143580973
CLUSTER_525,N,pig_man,24.965,103.26251385809792
CLUSTER_526,N,pig_man,141.0,114.9129027034794
CLUSTER_529,N,cattle_man,7480.0,46.18459654248634
CLUSTER_529,N,horse_man,807.0,46.18459654248634
CLUSTER_529,N,pig_man,18.6,46.18459654248634
CLUSTER_532,N,horse_man,177.7,53.70112805082932
CLUSTER_532,N,pig_man,411.16,53.70112805082932
CLUSTER_535,N,pig_man,303.3,102.90703053067584
CLUSTER_536,N,cattle_man,3358.0,28.72467322838852
CLUSTER_536,N,horse_man,483.9,28.72467322838852
CLUSTER_536,N,pig_man,168.6,28.72467322838852
CLUSTER_536,N,rape_str,222.0,28.72467322838852
CLUSTER_536,N,legume_str,88.69999999999999,28.72467322838852
CLUSTER_55,N,cattle_man,3272.0,22.92860903678731
CLUSTER_55,N,cattle_slu,23760.0,22.92860903678731
CLUSTER_55,N,horse_man,3076.3,22.92860903678731
CLUSTER_55,N,pig_man,46.48,22.92860903678731
CLUSTER_55,N,rape_str,291.6,22.92860903678731
CLUSTER_55,N,legume_str,299.8,22.92860903678731
CLUSTER_59,N,horse_man,456.477,66.19470827716778
CLUSTER_59,N,pig_man,56.019,66.19470827716778
CLUSTER_6,N,horse_man,339.439139,75.78529621387582
CLUSTER_6,N,pig_man,1816.7,75.78529621387582
CLUSTER_66,N,horse_man,880.00908,62.71802350639405
CLUSTER_66,N,pig_man,180.310571,62.71802350639405
CLUSTER_7,N,cattle_man,6818.0,45.51679711931823
CLUSTER_7,N,horse_man,843.8,45.51679711931823
CLUSTER_7,N,pig_man,353.272,45.51679711931823
CLUSTER_72,N,cattle_man,21650.0,24.38306296080844
CLUSTER_72,N,horse_man,4938.0,24.38306296080844
CLUSTER_72,N,pig_man,949.3,24.38306296080844
CLUSTER_72,N,rape_str,3098.0,24.38306296080844
CLUSTER_72,N,legume_str,700.5,24.38306296080844
CLUSTER_76,N,cattle_man,2539.0,24.772813642373222
CLUSTER_76,N,horse_man,2263.0,24.772813642373222
CLUSTER_76,N,pig_man,125.42999999999999,24.772813642373222
CLUSTER_76,N,rape_str,35.114,24.772813642373222
CLUSTER_76,N,legume_str,109.68,24.772813642373222
CLUSTER_77,N,cattle_man,15680.0,29.81415724854001
CLUSTER_77,N,horse_man,1160.0,29.81415724854001
CLUSTER_77,N,pig_man,82.7,29.81415724854001
CLUSTER_77,N,rape_str,1929.0,29.81415724854001
CLUSTER_77,N,legume_str,300.0,29.81415724854001
CLUSTER_78,N,cattle_man,7012.0,34.843704392679804
CLUSTER_78,N,horse_man,873.4,34.843704392679804
CLUSTER_78,N,pig_man,141.0,34.843704392679804
CLUSTER_78,N,rape_str,178.1,34.843704392679804
CLUSTER_78,N,legume_str,40.33,34.843704392679804
CLUSTER_82,N,pig_man,554.226263,65.05409989165997
CLUSTER_87,N,pig_man,544.04,99.21801609894182
CLUSTER_88,N,cattle_man,1437.0,42.50472076885264
CLUSTER_88,N,horse_man,1496.2,42.50472076885264
CLUSTER_88,N,pig_man,46.485800000000005,42.50472076885264
CLUSTER_96,N,cattle_man,3690.0,21.353288655590845
CLUSTER_96,N,cattle_slu,25860.0,21.353288655590845
CLUSTER_96,N,horse_man,2943.838,21.353288655590845
CLUSTER_96,N,pig_man,107.14,21.353288655590845
CLUSTER_96,N,rape_str,553.6,21.353288655590845
CLUSTER_96,N,legume_str,216.1,21.353288655590845
CLUSTER_110,O,horse_man,797.0,20.49873217417336
CLUSTER_110,O,rape_str,218.1,20.49873217417336
CLUSTER_110,O,legume_str,32.8,20.49873217417336
CLUSTER_119,O,pig_man,210.9,25.270236585159687
CLUSTER_163,O,horse_man,1805.0,20.454346041988394
CLUSTER_163,O,rape_str,435.3,20.454346041988394
CLUSTER_163,O,legume_str,26.23,20.454346041988394
CLUSTER_173,O,cattle_man,7846.000000000001,11.015072656192917
CLUSTER_173,O,horse_man,973.0,11.015072656192917
CLUSTER_173,O,pig_man,64.52416,11.015072656192917
CLUSTER_173,O,rape_str,696.9,11.015072656192917
CLUSTER_173,O,legume_str,245.0,11.015072656192917
CLUSTER_177,O,cattle_man,5132.0,9.28037729145628
CLUSTER_177,O,cattle_slu,4510.4,9.28037729145628
CLUSTER_177,O,horse_man,285.4,9.28037729145628
CLUSTER_177,O,pig_man,779.21,9.28037729145628
CLUSTER_177,O,beet_leaf,2919.0,9.28037729145628
CLUSTER_177,O,rape_str,3337.0,9.28037729145628
CLUSTER_177,O,legume_str,144.7,9.28037729145628
CLUSTER_179,O,horse_man,1139.0,15.5585677577792
CLUSTER_179,O,pig_man,63.56600000000001,15.5585677577792
CLUSTER_179,O,rape_str,741.5,15.5585677577792
CLUSTER_179,O,legume_str,197.6,15.5585677577792
CLUSTER_200,O,horse_man,797.9,19.920834355447536
CLUSTER_200,O,pig_man,508.565,19.920834355447536
CLUSTER_200,O,rape_str,2260.0,19.920834355447536
CLUSTER_200,O,legume_str,199.5,19.920834355447536
CLUSTER_236,O,pig_man,144.7,18.459959161287223
CLUSTER_238,O,pig_man,123.38,26.936375000827955
CLUSTER_271,O,pig_man,831.7,23.68483299342132
CLUSTER_410,O,horse_man,762.2682595413892,21.21008776095509
CLUSTER_410,O,pig_man,261.9019,21.21008776095509
CLUSTER_410,O,rape_str,2374.0,21.21008776095509
CLUSTER_430,O,cattle_man,1180.0,8.073334789230962
CLUSTER_430,O,cattle_slu,644.35,8.073334789230962
CLUSTER_430,O,horse_man,480.0,8.073334789230962
CLUSTER_430,O,pig_man,159.375,8.073334789230962
CLUSTER_430,O,beet_leaf,674.0,8.073334789230962
CLUSTER_430,O,rape_str,1226.0,8.073334789230962
CLUSTER_430,O,legume_str,108.18,8.073334789230962
CLUSTER_449,O,horse_man,518.500398,15.545379694377514
CLUSTER_449,O,pig_man,577.091,15.545379694377514
CLUSTER_449,O,rape_str,2855.0,15.545379694377514
CLUSTER_449,O,legume_str,67.55,15.545379694377514
CLUSTER_49,O,pig_man,231.961,15.369252178462164
CLUSTER_49,O,beet_leaf,3260.5209782253473,15.369252178462164
CLUSTER_491,O,pig_man,236.64,19.159090167258864
CLUSTER_538,O,cattle_man,3387.0,6.747766169003415
CLUSTER_538,O,cattle_slu,3543.0,6.747766169003415
CLUSTER_538,O,horse_man,768.4,6.747766169003415
CLUSTER_538,O,pig_man,151.197,6.747766169003415
CLUSTER_538,O,beet_leaf,343.8,6.747766169003415
CLUSTER_538,O,rape_str,957.0,6.747766169003415
CLUSTER_538,O,legume_str,213.05,6.747766169003415
CLUSTER_80,O,cattle_man,2733.9,10.99546450188372
CLUSTER_80,O,horse_man,210.9,10.99546450188372
CLUSTER_80,O,pig_man,275.303,10.99546450188372
CLUSTER_80,O,beet_leaf,2904.0,10.99546450188372
CLUSTER_80,O,rape_str,3516.0,10.99546450188372
CLUSTER_80,O,legume_str,346.7,10.99546450188372
CLUSTER_95,O,pig_man,778.92,28.222191367181814
CLUSTER_10,P,cattle_man,3121.0,7.214627581426665
CLUSTER_10,P,cattle_slu,4278.1,7.214627581426665
CLUSTER_10,P,horse_man,1392.2,7.214627581426665
CLUSTER_10,P,pig_slu,289.46,7.214627581426665
CLUSTER_10,P,pig_man,15.9693,7.214627581426665
CLUSTER_10,P,rape_str,247.74999999999997,7.214627581426665
CLUSTER_10,P,legume_str,66.8,7.214627581426665
CLUSTER_139,P,pig_man,42.67,26.049506025793598
CLUSTER_156,P,cattle_man,3713.2,10.400670471337198
CLUSTER_156,P,cattle_slu,4054.0000000000005,10.400670471337198
CLUSTER_156,P,horse_man,1144.7,10.400670471337198
CLUSTER_156,P,pig_man,137.8229,10.400670471337198
CLUSTER_156,P,beet_leaf,1645.165,10.400670471337198
CLUSTER_156,P,rape_str,1599.0,10.400670471337198
CLUSTER_156,P,legume_str,342.4,10.400670471337198
CLUSTER_158,P,cattle_man,792.0,6.280945075349567
CLUSTER_158,P,cattle_slu,1096.0,6.280945075349567
CLUSTER_158,P,horse_man,253.79999999999998,6.280945075349567
CLUSTER_158,P,pig_slu,10.27,6.280945075349567
CLUSTER_158,P,rape_str,44.4,6.280945075349567
CLUSTER_158,P,legume_str,41.66,6.280945075349567
CLUSTER_164,P,pig_man,46.635000000000005,26.399788511378777
CLUSTER_170,P,horse_man,782.0,13.839648190387114
CLUSTER_170,P,rape_str,334.9,13.839648190387114
CLUSTER_172,P,horse_man,2882.7,17.718474213544805
CLUSTER_172,P,beet_leaf,106.0,17.718474213544805
CLUSTER_172,P,rape_str,473.5,17.718474213544805
CLUSTER_172,P,legume_str,102.3,17.718474213544805
CLUSTER_251,P,pig_man,335.71000000000004,24.31963675029136
CLUSTER_260,P,pig_man,45.446,27.47262861429124
CLUSTER_277,P,pig_man,203.959,20.707375096873143
CLUSTER_277,P,rape_str,2519.0,20.707375096873143
CLUSTER_310,P,pig_man,67.1,27.058040738237917
CLUSTER_325,P,pig_man,710.15139,27.98343566571443
CLUSTER_334,P,pig_man,214.22,35.17750284323162
CLUSTER_388,P,cattle_man,490.4,7.997379756300884
CLUSTER_388,P,cattle_slu,630.7,7.997379756300884
CLUSTER_388,P,horse_man,410.3,7.997379756300884
CLUSTER_424,P,horse_man,879.04,16.290228827673165
CLUSTER_424,P,pig_man,185.966,16.290228827673165
CLUSTER_424,P,beet_leaf,3601.0,16.290228827673165
CLUSTER_424,P,rape_str,2239.8,16.290228827673165
CLUSTER_424,P,legume_str,524.5,16.290228827673165
CLUSTER_426,P,pig_man,46.733,28.227940392034967
CLUSTER_47,P,horse_man,414.0,16.838189352848836
CLUSTER_47,P,rape_str,155.0,16.838189352848836
CLUSTER_497,P,horse_man,138.1,12.738569469972122
CLUSTER_497,P,pig_man,347.9,12.738569469972122
CLUSTER_497,P,beet_leaf,4640.0,12.738569469972122
CLUSTER_497,P,rape_str,1290.0,12.738569469972122
CLUSTER_497,P,legume_str,206.1,12.738569469972122
CLUSTER_530,P,pig_man,84.5,24.58645260582826
CLUSTER_56,P,horse_man,1846.8,19.180927057332344
CLUSTER_56,P,pig_man,427.76,19.180927057332344
CLUSTER_56,P,rape_str,1531.2,19.180927057332344
CLUSTER_56,P,legume_str,61.13,19.180927057332344
CLUSTER_60,P,horse_man,2323.8150600790527,19.31785396059094
CLUSTER_60,P,pig_man,45.1582,19.31785396059094
CLUSTER_60,P,rape_str,542.5,19.31785396059094
CLUSTER_60,P,legume_str,82.928,19.31785396059094
CLUSTER_101,Q,cattle_man,7667.4141,14.456245101679684
CLUSTER_176,Q,cattle_man,2533.2,8.125968911826348
CLUSTER_176,Q,cattle_slu,12210.0,8.125968911826348
CLUSTER_176,Q,horse_man,750.0,8.125968911826348
CLUSTER_229,Q,cattle_man,1142.8,12.841222802587044
CLUSTER_248,Q,cattle_man,377.0,15.033166913554275
CLUSTER_303,Q,cattle_man,3262.0,10.164315039762087
CLUSTER_303,Q,horse_man,1570.0,10.164315039762087
CLUSTER_42,Q,cattle_man,15075.0,18.76432076866688
CLUSTER_452,Q,cattle_man,3960.0,9.460109681746705
CLUSTER_452,Q,horse_man,922.0,9.460109681746705
CLUSTER_459,Q,cattle_man,3719.2,19.42748750806052
CLUSTER_496,Q,cattle_man,6675.3,20.202541509342023
CLUSTER_82,Q,cattle_man,7392.7,8.77732505036834
CLUSTER_82,Q,cattle_slu,29186.15212682146,8.77732505036834
CLUSTER_82,Q,horse_man,1220.1,8.77732505036834
CLUSTER_9,Q,cattle_man,268.629966689851,20.479564218404665
CLUSTER_109,R,cattle_man,10424.0,23.060080617991986
CLUSTER_109,R,horse_man,2924.0,23.060080617991986
CLUSTER_109,R,pig_man,121.22265,23.060080617991986
CLUSTER_109,R,maize_str,39.23,23.060080617991986
CLUSTER_109,R,rape_str,16.3,23.060080617991986
CLUSTER_109,R,legume_str,13.7,23.060080617991986
CLUSTER_130,R,horse_man,373.2,70.06307798840577
CLUSTER_130,R,pig_man,304.35,70.06307798840577
CLUSTER_143,R,cattle_man,20920.0,31.15008619333775
CLUSTER_143,R,horse_man,1329.0,31.15008619333775
CLUSTER_143,R,pig_man,52.20089,31.15008619333775
CLUSTER_146,R,cattle_man,2485.0,34.1887985520934
CLUSTER_146,R,horse_man,847.0,34.1887985520934
CLUSTER_150,R,cattle_man,18940.0,31.052399583243957
CLUSTER_150,R,horse_man,998.0,31.052399583243957
CLUSTER_150,R,pig_man,605.1,31.052399583243957
CLUSTER_155,R,cattle_man,533.52,35.03882462152154
CLUSTER_155,R,horse_man,1141.3,35.03882462152154
CLUSTER_155,R,pig_man,1243.7,35.03882462152154
CLUSTER_155,R,rape_str,1777.0,35.03882462152154
CLUSTER_155,R,legume_str,662.1,35.03882462152154
CLUSTER_17,R,horse_man,663.59,59.3317744262493
CLUSTER_17,R,pig_man,202.955,59.3317744262493
CLUSTER_184,R,cattle_man,2092.0,47.57492917655144
CLUSTER_184,R,horse_man,556.0,47.57492917655144
CLUSTER_189,R,cattle_man,4488.98,17.53215209134821
CLUSTER_189,R,cattle_slu,27124.0,17.53215209134821
CLUSTER_189,R,horse_man,1789.0,17.53215209134821
CLUSTER_193,R,cattle_man,1113.0,27.085088863047563
CLUSTER_193,R,horse_man,1133.0,27.085088863047563
CLUSTER_195,R,cattle_man,17240.0,19.82530730328313
CLUSTER_195,R,horse_man,1276.5,19.82530730328313
CLUSTER_195,R,pig_man,34.13825,19.82530730328313
CLUSTER_195,R,maize_str,21.4,19.82530730328313
CLUSTER_195,R,rape_str,51.9,19.82530730328313
CLUSTER_195,R,legume_str,17.12,19.82530730328313
CLUSTER_196,R,horse_man,1807.0,70.53121222354338
CLUSTER_202,R,cattle_man,16100.0,23.2292444871752
CLUSTER_202,R,horse_man,1917.3,23.2292444871752
CLUSTER_202,R,pig_man,229.17,23.2292444871752
CLUSTER_202,R,maize_str,1620.21,23.2292444871752
CLUSTER_202,R,rape_str,65.6,23.2292444871752
CLUSTER_202,R,legume_str,151.06,23.2292444871752
CLUSTER_208,R,horse_man,366.63462268367624,79.88529940816949
CLUSTER_208,R,pig_man,22.65,79.88529940816949
CLUSTER_223,R,cattle_man,9326.0,18.0693322334472
CLUSTER_223,R,cattle_slu,53130.0,18.0693322334472
CLUSTER_223,R,horse_man,1582.6,18.0693322334472
CLUSTER_223,R,pig_man,439.438657,18.0693322334472
CLUSTER_223,R,maize_str,1682.3,18.0693322334472
CLUSTER_223,R,rape_str,240.1,18.0693322334472
CLUSTER_223,R,legume_str,122.22,18.0693322334472
CLUSTER_225,R,horse_man,1039.7,47.98411333381514
CLUSTER_225,R,pig_man,1314.9,47.98411333381514
CLUSTER_228,R,cattle_man,10463.0,20.131254443373123
CLUSTER_228,R,horse_man,1313.4,20.131254443373123
CLUSTER_231,R,cattle_man,13870.0,20.143135727135626
CLUSTER_231,R,horse_man,1176.0,20.143135727135626
CLUSTER_231,R,pig_man,10.6436,20.143135727135626
CLUSTER_231,R,maize_str,13.35,20.143135727135626
CLUSTER_231,R,legume_str,26.42,20.143135727135626
CLUSTER_233,R,cattle_man,5430.0,46.59510604672693
CLUSTER_233,R,horse_man,1224.0,46.59510604672693
CLUSTER_233,R,pig_man,435.2,46.59510604672693
CLUSTER_241,R,cattle_man,10430.0,10.219270817694646
CLUSTER_241,R,cattle_slu,56779.99999999999,10.219270817694646
CLUSTER_241,R,horse_man,968.1,10.219270817694646
CLUSTER_241,R,maize_str,29.1,10.219270817694646
CLUSTER_241,R,rape_str,46.0,10.219270817694646
CLUSTER_241,R,legume_str,14.47,10.219270817694646
CLUSTER_250,R,cattle_man,8735.82,26.15311497275041
CLUSTER_250,R,horse_man,1190.0,26.15311497275041
CLUSTER_250,R,pig_man,54.334,26.15311497275041
CLUSTER_250,R,maize_str,6.72234999534198,26.15311497275041
CLUSTER_254,R,cattle_man,8256.0,1.982861947344351
CLUSTER_254,R,cattle_slu,49120.0,1.982861947344351
CLUSTER_254,R,horse_man,1711.5,1.982861947344351
CLUSTER_254,R,pig_slu,34.96,1.982861947344351
CLUSTER_258,R,horse_man,1914.0,45.897855560574506
CLUSTER_270,R,cattle_man,9712.0,12.981428380208968
CLUSTER_270,R,cattle_slu,47590.0,12.981428380208968
CLUSTER_270,R,horse_man,2875.0,12.981428380208968
CLUSTER_270,R,pig_man,61.2952,12.981428380208968
CLUSTER_270,R,maize_str,1419.08,12.981428380208968
CLUSTER_270,R,rape_str,169.7,12.981428380208968
CLUSTER_270,R,legume_str,180.75,12.981428380208968
CLUSTER_274,R,cattle_man,2163.0,20.858856488530392
CLUSTER_274,R,horse_man,783.3999999999943,20.858856488530392
CLUSTER_274,R,pig_man,587.9,20.858856488530392
CLUSTER_274,R,maize_str,4828.0,20.858856488530392
CLUSTER_274,R,rape_str,401.4,20.858856488530392
CLUSTER_274,R,legume_str,393.2,20.858856488530392
CLUSTER_276,R,cattle_man,3122.0,57.68403666809347
CLUSTER_276,R,horse_man,1192.0,57.68403666809347
CLUSTER_280,R,cattle_man,7664.0,45.27857643174992
CLUSTER_280,R,horse_man,1101.277,45.27857643174992
CLUSTER_280,R,pig_man,171.3,45.27857643174992
CLUSTER_282,R,cattle_man,10020.0,34.173078890177656
CLUSTER_282,R,horse_man,1029.0,34.173078890177656
CLUSTER_282,R,pig_man,277.076,34.173078890177656
CLUSTER_282,R,rape_str,168.6,34.173078890177656
CLUSTER_282,R,legume_str,149.16,34.173078890177656
CLUSTER_284,R,cattle_man,1152.783,27.259452394324228
CLUSTER_284,R,horse_man,195.4,27.259452394324228
CLUSTER_284,R,pig_man,447.9,27.259452394324228
CLUSTER_284,R,rape_str,262.2,27.259452394324228
CLUSTER_284,R,legume_str,192.3,27.259452394324228
CLUSTER_285,R,cattle_man,15869.999999999998,14.345867726550006
CLUSTER_285,R,cattle_slu,93400.0,14.345867726550006
CLUSTER_285,R,horse_man,3438.0,14.345867726550006
CLUSTER_296,R,cattle_man,6573.0,36.88616250569488
CLUSTER_296,R,horse_man,902.0,36.88616250569488
CLUSTER_296,R,legume_str,10.71,36.88616250569488
CLUSTER_301,R,cattle_man,2641.0,40.58977727722793
CLUSTER_301,R,horse_man,760.0,40.58977727722793
CLUSTER_301,R,pig_man,225.23,40.58977727722793
CLUSTER_302,R,horse_man,1597.0,79.49068119365324
CLUSTER_311,R,cattle_man,22700.0,35.335085161153536
CLUSTER_311,R,horse_man,1250.5,35.335085161153536
CLUSTER_32,R,horse_man,1842.9,93.05415902045752
CLUSTER_33,R,cattle_man,6952.0,18.806702349505148
CLUSTER_33,R,cattle_slu,37400.0,18.806702349505148
CLUSTER_33,R,horse_man,1803.0,18.806702349505148
CLUSTER_343,R,horse_man,329.269,59.40711365648304
CLUSTER_343,R,pig_man,296.7,59.40711365648304
CLUSTER_355,R,horse_man,1202.0,40.42731053004849
CLUSTER_355,R,pig_man,1341.0,40.42731053004849
CLUSTER_355,R,rape_str,1192.0,40.42731053004849
CLUSTER_355,R,legume_str,1096.0,40.42731053004849
CLUSTER_370,R,cattle_man,11090.0,27.45133558848545
CLUSTER_370,R,horse_man,1921.0,27.45133558848545
CLUSTER_370,R,pig_man,15.373134,27.45133558848545
CLUSTER_370,R,rape_str,42.4,27.45133558848545
CLUSTER_370,R,legume_str,38.17,27.45133558848545
CLUSTER_400,R,horse_man,1513.0,47.92241310460536
CLUSTER_400,R,pig_man,2588.0,47.92241310460536
CLUSTER_406,R,cattle_man,16790.0,8.422459806383733
CLUSTER_406,R,cattle_slu,94100.0,8.422459806383733
CLUSTER_406,R,horse_man,1539.0,8.422459806383733
CLUSTER_406,R,pig_man,52.746,8.422459806383733
CLUSTER_406,R,maize_str,29.7,8.422459806383733
CLUSTER_406,R,beet_leaf,27.2,8.422459806383733
CLUSTER_416,R,cattle_man,553.9,49.12918370549488
CLUSTER_416,R,horse_man,387.2,49.12918370549488
CLUSTER_429,R,cattle_man,6420.0,36.51577137224174
CLUSTER_429,R,horse_man,723.0,36.51577137224174
CLUSTER_436,R,horse_man,830.0,68.50216797006534
CLUSTER_436,R,pig_man,326.0,68.50216797006534
CLUSTER_439,R,horse_man,163.7,69.00629977579567
CLUSTER_439,R,pig_man,625.9,69.00629977579567
CLUSTER_442,R,horse_man,2096.0,58.08579800881595
CLUSTER_45,R,horse_man,1188.0,77.54444009609423
CLUSTER_45,R,pig_man,55.502,77.54444009609423
CLUSTER_450,R,horse_man,963.9,69.4849513987935
CLUSTER_453,R,cattle_man,163.9,43.67506354216697
CLUSTER_453,R,horse_man,209.4,43.67506354216697
CLUSTER_456,R,cattle_man,18.534,24.17379574084086
CLUSTER_456,R,horse_man,275.0,24.17379574084086
CLUSTER_456,R,pig_man,30.472,24.17379574084086
CLUSTER_456,R,maize_str,2995.0,24.17379574084086
CLUSTER_456,R,rape_str,206.8,24.17379574084086
CLUSTER_456,R,legume_str,113.6,24.17379574084086
CLUSTER_470,R,cattle_man,25970.0,32.972944756702844
CLUSTER_470,R,horse_man,1289.0,32.972944756702844
CLUSTER_470,R,pig_man,190.5,32.972944756702844
CLUSTER_470,R,rape_str,89.8,32.972944756702844
CLUSTER_470,R,legume_str,43.7,32.972944756702844
CLUSTER_472,R,cattle_man,24810.0,49.80247275340322
CLUSTER_472,R,horse_man,709.0,49.80247275340322
CLUSTER_472,R,pig_man,22.5159,49.80247275340322
CLUSTER_473,R,horse_man,745.0,59.94924942939725
CLUSTER_477,R,cattle_man,6130.0,45.48723646532512
CLUSTER_477,R,horse_man,908.0,45.48723646532512
CLUSTER_484,R,cattle_man,10650.0,39.53669179648667
CLUSTER_484,R,horse_man,420.9,39.53669179648667
CLUSTER_484,R,pig_man,64.9729,39.53669179648667
CLUSTER_488,R,cattle_man,62.5,30.032901561825486
CLUSTER_488,R,horse_man,236.9,30.032901561825486
CLUSTER_488,R,pig_man,1185.8,30.032901561825486
CLUSTER_488,R,rape_str,315.0,30.032901561825486
CLUSTER_488,R,legume_str,451.0,30.032901561825486
CLUSTER_493,R,horse_man,951.2,83.25277103112622
CLUSTER_505,R,horse_man,942.0,83.65578792031286
CLUSTER_509,R,cattle_man,10453.0,45.61023663455729
CLUSTER_509,R,horse_man,798.0,45.61023663455729
CLUSTER_509,R,pig_man,70.445,45.61023663455729
CLUSTER_513,R,cattle_man,2780.0,34.86680145498125
CLUSTER_513,R,horse_man,1042.0,34.86680145498125
CLUSTER_513,R,pig_man,657.0,34.86680145498125
CLUSTER_513,R,rape_str,985.0,34.86680145498125
CLUSTER_513,R,legume_str,913.0,34.86680145498125
CLUSTER_514,R,horse_man,1246.0,38.317479022781285
CLUSTER_514,R,pig_man,13.03,38.317479022781285
CLUSTER_514,R,legume_str,49.46,38.317479022781285
CLUSTER_516,R,horse_man,1178.0,74.3380948592962
CLUSTER_516,R,pig_man,123.100375,74.3380948592962
CLUSTER_520,R,cattle_man,3690.0,8.681654457530108
CLUSTER_520,R,cattle_slu,20780.0,8.681654457530108
CLUSTER_520,R,horse_man,799.0,8.681654457530108
CLUSTER_528,R,cattle_man,7939.999999999999,47.24082150584295
CLUSTER_528,R,horse_man,1337.0,47.24082150584295
CLUSTER_540,R,horse_man,1390.0,65.01892454655137
CLUSTER_542,R,horse_man,1452.1,59.73095837970552
CLUSTER_542,R,pig_man,564.19,59.73095837970552
CLUSTER_547,R,cattle_man,10790.0,35.26617046946749
CLUSTER_547,R,horse_man,1621.0,35.26617046946749
CLUSTER_549,R,cattle_man,6580.0,28.04570929107406
CLUSTER_549,R,horse_man,1622.0,28.04570929107406
CLUSTER_549,R,rape_str,76.9,28.04570929107406
CLUSTER_549,R,legume_str,16.9,28.04570929107406
CLUSTER_61,R,horse_man,2388.0,59.74038175540101
CLUSTER_61,R,pig_man,392.8,59.74038175540101
CLUSTER_68,R,cattle_man,2715.3,34.50729332029012
CLUSTER_68,R,horse_man,1155.3,34.50729332029012
CLUSTER_68,R,pig_man,1241.4,34.50729332029012
CLUSTER_68,R,rape_str,708.4,34.50729332029012
CLUSTER_68,R,legume_str,893.9,34.50729332029012
CLUSTER_70,R,horse_man,1087.859,50.48627385799372
CLUSTER_70,R,pig_man,751.0,50.48627385799372
CLUSTER_91,R,cattle_man,1586.06,34.18746397389845
CLUSTER_91,R,horse_man,619.6,34.18746397389845
CLUSTER_91,R,pig_man,218.0,34.18746397389845
CLUSTER_91,R,rape_str,434.47,34.18746397389845
CLUSTER_91,R,legume_str,391.1,34.18746397389845
CLUSTER_99,R,cattle_man,18960.0,44.68416888155193
CLUSTER_99,R,horse_man,170.398,44.68416888155193
CLUSTER_99,R,pig_man,173.7,44.68416888155193
CLUSTER_104,S,cattle_man,26110.0,26.339994461805084
CLUSTER_104,S,horse_man,871.7,26.339994461805084
CLUSTER_104,S,pig_man,527.2180000000001,26.339994461805084
CLUSTER_165,S,cattle_man,8970.0,30.744869215723146
CLUSTER_2,S,cattle_man,3616.0,3.480495466149462
CLUSTER_2,S,cattle_slu,10109.8,3.480495466149462
CLUSTER_2,S,horse_man,975.2,3.480495466149462
CLUSTER_2,S,pig_slu,3004.8371219778273,3.480495466149462
CLUSTER_2,S,pig_man,1666.5,3.480495466149462
CLUSTER_20,S,cattle_man,27140.0,18.95017176682246
CLUSTER_20,S,horse_man,3289.0,18.95017176682246
CLUSTER_205,S,pig_man,123.23616,46.53507492516634
CLUSTER_302,S,pig_man,141.874306,38.0414165458421
CLUSTER_330,S,cattle_man,21960.0,22.03989578243476
CLUSTER_330,S,horse_man,1269.6,22.03989578243476
CLUSTER_330,S,pig_man,378.71,22.03989578243476
CLUSTER_354,S,cattle_man,4844.0,9.618879065577165
CLUSTER_354,S,cattle_slu,18160.0,9.618879065577165
CLUSTER_354,S,horse_man,793.6,9.618879065577165
CLUSTER_354,S,pig_man,883.52,9.618879065577165
CLUSTER_355,S,cattle_man,3895.0,14.309391076695782
CLUSTER_37,S,cattle_man,31919.999999999996,11.250723176410164
CLUSTER_37,S,cattle_slu,114880.0,11.250723176410164
CLUSTER_37,S,horse_man,943.0,11.250723176410164
CLUSTER_37,S,pig_man,3353.8,11.250723176410164
CLUSTER_398,S,horse_man,1395.0,40.78611899431704
CLUSTER_398,S,pig_man,169.0001898,40.78611899431704
CLUSTER_400,S,cattle_man,3903.8,13.9078667216696
CLUSTER_403,S,cattle_man,9000.0,30.229382985748508
CLUSTER_403,S,horse_man,1197.0,30.229382985748508
CLUSTER_450,S,cattle_man,18270.0,30.55449300708121
CLUSTER_450,S,pig_man,315.5,30.55449300708121
CLUSTER_473,S,cattle_man,11380.0,19.4437300910929
CLUSTER_473,S,pig_man,510.99999999999994,19.4437300910929
CLUSTER_493,S,pig_man,193.15,46.12352298611844
CLUSTER_64,S,horse_man,1753.8,34.246988226689346
CLUSTER_64,S,pig_man,1190.4,34.246988226689346
CLUSTER_70,S,cattle_man,18095.0,20.72181702317008
CLUSTER_92,S,cattle_man,17416.0,32.19435138769335
CLUSTER_92,S,horse_man,2276.0,32.19435138769335
CLUSTER_92,S,pig_man,122.73699999999998,32.19435138769335
CLUSTER_111,T,cattle_man,13172.999999999993,25.488829270453373
CLUSTER_111,T,horse_man,2114.0,25.488829270453373
CLUSTER_111,T,pig_man,262.226,25.488829270453373
CLUSTER_118,T,cattle_man,21190.0,29.25634181194686
CLUSTER_123,T,cattle_man,9000.0,12.621978596327155
CLUSTER_123,T,cattle_slu,26805.57554055386,12.621978596327155
CLUSTER_123,T,horse_man,1614.0,12.621978596327155
CLUSTER_123,T,pig_man,92.5800179,12.621978596327155
CLUSTER_127,T,cattle_man,15806.0,28.883234293760307
CLUSTER_127,T,horse_man,2828.1,28.883234293760307
CLUSTER_128,T,cattle_man,10124.4,26.163796646465315
CLUSTER_128,T,horse_man,2411.7,26.163796646465315
CLUSTER_128,T,pig_man,539.0,26.163796646465315
CLUSTER_129,T,horse_man,1743.9,43.20890825114179
CLUSTER_129,T,pig_man,245.9917,43.20890825114179
CLUSTER_132,T,cattle_man,7032.59,34.45427440499072
CLUSTER_132,T,horse_man,795.885,34.45427440499072
CLUSTER_132,T,pig_man,943.9,34.45427440499072
CLUSTER_138,T,horse_man,665.1,43.21838084983244
CLUSTER_14,T,cattle_man,9659.0,20.80327545927267
CLUSTER_14,T,horse_man,2695.2,20.80327545927267
CLUSTER_14,T,pig_man,256.805,20.80327545927267
CLUSTER_166,T,cattle_man,6826.0,20.511989606752547
CLUSTER_166,T,horse_man,763.7,20.511989606752547
CLUSTER_166,T,pig_man,110.044731,20.511989606752547
CLUSTER_187,T,cattle_man,4002.9999999999995,19.5734534315967
CLUSTER_187,T,horse_man,2955.0,19.5734534315967
CLUSTER_187,T,pig_man,939.3,19.5734534315967
CLUSTER_201,T,horse_man,2174.1,46.50859598098021
CLUSTER_206,T,cattle_man,21950.0,21.83387600769253
CLUSTER_206,T,horse_man,726.8,21.83387600769253
CLUSTER_206,T,pig_man,146.60494999999997,21.83387600769253
CLUSTER_210,T,cattle_man,12910.0,19.787881698373354
CLUSTER_210,T,horse_man,779.0,19.787881698373354
CLUSTER_210,T,pig_man,122.09999999999998,19.787881698373354
CLUSTER_235,T,cattle_man,3182.0,33.86997005731161
CLUSTER_235,T,horse_man,1307.7,33.86997005731161
CLUSTER_235,T,pig_man,439.78,33.86997005731161
CLUSTER_253,T,cattle_man,6043.0,32.292694212159425
CLUSTER_253,T,horse_man,3082.0,32.292694212159425
CLUSTER_253,T,pig_man,379.28,32.292694212159425
CLUSTER_297,T,horse_man,3459.0,46.28641823410151
CLUSTER_297,T,pig_man,153.126,46.28641823410151
CLUSTER_305,T,cattle_man,4426.0,24.263808916139624
CLUSTER_305,T,horse_man,533.2,24.263808916139624
CLUSTER_305,T,pig_man,388.58,24.263808916139624
CLUSTER_315,T,horse_man,1179.8,45.32926211205418
CLUSTER_315,T,pig_man,304.38530000000003,45.32926211205418
CLUSTER_316,T,cattle_man,7202.0,32.65526327147757
CLUSTER_316,T,horse_man,1505.3,32.65526327147757
CLUSTER_316,T,pig_man,1285.8,32.65526327147757
CLUSTER_337,T,cattle_man,13540.0,7.005641010883853
CLUSTER_337,T,cattle_slu,79080.0,7.005641010883853
CLUSTER_337,T,horse_man,1000.0599999999998,7.005641010883853
CLUSTER_341,T,cattle_man,862.8,28.8144323346434
CLUSTER_341,T,horse_man,2031.7999999999997,28.8144323346434
CLUSTER_341,T,pig_man,160.94299999999998,28.8144323346434
CLUSTER_342,T,horse_man,1564.4082760995962,58.28792276040447
CLUSTER_365,T,cattle_man,16119.999999999998,9.583281545426791
CLUSTER_365,T,cattle_slu,94000.0,9.583281545426791
CLUSTER_365,T,horse_man,1341.0,9.583281545426791
CLUSTER_366,T,cattle_man,8803.0,30.552033781093684
CLUSTER_366,T,horse_man,199.48,30.552033781093684
CLUSTER_368,T,cattle_man,6947.0,11.516854070808863
CLUSTER_368,T,cattle_slu,38230.0,11.516854070808863
CLUSTER_368,T,horse_man,1001.7000000000002,11.516854070808863
CLUSTER_368,T,pig_man,61.345000000000006,11.516854070808863
CLUSTER_376,T,cattle_man,2955.0,35.64203959061212
CLUSTER_376,T,horse_man,494.96000000000004,35.64203959061212
CLUSTER_376,T,pig_man,263.4000241,35.64203959061212
CLUSTER_377,T,horse_man,627.7,56.97727261676064
CLUSTER_383,T,cattle_man,4512.0,13.535396628948453
CLUSTER_383,T,horse_man,1382.2,13.535396628948453
CLUSTER_383,T,pig_man,350.7,13.535396628948453
CLUSTER_393,T,cattle_man,1357.0,26.82597309296804
CLUSTER_393,T,horse_man,968.1,26.82597309296804
CLUSTER_411,T,cattle_man,18310.0,15.231422969650906
CLUSTER_411,T,horse_man,1163.4,15.231422969650906
CLUSTER_411,T,pig_man,527.79,15.231422969650906
CLUSTER_415,T,horse_man,3241.0,58.52952524949722
CLUSTER_42,T,horse_man,1097.5,47.13293722364572
CLUSTER_42,T,pig_man,1804.5,47.13293722364572
CLUSTER_427,T,horse_man,3104.5,41.83101089292879
CLUSTER_428,T,cattle_man,6500.0,37.60741065853546
CLUSTER_428,T,horse_man,792.0,37.60741065853546
CLUSTER_428,T,pig_man,58.397,37.60741065853546
CLUSTER_432,T,cattle_man,3340.0,29.560261624707305
CLUSTER_432,T,horse_man,1122.3,29.560261624707305
CLUSTER_432,T,pig_man,80.1,29.560261624707305
CLUSTER_44,T,cattle_man,14660.0,4.516632919077223
CLUSTER_44,T,cattle_slu,73970.0,4.516632919077223
CLUSTER_44,T,horse_man,1288.0,4.516632919077223
CLUSTER_446,T,cattle_man,11600.0,15.05744994767814
CLUSTER_446,T,horse_man,1600.0,15.05744994767814
CLUSTER_446,T,pig_man,216.2920123,15.05744994767814
CLUSTER_463,T,cattle_man,3189.0,27.67414387484756
CLUSTER_463,T,horse_man,384.3,27.67414387484756
CLUSTER_463,T,pig_man,180.00319,27.67414387484756
CLUSTER_479,T,cattle_man,6870.0,14.000730238619738
CLUSTER_479,T,horse_man,1092.0,14.000730238619738
CLUSTER_485,T,cattle_man,3740.0,30.81798108039676
CLUSTER_485,T,horse_man,1447.0,30.81798108039676
CLUSTER_485,T,pig_man,19.72,30.81798108039676
CLUSTER_500,T,cattle_man,5430.0,22.50339025726157
CLUSTER_500,T,horse_man,798.0,22.50339025726157
CLUSTER_500,T,pig_man,32.309999999999995,22.50339025726157
CLUSTER_507,T,cattle_man,9890.0,38.13112648495069
CLUSTER_507,T,horse_man,1199.4,38.13112648495069
CLUSTER_511,T,cattle_man,2498.0,27.72304472409748
CLUSTER_511,T,horse_man,1308.3100000000002,27.72304472409748
CLUSTER_511,T,pig_man,317.6,27.72304472409748
CLUSTER_515,T,horse_man,126.2,43.17742951436773
CLUSTER_515,T,pig_man,1089.0,43.17742951436773
CLUSTER_531,T,cattle_man,750.0,32.28724179091832
CLUSTER_531,T,horse_man,424.9,32.28724179091832
CLUSTER_531,T,pig_man,133.0,32.28724179091832
CLUSTER_533,T,cattle_man,693.0,34.46222896878072
CLUSTER_533,T,horse_man,654.0,34.46222896878072
CLUSTER_533,T,pig_man,70.10000000000001,34.46222896878072
CLUSTER_534,T,cattle_man,2189.0,36.81623949006683
CLUSTER_534,T,horse_man,1873.6,36.81623949006683
CLUSTER_534,T,pig_man,1003.0,36.81623949006683
CLUSTER_543,T,cattle_man,10570.0,28.118986171794127
CLUSTER_83,T,cattle_man,8530.0,22.69169105207752
CLUSTER_83,T,horse_man,2092.0,22.69169105207752
CLUSTER_83,T,pig_man,44.2,22.69169105207752
CLUSTER_9,T,horse_man,1859.2,44.43172595303868
