PlantLocation,SupplyNode,Feedstock,FlowTons,Distance_km
CL,CLUSTER_0,cattle_man,28890.0,23.066537222424085
CL,CLUSTER_0,horse_man,2610.0,23.066537222424085
CL,CLUSTER_0,pig_man,1695.2,23.066537222424085
CL,CLUSTER_100,horse_man,3925.5,39.92080036929772
CL,CLUSTER_100,pig_man,69.61,39.92080036929772
CL,CLUSTER_104,horse_man,871.7,35.59724539784455
CL,CLUSTER_104,pig_man,527.2180000000001,35.59724539784455
CL,CLUSTER_107,pig_man,993.2,79.75482739386239
CL,CLUSTER_116,pig_man,144.5,68.42966093084027
CL,CLUSTER_122,horse_man,5260.0,32.37067515184771
CL,CLUSTER_122,pig_man,40.78257,32.37067515184771
CL,CLUSTER_124,pig_man,225.04,107.20725707383102
CL,CLUSTER_125,pig_man,536.0,100.05486916778968
CL,CLUSTER_126,pig_man,2894.0,45.96412035182775
CL,CLUSTER_131,horse_man,1232.0,36.5293064618792
CL,CLUSTER_131,pig_man,1497.8,36.5293064618792
CL,CLUSTER_135,pig_man,159.368,46.50298823487648
CL,CLUSTER_138,pig_man,1203.8,101.16624359763432
CL,CLUSTER_142,cattle_man,32190.000000000004,13.041718364620916
CL,CLUSTER_142,horse_man,1981.9999999999998,13.041718364620916
CL,CLUSTER_142,pig_man,67.2671,13.041718364620916
CL,CLUSTER_144,pig_man,1094.5,71.66199193336179
CL,CLUSTER_149,horse_man,2613.8,31.00194472819654
CL,CLUSTER_149,pig_man,19.0894,31.00194472819654
CL,CLUSTER_151,horse_man,5352.0,42.07692024829431
CL,CLUSTER_151,pig_man,33.274,42.07692024829431
CL,CLUSTER_152,pig_man,174.14849999999998,56.871963887788034
CL,CLUSTER_155,pig_man,1243.7,71.3745690286094
CL,CLUSTER_159,pig_man,3550.315,90.975537792357
CL,CLUSTER_162,pig_man,126.94,93.20232519009558
CL,CLUSTER_165,horse_man,1926.7,27.20403222939488
CL,CLUSTER_165,pig_man,1019.9,27.20403222939488
CL,CLUSTER_175,pig_man,35.4,78.28227210565635
CL,CLUSTER_180,pig_man,6160.0,57.21279701333255
CL,CLUSTER_182,pig_man,1527.0,90.1654324722244
CL,CLUSTER_184,pig_man,1364.0,69.1252657908371
CL,CLUSTER_186,pig_man,471.4,79.35806095413196
CL,CLUSTER_195,pig_man,34.13825,103.71108249768156
CL,CLUSTER_2,pig_man,1666.5,50.760752474888896
CL,CLUSTER_20,horse_man,3289.0,33.66157555251569
CL,CLUSTER_20,pig_man,3376.0,33.66157555251569
CL,CLUSTER_202,pig_man,229.17,91.371238744089
CL,CLUSTER_203,cattle_man,9596.801435935553,25.89500906972997
CL,CLUSTER_203,horse_man,3313.0,25.89500906972997
CL,CLUSTER_203,pig_man,696.08362,25.89500906972997
CL,CLUSTER_204,pig_man,37.494,77.89972225091746
CL,CLUSTER_205,cattle_man,16567.0,13.418354775952922
CL,CLUSTER_205,horse_man,3447.0,13.418354775952922
CL,CLUSTER_205,pig_man,123.23616,13.418354775952922
CL,CLUSTER_208,pig_man,22.65,56.05437711700522
CL,CLUSTER_212,pig_man,132.0,90.30342412411454
CL,CLUSTER_218,horse_man,4008.0000000000005,28.015411428956007
CL,CLUSTER_22,cattle_man,44030.0,2.4106403193225567
CL,CLUSTER_22,cattle_slu,203300.0,2.4106403193225567
CL,CLUSTER_22,horse_man,2301.0,2.4106403193225567
CL,CLUSTER_22,pig_slu,11616.0,2.4106403193225567
CL,CLUSTER_22,pig_man,696.0,2.4106403193225567
CL,CLUSTER_223,pig_man,439.438657,90.56549811392738
CL,CLUSTER_225,pig_man,1314.9,74.39321900620038
CL,CLUSTER_233,pig_man,435.2,66.96117001387054
CL,CLUSTER_239,pig_man,931.74,60.34256813646302
CL,CLUSTER_240,pig_man,24.931,84.9812837883249
CL,CLUSTER_256,pig_man,14.8359,66.21970231276636
CL,CLUSTER_257,pig_man,1704.41,56.9867503338836
CL,CLUSTER_26,horse_man,4471.0,43.62541170879663
CL,CLUSTER_263,pig_man,198.21,65.31169193335838
CL,CLUSTER_267,pig_man,778.8,71.0401372624562
CL,CLUSTER_270,pig_man,61.2952,91.63078558218211
CL,CLUSTER_273,pig_man,524.6,67.93408464810076
CL,CLUSTER_274,pig_man,587.9,82.3795330119321
CL,CLUSTER_279,cattle_man,21730.0,20.55856362285249
CL,CLUSTER_279,horse_man,1665.3,20.55856362285249
CL,CLUSTER_279,pig_man,723.8400164000001,20.55856362285249
CL,CLUSTER_282,pig_man,277.076,87.62830233829827
CL,CLUSTER_284,pig_man,447.9,82.378388252354
CL,CLUSTER_288,cattle_man,23510.0,25.134387938177305
CL,CLUSTER_288,horse_man,1884.0,25.134387938177305
CL,CLUSTER_288,pig_man,786.0,25.134387938177305
CL,CLUSTER_29,horse_man,2338.7,30.962843213838315
CL,CLUSTER_290,pig_man,122.18799999999999,98.92330953686218
CL,CLUSTER_291,pig_man,7740.0,85.08849242452693
CL,CLUSTER_292,pig_man,2862.0,74.22367223762501
CL,CLUSTER_297,pig_man,153.126,84.94420918688725
CL,CLUSTER_3,pig_man,16.916,76.81185147570272
CL,CLUSTER_300,horse_man,6326.0,29.33282761547677
CL,CLUSTER_300,pig_man,581.8449999999999,29.33282761547677
CL,CLUSTER_301,pig_man,225.23,89.2973862524338
CL,CLUSTER_302,horse_man,1597.0,39.35128839238456
CL,CLUSTER_302,pig_man,141.874306,39.35128839238456
CL,CLUSTER_306,pig_man,479.4,50.79280389840921
CL,CLUSTER_315,pig_man,304.38530000000003,84.86546360977243
CL,CLUSTER_319,horse_man,1821.5,34.53911745976092
CL,CLUSTER_319,pig_man,343.0,34.53911745976092
CL,CLUSTER_321,pig_man,53.32708,90.1910062154458
CL,CLUSTER_323,cattle_man,18150.0,14.64579062400713
CL,CLUSTER_323,horse_man,2339.0,14.64579062400713
CL,CLUSTER_323,pig_man,275.81,14.64579062400713
CL,CLUSTER_324,pig_man,258.47,78.96719289354863
CL,CLUSTER_330,horse_man,1269.6,28.14403730333837
CL,CLUSTER_330,pig_man,378.71,28.14403730333837
CL,CLUSTER_338,pig_man,496.0,81.35477625194329
CL,CLUSTER_339,pig_man,586.97,107.76911994110635
CL,CLUSTER_34,pig_man,547.047,71.74966628428113
CL,CLUSTER_340,pig_man,150.7,82.36916734561613
CL,CLUSTER_342,pig_man,109.9,73.16856132219056
CL,CLUSTER_344,pig_man,347.5,89.16343489738937
CL,CLUSTER_345,pig_man,131.752025,50.05177306344655
CL,CLUSTER_349,pig_man,105.746,99.46103510642251
CL,CLUSTER_35,pig_man,754.8290000000001,103.14635018161611
CL,CLUSTER_350,horse_man,2875.0,37.68458997011508
CL,CLUSTER_350,pig_man,183.62,37.68458997011508
CL,CLUSTER_352,pig_man,32.1,71.96866816595296
CL,CLUSTER_353,pig_man,473.0,97.40091325671904
CL,CLUSTER_354,pig_man,883.52,46.72108582628094
CL,CLUSTER_355,pig_man,1341.0,62.66879640099857
CL,CLUSTER_363,horse_man,3180.0,40.54159918389066
CL,CLUSTER_363,pig_man,154.91,40.54159918389066
CL,CLUSTER_37,horse_man,943.0,38.96441911765985
CL,CLUSTER_37,pig_man,3353.8,38.96441911765985
CL,CLUSTER_370,pig_man,15.373134,96.6779853760712
CL,CLUSTER_371,horse_man,1280.1,30.89297142202881
CL,CLUSTER_371,pig_man,228.32,30.89297142202881
CL,CLUSTER_376,pig_man,263.4000241,94.71307919401325
CL,CLUSTER_378,cattle_man,31200.0,12.880543555447854
CL,CLUSTER_378,horse_man,1373.0,12.880543555447854
CL,CLUSTER_378,pig_man,297.007,12.880543555447854
CL,CLUSTER_386,horse_man,3289.0,35.37652176679078
CL,CLUSTER_398,horse_man,1395.0,30.295422670173124
CL,CLUSTER_398,pig_man,169.0001898,30.295422670173124
CL,CLUSTER_399,pig_man,646.33,88.05550522345087
CL,CLUSTER_400,pig_man,2588.0,59.82127408351488
CL,CLUSTER_402,pig_man,1540.0,79.75395962992461
CL,CLUSTER_403,cattle_man,9000.0,19.863991937918293
CL,CLUSTER_403,horse_man,1197.0,19.863991937918293
CL,CLUSTER_403,pig_man,782.0,19.863991937918293
CL,CLUSTER_408,pig_man,511.6000000000001,101.61047932368692
CL,CLUSTER_423,cattle_man,22380.0,21.1339032352996
CL,CLUSTER_423,horse_man,1678.0106,21.1339032352996
CL,CLUSTER_423,pig_man,669.519,21.1339032352996
CL,CLUSTER_427,pig_man,799.2,92.54751275841666
CL,CLUSTER_428,pig_man,58.397,100.9527230040304
CL,CLUSTER_43,horse_man,1609.1999999999998,40.78142820867728
CL,CLUSTER_43,pig_man,36.5,40.78142820867728
CL,CLUSTER_431,pig_man,238.34,85.47117697571278
CL,CLUSTER_432,pig_man,80.1,103.43451947085542
CL,CLUSTER_436,pig_man,326.0,60.44708811376293
CL,CLUSTER_441,pig_man,1272.0,49.21984289488917
CL,CLUSTER_447,pig_man,67.14,52.80337036311123
CL,CLUSTER_450,horse_man,963.9,44.55169865074154
CL,CLUSTER_450,pig_man,315.5,44.55169865074154
CL,CLUSTER_453,pig_man,269.0,80.12346754396007
CL,CLUSTER_456,pig_man,30.472,82.90162143918779
CL,CLUSTER_464,pig_man,54.032,77.87512463467147
CL,CLUSTER_466,horse_man,4155.0,32.82334213087295
CL,CLUSTER_466,pig_man,43.27128999999999,32.82334213087295
CL,CLUSTER_469,pig_man,324.0,107.35524579755108
CL,CLUSTER_473,pig_man,510.99999999999994,47.062508731845824
CL,CLUSTER_474,horse_man,1341.0,39.08398863527108
CL,CLUSTER_478,pig_man,35.400000000000006,99.43503341681254
CL,CLUSTER_48,pig_man,1701.4,71.2610900806415
CL,CLUSTER_481,pig_man,527.3,106.1991551132737
CL,CLUSTER_482,cattle_man,16500.0,22.532547572197583
CL,CLUSTER_482,horse_man,1167.3,22.532547572197583
CL,CLUSTER_482,pig_man,28.99635,22.532547572197583
CL,CLUSTER_485,pig_man,19.72,102.35111857332603
CL,CLUSTER_488,pig_man,1185.8,73.2210536614963
CL,CLUSTER_493,pig_man,193.15,46.0818521442777
CL,CLUSTER_495,pig_man,180.446,61.42820418241807
CL,CLUSTER_496,pig_man,687.3,107.491474407747
CL,CLUSTER_498,horse_man,2767.0,31.76997802488679
CL,CLUSTER_499,pig_man,128.13,70.97081032759817
CL,CLUSTER_501,pig_man,1378.0,63.867166382287344
CL,CLUSTER_504,pig_man,442.0,66.87942344300072
CL,CLUSTER_511,pig_man,317.6,102.49180806967544
CL,CLUSTER_513,pig_man,657.0,78.84304353579282
CL,CLUSTER_514,pig_man,13.03,95.79323257458422
CL,CLUSTER_516,pig_man,123.100375,51.24510550467628
CL,CLUSTER_52,pig_man,917.46,79.47639805746161
CL,CLUSTER_523,cattle_man,13260.0,20.16164826308746
CL,CLUSTER_523,horse_man,1417.0,20.16164826308746
CL,CLUSTER_523,pig_man,56.7,20.16164826308746
CL,CLUSTER_534,pig_man,1003.0,93.5564441030086
CL,CLUSTER_537,pig_man,2429.0,72.4696675739527
CL,CLUSTER_541,horse_man,835.5,41.17078840233352
CL,CLUSTER_544,pig_man,15.550000000000002,33.65103663095021
CL,CLUSTER_545,pig_man,227.1,59.443478739581465
CL,CLUSTER_57,horse_man,1420.0,43.126815193390286
CL,CLUSTER_58,horse_man,3739.6,35.30714929465007
CL,CLUSTER_58,pig_man,585.7193,35.30714929465007
CL,CLUSTER_61,pig_man,392.8,56.97464632036381
CL,CLUSTER_62,horse_man,4905.0,43.45424581586732
CL,CLUSTER_62,pig_man,33.995,43.45424581586732
CL,CLUSTER_63,pig_man,79.20406,69.09700513755946
CL,CLUSTER_64,cattle_man,35510.0,17.19583507168288
CL,CLUSTER_64,horse_man,1753.8,17.19583507168288
CL,CLUSTER_64,pig_man,1190.4,17.19583507168288
CL,CLUSTER_68,pig_man,1241.4,72.02921583440452
CL,CLUSTER_69,cattle_man,40940.0,9.879029337031714
CL,CLUSTER_69,cattle_slu,113663.01975938506,9.879029337031714
CL,CLUSTER_69,horse_man,2441.2,9.879029337031714
CL,CLUSTER_69,pig_man,1247.43,9.879029337031714
CL,CLUSTER_70,pig_man,751.0,56.95352859876308
CL,CLUSTER_71,horse_man,2948.9,41.36119140806012
CL,CLUSTER_71,pig_man,226.348,41.36119140806012
CL,CLUSTER_73,pig_man,3455.0,52.43030597163041
CL,CLUSTER_79,pig_man,1322.00245,85.58913935819467
CL,CLUSTER_8,pig_man,13.2831,51.86723083410831
CL,CLUSTER_81,cattle_man,26470.0,19.45557259697468
CL,CLUSTER_81,horse_man,1535.0,19.45557259697468
CL,CLUSTER_81,pig_man,12.9891,19.45557259697468
CL,CLUSTER_85,pig_man,109.2627,64.91477634943459
CL,CLUSTER_91,pig_man,218.0,84.10604331159627
CL,CLUSTER_92,horse_man,2276.0,26.00955158014346
CL,CLUSTER_92,pig_man,122.73699999999998,26.00955158014346
CL,CLUSTER_93,pig_man,56.565000000000005,57.27927225465615
K,CLUSTER_101,pig_man,311.45,118.12043657212158
K,CLUSTER_105,horse_man,2293.0,36.81964746380354
K,CLUSTER_106,cattle_man,12224.0,13.523151049044849
K,CLUSTER_106,horse_man,1081.1,13.523151049044849
K,CLUSTER_106,pig_man,245.613,13.523151049044849
K,CLUSTER_111,horse_man,2114.0,41.42860525676466
K,CLUSTER_111,pig_man,262.226,41.42860525676466
K,CLUSTER_117,horse_man,1848.2,41.873595089726095
K,CLUSTER_117,pig_man,153.071,41.873595089726095
K,CLUSTER_118,cattle_man,21190.0,14.675231575379009
K,CLUSTER_118,horse_man,710.0,14.675231575379009
K,CLUSTER_123,horse_man,1614.0,54.72211901416452
K,CLUSTER_123,pig_man,92.5800179,54.72211901416452
K,CLUSTER_127,cattle_man,15806.0,32.787830847707696
K,CLUSTER_127,horse_man,2828.1,32.787830847707696
K,CLUSTER_128,horse_man,2411.7,61.30479856304593
K,CLUSTER_128,pig_man,539.0,61.30479856304593
K,CLUSTER_129,pig_man,245.9917,83.50944107782007
K,CLUSTER_13,cattle_man,22490.0,35.7576458951882
K,CLUSTER_13,horse_man,4880.0,35.7576458951882
K,CLUSTER_13,pig_man,152.17000000000002,35.7576458951882
K,CLUSTER_132,pig_man,943.9,78.31903663824812
K,CLUSTER_136,horse_man,3775.0,59.32898378617099
K,CLUSTER_137,cattle_man,27690.0,15.772793609726552
K,CLUSTER_137,horse_man,2768.0,15.772793609726552
K,CLUSTER_137,pig_man,11.12,15.772793609726552
K,CLUSTER_14,pig_man,256.805,64.65007134139054
K,CLUSTER_145,pig_man,104.2,116.79810744017388
K,CLUSTER_166,cattle_man,6243.302283218455,36.715106034428565
K,CLUSTER_166,horse_man,763.7,36.715106034428565
K,CLUSTER_166,pig_man,110.044731,36.715106034428565
K,CLUSTER_174,cattle_man,17810.0,14.938217988954104
K,CLUSTER_174,horse_man,1427.5,14.938217988954104
K,CLUSTER_176,pig_man,232.96,108.20666056986798
K,CLUSTER_187,horse_man,2955.0,50.51422635939758
K,CLUSTER_187,pig_man,939.3,50.51422635939758
K,CLUSTER_190,pig_man,1086.0,125.51880624148944
K,CLUSTER_191,horse_man,1592.0,42.78807560312583
K,CLUSTER_201,horse_man,2174.1,60.11434589269351
K,CLUSTER_206,cattle_man,21950.0,27.330306242154784
K,CLUSTER_206,horse_man,726.8,27.330306242154784
K,CLUSTER_206,pig_man,146.60494999999997,27.330306242154784
K,CLUSTER_207,cattle_man,25080.0,29.0648626113032
K,CLUSTER_207,horse_man,1783.0,29.0648626113032
K,CLUSTER_209,horse_man,1265.6,47.44676480854337
K,CLUSTER_210,cattle_man,12910.0,27.628027222114344
K,CLUSTER_210,horse_man,779.0,27.628027222114344
K,CLUSTER_210,pig_man,122.09999999999998,27.628027222114344
K,CLUSTER_224,horse_man,1438.0,45.082755519823166
K,CLUSTER_229,pig_man,38.028209,99.06392047869302
K,CLUSTER_235,pig_man,439.78,75.66860853397722
K,CLUSTER_243,horse_man,2781.0,52.443799249256
K,CLUSTER_248,pig_man,337.0,113.26924061157564
K,CLUSTER_252,cattle_man,23950.0,22.67264711951654
K,CLUSTER_252,horse_man,2046.0,22.67264711951654
K,CLUSTER_253,horse_man,3082.0,57.43846806172962
K,CLUSTER_253,pig_man,379.28,57.43846806172962
K,CLUSTER_264,cattle_man,33570.0,4.281719679366694
K,CLUSTER_264,cattle_slu,230130.0,4.281719679366694
K,CLUSTER_264,horse_man,387.684,4.281719679366694
K,CLUSTER_264,pig_man,100.19925,4.281719679366694
K,CLUSTER_268,horse_man,1285.41,53.17007726747367
K,CLUSTER_278,pig_man,334.991,125.59409823192549
K,CLUSTER_303,pig_man,1707.0,104.08823161526745
K,CLUSTER_305,pig_man,388.58,65.29315991453129
K,CLUSTER_313,cattle_man,20560.0,18.819749633620283
K,CLUSTER_313,horse_man,2810.0,18.819749633620283
K,CLUSTER_313,pig_man,14.107,18.819749633620283
K,CLUSTER_316,pig_man,1285.8,75.72926242128534
K,CLUSTER_329,cattle_man,13430.0,36.111629348304845
K,CLUSTER_329,horse_man,1337.0,36.111629348304845
K,CLUSTER_337,horse_man,1000.0599999999998,42.18961030727241
K,CLUSTER_341,horse_man,2031.7999999999997,45.20050730084749
K,CLUSTER_341,pig_man,160.94299999999998,45.20050730084749
K,CLUSTER_360,horse_man,2360.0,48.49747684448069
K,CLUSTER_362,cattle_man,13100.0,29.0522850017322
K,CLUSTER_362,horse_man,2769.0,29.0522850017322
K,CLUSTER_365,horse_man,1341.0,52.9982824757926
K,CLUSTER_366,cattle_man,8803.0,24.93139973001141
K,CLUSTER_366,horse_man,199.48,24.93139973001141
K,CLUSTER_368,horse_man,1001.7000000000002,39.6869351660571
K,CLUSTER_368,pig_man,61.345000000000006,39.6869351660571
K,CLUSTER_375,cattle_man,14310.0,13.449121525538954
K,CLUSTER_375,cattle_slu,5569.968516644097,13.449121525538954
K,CLUSTER_375,horse_man,280.5,13.449121525538954
K,CLUSTER_376,horse_man,494.96000000000004,60.66065279255731
K,CLUSTER_377,pig_man,294.4,99.69993909281342
K,CLUSTER_379,cattle_man,18540.0,16.799064589819643
K,CLUSTER_379,horse_man,612.5,16.799064589819643
K,CLUSTER_383,horse_man,1382.2,48.74420823912346
K,CLUSTER_383,pig_man,350.7,48.74420823912346
K,CLUSTER_39,horse_man,1942.0,38.28919578402783
K,CLUSTER_411,cattle_man,18310.0,28.692507754457697
K,CLUSTER_411,horse_man,1163.4,28.692507754457697
K,CLUSTER_411,pig_man,527.79,28.692507754457697
K,CLUSTER_412,horse_man,2158.0,43.39719800801856
K,CLUSTER_42,pig_man,1804.5,90.79730080089249
K,CLUSTER_422,cattle_man,4670.0,35.04096230576701
K,CLUSTER_422,horse_man,1414.0,35.04096230576701
K,CLUSTER_428,horse_man,792.0,47.48314517687018
K,CLUSTER_432,horse_man,1122.3,49.33775585992968
K,CLUSTER_434,cattle_man,10390.0,8.165559755479007
K,CLUSTER_434,cattle_slu,77000.0,8.165559755479007
K,CLUSTER_434,horse_man,816.4,8.165559755479007
K,CLUSTER_44,horse_man,1288.0,39.739420927437735
K,CLUSTER_443,cattle_man,12880.0,25.73660047445864
K,CLUSTER_443,horse_man,1016.9999999999999,25.73660047445864
K,CLUSTER_446,horse_man,1600.0,38.29769091103616
K,CLUSTER_446,pig_man,216.2920123,38.29769091103616
K,CLUSTER_452,pig_man,550.0,97.35165843822764
K,CLUSTER_459,pig_man,243.8,122.02071898191326
K,CLUSTER_463,cattle_man,3189.0,33.104905102515964
K,CLUSTER_463,horse_man,384.3,33.104905102515964
K,CLUSTER_463,pig_man,180.00319,33.104905102515964
K,CLUSTER_479,horse_man,1092.0,53.79363963440754
K,CLUSTER_480,horse_man,560.6,60.61980935546091
K,CLUSTER_492,horse_man,472.0,56.34969009760052
K,CLUSTER_500,horse_man,798.0,47.65037587119901
K,CLUSTER_500,pig_man,32.309999999999995,47.65037587119901
K,CLUSTER_502,horse_man,2093.0,50.6590184320637
K,CLUSTER_507,horse_man,1199.4,55.97904201240307
K,CLUSTER_51,cattle_man,28020.0,8.642583758594691
K,CLUSTER_51,cattle_slu,177430.0,8.642583758594691
K,CLUSTER_51,horse_man,2617.0,8.642583758594691
K,CLUSTER_511,horse_man,1308.3100000000002,55.98989147548023
K,CLUSTER_515,pig_man,1089.0,85.27284909311592
K,CLUSTER_521,cattle_man,12160.0,32.14105079553139
K,CLUSTER_521,horse_man,1448.0,32.14105079553139
K,CLUSTER_527,horse_man,1912.0,46.23670161492332
K,CLUSTER_527,pig_man,48.0347,46.23670161492332
K,CLUSTER_53,horse_man,1543.0,61.39321046792073
K,CLUSTER_531,pig_man,133.0,72.59879334950197
K,CLUSTER_533,pig_man,70.10000000000001,64.13468284840327
K,CLUSTER_543,cattle_man,10570.0,18.425448450269386
K,CLUSTER_543,horse_man,158.9,18.425448450269386
K,CLUSTER_543,pig_man,36.089,18.425448450269386
K,CLUSTER_548,cattle_man,7311.0,16.881585157434216
K,CLUSTER_548,horse_man,2324.0,16.881585157434216
K,CLUSTER_6,pig_man,1816.7,111.95576835297284
K,CLUSTER_65,cattle_man,29310.0,30.059401261040858
K,CLUSTER_65,horse_man,2654.0,30.059401261040858
K,CLUSTER_65,pig_man,165.989,30.059401261040858
K,CLUSTER_74,cattle_man,27550.0,30.650742542613507
K,CLUSTER_74,horse_man,3010.0,30.650742542613507
K,CLUSTER_82,pig_man,554.226263,114.44369070350064
K,CLUSTER_83,pig_man,44.2,63.58782917540395
K,CLUSTER_84,horse_man,4351.0,55.52213791063831
K,CLUSTER_86,horse_man,1875.0,45.680105820481735
K,CLUSTER_9,pig_man,1813.0,87.8979002357304
K,CLUSTER_94,horse_man,907.3,43.854876939977366
A,CLUSTER_1,pig_man,381.6,103.7871771352062
A,CLUSTER_103,pig_man,791.300184,124.2918999177565
A,CLUSTER_108,pig_man,291.926,113.1890983799058
A,CLUSTER_109,cattle_man,10424.0,38.83744970401423
A,CLUSTER_109,horse_man,2924.0,38.83744970401423
A,CLUSTER_109,pig_man,121.22265,38.83744970401423
A,CLUSTER_11,pig_man,23.6720704,92.02388424261032
A,CLUSTER_112,pig_man,508.8,93.0106059227913
A,CLUSTER_114,pig_man,77.82100000000001,116.13213323531076
A,CLUSTER_115,horse_man,190.35,66.89434053671597
A,CLUSTER_115,pig_man,276.8087,66.89434053671597
A,CLUSTER_12,pig_man,96.610847,79.06520500332614
A,CLUSTER_120,pig_man,313.972,116.25798294656146
A,CLUSTER_125,horse_man,653.0,65.23993994272227
A,CLUSTER_130,cattle_man,16581.0,14.5295952545777
A,CLUSTER_130,cattle_slu,77450.0,14.5295952545777
A,CLUSTER_130,horse_man,373.2,14.5295952545777
A,CLUSTER_130,pig_man,304.35,14.5295952545777
A,CLUSTER_140,cattle_man,7209.0,36.677870595368326
A,CLUSTER_140,horse_man,867.0,36.677870595368326
A,CLUSTER_140,pig_man,765.7,36.677870595368326
A,CLUSTER_141,pig_man,111.971,117.84736124396026
A,CLUSTER_143,cattle_man,20920.0,25.32684059087374
A,CLUSTER_143,horse_man,1329.0,25.32684059087374
A,CLUSTER_143,pig_man,52.20089,25.32684059087374
A,CLUSTER_147,horse_man,869.8,69.49858623818989
A,CLUSTER_147,pig_man,23.898,69.49858623818989
A,CLUSTER_148,pig_man,361.14175,137.57807988604628
A,CLUSTER_15,horse_man,4847.2519957148825,77.68295838166145
A,CLUSTER_15,pig_man,68.319,77.68295838166145
A,CLUSTER_150,cattle_man,18940.0,28.238282424709727
A,CLUSTER_150,horse_man,998.0,28.238282424709727
A,CLUSTER_150,pig_man,605.1,28.238282424709727
A,CLUSTER_153,pig_man,71.88691,131.4075347369287
A,CLUSTER_155,horse_man,1141.3,66.09717065052902
A,CLUSTER_160,pig_man,238.759,124.86916527297596
A,CLUSTER_167,horse_man,1062.4,46.43102242977813
A,CLUSTER_167,pig_man,722.3,46.43102242977813
A,CLUSTER_168,pig_man,426.892,123.94809647531086
A,CLUSTER_169,pig_man,332.076,131.2676660862029
A,CLUSTER_17,cattle_man,9480.0,13.405023966660618
A,CLUSTER_17,cattle_slu,36030.0,13.405023966660618
A,CLUSTER_17,horse_man,663.59,13.405023966660618
A,CLUSTER_17,pig_man,202.955,13.405023966660618
A,CLUSTER_171,pig_man,887.0,113.18312253919945
A,CLUSTER_175,horse_man,1207.3,57.01449803663414
A,CLUSTER_18,horse_man,809.7,65.8517025616239
A,CLUSTER_18,pig_man,338.1159,65.8517025616239
A,CLUSTER_184,horse_man,556.0,64.28118756344661
A,CLUSTER_185,pig_man,183.43,121.88379116307618
A,CLUSTER_186,horse_man,2019.1,64.28179582261753
A,CLUSTER_188,pig_man,27.346000000000004,101.22647623993048
A,CLUSTER_189,horse_man,1789.0,64.4093811393505
A,CLUSTER_19,horse_man,1890.0,76.06906123042049
A,CLUSTER_19,pig_man,322.3,76.06906123042049
A,CLUSTER_193,horse_man,1133.0,73.95894698170359
A,CLUSTER_195,cattle_man,17240.0,39.08686643496333
A,CLUSTER_195,horse_man,1276.5,39.08686643496333
A,CLUSTER_197,horse_man,194.9,62.49812553507304
A,CLUSTER_199,pig_man,341.399,107.2433538348036
A,CLUSTER_21,horse_man,1242.7,72.94584104490303
A,CLUSTER_211,pig_man,51.2,91.64550981798608
A,CLUSTER_214,pig_man,13.92,122.56731458194253
A,CLUSTER_217,pig_man,542.22,123.77838326003696
A,CLUSTER_219,pig_man,686.0,100.69839150169852
A,CLUSTER_220,pig_man,25.08,89.36204697572308
A,CLUSTER_221,pig_man,218.174,94.79140211527802
A,CLUSTER_222,pig_man,43.141,126.38943747061792
A,CLUSTER_223,horse_man,1582.6,52.28350949499792
A,CLUSTER_227,horse_man,79.97,69.21263855351137
A,CLUSTER_227,pig_man,882.0,69.21263855351137
A,CLUSTER_228,horse_man,1313.4,76.00321956293304
A,CLUSTER_230,horse_man,900.0,52.22756305901598
A,CLUSTER_230,pig_man,156.99,52.22756305901598
A,CLUSTER_231,cattle_man,13870.0,36.30279532710466
A,CLUSTER_231,horse_man,1176.0,36.30279532710466
A,CLUSTER_231,pig_man,10.6436,36.30279532710466
A,CLUSTER_234,horse_man,2507.0,54.20839004008204
A,CLUSTER_234,pig_man,472.3,54.20839004008204
A,CLUSTER_237,pig_man,687.516,130.53772183878908
A,CLUSTER_240,horse_man,172.5,50.38530003748114
A,CLUSTER_241,horse_man,968.1,53.66036129995148
A,CLUSTER_242,pig_man,257.9398,132.291970661354
A,CLUSTER_245,pig_man,381.8,111.31753411059364
A,CLUSTER_249,horse_man,1754.0,47.86733709427234
A,CLUSTER_249,pig_man,509.2300000000001,47.86733709427234
A,CLUSTER_250,pig_man,54.334,80.96396564337584
A,CLUSTER_254,horse_man,1711.5,58.14671505987882
A,CLUSTER_255,pig_man,204.36,129.48644886477473
A,CLUSTER_259,horse_man,817.6,50.19355587596137
A,CLUSTER_259,pig_man,260.08,50.19355587596137
A,CLUSTER_261,horse_man,1088.2,62.4398704384858
A,CLUSTER_261,pig_man,42.392,62.4398704384858
A,CLUSTER_262,horse_man,491.0,65.9392427365229
A,CLUSTER_262,pig_man,55.52,65.9392427365229
A,CLUSTER_265,pig_man,39.79,101.49291085968396
A,CLUSTER_266,pig_man,616.51,124.27457259744664
A,CLUSTER_267,horse_man,951.0,67.13927993673674
A,CLUSTER_269,pig_man,389.745,85.35005830503627
A,CLUSTER_270,horse_man,2875.0,66.40419185258163
A,CLUSTER_274,horse_man,783.4,64.68332172712876
A,CLUSTER_280,cattle_man,7664.0,25.479747328794858
A,CLUSTER_280,horse_man,1101.277,25.479747328794858
A,CLUSTER_280,pig_man,171.3,25.479747328794858
A,CLUSTER_284,horse_man,195.4,55.79682193081313
A,CLUSTER_285,horse_man,3438.0,68.5332415836185
A,CLUSTER_286,pig_man,407.6,107.14421806204469
A,CLUSTER_289,pig_man,222.68,139.86993165186018
A,CLUSTER_290,horse_man,887.0,53.80664801595803
A,CLUSTER_293,pig_man,338.2269,137.29393528427948
A,CLUSTER_294,pig_man,937.6,134.2102101395718
A,CLUSTER_295,cattle_man,1036.53,43.44267878252038
A,CLUSTER_295,horse_man,46.7,43.44267878252038
A,CLUSTER_299,horse_man,817.8,73.13651796788585
A,CLUSTER_299,pig_man,111.861,73.13651796788585
A,CLUSTER_301,cattle_man,2641.0,44.1085182007507
A,CLUSTER_301,horse_man,760.0,44.1085182007507
A,CLUSTER_309,pig_man,216.09,93.46147361142287
A,CLUSTER_31,cattle_man,11270.176,34.81472721557114
A,CLUSTER_31,horse_man,3786.0,34.81472721557114
A,CLUSTER_31,pig_man,390.4,34.81472721557114
A,CLUSTER_311,cattle_man,22700.0,27.401259745866007
A,CLUSTER_311,horse_man,1250.5,27.401259745866007
A,CLUSTER_32,cattle_man,20691.0,38.45369502953898
A,CLUSTER_32,horse_man,1842.9,38.45369502953898
A,CLUSTER_32,pig_man,176.1042,38.45369502953898
A,CLUSTER_321,horse_man,1668.0,51.97021612433888
A,CLUSTER_322,horse_man,1355.0,76.06150894573938
A,CLUSTER_322,pig_man,57.48,76.06150894573938
A,CLUSTER_33,horse_man,1803.0,49.57785364053849
A,CLUSTER_331,pig_man,621.0,111.7881825524942
A,CLUSTER_333,cattle_man,11300.0,25.235145358281677
A,CLUSTER_333,horse_man,712.5,25.235145358281677
A,CLUSTER_333,pig_man,364.2,25.235145358281677
A,CLUSTER_335,pig_man,497.042,98.1971420173898
A,CLUSTER_343,cattle_man,10540.0,3.913583775075166
A,CLUSTER_343,cattle_slu,47200.0,3.913583775075166
A,CLUSTER_343,horse_man,329.269,3.913583775075166
A,CLUSTER_343,pig_man,296.7,3.913583775075166
A,CLUSTER_347,pig_man,55.193,118.11388287114865
A,CLUSTER_351,pig_man,456.3,93.55342947768388
A,CLUSTER_357,horse_man,1403.7,56.87920616329757
A,CLUSTER_357,pig_man,843.3,56.87920616329757
A,CLUSTER_358,pig_man,505.06,98.77179820451238
A,CLUSTER_359,pig_man,13.947,133.76687683599798
A,CLUSTER_36,pig_man,1634.0,140.80647092899272
A,CLUSTER_370,cattle_man,11090.0,40.02474495768902
A,CLUSTER_370,horse_man,1921.0,40.02474495768902
A,CLUSTER_372,cattle_man,9440.0,20.84248469426809
A,CLUSTER_372,horse_man,1283.0,20.84248469426809
A,CLUSTER_372,pig_man,127.52,20.84248469426809
A,CLUSTER_380,pig_man,506.99999999999994,105.93193026717258
A,CLUSTER_381,pig_man,167.133571,115.95267234614523
A,CLUSTER_382,pig_man,429.0,112.56859930721878
A,CLUSTER_384,pig_man,123.71,81.22240213971715
A,CLUSTER_385,cattle_man,5530.0,26.30995060649089
A,CLUSTER_385,horse_man,616.3,26.30995060649089
A,CLUSTER_385,pig_man,407.79,26.30995060649089
A,CLUSTER_387,cattle_man,7795.0,36.3104759611708
A,CLUSTER_387,horse_man,1714.3,36.3104759611708
A,CLUSTER_387,pig_man,180.0399,36.3104759611708
A,CLUSTER_390,pig_man,1056.886,142.41947759233312
A,CLUSTER_392,horse_man,513.0,65.41268651346763
A,CLUSTER_392,pig_man,46.5,65.41268651346763
A,CLUSTER_394,pig_man,434.7,89.40775449508176
A,CLUSTER_395,pig_man,29.4111,129.97772157329868
A,CLUSTER_397,cattle_man,5686.0,44.76659333356116
A,CLUSTER_397,horse_man,797.2,44.76659333356116
A,CLUSTER_397,pig_man,80.291,44.76659333356116
A,CLUSTER_399,horse_man,218.1,66.23215930451487
A,CLUSTER_40,pig_man,213.46,80.39415771245056
A,CLUSTER_400,horse_man,1513.0,74.71279905807091
A,CLUSTER_401,pig_man,189.6729,129.77005766567555
A,CLUSTER_404,pig_man,75.63,108.50189362692804
A,CLUSTER_406,horse_man,1539.0,48.36325817677928
A,CLUSTER_406,pig_man,52.746,48.36325817677928
A,CLUSTER_408,cattle_man,7585.8,35.5266601285803
A,CLUSTER_408,horse_man,3122.0,35.5266601285803
A,CLUSTER_409,cattle_man,12230.0,35.88095237294248
A,CLUSTER_409,horse_man,858.0,35.88095237294248
A,CLUSTER_409,pig_man,568.9,35.88095237294248
A,CLUSTER_41,pig_man,16.8586,110.78476984783828
A,CLUSTER_413,horse_man,36.0,51.14052836745245
A,CLUSTER_413,pig_man,1220.808,51.14052836745245
A,CLUSTER_414,horse_man,1048.1,69.8758901235498
A,CLUSTER_414,pig_man,218.538,69.8758901235498
A,CLUSTER_418,pig_man,116.425,137.68569723952024
A,CLUSTER_419,pig_man,62.91951999999999,103.20673749877191
A,CLUSTER_420,pig_man,412.5,140.35074148930343
A,CLUSTER_425,pig_man,14.561,100.872618810027
A,CLUSTER_429,cattle_man,6420.0,32.55114981717953
A,CLUSTER_429,horse_man,723.0,32.55114981717953
A,CLUSTER_433,pig_man,179.118,138.551791557746
A,CLUSTER_435,pig_man,46.49,88.75390848635675
A,CLUSTER_437,pig_man,50.0,81.54047011345149
A,CLUSTER_438,horse_man,832.8,49.21774664840408
A,CLUSTER_438,pig_man,223.18,49.21774664840408
A,CLUSTER_439,cattle_man,12440.0,12.93346186294613
A,CLUSTER_439,cattle_slu,56500.0,12.93346186294613
A,CLUSTER_439,horse_man,163.7,12.93346186294613
A,CLUSTER_439,pig_man,625.9,12.93346186294613
A,CLUSTER_444,pig_man,84.611,105.2797015701124
A,CLUSTER_45,cattle_man,15750.0,25.042422694866485
A,CLUSTER_45,horse_man,1188.0,25.042422694866485
A,CLUSTER_45,pig_man,55.502,25.042422694866485
A,CLUSTER_451,horse_man,523.0,66.85323294076257
A,CLUSTER_451,pig_man,528.0,66.85323294076257
A,CLUSTER_453,horse_man,209.4,53.27478049061916
A,CLUSTER_454,pig_man,279.8,128.7697428233379
A,CLUSTER_456,horse_man,275.0,76.42221796978679
A,CLUSTER_46,pig_man,83.87871,134.4423749482533
A,CLUSTER_461,pig_man,138.37,99.83352065978126
A,CLUSTER_465,pig_man,518.0,131.47770396559125
A,CLUSTER_470,cattle_man,25970.0,38.1268128664294
A,CLUSTER_470,horse_man,1289.0,38.1268128664294
A,CLUSTER_470,pig_man,190.5,38.1268128664294
A,CLUSTER_472,cattle_man,24810.0,7.812121878294814
A,CLUSTER_472,cattle_slu,106200.0,7.812121878294814
A,CLUSTER_472,horse_man,709.0,7.812121878294814
A,CLUSTER_472,pig_man,22.5159,7.812121878294814
A,CLUSTER_475,pig_man,250.66,79.36248071086722
A,CLUSTER_477,cattle_man,6130.0,33.88235335197111
A,CLUSTER_477,horse_man,908.0,33.88235335197111
A,CLUSTER_48,horse_man,1045.96,76.347259328051
A,CLUSTER_484,cattle_man,10650.0,17.144140974829874
A,CLUSTER_484,horse_man,420.9,17.144140974829874
A,CLUSTER_484,pig_man,64.9729,17.144140974829874
A,CLUSTER_488,horse_man,236.9,74.29624309037995
A,CLUSTER_490,pig_man,105.9,118.9614661669749
A,CLUSTER_50,cattle_man,17080.0,23.037876775977946
A,CLUSTER_50,horse_man,1154.13,23.037876775977946
A,CLUSTER_50,pig_man,604.7121,23.037876775977946
A,CLUSTER_501,horse_man,474.5,71.19706196108473
A,CLUSTER_503,horse_man,847.1,46.723600201558654
A,CLUSTER_505,cattle_man,10770.0,28.02631414064441
A,CLUSTER_505,horse_man,942.0,28.02631414064441
A,CLUSTER_509,cattle_man,10453.0,17.881259395179626
A,CLUSTER_509,horse_man,798.0,17.881259395179626
A,CLUSTER_509,pig_man,70.445,17.881259395179626
A,CLUSTER_512,horse_man,541.0,58.09153803905773
A,CLUSTER_512,pig_man,391.0,58.09153803905773
A,CLUSTER_518,pig_man,245.9,106.64433029137486
A,CLUSTER_520,horse_man,799.0,58.064134132235765
A,CLUSTER_522,pig_man,183.7,99.88899700558618
A,CLUSTER_524,pig_man,18.178,106.35375435338308
A,CLUSTER_529,horse_man,807.0,56.29694352282474
A,CLUSTER_529,pig_man,18.6,56.29694352282474
A,CLUSTER_532,pig_man,411.16,140.39949431369803
A,CLUSTER_536,horse_man,483.9,67.27381296396746
A,CLUSTER_536,pig_man,168.6,67.27381296396746
A,CLUSTER_542,cattle_man,20360.0,7.978571170477931
A,CLUSTER_542,cattle_slu,101000.0,7.978571170477931
A,CLUSTER_542,horse_man,1452.1,7.978571170477931
A,CLUSTER_542,pig_man,564.19,7.978571170477931
A,CLUSTER_55,pig_man,46.48,91.66322178144588
A,CLUSTER_59,cattle_man,5668.0,38.46143271923275
A,CLUSTER_59,horse_man,456.477,38.46143271923275
A,CLUSTER_59,pig_man,56.019,38.46143271923275
A,CLUSTER_7,cattle_man,6818.0,44.61567985038354
A,CLUSTER_7,horse_man,843.8,44.61567985038354
A,CLUSTER_7,pig_man,353.272,44.61567985038354
A,CLUSTER_72,pig_man,949.3,79.32499941579057
A,CLUSTER_76,pig_man,125.42999999999999,108.26945587069838
A,CLUSTER_77,horse_man,1160.0,61.54974877203992
A,CLUSTER_77,pig_man,82.7,61.54974877203992
A,CLUSTER_78,pig_man,141.0,117.4058865324068
A,CLUSTER_88,pig_man,46.485800000000005,120.37397348008471
A,CLUSTER_89,horse_man,1274.4,56.174350425152674
A,CLUSTER_89,pig_man,499.7749999999999,56.174350425152674
A,CLUSTER_91,horse_man,619.6,50.46034800601489
A,CLUSTER_96,pig_man,107.14,106.1377176223949
A,CLUSTER_98,pig_man,181.343,108.90630987569337
A,CLUSTER_99,cattle_man,18960.0,14.460630250090412
A,CLUSTER_99,cattle_slu,98580.0,14.460630250090412
A,CLUSTER_99,horse_man,170.398,14.460630250090412
A,CLUSTER_99,pig_man,173.7,14.460630250090412
AQ,CLUSTER_105,cattle_man,16042.0,31.183884645350084
AQ,CLUSTER_107,horse_man,1668.9,49.709445395034535
AQ,CLUSTER_111,cattle_man,13173.0,36.063363047841456
AQ,CLUSTER_136,cattle_man,22230.0,13.487500760616529
AQ,CLUSTER_136,cattle_slu,108700.0,13.487500760616529
AQ,CLUSTER_138,horse_man,665.1,63.61942082852232
AQ,CLUSTER_14,horse_man,2695.2,72.35861097436184
AQ,CLUSTER_144,horse_man,1888.0,61.65177862547563
AQ,CLUSTER_151,cattle_man,5361.0,44.65597785983256
AQ,CLUSTER_152,cattle_man,3361.0,44.22958221972591
AQ,CLUSTER_152,horse_man,2493.3,44.22958221972591
AQ,CLUSTER_157,cattle_man,22880.0,20.226030153415717
AQ,CLUSTER_157,cattle_slu,15986.670591281227,20.226030153415717
AQ,CLUSTER_157,horse_man,3454.0,20.226030153415717
AQ,CLUSTER_178,cattle_man,16790.0,3.9560494545448255
AQ,CLUSTER_178,cattle_slu,76750.0,3.9560494545448255
AQ,CLUSTER_178,horse_man,5256.0,3.9560494545448255
AQ,CLUSTER_178,pig_slu,207.5,3.9560494545448255
AQ,CLUSTER_182,horse_man,2035.0,59.95226823538963
AQ,CLUSTER_183,pig_man,458.82,147.76720941389317
AQ,CLUSTER_187,cattle_man,4002.9999999999995,44.61146615866413
AQ,CLUSTER_198,horse_man,2306.0,54.51103492895607
AQ,CLUSTER_201,cattle_man,7892.0,18.14648767987721
AQ,CLUSTER_201,cattle_slu,18990.0,18.14648767987721
AQ,CLUSTER_204,cattle_man,10730.0,14.332289670009157
AQ,CLUSTER_204,cattle_slu,49310.0,14.332289670009157
AQ,CLUSTER_204,horse_man,2958.0,14.332289670009157
AQ,CLUSTER_209,cattle_man,13940.0,17.60699167979208
AQ,CLUSTER_209,cattle_slu,62000.0,17.60699167979208
AQ,CLUSTER_215,horse_man,2969.0,64.47564787223128
AQ,CLUSTER_226,cattle_man,16880.0,32.075853465399994
AQ,CLUSTER_226,horse_man,2471.6,32.075853465399994
AQ,CLUSTER_235,horse_man,1307.7,65.20022454416356
AQ,CLUSTER_239,horse_man,2882.5,69.89751681074064
AQ,CLUSTER_243,cattle_man,19320.0,28.232463903488533
AQ,CLUSTER_256,cattle_man,2666.96,22.34488010119951
AQ,CLUSTER_256,horse_man,2930.0,22.34488010119951
AQ,CLUSTER_263,horse_man,3265.0,50.44625810103558
AQ,CLUSTER_27,cattle_man,18405.0,24.85295105558201
AQ,CLUSTER_27,horse_man,4194.0,24.85295105558201
AQ,CLUSTER_28,cattle_man,8410.0,35.68920361747741
AQ,CLUSTER_28,horse_man,2761.9,35.68920361747741
AQ,CLUSTER_281,cattle_man,11914.0,45.1591516158773
AQ,CLUSTER_281,horse_man,1024.5,45.1591516158773
AQ,CLUSTER_287,horse_man,1571.0,50.53878673310916
AQ,CLUSTER_297,cattle_man,11530.0,25.415778548205964
AQ,CLUSTER_297,horse_man,3459.0,25.415778548205964
AQ,CLUSTER_3,cattle_man,7882.999999999999,8.498454856391163
AQ,CLUSTER_3,cattle_slu,38874.0,8.498454856391163
AQ,CLUSTER_3,horse_man,5877.0,8.498454856391163
AQ,CLUSTER_3,pig_slu,381.08,8.498454856391163
AQ,CLUSTER_304,horse_man,706.6,52.31446009037936
AQ,CLUSTER_312,cattle_man,9675.181166665325,45.41988831482255
AQ,CLUSTER_312,horse_man,1544.0,45.41988831482255
AQ,CLUSTER_315,cattle_man,6294.0,35.284061271370554
AQ,CLUSTER_315,horse_man,1179.8,35.284061271370554
AQ,CLUSTER_324,cattle_man,6315.0,39.422697545235685
AQ,CLUSTER_324,horse_man,736.19,39.422697545235685
AQ,CLUSTER_338,horse_man,816.0,62.41384166917368
AQ,CLUSTER_342,cattle_man,4948.0,24.09582118407954
AQ,CLUSTER_342,horse_man,2247.0,24.09582118407954
AQ,CLUSTER_345,horse_man,3059.0,54.38944758329241
AQ,CLUSTER_352,cattle_man,13540.0,23.151683800297008
AQ,CLUSTER_352,horse_man,3832.0,23.151683800297008
AQ,CLUSTER_353,horse_man,840.0,74.04602852761543
AQ,CLUSTER_369,cattle_man,3235.7,16.933842798933156
AQ,CLUSTER_369,cattle_slu,12359.4,16.933842798933156
AQ,CLUSTER_369,horse_man,3562.3,16.933842798933156
AQ,CLUSTER_376,cattle_man,2955.0,33.60924478036923
AQ,CLUSTER_391,cattle_man,11195.0,28.48371170007988
AQ,CLUSTER_391,horse_man,3066.0,28.48371170007988
AQ,CLUSTER_393,horse_man,968.1,67.43855329879052
AQ,CLUSTER_396,cattle_man,5375.0,31.696844939256906
AQ,CLUSTER_396,horse_man,4460.0,31.696844939256906
AQ,CLUSTER_407,cattle_man,10172.0,38.97671562018291
AQ,CLUSTER_407,horse_man,3348.0,38.97671562018291
AQ,CLUSTER_412,cattle_man,16640.0,36.0509164640068
AQ,CLUSTER_415,cattle_man,6170.0,14.493071200810764
AQ,CLUSTER_415,cattle_slu,21660.0,14.493071200810764
AQ,CLUSTER_415,horse_man,3241.0,14.493071200810764
AQ,CLUSTER_427,horse_man,3104.5,49.87843392927093
AQ,CLUSTER_428,cattle_man,6500.0,23.820704513503923
AQ,CLUSTER_432,cattle_man,3340.0,32.6439087440714
AQ,CLUSTER_447,horse_man,3973.0,64.55400308467537
AQ,CLUSTER_458,cattle_man,4990.0,37.22090872151458
AQ,CLUSTER_458,horse_man,2320.0,37.22090872151458
AQ,CLUSTER_485,horse_man,1447.0,50.33546410534796
AQ,CLUSTER_489,cattle_man,1068.0,43.55863265525907
AQ,CLUSTER_489,horse_man,367.5,43.55863265525907
AQ,CLUSTER_495,horse_man,1575.0,59.32040304123174
AQ,CLUSTER_499,cattle_man,4370.0,44.2739985053253
AQ,CLUSTER_499,horse_man,3670.0,44.2739985053253
AQ,CLUSTER_5,cattle_man,1031.0,22.92340773694331
AQ,CLUSTER_5,horse_man,895.0,22.92340773694331
AQ,CLUSTER_502,cattle_man,12710.0,14.108612542176685
AQ,CLUSTER_502,cattle_slu,63900.0,14.108612542176685
AQ,CLUSTER_507,cattle_man,9890.0,25.93329588846871
AQ,CLUSTER_508,cattle_man,21640.0,29.01866559170848
AQ,CLUSTER_508,horse_man,3810.0,29.01866559170848
AQ,CLUSTER_511,cattle_man,2498.0,39.220301989263696
AQ,CLUSTER_53,cattle_man,6226.92,37.14282232635088
AQ,CLUSTER_534,cattle_man,2189.0,39.37607993907704
AQ,CLUSTER_534,horse_man,1873.6,39.37607993907704
AQ,CLUSTER_54,horse_man,1695.0,57.55516609048272
AQ,CLUSTER_57,cattle_man,1262.9,41.59484345412981
AQ,CLUSTER_63,cattle_man,14627.0,33.97412011652829
AQ,CLUSTER_63,horse_man,6166.0,33.97412011652829
AQ,CLUSTER_66,pig_man,180.310571,141.66989717916582
AQ,CLUSTER_8,cattle_man,26900.0,43.37284389019405
AQ,CLUSTER_8,horse_man,7120.0,43.37284389019405
AQ,CLUSTER_83,horse_man,2092.0,58.199747050910446
AQ,CLUSTER_84,cattle_man,15427.9,10.582409089327628
AQ,CLUSTER_84,cattle_slu,75732.0,10.582409089327628
AQ,CLUSTER_86,cattle_man,15698.0,22.575208007043024
BQ,CLUSTER_104,cattle_man,26110.0,4.025764892388311
BQ,CLUSTER_104,cattle_slu,114400.0,4.025764892388311
BQ,CLUSTER_104,pig_slu,7219.07,4.025764892388311
BQ,CLUSTER_116,horse_man,1252.0,76.4676500536689
BQ,CLUSTER_121,horse_man,2073.0,67.78721482780671
BQ,CLUSTER_124,horse_man,2749.0,74.7809333332782
BQ,CLUSTER_126,cattle_man,6163.0,45.62005618660473
BQ,CLUSTER_126,horse_man,1435.2,45.62005618660473
BQ,CLUSTER_131,cattle_man,9440.0,36.04384211592377
BQ,CLUSTER_135,cattle_man,35210.0,47.52229274649228
BQ,CLUSTER_135,horse_man,2847.0,47.52229274649228
BQ,CLUSTER_155,cattle_man,533.52,45.81484050977162
BQ,CLUSTER_159,horse_man,2721.0,59.257458390538034
BQ,CLUSTER_165,cattle_man,8970.0,30.61834526843589
BQ,CLUSTER_180,horse_man,1481.0,51.6563896759975
BQ,CLUSTER_2,cattle_man,3616.0,23.61370212380009
BQ,CLUSTER_2,horse_man,975.2,23.61370212380009
BQ,CLUSTER_20,cattle_man,27140.0,23.462146913917923
BQ,CLUSTER_202,horse_man,1917.3,58.69090151992514
BQ,CLUSTER_203,cattle_man,19063.19856406445,43.64371899175439
BQ,CLUSTER_208,cattle_man,5066.0,31.94106724983067
BQ,CLUSTER_208,horse_man,1364.6,31.94106724983067
BQ,CLUSTER_214,horse_man,1119.6,82.76248291996231
BQ,CLUSTER_225,cattle_man,6770.0,41.39494218507486
BQ,CLUSTER_225,horse_man,1039.7,41.39494218507486
BQ,CLUSTER_233,cattle_man,5430.0,33.72452833630123
BQ,CLUSTER_233,horse_man,1224.0,33.72452833630123
BQ,CLUSTER_244,horse_man,3070.0,61.34038185063006
BQ,CLUSTER_250,horse_man,1190.0,75.27179577377962
BQ,CLUSTER_257,horse_man,1598.0,58.518726296760605
BQ,CLUSTER_258,horse_man,1914.0,77.84755213299312
BQ,CLUSTER_273,cattle_man,6690.0,41.08268410110772
BQ,CLUSTER_273,horse_man,1064.0,41.08268410110772
BQ,CLUSTER_282,horse_man,1029.0,54.41790351239801
BQ,CLUSTER_291,horse_man,1658.0,55.2141097513398
BQ,CLUSTER_292,cattle_man,8900.0,42.78340351028507
BQ,CLUSTER_292,horse_man,3197.0,42.78340351028507
BQ,CLUSTER_296,horse_man,902.0,69.32049610108272
BQ,CLUSTER_302,cattle_man,16129.999999999998,15.967154136037031
BQ,CLUSTER_302,cattle_slu,68920.0,15.967154136037031
BQ,CLUSTER_306,horse_man,2610.0,63.27266503364974
BQ,CLUSTER_308,horse_man,482.0,76.68495160510444
BQ,CLUSTER_319,cattle_man,9700.0,26.561145116219944
BQ,CLUSTER_330,cattle_man,21960.0,9.877164699966594
BQ,CLUSTER_330,cattle_slu,99050.0,9.877164699966594
BQ,CLUSTER_350,cattle_man,8664.26374539464,49.57651713000358
BQ,CLUSTER_354,cattle_man,4844.0,28.360695224863782
BQ,CLUSTER_354,horse_man,793.6,28.360695224863782
BQ,CLUSTER_355,cattle_man,3895.0,33.70490591076059
BQ,CLUSTER_355,horse_man,1202.0,33.70490591076059
BQ,CLUSTER_37,cattle_man,31919.999999999996,13.617965670764532
BQ,CLUSTER_37,cattle_slu,114880.0,13.617965670764532
BQ,CLUSTER_371,cattle_man,13910.0,42.47915709324762
BQ,CLUSTER_398,cattle_man,5117.0,16.67312505874181
BQ,CLUSTER_398,cattle_slu,15360.0,16.67312505874181
BQ,CLUSTER_400,cattle_man,3903.8,37.93278358381461
BQ,CLUSTER_402,horse_man,859.0,52.30225794087918
BQ,CLUSTER_436,cattle_man,14080.0,31.13957079128344
BQ,CLUSTER_436,horse_man,830.0,31.13957079128344
BQ,CLUSTER_440,horse_man,2708.0,55.48532902888645
BQ,CLUSTER_441,horse_man,821.0,54.13165332447688
BQ,CLUSTER_448,horse_man,654.0,76.0411007196078
BQ,CLUSTER_450,cattle_man,18270.0,13.81128013505181
BQ,CLUSTER_450,cattle_slu,92800.0,13.81128013505181
BQ,CLUSTER_457,horse_man,1512.5,66.4295465382795
BQ,CLUSTER_473,cattle_man,11380.0,13.945332881943424
BQ,CLUSTER_473,cattle_slu,39530.0,13.945332881943424
BQ,CLUSTER_473,horse_man,745.0,13.945332881943424
BQ,CLUSTER_488,cattle_man,62.5,42.917812450851166
BQ,CLUSTER_493,cattle_man,9040.0,25.09326499037743
BQ,CLUSTER_493,horse_man,951.2,25.09326499037743
BQ,CLUSTER_504,horse_man,1033.0,67.65269374478396
BQ,CLUSTER_513,cattle_man,2780.0,45.76595605635983
BQ,CLUSTER_513,horse_man,1042.0,45.76595605635983
BQ,CLUSTER_514,horse_man,1246.0,62.575423944016
BQ,CLUSTER_516,cattle_man,8820.0,24.27390728753761
BQ,CLUSTER_516,horse_man,1178.0,24.27390728753761
BQ,CLUSTER_52,horse_man,1083.1,80.94230679135012
BQ,CLUSTER_537,cattle_man,2682.0,43.28193877311353
BQ,CLUSTER_537,horse_man,1468.0,43.28193877311353
BQ,CLUSTER_541,cattle_man,4103.0,26.55666213998095
BQ,CLUSTER_545,horse_man,1719.0,66.0132134143311
BQ,CLUSTER_547,horse_man,1621.0,78.14535196865211
BQ,CLUSTER_549,horse_man,1622.0,63.03090643098775
BQ,CLUSTER_58,cattle_man,49010.0,37.697542244876345
BQ,CLUSTER_61,cattle_man,33290.0,24.58622970439032
BQ,CLUSTER_61,horse_man,2388.0,24.58622970439032
BQ,CLUSTER_64,cattle_slu,117990.0,16.05792137155622
BQ,CLUSTER_68,cattle_man,2715.3,39.76415031259967
BQ,CLUSTER_68,horse_man,1155.3,39.76415031259967
BQ,CLUSTER_70,cattle_man,18095.0,24.003978548783227
BQ,CLUSTER_70,horse_man,1087.859,24.003978548783227
BQ,CLUSTER_73,cattle_man,5812.0,39.95567918077977
BQ,CLUSTER_73,horse_man,1613.1,39.95567918077977
BQ,CLUSTER_79,horse_man,1933.0,52.72683985431648
BQ,CLUSTER_85,horse_man,2141.0,67.32579367623931
BQ,CLUSTER_90,horse_man,1376.0,71.68654799816578
BQ,CLUSTER_92,cattle_man,17416.0,9.014902734225274
BQ,CLUSTER_92,cattle_slu,68400.0,9.014902734225274
BQ,CLUSTER_93,horse_man,4360.0,58.95719135664221
AM,CLUSTER_1,horse_man,642.4,73.01019669061697
AM,CLUSTER_10,horse_man,1392.2,84.67926898062136
AM,CLUSTER_10,pig_man,15.9693,84.67926898062136
AM,CLUSTER_101,horse_man,1895.41,89.10312392041413
AM,CLUSTER_103,horse_man,678.2,73.74002029026828
AM,CLUSTER_108,cattle_man,372.4,39.649116239916914
AM,CLUSTER_108,horse_man,2893.0,39.649116239916914
AM,CLUSTER_11,cattle_man,3764.1,51.740635503744485
AM,CLUSTER_11,horse_man,1455.0,51.740635503744485
AM,CLUSTER_114,horse_man,632.9,66.3774559460793
AM,CLUSTER_119,horse_man,1764.0,86.09210308153045
AM,CLUSTER_119,pig_man,210.9,86.09210308153045
AM,CLUSTER_12,horse_man,2496.5,61.603856141164165
AM,CLUSTER_134,cattle_man,8431.4,46.12377387348324
AM,CLUSTER_134,horse_man,721.52,46.12377387348324
AM,CLUSTER_134,pig_man,1021.56,46.12377387348324
AM,CLUSTER_139,horse_man,980.3,58.36209638513995
AM,CLUSTER_139,pig_man,42.67,58.36209638513995
AM,CLUSTER_141,cattle_man,6618.0,32.174703226858085
AM,CLUSTER_141,horse_man,2815.0,32.174703226858085
AM,CLUSTER_148,cattle_man,4501.0,3.4081477608642525
AM,CLUSTER_148,cattle_slu,36150.0,3.4081477608642525
AM,CLUSTER_148,horse_man,500.77,3.4081477608642525
AM,CLUSTER_148,pig_slu,5215.5164,3.4081477608642525
AM,CLUSTER_148,beet_leaf,524.5,3.4081477608642525
AM,CLUSTER_148,rape_str,856.0,3.4081477608642525
AM,CLUSTER_148,legume_str,71.2,3.4081477608642525
AM,CLUSTER_15,horse_man,209.74800428511753,66.77503204681871
AM,CLUSTER_153,cattle_man,5103.062,24.30420609402995
AM,CLUSTER_153,cattle_slu,34327.0,24.30420609402995
AM,CLUSTER_153,horse_man,1262.5,24.30420609402995
AM,CLUSTER_154,cattle_man,5634.1,42.49652087816386
AM,CLUSTER_154,horse_man,347.6,42.49652087816386
AM,CLUSTER_154,pig_man,309.885,42.49652087816386
AM,CLUSTER_156,horse_man,1144.7,74.99900765115099
AM,CLUSTER_156,pig_man,137.8229,74.99900765115099
AM,CLUSTER_158,horse_man,253.79999999999998,80.9990068527927
AM,CLUSTER_16,cattle_man,11750.6,42.27659131839284
AM,CLUSTER_16,horse_man,1532.4,42.27659131839284
AM,CLUSTER_16,pig_man,563.7029,42.27659131839284
AM,CLUSTER_160,cattle_man,5620.0,17.0848239716453
AM,CLUSTER_160,cattle_slu,44390.0,17.0848239716453
AM,CLUSTER_160,horse_man,2174.2,17.0848239716453
AM,CLUSTER_161,cattle_man,6850.0,40.24110756383541
AM,CLUSTER_161,horse_man,429.62,40.24110756383541
AM,CLUSTER_161,pig_man,1184.0,40.24110756383541
AM,CLUSTER_164,horse_man,1264.0,81.62336040978738
AM,CLUSTER_164,pig_man,46.635000000000005,81.62336040978738
AM,CLUSTER_168,horse_man,2384.0,88.6191424559517
AM,CLUSTER_169,cattle_man,8425.7,55.20037690850775
AM,CLUSTER_169,horse_man,1079.5,55.20037690850775
AM,CLUSTER_170,horse_man,782.0,84.4086820403663
AM,CLUSTER_171,horse_man,1981.0000000000002,68.57315444198713
AM,CLUSTER_173,horse_man,973.0,85.91203399238924
AM,CLUSTER_173,pig_man,64.52416,85.91203399238924
AM,CLUSTER_177,horse_man,285.4,68.58563256122834
AM,CLUSTER_177,pig_man,779.21,68.58563256122834
AM,CLUSTER_179,horse_man,1139.0,82.45526347408597
AM,CLUSTER_179,pig_man,63.56600000000001,82.45526347408597
AM,CLUSTER_181,cattle_man,10934.199,25.200410121644264
AM,CLUSTER_181,cattle_slu,14488.0,25.200410121644264
AM,CLUSTER_181,horse_man,824.1,25.200410121644264
AM,CLUSTER_181,pig_man,1482.4,25.200410121644264
AM,CLUSTER_183,cattle_man,16594.0,55.24263467455224
AM,CLUSTER_183,horse_man,2503.0,55.24263467455224
AM,CLUSTER_188,cattle_man,6172.0,55.42074053136173
AM,CLUSTER_188,horse_man,1732.0,55.42074053136173
AM,CLUSTER_190,horse_man,1595.7,69.50632610681299
AM,CLUSTER_194,cattle_man,4180.5,39.8542052809919
AM,CLUSTER_194,horse_man,974.4,39.8542052809919
AM,CLUSTER_194,pig_man,308.943,39.8542052809919
AM,CLUSTER_199,horse_man,704.0,60.635333410846506
AM,CLUSTER_200,horse_man,797.9,75.44373034626726
AM,CLUSTER_200,pig_man,508.565,75.44373034626726
AM,CLUSTER_217,cattle_man,3099.0,53.42543855569109
AM,CLUSTER_217,horse_man,1360.0,53.42543855569109
AM,CLUSTER_219,horse_man,452.0,85.27761679300389
AM,CLUSTER_220,horse_man,806.0,61.84110684925415
AM,CLUSTER_221,horse_man,1171.9,65.56776449330665
AM,CLUSTER_222,cattle_man,794.6,44.00719159993477
AM,CLUSTER_222,horse_man,643.3,44.00719159993477
AM,CLUSTER_232,cattle_man,9900.0,40.91410401826396
AM,CLUSTER_232,horse_man,3168.0,40.91410401826396
AM,CLUSTER_232,pig_man,245.34999999999997,40.91410401826396
AM,CLUSTER_236,horse_man,1045.5,64.04118184666488
AM,CLUSTER_236,pig_man,144.7,64.04118184666488
AM,CLUSTER_237,horse_man,478.63,66.89990317847496
AM,CLUSTER_238,pig_man,123.38,98.70736357673226
AM,CLUSTER_24,cattle_man,15326.0,41.9712973208209
AM,CLUSTER_24,horse_man,1586.5,41.9712973208209
AM,CLUSTER_24,pig_man,438.94,41.9712973208209
AM,CLUSTER_242,cattle_man,11300.0,16.495437599722273
AM,CLUSTER_242,cattle_slu,83100.0,16.495437599722273
AM,CLUSTER_242,horse_man,850.0,16.495437599722273
AM,CLUSTER_246,cattle_man,2279.3,48.53565457548854
AM,CLUSTER_246,horse_man,1160.4,48.53565457548854
AM,CLUSTER_246,pig_man,400.322,48.53565457548854
AM,CLUSTER_247,horse_man,632.0,56.41156893134822
AM,CLUSTER_247,pig_man,228.0,56.41156893134822
AM,CLUSTER_248,horse_man,258.4,82.37908041226444
AM,CLUSTER_251,horse_man,239.3,62.60027996688739
AM,CLUSTER_251,pig_man,335.71000000000004,62.60027996688739
AM,CLUSTER_255,horse_man,1720.5,71.85343696411913
AM,CLUSTER_260,pig_man,45.446,106.609802359036
AM,CLUSTER_265,cattle_man,1417.0,48.11739568048934
AM,CLUSTER_265,horse_man,1119.1,48.11739568048934
AM,CLUSTER_266,cattle_man,5864.8,49.43266389147665
AM,CLUSTER_266,horse_man,271.0126,49.43266389147665
AM,CLUSTER_269,horse_man,2387.8,79.28161363484634
AM,CLUSTER_271,horse_man,278.4,89.34131724374946
AM,CLUSTER_271,pig_man,831.7,89.34131724374946
AM,CLUSTER_272,cattle_man,3166.9,31.79633971774572
AM,CLUSTER_272,horse_man,1033.0,31.79633971774572
AM,CLUSTER_275,horse_man,564.0,70.01695394288713
AM,CLUSTER_277,horse_man,872.3,68.35703990341615
AM,CLUSTER_277,pig_man,203.959,68.35703990341615
AM,CLUSTER_278,horse_man,660.7,68.62881767425091
AM,CLUSTER_283,cattle_man,4490.4,36.0082879021619
AM,CLUSTER_283,horse_man,349.112,36.0082879021619
AM,CLUSTER_283,pig_man,1637.37,36.0082879021619
AM,CLUSTER_289,cattle_man,2928.51287,14.231576777393569
AM,CLUSTER_289,cattle_slu,21630.0,14.231576777393569
AM,CLUSTER_289,horse_man,747.4,14.231576777393569
AM,CLUSTER_293,cattle_man,4637.0,50.872871596063646
AM,CLUSTER_293,horse_man,504.0,50.872871596063646
AM,CLUSTER_294,cattle_man,6386.0,37.01806345860005
AM,CLUSTER_294,horse_man,1187.9,37.01806345860005
AM,CLUSTER_298,cattle_man,6560.0,28.631133041444667
AM,CLUSTER_298,horse_man,591.0,28.631133041444667
AM,CLUSTER_30,cattle_man,5446.59,19.61840843144562
AM,CLUSTER_30,cattle_slu,33570.0,19.61840843144562
AM,CLUSTER_30,horse_man,478.27,19.61840843144562
AM,CLUSTER_30,pig_man,2280.0,19.61840843144562
AM,CLUSTER_310,pig_man,67.1,94.53648399082785
AM,CLUSTER_314,cattle_man,812.91,28.11484582390577
AM,CLUSTER_314,horse_man,639.0,28.11484582390577
AM,CLUSTER_314,pig_man,452.226,28.11484582390577
AM,CLUSTER_317,horse_man,217.4,67.3818450272824
AM,CLUSTER_317,pig_man,92.31,67.3818450272824
AM,CLUSTER_320,cattle_man,1036.0,50.29280116166319
AM,CLUSTER_320,horse_man,151.8,50.29280116166319
AM,CLUSTER_320,pig_man,16.0,50.29280116166319
AM,CLUSTER_325,pig_man,710.15139,109.72627913384878
AM,CLUSTER_326,horse_man,1285.4,64.47399424049867
AM,CLUSTER_326,pig_man,707.3,64.47399424049867
AM,CLUSTER_328,horse_man,333.38,58.59095706283341
AM,CLUSTER_328,pig_man,824.57,58.59095706283341
AM,CLUSTER_331,horse_man,3020.0,82.80608295379373
AM,CLUSTER_332,horse_man,404.6,56.0690706411398
AM,CLUSTER_332,pig_man,132.8458,56.0690706411398
AM,CLUSTER_334,pig_man,214.22,118.53135597134732
AM,CLUSTER_335,horse_man,3071.0,78.62662025055727
AM,CLUSTER_336,cattle_man,9570.0,34.266931699897235
AM,CLUSTER_336,horse_man,579.9,34.266931699897235
AM,CLUSTER_336,pig_man,552.236,34.266931699897235
AM,CLUSTER_346,cattle_man,146.3,52.04292047005453
AM,CLUSTER_346,horse_man,804.6,52.04292047005453
AM,CLUSTER_347,cattle_man,674.0,45.54444875207694
AM,CLUSTER_347,horse_man,826.5,45.54444875207694
AM,CLUSTER_348,cattle_man,2194.0,11.580766601088143
AM,CLUSTER_348,cattle_slu,13760.0,11.580766601088143
AM,CLUSTER_348,horse_man,429.0,11.580766601088143
AM,CLUSTER_348,pig_slu,4246.0,11.580766601088143
AM,CLUSTER_348,pig_man,264.2,11.580766601088143
AM,CLUSTER_351,horse_man,1500.0,72.30051987202741
AM,CLUSTER_36,horse_man,1610.7,84.1786390965112
AM,CLUSTER_361,cattle_man,4111.29,35.435731829908576
AM,CLUSTER_361,horse_man,200.3,35.435731829908576
AM,CLUSTER_361,pig_man,900.0,35.435731829908576
AM,CLUSTER_367,horse_man,1169.9,71.34686103558109
AM,CLUSTER_367,pig_man,1184.2,71.34686103558109
AM,CLUSTER_38,cattle_man,6536.0,28.89196772546321
AM,CLUSTER_38,horse_man,253.79999999999998,28.89196772546321
AM,CLUSTER_38,pig_man,315.61,28.89196772546321
AM,CLUSTER_380,horse_man,1242.0,72.73309485369022
AM,CLUSTER_381,cattle_man,4175.2,24.81116935546163
AM,CLUSTER_381,cattle_slu,28451.0,24.81116935546163
AM,CLUSTER_381,horse_man,1692.89,24.81116935546163
AM,CLUSTER_382,horse_man,1045.0,84.94069002094496
AM,CLUSTER_384,horse_man,619.0,63.59367136650874
AM,CLUSTER_389,cattle_man,790.9,34.8817485347362
AM,CLUSTER_389,horse_man,483.0,34.8817485347362
AM,CLUSTER_389,pig_man,58.461,34.8817485347362
AM,CLUSTER_390,horse_man,147.848,58.94743375991892
AM,CLUSTER_394,horse_man,571.3,85.34388388540926
AM,CLUSTER_395,cattle_man,1724.5,11.766662070275403
AM,CLUSTER_395,cattle_slu,11396.0,11.766662070275403
AM,CLUSTER_395,horse_man,552.0799999999999,11.766662070275403
AM,CLUSTER_395,pig_slu,623.0,11.766662070275403
AM,CLUSTER_4,cattle_man,20439.0,23.17984924849718
AM,CLUSTER_4,cattle_slu,14925.2,23.17984924849718
AM,CLUSTER_4,horse_man,2532.2,23.17984924849718
AM,CLUSTER_4,pig_man,730.49,23.17984924849718
AM,CLUSTER_40,horse_man,2457.6,60.88300761031811
AM,CLUSTER_401,horse_man,929.5,82.99232578785815
AM,CLUSTER_404,cattle_man,4430.0,43.88391577401662
AM,CLUSTER_404,horse_man,1860.0,43.88391577401662
AM,CLUSTER_405,cattle_man,3574.0,12.553432164613069
AM,CLUSTER_405,cattle_slu,18811.7,12.553432164613069
AM,CLUSTER_405,horse_man,311.8,12.553432164613069
AM,CLUSTER_405,pig_slu,8413.007105908684,12.553432164613069
AM,CLUSTER_405,pig_man,1316.0,12.553432164613069
AM,CLUSTER_41,cattle_man,390.8,34.52234549566492
AM,CLUSTER_41,horse_man,2108.8,34.52234549566492
AM,CLUSTER_410,horse_man,808.4,72.3686215461185
AM,CLUSTER_410,pig_man,261.9019,72.3686215461185
AM,CLUSTER_417,cattle_man,11640.0,34.46233148664123
AM,CLUSTER_417,horse_man,430.8,34.46233148664123
AM,CLUSTER_417,pig_man,197.25,34.46233148664123
AM,CLUSTER_418,cattle_man,5426.46,40.7743294488293
AM,CLUSTER_418,horse_man,144.9,40.7743294488293
AM,CLUSTER_419,horse_man,791.0,88.65864597441372
AM,CLUSTER_420,cattle_man,7064.0,7.370352063886501
AM,CLUSTER_420,cattle_slu,40370.0,7.370352063886501
AM,CLUSTER_420,horse_man,315.77,7.370352063886501
AM,CLUSTER_420,pig_slu,5830.0,7.370352063886501
AM,CLUSTER_420,rape_str,472.0,7.370352063886501
AM,CLUSTER_420,legume_str,308.5,7.370352063886501
AM,CLUSTER_421,cattle_man,2121.0,24.267791425651733
AM,CLUSTER_421,cattle_slu,11503.0,24.267791425651733
AM,CLUSTER_421,horse_man,802.6,24.267791425651733
AM,CLUSTER_424,horse_man,879.04,67.63317799455565
AM,CLUSTER_424,pig_man,185.966,67.63317799455565
AM,CLUSTER_425,cattle_man,2512.95,43.34978549297085
AM,CLUSTER_425,horse_man,526.6,43.34978549297085
AM,CLUSTER_426,pig_man,46.733,110.28049350673858
AM,CLUSTER_430,horse_man,480.0,82.03912953708517
AM,CLUSTER_430,pig_man,159.375,82.03912953708517
AM,CLUSTER_433,cattle_man,4450.0297,47.90291616475279
AM,CLUSTER_433,horse_man,1106.0,47.90291616475279
AM,CLUSTER_435,horse_man,1508.0,64.08858024422199
AM,CLUSTER_437,horse_man,938.0,89.41018459946554
AM,CLUSTER_444,cattle_man,2690.0,53.04544066546912
AM,CLUSTER_444,horse_man,379.2,53.04544066546912
AM,CLUSTER_445,cattle_man,831.9,31.91341354295496
AM,CLUSTER_445,horse_man,58.691,31.91341354295496
AM,CLUSTER_445,pig_man,3700.0,31.91341354295496
AM,CLUSTER_449,horse_man,518.500398,86.74296253463741
AM,CLUSTER_449,pig_man,577.091,86.74296253463741
AM,CLUSTER_454,cattle_man,5716.1,29.64495438033745
AM,CLUSTER_454,horse_man,105.4,29.64495438033745
AM,CLUSTER_455,horse_man,810.1,57.03194170829889
AM,CLUSTER_455,pig_man,488.40999999999997,57.03194170829889
AM,CLUSTER_459,horse_man,167.4,74.5559727268638
AM,CLUSTER_46,cattle_man,1697.0,32.69456642748843
AM,CLUSTER_46,horse_man,2237.0,32.69456642748843
AM,CLUSTER_460,cattle_man,3371.2,48.34720048112945
AM,CLUSTER_460,horse_man,392.16,48.34720048112945
AM,CLUSTER_460,pig_man,189.907,48.34720048112945
AM,CLUSTER_462,cattle_man,3029.0,39.38228664393775
AM,CLUSTER_462,horse_man,386.0,39.38228664393775
AM,CLUSTER_462,pig_man,169.4,39.38228664393775
AM,CLUSTER_465,horse_man,1448.0,61.29075606844098
AM,CLUSTER_467,horse_man,266.5,84.09556459738819
AM,CLUSTER_467,pig_man,1040.9,84.09556459738819
AM,CLUSTER_468,cattle_man,1492.0,32.50938429004139
AM,CLUSTER_468,horse_man,11.2,32.50938429004139
AM,CLUSTER_476,cattle_man,2730.0,54.42183975338951
AM,CLUSTER_476,horse_man,492.00000000000006,54.42183975338951
AM,CLUSTER_483,cattle_man,2116.9,28.509534333610265
AM,CLUSTER_483,horse_man,289.75,28.509534333610265
AM,CLUSTER_483,pig_man,2458.9,28.509534333610265
AM,CLUSTER_486,cattle_man,1158.0,31.82142670899024
AM,CLUSTER_486,horse_man,429.2,31.82142670899024
AM,CLUSTER_486,pig_man,772.0,31.82142670899024
AM,CLUSTER_487,cattle_man,16400.0,51.74774399228621
AM,CLUSTER_487,horse_man,431.5,51.74774399228621
AM,CLUSTER_487,pig_man,299.25,51.74774399228621
AM,CLUSTER_49,horse_man,1710.1,61.44198973352371
AM,CLUSTER_49,pig_man,231.961,61.44198973352371
AM,CLUSTER_490,cattle_man,3600.0,43.50757848056914
AM,CLUSTER_490,horse_man,745.2,43.50757848056914
AM,CLUSTER_491,horse_man,277.6,65.1405875171677
AM,CLUSTER_491,pig_man,236.64,65.1405875171677
AM,CLUSTER_494,cattle_man,9580.0,42.99921412167672
AM,CLUSTER_494,horse_man,104.9,42.99921412167672
AM,CLUSTER_494,pig_man,566.9,42.99921412167672
AM,CLUSTER_497,horse_man,138.1,73.5903955728105
AM,CLUSTER_497,pig_man,347.9,73.5903955728105
AM,CLUSTER_506,cattle_man,1700.0,49.70448712403477
AM,CLUSTER_506,horse_man,529.0,49.70448712403477
AM,CLUSTER_506,pig_man,228.0325,49.70448712403477
AM,CLUSTER_510,cattle_man,2238.5,42.525223934889965
AM,CLUSTER_510,horse_man,1319.0,42.525223934889965
AM,CLUSTER_517,cattle_man,2042.0,46.21803768408455
AM,CLUSTER_517,horse_man,372.7,46.21803768408455
AM,CLUSTER_524,cattle_man,2192.0,35.811558863996865
AM,CLUSTER_524,horse_man,1677.6,35.811558863996865
AM,CLUSTER_525,horse_man,29.06,65.14173389993957
AM,CLUSTER_525,pig_man,24.965,65.14173389993957
AM,CLUSTER_526,horse_man,485.0,81.95822600157969
AM,CLUSTER_526,pig_man,141.0,81.95822600157969
AM,CLUSTER_530,horse_man,443.6,85.2384658990508
AM,CLUSTER_530,pig_man,84.5,85.2384658990508
AM,CLUSTER_532,cattle_man,3510.0508,21.18544076812723
AM,CLUSTER_532,cattle_slu,21390.0,21.18544076812723
AM,CLUSTER_532,horse_man,177.7,21.18544076812723
AM,CLUSTER_535,horse_man,706.0,77.67541108312217
AM,CLUSTER_535,pig_man,303.3,77.67541108312217
AM,CLUSTER_538,horse_man,768.4,73.6052992683141
AM,CLUSTER_538,pig_man,151.197,73.6052992683141
AM,CLUSTER_539,horse_man,433.0,77.16011924704897
AM,CLUSTER_55,cattle_man,3272.0,48.8037677202112
AM,CLUSTER_55,horse_man,3076.3,48.8037677202112
AM,CLUSTER_56,pig_man,427.76,96.07419148028065
AM,CLUSTER_6,horse_man,339.439139,82.37982942191785
AM,CLUSTER_60,pig_man,45.1582,102.9113806553544
AM,CLUSTER_66,cattle_man,2641.0375,55.23487435548255
AM,CLUSTER_66,horse_man,880.00908,55.23487435548255
AM,CLUSTER_72,horse_man,4938.0,81.17116405722147
AM,CLUSTER_75,cattle_man,15511.3,21.20141335969907
AM,CLUSTER_75,cattle_slu,10715.148,21.20141335969907
AM,CLUSTER_75,horse_man,1454.5,21.20141335969907
AM,CLUSTER_75,pig_man,1113.72,21.20141335969907
AM,CLUSTER_76,cattle_man,2217.7630896567102,56.04371773838631
AM,CLUSTER_76,horse_man,2263.0,56.04371773838631
AM,CLUSTER_78,horse_man,873.4,57.37907095603928
AM,CLUSTER_80,horse_man,210.9,76.69258139871462
AM,CLUSTER_80,pig_man,275.303,76.69258139871462
AM,CLUSTER_82,horse_man,1220.1,84.53152688715852
AM,CLUSTER_87,cattle_man,23670.0,43.704730896879774
AM,CLUSTER_87,horse_man,362.10543,43.704730896879774
AM,CLUSTER_87,pig_man,544.04,43.704730896879774
AM,CLUSTER_88,cattle_man,1437.0,20.38538298530567
AM,CLUSTER_88,cattle_slu,10870.0,20.38538298530567
AM,CLUSTER_88,horse_man,1496.2,20.38538298530567
AM,CLUSTER_95,horse_man,229.22,78.04645558943773
AM,CLUSTER_95,pig_man,778.92,78.04645558943773
AM,CLUSTER_96,cattle_man,3690.0,37.62032834219962
AM,CLUSTER_96,horse_man,2943.838,37.62032834219962
AM,CLUSTER_97,horse_man,1266.8,57.92598532835412
AM,CLUSTER_97,pig_man,302.6467,57.92598532835412
BT,CLUSTER_100,cattle_man,9536.0,38.82371829953907
BT,CLUSTER_121,cattle_man,11370.0,60.12262918079969
BT,CLUSTER_122,cattle_man,17000.0,6.78087257894914
BT,CLUSTER_122,cattle_slu,61990.0,6.78087257894914
BT,CLUSTER_122,pig_slu,491.0,6.78087257894914
BT,CLUSTER_122,legume_str,179.2,6.78087257894914
BT,CLUSTER_142,cattle_slu,156000.0,13.737626093448776
BT,CLUSTER_142,legume_str,157.6,13.737626093448776
BT,CLUSTER_145,horse_man,1019.6170191737394,108.3319983431504
BT,CLUSTER_149,cattle_man,19570.0,30.62060771446163
BT,CLUSTER_151,cattle_slu,23720.0,17.15689626013532
BT,CLUSTER_151,rape_str,655.0,17.15689626013532
BT,CLUSTER_151,legume_str,305.9,17.15689626013532
BT,CLUSTER_162,horse_man,3375.9,95.01402600109915
BT,CLUSTER_192,horse_man,605.0,88.90604153681136
BT,CLUSTER_198,cattle_man,19100.0,27.616272752151247
BT,CLUSTER_212,horse_man,525.0,97.86086474261872
BT,CLUSTER_215,cattle_man,11500.0,36.53694524864301
BT,CLUSTER_218,cattle_man,42980.0,7.128653198553969
BT,CLUSTER_218,cattle_slu,191700.0,7.128653198553969
BT,CLUSTER_218,legume_str,38.61,7.128653198553969
BT,CLUSTER_239,cattle_man,3789.0,59.40979170535653
BT,CLUSTER_244,cattle_man,18650.0,48.09186226641832
BT,CLUSTER_26,cattle_man,27390.0,32.57908064388687
BT,CLUSTER_263,cattle_man,11151.51,55.92784064072623
BT,CLUSTER_279,cattle_slu,74670.0,21.872591780286307
BT,CLUSTER_279,legume_str,338.3,21.872591780286307
BT,CLUSTER_29,cattle_man,35210.0,19.39347778984051
BT,CLUSTER_29,cattle_slu,162470.0,19.39347778984051
BT,CLUSTER_29,rape_str,84.37,19.39347778984051
BT,CLUSTER_29,legume_str,109.47,19.39347778984051
BT,CLUSTER_300,cattle_man,12150.0,18.470738329173297
BT,CLUSTER_300,cattle_slu,48040.0,18.470738329173297
BT,CLUSTER_300,rape_str,548.0,18.470738329173297
BT,CLUSTER_300,legume_str,424.7,18.470738329173297
BT,CLUSTER_306,cattle_man,13760.0,54.8240210204102
BT,CLUSTER_312,cattle_man,1624.8188333346752,60.64883816599815
BT,CLUSTER_323,cattle_slu,79000.0,15.475500479456366
BT,CLUSTER_323,rape_str,313.3,15.475500479456366
BT,CLUSTER_323,legume_str,62.45,15.475500479456366
BT,CLUSTER_339,horse_man,2136.8,99.77049295434728
BT,CLUSTER_34,horse_man,3660.3,71.92866232204135
BT,CLUSTER_340,horse_man,1279.0,86.5425819199403
BT,CLUSTER_344,horse_man,1961.0,84.98685139496587
BT,CLUSTER_345,cattle_man,8870.0,42.74097922342114
BT,CLUSTER_349,horse_man,668.0,98.47341980029434
BT,CLUSTER_35,horse_man,655.3,107.20550575453724
BT,CLUSTER_350,cattle_man,5835.736254605359,45.98936107449734
BT,CLUSTER_363,cattle_man,13430.0,16.587374734366236
BT,CLUSTER_363,cattle_slu,51370.0,16.587374734366236
BT,CLUSTER_363,legume_str,43.2,16.587374734366236
BT,CLUSTER_373,horse_man,1879.8,96.07268863723006
BT,CLUSTER_374,horse_man,1839.0,87.47914606347317
BT,CLUSTER_386,cattle_man,420.0,18.145429049975405
BT,CLUSTER_386,cattle_slu,15.9,18.145429049975405
BT,CLUSTER_386,rape_str,588.0,18.145429049975405
BT,CLUSTER_386,legume_str,404.9,18.145429049975405
BT,CLUSTER_43,cattle_man,697.37,29.127907687753435
BT,CLUSTER_431,horse_man,1912.0,84.50728467100497
BT,CLUSTER_440,cattle_man,13440.0,55.27358941708436
BT,CLUSTER_441,cattle_man,3147.0,59.60749543586872
BT,CLUSTER_447,cattle_man,6210.0,50.49614110096298
BT,CLUSTER_448,cattle_man,3200.0,54.35740017911738
BT,CLUSTER_464,horse_man,752.0,75.58114813717376
BT,CLUSTER_466,cattle_man,13690.0,27.212991294809516
BT,CLUSTER_469,horse_man,840.0,108.0122112907894
BT,CLUSTER_474,cattle_man,11990.0,35.28944115422232
BT,CLUSTER_478,horse_man,340.1,96.14108883135346
BT,CLUSTER_495,cattle_man,7770.0,55.91113742407156
BT,CLUSTER_496,horse_man,451.0,102.04791766017456
BT,CLUSTER_498,cattle_man,3436.0,9.863752372751058
BT,CLUSTER_498,cattle_slu,11930.0,9.863752372751058
BT,CLUSTER_498,rape_str,235.0,9.863752372751058
BT,CLUSTER_498,legume_str,259.3,9.863752372751058
BT,CLUSTER_523,cattle_slu,65000.0,6.255623978069234
BT,CLUSTER_523,pig_slu,1274.0,6.255623978069234
BT,CLUSTER_523,rape_str,139.1,6.255623978069234
BT,CLUSTER_523,legume_str,49.6,6.255623978069234
BT,CLUSTER_54,cattle_man,5070.0,44.16712302594127
BT,CLUSTER_544,cattle_man,5520.0,39.06875302318413
BT,CLUSTER_57,cattle_slu,3526.0,21.4441259449878
BT,CLUSTER_57,legume_str,757.7,21.4441259449878
BT,CLUSTER_62,cattle_man,29750.0,24.756465448393527
BT,CLUSTER_67,cattle_man,12270.0,41.00018236558396
BT,CLUSTER_67,horse_man,2276.6,41.00018236558396
BT,CLUSTER_71,cattle_man,8797.0,49.41486293953311
BT,CLUSTER_81,cattle_slu,122780.0,16.811526142670367
BT,CLUSTER_81,legume_str,73.12,16.811526142670367
BT,CLUSTER_90,cattle_man,9800.0,43.25304268109874
CN,CLUSTER_124,cattle_man,20030.0,25.24031081927659
CN,CLUSTER_124,maize_str,473.2,25.24031081927659
CN,CLUSTER_124,legume_str,92.4,25.24031081927659
CN,CLUSTER_146,horse_man,847.0,31.76502779670777
CN,CLUSTER_155,rape_str,1777.0,45.60557424303443
CN,CLUSTER_155,legume_str,662.1,45.60557424303443
CN,CLUSTER_159,cattle_man,8440.0,20.623333946605214
CN,CLUSTER_159,maize_str,9172.0,20.623333946605214
CN,CLUSTER_159,rape_str,771.0,20.623333946605214
CN,CLUSTER_159,legume_str,421.3,20.623333946605214
CN,CLUSTER_196,horse_man,1807.0,43.55136953762049
CN,CLUSTER_2,rape_str,2407.0,45.90277199204604
CN,CLUSTER_2,legume_str,639.4,45.90277199204604
CN,CLUSTER_202,cattle_man,16100.0,14.783568584573084
CN,CLUSTER_202,maize_str,1620.21,14.783568584573084
CN,CLUSTER_202,beet_leaf,748.0,14.783568584573084
CN,CLUSTER_202,rape_str,65.6,14.783568584573084
CN,CLUSTER_202,legume_str,151.06,14.783568584573084
CN,CLUSTER_214,legume_str,85.15,36.184264376258525
CN,CLUSTER_223,rape_str,240.1,44.503888425532686
CN,CLUSTER_223,legume_str,122.22,44.503888425532686
CN,CLUSTER_225,maize_str,8410.0,14.97826492593528
CN,CLUSTER_225,beet_leaf,5020.0,14.97826492593528
CN,CLUSTER_225,rape_str,1132.3,14.97826492593528
CN,CLUSTER_225,legume_str,589.4,14.97826492593528
CN,CLUSTER_228,cattle_man,10463.0,22.502350477039
CN,CLUSTER_233,maize_str,2980.0,21.149313617270323
CN,CLUSTER_233,rape_str,718.0,21.149313617270323
CN,CLUSTER_233,legume_str,413.0,21.149313617270323
CN,CLUSTER_241,rape_str,46.0,40.535974964625446
CN,CLUSTER_241,legume_str,14.47,40.535974964625446
CN,CLUSTER_250,cattle_man,8735.82,23.508103003841526
CN,CLUSTER_250,maize_str,14.7,23.508103003841526
CN,CLUSTER_258,cattle_man,16820.0,23.57987296856614
CN,CLUSTER_258,maize_str,13.7,23.57987296856614
CN,CLUSTER_258,legume_str,10.47,23.57987296856614
CN,CLUSTER_270,cattle_man,9712.0,27.534464939720227
CN,CLUSTER_270,maize_str,1419.08,27.534464939720227
CN,CLUSTER_270,rape_str,169.7,27.534464939720227
CN,CLUSTER_270,legume_str,180.75,27.534464939720227
CN,CLUSTER_273,rape_str,116.6,40.15266224900017
CN,CLUSTER_273,legume_str,126.2,40.15266224900017
CN,CLUSTER_274,rape_str,401.4,33.89676397724899
CN,CLUSTER_274,legume_str,393.2,33.89676397724899
CN,CLUSTER_276,horse_man,1192.0,40.50045032258687
CN,CLUSTER_282,cattle_man,10020.0,4.053889400317319
CN,CLUSTER_282,cattle_slu,48900.0,4.053889400317319
CN,CLUSTER_282,clover_alfalfa_grass,1289.0,4.053889400317319
CN,CLUSTER_282,maize_str,1199.9,4.053889400317319
CN,CLUSTER_282,beet_leaf,497.00000000000006,4.053889400317319
CN,CLUSTER_282,rape_str,168.6,4.053889400317319
CN,CLUSTER_282,legume_str,149.16,4.053889400317319
CN,CLUSTER_285,cattle_man,15869.999999999998,30.61158615088877
CN,CLUSTER_291,cattle_man,2457.376,29.812726128140724
CN,CLUSTER_291,maize_str,2632.325995976112,29.812726128140724
CN,CLUSTER_291,rape_str,424.0,29.812726128140724
CN,CLUSTER_291,legume_str,875.6,29.812726128140724
CN,CLUSTER_292,maize_str,10970.0,23.373637615488384
CN,CLUSTER_292,rape_str,1890.0,23.373637615488384
CN,CLUSTER_292,legume_str,588.0,23.373637615488384
CN,CLUSTER_296,cattle_man,6573.0,14.481440363110549
CN,CLUSTER_296,maize_str,81.94,14.481440363110549
CN,CLUSTER_296,legume_str,10.71,14.481440363110549
CN,CLUSTER_355,rape_str,1192.0,37.66507329245045
CN,CLUSTER_355,legume_str,1096.0,37.66507329245045
CN,CLUSTER_402,rape_str,21.1,38.659239651769454
CN,CLUSTER_402,legume_str,299.0,38.659239651769454
CN,CLUSTER_416,horse_man,387.2,40.19555269071686
CN,CLUSTER_436,rape_str,941.0,36.35669830500285
CN,CLUSTER_436,legume_str,253.39999999999998,36.35669830500285
CN,CLUSTER_442,horse_man,2096.0,34.862477230766096
CN,CLUSTER_442,legume_str,12.73,34.862477230766096
CN,CLUSTER_450,rape_str,562.7,45.16149482351501
CN,CLUSTER_450,legume_str,406.3,45.16149482351501
CN,CLUSTER_456,cattle_man,18.534,19.788274398057997
CN,CLUSTER_456,maize_str,2995.0,19.788274398057997
CN,CLUSTER_456,beet_leaf,5903.806641417514,19.788274398057997
CN,CLUSTER_456,rape_str,206.8,19.788274398057997
CN,CLUSTER_456,legume_str,113.6,19.788274398057997
CN,CLUSTER_457,cattle_man,11400.0,15.697996108517511
CN,CLUSTER_457,maize_str,314.0,15.697996108517511
CN,CLUSTER_457,rape_str,30.800000000000004,15.697996108517511
CN,CLUSTER_457,legume_str,108.18,15.697996108517511
CN,CLUSTER_473,rape_str,1204.0,41.21286154392415
CN,CLUSTER_473,legume_str,346.1,41.21286154392415
CN,CLUSTER_488,rape_str,315.0,30.412839682090333
CN,CLUSTER_488,legume_str,451.0,30.412839682090333
CN,CLUSTER_513,maize_str,11970.0,11.8562770211468
CN,CLUSTER_513,beet_leaf,37270.0,11.8562770211468
CN,CLUSTER_513,rape_str,985.0,11.8562770211468
CN,CLUSTER_513,legume_str,913.0,11.8562770211468
CN,CLUSTER_514,cattle_man,11580.0,7.793780347597582
CN,CLUSTER_514,cattle_slu,60210.0,7.793780347597582
CN,CLUSTER_514,maize_str,350.0,7.793780347597582
CN,CLUSTER_514,legume_str,49.46,7.793780347597582
CN,CLUSTER_516,rape_str,861.0,44.83685013506206
CN,CLUSTER_516,legume_str,330.5,44.83685013506206
CN,CLUSTER_528,horse_man,1337.0,32.896056724902
CN,CLUSTER_537,rape_str,567.4,32.61090873012476
CN,CLUSTER_537,legume_str,243.7,32.61090873012476
CN,CLUSTER_540,horse_man,1390.0,43.76834521860073
CN,CLUSTER_547,cattle_man,10790.0,23.718429673024986
CN,CLUSTER_549,cattle_man,6580.0,11.798570359369576
CN,CLUSTER_549,maize_str,115.4,11.798570359369576
CN,CLUSTER_549,rape_str,76.9,11.798570359369576
CN,CLUSTER_549,legume_str,16.9,11.798570359369576
CN,CLUSTER_61,rape_str,985.9999999999999,32.506925158960705
CN,CLUSTER_61,legume_str,504.6,32.506925158960705
CN,CLUSTER_68,maize_str,8434.0,22.228489801345894
CN,CLUSTER_68,rape_str,708.4,22.228489801345894
CN,CLUSTER_68,legume_str,893.9,22.228489801345894
CN,CLUSTER_70,rape_str,1041.14,31.924878939397104
CN,CLUSTER_70,legume_str,758.6,31.924878939397104
CN,CLUSTER_79,cattle_man,15570.0,9.307116216492272
CN,CLUSTER_79,cattle_slu,91500.0,9.307116216492272
CN,CLUSTER_79,maize_str,6400.0,9.307116216492272
CN,CLUSTER_79,beet_leaf,2597.0,9.307116216492272
CN,CLUSTER_79,rape_str,1076.6,9.307116216492272
CN,CLUSTER_79,legume_str,931.4,9.307116216492272
V,CLUSTER_116,rape_str,1331.7,42.64140311360543
V,CLUSTER_116,legume_str,256.53,42.64140311360543
V,CLUSTER_125,rape_str,3920.0,34.619758693618
V,CLUSTER_125,legume_str,441.0,34.619758693618
V,CLUSTER_126,rape_str,2381.0,30.830775760444656
V,CLUSTER_126,legume_str,544.6,30.830775760444656
V,CLUSTER_131,rape_str,1908.0,38.15495871130592
V,CLUSTER_131,legume_str,1003.9999999999999,38.15495871130592
V,CLUSTER_175,cattle_man,2182.272,7.132006673955488
V,CLUSTER_175,cattle_slu,9410.0,7.132006673955488
V,CLUSTER_175,maize_str,1895.0,7.132006673955488
V,CLUSTER_175,beet_leaf,28760.0,7.132006673955488
V,CLUSTER_175,rape_str,1513.0,7.132006673955488
V,CLUSTER_175,legume_str,508.2,7.132006673955488
V,CLUSTER_180,cattle_man,2402.6,18.868192135596964
V,CLUSTER_180,maize_str,9410.0,18.868192135596964
V,CLUSTER_180,rape_str,2510.0,18.868192135596964
V,CLUSTER_180,legume_str,350.0,18.868192135596964
V,CLUSTER_184,cattle_man,2092.0,17.398354942096134
V,CLUSTER_184,maize_str,4690.0,17.398354942096134
V,CLUSTER_184,rape_str,1554.0,17.398354942096134
V,CLUSTER_184,legume_str,480.0,17.398354942096134
V,CLUSTER_186,cattle_man,2851.0,10.43836032703745
V,CLUSTER_186,maize_str,2451.0,10.43836032703745
V,CLUSTER_186,beet_leaf,14510.0,10.43836032703745
V,CLUSTER_186,rape_str,2267.0,10.43836032703745
V,CLUSTER_186,legume_str,321.6,10.43836032703745
V,CLUSTER_20,rape_str,2658.0,42.78376031591768
V,CLUSTER_20,legume_str,1043.0,42.78376031591768
V,CLUSTER_212,rape_str,2994.0,38.25447274132212
V,CLUSTER_212,legume_str,423.4,38.25447274132212
V,CLUSTER_240,cattle_man,402.04,12.813843464705135
V,CLUSTER_240,maize_str,2018.1000000000001,12.813843464705135
V,CLUSTER_240,beet_leaf,25740.0,12.813843464705135
V,CLUSTER_240,rape_str,698.0,12.813843464705135
V,CLUSTER_240,legume_str,511.70000000000016,12.813843464705135
V,CLUSTER_257,cattle_man,512.5,28.05978946080949
V,CLUSTER_257,maize_str,4463.0,28.05978946080949
V,CLUSTER_257,rape_str,1210.4,28.05978946080949
V,CLUSTER_257,legume_str,280.6,28.05978946080949
V,CLUSTER_267,cattle_man,6170.0,4.183686248009819
V,CLUSTER_267,cattle_slu,27220.0,4.183686248009819
V,CLUSTER_267,maize_str,4239.0,4.183686248009819
V,CLUSTER_267,beet_leaf,19900.0,4.183686248009819
V,CLUSTER_267,rape_str,1938.0,4.183686248009819
V,CLUSTER_267,legume_str,523.5,4.183686248009819
V,CLUSTER_280,rape_str,224.4,38.15019118007478
V,CLUSTER_280,legume_str,227.3,38.15019118007478
V,CLUSTER_284,rape_str,262.2,34.845882452155074
V,CLUSTER_284,legume_str,192.3,34.845882452155074
V,CLUSTER_290,cattle_man,4269.0,27.391031738957064
V,CLUSTER_290,maize_str,388.7,27.391031738957064
V,CLUSTER_290,rape_str,1121.03,27.391031738957064
V,CLUSTER_290,legume_str,233.8,27.391031738957064
V,CLUSTER_295,maize_str,1481.0,19.66371895886959
V,CLUSTER_295,rape_str,310.5,19.66371895886959
V,CLUSTER_295,legume_str,228.28,19.66371895886959
V,CLUSTER_301,maize_str,3168.0,23.87283418797888
V,CLUSTER_301,rape_str,382.1,23.87283418797888
V,CLUSTER_301,legume_str,364.26,23.87283418797888
V,CLUSTER_31,rape_str,3014.0,37.14557435442243
V,CLUSTER_31,legume_str,400.9,37.14557435442243
V,CLUSTER_321,cattle_man,2184.0,16.24989187968206
V,CLUSTER_321,maize_str,1399.0,16.24989187968206
V,CLUSTER_321,beet_leaf,6030.0,16.24989187968206
V,CLUSTER_321,rape_str,1433.0,16.24989187968206
V,CLUSTER_321,legume_str,474.1,16.24989187968206
V,CLUSTER_340,legume_str,294.533,45.64074883364717
V,CLUSTER_354,rape_str,1672.1,34.0108645830761
V,CLUSTER_354,legume_str,257.3,34.0108645830761
V,CLUSTER_370,rape_str,42.4,37.77037509554482
V,CLUSTER_370,legume_str,38.17,37.77037509554482
V,CLUSTER_372,rape_str,903.9,43.90410148957751
V,CLUSTER_372,legume_str,304.78,43.90410148957751
V,CLUSTER_397,rape_str,641.0,35.643228213856794
V,CLUSTER_397,legume_str,173.8,35.643228213856794
V,CLUSTER_399,cattle_man,1238.6,22.986544327576084
V,CLUSTER_399,maize_str,1120.2,22.986544327576084
V,CLUSTER_399,rape_str,723.2,22.986544327576084
V,CLUSTER_399,legume_str,297.37,22.986544327576084
V,CLUSTER_400,maize_str,7725.786863778325,28.292812328545416
V,CLUSTER_400,rape_str,1315.0,28.292812328545416
V,CLUSTER_400,legume_str,558.0,28.292812328545416
V,CLUSTER_408,maize_str,816.0,28.247082439351782
V,CLUSTER_408,rape_str,1388.0,28.247082439351782
V,CLUSTER_408,legume_str,270.2,28.247082439351782
V,CLUSTER_429,rape_str,185.6,35.765482878966104
V,CLUSTER_429,legume_str,61.70000000000001,35.765482878966104
V,CLUSTER_441,rape_str,1217.0,34.9425802793596
V,CLUSTER_441,legume_str,342.2,34.9425802793596
V,CLUSTER_453,cattle_man,163.9,17.739057384403846
V,CLUSTER_453,maize_str,1817.0,17.739057384403846
V,CLUSTER_453,rape_str,449.1,17.739057384403846
V,CLUSTER_453,legume_str,457.0,17.739057384403846
V,CLUSTER_477,rape_str,247.70000000000002,29.795337451800982
V,CLUSTER_477,legume_str,101.5,29.795337451800982
V,CLUSTER_48,cattle_man,4164.0,17.567541198679823
V,CLUSTER_48,maize_str,4581.0,17.567541198679823
V,CLUSTER_48,rape_str,1712.0,17.567541198679823
V,CLUSTER_48,legume_str,448.03,17.567541198679823
V,CLUSTER_481,horse_man,1085.0,47.79575067832651
V,CLUSTER_501,cattle_man,230.0,11.122167010122086
V,CLUSTER_501,maize_str,3960.0,11.122167010122086
V,CLUSTER_501,beet_leaf,13770.0,11.122167010122086
V,CLUSTER_501,rape_str,1822.0,11.122167010122086
V,CLUSTER_501,legume_str,355.2,11.122167010122086
V,CLUSTER_503,cattle_man,1023.7099999999999,25.347399407158463
V,CLUSTER_503,maize_str,953.0,25.347399407158463
V,CLUSTER_503,rape_str,1574.0,25.347399407158463
V,CLUSTER_503,legume_str,401.2,25.347399407158463
V,CLUSTER_504,cattle_man,41.0,26.38479918675167
V,CLUSTER_504,maize_str,1285.0,26.38479918675167
V,CLUSTER_504,rape_str,268.5,26.38479918675167
V,CLUSTER_504,legume_str,94.63,26.38479918675167
V,CLUSTER_52,rape_str,675.0,32.649661723127885
V,CLUSTER_52,legume_str,277.4,32.649661723127885
V,CLUSTER_545,rape_str,992.0,37.09810382752077
V,CLUSTER_545,legume_str,184.9,37.09810382752077
V,CLUSTER_71,legume_str,1174.2,44.9546528805716
V,CLUSTER_73,maize_str,11358.0,23.07669719021591
V,CLUSTER_73,rape_str,3434.0,23.07669719021591
V,CLUSTER_73,legume_str,648.0,23.07669719021591
V,CLUSTER_89,rape_str,2965.0,42.0944679922387
V,CLUSTER_89,legume_str,351.6,42.0944679922387
V,CLUSTER_91,cattle_man,1586.06,27.227550552927724
V,CLUSTER_91,maize_str,5136.0,27.227550552927724
V,CLUSTER_91,rape_str,434.47,27.227550552927724
V,CLUSTER_91,legume_str,391.1,27.227550552927724
BI,CLUSTER_100,legume_str,592.6,49.53789122229144
BI,CLUSTER_101,legume_str,210.4,49.90115101003515
BI,CLUSTER_107,cattle_man,13402.1,8.504701653053333
BI,CLUSTER_107,cattle_slu,55620.0,8.504701653053333
BI,CLUSTER_107,clover_alfalfa_grass,6142.0,8.504701653053333
BI,CLUSTER_107,maize_str,1970.0,8.504701653053333
BI,CLUSTER_107,beet_leaf,1072.0,8.504701653053333
BI,CLUSTER_107,rape_str,1132.0,8.504701653053333
BI,CLUSTER_107,legume_str,421.2,8.504701653053333
BI,CLUSTER_111,rape_str,739.75,43.379367788792095
BI,CLUSTER_111,legume_str,253.9,43.379367788792095
BI,CLUSTER_123,legume_str,222.8,49.8456495507772
BI,CLUSTER_132,horse_man,795.885,35.504775014656225
BI,CLUSTER_132,rape_str,929.0,35.504775014656225
BI,CLUSTER_132,legume_str,147.22,35.504775014656225
BI,CLUSTER_138,cattle_man,10203.0,13.734700924245663
BI,CLUSTER_138,maize_str,2746.0,13.734700924245663
BI,CLUSTER_138,beet_leaf,6203.0,13.734700924245663
BI,CLUSTER_138,rape_str,1121.4,13.734700924245663
BI,CLUSTER_138,legume_str,467.8,13.734700924245663
BI,CLUSTER_14,rape_str,1443.9,41.5306942730152
BI,CLUSTER_14,legume_str,20.98,41.5306942730152
BI,CLUSTER_144,cattle_man,16190.0,20.763708577319917
BI,CLUSTER_144,maize_str,3055.0,20.763708577319917
BI,CLUSTER_144,beet_leaf,1759.8,20.763708577319917
BI,CLUSTER_144,rape_str,1689.0,20.763708577319917
BI,CLUSTER_144,legume_str,474.3,20.763708577319917
BI,CLUSTER_145,horse_man,154.38298082626056,42.55175805745684
BI,CLUSTER_145,rape_str,1224.0,42.55175805745684
BI,CLUSTER_145,legume_str,263.2,42.55175805745684
BI,CLUSTER_152,maize_str,2300.0,32.5721748918836
BI,CLUSTER_152,rape_str,1311.0,32.5721748918836
BI,CLUSTER_152,legume_str,331.6,32.5721748918836
BI,CLUSTER_162,rape_str,2424.0,45.41011960714582
BI,CLUSTER_162,legume_str,744.7,45.41011960714582
BI,CLUSTER_176,horse_man,750.0,42.884631425672254
BI,CLUSTER_176,rape_str,773.6,42.884631425672254
BI,CLUSTER_176,legume_str,185.1,42.884631425672254
BI,CLUSTER_182,cattle_man,9590.0,6.062317513566588
BI,CLUSTER_182,cattle_slu,48000.0,6.062317513566588
BI,CLUSTER_182,clover_alfalfa_grass,4701.0,6.062317513566588
BI,CLUSTER_182,maize_str,2575.0,6.062317513566588
BI,CLUSTER_182,beet_leaf,1723.0,6.062317513566588
BI,CLUSTER_182,rape_str,811.0,6.062317513566588
BI,CLUSTER_182,legume_str,180.1,6.062317513566588
BI,CLUSTER_187,maize_str,1046.0,33.926515255462725
BI,CLUSTER_187,rape_str,1186.6,33.926515255462725
BI,CLUSTER_187,legume_str,419.6,33.926515255462725
BI,CLUSTER_201,rape_str,52.69,37.40062004089053
BI,CLUSTER_201,legume_str,94.3,37.40062004089053
BI,CLUSTER_229,horse_man,466.3,35.03057082392492
BI,CLUSTER_229,rape_str,30.7,35.03057082392492
BI,CLUSTER_229,legume_str,169.7,35.03057082392492
BI,CLUSTER_235,cattle_man,3182.0,22.645727891446437
BI,CLUSTER_235,maize_str,1195.0,22.645727891446437
BI,CLUSTER_235,beet_leaf,5684.0,22.645727891446437
BI,CLUSTER_235,rape_str,208.9,22.645727891446437
BI,CLUSTER_235,legume_str,260.6,22.645727891446437
BI,CLUSTER_239,rape_str,1717.0,36.08187316128398
BI,CLUSTER_239,legume_str,357.8,36.08187316128398
BI,CLUSTER_256,rape_str,862.4,41.466825154076346
BI,CLUSTER_256,legume_str,337.66,41.466825154076346
BI,CLUSTER_263,maize_str,2453.0,22.743650125413723
BI,CLUSTER_263,rape_str,1071.4,22.743650125413723
BI,CLUSTER_263,legume_str,774.2,22.743650125413723
BI,CLUSTER_297,maize_str,776.0,28.80406123873691
BI,CLUSTER_297,rape_str,668.0,28.80406123873691
BI,CLUSTER_297,legume_str,363.98,28.80406123873691
BI,CLUSTER_3,rape_str,206.11970945277196,49.49165325202016
BI,CLUSTER_3,legume_str,100.2,49.49165325202016
BI,CLUSTER_303,horse_man,19.2398025571916,53.873893867154486
BI,CLUSTER_305,horse_man,533.2,53.16801006315595
BI,CLUSTER_306,rape_str,2327.0,49.01842416642264
BI,CLUSTER_306,legume_str,1097.0,49.01842416642264
BI,CLUSTER_315,maize_str,775.3,18.75236986018453
BI,CLUSTER_315,beet_leaf,5647.0,18.75236986018453
BI,CLUSTER_315,rape_str,1513.0,18.75236986018453
BI,CLUSTER_315,legume_str,373.6,18.75236986018453
BI,CLUSTER_316,horse_man,1505.3,47.74439396618934
BI,CLUSTER_316,rape_str,1137.0,47.74439396618934
BI,CLUSTER_316,legume_str,235.5,47.74439396618934
BI,CLUSTER_324,maize_str,2092.0,15.579003475967474
BI,CLUSTER_324,beet_leaf,4986.0,15.579003475967474
BI,CLUSTER_324,rape_str,1080.0,15.579003475967474
BI,CLUSTER_324,legume_str,578.7,15.579003475967474
BI,CLUSTER_337,rape_str,148.0,45.78985814163825
BI,CLUSTER_337,legume_str,187.9,45.78985814163825
BI,CLUSTER_338,cattle_man,6102.530000000001,13.32395351500086
BI,CLUSTER_338,maize_str,2637.0,13.32395351500086
BI,CLUSTER_338,beet_leaf,2428.0,13.32395351500086
BI,CLUSTER_338,rape_str,566.0,13.32395351500086
BI,CLUSTER_338,legume_str,307.0,13.32395351500086
BI,CLUSTER_339,cattle_man,3014.917,23.75870033447661
BI,CLUSTER_339,maize_str,1719.0,23.75870033447661
BI,CLUSTER_339,rape_str,716.33,23.75870033447661
BI,CLUSTER_339,legume_str,276.25,23.75870033447661
BI,CLUSTER_34,rape_str,1322.6,35.33559079702691
BI,CLUSTER_34,legume_str,428.6,35.33559079702691
BI,CLUSTER_340,rape_str,944.0,49.11854027775743
BI,CLUSTER_342,maize_str,1338.0,32.644503543698896
BI,CLUSTER_342,rape_str,755.7,32.644503543698896
BI,CLUSTER_342,legume_str,689.9,32.644503543698896
BI,CLUSTER_344,cattle_man,9980.0,23.13402542037486
BI,CLUSTER_344,maize_str,5434.0,23.13402542037486
BI,CLUSTER_344,rape_str,232.2,23.13402542037486
BI,CLUSTER_344,legume_str,332.0,23.13402542037486
BI,CLUSTER_345,rape_str,1424.0,38.029897680295534
BI,CLUSTER_345,legume_str,1226.0,38.029897680295534
BI,CLUSTER_349,rape_str,1306.0,39.01586689485347
BI,CLUSTER_349,legume_str,257.0,39.01586689485347
BI,CLUSTER_353,cattle_man,9000.0,20.149230700158064
BI,CLUSTER_353,maize_str,3170.0,20.149230700158064
BI,CLUSTER_353,beet_leaf,6390.0,20.149230700158064
BI,CLUSTER_353,rape_str,696.0,20.149230700158064
BI,CLUSTER_353,legume_str,276.0,20.149230700158064
BI,CLUSTER_365,rape_str,408.7,41.10296123486791
BI,CLUSTER_365,legume_str,86.1,41.10296123486791
BI,CLUSTER_376,maize_str,681.8,25.746369358694903
BI,CLUSTER_376,rape_str,1421.0,25.746369358694903
BI,CLUSTER_376,legume_str,508.0,25.746369358694903
BI,CLUSTER_393,cattle_man,1357.0,30.74527298106432
BI,CLUSTER_393,maize_str,311.5,30.74527298106432
BI,CLUSTER_393,rape_str,213.5,30.74527298106432
BI,CLUSTER_393,legume_str,44.84,30.74527298106432
BI,CLUSTER_415,rape_str,246.40000000000003,40.81594840706799
BI,CLUSTER_415,legume_str,238.0,40.81594840706799
BI,CLUSTER_42,horse_man,1097.5,47.74141704332099
BI,CLUSTER_42,rape_str,813.0,47.74141704332099
BI,CLUSTER_42,legume_str,175.21,47.74141704332099
BI,CLUSTER_427,cattle_man,8930.0,7.723788040552135
BI,CLUSTER_427,cattle_slu,25660.0,7.723788040552135
BI,CLUSTER_427,clover_alfalfa_grass,1517.41,7.723788040552135
BI,CLUSTER_427,maize_str,2221.8,7.723788040552135
BI,CLUSTER_427,beet_leaf,1978.0000000000002,7.723788040552135
BI,CLUSTER_427,rape_str,1173.4,7.723788040552135
BI,CLUSTER_427,legume_str,351.0,7.723788040552135
BI,CLUSTER_428,rape_str,780.5,43.5257220082315
BI,CLUSTER_428,legume_str,401.5,43.5257220082315
BI,CLUSTER_43,rape_str,981.0000000000001,48.941005224085366
BI,CLUSTER_43,legume_str,631.3,48.941005224085366
BI,CLUSTER_431,maize_str,4683.0,32.9497655139697
BI,CLUSTER_431,rape_str,203.4,32.9497655139697
BI,CLUSTER_431,legume_str,310.4,32.9497655139697
BI,CLUSTER_432,rape_str,1000.6999999999999,36.33301586153492
BI,CLUSTER_432,legume_str,291.34000000000003,36.33301586153492
BI,CLUSTER_446,rape_str,165.0,46.348328512795725
BI,CLUSTER_446,legume_str,132.72,46.348328512795725
BI,CLUSTER_447,rape_str,901.0,38.63286050644484
BI,CLUSTER_447,legume_str,578.0,38.63286050644484
BI,CLUSTER_452,horse_man,922.0,42.093399536474685
BI,CLUSTER_452,rape_str,580.0,42.093399536474685
BI,CLUSTER_452,legume_str,173.8,42.093399536474685
BI,CLUSTER_458,rape_str,488.99999999999994,44.092377092084696
BI,CLUSTER_458,legume_str,366.0,44.092377092084696
BI,CLUSTER_464,cattle_man,4492.0,27.810743892674434
BI,CLUSTER_464,maize_str,1659.0,27.810743892674434
BI,CLUSTER_464,rape_str,387.0,27.810743892674434
BI,CLUSTER_464,legume_str,235.0,27.810743892674434
BI,CLUSTER_469,legume_str,204.7,49.7088734951521
BI,CLUSTER_478,cattle_man,1374.0,31.148730827162247
BI,CLUSTER_478,maize_str,1389.0,31.148730827162247
BI,CLUSTER_478,rape_str,205.7,31.148730827162247
BI,CLUSTER_478,legume_str,86.75,31.148730827162247
BI,CLUSTER_479,rape_str,157.9,35.111736635154806
BI,CLUSTER_479,legume_str,75.09,35.111736635154806
BI,CLUSTER_485,cattle_man,3740.0,18.364293792731264
BI,CLUSTER_485,maize_str,988.0,18.364293792731264
BI,CLUSTER_485,beet_leaf,1510.0,18.364293792731264
BI,CLUSTER_485,rape_str,948.0,18.364293792731264
BI,CLUSTER_485,legume_str,229.0,18.364293792731264
BI,CLUSTER_495,maize_str,798.8,28.60227567360787
BI,CLUSTER_495,rape_str,574.7,28.60227567360787
BI,CLUSTER_495,legume_str,495.0,28.60227567360787
BI,CLUSTER_496,cattle_man,6675.3,30.10282230688533
BI,CLUSTER_496,maize_str,1429.0,30.10282230688533
BI,CLUSTER_496,rape_str,1060.0,30.10282230688533
BI,CLUSTER_496,legume_str,144.6,30.10282230688533
BI,CLUSTER_499,maize_str,1191.0,18.31986913684612
BI,CLUSTER_499,beet_leaf,6790.0,18.31986913684612
BI,CLUSTER_499,rape_str,500.0,18.31986913684612
BI,CLUSTER_499,legume_str,206.8,18.31986913684612
BI,CLUSTER_507,maize_str,699.0,33.89708702556806
BI,CLUSTER_507,rape_str,1388.0,33.89708702556806
BI,CLUSTER_507,legume_str,319.0,33.89708702556806
BI,CLUSTER_511,maize_str,399.7,28.21842110301697
BI,CLUSTER_511,rape_str,393.2,28.21842110301697
BI,CLUSTER_511,legume_str,142.4,28.21842110301697
BI,CLUSTER_534,maize_str,1117.0,18.848168258752693
BI,CLUSTER_534,beet_leaf,5100.0,18.848168258752693
BI,CLUSTER_534,rape_str,1184.0,18.848168258752693
BI,CLUSTER_534,legume_str,317.1,18.848168258752693
BI,CLUSTER_63,maize_str,1895.5,26.41889833275308
BI,CLUSTER_63,rape_str,653.77,26.41889833275308
BI,CLUSTER_63,legume_str,611.5,26.41889833275308
BI,CLUSTER_83,cattle_man,8530.0,27.66499928890172
BI,CLUSTER_83,maize_str,573.0,27.66499928890172
BI,CLUSTER_83,rape_str,472.0,27.66499928890172
BI,CLUSTER_83,legume_str,40.02,27.66499928890172
BI,CLUSTER_84,rape_str,62.8,48.42743432846592
BI,CLUSTER_84,legume_str,70.97,48.42743432846592
BI,CLUSTER_9,horse_man,1859.2,31.616415734089973
BI,CLUSTER_9,maize_str,2940.98,31.616415734089973
BI,CLUSTER_9,rape_str,712.84,31.616415734089973
BI,CLUSTER_9,legume_str,267.44,31.616415734089973
BY,CLUSTER_10,rape_str,247.74999999999997,49.7789112284748
BY,CLUSTER_10,legume_str,66.8,49.7789112284748
BY,CLUSTER_110,horse_man,797.0,39.39656333117913
BY,CLUSTER_110,rape_str,218.1,39.39656333117913
BY,CLUSTER_110,legume_str,32.8,39.39656333117913
BY,CLUSTER_119,cattle_man,14930.0,34.12873889395169
BY,CLUSTER_119,rape_str,1302.0,34.12873889395169
BY,CLUSTER_119,legume_str,143.3,34.12873889395169
BY,CLUSTER_134,clover_alfalfa_grass,7349.0,11.119160687137963
BY,CLUSTER_134,maize_str,712.3,11.119160687137963
BY,CLUSTER_134,beet_leaf,32079.999999999996,11.119160687137963
BY,CLUSTER_134,rape_str,1039.3,11.119160687137963
BY,CLUSTER_134,legume_str,277.13,11.119160687137963
BY,CLUSTER_139,cattle_man,3032.51,23.59279895632924
BY,CLUSTER_139,rape_str,1083.5,23.59279895632924
BY,CLUSTER_139,legume_str,570.9,23.59279895632924
BY,CLUSTER_153,rape_str,2865.0,51.66878963780764
BY,CLUSTER_153,legume_str,465.2,51.66878963780764
BY,CLUSTER_154,cattle_slu,264.058,10.405933489643518
BY,CLUSTER_154,clover_alfalfa_grass,5113.0,10.405933489643518
BY,CLUSTER_154,maize_str,84.14,10.405933489643518
BY,CLUSTER_154,beet_leaf,15730.000000000002,10.405933489643518
BY,CLUSTER_154,rape_str,1500.8,10.405933489643518
BY,CLUSTER_154,legume_str,348.1,10.405933489643518
BY,CLUSTER_156,maize_str,250.71100000000004,41.29815274903741
BY,CLUSTER_156,rape_str,1599.0,41.29815274903741
BY,CLUSTER_156,legume_str,342.4,41.29815274903741
BY,CLUSTER_158,rape_str,44.4,39.70328272830727
BY,CLUSTER_158,legume_str,41.66,39.70328272830727
BY,CLUSTER_16,maize_str,361.46,24.287244536834628
BY,CLUSTER_16,rape_str,1459.3,24.287244536834628
BY,CLUSTER_16,legume_str,320.2,24.287244536834628
BY,CLUSTER_163,horse_man,1805.0,49.04509968873117
BY,CLUSTER_163,rape_str,435.3,49.04509968873117
BY,CLUSTER_163,legume_str,26.23,49.04509968873117
BY,CLUSTER_164,cattle_man,5420.0,31.599312993976728
BY,CLUSTER_164,maize_str,100.7,31.599312993976728
BY,CLUSTER_164,rape_str,740.0,31.599312993976728
BY,CLUSTER_164,legume_str,154.5,31.599312993976728
BY,CLUSTER_170,maize_str,38.8,38.81782394783245
BY,CLUSTER_170,rape_str,334.9,38.81782394783245
BY,CLUSTER_173,rape_str,696.9,36.41089201202406
BY,CLUSTER_173,legume_str,245.0,36.41089201202406
BY,CLUSTER_177,cattle_man,5132.0,25.96846211684916
BY,CLUSTER_177,maize_str,263.9,25.96846211684916
BY,CLUSTER_177,rape_str,3337.0,25.96846211684916
BY,CLUSTER_177,legume_str,144.7,25.96846211684916
BY,CLUSTER_179,cattle_man,11220.0,30.901689343894176
BY,CLUSTER_179,rape_str,741.5,30.901689343894176
BY,CLUSTER_179,legume_str,197.6,30.901689343894176
BY,CLUSTER_181,maize_str,737.8,40.17499703313218
BY,CLUSTER_181,rape_str,425.5,40.17499703313218
BY,CLUSTER_181,legume_str,393.5,40.17499703313218
BY,CLUSTER_194,maize_str,238.4,38.639509696499616
BY,CLUSTER_194,rape_str,1397.0,38.639509696499616
BY,CLUSTER_194,legume_str,213.55,38.639509696499616
BY,CLUSTER_200,maize_str,105.4,40.02563253639384
BY,CLUSTER_200,rape_str,2260.0,40.02563253639384
BY,CLUSTER_200,legume_str,199.5,40.02563253639384
BY,CLUSTER_213,horse_man,642.2,42.56731231471058
BY,CLUSTER_213,rape_str,43.9,42.56731231471058
BY,CLUSTER_213,legume_str,10.36,42.56731231471058
BY,CLUSTER_236,cattle_man,1177.4,12.50992804006649
BY,CLUSTER_236,clover_alfalfa_grass,7577.00461,12.50992804006649
BY,CLUSTER_236,maize_str,46.4,12.50992804006649
BY,CLUSTER_236,beet_leaf,1965.0000000000002,12.50992804006649
BY,CLUSTER_236,rape_str,1247.0,12.50992804006649
BY,CLUSTER_236,legume_str,601.1,12.50992804006649
BY,CLUSTER_238,horse_man,820.7,55.78225286600359
BY,CLUSTER_238,legume_str,234.7,55.78225286600359
BY,CLUSTER_24,maize_str,610.37,22.99804347564149
BY,CLUSTER_24,rape_str,4848.0,22.99804347564149
BY,CLUSTER_24,legume_str,769.8,22.99804347564149
BY,CLUSTER_246,maize_str,156.3,35.1425087300399
BY,CLUSTER_246,rape_str,1181.0,35.1425087300399
BY,CLUSTER_246,legume_str,345.0,35.1425087300399
BY,CLUSTER_247,cattle_man,2871.0,21.007837568059813
BY,CLUSTER_247,maize_str,161.1,21.007837568059813
BY,CLUSTER_247,beet_leaf,1045.0,21.007837568059813
BY,CLUSTER_247,rape_str,3410.0,21.007837568059813
BY,CLUSTER_247,legume_str,474.1,21.007837568059813
BY,CLUSTER_251,maize_str,70.9,37.98754597140165
BY,CLUSTER_251,rape_str,2183.0,37.98754597140165
BY,CLUSTER_251,legume_str,633.1999999999999,37.98754597140165
BY,CLUSTER_260,horse_man,1035.0,59.678082171063735
BY,CLUSTER_271,rape_str,2906.0,50.26571652529282
BY,CLUSTER_271,legume_str,258.8,50.26571652529282
BY,CLUSTER_275,cattle_man,3212.5,20.642172214236904
BY,CLUSTER_275,maize_str,130.5,20.642172214236904
BY,CLUSTER_275,beet_leaf,3992.0,20.642172214236904
BY,CLUSTER_275,rape_str,2420.0,20.642172214236904
BY,CLUSTER_275,legume_str,322.6,20.642172214236904
BY,CLUSTER_277,cattle_man,6870.0,24.52221779811465
BY,CLUSTER_277,maize_str,52.900000000000006,24.52221779811465
BY,CLUSTER_277,rape_str,2519.0,24.52221779811465
BY,CLUSTER_277,legume_str,748.8,24.52221779811465
BY,CLUSTER_283,maize_str,483.1,20.47115173399992
BY,CLUSTER_283,beet_leaf,20320.0,20.47115173399992
BY,CLUSTER_283,rape_str,1599.65,20.47115173399992
BY,CLUSTER_283,legume_str,287.6,20.47115173399992
BY,CLUSTER_289,maize_str,455.8,45.21855649285663
BY,CLUSTER_289,rape_str,1516.0,45.21855649285663
BY,CLUSTER_289,legume_str,485.4,45.21855649285663
BY,CLUSTER_293,rape_str,1991.0000000000002,53.91234816634331
BY,CLUSTER_293,legume_str,195.85,53.91234816634331
BY,CLUSTER_298,maize_str,131.71,36.44899428802421
BY,CLUSTER_298,rape_str,1018.0,36.44899428802421
BY,CLUSTER_298,legume_str,191.9,36.44899428802421
BY,CLUSTER_317,maize_str,120.7,42.24108207325815
BY,CLUSTER_317,rape_str,692.0,42.24108207325815
BY,CLUSTER_317,legume_str,236.2,42.24108207325815
BY,CLUSTER_320,clover_alfalfa_grass,1436.3,12.960497009081791
BY,CLUSTER_320,maize_str,24.130000000000003,12.960497009081791
BY,CLUSTER_320,beet_leaf,2141.0,12.960497009081791
BY,CLUSTER_320,rape_str,1162.3,12.960497009081791
BY,CLUSTER_320,legume_str,113.12,12.960497009081791
BY,CLUSTER_328,cattle_man,9120.0,33.22298401543295
BY,CLUSTER_328,maize_str,276.0,33.22298401543295
BY,CLUSTER_328,rape_str,1819.0,33.22298401543295
BY,CLUSTER_328,legume_str,524.0,33.22298401543295
BY,CLUSTER_332,cattle_man,620.3,29.14093131509348
BY,CLUSTER_332,maize_str,50.4,29.14093131509348
BY,CLUSTER_332,rape_str,1546.9,29.14093131509348
BY,CLUSTER_332,legume_str,553.2,29.14093131509348
BY,CLUSTER_336,maize_str,516.74,34.429941363940046
BY,CLUSTER_336,rape_str,912.3,34.429941363940046
BY,CLUSTER_336,legume_str,270.07,34.429941363940046
BY,CLUSTER_348,maize_str,65.0,40.59343716672567
BY,CLUSTER_348,rape_str,718.0,40.59343716672567
BY,CLUSTER_348,legume_str,156.9,40.59343716672567
BY,CLUSTER_361,maize_str,579.6,45.86097780943499
BY,CLUSTER_361,rape_str,169.4,45.86097780943499
BY,CLUSTER_361,legume_str,175.4,45.86097780943499
BY,CLUSTER_38,maize_str,30.0,28.060327618948666
BY,CLUSTER_38,rape_str,891.0,28.060327618948666
BY,CLUSTER_38,legume_str,159.5,28.060327618948666
BY,CLUSTER_388,horse_man,410.3,49.92727126294243
BY,CLUSTER_389,maize_str,132.9,17.15050010631005
BY,CLUSTER_389,beet_leaf,8760.0,17.15050010631005
BY,CLUSTER_389,rape_str,826.81,17.15050010631005
BY,CLUSTER_389,legume_str,294.0,17.15050010631005
BY,CLUSTER_4,maize_str,287.90000000000003,29.026731401185085
BY,CLUSTER_4,rape_str,2234.4,29.026731401185085
BY,CLUSTER_4,legume_str,531.23,29.026731401185085
BY,CLUSTER_405,maize_str,43.2,47.41659787389944
BY,CLUSTER_405,rape_str,758.7,47.41659787389944
BY,CLUSTER_405,legume_str,321.95,47.41659787389944
BY,CLUSTER_410,cattle_man,8090.0,20.4011234858694
BY,CLUSTER_410,maize_str,31.67,20.4011234858694
BY,CLUSTER_410,beet_leaf,1747.4,20.4011234858694
BY,CLUSTER_410,rape_str,2374.0,20.4011234858694
BY,CLUSTER_410,legume_str,361.8,20.4011234858694
BY,CLUSTER_417,maize_str,88.36,20.32023425270968
BY,CLUSTER_417,beet_leaf,12800.0,20.32023425270968
BY,CLUSTER_417,rape_str,677.4,20.32023425270968
BY,CLUSTER_417,legume_str,179.52,20.32023425270968
BY,CLUSTER_418,maize_str,41.79779967315722,48.35405364953337
BY,CLUSTER_418,rape_str,1244.0,48.35405364953337
BY,CLUSTER_418,legume_str,130.8,48.35405364953337
BY,CLUSTER_424,cattle_man,6654.0,33.23497844707341
BY,CLUSTER_424,maize_str,42.1,33.23497844707341
BY,CLUSTER_424,rape_str,2239.8,33.23497844707341
BY,CLUSTER_424,legume_str,524.5,33.23497844707341
BY,CLUSTER_430,maize_str,59.93000000000001,36.88078560371144
BY,CLUSTER_430,rape_str,1226.0,36.88078560371144
BY,CLUSTER_430,legume_str,108.18,36.88078560371144
BY,CLUSTER_449,maize_str,119.0,43.78999078830474
BY,CLUSTER_449,rape_str,2855.0,43.78999078830474
BY,CLUSTER_449,legume_str,67.55,43.78999078830474
BY,CLUSTER_455,maize_str,263.67,46.874667431244205
BY,CLUSTER_455,rape_str,1213.0,46.874667431244205
BY,CLUSTER_455,legume_str,362.4,46.874667431244205
BY,CLUSTER_46,rape_str,1841.4,49.10556143785336
BY,CLUSTER_46,legume_str,245.43999999999997,49.10556143785336
BY,CLUSTER_47,horse_man,414.0,49.61942678453442
BY,CLUSTER_47,rape_str,155.0,49.61942678453442
BY,CLUSTER_483,rape_str,440.9,50.20182148668351
BY,CLUSTER_483,legume_str,415.5,50.20182148668351
BY,CLUSTER_487,cattle_slu,2333.0,1.8556962955810008
BY,CLUSTER_487,clover_alfalfa_grass,3453.0,1.8556962955810008
BY,CLUSTER_487,maize_str,637.4,1.8556962955810008
BY,CLUSTER_487,beet_leaf,25760.0,1.8556962955810008
BY,CLUSTER_487,rape_str,1529.0,1.8556962955810008
BY,CLUSTER_487,legume_str,702.12,1.8556962955810008
BY,CLUSTER_49,cattle_man,15490.0,14.351279896864929
BY,CLUSTER_49,clover_alfalfa_grass,6059.8,14.351279896864929
BY,CLUSTER_49,maize_str,516.3,14.351279896864929
BY,CLUSTER_49,beet_leaf,9947.0,14.351279896864929
BY,CLUSTER_49,rape_str,2778.0,14.351279896864929
BY,CLUSTER_49,legume_str,470.832,14.351279896864929
BY,CLUSTER_491,cattle_man,6717.0,30.85192762287213
BY,CLUSTER_491,maize_str,50.9,30.85192762287213
BY,CLUSTER_491,rape_str,1665.0,30.85192762287213
BY,CLUSTER_491,legume_str,275.7,30.85192762287213
BY,CLUSTER_494,rape_str,500.2,52.28275114590655
BY,CLUSTER_494,legume_str,89.8,52.28275114590655
BY,CLUSTER_497,cattle_man,5760.0,32.41260482849918
BY,CLUSTER_497,maize_str,25.5,32.41260482849918
BY,CLUSTER_497,rape_str,1290.0,32.41260482849918
BY,CLUSTER_497,legume_str,206.1,32.41260482849918
BY,CLUSTER_506,maize_str,146.4,33.63331769805546
BY,CLUSTER_506,rape_str,1143.0,33.63331769805546
BY,CLUSTER_506,legume_str,340.0,33.63331769805546
BY,CLUSTER_517,maize_str,38.76,43.60811867867762
BY,CLUSTER_517,rape_str,729.3,43.60811867867762
BY,CLUSTER_517,legume_str,119.6,43.60811867867762
BY,CLUSTER_519,horse_man,814.0,48.66287179647369
BY,CLUSTER_519,legume_str,11.1,48.66287179647369
BY,CLUSTER_525,maize_str,16.1,48.16021059647229
BY,CLUSTER_525,rape_str,758.0,48.16021059647229
BY,CLUSTER_525,legume_str,32.37,48.16021059647229
BY,CLUSTER_538,cattle_man,3387.0,24.19061943850169
BY,CLUSTER_538,maize_str,24.6,24.19061943850169
BY,CLUSTER_538,rape_str,957.0,24.19061943850169
BY,CLUSTER_538,legume_str,213.05,24.19061943850169
BY,CLUSTER_546,horse_man,444.0,60.0490783494316
BY,CLUSTER_60,horse_man,2507.8,60.53360979053583
BY,CLUSTER_75,maize_str,550.06,34.089345425770134
BY,CLUSTER_75,rape_str,1046.1,34.089345425770134
BY,CLUSTER_75,legume_str,172.5,34.089345425770134
BY,CLUSTER_80,maize_str,115.0,35.38667377997799
BY,CLUSTER_80,rape_str,3516.0,35.38667377997799
BY,CLUSTER_80,legume_str,346.7,35.38667377997799
BY,CLUSTER_87,maize_str,676.6,41.67378868656932
BY,CLUSTER_87,rape_str,922.9,41.67378868656932
BY,CLUSTER_87,legume_str,729.0,41.67378868656932
BY,CLUSTER_95,maize_str,231.9,47.18160342086496
BY,CLUSTER_95,rape_str,4774.0,47.18160342086496
BY,CLUSTER_95,legume_str,380.1,47.18160342086496
BY,CLUSTER_97,cattle_man,4494.0,10.99232729545228
BY,CLUSTER_97,clover_alfalfa_grass,9077.0,10.99232729545228
BY,CLUSTER_97,maize_str,150.8,10.99232729545228
BY,CLUSTER_97,beet_leaf,10300.0,10.99232729545228
BY,CLUSTER_97,rape_str,3629.0,10.99232729545228
BY,CLUSTER_97,legume_str,684.7,10.99232729545228
BE,CLUSTER_1,cattle_man,7654.55,25.110176018343264
BE,CLUSTER_1,maize_str,371.5,25.110176018343264
BE,CLUSTER_1,rape_str,1763.0,25.110176018343264
BE,CLUSTER_1,legume_str,279.7,25.110176018343264
BE,CLUSTER_101,maize_str,163.78503,47.51558464376608
BE,CLUSTER_101,rape_str,1060.3,47.51558464376608
BE,CLUSTER_103,maize_str,65.200176,45.40448396949672
BE,CLUSTER_103,rape_str,208.4,45.40448396949672
BE,CLUSTER_103,legume_str,84.58999999999999,45.40448396949672
BE,CLUSTER_12,maize_str,50.79,40.2814980642612
BE,CLUSTER_12,rape_str,261.194,40.2814980642612
BE,CLUSTER_12,legume_str,192.82,40.2814980642612
BE,CLUSTER_125,cattle_man,17940.0,24.032615320900558
BE,CLUSTER_125,maize_str,642.8,24.032615320900558
BE,CLUSTER_140,maize_str,426.4,47.2057823183638
BE,CLUSTER_140,rape_str,2088.0,47.2057823183638
BE,CLUSTER_140,legume_str,312.5,47.2057823183638
BE,CLUSTER_141,rape_str,1518.4,53.89367191654152
BE,CLUSTER_141,legume_str,364.1,53.89367191654152
BE,CLUSTER_145,maize_str,1224.5,45.183252210010224
BE,CLUSTER_147,rape_str,506.3,54.84077765142888
BE,CLUSTER_147,legume_str,68.23,54.84077765142888
BE,CLUSTER_15,cattle_man,7650.0,27.146451985575844
BE,CLUSTER_15,maize_str,45.96,27.146451985575844
BE,CLUSTER_15,rape_str,787.2,27.146451985575844
BE,CLUSTER_15,legume_str,224.491,27.146451985575844
BE,CLUSTER_162,maize_str,4165.0,37.16572114227078
BE,CLUSTER_167,legume_str,378.19,57.84897761268458
BE,CLUSTER_169,rape_str,268.41,54.93214511194441
BE,CLUSTER_169,legume_str,59.436,54.93214511194441
BE,CLUSTER_171,cattle_man,11040.0,34.778989821504624
BE,CLUSTER_171,maize_str,987.0,34.778989821504624
BE,CLUSTER_171,rape_str,1563.0,34.778989821504624
BE,CLUSTER_171,legume_str,188.6,34.778989821504624
BE,CLUSTER_188,maize_str,198.76,30.74429179382623
BE,CLUSTER_188,rape_str,21.25,30.74429179382623
BE,CLUSTER_188,legume_str,67.118,30.74429179382623
BE,CLUSTER_212,cattle_man,5215.0,28.78031435192985
BE,CLUSTER_212,maize_str,2516.0,28.78031435192985
BE,CLUSTER_219,cattle_man,5290.0,22.878442836641447
BE,CLUSTER_219,maize_str,434.5,22.878442836641447
BE,CLUSTER_219,beet_leaf,326.0,22.878442836641447
BE,CLUSTER_219,rape_str,2300.0,22.878442836641447
BE,CLUSTER_219,legume_str,276.0,22.878442836641447
BE,CLUSTER_230,cattle_man,11370.0,35.20147961080413
BE,CLUSTER_230,maize_str,30.722,35.20147961080413
BE,CLUSTER_230,rape_str,1536.0,35.20147961080413
BE,CLUSTER_230,legume_str,288.0,35.20147961080413
BE,CLUSTER_237,maize_str,150.0,52.16087217972658
BE,CLUSTER_237,rape_str,431.0,52.16087217972658
BE,CLUSTER_237,legume_str,29.248,52.16087217972658
BE,CLUSTER_259,maize_str,51.0,44.34232671409036
BE,CLUSTER_259,rape_str,1130.8,44.34232671409036
BE,CLUSTER_259,legume_str,90.26,44.34232671409036
BE,CLUSTER_262,maize_str,19.9,37.18669141249831
BE,CLUSTER_262,rape_str,727.9,37.18669141249831
BE,CLUSTER_262,legume_str,189.5,37.18669141249831
BE,CLUSTER_266,rape_str,64.9,49.956712518313424
BE,CLUSTER_266,legume_str,14.388000000000002,49.956712518313424
BE,CLUSTER_31,maize_str,1794.1,46.79288512615829
BE,CLUSTER_322,cattle_man,5790.0,17.37783231021454
BE,CLUSTER_322,clover_alfalfa_grass,9910.0,17.37783231021454
BE,CLUSTER_322,maize_str,206.2,17.37783231021454
BE,CLUSTER_322,rape_str,704.3,17.37783231021454
BE,CLUSTER_322,legume_str,115.8,17.37783231021454
BE,CLUSTER_340,maize_str,1072.4,40.59409246149118
BE,CLUSTER_346,maize_str,86.7,42.84450095774572
BE,CLUSTER_346,rape_str,14.6,42.84450095774572
BE,CLUSTER_349,maize_str,1939.0,43.26506487031534
BE,CLUSTER_35,cattle_man,3291.0,23.05369365589221
BE,CLUSTER_35,maize_str,1422.0,23.05369365589221
BE,CLUSTER_35,beet_leaf,5272.0,23.05369365589221
BE,CLUSTER_35,rape_str,3218.0,23.05369365589221
BE,CLUSTER_35,legume_str,631.6,23.05369365589221
BE,CLUSTER_351,cattle_man,14750.0,16.256306192563812
BE,CLUSTER_351,clover_alfalfa_grass,7160.0,16.256306192563812
BE,CLUSTER_351,maize_str,544.0,16.256306192563812
BE,CLUSTER_351,beet_leaf,525.0,16.256306192563812
BE,CLUSTER_351,rape_str,1727.0,16.256306192563812
BE,CLUSTER_351,legume_str,523.0,16.256306192563812
BE,CLUSTER_373,cattle_man,930.61,31.09037737973306
BE,CLUSTER_373,maize_str,870.8,31.09037737973306
BE,CLUSTER_373,rape_str,814.9,31.09037737973306
BE,CLUSTER_373,legume_str,370.5,31.09037737973306
BE,CLUSTER_382,cattle_man,2959.0,34.536629777820835
BE,CLUSTER_382,maize_str,346.7,34.536629777820835
BE,CLUSTER_382,rape_str,1028.0,34.536629777820835
BE,CLUSTER_382,legume_str,385.1,34.536629777820835
BE,CLUSTER_385,maize_str,270.19,52.80951095160721
BE,CLUSTER_385,rape_str,1325.68,52.80951095160721
BE,CLUSTER_385,legume_str,299.0,52.80951095160721
BE,CLUSTER_392,cattle_man,5800.0,27.75169459231888
BE,CLUSTER_392,rape_str,1560.0,27.75169459231888
BE,CLUSTER_392,legume_str,315.9,27.75169459231888
BE,CLUSTER_394,cattle_man,6080.0,11.405226353699105
BE,CLUSTER_394,cattle_slu,12809.000743714618,11.405226353699105
BE,CLUSTER_394,clover_alfalfa_grass,8320.0,11.405226353699105
BE,CLUSTER_394,maize_str,629.0,11.405226353699105
BE,CLUSTER_394,beet_leaf,221.3,11.405226353699105
BE,CLUSTER_394,rape_str,3108.0,11.405226353699105
BE,CLUSTER_394,legume_str,403.6,11.405226353699105
BE,CLUSTER_397,maize_str,658.9,36.927335324374255
BE,CLUSTER_40,maize_str,53.400000000000006,51.84304042924483
BE,CLUSTER_40,rape_str,458.3,51.84304042924483
BE,CLUSTER_40,legume_str,180.49,51.84304042924483
BE,CLUSTER_404,maize_str,137.9,41.94831646844623
BE,CLUSTER_404,rape_str,430.0,41.94831646844623
BE,CLUSTER_404,legume_str,89.80000000000001,41.94831646844623
BE,CLUSTER_409,legume_str,168.2,57.46890031313023
BE,CLUSTER_435,cattle_man,3989.9999999999995,21.2892067652041
BE,CLUSTER_435,maize_str,65.7,21.2892067652041
BE,CLUSTER_435,rape_str,153.1,21.2892067652041
BE,CLUSTER_435,legume_str,63.4,21.2892067652041
BE,CLUSTER_451,cattle_man,7650.0,12.928734005864028
BE,CLUSTER_451,clover_alfalfa_grass,13640.0,12.928734005864028
BE,CLUSTER_451,maize_str,737.0,12.928734005864028
BE,CLUSTER_451,rape_str,3060.0,12.928734005864028
BE,CLUSTER_451,legume_str,293.0,12.928734005864028
BE,CLUSTER_469,cattle_man,3134.0,33.885702292062035
BE,CLUSTER_469,maize_str,488.99999999999994,33.885702292062035
BE,CLUSTER_469,rape_str,1099.0,33.885702292062035
BE,CLUSTER_476,maize_str,70.1,31.005698115456067
BE,CLUSTER_476,rape_str,21.8,31.005698115456067
BE,CLUSTER_476,legume_str,20.15,31.005698115456067
BE,CLUSTER_481,cattle_man,7889.999999999999,12.79277557094419
BE,CLUSTER_481,clover_alfalfa_grass,10280.0,12.79277557094419
BE,CLUSTER_481,maize_str,1163.0,12.79277557094419
BE,CLUSTER_481,beet_leaf,3240.0,12.79277557094419
BE,CLUSTER_481,rape_str,4790.0,12.79277557094419
BE,CLUSTER_481,legume_str,620.0,12.79277557094419
BE,CLUSTER_490,maize_str,80.1,47.97180673934124
BE,CLUSTER_490,rape_str,340.0,47.97180673934124
BE,CLUSTER_490,legume_str,80.4,47.97180673934124
BE,CLUSTER_512,maize_str,72.075,47.94583577404501
BE,CLUSTER_512,rape_str,499.0,47.94583577404501
BE,CLUSTER_512,legume_str,138.2,47.94583577404501
BE,CLUSTER_52,maize_str,4642.0,39.55052545961638
BE,CLUSTER_529,legume_str,186.5,57.84590734291438
BE,CLUSTER_536,rape_str,222.0,44.49779915585853
BE,CLUSTER_536,legume_str,88.69999999999999,44.49779915585853
BE,CLUSTER_55,maize_str,329.6,50.630330432754775
BE,CLUSTER_55,rape_str,291.6,50.630330432754775
BE,CLUSTER_55,legume_str,299.8,50.630330432754775
BE,CLUSTER_7,maize_str,153.4,34.69318240719195
BE,CLUSTER_7,rape_str,2308.0,34.69318240719195
BE,CLUSTER_7,legume_str,232.0,34.69318240719195
BE,CLUSTER_72,cattle_man,21650.0,4.405103408941972
BE,CLUSTER_72,cattle_slu,106500.0,4.405103408941972
BE,CLUSTER_72,clover_alfalfa_grass,23705.0,4.405103408941972
BE,CLUSTER_72,maize_str,914.0,4.405103408941972
BE,CLUSTER_72,beet_leaf,153.123,4.405103408941972
BE,CLUSTER_72,rape_str,3098.0,4.405103408941972
BE,CLUSTER_72,legume_str,700.5,4.405103408941972
BE,CLUSTER_76,cattle_man,321.23691034328976,34.32965277928499
BE,CLUSTER_76,maize_str,96.25,34.32965277928499
BE,CLUSTER_76,rape_str,35.114,34.32965277928499
BE,CLUSTER_76,legume_str,109.68,34.32965277928499
BE,CLUSTER_77,cattle_man,15680.0,19.648619461263547
BE,CLUSTER_77,clover_alfalfa_grass,25090.0,19.648619461263547
BE,CLUSTER_77,maize_str,102.6,19.648619461263547
BE,CLUSTER_77,rape_str,1929.0,19.648619461263547
BE,CLUSTER_77,legume_str,300.0,19.648619461263547
BE,CLUSTER_78,maize_str,136.0,41.27800834994422
BE,CLUSTER_78,rape_str,178.1,41.27800834994422
BE,CLUSTER_78,legume_str,40.33,41.27800834994422
BE,CLUSTER_82,legume_str,122.92,58.77139339916212
BE,CLUSTER_89,cattle_man,6220.0,23.86305418970623
BE,CLUSTER_89,maize_str,601.4,23.86305418970623
BE,CLUSTER_96,maize_str,261.74,48.372347882742886
BE,CLUSTER_96,rape_str,553.6,48.372347882742886
BE,CLUSTER_96,legume_str,216.1,48.372347882742886
CO,CLUSTER_102,cattle_man,1724.0,8.649351773548988
CO,CLUSTER_102,cattle_slu,10771.0,8.649351773548988
CO,CLUSTER_102,horse_man,961.0,8.649351773548988
CO,CLUSTER_102,rape_str,88.5,8.649351773548988
CO,CLUSTER_102,legume_str,12.3,8.649351773548988
CO,CLUSTER_112,cattle_man,13057.0,17.798322174782786
CO,CLUSTER_112,cattle_slu,95060.0,17.798322174782786
CO,CLUSTER_112,horse_man,1571.0,17.798322174782786
CO,CLUSTER_113,cattle_man,1617.0,44.47079964039415
CO,CLUSTER_113,horse_man,513.4,44.47079964039415
CO,CLUSTER_114,cattle_man,3025.0,47.59829456463494
CO,CLUSTER_115,cattle_man,12403.0,28.72965818339736
CO,CLUSTER_120,cattle_man,10758.0,45.41310496452331
CO,CLUSTER_120,horse_man,643.23,45.41310496452331
CO,CLUSTER_133,cattle_man,1800.0,58.06520526344951
CO,CLUSTER_133,horse_man,538.3,58.06520526344951
CO,CLUSTER_147,cattle_man,5220.0,43.34805298343427
CO,CLUSTER_167,cattle_man,16680.0,43.47451733138033
CO,CLUSTER_168,cattle_man,4187.0,48.17410915054365
CO,CLUSTER_18,cattle_man,14355.0,17.32469571897199
CO,CLUSTER_18,cattle_slu,63390.0,17.32469571897199
CO,CLUSTER_185,cattle_man,4461.0,47.16879845547976
CO,CLUSTER_185,horse_man,786.4,47.16879845547976
CO,CLUSTER_19,cattle_man,13523.0,31.09802377298641
CO,CLUSTER_197,cattle_man,6600.0,21.44251626304201
CO,CLUSTER_199,cattle_man,3629.0,44.31460755717592
CO,CLUSTER_21,cattle_man,11680.0,8.393168946441225
CO,CLUSTER_21,cattle_slu,60910.0,8.393168946441225
CO,CLUSTER_21,rape_str,567.3,8.393168946441225
CO,CLUSTER_21,legume_str,141.0,8.393168946441225
CO,CLUSTER_211,cattle_man,4080.0000000000005,23.20621209368763
CO,CLUSTER_211,horse_man,442.0,23.20621209368763
CO,CLUSTER_216,cattle_man,6405.0,16.489132516325753
CO,CLUSTER_216,cattle_slu,18914.0,16.489132516325753
CO,CLUSTER_216,horse_man,1391.183,16.489132516325753
CO,CLUSTER_220,cattle_man,1849.0,39.84506459162196
CO,CLUSTER_221,cattle_man,8125.0,35.61802900112929
CO,CLUSTER_227,cattle_man,7020.0,36.37176776639281
CO,CLUSTER_234,cattle_man,28380.0,41.40489281707415
CO,CLUSTER_245,cattle_man,13085.0,37.47679336398176
CO,CLUSTER_245,horse_man,793.9,37.47679336398176
CO,CLUSTER_249,cattle_man,9836.0,29.822918577532885
CO,CLUSTER_25,cattle_man,2469.58,42.78100742942634
CO,CLUSTER_25,horse_man,395.1,42.78100742942634
CO,CLUSTER_255,cattle_man,5100.0,57.86670972884031
CO,CLUSTER_259,cattle_man,11538.0,55.02565733601506
CO,CLUSTER_261,cattle_man,10670.0,14.956842664417952
CO,CLUSTER_261,cattle_slu,38770.0,14.956842664417952
CO,CLUSTER_262,cattle_man,4426.1077206413365,59.827370222628346
CO,CLUSTER_269,cattle_man,10313.0,21.64411416034645
CO,CLUSTER_286,cattle_man,4579.0,39.78601059338137
CO,CLUSTER_286,horse_man,502.1,39.78601059338137
CO,CLUSTER_299,cattle_man,4359.0,5.111231954197842
CO,CLUSTER_299,cattle_slu,20499.0,5.111231954197842
CO,CLUSTER_299,pig_slu,1317.06,5.111231954197842
CO,CLUSTER_299,rape_str,270.28,5.111231954197842
CO,CLUSTER_299,legume_str,62.4,5.111231954197842
CO,CLUSTER_307,cattle_man,3600.0,28.51119816633627
CO,CLUSTER_307,horse_man,1101.0,28.51119816633627
CO,CLUSTER_309,cattle_man,7630.0,19.199873400536383
CO,CLUSTER_309,cattle_slu,56380.0,19.199873400536383
CO,CLUSTER_309,horse_man,240.3,19.199873400536383
CO,CLUSTER_327,horse_man,336.5,67.0104021334316
CO,CLUSTER_331,cattle_man,5700.0,37.412679108948566
CO,CLUSTER_335,cattle_man,4820.0,27.58266022664973
CO,CLUSTER_357,cattle_man,11532.0,21.567124200967022
CO,CLUSTER_358,cattle_man,8329.0,22.010936300953578
CO,CLUSTER_358,horse_man,586.9,22.010936300953578
CO,CLUSTER_359,cattle_man,4205.0,57.19483731319783
CO,CLUSTER_359,horse_man,362.1,57.19483731319783
CO,CLUSTER_380,cattle_man,6580.0,36.377268281948126
CO,CLUSTER_384,cattle_man,3170.0,43.52115994676579
CO,CLUSTER_40,cattle_man,5321.0,52.35901851946437
CO,CLUSTER_401,cattle_man,1666.8,55.15641356596455
CO,CLUSTER_413,cattle_man,8790.0,32.92441664724892
CO,CLUSTER_414,cattle_man,13020.0,21.178217182053302
CO,CLUSTER_419,cattle_man,2304.0,27.65380838073365
CO,CLUSTER_437,cattle_man,8510.0,11.58112041614844
CO,CLUSTER_437,cattle_slu,64299.99999999999,11.58112041614844
CO,CLUSTER_438,cattle_man,3331.0,27.719358906848225
CO,CLUSTER_461,cattle_man,3302.0,35.59593629569612
CO,CLUSTER_461,horse_man,1385.0,35.59593629569612
CO,CLUSTER_471,cattle_man,292.0,11.566546466376714
CO,CLUSTER_471,cattle_slu,1307.0,11.566546466376714
CO,CLUSTER_471,horse_man,250.50000000000003,11.566546466376714
CO,CLUSTER_475,cattle_man,3878.0,25.996605168878112
CO,CLUSTER_475,horse_man,665.9,25.996605168878112
CO,CLUSTER_512,cattle_man,5080.0,48.95699420058944
CO,CLUSTER_518,cattle_man,9270.0,30.984956441410574
CO,CLUSTER_518,horse_man,1313.0,30.984956441410574
CO,CLUSTER_522,cattle_man,6580.0,28.6594151566494
CO,CLUSTER_522,horse_man,288.1,28.6594151566494
CO,CLUSTER_529,cattle_man,7480.0,39.45627507464711
CO,CLUSTER_536,cattle_man,3358.0,52.97823504544658
CO,CLUSTER_539,cattle_man,2743.0,47.00741149738689
CO,CLUSTER_98,cattle_man,5002.1,32.18209272546059
CO,CLUSTER_98,horse_man,673.1,32.18209272546059
AJ,CLUSTER_123,cattle_man,9000.0,16.95013890034843
AJ,CLUSTER_128,cattle_man,10124.4,32.584320075836175
AJ,CLUSTER_129,cattle_man,8284.0,43.29761966824746
AJ,CLUSTER_129,horse_man,1743.9,43.29761966824746
AJ,CLUSTER_132,cattle_man,7032.59,26.866738419698525
AJ,CLUSTER_14,cattle_man,9659.0,17.008395020766706
AJ,CLUSTER_166,cattle_man,582.6977167815448,33.15564006022173
AJ,CLUSTER_187,cattle_slu,24160.0,11.33191454350112
AJ,CLUSTER_229,cattle_man,1142.8,46.10474684976179
AJ,CLUSTER_253,cattle_man,6043.0,41.89686288437812
AJ,CLUSTER_303,horse_man,1550.7601974428085,54.26053415321634
AJ,CLUSTER_305,cattle_man,4426.0,26.151944872575854
AJ,CLUSTER_316,cattle_man,7202.0,29.85117271529041
AJ,CLUSTER_337,cattle_man,13540.0,11.029132585265394
AJ,CLUSTER_337,cattle_slu,79080.0,11.029132585265394
AJ,CLUSTER_341,cattle_man,862.8,40.70428056865567
AJ,CLUSTER_365,cattle_man,16119.999999999998,6.205847192432555
AJ,CLUSTER_365,cattle_slu,94000.0,6.205847192432555
AJ,CLUSTER_368,cattle_man,6947.0,24.0839763535616
AJ,CLUSTER_377,horse_man,627.7,53.23104462683331
AJ,CLUSTER_383,cattle_man,4512.0,23.385523419932607
AJ,CLUSTER_42,cattle_man,15075.0,41.69306008984943
AJ,CLUSTER_44,cattle_man,14660.0,16.836953270697812
AJ,CLUSTER_446,cattle_man,11600.0,16.551544972293037
AJ,CLUSTER_446,cattle_slu,18752.86284592981,16.551544972293037
AJ,CLUSTER_452,cattle_man,3960.0,45.59485604835706
AJ,CLUSTER_479,cattle_man,6870.0,1.421122903723687
AJ,CLUSTER_479,cattle_slu,44370.0,1.421122903723687
AJ,CLUSTER_479,pig_slu,18.9111,1.421122903723687
AJ,CLUSTER_500,cattle_man,5430.0,33.588794883190346
AJ,CLUSTER_515,cattle_man,990.9999999999999,41.13687443277516
AJ,CLUSTER_515,horse_man,126.2,41.13687443277516
AJ,CLUSTER_531,cattle_man,750.0,33.575981521994514
AJ,CLUSTER_531,horse_man,424.9,33.575981521994514
AJ,CLUSTER_533,cattle_man,693.0,42.2074775718682
AJ,CLUSTER_533,horse_man,654.0,42.2074775718682
AJ,CLUSTER_83,cattle_slu,46620.0,10.607374627084477
AJ,CLUSTER_9,cattle_man,4512.6,35.14368917642188
CH,CLUSTER_124,cattle_slu,117600.0,6.526962240048573
CH,CLUSTER_146,cattle_man,2485.0,34.412853041947606
CH,CLUSTER_189,cattle_man,4488.98,54.38445842327606
CH,CLUSTER_193,cattle_man,1113.0,47.47931686954443
CH,CLUSTER_196,cattle_man,17380.0,12.04166986469918
CH,CLUSTER_196,cattle_slu,100900.0,12.04166986469918
CH,CLUSTER_214,cattle_man,24580.0,5.332464666246583
CH,CLUSTER_214,cattle_slu,147600.0,5.332464666246583
CH,CLUSTER_241,cattle_man,10430.0,67.57381073354766
CH,CLUSTER_254,cattle_man,8256.0,59.59487095241067
CH,CLUSTER_274,cattle_man,2163.0,64.30881090104664
CH,CLUSTER_276,cattle_man,3122.0,19.92244860184567
CH,CLUSTER_402,cattle_man,1505.0,40.43858877890024
CH,CLUSTER_406,cattle_man,2565.7523570089684,69.03416145788381
CH,CLUSTER_416,cattle_man,553.9,28.98657195573528
CH,CLUSTER_442,cattle_man,14580.0,10.732244113299132
CH,CLUSTER_442,cattle_slu,90800.0,10.732244113299132
CH,CLUSTER_457,cattle_slu,22486.637501063276,16.097743293883894
CH,CLUSTER_520,cattle_man,3690.0,59.25560331244779
CH,CLUSTER_528,cattle_man,7939.999999999999,22.24826919524377
CH,CLUSTER_540,cattle_man,2510.0,16.87455816451076
CF,CLUSTER_105,legume_str,17.03,31.60143508202103
CF,CLUSTER_106,maize_str,227.0,38.24275141962213
CF,CLUSTER_106,rape_str,253.62000000000003,38.24275141962213
CF,CLUSTER_106,legume_str,84.6,38.24275141962213
CF,CLUSTER_117,cattle_man,13052.0,40.8737184525984
CF,CLUSTER_118,maize_str,124.29999999999998,37.40737327657956
CF,CLUSTER_118,rape_str,80.0,37.40737327657956
CF,CLUSTER_118,legume_str,97.25,37.40737327657956
CF,CLUSTER_127,maize_str,111.55,45.14401591179524
CF,CLUSTER_13,maize_str,79.0,40.67193307085067
CF,CLUSTER_13,legume_str,218.8,40.67193307085067
CF,CLUSTER_174,cattle_slu,46281.760020641435,13.390125746783186
CF,CLUSTER_191,cattle_man,11290.0,20.175140628908103
CF,CLUSTER_207,cattle_slu,171700.0,10.905232736994405
CF,CLUSTER_210,maize_str,159.54,46.47539129785296
CF,CLUSTER_224,cattle_man,12420.0,26.66611284646879
CF,CLUSTER_252,cattle_slu,150300.0,2.6838002182903216
CF,CLUSTER_264,maize_str,79.4,28.482136838745056
CF,CLUSTER_264,rape_str,125.89999999999999,28.482136838745056
CF,CLUSTER_264,legume_str,18.9,28.482136838745056
CF,CLUSTER_268,cattle_man,5520.0,52.03706657972121
CF,CLUSTER_287,cattle_man,2184.0,66.0836249521955
CF,CLUSTER_304,cattle_man,2118.0,51.99991521124783
CF,CLUSTER_313,maize_str,26.06,22.306640173189997
CF,CLUSTER_360,cattle_man,8890.0,30.06719291259089
CF,CLUSTER_362,maize_str,11.4,30.043306898709005
CF,CLUSTER_362,legume_str,13.96,30.043306898709005
CF,CLUSTER_366,maize_str,14.85,49.58375146499674
CF,CLUSTER_375,maize_str,173.0,31.596762563611176
CF,CLUSTER_379,maize_str,28.1,31.023506450483183
CF,CLUSTER_379,rape_str,35.6,31.023506450483183
CF,CLUSTER_379,legume_str,33.1,31.023506450483183
CF,CLUSTER_39,cattle_man,19310.0,18.45634646186164
CF,CLUSTER_411,maize_str,319.49474323207227,50.75548139745322
CF,CLUSTER_422,cattle_slu,27900.0,10.749322399800793
CF,CLUSTER_443,maize_str,154.0,37.71297233929686
CF,CLUSTER_443,rape_str,172.0,37.71297233929686
CF,CLUSTER_443,legume_str,58.24,37.71297233929686
CF,CLUSTER_480,cattle_man,173.2,59.967898551088815
CF,CLUSTER_492,cattle_man,6610.0,35.15508098041859
CF,CLUSTER_502,maize_str,12.1,48.68493203416737
CF,CLUSTER_521,cattle_slu,66000.0,10.75742726667166
CF,CLUSTER_527,cattle_man,7620.0,41.17582821577426
CF,CLUSTER_543,maize_str,21.22,37.42428496040915
CF,CLUSTER_543,rape_str,46.2,37.42428496040915
CF,CLUSTER_543,legume_str,17.48,37.42428496040915
CF,CLUSTER_548,maize_str,47.5,40.57203338936928
CF,CLUSTER_548,legume_str,30.47,40.57203338936928
CF,CLUSTER_94,cattle_man,10320.0,32.05418450804307
D,CLUSTER_135,cattle_slu,71346.63334686295,11.631464270827594
D,CLUSTER_308,cattle_man,2235.0,21.561729659381776
D,CLUSTER_350,cattle_slu,66000.0,11.02128184904953
D,CLUSTER_374,cattle_man,5400.0,33.260254913282495
D,CLUSTER_440,cattle_slu,62200.0,1.317505746655348
D,CLUSTER_440,pig_slu,96.54,1.317505746655348
D,CLUSTER_85,cattle_man,17750.0,17.349190451433607
D,CLUSTER_93,cattle_man,44710.0,11.948199528324658
