SupplyNode,PlantLocation,Feedstock,FlowTons,Distance_km
CLUSTER_125,A,horse_man,653.0,65.23993994272227
CLUSTER_125,A,pig_man,536.0,65.23993994272227
CLUSTER_130,A,cattle_man,16581.0,14.5295952545777
CLUSTER_130,A,cattle_slu,77450.0,14.5295952545777
CLUSTER_130,A,horse_man,373.2,14.5295952545777
CLUSTER_130,A,legume_str,185.4,14.5295952545777
CLUSTER_130,A,pig_man,304.35,14.5295952545777
CLUSTER_130,A,rape_str,594.2,14.5295952545777
CLUSTER_140,A,cattle_man,7209.0,36.677870595368326
CLUSTER_140,A,horse_man,867.0,36.677870595368326
CLUSTER_140,A,pig_man,765.7,36.677870595368326
CLUSTER_143,A,cattle_man,20920.0,25.32684059087374
CLUSTER_143,A,horse_man,1329.0,25.32684059087374
CLUSTER_143,A,legume_str,47.158,25.32684059087374
CLUSTER_143,A,pig_man,52.20089,25.32684059087374
CLUSTER_143,A,rape_str,89.7,25.32684059087374
CLUSTER_150,A,legume_str,116.5,28.238282424709727
CLUSTER_150,A,pig_man,129.28320515944037,28.238282424709727
CLUSTER_150,A,rape_str,158.8,28.238282424709727
CLUSTER_167,A,cattle_man,16680.0,46.43102242977813
CLUSTER_167,A,horse_man,1062.4,46.43102242977813
CLUSTER_167,A,pig_man,722.3,46.43102242977813
CLUSTER_17,A,cattle_man,9480.0,13.405023966660618
CLUSTER_17,A,cattle_slu,36030.0,13.405023966660618
CLUSTER_17,A,horse_man,663.59,13.405023966660618
CLUSTER_17,A,legume_str,112.2,13.405023966660618
CLUSTER_17,A,pig_man,202.955,13.405023966660618
CLUSTER_17,A,rape_str,126.64,13.405023966660618
CLUSTER_186,A,horse_man,2019.1,64.28179582261753
CLUSTER_186,A,pig_man,471.4,64.28179582261753
CLUSTER_212,A,horse_man,525.0,82.13048983890049
CLUSTER_212,A,pig_man,132.0,82.13048983890049
CLUSTER_230,A,cattle_man,11370.0,52.22756305901598
CLUSTER_230,A,horse_man,900.0,52.22756305901598
CLUSTER_230,A,pig_man,156.99,52.22756305901598
CLUSTER_234,A,cattle_man,3092.766744364709,54.20839004008204
CLUSTER_234,A,horse_man,2507.0,54.20839004008204
CLUSTER_234,A,pig_man,472.3,54.20839004008204
CLUSTER_249,A,horse_man,1754.0,47.86733709427234
CLUSTER_249,A,pig_man,509.2300000000001,47.86733709427234
CLUSTER_259,A,cattle_man,11538.000000067355,50.19355587596137
CLUSTER_259,A,horse_man,817.6,50.19355587596137
CLUSTER_259,A,pig_man,260.08,50.19355587596137
CLUSTER_262,A,horse_man,491.0,65.9392427365229
CLUSTER_262,A,pig_man,55.52,65.9392427365229
CLUSTER_280,A,cattle_man,7664.0,25.479747328794858
CLUSTER_280,A,horse_man,1101.277,25.479747328794858
CLUSTER_280,A,pig_man,171.3,25.479747328794858
CLUSTER_290,A,cattle_man,4269.0,53.80664801595803
CLUSTER_290,A,horse_man,887.0,53.80664801595803
CLUSTER_290,A,pig_man,122.18799999999999,53.80664801595803
CLUSTER_295,A,cattle_man,1036.53,43.44267878252038
CLUSTER_295,A,horse_man,46.7,43.44267878252038
CLUSTER_31,A,cattle_man,11270.176,34.81472721557114
CLUSTER_31,A,horse_man,3786.0,34.81472721557114
CLUSTER_31,A,pig_man,390.4,34.81472721557114
CLUSTER_311,A,cattle_man,22700.0,27.401259745866007
CLUSTER_311,A,horse_man,1250.5,27.401259745866007
CLUSTER_311,A,legume_str,30.47,27.401259745866007
CLUSTER_311,A,rape_str,316.0,27.401259745866007
CLUSTER_32,A,cattle_man,20691.0,38.45369502953898
CLUSTER_32,A,horse_man,1842.9,38.45369502953898
CLUSTER_32,A,pig_man,176.1042,38.45369502953898
CLUSTER_321,A,cattle_man,2184.0,51.97021612433888
CLUSTER_321,A,horse_man,1668.0,51.97021612433888
CLUSTER_321,A,pig_man,53.32708,51.97021612433888
CLUSTER_322,A,horse_man,1355.0,76.06150894573938
CLUSTER_333,A,cattle_man,11300.0,25.235145358281677
CLUSTER_333,A,horse_man,712.5,25.235145358281677
CLUSTER_333,A,legume_str,254.9,25.235145358281677
CLUSTER_333,A,pig_man,364.2,25.235145358281677
CLUSTER_333,A,rape_str,1408.0,25.235145358281677
CLUSTER_343,A,cattle_man,10540.0,3.913583775075166
CLUSTER_343,A,cattle_slu,47200.0,3.913583775075166
CLUSTER_343,A,horse_man,329.269,3.913583775075166
CLUSTER_343,A,legume_str,77.46000000000001,3.913583775075166
CLUSTER_343,A,pig_man,296.7,3.913583775075166
CLUSTER_343,A,pig_slu,4325.0,3.913583775075166
CLUSTER_343,A,rape_str,152.8,3.913583775075166
CLUSTER_35,A,pig_man,754.8290000000001,93.90691720152844
CLUSTER_372,A,cattle_man,9440.0,20.84248469426809
CLUSTER_372,A,cattle_slu,40550.0,20.84248469426809
CLUSTER_372,A,horse_man,1283.0,20.84248469426809
CLUSTER_372,A,legume_str,304.78,20.84248469426809
CLUSTER_372,A,pig_man,127.52,20.84248469426809
CLUSTER_372,A,rape_str,903.9,20.84248469426809
CLUSTER_373,A,horse_man,316.5255014287349,92.06504906577209
CLUSTER_385,A,cattle_man,5529.999999949053,26.30995060649089
CLUSTER_385,A,horse_man,616.3,26.30995060649089
CLUSTER_385,A,pig_man,407.79,26.30995060649089
CLUSTER_387,A,cattle_man,7795.0,36.3104759611708
CLUSTER_387,A,horse_man,1714.3,36.3104759611708
CLUSTER_387,A,pig_man,180.0399,36.3104759611708
CLUSTER_392,A,horse_man,513.0,65.41268651346763
CLUSTER_392,A,pig_man,46.5,65.41268651346763
CLUSTER_397,A,cattle_man,5686.0,44.76659333356116
CLUSTER_397,A,horse_man,797.2,44.76659333356116
CLUSTER_397,A,pig_man,80.291,44.76659333356116
CLUSTER_399,A,horse_man,218.1,66.23215930451487
CLUSTER_399,A,pig_man,646.33,66.23215930451487
CLUSTER_408,A,cattle_man,7585.8,35.5266601285803
CLUSTER_408,A,horse_man,3122.0,35.5266601285803
CLUSTER_408,A,pig_man,511.6000000000001,35.5266601285803
CLUSTER_409,A,cattle_man,12230.0,35.88095237294248
CLUSTER_409,A,horse_man,858.0,35.88095237294248
CLUSTER_409,A,pig_man,568.9,35.88095237294248
CLUSTER_413,A,horse_man,36.0,51.14052836745245
CLUSTER_413,A,pig_man,1220.808,51.14052836745245
CLUSTER_438,A,pig_man,223.18,49.21774664840408
CLUSTER_439,A,cattle_man,12440.0,12.93346186294613
CLUSTER_439,A,cattle_slu,56500.0,12.93346186294613
CLUSTER_439,A,horse_man,163.7,12.93346186294613
CLUSTER_439,A,legume_str,194.2,12.93346186294613
CLUSTER_439,A,pig_man,625.9,12.93346186294613
CLUSTER_439,A,rape_str,429.0,12.93346186294613
CLUSTER_45,A,cattle_man,15750.0,25.042422694866485
CLUSTER_45,A,horse_man,1188.0,25.042422694866485
CLUSTER_45,A,legume_str,252.20000000000002,25.042422694866485
CLUSTER_45,A,pig_man,55.502,25.042422694866485
CLUSTER_45,A,rape_str,1301.0,25.042422694866485
CLUSTER_451,A,horse_man,523.0,66.85323294076257
CLUSTER_451,A,pig_man,528.0,66.85323294076257
CLUSTER_470,A,pig_man,190.5,38.1268128664294
CLUSTER_472,A,cattle_man,24810.0,7.812121878294814
CLUSTER_472,A,cattle_slu,106200.0,7.812121878294814
CLUSTER_472,A,horse_man,709.0,7.812121878294814
CLUSTER_472,A,legume_str,59.1,7.812121878294814
CLUSTER_472,A,pig_man,22.5159,7.812121878294814
CLUSTER_472,A,rape_str,336.6,7.812121878294814
CLUSTER_477,A,cattle_man,6130.0,33.88235335197111
CLUSTER_477,A,horse_man,908.0,33.88235335197111
CLUSTER_481,A,pig_man,527.3,78.01745576366149
CLUSTER_484,A,cattle_man,10650.0,17.144140974829874
CLUSTER_484,A,cattle_slu,42729.999999513544,17.144140974829874
CLUSTER_484,A,horse_man,420.899999723928,17.144140974829874
CLUSTER_484,A,legume_str,72.6,17.144140974829874
CLUSTER_484,A,pig_man,64.9729,17.144140974829874
CLUSTER_484,A,rape_str,75.4,17.144140974829874
CLUSTER_50,A,cattle_man,17080.0,23.037876775977946
CLUSTER_50,A,horse_man,1154.13,23.037876775977946
CLUSTER_50,A,legume_str,456.7,23.037876775977946
CLUSTER_50,A,pig_man,604.7121,23.037876775977946
CLUSTER_50,A,rape_str,1007.7,23.037876775977946
CLUSTER_503,A,cattle_man,1023.7099999999999,46.723600201558654
CLUSTER_503,A,horse_man,847.1,46.723600201558654
CLUSTER_505,A,cattle_man,10770.0,28.02631414064441
CLUSTER_505,A,horse_man,942.0,28.02631414064441
CLUSTER_505,A,legume_str,212.3,28.02631414064441
CLUSTER_505,A,rape_str,1195.0,28.02631414064441
CLUSTER_509,A,cattle_man,10453.0,17.881259395179626
CLUSTER_509,A,cattle_slu,44128.0,17.881259395179626
CLUSTER_509,A,horse_man,798.0,17.881259395179626
CLUSTER_509,A,legume_str,25.2,17.881259395179626
CLUSTER_509,A,pig_man,70.445,17.881259395179626
CLUSTER_509,A,rape_str,51.9,17.881259395179626
CLUSTER_512,A,cattle_man,5080.0,58.09153803905773
CLUSTER_512,A,horse_man,541.0,58.09153803905773
CLUSTER_512,A,pig_man,391.0,58.09153803905773
CLUSTER_529,A,horse_man,807.0,56.29694352282474
CLUSTER_529,A,pig_man,18.6,56.29694352282474
CLUSTER_536,A,horse_man,483.9,67.27381296396746
CLUSTER_536,A,pig_man,168.6,67.27381296396746
CLUSTER_542,A,cattle_man,20360.0,7.978571170477931
CLUSTER_542,A,cattle_slu,101000.0,7.978571170477931
CLUSTER_542,A,horse_man,1452.1,7.978571170477931
CLUSTER_542,A,legume_str,208.0,7.978571170477931
CLUSTER_542,A,pig_man,564.19,7.978571170477931
CLUSTER_542,A,rape_str,510.00000000000006,7.978571170477931
CLUSTER_59,A,cattle_man,5668.0,38.46143271923275
CLUSTER_59,A,horse_man,456.477,38.46143271923275
CLUSTER_59,A,pig_man,56.019,38.46143271923275
CLUSTER_7,A,cattle_man,6818.0,44.61567985038354
CLUSTER_7,A,horse_man,843.8,44.61567985038354
CLUSTER_7,A,pig_man,353.272,44.61567985038354
CLUSTER_72,A,pig_man,949.3,79.32499941579057
CLUSTER_77,A,horse_man,1160.0,61.54974877203992
CLUSTER_77,A,pig_man,82.7,61.54974877203992
CLUSTER_89,A,cattle_man,6220.0,56.174350425152674
CLUSTER_89,A,horse_man,1274.4,56.174350425152674
CLUSTER_89,A,pig_man,499.7749999999999,56.174350425152674
CLUSTER_99,A,cattle_man,18960.0,14.460630250090412
CLUSTER_99,A,cattle_slu,98580.0,14.460630250090412
CLUSTER_99,A,horse_man,170.398,14.460630250090412
CLUSTER_99,A,legume_str,144.0,14.460630250090412
CLUSTER_99,A,pig_man,173.7,14.460630250090412
CLUSTER_99,A,rape_str,371.8,14.460630250090412
CLUSTER_106,K,cattle_man,12224.0,13.523151049044849
CLUSTER_106,K,cattle_slu,67740.0,13.523151049044849
CLUSTER_106,K,horse_man,1081.1,13.523151049044849
CLUSTER_106,K,legume_str,84.6,13.523151049044849
CLUSTER_106,K,pig_man,245.613,13.523151049044849
CLUSTER_106,K,rape_str,253.62000000000003,13.523151049044849
CLUSTER_117,K,cattle_man,13052.0,41.873595089726095
CLUSTER_117,K,horse_man,1848.2,41.873595089726095
CLUSTER_117,K,pig_man,153.071,41.873595089726095
CLUSTER_118,K,cattle_man,21190.0,14.675231575379009
CLUSTER_118,K,cattle_slu,125400.00000000001,14.675231575379009
CLUSTER_118,K,horse_man,710.0,14.675231575379009
CLUSTER_118,K,legume_str,97.25,14.675231575379009
CLUSTER_118,K,rape_str,80.0,14.675231575379009
CLUSTER_127,K,cattle_man,15245.03912498537,32.787830847707696
CLUSTER_128,K,pig_man,539.0,61.30479856304593
CLUSTER_137,K,cattle_man,27690.0,15.772793609726552
CLUSTER_137,K,cattle_slu,183000.0,15.772793609726552
CLUSTER_137,K,horse_man,2768.0,15.772793609726552
CLUSTER_137,K,pig_man,11.12,15.772793609726552
CLUSTER_166,K,pig_man,110.044731,36.715106034428565
CLUSTER_174,K,cattle_man,17810.0,14.938217988954104
CLUSTER_174,K,cattle_slu,52412.809920109714,14.938217988954104
CLUSTER_174,K,horse_man,1427.5,14.938217988954104
CLUSTER_206,K,horse_man,279.46010319160126,27.330306242154784
CLUSTER_206,K,pig_man,146.60494999999997,27.330306242154784
CLUSTER_210,K,cattle_man,12910.0,27.628027222114344
CLUSTER_210,K,horse_man,779.0,27.628027222114344
CLUSTER_210,K,pig_man,122.09999999999998,27.628027222114344
CLUSTER_253,K,pig_man,379.28,57.43846806172962
CLUSTER_264,K,cattle_man,33570.0,4.281719679366694
CLUSTER_264,K,cattle_slu,230130.0,4.281719679366694
CLUSTER_264,K,horse_man,387.684,4.281719679366694
CLUSTER_264,K,legume_str,18.9,4.281719679366694
CLUSTER_264,K,pig_man,100.19925,4.281719679366694
CLUSTER_264,K,rape_str,125.89999999999999,4.281719679366694
CLUSTER_268,K,cattle_man,5520.0,53.17007726747367
CLUSTER_268,K,horse_man,1285.409998441768,53.17007726747367
CLUSTER_313,K,cattle_man,9312.115559358628,18.819749633620283
CLUSTER_313,K,horse_man,2810.0,18.819749633620283
CLUSTER_313,K,pig_man,14.107,18.819749633620283
CLUSTER_329,K,horse_man,1337.0,36.111629348304845
CLUSTER_341,K,pig_man,160.94299999999998,45.20050730084749
CLUSTER_366,K,cattle_man,8803.0,24.93139973001141
CLUSTER_366,K,horse_man,199.48,24.93139973001141
CLUSTER_368,K,pig_man,61.345000000000006,39.6869351660571
CLUSTER_375,K,cattle_man,14310.0,13.449121525538954
CLUSTER_375,K,cattle_slu,101650.0,13.449121525538954
CLUSTER_375,K,horse_man,280.5,13.449121525538954
CLUSTER_379,K,cattle_man,18540.0,16.799064589819643
CLUSTER_379,K,cattle_slu,106979.99993612076,16.799064589819643
CLUSTER_379,K,horse_man,612.5,16.799064589819643
CLUSTER_379,K,legume_str,33.1,16.799064589819643
CLUSTER_383,K,pig_man,350.7,48.74420823912346
CLUSTER_411,K,horse_man,1163.4,28.692507754457697
CLUSTER_411,K,pig_man,527.79,28.692507754457697
CLUSTER_434,K,cattle_man,10390.0,8.165559755479007
CLUSTER_434,K,cattle_slu,77000.0,8.165559755479007
CLUSTER_434,K,horse_man,816.4,8.165559755479007
CLUSTER_443,K,cattle_man,12880.0,25.73660047445864
CLUSTER_443,K,horse_man,1016.9999999999999,25.73660047445864
CLUSTER_446,K,horse_man,1600.0,38.29769091103616
CLUSTER_446,K,pig_man,216.2920123,38.29769091103616
CLUSTER_463,K,horse_man,384.3,33.104905102515964
CLUSTER_463,K,pig_man,180.00319,33.104905102515964
CLUSTER_480,K,horse_man,560.6,60.61980935546091
CLUSTER_500,K,pig_man,32.309999999999995,47.65037587119901
CLUSTER_51,K,cattle_man,28020.0,8.642583758594691
CLUSTER_51,K,cattle_slu,177430.0,8.642583758594691
CLUSTER_51,K,horse_man,2617.0,8.642583758594691
CLUSTER_527,K,horse_man,1912.0,46.23670161492332
CLUSTER_527,K,pig_man,48.0347,46.23670161492332
CLUSTER_533,K,pig_man,70.10000000000001,64.13468284840327
CLUSTER_543,K,cattle_man,10570.0,18.425448450269386
CLUSTER_543,K,cattle_slu,58800.0,18.425448450269386
CLUSTER_543,K,horse_man,158.9,18.425448450269386
CLUSTER_543,K,pig_man,36.089,18.425448450269386
CLUSTER_548,K,cattle_man,7311.0,16.881585157434216
CLUSTER_548,K,cattle_slu,38500.0,16.881585157434216
CLUSTER_548,K,horse_man,2324.0,16.881585157434216
CLUSTER_548,K,legume_str,30.47,16.881585157434216
CLUSTER_105,S,cattle_man,16042.0,14.108857554996728
CLUSTER_105,S,cattle_slu,80198.8,14.108857554996728
CLUSTER_105,S,horse_man,2293.0,14.108857554996728
CLUSTER_207,S,cattle_man,25080.0,8.409841873370356
CLUSTER_207,S,cattle_slu,171700.0,8.409841873370356
CLUSTER_207,S,horse_man,1783.0,8.409841873370356
CLUSTER_243,S,cattle_man,19320.0,22.535857865529525
CLUSTER_304,S,cattle_man,2118.0,38.60895620522756
CLUSTER_304,S,horse_man,706.6,38.60895620522756
CLUSTER_313,S,cattle_man,11247.88444064137,17.570148272786106
CLUSTER_313,S,cattle_slu,121382.90354891054,17.570148272786106
CLUSTER_360,S,cattle_man,8890.0,15.92858288581299
CLUSTER_360,S,cattle_slu,50079.99999999977,15.92858288581299
CLUSTER_360,S,horse_man,2360.0,15.92858288581299
CLUSTER_362,S,cattle_man,13100.0,17.44856228522725
CLUSTER_362,S,cattle_slu,81600.0,17.44856228522725
CLUSTER_362,S,horse_man,2769.0,17.44856228522725
CLUSTER_39,S,cattle_man,19310.0,9.149637602557224
CLUSTER_39,S,cattle_slu,125300.0,9.149637602557224
CLUSTER_39,S,horse_man,1942.0,9.149637602557224
CLUSTER_412,S,cattle_man,16640.0,11.88535075163606
CLUSTER_412,S,cattle_slu,84530.0,11.88535075163606
CLUSTER_412,S,horse_man,2158.0,11.88535075163606
CLUSTER_489,S,cattle_man,1068.0,37.60624245405951
CLUSTER_53,S,cattle_man,6226.92,29.01497972975574
CLUSTER_74,S,cattle_man,27550.0,4.293093128195282
CLUSTER_74,S,cattle_slu,168800.0,4.293093128195282
CLUSTER_74,S,horse_man,3010.0,4.293093128195282
CLUSTER_100,T,cattle_man,9536.0,13.156671986471004
CLUSTER_100,T,cattle_slu,24810.0,13.156671986471004
CLUSTER_100,T,horse_man,3925.5,13.156671986471004
CLUSTER_116,T,cattle_man,856.0,47.29407024481132
CLUSTER_116,T,horse_man,1252.0,47.29407024481132
CLUSTER_144,T,cattle_man,16190.0,42.45416848018135
CLUSTER_144,T,horse_man,1694.292858026373,42.45416848018135
CLUSTER_152,T,cattle_man,3361.0,26.44188546827121
CLUSTER_162,T,horse_man,3375.9,69.47877438729233
CLUSTER_239,T,cattle_man,3789.0,34.0310777697901
CLUSTER_239,T,horse_man,2882.5,34.0310777697901
CLUSTER_263,T,cattle_man,11151.509998065208,34.88625007423651
CLUSTER_279,T,cattle_slu,74670.0,10.042233749887814
CLUSTER_288,T,cattle_slu,69700.0,12.27725755823479
CLUSTER_300,T,cattle_slu,48040.0,7.889587126638235
CLUSTER_306,T,cattle_man,13760.0,29.408273583307228
CLUSTER_306,T,horse_man,2610.0,29.408273583307228
CLUSTER_34,T,cattle_man,4823.3,46.4890239137775
CLUSTER_34,T,horse_man,3660.3,46.4890239137775
CLUSTER_340,T,horse_man,1279.0,60.88186346436436
CLUSTER_345,T,cattle_man,8870.0,19.794540966345416
CLUSTER_345,T,horse_man,3059.0,19.794540966345416
CLUSTER_43,T,cattle_man,697.37,11.4045711105827
CLUSTER_43,T,cattle_slu,1345.3,11.4045711105827
CLUSTER_431,T,horse_man,1912.0,59.42712998036259
CLUSTER_447,T,cattle_man,6210.0,25.27220587621728
CLUSTER_447,T,horse_man,3973.0,25.27220587621728
CLUSTER_464,T,cattle_man,4492.0,50.797109913985366
CLUSTER_464,T,horse_man,752.0,50.797109913985366
CLUSTER_466,T,cattle_man,13690.0,2.259677752729048
CLUSTER_466,T,cattle_slu,28210.0,2.259677752729048
CLUSTER_466,T,horse_man,4155.0,2.259677752729048
CLUSTER_495,T,cattle_man,7770.0,32.1671652857439
CLUSTER_495,T,horse_man,1575.0,32.1671652857439
CLUSTER_544,T,cattle_man,5520.0,15.70360956768334
CLUSTER_545,T,cattle_man,1080.0,41.49860119426491
CLUSTER_71,T,cattle_man,8797.0,25.839425091263585
CLUSTER_126,V,legume_str,544.6,30.830775760444656
CLUSTER_126,V,maize_str,2208.119672659698,30.830775760444656
CLUSTER_126,V,rape_str,2381.0,30.830775760444656
CLUSTER_131,V,legume_str,1003.9999999999999,38.15495871130592
CLUSTER_131,V,rape_str,1908.0,38.15495871130592
CLUSTER_155,V,legume_str,662.1,33.0243796295586
CLUSTER_155,V,rape_str,1777.0,33.0243796295586
CLUSTER_175,V,beet_leaf,28760.0,7.132006673955488
CLUSTER_175,V,cattle_man,2182.272,7.132006673955488
CLUSTER_175,V,legume_str,508.2,7.132006673955488
CLUSTER_175,V,maize_str,1895.0,7.132006673955488
CLUSTER_175,V,rape_str,1513.0,7.132006673955488
CLUSTER_180,V,legume_str,350.0,18.868192135596964
CLUSTER_180,V,maize_str,9410.0,18.868192135596964
CLUSTER_180,V,rape_str,2510.0,18.868192135596964
CLUSTER_184,V,legume_str,480.0,17.398354942096134
CLUSTER_184,V,maize_str,4690.0,17.398354942096134
CLUSTER_184,V,rape_str,1554.0,17.398354942096134
CLUSTER_186,V,beet_leaf,14510.0,10.43836032703745
CLUSTER_186,V,cattle_man,2851.0,10.43836032703745
CLUSTER_186,V,legume_str,321.6,10.43836032703745
CLUSTER_186,V,maize_str,2451.0,10.43836032703745
CLUSTER_186,V,rape_str,2267.0,10.43836032703745
CLUSTER_2,V,legume_str,639.4,43.04300370827159
CLUSTER_2,V,rape_str,2407.0,43.04300370827159
CLUSTER_20,V,legume_str,1043.0,42.78376031591768
CLUSTER_20,V,rape_str,2658.0,42.78376031591768
CLUSTER_240,V,beet_leaf,21747.675394124697,12.813843464705135
CLUSTER_240,V,legume_str,511.70000000000016,12.813843464705135
CLUSTER_240,V,maize_str,2018.1000000000001,12.813843464705135
CLUSTER_240,V,rape_str,698.0,12.813843464705135
CLUSTER_257,V,legume_str,280.6,28.05978946080949
CLUSTER_257,V,maize_str,4463.0,28.05978946080949
CLUSTER_257,V,rape_str,1210.4,28.05978946080949
CLUSTER_267,V,beet_leaf,19900.0,4.183686248009819
CLUSTER_267,V,cattle_man,6170.0,4.183686248009819
CLUSTER_267,V,cattle_slu,27220.0,4.183686248009819
CLUSTER_267,V,legume_str,523.5,4.183686248009819
CLUSTER_267,V,maize_str,4239.0,4.183686248009819
CLUSTER_267,V,rape_str,1938.0,4.183686248009819
CLUSTER_280,V,legume_str,227.3,38.15019118007478
CLUSTER_280,V,rape_str,224.4,38.15019118007478
CLUSTER_284,V,legume_str,192.3,34.845882452155074
CLUSTER_284,V,rape_str,262.2,34.845882452155074
CLUSTER_295,V,legume_str,228.28,19.66371895886959
CLUSTER_295,V,maize_str,1481.0,19.66371895886959
CLUSTER_295,V,rape_str,310.5,19.66371895886959
CLUSTER_301,V,legume_str,364.26,23.87283418797888
CLUSTER_301,V,maize_str,3168.0,23.87283418797888
CLUSTER_301,V,rape_str,382.1,23.87283418797888
CLUSTER_321,V,legume_str,474.1,16.24989187968206
CLUSTER_321,V,maize_str,1399.0,16.24989187968206
CLUSTER_321,V,rape_str,1433.0,16.24989187968206
CLUSTER_354,V,legume_str,257.3,34.0108645830761
CLUSTER_354,V,rape_str,1672.1,34.0108645830761
CLUSTER_370,V,legume_str,38.17,37.77037509554482
CLUSTER_370,V,rape_str,42.4,37.77037509554482
CLUSTER_399,V,cattle_man,1238.6,22.986544327576084
CLUSTER_399,V,legume_str,297.37,22.986544327576084
CLUSTER_399,V,rape_str,723.2,22.986544327576084
CLUSTER_400,V,legume_str,558.0,28.292812328545416
CLUSTER_400,V,maize_str,7990.000000000001,28.292812328545416
CLUSTER_400,V,rape_str,1315.0,28.292812328545416
CLUSTER_408,V,legume_str,270.2,28.247082439351782
CLUSTER_408,V,maize_str,816.0,28.247082439351782
CLUSTER_408,V,rape_str,1388.0,28.247082439351782
CLUSTER_429,V,legume_str,61.70000000000001,35.765482878966104
CLUSTER_429,V,rape_str,185.6,35.765482878966104
CLUSTER_441,V,legume_str,342.2,34.9425802793596
CLUSTER_441,V,rape_str,1217.0,34.9425802793596
CLUSTER_453,V,legume_str,457.0,17.739057384403846
CLUSTER_453,V,maize_str,1817.0,17.739057384403846
CLUSTER_453,V,rape_str,449.1,17.739057384403846
CLUSTER_477,V,legume_str,101.5,29.795337451800982
CLUSTER_477,V,maize_str,141.3,29.795337451800982
CLUSTER_477,V,rape_str,247.70000000000002,29.795337451800982
CLUSTER_48,V,cattle_man,4164.0,17.567541198679823
CLUSTER_48,V,legume_str,448.03,17.567541198679823
CLUSTER_48,V,maize_str,4581.0,17.567541198679823
CLUSTER_48,V,rape_str,1712.0,17.567541198679823
CLUSTER_501,V,beet_leaf,13770.0,11.122167010122086
CLUSTER_501,V,cattle_man,230.0,11.122167010122086
CLUSTER_501,V,legume_str,355.2,11.122167010122086
CLUSTER_501,V,maize_str,3960.0,11.122167010122086
CLUSTER_501,V,rape_str,1822.0,11.122167010122086
CLUSTER_503,V,legume_str,401.2,25.347399407158463
CLUSTER_503,V,maize_str,953.0,25.347399407158463
CLUSTER_503,V,rape_str,1574.0,25.347399407158463
CLUSTER_504,V,cattle_man,41.0,26.38479918675167
CLUSTER_504,V,legume_str,94.63,26.38479918675167
CLUSTER_504,V,maize_str,1285.0,26.38479918675167
CLUSTER_504,V,rape_str,268.5,26.38479918675167
CLUSTER_545,V,legume_str,184.9,37.09810382752077
CLUSTER_545,V,rape_str,992.0,37.09810382752077
CLUSTER_71,V,legume_str,1174.2,44.9546528805716
CLUSTER_73,V,legume_str,648.0,23.07669719021591
CLUSTER_73,V,maize_str,11358.0,23.07669719021591
CLUSTER_73,V,rape_str,3434.0,23.07669719021591
CLUSTER_91,V,legume_str,391.1,27.227550552927724
CLUSTER_91,V,maize_str,5136.0,27.227550552927724
CLUSTER_91,V,rape_str,434.47,27.227550552927724
CLUSTER_146,AD,cattle_man,2485.0,11.375574421947684
CLUSTER_146,AD,cattle_slu,13700.0,11.375574421947684
CLUSTER_146,AD,horse_man,847.0,11.375574421947684
CLUSTER_159,AD,horse_man,1577.67004865564,31.896211466017476
CLUSTER_159,AD,pig_man,3550.315,31.896211466017476
CLUSTER_193,AD,cattle_man,1113.0,23.95439112432208
CLUSTER_250,AD,cattle_man,8735.820000000002,13.22369186032339
CLUSTER_250,AD,cattle_slu,55100.0,13.22369186032339
CLUSTER_250,AD,horse_man,1190.0,13.22369186032339
CLUSTER_258,AD,cattle_man,16820.0,7.599507482890453
CLUSTER_258,AD,cattle_slu,98070.0,7.599507482890453
CLUSTER_258,AD,horse_man,1914.0,7.599507482890453
CLUSTER_276,AD,cattle_man,3122.0,19.612999187356657
CLUSTER_276,AD,horse_man,1192.0,19.612999187356657
CLUSTER_282,AD,cattle_man,10020.0,24.659448557875884
CLUSTER_296,AD,cattle_man,6573.0,9.46832561010346
CLUSTER_296,AD,cattle_slu,37120.0,9.46832561010346
CLUSTER_296,AD,horse_man,902.0,9.46832561010346
CLUSTER_416,AD,cattle_man,553.9,16.311949944110196
CLUSTER_416,AD,horse_man,387.2,16.311949944110196
CLUSTER_442,AD,horse_man,2096.0,18.75054553361488
CLUSTER_457,AD,cattle_man,11400.0,18.571629706940264
CLUSTER_457,AD,horse_man,1512.5,18.571629706940264
CLUSTER_514,AD,cattle_man,11580.0,16.39238567899949
CLUSTER_514,AD,horse_man,1246.0,16.39238567899949
CLUSTER_514,AD,pig_man,13.03,16.39238567899949
CLUSTER_528,AD,cattle_man,7939.999999999999,9.797805755310126
CLUSTER_528,AD,cattle_slu,44500.0,9.797805755310126
CLUSTER_528,AD,horse_man,1337.0,9.797805755310126
CLUSTER_540,AD,horse_man,1390.0,25.974183902867576
CLUSTER_547,AD,cattle_man,10790.0,4.200389869000083
CLUSTER_547,AD,cattle_slu,62400.0,4.200389869000083
CLUSTER_547,AD,horse_man,1621.0,4.200389869000083
CLUSTER_549,AD,cattle_man,6580.0,18.18184048927711
CLUSTER_79,AD,cattle_man,15570.0,28.63971879442662
CLUSTER_79,AD,horse_man,1933.0,28.63971879442662
CLUSTER_109,AF,cattle_man,10424.0,21.603679925737097
CLUSTER_109,AF,horse_man,2924.0,21.603679925737097
CLUSTER_109,AF,legume_str,13.7,21.603679925737097
CLUSTER_109,AF,pig_man,121.22265,21.603679925737097
CLUSTER_150,AF,cattle_man,18940.0,21.304883423155623
CLUSTER_150,AF,horse_man,998.0,21.304883423155623
CLUSTER_150,AF,pig_man,475.8167948405596,21.304883423155623
CLUSTER_155,AF,cattle_man,533.52,29.81953386139411
CLUSTER_155,AF,horse_man,1141.3,29.81953386139411
CLUSTER_155,AF,pig_man,1243.7,29.81953386139411
CLUSTER_175,AF,horse_man,1207.3,45.40479218336486
CLUSTER_175,AF,pig_man,35.4,45.40479218336486
CLUSTER_184,AF,cattle_man,2092.0,39.88259582496652
CLUSTER_184,AF,horse_man,556.0,39.88259582496652
CLUSTER_184,AF,pig_man,1364.0,39.88259582496652
CLUSTER_189,AF,cattle_man,4488.979998545352,27.047727576448832
CLUSTER_189,AF,horse_man,1789.0,27.047727576448832
CLUSTER_193,AF,horse_man,1133.0,37.14876306260525
CLUSTER_195,AF,cattle_man,17240.000000000004,9.724815552450456
CLUSTER_195,AF,cattle_slu,93330.0,9.724815552450456
CLUSTER_195,AF,horse_man,1276.5,9.724815552450456
CLUSTER_195,AF,legume_str,17.12,9.724815552450456
CLUSTER_195,AF,pig_man,34.13825,9.724815552450456
CLUSTER_195,AF,rape_str,51.9,9.724815552450456
CLUSTER_202,AF,cattle_man,16100.0,30.88531980294364
CLUSTER_202,AF,horse_man,1917.3,30.88531980294364
CLUSTER_202,AF,pig_man,229.17,30.88531980294364
CLUSTER_223,AF,cattle_man,9326.0,10.484302642380689
CLUSTER_223,AF,cattle_slu,53130.0,10.484302642380689
CLUSTER_223,AF,horse_man,1582.6,10.484302642380689
CLUSTER_223,AF,legume_str,122.22,10.484302642380689
CLUSTER_223,AF,pig_man,439.438657,10.484302642380689
CLUSTER_223,AF,rape_str,240.1,10.484302642380689
CLUSTER_228,AF,cattle_man,10463.0,30.319991931778
CLUSTER_228,AF,horse_man,1313.4,30.319991931778
CLUSTER_231,AF,cattle_man,13870.0,13.701378645313625
CLUSTER_231,AF,cattle_slu,72600.0,13.701378645313625
CLUSTER_231,AF,horse_man,1176.0,13.701378645313625
CLUSTER_231,AF,legume_str,26.42,13.701378645313625
CLUSTER_231,AF,pig_man,10.6436,13.701378645313625
CLUSTER_240,AF,cattle_man,402.04,43.07031827177212
CLUSTER_240,AF,horse_man,172.5,43.07031827177212
CLUSTER_240,AF,pig_man,24.931,43.07031827177212
CLUSTER_241,AF,cattle_man,10430.0,5.8921645235765965
CLUSTER_241,AF,cattle_slu,56780.0,5.8921645235765965
CLUSTER_241,AF,horse_man,968.1,5.8921645235765965
CLUSTER_241,AF,legume_str,14.47,5.8921645235765965
CLUSTER_241,AF,rape_str,46.0,5.8921645235765965
CLUSTER_250,AF,pig_man,54.334,36.64236192775473
CLUSTER_254,AF,cattle_man,8256.0,12.634002158442062
CLUSTER_254,AF,cattle_slu,49120.0,12.634002158442062
CLUSTER_254,AF,horse_man,1711.5,12.634002158442062
CLUSTER_267,AF,horse_man,951.0,55.47406008332097
CLUSTER_267,AF,pig_man,778.8,55.47406008332097
CLUSTER_270,AF,cattle_man,9712.0,18.13207113347697
CLUSTER_270,AF,cattle_slu,47590.00000003615,18.13207113347697
CLUSTER_270,AF,horse_man,2875.0,18.13207113347697
CLUSTER_270,AF,pig_man,61.2952,18.13207113347697
CLUSTER_274,AF,cattle_man,2163.0,19.41895099361972
CLUSTER_274,AF,cattle_slu,11220.0,19.41895099361972
CLUSTER_274,AF,horse_man,783.4,19.41895099361972
CLUSTER_274,AF,pig_man,587.9,19.41895099361972
CLUSTER_282,AF,horse_man,1029.0,41.55378045411002
CLUSTER_282,AF,pig_man,277.076,41.55378045411002
CLUSTER_284,AF,cattle_man,1152.783,19.973572344690805
CLUSTER_284,AF,horse_man,195.4,19.973572344690805
CLUSTER_284,AF,pig_man,447.9,19.973572344690805
CLUSTER_285,AF,cattle_man,15869.999999999998,25.010604676409383
CLUSTER_285,AF,horse_man,3438.0,25.010604676409383
CLUSTER_301,AF,cattle_man,2641.0,30.37081784663289
CLUSTER_301,AF,horse_man,760.0,30.37081784663289
CLUSTER_301,AF,pig_man,225.23,30.37081784663289
CLUSTER_33,AF,cattle_man,6952.0,22.58803863375875
CLUSTER_33,AF,horse_man,1803.0,22.58803863375875
CLUSTER_370,AF,cattle_man,11090.0,16.83897934114251
CLUSTER_370,AF,cattle_slu,71480.0,16.83897934114251
CLUSTER_370,AF,horse_man,1921.0,16.83897934114251
CLUSTER_370,AF,pig_man,15.373134,16.83897934114251
CLUSTER_406,AF,cattle_man,16790.0,8.685242546184947
CLUSTER_406,AF,cattle_slu,94100.0,8.685242546184947
CLUSTER_406,AF,horse_man,1539.0,8.685242546184947
CLUSTER_406,AF,pig_man,52.746,8.685242546184947
CLUSTER_429,AF,cattle_man,6420.0,25.88146643111009
CLUSTER_429,AF,horse_man,723.0,25.88146643111009
CLUSTER_453,AF,cattle_man,163.9,34.425806025336
CLUSTER_453,AF,horse_man,209.4,34.425806025336
CLUSTER_453,AF,pig_man,269.0,34.425806025336
CLUSTER_456,AF,cattle_man,18.534,28.511489751895084
CLUSTER_456,AF,horse_man,275.0,28.511489751895084
CLUSTER_456,AF,pig_man,30.472,28.511489751895084
CLUSTER_470,AF,cattle_man,25970.0,32.3764199715364
CLUSTER_470,AF,horse_man,1289.0,32.3764199715364
CLUSTER_488,AF,cattle_man,62.5,29.786615947194917
CLUSTER_488,AF,horse_man,236.9,29.786615947194917
CLUSTER_488,AF,pig_man,1185.8,29.786615947194917
CLUSTER_513,AF,cattle_man,2780.0,40.082458129421866
CLUSTER_513,AF,horse_man,1042.0,40.082458129421866
CLUSTER_513,AF,pig_man,657.0,40.082458129421866
CLUSTER_520,AF,cattle_man,3690.0,17.782347624614545
CLUSTER_520,AF,cattle_slu,20780.0,17.782347624614545
CLUSTER_520,AF,horse_man,799.0,17.782347624614545
CLUSTER_549,AF,horse_man,1622.0,36.97274286253216
CLUSTER_68,AF,cattle_man,2715.3,36.93670115069888
CLUSTER_68,AF,horse_man,1155.3,36.93670115069888
CLUSTER_68,AF,pig_man,1241.4,36.93670115069888
CLUSTER_91,AF,cattle_man,1586.06,24.982284935093517
CLUSTER_91,AF,horse_man,619.6,24.982284935093517
CLUSTER_91,AF,pig_man,218.0,24.982284935093517
CLUSTER_123,AJ,cattle_man,9000.0,16.95013890034843
CLUSTER_123,AJ,horse_man,1614.0,16.95013890034843
CLUSTER_123,AJ,pig_man,92.5800179,16.95013890034843
CLUSTER_132,AJ,cattle_man,7032.59,26.866738419698525
CLUSTER_132,AJ,horse_man,795.885,26.866738419698525
CLUSTER_132,AJ,pig_man,943.9,26.866738419698525
CLUSTER_138,AJ,horse_man,665.1,31.00107302540402
CLUSTER_14,AJ,cattle_man,9659.0,17.008395020766706
CLUSTER_14,AJ,horse_man,2695.2,17.008395020766706
CLUSTER_14,AJ,pig_man,256.805,17.008395020766706
CLUSTER_187,AJ,cattle_man,4002.9999999999995,11.33191454350112
CLUSTER_187,AJ,cattle_slu,24160.0,11.33191454350112
CLUSTER_187,AJ,horse_man,2955.0,11.33191454350112
CLUSTER_235,AJ,cattle_man,3182.0,22.556728398015323
CLUSTER_235,AJ,horse_man,1307.7,22.556728398015323
CLUSTER_305,AJ,cattle_man,4426.0,26.151944872575854
CLUSTER_305,AJ,horse_man,533.2,26.151944872575854
CLUSTER_305,AJ,pig_man,388.58,26.151944872575854
CLUSTER_316,AJ,cattle_man,7202.0,29.85117271529041
CLUSTER_316,AJ,horse_man,1505.3,29.85117271529041
CLUSTER_316,AJ,pig_man,1285.8,29.85117271529041
CLUSTER_337,AJ,cattle_man,13540.0,11.029132585265394
CLUSTER_337,AJ,cattle_slu,79080.0,11.029132585265394
CLUSTER_337,AJ,horse_man,1000.0599999999998,11.029132585265394
CLUSTER_339,AJ,cattle_man,3014.917,38.29723450371134
CLUSTER_339,AJ,horse_man,2136.8,38.29723450371134
CLUSTER_365,AJ,cattle_man,16119.999999999998,6.205847192432555
CLUSTER_365,AJ,cattle_slu,94000.0,6.205847192432555
CLUSTER_365,AJ,horse_man,1341.0,6.205847192432555
CLUSTER_393,AJ,cattle_man,1357.0,17.392057094392847
CLUSTER_393,AJ,horse_man,968.1,17.392057094392847
CLUSTER_446,AJ,cattle_man,11600.0,16.551544972293037
CLUSTER_479,AJ,cattle_man,6870.0,1.421122903723687
CLUSTER_479,AJ,cattle_slu,44370.0,1.421122903723687
CLUSTER_479,AJ,horse_man,1092.0,1.421122903723687
CLUSTER_485,AJ,cattle_man,3740.0,18.17097836588479
CLUSTER_485,AJ,horse_man,291.1652507693878,18.17097836588479
CLUSTER_511,AJ,cattle_man,2498.00002614457,18.0358746908934
CLUSTER_531,AJ,cattle_man,750.0,33.575981521994514
CLUSTER_531,AJ,horse_man,424.9,33.575981521994514
CLUSTER_531,AJ,pig_man,133.0,33.575981521994514
CLUSTER_83,AJ,cattle_man,8530.0,10.607374627084477
CLUSTER_83,AJ,cattle_slu,46620.0,10.607374627084477
CLUSTER_83,AJ,horse_man,2092.0,10.607374627084477
CLUSTER_83,AJ,pig_man,44.2,10.607374627084477
CLUSTER_9,AJ,cattle_man,4512.6,35.14368917642188
CLUSTER_9,AJ,horse_man,1859.2,35.14368917642188
CLUSTER_121,AL,cattle_man,11369.999999599677,28.021095763789702
CLUSTER_121,AL,horse_man,2073.0,28.021095763789702
CLUSTER_135,AL,cattle_man,35210.0,27.464080953960583
CLUSTER_135,AL,horse_man,2847.0,27.464080953960583
CLUSTER_149,AL,cattle_man,19570.0,5.531220970663271
CLUSTER_149,AL,cattle_slu,98800.0,5.531220970663271
CLUSTER_149,AL,horse_man,2613.8,5.531220970663271
CLUSTER_149,AL,pig_man,19.0894,5.531220970663271
CLUSTER_192,AL,horse_man,605.0,57.93216467178544
CLUSTER_203,AL,cattle_man,28659.999997808918,6.258870761170472
CLUSTER_203,AL,cattle_slu,104700.608,6.258870761170472
CLUSTER_203,AL,horse_man,3313.0,6.258870761170472
CLUSTER_244,AL,cattle_man,18650.0,16.513569591153576
CLUSTER_244,AL,cattle_slu,84140.0,16.513569591153576
CLUSTER_244,AL,horse_man,3070.0,16.513569591153576
CLUSTER_26,AL,cattle_man,7038.7465019178635,21.83432909160342
CLUSTER_308,AL,cattle_man,2235.0,41.676777198003606
CLUSTER_308,AL,horse_man,482.0,41.676777198003606
CLUSTER_350,AL,cattle_man,14500.0,12.508250812599092
CLUSTER_350,AL,cattle_slu,66000.0,12.508250812599092
CLUSTER_350,AL,horse_man,2875.0,12.508250812599092
CLUSTER_350,AL,pig_man,183.62,12.508250812599092
CLUSTER_374,AL,cattle_man,5400.0,54.74095272853808
CLUSTER_374,AL,horse_man,1839.0,54.74095272853808
CLUSTER_440,AL,cattle_man,13440.0,21.62866968947184
CLUSTER_440,AL,horse_man,2708.0,21.62866968947184
CLUSTER_448,AL,cattle_man,3200.0,28.543198676324756
CLUSTER_448,AL,horse_man,654.0,28.543198676324756
CLUSTER_474,AL,cattle_man,11990.0,12.150873321253917
CLUSTER_474,AL,cattle_slu,55000.0,12.150873321253917
CLUSTER_474,AL,horse_man,1341.0,12.150873321253917
CLUSTER_482,AL,cattle_man,16500.0,10.049623851114134
CLUSTER_482,AL,cattle_slu,67590.0,10.049623851114134
CLUSTER_58,AL,cattle_man,49009.999998680425,21.905613429640415
CLUSTER_85,AL,cattle_man,17750.0,40.24158972221129
CLUSTER_85,AL,horse_man,2141.0,40.24158972221129
CLUSTER_85,AL,pig_man,109.2627,40.24158972221129
CLUSTER_90,AL,cattle_man,9800.0,21.99553113304556
CLUSTER_90,AL,horse_man,1376.0,21.99553113304556
CLUSTER_93,AL,cattle_man,44709.99999884223,34.40357403063026
CLUSTER_93,AL,horse_man,4360.0,34.40357403063026
CLUSTER_93,AL,pig_man,56.565000000000005,34.40357403063026
CLUSTER_1,AM,pig_man,381.6,73.01019669061697
CLUSTER_10,AM,horse_man,1392.2,84.67926898062136
CLUSTER_10,AM,pig_man,15.9693,84.67926898062136
CLUSTER_108,AM,cattle_man,372.4,39.649116239916914
CLUSTER_108,AM,horse_man,2893.0,39.649116239916914
CLUSTER_108,AM,pig_man,291.926,39.649116239916914
CLUSTER_11,AM,cattle_man,3764.1,51.740635503744485
CLUSTER_11,AM,horse_man,1455.0,51.740635503744485
CLUSTER_11,AM,pig_man,23.6720704,51.740635503744485
CLUSTER_114,AM,pig_man,77.82100000000001,66.3774559460793
CLUSTER_119,AM,pig_man,210.9,86.09210308153045
CLUSTER_12,AM,cattle_man,3805.1957371253598,61.603856141164165
CLUSTER_12,AM,horse_man,2496.5,61.603856141164165
CLUSTER_12,AM,pig_man,96.610847,61.603856141164165
CLUSTER_134,AM,horse_man,721.52,46.12377387348324
CLUSTER_134,AM,pig_man,1021.56,46.12377387348324
CLUSTER_139,AM,horse_man,980.3,58.36209638513995
CLUSTER_139,AM,pig_man,42.67,58.36209638513995
CLUSTER_141,AM,cattle_man,6617.999999987455,32.174703226858085
CLUSTER_141,AM,horse_man,2815.0,32.174703226858085
CLUSTER_141,AM,pig_man,111.971,32.174703226858085
CLUSTER_148,AM,beet_leaf,524.5,3.4081477608642525
CLUSTER_148,AM,cattle_man,4501.0,3.4081477608642525
CLUSTER_148,AM,cattle_slu,36150.0,3.4081477608642525
CLUSTER_148,AM,horse_man,500.77,3.4081477608642525
CLUSTER_148,AM,legume_str,71.2,3.4081477608642525
CLUSTER_148,AM,pig_man,361.14175,3.4081477608642525
CLUSTER_148,AM,pig_slu,5215.5164,3.4081477608642525
CLUSTER_148,AM,rape_str,856.0,3.4081477608642525
CLUSTER_15,AM,horse_man,5057.0,66.77503204681871
CLUSTER_15,AM,pig_man,68.319,66.77503204681871
CLUSTER_153,AM,cattle_man,5103.062,24.30420609402995
CLUSTER_153,AM,horse_man,1262.5,24.30420609402995
CLUSTER_153,AM,pig_man,71.88691,24.30420609402995
CLUSTER_154,AM,horse_man,347.6,42.49652087816386
CLUSTER_154,AM,pig_man,309.885,42.49652087816386
CLUSTER_156,AM,horse_man,1144.7,74.99900765115099
CLUSTER_156,AM,pig_man,137.8229,74.99900765115099
CLUSTER_158,AM,horse_man,253.79999999999998,80.9990068527927
CLUSTER_16,AM,cattle_man,11750.6,42.27659131839284
CLUSTER_16,AM,horse_man,1532.4,42.27659131839284
CLUSTER_16,AM,pig_man,563.7029,42.27659131839284
CLUSTER_160,AM,cattle_man,5620.0,17.0848239716453
CLUSTER_160,AM,cattle_slu,44390.0,17.0848239716453
CLUSTER_160,AM,horse_man,2174.2,17.0848239716453
CLUSTER_160,AM,legume_str,109.73,17.0848239716453
CLUSTER_160,AM,pig_man,238.759,17.0848239716453
CLUSTER_160,AM,rape_str,1197.5,17.0848239716453
CLUSTER_161,AM,cattle_man,6850.0,40.24110756383541
CLUSTER_161,AM,horse_man,429.62,40.24110756383541
CLUSTER_161,AM,pig_man,1184.0,40.24110756383541
CLUSTER_164,AM,pig_man,46.634999939055085,81.62336040978738
CLUSTER_169,AM,pig_man,332.076,55.20037690850775
CLUSTER_171,AM,pig_man,887.0,68.57315444198713
CLUSTER_172,AM,horse_man,2882.7,100.32643937752135
CLUSTER_173,AM,pig_man,64.52416,85.91203399238924
CLUSTER_177,AM,horse_man,285.4,68.58563256122834
CLUSTER_177,AM,pig_man,779.21,68.58563256122834
CLUSTER_179,AM,pig_man,63.56600000000001,82.45526347408597
CLUSTER_181,AM,cattle_man,10934.199,25.200410121644264
CLUSTER_181,AM,horse_man,824.1,25.200410121644264
CLUSTER_181,AM,pig_man,1482.4,25.200410121644264
CLUSTER_183,AM,horse_man,2503.0,55.24263467455224
CLUSTER_183,AM,pig_man,458.82,55.24263467455224
CLUSTER_188,AM,cattle_man,6172.0,55.42074053136173
CLUSTER_188,AM,horse_man,1732.0,55.42074053136173
CLUSTER_188,AM,pig_man,27.346000000000004,55.42074053136173
CLUSTER_194,AM,cattle_man,4180.5,39.8542052809919
CLUSTER_194,AM,horse_man,974.4,39.8542052809919
CLUSTER_194,AM,pig_man,308.943,39.8542052809919
CLUSTER_199,AM,pig_man,341.399,60.635333410846506
CLUSTER_200,AM,horse_man,797.9,75.44373034626726
CLUSTER_200,AM,pig_man,508.565,75.44373034626726
CLUSTER_217,AM,cattle_man,3099.0,53.42543855569109
CLUSTER_217,AM,horse_man,1360.0,53.42543855569109
CLUSTER_217,AM,pig_man,542.22,53.42543855569109
CLUSTER_219,AM,pig_man,686.0,85.27761679300389
CLUSTER_220,AM,pig_man,25.08,61.84110684925415
CLUSTER_222,AM,cattle_man,794.6,44.00719159993477
CLUSTER_222,AM,horse_man,643.3,44.00719159993477
CLUSTER_222,AM,pig_man,43.141,44.00719159993477
CLUSTER_232,AM,cattle_man,9900.0,40.91410401826396
CLUSTER_232,AM,horse_man,3168.0,40.91410401826396
CLUSTER_232,AM,pig_man,245.34999999999997,40.91410401826396
CLUSTER_236,AM,pig_man,144.7,64.04118184666488
CLUSTER_238,AM,horse_man,820.7,98.70736357673226
CLUSTER_238,AM,pig_man,123.38,98.70736357673226
CLUSTER_24,AM,cattle_man,15326.0,41.9712973208209
CLUSTER_24,AM,horse_man,1586.5,41.9712973208209
CLUSTER_24,AM,pig_man,438.94,41.9712973208209
CLUSTER_242,AM,cattle_man,11300.0,16.495437599722273
CLUSTER_242,AM,cattle_slu,83100.0,16.495437599722273
CLUSTER_242,AM,horse_man,850.0,16.495437599722273
CLUSTER_242,AM,legume_str,233.5,16.495437599722273
CLUSTER_242,AM,pig_man,257.9398,16.495437599722273
CLUSTER_242,AM,rape_str,1229.6,16.495437599722273
CLUSTER_246,AM,cattle_man,2279.3,48.53565457548854
CLUSTER_246,AM,horse_man,1160.4,48.53565457548854
CLUSTER_246,AM,pig_man,400.322,48.53565457548854
CLUSTER_247,AM,horse_man,632.0,56.41156893134822
CLUSTER_247,AM,pig_man,228.0,56.41156893134822
CLUSTER_251,AM,horse_man,239.30000002917714,62.60027996688739
CLUSTER_251,AM,pig_man,335.71000000000004,62.60027996688739
CLUSTER_255,AM,pig_man,204.36,71.85343696411913
CLUSTER_260,AM,pig_man,45.44599749482923,106.609802359036
CLUSTER_265,AM,cattle_man,1417.0,48.11739568048934
CLUSTER_265,AM,horse_man,1119.1,48.11739568048934
CLUSTER_265,AM,pig_man,39.79,48.11739568048934
CLUSTER_266,AM,cattle_man,4123.810426172984,49.43266389147665
CLUSTER_266,AM,horse_man,271.0126,49.43266389147665
CLUSTER_266,AM,pig_man,616.51,49.43266389147665
CLUSTER_271,AM,horse_man,278.3999999708229,89.34131724374946
CLUSTER_271,AM,pig_man,831.7,89.34131724374946
CLUSTER_272,AM,cattle_man,3166.9,31.79633971774572
CLUSTER_272,AM,horse_man,1033.0,31.79633971774572
CLUSTER_277,AM,horse_man,872.3,68.35703990341615
CLUSTER_277,AM,pig_man,203.959,68.35703990341615
CLUSTER_283,AM,cattle_man,4490.4,36.0082879021619
CLUSTER_283,AM,horse_man,349.112,36.0082879021619
CLUSTER_283,AM,pig_man,1637.37,36.0082879021619
CLUSTER_289,AM,cattle_man,2928.51287,14.231576777393569
CLUSTER_289,AM,cattle_slu,21630.0,14.231576777393569
CLUSTER_289,AM,horse_man,747.4,14.231576777393569
CLUSTER_289,AM,pig_man,222.68,14.231576777393569
CLUSTER_293,AM,cattle_man,4637.0,50.872871596063646
CLUSTER_293,AM,horse_man,504.0,50.872871596063646
CLUSTER_293,AM,pig_man,338.2269,50.872871596063646
CLUSTER_294,AM,cattle_man,6386.0,37.01806345860005
CLUSTER_294,AM,horse_man,1187.9,37.01806345860005
CLUSTER_294,AM,pig_man,937.6,37.01806345860005
CLUSTER_298,AM,cattle_man,6560.0,28.631133041444667
CLUSTER_298,AM,horse_man,591.0,28.631133041444667
CLUSTER_30,AM,cattle_man,5446.59,19.61840843144562
CLUSTER_30,AM,cattle_slu,33570.0,19.61840843144562
CLUSTER_30,AM,horse_man,478.27,19.61840843144562
CLUSTER_30,AM,legume_str,592.4,19.61840843144562
CLUSTER_30,AM,pig_man,2280.0,19.61840843144562
CLUSTER_30,AM,rape_str,844.0,19.61840843144562
CLUSTER_310,AM,horse_man,462.0,94.53648399082785
CLUSTER_310,AM,pig_man,67.1,94.53648399082785
CLUSTER_314,AM,cattle_man,812.91,28.11484582390577
CLUSTER_314,AM,horse_man,639.0,28.11484582390577
CLUSTER_314,AM,pig_man,452.226,28.11484582390577
CLUSTER_317,AM,horse_man,217.4,67.3818450272824
CLUSTER_317,AM,pig_man,92.31,67.3818450272824
CLUSTER_318,AM,horse_man,569.3999999467882,99.44969455790216
CLUSTER_320,AM,horse_man,151.8,50.29280116166319
CLUSTER_320,AM,pig_man,16.0,50.29280116166319
CLUSTER_322,AM,pig_man,57.48,73.52522646418653
CLUSTER_325,AM,pig_man,710.15139,109.72627913384878
CLUSTER_326,AM,horse_man,1285.4,64.47399424049867
CLUSTER_326,AM,pig_man,707.3,64.47399424049867
CLUSTER_328,AM,cattle_man,9120.0,58.59095706283341
CLUSTER_328,AM,horse_man,333.38,58.59095706283341
CLUSTER_328,AM,pig_man,824.57,58.59095706283341
CLUSTER_332,AM,cattle_man,620.3,56.0690706411398
CLUSTER_332,AM,horse_man,404.6,56.0690706411398
CLUSTER_332,AM,pig_man,132.8458,56.0690706411398
CLUSTER_334,AM,pig_man,214.22,118.53135597134732
CLUSTER_336,AM,cattle_man,9570.0,34.266931699897235
CLUSTER_336,AM,horse_man,579.9,34.266931699897235
CLUSTER_336,AM,pig_man,552.236,34.266931699897235
CLUSTER_346,AM,cattle_man,146.29999922378798,52.04292047005453
CLUSTER_346,AM,horse_man,804.6,52.04292047005453
CLUSTER_347,AM,cattle_man,674.0,45.54444875207694
CLUSTER_347,AM,horse_man,826.5,45.54444875207694
CLUSTER_347,AM,pig_man,55.193,45.54444875207694
CLUSTER_348,AM,cattle_man,2194.0,11.580766601088143
CLUSTER_348,AM,cattle_slu,13760.0,11.580766601088143
CLUSTER_348,AM,horse_man,429.0,11.580766601088143
CLUSTER_348,AM,pig_man,264.2,11.580766601088143
CLUSTER_351,AM,pig_man,456.3,72.30051987202741
CLUSTER_36,AM,pig_man,1634.0,84.1786390965112
CLUSTER_361,AM,cattle_man,4111.29,35.435731829908576
CLUSTER_361,AM,horse_man,200.3,35.435731829908576
CLUSTER_361,AM,pig_man,900.0,35.435731829908576
CLUSTER_364,AM,horse_man,483.8,101.71256722838014
CLUSTER_367,AM,horse_man,1169.9,71.34686103558109
CLUSTER_367,AM,pig_man,1184.2,71.34686103558109
CLUSTER_38,AM,cattle_man,6536.0,28.89196772546321
CLUSTER_38,AM,horse_man,253.79999999999998,28.89196772546321
CLUSTER_38,AM,pig_man,315.61,28.89196772546321
CLUSTER_381,AM,cattle_man,4175.2,24.81116935546163
CLUSTER_381,AM,horse_man,1692.89,24.81116935546163
CLUSTER_381,AM,legume_str,127.29,24.81116935546163
CLUSTER_381,AM,pig_man,167.133571,24.81116935546163
CLUSTER_384,AM,pig_man,123.71,63.59367136650874
CLUSTER_388,AM,horse_man,410.3,91.23673267487592
CLUSTER_389,AM,cattle_man,790.9,34.8817485347362
CLUSTER_389,AM,horse_man,483.0,34.8817485347362
CLUSTER_389,AM,pig_man,58.461,34.8817485347362
CLUSTER_394,AM,pig_man,434.7,85.34388388540926
CLUSTER_395,AM,cattle_man,1724.5,11.766662070275403
CLUSTER_395,AM,cattle_slu,11396.0,11.766662070275403
CLUSTER_395,AM,horse_man,552.0799999999999,11.766662070275403
CLUSTER_395,AM,legume_str,73.81,11.766662070275403
CLUSTER_395,AM,pig_man,29.4111,11.766662070275403
CLUSTER_395,AM,rape_str,1105.0,11.766662070275403
CLUSTER_4,AM,cattle_man,20439.0,23.17984924849718
CLUSTER_4,AM,cattle_slu,8198.872573645633,23.17984924849718
CLUSTER_4,AM,horse_man,2532.2,23.17984924849718
CLUSTER_4,AM,pig_man,730.49,23.17984924849718
CLUSTER_40,AM,cattle_man,5321.0,60.88300761031811
CLUSTER_40,AM,horse_man,2457.6,60.88300761031811
CLUSTER_40,AM,pig_man,213.46,60.88300761031811
CLUSTER_404,AM,cattle_man,4430.0,43.88391577401662
CLUSTER_404,AM,horse_man,1860.0,43.88391577401662
CLUSTER_404,AM,pig_man,75.63,43.88391577401662
CLUSTER_405,AM,cattle_man,3574.0,12.553432164613069
CLUSTER_405,AM,cattle_slu,18811.7,12.553432164613069
CLUSTER_405,AM,horse_man,311.8,12.553432164613069
CLUSTER_405,AM,pig_man,1316.0,12.553432164613069
CLUSTER_405,AM,rape_str,758.7,12.553432164613069
CLUSTER_41,AM,cattle_man,390.8,34.52234549566492
CLUSTER_41,AM,horse_man,2108.8,34.52234549566492
CLUSTER_41,AM,pig_man,16.8586,34.52234549566492
CLUSTER_410,AM,pig_man,261.9019,72.3686215461185
CLUSTER_417,AM,cattle_man,11640.0,34.46233148664123
CLUSTER_417,AM,horse_man,430.8,34.46233148664123
CLUSTER_417,AM,pig_man,197.25,34.46233148664123
CLUSTER_418,AM,cattle_man,5426.46,40.7743294488293
CLUSTER_418,AM,horse_man,144.9,40.7743294488293
CLUSTER_418,AM,pig_man,116.425,40.7743294488293
CLUSTER_420,AM,cattle_man,7064.0,7.370352063886501
CLUSTER_420,AM,cattle_slu,40370.0,7.370352063886501
CLUSTER_420,AM,horse_man,315.77,7.370352063886501
CLUSTER_420,AM,legume_str,308.5,7.370352063886501
CLUSTER_420,AM,pig_man,412.5,7.370352063886501
CLUSTER_420,AM,pig_slu,5830.0,7.370352063886501
CLUSTER_420,AM,rape_str,472.0,7.370352063886501
CLUSTER_421,AM,cattle_man,2121.0,24.267791425651733
CLUSTER_421,AM,horse_man,802.6,24.267791425651733
CLUSTER_421,AM,legume_str,191.0,24.267791425651733
CLUSTER_424,AM,horse_man,879.04,67.63317799455565
CLUSTER_424,AM,pig_man,185.966,67.63317799455565
CLUSTER_425,AM,cattle_man,2512.95,43.34978549297085
CLUSTER_425,AM,horse_man,526.6,43.34978549297085
CLUSTER_425,AM,pig_man,14.561,43.34978549297085
CLUSTER_426,AM,pig_man,46.733,110.28049350673858
CLUSTER_430,AM,pig_man,159.375,82.03912953708517
CLUSTER_433,AM,horse_man,1106.0,47.90291616475279
CLUSTER_433,AM,pig_man,179.118,47.90291616475279
CLUSTER_435,AM,horse_man,1508.0,64.08858024422199
CLUSTER_435,AM,pig_man,46.49,64.08858024422199
CLUSTER_444,AM,cattle_man,2690.0,53.04544066546912
CLUSTER_444,AM,horse_man,379.2,53.04544066546912
CLUSTER_444,AM,pig_man,84.611,53.04544066546912
CLUSTER_445,AM,cattle_man,831.9,31.91341354295496
CLUSTER_445,AM,horse_man,58.691,31.91341354295496
CLUSTER_445,AM,pig_man,3700.0,31.91341354295496
CLUSTER_449,AM,horse_man,518.500398,86.74296253463741
CLUSTER_449,AM,pig_man,577.091,86.74296253463741
CLUSTER_454,AM,cattle_man,5716.1,29.64495438033745
CLUSTER_454,AM,horse_man,105.4,29.64495438033745
CLUSTER_454,AM,pig_man,279.8,29.64495438033745
CLUSTER_455,AM,cattle_man,11640.0,57.03194170829889
CLUSTER_455,AM,horse_man,810.1,57.03194170829889
CLUSTER_455,AM,pig_man,488.40999999999997,57.03194170829889
CLUSTER_46,AM,cattle_man,1697.0,32.69456642748843
CLUSTER_46,AM,horse_man,2237.0,32.69456642748843
CLUSTER_46,AM,pig_man,83.87871,32.69456642748843
CLUSTER_460,AM,cattle_man,3371.2,48.34720048112945
CLUSTER_460,AM,horse_man,392.16,48.34720048112945
CLUSTER_460,AM,pig_man,189.907,48.34720048112945
CLUSTER_462,AM,cattle_man,3029.0,39.38228664393775
CLUSTER_462,AM,horse_man,386.0,39.38228664393775
CLUSTER_462,AM,pig_man,169.4,39.38228664393775
CLUSTER_465,AM,cattle_man,5980.0,61.29075606844098
CLUSTER_465,AM,horse_man,1448.0,61.29075606844098
CLUSTER_465,AM,pig_man,518.0,61.29075606844098
CLUSTER_467,AM,horse_man,266.5,84.09556459738819
CLUSTER_467,AM,pig_man,1040.9,84.09556459738819
CLUSTER_468,AM,cattle_man,1492.0,32.50938429004139
CLUSTER_468,AM,horse_man,11.2,32.50938429004139
CLUSTER_476,AM,cattle_man,2730.0,54.42183975338951
CLUSTER_476,AM,horse_man,492.00000000000006,54.42183975338951
CLUSTER_483,AM,cattle_man,2116.9,28.509534333610265
CLUSTER_483,AM,horse_man,289.75,28.509534333610265
CLUSTER_483,AM,pig_man,2458.9,28.509534333610265
CLUSTER_486,AM,cattle_man,1158.0,31.82142670899024
CLUSTER_486,AM,horse_man,429.2,31.82142670899024
CLUSTER_486,AM,pig_man,772.0,31.82142670899024
CLUSTER_487,AM,pig_man,299.25,51.74774399228621
CLUSTER_49,AM,pig_man,231.961,61.44198973352371
CLUSTER_490,AM,cattle_man,3600.0,43.50757848056914
CLUSTER_490,AM,horse_man,745.2,43.50757848056914
CLUSTER_490,AM,pig_man,105.9,43.50757848056914
CLUSTER_491,AM,horse_man,277.6,65.1405875171677
CLUSTER_491,AM,pig_man,236.64,65.1405875171677
CLUSTER_494,AM,cattle_man,9580.0,42.99921412167672
CLUSTER_494,AM,horse_man,104.9,42.99921412167672
CLUSTER_494,AM,pig_man,566.9,42.99921412167672
CLUSTER_497,AM,horse_man,138.1,73.5903955728105
CLUSTER_497,AM,pig_man,347.9,73.5903955728105
CLUSTER_506,AM,cattle_man,1700.0,49.70448712403477
CLUSTER_506,AM,horse_man,529.0,49.70448712403477
CLUSTER_506,AM,pig_man,228.0325,49.70448712403477
CLUSTER_510,AM,cattle_man,2238.5,42.525223934889965
CLUSTER_510,AM,horse_man,1319.0,42.525223934889965
CLUSTER_517,AM,cattle_man,2042.0,46.21803768408455
CLUSTER_517,AM,horse_man,372.7,46.21803768408455
CLUSTER_524,AM,cattle_man,2192.0,35.811558863996865
CLUSTER_524,AM,horse_man,1677.6,35.811558863996865
CLUSTER_524,AM,pig_man,18.178,35.811558863996865
CLUSTER_525,AM,horse_man,29.06,65.14173389993957
CLUSTER_525,AM,pig_man,24.965,65.14173389993957
CLUSTER_526,AM,horse_man,485.0,81.95822600157969
CLUSTER_526,AM,pig_man,141.0,81.95822600157969
CLUSTER_530,AM,horse_man,443.6,85.2384658990508
CLUSTER_530,AM,pig_man,84.5,85.2384658990508
CLUSTER_532,AM,cattle_man,3510.0508,21.18544076812723
CLUSTER_532,AM,cattle_slu,21390.0,21.18544076812723
CLUSTER_532,AM,horse_man,177.7,21.18544076812723
CLUSTER_532,AM,legume_str,85.86,21.18544076812723
CLUSTER_532,AM,pig_man,411.16,21.18544076812723
CLUSTER_532,AM,rape_str,590.2,21.18544076812723
CLUSTER_535,AM,horse_man,706.0,77.67541108312217
CLUSTER_535,AM,pig_man,303.3,77.67541108312217
CLUSTER_538,AM,pig_man,151.197,73.6052992683141
CLUSTER_55,AM,cattle_man,3272.0,48.8037677202112
CLUSTER_55,AM,horse_man,3076.3,48.8037677202112
CLUSTER_55,AM,pig_man,46.48,48.8037677202112
CLUSTER_56,AM,horse_man,1846.8,96.07419148028065
CLUSTER_56,AM,pig_man,427.76,96.07419148028065
CLUSTER_60,AM,pig_man,45.1582,102.9113806553544
CLUSTER_66,AM,pig_man,180.310571,55.23487435548255
CLUSTER_75,AM,cattle_man,15511.3,21.20141335969907
CLUSTER_75,AM,cattle_slu,10715.148,21.20141335969907
CLUSTER_75,AM,horse_man,1454.5,21.20141335969907
CLUSTER_75,AM,pig_man,1113.72,21.20141335969907
CLUSTER_76,AM,cattle_man,2539.0,56.04371773838631
CLUSTER_76,AM,horse_man,2263.0,56.04371773838631
CLUSTER_76,AM,pig_man,125.42999999999999,56.04371773838631
CLUSTER_78,AM,horse_man,873.4,57.37907095603928
CLUSTER_78,AM,pig_man,141.0,57.37907095603928
CLUSTER_80,AM,horse_man,210.9,76.69258139871462
CLUSTER_80,AM,pig_man,275.303,76.69258139871462
CLUSTER_87,AM,cattle_man,23670.0,43.704730896879774
CLUSTER_87,AM,horse_man,362.10543,43.704730896879774
CLUSTER_87,AM,pig_man,544.04,43.704730896879774
CLUSTER_88,AM,cattle_man,1437.0,20.38538298530567
CLUSTER_88,AM,cattle_slu,10870.0,20.38538298530567
CLUSTER_88,AM,horse_man,1496.2,20.38538298530567
CLUSTER_88,AM,legume_str,227.87,20.38538298530567
CLUSTER_88,AM,pig_man,46.485800000000005,20.38538298530567
CLUSTER_88,AM,rape_str,1116.4,20.38538298530567
CLUSTER_95,AM,horse_man,229.22,78.04645558943773
CLUSTER_95,AM,pig_man,778.92,78.04645558943773
CLUSTER_96,AM,cattle_man,3690.0,37.62032834219962
CLUSTER_96,AM,horse_man,2943.838,37.62032834219962
CLUSTER_96,AM,pig_man,107.14,37.62032834219962
CLUSTER_97,AM,pig_man,302.6467,57.92598532835412
CLUSTER_107,AQ,horse_man,1668.9,49.709445395034535
CLUSTER_107,AQ,pig_man,993.2,49.709445395034535
CLUSTER_111,AQ,cattle_man,13173.0,36.063363047841456
CLUSTER_111,AQ,horse_man,2114.0,36.063363047841456
CLUSTER_111,AQ,pig_man,262.226,36.063363047841456
CLUSTER_127,AQ,cattle_man,560.9608750146311,36.882439541939554
CLUSTER_127,AQ,horse_man,2828.1,36.882439541939554
CLUSTER_13,AQ,cattle_man,22490.0,28.208462008385183
CLUSTER_13,AQ,horse_man,4880.0,28.208462008385183
CLUSTER_13,AQ,pig_man,152.17000000000002,28.208462008385183
CLUSTER_136,AQ,cattle_man,22230.0,13.487500760616529
CLUSTER_136,AQ,cattle_slu,108700.0,13.487500760616529
CLUSTER_136,AQ,horse_man,3775.0,13.487500760616529
CLUSTER_138,AQ,pig_man,1203.8,63.61942082852232
CLUSTER_144,AQ,horse_man,193.70714197362685,61.65177862547563
CLUSTER_144,AQ,pig_man,880.5899078379051,61.65177862547563
CLUSTER_157,AQ,cattle_man,22880.0,20.226030153415717
CLUSTER_157,AQ,cattle_slu,62319.78080602706,20.226030153415717
CLUSTER_157,AQ,horse_man,3454.0,20.226030153415717
CLUSTER_157,AQ,legume_str,10.8,20.226030153415717
CLUSTER_178,AQ,cattle_man,16790.0,3.9560494545448255
CLUSTER_178,AQ,cattle_slu,76750.0,3.9560494545448255
CLUSTER_178,AQ,horse_man,5256.0,3.9560494545448255
CLUSTER_178,AQ,legume_str,41.78,3.9560494545448255
CLUSTER_178,AQ,rape_str,39.4,3.9560494545448255
CLUSTER_182,AQ,horse_man,2035.0,59.95226823538963
CLUSTER_182,AQ,pig_man,1527.0,59.95226823538963
CLUSTER_187,AQ,pig_man,939.3,44.61146615866413
CLUSTER_201,AQ,cattle_man,7892.0,18.14648767987721
CLUSTER_201,AQ,cattle_slu,18990.0,18.14648767987721
CLUSTER_201,AQ,horse_man,2174.1,18.14648767987721
CLUSTER_204,AQ,cattle_man,10730.0,14.332289670009157
CLUSTER_204,AQ,cattle_slu,49310.0,14.332289670009157
CLUSTER_204,AQ,horse_man,2958.0,14.332289670009157
CLUSTER_204,AQ,legume_str,23.92,14.332289670009157
CLUSTER_204,AQ,pig_man,37.494,14.332289670009157
CLUSTER_209,AQ,cattle_man,13940.0,17.60699167979208
CLUSTER_209,AQ,cattle_slu,62000.0,17.60699167979208
CLUSTER_209,AQ,horse_man,1265.6,17.60699167979208
CLUSTER_209,AQ,legume_str,188.51,17.60699167979208
CLUSTER_209,AQ,rape_str,261.2,17.60699167979208
CLUSTER_226,AQ,cattle_man,16880.0,32.075853465399994
CLUSTER_226,AQ,horse_man,2471.6,32.075853465399994
CLUSTER_235,AQ,pig_man,439.78,65.20022454416356
CLUSTER_243,AQ,horse_man,2781.0,28.232463903488533
CLUSTER_256,AQ,cattle_man,2666.96,22.34488010119951
CLUSTER_256,AQ,horse_man,2930.0,22.34488010119951
CLUSTER_256,AQ,pig_man,14.8359,22.34488010119951
CLUSTER_263,AQ,horse_man,3265.0,50.44625810103558
CLUSTER_263,AQ,pig_man,198.21,50.44625810103558
CLUSTER_27,AQ,cattle_man,18405.0,24.85295105558201
CLUSTER_27,AQ,horse_man,4194.0,24.85295105558201
CLUSTER_27,AQ,legume_str,18.4,24.85295105558201
CLUSTER_28,AQ,cattle_man,8410.000000028593,35.68920361747741
CLUSTER_28,AQ,horse_man,2761.9,35.68920361747741
CLUSTER_287,AQ,cattle_man,2184.0,50.53878673310916
CLUSTER_287,AQ,horse_man,1571.0,50.53878673310916
CLUSTER_297,AQ,cattle_man,11530.0,25.415778548205964
CLUSTER_297,AQ,horse_man,3459.0,25.415778548205964
CLUSTER_297,AQ,pig_man,153.126,25.415778548205964
CLUSTER_3,AQ,cattle_man,7882.999999999999,8.498454856391163
CLUSTER_3,AQ,cattle_slu,38874.0,8.498454856391163
CLUSTER_3,AQ,horse_man,5877.0,8.498454856391163
CLUSTER_3,AQ,legume_str,100.2,8.498454856391163
CLUSTER_3,AQ,pig_man,16.916,8.498454856391163
CLUSTER_3,AQ,rape_str,310.9,8.498454856391163
CLUSTER_312,AQ,cattle_man,11300.0,45.41988831482255
CLUSTER_312,AQ,horse_man,1544.0,45.41988831482255
CLUSTER_315,AQ,cattle_man,6294.0,35.284061271370554
CLUSTER_315,AQ,horse_man,1179.8,35.284061271370554
CLUSTER_315,AQ,pig_man,304.38530000000003,35.284061271370554
CLUSTER_324,AQ,cattle_man,6315.0,39.422697545235685
CLUSTER_324,AQ,horse_man,736.19,39.422697545235685
CLUSTER_324,AQ,pig_man,258.47,39.422697545235685
CLUSTER_338,AQ,horse_man,816.0,62.41384166917368
CLUSTER_338,AQ,pig_man,496.0,62.41384166917368
CLUSTER_339,AQ,pig_man,586.97,75.34464031309058
CLUSTER_342,AQ,cattle_man,4948.0,24.09582118407954
CLUSTER_342,AQ,horse_man,2247.0,24.09582118407954
CLUSTER_342,AQ,pig_man,109.9,24.09582118407954
CLUSTER_344,AQ,horse_man,1961.0,75.33975124824444
CLUSTER_344,AQ,pig_man,347.5,75.33975124824444
CLUSTER_352,AQ,cattle_man,13540.0,23.151683800297008
CLUSTER_352,AQ,horse_man,3832.0,23.151683800297008
CLUSTER_352,AQ,pig_man,32.1,23.151683800297008
CLUSTER_352,AQ,rape_str,33.3,23.151683800297008
CLUSTER_353,AQ,horse_man,840.0,74.04602852761543
CLUSTER_353,AQ,pig_man,473.0,74.04602852761543
CLUSTER_369,AQ,cattle_man,3235.7,16.933842798933156
CLUSTER_369,AQ,cattle_slu,12359.4,16.933842798933156
CLUSTER_369,AQ,horse_man,3562.3,16.933842798933156
CLUSTER_369,AQ,rape_str,80.2,16.933842798933156
CLUSTER_376,AQ,cattle_man,2955.0,33.60924478036923
CLUSTER_376,AQ,horse_man,494.96000000000004,33.60924478036923
CLUSTER_376,AQ,pig_man,263.4000241,33.60924478036923
CLUSTER_391,AQ,cattle_man,11195.0,28.48371170007988
CLUSTER_391,AQ,horse_man,3066.0,28.48371170007988
CLUSTER_415,AQ,cattle_man,6170.0,14.493071200810764
CLUSTER_415,AQ,cattle_slu,21660.0,14.493071200810764
CLUSTER_415,AQ,horse_man,3241.0,14.493071200810764
CLUSTER_415,AQ,legume_str,238.0,14.493071200810764
CLUSTER_415,AQ,rape_str,246.40000000000003,14.493071200810764
CLUSTER_427,AQ,horse_man,3104.5,49.87843392927093
CLUSTER_427,AQ,pig_man,799.2,49.87843392927093
CLUSTER_428,AQ,cattle_man,6500.0,23.820704513503923
CLUSTER_428,AQ,horse_man,792.0,23.820704513503923
CLUSTER_428,AQ,pig_man,58.397,23.820704513503923
CLUSTER_432,AQ,cattle_man,3340.0,32.6439087440714
CLUSTER_432,AQ,horse_man,1122.3,32.6439087440714
CLUSTER_432,AQ,pig_man,80.1,32.6439087440714
CLUSTER_478,AQ,pig_man,35.400000000000006,84.78801952371528
CLUSTER_485,AQ,horse_man,1155.834749230612,50.33546410534796
CLUSTER_485,AQ,pig_man,19.72,50.33546410534796
CLUSTER_489,AQ,horse_man,367.5,43.55863265525907
CLUSTER_499,AQ,cattle_man,4370.0,44.2739985053253
CLUSTER_499,AQ,horse_man,3670.0,44.2739985053253
CLUSTER_499,AQ,pig_man,128.13,44.2739985053253
CLUSTER_5,AQ,cattle_man,1031.0,22.92340773694331
CLUSTER_5,AQ,horse_man,895.0,22.92340773694331
CLUSTER_5,AQ,legume_str,30.66,22.92340773694331
CLUSTER_5,AQ,rape_str,185.0,22.92340773694331
CLUSTER_502,AQ,cattle_man,12710.0,14.108612542176685
CLUSTER_502,AQ,cattle_slu,63900.0,14.108612542176685
CLUSTER_502,AQ,horse_man,2093.0,14.108612542176685
CLUSTER_502,AQ,rape_str,37.2,14.108612542176685
CLUSTER_507,AQ,cattle_man,9890.0,25.93329588846871
CLUSTER_507,AQ,horse_man,1199.4,25.93329588846871
CLUSTER_508,AQ,cattle_man,21640.0,29.01866559170848
CLUSTER_508,AQ,horse_man,3810.0,29.01866559170848
CLUSTER_511,AQ,horse_man,1308.3100000000002,39.220301989263696
CLUSTER_511,AQ,pig_man,317.6,39.220301989263696
CLUSTER_53,AQ,horse_man,1543.0,37.14282232635088
CLUSTER_534,AQ,cattle_man,2189.0,39.37607993907704
CLUSTER_534,AQ,horse_man,1873.6,39.37607993907704
CLUSTER_534,AQ,pig_man,1003.0,39.37607993907704
CLUSTER_63,AQ,cattle_man,14627.0,33.97412011652829
CLUSTER_63,AQ,horse_man,6166.0,33.97412011652829
CLUSTER_63,AQ,pig_man,79.20406,33.97412011652829
CLUSTER_84,AQ,cattle_man,15427.9,10.582409089327628
CLUSTER_84,AQ,cattle_slu,75732.0,10.582409089327628
CLUSTER_84,AQ,horse_man,4351.0,10.582409089327628
CLUSTER_84,AQ,legume_str,70.97,10.582409089327628
CLUSTER_84,AQ,rape_str,62.8,10.582409089327628
CLUSTER_86,AQ,cattle_man,15698.0,22.575208007043024
CLUSTER_86,AQ,horse_man,1875.0,22.575208007043024
CLUSTER_128,BD,cattle_man,10124.4,32.448896462922306
CLUSTER_128,BD,horse_man,2411.7,32.448896462922306
CLUSTER_166,BD,cattle_man,6826.0,9.75031339153073
CLUSTER_166,BD,cattle_slu,40970.0,9.75031339153073
CLUSTER_166,BD,horse_man,763.7,9.75031339153073
CLUSTER_206,BD,cattle_man,21950.0,3.628946577060481
CLUSTER_206,BD,cattle_slu,123800.0,3.628946577060481
CLUSTER_206,BD,horse_man,447.33989680839875,3.628946577060481
CLUSTER_253,BD,cattle_man,6043.0,30.818810342471057
CLUSTER_253,BD,horse_man,3081.9999897305206,30.818810342471057
CLUSTER_341,BD,cattle_man,862.8,20.70851988054807
CLUSTER_341,BD,horse_man,2031.7999999999997,20.70851988054807
CLUSTER_366,BD,cattle_slu,44280.0,12.47014907020634
CLUSTER_368,BD,cattle_man,6947.0,10.745669384057807
CLUSTER_368,BD,cattle_slu,38230.0,10.745669384057807
CLUSTER_368,BD,horse_man,1001.7000000000002,10.745669384057807
CLUSTER_383,BD,cattle_man,4512.0,19.73184043845038
CLUSTER_383,BD,horse_man,1382.2,19.73184043845038
CLUSTER_411,BD,cattle_man,18310.0,8.622873575405858
CLUSTER_411,BD,cattle_slu,112200.0,8.622873575405858
CLUSTER_44,BD,cattle_man,14660.0,13.819315863142108
CLUSTER_44,BD,horse_man,1288.0,13.819315863142108
CLUSTER_463,BD,cattle_man,3189.0,12.466448733095923
CLUSTER_463,BD,cattle_slu,22469.0,12.466448733095923
CLUSTER_500,BD,cattle_man,5430.0,19.92621879784242
CLUSTER_500,BD,horse_man,798.0,19.92621879784242
CLUSTER_533,BD,cattle_man,693.0,36.51214159978665
CLUSTER_533,BD,horse_man,654.0,36.51214159978665
CLUSTER_1,BE,cattle_man,7654.55,25.110176018343264
CLUSTER_1,BE,legume_str,279.7,25.110176018343264
CLUSTER_1,BE,maize_str,371.5,25.110176018343264
CLUSTER_1,BE,rape_str,1763.0,25.110176018343264
CLUSTER_101,BE,legume_str,210.4,47.51558464376608
CLUSTER_101,BE,rape_str,1060.3,47.51558464376608
CLUSTER_103,BE,legume_str,84.58999999999999,45.40448396949672
CLUSTER_103,BE,maize_str,65.200176,45.40448396949672
CLUSTER_103,BE,rape_str,208.4,45.40448396949672
CLUSTER_116,BE,legume_str,256.53,53.553326003027536
CLUSTER_12,BE,legume_str,192.82,40.2814980642612
CLUSTER_12,BE,maize_str,50.79,40.2814980642612
CLUSTER_12,BE,rape_str,261.194,40.2814980642612
CLUSTER_125,BE,cattle_man,17940.0,24.032615320900558
CLUSTER_125,BE,legume_str,441.0,24.032615320900558
CLUSTER_125,BE,maize_str,642.8,24.032615320900558
CLUSTER_125,BE,rape_str,3920.0,24.032615320900558
CLUSTER_140,BE,legume_str,312.5,47.2057823183638
CLUSTER_140,BE,rape_str,2088.0,47.2057823183638
CLUSTER_141,BE,legume_str,364.1,53.89367191654152
CLUSTER_141,BE,rape_str,1518.4,53.89367191654152
CLUSTER_145,BE,legume_str,263.2,45.183252210010224
CLUSTER_145,BE,maize_str,1224.5,45.183252210010224
CLUSTER_145,BE,rape_str,1224.0,45.183252210010224
CLUSTER_147,BE,legume_str,68.23,54.84077765142888
CLUSTER_147,BE,rape_str,506.3,54.84077765142888
CLUSTER_15,BE,cattle_man,7650.0,27.146451985575844
CLUSTER_15,BE,legume_str,224.491,27.146451985575844
CLUSTER_15,BE,maize_str,45.96,27.146451985575844
CLUSTER_15,BE,rape_str,787.2,27.146451985575844
CLUSTER_162,BE,legume_str,744.7,37.16572114227078
CLUSTER_162,BE,maize_str,4165.0,37.16572114227078
CLUSTER_162,BE,rape_str,2424.0,37.16572114227078
CLUSTER_167,BE,legume_str,378.19,57.84897761268458
CLUSTER_169,BE,legume_str,59.436,54.93214511194441
CLUSTER_171,BE,legume_str,188.6,34.778989821504624
CLUSTER_171,BE,maize_str,987.0,34.778989821504624
CLUSTER_171,BE,rape_str,1563.0,34.778989821504624
CLUSTER_188,BE,legume_str,67.118,30.74429179382623
CLUSTER_188,BE,maize_str,198.76,30.74429179382623
CLUSTER_188,BE,rape_str,21.25,30.74429179382623
CLUSTER_212,BE,legume_str,423.4,28.78031435192985
CLUSTER_212,BE,maize_str,2516.0,28.78031435192985
CLUSTER_212,BE,rape_str,2994.0,28.78031435192985
CLUSTER_219,BE,beet_leaf,326.0,22.878442836641447
CLUSTER_219,BE,cattle_man,5290.0,22.878442836641447
CLUSTER_219,BE,legume_str,276.0,22.878442836641447
CLUSTER_219,BE,maize_str,434.5,22.878442836641447
CLUSTER_219,BE,rape_str,2300.0,22.878442836641447
CLUSTER_230,BE,legume_str,288.0,35.20147961080413
CLUSTER_230,BE,maize_str,30.722,35.20147961080413
CLUSTER_230,BE,rape_str,1536.0,35.20147961080413
CLUSTER_237,BE,legume_str,29.248,52.16087217972658
CLUSTER_237,BE,rape_str,431.0,52.16087217972658
CLUSTER_259,BE,legume_str,90.26,44.34232671409036
CLUSTER_259,BE,maize_str,51.0,44.34232671409036
CLUSTER_259,BE,rape_str,1130.8,44.34232671409036
CLUSTER_262,BE,legume_str,189.5,37.18669141249831
CLUSTER_262,BE,maize_str,19.9,37.18669141249831
CLUSTER_262,BE,rape_str,727.9,37.18669141249831
CLUSTER_266,BE,legume_str,14.388000000000002,49.956712518313424
CLUSTER_266,BE,rape_str,64.9,49.956712518313424
CLUSTER_290,BE,legume_str,233.8,34.94118261865174
CLUSTER_290,BE,maize_str,388.7,34.94118261865174
CLUSTER_290,BE,rape_str,1121.03,34.94118261865174
CLUSTER_31,BE,legume_str,400.9,46.79288512615829
CLUSTER_31,BE,maize_str,289.7799119864822,46.79288512615829
CLUSTER_31,BE,rape_str,3014.0,46.79288512615829
CLUSTER_322,BE,cattle_man,5790.0,17.37783231021454
CLUSTER_322,BE,legume_str,115.8,17.37783231021454
CLUSTER_322,BE,maize_str,206.2,17.37783231021454
CLUSTER_322,BE,rape_str,704.3,17.37783231021454
CLUSTER_340,BE,legume_str,294.533,40.59409246149118
CLUSTER_340,BE,maize_str,1072.4,40.59409246149118
CLUSTER_340,BE,rape_str,944.0,40.59409246149118
CLUSTER_346,BE,maize_str,86.7,42.84450095774572
CLUSTER_346,BE,rape_str,14.6,42.84450095774572
CLUSTER_349,BE,legume_str,257.0,43.26506487031534
CLUSTER_349,BE,maize_str,1939.0,43.26506487031534
CLUSTER_349,BE,rape_str,1306.0,43.26506487031534
CLUSTER_35,BE,beet_leaf,5272.0,23.05369365589221
CLUSTER_35,BE,cattle_man,3291.0,23.05369365589221
CLUSTER_35,BE,horse_man,655.3,23.05369365589221
CLUSTER_35,BE,legume_str,631.6,23.05369365589221
CLUSTER_35,BE,maize_str,1422.0,23.05369365589221
CLUSTER_35,BE,rape_str,3218.0,23.05369365589221
CLUSTER_351,BE,beet_leaf,525.0,16.256306192563812
CLUSTER_351,BE,cattle_man,14750.0,16.256306192563812
CLUSTER_351,BE,horse_man,1500.0,16.256306192563812
CLUSTER_351,BE,legume_str,523.0,16.256306192563812
CLUSTER_351,BE,maize_str,544.0,16.256306192563812
CLUSTER_351,BE,rape_str,1727.0,16.256306192563812
CLUSTER_373,BE,legume_str,370.5,31.09037737973306
CLUSTER_373,BE,maize_str,870.8,31.09037737973306
CLUSTER_373,BE,rape_str,814.9,31.09037737973306
CLUSTER_382,BE,legume_str,385.1,34.536629777820835
CLUSTER_382,BE,maize_str,346.7,34.536629777820835
CLUSTER_382,BE,rape_str,1028.0,34.536629777820835
CLUSTER_385,BE,legume_str,299.0,52.80951095160721
CLUSTER_385,BE,rape_str,1325.68,52.80951095160721
CLUSTER_392,BE,cattle_man,5800.0,27.75169459231888
CLUSTER_392,BE,legume_str,315.9,27.75169459231888
CLUSTER_392,BE,rape_str,1560.0,27.75169459231888
CLUSTER_394,BE,beet_leaf,221.3,11.405226353699105
CLUSTER_394,BE,cattle_man,6080.0,11.405226353699105
CLUSTER_394,BE,clover_alfalfa_grass,8320.0,11.405226353699105
CLUSTER_394,BE,horse_man,571.3,11.405226353699105
CLUSTER_394,BE,legume_str,403.6,11.405226353699105
CLUSTER_394,BE,maize_str,629.0,11.405226353699105
CLUSTER_394,BE,rape_str,3108.0,11.405226353699105
CLUSTER_397,BE,legume_str,173.8,36.927335324374255
CLUSTER_397,BE,maize_str,658.9,36.927335324374255
CLUSTER_397,BE,rape_str,641.0,36.927335324374255
CLUSTER_399,BE,maize_str,1120.2,35.82775392708486
CLUSTER_40,BE,legume_str,180.49,51.84304042924483
CLUSTER_40,BE,rape_str,458.3,51.84304042924483
CLUSTER_404,BE,legume_str,89.80000000000001,41.94831646844623
CLUSTER_404,BE,maize_str,137.9,41.94831646844623
CLUSTER_404,BE,rape_str,430.0,41.94831646844623
CLUSTER_409,BE,legume_str,168.2,57.46890031313023
CLUSTER_435,BE,cattle_man,3989.9999999999995,21.2892067652041
CLUSTER_435,BE,legume_str,63.4,21.2892067652041
CLUSTER_435,BE,maize_str,65.7,21.2892067652041
CLUSTER_435,BE,rape_str,153.1,21.2892067652041
CLUSTER_451,BE,cattle_man,7650.0,12.928734005864028
CLUSTER_451,BE,clover_alfalfa_grass,9438.085542371744,12.928734005864028
CLUSTER_451,BE,legume_str,293.0,12.928734005864028
CLUSTER_451,BE,maize_str,737.0,12.928734005864028
CLUSTER_451,BE,rape_str,3060.0,12.928734005864028
CLUSTER_469,BE,legume_str,204.7,33.885702292062035
CLUSTER_469,BE,maize_str,488.99999999999994,33.885702292062035
CLUSTER_469,BE,rape_str,1099.0,33.885702292062035
CLUSTER_476,BE,legume_str,20.15,31.005698115456067
CLUSTER_476,BE,maize_str,70.1,31.005698115456067
CLUSTER_476,BE,rape_str,21.8,31.005698115456067
CLUSTER_481,BE,beet_leaf,3240.0,12.79277557094419
CLUSTER_481,BE,cattle_man,7889.999999999999,12.79277557094419
CLUSTER_481,BE,clover_alfalfa_grass,10280.0,12.79277557094419
CLUSTER_481,BE,horse_man,1085.0,12.79277557094419
CLUSTER_481,BE,legume_str,620.0,12.79277557094419
CLUSTER_481,BE,maize_str,1163.0,12.79277557094419
CLUSTER_481,BE,rape_str,4790.0,12.79277557094419
CLUSTER_490,BE,legume_str,80.4,47.97180673934124
CLUSTER_490,BE,rape_str,340.0,47.97180673934124
CLUSTER_512,BE,legume_str,138.2,47.94583577404501
CLUSTER_512,BE,rape_str,499.0,47.94583577404501
CLUSTER_52,BE,legume_str,277.4,39.55052545961638
CLUSTER_52,BE,maize_str,4642.0,39.55052545961638
CLUSTER_52,BE,rape_str,675.0,39.55052545961638
CLUSTER_529,BE,legume_str,186.5,57.84590734291438
CLUSTER_536,BE,legume_str,88.69999999999999,44.49779915585853
CLUSTER_536,BE,rape_str,222.0,44.49779915585853
CLUSTER_55,BE,legume_str,299.8,50.630330432754775
CLUSTER_55,BE,rape_str,291.6,50.630330432754775
CLUSTER_7,BE,legume_str,232.0,34.69318240719195
CLUSTER_7,BE,maize_str,153.4,34.69318240719195
CLUSTER_7,BE,rape_str,2308.0,34.69318240719195
CLUSTER_72,BE,beet_leaf,153.123,4.405103408941972
CLUSTER_72,BE,cattle_man,21650.0,4.405103408941972
CLUSTER_72,BE,cattle_slu,106500.0,4.405103408941972
CLUSTER_72,BE,clover_alfalfa_grass,23705.0,4.405103408941972
CLUSTER_72,BE,horse_man,4938.0,4.405103408941972
CLUSTER_72,BE,legume_str,700.5,4.405103408941972
CLUSTER_72,BE,maize_str,914.0,4.405103408941972
CLUSTER_72,BE,rape_str,3098.0,4.405103408941972
CLUSTER_76,BE,legume_str,109.68,34.32965277928499
CLUSTER_76,BE,maize_str,96.25,34.32965277928499
CLUSTER_76,BE,rape_str,35.114,34.32965277928499
CLUSTER_77,BE,cattle_man,15680.0,19.648619461263547
CLUSTER_77,BE,legume_str,300.0,19.648619461263547
CLUSTER_77,BE,maize_str,102.6,19.648619461263547
CLUSTER_77,BE,rape_str,1929.0,19.648619461263547
CLUSTER_78,BE,legume_str,40.33,41.27800834994422
CLUSTER_78,BE,maize_str,136.0,41.27800834994422
CLUSTER_78,BE,rape_str,178.1,41.27800834994422
CLUSTER_82,BE,legume_str,122.92,58.77139339916212
CLUSTER_89,BE,beet_leaf,94.7221,23.86305418970623
CLUSTER_89,BE,legume_str,351.6,23.86305418970623
CLUSTER_89,BE,maize_str,601.4,23.86305418970623
CLUSTER_89,BE,rape_str,2965.0,23.86305418970623
CLUSTER_96,BE,legume_str,216.1,48.372347882742886
CLUSTER_96,BE,rape_str,553.6,48.372347882742886
CLUSTER_100,BI,legume_str,592.6,49.53789122229144
CLUSTER_107,BI,beet_leaf,1072.0,8.504701653053333
CLUSTER_107,BI,cattle_man,13402.1,8.504701653053333
CLUSTER_107,BI,cattle_slu,55620.0,8.504701653053333
CLUSTER_107,BI,legume_str,421.2,8.504701653053333
CLUSTER_107,BI,maize_str,1970.0,8.504701653053333
CLUSTER_107,BI,rape_str,1132.0,8.504701653053333
CLUSTER_111,BI,legume_str,253.9,43.379367788792095
CLUSTER_111,BI,rape_str,739.75,43.379367788792095
CLUSTER_116,BI,rape_str,1331.7,47.33085316223257
CLUSTER_123,BI,legume_str,222.8,49.8456495507772
CLUSTER_127,BI,legume_str,193.6,52.91049867567936
CLUSTER_132,BI,legume_str,147.22,35.504775014656225
CLUSTER_132,BI,maize_str,1533.2,35.504775014656225
CLUSTER_132,BI,rape_str,929.0,35.504775014656225
CLUSTER_138,BI,beet_leaf,6203.0,13.734700924245663
CLUSTER_138,BI,cattle_man,10203.0,13.734700924245663
CLUSTER_138,BI,legume_str,467.8,13.734700924245663
CLUSTER_138,BI,maize_str,2746.0,13.734700924245663
CLUSTER_138,BI,rape_str,1121.4,13.734700924245663
CLUSTER_14,BI,legume_str,20.98,41.5306942730152
CLUSTER_14,BI,rape_str,1443.9,41.5306942730152
CLUSTER_144,BI,legume_str,474.3,20.763708577319917
CLUSTER_144,BI,maize_str,3055.0,20.763708577319917
CLUSTER_144,BI,rape_str,1689.0,20.763708577319917
CLUSTER_152,BI,legume_str,331.6,32.5721748918836
CLUSTER_152,BI,maize_str,2300.0,32.5721748918836
CLUSTER_152,BI,rape_str,1311.0,32.5721748918836
CLUSTER_176,BI,legume_str,185.1,42.884631425672254
CLUSTER_176,BI,rape_str,773.6,42.884631425672254
CLUSTER_182,BI,beet_leaf,1723.0,6.062317513566588
CLUSTER_182,BI,cattle_man,9590.0,6.062317513566588
CLUSTER_182,BI,cattle_slu,48000.0,6.062317513566588
CLUSTER_182,BI,legume_str,180.1,6.062317513566588
CLUSTER_182,BI,maize_str,2575.0,6.062317513566588
CLUSTER_182,BI,rape_str,811.0,6.062317513566588
CLUSTER_187,BI,legume_str,419.6,33.926515255462725
CLUSTER_187,BI,maize_str,1046.0,33.926515255462725
CLUSTER_187,BI,rape_str,1186.6,33.926515255462725
CLUSTER_201,BI,legume_str,94.3,37.40062004089053
CLUSTER_201,BI,rape_str,52.69,37.40062004089053
CLUSTER_229,BI,legume_str,169.7,35.03057082392492
CLUSTER_229,BI,maize_str,474.61,35.03057082392492
CLUSTER_229,BI,rape_str,30.7,35.03057082392492
CLUSTER_235,BI,legume_str,260.6,22.645727891446437
CLUSTER_235,BI,maize_str,1195.0,22.645727891446437
CLUSTER_235,BI,rape_str,208.9,22.645727891446437
CLUSTER_239,BI,legume_str,357.8,36.08187316128398
CLUSTER_239,BI,maize_str,1603.4087358715271,36.08187316128398
CLUSTER_239,BI,rape_str,1717.0,36.08187316128398
CLUSTER_256,BI,legume_str,337.66,41.466825154076346
CLUSTER_256,BI,rape_str,862.4,41.466825154076346
CLUSTER_263,BI,legume_str,774.2,22.743650125413723
CLUSTER_263,BI,maize_str,2453.0,22.743650125413723
CLUSTER_263,BI,rape_str,1071.4,22.743650125413723
CLUSTER_297,BI,legume_str,363.98,28.80406123873691
CLUSTER_297,BI,maize_str,776.0,28.80406123873691
CLUSTER_297,BI,rape_str,668.0,28.80406123873691
CLUSTER_305,BI,legume_str,120.96,53.16801006315595
CLUSTER_306,BI,legume_str,1097.0,49.01842416642264
CLUSTER_306,BI,rape_str,2327.0,49.01842416642264
CLUSTER_315,BI,beet_leaf,5647.0,18.75236986018453
CLUSTER_315,BI,legume_str,373.6,18.75236986018453
CLUSTER_315,BI,maize_str,775.3,18.75236986018453
CLUSTER_315,BI,rape_str,1513.0,18.75236986018453
CLUSTER_316,BI,legume_str,235.5,47.74439396618934
CLUSTER_316,BI,rape_str,1137.0,47.74439396618934
CLUSTER_324,BI,beet_leaf,4986.0,15.579003475967474
CLUSTER_324,BI,legume_str,578.7,15.579003475967474
CLUSTER_324,BI,maize_str,2092.0,15.579003475967474
CLUSTER_324,BI,rape_str,1080.0,15.579003475967474
CLUSTER_337,BI,legume_str,187.9,45.78985814163825
CLUSTER_337,BI,rape_str,148.0,45.78985814163825
CLUSTER_338,BI,beet_leaf,2428.0,13.32395351500086
CLUSTER_338,BI,cattle_man,6102.530000000001,13.32395351500086
CLUSTER_338,BI,legume_str,307.0,13.32395351500086
CLUSTER_338,BI,maize_str,2637.0,13.32395351500086
CLUSTER_338,BI,rape_str,566.0,13.32395351500086
CLUSTER_339,BI,legume_str,276.25,23.75870033447661
CLUSTER_339,BI,maize_str,1719.0,23.75870033447661
CLUSTER_339,BI,rape_str,716.33,23.75870033447661
CLUSTER_34,BI,legume_str,428.6,35.33559079702691
CLUSTER_34,BI,maize_str,4809.0,35.33559079702691
CLUSTER_34,BI,rape_str,1322.6,35.33559079702691
CLUSTER_342,BI,legume_str,689.9,32.644503543698896
CLUSTER_342,BI,maize_str,1338.0,32.644503543698896
CLUSTER_342,BI,rape_str,755.7,32.644503543698896
CLUSTER_344,BI,cattle_man,9980.0,23.13402542037486
CLUSTER_344,BI,legume_str,332.0,23.13402542037486
CLUSTER_344,BI,maize_str,5434.0,23.13402542037486
CLUSTER_344,BI,rape_str,232.2,23.13402542037486
CLUSTER_345,BI,legume_str,1226.0,38.029897680295534
CLUSTER_345,BI,rape_str,1424.0,38.029897680295534
CLUSTER_353,BI,beet_leaf,1119.7287179375496,20.149230700158064
CLUSTER_353,BI,cattle_man,9000.0,20.149230700158064
CLUSTER_353,BI,legume_str,276.0,20.149230700158064
CLUSTER_353,BI,maize_str,3170.0,20.149230700158064
CLUSTER_353,BI,rape_str,696.0,20.149230700158064
CLUSTER_365,BI,legume_str,86.1,41.10296123486791
CLUSTER_365,BI,rape_str,408.7,41.10296123486791
CLUSTER_376,BI,legume_str,508.0,25.746369358694903
CLUSTER_376,BI,maize_str,681.8,25.746369358694903
CLUSTER_376,BI,rape_str,1421.0,25.746369358694903
CLUSTER_393,BI,legume_str,44.84,30.74527298106432
CLUSTER_393,BI,maize_str,311.5,30.74527298106432
CLUSTER_393,BI,rape_str,213.5,30.74527298106432
CLUSTER_42,BI,legume_str,175.21,47.74141704332099
CLUSTER_42,BI,rape_str,813.0,47.74141704332099
CLUSTER_427,BI,beet_leaf,1978.0000000000002,7.723788040552135
CLUSTER_427,BI,cattle_man,8930.0,7.723788040552135
CLUSTER_427,BI,cattle_slu,25660.0,7.723788040552135
CLUSTER_427,BI,legume_str,351.0,7.723788040552135
CLUSTER_427,BI,maize_str,2221.8,7.723788040552135
CLUSTER_427,BI,rape_str,1173.4,7.723788040552135
CLUSTER_428,BI,legume_str,401.5,43.5257220082315
CLUSTER_428,BI,rape_str,780.5,43.5257220082315
CLUSTER_43,BI,legume_str,631.3,48.941005224085366
CLUSTER_43,BI,rape_str,981.0000000000001,48.941005224085366
CLUSTER_431,BI,legume_str,310.4,32.9497655139697
CLUSTER_431,BI,maize_str,4683.0,32.9497655139697
CLUSTER_431,BI,rape_str,203.4,32.9497655139697
CLUSTER_432,BI,legume_str,291.34000000000003,36.33301586153492
CLUSTER_432,BI,rape_str,1000.6999999999999,36.33301586153492
CLUSTER_44,BI,legume_str,336.7,53.078327428951
CLUSTER_446,BI,legume_str,132.72,46.348328512795725
CLUSTER_446,BI,rape_str,165.0,46.348328512795725
CLUSTER_447,BI,legume_str,578.0,38.63286050644484
CLUSTER_447,BI,rape_str,901.0,38.63286050644484
CLUSTER_452,BI,legume_str,173.8,42.093399536474685
CLUSTER_452,BI,rape_str,580.0,42.093399536474685
CLUSTER_458,BI,legume_str,366.0,44.092377092084696
CLUSTER_458,BI,rape_str,488.99999999999994,44.092377092084696
CLUSTER_464,BI,legume_str,235.0,27.810743892674434
CLUSTER_464,BI,maize_str,1659.0,27.810743892674434
CLUSTER_464,BI,rape_str,387.0,27.810743892674434
CLUSTER_478,BI,legume_str,86.75,31.148730827162247
CLUSTER_478,BI,maize_str,1389.0,31.148730827162247
CLUSTER_478,BI,rape_str,205.7,31.148730827162247
CLUSTER_479,BI,legume_str,75.09,35.111736635154806
CLUSTER_479,BI,maize_str,21.09,35.111736635154806
CLUSTER_479,BI,rape_str,157.9,35.111736635154806
CLUSTER_485,BI,beet_leaf,1510.0,18.364293792731264
CLUSTER_485,BI,legume_str,229.0,18.364293792731264
CLUSTER_485,BI,maize_str,988.0,18.364293792731264
CLUSTER_485,BI,rape_str,948.0,18.364293792731264
CLUSTER_495,BI,legume_str,495.0,28.60227567360787
CLUSTER_495,BI,maize_str,798.8,28.60227567360787
CLUSTER_495,BI,rape_str,574.7,28.60227567360787
CLUSTER_496,BI,legume_str,144.6,30.10282230688533
CLUSTER_496,BI,maize_str,1429.0,30.10282230688533
CLUSTER_496,BI,rape_str,1060.0,30.10282230688533
CLUSTER_499,BI,beet_leaf,6790.0,18.31986913684612
CLUSTER_499,BI,legume_str,206.8,18.31986913684612
CLUSTER_499,BI,maize_str,1191.0,18.31986913684612
CLUSTER_499,BI,rape_str,500.0,18.31986913684612
CLUSTER_507,BI,legume_str,319.0,33.89708702556806
CLUSTER_507,BI,maize_str,699.0,33.89708702556806
CLUSTER_507,BI,rape_str,1388.0,33.89708702556806
CLUSTER_511,BI,legume_str,142.4,28.21842110301697
CLUSTER_511,BI,maize_str,399.7,28.21842110301697
CLUSTER_511,BI,rape_str,393.2,28.21842110301697
CLUSTER_534,BI,beet_leaf,5100.0,18.848168258752693
CLUSTER_534,BI,legume_str,317.1,18.848168258752693
CLUSTER_534,BI,maize_str,1117.0,18.848168258752693
CLUSTER_534,BI,rape_str,1184.0,18.848168258752693
CLUSTER_63,BI,legume_str,611.5,26.41889833275308
CLUSTER_63,BI,maize_str,1895.5,26.41889833275308
CLUSTER_63,BI,rape_str,653.77,26.41889833275308
CLUSTER_83,BI,legume_str,40.02,27.66499928890172
CLUSTER_83,BI,maize_str,573.0,27.66499928890172
CLUSTER_83,BI,rape_str,472.0,27.66499928890172
CLUSTER_9,BI,legume_str,267.44,31.616415734089973
CLUSTER_9,BI,maize_str,2940.98,31.616415734089973
CLUSTER_9,BI,rape_str,712.84,31.616415734089973
CLUSTER_1,BN,horse_man,642.4,41.19518004822631
CLUSTER_101,BN,cattle_man,7667.4141,27.511661225293743
CLUSTER_101,BN,horse_man,1895.41,27.511661225293743
CLUSTER_101,BN,pig_man,311.45,27.511661225293743
CLUSTER_103,BN,cattle_man,2660.0,20.843430628210804
CLUSTER_103,BN,horse_man,678.2,20.843430628210804
CLUSTER_103,BN,pig_man,791.300184,20.843430628210804
CLUSTER_129,BN,cattle_man,8284.0,39.58520897487996
CLUSTER_129,BN,horse_man,1743.9,39.58520897487996
CLUSTER_129,BN,pig_man,245.9917,39.58520897487996
CLUSTER_145,BN,cattle_man,10356.0,38.29821605601977
CLUSTER_145,BN,horse_man,1174.0,38.29821605601977
CLUSTER_145,BN,pig_man,104.2,38.29821605601977
CLUSTER_169,BN,cattle_man,8425.7,22.45771420624304
CLUSTER_169,BN,horse_man,1079.5,22.45771420624304
CLUSTER_171,BN,cattle_man,11040.0,32.00168687718605
CLUSTER_171,BN,horse_man,1981.0000000000002,32.00168687718605
CLUSTER_176,BN,cattle_man,2533.2,28.15969151240262
CLUSTER_176,BN,horse_man,750.0,28.15969151240262
CLUSTER_176,BN,pig_man,232.96,28.15969151240262
CLUSTER_183,BN,cattle_man,16594.0,29.657661509233616
CLUSTER_190,BN,cattle_man,9509.0,5.744424299443388
CLUSTER_190,BN,cattle_slu,51190.0,5.744424299443388
CLUSTER_190,BN,horse_man,1595.7000000000003,5.744424299443388
CLUSTER_190,BN,pig_man,1086.0,5.744424299443388
CLUSTER_219,BN,horse_man,452.0,46.337249450363146
CLUSTER_229,BN,cattle_man,1142.8,34.2772879161592
CLUSTER_229,BN,horse_man,466.3,34.2772879161592
CLUSTER_229,BN,pig_man,38.028209,34.2772879161592
CLUSTER_237,BN,cattle_man,4862.0,15.406456972529131
CLUSTER_237,BN,horse_man,478.63,15.406456972529131
CLUSTER_237,BN,pig_man,687.516,15.406456972529131
CLUSTER_248,BN,cattle_man,377.0,7.329097249055772
CLUSTER_248,BN,horse_man,258.4,7.329097249055772
CLUSTER_248,BN,pig_man,337.0,7.329097249055772
CLUSTER_266,BN,cattle_man,1740.9895738270154,31.50788931808372
CLUSTER_278,BN,cattle_man,5274.7,12.286918836475492
CLUSTER_278,BN,cattle_slu,34950.0,12.286918836475492
CLUSTER_278,BN,horse_man,660.7,12.286918836475492
CLUSTER_278,BN,pig_man,334.991,12.286918836475492
CLUSTER_303,BN,cattle_man,3262.0,17.05161855635796
CLUSTER_303,BN,horse_man,1570.0,17.05161855635796
CLUSTER_303,BN,pig_man,1707.0,17.05161855635796
CLUSTER_349,BN,horse_man,668.0,49.83868068058977
CLUSTER_349,BN,pig_man,105.746,49.83868068058977
CLUSTER_377,BN,cattle_man,1881.3,20.773141794817597
CLUSTER_377,BN,horse_man,627.7,20.773141794817597
CLUSTER_377,BN,pig_man,294.4,20.773141794817597
CLUSTER_382,BN,cattle_man,2959.0,35.682250956966605
CLUSTER_382,BN,horse_man,1045.0,35.682250956966605
CLUSTER_382,BN,pig_man,429.0,35.682250956966605
CLUSTER_390,BN,cattle_man,4736.4,16.43201391166234
CLUSTER_390,BN,horse_man,147.848,16.43201391166234
CLUSTER_390,BN,pig_man,1056.886,16.43201391166234
CLUSTER_42,BN,cattle_man,15075.0,29.550538680206387
CLUSTER_42,BN,horse_man,1097.5,29.550538680206387
CLUSTER_42,BN,pig_man,1804.5,29.550538680206387
CLUSTER_433,BN,cattle_man,4450.0297,27.34567802869196
CLUSTER_452,BN,cattle_man,3960.0,27.99072342447606
CLUSTER_452,BN,horse_man,922.0,27.99072342447606
CLUSTER_452,BN,pig_man,550.0,27.99072342447606
CLUSTER_459,BN,cattle_man,3719.2,5.888495958179533
CLUSTER_459,BN,cattle_slu,24470.0,5.888495958179533
CLUSTER_459,BN,horse_man,167.4,5.888495958179533
CLUSTER_459,BN,pig_man,243.8,5.888495958179533
CLUSTER_469,BN,horse_man,840.0,45.86415227021027
CLUSTER_469,BN,pig_man,324.0,45.86415227021027
CLUSTER_478,BN,horse_man,340.1000000442337,48.50259717580303
CLUSTER_496,BN,cattle_man,6675.3,41.366046235102175
CLUSTER_496,BN,horse_man,451.0,41.366046235102175
CLUSTER_496,BN,pig_man,687.3,41.366046235102175
CLUSTER_515,BN,cattle_man,990.9999999999999,35.3683910600942
CLUSTER_515,BN,horse_man,126.2,35.3683910600942
CLUSTER_515,BN,pig_man,1089.0,35.3683910600942
CLUSTER_6,BN,cattle_man,810.17,9.378601007152442
CLUSTER_6,BN,horse_man,339.439139,9.378601007152442
CLUSTER_6,BN,pig_man,1816.7,9.378601007152442
CLUSTER_66,BN,cattle_man,2641.0375,22.26940503215287
CLUSTER_66,BN,horse_man,880.00908,22.26940503215287
CLUSTER_78,BN,cattle_man,7012.0,31.733126937294152
CLUSTER_82,BN,cattle_man,7392.7,14.18361335288975
CLUSTER_82,BN,cattle_slu,11811.98433377819,14.18361335288975
CLUSTER_82,BN,horse_man,1220.1,14.18361335288975
CLUSTER_82,BN,pig_man,554.226263,14.18361335288975
CLUSTER_9,BN,pig_man,1813.0,39.84036598592017
CLUSTER_104,BQ,cattle_man,26110.0,4.025764892388311
CLUSTER_104,BQ,cattle_slu,114400.0,4.025764892388311
CLUSTER_104,BQ,horse_man,871.7,4.025764892388311
CLUSTER_104,BQ,legume_str,171.70000000000002,4.025764892388311
CLUSTER_104,BQ,pig_man,527.2180000000001,4.025764892388311
CLUSTER_104,BQ,rape_str,732.1,4.025764892388311
CLUSTER_180,BQ,cattle_man,2402.6,51.6563896759975
CLUSTER_180,BQ,horse_man,1481.0,51.6563896759975
CLUSTER_180,BQ,pig_man,3836.0817572554565,51.6563896759975
CLUSTER_2,BQ,cattle_man,3616.0,23.61370212380009
CLUSTER_2,BQ,horse_man,975.2,23.61370212380009
CLUSTER_2,BQ,pig_man,1666.5,23.61370212380009
CLUSTER_20,BQ,cattle_man,27140.0,23.462146913917923
CLUSTER_20,BQ,horse_man,3289.0,23.462146913917923
CLUSTER_20,BQ,pig_man,3376.0,23.462146913917923
CLUSTER_208,BQ,cattle_man,5066.0,31.94106724983067
CLUSTER_208,BQ,horse_man,1364.6,31.94106724983067
CLUSTER_208,BQ,pig_man,22.65,31.94106724983067
CLUSTER_225,BQ,cattle_man,6770.0,41.39494218507486
CLUSTER_225,BQ,horse_man,1039.7,41.39494218507486
CLUSTER_225,BQ,pig_man,1314.9,41.39494218507486
CLUSTER_233,BQ,cattle_man,5430.0,33.72452833630123
CLUSTER_233,BQ,horse_man,1224.0,33.72452833630123
CLUSTER_233,BQ,pig_man,435.2,33.72452833630123
CLUSTER_273,BQ,cattle_man,6690.0,41.08268410110772
CLUSTER_273,BQ,horse_man,1064.0,41.08268410110772
CLUSTER_273,BQ,pig_man,524.6,41.08268410110772
CLUSTER_291,BQ,horse_man,1658.0,55.2141097513398
CLUSTER_291,BQ,pig_man,7740.0,55.2141097513398
CLUSTER_292,BQ,cattle_man,8900.0,42.78340351028507
CLUSTER_292,BQ,horse_man,3197.0,42.78340351028507
CLUSTER_292,BQ,pig_man,2862.000000008835,42.78340351028507
CLUSTER_302,BQ,cattle_man,16129.999999999998,15.967154136037031
CLUSTER_302,BQ,cattle_slu,68920.0,15.967154136037031
CLUSTER_302,BQ,horse_man,1597.0,15.967154136037031
CLUSTER_302,BQ,legume_str,313.8,15.967154136037031
CLUSTER_302,BQ,pig_man,141.874306,15.967154136037031
CLUSTER_302,BQ,rape_str,140.1,15.967154136037031
CLUSTER_319,BQ,cattle_man,9700.0,26.561145116219944
CLUSTER_319,BQ,horse_man,1821.5,26.561145116219944
CLUSTER_319,BQ,pig_man,343.0,26.561145116219944
CLUSTER_330,BQ,cattle_man,21960.0,9.877164699966594
CLUSTER_330,BQ,cattle_slu,99050.0,9.877164699966594
CLUSTER_330,BQ,horse_man,1269.6,9.877164699966594
CLUSTER_330,BQ,legume_str,753.8,9.877164699966594
CLUSTER_330,BQ,pig_man,378.71,9.877164699966594
CLUSTER_330,BQ,rape_str,2235.0,9.877164699966594
CLUSTER_354,BQ,cattle_man,4844.0,28.360695224863782
CLUSTER_354,BQ,horse_man,793.6,28.360695224863782
CLUSTER_354,BQ,pig_man,883.52,28.360695224863782
CLUSTER_355,BQ,cattle_man,3895.0,33.70490591076059
CLUSTER_355,BQ,horse_man,1202.0,33.70490591076059
CLUSTER_355,BQ,pig_man,1341.0,33.70490591076059
CLUSTER_37,BQ,cattle_man,31919.999999999996,13.617965670764532
CLUSTER_37,BQ,cattle_slu,114880.0,13.617965670764532
CLUSTER_37,BQ,horse_man,943.0,13.617965670764532
CLUSTER_37,BQ,legume_str,791.6,13.617965670764532
CLUSTER_37,BQ,pig_man,3353.8,13.617965670764532
CLUSTER_37,BQ,rape_str,2494.6,13.617965670764532
CLUSTER_398,BQ,cattle_man,5117.0,16.67312505874181
CLUSTER_398,BQ,cattle_slu,15359.999996380155,16.67312505874181
CLUSTER_398,BQ,horse_man,1395.0,16.67312505874181
CLUSTER_398,BQ,legume_str,250.69999999999996,16.67312505874181
CLUSTER_398,BQ,pig_man,169.0001898,16.67312505874181
CLUSTER_398,BQ,rape_str,535.6,16.67312505874181
CLUSTER_400,BQ,cattle_man,3903.8,37.93278358381461
CLUSTER_400,BQ,horse_man,1513.0,37.93278358381461
CLUSTER_400,BQ,pig_man,2588.0,37.93278358381461
CLUSTER_402,BQ,cattle_man,1505.0,52.30225794087918
CLUSTER_402,BQ,horse_man,859.0,52.30225794087918
CLUSTER_402,BQ,pig_man,1540.0,52.30225794087918
CLUSTER_436,BQ,cattle_man,14080.0,31.13957079128344
CLUSTER_436,BQ,horse_man,830.0,31.13957079128344
CLUSTER_436,BQ,pig_man,326.0,31.13957079128344
CLUSTER_450,BQ,cattle_man,18270.0,13.81128013505181
CLUSTER_450,BQ,cattle_slu,92800.0,13.81128013505181
CLUSTER_450,BQ,horse_man,963.9,13.81128013505181
CLUSTER_450,BQ,legume_str,406.3,13.81128013505181
CLUSTER_450,BQ,pig_man,315.5,13.81128013505181
CLUSTER_450,BQ,rape_str,562.7,13.81128013505181
CLUSTER_473,BQ,cattle_man,11380.0,13.945332881943424
CLUSTER_473,BQ,cattle_slu,39530.0,13.945332881943424
CLUSTER_473,BQ,horse_man,745.0,13.945332881943424
CLUSTER_473,BQ,legume_str,346.1,13.945332881943424
CLUSTER_473,BQ,pig_man,510.99999999999994,13.945332881943424
CLUSTER_473,BQ,rape_str,1204.0,13.945332881943424
CLUSTER_493,BQ,cattle_man,9040.0,25.09326499037743
CLUSTER_493,BQ,horse_man,951.2,25.09326499037743
CLUSTER_493,BQ,pig_man,193.15,25.09326499037743
CLUSTER_501,BQ,horse_man,474.5,51.37439469932712
CLUSTER_501,BQ,pig_man,1378.0,51.37439469932712
CLUSTER_516,BQ,cattle_man,8820.0,24.27390728753761
CLUSTER_516,BQ,horse_man,1178.0,24.27390728753761
CLUSTER_516,BQ,pig_man,123.100375,24.27390728753761
CLUSTER_537,BQ,cattle_man,2682.000000008279,43.28193877311353
CLUSTER_537,BQ,horse_man,1468.0,43.28193877311353
CLUSTER_537,BQ,pig_man,2429.000000374724,43.28193877311353
CLUSTER_541,BQ,cattle_man,4103.0,26.55666213998095
CLUSTER_541,BQ,horse_man,835.5,26.55666213998095
CLUSTER_61,BQ,cattle_man,33290.0,24.58622970439032
CLUSTER_61,BQ,horse_man,2388.0,24.58622970439032
CLUSTER_61,BQ,pig_man,392.8,24.58622970439032
CLUSTER_64,BQ,cattle_slu,117990.0,16.05792137155622
CLUSTER_70,BQ,cattle_man,18095.0,24.003978548783227
CLUSTER_70,BQ,horse_man,1087.859,24.003978548783227
CLUSTER_70,BQ,pig_man,751.0,24.003978548783227
CLUSTER_73,BQ,cattle_man,5811.999999969126,39.95567918077977
CLUSTER_73,BQ,horse_man,1613.1,39.95567918077977
CLUSTER_73,BQ,pig_man,3454.999999981647,39.95567918077977
CLUSTER_79,BQ,pig_man,1322.00245,52.72683985431648
CLUSTER_92,BQ,cattle_man,17416.0,9.014902734225274
CLUSTER_92,BQ,cattle_slu,68400.0,9.014902734225274
CLUSTER_92,BQ,horse_man,2276.0,9.014902734225274
CLUSTER_92,BQ,legume_str,339.0,9.014902734225274
CLUSTER_92,BQ,pig_man,122.73699999999998,9.014902734225274
CLUSTER_92,BQ,rape_str,752.9,9.014902734225274
CLUSTER_100,BT,pig_man,69.61,38.82371829953907
CLUSTER_122,BT,cattle_man,17000.0,6.78087257894914
CLUSTER_122,BT,cattle_slu,61990.0,6.78087257894914
CLUSTER_122,BT,horse_man,5260.0,6.78087257894914
CLUSTER_122,BT,legume_str,179.2,6.78087257894914
CLUSTER_122,BT,pig_man,40.78257,6.78087257894914
CLUSTER_142,BT,cattle_man,32190.000000000004,13.737626093448776
CLUSTER_142,BT,horse_man,1981.9999999999998,13.737626093448776
CLUSTER_142,BT,legume_str,157.6,13.737626093448776
CLUSTER_142,BT,pig_man,67.2671,13.737626093448776
CLUSTER_144,BT,pig_man,213.9100921620949,65.82454946004209
CLUSTER_149,BT,legume_str,27.93,30.62060771446163
CLUSTER_151,BT,cattle_man,5361.0,17.15689626013532
CLUSTER_151,BT,cattle_slu,23720.0,17.15689626013532
CLUSTER_151,BT,horse_man,5352.0,17.15689626013532
CLUSTER_151,BT,legume_str,305.9,17.15689626013532
CLUSTER_151,BT,pig_man,33.274,17.15689626013532
CLUSTER_151,BT,rape_str,655.0,17.15689626013532
CLUSTER_152,BT,horse_man,2493.3,44.81782771335555
CLUSTER_152,BT,pig_man,174.14849999999998,44.81782771335555
CLUSTER_198,BT,cattle_man,19100.0,27.616272752151247
CLUSTER_198,BT,horse_man,2306.0,27.616272752151247
CLUSTER_215,BT,cattle_man,11500.0,36.53694524864301
CLUSTER_215,BT,horse_man,2969.000000828233,36.53694524864301
CLUSTER_218,BT,cattle_man,42980.0,7.128653198553969
CLUSTER_218,BT,cattle_slu,191700.0,7.128653198553969
CLUSTER_218,BT,horse_man,4008.0000000000005,7.128653198553969
CLUSTER_218,BT,legume_str,38.61,7.128653198553969
CLUSTER_239,BT,pig_man,931.74,59.40979170535653
CLUSTER_26,BT,cattle_man,20351.253498082137,32.57908064388687
CLUSTER_26,BT,horse_man,4471.0,32.57908064388687
CLUSTER_279,BT,legume_str,338.3,21.872591780286307
CLUSTER_279,BT,pig_man,723.8400164000001,21.872591780286307
CLUSTER_279,BT,rape_str,766.0,21.872591780286307
CLUSTER_281,BT,cattle_man,11913.99999813657,40.49660645369284
CLUSTER_281,BT,horse_man,1024.5,40.49660645369284
CLUSTER_29,BT,cattle_man,35210.0,19.39347778984051
CLUSTER_29,BT,cattle_slu,162470.0,19.39347778984051
CLUSTER_29,BT,horse_man,2338.7,19.39347778984051
CLUSTER_29,BT,legume_str,109.47,19.39347778984051
CLUSTER_29,BT,rape_str,84.37,19.39347778984051
CLUSTER_300,BT,cattle_man,12150.0,18.470738329173297
CLUSTER_300,BT,horse_man,6326.0,18.470738329173297
CLUSTER_300,BT,legume_str,424.7,18.470738329173297
CLUSTER_300,BT,pig_man,581.8449999999999,18.470738329173297
CLUSTER_300,BT,rape_str,548.0,18.470738329173297
CLUSTER_323,BT,cattle_man,16392.883179228345,15.475500479456366
CLUSTER_323,BT,horse_man,2339.0,15.475500479456366
CLUSTER_323,BT,legume_str,62.45,15.475500479456366
CLUSTER_323,BT,pig_man,275.81,15.475500479456366
CLUSTER_323,BT,rape_str,313.3,15.475500479456366
CLUSTER_34,BT,pig_man,547.047,71.92866232204135
CLUSTER_345,BT,pig_man,131.752025,42.74097922342114
CLUSTER_363,BT,cattle_man,13430.0,16.587374734366236
CLUSTER_363,BT,cattle_slu,51370.0,16.587374734366236
CLUSTER_363,BT,horse_man,3180.0,16.587374734366236
CLUSTER_363,BT,legume_str,43.2,16.587374734366236
CLUSTER_363,BT,pig_man,154.91,16.587374734366236
CLUSTER_386,BT,cattle_man,420.0,18.145429049975405
CLUSTER_386,BT,cattle_slu,15.9,18.145429049975405
CLUSTER_386,BT,horse_man,3289.0,18.145429049975405
CLUSTER_386,BT,legume_str,404.9,18.145429049975405
CLUSTER_386,BT,rape_str,588.0,18.145429049975405
CLUSTER_396,BT,cattle_man,5375.000000259917,29.91354930163416
CLUSTER_396,BT,horse_man,4460.0,29.91354930163416
CLUSTER_396,BT,legume_str,280.9,29.91354930163416
CLUSTER_407,BT,cattle_man,10172.0,38.811757741207614
CLUSTER_407,BT,horse_man,3348.0,38.811757741207614
CLUSTER_43,BT,horse_man,1609.1999999999998,29.127907687753435
CLUSTER_43,BT,pig_man,36.5,29.127907687753435
CLUSTER_431,BT,pig_man,238.34,84.50728467100497
CLUSTER_447,BT,pig_man,67.14,50.49614110096298
CLUSTER_458,BT,cattle_man,4990.0,34.49136961101167
CLUSTER_458,BT,horse_man,2320.0,34.49136961101167
CLUSTER_464,BT,pig_man,54.032,75.58114813717376
CLUSTER_466,BT,legume_str,253.7,27.212991294809516
CLUSTER_466,BT,pig_man,43.27128999999999,27.212991294809516
CLUSTER_466,BT,rape_str,1039.0,27.212991294809516
CLUSTER_482,BT,horse_man,1167.3,23.77390322104542
CLUSTER_482,BT,legume_str,62.8,23.77390322104542
CLUSTER_482,BT,pig_man,28.99635,23.77390322104542
CLUSTER_495,BT,pig_man,180.446,55.91113742407156
CLUSTER_498,BT,cattle_man,3436.0,9.863752372751058
CLUSTER_498,BT,cattle_slu,11930.0,9.863752372751058
CLUSTER_498,BT,horse_man,2767.0,9.863752372751058
CLUSTER_498,BT,legume_str,259.3,9.863752372751058
CLUSTER_498,BT,rape_str,235.0,9.863752372751058
CLUSTER_523,BT,cattle_man,13260.0,6.255623978069234
CLUSTER_523,BT,cattle_slu,65000.0,6.255623978069234
CLUSTER_523,BT,horse_man,1417.0,6.255623978069234
CLUSTER_523,BT,legume_str,49.6,6.255623978069234
CLUSTER_523,BT,pig_man,56.7,6.255623978069234
CLUSTER_523,BT,rape_str,139.1,6.255623978069234
CLUSTER_54,BT,cattle_man,5070.0,44.16712302594127
CLUSTER_54,BT,horse_man,1695.0,44.16712302594127
CLUSTER_57,BT,cattle_man,1262.9,21.4441259449878
CLUSTER_57,BT,horse_man,1420.0,21.4441259449878
CLUSTER_57,BT,legume_str,757.7,21.4441259449878
CLUSTER_57,BT,rape_str,917.4,21.4441259449878
CLUSTER_62,BT,cattle_man,29750.0,24.756465448393527
CLUSTER_62,BT,horse_man,4905.0,24.756465448393527
CLUSTER_62,BT,legume_str,34.27,24.756465448393527
CLUSTER_62,BT,pig_man,33.995,24.756465448393527
CLUSTER_67,BT,cattle_man,12270.0,41.00018236558396
CLUSTER_67,BT,horse_man,2276.6,41.00018236558396
CLUSTER_8,BT,cattle_man,26900.0,26.36663730304045
CLUSTER_8,BT,horse_man,7120.0,26.36663730304045
CLUSTER_8,BT,legume_str,105.89,26.36663730304045
CLUSTER_8,BT,pig_man,13.2831,26.36663730304045
CLUSTER_8,BT,rape_str,48.5,26.36663730304045
CLUSTER_81,BT,cattle_man,26470.0,16.811526142670367
CLUSTER_81,BT,cattle_slu,122780.0,16.811526142670367
CLUSTER_81,BT,horse_man,1535.0,16.811526142670367
CLUSTER_81,BT,legume_str,73.12,16.811526142670367
CLUSTER_81,BT,pig_man,12.9891,16.811526142670367
CLUSTER_10,BY,legume_str,66.8,49.7789112284748
CLUSTER_10,BY,maize_str,92.1,49.7789112284748
CLUSTER_10,BY,rape_str,247.74999999999997,49.7789112284748
CLUSTER_110,BY,horse_man,797.0,39.39656333117913
CLUSTER_110,BY,legume_str,32.8,39.39656333117913
CLUSTER_110,BY,rape_str,218.1,39.39656333117913
CLUSTER_119,BY,horse_man,1764.0,34.12873889395169
CLUSTER_119,BY,legume_str,143.3,34.12873889395169
CLUSTER_119,BY,rape_str,1302.0,34.12873889395169
CLUSTER_134,BY,beet_leaf,32079.999999999996,11.119160687137963
CLUSTER_134,BY,cattle_man,8431.4,11.119160687137963
CLUSTER_134,BY,legume_str,277.13,11.119160687137963
CLUSTER_134,BY,maize_str,712.3,11.119160687137963
CLUSTER_134,BY,rape_str,1039.3,11.119160687137963
CLUSTER_139,BY,cattle_man,3032.51,23.59279895632924
CLUSTER_139,BY,legume_str,570.9,23.59279895632924
CLUSTER_139,BY,rape_str,1083.5,23.59279895632924
CLUSTER_148,BY,maize_str,21.2,53.07075769059082
CLUSTER_153,BY,legume_str,465.2,51.66878963780764
CLUSTER_153,BY,maize_str,346.3,51.66878963780764
CLUSTER_153,BY,rape_str,2865.0,51.66878963780764
CLUSTER_154,BY,beet_leaf,15730.000000000002,10.405933489643518
CLUSTER_154,BY,cattle_man,5634.1,10.405933489643518
CLUSTER_154,BY,clover_alfalfa_grass,5113.0,10.405933489643518
CLUSTER_154,BY,legume_str,348.1,10.405933489643518
CLUSTER_154,BY,maize_str,84.14,10.405933489643518
CLUSTER_154,BY,rape_str,1500.8,10.405933489643518
CLUSTER_156,BY,legume_str,342.4,41.29815274903741
CLUSTER_156,BY,maize_str,250.71100000000004,41.29815274903741
CLUSTER_156,BY,rape_str,1599.0,41.29815274903741
CLUSTER_158,BY,legume_str,41.66,39.70328272830727
CLUSTER_158,BY,rape_str,44.4,39.70328272830727
CLUSTER_16,BY,legume_str,320.2,24.287244536834628
CLUSTER_16,BY,maize_str,361.46,24.287244536834628
CLUSTER_16,BY,rape_str,1459.3,24.287244536834628
CLUSTER_163,BY,horse_man,1805.0,49.04509968873117
CLUSTER_163,BY,legume_str,26.23,49.04509968873117
CLUSTER_163,BY,rape_str,435.3,49.04509968873117
CLUSTER_164,BY,cattle_man,5420.0,31.599312993976728
CLUSTER_164,BY,horse_man,1264.0,31.599312993976728
CLUSTER_164,BY,legume_str,154.5,31.599312993976728
CLUSTER_164,BY,maize_str,100.7,31.599312993976728
CLUSTER_164,BY,rape_str,740.0,31.599312993976728
CLUSTER_170,BY,horse_man,782.0,38.81782394783245
CLUSTER_170,BY,maize_str,38.8,38.81782394783245
CLUSTER_170,BY,rape_str,334.9,38.81782394783245
CLUSTER_173,BY,horse_man,973.0,36.41089201202406
CLUSTER_173,BY,legume_str,245.0,36.41089201202406
CLUSTER_173,BY,rape_str,696.9,36.41089201202406
CLUSTER_177,BY,cattle_man,5132.0,25.96846211684916
CLUSTER_177,BY,legume_str,144.7,25.96846211684916
CLUSTER_177,BY,maize_str,263.9,25.96846211684916
CLUSTER_177,BY,rape_str,3337.0,25.96846211684916
CLUSTER_179,BY,cattle_man,11220.0,30.901689343894176
CLUSTER_179,BY,horse_man,1139.0,30.901689343894176
CLUSTER_179,BY,legume_str,197.6,30.901689343894176
CLUSTER_179,BY,rape_str,741.5,30.901689343894176
CLUSTER_181,BY,legume_str,393.5,40.17499703313218
CLUSTER_181,BY,maize_str,737.8,40.17499703313218
CLUSTER_181,BY,rape_str,425.5,40.17499703313218
CLUSTER_194,BY,legume_str,213.55,38.639509696499616
CLUSTER_194,BY,maize_str,238.4,38.639509696499616
CLUSTER_194,BY,rape_str,1397.0,38.639509696499616
CLUSTER_200,BY,legume_str,199.5,40.02563253639384
CLUSTER_200,BY,maize_str,105.4,40.02563253639384
CLUSTER_200,BY,rape_str,2260.0,40.02563253639384
CLUSTER_213,BY,horse_man,642.2,42.56731231471058
CLUSTER_213,BY,legume_str,10.36,42.56731231471058
CLUSTER_213,BY,rape_str,43.9,42.56731231471058
CLUSTER_222,BY,legume_str,145.8,59.81213853747823
CLUSTER_236,BY,beet_leaf,1965.0000000000002,12.50992804006649
CLUSTER_236,BY,cattle_man,1177.4,12.50992804006649
CLUSTER_236,BY,horse_man,1045.5,12.50992804006649
CLUSTER_236,BY,legume_str,601.1,12.50992804006649
CLUSTER_236,BY,maize_str,46.4,12.50992804006649
CLUSTER_236,BY,rape_str,1247.0,12.50992804006649
CLUSTER_238,BY,legume_str,234.7,55.78225286600359
CLUSTER_238,BY,rape_str,2251.0,55.78225286600359
CLUSTER_24,BY,legume_str,769.8,22.99804347564149
CLUSTER_24,BY,maize_str,610.37,22.99804347564149
CLUSTER_24,BY,rape_str,4848.0,22.99804347564149
CLUSTER_246,BY,legume_str,345.0,35.1425087300399
CLUSTER_246,BY,maize_str,156.3,35.1425087300399
CLUSTER_246,BY,rape_str,1181.0,35.1425087300399
CLUSTER_247,BY,cattle_man,2871.0,21.007837568059813
CLUSTER_247,BY,legume_str,474.1,21.007837568059813
CLUSTER_247,BY,maize_str,161.1,21.007837568059813
CLUSTER_247,BY,rape_str,3410.0,21.007837568059813
CLUSTER_251,BY,legume_str,633.1999999999999,37.98754597140165
CLUSTER_251,BY,maize_str,70.9,37.98754597140165
CLUSTER_251,BY,rape_str,2183.0,37.98754597140165
CLUSTER_260,BY,legume_str,66.4,59.678082171063735
CLUSTER_271,BY,legume_str,258.8,50.26571652529282
CLUSTER_271,BY,maize_str,266.3,50.26571652529282
CLUSTER_271,BY,rape_str,2906.0,50.26571652529282
CLUSTER_275,BY,cattle_man,3212.5,20.642172214236904
CLUSTER_275,BY,horse_man,564.0,20.642172214236904
CLUSTER_275,BY,legume_str,322.6,20.642172214236904
CLUSTER_275,BY,maize_str,130.5,20.642172214236904
CLUSTER_275,BY,rape_str,2420.0,20.642172214236904
CLUSTER_277,BY,cattle_man,6870.0,24.52221779811465
CLUSTER_277,BY,legume_str,748.8,24.52221779811465
CLUSTER_277,BY,maize_str,52.900000000000006,24.52221779811465
CLUSTER_277,BY,rape_str,2519.0,24.52221779811465
CLUSTER_283,BY,legume_str,287.6,20.47115173399992
CLUSTER_283,BY,maize_str,483.1,20.47115173399992
CLUSTER_283,BY,rape_str,1599.65,20.47115173399992
CLUSTER_289,BY,legume_str,485.4,45.21855649285663
CLUSTER_289,BY,maize_str,455.8,45.21855649285663
CLUSTER_289,BY,rape_str,1516.0,45.21855649285663
CLUSTER_293,BY,legume_str,195.85,53.91234816634331
CLUSTER_293,BY,maize_str,181.2,53.91234816634331
CLUSTER_293,BY,rape_str,1991.0000000000002,53.91234816634331
CLUSTER_298,BY,legume_str,191.9,36.44899428802421
CLUSTER_298,BY,maize_str,131.71,36.44899428802421
CLUSTER_298,BY,rape_str,1018.0,36.44899428802421
CLUSTER_317,BY,legume_str,236.2,42.24108207325815
CLUSTER_317,BY,maize_str,120.7,42.24108207325815
CLUSTER_317,BY,rape_str,692.0,42.24108207325815
CLUSTER_320,BY,beet_leaf,2141.0,12.960497009081791
CLUSTER_320,BY,cattle_man,1036.0,12.960497009081791
CLUSTER_320,BY,legume_str,113.12,12.960497009081791
CLUSTER_320,BY,maize_str,24.130000000000003,12.960497009081791
CLUSTER_320,BY,rape_str,1162.3,12.960497009081791
CLUSTER_326,BY,legume_str,268.6,57.350908762243385
CLUSTER_328,BY,legume_str,524.0,33.22298401543295
CLUSTER_328,BY,maize_str,276.0,33.22298401543295
CLUSTER_328,BY,rape_str,1819.0,33.22298401543295
CLUSTER_332,BY,legume_str,553.2,29.14093131509348
CLUSTER_332,BY,maize_str,50.4,29.14093131509348
CLUSTER_332,BY,rape_str,1546.9,29.14093131509348
CLUSTER_336,BY,legume_str,270.07,34.429941363940046
CLUSTER_336,BY,maize_str,516.74,34.429941363940046
CLUSTER_336,BY,rape_str,912.3,34.429941363940046
CLUSTER_348,BY,legume_str,156.9,40.59343716672567
CLUSTER_348,BY,maize_str,65.0,40.59343716672567
CLUSTER_348,BY,rape_str,718.0,40.59343716672567
CLUSTER_361,BY,legume_str,175.4,45.86097780943499
CLUSTER_361,BY,maize_str,579.6,45.86097780943499
CLUSTER_361,BY,rape_str,169.4,45.86097780943499
CLUSTER_38,BY,legume_str,159.5,28.060327618948666
CLUSTER_38,BY,maize_str,30.0,28.060327618948666
CLUSTER_38,BY,rape_str,891.0,28.060327618948666
CLUSTER_389,BY,beet_leaf,8760.0,17.15050010631005
CLUSTER_389,BY,legume_str,294.0,17.15050010631005
CLUSTER_389,BY,maize_str,132.9,17.15050010631005
CLUSTER_389,BY,rape_str,826.81,17.15050010631005
CLUSTER_4,BY,legume_str,531.23,29.026731401185085
CLUSTER_4,BY,maize_str,287.90000000000003,29.026731401185085
CLUSTER_4,BY,rape_str,2234.4,29.026731401185085
CLUSTER_405,BY,legume_str,321.95,47.41659787389944
CLUSTER_405,BY,maize_str,43.2,47.41659787389944
CLUSTER_410,BY,cattle_man,8090.0,20.4011234858694
CLUSTER_410,BY,horse_man,808.4,20.4011234858694
CLUSTER_410,BY,legume_str,361.8,20.4011234858694
CLUSTER_410,BY,maize_str,31.67,20.4011234858694
CLUSTER_410,BY,rape_str,2374.0,20.4011234858694
CLUSTER_417,BY,legume_str,179.52,20.32023425270968
CLUSTER_417,BY,maize_str,88.36,20.32023425270968
CLUSTER_417,BY,rape_str,677.4,20.32023425270968
CLUSTER_418,BY,legume_str,130.8,48.35405364953337
CLUSTER_418,BY,maize_str,247.58,48.35405364953337
CLUSTER_418,BY,rape_str,1244.0,48.35405364953337
CLUSTER_424,BY,legume_str,524.5,33.23497844707341
CLUSTER_424,BY,maize_str,42.1,33.23497844707341
CLUSTER_424,BY,rape_str,2239.8,33.23497844707341
CLUSTER_430,BY,horse_man,480.0,36.88078560371144
CLUSTER_430,BY,legume_str,108.18,36.88078560371144
CLUSTER_430,BY,maize_str,59.93000000000001,36.88078560371144
CLUSTER_430,BY,rape_str,1226.0,36.88078560371144
CLUSTER_445,BY,legume_str,171.5,59.157923400751656
CLUSTER_449,BY,legume_str,67.55,43.78999078830474
CLUSTER_449,BY,maize_str,119.0,43.78999078830474
CLUSTER_449,BY,rape_str,2855.0,43.78999078830474
CLUSTER_455,BY,legume_str,362.4,46.874667431244205
CLUSTER_455,BY,maize_str,263.67,46.874667431244205
CLUSTER_455,BY,rape_str,1213.0,46.874667431244205
CLUSTER_46,BY,legume_str,245.43999999999997,49.10556143785336
CLUSTER_46,BY,maize_str,216.072,49.10556143785336
CLUSTER_46,BY,rape_str,1841.4,49.10556143785336
CLUSTER_468,BY,legume_str,142.73,59.23743227777869
CLUSTER_47,BY,horse_man,414.0,49.61942678453442
CLUSTER_47,BY,rape_str,155.0,49.61942678453442
CLUSTER_483,BY,legume_str,415.5,50.20182148668351
CLUSTER_483,BY,maize_str,387.2,50.20182148668351
CLUSTER_483,BY,rape_str,440.9,50.20182148668351
CLUSTER_487,BY,beet_leaf,25760.0,1.8556962955810008
CLUSTER_487,BY,cattle_man,16400.0,1.8556962955810008
CLUSTER_487,BY,cattle_slu,2333.0,1.8556962955810008
CLUSTER_487,BY,clover_alfalfa_grass,3453.0,1.8556962955810008
CLUSTER_487,BY,horse_man,431.5,1.8556962955810008
CLUSTER_487,BY,legume_str,702.12,1.8556962955810008
CLUSTER_487,BY,maize_str,637.4,1.8556962955810008
CLUSTER_487,BY,rape_str,1529.0,1.8556962955810008
CLUSTER_49,BY,beet_leaf,9947.0,14.351279896864929
CLUSTER_49,BY,cattle_man,15490.0,14.351279896864929
CLUSTER_49,BY,horse_man,1710.1,14.351279896864929
CLUSTER_49,BY,legume_str,470.832,14.351279896864929
CLUSTER_49,BY,maize_str,516.3,14.351279896864929
CLUSTER_49,BY,rape_str,2778.0,14.351279896864929
CLUSTER_491,BY,cattle_man,6717.0,30.85192762287213
CLUSTER_491,BY,legume_str,275.7,30.85192762287213
CLUSTER_491,BY,maize_str,50.9,30.85192762287213
CLUSTER_491,BY,rape_str,1665.0,30.85192762287213
CLUSTER_494,BY,legume_str,89.8,52.28275114590655
CLUSTER_494,BY,maize_str,343.7,52.28275114590655
CLUSTER_494,BY,rape_str,500.2,52.28275114590655
CLUSTER_497,BY,legume_str,206.1,32.41260482849918
CLUSTER_497,BY,maize_str,25.5,32.41260482849918
CLUSTER_497,BY,rape_str,1290.0,32.41260482849918
CLUSTER_506,BY,legume_str,340.0,33.63331769805546
CLUSTER_506,BY,maize_str,146.4,33.63331769805546
CLUSTER_506,BY,rape_str,1143.0,33.63331769805546
CLUSTER_517,BY,legume_str,119.6,43.60811867867762
CLUSTER_517,BY,maize_str,38.76,43.60811867867762
CLUSTER_517,BY,rape_str,729.3,43.60811867867762
CLUSTER_519,BY,horse_man,814.0,48.66287179647369
CLUSTER_519,BY,legume_str,11.1,48.66287179647369
CLUSTER_525,BY,legume_str,32.37,48.16021059647229
CLUSTER_525,BY,maize_str,16.1,48.16021059647229
CLUSTER_525,BY,rape_str,758.0,48.16021059647229
CLUSTER_530,BY,legume_str,212.8,60.559120863962605
CLUSTER_538,BY,cattle_man,3387.0,24.19061943850169
CLUSTER_538,BY,horse_man,768.4,24.19061943850169
CLUSTER_538,BY,legume_str,213.05,24.19061943850169
CLUSTER_538,BY,maize_str,24.6,24.19061943850169
CLUSTER_538,BY,rape_str,957.0,24.19061943850169
CLUSTER_546,BY,legume_str,32.5,60.0490783494316
CLUSTER_60,BY,legume_str,82.92799998225651,60.53360979053583
CLUSTER_75,BY,legume_str,172.5,34.089345425770134
CLUSTER_75,BY,maize_str,550.06,34.089345425770134
CLUSTER_75,BY,rape_str,1046.1,34.089345425770134
CLUSTER_80,BY,legume_str,346.7,35.38667377997799
CLUSTER_80,BY,maize_str,115.0,35.38667377997799
CLUSTER_80,BY,rape_str,3516.0,35.38667377997799
CLUSTER_87,BY,legume_str,729.0,41.67378868656932
CLUSTER_87,BY,maize_str,676.6,41.67378868656932
CLUSTER_87,BY,rape_str,922.9,41.67378868656932
CLUSTER_95,BY,legume_str,380.1,47.18160342086496
CLUSTER_95,BY,maize_str,231.9,47.18160342086496
CLUSTER_95,BY,rape_str,4774.0,47.18160342086496
CLUSTER_97,BY,beet_leaf,10300.0,10.99232729545228
CLUSTER_97,BY,cattle_man,4494.0,10.99232729545228
CLUSTER_97,BY,clover_alfalfa_grass,9005.072889607487,10.99232729545228
CLUSTER_97,BY,horse_man,1266.8,10.99232729545228
CLUSTER_97,BY,legume_str,684.7,10.99232729545228
CLUSTER_97,BY,maize_str,150.8,10.99232729545228
CLUSTER_97,BY,rape_str,3629.0,10.99232729545228
CLUSTER_174,CF,cattle_slu,65287.190079890286,13.390125746783186
CLUSTER_191,CF,cattle_man,11290.0,20.175140628908103
CLUSTER_191,CF,horse_man,1592.0,20.175140628908103
CLUSTER_224,CF,cattle_man,12420.0,26.66611284646879
CLUSTER_224,CF,horse_man,1438.0,26.66611284646879
CLUSTER_252,CF,cattle_man,23950.0,2.6838002182903216
CLUSTER_252,CF,cattle_slu,150300.0,2.6838002182903216
CLUSTER_252,CF,horse_man,2046.0,2.6838002182903216
CLUSTER_329,CF,cattle_man,13430.0,31.47522400931783
CLUSTER_422,CF,cattle_man,4670.0,10.749322399800793
CLUSTER_422,CF,cattle_slu,27900.0,10.749322399800793
CLUSTER_422,CF,horse_man,1414.0,10.749322399800793
CLUSTER_492,CF,cattle_man,6610.0,35.15508098041859
CLUSTER_492,CF,horse_man,472.0,35.15508098041859
CLUSTER_521,CF,cattle_man,12160.0,10.75742726667166
CLUSTER_521,CF,cattle_slu,66000.0,10.75742726667166
CLUSTER_521,CF,horse_man,1448.0,10.75742726667166
CLUSTER_527,CF,cattle_man,7620.0,41.17582821577426
CLUSTER_65,CF,cattle_man,29310.0,18.91427216347233
CLUSTER_65,CF,horse_man,2654.0,18.91427216347233
CLUSTER_65,CF,pig_man,165.989,18.91427216347233
CLUSTER_94,CF,cattle_man,10320.0,32.05418450804307
CLUSTER_94,CF,horse_man,907.3,32.05418450804307
CLUSTER_124,CH,cattle_man,20030.0,6.526962240048573
CLUSTER_124,CH,cattle_slu,117600.0,6.526962240048573
CLUSTER_124,CH,horse_man,2749.0,6.526962240048573
CLUSTER_124,CH,pig_man,225.04,6.526962240048573
CLUSTER_159,CH,cattle_man,8440.0,21.71959446745945
CLUSTER_159,CH,horse_man,1143.32995134436,21.71959446745945
CLUSTER_196,CH,cattle_man,17380.0,12.04166986469918
CLUSTER_196,CH,cattle_slu,74661.70386284233,12.04166986469918
CLUSTER_196,CH,horse_man,1807.0,12.04166986469918
CLUSTER_214,CH,cattle_man,24580.0,5.332464666246583
CLUSTER_214,CH,cattle_slu,147600.0,5.332464666246583
CLUSTER_214,CH,horse_man,1119.6,5.332464666246583
CLUSTER_214,CH,pig_man,13.92,5.332464666246583
CLUSTER_291,CH,cattle_man,2457.376,30.701677781234974
CLUSTER_442,CH,cattle_man,14580.0,10.732244113299132
CLUSTER_442,CH,cattle_slu,90800.0,10.732244113299132
CLUSTER_540,CH,cattle_man,2510.0,16.87455816451076
CLUSTER_0,CL,cattle_man,28890.0,23.066537222424085
CLUSTER_0,CL,horse_man,2610.0,23.066537222424085
CLUSTER_0,CL,legume_str,690.7,23.066537222424085
CLUSTER_0,CL,pig_man,1695.2,23.066537222424085
CLUSTER_0,CL,rape_str,1701.9,23.066537222424085
CLUSTER_116,CL,pig_man,144.5,68.42966093084027
CLUSTER_126,CL,cattle_man,6163.0,45.96412035182775
CLUSTER_126,CL,horse_man,1435.2,45.96412035182775
CLUSTER_126,CL,pig_man,2894.0,45.96412035182775
CLUSTER_131,CL,cattle_man,9440.0,36.5293064618792
CLUSTER_131,CL,horse_man,1232.0,36.5293064618792
CLUSTER_131,CL,pig_man,1497.8,36.5293064618792
CLUSTER_135,CL,pig_man,159.36800068839062,46.50298823487648
CLUSTER_142,CL,cattle_slu,156000.0,13.041718364620916
CLUSTER_162,CL,pig_man,126.94,93.20232519009558
CLUSTER_165,CL,cattle_man,8970.0,27.20403222939488
CLUSTER_165,CL,horse_man,1926.7,27.20403222939488
CLUSTER_165,CL,legume_str,854.0,27.20403222939488
CLUSTER_165,CL,pig_man,1019.9,27.20403222939488
CLUSTER_180,CL,pig_man,2323.9182427702162,57.21279701333255
CLUSTER_203,CL,legume_str,259.1,25.89500906972997
CLUSTER_203,CL,pig_man,696.08362,25.89500906972997
CLUSTER_203,CL,rape_str,472.3,25.89500906972997
CLUSTER_205,CL,cattle_man,16567.0,13.418354775952922
CLUSTER_205,CL,cattle_slu,67010.0,13.418354775952922
CLUSTER_205,CL,horse_man,3447.0,13.418354775952922
CLUSTER_205,CL,legume_str,366.9,13.418354775952922
CLUSTER_205,CL,pig_man,123.23616,13.418354775952922
CLUSTER_205,CL,rape_str,424.8,13.418354775952922
CLUSTER_22,CL,beet_leaf,232.81,2.4106403193225567
CLUSTER_22,CL,cattle_man,44030.0,2.4106403193225567
CLUSTER_22,CL,cattle_slu,203300.0,2.4106403193225567
CLUSTER_22,CL,horse_man,2301.0,2.4106403193225567
CLUSTER_22,CL,legume_str,405.9,2.4106403193225567
CLUSTER_22,CL,pig_man,696.0,2.4106403193225567
CLUSTER_22,CL,pig_slu,11616.0,2.4106403193225567
CLUSTER_22,CL,rape_str,418.6,2.4106403193225567
CLUSTER_257,CL,cattle_man,512.5,56.9867503338836
CLUSTER_257,CL,horse_man,1598.0,56.9867503338836
CLUSTER_257,CL,pig_man,1704.41,56.9867503338836
CLUSTER_279,CL,cattle_man,21730.0,20.55856362285249
CLUSTER_279,CL,horse_man,1665.3,20.55856362285249
CLUSTER_288,CL,cattle_man,23510.0,25.134387938177305
CLUSTER_288,CL,horse_man,1884.0,25.134387938177305
CLUSTER_288,CL,legume_str,851.0,25.134387938177305
CLUSTER_288,CL,pig_man,786.0,25.134387938177305
CLUSTER_288,CL,rape_str,1600.0,25.134387938177305
CLUSTER_306,CL,pig_man,479.4,50.79280389840921
CLUSTER_323,CL,cattle_man,1757.1168207716548,14.64579062400713
CLUSTER_323,CL,cattle_slu,79000.0,14.64579062400713
CLUSTER_340,CL,pig_man,150.7,82.36916734561613
CLUSTER_371,CL,cattle_man,13910.0,30.89297142202881
CLUSTER_371,CL,horse_man,1280.1,30.89297142202881
CLUSTER_371,CL,pig_man,228.32,30.89297142202881
CLUSTER_373,CL,horse_man,1563.2744985712652,91.2051463577266
CLUSTER_378,CL,cattle_man,31200.0,12.880543555447854
CLUSTER_378,CL,cattle_slu,125900.00000000001,12.880543555447854
CLUSTER_378,CL,horse_man,1373.0,12.880543555447854
CLUSTER_378,CL,legume_str,300.1,12.880543555447854
CLUSTER_378,CL,pig_man,297.007,12.880543555447854
CLUSTER_378,CL,rape_str,180.6,12.880543555447854
CLUSTER_403,CL,cattle_man,9000.0,19.863991937918293
CLUSTER_403,CL,cattle_slu,39500.0,19.863991937918293
CLUSTER_403,CL,horse_man,1197.0,19.863991937918293
CLUSTER_403,CL,legume_str,587.0,19.863991937918293
CLUSTER_403,CL,pig_man,782.0,19.863991937918293
CLUSTER_403,CL,rape_str,1011.0,19.863991937918293
CLUSTER_423,CL,cattle_man,22380.0,21.1339032352996
CLUSTER_423,CL,horse_man,1678.0106,21.1339032352996
CLUSTER_423,CL,legume_str,670.7,21.1339032352996
CLUSTER_423,CL,pig_man,669.519,21.1339032352996
CLUSTER_423,CL,rape_str,1295.9,21.1339032352996
CLUSTER_441,CL,cattle_man,3147.0,49.21984289488917
CLUSTER_441,CL,horse_man,821.0,49.21984289488917
CLUSTER_441,CL,pig_man,1272.0,49.21984289488917
CLUSTER_48,CL,horse_man,1045.96,71.2610900806415
CLUSTER_48,CL,pig_man,1701.4,71.2610900806415
CLUSTER_504,CL,horse_man,1033.0,66.87942344300072
CLUSTER_504,CL,pig_man,442.0,66.87942344300072
CLUSTER_52,CL,horse_man,1083.1,79.47639805746161
CLUSTER_52,CL,pig_man,917.46,79.47639805746161
CLUSTER_544,CL,pig_man,15.550000000000002,33.65103663095021
CLUSTER_545,CL,horse_man,1719.0,59.443478739581465
CLUSTER_545,CL,pig_man,227.1,59.443478739581465
CLUSTER_58,CL,horse_man,3739.6,35.30714929465007
CLUSTER_58,CL,pig_man,585.7193,35.30714929465007
CLUSTER_64,CL,cattle_man,35510.0,17.19583507168288
CLUSTER_64,CL,horse_man,1753.8,17.19583507168288
CLUSTER_64,CL,legume_str,944.8,17.19583507168288
CLUSTER_64,CL,pig_man,1190.4,17.19583507168288
CLUSTER_64,CL,rape_str,1531.1,17.19583507168288
CLUSTER_69,CL,cattle_man,40940.0,9.879029337031714
CLUSTER_69,CL,cattle_slu,159380.0,9.879029337031714
CLUSTER_69,CL,horse_man,2441.2,9.879029337031714
CLUSTER_69,CL,legume_str,517.8,9.879029337031714
CLUSTER_69,CL,pig_man,1247.43,9.879029337031714
CLUSTER_69,CL,rape_str,964.5,9.879029337031714
CLUSTER_71,CL,horse_man,2948.9,41.36119140806012
CLUSTER_71,CL,pig_man,226.348,41.36119140806012
CLUSTER_124,CN,legume_str,92.4,25.24031081927659
CLUSTER_124,CN,maize_str,473.2,25.24031081927659
CLUSTER_159,CN,legume_str,421.3,20.623333946605214
CLUSTER_159,CN,maize_str,9172.0,20.623333946605214
CLUSTER_159,CN,rape_str,771.0,20.623333946605214
CLUSTER_202,CN,beet_leaf,748.0,14.783568584573084
CLUSTER_202,CN,legume_str,151.06,14.783568584573084
CLUSTER_202,CN,maize_str,1620.21,14.783568584573084
CLUSTER_202,CN,rape_str,65.6,14.783568584573084
CLUSTER_208,CN,legume_str,344.5,47.75114352018286
CLUSTER_214,CN,legume_str,85.15,36.184264376258525
CLUSTER_225,CN,beet_leaf,5020.0,14.97826492593528
CLUSTER_225,CN,legume_str,589.4,14.97826492593528
CLUSTER_225,CN,maize_str,8410.0,14.97826492593528
CLUSTER_225,CN,rape_str,1132.3,14.97826492593528
CLUSTER_233,CN,legume_str,413.0,21.149313617270323
CLUSTER_233,CN,maize_str,2980.0,21.149313617270323
CLUSTER_233,CN,rape_str,718.0,21.149313617270323
CLUSTER_250,CN,maize_str,14.7,23.508103003841526
CLUSTER_258,CN,legume_str,10.47,23.57987296856614
CLUSTER_258,CN,maize_str,13.7,23.57987296856614
CLUSTER_270,CN,legume_str,180.75,27.534464939720227
CLUSTER_270,CN,maize_str,1419.08,27.534464939720227
CLUSTER_270,CN,rape_str,169.7,27.534464939720227
CLUSTER_273,CN,legume_str,126.2,40.15266224900017
CLUSTER_273,CN,rape_str,116.6,40.15266224900017
CLUSTER_274,CN,legume_str,393.2,33.89676397724899
CLUSTER_274,CN,rape_str,401.4,33.89676397724899
CLUSTER_282,CN,beet_leaf,497.00000000000006,4.053889400317319
CLUSTER_282,CN,cattle_slu,48900.0,4.053889400317319
CLUSTER_282,CN,legume_str,149.16,4.053889400317319
CLUSTER_282,CN,maize_str,1199.9,4.053889400317319
CLUSTER_282,CN,rape_str,168.6,4.053889400317319
CLUSTER_291,CN,legume_str,875.6,29.812726128140724
CLUSTER_291,CN,maize_str,29880.0,29.812726128140724
CLUSTER_291,CN,rape_str,424.0,29.812726128140724
CLUSTER_292,CN,legume_str,588.0,23.373637615488384
CLUSTER_292,CN,maize_str,10970.0,23.373637615488384
CLUSTER_292,CN,rape_str,1890.0,23.373637615488384
CLUSTER_296,CN,legume_str,10.71,14.481440363110549
CLUSTER_296,CN,maize_str,81.94,14.481440363110549
CLUSTER_355,CN,legume_str,1096.0,37.66507329245045
CLUSTER_355,CN,rape_str,1192.0,37.66507329245045
CLUSTER_402,CN,legume_str,299.0,38.659239651769454
CLUSTER_402,CN,rape_str,21.1,38.659239651769454
CLUSTER_436,CN,legume_str,253.39999999999998,36.35669830500285
CLUSTER_436,CN,rape_str,941.0,36.35669830500285
CLUSTER_442,CN,legume_str,12.73,34.862477230766096
CLUSTER_456,CN,beet_leaf,15160.0,19.788274398057997
CLUSTER_456,CN,legume_str,113.6,19.788274398057997
CLUSTER_456,CN,maize_str,2995.0,19.788274398057997
CLUSTER_456,CN,rape_str,206.8,19.788274398057997
CLUSTER_457,CN,legume_str,108.18,15.697996108517511
CLUSTER_457,CN,maize_str,314.0,15.697996108517511
CLUSTER_457,CN,rape_str,30.800000000000004,15.697996108517511
CLUSTER_488,CN,legume_str,451.0,30.412839682090333
CLUSTER_488,CN,maize_str,145.20888091784767,30.412839682090333
CLUSTER_488,CN,rape_str,315.0,30.412839682090333
CLUSTER_513,CN,beet_leaf,37270.0,11.8562770211468
CLUSTER_513,CN,legume_str,913.0,11.8562770211468
CLUSTER_513,CN,maize_str,11970.0,11.8562770211468
CLUSTER_513,CN,rape_str,985.0,11.8562770211468
CLUSTER_514,CN,cattle_slu,60210.0,7.793780347597582
CLUSTER_514,CN,legume_str,49.46,7.793780347597582
CLUSTER_514,CN,maize_str,350.0,7.793780347597582
CLUSTER_516,CN,legume_str,330.5,44.83685013506206
CLUSTER_516,CN,rape_str,861.0,44.83685013506206
CLUSTER_537,CN,legume_str,243.7,32.61090873012476
CLUSTER_537,CN,rape_str,567.4,32.61090873012476
CLUSTER_549,CN,legume_str,16.9,11.798570359369576
CLUSTER_549,CN,maize_str,115.4,11.798570359369576
CLUSTER_549,CN,rape_str,76.9,11.798570359369576
CLUSTER_61,CN,legume_str,504.6,32.506925158960705
CLUSTER_61,CN,rape_str,985.9999999999999,32.506925158960705
CLUSTER_68,CN,legume_str,893.9,22.228489801345894
CLUSTER_68,CN,maize_str,8434.0,22.228489801345894
CLUSTER_68,CN,rape_str,708.4,22.228489801345894
CLUSTER_70,CN,legume_str,758.6,31.924878939397104
CLUSTER_70,CN,rape_str,1041.14,31.924878939397104
CLUSTER_79,CN,beet_leaf,2597.0,9.307116216492272
CLUSTER_79,CN,cattle_slu,825.9852443531689,9.307116216492272
CLUSTER_79,CN,legume_str,931.4,9.307116216492272
CLUSTER_79,CN,maize_str,6400.0,9.307116216492272
CLUSTER_79,CN,rape_str,1076.6,9.307116216492272
CLUSTER_102,CO,cattle_man,1724.0,8.649351773548988
CLUSTER_102,CO,cattle_slu,10771.0,8.649351773548988
CLUSTER_102,CO,horse_man,961.0,8.649351773548988
CLUSTER_112,CO,cattle_man,13057.0,17.798322174782786
CLUSTER_112,CO,cattle_slu,14014.927846055634,17.798322174782786
CLUSTER_112,CO,horse_man,1571.0,17.798322174782786
CLUSTER_112,CO,pig_man,508.8,17.798322174782786
CLUSTER_113,CO,cattle_man,1617.0,44.47079964039415
CLUSTER_113,CO,horse_man,513.4,44.47079964039415
CLUSTER_114,CO,cattle_man,3025.0,47.59829456463494
CLUSTER_114,CO,horse_man,632.9000016949541,47.59829456463494
CLUSTER_115,CO,cattle_man,12403.0,28.72965818339736
CLUSTER_115,CO,horse_man,190.35,28.72965818339736
CLUSTER_115,CO,pig_man,276.8087,28.72965818339736
CLUSTER_120,CO,cattle_man,10758.0,45.41310496452331
CLUSTER_120,CO,horse_man,643.23,45.41310496452331
CLUSTER_120,CO,pig_man,313.972,45.41310496452331
CLUSTER_133,CO,horse_man,538.3,58.06520526344951
CLUSTER_147,CO,cattle_man,5220.0,43.34805298343427
CLUSTER_147,CO,horse_man,869.8,43.34805298343427
CLUSTER_147,CO,pig_man,23.898,43.34805298343427
CLUSTER_168,CO,cattle_man,4187.0,48.17410915054365
CLUSTER_168,CO,horse_man,2384.0,48.17410915054365
CLUSTER_168,CO,pig_man,426.892,48.17410915054365
CLUSTER_18,CO,cattle_man,14355.0,17.32469571897199
CLUSTER_18,CO,cattle_slu,63390.0,17.32469571897199
CLUSTER_18,CO,horse_man,809.7,17.32469571897199
CLUSTER_18,CO,pig_man,338.1159,17.32469571897199
CLUSTER_185,CO,cattle_man,4461.0,47.16879845547976
CLUSTER_185,CO,horse_man,786.4,47.16879845547976
CLUSTER_185,CO,pig_man,183.43,47.16879845547976
CLUSTER_19,CO,cattle_man,13523.0,31.09802377298641
CLUSTER_19,CO,horse_man,1890.0,31.09802377298641
CLUSTER_19,CO,pig_man,322.3,31.09802377298641
CLUSTER_197,CO,cattle_man,6600.0,21.44251626304201
CLUSTER_197,CO,horse_man,194.9,21.44251626304201
CLUSTER_199,CO,cattle_man,3629.0,44.31460755717592
CLUSTER_199,CO,horse_man,704.0,44.31460755717592
CLUSTER_21,CO,cattle_man,11680.0,8.393168946441225
CLUSTER_21,CO,cattle_slu,60910.0,8.393168946441225
CLUSTER_21,CO,horse_man,1242.7,8.393168946441225
CLUSTER_211,CO,cattle_man,4080.0000000000005,23.20621209368763
CLUSTER_211,CO,horse_man,442.0,23.20621209368763
CLUSTER_211,CO,pig_man,51.2,23.20621209368763
CLUSTER_216,CO,cattle_man,6405.0,16.489132516325753
CLUSTER_216,CO,cattle_slu,18914.0,16.489132516325753
CLUSTER_216,CO,horse_man,1391.183,16.489132516325753
CLUSTER_220,CO,cattle_man,1849.0,39.84506459162196
CLUSTER_220,CO,horse_man,806.0,39.84506459162196
CLUSTER_221,CO,cattle_man,8125.0,35.61802900112929
CLUSTER_221,CO,horse_man,1171.9,35.61802900112929
CLUSTER_221,CO,pig_man,218.174,35.61802900112929
CLUSTER_227,CO,cattle_man,7020.0,36.37176776639281
CLUSTER_227,CO,horse_man,79.9699983050458,36.37176776639281
CLUSTER_227,CO,pig_man,882.0,36.37176776639281
CLUSTER_234,CO,cattle_man,25287.23325563529,41.40489281707415
CLUSTER_245,CO,cattle_man,13085.0,37.47679336398176
CLUSTER_245,CO,horse_man,793.9,37.47679336398176
CLUSTER_245,CO,pig_man,381.8,37.47679336398176
CLUSTER_249,CO,cattle_man,9836.0,29.822918577532885
CLUSTER_25,CO,cattle_man,2469.58,42.78100742942634
CLUSTER_25,CO,horse_man,395.1,42.78100742942634
CLUSTER_255,CO,horse_man,1720.499990269774,57.86670972884031
CLUSTER_261,CO,cattle_man,10670.0,14.956842664417952
CLUSTER_261,CO,cattle_slu,38770.0,14.956842664417952
CLUSTER_261,CO,horse_man,1088.2,14.956842664417952
CLUSTER_261,CO,pig_man,42.392,14.956842664417952
CLUSTER_269,CO,cattle_man,10313.0,21.64411416034645
CLUSTER_269,CO,horse_man,2387.8,21.64411416034645
CLUSTER_269,CO,pig_man,389.745,21.64411416034645
CLUSTER_286,CO,cattle_man,4579.0,39.78601059338137
CLUSTER_286,CO,horse_man,502.1,39.78601059338137
CLUSTER_286,CO,pig_man,407.6,39.78601059338137
CLUSTER_299,CO,cattle_man,4359.0,5.111231954197842
CLUSTER_299,CO,cattle_slu,20499.0,5.111231954197842
CLUSTER_299,CO,horse_man,817.8,5.111231954197842
CLUSTER_299,CO,pig_man,111.861,5.111231954197842
CLUSTER_307,CO,cattle_man,3600.0,28.51119816633627
CLUSTER_307,CO,horse_man,1101.0,28.51119816633627
CLUSTER_309,CO,cattle_man,7630.0,19.199873400536383
CLUSTER_309,CO,horse_man,240.3,19.199873400536383
CLUSTER_309,CO,pig_man,216.09,19.199873400536383
CLUSTER_327,CO,horse_man,336.49999813932425,67.0104021334316
CLUSTER_331,CO,cattle_man,5700.0,37.412679108948566
CLUSTER_331,CO,horse_man,3020.0,37.412679108948566
CLUSTER_331,CO,pig_man,621.0,37.412679108948566
CLUSTER_335,CO,cattle_man,4820.0,27.58266022664973
CLUSTER_335,CO,horse_man,3071.0,27.58266022664973
CLUSTER_335,CO,pig_man,497.042,27.58266022664973
CLUSTER_357,CO,cattle_man,11532.0,21.567124200967022
CLUSTER_357,CO,horse_man,1403.7,21.567124200967022
CLUSTER_357,CO,pig_man,843.3,21.567124200967022
CLUSTER_358,CO,cattle_man,8329.0,22.010936300953578
CLUSTER_358,CO,horse_man,586.9,22.010936300953578
CLUSTER_358,CO,pig_man,505.06,22.010936300953578
CLUSTER_359,CO,horse_man,362.1,57.19483731319783
CLUSTER_359,CO,pig_man,13.947,57.19483731319783
CLUSTER_36,CO,horse_man,1610.7,66.28260604958942
CLUSTER_380,CO,cattle_man,6580.0,36.377268281948126
CLUSTER_380,CO,horse_man,1242.0,36.377268281948126
CLUSTER_380,CO,pig_man,506.99999999999994,36.377268281948126
CLUSTER_384,CO,cattle_man,3170.0,43.52115994676579
CLUSTER_384,CO,horse_man,619.0,43.52115994676579
CLUSTER_401,CO,horse_man,929.5,55.15641356596455
CLUSTER_401,CO,pig_man,189.6729,55.15641356596455
CLUSTER_413,CO,cattle_man,8790.0,32.92441664724892
CLUSTER_414,CO,cattle_man,13020.0,21.178217182053302
CLUSTER_414,CO,horse_man,1048.1,21.178217182053302
CLUSTER_414,CO,pig_man,218.538,21.178217182053302
CLUSTER_419,CO,cattle_man,2304.0,27.65380838073365
CLUSTER_419,CO,horse_man,791.0,27.65380838073365
CLUSTER_419,CO,pig_man,62.91951999999999,27.65380838073365
CLUSTER_437,CO,cattle_man,8510.0,11.58112041614844
CLUSTER_437,CO,cattle_slu,64299.99999999999,11.58112041614844
CLUSTER_437,CO,horse_man,938.0,11.58112041614844
CLUSTER_437,CO,pig_man,50.0,11.58112041614844
CLUSTER_438,CO,cattle_man,3331.0,27.719358906848225
CLUSTER_438,CO,horse_man,832.8,27.719358906848225
CLUSTER_461,CO,cattle_man,3302.0,35.59593629569612
CLUSTER_461,CO,horse_man,1385.0,35.59593629569612
CLUSTER_461,CO,pig_man,138.37,35.59593629569612
CLUSTER_471,CO,cattle_man,292.0,11.566546466376714
CLUSTER_471,CO,cattle_slu,1307.0,11.566546466376714
CLUSTER_471,CO,horse_man,250.50000000000003,11.566546466376714
CLUSTER_475,CO,cattle_man,3878.0,25.996605168878112
CLUSTER_475,CO,horse_man,665.9,25.996605168878112
CLUSTER_475,CO,pig_man,250.66,25.996605168878112
CLUSTER_518,CO,cattle_man,9270.0,30.984956441410574
CLUSTER_518,CO,horse_man,1313.0,30.984956441410574
CLUSTER_518,CO,pig_man,245.9,30.984956441410574
CLUSTER_522,CO,cattle_man,6580.0,28.6594151566494
CLUSTER_522,CO,horse_man,288.1,28.6594151566494
CLUSTER_522,CO,pig_man,183.7,28.6594151566494
CLUSTER_529,CO,cattle_man,7480.0,39.45627507464711
CLUSTER_539,CO,cattle_man,2743.0,47.00741149738689
CLUSTER_539,CO,horse_man,433.0,47.00741149738689
CLUSTER_98,CO,cattle_man,5002.1,32.18209272546059
CLUSTER_98,CO,horse_man,673.1,32.18209272546059
CLUSTER_98,CO,pig_man,181.343,32.18209272546059
