SupplyNode,PlantLocation,Feedstock,FlowTons,Distance_km
CLUSTER_10,D,pig_man,15.9693,55.22744066488213
CLUSTER_110,D,cattle_man,22036.0,10.198454952490575
CLUSTER_110,D,cattle_slu,24343.0,10.198454952490575
CLUSTER_110,D,horse_man,797.0,10.198454952490575
CLUSTER_110,D,pig_slu,26.2009,10.198454952490575
CLUSTER_119,D,cattle_man,14930.0,12.240363998968062
CLUSTER_119,D,cattle_slu,17250.0,12.240363998968062
CLUSTER_119,D,horse_man,1764.0,12.240363998968062
CLUSTER_119,D,pig_man,210.9,12.240363998968062
CLUSTER_119,D,pig_slu,3702.0,12.240363998968062
CLUSTER_134,D,pig_man,1021.56,39.12914396359509
CLUSTER_139,D,pig_man,42.67,41.866591247742384
CLUSTER_154,D,pig_man,309.885,38.31459884927198
CLUSTER_156,D,pig_man,137.8229,50.90478851428098
CLUSTER_158,D,horse_man,253.79999999999998,42.08727001313587
CLUSTER_163,D,cattle_man,10520.0,23.13424256836321
CLUSTER_163,D,cattle_slu,11000.0,23.13424256836321
CLUSTER_163,D,horse_man,1805.0,23.13424256836321
CLUSTER_164,D,cattle_man,5420.0,22.25291891276481
CLUSTER_164,D,cattle_slu,4795.1,22.25291891276481
CLUSTER_164,D,horse_man,1264.0,22.25291891276481
CLUSTER_164,D,pig_man,46.635000000000005,22.25291891276481
CLUSTER_170,D,cattle_man,2987.28,35.36935082396646
CLUSTER_170,D,horse_man,782.0,35.36935082396646
CLUSTER_173,D,cattle_man,7846.000000000001,9.343945670946573
CLUSTER_173,D,cattle_slu,8502.0,9.343945670946573
CLUSTER_173,D,horse_man,973.0,9.343945670946573
CLUSTER_173,D,pig_man,64.52416,9.343945670946573
CLUSTER_173,D,pig_slu,1495.07,9.343945670946573
CLUSTER_177,D,cattle_man,5132.0,21.068938784946045
CLUSTER_177,D,cattle_slu,4510.4,21.068938784946045
CLUSTER_177,D,pig_man,779.21,21.068938784946045
CLUSTER_179,D,cattle_man,11220.0,2.5754620157960675
CLUSTER_179,D,cattle_slu,12390.0,2.5754620157960675
CLUSTER_179,D,horse_man,1139.0,2.5754620157960675
CLUSTER_179,D,pig_man,63.56600000000001,2.5754620157960675
CLUSTER_179,D,pig_slu,1466.78,2.5754620157960675
CLUSTER_200,D,pig_man,508.565,32.89976569759674
CLUSTER_213,D,cattle_man,3968.0,24.801434295263437
CLUSTER_213,D,cattle_slu,5510.0,24.801434295263437
CLUSTER_213,D,horse_man,642.2,24.801434295263437
CLUSTER_236,D,cattle_man,1177.4,17.07780548078928
CLUSTER_236,D,cattle_slu,756.6,17.07780548078928
CLUSTER_236,D,horse_man,1045.5,17.07780548078928
CLUSTER_236,D,pig_man,144.7,17.07780548078928
CLUSTER_236,D,pig_slu,2079.3950849949847,17.07780548078928
CLUSTER_238,D,cattle_man,7142.999999980421,33.91973142945113
CLUSTER_238,D,pig_man,123.38,33.91973142945113
CLUSTER_24,D,pig_man,438.94,43.57762524650855
CLUSTER_247,D,cattle_man,2871.0,30.67098789673432
CLUSTER_247,D,pig_man,228.0,30.67098789673432
CLUSTER_251,D,pig_man,335.71000000000004,55.55836859038905
CLUSTER_260,D,horse_man,1035.0,47.28425556234581
CLUSTER_260,D,pig_man,45.446,47.28425556234581
CLUSTER_271,D,cattle_man,3622.2,34.32193929161083
CLUSTER_271,D,pig_man,831.7,34.32193929161083
CLUSTER_275,D,cattle_man,3212.5,23.115264447638133
CLUSTER_275,D,cattle_slu,989.6,23.115264447638133
CLUSTER_275,D,horse_man,564.0,23.115264447638133
CLUSTER_277,D,cattle_man,6870.0,32.916884050971404
CLUSTER_277,D,horse_man,872.3,32.916884050971404
CLUSTER_277,D,pig_man,203.959,32.916884050971404
CLUSTER_310,D,pig_man,67.1,75.25458147612058
CLUSTER_320,D,pig_man,16.0,31.905101068577075
CLUSTER_325,D,pig_man,710.15139,71.26161685238003
CLUSTER_332,D,pig_man,132.8458,49.37661771938928
CLUSTER_334,D,pig_man,214.22,63.790340555763976
CLUSTER_388,D,horse_man,410.3,48.38290901994227
CLUSTER_410,D,cattle_man,8090.0,12.865400631284665
CLUSTER_410,D,cattle_slu,6470.0,12.865400631284665
CLUSTER_410,D,horse_man,808.4,12.865400631284665
CLUSTER_410,D,pig_man,261.9019,12.865400631284665
CLUSTER_410,D,pig_slu,4418.0,12.865400631284665
CLUSTER_417,D,pig_man,197.25,46.9003751418557
CLUSTER_424,D,pig_man,185.966,45.968922712928354
CLUSTER_426,D,horse_man,3962.2,54.41086622748543
CLUSTER_426,D,pig_man,46.733,54.41086622748543
CLUSTER_430,D,cattle_man,1180.0,18.25136947874733
CLUSTER_430,D,cattle_slu,644.35,18.25136947874733
CLUSTER_430,D,horse_man,480.0,18.25136947874733
CLUSTER_430,D,pig_man,159.375,18.25136947874733
CLUSTER_449,D,cattle_man,7060.2,25.27778846380765
CLUSTER_449,D,cattle_slu,3955.0999999999995,25.27778846380765
CLUSTER_449,D,pig_man,577.091,25.27778846380765
CLUSTER_47,D,horse_man,414.0,42.02889386688823
CLUSTER_487,D,pig_man,299.25,29.40065651964807
CLUSTER_49,D,cattle_man,15490.0,20.29398856275986
CLUSTER_49,D,cattle_slu,4801.4,20.29398856275986
CLUSTER_49,D,horse_man,1710.1,20.29398856275986
CLUSTER_49,D,pig_man,231.961,20.29398856275986
CLUSTER_491,D,pig_man,236.64,31.511466021297647
CLUSTER_497,D,cattle_man,3616.7585902466485,38.7308178177339
CLUSTER_497,D,horse_man,138.1,38.7308178177339
CLUSTER_497,D,pig_man,347.9,38.7308178177339
CLUSTER_519,D,cattle_man,4091.0,19.079024428248687
CLUSTER_519,D,cattle_slu,3254.0,19.079024428248687
CLUSTER_519,D,horse_man,814.0,19.079024428248687
CLUSTER_530,D,pig_man,84.5,71.22563043227785
CLUSTER_538,D,cattle_man,3387.0,9.054286804598112
CLUSTER_538,D,cattle_slu,3543.0,9.054286804598112
CLUSTER_538,D,horse_man,768.4,9.054286804598112
CLUSTER_538,D,pig_man,151.197,9.054286804598112
CLUSTER_538,D,pig_slu,2128.6,9.054286804598112
CLUSTER_546,D,cattle_man,5370.0,35.1926279620909
CLUSTER_546,D,horse_man,444.0,35.1926279620909
CLUSTER_56,D,pig_man,427.76,67.05532360760704
CLUSTER_60,D,horse_man,2507.8,54.78553990236587
CLUSTER_60,D,pig_man,45.1582,54.78553990236587
CLUSTER_80,D,cattle_man,2733.899999980421,23.81273532969968
CLUSTER_80,D,cattle_slu,4518.7,23.81273532969968
CLUSTER_80,D,pig_man,275.303,23.81273532969968
CLUSTER_95,D,pig_man,778.92,41.12688216214332
CLUSTER_97,D,cattle_man,4494.0,29.545257782709765
CLUSTER_97,D,pig_man,302.6467,29.545257782709765
CLUSTER_104,G,cattle_man,26110.0,4.335013909509102
CLUSTER_104,G,cattle_slu,114400.0,4.335013909509102
CLUSTER_104,G,horse_man,871.7,4.335013909509102
CLUSTER_104,G,legume_str,171.70000000000002,4.335013909509102
CLUSTER_104,G,pig_man,527.2180000000001,4.335013909509102
CLUSTER_104,G,rape_str,732.1,4.335013909509102
CLUSTER_126,G,pig_man,1289.5676673542346,53.351852007706725
CLUSTER_131,G,pig_man,1497.8,43.64273519971242
CLUSTER_155,G,cattle_man,533.52,51.1989350967338
CLUSTER_155,G,horse_man,1141.3,51.1989350967338
CLUSTER_155,G,pig_man,1243.7,51.1989350967338
CLUSTER_180,G,horse_man,1481.0,59.46335772794492
CLUSTER_180,G,pig_man,6160.0,59.46335772794492
CLUSTER_184,G,cattle_man,2092.0,57.02985545618979
CLUSTER_184,G,horse_man,556.0,57.02985545618979
CLUSTER_184,G,pig_man,1364.0,57.02985545618979
CLUSTER_2,G,cattle_man,3616.0,29.49078817030166
CLUSTER_2,G,horse_man,975.2,29.49078817030166
CLUSTER_2,G,pig_man,1666.5,29.49078817030166
CLUSTER_20,G,cattle_man,27140.0,31.222220681779383
CLUSTER_20,G,horse_man,3289.0,31.222220681779383
CLUSTER_20,G,pig_man,3376.0,31.222220681779383
CLUSTER_208,G,cattle_man,5066.0,24.5760550112586
CLUSTER_208,G,horse_man,1364.6,24.5760550112586
CLUSTER_208,G,legume_str,344.5,24.5760550112586
CLUSTER_208,G,pig_man,22.65,24.5760550112586
CLUSTER_225,G,cattle_man,6770.0,39.3092443513804
CLUSTER_225,G,horse_man,1039.7,39.3092443513804
CLUSTER_225,G,pig_man,1314.9,39.3092443513804
CLUSTER_233,G,cattle_man,5430.0,33.02013558938293
CLUSTER_233,G,horse_man,1224.0,33.02013558938293
CLUSTER_233,G,pig_man,435.2,33.02013558938293
CLUSTER_267,G,horse_man,951.0,68.17726623251785
CLUSTER_267,G,pig_man,778.8,68.17726623251785
CLUSTER_270,G,horse_man,2875.0,62.91441043800163
CLUSTER_270,G,pig_man,61.2952,62.91441043800163
CLUSTER_273,G,cattle_man,6690.0,34.560859043322395
CLUSTER_273,G,horse_man,1064.0,34.560859043322395
CLUSTER_273,G,pig_man,524.6,34.560859043322395
CLUSTER_274,G,horse_man,783.4,56.57499495512964
CLUSTER_274,G,pig_man,587.9,56.57499495512964
CLUSTER_291,G,horse_man,1658.0,50.06844272817317
CLUSTER_291,G,pig_man,7740.0,50.06844272817317
CLUSTER_292,G,cattle_man,8900.0,38.62260284378235
CLUSTER_292,G,horse_man,3197.0,38.62260284378235
CLUSTER_292,G,pig_man,2862.0,38.62260284378235
CLUSTER_302,G,cattle_man,16129.999999999998,8.15365821004785
CLUSTER_302,G,cattle_slu,68920.0,8.15365821004785
CLUSTER_302,G,horse_man,1597.0,8.15365821004785
CLUSTER_302,G,legume_str,313.8,8.15365821004785
CLUSTER_302,G,pig_man,141.874306,8.15365821004785
CLUSTER_302,G,rape_str,140.1,8.15365821004785
CLUSTER_330,G,cattle_man,21960.0,17.20818200687084
CLUSTER_330,G,cattle_slu,99050.0,17.20818200687084
CLUSTER_330,G,horse_man,1269.6,17.20818200687084
CLUSTER_330,G,pig_man,378.71,17.20818200687084
CLUSTER_354,G,cattle_man,4844.0,35.810471669245075
CLUSTER_354,G,horse_man,793.6,35.810471669245075
CLUSTER_354,G,pig_man,883.52,35.810471669245075
CLUSTER_355,G,cattle_man,3895.0,38.17858803928191
CLUSTER_355,G,horse_man,1202.0,38.17858803928191
CLUSTER_355,G,pig_man,1341.0,38.17858803928191
CLUSTER_37,G,cattle_man,31919.999999999996,20.92135640383428
CLUSTER_37,G,horse_man,943.0,20.92135640383428
CLUSTER_37,G,pig_man,3353.8,20.92135640383428
CLUSTER_398,G,cattle_man,5117.0,11.36337262834188
CLUSTER_398,G,cattle_slu,15360.000000009057,11.36337262834188
CLUSTER_398,G,horse_man,1395.0,11.36337262834188
CLUSTER_398,G,legume_str,250.69999999999996,11.36337262834188
CLUSTER_398,G,pig_man,169.0001898,11.36337262834188
CLUSTER_398,G,rape_str,535.6,11.36337262834188
CLUSTER_400,G,cattle_man,3903.8,44.51028100517448
CLUSTER_400,G,horse_man,1513.0,44.51028100517448
CLUSTER_400,G,pig_man,2588.0,44.51028100517448
CLUSTER_402,G,cattle_man,1505.0,46.11029378708261
CLUSTER_402,G,horse_man,859.0,46.11029378708261
CLUSTER_402,G,pig_man,1540.0,46.11029378708261
CLUSTER_403,G,pig_man,782.0,27.948379987672467
CLUSTER_436,G,cattle_man,14080.0,25.458541038266745
CLUSTER_436,G,horse_man,830.0,25.458541038266745
CLUSTER_436,G,pig_man,326.0,25.458541038266745
CLUSTER_450,G,cattle_man,18270.0,8.927443590453136
CLUSTER_450,G,cattle_slu,92800.00000000001,8.927443590453136
CLUSTER_450,G,horse_man,963.9,8.927443590453136
CLUSTER_450,G,legume_str,406.3,8.927443590453136
CLUSTER_450,G,pig_man,315.5,8.927443590453136
CLUSTER_450,G,rape_str,562.7,8.927443590453136
CLUSTER_456,G,horse_man,275.0,52.56094469081037
CLUSTER_456,G,pig_man,30.472,52.56094469081037
CLUSTER_473,G,cattle_man,11380.0,15.675141084531605
CLUSTER_473,G,cattle_slu,39530.0,15.675141084531605
CLUSTER_473,G,horse_man,745.0,15.675141084531605
CLUSTER_473,G,pig_man,510.99999999999994,15.675141084531605
CLUSTER_48,G,pig_man,1701.4,75.32547691753109
CLUSTER_488,G,horse_man,236.9,46.2549869852375
CLUSTER_488,G,pig_man,1185.8,46.2549869852375
CLUSTER_493,G,cattle_man,9040.0,17.28245161573613
CLUSTER_493,G,cattle_slu,39030.0,17.28245161573613
CLUSTER_493,G,horse_man,951.2,17.28245161573613
CLUSTER_493,G,legume_str,157.4,17.28245161573613
CLUSTER_493,G,pig_man,193.15,17.28245161573613
CLUSTER_493,G,rape_str,189.92000000001806,17.28245161573613
CLUSTER_501,G,cattle_man,230.0,58.8885320971126
CLUSTER_501,G,horse_man,474.5,58.8885320971126
CLUSTER_501,G,pig_man,1378.0,58.8885320971126
CLUSTER_513,G,cattle_man,2780.0,45.866382144337095
CLUSTER_513,G,horse_man,1042.0,45.866382144337095
CLUSTER_513,G,pig_man,657.0,45.866382144337095
CLUSTER_516,G,cattle_man,8820.0,17.405366482197543
CLUSTER_516,G,cattle_slu,45370.0,17.405366482197543
CLUSTER_516,G,horse_man,1178.0,17.405366482197543
CLUSTER_516,G,legume_str,330.5,17.405366482197543
CLUSTER_516,G,pig_man,123.100375,17.405366482197543
CLUSTER_516,G,rape_str,861.0,17.405366482197543
CLUSTER_537,G,cattle_man,2682.0,37.69877261119738
CLUSTER_537,G,horse_man,1468.0,37.69877261119738
CLUSTER_537,G,pig_man,2429.0,37.69877261119738
CLUSTER_541,G,cattle_man,4103.0,19.12663059284368
CLUSTER_541,G,cattle_slu,16039.999999999998,19.12663059284368
CLUSTER_541,G,horse_man,835.5,19.12663059284368
CLUSTER_541,G,legume_str,57.8,19.12663059284368
CLUSTER_541,G,rape_str,221.9,19.12663059284368
CLUSTER_61,G,cattle_man,33290.0,21.56818314351925
CLUSTER_61,G,horse_man,2388.0,21.56818314351925
CLUSTER_61,G,pig_man,392.8,21.56818314351925
CLUSTER_64,G,cattle_man,35510.0,19.42400189310273
CLUSTER_64,G,horse_man,1753.8,19.42400189310273
CLUSTER_64,G,pig_man,1190.4,19.42400189310273
CLUSTER_68,G,cattle_man,2715.3,41.48224079682326
CLUSTER_68,G,horse_man,1155.3,41.48224079682326
CLUSTER_68,G,pig_man,1241.4,41.48224079682326
CLUSTER_70,G,cattle_man,18095.0,25.25733448461128
CLUSTER_70,G,horse_man,1087.859,25.25733448461128
CLUSTER_70,G,pig_man,751.0,25.25733448461128
CLUSTER_73,G,cattle_man,5812.0,47.61599384404502
CLUSTER_73,G,horse_man,1613.1,47.61599384404502
CLUSTER_73,G,pig_man,3455.0,47.61599384404502
CLUSTER_92,G,cattle_man,17416.0,9.6770616519941
CLUSTER_92,G,cattle_slu,68399.99999999999,9.6770616519941
CLUSTER_92,G,horse_man,2276.0,9.6770616519941
CLUSTER_92,G,legume_str,339.0,9.6770616519941
CLUSTER_92,G,pig_man,122.73699999999998,9.6770616519941
CLUSTER_92,G,rape_str,752.9,9.6770616519941
CLUSTER_106,H,cattle_man,12224.0,7.70887560432966
CLUSTER_106,H,cattle_slu,67740.0,7.70887560432966
CLUSTER_106,H,horse_man,1081.1,7.70887560432966
CLUSTER_106,H,legume_str,84.6,7.70887560432966
CLUSTER_106,H,pig_man,245.613,7.70887560432966
CLUSTER_106,H,rape_str,253.62000000000003,7.70887560432966
CLUSTER_111,H,cattle_man,13173.0,32.789980887501684
CLUSTER_111,H,horse_man,2114.0,32.789980887501684
CLUSTER_111,H,pig_man,262.226,32.789980887501684
CLUSTER_117,H,pig_man,153.071,51.89323754630757
CLUSTER_118,H,cattle_man,21190.0,2.938057828133919
CLUSTER_118,H,cattle_slu,125400.00000000001,2.938057828133919
CLUSTER_118,H,horse_man,710.0,2.938057828133919
CLUSTER_118,H,legume_str,97.25,2.938057828133919
CLUSTER_118,H,pig_slu,32.46,2.938057828133919
CLUSTER_118,H,rape_str,80.0,2.938057828133919
CLUSTER_127,H,cattle_man,15806.0,25.60036090299293
CLUSTER_127,H,horse_man,2828.1,25.60036090299293
CLUSTER_137,H,cattle_man,27690.0,27.020927500880735
CLUSTER_137,H,horse_man,2768.0,27.020927500880735
CLUSTER_137,H,pig_man,11.12,27.020927500880735
CLUSTER_166,H,cattle_man,6826.0,26.35901133011497
CLUSTER_166,H,horse_man,763.7,26.35901133011497
CLUSTER_166,H,pig_man,110.044731,26.35901133011497
CLUSTER_187,H,cattle_man,4002.9999999999995,40.08387483500413
CLUSTER_187,H,horse_man,2955.0,40.08387483500413
CLUSTER_187,H,pig_man,939.3,40.08387483500413
CLUSTER_206,H,cattle_man,21950.0,16.713877733089017
CLUSTER_206,H,cattle_slu,123800.0,16.713877733089017
CLUSTER_206,H,horse_man,726.8,16.713877733089017
CLUSTER_206,H,legume_str,98.69,16.713877733089017
CLUSTER_206,H,pig_man,146.60494999999997,16.713877733089017
CLUSTER_206,H,rape_str,81.58,16.713877733089017
CLUSTER_210,H,cattle_man,12910.0,17.101151324235857
CLUSTER_210,H,cattle_slu,64400.0,17.101151324235857
CLUSTER_210,H,horse_man,779.0,17.101151324235857
CLUSTER_210,H,legume_str,108.0,17.101151324235857
CLUSTER_210,H,pig_man,122.09999999999998,17.101151324235857
CLUSTER_210,H,rape_str,548.7,17.101151324235857
CLUSTER_264,H,cattle_man,33570.0,10.777189057458342
CLUSTER_264,H,cattle_slu,230130.0,10.777189057458342
CLUSTER_264,H,horse_man,387.684,10.777189057458342
CLUSTER_264,H,legume_str,18.9,10.777189057458342
CLUSTER_264,H,pig_man,100.19925,10.777189057458342
CLUSTER_264,H,rape_str,125.89999999999999,10.777189057458342
CLUSTER_313,H,horse_man,2464.5806395143554,21.70544084725421
CLUSTER_313,H,pig_man,14.107,21.70544084725421
CLUSTER_337,H,cattle_man,13540.0,30.626532556699136
CLUSTER_337,H,horse_man,1000.0599999999998,30.626532556699136
CLUSTER_341,H,horse_man,2031.7999999999997,36.04802482154516
CLUSTER_341,H,pig_man,160.94299999999998,36.04802482154516
CLUSTER_366,H,cattle_man,8803.0,17.452733353611176
CLUSTER_366,H,cattle_slu,44280.0,17.452733353611176
CLUSTER_366,H,horse_man,199.48,17.452733353611176
CLUSTER_366,H,legume_str,55.69,17.452733353611176
CLUSTER_366,H,rape_str,69.9174467805193,17.452733353611176
CLUSTER_368,H,horse_man,1001.7000000000002,28.119908896216504
CLUSTER_368,H,pig_man,61.345000000000006,28.119908896216504
CLUSTER_375,H,cattle_man,14310.0,20.194583058885463
CLUSTER_375,H,horse_man,280.5,20.194583058885463
CLUSTER_379,H,cattle_man,18540.0,13.29614167030654
CLUSTER_379,H,cattle_slu,106980.0,13.29614167030654
CLUSTER_379,H,horse_man,612.5,13.29614167030654
CLUSTER_379,H,legume_str,33.1,13.29614167030654
CLUSTER_379,H,rape_str,35.6,13.29614167030654
CLUSTER_411,H,cattle_man,18310.0,16.79665435038964
CLUSTER_411,H,cattle_slu,112200.0,16.79665435038964
CLUSTER_411,H,horse_man,1163.4,16.79665435038964
CLUSTER_411,H,legume_str,302.2,16.79665435038964
CLUSTER_411,H,pig_man,527.79,16.79665435038964
CLUSTER_411,H,rape_str,409.6,16.79665435038964
CLUSTER_432,H,cattle_man,3340.0,40.81983325817013
CLUSTER_432,H,horse_man,1122.3,40.81983325817013
CLUSTER_432,H,pig_man,6.2529224046600005,40.81983325817013
CLUSTER_434,H,cattle_man,10390.0,12.754876483480768
CLUSTER_434,H,cattle_slu,77000.0,12.754876483480768
CLUSTER_434,H,horse_man,816.4,12.754876483480768
CLUSTER_44,H,horse_man,1288.0,27.816473979199262
CLUSTER_443,H,cattle_man,12880.0,20.226180837447984
CLUSTER_443,H,horse_man,1016.9999999999999,20.226180837447984
CLUSTER_446,H,cattle_man,11600.0,27.66699884181336
CLUSTER_446,H,horse_man,1600.0,27.66699884181336
CLUSTER_446,H,pig_man,216.2920123,27.66699884181336
CLUSTER_463,H,cattle_man,3189.0,24.49429866828536
CLUSTER_463,H,horse_man,384.3,24.49429866828536
CLUSTER_463,H,pig_man,180.00319,24.49429866828536
CLUSTER_479,H,horse_man,1092.0,42.36672965811943
CLUSTER_500,H,pig_man,32.309999999999995,37.200288584332455
CLUSTER_51,H,cattle_man,28020.0,20.48509720476592
CLUSTER_51,H,horse_man,2617.0,20.48509720476592
CLUSTER_543,H,cattle_man,10570.0,9.495853610745124
CLUSTER_543,H,cattle_slu,58800.0,9.495853610745124
CLUSTER_543,H,horse_man,158.9,9.495853610745124
CLUSTER_543,H,legume_str,17.48,9.495853610745124
CLUSTER_543,H,pig_man,36.089,9.495853610745124
CLUSTER_543,H,rape_str,46.2,9.495853610745124
CLUSTER_548,H,cattle_man,7311.0,14.91526564884019
CLUSTER_548,H,cattle_slu,38500.0,14.91526564884019
CLUSTER_548,H,horse_man,2324.0,14.91526564884019
CLUSTER_548,H,legume_str,30.47,14.91526564884019
CLUSTER_548,H,rape_str,123.00000000000001,14.91526564884019
CLUSTER_155,J,legume_str,662.1,21.36554630658049
CLUSTER_155,J,maize_str,5236.0,21.36554630658049
CLUSTER_155,J,rape_str,1777.0,21.36554630658049
CLUSTER_159,J,legume_str,421.3,42.50498154275267
CLUSTER_159,J,rape_str,771.0,42.50498154275267
CLUSTER_195,J,legume_str,17.12,39.40373581301327
CLUSTER_195,J,rape_str,51.9,39.40373581301327
CLUSTER_2,J,legume_str,639.4,25.90641214110296
CLUSTER_2,J,maize_str,6515.0,25.90641214110296
CLUSTER_2,J,rape_str,2407.0,25.90641214110296
CLUSTER_202,J,legume_str,151.06,18.074692538054784
CLUSTER_202,J,maize_str,1620.21,18.074692538054784
CLUSTER_202,J,rape_str,65.6,18.074692538054784
CLUSTER_223,J,legume_str,122.22,25.78669551984269
CLUSTER_223,J,maize_str,1682.3,25.78669551984269
CLUSTER_223,J,rape_str,240.1,25.78669551984269
CLUSTER_225,J,legume_str,589.4,24.372481751417443
CLUSTER_225,J,maize_str,8410.0,24.372481751417443
CLUSTER_225,J,rape_str,1132.3,24.372481751417443
CLUSTER_231,J,legume_str,26.42,45.44529919800281
CLUSTER_233,J,legume_str,413.0,18.82592407354788
CLUSTER_233,J,maize_str,2980.0,18.82592407354788
CLUSTER_233,J,rape_str,718.0,18.82592407354788
CLUSTER_241,J,legume_str,14.47,25.854244124184596
CLUSTER_241,J,maize_str,29.1,25.854244124184596
CLUSTER_241,J,rape_str,46.0,25.854244124184596
CLUSTER_258,J,legume_str,10.47,45.74707602051773
CLUSTER_270,J,cattle_man,9712.0,17.208085953091654
CLUSTER_270,J,legume_str,180.75,17.208085953091654
CLUSTER_270,J,maize_str,1419.08,17.208085953091654
CLUSTER_270,J,rape_str,169.7,17.208085953091654
CLUSTER_274,J,cattle_man,2163.0,13.38042070054068
CLUSTER_274,J,legume_str,393.2,13.38042070054068
CLUSTER_274,J,maize_str,4828.0,13.38042070054068
CLUSTER_274,J,rape_str,401.4,13.38042070054068
CLUSTER_282,J,legume_str,149.16,20.989212119135917
CLUSTER_282,J,maize_str,1199.9,20.989212119135917
CLUSTER_282,J,rape_str,168.6,20.989212119135917
CLUSTER_284,J,legume_str,192.3,25.194812983730824
CLUSTER_284,J,maize_str,3599.0,25.194812983730824
CLUSTER_284,J,rape_str,262.2,25.194812983730824
CLUSTER_292,J,legume_str,588.0,35.91156193704479
CLUSTER_292,J,rape_str,1890.0,35.91156193704479
CLUSTER_296,J,legume_str,10.71,34.959279096607
CLUSTER_355,J,legume_str,1096.0,14.932568035097946
CLUSTER_355,J,maize_str,6490.0,14.932568035097946
CLUSTER_355,J,rape_str,1192.0,14.932568035097946
CLUSTER_370,J,legume_str,38.17,39.01820387936032
CLUSTER_370,J,rape_str,42.4,39.01820387936032
CLUSTER_400,J,legume_str,558.0,29.382490193338384
CLUSTER_400,J,maize_str,7990.000000000001,29.382490193338384
CLUSTER_400,J,rape_str,1315.0,29.382490193338384
CLUSTER_436,J,legume_str,253.39999999999998,41.02354220933494
CLUSTER_436,J,rape_str,941.0,41.02354220933494
CLUSTER_456,J,beet_leaf,15160.0,8.245822711321079
CLUSTER_456,J,cattle_man,18.534,8.245822711321079
CLUSTER_456,J,legume_str,113.6,8.245822711321079
CLUSTER_456,J,maize_str,2995.0,8.245822711321079
CLUSTER_456,J,rape_str,206.8,8.245822711321079
CLUSTER_457,J,legume_str,108.18,40.021219446431225
CLUSTER_457,J,rape_str,30.800000000000004,40.021219446431225
CLUSTER_473,J,legume_str,346.1,30.155490209260236
CLUSTER_473,J,maize_str,2065.0,30.155490209260236
CLUSTER_473,J,rape_str,1204.0,30.155490209260236
CLUSTER_488,J,beet_leaf,39300.0,6.110967492381086
CLUSTER_488,J,cattle_man,62.5,6.110967492381086
CLUSTER_488,J,legume_str,451.0,6.110967492381086
CLUSTER_488,J,maize_str,3580.0,6.110967492381086
CLUSTER_488,J,rape_str,315.0,6.110967492381086
CLUSTER_513,J,beet_leaf,29189.98093725203,13.15877791726706
CLUSTER_513,J,legume_str,913.0,13.15877791726706
CLUSTER_513,J,maize_str,11970.0,13.15877791726706
CLUSTER_513,J,rape_str,985.0,13.15877791726706
CLUSTER_514,J,legume_str,49.46,30.622378630121077
CLUSTER_537,J,legume_str,243.7,44.55635682806435
CLUSTER_549,J,legume_str,16.9,25.05133247082176
CLUSTER_549,J,maize_str,115.4,25.05133247082176
CLUSTER_549,J,rape_str,76.9,25.05133247082176
CLUSTER_61,J,legume_str,504.6,30.850732248294204
CLUSTER_61,J,rape_str,985.9999999999999,30.850732248294204
CLUSTER_68,J,beet_leaf,45130.0,5.280485003134988
CLUSTER_68,J,legume_str,893.9,5.280485003134988
CLUSTER_68,J,maize_str,8434.0,5.280485003134988
CLUSTER_68,J,rape_str,708.4,5.280485003134988
CLUSTER_70,J,legume_str,758.6,20.61576956925805
CLUSTER_70,J,maize_str,4266.0,20.61576956925805
CLUSTER_70,J,rape_str,1041.14,20.61576956925805
CLUSTER_79,J,legume_str,931.4,30.29692135372858
CLUSTER_79,J,maize_str,550.6395916063806,30.29692135372858
CLUSTER_79,J,rape_str,1076.6,30.29692135372858
CLUSTER_91,J,legume_str,391.1,34.46154927836286
CLUSTER_91,J,rape_str,434.47,34.46154927836286
CLUSTER_114,K,cattle_man,3025.0,22.71861580905462
CLUSTER_114,K,horse_man,632.9,22.71861580905462
CLUSTER_133,K,cattle_man,1800.0,39.5825198178433
CLUSTER_133,K,horse_man,538.3,39.5825198178433
CLUSTER_153,K,cattle_man,5103.0620000000135,46.83595643078733
CLUSTER_153,K,horse_man,1262.4999999999955,46.83595643078733
CLUSTER_153,K,pig_man,71.88691,46.83595643078733
CLUSTER_168,K,cattle_man,4187.000000000001,25.80636275346801
CLUSTER_168,K,horse_man,2384.0,25.80636275346801
CLUSTER_168,K,pig_man,62.96082995412315,25.80636275346801
CLUSTER_177,K,horse_man,285.4,54.30044420766893
CLUSTER_194,K,cattle_man,4180.500000000001,34.73669683526971
CLUSTER_194,K,horse_man,974.4,34.73669683526971
CLUSTER_194,K,pig_man,308.943,34.73669683526971
CLUSTER_200,K,cattle_man,3150.0,44.34904155557535
CLUSTER_200,K,horse_man,797.9,44.34904155557535
CLUSTER_217,K,cattle_man,3099.0,21.96793297871632
CLUSTER_217,K,horse_man,1360.0,21.96793297871632
CLUSTER_217,K,pig_man,542.22,21.96793297871632
CLUSTER_222,K,cattle_man,794.6,28.72221527833308
CLUSTER_222,K,horse_man,643.3,28.72221527833308
CLUSTER_222,K,pig_man,43.141,28.72221527833308
CLUSTER_238,K,horse_man,820.7,64.39112936339622
CLUSTER_24,K,horse_man,1586.5,46.63338231328599
CLUSTER_247,K,horse_man,632.0,48.667217431846446
CLUSTER_255,K,cattle_man,5100.0,9.655761882121842
CLUSTER_255,K,cattle_slu,28842.0,9.655761882121842
CLUSTER_255,K,horse_man,1720.4999999999998,9.655761882121842
CLUSTER_255,K,pig_man,204.36,9.655761882121842
CLUSTER_271,K,horse_man,278.4,53.284891993861386
CLUSTER_293,K,cattle_man,4637.0,19.7658229287734
CLUSTER_293,K,horse_man,504.0,19.7658229287734
CLUSTER_293,K,pig_man,338.2269,19.7658229287734
CLUSTER_298,K,cattle_man,6560.0,45.48022753961072
CLUSTER_298,K,horse_man,591.0,45.48022753961072
CLUSTER_317,K,cattle_man,11860.000000000095,31.61123133350093
CLUSTER_317,K,horse_man,217.4,31.61123133350093
CLUSTER_317,K,pig_man,92.31,31.61123133350093
CLUSTER_320,K,horse_man,151.8,54.92214215731013
CLUSTER_326,K,cattle_man,7270.0,10.5863155084596
CLUSTER_326,K,cattle_slu,44110.0,10.5863155084596
CLUSTER_326,K,horse_man,1285.4,10.5863155084596
CLUSTER_326,K,pig_man,707.3,10.5863155084596
CLUSTER_327,K,cattle_man,2540.0,39.11972931490054
CLUSTER_327,K,horse_man,336.5,39.11972931490054
CLUSTER_328,K,cattle_man,9120.0,36.25327060706052
CLUSTER_328,K,horse_man,333.38,36.25327060706052
CLUSTER_328,K,pig_man,824.57,36.25327060706052
CLUSTER_347,K,cattle_man,674.0,32.92405868366536
CLUSTER_347,K,horse_man,826.5,32.92405868366536
CLUSTER_359,K,cattle_man,4204.999999999999,29.51293542917903
CLUSTER_359,K,horse_man,362.1,29.51293542917903
CLUSTER_359,K,pig_man,13.947,29.51293542917903
CLUSTER_36,K,cattle_man,5369.2,13.739838571496218
CLUSTER_36,K,cattle_slu,41469.99999999995,13.739838571496218
CLUSTER_36,K,horse_man,1610.7,13.739838571496218
CLUSTER_36,K,pig_man,1634.0,13.739838571496218
CLUSTER_367,K,cattle_man,1682.0,5.462914250177774
CLUSTER_367,K,cattle_slu,18050.0,5.462914250177774
CLUSTER_367,K,horse_man,1169.9,5.462914250177774
CLUSTER_367,K,pig_man,1184.2,5.462914250177774
CLUSTER_401,K,cattle_man,1666.8,17.088648036436094
CLUSTER_401,K,horse_man,929.5,17.088648036436094
CLUSTER_401,K,pig_man,189.6729,17.088648036436094
CLUSTER_418,K,cattle_man,5426.46,29.96308536304028
CLUSTER_418,K,horse_man,144.9,29.96308536304028
CLUSTER_418,K,pig_man,116.425,29.96308536304028
CLUSTER_449,K,horse_man,518.500398,58.71355014642293
CLUSTER_455,K,cattle_man,11640.0,20.963285084992684
CLUSTER_455,K,horse_man,810.1,20.963285084992684
CLUSTER_455,K,pig_man,488.40999999999997,20.963285084992684
CLUSTER_46,K,cattle_man,1696.9999999999998,37.84598608623132
CLUSTER_46,K,horse_man,2237.0,37.84598608623132
CLUSTER_46,K,pig_man,83.87871,37.84598608623132
CLUSTER_465,K,cattle_man,5980.0,10.912521148061524
CLUSTER_465,K,cattle_slu,28910.0,10.912521148061524
CLUSTER_465,K,horse_man,1448.0,10.912521148061524
CLUSTER_465,K,pig_man,518.0,10.912521148061524
CLUSTER_467,K,cattle_man,779.0000000000979,17.937886272178297
CLUSTER_467,K,horse_man,266.5,17.937886272178297
CLUSTER_467,K,pig_man,1040.9,17.937886272178297
CLUSTER_468,K,cattle_man,1492.000000000004,41.66765969284539
CLUSTER_468,K,horse_man,11.2,41.66765969284539
CLUSTER_491,K,cattle_man,6717.0,43.84037853408594
CLUSTER_491,K,horse_man,277.6,43.84037853408594
CLUSTER_506,K,cattle_man,1700.0,34.33659244209669
CLUSTER_506,K,horse_man,529.0,34.33659244209669
CLUSTER_506,K,pig_man,228.0325,34.33659244209669
CLUSTER_517,K,cattle_man,2042.0,27.4804378115156
CLUSTER_517,K,horse_man,372.7,27.4804378115156
CLUSTER_525,K,cattle_man,4927.7,22.20174511403953
CLUSTER_525,K,horse_man,29.06,22.20174511403953
CLUSTER_525,K,pig_man,24.965,22.20174511403953
CLUSTER_526,K,cattle_man,2490.0,21.67399431102323
CLUSTER_526,K,horse_man,485.0,21.67399431102323
CLUSTER_526,K,pig_man,141.0,21.67399431102323
CLUSTER_535,K,cattle_man,1577.9999999999015,7.859103950915065
CLUSTER_535,K,cattle_slu,12710.0,7.859103950915065
CLUSTER_535,K,horse_man,706.0,7.859103950915065
CLUSTER_535,K,pig_man,303.3,7.859103950915065
CLUSTER_539,K,cattle_man,2743.0,20.7334310953079
CLUSTER_539,K,horse_man,433.0,20.7334310953079
CLUSTER_80,K,horse_man,210.9,53.10780662818867
CLUSTER_95,K,cattle_man,4536.0,38.17532005502265
CLUSTER_95,K,horse_man,229.22,38.17532005502265
CLUSTER_116,N,legume_str,256.53,27.385892324876284
CLUSTER_116,N,maize_str,4270.0,27.385892324876284
CLUSTER_116,N,rape_str,1331.7,27.385892324876284
CLUSTER_125,N,cattle_man,17940.0,24.79891982586253
CLUSTER_125,N,legume_str,441.0,24.79891982586253
CLUSTER_125,N,maize_str,642.8,24.79891982586253
CLUSTER_125,N,rape_str,3920.0,24.79891982586253
CLUSTER_175,N,legume_str,508.2,23.80172562384064
CLUSTER_175,N,maize_str,1895.0,23.80172562384064
CLUSTER_175,N,rape_str,1513.0,23.80172562384064
CLUSTER_180,N,beet_leaf,6890.0,19.62705719955928
CLUSTER_180,N,cattle_man,2402.6,19.62705719955928
CLUSTER_180,N,legume_str,350.0,19.62705719955928
CLUSTER_180,N,maize_str,9410.0,19.62705719955928
CLUSTER_180,N,rape_str,2510.0,19.62705719955928
CLUSTER_184,N,legume_str,480.0,33.74868125488516
CLUSTER_184,N,maize_str,4690.0,33.74868125488516
CLUSTER_184,N,rape_str,1554.0,33.74868125488516
CLUSTER_186,N,beet_leaf,14510.0,9.46641704884746
CLUSTER_186,N,cattle_man,2851.0,9.46641704884746
CLUSTER_186,N,cattle_slu,11870.0,9.46641704884746
CLUSTER_186,N,horse_man,678.7492096669728,9.46641704884746
CLUSTER_186,N,legume_str,321.6,9.46641704884746
CLUSTER_186,N,maize_str,2451.0,9.46641704884746
CLUSTER_186,N,rape_str,2267.0,9.46641704884746
CLUSTER_212,N,beet_leaf,6443.56143531917,21.9644983238758
CLUSTER_212,N,cattle_man,5215.0,21.9644983238758
CLUSTER_212,N,legume_str,423.4,21.9644983238758
CLUSTER_212,N,maize_str,2516.0,21.9644983238758
CLUSTER_212,N,rape_str,2994.0,21.9644983238758
CLUSTER_240,N,legume_str,511.70000000000016,27.270358495861384
CLUSTER_240,N,maize_str,2018.1000000000001,27.270358495861384
CLUSTER_240,N,rape_str,698.0,27.270358495861384
CLUSTER_257,N,beet_leaf,421.68,19.846010860689937
CLUSTER_257,N,cattle_man,512.5,19.846010860689937
CLUSTER_257,N,legume_str,280.6,19.846010860689937
CLUSTER_257,N,maize_str,4463.0,19.846010860689937
CLUSTER_257,N,rape_str,1210.4,19.846010860689937
CLUSTER_267,N,beet_leaf,19900.0,14.955460733871613
CLUSTER_267,N,cattle_man,6170.0,14.955460733871613
CLUSTER_267,N,legume_str,523.5,14.955460733871613
CLUSTER_267,N,maize_str,4239.0,14.955460733871613
CLUSTER_267,N,rape_str,1938.0,14.955460733871613
CLUSTER_280,N,legume_str,227.3,50.47821011188674
CLUSTER_290,N,legume_str,233.8,24.695845989199483
CLUSTER_290,N,maize_str,388.7,24.695845989199483
CLUSTER_290,N,rape_str,1121.03,24.695845989199483
CLUSTER_295,N,legume_str,228.28,32.823592782817514
CLUSTER_295,N,maize_str,1481.0,32.823592782817514
CLUSTER_295,N,rape_str,310.5,32.823592782817514
CLUSTER_301,N,legume_str,364.26,39.87462072404933
CLUSTER_301,N,rape_str,382.1,39.87462072404933
CLUSTER_31,N,legume_str,400.9,41.66906144940389
CLUSTER_31,N,rape_str,3014.0,41.66906144940389
CLUSTER_321,N,beet_leaf,6030.0,21.333318141597186
CLUSTER_321,N,legume_str,474.1,21.333318141597186
CLUSTER_321,N,maize_str,1399.0,21.333318141597186
CLUSTER_321,N,rape_str,1433.0,21.333318141597186
CLUSTER_340,N,legume_str,294.533,28.421886805859337
CLUSTER_340,N,maize_str,1072.4,28.421886805859337
CLUSTER_340,N,rape_str,944.0,28.421886805859337
CLUSTER_35,N,legume_str,631.6,39.796320966763936
CLUSTER_35,N,rape_str,3218.0,39.796320966763936
CLUSTER_372,N,legume_str,304.78,52.72106851241599
CLUSTER_373,N,legume_str,370.5,29.944459281102752
CLUSTER_373,N,maize_str,870.8,29.944459281102752
CLUSTER_373,N,rape_str,814.9,29.944459281102752
CLUSTER_394,N,legume_str,403.6,47.8402811563424
CLUSTER_394,N,rape_str,3108.0,47.8402811563424
CLUSTER_397,N,legume_str,173.8,35.8127660610763
CLUSTER_397,N,rape_str,641.0,35.8127660610763
CLUSTER_399,N,beet_leaf,2780.0,12.572688159004011
CLUSTER_399,N,cattle_man,1238.6,12.572688159004011
CLUSTER_399,N,horse_man,218.1,12.572688159004011
CLUSTER_399,N,legume_str,297.37,12.572688159004011
CLUSTER_399,N,maize_str,1120.2,12.572688159004011
CLUSTER_399,N,rape_str,723.2,12.572688159004011
CLUSTER_408,N,legume_str,270.2,37.92862509221455
CLUSTER_408,N,rape_str,1388.0,37.92862509221455
CLUSTER_429,N,legume_str,61.70000000000001,50.53527467222998
CLUSTER_451,N,legume_str,293.0,38.75796817560623
CLUSTER_451,N,rape_str,3060.0,38.75796817560623
CLUSTER_453,N,legume_str,457.0,34.90074307418159
CLUSTER_453,N,maize_str,493.67802713065623,34.90074307418159
CLUSTER_453,N,rape_str,449.1,34.90074307418159
CLUSTER_477,N,legume_str,101.5,42.88959123563461
CLUSTER_477,N,rape_str,247.70000000000002,42.88959123563461
CLUSTER_48,N,beet_leaf,4005.1000000000004,4.257781795861841
CLUSTER_48,N,cattle_man,4164.0,4.257781795861841
CLUSTER_48,N,cattle_slu,22750.0,4.257781795861841
CLUSTER_48,N,clover_alfalfa_grass,3547.0,4.257781795861841
CLUSTER_48,N,horse_man,1045.96,4.257781795861841
CLUSTER_48,N,legume_str,448.03,4.257781795861841
CLUSTER_48,N,maize_str,4581.0,4.257781795861841
CLUSTER_48,N,rape_str,1712.0,4.257781795861841
CLUSTER_481,N,legume_str,620.0,34.38351385845686
CLUSTER_481,N,maize_str,1163.0,34.38351385845686
CLUSTER_481,N,rape_str,4790.0,34.38351385845686
CLUSTER_501,N,legume_str,355.2,22.91989145522425
CLUSTER_501,N,maize_str,3960.0,22.91989145522425
CLUSTER_501,N,rape_str,1822.0,22.91989145522425
CLUSTER_503,N,legume_str,401.2,28.08292093212736
CLUSTER_503,N,maize_str,953.0,28.08292093212736
CLUSTER_503,N,rape_str,1574.0,28.08292093212736
CLUSTER_504,N,cattle_man,41.0,12.623431987349418
CLUSTER_504,N,legume_str,94.63,12.623431987349418
CLUSTER_504,N,maize_str,1285.0,12.623431987349418
CLUSTER_504,N,rape_str,268.5,12.623431987349418
CLUSTER_52,N,beet_leaf,27950.0,15.358777015864336
CLUSTER_52,N,cattle_man,3984.5,15.358777015864336
CLUSTER_52,N,legume_str,277.4,15.358777015864336
CLUSTER_52,N,maize_str,4642.0,15.358777015864336
CLUSTER_52,N,rape_str,675.0,15.358777015864336
CLUSTER_545,N,legume_str,184.9,24.94019212192885
CLUSTER_545,N,maize_str,2700.0,24.94019212192885
CLUSTER_545,N,rape_str,992.0,24.94019212192885
CLUSTER_7,N,legume_str,232.0,48.81152834151949
CLUSTER_7,N,rape_str,2308.0,48.81152834151949
CLUSTER_72,N,legume_str,700.5,50.68130923532144
CLUSTER_77,N,legume_str,300.0,50.53561493041089
CLUSTER_89,N,legume_str,351.6,36.534698825110205
CLUSTER_89,N,rape_str,2965.0,36.534698825110205
CLUSTER_122,Q,cattle_man,17000.0,26.345897257130847
CLUSTER_122,Q,horse_man,5260.0,26.345897257130847
CLUSTER_151,Q,cattle_man,5361.0,34.55149464106291
CLUSTER_151,Q,horse_man,5352.0,34.55149464106291
CLUSTER_198,Q,cattle_man,19100.0,21.60416434387872
CLUSTER_198,Q,horse_man,2306.0,21.60416434387872
CLUSTER_215,Q,cattle_man,11500.0,19.343178460254475
CLUSTER_215,Q,horse_man,2969.0,19.343178460254475
CLUSTER_218,Q,cattle_man,42980.0,20.051093777360677
CLUSTER_218,Q,horse_man,4008.0000000000005,20.051093777360677
CLUSTER_26,Q,cattle_man,27389.999999999996,5.886847213270724
CLUSTER_26,Q,cattle_slu,127300.0,5.886847213270724
CLUSTER_26,Q,horse_man,4471.0,5.886847213270724
CLUSTER_29,Q,cattle_man,35210.0,9.852232696096095
CLUSTER_29,Q,cattle_slu,162469.99999999994,9.852232696096095
CLUSTER_29,Q,horse_man,2338.7,9.852232696096095
CLUSTER_363,Q,cattle_man,13430.0,19.739757987217736
CLUSTER_363,Q,horse_man,3180.0,19.739757987217736
CLUSTER_363,Q,pig_man,154.91,19.739757987217736
CLUSTER_474,Q,cattle_man,11990.000000000084,14.70372312731901
CLUSTER_474,Q,cattle_slu,55000.0,14.70372312731901
CLUSTER_54,Q,cattle_man,5070.0,31.620254141163034
CLUSTER_54,Q,horse_man,1695.0,31.620254141163034
CLUSTER_62,Q,cattle_man,29750.0,8.626511589183746
CLUSTER_62,Q,cattle_slu,156900.00000000003,8.626511589183746
CLUSTER_62,Q,horse_man,4905.0,8.626511589183746
CLUSTER_62,Q,pig_man,33.995,8.626511589183746
CLUSTER_67,Q,cattle_man,12270.0,16.631212732108843
CLUSTER_67,Q,cattle_slu,19992.008591246835,16.631212732108843
CLUSTER_67,Q,horse_man,2276.6,16.631212732108843
CLUSTER_8,Q,cattle_man,26900.0,31.49308048901876
CLUSTER_8,Q,horse_man,7120.0,31.49308048901876
CLUSTER_90,Q,cattle_man,9800.0,17.826580977236766
CLUSTER_90,Q,horse_man,1376.0,17.826580977236766
CLUSTER_10,U,horse_man,1392.2,73.583619543042
CLUSTER_139,U,horse_man,980.3,51.84413326213349
CLUSTER_148,U,cattle_man,4501.0,25.29623159509004
CLUSTER_148,U,horse_man,500.77,25.29623159509004
CLUSTER_148,U,pig_man,361.14175,25.29623159509004
CLUSTER_156,U,horse_man,1144.7,64.57960109424481
CLUSTER_16,U,horse_man,1532.4,36.01687489459407
CLUSTER_16,U,pig_man,563.7029,36.01687489459407
CLUSTER_160,U,cattle_man,1254.7866620844852,32.48491559871788
CLUSTER_161,U,cattle_man,6850.0,19.588765483241765
CLUSTER_161,U,horse_man,429.62,19.588765483241765
CLUSTER_161,U,pig_man,1184.0,19.588765483241765
CLUSTER_181,U,cattle_man,10934.199,15.297827206427971
CLUSTER_181,U,cattle_slu,14488.0,15.297827206427971
CLUSTER_181,U,horse_man,824.1,15.297827206427971
CLUSTER_181,U,pig_man,1482.4,15.297827206427971
CLUSTER_232,U,cattle_man,9900.0,28.955785584319777
CLUSTER_242,U,cattle_man,11300.0,24.433036970221675
CLUSTER_242,U,horse_man,850.0,24.433036970221675
CLUSTER_242,U,pig_man,257.9398,24.433036970221675
CLUSTER_246,U,cattle_man,2279.3,36.529809218738585
CLUSTER_246,U,horse_man,1160.4,36.529809218738585
CLUSTER_246,U,pig_man,400.322,36.529809218738585
CLUSTER_251,U,horse_man,239.3,50.81761640561512
CLUSTER_283,U,pig_man,1637.37,34.779724323021014
CLUSTER_289,U,cattle_man,2928.5128700000078,34.12790524060588
CLUSTER_289,U,horse_man,747.4,34.12790524060588
CLUSTER_289,U,pig_man,222.68,34.12790524060588
CLUSTER_30,U,cattle_man,5446.59,4.166789893895293
CLUSTER_30,U,cattle_slu,33570.00000000001,4.166789893895293
CLUSTER_30,U,horse_man,478.27,4.166789893895293
CLUSTER_30,U,pig_man,2280.0,4.166789893895293
CLUSTER_30,U,pig_slu,5333.165757454336,4.166789893895293
CLUSTER_310,U,horse_man,462.0,79.53094169900515
CLUSTER_314,U,cattle_man,812.91,18.53855229455156
CLUSTER_314,U,horse_man,639.0,18.53855229455156
CLUSTER_314,U,pig_man,452.226,18.53855229455156
CLUSTER_318,U,horse_man,569.4,82.87790766338455
CLUSTER_332,U,horse_man,404.6,47.00307190604767
CLUSTER_336,U,cattle_man,9570.0,24.32336066029103
CLUSTER_336,U,horse_man,579.9,24.32336066029103
CLUSTER_336,U,pig_man,552.236,24.32336066029103
CLUSTER_348,U,cattle_man,2194.0000000000005,22.477025515868885
CLUSTER_348,U,horse_man,429.0,22.477025515868885
CLUSTER_348,U,pig_man,264.2,22.477025515868885
CLUSTER_361,U,cattle_man,4111.289999999999,18.460783761596
CLUSTER_361,U,horse_man,200.3,18.460783761596
CLUSTER_361,U,pig_man,900.0,18.460783761596
CLUSTER_38,U,horse_man,253.79999999999998,41.726275101753984
CLUSTER_38,U,pig_man,315.61,41.726275101753984
CLUSTER_389,U,pig_man,58.461,39.47999131973321
CLUSTER_395,U,cattle_man,1724.5000000000045,33.309156546656354
CLUSTER_395,U,horse_man,552.0799999999999,33.309156546656354
CLUSTER_395,U,pig_man,29.4111,33.309156546656354
CLUSTER_4,U,horse_man,2532.2,32.31599423747824
CLUSTER_4,U,pig_man,730.49,32.31599423747824
CLUSTER_405,U,cattle_man,3574.0,11.653950875612628
CLUSTER_405,U,cattle_slu,18811.7,11.653950875612628
CLUSTER_405,U,horse_man,311.8,11.653950875612628
CLUSTER_405,U,pig_man,1316.0,11.653950875612628
CLUSTER_420,U,cattle_man,7064.0,17.771564057015205
CLUSTER_420,U,horse_man,315.77,17.771564057015205
CLUSTER_420,U,pig_man,412.5,17.771564057015205
CLUSTER_421,U,cattle_man,2121.000000000006,46.084924496713946
CLUSTER_424,U,horse_man,879.04,58.72839315632097
CLUSTER_445,U,cattle_man,831.9,9.95942471173414
CLUSTER_445,U,cattle_slu,5459.900000000001,9.95942471173414
CLUSTER_445,U,horse_man,58.691,9.95942471173414
CLUSTER_445,U,pig_man,3700.0,9.95942471173414
CLUSTER_460,U,cattle_man,3371.2,29.41036838418943
CLUSTER_460,U,horse_man,392.16,29.41036838418943
CLUSTER_460,U,pig_man,189.907,29.41036838418943
CLUSTER_462,U,cattle_man,3029.0,22.04787552496087
CLUSTER_462,U,horse_man,386.0,22.04787552496087
CLUSTER_462,U,pig_man,169.4,22.04787552496087
CLUSTER_483,U,cattle_man,2116.9,9.416960257671969
CLUSTER_483,U,cattle_slu,12039.0,9.416960257671969
CLUSTER_483,U,horse_man,289.75,9.416960257671969
CLUSTER_483,U,pig_man,2458.9,9.416960257671969
CLUSTER_486,U,cattle_man,1158.0,13.583619110496812
CLUSTER_486,U,cattle_slu,18700.0,13.583619110496812
CLUSTER_486,U,horse_man,429.2,13.583619110496812
CLUSTER_486,U,pig_man,772.0,13.583619110496812
CLUSTER_494,U,cattle_man,9580.0,23.56893955558613
CLUSTER_494,U,horse_man,104.9,23.56893955558613
CLUSTER_494,U,pig_man,566.9,23.56893955558613
CLUSTER_530,U,horse_man,443.6,70.2177584723893
CLUSTER_532,U,cattle_man,3510.0508,18.02245640275865
CLUSTER_532,U,horse_man,177.7,18.02245640275865
CLUSTER_532,U,pig_man,411.16,18.02245640275865
CLUSTER_56,U,horse_man,1846.8,83.13481585511356
CLUSTER_75,U,cattle_man,15511.3,21.749060665120425
CLUSTER_75,U,horse_man,1454.5,21.749060665120425
CLUSTER_75,U,pig_man,1113.72,21.749060665120425
CLUSTER_87,U,cattle_man,23670.0,28.689866279827687
CLUSTER_87,U,horse_man,362.10543,28.689866279827687
CLUSTER_87,U,pig_man,544.04,28.689866279827687
CLUSTER_1,V,legume_str,279.7,51.13082041986155
CLUSTER_101,V,legume_str,210.4,27.74562336477433
CLUSTER_101,V,maize_str,163.78503,27.74562336477433
CLUSTER_101,V,rape_str,1060.3,27.74562336477433
CLUSTER_103,V,legume_str,84.58999999999999,43.0641239378179
CLUSTER_103,V,rape_str,208.4,43.0641239378179
CLUSTER_107,V,legume_str,421.2,28.60937035443851
CLUSTER_107,V,maize_str,1970.0,28.60937035443851
CLUSTER_107,V,rape_str,1132.0,28.60937035443851
CLUSTER_123,V,legume_str,222.8,52.10693249334144
CLUSTER_129,V,legume_str,211.4,52.01633393557757
CLUSTER_132,V,legume_str,147.22,28.48885974847752
CLUSTER_132,V,maize_str,1533.2,28.48885974847752
CLUSTER_132,V,rape_str,929.0,28.48885974847752
CLUSTER_138,V,beet_leaf,6203.0,14.783165080323435
CLUSTER_138,V,legume_str,467.8,14.783165080323435
CLUSTER_138,V,maize_str,2746.0,14.783165080323435
CLUSTER_138,V,rape_str,1121.4,14.783165080323435
CLUSTER_14,V,legume_str,20.98,40.99355008301644
CLUSTER_14,V,rape_str,1443.9,40.99355008301644
CLUSTER_144,V,legume_str,474.3,29.59837543499883
CLUSTER_144,V,maize_str,3055.0,29.59837543499883
CLUSTER_144,V,rape_str,1689.0,29.59837543499883
CLUSTER_145,V,legume_str,263.2,21.08427554719552
CLUSTER_145,V,maize_str,1224.5,21.08427554719552
CLUSTER_145,V,rape_str,1224.0,21.08427554719552
CLUSTER_152,V,legume_str,331.6,50.54868687760052
CLUSTER_162,V,legume_str,744.7,31.364917960941582
CLUSTER_162,V,maize_str,4165.0,31.364917960941582
CLUSTER_162,V,rape_str,2424.0,31.364917960941582
CLUSTER_171,V,legume_str,188.6,50.39971002452787
CLUSTER_171,V,rape_str,1563.0,50.39971002452787
CLUSTER_176,V,cattle_man,2533.2,21.27203112255037
CLUSTER_176,V,legume_str,185.1,21.27203112255037
CLUSTER_176,V,maize_str,248.73000000000002,21.27203112255037
CLUSTER_176,V,rape_str,773.6,21.27203112255037
CLUSTER_182,V,beet_leaf,1723.0,16.27757435532668
CLUSTER_182,V,legume_str,180.1,16.27757435532668
CLUSTER_182,V,maize_str,2575.0,16.27757435532668
CLUSTER_182,V,rape_str,811.0,16.27757435532668
CLUSTER_187,V,legume_str,419.6,47.7862992634516
CLUSTER_187,V,rape_str,1186.6,47.7862992634516
CLUSTER_190,V,legume_str,186.5,53.27764238403307
CLUSTER_219,V,legume_str,276.0,43.19513510703924
CLUSTER_219,V,rape_str,2300.0,43.19513510703924
CLUSTER_229,V,beet_leaf,15420.0,15.234779758738036
CLUSTER_229,V,cattle_man,1142.8,15.234779758738036
CLUSTER_229,V,legume_str,169.7,15.234779758738036
CLUSTER_229,V,maize_str,474.61,15.234779758738036
CLUSTER_229,V,rape_str,30.7,15.234779758738036
CLUSTER_235,V,legume_str,260.6,22.712959723723493
CLUSTER_235,V,maize_str,1195.0,22.712959723723493
CLUSTER_235,V,rape_str,208.9,22.712959723723493
CLUSTER_237,V,legume_str,29.248,50.5714026246158
CLUSTER_248,V,legume_str,201.2,42.45756316485531
CLUSTER_248,V,rape_str,349.9,42.45756316485531
CLUSTER_263,V,legume_str,774.2,38.90371844973446
CLUSTER_263,V,maize_str,2453.0,38.90371844973446
CLUSTER_263,V,rape_str,1071.4,38.90371844973446
CLUSTER_297,V,legume_str,363.98,50.53132467715507
CLUSTER_303,V,legume_str,375.4,35.392417026715165
CLUSTER_303,V,maize_str,378.0,35.392417026715165
CLUSTER_303,V,rape_str,914.0,35.392417026715165
CLUSTER_305,V,legume_str,120.96,50.422827905251054
CLUSTER_305,V,rape_str,1126.6,50.422827905251054
CLUSTER_315,V,legume_str,373.6,40.57104573257195
CLUSTER_315,V,maize_str,775.3,40.57104573257195
CLUSTER_315,V,rape_str,1513.0,40.57104573257195
CLUSTER_316,V,legume_str,235.5,40.79945078679296
CLUSTER_316,V,maize_str,1306.8049271789534,40.79945078679296
CLUSTER_316,V,rape_str,1137.0,40.79945078679296
CLUSTER_324,V,legume_str,578.7,37.61493642251394
CLUSTER_324,V,maize_str,2092.0,37.61493642251394
CLUSTER_324,V,rape_str,1080.0,37.61493642251394
CLUSTER_338,V,legume_str,307.0,20.386412645844217
CLUSTER_338,V,maize_str,2637.0,20.386412645844217
CLUSTER_338,V,rape_str,566.0,20.386412645844217
CLUSTER_339,V,beet_leaf,11011.0,8.646187191265037
CLUSTER_339,V,cattle_man,3014.917,8.646187191265037
CLUSTER_339,V,legume_str,276.25,8.646187191265037
CLUSTER_339,V,maize_str,1719.0,8.646187191265037
CLUSTER_339,V,rape_str,716.33,8.646187191265037
CLUSTER_34,V,legume_str,428.6,34.29252138494167
CLUSTER_34,V,maize_str,4809.0,34.29252138494167
CLUSTER_34,V,rape_str,1322.6,34.29252138494167
CLUSTER_342,V,legume_str,689.9,54.71707442224186
CLUSTER_344,V,beet_leaf,2029.1,13.803206680553531
CLUSTER_344,V,legume_str,332.0,13.803206680553531
CLUSTER_344,V,maize_str,5434.0,13.803206680553531
CLUSTER_344,V,rape_str,232.2,13.803206680553531
CLUSTER_349,V,legume_str,257.0,21.27277023161664
CLUSTER_349,V,maize_str,1939.0,21.27277023161664
CLUSTER_349,V,rape_str,1306.0,21.27277023161664
CLUSTER_353,V,beet_leaf,6390.0,3.772260992416793
CLUSTER_353,V,cattle_man,9000.0,3.772260992416793
CLUSTER_353,V,cattle_slu,39800.0,3.772260992416793
CLUSTER_353,V,clover_alfalfa_grass,2363.16,3.772260992416793
CLUSTER_353,V,legume_str,276.0,3.772260992416793
CLUSTER_353,V,maize_str,3170.0,3.772260992416793
CLUSTER_353,V,rape_str,696.0,3.772260992416793
CLUSTER_365,V,legume_str,86.1,47.082754760840096
CLUSTER_365,V,rape_str,408.7,47.082754760840096
CLUSTER_376,V,legume_str,508.0,45.35310428660337
CLUSTER_376,V,rape_str,1421.0,45.35310428660337
CLUSTER_377,V,legume_str,142.95,44.18593525169405
CLUSTER_377,V,rape_str,504.0299999999999,44.18593525169405
CLUSTER_382,V,legume_str,385.1,35.50110944777094
CLUSTER_382,V,maize_str,346.7,35.50110944777094
CLUSTER_382,V,rape_str,1028.0,35.50110944777094
CLUSTER_393,V,legume_str,44.84,30.686954303546983
CLUSTER_393,V,maize_str,311.5,30.686954303546983
CLUSTER_393,V,rape_str,213.5,30.686954303546983
CLUSTER_42,V,legume_str,175.21,33.78026298050428
CLUSTER_42,V,maize_str,1879.0,33.78026298050428
CLUSTER_42,V,rape_str,813.0,33.78026298050428
CLUSTER_427,V,legume_str,351.0,26.4482323085106
CLUSTER_427,V,maize_str,2221.8,26.4482323085106
CLUSTER_427,V,rape_str,1173.4,26.4482323085106
CLUSTER_431,V,legume_str,310.4,23.70028083797829
CLUSTER_431,V,maize_str,4683.0,23.70028083797829
CLUSTER_431,V,rape_str,203.4,23.70028083797829
CLUSTER_432,V,legume_str,291.34000000000003,54.24331276950242
CLUSTER_452,V,cattle_man,3960.0,24.385137164464524
CLUSTER_452,V,legume_str,173.8,24.385137164464524
CLUSTER_452,V,maize_str,639.0,24.385137164464524
CLUSTER_452,V,rape_str,580.0,24.385137164464524
CLUSTER_459,V,legume_str,28.68,46.07766757555138
CLUSTER_459,V,rape_str,91.0,46.07766757555138
CLUSTER_464,V,legume_str,235.0,25.75887639853543
CLUSTER_464,V,maize_str,1659.0,25.75887639853543
CLUSTER_464,V,rape_str,387.0,25.75887639853543
CLUSTER_469,V,legume_str,204.7,30.346640146232485
CLUSTER_469,V,maize_str,488.99999999999994,30.346640146232485
CLUSTER_469,V,rape_str,1099.0,30.346640146232485
CLUSTER_478,V,beet_leaf,1300.0,12.303589558976034
CLUSTER_478,V,cattle_man,1374.0,12.303589558976034
CLUSTER_478,V,legume_str,86.75,12.303589558976034
CLUSTER_478,V,maize_str,1389.0,12.303589558976034
CLUSTER_478,V,rape_str,205.7,12.303589558976034
CLUSTER_479,V,legume_str,75.09,44.07426939180832
CLUSTER_479,V,rape_str,157.9,44.07426939180832
CLUSTER_485,V,legume_str,229.0,31.54613382800401
CLUSTER_485,V,maize_str,988.0,31.54613382800401
CLUSTER_485,V,rape_str,948.0,31.54613382800401
CLUSTER_495,V,legume_str,495.0,39.904547930034695
CLUSTER_495,V,maize_str,798.8,39.904547930034695
CLUSTER_495,V,rape_str,574.7,39.904547930034695
CLUSTER_496,V,beet_leaf,20620.0,8.02389625237105
CLUSTER_496,V,cattle_man,6675.3,8.02389625237105
CLUSTER_496,V,legume_str,144.6,8.02389625237105
CLUSTER_496,V,maize_str,1429.0,8.02389625237105
CLUSTER_496,V,rape_str,1060.0,8.02389625237105
CLUSTER_499,V,legume_str,206.8,38.002251750219145
CLUSTER_499,V,maize_str,1191.0,38.002251750219145
CLUSTER_499,V,rape_str,500.0,38.002251750219145
CLUSTER_507,V,legume_str,319.0,54.0555730740852
CLUSTER_511,V,legume_str,142.4,45.006469606404224
CLUSTER_511,V,rape_str,393.2,45.006469606404224
CLUSTER_515,V,legume_str,82.35000000000001,44.9626375542899
CLUSTER_515,V,rape_str,366.0,44.9626375542899
CLUSTER_531,V,legume_str,89.3,51.28757708883037
CLUSTER_534,V,legume_str,317.1,38.32061477172361
CLUSTER_534,V,maize_str,1117.0,38.32061477172361
CLUSTER_534,V,rape_str,1184.0,38.32061477172361
CLUSTER_6,V,legume_str,401.8,48.69240720042367
CLUSTER_6,V,rape_str,644.6,48.69240720042367
CLUSTER_63,V,legume_str,611.5,47.72273867778289
CLUSTER_63,V,rape_str,653.77,47.72273867778289
CLUSTER_82,V,legume_str,122.92,35.17569992282159
CLUSTER_82,V,maize_str,505.26,35.17569992282159
CLUSTER_82,V,rape_str,680.1,35.17569992282159
CLUSTER_83,V,legume_str,40.02,34.31532997569486
CLUSTER_83,V,maize_str,573.0,34.31532997569486
CLUSTER_83,V,rape_str,472.0,34.31532997569486
CLUSTER_9,V,beet_leaf,22539.7767831038,18.68110973495059
CLUSTER_9,V,cattle_man,4512.6,18.68110973495059
CLUSTER_9,V,legume_str,267.44,18.68110973495059
CLUSTER_9,V,maize_str,2940.98,18.68110973495059
CLUSTER_9,V,rape_str,712.84,18.68110973495059
CLUSTER_123,W,cattle_man,9000.0,7.264400147093005
CLUSTER_123,W,cattle_slu,48680.0,7.264400147093005
CLUSTER_123,W,horse_man,1614.0,7.264400147093005
CLUSTER_123,W,pig_man,92.5800179,7.264400147093005
CLUSTER_128,W,cattle_man,10124.4,13.948834957578647
CLUSTER_128,W,cattle_slu,2270.106492920034,13.948834957578647
CLUSTER_128,W,horse_man,2411.7,13.948834957578647
CLUSTER_128,W,pig_man,539.0,13.948834957578647
CLUSTER_129,W,cattle_man,8284.0,33.85809471004437
CLUSTER_129,W,horse_man,1743.9,33.85809471004437
CLUSTER_129,W,pig_man,245.9917,33.85809471004437
CLUSTER_132,W,cattle_man,7032.59,33.10825758368891
CLUSTER_132,W,horse_man,795.885,33.10825758368891
CLUSTER_14,W,cattle_man,9659.0,18.75262658839073
CLUSTER_14,W,horse_man,2695.2,18.75262658839073
CLUSTER_14,W,pig_man,256.805,18.75262658839073
CLUSTER_253,W,cattle_man,6043.0,20.446602181523875
CLUSTER_253,W,horse_man,3082.0,20.446602181523875
CLUSTER_253,W,pig_man,379.28,20.446602181523875
CLUSTER_305,W,cattle_man,4426.0,15.527862780817022
CLUSTER_305,W,horse_man,533.2,15.527862780817022
CLUSTER_305,W,pig_man,388.58,15.527862780817022
CLUSTER_316,W,cattle_man,7202.0,26.745717423850007
CLUSTER_316,W,horse_man,1505.3,26.745717423850007
CLUSTER_316,W,pig_man,1285.8,26.745717423850007
CLUSTER_341,W,cattle_man,862.8,20.397030118473783
CLUSTER_365,W,cattle_man,16119.999999999998,15.676384207032047
CLUSTER_365,W,horse_man,1341.0,15.676384207032047
CLUSTER_368,W,cattle_man,6947.0,10.168308666980993
CLUSTER_368,W,cattle_slu,38230.0,10.168308666980993
CLUSTER_383,W,cattle_man,4512.0,2.164530103471652
CLUSTER_383,W,cattle_slu,28660.0,2.164530103471652
CLUSTER_383,W,horse_man,1382.2,2.164530103471652
CLUSTER_383,W,pig_man,350.7,2.164530103471652
CLUSTER_393,W,cattle_man,1357.0,28.72683259708658
CLUSTER_393,W,horse_man,968.1,28.72683259708658
CLUSTER_42,W,cattle_man,15075.0,42.33386519502245
CLUSTER_42,W,horse_man,1097.5,42.33386519502245
CLUSTER_42,W,pig_man,1804.5,42.33386519502245
CLUSTER_44,W,cattle_man,14660.0,13.292729514994187
CLUSTER_44,W,cattle_slu,73970.0,13.292729514994187
CLUSTER_479,W,cattle_man,6870.0,22.97236857187894
CLUSTER_500,W,cattle_man,5430.0,12.529086317539823
CLUSTER_500,W,cattle_slu,19830.0,12.529086317539823
CLUSTER_500,W,horse_man,798.0,12.529086317539823
CLUSTER_515,W,cattle_man,990.9999999999999,35.52465478129203
CLUSTER_515,W,horse_man,126.2,35.52465478129203
CLUSTER_515,W,pig_man,1089.0,35.52465478129203
CLUSTER_531,W,cattle_man,750.0,22.84765859623364
CLUSTER_531,W,horse_man,424.9,22.84765859623364
CLUSTER_531,W,pig_man,133.0,22.84765859623364
CLUSTER_533,W,cattle_man,693.0,21.986002825355182
CLUSTER_533,W,horse_man,654.0,21.986002825355182
CLUSTER_533,W,pig_man,70.10000000000001,21.986002825355182
CLUSTER_83,W,cattle_man,8530.000000000035,28.6755803552172
CLUSTER_124,Y,cattle_man,20030.0,6.601211199133951
CLUSTER_124,Y,cattle_slu,117600.0,6.601211199133951
CLUSTER_124,Y,horse_man,2749.0,6.601211199133951
CLUSTER_124,Y,pig_man,225.04,6.601211199133951
CLUSTER_146,Y,cattle_man,2485.0,24.959885603045983
CLUSTER_146,Y,horse_man,847.0,24.959885603045983
CLUSTER_159,Y,cattle_man,8440.0,22.320373457575062
CLUSTER_159,Y,horse_man,2721.0,22.320373457575062
CLUSTER_159,Y,pig_man,3550.315,22.320373457575062
CLUSTER_189,Y,cattle_man,4488.98,44.39232696775594
CLUSTER_189,Y,horse_man,1789.0,44.39232696775594
CLUSTER_193,Y,cattle_man,1113.0,37.87406992228329
CLUSTER_193,Y,horse_man,1133.0,37.87406992228329
CLUSTER_196,Y,cattle_man,17380.0,19.73628029173549
CLUSTER_196,Y,horse_man,1807.0,19.73628029173549
CLUSTER_202,Y,cattle_man,16100.0,33.491370023937534
CLUSTER_202,Y,horse_man,1917.3,33.491370023937534
CLUSTER_202,Y,pig_man,229.17,33.491370023937534
CLUSTER_214,Y,cattle_man,24580.0,15.407796382162305
CLUSTER_214,Y,cattle_slu,118468.34771865417,15.407796382162305
CLUSTER_214,Y,horse_man,1119.6,15.407796382162305
CLUSTER_214,Y,pig_man,13.92,15.407796382162305
CLUSTER_228,Y,cattle_man,10463.0,31.43626049005368
CLUSTER_228,Y,horse_man,1313.4,31.43626049005368
CLUSTER_250,Y,cattle_man,8735.82,26.25703111099109
CLUSTER_250,Y,horse_man,1190.0,26.25703111099109
CLUSTER_250,Y,pig_man,54.334,26.25703111099109
CLUSTER_258,Y,cattle_man,16820.0,6.419214469917624
CLUSTER_258,Y,cattle_slu,98070.0,6.419214469917624
CLUSTER_258,Y,horse_man,1914.0,6.419214469917624
CLUSTER_276,Y,cattle_man,3122.0,17.36748237987309
CLUSTER_276,Y,horse_man,1192.0,17.36748237987309
CLUSTER_282,Y,cattle_man,10020.0,27.617659580445004
CLUSTER_282,Y,horse_man,1029.0,27.617659580445004
CLUSTER_282,Y,pig_man,277.076,27.617659580445004
CLUSTER_285,Y,cattle_man,15869.999999999998,38.64326462382501
CLUSTER_285,Y,horse_man,3438.0,38.64326462382501
CLUSTER_291,Y,cattle_man,2457.376,33.461004548554925
CLUSTER_296,Y,cattle_man,6573.0,15.158910988981662
CLUSTER_296,Y,cattle_slu,37120.0,15.158910988981662
CLUSTER_296,Y,horse_man,902.0,15.158910988981662
CLUSTER_416,Y,cattle_man,553.9,22.633727368931485
CLUSTER_416,Y,horse_man,387.2,22.633727368931485
CLUSTER_442,Y,cattle_man,14580.0,10.05213857786478
CLUSTER_442,Y,cattle_slu,90800.0,10.05213857786478
CLUSTER_442,Y,horse_man,2096.0,10.05213857786478
CLUSTER_457,Y,cattle_man,11400.0,11.006121885726694
CLUSTER_457,Y,cattle_slu,64960.00000000001,11.006121885726694
CLUSTER_457,Y,horse_man,1512.5,11.006121885726694
CLUSTER_514,Y,cattle_man,11580.0,17.889756941267905
CLUSTER_514,Y,horse_man,1246.0,17.889756941267905
CLUSTER_514,Y,pig_man,13.03,17.889756941267905
CLUSTER_528,Y,cattle_man,7939.999999999999,14.79064400221564
CLUSTER_528,Y,cattle_slu,44500.0,14.79064400221564
CLUSTER_528,Y,horse_man,1337.0,14.79064400221564
CLUSTER_540,Y,cattle_man,2510.0,18.95428066433217
CLUSTER_540,Y,horse_man,1390.0,18.95428066433217
CLUSTER_547,Y,cattle_man,10790.0,17.99949648059068
CLUSTER_547,Y,horse_man,1621.0,17.99949648059068
CLUSTER_549,Y,cattle_man,6580.0,25.78168167892133
CLUSTER_549,Y,horse_man,1622.0,25.78168167892133
CLUSTER_79,Y,cattle_man,15570.0,24.67143947626194
CLUSTER_79,Y,horse_man,1933.0,24.67143947626194
CLUSTER_79,Y,pig_man,1322.00245,24.67143947626194
CLUSTER_174,AA,cattle_man,17810.0,14.710225155836548
CLUSTER_174,AA,cattle_slu,117700.0,14.710225155836548
CLUSTER_174,AA,horse_man,1427.5,14.710225155836548
CLUSTER_191,AA,horse_man,1592.0,30.14069714711288
CLUSTER_207,AA,cattle_man,25080.0,3.825978430882295
CLUSTER_207,AA,cattle_slu,171700.0,3.825978430882295
CLUSTER_207,AA,horse_man,1783.0,3.825978430882295
CLUSTER_252,AA,cattle_man,23950.0,16.326579222947252
CLUSTER_252,AA,cattle_slu,150300.0,16.326579222947252
CLUSTER_252,AA,horse_man,2046.0,16.326579222947252
CLUSTER_313,AA,cattle_man,20559.99999999993,16.603773137038612
CLUSTER_313,AA,cattle_slu,122246.68233025537,16.603773137038612
CLUSTER_313,AA,horse_man,345.4193604856444,16.603773137038612
CLUSTER_360,AA,cattle_man,8890.0,18.90084114274556
CLUSTER_362,AA,cattle_man,13100.0,19.348170201278897
CLUSTER_362,AA,horse_man,2769.0,19.348170201278897
CLUSTER_39,AA,cattle_man,19310.0,9.219690754311005
CLUSTER_39,AA,cattle_slu,125300.0,9.219690754311005
CLUSTER_39,AA,horse_man,1942.0,9.219690754311005
CLUSTER_422,AA,cattle_man,4670.0,13.957498295663813
CLUSTER_422,AA,cattle_slu,27900.0,13.957498295663813
CLUSTER_422,AA,horse_man,1414.0,13.957498295663813
CLUSTER_521,AA,cattle_man,4363.6187809872845,23.64582631049325
CLUSTER_521,AA,horse_man,1448.0,23.64582631049325
CLUSTER_74,AA,cattle_man,27550.0,6.965512580764402
CLUSTER_74,AA,cattle_slu,168800.0,6.965512580764402
CLUSTER_74,AA,horse_man,3010.0,6.965512580764402
CLUSTER_100,AB,legume_str,592.6,24.50594489042984
CLUSTER_100,AB,maize_str,6753.0,24.50594489042984
CLUSTER_100,AB,rape_str,1247.0,24.50594489042984
CLUSTER_126,AB,beet_leaf,6252.0,14.667830995120772
CLUSTER_126,AB,legume_str,544.6,14.667830995120772
CLUSTER_126,AB,maize_str,6491.0,14.667830995120772
CLUSTER_126,AB,rape_str,2381.0,14.667830995120772
CLUSTER_131,AB,beet_leaf,2747.0,8.445711036531295
CLUSTER_131,AB,cattle_slu,41960.0,8.445711036531295
CLUSTER_131,AB,legume_str,1003.9999999999999,8.445711036531295
CLUSTER_131,AB,maize_str,4594.0,8.445711036531295
CLUSTER_131,AB,rape_str,1908.0,8.445711036531295
CLUSTER_142,AB,legume_str,157.6,40.559404435535086
CLUSTER_152,AB,rape_str,1311.0,47.61099845606428
CLUSTER_165,AB,beet_leaf,673.0,8.450202563652567
CLUSTER_165,AB,cattle_slu,37970.0,8.450202563652567
CLUSTER_165,AB,legume_str,854.0,8.450202563652567
CLUSTER_165,AB,maize_str,1640.0,8.450202563652567
CLUSTER_165,AB,rape_str,1507.0,8.450202563652567
CLUSTER_20,AB,beet_leaf,2532.0,18.515458768602954
CLUSTER_20,AB,legume_str,1043.0,18.515458768602954
CLUSTER_20,AB,maize_str,3732.0,18.515458768602954
CLUSTER_20,AB,rape_str,2658.0,18.515458768602954
CLUSTER_205,AB,legume_str,366.9,39.97843838374088
CLUSTER_205,AB,rape_str,424.8,39.97843838374088
CLUSTER_22,AB,legume_str,405.9,30.723569306708445
CLUSTER_22,AB,maize_str,1286.9,30.723569306708445
CLUSTER_22,AB,rape_str,418.6,30.723569306708445
CLUSTER_239,AB,legume_str,357.8,36.91136449449258
CLUSTER_239,AB,rape_str,1717.0,36.91136449449258
CLUSTER_279,AB,legume_str,338.3,24.815120156107017
CLUSTER_279,AB,maize_str,3223.0,24.815120156107017
CLUSTER_279,AB,rape_str,766.0,24.815120156107017
CLUSTER_288,AB,beet_leaf,7380.0,16.148580498990576
CLUSTER_288,AB,legume_str,851.0,16.148580498990576
CLUSTER_288,AB,maize_str,5080.0,16.148580498990576
CLUSTER_288,AB,rape_str,1600.0,16.148580498990576
CLUSTER_300,AB,legume_str,424.7,34.252390165167846
CLUSTER_300,AB,rape_str,548.0,34.252390165167846
CLUSTER_306,AB,legume_str,1097.0,24.27615417472561
CLUSTER_306,AB,maize_str,5143.0,24.27615417472561
CLUSTER_306,AB,rape_str,2327.0,24.27615417472561
CLUSTER_323,AB,legume_str,62.45,31.057608743791956
CLUSTER_323,AB,rape_str,313.3,31.057608743791956
CLUSTER_330,AB,legume_str,753.8,29.16137696138161
CLUSTER_330,AB,maize_str,3233.0,29.16137696138161
CLUSTER_330,AB,rape_str,2235.0,29.16137696138161
CLUSTER_345,AB,legume_str,1226.0,37.20859136972272
CLUSTER_345,AB,rape_str,1424.0,37.20859136972272
CLUSTER_354,AB,legume_str,257.3,28.577314323663916
CLUSTER_354,AB,maize_str,3760.8,28.577314323663916
CLUSTER_354,AB,rape_str,1672.1,28.577314323663916
CLUSTER_37,AB,legume_str,791.6,32.747048492408304
CLUSTER_37,AB,rape_str,2494.6,32.747048492408304
CLUSTER_371,AB,beet_leaf,729.6,5.056498305174638
CLUSTER_371,AB,cattle_slu,44150.0,5.056498305174638
CLUSTER_371,AB,clover_alfalfa_grass,3104.6823933766323,5.056498305174638
CLUSTER_371,AB,legume_str,445.8,5.056498305174638
CLUSTER_371,AB,maize_str,1554.0,5.056498305174638
CLUSTER_371,AB,rape_str,918.4,5.056498305174638
CLUSTER_386,AB,legume_str,404.9,41.97470346974163
CLUSTER_386,AB,rape_str,588.0,41.97470346974163
CLUSTER_403,AB,beet_leaf,1416.0,19.17062389278525
CLUSTER_403,AB,legume_str,587.0,19.17062389278525
CLUSTER_403,AB,maize_str,3050.0,19.17062389278525
CLUSTER_403,AB,rape_str,1011.0,19.17062389278525
CLUSTER_423,AB,beet_leaf,453.7,10.65444405358328
CLUSTER_423,AB,cattle_slu,373.36936266463283,10.65444405358328
CLUSTER_423,AB,legume_str,670.7,10.65444405358328
CLUSTER_423,AB,maize_str,2091.0,10.65444405358328
CLUSTER_423,AB,rape_str,1295.9,10.65444405358328
CLUSTER_43,AB,legume_str,631.3,37.81481343360085
CLUSTER_43,AB,rape_str,981.0000000000001,37.81481343360085
CLUSTER_441,AB,beet_leaf,58.7,17.88200401988691
CLUSTER_441,AB,legume_str,342.2,17.88200401988691
CLUSTER_441,AB,maize_str,2827.0,17.88200401988691
CLUSTER_441,AB,rape_str,1217.0,17.88200401988691
CLUSTER_447,AB,legume_str,578.0,32.852118567040485
CLUSTER_447,AB,rape_str,901.0,32.852118567040485
CLUSTER_458,AB,legume_str,366.0,50.89499506529692
CLUSTER_466,AB,legume_str,253.7,28.726226807233974
CLUSTER_466,AB,maize_str,3586.0,28.726226807233974
CLUSTER_466,AB,rape_str,1039.0,28.726226807233974
CLUSTER_498,AB,legume_str,259.3,45.35836463180452
CLUSTER_498,AB,rape_str,235.0,45.35836463180452
CLUSTER_523,AB,legume_str,49.6,40.14966736161862
CLUSTER_523,AB,rape_str,139.1,40.14966736161862
CLUSTER_544,AB,beet_leaf,586.1,14.452222915136517
CLUSTER_544,AB,legume_str,101.3,14.452222915136517
CLUSTER_544,AB,maize_str,1670.0,14.452222915136517
CLUSTER_544,AB,rape_str,531.0,14.452222915136517
CLUSTER_57,AB,legume_str,757.7,51.367696207175584
CLUSTER_64,AB,legume_str,944.8,31.110554160495653
CLUSTER_64,AB,rape_str,1531.1,31.110554160495653
CLUSTER_69,AB,legume_str,517.8,22.27833878097881
CLUSTER_69,AB,maize_str,4142.0,22.27833878097881
CLUSTER_69,AB,rape_str,964.5,22.27833878097881
CLUSTER_71,AB,beet_leaf,4858.7,13.266323347030356
CLUSTER_71,AB,legume_str,1174.2,13.266323347030356
CLUSTER_71,AB,maize_str,4451.0,13.266323347030356
CLUSTER_71,AB,rape_str,2450.0,13.266323347030356
CLUSTER_73,AB,legume_str,648.0,26.78878649397268
CLUSTER_73,AB,maize_str,11358.0,26.78878649397268
CLUSTER_73,AB,rape_str,3434.0,26.78878649397268
CLUSTER_81,AB,legume_str,73.12,49.32466178858435
CLUSTER_10,AC,legume_str,66.8,56.05727101591092
CLUSTER_10,AC,maize_str,92.1,56.05727101591092
CLUSTER_10,AC,rape_str,247.74999999999997,56.05727101591092
CLUSTER_108,AC,legume_str,386.8,58.86530246582665
CLUSTER_110,AC,legume_str,32.8,58.86814786539602
CLUSTER_119,AC,legume_str,143.3,52.99469429501734
CLUSTER_119,AC,rape_str,1302.0,52.99469429501734
CLUSTER_134,AC,beet_leaf,32079.999999999996,12.818026757375982
CLUSTER_134,AC,cattle_man,8431.4,12.818026757375982
CLUSTER_134,AC,horse_man,721.52,12.818026757375982
CLUSTER_134,AC,legume_str,277.13,12.818026757375982
CLUSTER_134,AC,maize_str,712.3,12.818026757375982
CLUSTER_134,AC,rape_str,1039.3,12.818026757375982
CLUSTER_139,AC,cattle_man,3032.51,27.65253575589739
CLUSTER_139,AC,legume_str,570.9,27.65253575589739
CLUSTER_139,AC,rape_str,1083.5,27.65253575589739
CLUSTER_148,AC,legume_str,71.2,35.00957648899134
CLUSTER_148,AC,maize_str,21.2,35.00957648899134
CLUSTER_148,AC,rape_str,856.0,35.00957648899134
CLUSTER_153,AC,legume_str,465.2,39.1817965179331
CLUSTER_153,AC,maize_str,346.3,39.1817965179331
CLUSTER_153,AC,rape_str,2865.0,39.1817965179331
CLUSTER_154,AC,beet_leaf,15730.000000000002,12.567433976146711
CLUSTER_154,AC,cattle_man,5634.1,12.567433976146711
CLUSTER_154,AC,horse_man,347.6,12.567433976146711
CLUSTER_154,AC,legume_str,348.1,12.567433976146711
CLUSTER_154,AC,maize_str,84.14,12.567433976146711
CLUSTER_154,AC,rape_str,1500.8,12.567433976146711
CLUSTER_156,AC,legume_str,342.4,46.362641926520745
CLUSTER_156,AC,maize_str,250.71100000000004,46.362641926520745
CLUSTER_156,AC,rape_str,1599.0,46.362641926520745
CLUSTER_158,AC,legume_str,41.66,49.6892750413891
CLUSTER_158,AC,rape_str,44.4,49.6892750413891
CLUSTER_16,AC,beet_leaf,16749.9,15.377576807121674
CLUSTER_16,AC,cattle_man,11750.6,15.377576807121674
CLUSTER_16,AC,legume_str,320.2,15.377576807121674
CLUSTER_16,AC,maize_str,361.46,15.377576807121674
CLUSTER_16,AC,rape_str,1459.3,15.377576807121674
CLUSTER_160,AC,legume_str,109.73,50.38104622388099
CLUSTER_160,AC,maize_str,250.69999999999996,50.38104622388099
CLUSTER_160,AC,rape_str,1197.5,50.38104622388099
CLUSTER_161,AC,legume_str,357.73,52.90371379050776
CLUSTER_161,AC,maize_str,217.1,52.90371379050776
CLUSTER_161,AC,rape_str,1567.0,52.90371379050776
CLUSTER_164,AC,legume_str,154.5,48.18471366302186
CLUSTER_164,AC,maize_str,100.7,48.18471366302186
CLUSTER_164,AC,rape_str,740.0,48.18471366302186
CLUSTER_170,AC,maize_str,38.8,51.85334899484021
CLUSTER_170,AC,rape_str,334.9,51.85334899484021
CLUSTER_173,AC,legume_str,245.0,55.52920794374829
CLUSTER_173,AC,rape_str,696.9,55.52920794374829
CLUSTER_177,AC,legume_str,144.7,41.833146908380506
CLUSTER_177,AC,maize_str,263.9,41.833146908380506
CLUSTER_177,AC,rape_str,3337.0,41.833146908380506
CLUSTER_179,AC,legume_str,197.6,50.37724799961037
CLUSTER_179,AC,rape_str,741.5,50.37724799961037
CLUSTER_181,AC,legume_str,393.5,21.79626183791107
CLUSTER_181,AC,maize_str,737.8,21.79626183791107
CLUSTER_181,AC,rape_str,425.5,21.79626183791107
CLUSTER_194,AC,legume_str,213.55,34.69613293277254
CLUSTER_194,AC,maize_str,238.4,34.69613293277254
CLUSTER_194,AC,rape_str,1397.0,34.69613293277254
CLUSTER_200,AC,legume_str,199.5,53.32152011031648
CLUSTER_200,AC,maize_str,105.4,53.32152011031648
CLUSTER_200,AC,rape_str,2260.0,53.32152011031648
CLUSTER_213,AC,legume_str,10.36,59.96991385177006
CLUSTER_217,AC,legume_str,337.9,61.15846818370847
CLUSTER_222,AC,legume_str,145.8,52.77481777749277
CLUSTER_222,AC,maize_str,154.36,52.77481777749277
CLUSTER_222,AC,rape_str,844.8,52.77481777749277
CLUSTER_236,AC,legume_str,601.1,31.975308361245897
CLUSTER_236,AC,maize_str,46.4,31.975308361245897
CLUSTER_236,AC,rape_str,1247.0,31.975308361245897
CLUSTER_24,AC,cattle_man,15326.0,23.362245218814284
CLUSTER_24,AC,legume_str,769.8,23.362245218814284
CLUSTER_24,AC,maize_str,610.37,23.362245218814284
CLUSTER_24,AC,rape_str,4848.0,23.362245218814284
CLUSTER_242,AC,legume_str,233.5,48.92320304988635
CLUSTER_242,AC,maize_str,82.1,48.92320304988635
CLUSTER_242,AC,rape_str,1229.6,48.92320304988635
CLUSTER_246,AC,legume_str,345.0,27.1651855635368
CLUSTER_246,AC,maize_str,156.3,27.1651855635368
CLUSTER_246,AC,rape_str,1181.0,27.1651855635368
CLUSTER_247,AC,legume_str,474.1,32.14686018085787
CLUSTER_247,AC,maize_str,161.1,32.14686018085787
CLUSTER_247,AC,rape_str,3410.0,32.14686018085787
CLUSTER_251,AC,legume_str,633.1999999999999,37.13147493827821
CLUSTER_251,AC,maize_str,70.9,37.13147493827821
CLUSTER_251,AC,rape_str,2183.0,37.13147493827821
CLUSTER_272,AC,legume_str,111.767,61.93908369765368
CLUSTER_275,AC,legume_str,322.6,36.577638497111096
CLUSTER_275,AC,maize_str,130.5,36.577638497111096
CLUSTER_275,AC,rape_str,2420.0,36.577638497111096
CLUSTER_277,AC,legume_str,748.8,35.77982043851394
CLUSTER_277,AC,maize_str,52.900000000000006,35.77982043851394
CLUSTER_277,AC,rape_str,2519.0,35.77982043851394
CLUSTER_283,AC,beet_leaf,20320.0,5.902713095479375
CLUSTER_283,AC,cattle_man,4490.4,5.902713095479375
CLUSTER_283,AC,cattle_slu,6544.7,5.902713095479375
CLUSTER_283,AC,clover_alfalfa_grass,4311.0,5.902713095479375
CLUSTER_283,AC,horse_man,349.112,5.902713095479375
CLUSTER_283,AC,legume_str,287.6,5.902713095479375
CLUSTER_283,AC,maize_str,483.1,5.902713095479375
CLUSTER_283,AC,rape_str,1599.65,5.902713095479375
CLUSTER_289,AC,legume_str,485.4,29.70476099784868
CLUSTER_289,AC,maize_str,455.8,29.70476099784868
CLUSTER_289,AC,rape_str,1516.0,29.70476099784868
CLUSTER_293,AC,legume_str,195.85,51.179032030967385
CLUSTER_293,AC,maize_str,181.2,51.179032030967385
CLUSTER_293,AC,rape_str,1991.0000000000002,51.179032030967385
CLUSTER_298,AC,legume_str,191.9,26.914452846728977
CLUSTER_298,AC,maize_str,131.71,26.914452846728977
CLUSTER_298,AC,rape_str,1018.0,26.914452846728977
CLUSTER_30,AC,legume_str,592.4,37.96343336774567
CLUSTER_30,AC,maize_str,530.4,37.96343336774567
CLUSTER_30,AC,rape_str,844.0,37.96343336774567
CLUSTER_314,AC,legume_str,103.5,53.09938988662477
CLUSTER_314,AC,rape_str,258.9,53.09938988662477
CLUSTER_317,AC,legume_str,236.2,50.83000317995785
CLUSTER_317,AC,maize_str,120.7,50.83000317995785
CLUSTER_317,AC,rape_str,692.0,50.83000317995785
CLUSTER_320,AC,cattle_man,1036.0,23.273862667387963
CLUSTER_320,AC,legume_str,113.12,23.273862667387963
CLUSTER_320,AC,maize_str,24.130000000000003,23.273862667387963
CLUSTER_320,AC,rape_str,1162.3,23.273862667387963
CLUSTER_326,AC,legume_str,268.6,59.32791460532397
CLUSTER_328,AC,legume_str,524.0,40.74964965210505
CLUSTER_328,AC,maize_str,276.0,40.74964965210505
CLUSTER_328,AC,rape_str,1819.0,40.74964965210505
CLUSTER_332,AC,cattle_man,620.3,28.37420637666374
CLUSTER_332,AC,legume_str,553.2,28.37420637666374
CLUSTER_332,AC,maize_str,50.4,28.37420637666374
CLUSTER_332,AC,rape_str,1546.9,28.37420637666374
CLUSTER_336,AC,legume_str,270.07,19.104133502159254
CLUSTER_336,AC,maize_str,516.74,19.104133502159254
CLUSTER_336,AC,rape_str,912.3,19.104133502159254
CLUSTER_347,AC,legume_str,72.69999999999999,58.89328510236151
CLUSTER_348,AC,legume_str,156.9,21.87878814458621
CLUSTER_348,AC,maize_str,65.0,21.87878814458621
CLUSTER_348,AC,rape_str,718.0,21.87878814458621
CLUSTER_361,AC,legume_str,175.4,30.022818668202248
CLUSTER_361,AC,maize_str,579.6,30.022818668202248
CLUSTER_361,AC,rape_str,169.4,30.022818668202248
CLUSTER_38,AC,beet_leaf,1765.0,17.65526444318084
CLUSTER_38,AC,cattle_man,6536.0,17.65526444318084
CLUSTER_38,AC,legume_str,159.5,17.65526444318084
CLUSTER_38,AC,maize_str,30.0,17.65526444318084
CLUSTER_38,AC,rape_str,891.0,17.65526444318084
CLUSTER_381,AC,legume_str,127.29,57.01659388265323
CLUSTER_381,AC,rape_str,727.9190568074412,57.01659388265323
CLUSTER_389,AC,beet_leaf,8760.0,4.433811967554643
CLUSTER_389,AC,cattle_man,790.9,4.433811967554643
CLUSTER_389,AC,cattle_slu,250.0,4.433811967554643
CLUSTER_389,AC,clover_alfalfa_grass,3283.6,4.433811967554643
CLUSTER_389,AC,horse_man,483.0,4.433811967554643
CLUSTER_389,AC,legume_str,294.0,4.433811967554643
CLUSTER_389,AC,maize_str,132.9,4.433811967554643
CLUSTER_389,AC,rape_str,826.81,4.433811967554643
CLUSTER_395,AC,legume_str,73.81,40.80327134139876
CLUSTER_395,AC,maize_str,582.4,40.80327134139876
CLUSTER_395,AC,rape_str,1105.0,40.80327134139876
CLUSTER_4,AC,beet_leaf,8998.6,12.239941185500232
CLUSTER_4,AC,cattle_man,20439.0,12.239941185500232
CLUSTER_4,AC,legume_str,531.23,12.239941185500232
CLUSTER_4,AC,maize_str,287.90000000000003,12.239941185500232
CLUSTER_4,AC,rape_str,2234.4,12.239941185500232
CLUSTER_405,AC,legume_str,321.95,27.93795887923317
CLUSTER_405,AC,maize_str,43.2,27.93795887923317
CLUSTER_405,AC,rape_str,758.7,27.93795887923317
CLUSTER_41,AC,legume_str,35.1,58.978183012448056
CLUSTER_410,AC,legume_str,361.8,39.35822971259149
CLUSTER_410,AC,maize_str,31.67,39.35822971259149
CLUSTER_410,AC,rape_str,2374.0,39.35822971259149
CLUSTER_417,AC,beet_leaf,12800.0,13.032905080408725
CLUSTER_417,AC,cattle_man,11640.0,13.032905080408725
CLUSTER_417,AC,horse_man,430.8,13.032905080408725
CLUSTER_417,AC,legume_str,179.52,13.032905080408725
CLUSTER_417,AC,maize_str,88.36,13.032905080408725
CLUSTER_417,AC,rape_str,677.4,13.032905080408725
CLUSTER_418,AC,legume_str,130.8,42.77735030790592
CLUSTER_418,AC,maize_str,247.58,42.77735030790592
CLUSTER_418,AC,rape_str,1244.0,42.77735030790592
CLUSTER_420,AC,legume_str,308.5,38.14475866060643
CLUSTER_420,AC,maize_str,18.3,38.14475866060643
CLUSTER_420,AC,rape_str,472.0,38.14475866060643
CLUSTER_421,AC,legume_str,191.0,47.89957752482319
CLUSTER_421,AC,maize_str,277.1,47.89957752482319
CLUSTER_421,AC,rape_str,740.8,47.89957752482319
CLUSTER_424,AC,legume_str,524.5,38.12684059550613
CLUSTER_424,AC,maize_str,42.1,38.12684059550613
CLUSTER_424,AC,rape_str,2239.8,38.12684059550613
CLUSTER_430,AC,legume_str,108.18,54.40422936669167
CLUSTER_430,AC,maize_str,59.93000000000001,54.40422936669167
CLUSTER_430,AC,rape_str,1226.0,54.40422936669167
CLUSTER_445,AC,legume_str,171.5,41.142315950933146
CLUSTER_445,AC,maize_str,620.6,41.142315950933146
CLUSTER_445,AC,rape_str,1059.0,41.142315950933146
CLUSTER_449,AC,legume_str,67.55,60.59537910413217
CLUSTER_454,AC,legume_str,117.9,61.1694461128445
CLUSTER_455,AC,legume_str,362.4,48.95620075651154
CLUSTER_455,AC,maize_str,263.67,48.95620075651154
CLUSTER_455,AC,rape_str,1213.0,48.95620075651154
CLUSTER_46,AC,legume_str,245.43999999999997,40.06674807895632
CLUSTER_46,AC,maize_str,216.072,40.06674807895632
CLUSTER_46,AC,rape_str,1841.4,40.06674807895632
CLUSTER_462,AC,legume_str,58.4,57.61538207269331
CLUSTER_468,AC,legume_str,142.73,48.20138492730279
CLUSTER_468,AC,maize_str,120.0,48.20138492730279
CLUSTER_468,AC,rape_str,574.4,48.20138492730279
CLUSTER_483,AC,legume_str,415.5,32.27629024765568
CLUSTER_483,AC,maize_str,387.2,32.27629024765568
CLUSTER_483,AC,rape_str,440.9,32.27629024765568
CLUSTER_486,AC,legume_str,57.1,49.298284526083016
CLUSTER_486,AC,maize_str,23.9,49.298284526083016
CLUSTER_486,AC,rape_str,303.0,49.298284526083016
CLUSTER_487,AC,cattle_man,16400.0,19.726384971354506
CLUSTER_487,AC,horse_man,431.5,19.726384971354506
CLUSTER_487,AC,legume_str,702.12,19.726384971354506
CLUSTER_487,AC,maize_str,637.4,19.726384971354506
CLUSTER_487,AC,rape_str,1529.0,19.726384971354506
CLUSTER_49,AC,legume_str,470.832,31.788051974287825
CLUSTER_49,AC,maize_str,516.3,31.788051974287825
CLUSTER_49,AC,rape_str,2778.0,31.788051974287825
CLUSTER_491,AC,legume_str,275.7,42.80831726721812
CLUSTER_491,AC,maize_str,50.9,42.80831726721812
CLUSTER_491,AC,rape_str,1665.0,42.80831726721812
CLUSTER_494,AC,legume_str,89.8,37.89180744288675
CLUSTER_494,AC,maize_str,343.7,37.89180744288675
CLUSTER_494,AC,rape_str,500.2,37.89180744288675
CLUSTER_497,AC,legume_str,206.1,42.00907316690835
CLUSTER_497,AC,maize_str,25.5,42.00907316690835
CLUSTER_497,AC,rape_str,1290.0,42.00907316690835
CLUSTER_506,AC,legume_str,340.0,36.17812801562913
CLUSTER_506,AC,maize_str,146.4,36.17812801562913
CLUSTER_506,AC,rape_str,1143.0,36.17812801562913
CLUSTER_517,AC,legume_str,119.6,41.60888893025875
CLUSTER_517,AC,maize_str,38.76,41.60888893025875
CLUSTER_517,AC,rape_str,729.3,41.60888893025875
CLUSTER_525,AC,legume_str,32.37,53.54703786456551
CLUSTER_525,AC,maize_str,16.1,53.54703786456551
CLUSTER_525,AC,rape_str,758.0,53.54703786456551
CLUSTER_530,AC,legume_str,212.8,61.65616485968727
CLUSTER_532,AC,legume_str,85.86,49.21976800169242
CLUSTER_532,AC,maize_str,67.89999999999999,49.21976800169242
CLUSTER_532,AC,rape_str,590.2,49.21976800169242
CLUSTER_538,AC,legume_str,213.05,43.12976931395404
CLUSTER_538,AC,maize_str,24.6,43.12976931395404
CLUSTER_538,AC,rape_str,957.0,43.12976931395404
CLUSTER_75,AC,beet_leaf,6044.0,14.621227960172902
CLUSTER_75,AC,legume_str,172.5,14.621227960172902
CLUSTER_75,AC,maize_str,550.06,14.621227960172902
CLUSTER_75,AC,rape_str,1046.1,14.621227960172902
CLUSTER_80,AC,legume_str,346.7,51.16022126170169
CLUSTER_80,AC,maize_str,115.0,51.16022126170169
CLUSTER_80,AC,rape_str,3516.0,51.16022126170169
CLUSTER_87,AC,legume_str,729.0,29.58140733855816
CLUSTER_87,AC,maize_str,676.6,29.58140733855816
CLUSTER_87,AC,rape_str,922.9,29.58140733855816
CLUSTER_88,AC,legume_str,227.87,50.45245918828601
CLUSTER_88,AC,maize_str,94.46,50.45245918828601
CLUSTER_88,AC,rape_str,1116.4,50.45245918828601
CLUSTER_95,AC,legume_str,380.1,58.844133043335866
CLUSTER_97,AC,horse_man,1266.8,24.494480129654477
CLUSTER_97,AC,legume_str,684.7,24.494480129654477
CLUSTER_97,AC,maize_str,150.8,24.494480129654477
CLUSTER_97,AC,rape_str,3629.0,24.494480129654477
CLUSTER_0,AF,cattle_man,28890.0,15.47169388329226
CLUSTER_0,AF,cattle_slu,89880.0,15.47169388329226
CLUSTER_0,AF,horse_man,2610.0,15.47169388329226
CLUSTER_0,AF,legume_str,690.7,15.47169388329226
CLUSTER_0,AF,pig_man,1695.2,15.47169388329226
CLUSTER_0,AF,rape_str,1701.9,15.47169388329226
CLUSTER_121,AF,cattle_man,11370.0,27.99295761961223
CLUSTER_121,AF,horse_man,2073.0,27.99295761961223
CLUSTER_135,AF,cattle_man,35210.0,16.97507833596206
CLUSTER_135,AF,cattle_slu,152400.0,16.97507833596206
CLUSTER_135,AF,horse_man,2847.0,16.97507833596206
CLUSTER_135,AF,legume_str,330.2,16.97507833596206
CLUSTER_135,AF,pig_man,159.368,16.97507833596206
CLUSTER_149,AF,cattle_man,19570.0,18.512903477114392
CLUSTER_149,AF,cattle_slu,98800.0,18.512903477114392
CLUSTER_149,AF,horse_man,2613.8,18.512903477114392
CLUSTER_149,AF,legume_str,27.93,18.512903477114392
CLUSTER_149,AF,pig_man,19.0894,18.512903477114392
CLUSTER_192,AF,cattle_man,3130.0,57.00629037958849
CLUSTER_192,AF,horse_man,605.0,57.00629037958849
CLUSTER_203,AF,cattle_man,28660.0,8.451417175528896
CLUSTER_203,AF,cattle_slu,104700.608,8.451417175528896
CLUSTER_203,AF,horse_man,3313.0,8.451417175528896
CLUSTER_203,AF,legume_str,259.1,8.451417175528896
CLUSTER_203,AF,pig_man,696.08362,8.451417175528896
CLUSTER_203,AF,rape_str,472.3,8.451417175528896
CLUSTER_205,AF,horse_man,3447.0,21.098564796282798
CLUSTER_205,AF,pig_man,123.23616,21.098564796282798
CLUSTER_244,AF,cattle_man,18650.0,20.2571451814964
CLUSTER_244,AF,horse_man,3070.0,20.2571451814964
CLUSTER_244,AF,legume_str,50.040000000000006,20.2571451814964
CLUSTER_308,AF,cattle_man,2235.0,39.55987449906771
CLUSTER_308,AF,horse_man,482.0,39.55987449906771
CLUSTER_319,AF,cattle_man,9700.0,19.36067880520195
CLUSTER_319,AF,cattle_slu,26490.0,19.36067880520195
CLUSTER_319,AF,horse_man,1821.5,19.36067880520195
CLUSTER_319,AF,legume_str,497.00000000000006,19.36067880520195
CLUSTER_319,AF,pig_man,343.0,19.36067880520195
CLUSTER_319,AF,rape_str,429.0,19.36067880520195
CLUSTER_350,AF,cattle_man,14500.0,8.67817440440637
CLUSTER_350,AF,cattle_slu,66000.0,8.67817440440637
CLUSTER_350,AF,horse_man,2875.0,8.67817440440637
CLUSTER_350,AF,legume_str,207.8,8.67817440440637
CLUSTER_350,AF,pig_man,183.62,8.67817440440637
CLUSTER_350,AF,rape_str,241.9,8.67817440440637
CLUSTER_374,AF,cattle_man,5400.0,51.21890793694082
CLUSTER_374,AF,horse_man,1839.0,51.21890793694082
CLUSTER_378,AF,cattle_man,31200.0,18.26392596952106
CLUSTER_378,AF,horse_man,1373.0,18.26392596952106
CLUSTER_378,AF,legume_str,300.1,18.26392596952106
CLUSTER_378,AF,pig_man,297.007,18.26392596952106
CLUSTER_378,AF,rape_str,180.6,18.26392596952106
CLUSTER_440,AF,cattle_man,13440.0,16.934102595136128
CLUSTER_440,AF,cattle_slu,62200.0,16.934102595136128
CLUSTER_440,AF,horse_man,2708.0,16.934102595136128
CLUSTER_440,AF,legume_str,29.39999999416715,16.934102595136128
CLUSTER_448,AF,cattle_man,3200.0,34.99660345190119
CLUSTER_448,AF,horse_man,654.0,34.99660345190119
CLUSTER_474,AF,horse_man,1341.0,23.842868130870187
CLUSTER_482,AF,cattle_man,16500.0,20.031424090081934
CLUSTER_482,AF,cattle_slu,40725.17271672127,20.031424090081934
CLUSTER_482,AF,horse_man,1167.3,20.031424090081934
CLUSTER_482,AF,legume_str,62.8,20.031424090081934
CLUSTER_482,AF,pig_man,28.99635,20.031424090081934
CLUSTER_58,AF,cattle_man,49010.0,8.969948882637581
CLUSTER_58,AF,cattle_slu,201870.0,8.969948882637581
CLUSTER_58,AF,horse_man,3739.6,8.969948882637581
CLUSTER_58,AF,legume_str,822.0,8.969948882637581
CLUSTER_58,AF,pig_man,585.7193,8.969948882637581
CLUSTER_58,AF,rape_str,948.0,8.969948882637581
CLUSTER_81,AF,cattle_man,26470.0,26.356827332374188
CLUSTER_81,AF,horse_man,1535.0,26.356827332374188
CLUSTER_81,AF,pig_man,12.9891,26.356827332374188
CLUSTER_85,AF,cattle_man,17750.0,34.31291042533058
CLUSTER_85,AF,horse_man,2141.0,34.31291042533058
CLUSTER_85,AF,pig_man,109.26269999132,34.31291042533058
CLUSTER_93,AF,cattle_man,44710.0,26.820651272634716
CLUSTER_93,AF,horse_man,4360.0,26.820651272634716
CLUSTER_93,AF,pig_man,56.56499999132001,26.820651272634716
CLUSTER_100,AG,cattle_man,9536.0,34.722170351612064
CLUSTER_100,AG,horse_man,770.642083774962,34.722170351612064
CLUSTER_100,AG,pig_man,69.61,34.722170351612064
CLUSTER_107,AG,cattle_man,13402.1,10.56501141273387
CLUSTER_107,AG,cattle_slu,55620.0,10.56501141273387
CLUSTER_107,AG,horse_man,1668.9,10.56501141273387
CLUSTER_107,AG,pig_man,993.2,10.56501141273387
CLUSTER_116,AG,cattle_man,856.0,45.255269829943245
CLUSTER_116,AG,horse_man,1251.9999999997929,45.255269829943245
CLUSTER_116,AG,pig_man,144.5,45.255269829943245
CLUSTER_132,AG,pig_man,943.9,53.8952942646602
CLUSTER_138,AG,cattle_man,10203.0,32.57303200776074
CLUSTER_138,AG,horse_man,665.0999999999998,32.57303200776074
CLUSTER_138,AG,pig_man,1203.8,32.57303200776074
CLUSTER_144,AG,cattle_man,16190.000000000004,18.43546271509653
CLUSTER_144,AG,cattle_slu,62869.99999999999,18.43546271509653
CLUSTER_144,AG,horse_man,1888.0,18.43546271509653
CLUSTER_144,AG,pig_man,1094.5,18.43546271509653
CLUSTER_152,AG,cattle_man,3361.0,14.18429944327535
CLUSTER_152,AG,cattle_slu,14125.0,14.18429944327535
CLUSTER_152,AG,horse_man,2493.3000000000006,14.18429944327535
CLUSTER_152,AG,pig_man,174.14849999999998,14.18429944327535
CLUSTER_162,AG,cattle_man,4108.422999999965,53.10288793934818
CLUSTER_162,AG,horse_man,3375.9000000000005,53.10288793934818
CLUSTER_162,AG,pig_man,126.94,53.10288793934818
CLUSTER_182,AG,cattle_man,9590.0,23.233009433196788
CLUSTER_182,AG,horse_man,2035.0,23.233009433196788
CLUSTER_182,AG,pig_man,1527.0,23.233009433196788
CLUSTER_212,AG,pig_man,132.0,67.68327608738772
CLUSTER_229,AG,horse_man,466.3,53.07305258793088
CLUSTER_229,AG,pig_man,38.028209,53.07305258793088
CLUSTER_235,AG,cattle_man,3182.0000000000155,40.6507042527389
CLUSTER_235,AG,horse_man,1307.7,40.6507042527389
CLUSTER_235,AG,pig_man,439.78,40.6507042527389
CLUSTER_239,AG,cattle_man,3789.0,29.04936121885101
CLUSTER_239,AG,horse_man,2882.5,29.04936121885101
CLUSTER_239,AG,pig_man,931.74,29.04936121885101
CLUSTER_256,AG,cattle_man,2666.96,25.45652834426605
CLUSTER_256,AG,horse_man,2930.0,25.45652834426605
CLUSTER_256,AG,pig_man,14.8359,25.45652834426605
CLUSTER_263,AG,cattle_man,11151.51,8.890682492407219
CLUSTER_263,AG,cattle_slu,31750.0,8.890682492407219
CLUSTER_263,AG,horse_man,3264.9999999999995,8.890682492407219
CLUSTER_263,AG,pig_man,198.21,8.890682492407219
CLUSTER_297,AG,cattle_man,11530.0,22.937595299618057
CLUSTER_297,AG,horse_man,3459.0,22.937595299618057
CLUSTER_297,AG,pig_man,153.126,22.937595299618057
CLUSTER_306,AG,cattle_man,13760.0,39.73649194993655
CLUSTER_306,AG,horse_man,2610.0,39.73649194993655
CLUSTER_306,AG,pig_man,479.4,39.73649194993655
CLUSTER_315,AG,cattle_man,6294.0,16.607366733291336
CLUSTER_315,AG,cattle_slu,14507.09,16.607366733291336
CLUSTER_315,AG,horse_man,1179.8,16.607366733291336
CLUSTER_315,AG,pig_man,304.38530000000003,16.607366733291336
CLUSTER_324,AG,cattle_man,6315.0,9.014158379711928
CLUSTER_324,AG,cattle_slu,15461.0,9.014158379711928
CLUSTER_324,AG,horse_man,736.19,9.014158379711928
CLUSTER_324,AG,pig_man,258.47,9.014158379711928
CLUSTER_338,AG,cattle_man,6102.53,20.6368580841521
CLUSTER_338,AG,horse_man,816.0,20.6368580841521
CLUSTER_338,AG,pig_man,496.0,20.6368580841521
CLUSTER_339,AG,horse_man,2136.8,42.18381812802378
CLUSTER_339,AG,pig_man,586.97,42.18381812802378
CLUSTER_34,AG,cattle_man,4823.299999999958,34.99082972319327
CLUSTER_34,AG,horse_man,3660.299999999969,34.99082972319327
CLUSTER_34,AG,pig_man,547.047,34.99082972319327
CLUSTER_340,AG,cattle_man,979.0,52.21135032092727
CLUSTER_340,AG,horse_man,1279.0000000000002,52.21135032092727
CLUSTER_340,AG,pig_man,150.7,52.21135032092727
CLUSTER_342,AG,cattle_man,4948.0,19.195536577965655
CLUSTER_342,AG,cattle_slu,12881.218391186852,19.195536577965655
CLUSTER_342,AG,horse_man,2247.0,19.195536577965655
CLUSTER_342,AG,pig_man,109.9,19.195536577965655
CLUSTER_344,AG,cattle_man,9980.0,33.833758267536346
CLUSTER_344,AG,horse_man,1961.0,33.833758267536346
CLUSTER_344,AG,pig_man,347.5,33.833758267536346
CLUSTER_345,AG,cattle_man,8870.0,22.031912477569467
CLUSTER_345,AG,horse_man,3059.0,22.031912477569467
CLUSTER_345,AG,pig_man,131.752025,22.031912477569467
CLUSTER_349,AG,cattle_man,4717.0,50.42041279100419
CLUSTER_349,AG,horse_man,668.0,50.42041279100419
CLUSTER_349,AG,pig_man,105.746,50.42041279100419
CLUSTER_353,AG,horse_man,840.0,35.86020753165155
CLUSTER_353,AG,pig_man,473.0,35.86020753165155
CLUSTER_373,AG,horse_man,1879.8,60.37486696382784
CLUSTER_376,AG,cattle_man,2955.0,27.78531370577166
CLUSTER_376,AG,horse_man,494.96000000000004,27.78531370577166
CLUSTER_376,AG,pig_man,263.4000241,27.78531370577166
CLUSTER_415,AG,cattle_man,6170.0,28.77319372845208
CLUSTER_427,AG,cattle_man,8930.0,21.78871847718008
CLUSTER_427,AG,horse_man,3104.500000000537,21.78871847718008
CLUSTER_427,AG,pig_man,799.2,21.78871847718008
CLUSTER_43,AG,cattle_man,697.37,30.713154069799558
CLUSTER_43,AG,horse_man,1609.1999999999998,30.713154069799558
CLUSTER_43,AG,pig_man,36.5,30.713154069799558
CLUSTER_431,AG,cattle_man,3900.2000000000003,39.738892878823904
CLUSTER_431,AG,horse_man,1912.0,39.738892878823904
CLUSTER_431,AG,pig_man,238.34,39.738892878823904
CLUSTER_447,AG,cattle_man,6209.999999999999,27.07491799691318
CLUSTER_447,AG,horse_man,3973.0,27.07491799691318
CLUSTER_447,AG,pig_man,67.14,27.07491799691318
CLUSTER_452,AG,horse_man,922.0,60.70080314903423
CLUSTER_452,AG,pig_man,550.0,60.70080314903423
CLUSTER_458,AG,cattle_man,4990.0,25.305578104938707
CLUSTER_458,AG,horse_man,2320.0,25.305578104938707
CLUSTER_464,AG,cattle_man,4492.0,31.21432463809152
CLUSTER_464,AG,horse_man,752.0,31.21432463809152
CLUSTER_464,AG,pig_man,54.032,31.21432463809152
CLUSTER_478,AG,horse_man,340.1,44.51467450918654
CLUSTER_478,AG,pig_man,35.400000000000006,44.51467450918654
CLUSTER_485,AG,cattle_man,3740.0,31.52655348666595
CLUSTER_485,AG,horse_man,1447.0,31.52655348666595
CLUSTER_485,AG,pig_man,19.72,31.52655348666595
CLUSTER_495,AG,cattle_man,7770.0,18.453660108279127
CLUSTER_495,AG,cattle_slu,28160.0,18.453660108279127
CLUSTER_495,AG,horse_man,1575.0,18.453660108279127
CLUSTER_495,AG,pig_man,180.446,18.453660108279127
CLUSTER_496,AG,horse_man,451.0,46.78643815687401
CLUSTER_496,AG,pig_man,687.3,46.78643815687401
CLUSTER_499,AG,cattle_man,4370.0,1.0540602851148675
CLUSTER_499,AG,cattle_slu,14880.0,1.0540602851148675
CLUSTER_499,AG,horse_man,3670.0000000000005,1.0540602851148675
CLUSTER_499,AG,pig_man,128.13,1.0540602851148675
CLUSTER_499,AG,pig_slu,2890.0,1.0540602851148675
CLUSTER_504,AG,horse_man,1033.0,60.09310896726605
CLUSTER_504,AG,pig_man,442.0,60.09310896726605
CLUSTER_507,AG,cattle_man,9890.0,32.361470905685
CLUSTER_511,AG,cattle_man,2498.0,34.32992059339723
CLUSTER_511,AG,horse_man,1308.3100000000002,34.32992059339723
CLUSTER_511,AG,pig_man,317.6,34.32992059339723
CLUSTER_52,AG,horse_man,1083.1000000000001,61.76420826871716
CLUSTER_52,AG,pig_man,917.46,61.76420826871716
CLUSTER_534,AG,cattle_man,2189.0,24.099521130849972
CLUSTER_534,AG,horse_man,1873.6,24.099521130849972
CLUSTER_534,AG,pig_man,1003.0,24.099521130849972
CLUSTER_545,AG,cattle_man,1080.000000017935,48.61577287433303
CLUSTER_545,AG,horse_man,1719.0,48.61577287433303
CLUSTER_545,AG,pig_man,227.1,48.61577287433303
CLUSTER_57,AG,cattle_man,1262.9,40.07888034367253
CLUSTER_63,AG,cattle_man,14627.0,9.808761589977026
CLUSTER_63,AG,cattle_slu,44460.0,9.808761589977026
CLUSTER_63,AG,horse_man,6166.0,9.808761589977026
CLUSTER_63,AG,pig_man,79.20406,9.808761589977026
CLUSTER_83,AG,horse_man,2092.0,42.53726757065992
CLUSTER_83,AG,pig_man,44.2,42.53726757065992
CLUSTER_9,AG,horse_man,1859.2,50.45766803223637
CLUSTER_9,AG,pig_man,1813.0,50.45766803223637
CLUSTER_109,AM,cattle_man,10424.0,28.28974097163416
CLUSTER_109,AM,horse_man,2924.0,28.28974097163416
CLUSTER_109,AM,pig_man,121.22265,28.28974097163416
CLUSTER_125,AM,horse_man,653.0,65.71589830776517
CLUSTER_130,AM,cattle_man,16581.0,26.28863587690132
CLUSTER_130,AM,horse_man,373.2,26.28863587690132
CLUSTER_130,AM,pig_man,304.35,26.28863587690132
CLUSTER_140,AM,cattle_man,7209.0,44.74037121766866
CLUSTER_140,AM,horse_man,867.0,44.74037121766866
CLUSTER_143,AM,cattle_man,20920.0,13.568124974114816
CLUSTER_143,AM,cattle_slu,94100.0,13.568124974114816
CLUSTER_143,AM,horse_man,1329.0,13.568124974114816
CLUSTER_143,AM,pig_man,52.20089,13.568124974114816
CLUSTER_150,AM,cattle_man,18940.0,16.73656394146973
CLUSTER_150,AM,cattle_slu,87300.0,16.73656394146973
CLUSTER_150,AM,horse_man,998.0,16.73656394146973
CLUSTER_150,AM,pig_man,605.1,16.73656394146973
CLUSTER_17,AM,cattle_man,9480.0,19.763756302018727
CLUSTER_17,AM,horse_man,663.59,19.763756302018727
CLUSTER_17,AM,pig_man,202.955,19.763756302018727
CLUSTER_175,AM,cattle_man,2182.272,50.51040472880132
CLUSTER_175,AM,horse_man,1207.3,50.51040472880132
CLUSTER_175,AM,pig_man,35.4,50.51040472880132
CLUSTER_186,AM,horse_man,1340.3507903330271,60.20590356418075
CLUSTER_186,AM,pig_man,471.4,60.20590356418075
CLUSTER_195,AM,cattle_man,17240.0,27.14775464186379
CLUSTER_195,AM,horse_man,1276.5,27.14775464186379
CLUSTER_195,AM,pig_man,34.13825,27.14775464186379
CLUSTER_223,AM,cattle_man,9326.0,40.63884266011453
CLUSTER_223,AM,horse_man,1582.6,40.63884266011453
CLUSTER_223,AM,pig_man,439.438657,40.63884266011453
CLUSTER_231,AM,cattle_man,13870.0,24.41667445922412
CLUSTER_231,AM,horse_man,1176.0,24.41667445922412
CLUSTER_231,AM,pig_man,10.6436,24.41667445922412
CLUSTER_240,AM,cattle_man,402.04,44.29513735182129
CLUSTER_240,AM,horse_man,172.5,44.29513735182129
CLUSTER_240,AM,pig_man,24.931,44.29513735182129
CLUSTER_241,AM,cattle_man,10430.0,41.67356869585599
CLUSTER_241,AM,horse_man,968.1,41.67356869585599
CLUSTER_254,AM,cattle_man,8256.0,46.21808212308057
CLUSTER_254,AM,horse_man,1711.5,46.21808212308057
CLUSTER_280,AM,cattle_man,7664.0,19.16742307798017
CLUSTER_280,AM,horse_man,1101.277,19.16742307798017
CLUSTER_280,AM,pig_man,171.3,19.16742307798017
CLUSTER_284,AM,cattle_man,1152.783,44.89721623616551
CLUSTER_284,AM,horse_man,195.4,44.89721623616551
CLUSTER_284,AM,pig_man,447.9,44.89721623616551
CLUSTER_290,AM,cattle_man,4269.0,53.33581846012655
CLUSTER_290,AM,horse_man,887.0,53.33581846012655
CLUSTER_290,AM,pig_man,122.18799999999999,53.33581846012655
CLUSTER_295,AM,cattle_man,1036.53,37.56956780728988
CLUSTER_295,AM,horse_man,46.7,37.56956780728988
CLUSTER_301,AM,cattle_man,2641.0,35.708600171395084
CLUSTER_301,AM,horse_man,760.0,35.708600171395084
CLUSTER_301,AM,pig_man,225.23,35.708600171395084
CLUSTER_31,AM,cattle_man,11270.176,35.963343885028465
CLUSTER_31,AM,horse_man,3786.0,35.963343885028465
CLUSTER_31,AM,pig_man,390.4,35.963343885028465
CLUSTER_311,AM,cattle_man,22700.0,18.947555510382205
CLUSTER_311,AM,horse_man,1250.5,18.947555510382205
CLUSTER_321,AM,cattle_man,2184.0,48.69183763889458
CLUSTER_321,AM,horse_man,1668.0,48.69183763889458
CLUSTER_321,AM,pig_man,53.32708,48.69183763889458
CLUSTER_33,AM,cattle_man,6952.0,38.99015067327496
CLUSTER_33,AM,horse_man,1803.0,38.99015067327496
CLUSTER_333,AM,cattle_man,11300.0,36.94350191762816
CLUSTER_333,AM,horse_man,712.5,36.94350191762816
CLUSTER_343,AM,cattle_man,10540.0,15.390416213599426
CLUSTER_343,AM,cattle_slu,47200.0,15.390416213599426
CLUSTER_343,AM,horse_man,329.269,15.390416213599426
CLUSTER_343,AM,pig_man,296.7,15.390416213599426
CLUSTER_370,AM,cattle_man,11090.0,29.11178136395805
CLUSTER_370,AM,horse_man,1921.0,29.11178136395805
CLUSTER_370,AM,pig_man,15.373134,29.11178136395805
CLUSTER_372,AM,cattle_man,9440.0,21.229933113733004
CLUSTER_372,AM,horse_man,1283.0,21.229933113733004
CLUSTER_372,AM,pig_man,127.52,21.229933113733004
CLUSTER_385,AM,cattle_man,5530.0,32.24587733573985
CLUSTER_385,AM,horse_man,616.3,32.24587733573985
CLUSTER_385,AM,pig_man,407.79,32.24587733573985
CLUSTER_397,AM,cattle_man,5686.0,46.201156660527424
CLUSTER_397,AM,horse_man,797.2,46.201156660527424
CLUSTER_397,AM,pig_man,80.291,46.201156660527424
CLUSTER_399,AM,pig_man,646.33,64.39282534794184
CLUSTER_406,AM,cattle_man,16790.0,36.50639868899079
CLUSTER_406,AM,horse_man,1539.0,36.50639868899079
CLUSTER_406,AM,pig_man,52.746,36.50639868899079
CLUSTER_408,AM,cattle_man,7585.8,32.05164712664598
CLUSTER_408,AM,horse_man,3122.0,32.05164712664598
CLUSTER_408,AM,pig_man,511.6000000000001,32.05164712664598
CLUSTER_429,AM,cattle_man,6420.0,23.21267501444529
CLUSTER_429,AM,horse_man,723.0,23.21267501444529
CLUSTER_439,AM,cattle_man,12440.0,24.577369899733167
CLUSTER_439,AM,horse_man,163.7,24.577369899733167
CLUSTER_439,AM,pig_man,625.9,24.577369899733167
CLUSTER_45,AM,cattle_man,15750.0,35.74695054316808
CLUSTER_45,AM,horse_man,1188.0,35.74695054316808
CLUSTER_45,AM,pig_man,55.502,35.74695054316808
CLUSTER_453,AM,cattle_man,163.9,44.89615156448804
CLUSTER_453,AM,horse_man,209.4,44.89615156448804
CLUSTER_453,AM,pig_man,269.0,44.89615156448804
CLUSTER_470,AM,cattle_man,25970.0,29.962906440121
CLUSTER_470,AM,horse_man,1289.0,29.962906440121
CLUSTER_470,AM,pig_man,190.5,29.962906440121
CLUSTER_472,AM,cattle_man,24810.0,7.3143087899291315
CLUSTER_472,AM,cattle_slu,106200.0,7.3143087899291315
CLUSTER_472,AM,horse_man,709.0,7.3143087899291315
CLUSTER_472,AM,pig_man,22.5159,7.3143087899291315
CLUSTER_477,AM,cattle_man,6130.0,27.322831491600382
CLUSTER_477,AM,horse_man,908.0,27.322831491600382
CLUSTER_484,AM,cattle_man,10650.0,6.243354706539414
CLUSTER_484,AM,cattle_slu,42730.0,6.243354706539414
CLUSTER_484,AM,horse_man,420.9,6.243354706539414
CLUSTER_484,AM,legume_str,72.6,6.243354706539414
CLUSTER_484,AM,pig_man,64.9729,6.243354706539414
CLUSTER_50,AM,cattle_man,17080.0,32.94426643558807
CLUSTER_50,AM,horse_man,1154.13,32.94426643558807
CLUSTER_50,AM,pig_man,604.7121,32.94426643558807
CLUSTER_503,AM,cattle_man,1023.7099999999999,45.415231549566585
CLUSTER_503,AM,horse_man,847.1,45.415231549566585
CLUSTER_505,AM,cattle_man,10770.0,39.91223098752661
CLUSTER_509,AM,cattle_man,10453.0,13.919222811874244
CLUSTER_509,AM,cattle_slu,44128.0,13.919222811874244
CLUSTER_509,AM,horse_man,798.0,13.919222811874244
CLUSTER_509,AM,pig_man,70.445,13.919222811874244
CLUSTER_520,AM,cattle_man,3690.0,46.500861378112674
CLUSTER_520,AM,horse_man,799.0,46.500861378112674
CLUSTER_542,AM,cattle_man,20360.0,16.0854101026514
CLUSTER_542,AM,cattle_slu,101000.0,16.0854101026514
CLUSTER_542,AM,horse_man,1452.1,16.0854101026514
CLUSTER_542,AM,pig_man,564.19,16.0854101026514
CLUSTER_7,AM,cattle_man,6818.0,49.64623554858069
CLUSTER_7,AM,horse_man,843.8,49.64623554858069
CLUSTER_7,AM,pig_man,353.272,49.64623554858069
CLUSTER_89,AM,horse_man,1274.4,58.7839628822136
CLUSTER_89,AM,pig_man,499.7749999999999,58.7839628822136
CLUSTER_91,AM,cattle_man,1586.06,40.61876464193664
CLUSTER_91,AM,horse_man,619.6,40.61876464193664
CLUSTER_91,AM,pig_man,218.0,40.61876464193664
CLUSTER_99,AM,cattle_man,18960.0,6.302892696727512
CLUSTER_99,AM,cattle_slu,98580.0,6.302892696727512
CLUSTER_99,AM,horse_man,170.398,6.302892696727512
CLUSTER_99,AM,legume_str,144.0,6.302892696727512
CLUSTER_99,AM,pig_man,173.7,6.302892696727512
CLUSTER_100,AN,horse_man,3154.857916225038,36.98533102481247
CLUSTER_122,AN,pig_man,40.78257,32.63847422226349
CLUSTER_126,AN,cattle_man,6163.0,42.98865980297714
CLUSTER_126,AN,horse_man,1435.2,42.98865980297714
CLUSTER_126,AN,pig_man,1604.4323326457654,42.98865980297714
CLUSTER_131,AN,cattle_man,9440.0,33.71010580396915
CLUSTER_131,AN,horse_man,1232.0,33.71010580396915
CLUSTER_142,AN,cattle_man,32190.000000000004,14.397544681217456
CLUSTER_142,AN,cattle_slu,156000.0,14.397544681217456
CLUSTER_142,AN,horse_man,1981.9999999999998,14.397544681217456
CLUSTER_142,AN,pig_man,67.2671,14.397544681217456
CLUSTER_151,AN,pig_man,33.274,41.80470365228637
CLUSTER_165,AN,cattle_man,8970.0,24.458873977912443
CLUSTER_165,AN,horse_man,1926.7,24.458873977912443
CLUSTER_165,AN,pig_man,1019.9,24.458873977912443
CLUSTER_205,AN,cattle_man,16567.0,15.80724475456108
CLUSTER_205,AN,cattle_slu,67010.0,15.80724475456108
CLUSTER_22,AN,cattle_man,44030.0,2.3426207776325008
CLUSTER_22,AN,cattle_slu,203300.0,2.3426207776325008
CLUSTER_22,AN,horse_man,2301.0,2.3426207776325008
CLUSTER_22,AN,pig_man,696.0,2.3426207776325008
CLUSTER_22,AN,pig_slu,11616.0,2.3426207776325008
CLUSTER_257,AN,horse_man,1598.0,53.87571643529464
CLUSTER_257,AN,pig_man,1704.41,53.87571643529464
CLUSTER_279,AN,cattle_man,21730.0,18.067696356495624
CLUSTER_279,AN,horse_man,1665.3,18.067696356495624
CLUSTER_279,AN,pig_man,723.8400164000001,18.067696356495624
CLUSTER_288,AN,cattle_man,23510.0,22.05615585444728
CLUSTER_288,AN,horse_man,1884.0,22.05615585444728
CLUSTER_288,AN,pig_man,786.0,22.05615585444728
CLUSTER_300,AN,cattle_man,12150.0,27.51336770666065
CLUSTER_300,AN,horse_man,6326.0,27.51336770666065
CLUSTER_300,AN,pig_man,581.8449999999999,27.51336770666065
CLUSTER_323,AN,cattle_man,18150.0,13.257054541720343
CLUSTER_323,AN,cattle_slu,79000.0,13.257054541720343
CLUSTER_323,AN,horse_man,2339.0,13.257054541720343
CLUSTER_323,AN,pig_man,275.81,13.257054541720343
CLUSTER_371,AN,cattle_man,13910.0,27.712659762023847
CLUSTER_371,AN,horse_man,1280.1,27.712659762023847
CLUSTER_371,AN,pig_man,228.32,27.712659762023847
CLUSTER_378,AN,cattle_slu,125900.00000000001,16.08033926342318
CLUSTER_386,AN,cattle_man,420.0,33.98466724418212
CLUSTER_386,AN,horse_man,3289.0,33.98466724418212
CLUSTER_403,AN,cattle_man,9000.0,17.978024349336277
CLUSTER_403,AN,cattle_slu,39500.0,17.978024349336277
CLUSTER_403,AN,horse_man,1197.0,17.978024349336277
CLUSTER_423,AN,cattle_man,22380.0,18.049356558028663
CLUSTER_423,AN,cattle_slu,37630.819513043236,18.049356558028663
CLUSTER_423,AN,horse_man,1678.0106,18.049356558028663
CLUSTER_423,AN,pig_man,669.519,18.049356558028663
CLUSTER_441,AN,cattle_man,3147.0,46.06644494586082
CLUSTER_441,AN,horse_man,821.0,46.06644494586082
CLUSTER_441,AN,pig_man,1272.0,46.06644494586082
CLUSTER_466,AN,cattle_man,13690.0,30.34557339125552
CLUSTER_466,AN,horse_man,4155.0,30.34557339125552
CLUSTER_466,AN,pig_man,43.27128999999999,30.34557339125552
CLUSTER_498,AN,cattle_man,3436.0,31.139033787896707
CLUSTER_498,AN,horse_man,2767.0,31.139033787896707
CLUSTER_523,AN,cattle_man,13260.0,20.05225331033948
CLUSTER_523,AN,horse_man,1417.0,20.05225331033948
CLUSTER_523,AN,pig_man,56.7,20.05225331033948
CLUSTER_544,AN,cattle_man,5520.0,30.503848040247476
CLUSTER_544,AN,pig_man,15.550000000000002,30.503848040247476
CLUSTER_57,AN,horse_man,1420.0,42.13230725122176
CLUSTER_64,AN,cattle_slu,117990.0,17.342164938245727
CLUSTER_69,AN,cattle_man,40940.0,7.230855262781015
CLUSTER_69,AN,cattle_slu,159380.0,7.230855262781015
CLUSTER_69,AN,horse_man,2441.2,7.230855262781015
CLUSTER_69,AN,pig_man,1247.43,7.230855262781015
CLUSTER_71,AN,cattle_man,8797.0,38.16041909392701
CLUSTER_71,AN,horse_man,2948.9,38.16041909392701
CLUSTER_71,AN,pig_man,226.348,38.16041909392701
CLUSTER_1,AP,cattle_man,7654.55,22.40999120843123
CLUSTER_1,AP,horse_man,642.4,22.40999120843123
CLUSTER_1,AP,pig_man,381.6,22.40999120843123
CLUSTER_101,AP,cattle_man,7667.4141,39.81303331768333
CLUSTER_101,AP,horse_man,1895.41,39.81303331768333
CLUSTER_101,AP,pig_man,311.45,39.81303331768333
CLUSTER_103,AP,cattle_man,2660.0,25.45398931854013
CLUSTER_103,AP,horse_man,678.2,25.45398931854013
CLUSTER_103,AP,pig_man,791.300184,25.45398931854013
CLUSTER_125,AP,pig_man,536.0,65.35317770506768
CLUSTER_141,AP,cattle_man,6618.0,20.443263579199176
CLUSTER_141,AP,horse_man,2815.0,20.443263579199176
CLUSTER_141,AP,pig_man,111.971,20.443263579199176
CLUSTER_145,AP,cattle_man,10356.0,47.27622979353096
CLUSTER_145,AP,horse_man,1174.0,47.27622979353096
CLUSTER_145,AP,pig_man,104.2,47.27622979353096
CLUSTER_15,AP,cattle_man,7650.0,39.57479836363711
CLUSTER_15,AP,horse_man,5057.0,39.57479836363711
CLUSTER_15,AP,pig_man,68.319,39.57479836363711
CLUSTER_160,AP,cattle_man,4365.213337915529,37.04769451923264
CLUSTER_160,AP,horse_man,2174.2,37.04769451923264
CLUSTER_160,AP,pig_man,238.759,37.04769451923264
CLUSTER_169,AP,cattle_man,8425.7,17.25699548643317
CLUSTER_169,AP,cattle_slu,42497.0,17.25699548643317
CLUSTER_169,AP,horse_man,1079.5,17.25699548643317
CLUSTER_169,AP,pig_man,332.076,17.25699548643317
CLUSTER_171,AP,cattle_man,11040.0,17.44250169525492
CLUSTER_171,AP,cattle_slu,39356.706697227935,17.44250169525492
CLUSTER_171,AP,horse_man,1981.0000000000002,17.44250169525492
CLUSTER_171,AP,pig_man,887.0,17.44250169525492
CLUSTER_176,AP,horse_man,750.0,48.57997201147687
CLUSTER_176,AP,pig_man,232.96,48.57997201147687
CLUSTER_183,AP,cattle_man,16594.0,42.39534006448343
CLUSTER_183,AP,horse_man,2503.0,42.39534006448343
CLUSTER_183,AP,pig_man,458.82,42.39534006448343
CLUSTER_188,AP,cattle_man,6172.0,14.177748334237512
CLUSTER_188,AP,cattle_slu,39630.0,14.177748334237512
CLUSTER_188,AP,horse_man,1732.0,14.177748334237512
CLUSTER_188,AP,pig_man,27.346000000000004,14.177748334237512
CLUSTER_190,AP,cattle_man,9509.0,33.34407303638336
CLUSTER_190,AP,horse_man,1595.7,33.34407303638336
CLUSTER_190,AP,pig_man,1086.0,33.34407303638336
CLUSTER_212,AP,horse_man,524.999999999844,64.05734552756307
CLUSTER_219,AP,cattle_man,5290.0,34.6349154286835
CLUSTER_219,AP,horse_man,452.0,34.6349154286835
CLUSTER_219,AP,pig_man,686.0,34.6349154286835
CLUSTER_232,AP,horse_man,3168.0,33.847764189774445
CLUSTER_232,AP,pig_man,245.34999999999997,33.847764189774445
CLUSTER_237,AP,cattle_man,4862.0,23.114757035181796
CLUSTER_237,AP,horse_man,478.63,23.114757035181796
CLUSTER_237,AP,pig_man,687.516,23.114757035181796
CLUSTER_248,AP,cattle_man,377.0,42.66145226411588
CLUSTER_248,AP,horse_man,258.4,42.66145226411588
CLUSTER_248,AP,pig_man,337.0,42.66145226411588
CLUSTER_266,AP,cattle_man,5864.8,9.087331854207228
CLUSTER_266,AP,cattle_slu,34980.0,9.087331854207228
CLUSTER_266,AP,horse_man,271.0126,9.087331854207228
CLUSTER_266,AP,pig_man,616.51,9.087331854207228
CLUSTER_272,AP,cattle_man,3166.900000000009,42.03305630655751
CLUSTER_272,AP,horse_man,1033.0,42.03305630655751
CLUSTER_278,AP,cattle_man,5274.7,40.0663551623588
CLUSTER_278,AP,horse_man,660.7,40.0663551623588
CLUSTER_278,AP,pig_man,334.991,40.0663551623588
CLUSTER_294,AP,cattle_man,6386.0,21.814190502767172
CLUSTER_294,AP,horse_man,1187.9,21.814190502767172
CLUSTER_294,AP,pig_man,937.6,21.814190502767172
CLUSTER_303,AP,cattle_man,3262.0,50.83477693462415
CLUSTER_303,AP,horse_man,1570.0,50.83477693462415
CLUSTER_303,AP,pig_man,1707.0,50.83477693462415
CLUSTER_322,AP,cattle_man,5790.0,39.138019236443945
CLUSTER_322,AP,horse_man,1355.0,39.138019236443945
CLUSTER_322,AP,pig_man,57.48,39.138019236443945
CLUSTER_346,AP,cattle_man,146.3,39.19378693878154
CLUSTER_346,AP,horse_man,804.6,39.19378693878154
CLUSTER_35,AP,cattle_man,3291.0,48.16513087892161
CLUSTER_35,AP,horse_man,655.3,48.16513087892161
CLUSTER_35,AP,pig_man,754.8290000000001,48.16513087892161
CLUSTER_351,AP,cattle_man,14750.0,25.630868819782695
CLUSTER_351,AP,horse_man,1500.0,25.630868819782695
CLUSTER_351,AP,pig_man,456.3,25.630868819782695
CLUSTER_377,AP,horse_man,627.7,58.14486817959103
CLUSTER_377,AP,pig_man,294.4,58.14486817959103
CLUSTER_381,AP,cattle_man,4175.200000000011,36.91678151628776
CLUSTER_381,AP,horse_man,1692.89,36.91678151628776
CLUSTER_381,AP,pig_man,167.133571,36.91678151628776
CLUSTER_382,AP,cattle_man,2959.0,33.79601416467496
CLUSTER_382,AP,horse_man,1045.0,33.79601416467496
CLUSTER_382,AP,pig_man,429.0,33.79601416467496
CLUSTER_390,AP,cattle_man,4736.4,28.54821814577164
CLUSTER_390,AP,horse_man,147.848,28.54821814577164
CLUSTER_390,AP,pig_man,1056.886,28.54821814577164
CLUSTER_392,AP,cattle_man,5800.0,50.93774823740359
CLUSTER_394,AP,cattle_man,6080.0,37.41029215143779
CLUSTER_394,AP,horse_man,571.3,37.41029215143779
CLUSTER_394,AP,pig_man,434.7,37.41029215143779
CLUSTER_404,AP,cattle_man,4430.0,13.80673841636944
CLUSTER_404,AP,cattle_slu,40280.0,13.80673841636944
CLUSTER_404,AP,horse_man,1860.0,13.80673841636944
CLUSTER_404,AP,pig_man,75.63,13.80673841636944
CLUSTER_433,AP,cattle_man,4450.0297,23.378181682759404
CLUSTER_433,AP,horse_man,1106.0,23.378181682759404
CLUSTER_433,AP,pig_man,179.118,23.378181682759404
CLUSTER_435,AP,cattle_man,3989.9999999999995,26.465116745460747
CLUSTER_435,AP,horse_man,1508.0,26.465116745460747
CLUSTER_435,AP,pig_man,46.49,26.465116745460747
CLUSTER_451,AP,cattle_man,7650.0,54.144307833734246
CLUSTER_451,AP,horse_man,523.0,54.144307833734246
CLUSTER_451,AP,pig_man,528.0,54.144307833734246
CLUSTER_454,AP,cattle_man,5716.1,22.70377362220649
CLUSTER_454,AP,horse_man,105.4,22.70377362220649
CLUSTER_454,AP,pig_man,279.8,22.70377362220649
CLUSTER_459,AP,cattle_man,3719.2,33.69288247981551
CLUSTER_459,AP,horse_man,167.4,33.69288247981551
CLUSTER_459,AP,pig_man,243.8,33.69288247981551
CLUSTER_469,AP,cattle_man,3134.0,44.83603423340641
CLUSTER_469,AP,horse_man,840.0,44.83603423340641
CLUSTER_469,AP,pig_man,324.0,44.83603423340641
CLUSTER_476,AP,cattle_man,2730.0,22.4960754241997
CLUSTER_476,AP,horse_man,492.00000000000006,22.4960754241997
CLUSTER_481,AP,cattle_man,7889.999999999999,51.45521184726824
CLUSTER_481,AP,horse_man,1085.0,51.45521184726824
CLUSTER_481,AP,pig_man,527.3,51.45521184726824
CLUSTER_490,AP,cattle_man,3600.0,7.840880258596925
CLUSTER_490,AP,cattle_slu,21550.0,7.840880258596925
CLUSTER_490,AP,horse_man,745.2,7.840880258596925
CLUSTER_490,AP,pig_man,105.9,7.840880258596925
CLUSTER_55,AP,cattle_man,3207.027237265089,44.504312486664
CLUSTER_6,AP,cattle_man,810.17,47.1367083089185
CLUSTER_6,AP,horse_man,339.439139,47.1367083089185
CLUSTER_6,AP,pig_man,1816.7,47.1367083089185
CLUSTER_66,AP,cattle_man,2641.0375,33.00919059069907
CLUSTER_66,AP,horse_man,880.00908,33.00919059069907
CLUSTER_66,AP,pig_man,180.310571,33.00919059069907
CLUSTER_72,AP,cattle_man,21650.0,38.95888872607487
CLUSTER_72,AP,horse_man,4938.0,38.95888872607487
CLUSTER_72,AP,pig_man,949.3,38.95888872607487
CLUSTER_76,AP,cattle_man,2539.0,7.341003931859266
CLUSTER_76,AP,cattle_slu,16801.3,7.341003931859266
CLUSTER_76,AP,horse_man,2263.0,7.341003931859266
CLUSTER_76,AP,pig_man,125.42999999999999,7.341003931859266
CLUSTER_77,AP,cattle_man,15680.0,54.09347254049096
CLUSTER_77,AP,horse_man,1160.0,54.09347254049096
CLUSTER_77,AP,pig_man,82.7,54.09347254049096
CLUSTER_78,AP,cattle_man,7012.0,7.279112217353885
CLUSTER_78,AP,cattle_slu,45580.0,7.279112217353885
CLUSTER_78,AP,horse_man,873.4,7.279112217353885
CLUSTER_78,AP,pig_man,141.0,7.279112217353885
CLUSTER_82,AP,cattle_man,7392.7,40.03520675198692
CLUSTER_82,AP,horse_man,1220.1,40.03520675198692
CLUSTER_82,AP,pig_man,554.226263,40.03520675198692
CLUSTER_88,AP,cattle_man,1437.0000000000036,44.86383267806183
CLUSTER_88,AP,horse_man,1496.2,44.86383267806183
CLUSTER_88,AP,pig_man,46.485800000000005,44.86383267806183
CLUSTER_96,AP,cattle_man,3690.0,26.50586846762977
CLUSTER_96,AP,horse_man,2943.838,26.50586846762977
CLUSTER_96,AP,pig_man,107.14,26.50586846762977
CLUSTER_102,AQ,cattle_man,1724.0,18.3641968416007
CLUSTER_102,AQ,cattle_slu,10771.0,18.3641968416007
CLUSTER_102,AQ,horse_man,961.0,18.3641968416007
CLUSTER_102,AQ,legume_str,12.3,18.3641968416007
CLUSTER_102,AQ,rape_str,88.5,18.3641968416007
CLUSTER_108,AQ,cattle_man,372.3999999999999,51.92164655263317
CLUSTER_108,AQ,horse_man,2893.0,51.92164655263317
CLUSTER_108,AQ,pig_man,291.926,51.92164655263317
CLUSTER_11,AQ,cattle_man,3764.1,42.40096460781378
CLUSTER_11,AQ,horse_man,1455.0,42.40096460781378
CLUSTER_11,AQ,pig_man,23.6720704,42.40096460781378
CLUSTER_112,AQ,cattle_man,13057.0,15.643672743258977
CLUSTER_112,AQ,cattle_slu,95060.0,15.643672743258977
CLUSTER_112,AQ,horse_man,1571.0,15.643672743258977
CLUSTER_112,AQ,legume_str,69.21000000000001,15.643672743258977
CLUSTER_112,AQ,pig_man,508.8,15.643672743258977
CLUSTER_112,AQ,rape_str,740.13,15.643672743258977
CLUSTER_113,AQ,cattle_man,1617.0,47.13836537030432
CLUSTER_113,AQ,horse_man,513.4,47.13836537030432
CLUSTER_114,AQ,pig_man,77.82100000000001,40.745251146792015
CLUSTER_115,AQ,cattle_man,12403.0,38.332909913944135
CLUSTER_115,AQ,horse_man,190.35,38.332909913944135
CLUSTER_115,AQ,pig_man,276.8087,38.332909913944135
CLUSTER_12,AQ,cattle_man,6212.0,53.05768385269725
CLUSTER_12,AQ,horse_man,2496.5,53.05768385269725
CLUSTER_12,AQ,pig_man,96.610847,53.05768385269725
CLUSTER_120,AQ,cattle_man,10758.0,52.14142694434298
CLUSTER_120,AQ,horse_man,643.23,52.14142694434298
CLUSTER_120,AQ,pig_man,313.972,52.14142694434298
CLUSTER_140,AQ,pig_man,765.7,58.98550585410965
CLUSTER_147,AQ,cattle_man,5220.0,34.476475920157895
CLUSTER_147,AQ,horse_man,869.8,34.476475920157895
CLUSTER_147,AQ,pig_man,23.898,34.476475920157895
CLUSTER_167,AQ,cattle_man,16680.0,39.258384219236575
CLUSTER_167,AQ,horse_man,1062.4,39.258384219236575
CLUSTER_167,AQ,pig_man,722.3,39.258384219236575
CLUSTER_168,AQ,pig_man,363.93117004587685,46.14424089623
CLUSTER_18,AQ,cattle_man,14355.0,26.12265883598329
CLUSTER_18,AQ,horse_man,809.7,26.12265883598329
CLUSTER_18,AQ,legume_str,160.1,26.12265883598329
CLUSTER_18,AQ,pig_man,338.1159,26.12265883598329
CLUSTER_185,AQ,cattle_man,4461.0,51.6000980650702
CLUSTER_185,AQ,horse_man,786.4,51.6000980650702
CLUSTER_185,AQ,pig_man,183.43,51.6000980650702
CLUSTER_19,AQ,cattle_man,13523.0,21.13158714113609
CLUSTER_19,AQ,horse_man,1890.0,21.13158714113609
CLUSTER_19,AQ,legume_str,163.01,21.13158714113609
CLUSTER_19,AQ,pig_man,322.3,21.13158714113609
CLUSTER_19,AQ,rape_str,1053.0,21.13158714113609
CLUSTER_197,AQ,cattle_man,6600.0,16.823091512218202
CLUSTER_197,AQ,cattle_slu,30490.0,16.823091512218202
CLUSTER_197,AQ,horse_man,194.9,16.823091512218202
CLUSTER_197,AQ,legume_str,64.6,16.823091512218202
CLUSTER_197,AQ,rape_str,192.0,16.823091512218202
CLUSTER_199,AQ,cattle_man,3629.0,35.58433259684122
CLUSTER_199,AQ,horse_man,704.0,35.58433259684122
CLUSTER_199,AQ,pig_man,341.399,35.58433259684122
CLUSTER_21,AQ,cattle_man,11680.0,5.66317174244701
CLUSTER_21,AQ,cattle_slu,60910.0,5.66317174244701
CLUSTER_21,AQ,horse_man,1242.7,5.66317174244701
CLUSTER_21,AQ,legume_str,141.0,5.66317174244701
CLUSTER_21,AQ,rape_str,567.3,5.66317174244701
CLUSTER_211,AQ,cattle_man,4080.0000000000005,32.3356731333588
CLUSTER_211,AQ,horse_man,442.0,32.3356731333588
CLUSTER_211,AQ,pig_man,51.2,32.3356731333588
CLUSTER_216,AQ,cattle_man,6405.0,26.96274298011504
CLUSTER_216,AQ,horse_man,1391.183,26.96274298011504
CLUSTER_216,AQ,legume_str,149.51999999999998,26.96274298011504
CLUSTER_220,AQ,cattle_man,1849.0,29.32664833349084
CLUSTER_220,AQ,horse_man,806.0,29.32664833349084
CLUSTER_220,AQ,pig_man,25.08,29.32664833349084
CLUSTER_221,AQ,cattle_man,8125.0,25.738171981171472
CLUSTER_221,AQ,horse_man,1171.9,25.738171981171472
CLUSTER_221,AQ,legume_str,89.54,25.738171981171472
CLUSTER_221,AQ,pig_man,218.174,25.738171981171472
CLUSTER_227,AQ,cattle_man,7020.0,46.226352505528105
CLUSTER_227,AQ,horse_man,79.97,46.226352505528105
CLUSTER_227,AQ,pig_man,882.0,46.226352505528105
CLUSTER_230,AQ,cattle_man,11370.0,58.31829897702333
CLUSTER_230,AQ,horse_man,900.0,58.31829897702333
CLUSTER_230,AQ,pig_man,156.99,58.31829897702333
CLUSTER_234,AQ,cattle_man,28380.0,49.42605532735543
CLUSTER_234,AQ,horse_man,2507.0,49.42605532735543
CLUSTER_234,AQ,pig_man,472.3,49.42605532735543
CLUSTER_245,AQ,cattle_man,13085.0,43.05759660107432
CLUSTER_245,AQ,horse_man,793.9,43.05759660107432
CLUSTER_245,AQ,pig_man,381.8,43.05759660107432
CLUSTER_249,AQ,cattle_man,9836.0,33.86822660349475
CLUSTER_249,AQ,horse_man,1754.0,33.86822660349475
CLUSTER_249,AQ,pig_man,509.2300000000001,33.86822660349475
CLUSTER_25,AQ,cattle_man,2469.58,43.26862530629476
CLUSTER_25,AQ,horse_man,395.1,43.26862530629476
CLUSTER_259,AQ,cattle_man,11538.0,49.19072010809133
CLUSTER_259,AQ,horse_man,817.6,49.19072010809133
CLUSTER_259,AQ,pig_man,260.08,49.19072010809133
CLUSTER_261,AQ,cattle_man,10670.0,16.330558179208893
CLUSTER_261,AQ,cattle_slu,38770.0,16.330558179208893
CLUSTER_261,AQ,horse_man,1088.2,16.330558179208893
CLUSTER_261,AQ,legume_str,260.0,16.330558179208893
CLUSTER_261,AQ,pig_man,42.392,16.330558179208893
CLUSTER_261,AQ,rape_str,885.0,16.330558179208893
CLUSTER_262,AQ,cattle_man,7320.0,51.71742349483958
CLUSTER_262,AQ,horse_man,491.0,51.71742349483958
CLUSTER_262,AQ,pig_man,55.52,51.71742349483958
CLUSTER_265,AQ,cattle_man,1417.0,42.49479987699155
CLUSTER_265,AQ,horse_man,1119.1,42.49479987699155
CLUSTER_265,AQ,pig_man,39.79,42.49479987699155
CLUSTER_269,AQ,cattle_man,10313.0,11.683170685014938
CLUSTER_269,AQ,cattle_slu,70838.0,11.683170685014938
CLUSTER_269,AQ,horse_man,2387.8,11.683170685014938
CLUSTER_269,AQ,legume_str,139.774,11.683170685014938
CLUSTER_269,AQ,pig_man,389.745,11.683170685014938
CLUSTER_269,AQ,rape_str,727.1,11.683170685014938
CLUSTER_286,AQ,cattle_man,4579.0,47.99647779945615
CLUSTER_286,AQ,horse_man,502.1,47.99647779945615
CLUSTER_286,AQ,pig_man,407.6,47.99647779945615
CLUSTER_299,AQ,cattle_man,4359.0,14.62335141507426
CLUSTER_299,AQ,cattle_slu,20499.0,14.62335141507426
CLUSTER_299,AQ,horse_man,817.8,14.62335141507426
CLUSTER_299,AQ,legume_str,62.4,14.62335141507426
CLUSTER_299,AQ,pig_man,111.861,14.62335141507426
CLUSTER_299,AQ,rape_str,270.28,14.62335141507426
CLUSTER_307,AQ,cattle_man,3600.0,38.692574576530106
CLUSTER_307,AQ,horse_man,1101.0,38.692574576530106
CLUSTER_309,AQ,cattle_man,7630.0,26.188639501175327
CLUSTER_309,AQ,horse_man,240.3,26.188639501175327
CLUSTER_309,AQ,legume_str,115.88,26.188639501175327
CLUSTER_309,AQ,pig_man,216.09,26.188639501175327
CLUSTER_32,AQ,cattle_man,20691.0,46.12203782444664
CLUSTER_32,AQ,horse_man,1842.9,46.12203782444664
CLUSTER_32,AQ,pig_man,176.1042,46.12203782444664
CLUSTER_331,AQ,cattle_man,5700.0,33.863117327046496
CLUSTER_331,AQ,horse_man,3020.0,33.863117327046496
CLUSTER_331,AQ,pig_man,621.0,33.863117327046496
CLUSTER_333,AQ,pig_man,364.2,53.06540625910288
CLUSTER_335,AQ,cattle_man,4820.0,21.05033528269575
CLUSTER_335,AQ,horse_man,3071.0,21.05033528269575
CLUSTER_335,AQ,legume_str,75.2,21.05033528269575
CLUSTER_335,AQ,pig_man,497.042,21.05033528269575
CLUSTER_335,AQ,rape_str,517.7,21.05033528269575
CLUSTER_347,AQ,pig_man,55.193,50.961087929308285
CLUSTER_357,AQ,cattle_man,11532.0,27.276706898298155
CLUSTER_357,AQ,horse_man,1403.7,27.276706898298155
CLUSTER_357,AQ,legume_str,131.1,27.276706898298155
CLUSTER_357,AQ,pig_man,843.3,27.276706898298155
CLUSTER_358,AQ,cattle_man,8329.0,24.468798705554654
CLUSTER_358,AQ,horse_man,586.9,24.468798705554654
CLUSTER_358,AQ,legume_str,122.64,24.468798705554654
CLUSTER_358,AQ,pig_man,505.06,24.468798705554654
CLUSTER_358,AQ,rape_str,546.5425471207044,24.468798705554654
CLUSTER_380,AQ,cattle_man,6580.0,29.622471643466945
CLUSTER_380,AQ,horse_man,1242.0,29.622471643466945
CLUSTER_380,AQ,pig_man,506.99999999999994,29.622471643466945
CLUSTER_384,AQ,cattle_man,3170.0,33.32664186271655
CLUSTER_384,AQ,horse_man,619.0,33.32664186271655
CLUSTER_384,AQ,pig_man,123.71,33.32664186271655
CLUSTER_387,AQ,cattle_man,7795.0,42.21323935940453
CLUSTER_387,AQ,horse_man,1714.3,42.21323935940453
CLUSTER_387,AQ,pig_man,180.0399,42.21323935940453
CLUSTER_392,AQ,horse_man,513.0,61.204632400579946
CLUSTER_392,AQ,pig_man,46.5,61.204632400579946
CLUSTER_40,AQ,cattle_man,5321.0,42.47331774754522
CLUSTER_40,AQ,horse_man,2457.6,42.47331774754522
CLUSTER_40,AQ,pig_man,213.46,42.47331774754522
CLUSTER_409,AQ,cattle_man,12230.0,48.80751246285318
CLUSTER_409,AQ,horse_man,858.0,48.80751246285318
CLUSTER_409,AQ,pig_man,568.9,48.80751246285318
CLUSTER_41,AQ,cattle_man,390.79999999999995,56.19452095633976
CLUSTER_41,AQ,horse_man,2108.8,56.19452095633976
CLUSTER_41,AQ,pig_man,16.8586,56.19452095633976
CLUSTER_413,AQ,cattle_man,8790.0,39.6180093434405
CLUSTER_413,AQ,horse_man,36.0,39.6180093434405
CLUSTER_413,AQ,pig_man,1220.808,39.6180093434405
CLUSTER_414,AQ,cattle_man,13020.0,13.022845255377009
CLUSTER_414,AQ,cattle_slu,62810.00000000001,13.022845255377009
CLUSTER_414,AQ,horse_man,1048.1,13.022845255377009
CLUSTER_414,AQ,legume_str,213.38,13.022845255377009
CLUSTER_414,AQ,pig_man,218.538,13.022845255377009
CLUSTER_414,AQ,rape_str,522.6,13.022845255377009
CLUSTER_419,AQ,cattle_man,2304.0,25.578862776132137
CLUSTER_419,AQ,horse_man,791.0,25.578862776132137
CLUSTER_419,AQ,legume_str,177.2,25.578862776132137
CLUSTER_419,AQ,pig_man,62.91951999999999,25.578862776132137
CLUSTER_421,AQ,horse_man,802.6000000003373,66.47311949515581
CLUSTER_425,AQ,cattle_man,2512.95,48.63631966298647
CLUSTER_425,AQ,horse_man,526.6,48.63631966298647
CLUSTER_425,AQ,pig_man,14.561,48.63631966298647
CLUSTER_437,AQ,cattle_man,8510.0,3.61191412666802
CLUSTER_437,AQ,cattle_slu,64299.99999999999,3.61191412666802
CLUSTER_437,AQ,horse_man,938.0,3.61191412666802
CLUSTER_437,AQ,legume_str,135.0,3.61191412666802
CLUSTER_437,AQ,pig_man,50.0,3.61191412666802
CLUSTER_437,AQ,pig_slu,805.1,3.61191412666802
CLUSTER_437,AQ,rape_str,308.6,3.61191412666802
CLUSTER_438,AQ,cattle_man,3331.0,29.222309635470268
CLUSTER_438,AQ,horse_man,832.8,29.222309635470268
CLUSTER_438,AQ,pig_man,223.18,29.222309635470268
CLUSTER_444,AQ,cattle_man,2690.0,39.08241303506373
CLUSTER_444,AQ,horse_man,379.2,39.08241303506373
CLUSTER_444,AQ,pig_man,84.611,39.08241303506373
CLUSTER_461,AQ,cattle_man,3302.0,44.77647297555342
CLUSTER_461,AQ,horse_man,1385.0,44.77647297555342
CLUSTER_461,AQ,pig_man,138.37,44.77647297555342
CLUSTER_471,AQ,cattle_man,292.0,16.048079931905583
CLUSTER_471,AQ,cattle_slu,1307.0,16.048079931905583
CLUSTER_471,AQ,horse_man,250.50000000000003,16.048079931905583
CLUSTER_471,AQ,legume_str,10.2,16.048079931905583
CLUSTER_471,AQ,rape_str,11.4,16.048079931905583
CLUSTER_475,AQ,cattle_man,3878.0,36.524186497228456
CLUSTER_475,AQ,horse_man,665.9,36.524186497228456
CLUSTER_475,AQ,pig_man,250.66,36.524186497228456
CLUSTER_505,AQ,horse_man,942.0,52.20751196882436
CLUSTER_510,AQ,cattle_man,2238.5,52.46185412510515
CLUSTER_510,AQ,horse_man,1319.0,52.46185412510515
CLUSTER_512,AQ,cattle_man,5080.0,41.90974558108009
CLUSTER_512,AQ,horse_man,541.0,41.90974558108009
CLUSTER_512,AQ,pig_man,391.0,41.90974558108009
CLUSTER_518,AQ,cattle_man,9270.0,35.35411576203908
CLUSTER_518,AQ,horse_man,1313.0,35.35411576203908
CLUSTER_518,AQ,pig_man,245.9,35.35411576203908
CLUSTER_522,AQ,cattle_man,6580.0,36.313227130099975
CLUSTER_522,AQ,horse_man,288.1,36.313227130099975
CLUSTER_522,AQ,pig_man,183.7,36.313227130099975
CLUSTER_524,AQ,cattle_man,2192.0000000000055,56.84109511432892
CLUSTER_524,AQ,horse_man,1677.6,56.84109511432892
CLUSTER_524,AQ,pig_man,18.178,56.84109511432892
CLUSTER_529,AQ,cattle_man,7480.0,33.23799450048102
CLUSTER_529,AQ,horse_man,807.0,33.23799450048102
CLUSTER_529,AQ,pig_man,18.6,33.23799450048102
CLUSTER_536,AQ,cattle_man,3358.0,44.549385707638685
CLUSTER_536,AQ,horse_man,483.9,44.549385707638685
CLUSTER_536,AQ,pig_man,168.6,44.549385707638685
CLUSTER_55,AQ,cattle_man,64.9727626630142,53.4090327104564
CLUSTER_55,AQ,horse_man,3076.3,53.4090327104564
CLUSTER_55,AQ,pig_man,46.48,53.4090327104564
CLUSTER_59,AQ,cattle_man,5668.0,39.75586848105966
CLUSTER_59,AQ,horse_man,456.477,39.75586848105966
CLUSTER_59,AQ,pig_man,56.019,39.75586848105966
CLUSTER_98,AQ,cattle_man,5002.1,32.71922368390798
CLUSTER_98,AQ,horse_man,673.1,32.71922368390798
CLUSTER_98,AQ,pig_man,181.343,32.71922368390798
CLUSTER_105,AR,cattle_man,16042.0,22.84928934209884
CLUSTER_105,AR,horse_man,2293.0,22.84928934209884
CLUSTER_105,AR,legume_str,17.03,22.84928934209884
CLUSTER_13,AR,cattle_man,22490.0,30.739368696588727
CLUSTER_13,AR,horse_man,4880.0,30.739368696588727
CLUSTER_13,AR,pig_man,152.17000000000002,30.739368696588727
CLUSTER_136,AR,cattle_man,22230.0,6.985222232039859
CLUSTER_136,AR,cattle_slu,108700.0,6.985222232039859
CLUSTER_136,AR,horse_man,3775.0,6.985222232039859
CLUSTER_157,AR,cattle_man,22880.0,6.07503923250956
CLUSTER_157,AR,cattle_slu,106800.0,6.07503923250956
CLUSTER_157,AR,horse_man,3454.0,6.07503923250956
CLUSTER_157,AR,legume_str,10.8,6.07503923250956
CLUSTER_178,AR,cattle_man,16790.0,16.737521487842255
CLUSTER_178,AR,cattle_slu,76750.0,16.737521487842255
CLUSTER_178,AR,horse_man,5256.0,16.737521487842255
CLUSTER_178,AR,legume_str,41.78,16.737521487842255
CLUSTER_178,AR,rape_str,39.4,16.737521487842255
CLUSTER_201,AR,cattle_man,7892.0,36.25937253145942
CLUSTER_201,AR,horse_man,2174.1,36.25937253145942
CLUSTER_204,AR,cattle_man,10730.0,19.77377022380225
CLUSTER_204,AR,cattle_slu,49310.000000048814,19.77377022380225
CLUSTER_204,AR,horse_man,2958.0,19.77377022380225
CLUSTER_204,AR,legume_str,23.92,19.77377022380225
CLUSTER_204,AR,pig_man,37.494,19.77377022380225
CLUSTER_209,AR,cattle_man,13940.0,26.87440287728966
CLUSTER_209,AR,horse_man,1265.6,26.87440287728966
CLUSTER_226,AR,cattle_man,16880.0,27.930150804905743
CLUSTER_226,AR,horse_man,2471.6,27.930150804905743
CLUSTER_243,AR,cattle_man,19320.0,10.126513850376872
CLUSTER_243,AR,cattle_slu,94100.0,10.126513850376872
CLUSTER_243,AR,horse_man,2781.0,10.126513850376872
CLUSTER_27,AR,cattle_man,18405.0,15.786250962303985
CLUSTER_27,AR,cattle_slu,81790.0,15.786250962303985
CLUSTER_27,AR,horse_man,4194.0,15.786250962303985
CLUSTER_27,AR,legume_str,18.4,15.786250962303985
CLUSTER_28,AR,cattle_man,8410.0,19.75067265966139
CLUSTER_28,AR,cattle_slu,37620.0,19.75067265966139
CLUSTER_28,AR,horse_man,2761.9,19.75067265966139
CLUSTER_281,AR,cattle_man,11914.0,44.24367614951928
CLUSTER_281,AR,horse_man,1024.5,44.24367614951928
CLUSTER_287,AR,cattle_man,2184.0,32.82033000065219
CLUSTER_287,AR,horse_man,1571.0,32.82033000065219
CLUSTER_3,AR,cattle_man,7882.999999999999,27.735695337639974
CLUSTER_3,AR,horse_man,5877.0,27.735695337639974
CLUSTER_3,AR,pig_man,16.916,27.735695337639974
CLUSTER_304,AR,cattle_man,2118.0,32.099234286502366
CLUSTER_304,AR,horse_man,706.6,32.099234286502366
CLUSTER_312,AR,cattle_man,11300.0,35.31809957752673
CLUSTER_312,AR,horse_man,1544.0,35.31809957752673
CLUSTER_352,AR,cattle_man,13540.0,26.38505704284723
CLUSTER_352,AR,horse_man,3832.0,26.38505704284723
CLUSTER_352,AR,pig_man,32.1,26.38505704284723
CLUSTER_360,AR,horse_man,2360.0,27.80100567578761
CLUSTER_369,AR,cattle_man,3235.7,30.78582415432459
CLUSTER_369,AR,horse_man,3562.3,30.78582415432459
CLUSTER_391,AR,cattle_man,11195.0,8.842718525159789
CLUSTER_391,AR,cattle_slu,53800.0,8.842718525159789
CLUSTER_391,AR,horse_man,3066.0,8.842718525159789
CLUSTER_396,AR,cattle_man,5375.0,43.78393584983511
CLUSTER_396,AR,horse_man,4460.0,43.78393584983511
CLUSTER_407,AR,cattle_man,10172.0,39.99798996271116
CLUSTER_407,AR,horse_man,3348.0,39.99798996271116
CLUSTER_412,AR,cattle_man,16640.0,20.64291410628179
CLUSTER_412,AR,horse_man,2158.0,20.64291410628179
CLUSTER_415,AR,horse_man,3241.0,34.859658856027515
CLUSTER_428,AR,cattle_man,6500.0,35.94883253427053
CLUSTER_428,AR,horse_man,792.0,35.94883253427053
CLUSTER_428,AR,pig_man,58.397,35.94883253427053
CLUSTER_432,AR,pig_man,73.84707759202507,46.22872972549751
CLUSTER_489,AR,cattle_man,1068.0,23.756880825281957
CLUSTER_489,AR,horse_man,367.5,23.756880825281957
CLUSTER_5,AR,cattle_man,1031.0,38.15092285286283
CLUSTER_5,AR,horse_man,895.0,38.15092285286283
CLUSTER_502,AR,cattle_man,12710.0,15.363020198553714
CLUSTER_502,AR,cattle_slu,63900.0,15.363020198553714
CLUSTER_502,AR,horse_man,2093.0,15.363020198553714
CLUSTER_502,AR,rape_str,37.2,15.363020198553714
CLUSTER_507,AR,horse_man,1199.4,42.202346532246445
CLUSTER_508,AR,cattle_man,21640.0,36.91797646122802
CLUSTER_508,AR,horse_man,3810.0,36.91797646122802
CLUSTER_53,AR,cattle_man,6226.92,16.76749343888791
CLUSTER_53,AR,cattle_slu,25996.88,16.76749343888791
CLUSTER_53,AR,horse_man,1543.0,16.76749343888791
CLUSTER_8,AR,pig_man,13.2831,49.23480869855386
CLUSTER_84,AR,cattle_man,15427.9,25.52542496198869
CLUSTER_84,AR,horse_man,4351.000000000379,25.52542496198869
CLUSTER_84,AR,legume_str,70.97,25.52542496198869
CLUSTER_86,AR,cattle_man,15698.0,14.463252600813036
CLUSTER_86,AR,cattle_slu,74300.0,14.463252600813036
CLUSTER_86,AR,horse_man,1875.0,14.463252600813036
CLUSTER_117,AS,cattle_man,13052.0,24.24840186474283
CLUSTER_117,AS,horse_man,1848.2,24.24840186474283
CLUSTER_191,AS,cattle_man,11290.0,14.81895225859568
CLUSTER_224,AS,cattle_man,12420.0,9.909266332683814
CLUSTER_224,AS,cattle_slu,52060.0,9.909266332683814
CLUSTER_224,AS,horse_man,1438.0,9.909266332683814
CLUSTER_268,AS,cattle_man,5520.0,33.73832583031934
CLUSTER_268,AS,horse_man,1285.41,33.73832583031934
CLUSTER_329,AS,cattle_man,13430.0,14.775262403554065
CLUSTER_329,AS,horse_man,1337.0,14.775262403554065
CLUSTER_480,AS,cattle_man,173.2,41.31902173581744
CLUSTER_480,AS,horse_man,560.6,41.31902173581744
CLUSTER_492,AS,cattle_man,6610.0,22.333240767981955
CLUSTER_492,AS,horse_man,472.0,22.333240767981955
CLUSTER_521,AS,cattle_man,7796.3812190127155,11.955603794787258
CLUSTER_521,AS,cattle_slu,66000.0,11.955603794787258
CLUSTER_527,AS,cattle_man,7620.0,21.912664980951742
CLUSTER_527,AS,horse_man,1912.0,21.912664980951742
CLUSTER_527,AS,pig_man,48.0347,21.912664980951742
CLUSTER_65,AS,cattle_man,29310.0,6.205713989615217
CLUSTER_65,AS,cattle_slu,183100.0,6.205713989615217
CLUSTER_65,AS,horse_man,2654.0,6.205713989615217
CLUSTER_65,AS,pig_man,165.989,6.205713989615217
CLUSTER_94,AS,cattle_man,10320.0,10.943382387720296
CLUSTER_94,AS,cattle_slu,41210.0,10.943382387720296
CLUSTER_94,AS,horse_man,907.3,10.943382387720296
