PlantLocation,Alternative,Capacity,Omega,N_CH4,CO2_Production,Revenue,Cost,Capex,GHG,FLH,PlantLatitude,PlantLongitude,EEG_Revenue,Spot_Revenue,Heat_Revenue,Bonus
A,Upgrading_tech1,75000000,68493150.6849315,39013562.131571345,29479588.55336016,14.319045300270014,10.06559174295322,49.55499878552291,16.29919834638682,8000.0,49.772001010958334,11.667904184740683,0,0,0,0
B,Upgrading_tech1,75000000,68493150.6849315,38858710.66459767,29634440.02033384,14.286649710764069,10.057849169604536,49.55499878552291,16.23450405454233,8000.0,48.05384107450556,12.166812324740954,0,0,0,0
C,Upgrading_tech1,75000000,68493150.6849315,39467476.90924377,29025673.775687736,14.414006214076903,10.08828748183684,49.55499878552291,16.20807323851567,8000.0,49.80706400009948,10.227118276968929,0,0,0,0
D,Upgrading_tech1,75000000,68493150.6849315,39105149.94193109,29388000.743000418,14.338205862104838,10.070171133471206,49.55499878552291,16.337462165571804,8000.0,48.22172880375207,10.785924774007755,0,0,0,0
E,Upgrading_tech1,75000000,68493150.6849315,39707144.488288336,28786006.19664317,14.464145697159301,10.100270860789069,49.55499878552291,16.58896518089323,8000.0,48.82388613390715,12.600343419594344,0,0,0,0
