SupplyNode,PlantLocation,Feedstock,FlowTons,Distance_km
CLUSTER_109,E,cattle_man,10424.0,21.926339601321736
CLUSTER_109,E,horse_man,2924.000000000007,21.926339601321736
CLUSTER_109,E,pig_man,121.22265,21.926339601321736
CLUSTER_109,E,rape_str,16.3,21.926339601321736
CLUSTER_109,E,legume_str,13.7,21.926339601321736
CLUSTER_124,E,pig_man,225.04,73.49596222752817
CLUSTER_125,E,pig_man,536.0,70.81580752568222
CLUSTER_143,E,cattle_man,20919.999999999894,18.617338165915548
CLUSTER_143,E,horse_man,1329.0,18.617338165915548
CLUSTER_143,E,pig_man,52.20089,18.617338165915548
CLUSTER_143,E,rape_str,89.7,18.617338165915548
CLUSTER_143,E,legume_str,47.158,18.617338165915548
CLUSTER_146,E,cattle_man,2485.0,52.57135733925276
CLUSTER_146,E,horse_man,847.0,52.57135733925276
CLUSTER_150,E,cattle_man,18940.000000000156,13.74724721261342
CLUSTER_150,E,cattle_slu,87300.00000000006,13.74724721261342
CLUSTER_150,E,horse_man,998.0,13.74724721261342
CLUSTER_150,E,pig_man,605.1,13.74724721261342
CLUSTER_150,E,maize_str,307.3,13.74724721261342
CLUSTER_150,E,rape_str,158.8,13.74724721261342
CLUSTER_150,E,legume_str,116.5,13.74724721261342
CLUSTER_155,E,cattle_man,533.52,30.00342297916177
CLUSTER_155,E,horse_man,1141.3,30.00342297916177
CLUSTER_155,E,pig_man,1243.7,30.00342297916177
CLUSTER_155,E,rape_str,1777.0,30.00342297916177
CLUSTER_155,E,legume_str,662.1,30.00342297916177
CLUSTER_175,E,cattle_man,2182.272,40.164215670685614
CLUSTER_175,E,horse_man,1207.3,40.164215670685614
CLUSTER_175,E,pig_man,35.4,40.164215670685614
CLUSTER_180,E,horse_man,1481.0,61.54620695531669
CLUSTER_180,E,pig_man,6160.0,61.54620695531669
CLUSTER_184,E,cattle_man,2092.0,36.985569772375705
CLUSTER_184,E,horse_man,556.0,36.985569772375705
CLUSTER_184,E,pig_man,1364.0,36.985569772375705
CLUSTER_184,E,rape_str,983.3300035835817,36.985569772375705
CLUSTER_184,E,legume_str,480.0,36.985569772375705
CLUSTER_186,E,cattle_man,2851.0,54.87959398739891
CLUSTER_186,E,horse_man,2019.1,54.87959398739891
CLUSTER_186,E,pig_man,471.4,54.87959398739891
CLUSTER_189,E,cattle_man,4488.98,33.860227417742784
CLUSTER_189,E,horse_man,1789.0,33.860227417742784
CLUSTER_193,E,cattle_man,1113.0,44.19530311357322
CLUSTER_193,E,horse_man,1133.0,44.19530311357322
CLUSTER_195,E,cattle_man,17240.000000000087,2.6184837110134005
CLUSTER_195,E,cattle_slu,93330.00000000003,2.6184837110134005
CLUSTER_195,E,horse_man,1276.5,2.6184837110134005
CLUSTER_195,E,pig_slu,464.13,2.6184837110134005
CLUSTER_195,E,pig_man,34.13825,2.6184837110134005
CLUSTER_195,E,maize_str,21.4,2.6184837110134005
CLUSTER_195,E,rape_str,51.9,2.6184837110134005
CLUSTER_195,E,legume_str,17.12,2.6184837110134005
CLUSTER_196,E,horse_man,1807.0,88.7404760820381
CLUSTER_202,E,cattle_man,16100.0,38.3834269381991
CLUSTER_202,E,horse_man,1917.3,38.3834269381991
CLUSTER_202,E,pig_man,229.17,38.3834269381991
CLUSTER_212,E,pig_man,132.0,81.94724756785794
CLUSTER_214,E,pig_man,13.92,84.51839875498305
CLUSTER_223,E,cattle_man,9326.0,11.65515249601404
CLUSTER_223,E,cattle_slu,53129.999999999985,11.65515249601404
CLUSTER_223,E,horse_man,1582.6,11.65515249601404
CLUSTER_223,E,pig_man,439.438657,11.65515249601404
CLUSTER_223,E,maize_str,1682.3,11.65515249601404
CLUSTER_223,E,rape_str,240.1,11.65515249601404
CLUSTER_223,E,legume_str,122.22,11.65515249601404
CLUSTER_228,E,cattle_man,10463.0,38.29854394591205
CLUSTER_228,E,horse_man,1313.4,38.29854394591205
CLUSTER_231,E,cattle_man,13870.000000000013,11.190171875110176
CLUSTER_231,E,cattle_slu,72599.99999999994,11.190171875110176
CLUSTER_231,E,horse_man,1176.0,11.190171875110176
CLUSTER_231,E,pig_man,10.6436,11.190171875110176
CLUSTER_231,E,maize_str,13.35,11.190171875110176
CLUSTER_231,E,legume_str,26.42,11.190171875110176
CLUSTER_240,E,cattle_man,402.0399999999473,36.99046183209224
CLUSTER_240,E,horse_man,172.5,36.99046183209224
CLUSTER_240,E,pig_man,24.931,36.99046183209224
CLUSTER_240,E,legume_str,511.70000000000016,36.99046183209224
CLUSTER_241,E,cattle_man,10430.0,12.332990379380997
CLUSTER_241,E,cattle_slu,56780.00000000003,12.332990379380997
CLUSTER_241,E,horse_man,968.1,12.332990379380997
CLUSTER_241,E,maize_str,29.1,12.332990379380997
CLUSTER_241,E,rape_str,46.0,12.332990379380997
CLUSTER_241,E,legume_str,14.47,12.332990379380997
CLUSTER_250,E,cattle_man,8735.82,44.59029957838392
CLUSTER_250,E,horse_man,1190.0,44.59029957838392
CLUSTER_250,E,pig_man,54.334,44.59029957838392
CLUSTER_254,E,cattle_man,8256.0,20.483492917523638
CLUSTER_254,E,horse_man,1711.5,20.483492917523638
CLUSTER_258,E,horse_man,1914.0,64.05849834386109
CLUSTER_267,E,cattle_man,6170.0,50.76694646044924
CLUSTER_267,E,horse_man,951.0,50.76694646044924
CLUSTER_267,E,pig_man,778.8,50.76694646044924
CLUSTER_270,E,cattle_man,9712.0,25.32996970791658
CLUSTER_270,E,horse_man,2875.0,25.32996970791658
CLUSTER_270,E,pig_man,61.2952,25.32996970791658
CLUSTER_274,E,cattle_man,2163.0,23.60542883895802
CLUSTER_274,E,horse_man,783.4,23.60542883895802
CLUSTER_274,E,pig_man,587.9,23.60542883895802
CLUSTER_274,E,rape_str,401.4,23.60542883895802
CLUSTER_274,E,legume_str,393.2,23.60542883895802
CLUSTER_276,E,horse_man,1192.0,76.18450100302861
CLUSTER_280,E,cattle_man,7663.999999999799,26.865470826632965
CLUSTER_280,E,horse_man,1101.277,26.865470826632965
CLUSTER_280,E,pig_man,171.3,26.865470826632965
CLUSTER_280,E,rape_str,224.4,26.865470826632965
CLUSTER_280,E,legume_str,227.3,26.865470826632965
CLUSTER_282,E,horse_man,1029.0,48.83519694684611
CLUSTER_282,E,pig_man,277.076,48.83519694684611
CLUSTER_284,E,cattle_man,1152.783,19.026873411936982
CLUSTER_284,E,horse_man,195.4,19.026873411936982
CLUSTER_284,E,pig_man,447.9,19.026873411936982
CLUSTER_284,E,rape_str,262.2,19.026873411936982
CLUSTER_284,E,legume_str,192.3,19.026873411936982
CLUSTER_285,E,cattle_man,15869.999999999998,32.809709801180226
CLUSTER_285,E,horse_man,3438.0,32.809709801180226
CLUSTER_290,E,horse_man,887.0,58.25199554464933
CLUSTER_290,E,pig_man,122.18799999999999,58.25199554464933
CLUSTER_295,E,cattle_man,1036.53,33.47216658223763
CLUSTER_295,E,horse_man,46.7,33.47216658223763
CLUSTER_295,E,rape_str,310.5,33.47216658223763
CLUSTER_295,E,legume_str,228.28,33.47216658223763
CLUSTER_296,E,horse_man,902.0,54.51336109521958
CLUSTER_301,E,cattle_man,2641.0,24.136738101201423
CLUSTER_301,E,horse_man,760.0,24.136738101201423
CLUSTER_301,E,pig_man,225.23,24.136738101201423
CLUSTER_301,E,rape_str,382.1,24.136738101201423
CLUSTER_301,E,legume_str,364.26,24.136738101201423
CLUSTER_31,E,cattle_man,11270.176,48.5349128049122
CLUSTER_31,E,horse_man,3786.0,48.5349128049122
CLUSTER_31,E,pig_man,390.4,48.5349128049122
CLUSTER_311,E,cattle_man,22700.0,28.39941096763236
CLUSTER_311,E,horse_man,1250.5,28.39941096763236
CLUSTER_311,E,rape_str,316.0,28.39941096763236
CLUSTER_311,E,legume_str,30.47,28.39941096763236
CLUSTER_321,E,cattle_man,2184.0,47.91008383176232
CLUSTER_321,E,horse_man,1668.0,47.91008383176232
CLUSTER_321,E,pig_man,53.32708,47.91008383176232
CLUSTER_33,E,cattle_man,6952.0,26.379249433036733
CLUSTER_33,E,horse_man,1803.0,26.379249433036733
CLUSTER_340,E,pig_man,150.7,92.09630880920776
CLUSTER_355,E,cattle_man,3894.999999999822,41.05609637064722
CLUSTER_355,E,horse_man,1202.0,41.05609637064722
CLUSTER_355,E,pig_man,1341.0,41.05609637064722
CLUSTER_370,E,cattle_man,11090.0,9.870001468986436
CLUSTER_370,E,cattle_slu,71479.99999999997,9.870001468986436
CLUSTER_370,E,horse_man,1921.0,9.870001468986436
CLUSTER_370,E,pig_man,15.373134,9.870001468986436
CLUSTER_370,E,maize_str,133.51,9.870001468986436
CLUSTER_370,E,rape_str,42.4,9.870001468986436
CLUSTER_370,E,legume_str,38.17,9.870001468986436
CLUSTER_372,E,cattle_man,9440.00000000015,38.83999562485354
CLUSTER_372,E,horse_man,1283.0,38.83999562485354
CLUSTER_372,E,pig_man,127.52,38.83999562485354
CLUSTER_372,E,legume_str,304.78,38.83999562485354
CLUSTER_397,E,cattle_man,5686.0,56.66110556006812
CLUSTER_397,E,horse_man,797.2,56.66110556006812
CLUSTER_397,E,pig_man,80.291,56.66110556006812
CLUSTER_399,E,horse_man,218.1,64.17394635852685
CLUSTER_399,E,pig_man,646.33,64.17394635852685
CLUSTER_400,E,cattle_man,3903.8,42.04640437767499
CLUSTER_400,E,horse_man,1513.0,42.04640437767499
CLUSTER_400,E,pig_man,2588.0,42.04640437767499
CLUSTER_406,E,cattle_man,16789.999999999858,14.084306790327002
CLUSTER_406,E,cattle_slu,94100.00000000009,14.084306790327002
CLUSTER_406,E,horse_man,1539.0,14.084306790327002
CLUSTER_406,E,pig_man,52.746,14.084306790327002
CLUSTER_406,E,maize_str,29.7,14.084306790327002
CLUSTER_408,E,cattle_man,7585.8,36.78813344048148
CLUSTER_408,E,horse_man,3122.0,36.78813344048148
CLUSTER_408,E,pig_man,511.6000000000001,36.78813344048148
CLUSTER_408,E,rape_str,1388.0,36.78813344048148
CLUSTER_408,E,legume_str,270.2,36.78813344048148
CLUSTER_416,E,horse_man,387.2,67.45581683369693
CLUSTER_429,E,cattle_man,6420.000000000146,18.04939712657089
CLUSTER_429,E,horse_man,723.0,18.04939712657089
CLUSTER_429,E,rape_str,185.6,18.04939712657089
CLUSTER_429,E,legume_str,61.70000000000001,18.04939712657089
CLUSTER_442,E,horse_man,2096.0,76.42917145677193
CLUSTER_453,E,cattle_man,163.9,29.728493577377197
CLUSTER_453,E,horse_man,209.4,29.728493577377197
CLUSTER_453,E,pig_man,269.0,29.728493577377197
CLUSTER_453,E,rape_str,449.1,29.728493577377197
CLUSTER_453,E,legume_str,457.0,29.728493577377197
CLUSTER_456,E,cattle_man,18.534,34.896948771109464
CLUSTER_456,E,horse_man,275.0,34.896948771109464
CLUSTER_456,E,pig_man,30.472,34.896948771109464
CLUSTER_470,E,cattle_man,25970.000000000065,32.231429666279965
CLUSTER_470,E,horse_man,1288.9999999999957,32.231429666279965
CLUSTER_470,E,pig_man,190.5,32.231429666279965
CLUSTER_470,E,rape_str,89.8,32.231429666279965
CLUSTER_470,E,legume_str,43.7,32.231429666279965
CLUSTER_472,E,cattle_man,24810.0,36.24205421438624
CLUSTER_472,E,horse_man,709.0,36.24205421438624
CLUSTER_472,E,pig_man,22.5159,36.24205421438624
CLUSTER_472,E,rape_str,336.6,36.24205421438624
CLUSTER_472,E,legume_str,59.1,36.24205421438624
CLUSTER_477,E,cattle_man,6130.00000000001,27.17981030170789
CLUSTER_477,E,horse_man,907.999999999992,27.17981030170789
CLUSTER_477,E,rape_str,247.70000000000002,27.17981030170789
CLUSTER_477,E,legume_str,101.5,27.17981030170789
CLUSTER_48,E,horse_man,1045.96,64.69380073547248
CLUSTER_48,E,pig_man,1701.4,64.69380073547248
CLUSTER_484,E,cattle_man,10650.0,26.37412497849878
CLUSTER_484,E,horse_man,420.9,26.37412497849878
CLUSTER_484,E,pig_man,64.9729,26.37412497849878
CLUSTER_484,E,rape_str,75.4,26.37412497849878
CLUSTER_484,E,legume_str,72.6,26.37412497849878
CLUSTER_488,E,cattle_man,62.5,33.74845052603171
CLUSTER_488,E,horse_man,236.9,33.74845052603171
CLUSTER_488,E,pig_man,1185.8,33.74845052603171
CLUSTER_501,E,cattle_man,230.0,48.988813561666575
CLUSTER_501,E,horse_man,474.5,48.988813561666575
CLUSTER_501,E,pig_man,1378.0,48.988813561666575
CLUSTER_503,E,cattle_man,1023.7099999999999,50.22967721843841
CLUSTER_503,E,horse_man,847.1,50.22967721843841
CLUSTER_504,E,horse_man,1033.0,73.47352553803164
CLUSTER_504,E,pig_man,442.0,73.47352553803164
CLUSTER_509,E,cattle_man,10453.0,35.55920969611399
CLUSTER_509,E,horse_man,798.0,35.55920969611399
CLUSTER_509,E,pig_man,70.445,35.55920969611399
CLUSTER_509,E,rape_str,51.9,35.55920969611399
CLUSTER_509,E,legume_str,25.2,35.55920969611399
CLUSTER_513,E,horse_man,1042.0,46.517956098390826
CLUSTER_513,E,pig_man,657.0,46.517956098390826
CLUSTER_514,E,horse_man,1246.0,54.870638730736246
CLUSTER_514,E,pig_man,13.03,54.870638730736246
CLUSTER_52,E,horse_man,1083.1,78.8746005811512
CLUSTER_52,E,pig_man,917.46,78.8746005811512
CLUSTER_520,E,cattle_man,3690.0,24.737036330902853
CLUSTER_520,E,horse_man,799.0,24.737036330902853
CLUSTER_528,E,horse_man,1337.0,65.74186800629505
CLUSTER_540,E,horse_man,1390.0,83.49510643253318
CLUSTER_547,E,cattle_man,10789.999999999189,53.69391632542831
CLUSTER_547,E,horse_man,1621.0,53.69391632542831
CLUSTER_549,E,horse_man,1622.0,44.75635153514223
CLUSTER_68,E,cattle_man,2715.3,42.09703842671961
CLUSTER_68,E,horse_man,1155.3,42.09703842671961
CLUSTER_68,E,pig_man,1241.4,42.09703842671961
CLUSTER_89,E,pig_man,499.7749999999999,69.47220496500243
CLUSTER_91,E,cattle_man,1586.06,20.82125045844607
CLUSTER_91,E,horse_man,619.6,20.82125045844607
CLUSTER_91,E,pig_man,218.0,20.82125045844607
CLUSTER_91,E,rape_str,434.47,20.82125045844607
CLUSTER_91,E,legume_str,391.1,20.82125045844607
CLUSTER_99,E,cattle_man,18960.0,28.173656940606225
CLUSTER_99,E,horse_man,170.398,28.173656940606225
CLUSTER_99,E,pig_man,173.7,28.173656940606225
CLUSTER_99,E,rape_str,371.8,28.173656940606225
CLUSTER_99,E,legume_str,144.0,28.173656940606225
CLUSTER_100,L,cattle_man,9536.0,47.32851403502716
CLUSTER_100,L,horse_man,3925.5,47.32851403502716
CLUSTER_100,L,pig_man,69.61,47.32851403502716
CLUSTER_116,L,horse_man,1252.0,81.53384501747269
CLUSTER_116,L,pig_man,144.5,81.53384501747269
CLUSTER_122,L,cattle_man,17000.0,5.797655200635496
CLUSTER_122,L,cattle_slu,61990.0,5.797655200635496
CLUSTER_122,L,horse_man,5260.000000000006,5.797655200635496
CLUSTER_122,L,pig_man,40.78257,5.797655200635496
CLUSTER_122,L,maize_str,446.3,5.797655200635496
CLUSTER_122,L,legume_str,179.2,5.797655200635496
CLUSTER_142,L,cattle_man,32190.000000000004,23.40251943530196
CLUSTER_151,L,cattle_man,5361.0,12.58797647607041
CLUSTER_151,L,cattle_slu,23719.999999999836,12.58797647607041
CLUSTER_151,L,horse_man,5352.0,12.58797647607041
CLUSTER_151,L,pig_man,33.274,12.58797647607041
CLUSTER_151,L,rape_str,655.0,12.58797647607041
CLUSTER_151,L,legume_str,305.9,12.58797647607041
CLUSTER_152,L,cattle_man,3361.0,48.47224096746831
CLUSTER_152,L,horse_man,2493.3,48.47224096746831
CLUSTER_152,L,pig_man,174.14849999999998,48.47224096746831
CLUSTER_198,L,cattle_man,19100.0,16.33964204009019
CLUSTER_198,L,cattle_slu,95800.0,16.33964204009019
CLUSTER_198,L,horse_man,2306.0,16.33964204009019
CLUSTER_215,L,cattle_man,11500.0,26.27901813106857
CLUSTER_215,L,horse_man,2969.0,26.27901813106857
CLUSTER_218,L,cattle_man,42980.0,8.88129501895571
CLUSTER_218,L,cattle_slu,191699.99999999997,8.88129501895571
CLUSTER_218,L,horse_man,4008.0000000000005,8.88129501895571
CLUSTER_218,L,maize_str,351.6,8.88129501895571
CLUSTER_218,L,legume_str,38.61,8.88129501895571
CLUSTER_239,L,horse_man,2882.5,66.8349676650653
CLUSTER_239,L,pig_man,931.74,66.8349676650653
CLUSTER_263,L,horse_man,3265.0,60.18638904360251
CLUSTER_279,L,cattle_man,21730.0,32.598449735304534
CLUSTER_279,L,horse_man,1665.3,32.598449735304534
CLUSTER_279,L,pig_man,723.8400164000001,32.598449735304534
CLUSTER_281,L,cattle_man,11913.999999999965,29.29036551195441
CLUSTER_281,L,horse_man,1024.5000000000032,29.29036551195441
CLUSTER_288,L,cattle_man,23510.0,41.99252553049862
CLUSTER_288,L,horse_man,1884.0,41.99252553049862
CLUSTER_288,L,pig_man,786.0,41.99252553049862
CLUSTER_300,L,cattle_man,12150.0,26.64549361807382
CLUSTER_300,L,horse_man,6326.0,26.64549361807382
CLUSTER_300,L,pig_man,581.8449999999999,26.64549361807382
CLUSTER_306,L,horse_man,2610.0,63.8597218805181
CLUSTER_306,L,pig_man,479.4,63.8597218805181
CLUSTER_323,L,cattle_man,18150.0,26.84912885361923
CLUSTER_323,L,horse_man,2339.0,26.84912885361923
CLUSTER_323,L,pig_man,275.81,26.84912885361923
CLUSTER_34,L,pig_man,547.047,79.30688337356622
CLUSTER_345,L,cattle_man,8870.0,48.77807338377558
CLUSTER_345,L,horse_man,3059.0,48.77807338377558
CLUSTER_345,L,pig_man,131.752025,48.77807338377558
CLUSTER_363,L,cattle_man,13430.0,5.425999848068782
CLUSTER_363,L,cattle_slu,51370.0,5.425999848068782
CLUSTER_363,L,horse_man,3179.999999999997,5.425999848068782
CLUSTER_363,L,pig_man,154.91,5.425999848068782
CLUSTER_363,L,maize_str,459.0,5.425999848068782
CLUSTER_363,L,legume_str,43.2,5.425999848068782
CLUSTER_386,L,cattle_man,420.0,22.98302954433449
CLUSTER_386,L,horse_man,3289.0,22.98302954433449
CLUSTER_386,L,rape_str,588.0,22.98302954433449
CLUSTER_386,L,legume_str,404.9,22.98302954433449
CLUSTER_396,L,cattle_man,5375.0,24.793023187431555
CLUSTER_396,L,horse_man,4460.0,24.793023187431555
CLUSTER_396,L,rape_str,968.0,24.793023187431555
CLUSTER_396,L,legume_str,280.9,24.793023187431555
CLUSTER_407,L,cattle_man,10172.000000000035,28.21449379960572
CLUSTER_407,L,horse_man,3348.0,28.21449379960572
CLUSTER_43,L,cattle_man,697.37,34.74676376259723
CLUSTER_43,L,horse_man,1609.1999999999998,34.74676376259723
CLUSTER_43,L,pig_man,36.5,34.74676376259723
CLUSTER_447,L,horse_man,3973.0,57.87606285831732
CLUSTER_447,L,pig_man,67.14,57.87606285831732
CLUSTER_458,L,cattle_man,4990.0,35.99607521652773
CLUSTER_458,L,horse_man,2320.0,35.99607521652773
CLUSTER_458,L,legume_str,366.0,35.99607521652773
CLUSTER_466,L,cattle_man,13690.0,35.56886054948779
CLUSTER_466,L,horse_man,4155.0,35.56886054948779
CLUSTER_466,L,pig_man,43.27128999999999,35.56886054948779
CLUSTER_495,L,horse_man,1575.0,61.83892361856699
CLUSTER_495,L,pig_man,180.446,61.83892361856699
CLUSTER_498,L,cattle_man,3436.0,14.509462846820712
CLUSTER_498,L,cattle_slu,11930.0,14.509462846820712
CLUSTER_498,L,horse_man,2767.0,14.509462846820712
CLUSTER_498,L,rape_str,235.0,14.509462846820712
CLUSTER_498,L,legume_str,259.3,14.509462846820712
CLUSTER_508,L,cattle_man,21640.0,27.962753036010483
CLUSTER_508,L,horse_man,3810.0,27.962753036010483
CLUSTER_508,L,rape_str,67.5,27.962753036010483
CLUSTER_508,L,legume_str,52.2,27.962753036010483
CLUSTER_523,L,cattle_man,13259.999999999978,17.64953357515442
CLUSTER_523,L,cattle_slu,28777.098495989634,17.64953357515442
CLUSTER_523,L,horse_man,1417.0,17.64953357515442
CLUSTER_523,L,pig_man,56.7,17.64953357515442
CLUSTER_523,L,rape_str,139.1,17.64953357515442
CLUSTER_523,L,legume_str,49.6,17.64953357515442
CLUSTER_54,L,cattle_man,5070.0,32.90359709058656
CLUSTER_54,L,horse_man,1695.0,32.90359709058656
CLUSTER_544,L,pig_man,15.550000000000002,49.101094300995726
CLUSTER_545,L,horse_man,1719.0,75.95316008057264
CLUSTER_545,L,pig_man,227.1,75.95316008057264
CLUSTER_57,L,cattle_man,1262.9,21.254794426390035
CLUSTER_57,L,horse_man,1420.0,21.254794426390035
CLUSTER_57,L,rape_str,917.4,21.254794426390035
CLUSTER_57,L,legume_str,757.7,21.254794426390035
CLUSTER_62,L,cattle_man,29750.0,16.64705874254209
CLUSTER_62,L,cattle_slu,156900.0,16.64705874254209
CLUSTER_62,L,horse_man,4905.0,16.64705874254209
CLUSTER_62,L,pig_man,33.995,16.64705874254209
CLUSTER_62,L,legume_str,34.27,16.64705874254209
CLUSTER_71,L,horse_man,2948.9,59.5184546933391
CLUSTER_71,L,pig_man,226.348,59.5184546933391
CLUSTER_8,L,cattle_man,26900.0,16.059259843494853
CLUSTER_8,L,cattle_slu,141350.0,16.059259843494853
CLUSTER_8,L,horse_man,7119.999999999999,16.059259843494853
CLUSTER_8,L,pig_man,13.2831,16.059259843494853
CLUSTER_8,L,rape_str,48.5,16.059259843494853
CLUSTER_8,L,legume_str,105.89,16.059259843494853
CLUSTER_106,X,cattle_man,12224.0,10.967606658956145
CLUSTER_106,X,cattle_slu,67740.00000000003,10.967606658956145
CLUSTER_106,X,horse_man,1081.0999999999763,10.967606658956145
CLUSTER_106,X,pig_man,245.613,10.967606658956145
CLUSTER_106,X,rape_str,253.62000000000003,10.967606658956145
CLUSTER_106,X,legume_str,84.6,10.967606658956145
CLUSTER_117,X,cattle_man,13052.0,42.897225368527
CLUSTER_117,X,horse_man,1848.199999999943,42.897225368527
CLUSTER_117,X,pig_man,153.071,42.897225368527
CLUSTER_118,X,cattle_man,21190.00000000006,12.677159691667574
CLUSTER_118,X,cattle_slu,125400.00000000001,12.677159691667574
CLUSTER_118,X,horse_man,710.0,12.677159691667574
CLUSTER_118,X,rape_str,80.0,12.677159691667574
CLUSTER_137,X,cattle_man,27690.0,17.313927444975327
CLUSTER_137,X,cattle_slu,183000.0,17.313927444975327
CLUSTER_137,X,horse_man,2767.999999999997,17.313927444975327
CLUSTER_137,X,pig_man,11.12,17.313927444975327
CLUSTER_166,X,cattle_man,6826.0,34.17027794694513
CLUSTER_174,X,cattle_man,17810.0,17.206261282361993
CLUSTER_174,X,cattle_slu,117700.0,17.206261282361993
CLUSTER_174,X,horse_man,1427.5,17.206261282361993
CLUSTER_191,X,cattle_man,11290.0,45.28282347760965
CLUSTER_191,X,horse_man,1592.0,45.28282347760965
CLUSTER_206,X,cattle_man,21950.0,24.814690325544923
CLUSTER_206,X,horse_man,726.8,24.814690325544923
CLUSTER_207,X,cattle_man,25080.0,31.42416125038334
CLUSTER_207,X,horse_man,1424.272522630923,31.42416125038334
CLUSTER_224,X,cattle_man,12420.0,47.36933229016047
CLUSTER_224,X,horse_man,1438.0,47.36933229016047
CLUSTER_252,X,cattle_man,23950.0,25.232997054895947
CLUSTER_252,X,horse_man,2046.0,25.232997054895947
CLUSTER_253,X,cattle_man,6043.0,54.87695640973523
CLUSTER_264,X,cattle_man,33570.0,2.558202469348682
CLUSTER_264,X,cattle_slu,230129.99999999997,2.558202469348682
CLUSTER_264,X,horse_man,387.68400000001196,2.558202469348682
CLUSTER_264,X,pig_slu,2295.79,2.558202469348682
CLUSTER_264,X,pig_man,100.19925,2.558202469348682
CLUSTER_264,X,maize_str,79.4,2.558202469348682
CLUSTER_264,X,beet_leaf,541.0,2.558202469348682
CLUSTER_264,X,rape_str,125.89999999999999,2.558202469348682
CLUSTER_264,X,legume_str,18.9,2.558202469348682
CLUSTER_268,X,cattle_man,5520.0,54.03771198600035
CLUSTER_268,X,horse_man,1285.41,54.03771198600035
CLUSTER_329,X,cattle_man,13430.0,37.588324334726046
CLUSTER_329,X,horse_man,1337.000000000032,37.588324334726046
CLUSTER_341,X,cattle_man,862.8,42.64469692103255
CLUSTER_341,X,horse_man,2031.7999999999997,42.64469692103255
CLUSTER_341,X,pig_man,160.94299999999998,42.64469692103255
CLUSTER_366,X,cattle_man,8803.0,22.40062095385072
CLUSTER_366,X,horse_man,199.48,22.40062095385072
CLUSTER_366,X,rape_str,303.82,22.40062095385072
CLUSTER_366,X,legume_str,55.69,22.40062095385072
CLUSTER_375,X,cattle_man,14310.0,12.99209863627502
CLUSTER_375,X,cattle_slu,101649.99999999994,12.99209863627502
CLUSTER_375,X,horse_man,280.5,12.99209863627502
CLUSTER_422,X,cattle_man,4670.0,37.57784835677636
CLUSTER_422,X,horse_man,1414.0,37.57784835677636
CLUSTER_434,X,cattle_man,10390.00000000002,9.256585465392195
CLUSTER_434,X,cattle_slu,76999.99999999994,9.256585465392195
CLUSTER_434,X,horse_man,816.4,9.256585465392195
CLUSTER_463,X,cattle_man,3188.9999999999486,30.55414366413148
CLUSTER_463,X,horse_man,384.3,30.55414366413148
CLUSTER_463,X,pig_man,180.00319,30.55414366413148
CLUSTER_463,X,rape_str,181.4,30.55414366413148
CLUSTER_463,X,legume_str,20.57,30.55414366413148
CLUSTER_480,X,horse_man,560.6,61.36169083933891
CLUSTER_492,X,horse_man,472.0,58.7427746821802
CLUSTER_51,X,cattle_man,28020.0,11.07591292902518
CLUSTER_51,X,cattle_slu,177430.00000000003,11.07591292902518
CLUSTER_51,X,horse_man,2617.0,11.07591292902518
CLUSTER_521,X,cattle_man,12159.999999999975,34.63687897312609
CLUSTER_521,X,horse_man,1448.0,34.63687897312609
CLUSTER_527,X,cattle_man,7620.0,47.56233196666667
CLUSTER_527,X,horse_man,1912.0,47.56233196666667
CLUSTER_527,X,pig_man,48.0347,47.56233196666667
CLUSTER_548,X,cattle_man,7311.0,14.679329625797036
CLUSTER_548,X,cattle_slu,38500.0,14.679329625797036
CLUSTER_548,X,horse_man,2324.0,14.679329625797036
CLUSTER_548,X,rape_str,123.00000000000001,14.679329625797036
CLUSTER_548,X,legume_str,30.47,14.679329625797036
CLUSTER_65,X,cattle_man,29310.0,32.154500672735296
CLUSTER_65,X,horse_man,2654.0,32.154500672735296
CLUSTER_65,X,pig_man,165.989,32.154500672735296
CLUSTER_94,X,cattle_man,10320.0,45.74400606093663
CLUSTER_94,X,horse_man,907.3000000000283,45.74400606093663
CLUSTER_121,AJ,cattle_man,11370.0,30.07164901006257
CLUSTER_121,AJ,horse_man,2072.9999999998554,30.07164901006257
CLUSTER_135,AJ,cattle_man,35210.0,34.98804675460816
CLUSTER_135,AJ,horse_man,2847.0,34.98804675460816
CLUSTER_135,AJ,pig_man,159.368,34.98804675460816
CLUSTER_135,AJ,legume_str,330.2,34.98804675460816
CLUSTER_142,AJ,horse_man,1981.9999999999998,25.146430660126228
CLUSTER_142,AJ,pig_man,67.2671,25.146430660126228
CLUSTER_142,AJ,legume_str,157.6,25.146430660126228
CLUSTER_149,AJ,cattle_man,19570.0,3.3739923957199296
CLUSTER_149,AJ,cattle_slu,98800.0,3.3739923957199296
CLUSTER_149,AJ,horse_man,2613.8,3.3739923957199296
CLUSTER_149,AJ,pig_man,19.0894,3.3739923957199296
CLUSTER_149,AJ,maize_str,10.72,3.3739923957199296
CLUSTER_149,AJ,legume_str,27.93,3.3739923957199296
CLUSTER_192,AJ,horse_man,605.0,58.87604701085896
CLUSTER_203,AJ,cattle_man,28660.0,14.740743556478185
CLUSTER_203,AJ,cattle_slu,104700.608,14.740743556478185
CLUSTER_203,AJ,horse_man,3312.9999999999022,14.740743556478185
CLUSTER_203,AJ,pig_man,696.08362,14.740743556478185
CLUSTER_203,AJ,maize_str,1493.3,14.740743556478185
CLUSTER_203,AJ,rape_str,472.3,14.740743556478185
CLUSTER_203,AJ,legume_str,259.1,14.740743556478185
CLUSTER_22,AJ,cattle_man,44030.0,33.85221956569244
CLUSTER_22,AJ,horse_man,2301.0,33.85221956569244
CLUSTER_22,AJ,pig_man,696.0,33.85221956569244
CLUSTER_244,AJ,cattle_man,18650.0,18.08749794964804
CLUSTER_244,AJ,cattle_slu,84140.0,18.08749794964804
CLUSTER_244,AJ,horse_man,3070.0000000003242,18.08749794964804
CLUSTER_244,AJ,legume_str,50.040000000000006,18.08749794964804
CLUSTER_26,AJ,cattle_man,27389.999999999858,13.19641933677666
CLUSTER_26,AJ,cattle_slu,127300.0,13.19641933677666
CLUSTER_26,AJ,horse_man,4470.999999999675,13.19641933677666
CLUSTER_26,AJ,maize_str,217.7,13.19641933677666
CLUSTER_26,AJ,legume_str,17.009999999999998,13.19641933677666
CLUSTER_29,AJ,cattle_man,35210.0,12.098887889984756
CLUSTER_29,AJ,cattle_slu,162470.0000000001,12.098887889984756
CLUSTER_29,AJ,horse_man,2338.7,12.098887889984756
CLUSTER_29,AJ,maize_str,170.22,12.098887889984756
CLUSTER_29,AJ,rape_str,84.37,12.098887889984756
CLUSTER_29,AJ,legume_str,109.47,12.098887889984756
CLUSTER_308,AJ,cattle_man,2235.0,44.01736805535272
CLUSTER_308,AJ,horse_man,482.0,44.01736805535272
CLUSTER_350,AJ,cattle_man,14500.0,19.49945037428074
CLUSTER_350,AJ,horse_man,2875.000000000234,19.49945037428074
CLUSTER_350,AJ,pig_man,183.62,19.49945037428074
CLUSTER_350,AJ,rape_str,241.9,19.49945037428074
CLUSTER_350,AJ,legume_str,207.8,19.49945037428074
CLUSTER_374,AJ,horse_man,1838.9999999999102,57.468680221185565
CLUSTER_378,AJ,cattle_man,31200.0,22.439290491734862
CLUSTER_378,AJ,horse_man,1373.0,22.439290491734862
CLUSTER_378,AJ,pig_man,297.007,22.439290491734862
CLUSTER_378,AJ,rape_str,180.6,22.439290491734862
CLUSTER_378,AJ,legume_str,300.1,22.439290491734862
CLUSTER_440,AJ,cattle_man,13439.999999999995,27.106580403105173
CLUSTER_440,AJ,horse_man,2708.0,27.106580403105173
CLUSTER_440,AJ,legume_str,29.4,27.106580403105173
CLUSTER_448,AJ,cattle_man,3200.0,25.66072605199784
CLUSTER_448,AJ,horse_man,654.0,25.66072605199784
CLUSTER_474,AJ,cattle_man,11990.0,6.0519761098508935
CLUSTER_474,AJ,cattle_slu,54999.99999999994,6.0519761098508935
CLUSTER_474,AJ,horse_man,1341.0,6.0519761098508935
CLUSTER_482,AJ,cattle_man,16500.000000000135,10.649687296726372
CLUSTER_482,AJ,cattle_slu,67590.0,10.649687296726372
CLUSTER_482,AJ,horse_man,1167.3,10.649687296726372
CLUSTER_482,AJ,pig_man,28.99635,10.649687296726372
CLUSTER_482,AJ,maize_str,141.8,10.649687296726372
CLUSTER_482,AJ,legume_str,62.8,10.649687296726372
CLUSTER_58,AJ,cattle_man,15534.297237814195,30.58009911478845
CLUSTER_58,AJ,horse_man,3739.6,30.58009911478845
CLUSTER_58,AJ,pig_man,585.7193,30.58009911478845
CLUSTER_58,AJ,rape_str,948.0,30.58009911478845
CLUSTER_58,AJ,legume_str,822.0,30.58009911478845
CLUSTER_67,AJ,cattle_man,12270.0,28.6517263816126
CLUSTER_67,AJ,horse_man,2276.6,28.6517263816126
CLUSTER_67,AJ,legume_str,13.0,28.6517263816126
CLUSTER_81,AJ,cattle_man,26470.0,16.07125225694556
CLUSTER_81,AJ,cattle_slu,122780.0,16.07125225694556
CLUSTER_81,AJ,horse_man,1535.0,16.07125225694556
CLUSTER_81,AJ,pig_man,12.9891,16.07125225694556
CLUSTER_81,AJ,maize_str,309.0,16.07125225694556
CLUSTER_81,AJ,legume_str,73.12,16.07125225694556
CLUSTER_85,AJ,cattle_man,17750.0,44.93831661156535
CLUSTER_85,AJ,horse_man,2141.0,44.93831661156535
CLUSTER_85,AJ,pig_man,109.2627,44.93831661156535
CLUSTER_90,AJ,cattle_man,9800.0,16.33932305119155
CLUSTER_90,AJ,cattle_slu,36040.0,16.33932305119155
CLUSTER_90,AJ,horse_man,1376.0000000000089,16.33932305119155
CLUSTER_90,AJ,maize_str,12.9,16.33932305119155
CLUSTER_93,AJ,cattle_man,44710.0,40.26050360748904
CLUSTER_93,AJ,horse_man,4360.0,40.26050360748904
CLUSTER_93,AJ,pig_man,56.565000000000005,40.26050360748904
CLUSTER_124,AK,cattle_man,20030.0,24.66953640492466
CLUSTER_124,AK,horse_man,2749.0,24.66953640492466
CLUSTER_124,AK,maize_str,473.2,24.66953640492466
CLUSTER_124,AK,legume_str,92.4,24.66953640492466
CLUSTER_159,AK,cattle_man,8440.0,18.646787635467263
CLUSTER_159,AK,maize_str,9172.0,18.646787635467263
CLUSTER_159,AK,rape_str,771.0,18.646787635467263
CLUSTER_159,AK,legume_str,421.3,18.646787635467263
CLUSTER_202,AK,maize_str,1620.21,16.989577785589592
CLUSTER_202,AK,rape_str,65.6,16.989577785589592
CLUSTER_202,AK,legume_str,151.06,16.989577785589592
CLUSTER_214,AK,horse_man,1119.6,35.38438655601537
CLUSTER_214,AK,legume_str,85.15,35.38438655601537
CLUSTER_225,AK,cattle_man,6770.0,13.24216987310062
CLUSTER_225,AK,maize_str,8410.0,13.24216987310062
CLUSTER_225,AK,beet_leaf,5020.0,13.24216987310062
CLUSTER_225,AK,rape_str,1132.3,13.24216987310062
CLUSTER_225,AK,legume_str,589.4,13.24216987310062
CLUSTER_233,AK,maize_str,2980.0,20.194122897451606
CLUSTER_233,AK,rape_str,718.0,20.194122897451606
CLUSTER_233,AK,legume_str,413.0,20.194122897451606
CLUSTER_250,AK,maize_str,14.7,25.632720586373114
CLUSTER_258,AK,cattle_man,16820.0,24.22551146422404
CLUSTER_258,AK,maize_str,13.7,24.22551146422404
CLUSTER_258,AK,legume_str,10.47,24.22551146422404
CLUSTER_270,AK,rape_str,169.7,29.57312097820956
CLUSTER_270,AK,legume_str,180.75,29.57312097820956
CLUSTER_273,AK,rape_str,116.6,37.87656538820248
CLUSTER_273,AK,legume_str,126.2,37.87656538820248
CLUSTER_282,AK,cattle_man,10020.0,6.087978140740391
CLUSTER_282,AK,cattle_slu,48900.0,6.087978140740391
CLUSTER_282,AK,maize_str,1199.9,6.087978140740391
CLUSTER_282,AK,beet_leaf,497.00000000000006,6.087978140740391
CLUSTER_282,AK,rape_str,168.6,6.087978140740391
CLUSTER_282,AK,legume_str,149.16,6.087978140740391
CLUSTER_291,AK,maize_str,29616.54568343512,27.543254192447503
CLUSTER_291,AK,rape_str,424.0,27.543254192447503
CLUSTER_291,AK,legume_str,875.6,27.543254192447503
CLUSTER_292,AK,maize_str,10970.0,21.106005634134977
CLUSTER_292,AK,rape_str,1890.0,21.106005634134977
CLUSTER_292,AK,legume_str,588.0,21.106005634134977
CLUSTER_296,AK,cattle_man,6573.0,15.84957132813178
CLUSTER_296,AK,maize_str,81.94,15.84957132813178
CLUSTER_296,AK,legume_str,10.71,15.84957132813178
CLUSTER_355,AK,rape_str,1192.0,38.08249317818321
CLUSTER_355,AK,legume_str,1096.0,38.08249317818321
CLUSTER_402,AK,rape_str,21.1,36.32470472785701
CLUSTER_402,AK,legume_str,299.0,36.32470472785701
CLUSTER_436,AK,rape_str,941.0,34.323387590771
CLUSTER_436,AK,legume_str,253.39999999999998,34.323387590771
CLUSTER_442,AK,legume_str,12.73,34.98495704355965
CLUSTER_456,AK,maize_str,2995.0,21.34826924912601
CLUSTER_456,AK,rape_str,206.8,21.34826924912601
CLUSTER_456,AK,legume_str,113.6,21.34826924912601
CLUSTER_457,AK,cattle_man,11400.0,15.093433277530874
CLUSTER_457,AK,horse_man,1512.5,15.093433277530874
CLUSTER_457,AK,maize_str,314.0,15.093433277530874
CLUSTER_457,AK,rape_str,30.800000000000004,15.093433277530874
CLUSTER_457,AK,legume_str,108.18,15.093433277530874
CLUSTER_488,AK,rape_str,315.0,31.383156395353197
CLUSTER_488,AK,legume_str,451.0,31.383156395353197
CLUSTER_513,AK,cattle_man,2780.0,12.365525359969158
CLUSTER_513,AK,maize_str,11970.0,12.365525359969158
CLUSTER_513,AK,beet_leaf,37270.0,12.365525359969158
CLUSTER_513,AK,rape_str,985.0,12.365525359969158
CLUSTER_513,AK,legume_str,913.0,12.365525359969158
CLUSTER_514,AK,cattle_man,11580.0,8.871291287044672
CLUSTER_514,AK,maize_str,350.0,8.871291287044672
CLUSTER_514,AK,legume_str,49.46,8.871291287044672
CLUSTER_537,AK,rape_str,567.4,30.30316977585385
CLUSTER_537,AK,legume_str,243.7,30.30316977585385
CLUSTER_549,AK,cattle_man,6580.0,14.104110340094936
CLUSTER_549,AK,maize_str,115.4,14.104110340094936
CLUSTER_549,AK,rape_str,76.9,14.104110340094936
CLUSTER_549,AK,legume_str,16.9,14.104110340094936
CLUSTER_61,AK,rape_str,985.9999999999999,30.970851424307845
CLUSTER_61,AK,legume_str,504.6,30.970851424307845
CLUSTER_68,AK,maize_str,8434.0,22.72496451079204
CLUSTER_68,AK,rape_str,708.4,22.72496451079204
CLUSTER_68,AK,legume_str,893.9,22.72496451079204
CLUSTER_70,AK,rape_str,1041.14,31.24319212485738
CLUSTER_70,AK,legume_str,758.6,31.24319212485738
CLUSTER_79,AK,cattle_man,15570.0,7.01993856864579
CLUSTER_79,AK,cattle_slu,36882.524099951996,7.01993856864579
CLUSTER_79,AK,horse_man,1933.0,7.01993856864579
CLUSTER_79,AK,maize_str,6400.0,7.01993856864579
CLUSTER_79,AK,beet_leaf,2597.0,7.01993856864579
CLUSTER_79,AK,rape_str,1076.6,7.01993856864579
CLUSTER_79,AK,legume_str,931.4,7.01993856864579
CLUSTER_1,AL,pig_man,381.6,67.4732475145687
CLUSTER_101,AL,horse_man,1895.41,79.5286182862227
CLUSTER_101,AL,pig_man,311.45,79.5286182862227
CLUSTER_103,AL,horse_man,678.2,64.2152931114753
CLUSTER_103,AL,pig_man,791.300184,64.2152931114753
CLUSTER_108,AL,pig_man,291.926,53.53418214319092
CLUSTER_12,AL,horse_man,2496.5,67.34493428852404
CLUSTER_12,AL,pig_man,96.610847,67.34493428852404
CLUSTER_134,AL,pig_man,1021.56,51.28471353828896
CLUSTER_141,AL,cattle_man,6618.0,30.1695181876351
CLUSTER_141,AL,horse_man,2815.0,30.1695181876351
CLUSTER_141,AL,pig_man,111.971,30.1695181876351
CLUSTER_141,AL,rape_str,1518.4,30.1695181876351
CLUSTER_141,AL,legume_str,364.1,30.1695181876351
CLUSTER_145,AL,pig_man,104.2,89.12549918039437
CLUSTER_148,AL,cattle_man,4501.0,18.25211018717861
CLUSTER_148,AL,cattle_slu,36150.0,18.25211018717861
CLUSTER_148,AL,horse_man,500.77,18.25211018717861
CLUSTER_148,AL,pig_man,361.14175,18.25211018717861
CLUSTER_148,AL,rape_str,856.0,18.25211018717861
CLUSTER_148,AL,legume_str,71.2,18.25211018717861
CLUSTER_15,AL,pig_man,68.319,69.69134187253793
CLUSTER_153,AL,cattle_man,5103.062,39.67279227796213
CLUSTER_153,AL,horse_man,1262.5,39.67279227796213
CLUSTER_153,AL,pig_man,71.88691,39.67279227796213
CLUSTER_154,AL,pig_man,309.885,51.360270479175504
CLUSTER_16,AL,cattle_man,11750.6,43.54092430103992
CLUSTER_16,AL,horse_man,1532.4,43.54092430103992
CLUSTER_16,AL,pig_man,563.7029,43.54092430103992
CLUSTER_160,AL,cattle_man,5620.000000000008,22.25356461658017
CLUSTER_160,AL,horse_man,2174.2,22.25356461658017
CLUSTER_160,AL,pig_man,238.759,22.25356461658017
CLUSTER_160,AL,maize_str,250.69999999999996,22.25356461658017
CLUSTER_160,AL,rape_str,1197.5,22.25356461658017
CLUSTER_160,AL,legume_str,109.73,22.25356461658017
CLUSTER_161,AL,cattle_man,6850.0,25.36215374923753
CLUSTER_161,AL,horse_man,429.62,25.36215374923753
CLUSTER_161,AL,pig_man,1184.0,25.36215374923753
CLUSTER_161,AL,maize_str,217.1,25.36215374923753
CLUSTER_161,AL,rape_str,1567.0,25.36215374923753
CLUSTER_161,AL,legume_str,357.73,25.36215374923753
CLUSTER_169,AL,cattle_man,8425.7,44.48979799959275
CLUSTER_169,AL,horse_man,1079.5,44.48979799959275
CLUSTER_169,AL,pig_man,332.076,44.48979799959275
CLUSTER_171,AL,horse_man,1981.0000000000002,61.32833141987083
CLUSTER_171,AL,pig_man,887.0,61.32833141987083
CLUSTER_176,AL,pig_man,232.96,85.86605624544768
CLUSTER_181,AL,cattle_man,10934.199,22.78688242778928
CLUSTER_181,AL,horse_man,824.1,22.78688242778928
CLUSTER_181,AL,pig_man,1482.4,22.78688242778928
CLUSTER_183,AL,cattle_man,16594.0,40.21949098309212
CLUSTER_183,AL,horse_man,2503.0,40.21949098309212
CLUSTER_183,AL,pig_man,458.82,40.21949098309212
CLUSTER_183,AL,rape_str,1374.3,40.21949098309212
CLUSTER_183,AL,legume_str,266.3,40.21949098309212
CLUSTER_188,AL,horse_man,1732.0,52.946046039701294
CLUSTER_188,AL,pig_man,27.346000000000004,52.946046039701294
CLUSTER_190,AL,cattle_man,9509.0,56.84847147532679
CLUSTER_190,AL,horse_man,1595.7,56.84847147532679
CLUSTER_190,AL,pig_man,1086.0,56.84847147532679
CLUSTER_194,AL,cattle_man,4180.5,54.57354601426421
CLUSTER_194,AL,horse_man,974.4,54.57354601426421
CLUSTER_194,AL,pig_man,308.943,54.57354601426421
CLUSTER_219,AL,pig_man,686.0,79.67205534117386
CLUSTER_232,AL,cattle_man,9900.0,26.525311537744784
CLUSTER_232,AL,horse_man,3168.0,26.525311537744784
CLUSTER_232,AL,pig_man,245.34999999999997,26.525311537744784
CLUSTER_232,AL,maize_str,332.4,26.525311537744784
CLUSTER_232,AL,rape_str,928.0,26.525311537744784
CLUSTER_232,AL,legume_str,118.5,26.525311537744784
CLUSTER_237,AL,cattle_man,4862.0,56.26222813859848
CLUSTER_237,AL,horse_man,478.63,56.26222813859848
CLUSTER_237,AL,pig_man,687.516,56.26222813859848
CLUSTER_24,AL,horse_man,1586.5,54.34519750848202
CLUSTER_24,AL,pig_man,438.94,54.34519750848202
CLUSTER_242,AL,cattle_man,11299.999999999984,13.936627277300229
CLUSTER_242,AL,cattle_slu,83100.0,13.936627277300229
CLUSTER_242,AL,horse_man,850.0,13.936627277300229
CLUSTER_242,AL,pig_man,257.9398,13.936627277300229
CLUSTER_242,AL,maize_str,82.1,13.936627277300229
CLUSTER_242,AL,rape_str,1229.6,13.936627277300229
CLUSTER_242,AL,legume_str,233.5,13.936627277300229
CLUSTER_246,AL,cattle_man,2279.3,45.89297133453773
CLUSTER_246,AL,horse_man,1160.4,45.89297133453773
CLUSTER_246,AL,pig_man,400.322,45.89297133453773
CLUSTER_248,AL,horse_man,258.4,69.79932764685772
CLUSTER_248,AL,pig_man,337.0,69.79932764685772
CLUSTER_251,AL,horse_man,239.3,60.32226201182953
CLUSTER_251,AL,pig_man,335.71000000000004,60.32226201182953
CLUSTER_266,AL,cattle_man,5864.8,40.75372216368099
CLUSTER_266,AL,horse_man,271.0126,40.75372216368099
CLUSTER_266,AL,pig_man,616.51,40.75372216368099
CLUSTER_272,AL,cattle_man,3166.9,40.442493812265546
CLUSTER_272,AL,horse_man,1033.0,40.442493812265546
CLUSTER_278,AL,cattle_man,5274.7,54.70847189989871
CLUSTER_278,AL,horse_man,660.7,54.70847189989871
CLUSTER_278,AL,pig_man,334.991,54.70847189989871
CLUSTER_283,AL,horse_man,349.112,40.34490936679906
CLUSTER_283,AL,pig_man,1637.37,40.34490936679906
CLUSTER_289,AL,cattle_man,2928.51287,29.460063716973377
CLUSTER_289,AL,horse_man,747.4,29.460063716973377
CLUSTER_289,AL,pig_man,222.68,29.460063716973377
CLUSTER_294,AL,cattle_man,6386.0,26.21613341618151
CLUSTER_294,AL,horse_man,1187.9,26.21613341618151
CLUSTER_294,AL,pig_man,937.6,26.21613341618151
CLUSTER_294,AL,maize_str,175.3,26.21613341618151
CLUSTER_294,AL,rape_str,684.0,26.21613341618151
CLUSTER_294,AL,legume_str,168.2,26.21613341618151
CLUSTER_298,AL,cattle_man,6560.0,43.06760178709749
CLUSTER_298,AL,horse_man,591.0,43.06760178709749
CLUSTER_30,AL,cattle_man,5446.59,6.468107108865084
CLUSTER_30,AL,cattle_slu,33570.00000000001,6.468107108865084
CLUSTER_30,AL,horse_man,478.27,6.468107108865084
CLUSTER_30,AL,pig_man,2280.0,6.468107108865084
CLUSTER_30,AL,maize_str,530.4,6.468107108865084
CLUSTER_30,AL,beet_leaf,11087.999999999998,6.468107108865084
CLUSTER_30,AL,rape_str,844.0,6.468107108865084
CLUSTER_30,AL,legume_str,592.4,6.468107108865084
CLUSTER_303,AL,horse_man,1570.0,79.55667252208697
CLUSTER_303,AL,pig_man,1707.0,79.55667252208697
CLUSTER_314,AL,cattle_man,812.91,13.836029601897662
CLUSTER_314,AL,cattle_slu,17910.988,13.836029601897662
CLUSTER_314,AL,horse_man,639.0,13.836029601897662
CLUSTER_314,AL,pig_man,452.226,13.836029601897662
CLUSTER_314,AL,rape_str,258.9,13.836029601897662
CLUSTER_314,AL,legume_str,103.5,13.836029601897662
CLUSTER_318,AL,horse_man,285.58011967547503,93.33088898685271
CLUSTER_332,AL,horse_man,404.6,55.70957218142033
CLUSTER_332,AL,pig_man,132.8458,55.70957218142033
CLUSTER_336,AL,cattle_man,9570.0,32.636288956514385
CLUSTER_336,AL,horse_man,579.9,32.636288956514385
CLUSTER_336,AL,pig_man,552.236,32.636288956514385
CLUSTER_346,AL,cattle_man,146.3,57.465399599034185
CLUSTER_346,AL,horse_man,804.6,57.465399599034185
CLUSTER_348,AL,cattle_man,2194.0,21.326355185896777
CLUSTER_348,AL,horse_man,429.0,21.326355185896777
CLUSTER_348,AL,pig_man,264.2,21.326355185896777
CLUSTER_351,AL,pig_man,456.3,69.10089343607031
CLUSTER_361,AL,cattle_man,4111.29,28.639505570127174
CLUSTER_361,AL,horse_man,200.3,28.639505570127174
CLUSTER_361,AL,pig_man,900.0,28.639505570127174
CLUSTER_377,AL,horse_man,627.7,80.96697683203307
CLUSTER_377,AL,pig_man,294.4,80.96697683203307
CLUSTER_38,AL,cattle_man,6536.0,41.33924028786713
CLUSTER_38,AL,horse_man,253.79999999999998,41.33924028786713
CLUSTER_38,AL,pig_man,315.61,41.33924028786713
CLUSTER_381,AL,cattle_man,4175.2,31.530046921017675
CLUSTER_381,AL,horse_man,1692.89,31.530046921017675
CLUSTER_381,AL,pig_man,167.133571,31.530046921017675
CLUSTER_381,AL,rape_str,1369.1,31.530046921017675
CLUSTER_381,AL,legume_str,127.29,31.530046921017675
CLUSTER_382,AL,horse_man,1045.0,77.3207131764795
CLUSTER_382,AL,pig_man,429.0,77.3207131764795
CLUSTER_389,AL,horse_man,483.0,42.834069706778
CLUSTER_389,AL,pig_man,58.461,42.834069706778
CLUSTER_390,AL,cattle_man,4736.4,46.08530784302949
CLUSTER_390,AL,horse_man,147.848,46.08530784302949
CLUSTER_390,AL,pig_man,1056.886,46.08530784302949
CLUSTER_395,AL,cattle_man,1724.5,25.20969983933112
CLUSTER_395,AL,horse_man,552.0799999999999,25.20969983933112
CLUSTER_395,AL,pig_man,29.4111,25.20969983933112
CLUSTER_395,AL,rape_str,1105.0,25.20969983933112
CLUSTER_395,AL,legume_str,73.81,25.20969983933112
CLUSTER_4,AL,cattle_man,20439.0,33.22691123327381
CLUSTER_4,AL,horse_man,2532.2,33.22691123327381
CLUSTER_4,AL,pig_man,730.49,33.22691123327381
CLUSTER_404,AL,cattle_man,4430.0,41.86325165730579
CLUSTER_404,AL,horse_man,1860.0,41.86325165730579
CLUSTER_404,AL,pig_man,75.63,41.86325165730579
CLUSTER_405,AL,cattle_man,3574.0,12.078708079986708
CLUSTER_405,AL,cattle_slu,18811.7,12.078708079986708
CLUSTER_405,AL,horse_man,311.8,12.078708079986708
CLUSTER_405,AL,pig_man,1316.0,12.078708079986708
CLUSTER_405,AL,beet_leaf,2313.0,12.078708079986708
CLUSTER_405,AL,rape_str,758.7,12.078708079986708
CLUSTER_405,AL,legume_str,321.95,12.078708079986708
CLUSTER_41,AL,cattle_man,390.8,46.89084297069942
CLUSTER_41,AL,horse_man,2108.8,46.89084297069942
CLUSTER_41,AL,pig_man,16.8586,46.89084297069942
CLUSTER_417,AL,horse_man,430.8,45.23788271087577
CLUSTER_417,AL,pig_man,197.25,45.23788271087577
CLUSTER_418,AL,cattle_man,5426.46,56.14124932478277
CLUSTER_418,AL,horse_man,144.9,56.14124932478277
CLUSTER_418,AL,pig_man,116.425,56.14124932478277
CLUSTER_420,AL,cattle_man,7064.0,8.979370992818307
CLUSTER_420,AL,cattle_slu,40370.0,8.979370992818307
CLUSTER_420,AL,horse_man,315.77,8.979370992818307
CLUSTER_420,AL,pig_man,412.5,8.979370992818307
CLUSTER_420,AL,maize_str,18.3,8.979370992818307
CLUSTER_420,AL,beet_leaf,631.108,8.979370992818307
CLUSTER_420,AL,rape_str,472.0,8.979370992818307
CLUSTER_420,AL,legume_str,308.5,8.979370992818307
CLUSTER_421,AL,cattle_man,2121.0,37.997493713823886
CLUSTER_421,AL,horse_man,802.6,37.997493713823886
CLUSTER_421,AL,rape_str,740.8,37.997493713823886
CLUSTER_421,AL,legume_str,191.0,37.997493713823886
CLUSTER_425,AL,horse_man,526.6,54.46382155536844
CLUSTER_425,AL,pig_man,14.561,54.46382155536844
CLUSTER_433,AL,cattle_man,4450.0297,35.59579981180402
CLUSTER_433,AL,horse_man,1106.0,35.59579981180402
CLUSTER_433,AL,pig_man,179.118,35.59579981180402
CLUSTER_433,AL,rape_str,464.4,35.59579981180402
CLUSTER_433,AL,legume_str,55.8,35.59579981180402
CLUSTER_435,AL,pig_man,46.49,63.65836490308656
CLUSTER_445,AL,cattle_man,831.9,19.181733241826272
CLUSTER_445,AL,horse_man,58.691,19.181733241826272
CLUSTER_445,AL,pig_man,3700.0,19.181733241826272
CLUSTER_445,AL,maize_str,620.6,19.181733241826272
CLUSTER_445,AL,rape_str,1059.0,19.181733241826272
CLUSTER_445,AL,legume_str,171.5,19.181733241826272
CLUSTER_454,AL,cattle_man,5716.099999999964,22.445143322321183
CLUSTER_454,AL,horse_man,105.4,22.445143322321183
CLUSTER_454,AL,pig_man,279.8,22.445143322321183
CLUSTER_454,AL,maize_str,265.5,22.445143322321183
CLUSTER_454,AL,rape_str,1065.8200000000002,22.445143322321183
CLUSTER_454,AL,legume_str,117.9,22.445143322321183
CLUSTER_459,AL,horse_man,167.4,62.62021278073168
CLUSTER_459,AL,pig_man,243.8,62.62021278073168
CLUSTER_46,AL,cattle_man,1697.0,48.13596442740883
CLUSTER_46,AL,horse_man,2237.0,48.13596442740883
CLUSTER_46,AL,pig_man,83.87871,48.13596442740883
CLUSTER_460,AL,cattle_man,3371.2,32.92886417388125
CLUSTER_460,AL,horse_man,392.16,32.92886417388125
CLUSTER_460,AL,pig_man,189.907,32.92886417388125
CLUSTER_460,AL,rape_str,204.4,32.92886417388125
CLUSTER_460,AL,legume_str,101.4,32.92886417388125
CLUSTER_462,AL,cattle_man,3029.0,23.93702674778636
CLUSTER_462,AL,horse_man,386.0,23.93702674778636
CLUSTER_462,AL,pig_man,169.4,23.93702674778636
CLUSTER_462,AL,maize_str,119.4,23.93702674778636
CLUSTER_462,AL,rape_str,192.1,23.93702674778636
CLUSTER_462,AL,legume_str,58.4,23.93702674778636
CLUSTER_468,AL,cattle_man,1492.0,47.47262429430116
CLUSTER_468,AL,horse_man,11.2,47.47262429430116
CLUSTER_469,AL,pig_man,324.0,89.06805618407354
CLUSTER_476,AL,horse_man,492.00000000000006,54.602700215978246
CLUSTER_483,AL,cattle_man,2116.9,19.76491884492896
CLUSTER_483,AL,horse_man,289.75,19.76491884492896
CLUSTER_483,AL,pig_man,2458.8999999999996,19.76491884492896
CLUSTER_483,AL,rape_str,440.9,19.76491884492896
CLUSTER_483,AL,legume_str,415.5,19.76491884492896
CLUSTER_486,AL,cattle_man,1158.0,16.512778567537428
CLUSTER_486,AL,cattle_slu,18700.0,16.512778567537428
CLUSTER_486,AL,horse_man,429.2,16.512778567537428
CLUSTER_486,AL,pig_man,772.0,16.512778567537428
CLUSTER_486,AL,maize_str,23.9,16.512778567537428
CLUSTER_486,AL,rape_str,303.0,16.512778567537428
CLUSTER_486,AL,legume_str,57.1,16.512778567537428
CLUSTER_490,AL,cattle_man,3600.0,37.33427107873315
CLUSTER_490,AL,horse_man,745.2,37.33427107873315
CLUSTER_490,AL,pig_man,105.9,37.33427107873315
CLUSTER_494,AL,cattle_man,9580.0,34.06753850109607
CLUSTER_494,AL,horse_man,104.9,34.06753850109607
CLUSTER_494,AL,pig_man,566.9,34.06753850109607
CLUSTER_506,AL,horse_man,529.0,63.58099738379646
CLUSTER_506,AL,pig_man,228.0325,63.58099738379646
CLUSTER_510,AL,cattle_man,2238.5,52.0746267405704
CLUSTER_510,AL,horse_man,1319.0,52.0746267405704
CLUSTER_517,AL,horse_man,372.7,61.21715958047376
CLUSTER_524,AL,cattle_man,2192.0,46.360239372643335
CLUSTER_524,AL,horse_man,1677.6,46.360239372643335
CLUSTER_524,AL,pig_man,18.178,46.360239372643335
CLUSTER_532,AL,cattle_man,3510.0508,9.335445071502985
CLUSTER_532,AL,cattle_slu,21390.0,9.335445071502985
CLUSTER_532,AL,horse_man,177.7,9.335445071502985
CLUSTER_532,AL,pig_man,411.16,9.335445071502985
CLUSTER_532,AL,maize_str,67.89999999999999,9.335445071502985
CLUSTER_532,AL,beet_leaf,612.0,9.335445071502985
CLUSTER_532,AL,rape_str,590.2,9.335445071502985
CLUSTER_532,AL,legume_str,85.86,9.335445071502985
CLUSTER_55,AL,cattle_man,3272.0,56.203995040784655
CLUSTER_55,AL,horse_man,3076.3,56.203995040784655
CLUSTER_55,AL,pig_man,46.48,56.203995040784655
CLUSTER_6,AL,horse_man,339.439139,68.91009233448155
CLUSTER_6,AL,pig_man,1816.7,68.91009233448155
CLUSTER_66,AL,cattle_man,2641.0375,41.36126574889333
CLUSTER_66,AL,horse_man,880.00908,41.36126574889333
CLUSTER_66,AL,pig_man,180.310571,41.36126574889333
CLUSTER_66,AL,rape_str,449.2,41.36126574889333
CLUSTER_66,AL,legume_str,66.985,41.36126574889333
CLUSTER_75,AL,cattle_man,15511.300000000034,25.426126777967266
CLUSTER_75,AL,horse_man,1454.5,25.426126777967266
CLUSTER_75,AL,pig_man,1113.72,25.426126777967266
CLUSTER_76,AL,cattle_man,2539.0,51.224290863515584
CLUSTER_76,AL,horse_man,2263.0,51.224290863515584
CLUSTER_76,AL,pig_man,125.42999999999999,51.224290863515584
CLUSTER_78,AL,cattle_man,7012.0,49.89398863496883
CLUSTER_78,AL,horse_man,873.4,49.89398863496883
CLUSTER_78,AL,pig_man,141.0,49.89398863496883
CLUSTER_82,AL,horse_man,1220.1,73.11764312149359
CLUSTER_82,AL,pig_man,554.226263,73.11764312149359
CLUSTER_87,AL,cattle_man,23670.0,38.65821748794325
CLUSTER_87,AL,horse_man,362.10543,38.65821748794325
CLUSTER_87,AL,pig_man,544.04,38.65821748794325
CLUSTER_88,AL,cattle_man,1437.0,30.920897370268133
CLUSTER_88,AL,horse_man,1496.2,30.920897370268133
CLUSTER_88,AL,pig_man,46.485800000000005,30.920897370268133
CLUSTER_88,AL,rape_str,1116.4,30.920897370268133
CLUSTER_88,AL,legume_str,227.87,30.920897370268133
CLUSTER_96,AL,cattle_man,3690.0,40.21028709002806
CLUSTER_96,AL,horse_man,2943.838,40.21028709002806
CLUSTER_96,AL,pig_man,107.14,40.21028709002806
CLUSTER_10,AR,cattle_man,3121.0,46.36141879162727
CLUSTER_10,AR,horse_man,1392.2,46.36141879162727
CLUSTER_10,AR,pig_man,15.9693,46.36141879162727
CLUSTER_110,AR,cattle_man,22036.0,11.33747090640714
CLUSTER_110,AR,cattle_slu,24343.00000000002,11.33747090640714
CLUSTER_110,AR,horse_man,797.0,11.33747090640714
CLUSTER_110,AR,rape_str,218.1,11.33747090640714
CLUSTER_110,AR,legume_str,32.8,11.33747090640714
CLUSTER_119,AR,cattle_man,14930.0,1.073173187686375
CLUSTER_119,AR,cattle_slu,17250.0,1.073173187686375
CLUSTER_119,AR,horse_man,1764.0,1.073173187686375
CLUSTER_119,AR,pig_slu,3701.999999999561,1.073173187686375
CLUSTER_119,AR,pig_man,210.9,1.073173187686375
CLUSTER_119,AR,beet_leaf,644.0,1.073173187686375
CLUSTER_119,AR,rape_str,1302.0,1.073173187686375
CLUSTER_119,AR,legume_str,143.3,1.073173187686375
CLUSTER_139,AR,cattle_man,3032.51,38.49798401234388
CLUSTER_139,AR,horse_man,980.3,38.49798401234388
CLUSTER_139,AR,pig_man,42.67,38.49798401234388
CLUSTER_156,AR,cattle_man,3713.2,43.5002551324589
CLUSTER_156,AR,horse_man,1144.7,43.5002551324589
CLUSTER_156,AR,pig_man,137.8229,43.5002551324589
CLUSTER_158,AR,cattle_man,792.0,33.28102944185308
CLUSTER_158,AR,horse_man,253.79999999999998,33.28102944185308
CLUSTER_163,AR,cattle_man,10520.000000000065,31.04897253022508
CLUSTER_163,AR,horse_man,1805.0,31.04897253022508
CLUSTER_164,AR,cattle_man,5420.0,12.8767767299522
CLUSTER_164,AR,cattle_slu,4795.1,12.8767767299522
CLUSTER_164,AR,horse_man,1264.0,12.8767767299522
CLUSTER_164,AR,pig_man,46.635000000000005,12.8767767299522
CLUSTER_170,AR,cattle_man,2987.2799999999825,25.625238268209117
CLUSTER_170,AR,horse_man,782.0,25.625238268209117
CLUSTER_172,AR,horse_man,2882.7,51.61020397111129
CLUSTER_173,AR,cattle_man,7846.000000000001,18.79437579017854
CLUSTER_173,AR,cattle_slu,8502.0,18.79437579017854
CLUSTER_173,AR,horse_man,973.0,18.79437579017854
CLUSTER_173,AR,pig_man,64.52416,18.79437579017854
CLUSTER_177,AR,cattle_man,5132.0,31.817199400643247
CLUSTER_177,AR,horse_man,285.4,31.817199400643247
CLUSTER_177,AR,pig_man,779.21,31.817199400643247
CLUSTER_179,AR,cattle_man,11220.0,8.955941858744653
CLUSTER_179,AR,cattle_slu,12390.0,8.955941858744653
CLUSTER_179,AR,horse_man,1139.0,8.955941858744653
CLUSTER_179,AR,pig_man,63.56600000000001,8.955941858744653
CLUSTER_200,AR,cattle_man,3149.9999999983493,44.22115298430149
CLUSTER_200,AR,horse_man,797.9,44.22115298430149
CLUSTER_200,AR,pig_man,508.565,44.22115298430149
CLUSTER_213,AR,cattle_man,3968.0,13.532210067904048
CLUSTER_213,AR,cattle_slu,5509.99999999988,13.532210067904048
CLUSTER_213,AR,horse_man,642.2,13.532210067904048
CLUSTER_213,AR,rape_str,43.9,13.532210067904048
CLUSTER_213,AR,legume_str,10.36,13.532210067904048
CLUSTER_23,AR,horse_man,1920.4,52.01385417327086
CLUSTER_236,AR,cattle_man,1177.4,21.944559929559905
CLUSTER_236,AR,horse_man,1045.5,21.944559929559905
CLUSTER_236,AR,pig_man,144.7,21.944559929559905
CLUSTER_238,AR,cattle_man,7143.0000000016835,43.09985089909116
CLUSTER_238,AR,horse_man,820.7,43.09985089909116
CLUSTER_238,AR,pig_man,123.38,43.09985089909116
CLUSTER_247,AR,horse_man,632.0,39.93152456624021
CLUSTER_247,AR,pig_man,228.0,39.93152456624021
CLUSTER_260,AR,cattle_man,4728.0,35.95874930888229
CLUSTER_260,AR,horse_man,1035.0000000000434,35.95874930888229
CLUSTER_260,AR,pig_man,45.446,35.95874930888229
CLUSTER_271,AR,cattle_man,3622.2,45.03257594411385
CLUSTER_271,AR,horse_man,278.4,45.03257594411385
CLUSTER_271,AR,pig_man,831.7,45.03257594411385
CLUSTER_275,AR,cattle_man,3212.5,18.906528281911324
CLUSTER_275,AR,cattle_slu,989.6,18.906528281911324
CLUSTER_275,AR,horse_man,564.0,18.906528281911324
CLUSTER_277,AR,cattle_man,6870.0,27.54109047856494
CLUSTER_277,AR,horse_man,872.3,27.54109047856494
CLUSTER_277,AR,pig_man,203.959,27.54109047856494
CLUSTER_310,AR,horse_man,462.0,66.23599663044459
CLUSTER_310,AR,pig_man,67.1,66.23599663044459
CLUSTER_317,AR,horse_man,217.4,54.80354963342632
CLUSTER_317,AR,pig_man,92.31,54.80354963342632
CLUSTER_318,AR,horse_man,283.8198803245249,76.24877981604034
CLUSTER_320,AR,pig_man,16.0,39.15142088618161
CLUSTER_325,AR,horse_man,3401.7999999999456,60.51056027024317
CLUSTER_325,AR,pig_man,710.15139,60.51056027024317
CLUSTER_328,AR,horse_man,333.38,50.61697437205381
CLUSTER_328,AR,pig_man,824.57,50.61697437205381
CLUSTER_332,AR,cattle_man,620.3,45.927080925482805
CLUSTER_334,AR,horse_man,1501.5,52.46368255106808
CLUSTER_334,AR,pig_man,214.22,52.46368255106808
CLUSTER_364,AR,horse_man,483.8,65.4065134547266
CLUSTER_388,AR,cattle_man,490.4,38.2148950812858
CLUSTER_388,AR,horse_man,410.3,38.2148950812858
CLUSTER_410,AR,cattle_man,8090.0,12.798891292400349
CLUSTER_410,AR,cattle_slu,6470.0,12.798891292400349
CLUSTER_410,AR,horse_man,808.4,12.798891292400349
CLUSTER_410,AR,pig_man,261.9019,12.798891292400349
CLUSTER_424,AR,cattle_man,6654.0,40.042409797478776
CLUSTER_424,AR,horse_man,879.04,40.042409797478776
CLUSTER_424,AR,pig_man,185.966,40.042409797478776
CLUSTER_426,AR,cattle_man,5784.0,43.087385006289054
CLUSTER_426,AR,horse_man,3962.2,43.087385006289054
CLUSTER_426,AR,pig_man,46.733,43.087385006289054
CLUSTER_430,AR,cattle_man,1180.0,29.290643627604933
CLUSTER_430,AR,horse_man,480.0,29.290643627604933
CLUSTER_430,AR,pig_man,159.375,29.290643627604933
CLUSTER_449,AR,cattle_man,7060.2,35.920905142535915
CLUSTER_449,AR,horse_man,518.500398,35.920905142535915
CLUSTER_449,AR,pig_man,577.091,35.920905142535915
CLUSTER_47,AR,cattle_man,681.7,31.068182682129752
CLUSTER_47,AR,horse_man,414.0,31.068182682129752
CLUSTER_487,AR,horse_man,431.5,33.62776424564088
CLUSTER_487,AR,pig_man,299.25,33.62776424564088
CLUSTER_49,AR,cattle_man,15490.0,28.256219189287084
CLUSTER_49,AR,horse_man,1710.1,28.256219189287084
CLUSTER_49,AR,pig_man,231.961,28.256219189287084
CLUSTER_491,AR,cattle_man,6717.0,42.27868253404134
CLUSTER_491,AR,horse_man,277.6,42.27868253404134
CLUSTER_491,AR,pig_man,236.64,42.27868253404134
CLUSTER_497,AR,cattle_man,5760.0,31.52734426783041
CLUSTER_497,AR,horse_man,138.1,31.52734426783041
CLUSTER_497,AR,pig_man,347.9,31.52734426783041
CLUSTER_519,AR,cattle_man,4091.0,20.672483198500814
CLUSTER_519,AR,horse_man,814.0,20.672483198500814
CLUSTER_519,AR,legume_str,11.1,20.672483198500814
CLUSTER_530,AR,horse_man,443.6,63.13740202695898
CLUSTER_530,AR,pig_man,84.5,63.13740202695898
CLUSTER_538,AR,cattle_man,3387.0,19.418382816795948
CLUSTER_538,AR,horse_man,768.4,19.418382816795948
CLUSTER_538,AR,pig_man,151.197,19.418382816795948
CLUSTER_546,AR,cattle_man,5370.0,42.821815640825285
CLUSTER_546,AR,horse_man,444.0,42.821815640825285
CLUSTER_56,AR,horse_man,1846.8,57.36147754956306
CLUSTER_56,AR,pig_man,427.76,57.36147754956306
CLUSTER_60,AR,cattle_man,6475.0,43.7762160780033
CLUSTER_60,AR,horse_man,2507.8,43.7762160780033
CLUSTER_60,AR,pig_man,45.1582,43.7762160780033
CLUSTER_80,AR,cattle_man,2733.9,35.13955908802198
CLUSTER_80,AR,horse_man,210.9,35.13955908802198
CLUSTER_80,AR,pig_man,275.303,35.13955908802198
CLUSTER_95,AR,horse_man,229.22,52.45401507738397
CLUSTER_95,AR,pig_man,778.92,52.45401507738397
CLUSTER_97,AR,cattle_man,4494.0,29.156856620036503
CLUSTER_97,AR,horse_man,1266.8,29.156856620036503
CLUSTER_97,AR,pig_man,302.6467,29.156856620036503
CLUSTER_0,AU,cattle_man,28890.00000000079,18.429052547755923
CLUSTER_0,AU,horse_man,2610.0,18.429052547755923
CLUSTER_0,AU,pig_man,1695.2,18.429052547755923
CLUSTER_0,AU,rape_str,1701.9,18.429052547755923
CLUSTER_0,AU,legume_str,690.7,18.429052547755923
CLUSTER_104,AU,cattle_man,26110.0,7.7834057513775186
CLUSTER_104,AU,cattle_slu,114400.0,7.7834057513775186
CLUSTER_104,AU,horse_man,871.7,7.7834057513775186
CLUSTER_104,AU,pig_man,527.2180000000001,7.7834057513775186
CLUSTER_104,AU,rape_str,732.1,7.7834057513775186
CLUSTER_104,AU,legume_str,171.70000000000002,7.7834057513775186
CLUSTER_126,AU,horse_man,1435.2,54.56214483417297
CLUSTER_126,AU,pig_man,2894.0,54.56214483417297
CLUSTER_131,AU,horse_man,1232.0,44.57557874352791
CLUSTER_131,AU,pig_man,1497.8,44.57557874352791
CLUSTER_159,AU,horse_man,2721.0,58.17735876522515
CLUSTER_159,AU,pig_man,3550.315,58.17735876522515
CLUSTER_165,AU,horse_man,1926.7,37.91753369772534
CLUSTER_165,AU,pig_man,1019.9,37.91753369772534
CLUSTER_2,AU,cattle_man,3616.0,33.11618720182321
CLUSTER_2,AU,horse_man,975.2,33.11618720182321
CLUSTER_2,AU,pig_man,1666.5,33.11618720182321
CLUSTER_20,AU,cattle_man,27140.0,32.65657633508934
CLUSTER_20,AU,horse_man,3289.0,32.65657633508934
CLUSTER_20,AU,pig_man,3376.0,32.65657633508934
CLUSTER_205,AU,cattle_man,16567.0,21.845797371086928
CLUSTER_205,AU,horse_man,3447.0,21.845797371086928
CLUSTER_205,AU,pig_man,123.23616,21.845797371086928
CLUSTER_208,AU,cattle_man,5066.0,24.91492616080894
CLUSTER_208,AU,horse_man,1364.6,24.91492616080894
CLUSTER_208,AU,pig_man,22.65,24.91492616080894
CLUSTER_208,AU,rape_str,87.1,24.91492616080894
CLUSTER_208,AU,legume_str,344.5,24.91492616080894
CLUSTER_225,AU,horse_man,1039.7,42.875294676747984
CLUSTER_225,AU,pig_man,1314.9,42.875294676747984
CLUSTER_233,AU,cattle_man,5430.0,36.9380888431684
CLUSTER_233,AU,horse_man,1224.0,36.9380888431684
CLUSTER_233,AU,pig_man,435.2,36.9380888431684
CLUSTER_257,AU,horse_man,1598.0,67.5283292242613
CLUSTER_257,AU,pig_man,1704.41,67.5283292242613
CLUSTER_273,AU,cattle_man,6690.0,35.816145574371845
CLUSTER_273,AU,horse_man,1064.0,35.816145574371845
CLUSTER_273,AU,pig_man,524.6,35.816145574371845
CLUSTER_291,AU,cattle_man,2457.376,52.246477047793
CLUSTER_291,AU,horse_man,1658.0,52.246477047793
CLUSTER_291,AU,pig_man,7740.0,52.246477047793
CLUSTER_292,AU,cattle_man,8900.0,41.424479392367296
CLUSTER_292,AU,horse_man,3197.0,41.424479392367296
CLUSTER_292,AU,pig_man,2862.0,41.424479392367296
CLUSTER_302,AU,cattle_man,16129.999999999998,7.414878451387545
CLUSTER_302,AU,cattle_slu,68919.99999999999,7.414878451387545
CLUSTER_302,AU,horse_man,1597.0,7.414878451387545
CLUSTER_302,AU,pig_man,141.874306,7.414878451387545
CLUSTER_302,AU,rape_str,140.1,7.414878451387545
CLUSTER_302,AU,legume_str,313.8,7.414878451387545
CLUSTER_319,AU,cattle_man,9700.0,16.626524139624067
CLUSTER_319,AU,cattle_slu,26490.0,16.626524139624067
CLUSTER_319,AU,horse_man,1821.4999999999998,16.626524139624067
CLUSTER_319,AU,pig_man,343.0,16.626524139624067
CLUSTER_319,AU,rape_str,429.0,16.626524139624067
CLUSTER_319,AU,legume_str,497.00000000000006,16.626524139624067
CLUSTER_330,AU,cattle_man,21960.0,18.22173463923052
CLUSTER_330,AU,horse_man,1269.6,18.22173463923052
CLUSTER_330,AU,pig_man,378.71,18.22173463923052
CLUSTER_354,AU,cattle_man,4844.0,38.52783308637583
CLUSTER_354,AU,horse_man,793.6,38.52783308637583
CLUSTER_354,AU,pig_man,883.52,38.52783308637583
CLUSTER_37,AU,cattle_man,31919.999999999996,23.7775329431349
CLUSTER_37,AU,horse_man,943.0,23.7775329431349
CLUSTER_37,AU,pig_man,3353.8,23.7775329431349
CLUSTER_371,AU,horse_man,1280.1,49.09344015222478
CLUSTER_371,AU,pig_man,228.32,49.09344015222478
CLUSTER_398,AU,cattle_man,5117.0,7.246752930120764
CLUSTER_398,AU,cattle_slu,15360.00000000001,7.246752930120764
CLUSTER_398,AU,horse_man,1395.0,7.246752930120764
CLUSTER_398,AU,pig_man,169.0001898,7.246752930120764
CLUSTER_398,AU,maize_str,371.4873025445894,7.246752930120764
CLUSTER_398,AU,beet_leaf,62.10000000000001,7.246752930120764
CLUSTER_398,AU,rape_str,535.6,7.246752930120764
CLUSTER_398,AU,legume_str,250.69999999999996,7.246752930120764
CLUSTER_402,AU,cattle_man,1505.0,47.55516457644468
CLUSTER_402,AU,horse_man,859.0,47.55516457644468
CLUSTER_402,AU,pig_man,1540.0,47.55516457644468
CLUSTER_403,AU,cattle_man,9000.0,27.55426974973642
CLUSTER_403,AU,horse_man,1197.0,27.55426974973642
CLUSTER_403,AU,pig_man,782.0,27.55426974973642
CLUSTER_423,AU,horse_man,1678.0106,39.862389799656334
CLUSTER_423,AU,pig_man,669.519,39.862389799656334
CLUSTER_436,AU,cattle_man,14080.0,27.572127569250465
CLUSTER_436,AU,horse_man,830.0,27.572127569250465
CLUSTER_436,AU,pig_man,326.0,27.572127569250465
CLUSTER_441,AU,horse_man,821.0,62.53008388741152
CLUSTER_441,AU,pig_man,1272.0,62.53008388741152
CLUSTER_450,AU,cattle_man,18270.0,12.28555447753524
CLUSTER_450,AU,cattle_slu,92800.0,12.28555447753524
CLUSTER_450,AU,horse_man,963.9,12.28555447753524
CLUSTER_450,AU,pig_man,315.5,12.28555447753524
CLUSTER_450,AU,rape_str,562.7,12.28555447753524
CLUSTER_450,AU,legume_str,406.3,12.28555447753524
CLUSTER_473,AU,cattle_man,11380.0,19.829559223732264
CLUSTER_473,AU,horse_man,745.0,19.829559223732264
CLUSTER_473,AU,pig_man,510.99999999999994,19.829559223732264
CLUSTER_473,AU,rape_str,1204.0,19.829559223732264
CLUSTER_473,AU,legume_str,346.1,19.829559223732264
CLUSTER_493,AU,cattle_man,9040.0,16.350084666204033
CLUSTER_493,AU,cattle_slu,39030.0,16.350084666204033
CLUSTER_493,AU,horse_man,951.2,16.350084666204033
CLUSTER_493,AU,pig_man,193.15,16.350084666204033
CLUSTER_493,AU,rape_str,189.92,16.350084666204033
CLUSTER_493,AU,legume_str,157.4,16.350084666204033
CLUSTER_516,AU,cattle_man,8820.0,18.69103965947849
CLUSTER_516,AU,horse_man,1178.0,18.69103965947849
CLUSTER_516,AU,pig_man,123.100375,18.69103965947849
CLUSTER_516,AU,rape_str,861.0,18.69103965947849
CLUSTER_516,AU,legume_str,330.5,18.69103965947849
CLUSTER_537,AU,cattle_man,2682.0,39.691404930334336
CLUSTER_537,AU,horse_man,1468.0,39.691404930334336
CLUSTER_537,AU,pig_man,2429.0,39.691404930334336
CLUSTER_541,AU,cattle_man,4103.0,16.503608039018054
CLUSTER_541,AU,cattle_slu,16039.999999999998,16.503608039018054
CLUSTER_541,AU,horse_man,835.5,16.503608039018054
CLUSTER_541,AU,rape_str,221.9,16.503608039018054
CLUSTER_541,AU,legume_str,57.8,16.503608039018054
CLUSTER_58,AU,cattle_man,33475.70276218581,28.354444984293625
CLUSTER_61,AU,cattle_man,33290.0,25.057522915875044
CLUSTER_61,AU,horse_man,2388.0,25.057522915875044
CLUSTER_61,AU,pig_man,392.8,25.057522915875044
CLUSTER_64,AU,cattle_man,35510.0,17.649403926154893
CLUSTER_64,AU,horse_man,1753.8,17.649403926154893
CLUSTER_64,AU,pig_man,1190.4,17.649403926154893
CLUSTER_69,AU,cattle_man,40940.0,32.36694291152005
CLUSTER_69,AU,horse_man,2441.2,32.36694291152005
CLUSTER_69,AU,pig_man,1247.43,32.36694291152005
CLUSTER_70,AU,cattle_man,18095.0,29.411802953608227
CLUSTER_70,AU,horse_man,1087.859,29.411802953608227
CLUSTER_70,AU,pig_man,751.0,29.411802953608227
CLUSTER_73,AU,cattle_man,5812.0,50.014406082822525
CLUSTER_73,AU,horse_man,1613.1,50.014406082822525
CLUSTER_73,AU,pig_man,3455.0,50.014406082822525
CLUSTER_79,AU,pig_man,1322.00245,53.643220181197165
CLUSTER_92,AU,cattle_man,17416.0,7.809755284667654
CLUSTER_92,AU,cattle_slu,68400.00000000007,7.809755284667654
CLUSTER_92,AU,horse_man,2276.0,7.809755284667654
CLUSTER_92,AU,pig_man,122.73699999999998,7.809755284667654
CLUSTER_92,AU,rape_str,752.9,7.809755284667654
CLUSTER_92,AU,legume_str,339.0,7.809755284667654
CLUSTER_102,AV,cattle_man,1724.0,27.982691929988423
CLUSTER_102,AV,horse_man,961.0,27.982691929988423
CLUSTER_102,AV,rape_str,88.5,27.982691929988423
CLUSTER_102,AV,legume_str,12.3,27.982691929988423
CLUSTER_108,AV,cattle_man,372.3999999998522,47.13787918856371
CLUSTER_108,AV,horse_man,2893.0,47.13787918856371
CLUSTER_11,AV,cattle_man,3764.1,48.92003366824374
CLUSTER_11,AV,horse_man,1455.0,48.92003366824374
CLUSTER_11,AV,pig_man,23.6720704,48.92003366824374
CLUSTER_112,AV,cattle_man,13057.0,9.785141503640752
CLUSTER_112,AV,cattle_slu,95060.00000000013,9.785141503640752
CLUSTER_112,AV,horse_man,1571.0,9.785141503640752
CLUSTER_112,AV,pig_man,508.8,9.785141503640752
CLUSTER_112,AV,rape_str,740.13,9.785141503640752
CLUSTER_112,AV,legume_str,69.21000000000001,9.785141503640752
CLUSTER_113,AV,cattle_man,1617.0,27.32630290397776
CLUSTER_113,AV,horse_man,513.4,27.32630290397776
CLUSTER_113,AV,rape_str,57.67,27.32630290397776
CLUSTER_113,AV,legume_str,53.1,27.32630290397776
CLUSTER_114,AV,cattle_man,3024.9999999999304,23.04869143017369
CLUSTER_114,AV,horse_man,632.9,23.04869143017369
CLUSTER_114,AV,pig_man,77.82100000000001,23.04869143017369
CLUSTER_114,AV,rape_str,2133.0,23.04869143017369
CLUSTER_114,AV,legume_str,233.9,23.04869143017369
CLUSTER_120,AV,cattle_man,10757.999999999833,40.7161082604972
CLUSTER_120,AV,horse_man,643.23,40.7161082604972
CLUSTER_120,AV,pig_man,313.972,40.7161082604972
CLUSTER_133,AV,cattle_man,1800.0000000001587,36.38372966194248
CLUSTER_133,AV,horse_man,538.3,36.38372966194248
CLUSTER_147,AV,cattle_man,5220.0,51.81977903194353
CLUSTER_147,AV,horse_man,869.8,51.81977903194353
CLUSTER_147,AV,pig_man,23.898,51.81977903194353
CLUSTER_168,AV,cattle_man,4187.0,21.60199528060301
CLUSTER_168,AV,horse_man,2384.0,21.60199528060301
CLUSTER_168,AV,pig_man,426.892,21.60199528060301
CLUSTER_168,AV,rape_str,528.6,21.60199528060301
CLUSTER_168,AV,legume_str,159.0,21.60199528060301
CLUSTER_185,AV,cattle_man,4461.0,34.668754636491286
CLUSTER_185,AV,horse_man,786.4,34.668754636491286
CLUSTER_185,AV,pig_man,183.43,34.668754636491286
CLUSTER_185,AV,rape_str,980.9000000000001,34.668754636491286
CLUSTER_185,AV,legume_str,368.9,34.668754636491286
CLUSTER_19,AV,cattle_man,13523.0,36.97293008874363
CLUSTER_19,AV,horse_man,1890.0,36.97293008874363
CLUSTER_19,AV,pig_man,322.3,36.97293008874363
CLUSTER_19,AV,legume_str,163.01,36.97293008874363
CLUSTER_199,AV,cattle_man,3629.000000000179,25.757194883933693
CLUSTER_199,AV,horse_man,704.0,25.757194883933693
CLUSTER_199,AV,pig_man,341.399,25.757194883933693
CLUSTER_199,AV,rape_str,2095.0,25.757194883933693
CLUSTER_199,AV,legume_str,218.02,25.757194883933693
CLUSTER_21,AV,cattle_man,11679.999999999818,29.486127269088414
CLUSTER_21,AV,horse_man,1242.7,29.486127269088414
CLUSTER_21,AV,rape_str,567.3,29.486127269088414
CLUSTER_21,AV,legume_str,141.0,29.486127269088414
CLUSTER_211,AV,cattle_man,4080.0000000000005,33.35875459677519
CLUSTER_211,AV,horse_man,442.0000000000403,33.35875459677519
CLUSTER_211,AV,pig_man,51.2,33.35875459677519
CLUSTER_211,AV,rape_str,525.9999999999683,33.35875459677519
CLUSTER_211,AV,legume_str,121.2,33.35875459677519
CLUSTER_216,AV,cattle_man,6405.0,36.61849036123458
CLUSTER_216,AV,horse_man,1391.183,36.61849036123458
CLUSTER_216,AV,legume_str,149.51999999999998,36.61849036123458
CLUSTER_217,AV,cattle_man,3098.9999999999027,37.18208911102537
CLUSTER_217,AV,horse_man,1360.0,37.18208911102537
CLUSTER_217,AV,pig_man,542.22,37.18208911102537
CLUSTER_217,AV,legume_str,337.9,37.18208911102537
CLUSTER_220,AV,cattle_man,1849.0,35.414614127738325
CLUSTER_220,AV,horse_man,806.0,35.414614127738325
CLUSTER_220,AV,pig_man,25.08,35.414614127738325
CLUSTER_220,AV,legume_str,140.7,35.414614127738325
CLUSTER_221,AV,cattle_man,8125.0,25.49599540209244
CLUSTER_221,AV,horse_man,1171.9,25.49599540209244
CLUSTER_221,AV,pig_man,218.174,25.49599540209244
CLUSTER_221,AV,rape_str,447.85,25.49599540209244
CLUSTER_221,AV,legume_str,89.54,25.49599540209244
CLUSTER_222,AV,cattle_man,794.6,45.75315739005308
CLUSTER_222,AV,horse_man,643.3,45.75315739005308
CLUSTER_222,AV,pig_man,43.141,45.75315739005308
CLUSTER_245,AV,cattle_man,13084.999999999949,30.304775932270346
CLUSTER_245,AV,horse_man,793.9,30.304775932270346
CLUSTER_245,AV,pig_man,381.8,30.304775932270346
CLUSTER_245,AV,rape_str,863.6,30.304775932270346
CLUSTER_245,AV,legume_str,148.70000000000002,30.304775932270346
CLUSTER_25,AV,cattle_man,2469.579999999917,20.520973743653684
CLUSTER_25,AV,horse_man,395.1,20.520973743653684
CLUSTER_25,AV,rape_str,361.4,20.520973743653684
CLUSTER_25,AV,legume_str,111.18,20.520973743653684
CLUSTER_255,AV,cattle_man,5100.00000000016,30.69783599253777
CLUSTER_255,AV,horse_man,1720.4999999999718,30.69783599253777
CLUSTER_255,AV,pig_man,204.36,30.69783599253777
CLUSTER_255,AV,rape_str,1415.4999999999702,30.69783599253777
CLUSTER_255,AV,legume_str,246.64000000000001,30.69783599253777
CLUSTER_265,AV,cattle_man,1417.0,42.62991953284925
CLUSTER_265,AV,horse_man,1119.1,42.62991953284925
CLUSTER_265,AV,pig_man,39.79,42.62991953284925
CLUSTER_269,AV,cattle_man,10313.000000000053,21.02261280340163
CLUSTER_269,AV,horse_man,2387.8,21.02261280340163
CLUSTER_269,AV,pig_man,389.745,21.02261280340163
CLUSTER_269,AV,rape_str,727.1,21.02261280340163
CLUSTER_269,AV,legume_str,139.774,21.02261280340163
CLUSTER_286,AV,cattle_man,4579.0,41.78493283648409
CLUSTER_286,AV,horse_man,502.1,41.78493283648409
CLUSTER_286,AV,pig_man,407.6,41.78493283648409
CLUSTER_293,AV,cattle_man,4637.0,48.96570523324159
CLUSTER_293,AV,horse_man,504.0,48.96570523324159
CLUSTER_293,AV,pig_man,338.2269,48.96570523324159
CLUSTER_299,AV,cattle_man,4359.0,32.46022121898839
CLUSTER_299,AV,horse_man,817.8,32.46022121898839
CLUSTER_299,AV,pig_man,111.861,32.46022121898839
CLUSTER_299,AV,rape_str,270.28,32.46022121898839
CLUSTER_299,AV,legume_str,62.4,32.46022121898839
CLUSTER_307,AV,cattle_man,3600.0,43.02920734097231
CLUSTER_307,AV,horse_man,1101.0,43.02920734097231
CLUSTER_309,AV,cattle_man,7630.0,23.883802383810597
CLUSTER_309,AV,horse_man,240.29999999993396,23.883802383810597
CLUSTER_309,AV,pig_man,216.09,23.883802383810597
CLUSTER_309,AV,rape_str,199.0,23.883802383810597
CLUSTER_309,AV,legume_str,115.88,23.883802383810597
CLUSTER_326,AV,cattle_man,7270.0,49.77807669050846
CLUSTER_326,AV,horse_man,1285.4,49.77807669050846
CLUSTER_326,AV,pig_man,707.3,49.77807669050846
CLUSTER_327,AV,cattle_man,2540.0,44.18015389748495
CLUSTER_327,AV,horse_man,336.5,44.18015389748495
CLUSTER_331,AV,cattle_man,5700.0,9.851321203809407
CLUSTER_331,AV,cattle_slu,37300.00000000001,9.851321203809407
CLUSTER_331,AV,horse_man,3020.0,9.851321203809407
CLUSTER_331,AV,pig_man,621.0,9.851321203809407
CLUSTER_331,AV,maize_str,232.3,9.851321203809407
CLUSTER_331,AV,rape_str,1228.0,9.851321203809407
CLUSTER_331,AV,legume_str,336.0,9.851321203809407
CLUSTER_335,AV,cattle_man,4820.0,9.589621610573928
CLUSTER_335,AV,cattle_slu,36399.99999999985,9.589621610573928
CLUSTER_335,AV,horse_man,3071.0,9.589621610573928
CLUSTER_335,AV,pig_man,497.042,9.589621610573928
CLUSTER_335,AV,maize_str,16.3,9.589621610573928
CLUSTER_335,AV,rape_str,517.7,9.589621610573928
CLUSTER_335,AV,legume_str,75.2,9.589621610573928
CLUSTER_347,AV,cattle_man,674.0,41.29477020484962
CLUSTER_347,AV,horse_man,826.5,41.29477020484962
CLUSTER_347,AV,pig_man,55.193,41.29477020484962
CLUSTER_358,AV,cattle_man,8329.0,13.118594907870454
CLUSTER_358,AV,cattle_slu,38440.00000000014,13.118594907870454
CLUSTER_358,AV,horse_man,586.9,13.118594907870454
CLUSTER_358,AV,pig_man,505.06,13.118594907870454
CLUSTER_358,AV,rape_str,1314.0,13.118594907870454
CLUSTER_358,AV,legume_str,122.64,13.118594907870454
CLUSTER_359,AV,cattle_man,4205.0,32.308931754476006
CLUSTER_359,AV,horse_man,362.1,32.308931754476006
CLUSTER_359,AV,pig_man,13.947,32.308931754476006
CLUSTER_359,AV,rape_str,388.5,32.308931754476006
CLUSTER_359,AV,legume_str,17.74,32.308931754476006
CLUSTER_36,AV,cattle_man,5369.2,38.87921742081419
CLUSTER_36,AV,horse_man,1610.7,38.87921742081419
CLUSTER_36,AV,pig_man,1634.0,38.87921742081419
CLUSTER_367,AV,cattle_man,1682.0,45.60665963055792
CLUSTER_367,AV,horse_man,1169.9,45.60665963055792
CLUSTER_367,AV,pig_man,1184.2,45.60665963055792
CLUSTER_380,AV,cattle_man,6580.0,13.71269228556809
CLUSTER_380,AV,cattle_slu,43699.99999999999,13.71269228556809
CLUSTER_380,AV,horse_man,1242.0,13.71269228556809
CLUSTER_380,AV,pig_man,506.99999999999994,13.71269228556809
CLUSTER_380,AV,rape_str,2235.0,13.71269228556809
CLUSTER_380,AV,legume_str,263.0,13.71269228556809
CLUSTER_384,AV,cattle_man,3170.0,45.15079805443981
CLUSTER_384,AV,horse_man,619.0,45.15079805443981
CLUSTER_384,AV,pig_man,123.71,45.15079805443981
CLUSTER_40,AV,cattle_man,5321.0,55.02007550372959
CLUSTER_40,AV,horse_man,2457.6,55.02007550372959
CLUSTER_40,AV,pig_man,213.46,55.02007550372959
CLUSTER_401,AV,cattle_man,1666.8,27.73195886944336
CLUSTER_401,AV,horse_man,929.5,27.73195886944336
CLUSTER_401,AV,pig_man,189.6729,27.73195886944336
CLUSTER_401,AV,rape_str,292.6,27.73195886944336
CLUSTER_401,AV,legume_str,39.49,27.73195886944336
CLUSTER_414,AV,cattle_man,13020.000000000326,35.214181230112494
CLUSTER_414,AV,horse_man,1048.1,35.214181230112494
CLUSTER_414,AV,pig_man,218.538,35.214181230112494
CLUSTER_414,AV,rape_str,522.6,35.214181230112494
CLUSTER_414,AV,legume_str,213.38,35.214181230112494
CLUSTER_419,AV,cattle_man,2304.0,2.4945858193317174
CLUSTER_419,AV,cattle_slu,11372.999999999998,2.4945858193317174
CLUSTER_419,AV,horse_man,791.0,2.4945858193317174
CLUSTER_419,AV,pig_slu,1081.8,2.4945858193317174
CLUSTER_419,AV,pig_man,62.91951999999999,2.4945858193317174
CLUSTER_419,AV,maize_str,23.4,2.4945858193317174
CLUSTER_419,AV,rape_str,386.1,2.4945858193317174
CLUSTER_419,AV,legume_str,177.2,2.4945858193317174
CLUSTER_425,AV,cattle_man,2512.95,51.23701188578325
CLUSTER_437,AV,cattle_man,8509.999999999874,20.93574807866633
CLUSTER_437,AV,horse_man,938.0,20.93574807866633
CLUSTER_437,AV,pig_man,50.0,20.93574807866633
CLUSTER_437,AV,rape_str,308.6,20.93574807866633
CLUSTER_437,AV,legume_str,135.0,20.93574807866633
CLUSTER_444,AV,cattle_man,2690.0,34.26315384995487
CLUSTER_444,AV,horse_man,379.2,34.26315384995487
CLUSTER_444,AV,pig_man,84.611,34.26315384995487
CLUSTER_444,AV,rape_str,842.13,34.26315384995487
CLUSTER_444,AV,legume_str,165.45999999999998,34.26315384995487
CLUSTER_455,AV,horse_man,810.1,58.239419150592056
CLUSTER_455,AV,pig_man,488.40999999999997,58.239419150592056
CLUSTER_461,AV,cattle_man,3302.0,42.7865397561307
CLUSTER_461,AV,horse_man,1385.0,42.7865397561307
CLUSTER_461,AV,pig_man,138.37,42.7865397561307
CLUSTER_465,AV,cattle_man,5980.0000000000055,37.79535375631841
CLUSTER_465,AV,horse_man,1448.0,37.79535375631841
CLUSTER_465,AV,pig_man,518.0,37.79535375631841
CLUSTER_467,AV,cattle_man,779.0,53.02018093311839
CLUSTER_467,AV,horse_man,266.5,53.02018093311839
CLUSTER_467,AV,pig_man,1040.9,53.02018093311839
CLUSTER_471,AV,cattle_man,292.0,18.554889124419574
CLUSTER_471,AV,horse_man,250.50000000000003,18.554889124419574
CLUSTER_471,AV,rape_str,11.4,18.554889124419574
CLUSTER_471,AV,legume_str,10.2,18.554889124419574
CLUSTER_518,AV,cattle_man,9270.0,21.893222189379284
CLUSTER_518,AV,horse_man,1313.0,21.893222189379284
CLUSTER_518,AV,pig_man,245.9,21.893222189379284
CLUSTER_518,AV,rape_str,1018.0,21.893222189379284
CLUSTER_518,AV,legume_str,172.5,21.893222189379284
CLUSTER_522,AV,cattle_man,6579.999999999767,31.173312892692238
CLUSTER_522,AV,horse_man,288.1,31.173312892692238
CLUSTER_522,AV,pig_man,183.7,31.173312892692238
CLUSTER_522,AV,rape_str,722.0,31.173312892692238
CLUSTER_522,AV,legume_str,144.6,31.173312892692238
CLUSTER_525,AV,horse_man,29.06,62.06837231146959
CLUSTER_525,AV,pig_man,24.965,62.06837231146959
CLUSTER_526,AV,horse_man,485.0,59.62288281464291
CLUSTER_526,AV,pig_man,141.0,59.62288281464291
CLUSTER_535,AV,cattle_man,1578.0,43.284990507494925
CLUSTER_535,AV,horse_man,706.0,43.284990507494925
CLUSTER_535,AV,pig_man,303.3,43.284990507494925
CLUSTER_539,AV,cattle_man,2743.0,19.60707262981716
CLUSTER_539,AV,horse_man,433.0,19.60707262981716
CLUSTER_539,AV,rape_str,737.0,19.60707262981716
CLUSTER_539,AV,legume_str,111.4,19.60707262981716
CLUSTER_98,AV,cattle_man,5002.100000000138,11.830976804083935
CLUSTER_98,AV,cattle_slu,30704.499999999996,11.830976804083935
CLUSTER_98,AV,horse_man,673.1,11.830976804083935
CLUSTER_98,AV,pig_man,181.343,11.830976804083935
CLUSTER_98,AV,rape_str,1266.0,11.830976804083935
CLUSTER_98,AV,legume_str,294.81,11.830976804083935
CLUSTER_101,BB,rape_str,1060.3,40.685996788684456
CLUSTER_101,BB,legume_str,210.4,40.685996788684456
CLUSTER_107,BB,cattle_man,13402.1,19.179166322974957
CLUSTER_107,BB,maize_str,1970.0,19.179166322974957
CLUSTER_107,BB,rape_str,1132.0,19.179166322974957
CLUSTER_107,BB,legume_str,421.2,19.179166322974957
CLUSTER_116,BB,rape_str,1331.7,50.26022010516027
CLUSTER_116,BB,legume_str,256.53,50.26022010516027
CLUSTER_123,BB,rape_str,1051.0,44.346992570200136
CLUSTER_123,BB,legume_str,222.8,44.346992570200136
CLUSTER_132,BB,cattle_man,7032.59,25.941582447290077
CLUSTER_132,BB,maize_str,1533.2,25.941582447290077
CLUSTER_132,BB,rape_str,929.0,25.941582447290077
CLUSTER_132,BB,legume_str,147.22,25.941582447290077
CLUSTER_138,BB,cattle_man,10203.0,3.763960634286166
CLUSTER_138,BB,cattle_slu,43420.0,3.763960634286166
CLUSTER_138,BB,horse_man,665.1,3.763960634286166
CLUSTER_138,BB,clover_alfalfa_grass,3174.0305,3.763960634286166
CLUSTER_138,BB,maize_str,2746.0,3.763960634286166
CLUSTER_138,BB,beet_leaf,6203.0,3.763960634286166
CLUSTER_138,BB,rape_str,1121.4,3.763960634286166
CLUSTER_138,BB,legume_str,467.8,3.763960634286166
CLUSTER_14,BB,maize_str,853.8,34.52558304898137
CLUSTER_14,BB,rape_str,1443.9,34.52558304898137
CLUSTER_14,BB,legume_str,20.98,34.52558304898137
CLUSTER_144,BB,cattle_man,16190.0,27.39510843009245
CLUSTER_144,BB,horse_man,1888.0,27.39510843009245
CLUSTER_144,BB,maize_str,3055.0,27.39510843009245
CLUSTER_144,BB,rape_str,1689.0,27.39510843009245
CLUSTER_144,BB,legume_str,474.3,27.39510843009245
CLUSTER_145,BB,horse_man,1174.0,34.75956638252664
CLUSTER_145,BB,maize_str,1224.5,34.75956638252664
CLUSTER_145,BB,rape_str,1224.0,34.75956638252664
CLUSTER_145,BB,legume_str,263.2,34.75956638252664
CLUSTER_152,BB,rape_str,1311.0,43.13534042816137
CLUSTER_152,BB,legume_str,331.6,43.13534042816137
CLUSTER_176,BB,horse_man,750.0,32.853307309175655
CLUSTER_176,BB,maize_str,248.73000000000002,32.853307309175655
CLUSTER_176,BB,rape_str,773.6,32.853307309175655
CLUSTER_176,BB,legume_str,185.1,32.853307309175655
CLUSTER_182,BB,cattle_man,9590.0,7.502026336214789
CLUSTER_182,BB,cattle_slu,27850.931336216134,7.502026336214789
CLUSTER_182,BB,horse_man,2035.0,7.502026336214789
CLUSTER_182,BB,clover_alfalfa_grass,4701.0,7.502026336214789
CLUSTER_182,BB,maize_str,2575.0,7.502026336214789
CLUSTER_182,BB,beet_leaf,1723.0,7.502026336214789
CLUSTER_182,BB,rape_str,811.0,7.502026336214789
CLUSTER_182,BB,legume_str,180.1,7.502026336214789
CLUSTER_187,BB,maize_str,1046.0,34.94518314956866
CLUSTER_229,BB,cattle_man,1142.8,24.47140396409973
CLUSTER_229,BB,horse_man,466.3,24.47140396409973
CLUSTER_229,BB,maize_str,474.61,24.47140396409973
CLUSTER_229,BB,rape_str,30.7,24.47140396409973
CLUSTER_229,BB,legume_str,169.7,24.47140396409973
CLUSTER_235,BB,cattle_man,3182.0,14.560438492264426
CLUSTER_235,BB,maize_str,1195.0,14.560438492264426
CLUSTER_235,BB,beet_leaf,5684.0,14.560438492264426
CLUSTER_235,BB,rape_str,208.9,14.560438492264426
CLUSTER_235,BB,legume_str,260.6,14.560438492264426
CLUSTER_239,BB,rape_str,1717.0,42.3393052266447
CLUSTER_239,BB,legume_str,357.8,42.3393052266447
CLUSTER_248,BB,legume_str,201.2,51.50759593763458
CLUSTER_263,BB,maize_str,2453.0,32.60135409322036
CLUSTER_263,BB,rape_str,1071.4,32.60135409322036
CLUSTER_263,BB,legume_str,774.2,32.60135409322036
CLUSTER_297,BB,maize_str,776.0,37.42776894899716
CLUSTER_297,BB,rape_str,668.0,37.42776894899716
CLUSTER_297,BB,legume_str,363.98,37.42776894899716
CLUSTER_303,BB,rape_str,914.0,42.97246249361076
CLUSTER_303,BB,legume_str,375.4,42.97246249361076
CLUSTER_305,BB,rape_str,1126.6,45.60257653899523
CLUSTER_305,BB,legume_str,120.96,45.60257653899523
CLUSTER_315,BB,maize_str,775.3,27.68071289694375
CLUSTER_315,BB,rape_str,1513.0,27.68071289694375
CLUSTER_315,BB,legume_str,373.6,27.68071289694375
CLUSTER_316,BB,maize_str,2021.2999999999997,38.60963341826829
CLUSTER_316,BB,rape_str,1137.0,38.60963341826829
CLUSTER_316,BB,legume_str,235.5,38.60963341826829
CLUSTER_324,BB,maize_str,2092.0,26.11491459843466
CLUSTER_324,BB,rape_str,1080.0,26.11491459843466
CLUSTER_324,BB,legume_str,578.7,26.11491459843466
CLUSTER_338,BB,cattle_man,6102.530000000001,17.763597773868256
CLUSTER_338,BB,horse_man,816.0,17.763597773868256
CLUSTER_338,BB,maize_str,2637.0,17.763597773868256
CLUSTER_338,BB,beet_leaf,2428.0,17.763597773868256
CLUSTER_338,BB,rape_str,566.0,17.763597773868256
CLUSTER_338,BB,legume_str,307.0,17.763597773868256
CLUSTER_339,BB,cattle_man,3014.917,13.022861257067984
CLUSTER_339,BB,horse_man,2136.8,13.022861257067984
CLUSTER_339,BB,maize_str,1719.0,13.022861257067984
CLUSTER_339,BB,beet_leaf,11011.0,13.022861257067984
CLUSTER_339,BB,rape_str,716.33,13.022861257067984
CLUSTER_339,BB,legume_str,276.25,13.022861257067984
CLUSTER_34,BB,horse_man,3660.3,38.40253175753878
CLUSTER_34,BB,maize_str,4809.0,38.40253175753878
CLUSTER_34,BB,rape_str,1322.6,38.40253175753878
CLUSTER_34,BB,legume_str,428.6,38.40253175753878
CLUSTER_342,BB,rape_str,755.7,42.92765146853301
CLUSTER_342,BB,legume_str,689.9,42.92765146853301
CLUSTER_344,BB,cattle_man,9980.0,20.89612480095787
CLUSTER_344,BB,horse_man,1961.0,20.89612480095787
CLUSTER_344,BB,maize_str,5434.0,20.89612480095787
CLUSTER_344,BB,rape_str,232.2,20.89612480095787
CLUSTER_344,BB,legume_str,332.0,20.89612480095787
CLUSTER_345,BB,rape_str,1424.0,47.645354503827285
CLUSTER_345,BB,legume_str,1226.0,47.645354503827285
CLUSTER_349,BB,horse_man,668.0,33.872134298993096
CLUSTER_349,BB,maize_str,1939.0,33.872134298993096
CLUSTER_349,BB,rape_str,1306.0,33.872134298993096
CLUSTER_349,BB,legume_str,257.0,33.872134298993096
CLUSTER_353,BB,cattle_man,9000.0,13.312637671758676
CLUSTER_353,BB,horse_man,840.0,13.312637671758676
CLUSTER_353,BB,maize_str,3170.0,13.312637671758676
CLUSTER_353,BB,beet_leaf,6390.0,13.312637671758676
CLUSTER_353,BB,rape_str,696.0,13.312637671758676
CLUSTER_353,BB,legume_str,276.0,13.312637671758676
CLUSTER_365,BB,maize_str,269.0,37.26239825714001
CLUSTER_365,BB,rape_str,408.7,37.26239825714001
CLUSTER_365,BB,legume_str,86.1,37.26239825714001
CLUSTER_376,BB,maize_str,681.8,31.689773412934095
CLUSTER_376,BB,rape_str,1421.0,31.689773412934095
CLUSTER_376,BB,legume_str,508.0,31.689773412934095
CLUSTER_377,BB,rape_str,504.0299999999999,49.33486820079067
CLUSTER_377,BB,legume_str,142.95,49.33486820079067
CLUSTER_393,BB,maize_str,311.5,23.40147234026637
CLUSTER_393,BB,rape_str,213.5,23.40147234026637
CLUSTER_393,BB,legume_str,44.84,23.40147234026637
CLUSTER_42,BB,maize_str,1879.0,37.063670845955
CLUSTER_42,BB,rape_str,813.0,37.063670845955
CLUSTER_42,BB,legume_str,175.21,37.063670845955
CLUSTER_427,BB,cattle_man,8930.0,13.010293332704864
CLUSTER_427,BB,maize_str,2221.8,13.010293332704864
CLUSTER_427,BB,beet_leaf,1978.0000000000002,13.010293332704864
CLUSTER_427,BB,rape_str,1173.4,13.010293332704864
CLUSTER_427,BB,legume_str,351.0,13.010293332704864
CLUSTER_431,BB,horse_man,1912.0,31.921816374935645
CLUSTER_431,BB,maize_str,4683.0,31.921816374935645
CLUSTER_431,BB,rape_str,203.4,31.921816374935645
CLUSTER_431,BB,legume_str,310.4,31.921816374935645
CLUSTER_447,BB,legume_str,578.0,46.57317683130366
CLUSTER_452,BB,horse_man,922.0,31.18956655254628
CLUSTER_452,BB,maize_str,639.0,31.18956655254628
CLUSTER_452,BB,rape_str,580.0,31.18956655254628
CLUSTER_452,BB,legume_str,173.8,31.18956655254628
CLUSTER_464,BB,cattle_man,4492.0,29.85626484765336
CLUSTER_464,BB,horse_man,752.0,29.85626484765336
CLUSTER_464,BB,maize_str,1659.0,29.85626484765336
CLUSTER_464,BB,rape_str,387.0,29.85626484765336
CLUSTER_464,BB,legume_str,235.0,29.85626484765336
CLUSTER_478,BB,cattle_man,1374.0,25.090512001004797
CLUSTER_478,BB,horse_man,340.1,25.090512001004797
CLUSTER_478,BB,maize_str,1389.0,25.090512001004797
CLUSTER_478,BB,rape_str,205.7,25.090512001004797
CLUSTER_478,BB,legume_str,86.75,25.090512001004797
CLUSTER_479,BB,maize_str,21.09,32.826527177213535
CLUSTER_479,BB,rape_str,157.9,32.826527177213535
CLUSTER_479,BB,legume_str,75.09,32.826527177213535
CLUSTER_485,BB,maize_str,988.0,18.37822027538511
CLUSTER_485,BB,rape_str,948.0,18.37822027538511
CLUSTER_485,BB,legume_str,229.0,18.37822027538511
CLUSTER_495,BB,maize_str,798.8,36.81092253275924
CLUSTER_495,BB,rape_str,574.7,36.81092253275924
CLUSTER_495,BB,legume_str,495.0,36.81092253275924
CLUSTER_496,BB,cattle_man,6675.3,20.920474410814744
CLUSTER_496,BB,horse_man,451.0,20.920474410814744
CLUSTER_496,BB,maize_str,1429.0,20.920474410814744
CLUSTER_496,BB,rape_str,1060.0,20.920474410814744
CLUSTER_496,BB,legume_str,144.6,20.920474410814744
CLUSTER_499,BB,cattle_man,4370.0,29.10236007445336
CLUSTER_499,BB,maize_str,1191.0,29.10236007445336
CLUSTER_499,BB,rape_str,500.0,29.10236007445336
CLUSTER_499,BB,legume_str,206.8,29.10236007445336
CLUSTER_507,BB,maize_str,68.80908427840242,40.4123989519713
CLUSTER_511,BB,maize_str,399.7,31.49614477058891
CLUSTER_511,BB,rape_str,393.2,31.49614477058891
CLUSTER_511,BB,legume_str,142.4,31.49614477058891
CLUSTER_515,BB,rape_str,366.0,45.89051254849616
CLUSTER_515,BB,legume_str,82.35000000000001,45.89051254849616
CLUSTER_531,BB,rape_str,167.0,48.56310895940378
CLUSTER_531,BB,legume_str,89.3,48.56310895940378
CLUSTER_534,BB,maize_str,1117.0,24.68177090607718
CLUSTER_534,BB,rape_str,1184.0,24.68177090607718
CLUSTER_534,BB,legume_str,317.1,24.68177090607718
CLUSTER_63,BB,maize_str,1895.5,37.27067554596447
CLUSTER_63,BB,rape_str,653.77,37.27067554596447
CLUSTER_63,BB,legume_str,611.5,37.27067554596447
CLUSTER_82,BB,rape_str,680.1,45.785143539769166
CLUSTER_82,BB,legume_str,122.92,45.785143539769166
CLUSTER_83,BB,maize_str,573.0,23.6185295610519
CLUSTER_83,BB,rape_str,472.0,23.6185295610519
CLUSTER_83,BB,legume_str,40.02,23.6185295610519
CLUSTER_9,BB,cattle_man,4512.6,20.801540842067613
CLUSTER_9,BB,horse_man,1859.2,20.801540842067613
CLUSTER_9,BB,maize_str,2940.98,20.801540842067613
CLUSTER_9,BB,rape_str,712.84,20.801540842067613
CLUSTER_9,BB,legume_str,267.44,20.801540842067613
CLUSTER_115,BC,cattle_man,12403.0,31.840442164049048
CLUSTER_115,BC,horse_man,190.34999999999974,31.840442164049048
CLUSTER_115,BC,pig_man,276.8087,31.840442164049048
CLUSTER_115,BC,rape_str,646.0,31.840442164049048
CLUSTER_115,BC,legume_str,147.8,31.840442164049048
CLUSTER_130,BC,cattle_man,16581.0,20.587940420703813
CLUSTER_130,BC,horse_man,373.2,20.587940420703813
CLUSTER_130,BC,pig_man,304.35,20.587940420703813
CLUSTER_130,BC,rape_str,594.2,20.587940420703813
CLUSTER_130,BC,legume_str,185.4,20.587940420703813
CLUSTER_140,BC,cattle_man,7209.0,43.54709677753009
CLUSTER_140,BC,horse_man,867.0,43.54709677753009
CLUSTER_140,BC,pig_man,765.7,43.54709677753009
CLUSTER_167,BC,cattle_man,16680.0,36.38419589641977
CLUSTER_167,BC,horse_man,1062.4,36.38419589641977
CLUSTER_167,BC,pig_man,722.3,36.38419589641977
CLUSTER_17,BC,cattle_man,9480.000000000104,30.20156507980351
CLUSTER_17,BC,horse_man,663.5899999999978,30.20156507980351
CLUSTER_17,BC,pig_man,202.955,30.20156507980351
CLUSTER_17,BC,rape_str,126.64,30.20156507980351
CLUSTER_17,BC,legume_str,112.2,30.20156507980351
CLUSTER_18,BC,cattle_man,14354.999999999563,31.825861669888937
CLUSTER_18,BC,horse_man,809.7,31.825861669888937
CLUSTER_18,BC,pig_man,338.1159,31.825861669888937
CLUSTER_18,BC,rape_str,930.0,31.825861669888937
CLUSTER_18,BC,legume_str,160.1,31.825861669888937
CLUSTER_197,BC,cattle_man,6600.0,38.617921735554816
CLUSTER_197,BC,horse_man,194.9,38.617921735554816
CLUSTER_227,BC,cattle_man,7020.0,34.78564031820651
CLUSTER_227,BC,horse_man,79.97,34.78564031820651
CLUSTER_227,BC,pig_man,882.0,34.78564031820651
CLUSTER_227,BC,rape_str,1209.0,34.78564031820651
CLUSTER_227,BC,legume_str,212.3,34.78564031820651
CLUSTER_230,BC,horse_man,900.0,55.811896936807806
CLUSTER_230,BC,pig_man,156.99,55.811896936807806
CLUSTER_234,BC,cattle_man,28380.0,20.79769285120764
CLUSTER_234,BC,horse_man,2507.0,20.79769285120764
CLUSTER_234,BC,pig_man,472.3,20.79769285120764
CLUSTER_234,BC,rape_str,1344.0000000000005,20.79769285120764
CLUSTER_234,BC,legume_str,176.9,20.79769285120764
CLUSTER_249,BC,cattle_man,9836.0,16.054659240461636
CLUSTER_249,BC,cattle_slu,55039.99999999993,16.054659240461636
CLUSTER_249,BC,horse_man,1754.0,16.054659240461636
CLUSTER_249,BC,pig_man,509.2300000000001,16.054659240461636
CLUSTER_249,BC,rape_str,1051.2,16.054659240461636
CLUSTER_249,BC,legume_str,275.8,16.054659240461636
CLUSTER_259,BC,cattle_man,11538.0,48.23283512627709
CLUSTER_259,BC,horse_man,817.6,48.23283512627709
CLUSTER_259,BC,pig_man,260.08,48.23283512627709
CLUSTER_261,BC,cattle_man,10670.0,33.58802895608363
CLUSTER_261,BC,horse_man,1088.2,33.58802895608363
CLUSTER_261,BC,pig_man,42.392,33.58802895608363
CLUSTER_261,BC,rape_str,885.0,33.58802895608363
CLUSTER_261,BC,legume_str,260.0,33.58802895608363
CLUSTER_262,BC,horse_man,491.0,62.81934254624195
CLUSTER_262,BC,pig_man,55.52,62.81934254624195
CLUSTER_32,BC,cattle_man,20691.00000000061,3.922419409536462
CLUSTER_32,BC,cattle_slu,101886.0,3.922419409536462
CLUSTER_32,BC,horse_man,1842.9,3.922419409536462
CLUSTER_32,BC,pig_man,176.1042,3.922419409536462
CLUSTER_32,BC,maize_str,10.9,3.922419409536462
CLUSTER_32,BC,rape_str,1330.0,3.922419409536462
CLUSTER_32,BC,legume_str,282.0,3.922419409536462
CLUSTER_333,BC,cattle_man,11300.000000000413,20.996635354767637
CLUSTER_333,BC,horse_man,712.5,20.996635354767637
CLUSTER_333,BC,pig_man,364.2,20.996635354767637
CLUSTER_333,BC,rape_str,1408.0,20.996635354767637
CLUSTER_333,BC,legume_str,254.9,20.996635354767637
CLUSTER_343,BC,cattle_man,10539.999999999949,31.3125765556598
CLUSTER_343,BC,horse_man,329.269,31.3125765556598
CLUSTER_343,BC,pig_man,296.7,31.3125765556598
CLUSTER_343,BC,rape_str,152.8,31.3125765556598
CLUSTER_343,BC,legume_str,77.46000000000001,31.3125765556598
CLUSTER_357,BC,cattle_man,11532.0,24.13452038259108
CLUSTER_357,BC,horse_man,1403.700000000001,24.13452038259108
CLUSTER_357,BC,pig_man,843.3,24.13452038259108
CLUSTER_357,BC,rape_str,1320.0,24.13452038259108
CLUSTER_357,BC,legume_str,131.1,24.13452038259108
CLUSTER_385,BC,cattle_man,5530.0,44.36946733515854
CLUSTER_385,BC,horse_man,616.3,44.36946733515854
CLUSTER_385,BC,pig_man,407.79,44.36946733515854
CLUSTER_387,BC,cattle_man,7795.0,12.860324135401411
CLUSTER_387,BC,cattle_slu,37790.000000000015,12.860324135401411
CLUSTER_387,BC,horse_man,1714.3,12.860324135401411
CLUSTER_387,BC,pig_man,180.0399,12.860324135401411
CLUSTER_387,BC,maize_str,85.39,12.860324135401411
CLUSTER_387,BC,rape_str,583.1,12.860324135401411
CLUSTER_387,BC,legume_str,99.478,12.860324135401411
CLUSTER_392,BC,pig_man,46.5,67.41447731133933
CLUSTER_409,BC,cattle_man,12229.99999999944,32.96482588951011
CLUSTER_409,BC,horse_man,858.0,32.96482588951011
CLUSTER_409,BC,pig_man,568.9,32.96482588951011
CLUSTER_409,BC,rape_str,1187.0,32.96482588951011
CLUSTER_409,BC,legume_str,168.2,32.96482588951011
CLUSTER_413,BC,cattle_man,8790.000000000045,16.110162209584068
CLUSTER_413,BC,cattle_slu,26800.00000000023,16.110162209584068
CLUSTER_413,BC,horse_man,36.0,16.110162209584068
CLUSTER_413,BC,pig_man,1220.808,16.110162209584068
CLUSTER_413,BC,rape_str,1054.0,16.110162209584068
CLUSTER_413,BC,legume_str,164.1,16.110162209584068
CLUSTER_438,BC,cattle_man,3331.0,21.912440832633752
CLUSTER_438,BC,horse_man,832.8,21.912440832633752
CLUSTER_438,BC,pig_man,223.18,21.912440832633752
CLUSTER_438,BC,rape_str,20.6,21.912440832633752
CLUSTER_438,BC,legume_str,13.04,21.912440832633752
CLUSTER_439,BC,cattle_man,12440.0,26.57974715319357
CLUSTER_439,BC,horse_man,163.7,26.57974715319357
CLUSTER_439,BC,pig_man,625.9,26.57974715319357
CLUSTER_439,BC,rape_str,429.0,26.57974715319357
CLUSTER_439,BC,legume_str,194.2,26.57974715319357
CLUSTER_45,BC,cattle_man,15749.999999999392,12.009244845613642
CLUSTER_45,BC,cattle_slu,61912.60000000001,12.009244845613642
CLUSTER_45,BC,horse_man,1188.0,12.009244845613642
CLUSTER_45,BC,pig_man,55.502,12.009244845613642
CLUSTER_45,BC,maize_str,13.21,12.009244845613642
CLUSTER_45,BC,rape_str,1300.999999999999,12.009244845613642
CLUSTER_45,BC,legume_str,252.20000000000002,12.009244845613642
CLUSTER_475,BC,cattle_man,3878.0,44.31190466371877
CLUSTER_475,BC,horse_man,665.9,44.31190466371877
CLUSTER_475,BC,pig_man,250.66,44.31190466371877
CLUSTER_50,BC,cattle_man,17080.000000000033,31.840715969260447
CLUSTER_50,BC,horse_man,1154.13,31.840715969260447
CLUSTER_50,BC,pig_man,604.7121,31.840715969260447
CLUSTER_50,BC,rape_str,1007.7,31.840715969260447
CLUSTER_50,BC,legume_str,456.7,31.840715969260447
CLUSTER_505,BC,cattle_man,10769.999999999949,8.7104265757009
CLUSTER_505,BC,cattle_slu,46799.99999999998,8.7104265757009
CLUSTER_505,BC,horse_man,942.0,8.7104265757009
CLUSTER_505,BC,maize_str,18.72,8.7104265757009
CLUSTER_505,BC,rape_str,1195.0,8.7104265757009
CLUSTER_505,BC,legume_str,212.3,8.7104265757009
CLUSTER_512,BC,cattle_man,5080.0,50.73025808200028
CLUSTER_512,BC,horse_man,541.0,50.73025808200028
CLUSTER_512,BC,pig_man,391.0,50.73025808200028
CLUSTER_529,BC,cattle_man,7480.0,43.274477399487296
CLUSTER_529,BC,horse_man,807.0,43.274477399487296
CLUSTER_529,BC,pig_man,18.6,43.274477399487296
CLUSTER_536,BC,horse_man,483.9,60.12266829271094
CLUSTER_536,BC,pig_man,168.6,60.12266829271094
CLUSTER_542,BC,cattle_man,20360.0,36.63061453765417
CLUSTER_542,BC,horse_man,1452.1,36.63061453765417
CLUSTER_542,BC,pig_man,564.19,36.63061453765417
CLUSTER_542,BC,legume_str,208.0,36.63061453765417
CLUSTER_59,BC,cattle_man,5668.0,21.279877954805315
CLUSTER_59,BC,horse_man,456.477,21.279877954805315
CLUSTER_59,BC,pig_man,56.019,21.279877954805315
CLUSTER_59,BC,rape_str,1029.9,21.279877954805315
CLUSTER_59,BC,legume_str,177.1,21.279877954805315
CLUSTER_7,BC,horse_man,843.8,57.82526470638494
CLUSTER_7,BC,pig_man,353.272,57.82526470638494
CLUSTER_100,BF,maize_str,1491.6335064992852,31.35155529391889
CLUSTER_100,BF,rape_str,1247.0,31.35155529391889
CLUSTER_100,BF,legume_str,592.6,31.35155529391889
CLUSTER_126,BF,cattle_man,6163.0,21.500573401214297
CLUSTER_126,BF,maize_str,6491.0,21.500573401214297
CLUSTER_126,BF,rape_str,2381.0,21.500573401214297
CLUSTER_126,BF,legume_str,544.6,21.500573401214297
CLUSTER_131,BF,cattle_man,9440.0,11.553967786108707
CLUSTER_131,BF,maize_str,4594.0,11.553967786108707
CLUSTER_131,BF,beet_leaf,2747.0,11.553967786108707
CLUSTER_131,BF,rape_str,1908.0,11.553967786108707
CLUSTER_131,BF,legume_str,1003.9999999999999,11.553967786108707
CLUSTER_165,BF,cattle_man,8970.0,2.174490335981366
CLUSTER_165,BF,cattle_slu,37970.0,2.174490335981366
CLUSTER_165,BF,clover_alfalfa_grass,4997.0,2.174490335981366
CLUSTER_165,BF,maize_str,1640.0,2.174490335981366
CLUSTER_165,BF,beet_leaf,673.0,2.174490335981366
CLUSTER_165,BF,rape_str,1507.0,2.174490335981366
CLUSTER_165,BF,legume_str,854.0,2.174490335981366
CLUSTER_180,BF,rape_str,2510.0,32.26163414382118
CLUSTER_180,BF,legume_str,350.0,32.26163414382118
CLUSTER_2,BF,rape_str,2407.0,34.520751818089416
CLUSTER_2,BF,legume_str,639.4,34.520751818089416
CLUSTER_20,BF,maize_str,3732.0,12.83260919775202
CLUSTER_20,BF,beet_leaf,2532.0,12.83260919775202
CLUSTER_20,BF,rape_str,2658.0,12.83260919775202
CLUSTER_20,BF,legume_str,1043.0,12.83260919775202
CLUSTER_205,BF,maize_str,2715.0,31.261102488131836
CLUSTER_205,BF,rape_str,424.8,31.261102488131836
CLUSTER_205,BF,legume_str,366.9,31.261102488131836
CLUSTER_22,BF,maize_str,1286.9,24.555934648284147
CLUSTER_22,BF,rape_str,418.6,24.555934648284147
CLUSTER_22,BF,legume_str,405.9,24.555934648284147
CLUSTER_257,BF,rape_str,1210.4,33.62964654770884
CLUSTER_257,BF,legume_str,280.6,33.62964654770884
CLUSTER_267,BF,legume_str,523.5,46.024467420425935
CLUSTER_279,BF,maize_str,3223.0,24.846765670299085
CLUSTER_279,BF,rape_str,766.0,24.846765670299085
CLUSTER_279,BF,legume_str,338.3,24.846765670299085
CLUSTER_288,BF,maize_str,5080.0,18.819737130442057
CLUSTER_288,BF,rape_str,1600.0,18.819737130442057
CLUSTER_288,BF,legume_str,851.0,18.819737130442057
CLUSTER_300,BF,rape_str,548.0,35.78601444802745
CLUSTER_300,BF,legume_str,424.7,35.78601444802745
CLUSTER_306,BF,rape_str,2327.0,33.72364643043742
CLUSTER_306,BF,legume_str,1097.0,33.72364643043742
CLUSTER_323,BF,maize_str,944.5,28.48203698188708
CLUSTER_323,BF,rape_str,313.3,28.48203698188708
CLUSTER_323,BF,legume_str,62.45,28.48203698188708
CLUSTER_330,BF,maize_str,3233.0,20.11828017745163
CLUSTER_330,BF,rape_str,2235.0,20.11828017745163
CLUSTER_330,BF,legume_str,753.8,20.11828017745163
CLUSTER_354,BF,maize_str,3760.8,25.61244936868553
CLUSTER_354,BF,rape_str,1672.1,25.61244936868553
CLUSTER_354,BF,legume_str,257.3,25.61244936868553
CLUSTER_37,BF,maize_str,5157.0,25.55456533426067
CLUSTER_37,BF,rape_str,2494.6,25.55456533426067
CLUSTER_37,BF,legume_str,791.6,25.55456533426067
CLUSTER_371,BF,cattle_man,13910.0,12.540494446914243
CLUSTER_371,BF,maize_str,1554.0,12.540494446914243
CLUSTER_371,BF,beet_leaf,729.6,12.540494446914243
CLUSTER_371,BF,rape_str,918.4,12.540494446914243
CLUSTER_371,BF,legume_str,445.8,12.540494446914243
CLUSTER_400,BF,rape_str,1315.0,38.488275262193305
CLUSTER_400,BF,legume_str,558.0,38.488275262193305
CLUSTER_403,BF,maize_str,3050.0,9.596664791166292
CLUSTER_403,BF,beet_leaf,1416.0,9.596664791166292
CLUSTER_403,BF,rape_str,1011.0,9.596664791166292
CLUSTER_403,BF,legume_str,587.0,9.596664791166292
CLUSTER_423,BF,cattle_man,22380.0,7.115966024300349
CLUSTER_423,BF,cattle_slu,51543.156982041146,7.115966024300349
CLUSTER_423,BF,maize_str,2091.0,7.115966024300349
CLUSTER_423,BF,beet_leaf,453.7,7.115966024300349
CLUSTER_423,BF,rape_str,1295.9,7.115966024300349
CLUSTER_423,BF,legume_str,670.7,7.115966024300349
CLUSTER_43,BF,rape_str,981.0000000000001,42.05880387325793
CLUSTER_43,BF,legume_str,631.3,42.05880387325793
CLUSTER_441,BF,cattle_man,3147.0,26.98086248767963
CLUSTER_441,BF,maize_str,2827.0,26.98086248767963
CLUSTER_441,BF,rape_str,1217.0,26.98086248767963
CLUSTER_441,BF,legume_str,342.2,26.98086248767963
CLUSTER_447,BF,rape_str,901.0,41.32336812156412
CLUSTER_466,BF,rape_str,1039.0,32.44615381592104
CLUSTER_466,BF,legume_str,253.7,32.44615381592104
CLUSTER_48,BF,legume_str,448.03,46.82305641326772
CLUSTER_501,BF,rape_str,1822.0,39.11804819514545
CLUSTER_501,BF,legume_str,355.2,39.11804819514545
CLUSTER_504,BF,rape_str,268.5,43.58400668414418
CLUSTER_504,BF,legume_str,94.63,43.58400668414418
CLUSTER_544,BF,cattle_man,5520.0,21.292272014865464
CLUSTER_544,BF,maize_str,1670.0,21.292272014865464
CLUSTER_544,BF,rape_str,531.0,21.292272014865464
CLUSTER_544,BF,legume_str,101.3,21.292272014865464
CLUSTER_545,BF,rape_str,992.0,38.555546693301935
CLUSTER_545,BF,legume_str,184.9,38.555546693301935
CLUSTER_64,BF,maize_str,4991.0,21.622364096844077
CLUSTER_64,BF,rape_str,1531.1,21.622364096844077
CLUSTER_64,BF,legume_str,944.8,21.622364096844077
CLUSTER_69,BF,maize_str,4142.0,15.151496446535312
CLUSTER_69,BF,beet_leaf,225.0,15.151496446535312
CLUSTER_69,BF,rape_str,964.5,15.151496446535312
CLUSTER_69,BF,legume_str,517.8,15.151496446535312
CLUSTER_71,BF,cattle_man,8797.0,22.72131191473497
CLUSTER_71,BF,maize_str,4451.0,22.72131191473497
CLUSTER_71,BF,rape_str,2450.0,22.72131191473497
CLUSTER_71,BF,legume_str,1174.2,22.72131191473497
CLUSTER_73,BF,maize_str,11358.0,28.154313021158952
CLUSTER_73,BF,rape_str,3434.0,28.154313021158952
CLUSTER_73,BF,legume_str,648.0,28.154313021158952
CLUSTER_92,BF,maize_str,2888.0,29.43103522507081
CLUSTER_1,BO,cattle_man,7654.55,24.647529102710298
CLUSTER_1,BO,horse_man,642.4,24.647529102710298
CLUSTER_1,BO,maize_str,371.5,24.647529102710298
CLUSTER_1,BO,rape_str,1763.0,24.647529102710298
CLUSTER_1,BO,legume_str,279.7,24.647529102710298
CLUSTER_101,BO,maize_str,163.78503,50.27033184296865
CLUSTER_103,BO,maize_str,65.200176,45.22576462255776
CLUSTER_103,BO,rape_str,208.4,45.22576462255776
CLUSTER_103,BO,legume_str,84.58999999999999,45.22576462255776
CLUSTER_11,BO,rape_str,672.41,53.10490976510568
CLUSTER_11,BO,legume_str,180.37,53.10490976510568
CLUSTER_12,BO,cattle_man,6212.0,31.623887130324803
CLUSTER_12,BO,maize_str,50.79,31.623887130324803
CLUSTER_12,BO,rape_str,261.194,31.623887130324803
CLUSTER_12,BO,legume_str,192.82,31.623887130324803
CLUSTER_125,BO,cattle_man,17940.0,31.91903316440161
CLUSTER_125,BO,horse_man,653.0,31.91903316440161
CLUSTER_125,BO,maize_str,642.8,31.91903316440161
CLUSTER_125,BO,rape_str,3920.0,31.91903316440161
CLUSTER_125,BO,legume_str,441.0,31.91903316440161
CLUSTER_140,BO,maize_str,426.4,46.04058362000093
CLUSTER_140,BO,rape_str,2088.0,46.04058362000093
CLUSTER_140,BO,legume_str,312.5,46.04058362000093
CLUSTER_141,BO,maize_str,54.6,46.00979081767834
CLUSTER_147,BO,maize_str,127.70000000000002,47.523181236592265
CLUSTER_147,BO,rape_str,506.3,47.523181236592265
CLUSTER_147,BO,legume_str,68.23,47.523181236592265
CLUSTER_15,BO,cattle_man,7650.0,18.44287066064052
CLUSTER_15,BO,horse_man,5057.0,18.44287066064052
CLUSTER_15,BO,maize_str,45.96,18.44287066064052
CLUSTER_15,BO,rape_str,787.2,18.44287066064052
CLUSTER_15,BO,legume_str,224.491,18.44287066064052
CLUSTER_162,BO,horse_man,3375.9,45.05281004564906
CLUSTER_162,BO,maize_str,4165.0,45.05281004564906
CLUSTER_162,BO,rape_str,2424.0,45.05281004564906
CLUSTER_162,BO,legume_str,744.7,45.05281004564906
CLUSTER_167,BO,rape_str,2138.0,53.62869280699834
CLUSTER_167,BO,legume_str,378.19,53.62869280699834
CLUSTER_169,BO,maize_str,446.0,51.30930950948974
CLUSTER_169,BO,rape_str,268.41,51.30930950948974
CLUSTER_169,BO,legume_str,59.436,51.30930950948974
CLUSTER_171,BO,maize_str,987.0,33.381175414260674
CLUSTER_171,BO,rape_str,1563.0,33.381175414260674
CLUSTER_171,BO,legume_str,188.6,33.381175414260674
CLUSTER_186,BO,legume_str,321.6,56.54579645213578
CLUSTER_188,BO,cattle_man,6172.0,23.69479561783883
CLUSTER_188,BO,maize_str,198.76,23.69479561783883
CLUSTER_188,BO,rape_str,21.25,23.69479561783883
CLUSTER_188,BO,legume_str,67.118,23.69479561783883
CLUSTER_212,BO,horse_man,525.0,38.097653274910016
CLUSTER_212,BO,maize_str,2516.0,38.097653274910016
CLUSTER_212,BO,rape_str,2994.0,38.097653274910016
CLUSTER_212,BO,legume_str,423.4,38.097653274910016
CLUSTER_219,BO,cattle_man,5290.0,26.929143172547366
CLUSTER_219,BO,horse_man,452.0,26.929143172547366
CLUSTER_219,BO,maize_str,434.5,26.929143172547366
CLUSTER_219,BO,rape_str,2300.0,26.929143172547366
CLUSTER_219,BO,legume_str,276.0,26.929143172547366
CLUSTER_230,BO,cattle_man,11370.0,32.07570304041256
CLUSTER_230,BO,maize_str,30.722,32.07570304041256
CLUSTER_230,BO,rape_str,1536.0,32.07570304041256
CLUSTER_230,BO,legume_str,288.0,32.07570304041256
CLUSTER_237,BO,maize_str,150.0,50.5348756757177
CLUSTER_237,BO,rape_str,431.0,50.5348756757177
CLUSTER_237,BO,legume_str,29.248,50.5348756757177
CLUSTER_259,BO,maize_str,51.0,40.29698536938976
CLUSTER_259,BO,rape_str,1130.8,40.29698536938976
CLUSTER_259,BO,legume_str,90.26,40.29698536938976
CLUSTER_262,BO,cattle_man,7320.0,30.42769720142986
CLUSTER_262,BO,maize_str,19.9,30.42769720142986
CLUSTER_262,BO,rape_str,727.9,30.42769720142986
CLUSTER_262,BO,legume_str,189.5,30.42769720142986
CLUSTER_266,BO,rape_str,64.9,45.10589558305246
CLUSTER_266,BO,legume_str,14.388000000000002,45.10589558305246
CLUSTER_272,BO,rape_str,238.3,52.15823192944583
CLUSTER_272,BO,legume_str,111.767,52.15823192944583
CLUSTER_290,BO,maize_str,388.7,41.42993190263279
CLUSTER_290,BO,rape_str,1121.03,41.42993190263279
CLUSTER_290,BO,legume_str,233.8,41.42993190263279
CLUSTER_31,BO,maize_str,1794.1,50.34443566317583
CLUSTER_31,BO,rape_str,3014.0,50.34443566317583
CLUSTER_31,BO,legume_str,400.9,50.34443566317583
CLUSTER_321,BO,rape_str,1433.0,54.00073678352146
CLUSTER_321,BO,legume_str,474.1,54.00073678352146
CLUSTER_322,BO,cattle_man,5790.0,9.221161115127588
CLUSTER_322,BO,horse_man,1355.0,9.221161115127588
CLUSTER_322,BO,pig_man,57.48,9.221161115127588
CLUSTER_322,BO,clover_alfalfa_grass,9910.0,9.221161115127588
CLUSTER_322,BO,maize_str,206.2,9.221161115127588
CLUSTER_322,BO,rape_str,704.3,9.221161115127588
CLUSTER_322,BO,legume_str,115.8,9.221161115127588
CLUSTER_340,BO,horse_man,1279.0,49.557608574126704
CLUSTER_340,BO,maize_str,1072.4,49.557608574126704
CLUSTER_340,BO,rape_str,944.0,49.557608574126704
CLUSTER_340,BO,legume_str,294.533,49.557608574126704
CLUSTER_346,BO,maize_str,86.7,33.58995416168001
CLUSTER_346,BO,rape_str,14.6,33.58995416168001
CLUSTER_35,BO,cattle_man,3291.0,30.85638871326931
CLUSTER_35,BO,horse_man,655.3,30.85638871326931
CLUSTER_35,BO,pig_man,754.8290000000001,30.85638871326931
CLUSTER_35,BO,maize_str,1422.0,30.85638871326931
CLUSTER_35,BO,rape_str,3218.0,30.85638871326931
CLUSTER_35,BO,legume_str,631.6,30.85638871326931
CLUSTER_351,BO,cattle_man,14750.0,13.680184371886414
CLUSTER_351,BO,horse_man,1500.0,13.680184371886414
CLUSTER_351,BO,clover_alfalfa_grass,7160.0,13.680184371886414
CLUSTER_351,BO,maize_str,544.0,13.680184371886414
CLUSTER_351,BO,beet_leaf,525.0,13.680184371886414
CLUSTER_351,BO,rape_str,1727.0,13.680184371886414
CLUSTER_351,BO,legume_str,523.0,13.680184371886414
CLUSTER_373,BO,horse_man,1879.8,39.9871900439885
CLUSTER_373,BO,maize_str,870.8,39.9871900439885
CLUSTER_373,BO,rape_str,814.9,39.9871900439885
CLUSTER_373,BO,legume_str,370.5,39.9871900439885
CLUSTER_382,BO,maize_str,346.7,37.44994573519982
CLUSTER_382,BO,rape_str,1028.0,37.44994573519982
CLUSTER_382,BO,legume_str,385.1,37.44994573519982
CLUSTER_384,BO,rape_str,817.0,52.99851285494508
CLUSTER_384,BO,legume_str,93.3,52.99851285494508
CLUSTER_385,BO,rape_str,1325.68,53.88418359139796
CLUSTER_385,BO,legume_str,299.0,53.88418359139796
CLUSTER_392,BO,cattle_man,5800.0,21.86658206512938
CLUSTER_392,BO,horse_man,513.0,21.86658206512938
CLUSTER_392,BO,rape_str,1560.0,21.86658206512938
CLUSTER_392,BO,legume_str,315.9,21.86658206512938
CLUSTER_394,BO,cattle_man,6080.0,17.027467598986846
CLUSTER_394,BO,horse_man,571.3,17.027467598986846
CLUSTER_394,BO,pig_man,434.7,17.027467598986846
CLUSTER_394,BO,clover_alfalfa_grass,4080.701179685391,17.027467598986846
CLUSTER_394,BO,maize_str,629.0,17.027467598986846
CLUSTER_394,BO,beet_leaf,221.3,17.027467598986846
CLUSTER_394,BO,rape_str,3108.0,17.027467598986846
CLUSTER_394,BO,legume_str,403.6,17.027467598986846
CLUSTER_397,BO,maize_str,658.9,41.20561922281333
CLUSTER_397,BO,rape_str,641.0,41.20561922281333
CLUSTER_397,BO,legume_str,173.8,41.20561922281333
CLUSTER_399,BO,maize_str,1120.2,44.20827948922618
CLUSTER_399,BO,rape_str,723.2,44.20827948922618
CLUSTER_399,BO,legume_str,297.37,44.20827948922618
CLUSTER_40,BO,maize_str,53.400000000000006,43.342409169836834
CLUSTER_40,BO,rape_str,458.3,43.342409169836834
CLUSTER_40,BO,legume_str,180.49,43.342409169836834
CLUSTER_404,BO,maize_str,137.9,34.23192222198189
CLUSTER_404,BO,rape_str,430.0,34.23192222198189
CLUSTER_404,BO,legume_str,89.80000000000001,34.23192222198189
CLUSTER_425,BO,legume_str,35.99,57.06728437300687
CLUSTER_435,BO,cattle_man,3989.9999999999995,12.622134036068756
CLUSTER_435,BO,horse_man,1508.0,12.622134036068756
CLUSTER_435,BO,clover_alfalfa_grass,1848.0,12.622134036068756
CLUSTER_435,BO,maize_str,65.7,12.622134036068756
CLUSTER_435,BO,rape_str,153.1,12.622134036068756
CLUSTER_435,BO,legume_str,63.4,12.622134036068756
CLUSTER_451,BO,cattle_man,7650.0,18.7493724765823
CLUSTER_451,BO,horse_man,523.0,18.7493724765823
CLUSTER_451,BO,pig_man,528.0,18.7493724765823
CLUSTER_451,BO,maize_str,737.0,18.7493724765823
CLUSTER_451,BO,rape_str,3060.0,18.7493724765823
CLUSTER_451,BO,legume_str,293.0,18.7493724765823
CLUSTER_469,BO,horse_man,840.0,39.54369553305267
CLUSTER_469,BO,maize_str,488.99999999999994,39.54369553305267
CLUSTER_469,BO,rape_str,1099.0,39.54369553305267
CLUSTER_469,BO,legume_str,204.7,39.54369553305267
CLUSTER_476,BO,cattle_man,2730.0,22.28385694410875
CLUSTER_476,BO,maize_str,70.1,22.28385694410875
CLUSTER_476,BO,rape_str,21.8,22.28385694410875
CLUSTER_476,BO,legume_str,20.15,22.28385694410875
CLUSTER_481,BO,cattle_man,7889.999999999999,22.096487292632396
CLUSTER_481,BO,horse_man,1085.0,22.096487292632396
CLUSTER_481,BO,pig_man,527.3,22.096487292632396
CLUSTER_481,BO,maize_str,1163.0,22.096487292632396
CLUSTER_481,BO,rape_str,4790.0,22.096487292632396
CLUSTER_481,BO,legume_str,620.0,22.096487292632396
CLUSTER_490,BO,maize_str,80.1,41.69968240313608
CLUSTER_490,BO,rape_str,340.0,41.69968240313608
CLUSTER_490,BO,legume_str,80.4,41.69968240313608
CLUSTER_503,BO,maize_str,953.0,48.34906260701627
CLUSTER_503,BO,rape_str,1574.0,48.34906260701627
CLUSTER_503,BO,legume_str,401.2,48.34906260701627
CLUSTER_510,BO,maize_str,22.419,50.80696231051354
CLUSTER_510,BO,rape_str,86.1,50.80696231051354
CLUSTER_510,BO,legume_str,52.36,50.80696231051354
CLUSTER_512,BO,maize_str,72.075,42.20520258145697
CLUSTER_512,BO,rape_str,499.0,42.20520258145697
CLUSTER_512,BO,legume_str,138.2,42.20520258145697
CLUSTER_52,BO,maize_str,4642.0,48.86604970744602
CLUSTER_52,BO,rape_str,675.0,48.86604970744602
CLUSTER_52,BO,legume_str,277.4,48.86604970744602
CLUSTER_524,BO,legume_str,84.033,55.89014096473106
CLUSTER_529,BO,rape_str,859.0,52.21939396865124
CLUSTER_529,BO,legume_str,186.5,52.21939396865124
CLUSTER_536,BO,rape_str,222.0,37.38033065506673
CLUSTER_536,BO,legume_str,88.69999999999999,37.38033065506673
CLUSTER_55,BO,maize_str,329.6,41.40558651877132
CLUSTER_55,BO,rape_str,291.6,41.40558651877132
CLUSTER_55,BO,legume_str,299.8,41.40558651877132
CLUSTER_7,BO,maize_str,153.4,35.61434217299388
CLUSTER_7,BO,rape_str,2308.0,35.61434217299388
CLUSTER_7,BO,legume_str,232.0,35.61434217299388
CLUSTER_72,BO,cattle_man,21650.0,4.913400429345276
CLUSTER_72,BO,cattle_slu,106500.0,4.913400429345276
CLUSTER_72,BO,horse_man,4938.0,4.913400429345276
CLUSTER_72,BO,pig_man,949.3,4.913400429345276
CLUSTER_72,BO,clover_alfalfa_grass,23705.0,4.913400429345276
CLUSTER_72,BO,maize_str,914.0,4.913400429345276
CLUSTER_72,BO,beet_leaf,153.123,4.913400429345276
CLUSTER_72,BO,rape_str,3098.0,4.913400429345276
CLUSTER_72,BO,legume_str,700.5,4.913400429345276
CLUSTER_76,BO,maize_str,96.25,28.975277274466
CLUSTER_76,BO,rape_str,35.114,28.975277274466
CLUSTER_76,BO,legume_str,109.68,28.975277274466
CLUSTER_77,BO,cattle_man,15680.0,18.67421801696519
CLUSTER_77,BO,horse_man,1160.0,18.67421801696519
CLUSTER_77,BO,pig_man,82.7,18.67421801696519
CLUSTER_77,BO,maize_str,102.6,18.67421801696519
CLUSTER_77,BO,rape_str,1929.0,18.67421801696519
CLUSTER_77,BO,legume_str,300.0,18.67421801696519
CLUSTER_78,BO,maize_str,136.0,37.406857587673386
CLUSTER_78,BO,rape_str,178.1,37.406857587673386
CLUSTER_78,BO,legume_str,40.33,37.406857587673386
CLUSTER_89,BO,cattle_man,6220.0,28.34609034056744
CLUSTER_89,BO,horse_man,1274.4,28.34609034056744
CLUSTER_89,BO,maize_str,601.4,28.34609034056744
CLUSTER_89,BO,rape_str,2965.0,28.34609034056744
CLUSTER_89,BO,legume_str,351.6,28.34609034056744
CLUSTER_96,BO,maize_str,261.74,39.50800997748276
CLUSTER_96,BO,rape_str,553.6,39.50800997748276
CLUSTER_96,BO,legume_str,216.1,39.50800997748276
CLUSTER_107,BR,horse_man,1668.9,57.81341255281749
CLUSTER_107,BR,pig_man,993.2,57.81341255281749
CLUSTER_111,BR,cattle_man,13173.0,12.943394317953846
CLUSTER_111,BR,cattle_slu,54520.00000000001,12.943394317953846
CLUSTER_111,BR,horse_man,2113.999999999999,12.943394317953846
CLUSTER_111,BR,pig_man,262.226,12.943394317953846
CLUSTER_111,BR,maize_str,503.2,12.943394317953846
CLUSTER_111,BR,rape_str,739.75,12.943394317953846
CLUSTER_111,BR,legume_str,253.9,12.943394317953846
CLUSTER_118,BR,maize_str,124.29999999999998,21.578912516814725
CLUSTER_118,BR,legume_str,97.25,21.578912516814725
CLUSTER_123,BR,cattle_man,9000.0,43.23054673674401
CLUSTER_123,BR,horse_man,1614.0,43.23054673674401
CLUSTER_123,BR,pig_man,92.5800179,43.23054673674401
CLUSTER_127,BR,cattle_man,15806.0,3.339951389943876
CLUSTER_127,BR,cattle_slu,88570.0,3.339951389943876
CLUSTER_127,BR,horse_man,2828.1,3.339951389943876
CLUSTER_127,BR,pig_slu,90.2,3.339951389943876
CLUSTER_127,BR,maize_str,111.55,3.339951389943876
CLUSTER_127,BR,beet_leaf,301.0,3.339951389943876
CLUSTER_127,BR,rape_str,575.6,3.339951389943876
CLUSTER_127,BR,legume_str,193.6,3.339951389943876
CLUSTER_128,BR,cattle_man,10124.4,56.21218166228757
CLUSTER_128,BR,horse_man,2411.7,56.21218166228757
CLUSTER_128,BR,pig_man,539.0,56.21218166228757
CLUSTER_129,BR,horse_man,1743.9,73.6398505703473
CLUSTER_129,BR,pig_man,245.9917,73.6398505703473
CLUSTER_13,BR,cattle_man,22490.000000000004,11.319350755089063
CLUSTER_13,BR,cattle_slu,113979.9999999999,11.319350755089063
CLUSTER_13,BR,horse_man,4880.0,11.319350755089063
CLUSTER_13,BR,pig_man,152.17000000000002,11.319350755089063
CLUSTER_13,BR,maize_str,79.0,11.319350755089063
CLUSTER_13,BR,beet_leaf,855.0,11.319350755089063
CLUSTER_13,BR,rape_str,186.63,11.319350755089063
CLUSTER_13,BR,legume_str,218.8,11.319350755089063
CLUSTER_132,BR,horse_man,795.885,59.6777896705114
CLUSTER_132,BR,pig_man,943.9,59.6777896705114
CLUSTER_138,BR,pig_man,1203.8,57.907703479569975
CLUSTER_14,BR,cattle_man,9659.0,48.94736709896836
CLUSTER_14,BR,horse_man,2695.2,48.94736709896836
CLUSTER_14,BR,pig_man,256.805,48.94736709896836
CLUSTER_144,BR,pig_man,1094.5,73.70942616737342
CLUSTER_162,BR,pig_man,126.94,101.22878850689044
CLUSTER_166,BR,horse_man,763.7,39.5135790998833
CLUSTER_166,BR,pig_man,110.044731,39.5135790998833
CLUSTER_166,BR,rape_str,257.0,39.5135790998833
CLUSTER_166,BR,legume_str,112.33,39.5135790998833
CLUSTER_182,BR,pig_man,1527.0,61.1788547832457
CLUSTER_187,BR,cattle_man,4002.9999999999995,25.25868402304812
CLUSTER_187,BR,horse_man,2955.0,25.25868402304812
CLUSTER_187,BR,pig_man,939.3,25.25868402304812
CLUSTER_187,BR,rape_str,1186.6,25.25868402304812
CLUSTER_187,BR,legume_str,419.6,25.25868402304812
CLUSTER_206,BR,pig_man,146.60494999999997,32.039076704885524
CLUSTER_206,BR,rape_str,81.58,32.039076704885524
CLUSTER_206,BR,legume_str,98.69,32.039076704885524
CLUSTER_207,BR,horse_man,358.72747736907695,37.08293191321055
CLUSTER_210,BR,cattle_man,12910.0,12.996177438032916
CLUSTER_210,BR,cattle_slu,64399.999999999985,12.996177438032916
CLUSTER_210,BR,horse_man,779.0,12.996177438032916
CLUSTER_210,BR,pig_man,122.09999999999998,12.996177438032916
CLUSTER_210,BR,maize_str,159.54,12.996177438032916
CLUSTER_210,BR,rape_str,548.7,12.996177438032916
CLUSTER_210,BR,legume_str,108.0,12.996177438032916
CLUSTER_229,BR,pig_man,38.028209,77.42573586840159
CLUSTER_235,BR,horse_man,1307.7,52.93056499124873
CLUSTER_235,BR,pig_man,439.78,52.93056499124873
CLUSTER_253,BR,horse_man,3082.0,59.08946400150037
CLUSTER_253,BR,pig_man,379.28,59.08946400150037
CLUSTER_297,BR,cattle_man,11530.0,36.19909722701337
CLUSTER_297,BR,horse_man,3459.0,36.19909722701337
CLUSTER_297,BR,pig_man,153.126,36.19909722701337
CLUSTER_305,BR,cattle_man,4426.0,54.825683067634216
CLUSTER_305,BR,horse_man,533.2,54.825683067634216
CLUSTER_305,BR,pig_man,388.58,54.825683067634216
CLUSTER_313,BR,cattle_man,20560.0,19.528875708487565
CLUSTER_313,BR,horse_man,2810.0,19.528875708487565
CLUSTER_313,BR,pig_man,14.107,19.528875708487565
CLUSTER_313,BR,maize_str,26.06,19.528875708487565
CLUSTER_315,BR,cattle_man,6294.0,42.10372495539654
CLUSTER_315,BR,horse_man,1179.8,42.10372495539654
CLUSTER_315,BR,pig_man,304.38530000000003,42.10372495539654
CLUSTER_316,BR,horse_man,1505.3,61.77171827660784
CLUSTER_316,BR,pig_man,1285.8,61.77171827660784
CLUSTER_324,BR,cattle_man,6315.0,49.86811221206133
CLUSTER_324,BR,horse_man,736.19,49.86811221206133
CLUSTER_324,BR,pig_man,258.47,49.86811221206133
CLUSTER_337,BR,cattle_man,13540.0,24.745348067914083
CLUSTER_337,BR,horse_man,1000.0599999999998,24.745348067914083
CLUSTER_337,BR,maize_str,130.3155,24.745348067914083
CLUSTER_337,BR,rape_str,148.0,24.745348067914083
CLUSTER_337,BR,legume_str,187.9,24.745348067914083
CLUSTER_338,BR,pig_man,496.0,69.16127990015794
CLUSTER_339,BR,pig_man,586.97,67.9654872517059
CLUSTER_344,BR,pig_man,347.5,78.89508515834484
CLUSTER_349,BR,pig_man,105.746,93.2925171841092
CLUSTER_353,BR,pig_man,473.0,72.74530835872248
CLUSTER_362,BR,cattle_man,13100.0,16.28694257641711
CLUSTER_362,BR,cattle_slu,81600.0,16.28694257641711
CLUSTER_362,BR,horse_man,2769.0,16.28694257641711
CLUSTER_362,BR,maize_str,11.4,16.28694257641711
CLUSTER_362,BR,legume_str,13.96,16.28694257641711
CLUSTER_365,BR,cattle_man,16119.999999999998,35.99534854333551
CLUSTER_365,BR,horse_man,1341.0,35.99534854333551
CLUSTER_368,BR,cattle_man,6947.0,35.30834376437621
CLUSTER_368,BR,horse_man,1001.7000000000002,35.30834376437621
CLUSTER_368,BR,pig_man,61.345000000000006,35.30834376437621
CLUSTER_368,BR,rape_str,482.8,35.30834376437621
CLUSTER_368,BR,legume_str,152.78,35.30834376437621
CLUSTER_376,BR,cattle_man,2955.0,31.419426262644773
CLUSTER_376,BR,horse_man,494.96000000000004,31.419426262644773
CLUSTER_376,BR,pig_man,263.4000241,31.419426262644773
CLUSTER_379,BR,cattle_man,18540.0,13.246820105564916
CLUSTER_379,BR,cattle_slu,106980.00000000003,13.246820105564916
CLUSTER_379,BR,horse_man,612.5,13.246820105564916
CLUSTER_379,BR,maize_str,28.1,13.246820105564916
CLUSTER_379,BR,rape_str,35.6,13.246820105564916
CLUSTER_379,BR,legume_str,33.1,13.246820105564916
CLUSTER_383,BR,cattle_man,4512.0,42.55659879777026
CLUSTER_383,BR,horse_man,1382.2,42.55659879777026
CLUSTER_383,BR,pig_man,350.7,42.55659879777026
CLUSTER_383,BR,legume_str,135.1,42.55659879777026
CLUSTER_393,BR,cattle_man,1357.0,49.91605240556361
CLUSTER_393,BR,horse_man,968.1,49.91605240556361
CLUSTER_411,BR,cattle_man,18310.0,22.079047652321
CLUSTER_411,BR,horse_man,1163.4,22.079047652321
CLUSTER_411,BR,pig_man,527.79,22.079047652321
CLUSTER_411,BR,maize_str,443.52,22.079047652321
CLUSTER_411,BR,rape_str,409.6,22.079047652321
CLUSTER_411,BR,legume_str,302.2,22.079047652321
CLUSTER_42,BR,horse_man,1097.5,74.53557579331301
CLUSTER_42,BR,pig_man,1804.5,74.53557579331301
CLUSTER_427,BR,horse_man,3104.5,48.813614366538346
CLUSTER_427,BR,pig_man,799.2,48.813614366538346
CLUSTER_428,BR,cattle_man,6500.000000000003,17.771796196122057
CLUSTER_428,BR,cattle_slu,27720.0,17.771796196122057
CLUSTER_428,BR,horse_man,792.0,17.771796196122057
CLUSTER_428,BR,pig_man,58.397,17.771796196122057
CLUSTER_428,BR,maize_str,453.0,17.771796196122057
CLUSTER_428,BR,rape_str,780.5,17.771796196122057
CLUSTER_428,BR,legume_str,401.5,17.771796196122057
CLUSTER_431,BR,pig_man,238.34,89.14879919303011
CLUSTER_432,BR,cattle_man,3340.0,20.120218913594236
CLUSTER_432,BR,horse_man,1122.3,20.120218913594236
CLUSTER_432,BR,pig_man,80.1,20.120218913594236
CLUSTER_432,BR,maize_str,329.9,20.120218913594236
CLUSTER_432,BR,rape_str,1000.6999999999999,20.120218913594236
CLUSTER_432,BR,legume_str,291.34000000000003,20.120218913594236
CLUSTER_44,BR,cattle_man,14660.0,28.98248355976088
CLUSTER_44,BR,horse_man,1288.0,28.98248355976088
CLUSTER_44,BR,rape_str,694.67,28.98248355976088
CLUSTER_44,BR,legume_str,336.7,28.98248355976088
CLUSTER_443,BR,cattle_man,12879.999999999975,4.382246066253079
CLUSTER_443,BR,cattle_slu,70720.00000000001,4.382246066253079
CLUSTER_443,BR,horse_man,1016.9999999999999,4.382246066253079
CLUSTER_443,BR,maize_str,154.0,4.382246066253079
CLUSTER_443,BR,rape_str,172.0,4.382246066253079
CLUSTER_443,BR,legume_str,58.24,4.382246066253079
CLUSTER_446,BR,cattle_man,11600.000000000031,16.700143956164176
CLUSTER_446,BR,cattle_slu,63610.0,16.700143956164176
CLUSTER_446,BR,horse_man,1600.0,16.700143956164176
CLUSTER_446,BR,pig_man,216.2920123,16.700143956164176
CLUSTER_446,BR,maize_str,265.09,16.700143956164176
CLUSTER_446,BR,rape_str,165.0,16.700143956164176
CLUSTER_446,BR,legume_str,132.72,16.700143956164176
CLUSTER_452,BR,pig_man,550.0,78.11384449797812
CLUSTER_464,BR,pig_man,54.032,83.65495572201235
CLUSTER_478,BR,pig_man,35.400000000000006,84.51553157366386
CLUSTER_479,BR,cattle_man,6870.0,32.78357551555631
CLUSTER_479,BR,horse_man,1092.0,32.78357551555631
CLUSTER_485,BR,cattle_man,3740.0,41.14788317591864
CLUSTER_485,BR,horse_man,1447.0,41.14788317591864
CLUSTER_485,BR,pig_man,19.72,41.14788317591864
CLUSTER_496,BR,pig_man,687.2999999998702,78.55733050948892
CLUSTER_500,BR,cattle_man,5430.0,47.95872681409711
CLUSTER_500,BR,horse_man,798.0,47.95872681409711
CLUSTER_500,BR,pig_man,32.309999999999995,47.95872681409711
CLUSTER_507,BR,cattle_man,9890.0,26.07815102454241
CLUSTER_507,BR,horse_man,1199.4,26.07815102454241
CLUSTER_507,BR,maize_str,630.1909157215975,26.07815102454241
CLUSTER_507,BR,rape_str,1388.0,26.07815102454241
CLUSTER_507,BR,legume_str,319.0,26.07815102454241
CLUSTER_511,BR,cattle_man,2498.0,28.19964108311279
CLUSTER_511,BR,horse_man,1308.3100000000002,28.19964108311279
CLUSTER_511,BR,pig_man,317.6,28.19964108311279
CLUSTER_515,BR,horse_man,126.2,72.84544010125398
CLUSTER_515,BR,pig_man,1089.0,72.84544010125398
CLUSTER_531,BR,horse_man,424.9,62.857732154838985
CLUSTER_531,BR,pig_man,133.0,62.857732154838985
CLUSTER_533,BR,horse_man,654.0,63.23371351466842
CLUSTER_533,BR,pig_man,70.10000000000001,63.23371351466842
CLUSTER_534,BR,cattle_man,2189.0,37.61224467028306
CLUSTER_534,BR,horse_man,1873.6,37.61224467028306
CLUSTER_534,BR,pig_man,1003.0,37.61224467028306
CLUSTER_543,BR,cattle_man,10570.0,14.141843167915956
CLUSTER_543,BR,cattle_slu,58800.0,14.141843167915956
CLUSTER_543,BR,horse_man,158.9,14.141843167915956
CLUSTER_543,BR,pig_man,36.089,14.141843167915956
CLUSTER_543,BR,maize_str,21.22,14.141843167915956
CLUSTER_543,BR,rape_str,46.2,14.141843167915956
CLUSTER_543,BR,legume_str,17.48,14.141843167915956
CLUSTER_83,BR,cattle_man,8530.0,41.35010870952617
CLUSTER_83,BR,horse_man,2092.0,41.35010870952617
CLUSTER_83,BR,pig_man,44.2,41.35010870952617
CLUSTER_9,BR,pig_man,1813.0,67.06688368015985
CLUSTER_10,CB,rape_str,247.74999999999997,55.2518487974012
CLUSTER_10,CB,legume_str,66.8,55.2518487974012
CLUSTER_134,CB,cattle_man,8431.4,10.16788668573173
CLUSTER_134,CB,horse_man,721.52,10.16788668573173
CLUSTER_134,CB,clover_alfalfa_grass,7349.0,10.16788668573173
CLUSTER_134,CB,maize_str,712.3,10.16788668573173
CLUSTER_134,CB,beet_leaf,32079.999999999996,10.16788668573173
CLUSTER_134,CB,rape_str,1039.3,10.16788668573173
CLUSTER_134,CB,legume_str,277.13,10.16788668573173
CLUSTER_139,CB,rape_str,1083.5,26.950865806079783
CLUSTER_139,CB,legume_str,570.9,26.950865806079783
CLUSTER_148,CB,maize_str,21.2,42.21697823917267
CLUSTER_153,CB,maize_str,346.3,42.04828731832943
CLUSTER_153,CB,rape_str,2865.0,42.04828731832943
CLUSTER_153,CB,legume_str,465.2,42.04828731832943
CLUSTER_154,CB,cattle_man,5634.1,3.5362994724473507
CLUSTER_154,CB,cattle_slu,264.058,3.5362994724473507
CLUSTER_154,CB,horse_man,347.6,3.5362994724473507
CLUSTER_154,CB,clover_alfalfa_grass,5113.0,3.5362994724473507
CLUSTER_154,CB,maize_str,84.14,3.5362994724473507
CLUSTER_154,CB,beet_leaf,15730.000000000002,3.5362994724473507
CLUSTER_154,CB,rape_str,1500.8,3.5362994724473507
CLUSTER_154,CB,legume_str,348.1,3.5362994724473507
CLUSTER_156,CB,maize_str,250.71100000000004,45.96977677914524
CLUSTER_156,CB,rape_str,1599.0,45.96977677914524
CLUSTER_156,CB,legume_str,342.4,45.96977677914524
CLUSTER_158,CB,rape_str,44.4,46.90567360857293
CLUSTER_158,CB,legume_str,41.66,46.90567360857293
CLUSTER_16,CB,maize_str,361.46,20.28107331166964
CLUSTER_16,CB,beet_leaf,16749.9,20.28107331166964
CLUSTER_16,CB,rape_str,1459.3,20.28107331166964
CLUSTER_16,CB,legume_str,320.2,20.28107331166964
CLUSTER_163,CB,legume_str,26.23,57.985873748034656
CLUSTER_164,CB,maize_str,100.7,41.78620676224635
CLUSTER_164,CB,rape_str,740.0,41.78620676224635
CLUSTER_164,CB,legume_str,154.5,41.78620676224635
CLUSTER_170,CB,maize_str,38.8,47.50753062793138
CLUSTER_170,CB,rape_str,334.9,47.50753062793138
CLUSTER_173,CB,rape_str,696.9,46.11357696074822
CLUSTER_173,CB,legume_str,245.0,46.11357696074822
CLUSTER_177,CB,maize_str,263.9,32.364538319346416
CLUSTER_177,CB,rape_str,3337.0,32.364538319346416
CLUSTER_177,CB,legume_str,144.7,32.364538319346416
CLUSTER_179,CB,rape_str,741.5,41.48653289596468
CLUSTER_179,CB,legume_str,197.6,41.48653289596468
CLUSTER_181,CB,maize_str,737.8,31.323130214260736
CLUSTER_181,CB,rape_str,425.5,31.323130214260736
CLUSTER_181,CB,legume_str,393.5,31.323130214260736
CLUSTER_194,CB,maize_str,238.4,32.240181402036875
CLUSTER_194,CB,rape_str,1397.0,32.240181402036875
CLUSTER_194,CB,legume_str,213.55,32.240181402036875
CLUSTER_200,CB,maize_str,105.4,44.426384763030335
CLUSTER_200,CB,rape_str,2260.0,44.426384763030335
CLUSTER_200,CB,legume_str,199.5,44.426384763030335
CLUSTER_222,CB,maize_str,154.36,52.435122670676215
CLUSTER_222,CB,rape_str,844.8,52.435122670676215
CLUSTER_222,CB,legume_str,145.8,52.435122670676215
CLUSTER_236,CB,maize_str,46.4,23.00687039115828
CLUSTER_236,CB,rape_str,1247.0,23.00687039115828
CLUSTER_236,CB,legume_str,601.1,23.00687039115828
CLUSTER_24,CB,cattle_man,15326.0,17.969905091556527
CLUSTER_24,CB,clover_alfalfa_grass,12192.0,17.969905091556527
CLUSTER_24,CB,maize_str,610.37,17.969905091556527
CLUSTER_24,CB,beet_leaf,13343.0,17.969905091556527
CLUSTER_24,CB,rape_str,4848.0,17.969905091556527
CLUSTER_24,CB,legume_str,769.8,17.969905091556527
CLUSTER_246,CB,maize_str,156.3,32.43020915451571
CLUSTER_246,CB,rape_str,1181.0,32.43020915451571
CLUSTER_246,CB,legume_str,345.0,32.43020915451571
CLUSTER_247,CB,cattle_man,2871.0,23.392281080116604
CLUSTER_247,CB,maize_str,161.1,23.392281080116604
CLUSTER_247,CB,rape_str,3410.0,23.392281080116604
CLUSTER_247,CB,legume_str,474.1,23.392281080116604
CLUSTER_251,CB,maize_str,70.9,39.34634367220045
CLUSTER_251,CB,rape_str,2183.0,39.34634367220045
CLUSTER_251,CB,legume_str,633.1999999999999,39.34634367220045
CLUSTER_271,CB,rape_str,2906.0,56.377547433117456
CLUSTER_271,CB,legume_str,258.8,56.377547433117456
CLUSTER_275,CB,maize_str,130.5,30.39861988602162
CLUSTER_275,CB,rape_str,2420.0,30.39861988602162
CLUSTER_275,CB,legume_str,322.6,30.39861988602162
CLUSTER_277,CB,maize_str,52.900000000000006,31.988031499086954
CLUSTER_277,CB,rape_str,2519.0,31.988031499086954
CLUSTER_277,CB,legume_str,748.8,31.988031499086954
CLUSTER_283,CB,cattle_man,4490.4,12.864544419053075
CLUSTER_283,CB,clover_alfalfa_grass,4311.0,12.864544419053075
CLUSTER_283,CB,maize_str,483.1,12.864544419053075
CLUSTER_283,CB,beet_leaf,20320.0,12.864544419053075
CLUSTER_283,CB,rape_str,1599.65,12.864544419053075
CLUSTER_283,CB,legume_str,287.6,12.864544419053075
CLUSTER_289,CB,maize_str,455.8,34.69258632065335
CLUSTER_289,CB,rape_str,1516.0,34.69258632065335
CLUSTER_289,CB,legume_str,485.4,34.69258632065335
CLUSTER_293,CB,maize_str,181.2,48.49582380920081
CLUSTER_293,CB,rape_str,1991.0000000000002,48.49582380920081
CLUSTER_293,CB,legume_str,195.85,48.49582380920081
CLUSTER_298,CB,maize_str,131.71,27.53647402374458
CLUSTER_298,CB,rape_str,1018.0,27.53647402374458
CLUSTER_298,CB,legume_str,191.9,27.53647402374458
CLUSTER_317,CB,maize_str,120.7,43.2860764298129
CLUSTER_317,CB,rape_str,692.0,43.2860764298129
CLUSTER_317,CB,legume_str,236.2,43.2860764298129
CLUSTER_320,CB,cattle_man,1036.0,14.231382114174052
CLUSTER_320,CB,horse_man,151.8,14.231382114174052
CLUSTER_320,CB,clover_alfalfa_grass,1436.3,14.231382114174052
CLUSTER_320,CB,maize_str,24.130000000000003,14.231382114174052
CLUSTER_320,CB,beet_leaf,2141.0,14.231382114174052
CLUSTER_320,CB,rape_str,1162.3,14.231382114174052
CLUSTER_320,CB,legume_str,113.12,14.231382114174052
CLUSTER_326,CB,rape_str,2611.0,54.52834754747056
CLUSTER_326,CB,legume_str,268.6,54.52834754747056
CLUSTER_328,CB,cattle_man,9120.0,33.356312265196706
CLUSTER_328,CB,maize_str,276.0,33.356312265196706
CLUSTER_328,CB,rape_str,1819.0,33.356312265196706
CLUSTER_328,CB,legume_str,524.0,33.356312265196706
CLUSTER_332,CB,maize_str,50.4,30.13493923333936
CLUSTER_332,CB,rape_str,1546.9,30.13493923333936
CLUSTER_332,CB,legume_str,553.2,30.13493923333936
CLUSTER_336,CB,maize_str,516.74,27.523774882828818
CLUSTER_336,CB,rape_str,912.3,27.523774882828818
CLUSTER_336,CB,legume_str,270.07,27.523774882828818
CLUSTER_348,CB,maize_str,65.0,29.79018568912578
CLUSTER_348,CB,rape_str,718.0,29.79018568912578
CLUSTER_348,CB,legume_str,156.9,29.79018568912578
CLUSTER_361,CB,maize_str,579.6,38.83962829413146
CLUSTER_361,CB,rape_str,169.4,38.83962829413146
CLUSTER_361,CB,legume_str,175.4,38.83962829413146
CLUSTER_38,CB,maize_str,30.0,18.445707294559178
CLUSTER_38,CB,beet_leaf,1765.0,18.445707294559178
CLUSTER_38,CB,rape_str,891.0,18.445707294559178
CLUSTER_38,CB,legume_str,159.5,18.445707294559178
CLUSTER_389,CB,cattle_man,790.9,6.393594176269084
CLUSTER_389,CB,cattle_slu,250.0,6.393594176269084
CLUSTER_389,CB,clover_alfalfa_grass,3283.6,6.393594176269084
CLUSTER_389,CB,maize_str,132.9,6.393594176269084
CLUSTER_389,CB,beet_leaf,8760.0,6.393594176269084
CLUSTER_389,CB,rape_str,826.81,6.393594176269084
CLUSTER_389,CB,legume_str,294.0,6.393594176269084
CLUSTER_395,CB,maize_str,582.4,46.91525625180099
CLUSTER_4,CB,clover_alfalfa_grass,2837.2948437478044,18.18080239195777
CLUSTER_4,CB,maize_str,287.90000000000003,18.18080239195777
CLUSTER_4,CB,beet_leaf,8998.6,18.18080239195777
CLUSTER_4,CB,rape_str,2234.4,18.18080239195777
CLUSTER_4,CB,legume_str,531.23,18.18080239195777
CLUSTER_405,CB,maize_str,43.2,37.09850232861847
CLUSTER_410,CB,maize_str,31.67,31.2529362597304
CLUSTER_410,CB,rape_str,2374.0,31.2529362597304
CLUSTER_410,CB,legume_str,361.8,31.2529362597304
CLUSTER_417,CB,cattle_man,11640.0,10.978695487239545
CLUSTER_417,CB,clover_alfalfa_grass,2459.0,10.978695487239545
CLUSTER_417,CB,maize_str,88.36,10.978695487239545
CLUSTER_417,CB,beet_leaf,12800.0,10.978695487239545
CLUSTER_417,CB,rape_str,677.4,10.978695487239545
CLUSTER_417,CB,legume_str,179.52,10.978695487239545
CLUSTER_418,CB,maize_str,247.58,41.44676423070559
CLUSTER_418,CB,rape_str,1244.0,41.44676423070559
CLUSTER_418,CB,legume_str,130.8,41.44676423070559
CLUSTER_421,CB,maize_str,277.1,52.065125535830326
CLUSTER_424,CB,maize_str,42.1,37.57417020072709
CLUSTER_424,CB,rape_str,2239.8,37.57417020072709
CLUSTER_424,CB,legume_str,524.5,37.57417020072709
CLUSTER_430,CB,maize_str,59.93000000000001,44.82469823299164
CLUSTER_430,CB,rape_str,1226.0,44.82469823299164
CLUSTER_430,CB,legume_str,108.18,44.82469823299164
CLUSTER_449,CB,maize_str,119.0,51.08102180290623
CLUSTER_449,CB,rape_str,2855.0,51.08102180290623
CLUSTER_449,CB,legume_str,67.55,51.08102180290623
CLUSTER_455,CB,maize_str,263.67,43.93453505685531
CLUSTER_455,CB,rape_str,1213.0,43.93453505685531
CLUSTER_455,CB,legume_str,362.4,43.93453505685531
CLUSTER_46,CB,maize_str,216.072,40.7114370749871
CLUSTER_46,CB,rape_str,1841.4,40.7114370749871
CLUSTER_46,CB,legume_str,245.43999999999997,40.7114370749871
CLUSTER_468,CB,maize_str,120.0,50.21382793583979
CLUSTER_468,CB,rape_str,574.4,50.21382793583979
CLUSTER_468,CB,legume_str,142.73,50.21382793583979
CLUSTER_483,CB,maize_str,387.2,41.745824205180256
CLUSTER_487,CB,cattle_man,16400.0,10.63810093232082
CLUSTER_487,CB,clover_alfalfa_grass,3453.0,10.63810093232082
CLUSTER_487,CB,maize_str,637.4,10.63810093232082
CLUSTER_487,CB,beet_leaf,25760.0,10.63810093232082
CLUSTER_487,CB,rape_str,1529.0,10.63810093232082
CLUSTER_487,CB,legume_str,702.12,10.63810093232082
CLUSTER_49,CB,maize_str,516.3,22.20688108798745
CLUSTER_49,CB,rape_str,2778.0,22.20688108798745
CLUSTER_49,CB,legume_str,470.832,22.20688108798745
CLUSTER_491,CB,maize_str,50.9,34.11579193741128
CLUSTER_491,CB,rape_str,1665.0,34.11579193741128
CLUSTER_491,CB,legume_str,275.7,34.11579193741128
CLUSTER_494,CB,maize_str,343.7,46.25014543479059
CLUSTER_494,CB,rape_str,500.2,46.25014543479059
CLUSTER_494,CB,legume_str,89.8,46.25014543479059
CLUSTER_497,CB,maize_str,25.5,39.25106476331538
CLUSTER_497,CB,rape_str,1290.0,39.25106476331538
CLUSTER_497,CB,legume_str,206.1,39.25106476331538
CLUSTER_506,CB,cattle_man,1700.0,30.587167783987603
CLUSTER_506,CB,maize_str,146.4,30.587167783987603
CLUSTER_506,CB,rape_str,1143.0,30.587167783987603
CLUSTER_506,CB,legume_str,340.0,30.587167783987603
CLUSTER_517,CB,maize_str,38.76,38.34639601027136
CLUSTER_517,CB,rape_str,729.3,38.34639601027136
CLUSTER_517,CB,legume_str,119.6,38.34639601027136
CLUSTER_525,CB,maize_str,16.1,47.226638744372416
CLUSTER_525,CB,rape_str,758.0,47.226638744372416
CLUSTER_525,CB,legume_str,32.37,47.226638744372416
CLUSTER_538,CB,maize_str,24.6,33.68544709201734
CLUSTER_538,CB,rape_str,957.0,33.68544709201734
CLUSTER_538,CB,legume_str,213.05,33.68544709201734
CLUSTER_75,CB,maize_str,550.06,23.991733776637723
CLUSTER_75,CB,rape_str,1046.1,23.991733776637723
CLUSTER_75,CB,legume_str,172.5,23.991733776637723
CLUSTER_80,CB,maize_str,115.0,41.75469299276755
CLUSTER_80,CB,rape_str,3516.0,41.75469299276755
CLUSTER_80,CB,legume_str,346.7,41.75469299276755
CLUSTER_87,CB,maize_str,676.6,36.849350318076624
CLUSTER_87,CB,rape_str,922.9,36.849350318076624
CLUSTER_87,CB,legume_str,729.0,36.849350318076624
CLUSTER_95,CB,maize_str,231.9,50.43252780000346
CLUSTER_95,CB,rape_str,4774.0,50.43252780000346
CLUSTER_95,CB,legume_str,380.1,50.43252780000346
CLUSTER_97,CB,maize_str,150.8,18.92319564984584
CLUSTER_97,CB,beet_leaf,10300.0,18.92319564984584
CLUSTER_97,CB,rape_str,3629.0,18.92319564984584
CLUSTER_97,CB,legume_str,684.7,18.92319564984584
CLUSTER_105,CG,cattle_man,16042.0,17.101682248587412
CLUSTER_105,CG,cattle_slu,80198.8,17.101682248587412
CLUSTER_105,CG,horse_man,2293.0,17.101682248587412
CLUSTER_105,CG,legume_str,17.03,17.101682248587412
CLUSTER_136,CG,cattle_man,22230.000000000146,6.290546874917085
CLUSTER_136,CG,cattle_slu,108699.99999999996,6.290546874917085
CLUSTER_136,CG,horse_man,3774.9999999999995,6.290546874917085
CLUSTER_157,CG,cattle_man,22879.999999999916,14.04464479793618
CLUSTER_157,CG,cattle_slu,106800.0,14.04464479793618
CLUSTER_157,CG,horse_man,3454.0000000000005,14.04464479793618
CLUSTER_157,CG,legume_str,10.8,14.04464479793618
CLUSTER_178,CG,cattle_man,16790.0,13.699845387406585
CLUSTER_178,CG,cattle_slu,76750.0,13.699845387406585
CLUSTER_178,CG,horse_man,5256.0,13.699845387406585
CLUSTER_178,CG,rape_str,39.4,13.699845387406585
CLUSTER_178,CG,legume_str,41.78,13.699845387406585
CLUSTER_201,CG,cattle_man,7892.0,28.7149521290412
CLUSTER_201,CG,horse_man,2174.1,28.7149521290412
CLUSTER_201,CG,rape_str,52.69,28.7149521290412
CLUSTER_201,CG,legume_str,94.3,28.7149521290412
CLUSTER_204,CG,cattle_man,10730.0,22.1459450438711
CLUSTER_204,CG,horse_man,2958.0,22.1459450438711
CLUSTER_204,CG,pig_man,37.494,22.1459450438711
CLUSTER_204,CG,legume_str,23.92,22.1459450438711
CLUSTER_209,CG,cattle_man,13940.0,17.715641632288886
CLUSTER_209,CG,cattle_slu,62000.0,17.715641632288886
CLUSTER_209,CG,horse_man,1265.6,17.715641632288886
CLUSTER_209,CG,maize_str,82.59,17.715641632288886
CLUSTER_209,CG,rape_str,261.2,17.715641632288886
CLUSTER_209,CG,legume_str,188.51,17.715641632288886
CLUSTER_226,CG,cattle_man,16880.0,34.847785965659064
CLUSTER_226,CG,horse_man,2471.6,34.847785965659064
CLUSTER_243,CG,cattle_man,19319.99999999989,12.850471246660405
CLUSTER_243,CG,cattle_slu,94100.0,12.850471246660405
CLUSTER_243,CG,horse_man,2781.0,12.850471246660405
CLUSTER_256,CG,cattle_man,2666.96,38.414428350840815
CLUSTER_256,CG,horse_man,2930.0,38.414428350840815
CLUSTER_256,CG,pig_man,14.8359,38.414428350840815
CLUSTER_256,CG,rape_str,862.4,38.414428350840815
CLUSTER_256,CG,legume_str,337.66,38.414428350840815
CLUSTER_263,CG,pig_man,198.21,65.70974279391893
CLUSTER_27,CG,cattle_man,18405.000000000106,23.416909424732804
CLUSTER_27,CG,horse_man,4194.0,23.416909424732804
CLUSTER_27,CG,legume_str,18.4,23.416909424732804
CLUSTER_28,CG,cattle_man,8410.000000000364,29.073331954495885
CLUSTER_28,CG,horse_man,2761.9,29.073331954495885
CLUSTER_287,CG,cattle_man,2184.0,41.984074257463874
CLUSTER_287,CG,horse_man,1571.0,41.984074257463874
CLUSTER_3,CG,cattle_man,7882.999999999978,24.498933584242018
CLUSTER_3,CG,horse_man,5877.0,24.498933584242018
CLUSTER_3,CG,pig_man,16.916,24.498933584242018
CLUSTER_3,CG,maize_str,506.7,24.498933584242018
CLUSTER_3,CG,rape_str,310.9,24.498933584242018
CLUSTER_3,CG,legume_str,100.2,24.498933584242018
CLUSTER_304,CG,cattle_man,2118.0,39.63380990929736
CLUSTER_304,CG,horse_man,706.5999999999361,39.63380990929736
CLUSTER_312,CG,cattle_man,11300.0,44.0286945811547
CLUSTER_312,CG,horse_man,1544.0,44.0286945811547
CLUSTER_342,CG,cattle_man,4948.0,39.28911142109108
CLUSTER_342,CG,horse_man,2247.0,39.28911142109108
CLUSTER_342,CG,pig_man,109.9,39.28911142109108
CLUSTER_352,CG,cattle_man,13540.0,30.55586044823072
CLUSTER_352,CG,horse_man,3832.0,30.55586044823072
CLUSTER_352,CG,pig_man,32.1,30.55586044823072
CLUSTER_352,CG,rape_str,33.3,30.55586044823072
CLUSTER_360,CG,cattle_man,8889.999999999749,30.070685729631062
CLUSTER_360,CG,horse_man,2360.0,30.070685729631062
CLUSTER_369,CG,cattle_man,3235.6999999999466,30.74555742254937
CLUSTER_369,CG,horse_man,3562.3,30.74555742254937
CLUSTER_369,CG,rape_str,80.2,30.74555742254937
CLUSTER_39,CG,cattle_man,19310.0,35.13517360519537
CLUSTER_39,CG,horse_man,1942.0,35.13517360519537
CLUSTER_391,CG,cattle_man,11195.000000000056,17.84869281923024
CLUSTER_391,CG,cattle_slu,53800.0,17.84869281923024
CLUSTER_391,CG,horse_man,3066.0,17.84869281923024
CLUSTER_412,CG,cattle_man,16639.999999999898,20.002945209891603
CLUSTER_412,CG,horse_man,2158.0,20.002945209891603
CLUSTER_415,CG,cattle_man,6170.0,29.90549634708212
CLUSTER_415,CG,horse_man,3241.0,29.90549634708212
CLUSTER_415,CG,rape_str,246.40000000000003,29.90549634708212
CLUSTER_415,CG,legume_str,238.0,29.90549634708212
CLUSTER_489,CG,cattle_man,1068.0,32.09162954359319
CLUSTER_489,CG,horse_man,367.5,32.09162954359319
CLUSTER_499,CG,horse_man,3670.0,59.00357328943728
CLUSTER_499,CG,pig_man,128.13,59.00357328943728
CLUSTER_5,CG,cattle_man,1031.0,37.69975686946376
CLUSTER_5,CG,horse_man,895.0,37.69975686946376
CLUSTER_5,CG,rape_str,185.0,37.69975686946376
CLUSTER_5,CG,legume_str,30.66,37.69975686946376
CLUSTER_502,CG,cattle_man,12710.0,6.166069499133851
CLUSTER_502,CG,cattle_slu,63900.000000000015,6.166069499133851
CLUSTER_502,CG,horse_man,2093.0,6.166069499133851
CLUSTER_502,CG,maize_str,12.1,6.166069499133851
CLUSTER_502,CG,rape_str,37.2,6.166069499133851
CLUSTER_53,CG,cattle_man,6226.92,23.82236347398782
CLUSTER_53,CG,horse_man,1543.0,23.82236347398782
CLUSTER_63,CG,cattle_man,14627.0,49.21399614680701
CLUSTER_63,CG,horse_man,6166.0,49.21399614680701
CLUSTER_63,CG,pig_man,79.20406,49.21399614680701
CLUSTER_74,CG,cattle_man,27550.0,27.51473426568057
CLUSTER_74,CG,horse_man,3010.0,27.51473426568057
CLUSTER_84,CG,cattle_man,15427.9,17.686842002939454
CLUSTER_84,CG,cattle_slu,75732.0,17.686842002939454
CLUSTER_84,CG,horse_man,4351.0,17.686842002939454
CLUSTER_84,CG,maize_str,95.97,17.686842002939454
CLUSTER_84,CG,rape_str,62.8,17.686842002939454
CLUSTER_84,CG,legume_str,70.97,17.686842002939454
CLUSTER_86,CG,cattle_man,15697.99999999992,7.706634665209233
CLUSTER_86,CG,cattle_slu,74300.00000000007,7.706634665209233
CLUSTER_86,CG,horse_man,1875.0,7.706634665209233
