PlantLocation,SupplyNode,Feedstock,FlowTons,Distance_km
AB,CLUSTER_0,horse_man,2610.0,30.67091739966261
AB,CLUSTER_0,pig_man,1695.2,30.67091739966261
AB,CLUSTER_100,horse_man,3925.5,33.527310208984765
AB,CLUSTER_100,pig_man,69.61,33.527310208984765
AB,CLUSTER_104,horse_man,374.3059481101929,42.40096401494747
AB,CLUSTER_104,pig_man,527.2180000000001,42.40096401494747
AB,CLUSTER_107,pig_man,993.2,72.44155118897133
AB,CLUSTER_111,pig_man,262.226,103.07045832615565
AB,CLUSTER_116,pig_man,144.5,63.95894486078159
AB,CLUSTER_122,horse_man,5260.0,26.6995213772961
AB,CLUSTER_122,pig_man,40.78257,26.6995213772961
AB,CLUSTER_125,pig_man,536.0,97.82149436373216
AB,CLUSTER_126,pig_man,2894.0,44.552614110982255
AB,CLUSTER_13,pig_man,152.17000000000002,103.94991798764632
AB,CLUSTER_131,horse_man,1232.0,36.12301627333529
AB,CLUSTER_131,pig_man,1497.8,36.12301627333529
AB,CLUSTER_135,pig_man,159.368,53.12719160312636
AB,CLUSTER_138,pig_man,1203.8,94.03524386685685
AB,CLUSTER_142,cattle_man,32190.000000000004,10.68733055311388
AB,CLUSTER_142,cattle_slu,36175.77858991527,10.68733055311388
AB,CLUSTER_142,horse_man,1981.9999999999998,10.68733055311388
AB,CLUSTER_142,pig_man,67.2671,10.68733055311388
AB,CLUSTER_144,pig_man,1094.5,64.9900040597405
AB,CLUSTER_145,pig_man,104.2,104.75678731954252
AB,CLUSTER_149,horse_man,2613.8,33.50599232427416
AB,CLUSTER_149,pig_man,19.0894,33.50599232427416
AB,CLUSTER_151,horse_man,5352.0,35.49581951969617
AB,CLUSTER_151,pig_man,33.274,35.49581951969617
AB,CLUSTER_152,pig_man,174.14849999999998,49.314146319407634
AB,CLUSTER_155,pig_man,1243.7,74.71222745101792
AB,CLUSTER_159,pig_man,3550.315,98.1598292105388
AB,CLUSTER_162,pig_man,126.94,88.27789538991786
AB,CLUSTER_165,horse_man,1926.7,27.36605848604452
AB,CLUSTER_165,pig_man,1019.9,27.36605848604452
AB,CLUSTER_175,pig_man,35.4,78.80671383369649
AB,CLUSTER_180,pig_man,6160.0,56.33212075944093
AB,CLUSTER_182,pig_man,1527.0,83.10798373605306
AB,CLUSTER_184,pig_man,1364.0,70.87134930069338
AB,CLUSTER_186,pig_man,471.4,78.35017115428701
AB,CLUSTER_187,pig_man,939.3,102.9673515750398
AB,CLUSTER_195,pig_man,34.13825,106.81850031311846
AB,CLUSTER_2,pig_man,1666.5,55.12745326584498
AB,CLUSTER_20,horse_man,3289.0,36.063751670817545
AB,CLUSTER_20,pig_man,3376.0,36.063751670817545
AB,CLUSTER_202,pig_man,229.17,96.97125894406751
AB,CLUSTER_203,horse_man,3313.0,30.79897266738461
AB,CLUSTER_203,pig_man,696.08362,30.79897266738461
AB,CLUSTER_204,pig_man,37.494,70.95630098696148
AB,CLUSTER_205,cattle_man,16567.0,21.137149983545147
AB,CLUSTER_205,horse_man,3447.0,21.137149983545147
AB,CLUSTER_205,pig_man,123.23616,21.137149983545147
AB,CLUSTER_208,pig_man,22.65,63.765727488280746
AB,CLUSTER_212,pig_man,132.0,86.93987318386716
AB,CLUSTER_218,cattle_man,42980.0,24.008701222602173
AB,CLUSTER_218,horse_man,4008.0000000000005,24.008701222602173
AB,CLUSTER_22,cattle_man,44030.0,5.379378111752838
AB,CLUSTER_22,cattle_slu,203300.0,5.379378111752838
AB,CLUSTER_22,horse_man,2301.0,5.379378111752838
AB,CLUSTER_22,pig_man,696.0,5.379378111752838
AB,CLUSTER_223,pig_man,439.438657,94.09947568255424
AB,CLUSTER_225,pig_man,1314.9,81.0821272976632
AB,CLUSTER_233,pig_man,435.2,73.31344364059481
AB,CLUSTER_235,pig_man,439.78,103.41237877009154
AB,CLUSTER_239,pig_man,931.74,54.45015732118627
AB,CLUSTER_240,pig_man,24.931,85.56695601944693
AB,CLUSTER_256,pig_man,14.8359,58.51741586378435
AB,CLUSTER_257,pig_man,1704.41,54.43356644382631
AB,CLUSTER_263,pig_man,198.21,58.08289442191782
AB,CLUSTER_267,pig_man,778.8,70.72562079464963
AB,CLUSTER_270,pig_man,61.2952,96.4235394499348
AB,CLUSTER_273,pig_man,524.6,75.58444415727814
AB,CLUSTER_274,pig_man,587.9,86.64494824289716
AB,CLUSTER_279,cattle_man,21730.0,13.379795835203575
AB,CLUSTER_279,horse_man,1665.3,13.379795835203575
AB,CLUSTER_279,pig_man,723.8400164000001,13.379795835203575
AB,CLUSTER_282,pig_man,277.076,93.79639947355236
AB,CLUSTER_284,pig_man,447.9,85.5419944402637
AB,CLUSTER_288,cattle_man,23510.0,19.70952747958378
AB,CLUSTER_288,horse_man,1884.0,19.70952747958378
AB,CLUSTER_288,pig_man,786.0,19.70952747958378
AB,CLUSTER_29,horse_man,2338.7,30.06057788432209
AB,CLUSTER_290,pig_man,122.18799999999999,97.6740135760489
AB,CLUSTER_291,pig_man,7740.0,92.5567245494412
AB,CLUSTER_292,pig_man,2862.0,81.4305403000982
AB,CLUSTER_297,pig_man,153.126,77.18159910559551
AB,CLUSTER_3,pig_man,16.916,69.31007361287273
AB,CLUSTER_300,cattle_man,12150.0,21.57113809029723
AB,CLUSTER_300,horse_man,6326.0,21.57113809029723
AB,CLUSTER_300,pig_man,581.8449999999999,21.57113809029723
AB,CLUSTER_301,pig_man,225.23,90.92678523238985
AB,CLUSTER_302,pig_man,141.874306,46.933422349765415
AB,CLUSTER_306,pig_man,479.4,45.90323887368724
AB,CLUSTER_315,pig_man,304.38530000000003,77.17791357968103
AB,CLUSTER_319,horse_man,1821.5,42.22477334803747
AB,CLUSTER_319,pig_man,343.0,42.22477334803747
AB,CLUSTER_321,pig_man,53.32708,89.72609461717828
AB,CLUSTER_323,cattle_man,18150.0,6.936719241837927
AB,CLUSTER_323,cattle_slu,79000.0,6.936719241837927
AB,CLUSTER_323,horse_man,2339.0,6.936719241837927
AB,CLUSTER_323,pig_man,275.81,6.936719241837927
AB,CLUSTER_324,pig_man,258.47,71.36795262912534
AB,CLUSTER_330,horse_man,1269.6,33.39580951923154
AB,CLUSTER_330,pig_man,378.71,33.39580951923154
AB,CLUSTER_338,pig_man,496.0,74.57007432752711
AB,CLUSTER_339,pig_man,586.97,100.9616318075377
AB,CLUSTER_34,pig_man,547.047,66.2506227634231
AB,CLUSTER_340,pig_man,150.7,77.968313381384
AB,CLUSTER_342,pig_man,109.9,65.40612933165734
AB,CLUSTER_344,pig_man,347.5,82.91580942709099
AB,CLUSTER_345,pig_man,131.752025,42.90414283553
AB,CLUSTER_349,pig_man,105.746,93.92469361873722
AB,CLUSTER_35,pig_man,754.8290000000001,98.86258790401008
AB,CLUSTER_350,pig_man,183.62,42.96232965798403
AB,CLUSTER_352,pig_man,32.1,65.40444023661277
AB,CLUSTER_353,pig_man,473.0,90.833042758527
AB,CLUSTER_354,pig_man,883.52,49.42537965486601
AB,CLUSTER_355,pig_man,1341.0,67.12378651498405
AB,CLUSTER_363,horse_man,3180.0,36.07980648153805
AB,CLUSTER_363,pig_man,154.91,36.07980648153805
AB,CLUSTER_37,pig_man,3353.8,43.69340808409549
AB,CLUSTER_370,pig_man,15.373134,99.26066921932632
AB,CLUSTER_371,horse_man,1280.1,27.837293200776376
AB,CLUSTER_371,pig_man,228.32,27.837293200776376
AB,CLUSTER_376,pig_man,263.4000241,86.97296760225441
AB,CLUSTER_378,cattle_man,31200.0,18.41336603879114
AB,CLUSTER_378,horse_man,1373.0,18.41336603879114
AB,CLUSTER_378,pig_man,297.007,18.41336603879114
AB,CLUSTER_386,horse_man,3289.0,27.71045176625123
AB,CLUSTER_397,pig_man,80.291,108.10695208793064
AB,CLUSTER_398,horse_man,1395.0,38.01114680198551
AB,CLUSTER_398,pig_man,169.0001898,38.01114680198551
AB,CLUSTER_399,pig_man,646.33,86.17166255723492
AB,CLUSTER_400,pig_man,2588.0,62.603622718816354
AB,CLUSTER_402,pig_man,1540.0,87.40449135192975
AB,CLUSTER_403,cattle_man,9000.0,22.99969003659081
AB,CLUSTER_403,horse_man,1197.0,22.99969003659081
AB,CLUSTER_403,pig_man,782.0,22.99969003659081
AB,CLUSTER_408,pig_man,511.6000000000001,102.0979444088054
AB,CLUSTER_423,cattle_man,22380.0,19.61364973852999
AB,CLUSTER_423,horse_man,1678.0106,19.61364973852999
AB,CLUSTER_423,pig_man,669.519,19.61364973852999
AB,CLUSTER_427,pig_man,799.2,85.10892439843705
AB,CLUSTER_428,pig_man,58.397,93.22856123446591
AB,CLUSTER_43,horse_man,1609.1999999999998,33.10611981016508
AB,CLUSTER_43,pig_man,36.5,33.10611981016508
AB,CLUSTER_431,pig_man,238.34,79.84657551745505
AB,CLUSTER_432,pig_man,80.1,95.67094425137152
AB,CLUSTER_436,pig_man,326.0,67.88575301030754
AB,CLUSTER_441,pig_man,1272.0,46.26830986868842
AB,CLUSTER_447,pig_man,67.14,46.504802607638055
AB,CLUSTER_450,pig_man,315.5,51.67757748044748
AB,CLUSTER_453,pig_man,269.0,81.70570896629346
AB,CLUSTER_456,pig_man,30.472,88.17911320813315
AB,CLUSTER_464,pig_man,54.032,71.90768526352028
AB,CLUSTER_466,horse_man,4155.0,25.46786840828377
AB,CLUSTER_466,pig_man,43.27128999999999,25.46786840828377
AB,CLUSTER_469,pig_man,324.0,102.23650867355994
AB,CLUSTER_473,pig_man,510.99999999999994,53.26348745332389
AB,CLUSTER_474,horse_man,1341.0,41.08823530807159
AB,CLUSTER_478,pig_man,35.400000000000006,93.41736661487651
AB,CLUSTER_48,pig_man,1701.4,69.38044070583591
AB,CLUSTER_481,pig_man,527.3,102.96371066750596
AB,CLUSTER_482,cattle_man,16500.0,24.61865218341183
AB,CLUSTER_482,horse_man,1167.3,24.61865218341183
AB,CLUSTER_482,pig_man,28.99635,24.61865218341183
AB,CLUSTER_485,pig_man,19.72,94.80135345190943
AB,CLUSTER_488,pig_man,1185.8,77.90308454398568
AB,CLUSTER_493,pig_man,193.15,53.81876925819752
AB,CLUSTER_495,pig_man,180.446,54.69987792079774
AB,CLUSTER_496,pig_man,687.3,101.10772228904877
AB,CLUSTER_498,horse_man,2767.0,24.740307210661605
AB,CLUSTER_499,pig_man,128.13,63.50849009030807
AB,CLUSTER_501,pig_man,1378.0,64.29877770501851
AB,CLUSTER_504,pig_man,442.0,64.10235587748268
AB,CLUSTER_511,pig_man,317.6,94.76358386401309
AB,CLUSTER_513,pig_man,657.0,84.82343970139897
AB,CLUSTER_514,pig_man,13.03,102.21029184941732
AB,CLUSTER_516,pig_man,123.100375,58.79764811169494
AB,CLUSTER_52,pig_man,917.46,76.1865848601505
AB,CLUSTER_523,cattle_man,13260.0,13.953849801976254
AB,CLUSTER_523,horse_man,1417.0,13.953849801976254
AB,CLUSTER_523,pig_man,56.7,13.953849801976254
AB,CLUSTER_534,pig_man,1003.0,85.8863195823325
AB,CLUSTER_537,pig_man,2429.0,79.97313545225258
AB,CLUSTER_544,pig_man,15.550000000000002,28.559256032176567
AB,CLUSTER_545,pig_man,227.1,55.59323802051243
AB,CLUSTER_57,horse_man,1420.0,35.72968530233588
AB,CLUSTER_58,horse_man,3739.6,42.23507822778589
AB,CLUSTER_58,pig_man,585.7193,42.23507822778589
AB,CLUSTER_61,pig_man,392.8,63.89515535636252
AB,CLUSTER_62,horse_man,4905.0,41.081398323951966
AB,CLUSTER_62,pig_man,33.995,41.081398323951966
AB,CLUSTER_63,pig_man,79.20406,61.387473711677735
AB,CLUSTER_64,cattle_man,35510.0,23.74543061046342
AB,CLUSTER_64,horse_man,1753.8,23.74543061046342
AB,CLUSTER_64,pig_man,1190.4,23.74543061046342
AB,CLUSTER_68,pig_man,1241.4,77.49966752932579
AB,CLUSTER_69,cattle_man,40940.0,11.72731986334185
AB,CLUSTER_69,horse_man,2441.2,11.72731986334185
AB,CLUSTER_69,pig_man,1247.43,11.72731986334185
AB,CLUSTER_70,pig_man,751.0,62.93904277556781
AB,CLUSTER_71,horse_man,2948.9,37.4018324285038
AB,CLUSTER_71,pig_man,226.348,37.4018324285038
AB,CLUSTER_73,pig_man,3455.0,53.43650367334059
AB,CLUSTER_79,pig_man,1322.00245,92.3712540323895
AB,CLUSTER_8,pig_man,13.2831,46.29240935939404
AB,CLUSTER_81,cattle_man,26470.0,19.458287596945183
AB,CLUSTER_81,horse_man,1535.0,19.458287596945183
AB,CLUSTER_81,pig_man,12.9891,19.458287596945183
AB,CLUSTER_83,pig_man,44.2,105.87710806748932
AB,CLUSTER_85,pig_man,109.2627,70.84143680906287
AB,CLUSTER_91,pig_man,218.0,86.45105535693443
AB,CLUSTER_92,horse_man,2276.0,33.134654816727185
AB,CLUSTER_92,pig_man,122.73699999999998,33.134654816727185
AB,CLUSTER_93,pig_man,56.565000000000005,63.49540073587283
BF,CLUSTER_101,pig_man,311.45,118.98384987993336
BF,CLUSTER_105,cattle_man,16042.0,16.201663804361544
BF,CLUSTER_105,horse_man,2293.0,16.201663804361544
BF,CLUSTER_106,cattle_man,12224.0,31.525789304382144
BF,CLUSTER_106,horse_man,1081.1,31.525789304382144
BF,CLUSTER_106,pig_man,245.613,31.525789304382144
BF,CLUSTER_111,horse_man,2114.0,35.32205764805902
BF,CLUSTER_117,pig_man,153.071,55.684388662866745
BF,CLUSTER_118,cattle_man,21190.0,25.953121672813253
BF,CLUSTER_118,horse_man,710.0,25.953121672813253
BF,CLUSTER_123,pig_man,92.5800179,62.15717929313959
BF,CLUSTER_127,cattle_man,15806.0,25.83611025953643
BF,CLUSTER_127,horse_man,2828.1,25.83611025953643
BF,CLUSTER_128,pig_man,539.0,72.66395249856114
BF,CLUSTER_129,pig_man,245.9917,92.66860271163983
BF,CLUSTER_13,cattle_man,22490.0,21.03926797568678
BF,CLUSTER_13,horse_man,4880.0,21.03926797568678
BF,CLUSTER_132,pig_man,943.9,81.4775778963585
BF,CLUSTER_136,horse_man,3775.0,39.32145475486783
BF,CLUSTER_137,cattle_man,27690.0,30.206228233057423
BF,CLUSTER_137,horse_man,2768.0,30.206228233057423
BF,CLUSTER_137,pig_man,11.12,30.206228233057423
BF,CLUSTER_14,pig_man,256.805,69.69713474492673
BF,CLUSTER_157,horse_man,3454.0,45.004271833228806
BF,CLUSTER_166,horse_man,763.7,50.773826128710695
BF,CLUSTER_166,pig_man,110.044731,50.773826128710695
BF,CLUSTER_174,cattle_man,17810.0,9.32589860010116
BF,CLUSTER_174,cattle_slu,117700.0,9.32589860010116
BF,CLUSTER_174,horse_man,1427.5,9.32589860010116
BF,CLUSTER_176,pig_man,232.96,109.3571645622968
BF,CLUSTER_178,horse_man,5256.0,45.11906684453494
BF,CLUSTER_187,horse_man,2955.0,47.80062719489719
BF,CLUSTER_191,horse_man,1592.0,39.41594790368589
BF,CLUSTER_201,horse_man,2174.1,46.94476532981198
BF,CLUSTER_206,horse_man,726.8,41.2853971387574
BF,CLUSTER_206,pig_man,146.60494999999997,41.2853971387574
BF,CLUSTER_207,cattle_man,25080.0,14.78793640065302
BF,CLUSTER_207,horse_man,1783.0,14.78793640065302
BF,CLUSTER_209,cattle_man,13940.0,32.13297250367774
BF,CLUSTER_209,horse_man,1265.6,32.13297250367774
BF,CLUSTER_210,cattle_man,12910.0,29.91766937629272
BF,CLUSTER_210,horse_man,779.0,29.91766937629272
BF,CLUSTER_210,pig_man,122.09999999999998,29.91766937629272
BF,CLUSTER_224,horse_man,1438.0,46.47538004301141
BF,CLUSTER_229,pig_man,38.028209,99.8775772362068
BF,CLUSTER_243,cattle_man,19320.0,31.434878873632783
BF,CLUSTER_243,horse_man,2781.0,31.434878873632783
BF,CLUSTER_248,pig_man,337.0,118.36565841309496
BF,CLUSTER_252,cattle_man,23950.0,20.14611706119308
BF,CLUSTER_252,horse_man,2046.0,20.14611706119308
BF,CLUSTER_253,pig_man,379.28,72.06854033135205
BF,CLUSTER_264,cattle_man,33570.0,25.081726642957676
BF,CLUSTER_264,horse_man,387.684,25.081726642957676
BF,CLUSTER_264,pig_man,100.19925,25.081726642957676
BF,CLUSTER_297,horse_man,3234.2270601663363,54.61879461461304
BF,CLUSTER_3,horse_man,5877.0,53.67602091093518
BF,CLUSTER_303,pig_man,1707.0,108.73192776433224
BF,CLUSTER_304,horse_man,706.6,51.93825253728827
BF,CLUSTER_305,pig_man,388.58,73.70807677407613
BF,CLUSTER_313,cattle_man,20560.0,3.883300971983742
BF,CLUSTER_313,cattle_slu,130200.00000000001,3.883300971983742
BF,CLUSTER_313,horse_man,2810.0,3.883300971983742
BF,CLUSTER_313,pig_slu,223.28,3.883300971983742
BF,CLUSTER_313,pig_man,14.107,3.883300971983742
BF,CLUSTER_316,pig_man,1285.8,82.17356516676571
BF,CLUSTER_329,horse_man,1337.0,47.425245366115306
BF,CLUSTER_337,horse_man,1000.0599999999998,45.1330618152624
BF,CLUSTER_341,pig_man,160.94299999999998,61.03000302839187
BF,CLUSTER_360,cattle_man,8890.0,29.58744095066468
BF,CLUSTER_360,horse_man,2360.0,29.58744095066468
BF,CLUSTER_362,cattle_man,13100.0,10.807799809260093
BF,CLUSTER_362,cattle_slu,81600.0,10.807799809260093
BF,CLUSTER_362,horse_man,2769.0,10.807799809260093
BF,CLUSTER_366,horse_man,199.48,42.54160585695401
BF,CLUSTER_368,horse_man,1001.7000000000002,50.26464122690743
BF,CLUSTER_368,pig_man,61.345000000000006,50.26464122690743
BF,CLUSTER_375,horse_man,280.5,33.89125193298687
BF,CLUSTER_376,horse_man,494.96000000000004,52.48400606845705
BF,CLUSTER_377,pig_man,294.4,106.46824118654912
BF,CLUSTER_379,cattle_man,18540.0,14.7499272914448
BF,CLUSTER_379,horse_man,612.5,14.7499272914448
BF,CLUSTER_383,pig_man,350.7,58.96559269316335
BF,CLUSTER_39,cattle_man,19310.0,21.80163644439529
BF,CLUSTER_39,horse_man,1942.0,21.80163644439529
BF,CLUSTER_391,horse_man,3066.0,43.086994268815
BF,CLUSTER_411,horse_man,1163.4,36.4438165595335
BF,CLUSTER_411,pig_man,527.79,36.4438165595335
BF,CLUSTER_412,cattle_man,16640.0,22.665132566292183
BF,CLUSTER_412,horse_man,2158.0,22.665132566292183
BF,CLUSTER_42,pig_man,1804.5,95.85012766765092
BF,CLUSTER_422,cattle_man,4670.0,24.95819795990005
BF,CLUSTER_422,horse_man,1414.0,24.95819795990005
BF,CLUSTER_428,horse_man,792.0,35.73946738246903
BF,CLUSTER_432,horse_man,1122.3,41.68193087370623
BF,CLUSTER_434,cattle_man,10390.0,13.606501252145152
BF,CLUSTER_434,cattle_slu,495.99205626632556,13.606501252145152
BF,CLUSTER_434,horse_man,816.4,13.606501252145152
BF,CLUSTER_44,horse_man,1288.0,46.668265504754814
BF,CLUSTER_443,cattle_man,12880.0,18.82732745664733
BF,CLUSTER_443,horse_man,1016.9999999999999,18.82732745664733
BF,CLUSTER_446,horse_man,1600.0,38.0812207375964
BF,CLUSTER_446,pig_man,216.2920123,38.0812207375964
BF,CLUSTER_452,pig_man,550.0,100.19242025083192
BF,CLUSTER_463,horse_man,384.3,49.69769309535568
BF,CLUSTER_463,pig_man,180.00319,49.69769309535568
BF,CLUSTER_489,horse_man,367.5,49.91383062610653
BF,CLUSTER_492,horse_man,472.0,54.55261241814954
BF,CLUSTER_500,pig_man,32.309999999999995,61.21776233224717
BF,CLUSTER_502,cattle_man,12710.0,31.86753736433178
BF,CLUSTER_502,horse_man,2093.0,31.86753736433178
BF,CLUSTER_507,horse_man,1199.4,45.52060064788097
BF,CLUSTER_51,cattle_man,28020.0,20.342120127931747
BF,CLUSTER_51,horse_man,2617.0,20.342120127931747
BF,CLUSTER_511,horse_man,1308.3100000000002,50.41915778608932
BF,CLUSTER_515,pig_man,1089.0,92.86591734290624
BF,CLUSTER_521,cattle_man,12160.0,30.576995444208265
BF,CLUSTER_521,horse_man,1448.0,30.576995444208265
BF,CLUSTER_527,pig_man,48.0347,57.81369422543183
BF,CLUSTER_53,horse_man,1543.0,40.70965446126733
BF,CLUSTER_531,pig_man,133.0,81.63014775864865
BF,CLUSTER_533,pig_man,70.10000000000001,77.74728930655009
BF,CLUSTER_543,cattle_man,10570.0,22.44442847414733
BF,CLUSTER_543,horse_man,158.9,22.44442847414733
BF,CLUSTER_543,pig_man,36.089,22.44442847414733
BF,CLUSTER_548,horse_man,2324.0,37.03640488660739
BF,CLUSTER_6,pig_man,1816.7,118.47172834246231
BF,CLUSTER_65,horse_man,2654.0,36.508805409749215
BF,CLUSTER_65,pig_man,165.989,36.508805409749215
BF,CLUSTER_74,cattle_man,27550.0,10.356309962625184
BF,CLUSTER_74,cattle_slu,168800.0,10.356309962625184
BF,CLUSTER_74,horse_man,3010.0,10.356309962625184
BF,CLUSTER_82,pig_man,554.226263,117.8245110056971
BF,CLUSTER_84,horse_man,4351.0,39.56531582885819
BF,CLUSTER_86,cattle_man,15698.0,25.461800346491085
BF,CLUSTER_86,horse_man,1875.0,25.461800346491085
BF,CLUSTER_9,pig_man,1813.0,89.37202506187629
BF,CLUSTER_94,horse_man,907.3,50.74193793849112
AM,CLUSTER_1,pig_man,381.6,105.14179213234743
AM,CLUSTER_103,pig_man,791.300184,125.65151925601148
AM,CLUSTER_108,pig_man,291.926,114.01027044808474
AM,CLUSTER_109,cattle_man,10424.0,38.1899964493538
AM,CLUSTER_109,horse_man,2924.0,38.1899964493538
AM,CLUSTER_109,pig_man,121.22265,38.1899964493538
AM,CLUSTER_11,pig_man,23.6720704,92.91908376526496
AM,CLUSTER_112,pig_man,508.8,93.26270659793444
AM,CLUSTER_114,pig_man,77.82100000000001,116.64322798382672
AM,CLUSTER_115,horse_man,190.35,66.51636003302835
AM,CLUSTER_115,pig_man,276.8087,66.51636003302835
AM,CLUSTER_12,pig_man,96.610847,80.1604227722667
AM,CLUSTER_120,pig_man,313.972,116.0634824729975
AM,CLUSTER_124,pig_man,225.04,111.73464480854167
AM,CLUSTER_125,horse_man,653.0,66.60346169681718
AM,CLUSTER_130,cattle_man,16581.0,14.312600157173936
AM,CLUSTER_130,cattle_slu,77450.0,14.312600157173936
AM,CLUSTER_130,horse_man,373.2,14.312600157173936
AM,CLUSTER_130,pig_man,304.35,14.312600157173936
AM,CLUSTER_140,cattle_man,7209.0,37.868613181341566
AM,CLUSTER_140,horse_man,867.0,37.868613181341566
AM,CLUSTER_140,pig_man,765.7,37.868613181341566
AM,CLUSTER_141,pig_man,111.971,119.03751466473396
AM,CLUSTER_143,cattle_man,20920.0,25.03575908937814
AM,CLUSTER_143,horse_man,1329.0,25.03575908937814
AM,CLUSTER_143,pig_man,52.20089,25.03575908937814
AM,CLUSTER_147,horse_man,869.8,70.37635471451782
AM,CLUSTER_147,pig_man,23.898,70.37635471451782
AM,CLUSTER_148,pig_man,361.14175,138.61501860224277
AM,CLUSTER_15,pig_man,68.319,78.90102952105255
AM,CLUSTER_150,cattle_man,18940.0,28.46794054923178
AM,CLUSTER_150,horse_man,998.0,28.46794054923178
AM,CLUSTER_150,pig_man,605.1,28.46794054923178
AM,CLUSTER_153,pig_man,71.88691,132.2953591058657
AM,CLUSTER_155,horse_man,1141.3,66.61167282773451
AM,CLUSTER_160,pig_man,238.759,125.96416906508524
AM,CLUSTER_167,horse_man,1062.4,47.24153283880221
AM,CLUSTER_167,pig_man,722.3,47.24153283880221
AM,CLUSTER_168,pig_man,426.892,124.21665410034542
AM,CLUSTER_169,pig_man,332.076,132.58147470091643
AM,CLUSTER_17,cattle_man,9480.0,12.092940600468184
AM,CLUSTER_17,cattle_slu,36030.0,12.092940600468184
AM,CLUSTER_17,horse_man,663.59,12.092940600468184
AM,CLUSTER_17,pig_man,202.955,12.092940600468184
AM,CLUSTER_171,pig_man,887.0,114.53134633650215
AM,CLUSTER_175,horse_man,1207.3,58.032114691575416
AM,CLUSTER_18,horse_man,809.7,65.73018096182433
AM,CLUSTER_18,pig_man,338.1159,65.73018096182433
AM,CLUSTER_184,horse_man,556.0,65.08508750594531
AM,CLUSTER_185,pig_man,183.43,121.81951178061946
AM,CLUSTER_186,horse_man,2019.1,65.48014972292327
AM,CLUSTER_188,pig_man,27.346000000000004,102.50710208455968
AM,CLUSTER_189,horse_man,1789.0,63.82954378103627
AM,CLUSTER_19,horse_man,1890.0,76.73847242394771
AM,CLUSTER_19,pig_man,322.3,76.73847242394771
AM,CLUSTER_190,pig_man,1086.0,144.43229458772748
AM,CLUSTER_193,horse_man,1133.0,73.30199869661159
AM,CLUSTER_195,cattle_man,17240.0,39.13942122436304
AM,CLUSTER_195,horse_man,1276.5,39.13942122436304
AM,CLUSTER_197,horse_man,194.9,62.94697639218978
AM,CLUSTER_199,pig_man,341.399,107.84538617354391
AM,CLUSTER_202,horse_man,448.2230786724828,78.86604763300119
AM,CLUSTER_21,horse_man,1242.7,73.21857894439607
AM,CLUSTER_211,pig_man,51.2,91.48774762950411
AM,CLUSTER_214,pig_man,13.92,122.17323846308076
AM,CLUSTER_217,pig_man,542.22,124.41510306530805
AM,CLUSTER_219,pig_man,686.0,102.0718808949584
AM,CLUSTER_220,pig_man,25.08,90.09006888755268
AM,CLUSTER_221,pig_man,218.174,95.4012691216186
AM,CLUSTER_222,pig_man,43.141,127.11321487417804
AM,CLUSTER_223,horse_man,1582.6,52.49354780434381
AM,CLUSTER_227,horse_man,79.97,68.6852668632549
AM,CLUSTER_227,pig_man,882.0,68.6852668632549
AM,CLUSTER_228,horse_man,1313.4,75.66696111046781
AM,CLUSTER_230,horse_man,900.0,53.43962964443369
AM,CLUSTER_230,pig_man,156.99,53.43962964443369
AM,CLUSTER_231,cattle_man,13870.0,36.0379709924297
AM,CLUSTER_231,horse_man,1176.0,36.0379709924297
AM,CLUSTER_231,pig_man,10.6436,36.0379709924297
AM,CLUSTER_234,horse_man,2507.0,53.61884760489328
AM,CLUSTER_234,pig_man,472.3,53.61884760489328
AM,CLUSTER_237,pig_man,687.516,131.88286625879826
AM,CLUSTER_240,horse_man,172.5,51.42687847212166
AM,CLUSTER_241,horse_man,968.1,53.669765668677975
AM,CLUSTER_242,pig_man,257.9398,133.42851938090087
AM,CLUSTER_245,pig_man,381.8,111.23377234244326
AM,CLUSTER_249,horse_man,1754.0,47.84567229450041
AM,CLUSTER_249,pig_man,509.2300000000001,47.84567229450041
AM,CLUSTER_250,pig_man,54.334,80.54377594164073
AM,CLUSTER_254,horse_man,1711.5,57.886622138355
AM,CLUSTER_255,pig_man,204.36,129.93973233248573
AM,CLUSTER_259,horse_man,817.6,51.267999790338685
AM,CLUSTER_259,pig_man,260.08,51.267999790338685
AM,CLUSTER_261,horse_man,1088.2,62.66276101588218
AM,CLUSTER_261,pig_man,42.392,62.66276101588218
AM,CLUSTER_262,horse_man,491.0,67.05776553924674
AM,CLUSTER_262,pig_man,55.52,67.05776553924674
AM,CLUSTER_265,pig_man,39.79,102.30549074836424
AM,CLUSTER_266,pig_man,616.51,125.56732188601596
AM,CLUSTER_267,horse_man,951.0,68.22170474010892
AM,CLUSTER_269,pig_man,389.745,85.81442044503737
AM,CLUSTER_270,horse_man,2875.0,66.35006990578663
AM,CLUSTER_274,horse_man,783.4,64.88040430105868
AM,CLUSTER_280,cattle_man,7664.0,26.404842166566493
AM,CLUSTER_280,horse_man,1101.277,26.404842166566493
AM,CLUSTER_280,pig_man,171.3,26.404842166566493
AM,CLUSTER_284,horse_man,195.4,56.22607982166379
AM,CLUSTER_285,horse_man,3438.0,68.12800249293815
AM,CLUSTER_286,pig_man,407.6,106.88754640380928
AM,CLUSTER_289,pig_man,222.68,140.82353917837156
AM,CLUSTER_290,horse_man,887.0,55.145726757903255
AM,CLUSTER_293,pig_man,338.2269,137.9539336698285
AM,CLUSTER_294,pig_man,937.6,135.45614432477024
AM,CLUSTER_295,cattle_man,1036.53,44.48700461307904
AM,CLUSTER_295,horse_man,46.7,44.48700461307904
AM,CLUSTER_299,horse_man,817.8,73.20811748513132
AM,CLUSTER_299,pig_man,111.861,73.20811748513132
AM,CLUSTER_301,cattle_man,2641.0,44.91233432182434
AM,CLUSTER_301,horse_man,760.0,44.91233432182434
AM,CLUSTER_309,pig_man,216.09,93.44158705847632
AM,CLUSTER_31,cattle_man,11270.176,36.17391252695111
AM,CLUSTER_31,horse_man,3786.0,36.17391252695111
AM,CLUSTER_31,pig_man,390.4,36.17391252695111
AM,CLUSTER_311,cattle_man,22700.0,26.531122487066632
AM,CLUSTER_311,horse_man,1250.5,26.531122487066632
AM,CLUSTER_32,cattle_man,20691.0,38.186156259703786
AM,CLUSTER_32,horse_man,1842.9,38.186156259703786
AM,CLUSTER_32,pig_man,176.1042,38.186156259703786
AM,CLUSTER_321,horse_man,1668.0,53.19870566715604
AM,CLUSTER_322,horse_man,1355.0,77.35011020223268
AM,CLUSTER_322,pig_man,57.48,77.35011020223268
AM,CLUSTER_33,horse_man,1803.0,48.911105640132966
AM,CLUSTER_331,pig_man,621.0,112.1140160227312
AM,CLUSTER_333,cattle_man,11300.0,25.76077647724749
AM,CLUSTER_333,horse_man,712.5,25.76077647724749
AM,CLUSTER_333,pig_man,364.2,25.76077647724749
AM,CLUSTER_335,pig_man,497.042,98.60078370355426
AM,CLUSTER_343,cattle_man,10540.0,3.4236033214703068
AM,CLUSTER_343,cattle_slu,47200.0,3.4236033214703068
AM,CLUSTER_343,horse_man,329.269,3.4236033214703068
AM,CLUSTER_343,pig_slu,4325.0,3.4236033214703068
AM,CLUSTER_343,pig_man,296.7,3.4236033214703068
AM,CLUSTER_347,pig_man,55.193,118.84367774460505
AM,CLUSTER_351,pig_man,456.3,94.89614864628577
AM,CLUSTER_357,horse_man,1403.7,56.84722385025691
AM,CLUSTER_357,pig_man,843.3,56.84722385025691
AM,CLUSTER_358,pig_man,505.06,98.8907684277327
AM,CLUSTER_359,pig_man,13.947,133.96407617973074
AM,CLUSTER_36,pig_man,1634.0,141.1606904321131
AM,CLUSTER_367,pig_man,1184.2,144.58771434709558
AM,CLUSTER_370,cattle_man,11090.0,40.43016949926881
AM,CLUSTER_370,horse_man,1921.0,40.43016949926881
AM,CLUSTER_372,cattle_man,9440.0,22.14322487181737
AM,CLUSTER_372,horse_man,1283.0,22.14322487181737
AM,CLUSTER_372,pig_man,127.52,22.14322487181737
AM,CLUSTER_380,pig_man,506.99999999999994,106.38887193466512
AM,CLUSTER_381,pig_man,167.133571,117.02986757522066
AM,CLUSTER_382,pig_man,429.0,113.94239805367228
AM,CLUSTER_384,pig_man,123.71,82.05796313735134
AM,CLUSTER_385,cattle_man,5530.0,27.647851038507184
AM,CLUSTER_385,horse_man,616.3,27.647851038507184
AM,CLUSTER_385,pig_man,407.79,27.647851038507184
AM,CLUSTER_387,cattle_man,7795.0,36.464525950720905
AM,CLUSTER_387,horse_man,1714.3,36.464525950720905
AM,CLUSTER_387,pig_man,180.0399,36.464525950720905
AM,CLUSTER_390,pig_man,1056.886,143.73958702267453
AM,CLUSTER_392,horse_man,513.0,66.6369102632212
AM,CLUSTER_392,pig_man,46.5,66.6369102632212
AM,CLUSTER_394,pig_man,434.7,90.77871740936044
AM,CLUSTER_395,pig_man,29.4111,130.99052326505003
AM,CLUSTER_397,cattle_man,5686.0,46.13634307150234
AM,CLUSTER_397,horse_man,797.2,46.13634307150234
AM,CLUSTER_399,horse_man,218.1,67.53635528090749
AM,CLUSTER_40,pig_man,213.46,81.35635163077752
AM,CLUSTER_400,horse_man,1513.0,75.39539866296386
AM,CLUSTER_401,pig_man,189.6729,130.10938049199083
AM,CLUSTER_404,pig_man,75.63,109.73501342571493
AM,CLUSTER_406,horse_man,1539.0,48.06436776215144
AM,CLUSTER_406,pig_man,52.746,48.06436776215144
AM,CLUSTER_408,cattle_man,7585.8,36.71099912047556
AM,CLUSTER_408,horse_man,3122.0,36.71099912047556
AM,CLUSTER_409,cattle_man,12230.0,36.78132778627787
AM,CLUSTER_409,horse_man,858.0,36.78132778627787
AM,CLUSTER_409,pig_man,568.9,36.78132778627787
AM,CLUSTER_41,pig_man,16.8586,111.69859363458308
AM,CLUSTER_413,horse_man,36.0,50.83017142755455
AM,CLUSTER_413,pig_man,1220.808,50.83017142755455
AM,CLUSTER_414,horse_man,1048.1,70.37840787553417
AM,CLUSTER_414,pig_man,218.538,70.37840787553417
AM,CLUSTER_418,pig_man,116.425,138.43308173427369
AM,CLUSTER_419,pig_man,62.91951999999999,103.46475497850622
AM,CLUSTER_420,pig_man,412.5,141.4447789151655
AM,CLUSTER_425,pig_man,14.561,101.77953391551858
AM,CLUSTER_429,cattle_man,6420.0,33.19914262906154
AM,CLUSTER_429,horse_man,723.0,33.19914262906154
AM,CLUSTER_433,pig_man,179.118,139.83937533105075
AM,CLUSTER_435,pig_man,46.49,90.04019577824432
AM,CLUSTER_437,pig_man,50.0,81.85716479797377
AM,CLUSTER_438,horse_man,832.8,49.42617883543004
AM,CLUSTER_438,pig_man,223.18,49.42617883543004
AM,CLUSTER_439,cattle_man,12440.0,13.57448123327842
AM,CLUSTER_439,cattle_slu,56500.0,13.57448123327842
AM,CLUSTER_439,horse_man,163.7,13.57448123327842
AM,CLUSTER_439,pig_man,625.9,13.57448123327842
AM,CLUSTER_444,pig_man,84.611,105.98833984661331
AM,CLUSTER_45,cattle_man,15750.0,24.42409223510998
AM,CLUSTER_45,horse_man,1188.0,24.42409223510998
AM,CLUSTER_45,pig_man,55.502,24.42409223510998
AM,CLUSTER_451,horse_man,523.0,68.22541810262497
AM,CLUSTER_451,pig_man,528.0,68.22541810262497
AM,CLUSTER_453,horse_man,209.4,54.09918105726207
AM,CLUSTER_454,pig_man,279.8,129.9763136124974
AM,CLUSTER_456,horse_man,275.0,76.4645019175048
AM,CLUSTER_459,pig_man,243.8,140.53502816341268
AM,CLUSTER_46,pig_man,83.87871,135.25669463970087
AM,CLUSTER_461,pig_man,138.37,99.54152025557644
AM,CLUSTER_465,pig_man,518.0,132.03672948570713
AM,CLUSTER_470,cattle_man,25970.0,37.16609570698829
AM,CLUSTER_470,horse_man,1289.0,37.16609570698829
AM,CLUSTER_470,pig_man,190.5,37.16609570698829
AM,CLUSTER_472,cattle_man,24810.0,6.993324376505812
AM,CLUSTER_472,cattle_slu,106200.0,6.993324376505812
AM,CLUSTER_472,horse_man,709.0,6.993324376505812
AM,CLUSTER_472,pig_man,22.5159,6.993324376505812
AM,CLUSTER_475,pig_man,250.66,79.04342116961863
AM,CLUSTER_477,cattle_man,6130.0,34.83762221186812
AM,CLUSTER_477,horse_man,908.0,34.83762221186812
AM,CLUSTER_48,horse_man,1045.96,77.54643808383153
AM,CLUSTER_484,cattle_man,10650.0,16.743229625801966
AM,CLUSTER_484,horse_man,420.9,16.743229625801966
AM,CLUSTER_484,pig_man,64.9729,16.743229625801966
AM,CLUSTER_488,horse_man,236.9,74.56798695717194
AM,CLUSTER_490,pig_man,105.9,120.22292048257192
AM,CLUSTER_50,cattle_man,17080.0,24.065045143880543
AM,CLUSTER_50,horse_man,1154.13,24.065045143880543
AM,CLUSTER_50,pig_man,604.7121,24.065045143880543
AM,CLUSTER_501,horse_man,474.5,72.16786323488117
AM,CLUSTER_503,horse_man,847.1,48.03084766302085
AM,CLUSTER_505,cattle_man,10770.0,27.91751083305889
AM,CLUSTER_505,horse_man,942.0,27.91751083305889
AM,CLUSTER_509,cattle_man,10453.0,16.760839021543024
AM,CLUSTER_509,horse_man,798.0,16.760839021543024
AM,CLUSTER_509,pig_man,70.445,16.760839021543024
AM,CLUSTER_512,horse_man,541.0,59.069026102358
AM,CLUSTER_512,pig_man,391.0,59.069026102358
AM,CLUSTER_518,pig_man,245.9,106.65203845428466
AM,CLUSTER_520,horse_man,799.0,57.62745257900247
AM,CLUSTER_522,pig_man,183.7,99.75636178799624
AM,CLUSTER_524,pig_man,18.178,107.31957670587784
AM,CLUSTER_529,horse_man,807.0,57.09550100208818
AM,CLUSTER_529,pig_man,18.6,57.09550100208818
AM,CLUSTER_532,pig_man,411.16,141.57003918266517
AM,CLUSTER_535,pig_man,303.3,144.18818666953425
AM,CLUSTER_536,horse_man,483.9,68.2979157576103
AM,CLUSTER_536,pig_man,168.6,68.2979157576103
AM,CLUSTER_542,cattle_man,20360.0,9.33543556894486
AM,CLUSTER_542,cattle_slu,101000.0,9.33543556894486
AM,CLUSTER_542,horse_man,1452.1,9.33543556894486
AM,CLUSTER_542,pig_man,564.19,9.33543556894486
AM,CLUSTER_55,pig_man,46.48,92.69833307108848
AM,CLUSTER_59,cattle_man,5668.0,38.90694749002728
AM,CLUSTER_59,horse_man,456.477,38.90694749002728
AM,CLUSTER_59,pig_man,56.019,38.90694749002728
AM,CLUSTER_7,cattle_man,6818.0,45.95721134268163
AM,CLUSTER_7,horse_man,843.8,45.95721134268163
AM,CLUSTER_7,pig_man,353.272,45.95721134268163
AM,CLUSTER_72,pig_man,949.3,80.6753294310014
AM,CLUSTER_76,pig_man,125.42999999999999,109.57095929132386
AM,CLUSTER_77,horse_man,1160.0,62.87633017596496
AM,CLUSTER_77,pig_man,82.7,62.87633017596496
AM,CLUSTER_78,pig_man,141.0,118.72320460461664
AM,CLUSTER_88,pig_man,46.485800000000005,121.39799063826462
AM,CLUSTER_89,horse_man,1274.4,57.5497494920832
AM,CLUSTER_89,pig_man,499.7749999999999,57.5497494920832
AM,CLUSTER_91,horse_man,619.6,51.08230346021533
AM,CLUSTER_96,pig_man,107.14,107.29113580365816
AM,CLUSTER_98,pig_man,181.343,109.06788816681858
AM,CLUSTER_99,cattle_man,18960.0,15.001644658372925
AM,CLUSTER_99,cattle_slu,98580.0,15.001644658372925
AM,CLUSTER_99,horse_man,170.398,15.001644658372925
AM,CLUSTER_99,pig_man,173.7,15.001644658372925
BO,CLUSTER_0,cattle_man,28890.0,23.534529009564945
BO,CLUSTER_104,cattle_man,23530.655494248043,47.26758911928522
BO,CLUSTER_104,horse_man,497.3940518898072,47.26758911928522
BO,CLUSTER_121,cattle_man,11370.0,19.496241603445363
BO,CLUSTER_121,horse_man,2073.0,19.496241603445363
BO,CLUSTER_135,cattle_man,35210.0,11.96549892921182
BO,CLUSTER_135,cattle_slu,152400.0,11.96549892921182
BO,CLUSTER_135,horse_man,2847.0,11.96549892921182
BO,CLUSTER_149,cattle_man,19570.0,20.49565315832407
BO,CLUSTER_192,horse_man,605.0,48.15640524139594
BO,CLUSTER_198,horse_man,2306.0,58.14041296344855
BO,CLUSTER_2,horse_man,975.2,72.12226219191022
BO,CLUSTER_203,cattle_man,28660.0,14.539237676283143
BO,CLUSTER_203,cattle_slu,104700.608,14.539237676283143
BO,CLUSTER_208,cattle_man,5066.0,45.55185143316224
BO,CLUSTER_208,horse_man,1364.6,45.55185143316224
BO,CLUSTER_215,horse_man,2969.0,55.43753332833976
BO,CLUSTER_225,horse_man,1039.7,76.90220813096646
BO,CLUSTER_233,horse_man,1224.0,73.67662111946773
BO,CLUSTER_244,cattle_man,18650.0,14.08970762245267
BO,CLUSTER_244,cattle_slu,84140.0,14.08970762245267
BO,CLUSTER_244,horse_man,3070.0,14.08970762245267
BO,CLUSTER_26,cattle_man,27390.0,33.957255500301656
BO,CLUSTER_26,horse_man,4471.0,33.957255500301656
BO,CLUSTER_273,horse_man,1064.0,56.95792161752574
BO,CLUSTER_281,horse_man,1024.5,73.36451129184651
BO,CLUSTER_29,cattle_man,35210.0,34.398279400984535
BO,CLUSTER_291,horse_man,1658.0,75.90476395827774
BO,CLUSTER_292,horse_man,3197.0,70.75890074857743
BO,CLUSTER_302,cattle_man,16129.999999999998,39.35517525667854
BO,CLUSTER_302,horse_man,1597.0,39.35517525667854
BO,CLUSTER_308,cattle_man,2235.0,30.697251658557235
BO,CLUSTER_308,horse_man,482.0,30.697251658557235
BO,CLUSTER_319,cattle_man,9700.0,24.153028943893293
BO,CLUSTER_350,cattle_man,14500.0,3.5406789876441445
BO,CLUSTER_350,cattle_slu,66000.0,3.5406789876441445
BO,CLUSTER_350,horse_man,2875.0,3.5406789876441445
BO,CLUSTER_350,pig_slu,3214.13,3.5406789876441445
BO,CLUSTER_354,horse_man,793.6,74.70937320599909
BO,CLUSTER_37,horse_man,943.0,61.34908671270439
BO,CLUSTER_374,cattle_man,5400.0,42.47158083646541
BO,CLUSTER_374,horse_man,1839.0,42.47158083646541
BO,CLUSTER_396,horse_man,4460.0,76.98740651922179
BO,CLUSTER_398,cattle_man,5117.0,32.37046685010992
BO,CLUSTER_402,horse_man,859.0,66.90539204122636
BO,CLUSTER_407,horse_man,3348.0,75.88394748403398
BO,CLUSTER_436,horse_man,830.0,55.94560897768719
BO,CLUSTER_440,cattle_man,13440.0,8.075414911595264
BO,CLUSTER_440,cattle_slu,62200.0,8.075414911595264
BO,CLUSTER_440,horse_man,2708.0,8.075414911595264
BO,CLUSTER_448,cattle_man,3200.0,28.773674315673443
BO,CLUSTER_448,horse_man,654.0,28.773674315673443
BO,CLUSTER_450,horse_man,963.9,49.33175958159065
BO,CLUSTER_473,horse_man,745.0,59.275788902694046
BO,CLUSTER_474,cattle_man,11990.0,22.817429904506483
BO,CLUSTER_493,cattle_man,9040.0,37.69786535558664
BO,CLUSTER_493,horse_man,951.2,37.69786535558664
BO,CLUSTER_508,horse_man,3810.0,79.91743341423522
BO,CLUSTER_516,cattle_man,8820.0,47.015791811291
BO,CLUSTER_516,horse_man,1178.0,47.015791811291
BO,CLUSTER_537,horse_man,1468.0,64.34256312663159
BO,CLUSTER_54,horse_man,1695.0,67.91021840895483
BO,CLUSTER_541,cattle_man,4103.0,29.908009647088125
BO,CLUSTER_541,horse_man,835.5,29.908009647088125
BO,CLUSTER_58,cattle_man,49010.0,11.676829329246234
BO,CLUSTER_58,cattle_slu,201870.0,11.676829329246234
BO,CLUSTER_61,horse_man,2388.0,60.36656920140057
BO,CLUSTER_62,cattle_man,29750.0,45.25034588399655
BO,CLUSTER_67,horse_man,2276.6,48.24144839512896
BO,CLUSTER_70,horse_man,1087.859,68.31362166171189
BO,CLUSTER_8,horse_man,7120.0,66.29417021358621
BO,CLUSTER_85,cattle_man,17750.0,25.99376387091634
BO,CLUSTER_85,horse_man,2141.0,25.99376387091634
BO,CLUSTER_90,cattle_man,9800.0,28.49562261909729
BO,CLUSTER_90,horse_man,1376.0,28.49562261909729
BO,CLUSTER_92,cattle_man,17416.0,40.267846125071735
BO,CLUSTER_93,cattle_man,44710.0,19.129926980262912
BO,CLUSTER_93,horse_man,4360.0,19.129926980262912
D,CLUSTER_101,horse_man,1895.41,61.637847457581245
D,CLUSTER_103,horse_man,678.2,73.49599676495755
D,CLUSTER_107,cattle_man,13402.1,43.739729206716135
D,CLUSTER_107,horse_man,1668.9,43.739729206716135
D,CLUSTER_111,cattle_man,13173.0,28.06353695328774
D,CLUSTER_116,horse_man,1252.0,83.02870772442431
D,CLUSTER_123,cattle_man,9000.0,13.569860201297274
D,CLUSTER_123,cattle_slu,48680.0,13.569860201297274
D,CLUSTER_123,horse_man,1614.0,13.569860201297274
D,CLUSTER_128,cattle_man,10124.4,28.856747285148103
D,CLUSTER_128,horse_man,2411.7,28.856747285148103
D,CLUSTER_129,cattle_man,8284.0,38.22239269601775
D,CLUSTER_129,horse_man,1743.9,38.22239269601775
D,CLUSTER_132,cattle_man,7032.59,22.392418291439117
D,CLUSTER_132,horse_man,795.885,22.392418291439117
D,CLUSTER_138,cattle_man,10203.0,29.753509051298455
D,CLUSTER_138,horse_man,665.1,29.753509051298455
D,CLUSTER_14,cattle_man,9659.0,11.873013771627042
D,CLUSTER_14,cattle_slu,49630.0,11.873013771627042
D,CLUSTER_14,horse_man,2695.2,11.873013771627042
D,CLUSTER_144,horse_man,1888.0,57.77093356191044
D,CLUSTER_145,horse_man,1174.0,60.70540954963898
D,CLUSTER_152,horse_man,2493.3,64.73033158620552
D,CLUSTER_16,pig_man,563.7029,164.2305200088422
D,CLUSTER_161,pig_man,1184.0,115.71378120844668
D,CLUSTER_162,horse_man,3375.9,74.17694273344962
D,CLUSTER_166,cattle_man,6826.0,33.119364558184955
D,CLUSTER_169,horse_man,1079.5,87.45748625080617
D,CLUSTER_171,horse_man,1981.0000000000002,84.57637691254297
D,CLUSTER_176,cattle_man,2533.2,51.73152355714102
D,CLUSTER_176,horse_man,750.0,51.73152355714102
D,CLUSTER_181,pig_man,1482.4,145.55282480195467
D,CLUSTER_182,cattle_man,9590.0,38.68124722015181
D,CLUSTER_182,horse_man,2035.0,38.68124722015181
D,CLUSTER_183,pig_man,458.82,91.4862011794245
D,CLUSTER_187,cattle_man,4002.9999999999995,16.286429206125604
D,CLUSTER_187,cattle_slu,24160.0,16.286429206125604
D,CLUSTER_190,horse_man,1595.7,72.07738524763857
D,CLUSTER_201,cattle_man,7892.0,43.76030156800492
D,CLUSTER_204,horse_man,2958.0,74.95212371725988
D,CLUSTER_206,cattle_man,21950.0,35.507034740239
D,CLUSTER_219,horse_man,452.0,83.59762932381015
D,CLUSTER_229,cattle_man,1142.8,42.58691460434569
D,CLUSTER_229,horse_man,466.3,42.58691460434569
D,CLUSTER_232,pig_man,245.34999999999997,102.40506466926873
D,CLUSTER_235,cattle_man,3182.0,20.182486809072984
D,CLUSTER_235,cattle_slu,11970.0,20.182486809072984
D,CLUSTER_235,horse_man,1307.7,20.182486809072984
D,CLUSTER_237,horse_man,478.63,76.7115738599315
D,CLUSTER_239,horse_man,2882.5,73.10798067239858
D,CLUSTER_246,pig_man,400.322,159.0316815653315
D,CLUSTER_248,horse_man,258.4,59.24022379421628
D,CLUSTER_253,cattle_man,6043.0,39.16711147556408
D,CLUSTER_253,horse_man,3082.0,39.16711147556408
D,CLUSTER_256,horse_man,2930.0,62.05619980273422
D,CLUSTER_263,horse_man,3265.0,57.948017021756
D,CLUSTER_27,horse_man,4194.0,84.88782888790816
D,CLUSTER_278,horse_man,660.7,74.3707323057219
D,CLUSTER_278,pig_man,334.991,74.3707323057219
D,CLUSTER_283,pig_man,1637.37,165.29434756112573
D,CLUSTER_297,cattle_man,11530.0,40.962325279249534
D,CLUSTER_297,horse_man,224.7729398336637,40.962325279249534
D,CLUSTER_30,pig_man,2280.0,129.13159660519716
D,CLUSTER_303,cattle_man,3262.0,49.577107008673465
D,CLUSTER_303,horse_man,1570.0,49.577107008673465
D,CLUSTER_305,cattle_man,4426.0,21.49110457598461
D,CLUSTER_305,horse_man,533.2,21.49110457598461
D,CLUSTER_306,horse_man,2610.0,86.04820086942544
D,CLUSTER_314,pig_man,452.226,114.78527275517206
D,CLUSTER_315,cattle_man,6294.0,37.25401991226947
D,CLUSTER_315,horse_man,1179.8,37.25401991226947
D,CLUSTER_316,cattle_man,7202.0,24.712306412948543
D,CLUSTER_316,horse_man,1505.3,24.712306412948543
D,CLUSTER_324,cattle_man,6315.0,42.615789434240384
D,CLUSTER_324,horse_man,736.19,42.615789434240384
D,CLUSTER_336,pig_man,552.236,152.41777290789298
D,CLUSTER_337,cattle_man,13540.0,14.492138649028352
D,CLUSTER_337,cattle_slu,79080.0,14.492138649028352
D,CLUSTER_338,cattle_man,6102.530000000001,49.345044215721344
D,CLUSTER_338,horse_man,816.0,49.345044215721344
D,CLUSTER_339,cattle_man,3014.917,35.676016345264586
D,CLUSTER_339,horse_man,2136.8,35.676016345264586
D,CLUSTER_34,horse_man,3660.3,71.05389301334536
D,CLUSTER_340,horse_man,1279.0,81.75550159857788
D,CLUSTER_341,cattle_man,862.8,39.462580869146805
D,CLUSTER_341,horse_man,2031.7999999999997,39.462580869146805
D,CLUSTER_342,cattle_man,4948.0,52.360039577933605
D,CLUSTER_342,horse_man,2247.0,52.360039577933605
D,CLUSTER_344,horse_man,1961.0,53.66440665084922
D,CLUSTER_345,horse_man,3059.0,72.804698258343
D,CLUSTER_348,pig_man,264.2,149.91487467914726
D,CLUSTER_349,horse_man,668.0,64.03760772545043
D,CLUSTER_35,horse_man,655.3,84.9940492026047
D,CLUSTER_352,horse_man,3832.0,83.14482384502706
D,CLUSTER_353,cattle_man,9000.0,44.5185208657527
D,CLUSTER_353,horse_man,840.0,44.5185208657527
D,CLUSTER_361,pig_man,900.0,141.77941516998575
D,CLUSTER_365,cattle_man,16119.999999999998,4.279182258431238
D,CLUSTER_365,cattle_slu,94000.0,4.279182258431238
D,CLUSTER_365,horse_man,1341.0,4.279182258431238
D,CLUSTER_366,cattle_man,8803.0,44.176205170790944
D,CLUSTER_368,cattle_man,6947.0,24.079197878629493
D,CLUSTER_369,horse_man,3562.3,71.97819945259884
D,CLUSTER_373,horse_man,1879.8,85.30230317683485
D,CLUSTER_376,cattle_man,2955.0,29.840773013447205
D,CLUSTER_377,cattle_man,1881.3,48.19439363359008
D,CLUSTER_377,horse_man,627.7,48.19439363359008
D,CLUSTER_382,horse_man,1045.0,73.50017999648108
D,CLUSTER_383,cattle_man,4512.0,21.441245754595105
D,CLUSTER_383,horse_man,1382.2,21.441245754595105
D,CLUSTER_390,horse_man,147.848,82.69335945245336
D,CLUSTER_393,cattle_man,1357.0,13.546057686044596
D,CLUSTER_393,cattle_slu,6467.0,13.546057686044596
D,CLUSTER_393,horse_man,968.1,13.546057686044596
D,CLUSTER_4,pig_man,730.49,161.7842435730061
D,CLUSTER_405,pig_man,1316.0,140.1563127574224
D,CLUSTER_411,cattle_man,18310.0,28.13255226128914
D,CLUSTER_415,horse_man,3241.0,54.77782638801716
D,CLUSTER_42,cattle_man,15075.0,36.83631639469506
D,CLUSTER_42,horse_man,1097.5,36.83631639469506
D,CLUSTER_427,cattle_man,8930.0,30.3262534372009
D,CLUSTER_427,horse_man,3104.5,30.3262534372009
D,CLUSTER_428,cattle_man,6500.0,38.30979029362015
D,CLUSTER_431,horse_man,1912.0,64.71436380052131
D,CLUSTER_432,cattle_man,3340.0,28.347852156031475
D,CLUSTER_44,cattle_man,14660.0,18.187444421631955
D,CLUSTER_44,cattle_slu,73970.0,18.187444421631955
D,CLUSTER_445,pig_man,3700.0,126.91701899526656
D,CLUSTER_446,cattle_man,11600.0,21.15960954265377
D,CLUSTER_446,cattle_slu,13829.9222775905,21.15960954265377
D,CLUSTER_447,horse_man,3973.0,75.28708472090482
D,CLUSTER_452,cattle_man,3960.0,41.34683497572784
D,CLUSTER_452,horse_man,922.0,41.34683497572784
D,CLUSTER_458,horse_man,2320.0,71.99933052780727
D,CLUSTER_459,horse_man,167.4,67.47621681250287
D,CLUSTER_460,pig_man,189.907,105.05452665345013
D,CLUSTER_462,pig_man,169.4,109.46594443527462
D,CLUSTER_463,cattle_man,3189.0,40.68114880951802
D,CLUSTER_464,horse_man,752.0,62.684204120297714
D,CLUSTER_469,horse_man,840.0,71.96912934917815
D,CLUSTER_478,horse_man,340.1,55.12790465600649
D,CLUSTER_479,cattle_man,6870.0,5.908453753269103
D,CLUSTER_479,cattle_slu,44370.0,5.908453753269103
D,CLUSTER_479,horse_man,1092.0,5.908453753269103
D,CLUSTER_479,pig_slu,18.9111,5.908453753269103
D,CLUSTER_483,pig_man,2458.9,135.7756111646217
D,CLUSTER_485,cattle_man,3740.0,19.53374077548404
D,CLUSTER_485,cattle_slu,12510.0,19.53374077548404
D,CLUSTER_485,horse_man,1447.0,19.53374077548404
D,CLUSTER_486,pig_man,772.0,117.59882126006688
D,CLUSTER_494,pig_man,566.9,138.3197336173532
D,CLUSTER_495,horse_man,1575.0,65.27588242549926
D,CLUSTER_496,cattle_man,6675.3,46.37927593149449
D,CLUSTER_496,horse_man,451.0,46.37927593149449
D,CLUSTER_499,cattle_man,4370.0,51.009533343636456
D,CLUSTER_499,horse_man,3670.0,51.009533343636456
D,CLUSTER_5,horse_man,895.0,72.86628026690501
D,CLUSTER_500,cattle_man,5430.0,31.871770934135697
D,CLUSTER_500,horse_man,798.0,31.871770934135697
D,CLUSTER_507,cattle_man,9890.0,35.251514505708826
D,CLUSTER_511,cattle_man,2498.0,22.32751245963196
D,CLUSTER_515,cattle_man,990.9999999999999,35.99703867346611
D,CLUSTER_515,horse_man,126.2,35.99703867346611
D,CLUSTER_531,cattle_man,750.0,28.68492918279893
D,CLUSTER_531,horse_man,424.9,28.68492918279893
D,CLUSTER_533,cattle_man,693.0,38.70838528912213
D,CLUSTER_533,horse_man,654.0,38.70838528912213
D,CLUSTER_534,cattle_man,2189.0,28.467336200388168
D,CLUSTER_534,horse_man,1873.6,28.467336200388168
D,CLUSTER_548,cattle_man,7311.0,52.737628941608165
D,CLUSTER_6,horse_man,339.439139,59.82835110005962
D,CLUSTER_63,cattle_man,11874.838829244838,53.05136055704107
D,CLUSTER_63,horse_man,6166.0,53.05136055704107
D,CLUSTER_66,horse_man,880.00908,87.41581623985358
D,CLUSTER_66,pig_man,180.310571,87.41581623985358
D,CLUSTER_75,pig_man,1113.72,152.534866252233
D,CLUSTER_82,horse_man,1220.1,58.85082447142954
D,CLUSTER_83,cattle_man,8530.0,9.506499336787703
D,CLUSTER_83,cattle_slu,46620.0,9.506499336787703
D,CLUSTER_83,horse_man,2092.0,9.506499336787703
D,CLUSTER_84,cattle_man,15427.9,50.78015183530171
D,CLUSTER_87,pig_man,544.04,149.7356511641558
D,CLUSTER_9,cattle_man,4512.6,31.41560226568472
D,CLUSTER_9,horse_man,1859.2,31.41560226568472
I,CLUSTER_104,cattle_man,2579.3445057519566,56.8039128994814
I,CLUSTER_124,cattle_man,20030.0,30.682886072494465
I,CLUSTER_124,horse_man,2749.0,30.682886072494465
I,CLUSTER_126,horse_man,1435.2,81.98632341437228
I,CLUSTER_146,cattle_man,2485.0,26.99046674410875
I,CLUSTER_146,horse_man,847.0,26.99046674410875
I,CLUSTER_155,cattle_man,533.52,40.92254457883185
I,CLUSTER_159,cattle_man,8440.0,29.58702532575103
I,CLUSTER_159,horse_man,2721.0,29.58702532575103
I,CLUSTER_180,horse_man,1481.0,78.62405947791166
I,CLUSTER_184,cattle_man,2092.0,56.738033073473794
I,CLUSTER_189,cattle_man,4488.98,31.420030332930093
I,CLUSTER_193,cattle_man,1113.0,32.31073396304859
I,CLUSTER_196,cattle_man,17380.0,48.05357888872396
I,CLUSTER_196,horse_man,1807.0,48.05357888872396
I,CLUSTER_2,cattle_man,3616.0,45.69487111186511
I,CLUSTER_202,cattle_man,16100.0,5.830485008110124
I,CLUSTER_202,cattle_slu,88060.0,5.830485008110124
I,CLUSTER_202,horse_man,1469.076921327517,5.830485008110124
I,CLUSTER_202,pig_slu,3382.40111,5.830485008110124
I,CLUSTER_202,rape_str,65.6,5.830485008110124
I,CLUSTER_202,legume_str,151.06,5.830485008110124
I,CLUSTER_214,cattle_man,24580.0,41.9428466212388
I,CLUSTER_214,horse_man,1119.6,41.9428466212388
I,CLUSTER_223,cattle_man,9326.0,36.68717285837642
I,CLUSTER_225,cattle_man,6770.0,22.20718906189385
I,CLUSTER_225,cattle_slu,30790.0,22.20718906189385
I,CLUSTER_228,cattle_man,10463.0,14.022763079603576
I,CLUSTER_228,cattle_slu,65770.0,14.022763079603576
I,CLUSTER_233,cattle_man,5430.0,25.422066499409976
I,CLUSTER_241,cattle_man,10430.0,31.956549528363837
I,CLUSTER_250,cattle_man,8735.82,16.946648765159587
I,CLUSTER_250,cattle_slu,55100.0,16.946648765159587
I,CLUSTER_250,horse_man,1190.0,16.946648765159587
I,CLUSTER_254,cattle_man,8256.0,27.19345205012039
I,CLUSTER_257,horse_man,1598.0,90.76460542386324
I,CLUSTER_258,cattle_man,16820.0,24.961136163838525
I,CLUSTER_258,horse_man,1914.0,24.961136163838525
I,CLUSTER_270,cattle_man,9712.0,19.013630118857414
I,CLUSTER_270,cattle_slu,47590.0,19.013630118857414
I,CLUSTER_273,cattle_man,6690.0,48.85955812170759
I,CLUSTER_274,cattle_man,2163.0,27.314705348657206
I,CLUSTER_276,cattle_man,3122.0,41.31372319643436
I,CLUSTER_276,horse_man,1192.0,41.31372319643436
I,CLUSTER_282,cattle_man,10020.0,5.9981832031975975
I,CLUSTER_282,cattle_slu,48900.0,5.9981832031975975
I,CLUSTER_282,horse_man,1029.0,5.9981832031975975
I,CLUSTER_282,pig_slu,3256.24,5.9981832031975975
I,CLUSTER_282,rape_str,168.6,5.9981832031975975
I,CLUSTER_282,legume_str,149.16,5.9981832031975975
I,CLUSTER_284,cattle_man,1152.783,40.90002692585553
I,CLUSTER_285,cattle_man,15869.999999999998,21.691899104424103
I,CLUSTER_285,cattle_slu,93400.0,21.691899104424103
I,CLUSTER_291,cattle_man,2457.376,39.15597497122902
I,CLUSTER_292,cattle_man,8900.0,32.130955755007825
I,CLUSTER_296,cattle_man,6573.0,14.075500002084585
I,CLUSTER_296,cattle_slu,37120.0,14.075500002084585
I,CLUSTER_296,horse_man,902.0,14.075500002084585
I,CLUSTER_296,legume_str,10.71,14.075500002084585
I,CLUSTER_33,cattle_man,6952.0,43.53538063400727
I,CLUSTER_354,cattle_man,4844.0,57.596712855445226
I,CLUSTER_355,cattle_man,3895.0,35.70451686158752
I,CLUSTER_355,horse_man,1202.0,35.70451686158752
I,CLUSTER_37,cattle_man,31919.999999999996,54.80126533960723
I,CLUSTER_400,cattle_man,3903.8,50.2621992766586
I,CLUSTER_402,cattle_man,1505.0,47.96178265313529
I,CLUSTER_406,cattle_man,16790.0,37.07062046684333
I,CLUSTER_416,cattle_man,553.9,38.29525152862493
I,CLUSTER_416,horse_man,387.2,38.29525152862493
I,CLUSTER_436,cattle_man,14080.0,43.98564254249632
I,CLUSTER_441,horse_man,821.0,91.78335560972592
I,CLUSTER_442,cattle_man,14580.0,37.56577048059436
I,CLUSTER_442,horse_man,2096.0,37.56577048059436
I,CLUSTER_450,cattle_man,18270.0,50.410539252339625
I,CLUSTER_453,cattle_man,163.9,58.41983229022143
I,CLUSTER_456,cattle_man,18.534,13.988328962934686
I,CLUSTER_456,cattle_slu,45.89,13.988328962934686
I,CLUSTER_456,rape_str,206.8,13.988328962934686
I,CLUSTER_456,legume_str,113.6,13.988328962934686
I,CLUSTER_457,cattle_man,11400.0,21.903135456167234
I,CLUSTER_457,cattle_slu,64960.00000000001,21.903135456167234
I,CLUSTER_457,horse_man,1512.5,21.903135456167234
I,CLUSTER_473,cattle_man,11380.0,44.49506286774827
I,CLUSTER_488,cattle_man,62.5,26.483972689862178
I,CLUSTER_504,horse_man,1033.0,95.4656411375596
I,CLUSTER_513,cattle_man,2780.0,12.668088395487564
I,CLUSTER_513,cattle_slu,5462.0,12.668088395487564
I,CLUSTER_513,horse_man,1042.0,12.668088395487564
I,CLUSTER_513,rape_str,985.0,12.668088395487564
I,CLUSTER_513,legume_str,913.0,12.668088395487564
I,CLUSTER_514,cattle_man,11580.0,11.158564733619036
I,CLUSTER_514,cattle_slu,60210.0,11.158564733619036
I,CLUSTER_514,horse_man,1246.0,11.158564733619036
I,CLUSTER_514,legume_str,49.46,11.158564733619036
I,CLUSTER_52,horse_man,1083.1,105.43745048168424
I,CLUSTER_520,cattle_man,3690.0,30.62105166876164
I,CLUSTER_528,cattle_man,7939.999999999999,32.13243986210892
I,CLUSTER_528,horse_man,1337.0,32.13243986210892
I,CLUSTER_537,cattle_man,2682.0,41.5268210898023
I,CLUSTER_540,cattle_man,2510.0,46.16802844345429
I,CLUSTER_540,horse_man,1390.0,46.16802844345429
I,CLUSTER_545,horse_man,1719.0,101.18701800375892
I,CLUSTER_547,cattle_man,10790.0,20.510238636113595
I,CLUSTER_547,cattle_slu,62400.0,20.510238636113595
I,CLUSTER_547,horse_man,1621.0,20.510238636113595
I,CLUSTER_549,cattle_man,6580.0,4.62209923241637
I,CLUSTER_549,cattle_slu,38900.0,4.62209923241637
I,CLUSTER_549,horse_man,1622.0,4.62209923241637
I,CLUSTER_549,pig_slu,125.38,4.62209923241637
I,CLUSTER_549,rape_str,76.9,4.62209923241637
I,CLUSTER_549,legume_str,16.9,4.62209923241637
I,CLUSTER_61,cattle_man,33290.0,38.28754429638566
I,CLUSTER_68,cattle_man,2715.3,20.968545838175004
I,CLUSTER_68,cattle_slu,608.0,20.968545838175004
I,CLUSTER_68,horse_man,1155.3,20.968545838175004
I,CLUSTER_70,cattle_man,18095.0,34.5397073131722
I,CLUSTER_73,horse_man,1613.1,65.75625672124175
I,CLUSTER_79,cattle_man,15570.0,18.659896596910063
I,CLUSTER_79,cattle_slu,91500.0,18.659896596910063
I,CLUSTER_79,horse_man,1933.0,18.659896596910063
I,CLUSTER_79,legume_str,124.73256206827475,18.659896596910063
I,CLUSTER_91,cattle_man,1586.06,50.487086212367466
AD,CLUSTER_10,horse_man,1392.2,53.148834125962
AD,CLUSTER_10,pig_man,15.9693,53.148834125962
AD,CLUSTER_110,horse_man,797.0,45.86030070223087
AD,CLUSTER_110,rape_str,218.1,45.86030070223087
AD,CLUSTER_110,legume_str,32.8,45.86030070223087
AD,CLUSTER_119,horse_man,1764.0,40.82485178669175
AD,CLUSTER_119,pig_man,210.9,40.82485178669175
AD,CLUSTER_119,rape_str,1302.0,40.82485178669175
AD,CLUSTER_119,legume_str,143.3,40.82485178669175
AD,CLUSTER_134,cattle_man,8431.4,9.351153142838008
AD,CLUSTER_134,cattle_slu,7822.520999999999,9.351153142838008
AD,CLUSTER_134,horse_man,721.52,9.351153142838008
AD,CLUSTER_134,pig_man,1021.56,9.351153142838008
AD,CLUSTER_134,maize_str,712.3,9.351153142838008
AD,CLUSTER_134,beet_leaf,32079.999999999996,9.351153142838008
AD,CLUSTER_134,rape_str,1039.3,9.351153142838008
AD,CLUSTER_134,legume_str,277.13,9.351153142838008
AD,CLUSTER_139,cattle_man,3032.51,25.3772757007514
AD,CLUSTER_139,horse_man,980.3,25.3772757007514
AD,CLUSTER_139,pig_man,42.67,25.3772757007514
AD,CLUSTER_139,rape_str,1083.5,25.3772757007514
AD,CLUSTER_139,legume_str,570.9,25.3772757007514
AD,CLUSTER_148,horse_man,500.77,46.3753028463799
AD,CLUSTER_148,rape_str,856.0,46.3753028463799
AD,CLUSTER_148,legume_str,71.2,46.3753028463799
AD,CLUSTER_153,horse_man,1262.5,45.5667722550232
AD,CLUSTER_153,rape_str,2865.0,45.5667722550232
AD,CLUSTER_153,legume_str,465.2,45.5667722550232
AD,CLUSTER_154,cattle_man,5634.1,4.460870621716396
AD,CLUSTER_154,cattle_slu,264.058,4.460870621716396
AD,CLUSTER_154,horse_man,347.6,4.460870621716396
AD,CLUSTER_154,pig_man,309.885,4.460870621716396
AD,CLUSTER_154,clover_alfalfa_grass,5113.0,4.460870621716396
AD,CLUSTER_154,maize_str,84.14,4.460870621716396
AD,CLUSTER_154,beet_leaf,15730.000000000002,4.460870621716396
AD,CLUSTER_154,rape_str,1500.8,4.460870621716396
AD,CLUSTER_154,legume_str,348.1,4.460870621716396
AD,CLUSTER_156,horse_man,1144.7,44.12077452962447
AD,CLUSTER_156,pig_man,137.8229,44.12077452962447
AD,CLUSTER_156,rape_str,1599.0,44.12077452962447
AD,CLUSTER_156,legume_str,342.4,44.12077452962447
AD,CLUSTER_158,horse_man,253.79999999999998,44.131122268464544
AD,CLUSTER_158,rape_str,44.4,44.131122268464544
AD,CLUSTER_158,legume_str,41.66,44.131122268464544
AD,CLUSTER_16,cattle_man,11750.6,21.471660086365485
AD,CLUSTER_16,horse_man,1532.4,21.471660086365485
AD,CLUSTER_16,maize_str,361.46,21.471660086365485
AD,CLUSTER_16,rape_str,1459.3,21.471660086365485
AD,CLUSTER_16,legume_str,320.2,21.471660086365485
AD,CLUSTER_163,horse_man,1805.0,54.350031507393616
AD,CLUSTER_164,horse_man,1264.0,37.9104242846848
AD,CLUSTER_164,pig_man,46.635000000000005,37.9104242846848
AD,CLUSTER_164,rape_str,740.0,37.9104242846848
AD,CLUSTER_164,legume_str,154.5,37.9104242846848
AD,CLUSTER_170,horse_man,782.0,44.19277582110652
AD,CLUSTER_170,rape_str,334.9,44.19277582110652
AD,CLUSTER_173,horse_man,973.0,42.22893348237268
AD,CLUSTER_173,pig_man,64.52416,42.22893348237268
AD,CLUSTER_173,rape_str,696.9,42.22893348237268
AD,CLUSTER_173,legume_str,245.0,42.22893348237268
AD,CLUSTER_177,cattle_man,5132.0,29.429961919039517
AD,CLUSTER_177,horse_man,285.4,29.429961919039517
AD,CLUSTER_177,pig_man,779.21,29.429961919039517
AD,CLUSTER_177,maize_str,263.9,29.429961919039517
AD,CLUSTER_177,rape_str,3337.0,29.429961919039517
AD,CLUSTER_177,legume_str,144.7,29.429961919039517
AD,CLUSTER_179,horse_man,1139.0,37.36125805121443
AD,CLUSTER_179,pig_man,63.56600000000001,37.36125805121443
AD,CLUSTER_179,rape_str,741.5,37.36125805121443
AD,CLUSTER_179,legume_str,197.6,37.36125805121443
AD,CLUSTER_181,horse_man,824.1,34.7170337428452
AD,CLUSTER_181,rape_str,425.5,34.7170337428452
AD,CLUSTER_181,legume_str,393.5,34.7170337428452
AD,CLUSTER_194,horse_man,974.4,34.24675624774295
AD,CLUSTER_194,pig_man,308.943,34.24675624774295
AD,CLUSTER_194,rape_str,1397.0,34.24675624774295
AD,CLUSTER_194,legume_str,213.55,34.24675624774295
AD,CLUSTER_200,horse_man,797.9,42.26237223463736
AD,CLUSTER_200,pig_man,508.565,42.26237223463736
AD,CLUSTER_200,rape_str,2260.0,42.26237223463736
AD,CLUSTER_200,legume_str,199.5,42.26237223463736
AD,CLUSTER_213,horse_man,642.2,49.10079922681748
AD,CLUSTER_222,horse_man,643.3,54.96144068089544
AD,CLUSTER_236,cattle_man,1177.4,18.883028153496145
AD,CLUSTER_236,horse_man,1045.5,18.883028153496145
AD,CLUSTER_236,pig_man,144.7,18.883028153496145
AD,CLUSTER_236,maize_str,46.4,18.883028153496145
AD,CLUSTER_236,beet_leaf,1965.0000000000002,18.883028153496145
AD,CLUSTER_236,rape_str,1247.0,18.883028153496145
AD,CLUSTER_236,legume_str,601.1,18.883028153496145
AD,CLUSTER_238,pig_man,123.38,60.15491151062412
AD,CLUSTER_24,cattle_man,15326.0,19.1370091544911
AD,CLUSTER_24,horse_man,1586.5,19.1370091544911
AD,CLUSTER_24,pig_man,438.94,19.1370091544911
AD,CLUSTER_24,maize_str,610.37,19.1370091544911
AD,CLUSTER_24,beet_leaf,867.2068382624965,19.1370091544911
AD,CLUSTER_24,rape_str,4848.0,19.1370091544911
AD,CLUSTER_24,legume_str,769.8,19.1370091544911
AD,CLUSTER_246,horse_man,1160.4,33.29771042820202
AD,CLUSTER_246,rape_str,1181.0,33.29771042820202
AD,CLUSTER_246,legume_str,345.0,33.29771042820202
AD,CLUSTER_247,cattle_man,2871.0,21.66384055195975
AD,CLUSTER_247,horse_man,632.0,21.66384055195975
AD,CLUSTER_247,pig_man,228.0,21.66384055195975
AD,CLUSTER_247,maize_str,161.1,21.66384055195975
AD,CLUSTER_247,rape_str,3410.0,21.66384055195975
AD,CLUSTER_247,legume_str,474.1,21.66384055195975
AD,CLUSTER_251,horse_man,239.3,38.69265312465837
AD,CLUSTER_251,pig_man,335.71000000000004,38.69265312465837
AD,CLUSTER_251,rape_str,2183.0,38.69265312465837
AD,CLUSTER_251,legume_str,633.1999999999999,38.69265312465837
AD,CLUSTER_260,pig_man,45.446,65.54077867842959
AD,CLUSTER_271,horse_man,278.4,53.67390151804788
AD,CLUSTER_271,pig_man,831.7,53.67390151804788
AD,CLUSTER_275,cattle_man,3212.5,26.649450358059976
AD,CLUSTER_275,horse_man,564.0,26.649450358059976
AD,CLUSTER_275,maize_str,130.5,26.649450358059976
AD,CLUSTER_275,rape_str,2420.0,26.649450358059976
AD,CLUSTER_275,legume_str,322.6,26.649450358059976
AD,CLUSTER_277,cattle_man,6870.0,29.028811433082968
AD,CLUSTER_277,horse_man,872.3,29.028811433082968
AD,CLUSTER_277,pig_man,203.959,29.028811433082968
AD,CLUSTER_277,maize_str,52.900000000000006,29.028811433082968
AD,CLUSTER_277,rape_str,2519.0,29.028811433082968
AD,CLUSTER_277,legume_str,748.8,29.028811433082968
AD,CLUSTER_283,cattle_man,4490.4,15.491886830450158
AD,CLUSTER_283,horse_man,349.112,15.491886830450158
AD,CLUSTER_283,maize_str,483.1,15.491886830450158
AD,CLUSTER_283,beet_leaf,20320.0,15.491886830450158
AD,CLUSTER_283,rape_str,1599.65,15.491886830450158
AD,CLUSTER_283,legume_str,287.6,15.491886830450158
AD,CLUSTER_289,horse_man,747.4,38.65237164804736
AD,CLUSTER_289,rape_str,1516.0,38.65237164804736
AD,CLUSTER_289,legume_str,485.4,38.65237164804736
AD,CLUSTER_293,horse_man,504.0,50.16877948644671
AD,CLUSTER_298,cattle_man,6560.0,30.67663034936339
AD,CLUSTER_298,horse_man,591.0,30.67663034936339
AD,CLUSTER_298,maize_str,131.71,30.67663034936339
AD,CLUSTER_298,rape_str,1018.0,30.67663034936339
AD,CLUSTER_298,legume_str,191.9,30.67663034936339
AD,CLUSTER_30,horse_man,478.27,51.26364400034003
AD,CLUSTER_310,pig_man,67.1,69.99958772836051
AD,CLUSTER_317,horse_man,217.4,42.33885212673599
AD,CLUSTER_317,pig_man,92.31,42.33885212673599
AD,CLUSTER_317,rape_str,692.0,42.33885212673599
AD,CLUSTER_317,legume_str,236.2,42.33885212673599
AD,CLUSTER_320,cattle_man,1036.0,12.485517254586004
AD,CLUSTER_320,horse_man,151.8,12.485517254586004
AD,CLUSTER_320,pig_man,16.0,12.485517254586004
AD,CLUSTER_320,maize_str,24.130000000000003,12.485517254586004
AD,CLUSTER_320,beet_leaf,2141.0,12.485517254586004
AD,CLUSTER_320,rape_str,1162.3,12.485517254586004
AD,CLUSTER_320,legume_str,113.12,12.485517254586004
AD,CLUSTER_325,pig_man,710.15139,77.1593631984966
AD,CLUSTER_326,pig_man,707.3,55.15825035581901
AD,CLUSTER_328,horse_man,333.38,32.65937863016967
AD,CLUSTER_328,pig_man,824.57,32.65937863016967
AD,CLUSTER_328,rape_str,1819.0,32.65937863016967
AD,CLUSTER_328,legume_str,524.0,32.65937863016967
AD,CLUSTER_332,cattle_man,620.3,29.50875432473168
AD,CLUSTER_332,horse_man,404.6,29.50875432473168
AD,CLUSTER_332,pig_man,132.8458,29.50875432473168
AD,CLUSTER_332,maize_str,50.4,29.50875432473168
AD,CLUSTER_332,rape_str,1546.9,29.50875432473168
AD,CLUSTER_332,legume_str,553.2,29.50875432473168
AD,CLUSTER_334,pig_man,214.22,79.82084257744033
AD,CLUSTER_336,cattle_man,9570.0,30.07391422421703
AD,CLUSTER_336,horse_man,579.9,30.07391422421703
AD,CLUSTER_336,maize_str,516.74,30.07391422421703
AD,CLUSTER_336,rape_str,912.3,30.07391422421703
AD,CLUSTER_336,legume_str,270.07,30.07391422421703
AD,CLUSTER_348,horse_man,429.0,33.9531425292713
AD,CLUSTER_348,rape_str,718.0,33.9531425292713
AD,CLUSTER_348,legume_str,156.9,33.9531425292713
AD,CLUSTER_361,horse_man,200.3,41.51169776250526
AD,CLUSTER_361,rape_str,169.4,41.51169776250526
AD,CLUSTER_361,legume_str,175.4,41.51169776250526
AD,CLUSTER_38,cattle_man,6536.0,21.890508524652976
AD,CLUSTER_38,horse_man,253.79999999999998,21.890508524652976
AD,CLUSTER_38,pig_man,315.61,21.890508524652976
AD,CLUSTER_38,maize_str,30.0,21.890508524652976
AD,CLUSTER_38,rape_str,891.0,21.890508524652976
AD,CLUSTER_38,legume_str,159.5,21.890508524652976
AD,CLUSTER_388,horse_man,410.3,54.58529352170776
AD,CLUSTER_389,cattle_man,790.9,10.5277173298076
AD,CLUSTER_389,horse_man,483.0,10.5277173298076
AD,CLUSTER_389,pig_man,58.461,10.5277173298076
AD,CLUSTER_389,maize_str,132.9,10.5277173298076
AD,CLUSTER_389,beet_leaf,8760.0,10.5277173298076
AD,CLUSTER_389,rape_str,826.81,10.5277173298076
AD,CLUSTER_389,legume_str,294.0,10.5277173298076
AD,CLUSTER_395,horse_man,552.0799999999999,50.98033603907565
AD,CLUSTER_4,cattle_man,20439.0,22.33046597462061
AD,CLUSTER_4,horse_man,2532.2,22.33046597462061
AD,CLUSTER_4,maize_str,287.90000000000003,22.33046597462061
AD,CLUSTER_4,rape_str,2234.4,22.33046597462061
AD,CLUSTER_4,legume_str,531.23,22.33046597462061
AD,CLUSTER_405,horse_man,311.8,41.095121652386624
AD,CLUSTER_405,rape_str,758.7,41.095121652386624
AD,CLUSTER_405,legume_str,321.95,41.095121652386624
AD,CLUSTER_410,cattle_man,8090.0,27.09738428732
AD,CLUSTER_410,horse_man,808.4,27.09738428732
AD,CLUSTER_410,pig_man,261.9019,27.09738428732
AD,CLUSTER_410,maize_str,31.67,27.09738428732
AD,CLUSTER_410,rape_str,2374.0,27.09738428732
AD,CLUSTER_410,legume_str,361.8,27.09738428732
AD,CLUSTER_417,cattle_man,11640.0,14.19462916560392
AD,CLUSTER_417,horse_man,430.8,14.19462916560392
AD,CLUSTER_417,pig_man,197.25,14.19462916560392
AD,CLUSTER_417,maize_str,88.36,14.19462916560392
AD,CLUSTER_417,beet_leaf,12800.0,14.19462916560392
AD,CLUSTER_417,rape_str,677.4,14.19462916560392
AD,CLUSTER_417,legume_str,179.52,14.19462916560392
AD,CLUSTER_418,horse_man,144.9,43.731399520580325
AD,CLUSTER_418,rape_str,1244.0,43.731399520580325
AD,CLUSTER_418,legume_str,130.8,43.731399520580325
AD,CLUSTER_420,horse_man,315.77,50.69980322216963
AD,CLUSTER_424,horse_man,879.04,35.78548789130086
AD,CLUSTER_424,pig_man,185.966,35.78548789130086
AD,CLUSTER_424,rape_str,2239.8,35.78548789130086
AD,CLUSTER_424,legume_str,524.5,35.78548789130086
AD,CLUSTER_426,pig_man,46.733,70.63368778219201
AD,CLUSTER_430,horse_man,480.0,41.47375064103688
AD,CLUSTER_430,pig_man,159.375,41.47375064103688
AD,CLUSTER_430,rape_str,1226.0,41.47375064103688
AD,CLUSTER_430,legume_str,108.18,41.47375064103688
AD,CLUSTER_445,horse_man,58.691,53.95551722838996
AD,CLUSTER_449,horse_man,518.500398,47.96288123153192
AD,CLUSTER_449,pig_man,577.091,47.96288123153192
AD,CLUSTER_449,legume_str,67.55,47.96288123153192
AD,CLUSTER_455,horse_man,810.1,44.55657712653339
AD,CLUSTER_455,pig_man,488.40999999999997,44.55657712653339
AD,CLUSTER_455,rape_str,1213.0,44.55657712653339
AD,CLUSTER_455,legume_str,362.4,44.55657712653339
AD,CLUSTER_46,horse_man,2237.0,43.6581901325847
AD,CLUSTER_46,rape_str,1841.4,43.6581901325847
AD,CLUSTER_46,legume_str,245.43999999999997,43.6581901325847
AD,CLUSTER_467,pig_man,1040.9,69.58900554154313
AD,CLUSTER_468,horse_man,11.2,53.46753864615494
AD,CLUSTER_47,horse_man,228.19353170572265,55.13877393322077
AD,CLUSTER_483,horse_man,289.75,45.01104998606653
AD,CLUSTER_483,rape_str,440.9,45.01104998606653
AD,CLUSTER_483,legume_str,415.5,45.01104998606653
AD,CLUSTER_487,cattle_man,16400.0,6.515493796933065
AD,CLUSTER_487,cattle_slu,2333.0,6.515493796933065
AD,CLUSTER_487,horse_man,431.5,6.515493796933065
AD,CLUSTER_487,pig_man,299.25,6.515493796933065
AD,CLUSTER_487,clover_alfalfa_grass,3453.0,6.515493796933065
AD,CLUSTER_487,maize_str,637.4,6.515493796933065
AD,CLUSTER_487,beet_leaf,25760.0,6.515493796933065
AD,CLUSTER_487,rape_str,1529.0,6.515493796933065
AD,CLUSTER_487,legume_str,702.12,6.515493796933065
AD,CLUSTER_49,cattle_man,15490.0,18.70183692077765
AD,CLUSTER_49,horse_man,1710.1,18.70183692077765
AD,CLUSTER_49,pig_man,231.961,18.70183692077765
AD,CLUSTER_49,maize_str,516.3,18.70183692077765
AD,CLUSTER_49,beet_leaf,9947.0,18.70183692077765
AD,CLUSTER_49,rape_str,2778.0,18.70183692077765
AD,CLUSTER_49,legume_str,470.832,18.70183692077765
AD,CLUSTER_491,horse_man,277.6,32.264375190651045
AD,CLUSTER_491,pig_man,236.64,32.264375190651045
AD,CLUSTER_491,rape_str,1665.0,32.264375190651045
AD,CLUSTER_491,legume_str,275.7,32.264375190651045
AD,CLUSTER_494,horse_man,104.9,48.55483028178452
AD,CLUSTER_497,horse_man,138.1,36.56854701498451
AD,CLUSTER_497,pig_man,347.9,36.56854701498451
AD,CLUSTER_497,rape_str,1290.0,36.56854701498451
AD,CLUSTER_497,legume_str,206.1,36.56854701498451
AD,CLUSTER_506,cattle_man,1700.0,31.130536582341254
AD,CLUSTER_506,horse_man,529.0,31.130536582341254
AD,CLUSTER_506,pig_man,228.0325,31.130536582341254
AD,CLUSTER_506,maize_str,146.4,31.130536582341254
AD,CLUSTER_506,rape_str,1143.0,31.130536582341254
AD,CLUSTER_506,legume_str,340.0,31.130536582341254
AD,CLUSTER_517,horse_man,372.7,39.900157219510994
AD,CLUSTER_517,rape_str,729.3,39.900157219510994
AD,CLUSTER_517,legume_str,119.6,39.900157219510994
AD,CLUSTER_519,horse_man,814.0,54.96942716120153
AD,CLUSTER_525,horse_man,29.06,47.06842434684317
AD,CLUSTER_525,pig_man,24.965,47.06842434684317
AD,CLUSTER_525,legume_str,32.37,47.06842434684317
AD,CLUSTER_526,pig_man,141.0,63.71251330744975
AD,CLUSTER_530,pig_man,84.5,62.354126655207295
AD,CLUSTER_538,cattle_man,3387.0,29.83162182250962
AD,CLUSTER_538,horse_man,768.4,29.83162182250962
AD,CLUSTER_538,pig_man,151.197,29.83162182250962
AD,CLUSTER_538,maize_str,24.6,29.83162182250962
AD,CLUSTER_538,rape_str,957.0,29.83162182250962
AD,CLUSTER_538,legume_str,213.05,29.83162182250962
AD,CLUSTER_56,pig_man,427.76,66.57115124948336
AD,CLUSTER_60,pig_man,45.1582,65.55043906316348
AD,CLUSTER_75,cattle_man,15511.3,27.88266206758204
AD,CLUSTER_75,horse_man,1454.5,27.88266206758204
AD,CLUSTER_75,maize_str,550.06,27.88266206758204
AD,CLUSTER_75,rape_str,1046.1,27.88266206758204
AD,CLUSTER_75,legume_str,172.5,27.88266206758204
AD,CLUSTER_80,horse_man,210.9,38.90121742557324
AD,CLUSTER_80,pig_man,275.303,38.90121742557324
AD,CLUSTER_80,rape_str,3516.0,38.90121742557324
AD,CLUSTER_80,legume_str,346.7,38.90121742557324
AD,CLUSTER_87,horse_man,362.10543,38.61399937566148
AD,CLUSTER_87,rape_str,922.9,38.61399937566148
AD,CLUSTER_87,legume_str,729.0,38.61399937566148
AD,CLUSTER_95,horse_man,229.22,48.71422094322561
AD,CLUSTER_95,pig_man,778.92,48.71422094322561
AD,CLUSTER_97,cattle_man,4494.0,15.606461836962495
AD,CLUSTER_97,horse_man,1266.8,15.606461836962495
AD,CLUSTER_97,pig_man,302.6467,15.606461836962495
AD,CLUSTER_97,maize_str,150.8,15.606461836962495
AD,CLUSTER_97,beet_leaf,10300.0,15.606461836962495
AD,CLUSTER_97,rape_str,3629.0,15.606461836962495
AD,CLUSTER_97,legume_str,684.7,15.606461836962495
AJ,CLUSTER_1,horse_man,642.4,84.48697317023175
AJ,CLUSTER_102,cattle_man,1724.0,36.07861362565761
AJ,CLUSTER_102,horse_man,961.0,36.07861362565761
AJ,CLUSTER_108,cattle_man,372.4,42.14177095074402
AJ,CLUSTER_108,horse_man,2893.0,42.14177095074402
AJ,CLUSTER_11,cattle_man,3764.1,26.89144893899675
AJ,CLUSTER_11,horse_man,1455.0,26.89144893899675
AJ,CLUSTER_112,cattle_man,13057.0,29.843861430916554
AJ,CLUSTER_112,horse_man,1571.0,29.843861430916554
AJ,CLUSTER_113,cattle_man,1617.0,61.87863173905888
AJ,CLUSTER_113,horse_man,513.4,61.87863173905888
AJ,CLUSTER_114,cattle_man,3025.0,42.53548416929065
AJ,CLUSTER_114,horse_man,632.9,42.53548416929065
AJ,CLUSTER_115,cattle_man,12403.0,51.88792743699329
AJ,CLUSTER_12,cattle_man,6212.0,35.1016881517524
AJ,CLUSTER_12,horse_man,2496.5,35.1016881517524
AJ,CLUSTER_120,horse_man,643.23,69.4917835033794
AJ,CLUSTER_133,horse_man,538.3,72.05778424462707
AJ,CLUSTER_141,horse_man,2815.0,69.3103978474877
AJ,CLUSTER_147,cattle_man,5220.0,16.94158901863929
AJ,CLUSTER_147,cattle_slu,32950.0,16.94158901863929
AJ,CLUSTER_147,rape_str,506.3,16.94158901863929
AJ,CLUSTER_147,legume_str,68.23,16.94158901863929
AJ,CLUSTER_15,cattle_man,7650.0,46.85347212416101
AJ,CLUSTER_15,horse_man,5057.0,46.85347212416101
AJ,CLUSTER_153,cattle_man,5103.062,61.811736265402864
AJ,CLUSTER_160,horse_man,2174.2,66.94490600543172
AJ,CLUSTER_167,cattle_man,16680.0,29.406898603461823
AJ,CLUSTER_168,cattle_man,4187.0,55.8213635252062
AJ,CLUSTER_168,horse_man,2384.0,55.8213635252062
AJ,CLUSTER_18,cattle_man,14355.0,39.3302749665848
AJ,CLUSTER_185,horse_man,786.4,67.59060377732487
AJ,CLUSTER_188,horse_man,1732.0,67.9728098020192
AJ,CLUSTER_19,cattle_man,13523.0,3.6647917952204594
AJ,CLUSTER_19,cattle_slu,80570.0,3.6647917952204594
AJ,CLUSTER_19,pig_slu,4560.0,3.6647917952204594
AJ,CLUSTER_19,rape_str,1053.0,3.6647917952204594
AJ,CLUSTER_19,legume_str,163.01,3.6647917952204594
AJ,CLUSTER_197,cattle_man,6600.0,14.979599608316011
AJ,CLUSTER_197,cattle_slu,30490.0,14.979599608316011
AJ,CLUSTER_197,rape_str,192.0,14.979599608316011
AJ,CLUSTER_197,legume_str,64.6,14.979599608316011
AJ,CLUSTER_199,cattle_man,3629.0,32.96475625334074
AJ,CLUSTER_199,horse_man,704.0,32.96475625334074
AJ,CLUSTER_21,cattle_man,11680.0,19.660046028639965
AJ,CLUSTER_21,cattle_slu,60910.0,19.660046028639965
AJ,CLUSTER_21,rape_str,534.4722096307097,19.660046028639965
AJ,CLUSTER_21,legume_str,141.0,19.660046028639965
AJ,CLUSTER_211,cattle_man,4080.0000000000005,50.2701524952389
AJ,CLUSTER_211,horse_man,442.0,50.2701524952389
AJ,CLUSTER_212,horse_man,525.0,96.75156318681182
AJ,CLUSTER_216,cattle_man,6405.0,43.99758317141552
AJ,CLUSTER_216,horse_man,1391.183,43.99758317141552
AJ,CLUSTER_217,cattle_man,3099.0,49.518724043818885
AJ,CLUSTER_217,horse_man,1360.0,49.518724043818885
AJ,CLUSTER_220,cattle_man,1849.0,16.883390941928504
AJ,CLUSTER_220,cattle_slu,14660.0,16.883390941928504
AJ,CLUSTER_220,horse_man,806.0,16.883390941928504
AJ,CLUSTER_220,rape_str,396.0,16.883390941928504
AJ,CLUSTER_220,legume_str,140.7,16.883390941928504
AJ,CLUSTER_221,cattle_man,8125.0,20.50362617632885
AJ,CLUSTER_221,cattle_slu,57620.0,20.50362617632885
AJ,CLUSTER_221,horse_man,1171.9,20.50362617632885
AJ,CLUSTER_221,legume_str,89.54,20.50362617632885
AJ,CLUSTER_222,cattle_man,794.6,52.84972475971611
AJ,CLUSTER_227,cattle_man,7020.0,60.00209034438424
AJ,CLUSTER_230,cattle_man,11370.0,43.63116225475405
AJ,CLUSTER_232,horse_man,3168.0,101.7968104339142
AJ,CLUSTER_234,cattle_man,28380.0,59.37735157206965
AJ,CLUSTER_242,horse_man,850.0,76.67465204967597
AJ,CLUSTER_245,cattle_man,13085.0,59.95847844659355
AJ,CLUSTER_245,horse_man,793.9,59.95847844659355
AJ,CLUSTER_249,cattle_man,9836.0,39.07999731561559
AJ,CLUSTER_25,cattle_man,2469.58,56.14459959786341
AJ,CLUSTER_25,horse_man,395.1,56.14459959786341
AJ,CLUSTER_255,cattle_man,5100.0,56.57774849614143
AJ,CLUSTER_255,horse_man,1720.5,56.57774849614143
AJ,CLUSTER_259,cattle_man,11538.0,35.48824155474997
AJ,CLUSTER_261,cattle_man,10670.0,23.88670348494903
AJ,CLUSTER_262,cattle_man,7320.0,34.66531212232578
AJ,CLUSTER_265,cattle_man,1417.0,30.88689626738168
AJ,CLUSTER_265,horse_man,1119.1,30.88689626738168
AJ,CLUSTER_266,horse_man,271.0126,87.17704251318283
AJ,CLUSTER_269,cattle_man,10313.0,14.656987006638532
AJ,CLUSTER_269,cattle_slu,70838.0,14.656987006638532
AJ,CLUSTER_269,horse_man,2387.8,14.656987006638532
AJ,CLUSTER_269,rape_str,727.1,14.656987006638532
AJ,CLUSTER_269,legume_str,139.774,14.656987006638532
AJ,CLUSTER_272,cattle_man,3166.9,48.69799756064162
AJ,CLUSTER_272,horse_man,1033.0,48.69799756064162
AJ,CLUSTER_286,horse_man,502.1,65.87511577322817
AJ,CLUSTER_293,cattle_man,4637.0,63.12083674518312
AJ,CLUSTER_294,horse_man,1187.9,89.07641165441062
AJ,CLUSTER_299,cattle_man,4359.0,30.38272147273092
AJ,CLUSTER_307,cattle_man,3600.0,56.18728746722263
AJ,CLUSTER_307,horse_man,1101.0,56.18728746722263
AJ,CLUSTER_309,cattle_man,7630.0,43.95949236668646
AJ,CLUSTER_309,horse_man,240.3,43.95949236668646
AJ,CLUSTER_314,horse_man,639.0,93.66227906434924
AJ,CLUSTER_322,cattle_man,5790.0,55.21145455092229
AJ,CLUSTER_326,horse_man,1285.4,71.34753777711782
AJ,CLUSTER_327,horse_man,336.5,79.71368412946642
AJ,CLUSTER_331,cattle_man,5700.0,42.69128814057322
AJ,CLUSTER_331,horse_man,3020.0,42.69128814057322
AJ,CLUSTER_335,cattle_man,4820.0,27.807137643184728
AJ,CLUSTER_335,horse_man,3071.0,27.807137643184728
AJ,CLUSTER_346,cattle_man,146.3,40.60252904713297
AJ,CLUSTER_346,horse_man,804.6,40.60252904713297
AJ,CLUSTER_347,cattle_man,674.0,44.74511255426992
AJ,CLUSTER_347,horse_man,826.5,44.74511255426992
AJ,CLUSTER_351,horse_man,1500.0,74.39248684847226
AJ,CLUSTER_357,cattle_man,11532.0,36.180549065214656
AJ,CLUSTER_358,cattle_man,8329.0,40.43140672948451
AJ,CLUSTER_358,horse_man,586.9,40.43140672948451
AJ,CLUSTER_359,horse_man,362.1,67.37024316778641
AJ,CLUSTER_36,horse_man,1610.7,69.6355633475591
AJ,CLUSTER_367,horse_man,1169.9,70.57401077413377
AJ,CLUSTER_380,cattle_man,6580.0,33.528938890166884
AJ,CLUSTER_380,horse_man,1242.0,33.528938890166884
AJ,CLUSTER_381,cattle_man,4175.2,57.97985649488866
AJ,CLUSTER_381,horse_man,1692.89,57.97985649488866
AJ,CLUSTER_384,cattle_man,3170.0,16.167169416048964
AJ,CLUSTER_384,cattle_slu,23530.0,16.167169416048964
AJ,CLUSTER_384,horse_man,619.0,16.167169416048964
AJ,CLUSTER_384,rape_str,817.0,16.167169416048964
AJ,CLUSTER_384,legume_str,93.3,16.167169416048964
AJ,CLUSTER_392,cattle_man,5800.0,44.37710370623152
AJ,CLUSTER_394,horse_man,571.3,81.45510194607748
AJ,CLUSTER_40,cattle_man,5321.0,24.68202244684497
AJ,CLUSTER_40,horse_man,2457.6,24.68202244684497
AJ,CLUSTER_401,cattle_man,1666.8,59.292287314235296
AJ,CLUSTER_401,horse_man,929.5,59.292287314235296
AJ,CLUSTER_404,horse_man,1860.0,66.8119372888983
AJ,CLUSTER_41,cattle_man,390.8,43.61782987983576
AJ,CLUSTER_41,horse_man,2108.8,43.61782987983576
AJ,CLUSTER_413,cattle_man,8790.0,48.10173157701862
AJ,CLUSTER_414,cattle_man,13020.0,8.013149413259164
AJ,CLUSTER_414,cattle_slu,62810.00000000001,8.013149413259164
AJ,CLUSTER_414,rape_str,522.6,8.013149413259164
AJ,CLUSTER_414,legume_str,213.38,8.013149413259164
AJ,CLUSTER_419,cattle_man,2304.0,37.60453987996082
AJ,CLUSTER_419,horse_man,791.0,37.60453987996082
AJ,CLUSTER_421,cattle_man,2121.0,54.69619563170832
AJ,CLUSTER_421,horse_man,802.6,54.69619563170832
AJ,CLUSTER_425,cattle_man,2512.95,34.61985029067844
AJ,CLUSTER_425,horse_man,526.6,34.61985029067844
AJ,CLUSTER_433,horse_man,1106.0,98.3182767052598
AJ,CLUSTER_435,cattle_man,3989.9999999999995,61.01960737057228
AJ,CLUSTER_435,horse_man,1508.0,61.01960737057228
AJ,CLUSTER_437,cattle_man,8510.0,19.52717283199909
AJ,CLUSTER_437,cattle_slu,64299.99999999999,19.52717283199909
AJ,CLUSTER_437,horse_man,938.0,19.52717283199909
AJ,CLUSTER_437,rape_str,308.6,19.52717283199909
AJ,CLUSTER_437,legume_str,135.0,19.52717283199909
AJ,CLUSTER_438,cattle_man,3331.0,31.595334615408355
AJ,CLUSTER_444,cattle_man,2690.0,31.743421103179703
AJ,CLUSTER_444,horse_man,379.2,31.743421103179703
AJ,CLUSTER_454,horse_man,105.4,80.05637230642573
AJ,CLUSTER_46,cattle_man,1697.0,62.54223078656748
AJ,CLUSTER_461,cattle_man,3302.0,62.72026330816775
AJ,CLUSTER_461,horse_man,1385.0,62.72026330816775
AJ,CLUSTER_465,cattle_man,5980.0,57.350575755989965
AJ,CLUSTER_465,horse_man,1448.0,57.350575755989965
AJ,CLUSTER_467,horse_man,266.5,81.91484696885387
AJ,CLUSTER_468,cattle_man,1492.0,52.927750379109845
AJ,CLUSTER_471,cattle_man,292.0,33.60350510616632
AJ,CLUSTER_471,horse_man,250.50000000000003,33.60350510616632
AJ,CLUSTER_475,cattle_man,3878.0,52.89878596416583
AJ,CLUSTER_475,horse_man,665.9,52.89878596416583
AJ,CLUSTER_476,cattle_man,2730.0,58.60198827551019
AJ,CLUSTER_476,horse_man,492.00000000000006,58.60198827551019
AJ,CLUSTER_481,horse_man,1085.0,82.00761539426144
AJ,CLUSTER_486,horse_man,429.2,103.41151128785702
AJ,CLUSTER_490,horse_man,745.2,78.43023998185988
AJ,CLUSTER_510,cattle_man,2238.5,37.01567015585982
AJ,CLUSTER_510,horse_man,1319.0,37.01567015585982
AJ,CLUSTER_512,cattle_man,5080.0,26.683828925212083
AJ,CLUSTER_518,cattle_man,9270.0,51.79072567577569
AJ,CLUSTER_518,horse_man,1313.0,51.79072567577569
AJ,CLUSTER_522,cattle_man,6580.0,54.12371108995542
AJ,CLUSTER_522,horse_man,288.1,54.12371108995542
AJ,CLUSTER_524,cattle_man,2192.0,42.54318134731825
AJ,CLUSTER_524,horse_man,1677.6,42.54318134731825
AJ,CLUSTER_526,horse_man,485.0,86.87682986913971
AJ,CLUSTER_529,cattle_man,7480.0,20.490462149703465
AJ,CLUSTER_529,cattle_slu,39200.0,20.490462149703465
AJ,CLUSTER_529,legume_str,186.5,20.490462149703465
AJ,CLUSTER_532,horse_man,177.7,86.74518253623114
AJ,CLUSTER_535,horse_man,706.0,71.11199284673214
AJ,CLUSTER_536,cattle_man,3358.0,27.27751329698604
AJ,CLUSTER_539,cattle_man,2743.0,48.64748209199045
AJ,CLUSTER_539,horse_man,433.0,48.64748209199045
AJ,CLUSTER_55,cattle_man,3272.0,36.320712484177896
AJ,CLUSTER_55,horse_man,3076.3,36.320712484177896
AJ,CLUSTER_72,horse_man,4938.0,68.20565084992936
AJ,CLUSTER_76,horse_man,2263.0,76.2295912394385
AJ,CLUSTER_77,cattle_man,15680.0,56.680865172546376
AJ,CLUSTER_78,horse_man,873.4,85.91362141149345
AJ,CLUSTER_88,cattle_man,1437.0,58.18800493993801
AJ,CLUSTER_88,horse_man,1496.2,58.18800493993801
AJ,CLUSTER_96,cattle_man,3690.0,56.57837487531397
AJ,CLUSTER_96,horse_man,2943.838,56.57837487531397
AJ,CLUSTER_98,cattle_man,5002.1,46.450469134537606
AJ,CLUSTER_98,horse_man,673.1,46.450469134537606
AK,CLUSTER_100,cattle_man,9536.0,11.43956603350424
AK,CLUSTER_100,cattle_slu,24130.857042449716,11.43956603350424
AK,CLUSTER_100,maize_str,6753.0,11.43956603350424
AK,CLUSTER_100,beet_leaf,1319.0,11.43956603350424
AK,CLUSTER_100,rape_str,1247.0,11.43956603350424
AK,CLUSTER_100,legume_str,592.6,11.43956603350424
AK,CLUSTER_116,rape_str,1331.7,36.78635502099222
AK,CLUSTER_116,legume_str,256.53,36.78635502099222
AK,CLUSTER_122,legume_str,179.2,42.69406867951253
AK,CLUSTER_126,cattle_man,6163.0,24.228955846643483
AK,CLUSTER_126,maize_str,6491.0,24.228955846643483
AK,CLUSTER_126,rape_str,2381.0,24.228955846643483
AK,CLUSTER_126,legume_str,544.6,24.228955846643483
AK,CLUSTER_131,cattle_man,9440.0,21.72564501990429
AK,CLUSTER_131,maize_str,4594.0,21.72564501990429
AK,CLUSTER_131,rape_str,1908.0,21.72564501990429
AK,CLUSTER_131,legume_str,1003.9999999999999,21.72564501990429
AK,CLUSTER_142,legume_str,157.6,36.675800418139296
AK,CLUSTER_144,rape_str,1689.0,41.60386105469821
AK,CLUSTER_144,legume_str,474.3,41.60386105469821
AK,CLUSTER_151,legume_str,305.9,45.28246346131434
AK,CLUSTER_152,rape_str,1311.0,34.368944768732504
AK,CLUSTER_152,legume_str,331.6,34.368944768732504
AK,CLUSTER_165,cattle_man,8970.0,20.017933157864626
AK,CLUSTER_165,maize_str,1640.0,20.017933157864626
AK,CLUSTER_165,beet_leaf,673.0,20.017933157864626
AK,CLUSTER_165,rape_str,1507.0,20.017933157864626
AK,CLUSTER_165,legume_str,854.0,20.017933157864626
AK,CLUSTER_180,rape_str,2510.0,35.90952333128129
AK,CLUSTER_180,legume_str,350.0,35.90952333128129
AK,CLUSTER_20,rape_str,2658.0,31.491233388991795
AK,CLUSTER_20,legume_str,1043.0,31.491233388991795
AK,CLUSTER_205,rape_str,424.8,43.62014885670315
AK,CLUSTER_205,legume_str,366.9,43.62014885670315
AK,CLUSTER_218,legume_str,38.61,44.991512701773885
AK,CLUSTER_22,rape_str,418.6,30.275142152929256
AK,CLUSTER_22,legume_str,405.9,30.275142152929256
AK,CLUSTER_239,cattle_man,3789.0,28.64061051128599
AK,CLUSTER_239,rape_str,1717.0,28.64061051128599
AK,CLUSTER_239,legume_str,357.8,28.64061051128599
AK,CLUSTER_257,rape_str,1210.4,29.87166731820967
AK,CLUSTER_257,legume_str,280.6,29.87166731820967
AK,CLUSTER_263,rape_str,1071.4,38.48479522486669
AK,CLUSTER_263,legume_str,774.2,38.48479522486669
AK,CLUSTER_279,maize_str,3223.0,16.65330789941359
AK,CLUSTER_279,beet_leaf,1594.0,16.65330789941359
AK,CLUSTER_279,rape_str,766.0,16.65330789941359
AK,CLUSTER_279,legume_str,338.3,16.65330789941359
AK,CLUSTER_288,cattle_slu,69700.0,7.575409140523698
AK,CLUSTER_288,maize_str,5080.0,7.575409140523698
AK,CLUSTER_288,beet_leaf,7380.0,7.575409140523698
AK,CLUSTER_288,rape_str,1600.0,7.575409140523698
AK,CLUSTER_288,legume_str,851.0,7.575409140523698
AK,CLUSTER_300,maize_str,1868.0,22.99627699257775
AK,CLUSTER_300,rape_str,548.0,22.99627699257775
AK,CLUSTER_300,legume_str,424.7,22.99627699257775
AK,CLUSTER_306,cattle_man,13760.0,18.746276100411645
AK,CLUSTER_306,maize_str,5143.0,18.746276100411645
AK,CLUSTER_306,beet_leaf,350.409,18.746276100411645
AK,CLUSTER_306,rape_str,2327.0,18.746276100411645
AK,CLUSTER_306,legume_str,1097.0,18.746276100411645
AK,CLUSTER_323,rape_str,313.3,25.19764110593293
AK,CLUSTER_323,legume_str,62.45,25.19764110593293
AK,CLUSTER_330,rape_str,2235.0,39.77769257360565
AK,CLUSTER_330,legume_str,753.8,39.77769257360565
AK,CLUSTER_34,rape_str,1322.6,39.63896484827925
AK,CLUSTER_34,legume_str,428.6,39.63896484827925
AK,CLUSTER_345,cattle_man,8870.0,24.256020494282023
AK,CLUSTER_345,maize_str,5294.0,24.256020494282023
AK,CLUSTER_345,rape_str,1424.0,24.256020494282023
AK,CLUSTER_345,legume_str,1226.0,24.256020494282023
AK,CLUSTER_354,rape_str,1672.1,42.09757927970029
AK,CLUSTER_354,legume_str,257.3,42.09757927970029
AK,CLUSTER_37,legume_str,791.6,45.25877102228122
AK,CLUSTER_371,cattle_man,13910.0,8.483365457406407
AK,CLUSTER_371,cattle_slu,44150.0,8.483365457406407
AK,CLUSTER_371,maize_str,1554.0,8.483365457406407
AK,CLUSTER_371,beet_leaf,729.6,8.483365457406407
AK,CLUSTER_371,rape_str,918.4,8.483365457406407
AK,CLUSTER_371,legume_str,445.8,8.483365457406407
AK,CLUSTER_378,legume_str,300.1,44.861295279411216
AK,CLUSTER_386,rape_str,588.0,30.137281081332773
AK,CLUSTER_386,legume_str,404.9,30.137281081332773
AK,CLUSTER_403,rape_str,1011.0,27.819932534536147
AK,CLUSTER_403,legume_str,587.0,27.819932534536147
AK,CLUSTER_423,maize_str,2091.0,15.271865490229052
AK,CLUSTER_423,beet_leaf,453.7,15.271865490229052
AK,CLUSTER_423,rape_str,1295.9,15.271865490229052
AK,CLUSTER_423,legume_str,670.7,15.271865490229052
AK,CLUSTER_43,cattle_man,697.37,24.507018249188658
AK,CLUSTER_43,maize_str,3920.0,24.507018249188658
AK,CLUSTER_43,rape_str,981.0000000000001,24.507018249188658
AK,CLUSTER_43,legume_str,631.3,24.507018249188658
AK,CLUSTER_441,cattle_man,3147.0,21.40965570502677
AK,CLUSTER_441,maize_str,2827.0,21.40965570502677
AK,CLUSTER_441,rape_str,1217.0,21.40965570502677
AK,CLUSTER_441,legume_str,342.2,21.40965570502677
AK,CLUSTER_447,cattle_man,6210.0,22.23887127762289
AK,CLUSTER_447,maize_str,2057.0,22.23887127762289
AK,CLUSTER_447,rape_str,901.0,22.23887127762289
AK,CLUSTER_447,legume_str,578.0,22.23887127762289
AK,CLUSTER_458,rape_str,488.99999999999994,37.47261670641584
AK,CLUSTER_458,legume_str,366.0,37.47261670641584
AK,CLUSTER_466,cattle_man,13690.0,15.929957677941893
AK,CLUSTER_466,maize_str,3586.0,15.929957677941893
AK,CLUSTER_466,beet_leaf,488.99999999999994,15.929957677941893
AK,CLUSTER_466,rape_str,1039.0,15.929957677941893
AK,CLUSTER_466,legume_str,253.7,15.929957677941893
AK,CLUSTER_495,rape_str,574.7,31.98218254059491
AK,CLUSTER_495,legume_str,495.0,31.98218254059491
AK,CLUSTER_498,rape_str,235.0,35.12648634678088
AK,CLUSTER_498,legume_str,259.3,35.12648634678088
AK,CLUSTER_504,rape_str,268.5,38.689786030747634
AK,CLUSTER_504,legume_str,94.63,38.689786030747634
AK,CLUSTER_523,rape_str,139.1,33.02534827579171
AK,CLUSTER_523,legume_str,49.6,33.02534827579171
AK,CLUSTER_544,cattle_man,5520.0,1.5897601430591468
AK,CLUSTER_544,cattle_slu,15250.0,1.5897601430591468
AK,CLUSTER_544,pig_slu,129.0,1.5897601430591468
AK,CLUSTER_544,clover_alfalfa_grass,1421.0,1.5897601430591468
AK,CLUSTER_544,maize_str,1670.0,1.5897601430591468
AK,CLUSTER_544,beet_leaf,586.1,1.5897601430591468
AK,CLUSTER_544,rape_str,531.0,1.5897601430591468
AK,CLUSTER_544,legume_str,101.3,1.5897601430591468
AK,CLUSTER_545,cattle_man,1080.0,28.84522669545237
AK,CLUSTER_545,rape_str,992.0,28.84522669545237
AK,CLUSTER_545,legume_str,184.9,28.84522669545237
AK,CLUSTER_57,rape_str,917.4,39.22376790460593
AK,CLUSTER_57,legume_str,757.7,39.22376790460593
AK,CLUSTER_64,rape_str,1531.1,38.113858231331925
AK,CLUSTER_64,legume_str,944.8,38.113858231331925
AK,CLUSTER_69,maize_str,2518.6827729730967,25.06538844572797
AK,CLUSTER_69,rape_str,964.5,25.06538844572797
AK,CLUSTER_69,legume_str,517.8,25.06538844572797
AK,CLUSTER_71,cattle_man,8797.0,11.148076491009917
AK,CLUSTER_71,cattle_slu,30710.0,11.148076491009917
AK,CLUSTER_71,maize_str,4451.0,11.148076491009917
AK,CLUSTER_71,beet_leaf,4858.7,11.148076491009917
AK,CLUSTER_71,rape_str,2450.0,11.148076491009917
AK,CLUSTER_71,legume_str,1174.2,11.148076491009917
AK,CLUSTER_73,rape_str,3434.0,39.37667253881249
AK,CLUSTER_73,legume_str,648.0,39.37667253881249
K,CLUSTER_136,cattle_man,22230.0,13.487748600181002
K,CLUSTER_136,cattle_slu,108700.0,13.487748600181002
K,CLUSTER_151,cattle_man,5361.0,42.72920906089641
K,CLUSTER_157,cattle_man,22880.0,7.983234645704344
K,CLUSTER_157,cattle_slu,106800.0,7.983234645704344
K,CLUSTER_178,cattle_man,16790.0,15.609116553968278
K,CLUSTER_178,cattle_slu,76750.0,15.609116553968278
K,CLUSTER_198,cattle_man,19100.0,44.14498707764509
K,CLUSTER_204,cattle_man,10730.0,9.084678052030135
K,CLUSTER_204,cattle_slu,49310.0,9.084678052030135
K,CLUSTER_215,cattle_man,10991.231385871437,51.63994235346913
K,CLUSTER_226,cattle_man,16880.0,15.22740990315122
K,CLUSTER_226,cattle_slu,81430.0,15.22740990315122
K,CLUSTER_226,horse_man,2471.6,15.22740990315122
K,CLUSTER_256,cattle_man,2666.96,34.8179895220364
K,CLUSTER_27,cattle_man,18405.0,5.58588229649706
K,CLUSTER_27,cattle_slu,81790.0,5.58588229649706
K,CLUSTER_28,cattle_man,8410.0,17.5470915444412
K,CLUSTER_28,cattle_slu,37620.0,17.5470915444412
K,CLUSTER_28,horse_man,2761.9,17.5470915444412
K,CLUSTER_281,cattle_man,11914.0,31.09437907349712
K,CLUSTER_287,cattle_man,2184.0,32.606973588191615
K,CLUSTER_287,horse_man,1571.0,32.606973588191615
K,CLUSTER_3,cattle_man,7882.999999999999,22.889911414847337
K,CLUSTER_304,cattle_man,2118.0,38.08800262110756
K,CLUSTER_312,cattle_man,11300.0,26.45916934474912
K,CLUSTER_312,horse_man,1544.0,26.45916934474912
K,CLUSTER_352,cattle_man,13540.0,12.932227125731796
K,CLUSTER_352,cattle_slu,64390.0,12.932227125731796
K,CLUSTER_363,cattle_man,13430.0,49.09374368990889
K,CLUSTER_369,cattle_man,3235.7,20.99155673338903
K,CLUSTER_391,cattle_man,11195.0,15.84927257925503
K,CLUSTER_391,cattle_slu,53800.0,15.84927257925503
K,CLUSTER_396,cattle_man,5375.0,31.691523614039543
K,CLUSTER_407,cattle_man,10172.0,26.423293577222168
K,CLUSTER_415,cattle_man,6170.0,31.47300377685707
K,CLUSTER_458,cattle_man,4990.0,46.06696972312436
K,CLUSTER_489,cattle_man,1068.0,28.63284041016876
K,CLUSTER_5,cattle_man,1031.0,28.12113937209308
K,CLUSTER_508,cattle_man,21640.0,23.83815060740286
K,CLUSTER_53,cattle_man,6226.92,25.751744544460184
K,CLUSTER_54,cattle_man,5070.0,42.38571368166006
K,CLUSTER_57,cattle_man,1262.9,44.0004057049624
K,CLUSTER_63,cattle_man,2752.161170755162,49.61173574736545
K,CLUSTER_8,cattle_man,26900.0,35.56258363321626
E,CLUSTER_125,legume_str,441.0,46.61351979991315
E,CLUSTER_150,rape_str,158.8,41.89930384831793
E,CLUSTER_150,legume_str,116.5,41.89930384831793
E,CLUSTER_155,maize_str,5236.0,20.748706940678275
E,CLUSTER_155,rape_str,1777.0,20.748706940678275
E,CLUSTER_155,legume_str,662.1,20.748706940678275
E,CLUSTER_175,cattle_man,2182.272,10.097157990620207
E,CLUSTER_175,maize_str,1895.0,10.097157990620207
E,CLUSTER_175,beet_leaf,28760.0,10.097157990620207
E,CLUSTER_175,rape_str,1513.0,10.097157990620207
E,CLUSTER_175,legume_str,508.2,10.097157990620207
E,CLUSTER_180,cattle_man,2402.6,22.23133850368551
E,CLUSTER_180,maize_str,9410.0,22.23133850368551
E,CLUSTER_184,cattle_slu,11230.0,5.038988384229778
E,CLUSTER_184,clover_alfalfa_grass,2796.0,5.038988384229778
E,CLUSTER_184,maize_str,4690.0,5.038988384229778
E,CLUSTER_184,beet_leaf,43100.0,5.038988384229778
E,CLUSTER_184,rape_str,1554.0,5.038988384229778
E,CLUSTER_184,legume_str,480.0,5.038988384229778
E,CLUSTER_186,cattle_man,2851.0,22.796500615809045
E,CLUSTER_186,maize_str,2451.0,22.796500615809045
E,CLUSTER_186,rape_str,2267.0,22.796500615809045
E,CLUSTER_186,legume_str,321.6,22.796500615809045
E,CLUSTER_195,rape_str,51.9,40.78300778154863
E,CLUSTER_195,legume_str,17.12,40.78300778154863
E,CLUSTER_2,rape_str,2407.0,32.292733338568674
E,CLUSTER_2,legume_str,639.4,32.292733338568674
E,CLUSTER_223,rape_str,240.1,33.265824093241015
E,CLUSTER_223,legume_str,122.22,33.265824093241015
E,CLUSTER_240,cattle_man,402.04,15.667168245401305
E,CLUSTER_240,maize_str,2018.1000000000001,15.667168245401305
E,CLUSTER_240,beet_leaf,25740.0,15.667168245401305
E,CLUSTER_240,rape_str,698.0,15.667168245401305
E,CLUSTER_240,legume_str,511.70000000000016,15.667168245401305
E,CLUSTER_241,rape_str,46.0,41.05369057725644
E,CLUSTER_241,legume_str,14.47,41.05369057725644
E,CLUSTER_267,cattle_man,6170.0,13.95752309683842
E,CLUSTER_267,maize_str,4239.0,13.95752309683842
E,CLUSTER_267,beet_leaf,19900.0,13.95752309683842
E,CLUSTER_267,rape_str,1938.0,13.95752309683842
E,CLUSTER_267,legume_str,523.5,13.95752309683842
E,CLUSTER_270,legume_str,180.75,47.14334881799506
E,CLUSTER_274,rape_str,401.4,35.36945042647596
E,CLUSTER_274,legume_str,393.2,35.36945042647596
E,CLUSTER_280,rape_str,224.4,37.84289602968184
E,CLUSTER_280,legume_str,227.3,37.84289602968184
E,CLUSTER_284,maize_str,3599.0,24.072872641763283
E,CLUSTER_284,rape_str,262.2,24.072872641763283
E,CLUSTER_284,legume_str,192.3,24.072872641763283
E,CLUSTER_290,rape_str,1121.03,38.07709299746081
E,CLUSTER_290,legume_str,233.8,38.07709299746081
E,CLUSTER_295,maize_str,1481.0,21.53532564447434
E,CLUSTER_295,rape_str,310.5,21.53532564447434
E,CLUSTER_295,legume_str,228.28,21.53532564447434
E,CLUSTER_301,maize_str,3168.0,19.67845911251736
E,CLUSTER_301,rape_str,382.1,19.67845911251736
E,CLUSTER_301,legume_str,364.26,19.67845911251736
E,CLUSTER_31,rape_str,3014.0,43.59981963700723
E,CLUSTER_31,legume_str,400.9,43.59981963700723
E,CLUSTER_321,cattle_man,2184.0,25.695275880390184
E,CLUSTER_321,maize_str,1399.0,25.695275880390184
E,CLUSTER_321,rape_str,1433.0,25.695275880390184
E,CLUSTER_321,legume_str,474.1,25.695275880390184
E,CLUSTER_354,maize_str,3760.8,25.696563372481545
E,CLUSTER_355,maize_str,279.58652096954364,31.16728927083169
E,CLUSTER_355,rape_str,1192.0,31.16728927083169
E,CLUSTER_355,legume_str,1096.0,31.16728927083169
E,CLUSTER_37,rape_str,2494.6,39.9203991866254
E,CLUSTER_370,maize_str,133.51,31.0223296394452
E,CLUSTER_370,rape_str,42.4,31.0223296394452
E,CLUSTER_370,legume_str,38.17,31.0223296394452
E,CLUSTER_372,legume_str,304.78,46.60765729406057
E,CLUSTER_397,rape_str,641.0,44.562123669860135
E,CLUSTER_397,legume_str,173.8,44.562123669860135
E,CLUSTER_399,rape_str,723.2,35.297088765789645
E,CLUSTER_399,legume_str,297.37,35.297088765789645
E,CLUSTER_400,maize_str,7990.000000000001,16.904284649915784
E,CLUSTER_400,beet_leaf,11210.0,16.904284649915784
E,CLUSTER_400,rape_str,1315.0,16.904284649915784
E,CLUSTER_400,legume_str,558.0,16.904284649915784
E,CLUSTER_408,rape_str,1388.0,31.94608113241671
E,CLUSTER_408,legume_str,270.2,31.94608113241671
E,CLUSTER_429,rape_str,185.6,32.34706558772789
E,CLUSTER_429,legume_str,61.70000000000001,32.34706558772789
E,CLUSTER_453,maize_str,1817.0,10.63561708610482
E,CLUSTER_453,beet_leaf,20540.0,10.63561708610482
E,CLUSTER_453,rape_str,449.1,10.63561708610482
E,CLUSTER_453,legume_str,457.0,10.63561708610482
E,CLUSTER_477,maize_str,141.3,29.558316312785823
E,CLUSTER_477,rape_str,247.70000000000002,29.558316312785823
E,CLUSTER_477,legume_str,101.5,29.558316312785823
E,CLUSTER_48,cattle_man,4164.0,28.161551125571417
E,CLUSTER_48,maize_str,4581.0,28.161551125571417
E,CLUSTER_48,rape_str,1712.0,28.161551125571417
E,CLUSTER_48,legume_str,448.03,28.161551125571417
E,CLUSTER_488,rape_str,315.0,35.86221074032345
E,CLUSTER_488,legume_str,451.0,35.86221074032345
E,CLUSTER_501,cattle_man,230.0,9.676821466664936
E,CLUSTER_501,maize_str,3960.0,9.676821466664936
E,CLUSTER_501,beet_leaf,13770.0,9.676821466664936
E,CLUSTER_501,rape_str,1822.0,9.676821466664936
E,CLUSTER_501,legume_str,355.2,9.676821466664936
E,CLUSTER_503,rape_str,1574.0,34.14500292395914
E,CLUSTER_503,legume_str,401.2,34.14500292395914
E,CLUSTER_52,rape_str,675.0,44.04879659412264
E,CLUSTER_52,legume_str,277.4,44.04879659412264
E,CLUSTER_68,rape_str,708.4,44.95126334873133
E,CLUSTER_68,legume_str,893.9,44.95126334873133
E,CLUSTER_73,cattle_man,5812.0,18.125738060265817
E,CLUSTER_73,maize_str,11358.0,18.125738060265817
E,CLUSTER_91,maize_str,5136.0,18.49498768097082
E,CLUSTER_91,rape_str,434.47,18.49498768097082
E,CLUSTER_91,legume_str,391.1,18.49498768097082
AP,CLUSTER_1,cattle_man,7654.55,26.926299974349394
AP,CLUSTER_1,maize_str,371.5,26.926299974349394
AP,CLUSTER_1,rape_str,1763.0,26.926299974349394
AP,CLUSTER_1,legume_str,279.7,26.926299974349394
AP,CLUSTER_101,maize_str,163.78503,41.68473470113664
AP,CLUSTER_101,rape_str,1060.3,41.68473470113664
AP,CLUSTER_101,legume_str,210.4,41.68473470113664
AP,CLUSTER_103,maize_str,65.200176,44.09016791506176
AP,CLUSTER_103,rape_str,208.4,44.09016791506176
AP,CLUSTER_103,legume_str,84.58999999999999,44.09016791506176
AP,CLUSTER_116,maize_str,4270.0,40.24557964982559
AP,CLUSTER_12,rape_str,261.194,53.86746999570259
AP,CLUSTER_12,legume_str,192.82,53.86746999570259
AP,CLUSTER_125,cattle_man,17940.0,20.601781025789624
AP,CLUSTER_125,maize_str,642.8,20.601781025789624
AP,CLUSTER_125,beet_leaf,1455.0,20.601781025789624
AP,CLUSTER_125,rape_str,3920.0,20.601781025789624
AP,CLUSTER_140,legume_str,312.5,55.95510646430129
AP,CLUSTER_145,maize_str,1224.5,36.56911656200145
AP,CLUSTER_145,rape_str,1224.0,36.56911656200145
AP,CLUSTER_145,legume_str,263.2,36.56911656200145
AP,CLUSTER_15,maize_str,45.96,40.7158257354138
AP,CLUSTER_15,rape_str,787.2,40.7158257354138
AP,CLUSTER_15,legume_str,224.491,40.7158257354138
AP,CLUSTER_162,cattle_man,4108.423,24.258940694428524
AP,CLUSTER_162,maize_str,4165.0,24.258940694428524
AP,CLUSTER_162,rape_str,2424.0,24.258940694428524
AP,CLUSTER_162,legume_str,744.7,24.258940694428524
AP,CLUSTER_171,maize_str,987.0,36.25324883829583
AP,CLUSTER_171,rape_str,1563.0,36.25324883829583
AP,CLUSTER_171,legume_str,188.6,36.25324883829583
AP,CLUSTER_176,rape_str,773.6,49.63869826971519
AP,CLUSTER_176,legume_str,185.1,49.63869826971519
AP,CLUSTER_188,maize_str,198.76,39.9740080951703
AP,CLUSTER_188,rape_str,21.25,39.9740080951703
AP,CLUSTER_188,legume_str,67.118,39.9740080951703
AP,CLUSTER_212,cattle_man,5215.0,16.747502440272676
AP,CLUSTER_212,clover_alfalfa_grass,2327.0,16.747502440272676
AP,CLUSTER_212,maize_str,2516.0,16.747502440272676
AP,CLUSTER_212,beet_leaf,11460.0,16.747502440272676
AP,CLUSTER_212,rape_str,2994.0,16.747502440272676
AP,CLUSTER_212,legume_str,423.4,16.747502440272676
AP,CLUSTER_219,cattle_man,5290.0,18.316806202978785
AP,CLUSTER_219,maize_str,434.5,18.316806202978785
AP,CLUSTER_219,beet_leaf,326.0,18.316806202978785
AP,CLUSTER_219,rape_str,2300.0,18.316806202978785
AP,CLUSTER_219,legume_str,276.0,18.316806202978785
AP,CLUSTER_229,legume_str,169.7,55.962368562317145
AP,CLUSTER_230,rape_str,1536.0,46.2193847858598
AP,CLUSTER_230,legume_str,288.0,46.2193847858598
AP,CLUSTER_237,rape_str,431.0,52.50098897526967
AP,CLUSTER_237,legume_str,29.248,52.50098897526967
AP,CLUSTER_259,legume_str,90.26,55.73980393075476
AP,CLUSTER_262,rape_str,727.9,50.33586315065598
AP,CLUSTER_262,legume_str,189.5,50.33586315065598
AP,CLUSTER_266,legume_str,14.388000000000002,55.03860439762797
AP,CLUSTER_290,cattle_man,4269.0,33.4173427448153
AP,CLUSTER_290,maize_str,388.7,33.4173427448153
AP,CLUSTER_322,maize_str,206.2,30.96953322427983
AP,CLUSTER_322,rape_str,704.3,30.96953322427983
AP,CLUSTER_322,legume_str,115.8,30.96953322427983
AP,CLUSTER_34,maize_str,4809.0,44.14712624152321
AP,CLUSTER_340,cattle_man,979.0,27.04213961760632
AP,CLUSTER_340,maize_str,1072.4,27.04213961760632
AP,CLUSTER_340,rape_str,944.0,27.04213961760632
AP,CLUSTER_340,legume_str,294.533,27.04213961760632
AP,CLUSTER_344,rape_str,232.2,46.40911066350575
AP,CLUSTER_344,legume_str,332.0,46.40911066350575
AP,CLUSTER_349,cattle_man,4717.0,32.03612526197818
AP,CLUSTER_349,maize_str,1939.0,32.03612526197818
AP,CLUSTER_349,rape_str,1306.0,32.03612526197818
AP,CLUSTER_349,legume_str,257.0,32.03612526197818
AP,CLUSTER_35,cattle_man,3291.0,10.937934454449556
AP,CLUSTER_35,cattle_slu,13722.0,10.937934454449556
AP,CLUSTER_35,clover_alfalfa_grass,6178.0,10.937934454449556
AP,CLUSTER_35,maize_str,1422.0,10.937934454449556
AP,CLUSTER_35,beet_leaf,5272.0,10.937934454449556
AP,CLUSTER_35,rape_str,3218.0,10.937934454449556
AP,CLUSTER_35,legume_str,631.6,10.937934454449556
AP,CLUSTER_351,cattle_man,14750.0,23.19065362898811
AP,CLUSTER_351,maize_str,544.0,23.19065362898811
AP,CLUSTER_351,beet_leaf,525.0,23.19065362898811
AP,CLUSTER_351,rape_str,1727.0,23.19065362898811
AP,CLUSTER_351,legume_str,523.0,23.19065362898811
AP,CLUSTER_353,rape_str,696.0,52.50517264303478
AP,CLUSTER_353,legume_str,276.0,52.50517264303478
AP,CLUSTER_373,cattle_man,930.61,17.50594598051629
AP,CLUSTER_373,clover_alfalfa_grass,933.8,17.50594598051629
AP,CLUSTER_373,maize_str,870.8,17.50594598051629
AP,CLUSTER_373,beet_leaf,13286.0,17.50594598051629
AP,CLUSTER_373,rape_str,814.9,17.50594598051629
AP,CLUSTER_373,legume_str,370.5,17.50594598051629
AP,CLUSTER_382,cattle_man,2959.0,29.622227640873863
AP,CLUSTER_382,maize_str,346.7,29.622227640873863
AP,CLUSTER_382,rape_str,1028.0,29.622227640873863
AP,CLUSTER_382,legume_str,385.1,29.622227640873863
AP,CLUSTER_392,rape_str,1560.0,40.69085321453479
AP,CLUSTER_392,legume_str,315.9,40.69085321453479
AP,CLUSTER_394,cattle_man,6080.0,10.503274934639904
AP,CLUSTER_394,cattle_slu,34450.0,10.503274934639904
AP,CLUSTER_394,clover_alfalfa_grass,8320.0,10.503274934639904
AP,CLUSTER_394,maize_str,629.0,10.503274934639904
AP,CLUSTER_394,beet_leaf,221.3,10.503274934639904
AP,CLUSTER_394,rape_str,3108.0,10.503274934639904
AP,CLUSTER_394,legume_str,403.6,10.503274934639904
AP,CLUSTER_397,maize_str,658.9,39.37143693207199
AP,CLUSTER_399,cattle_man,1238.6,29.062939663203498
AP,CLUSTER_399,maize_str,1120.2,29.062939663203498
AP,CLUSTER_404,rape_str,430.0,51.51789474083384
AP,CLUSTER_404,legume_str,89.80000000000001,51.51789474083384
AP,CLUSTER_431,maize_str,4683.0,37.4859230731677
AP,CLUSTER_431,rape_str,203.4,37.4859230731677
AP,CLUSTER_431,legume_str,310.4,37.4859230731677
AP,CLUSTER_435,maize_str,65.7,33.122988197252624
AP,CLUSTER_435,rape_str,153.1,33.122988197252624
AP,CLUSTER_435,legume_str,63.4,33.122988197252624
AP,CLUSTER_451,cattle_man,7650.0,18.31024916183258
AP,CLUSTER_451,clover_alfalfa_grass,452.93571280444894,18.31024916183258
AP,CLUSTER_451,maize_str,737.0,18.31024916183258
AP,CLUSTER_451,rape_str,3060.0,18.31024916183258
AP,CLUSTER_451,legume_str,293.0,18.31024916183258
AP,CLUSTER_464,maize_str,1461.038845274737,45.748271966332304
AP,CLUSTER_464,rape_str,387.0,45.748271966332304
AP,CLUSTER_464,legume_str,235.0,45.748271966332304
AP,CLUSTER_469,cattle_man,3134.0,24.53216867636964
AP,CLUSTER_469,maize_str,488.99999999999994,24.53216867636964
AP,CLUSTER_469,rape_str,1099.0,24.53216867636964
AP,CLUSTER_469,legume_str,204.7,24.53216867636964
AP,CLUSTER_476,maize_str,70.1,42.49494982274746
AP,CLUSTER_476,rape_str,21.8,42.49494982274746
AP,CLUSTER_476,legume_str,20.15,42.49494982274746
AP,CLUSTER_478,maize_str,1389.0,41.00618178317461
AP,CLUSTER_478,rape_str,205.7,41.00618178317461
AP,CLUSTER_478,legume_str,86.75,41.00618178317461
AP,CLUSTER_481,cattle_man,7889.999999999999,5.832566894012429
AP,CLUSTER_481,cattle_slu,39800.0,5.832566894012429
AP,CLUSTER_481,clover_alfalfa_grass,10280.0,5.832566894012429
AP,CLUSTER_481,maize_str,1163.0,5.832566894012429
AP,CLUSTER_481,beet_leaf,3240.0,5.832566894012429
AP,CLUSTER_481,rape_str,4790.0,5.832566894012429
AP,CLUSTER_481,legume_str,620.0,5.832566894012429
AP,CLUSTER_490,legume_str,80.4,55.185358788903855
AP,CLUSTER_496,rape_str,1060.0,49.726298660833336
AP,CLUSTER_496,legume_str,144.6,49.726298660833336
AP,CLUSTER_503,maize_str,953.0,41.71661748847145
AP,CLUSTER_504,maize_str,1285.0,40.73576990128167
AP,CLUSTER_52,cattle_man,3984.5,27.497689943566307
AP,CLUSTER_52,maize_str,4642.0,27.497689943566307
AP,CLUSTER_7,maize_str,153.4,41.938467617487966
AP,CLUSTER_7,rape_str,2308.0,41.938467617487966
AP,CLUSTER_7,legume_str,232.0,41.938467617487966
AP,CLUSTER_72,cattle_man,21650.0,17.787802212975024
AP,CLUSTER_72,clover_alfalfa_grass,23705.0,17.787802212975024
AP,CLUSTER_72,maize_str,914.0,17.787802212975024
AP,CLUSTER_72,beet_leaf,153.123,17.787802212975024
AP,CLUSTER_72,rape_str,3098.0,17.787802212975024
AP,CLUSTER_72,legume_str,700.5,17.787802212975024
AP,CLUSTER_76,maize_str,96.25,41.12036204313378
AP,CLUSTER_76,rape_str,35.114,41.12036204313378
AP,CLUSTER_76,legume_str,109.68,41.12036204313378
AP,CLUSTER_77,maize_str,102.6,30.351738523896906
AP,CLUSTER_77,rape_str,1929.0,30.351738523896906
AP,CLUSTER_77,legume_str,300.0,30.351738523896906
AP,CLUSTER_78,maize_str,136.0,45.52105320642777
AP,CLUSTER_78,rape_str,178.1,45.52105320642777
AP,CLUSTER_78,legume_str,40.33,45.52105320642777
AP,CLUSTER_82,legume_str,122.92,54.80439640753597
AP,CLUSTER_89,cattle_man,6220.0,27.83913229219553
AP,CLUSTER_89,maize_str,601.4,27.83913229219553
AP,CLUSTER_89,rape_str,2965.0,27.83913229219553
AP,CLUSTER_89,legume_str,351.6,27.83913229219553
AN,CLUSTER_0,legume_str,690.7,50.15922897803772
AN,CLUSTER_104,rape_str,732.1,36.30187663696896
AN,CLUSTER_104,legume_str,171.70000000000002,36.30187663696896
AN,CLUSTER_124,legume_str,92.4,41.57525469782065
AN,CLUSTER_159,maize_str,9172.0,24.33765800229517
AN,CLUSTER_159,rape_str,771.0,24.33765800229517
AN,CLUSTER_159,legume_str,421.3,24.33765800229517
AN,CLUSTER_208,maize_str,2548.0,15.898913722728553
AN,CLUSTER_208,rape_str,87.1,15.898913722728553
AN,CLUSTER_208,legume_str,344.5,15.898913722728553
AN,CLUSTER_214,legume_str,85.15,46.45544260511378
AN,CLUSTER_225,maize_str,8410.0,21.27256395907744
AN,CLUSTER_225,beet_leaf,5020.0,21.27256395907744
AN,CLUSTER_225,rape_str,1132.3,21.27256395907744
AN,CLUSTER_225,legume_str,589.4,21.27256395907744
AN,CLUSTER_233,maize_str,2980.0,25.4548528385153
AN,CLUSTER_233,rape_str,718.0,25.4548528385153
AN,CLUSTER_233,legume_str,413.0,25.4548528385153
AN,CLUSTER_258,legume_str,10.47,49.60288044855269
AN,CLUSTER_273,cattle_slu,36190.0,6.241475885592984
AN,CLUSTER_273,clover_alfalfa_grass,1787.0,6.241475885592984
AN,CLUSTER_273,maize_str,4942.0,6.241475885592984
AN,CLUSTER_273,beet_leaf,639.0,6.241475885592984
AN,CLUSTER_273,rape_str,116.6,6.241475885592984
AN,CLUSTER_273,legume_str,126.2,6.241475885592984
AN,CLUSTER_291,maize_str,29880.0,16.05460201521723
AN,CLUSTER_291,beet_leaf,5904.1,16.05460201521723
AN,CLUSTER_291,rape_str,424.0,16.05460201521723
AN,CLUSTER_291,legume_str,875.6,16.05460201521723
AN,CLUSTER_292,cattle_slu,37420.0,10.622262042516274
AN,CLUSTER_292,clover_alfalfa_grass,2878.0,10.622262042516274
AN,CLUSTER_292,maize_str,10970.0,10.622262042516274
AN,CLUSTER_292,beet_leaf,1388.0,10.622262042516274
AN,CLUSTER_292,rape_str,1890.0,10.622262042516274
AN,CLUSTER_292,legume_str,588.0,10.622262042516274
AN,CLUSTER_302,maize_str,1324.0,29.798387264140693
AN,CLUSTER_302,rape_str,140.1,29.798387264140693
AN,CLUSTER_302,legume_str,313.8,29.798387264140693
AN,CLUSTER_319,rape_str,429.0,40.28339460110191
AN,CLUSTER_319,legume_str,497.00000000000006,40.28339460110191
AN,CLUSTER_398,rape_str,535.6,39.37010151772052
AN,CLUSTER_398,legume_str,250.69999999999996,39.37010151772052
AN,CLUSTER_402,maize_str,9600.0,12.615488220787684
AN,CLUSTER_402,beet_leaf,366.0,12.615488220787684
AN,CLUSTER_402,rape_str,21.1,12.615488220787684
AN,CLUSTER_402,legume_str,299.0,12.615488220787684
AN,CLUSTER_436,cattle_slu,81800.0,8.997893245087035
AN,CLUSTER_436,clover_alfalfa_grass,2550.0,8.997893245087035
AN,CLUSTER_436,maize_str,2198.0,8.997893245087035
AN,CLUSTER_436,beet_leaf,44.5,8.997893245087035
AN,CLUSTER_436,rape_str,941.0,8.997893245087035
AN,CLUSTER_436,legume_str,253.39999999999998,8.997893245087035
AN,CLUSTER_450,maize_str,1425.0,26.32279559203249
AN,CLUSTER_450,rape_str,562.7,26.32279559203249
AN,CLUSTER_450,legume_str,406.3,26.32279559203249
AN,CLUSTER_457,rape_str,30.800000000000004,36.285801528863445
AN,CLUSTER_457,legume_str,108.18,36.285801528863445
AN,CLUSTER_473,maize_str,2065.0,32.57110951454805
AN,CLUSTER_473,rape_str,1204.0,32.57110951454805
AN,CLUSTER_473,legume_str,346.1,32.57110951454805
AN,CLUSTER_493,maize_str,865.8,25.16223293390856
AN,CLUSTER_493,rape_str,189.92,25.16223293390856
AN,CLUSTER_493,legume_str,157.4,25.16223293390856
AN,CLUSTER_513,maize_str,343.921726596419,34.50467683972525
AN,CLUSTER_516,maize_str,1508.0,17.891654374339357
AN,CLUSTER_516,rape_str,861.0,17.891654374339357
AN,CLUSTER_516,legume_str,330.5,17.891654374339357
AN,CLUSTER_537,cattle_slu,13070.0,3.376732156664584
AN,CLUSTER_537,pig_slu,20598.007219481107,3.376732156664584
AN,CLUSTER_537,clover_alfalfa_grass,227.951,3.376732156664584
AN,CLUSTER_537,maize_str,8082.000000000001,3.376732156664584
AN,CLUSTER_537,beet_leaf,708.0,3.376732156664584
AN,CLUSTER_537,rape_str,567.4,3.376732156664584
AN,CLUSTER_537,legume_str,243.7,3.376732156664584
AN,CLUSTER_541,maize_str,282.7,32.7382526242253
AN,CLUSTER_541,rape_str,221.9,32.7382526242253
AN,CLUSTER_541,legume_str,57.8,32.7382526242253
AN,CLUSTER_61,maize_str,3365.0,18.84206975980964
AN,CLUSTER_61,beet_leaf,2272.0,18.84206975980964
AN,CLUSTER_61,rape_str,985.9999999999999,18.84206975980964
AN,CLUSTER_61,legume_str,504.6,18.84206975980964
AN,CLUSTER_70,maize_str,4266.0,31.231573985925262
AN,CLUSTER_70,rape_str,1041.14,31.231573985925262
AN,CLUSTER_70,legume_str,758.6,31.231573985925262
AN,CLUSTER_79,maize_str,6400.0,25.870785003373395
AN,CLUSTER_79,rape_str,1076.6,25.870785003373395
AN,CLUSTER_79,legume_str,806.6674379317252,25.870785003373395
AN,CLUSTER_92,rape_str,752.9,43.86656045566893
AN,CLUSTER_92,legume_str,339.0,43.86656045566893
S,CLUSTER_117,cattle_man,13052.0,40.43318202584504
S,CLUSTER_117,horse_man,1848.2,40.43318202584504
S,CLUSTER_191,cattle_man,11290.0,43.00985968982015
S,CLUSTER_224,cattle_man,5933.458243676887,44.831789429499786
S,CLUSTER_264,cattle_slu,230130.0,3.0054555085784824
S,CLUSTER_268,horse_man,1285.41,51.65011432236745
S,CLUSTER_329,cattle_man,13430.0,34.968057118657285
S,CLUSTER_375,cattle_man,14310.0,11.52443993402694
S,CLUSTER_434,cattle_slu,74461.39797176654,10.093030758123628
S,CLUSTER_480,horse_man,560.6,59.04096239311662
S,CLUSTER_51,cattle_slu,177430.0,8.793312246420243
S,CLUSTER_527,horse_man,1912.0,44.98586863697263
S,CLUSTER_65,cattle_man,29310.0,29.53085783641377
S,CLUSTER_94,cattle_man,10320.0,43.08234417896636
R,CLUSTER_101,cattle_man,7667.4141,50.369597224068855
R,CLUSTER_103,cattle_man,2660.0,36.92489432313471
R,CLUSTER_141,cattle_man,6618.0,37.68132962236798
R,CLUSTER_160,cattle_man,5620.0,46.07547479826938
R,CLUSTER_161,cattle_man,6850.0,26.914448322591674
R,CLUSTER_161,horse_man,429.62,26.914448322591674
R,CLUSTER_169,cattle_man,8425.7,18.97297309775108
R,CLUSTER_171,cattle_man,11040.0,40.80583956750284
R,CLUSTER_183,cattle_man,16594.0,9.298673667529096
R,CLUSTER_183,cattle_slu,91870.0,9.298673667529096
R,CLUSTER_183,horse_man,2503.0,9.298673667529096
R,CLUSTER_188,cattle_man,6172.0,47.21496249306713
R,CLUSTER_190,cattle_man,9509.0,22.43379638535108
R,CLUSTER_232,cattle_man,9900.0,9.624677857843036
R,CLUSTER_232,cattle_slu,55900.0,9.624677857843036
R,CLUSTER_237,cattle_man,4862.0,27.29230351467151
R,CLUSTER_242,cattle_man,11300.0,37.2149720470501
R,CLUSTER_248,cattle_man,377.0,34.948511009056816
R,CLUSTER_266,cattle_man,5864.8,24.169557581191143
R,CLUSTER_278,cattle_man,5274.7,18.604838020361434
R,CLUSTER_294,cattle_man,6386.0,18.022673317670737
R,CLUSTER_30,cattle_man,5446.59,36.33536001468432
R,CLUSTER_314,cattle_man,812.91,22.33254541470502
R,CLUSTER_390,cattle_man,4736.4,12.352229887318288
R,CLUSTER_390,cattle_slu,29050.0,12.352229887318288
R,CLUSTER_404,cattle_man,4430.0,41.90079289669199
R,CLUSTER_405,cattle_man,3574.0,47.38849111677955
R,CLUSTER_420,cattle_man,7064.0,42.87154714116393
R,CLUSTER_433,cattle_man,4450.0297,9.852831328588334
R,CLUSTER_433,cattle_slu,24750.0,9.852831328588334
R,CLUSTER_445,cattle_man,831.9,36.02807493891855
R,CLUSTER_454,cattle_man,5716.1,27.779879455165368
R,CLUSTER_459,cattle_man,3719.2,29.38524377532648
R,CLUSTER_460,cattle_man,3371.2,19.62587248205879
R,CLUSTER_460,horse_man,392.16,19.62587248205879
R,CLUSTER_462,cattle_man,3029.0,18.437000805416872
R,CLUSTER_462,horse_man,386.0,18.437000805416872
R,CLUSTER_483,cattle_man,2116.9,44.319046229503
R,CLUSTER_486,cattle_man,1158.0,25.505488165103703
R,CLUSTER_490,cattle_man,3600.0,30.226759216403693
R,CLUSTER_494,cattle_man,6108.4695982239755,50.95894653347703
R,CLUSTER_532,cattle_man,3510.0508,29.1231817087056
R,CLUSTER_6,cattle_man,810.17,32.978609434457866
R,CLUSTER_66,cattle_man,2641.0375,5.43485777541082
R,CLUSTER_66,cattle_slu,15050.0,5.43485777541082
R,CLUSTER_76,cattle_man,2539.0,40.30408051199792
R,CLUSTER_78,cattle_man,7012.0,32.231834338534114
R,CLUSTER_82,cattle_man,7392.7,40.31929158550243
