SupplyNode,PlantLocation,Feedstock,FlowTons,Distance_km,,,,,,,,,,,,,
CLUSTER_10,A,horse_man,1392.2,82.33443156,,Feedstock,,,,Methane,substrat_ENG,,,,,,
CLUSTER_108,A,cattle_man,372.4,34.88450733,,horse_man,"785,632",98.80%,98.40%," 44,341,070 ",beet_leaf,1726419.676,,0.40%,,,98.80%
CLUSTER_108,A,pig_man,291.926,34.88450733,,cattle_man,"4,813,128",97.20%,97.90%," 176,304,879 ",cattle_man,4952551.927,,-0.70%,,,97.20%
CLUSTER_134,A,horse_man,721.52,40.24157112,,pig_man,"202,370",100.00%,100%," 17,600,119 ",cattle_slu,22337983.63,,0.00%,,,100.00%
CLUSTER_134,A,pig_man,1021.56,40.24157112,,cattle_slu,"8,918,065",39.90%,35.10%," 144,026,750 ",cereal_str,1619247.622,,4.80%,,,39.90%
CLUSTER_139,A,horse_man,980.3,54.59001353,,pig_slu,"35,985",1.10%,1.30%," 291,119 ",clover_alfalfa_grass,2233683.821,,-0.20%,,,1.10%
CLUSTER_141,A,cattle_man,6618,41.31000086,,legume_str,"97,935",80.00%,69.70%," 12,675,727 ",horse_man,795356.0082,,10.30%,,,80.00%
CLUSTER_141,A,horse_man,2815,41.31000086,,rape_str,"304,063",70.60%,54%," 37,269,002 ",legume_str,122367.005,,16.60%,,,70.60%
CLUSTER_141,A,pig_man,111.971,41.31000086,,beet_leaf,"327,534",19.00%,23.40%," 14,247,729 ",maize_str,540425.9988,,-4.40%,,,19.00%
CLUSTER_148,A,cattle_man,4501,10.33300265,,maize_str,"328,715",60.80%,65%," 72,258,131 ",perm_grass,1983002.335,,-4.20%,,,60.80%
CLUSTER_148,A,cattle_slu,36150,10.33300265,,clover_alfalfa_grass,"45,626",2.00%,0.70%," 4,650,202 ",pig_man,202370.3019,,1.30%,,,2.00%
CLUSTER_148,A,horse_man,500.77,10.33300265,,0,,,,,pig_slu,3265860.462,,,,,
CLUSTER_148,A,pig_man,361.14175,10.33300265,,,,,,,rape_str,430744.188,,,,,
CLUSTER_153,A,cattle_man,5103.062,16.2610462,,,,,,,,,,,,,
CLUSTER_153,A,cattle_slu,34327,16.2610462,,,,,,,,,,,,,
CLUSTER_153,A,horse_man,1262.5,16.2610462,,,15859052.83,,,,,,,,,,
CLUSTER_153,A,pig_man,71.88691,16.2610462,,,0.394405563,,,,,,,,,,
CLUSTER_154,A,horse_man,347.6,34.04226306,,,,,,,,,,,,,
CLUSTER_154,A,pig_man,309.885,34.04226306,,,,,,,,,,,,,
CLUSTER_156,A,horse_man,1144.7,72.55621683,,,Man/Slu share,Energy Wise,,,,,,,,,
CLUSTER_16,A,cattle_man,11750.6,39.62219624,,,93%,0.730551279,,,,,,,,,
CLUSTER_16,A,horse_man,1532.4,39.62219624,,,,,,,,,,,,,
CLUSTER_16,A,pig_man,563.7029,39.62219624,,,,,,,,,,,,,
CLUSTER_160,A,cattle_man,5620,24.83963004,,,,,,,,,,,,,
CLUSTER_160,A,horse_man,2174.2,24.83963004,,2.7,,,,,,,,,,,
CLUSTER_160,A,pig_man,238.759,24.83963004,,,,,,,,,,,,,
CLUSTER_161,A,pig_man,1184,49.52190812,,,,,,,,,,,,,
CLUSTER_177,A,horse_man,285.4,58.26808477,,,,,,,,,,,,,
CLUSTER_181,A,cattle_man,10934.199,27.65471561,,,,,,,,,,,,,
CLUSTER_181,A,horse_man,824.1,27.65471561,,,,,,,,,,,,,
CLUSTER_181,A,pig_man,1482.4,27.65471561,,,,,,,,,,,,,
CLUSTER_188,A,pig_man,27.346,63.80669792,,,,,,,,,,,,,
CLUSTER_194,A,cattle_man,4180.5,28.63953756,,,,,,,,,,,,,
CLUSTER_194,A,horse_man,974.4,28.63953756,,,,,,,,,,,,,
CLUSTER_194,A,pig_man,308.943,28.63953756,,,,,,,,,,,,,
CLUSTER_200,A,horse_man,797.9,64.39901864,,,,,,,,,,,,,
CLUSTER_217,A,pig_man,542.22,44.87458106,,,,,,,,,,,,,
CLUSTER_222,A,cattle_man,794.6,35.37141403,,,,,,,,,,,,,
CLUSTER_222,A,horse_man,643.3,35.37141403,,,,,,,,,,,,,
CLUSTER_222,A,pig_man,43.141,35.37141403,,,,,,,,,,,,,
CLUSTER_24,A,cattle_man,15326,31.24554814,,,,,,,,,,,,,
CLUSTER_24,A,horse_man,1586.5,31.24554814,,,,,,,,,,,,,
CLUSTER_24,A,pig_man,438.94,31.24554814,,,,,,,,,,,,,
CLUSTER_242,A,cattle_man,11300,27.17827686,,,,,,,,,,,,,
CLUSTER_242,A,horse_man,850,27.17827686,,,,,,,,,,,,,
CLUSTER_242,A,pig_man,257.9398,27.17827686,,,,,,,,,,,,,
CLUSTER_246,A,cattle_man,2279.3,48.30018227,,,,,,,,,,,,,
CLUSTER_246,A,horse_man,1160.4,48.30018227,,,,,,,,,,,,,
CLUSTER_246,A,pig_man,400.322,48.30018227,,,,,,,,,,,,,
CLUSTER_247,A,cattle_man,2871,45.91237106,,,,,,,,,,,,,
CLUSTER_247,A,horse_man,632,45.91237106,,,,,,,,,,,,,
CLUSTER_251,A,horse_man,239.3,61.38800057,,,,,,,,,,,,,
CLUSTER_272,A,cattle_man,3166.9,34.43574956,,,,,,,,,,,,,
CLUSTER_272,A,horse_man,1033,34.43574956,,,,,,,,,,,,,
CLUSTER_277,A,horse_man,872.3,63.28409704,,,,,,,,,,,,,
CLUSTER_283,A,cattle_man,4490.4,31.57718298,,,,,,,,,,,,,
CLUSTER_283,A,horse_man,349.112,31.57718298,,,,,,,,,,,,,
CLUSTER_283,A,pig_man,1637.37,31.57718298,,,,,,,,,,,,,
CLUSTER_289,A,cattle_man,2928.51287,4.093974123,,,,,,,,,,,,,
CLUSTER_289,A,cattle_slu,21630,4.093974123,,,,,,,,,,,,,
CLUSTER_289,A,horse_man,747.4,4.093974123,,,,,,,,,,,,,
CLUSTER_289,A,pig_man,222.68,4.093974123,,,,,,,,,,,,,
CLUSTER_289,A,pig_slu,3354.6,4.093974123,,,,,,,,,,,,,
CLUSTER_293,A,cattle_man,4637,40.5953638,,,,,,,,,,,,,
CLUSTER_293,A,horse_man,504,40.5953638,,,,,,,,,,,,,
CLUSTER_293,A,pig_man,338.2269,40.5953638,,,,,,,,,,,,,
CLUSTER_298,A,cattle_man,6560,17.33000388,,,,,,,,,,,,,
CLUSTER_298,A,cattle_slu,19530,17.33000388,,,,,,,,,,,,,
CLUSTER_298,A,horse_man,591,17.33000388,,,,,,,,,,,,,
CLUSTER_30,A,cattle_man,5446.59,28.91280346,,,,,,,,,,,,,
CLUSTER_30,A,horse_man,478.27,28.91280346,,,,,,,,,,,,,
CLUSTER_30,A,pig_man,2280,28.91280346,,,,,,,,,,,,,
CLUSTER_310,A,horse_man,461.9999998,94.3134933,,,,,,,,,,,,,
CLUSTER_314,A,pig_man,452.226,39.2560466,,,,,,,,,,,,,
CLUSTER_317,A,cattle_man,11860,56.09084717,,,,,,,,,,,,,
CLUSTER_317,A,horse_man,217.4,56.09084717,,,,,,,,,,,,,
CLUSTER_320,A,horse_man,151.8,40.54114774,,,,,,,,,,,,,
CLUSTER_326,A,cattle_man,7270,53.72614986,,,,,,,,,,,,,
CLUSTER_326,A,horse_man,1285.4,53.72614986,,,,,,,,,,,,,
CLUSTER_326,A,pig_man,707.3,53.72614986,,,,,,,,,,,,,
CLUSTER_328,A,cattle_man,9120,47.39279566,,,,,,,,,,,,,
CLUSTER_328,A,horse_man,333.38,47.39279566,,,,,,,,,,,,,
CLUSTER_328,A,pig_man,824.57,47.39279566,,,,,,,,,,,,,
CLUSTER_332,A,cattle_man,620.3,53.73730734,,,,,,,,,,,,,
CLUSTER_332,A,horse_man,404.6,53.73730734,,,,,,,,,,,,,
CLUSTER_336,A,cattle_man,9570,34.6127577,,,,,,,,,,,,,
CLUSTER_336,A,horse_man,579.9,34.6127577,,,,,,,,,,,,,
CLUSTER_336,A,pig_man,552.236,34.6127577,,,,,,,,,,,,,
CLUSTER_347,A,cattle_man,674,38.4958019,,,,,,,,,,,,,
CLUSTER_347,A,pig_man,55.193,38.4958019,,,,,,,,,,,,,
CLUSTER_348,A,cattle_man,2194,9.647771692,,,,,,,,,,,,,
CLUSTER_348,A,cattle_slu,13760,9.647771692,,,,,,,,,,,,,
CLUSTER_348,A,horse_man,429,9.647771692,,,,,,,,,,,,,
CLUSTER_348,A,pig_man,264.2,9.647771692,,,,,,,,,,,,,
CLUSTER_361,A,cattle_man,4111.29,39.21711089,,,,,,,,,,,,,
CLUSTER_361,A,horse_man,200.3,39.21711089,,,,,,,,,,,,,
CLUSTER_361,A,pig_man,900,39.21711089,,,,,,,,,,,,,
CLUSTER_367,A,pig_man,1184.2,60.80396963,,,,,,,,,,,,,
CLUSTER_38,A,cattle_man,6536,18.44660086,,,,,,,,,,,,,
CLUSTER_38,A,cattle_slu,11030,18.44660086,,,,,,,,,,,,,
CLUSTER_38,A,horse_man,253.8,18.44660086,,,,,,,,,,,,,
CLUSTER_38,A,pig_man,315.61,18.44660086,,,,,,,,,,,,,
CLUSTER_381,A,cattle_man,4175.2,30.02442352,,,,,,,,,,,,,
CLUSTER_381,A,horse_man,1692.89,30.02442352,,,,,,,,,,,,,
CLUSTER_381,A,pig_man,167.133571,30.02442352,,,,,,,,,,,,,
CLUSTER_389,A,cattle_man,790.9,27.62370321,,,,,,,,,,,,,
CLUSTER_389,A,horse_man,483,27.62370321,,,,,,,,,,,,,
CLUSTER_389,A,pig_man,58.461,27.62370321,,,,,,,,,,,,,
CLUSTER_395,A,cattle_man,1724.5,13.49615604,,,,,,,,,,,,,
CLUSTER_395,A,cattle_slu,11396,13.49615604,,,,,,,,,,,,,
CLUSTER_395,A,horse_man,552.08,13.49615604,,,,,,,,,,,,,
CLUSTER_395,A,pig_man,29.4111,13.49615604,,,,,,,,,,,,,
CLUSTER_4,A,cattle_man,20439,15.50076116,,,,,,,,,,,,,
CLUSTER_4,A,cattle_slu,14925.2,15.50076116,,,,,,,,,,,,,
CLUSTER_4,A,horse_man,2532.2,15.50076116,,,,,,,,,,,,,
CLUSTER_4,A,pig_man,730.49,15.50076116,,,,,,,,,,,,,
CLUSTER_404,A,horse_man,106.291083,52.43961657,,,,,,,,,,,,,
CLUSTER_404,A,pig_man,75.63,52.43961657,,,,,,,,,,,,,
CLUSTER_405,A,cattle_man,3574,18.72752586,,,,,,,,,,,,,
CLUSTER_405,A,cattle_slu,18811.7,18.72752586,,,,,,,,,,,,,
CLUSTER_405,A,horse_man,311.8,18.72752586,,,,,,,,,,,,,
CLUSTER_405,A,pig_man,1316,18.72752586,,,,,,,,,,,,,
CLUSTER_41,A,cattle_man,390.8,32.60178892,,,,,,,,,,,,,
CLUSTER_41,A,pig_man,16.8586,32.60178892,,,,,,,,,,,,,
CLUSTER_417,A,cattle_man,11640,24.98450546,,,,,,,,,,,,,
CLUSTER_417,A,horse_man,430.8,24.98450546,,,,,,,,,,,,,
CLUSTER_417,A,pig_man,197.25,24.98450546,,,,,,,,,,,,,
CLUSTER_418,A,cattle_man,5426.46,30.40108354,,,,,,,,,,,,,
CLUSTER_418,A,horse_man,144.9,30.40108354,,,,,,,,,,,,,
CLUSTER_418,A,pig_man,116.425,30.40108354,,,,,,,,,,,,,
CLUSTER_420,A,cattle_man,7064,18.65288267,,,,,,,,,,,,,
CLUSTER_420,A,cattle_slu,40370,18.65288267,,,,,,,,,,,,,
CLUSTER_420,A,horse_man,315.77,18.65288267,,,,,,,,,,,,,
CLUSTER_420,A,pig_man,412.5,18.65288267,,,,,,,,,,,,,
CLUSTER_421,A,cattle_man,2121,21.34896572,,,,,,,,,,,,,
CLUSTER_421,A,cattle_slu,11503,21.34896572,,,,,,,,,,,,,
CLUSTER_421,A,horse_man,802.6,21.34896572,,,,,,,,,,,,,
CLUSTER_424,A,horse_man,879.04,64.6488672,,,,,,,,,,,,,
CLUSTER_445,A,cattle_man,831.9,39.81980733,,,,,,,,,,,,,
CLUSTER_445,A,horse_man,58.691,39.81980733,,,,,,,,,,,,,
CLUSTER_445,A,pig_man,3700,39.81980733,,,,,,,,,,,,,
CLUSTER_454,A,pig_man,279.8,40.40002789,,,,,,,,,,,,,
CLUSTER_455,A,cattle_man,11640,45.91159004,,,,,,,,,,,,,
CLUSTER_455,A,horse_man,810.1,45.91159004,,,,,,,,,,,,,
CLUSTER_455,A,pig_man,488.41,45.91159004,,,,,,,,,,,,,
CLUSTER_46,A,cattle_man,1697,22.95143464,,,,,,,,,,,,,
CLUSTER_46,A,horse_man,2237,22.95143464,,,,,,,,,,,,,
CLUSTER_46,A,pig_man,83.87871,22.95143464,,,,,,,,,,,,,
CLUSTER_465,A,pig_man,518,51.68111692,,,,,,,,,,,,,
CLUSTER_467,A,pig_man,1040.9,73.23903913,,,,,,,,,,,,,
CLUSTER_468,A,cattle_man,1492,25.66830717,,,,,,,,,,,,,
CLUSTER_468,A,horse_man,11.2,25.66830717,,,,,,,,,,,,,
CLUSTER_483,A,cattle_man,2116.9,34.33843964,,,,,,,,,,,,,
CLUSTER_483,A,horse_man,289.75,34.33843964,,,,,,,,,,,,,
CLUSTER_483,A,pig_man,2458.9,34.33843964,,,,,,,,,,,,,
CLUSTER_486,A,pig_man,772,41.80705227,,,,,,,,,,,,,
CLUSTER_49,A,horse_man,1710.1,52.00713868,,,,,,,,,,,,,
CLUSTER_490,A,pig_man,105.9,53.61025037,,,,,,,,,,,,,
CLUSTER_491,A,horse_man,277.6,54.21975683,,,,,,,,,,,,,
CLUSTER_494,A,cattle_man,9580,47.61126783,,,,,,,,,,,,,
CLUSTER_494,A,horse_man,104.9,47.61126783,,,,,,,,,,,,,
CLUSTER_494,A,pig_man,566.9,47.61126783,,,,,,,,,,,,,
CLUSTER_497,A,horse_man,138.0999993,69.36870224,,,,,,,,,,,,,
CLUSTER_506,A,cattle_man,1700,38.41797287,,,,,,,,,,,,,
CLUSTER_506,A,horse_man,529,38.41797287,,,,,,,,,,,,,
CLUSTER_506,A,pig_man,228.0325,38.41797287,,,,,,,,,,,,,
CLUSTER_517,A,cattle_man,2042,35.18364342,,,,,,,,,,,,,
CLUSTER_517,A,horse_man,372.7,35.18364342,,,,,,,,,,,,,
CLUSTER_524,A,cattle_man,2192,36.07819619,,,,,,,,,,,,,
CLUSTER_524,A,pig_man,18.178,36.07819619,,,,,,,,,,,,,
CLUSTER_525,A,cattle_man,4927.7,53.9007391,,,,,,,,,,,,,
CLUSTER_525,A,horse_man,29.06,53.9007391,,,,,,,,,,,,,
CLUSTER_525,A,pig_man,24.965,53.9007391,,,,,,,,,,,,,
CLUSTER_526,A,horse_man,485,70.84867643,,,,,,,,,,,,,
CLUSTER_526,A,pig_man,141,70.84867643,,,,,,,,,,,,,
CLUSTER_530,A,horse_man,443.5999992,85.21400323,,,,,,,,,,,,,
CLUSTER_532,A,cattle_man,3510.0508,32.47704032,,,,,,,,,,,,,
CLUSTER_532,A,horse_man,177.7,32.47704032,,,,,,,,,,,,,
CLUSTER_532,A,pig_man,411.16,32.47704032,,,,,,,,,,,,,
CLUSTER_535,A,pig_man,20.86065861,67.26712304,,,,,,,,,,,,,
CLUSTER_75,A,cattle_man,15511.3,19.70091726,,,,,,,,,,,,,
CLUSTER_75,A,cattle_slu,10715.148,19.70091726,,,,,,,,,,,,,
CLUSTER_75,A,horse_man,1454.5,19.70091726,,,,,,,,,,,,,
CLUSTER_75,A,pig_man,1113.72,19.70091726,,,,,,,,,,,,,
CLUSTER_76,A,pig_man,125.43,65.40219636,,,,,,,,,,,,,
CLUSTER_80,A,horse_man,210.9,66.049276,,,,,,,,,,,,,
CLUSTER_87,A,cattle_man,23670,45.54166768,,,,,,,,,,,,,
CLUSTER_87,A,horse_man,362.10543,45.54166768,,,,,,,,,,,,,
CLUSTER_87,A,pig_man,544.04,45.54166768,,,,,,,,,,,,,
CLUSTER_88,A,cattle_man,1437,23.00439718,,,,,,,,,,,,,
CLUSTER_88,A,horse_man,1496.2,23.00439718,,,,,,,,,,,,,
CLUSTER_88,A,pig_man,46.4858,23.00439718,,,,,,,,,,,,,
CLUSTER_95,A,horse_man,229.22,66.80067604,,,,,,,,,,,,,
CLUSTER_96,A,cattle_man,3690,44.1781278,,,,,,,,,,,,,
CLUSTER_96,A,horse_man,2943.838,44.1781278,,,,,,,,,,,,,
CLUSTER_96,A,pig_man,107.14,44.1781278,,,,,,,,,,,,,
CLUSTER_97,A,horse_man,1074.178617,51.57685377,,,,,,,,,,,,,
CLUSTER_111,D,cattle_man,13173,28.06353695,,,,,,,,,,,,,
CLUSTER_111,D,horse_man,2114,28.06353695,,,,,,,,,,,,,
CLUSTER_111,D,legume_str,253.9,28.06353695,,,,,,,,,,,,,
CLUSTER_111,D,pig_man,262.226,28.06353695,,,,,,,,,,,,,
CLUSTER_111,D,rape_str,739.75,28.06353695,,,,,,,,,,,,,
CLUSTER_123,D,cattle_man,9000,13.5698602,,,,,,,,,,,,,
CLUSTER_123,D,cattle_slu,48680,13.5698602,,,,,,,,,,,,,
CLUSTER_123,D,horse_man,1614,13.5698602,,,,,,,,,,,,,
CLUSTER_123,D,legume_str,222.8,13.5698602,,,,,,,,,,,,,
CLUSTER_123,D,pig_man,92.5800179,13.5698602,,,,,,,,,,,,,
CLUSTER_123,D,rape_str,1051,13.5698602,,,,,,,,,,,,,
CLUSTER_127,D,horse_man,2828.1,35.0163051,,,,,,,,,,,,,
CLUSTER_128,D,cattle_man,10124.4,28.85674729,,,,,,,,,,,,,
CLUSTER_128,D,horse_man,2411.7,28.85674729,,,,,,,,,,,,,
CLUSTER_128,D,legume_str,170.4,28.85674729,,,,,,,,,,,,,
CLUSTER_128,D,pig_man,539,28.85674729,,,,,,,,,,,,,
CLUSTER_128,D,rape_str,635.2,28.85674729,,,,,,,,,,,,,
CLUSTER_129,D,cattle_man,8284,38.2223927,,,,,,,,,,,,,
CLUSTER_129,D,horse_man,1743.9,38.2223927,,,,,,,,,,,,,
CLUSTER_129,D,pig_man,245.9917,38.2223927,,,,,,,,,,,,,
CLUSTER_132,D,cattle_man,7032.59,22.39241829,,,,,,,,,,,,,
CLUSTER_132,D,horse_man,795.885,22.39241829,,,,,,,,,,,,,
CLUSTER_132,D,legume_str,147.22,22.39241829,,,,,,,,,,,,,
CLUSTER_132,D,pig_man,943.9,22.39241829,,,,,,,,,,,,,
CLUSTER_132,D,rape_str,929,22.39241829,,,,,,,,,,,,,
CLUSTER_138,D,cattle_man,10203,29.75350905,,,,,,,,,,,,,
CLUSTER_138,D,horse_man,665.1,29.75350905,,,,,,,,,,,,,
CLUSTER_138,D,legume_str,467.8,29.75350905,,,,,,,,,,,,,
CLUSTER_138,D,pig_man,1203.8,29.75350905,,,,,,,,,,,,,
CLUSTER_14,D,cattle_man,9659,11.87301377,,,,,,,,,,,,,
CLUSTER_14,D,cattle_slu,49630,11.87301377,,,,,,,,,,,,,
CLUSTER_14,D,horse_man,2695.2,11.87301377,,,,,,,,,,,,,
CLUSTER_14,D,legume_str,20.98,11.87301377,,,,,,,,,,,,,
CLUSTER_14,D,pig_man,256.805,11.87301377,,,,,,,,,,,,,
CLUSTER_14,D,rape_str,1443.9,11.87301377,,,,,,,,,,,,,
CLUSTER_166,D,cattle_man,6826,33.11936456,,,,,,,,,,,,,
CLUSTER_166,D,horse_man,763.7,33.11936456,,,,,,,,,,,,,
CLUSTER_166,D,legume_str,112.33,33.11936456,,,,,,,,,,,,,
CLUSTER_166,D,pig_man,110.044731,33.11936456,,,,,,,,,,,,,
CLUSTER_187,D,cattle_man,4003,16.28642921,,,,,,,,,,,,,
CLUSTER_187,D,cattle_slu,24160,16.28642921,,,,,,,,,,,,,
CLUSTER_187,D,horse_man,2955,16.28642921,,,,,,,,,,,,,
CLUSTER_187,D,legume_str,419.6,16.28642921,,,,,,,,,,,,,
CLUSTER_187,D,pig_man,939.3,16.28642921,,,,,,,,,,,,,
CLUSTER_187,D,rape_str,1186.6,16.28642921,,,,,,,,,,,,,
CLUSTER_201,D,cattle_man,7892,43.76030157,,,,,,,,,,,,,
CLUSTER_201,D,horse_man,2174.1,43.76030157,,,,,,,,,,,,,
CLUSTER_206,D,cattle_man,21950,35.50703474,,,,,,,,,,,,,
CLUSTER_206,D,horse_man,726.8,35.50703474,,,,,,,,,,,,,
CLUSTER_206,D,pig_man,146.60495,35.50703474,,,,,,,,,,,,,
CLUSTER_210,D,cattle_man,12910,30.07109381,,,,,,,,,,,,,
CLUSTER_210,D,horse_man,779,30.07109381,,,,,,,,,,,,,
CLUSTER_210,D,legume_str,108,30.07109381,,,,,,,,,,,,,
CLUSTER_210,D,pig_man,122.1,30.07109381,,,,,,,,,,,,,
CLUSTER_235,D,cattle_man,3182,20.18248681,,,,,,,,,,,,,
CLUSTER_235,D,cattle_slu,11970,20.18248681,,,,,,,,,,,,,
CLUSTER_235,D,horse_man,1307.7,20.18248681,,,,,,,,,,,,,
CLUSTER_235,D,legume_str,260.6,20.18248681,,,,,,,,,,,,,
CLUSTER_235,D,pig_man,439.78,20.18248681,,,,,,,,,,,,,
CLUSTER_235,D,rape_str,208.9,20.18248681,,,,,,,,,,,,,
CLUSTER_248,D,horse_man,258.4,59.24022379,,,,,,,,,,,,,
CLUSTER_248,D,pig_man,337,59.24022379,,,,,,,,,,,,,
CLUSTER_253,D,cattle_man,6043,39.16711148,,,,,,,,,,,,,
CLUSTER_253,D,horse_man,3082,39.16711148,,,,,,,,,,,,,
CLUSTER_253,D,pig_man,379.28,39.16711148,,,,,,,,,,,,,
CLUSTER_256,D,pig_man,14.8359,62.0561998,,,,,,,,,,,,,
CLUSTER_297,D,cattle_man,11530,40.96232528,,,,,,,,,,,,,
CLUSTER_297,D,horse_man,3459,40.96232528,,,,,,,,,,,,,
CLUSTER_297,D,pig_man,153.126,40.96232528,,,,,,,,,,,,,
CLUSTER_303,D,cattle_man,3262,49.57710701,,,,,,,,,,,,,
CLUSTER_303,D,horse_man,1570,49.57710701,,,,,,,,,,,,,
CLUSTER_303,D,pig_man,1707,49.57710701,,,,,,,,,,,,,
CLUSTER_305,D,cattle_man,4426,21.49110458,,,,,,,,,,,,,
CLUSTER_305,D,horse_man,533.2,21.49110458,,,,,,,,,,,,,
CLUSTER_305,D,legume_str,120.96,21.49110458,,,,,,,,,,,,,
CLUSTER_305,D,pig_man,388.58,21.49110458,,,,,,,,,,,,,
CLUSTER_305,D,rape_str,1126.6,21.49110458,,,,,,,,,,,,,
CLUSTER_315,D,cattle_man,6294,37.25401991,,,,,,,,,,,,,
CLUSTER_315,D,horse_man,1179.8,37.25401991,,,,,,,,,,,,,
CLUSTER_315,D,pig_man,304.3853,37.25401991,,,,,,,,,,,,,
CLUSTER_316,D,cattle_man,7202,24.71230641,,,,,,,,,,,,,
CLUSTER_316,D,horse_man,1505.3,24.71230641,,,,,,,,,,,,,
CLUSTER_316,D,legume_str,235.5,24.71230641,,,,,,,,,,,,,
CLUSTER_316,D,pig_man,1285.8,24.71230641,,,,,,,,,,,,,
CLUSTER_316,D,rape_str,1137,24.71230641,,,,,,,,,,,,,
CLUSTER_324,D,cattle_man,6315,42.61578943,,,,,,,,,,,,,
CLUSTER_324,D,horse_man,736.19,42.61578943,,,,,,,,,,,,,
CLUSTER_324,D,pig_man,258.47,42.61578943,,,,,,,,,,,,,
CLUSTER_337,D,cattle_man,13540,14.49213865,,,,,,,,,,,,,
CLUSTER_337,D,cattle_slu,79080,14.49213865,,,,,,,,,,,,,
CLUSTER_337,D,horse_man,1000.06,14.49213865,,,,,,,,,,,,,
CLUSTER_337,D,legume_str,187.9,14.49213865,,,,,,,,,,,,,
CLUSTER_337,D,rape_str,148,14.49213865,,,,,,,,,,,,,
CLUSTER_339,D,horse_man,2136.8,35.67601635,,,,,,,,,,,,,
CLUSTER_339,D,pig_man,586.97,35.67601635,,,,,,,,,,,,,
CLUSTER_341,D,cattle_man,862.8,39.46258087,,,,,,,,,,,,,
CLUSTER_341,D,horse_man,2031.8,39.46258087,,,,,,,,,,,,,
CLUSTER_341,D,pig_man,160.943,39.46258087,,,,,,,,,,,,,
CLUSTER_342,D,cattle_man,4948,52.36003958,,,,,,,,,,,,,
CLUSTER_342,D,horse_man,2247,52.36003958,,,,,,,,,,,,,
CLUSTER_342,D,pig_man,109.9,52.36003958,,,,,,,,,,,,,
CLUSTER_365,D,beet_leaf,181,4.279182258,,,,,,,,,,,,,
CLUSTER_365,D,cattle_man,16120,4.279182258,,,,,,,,,,,,,
CLUSTER_365,D,cattle_slu,94000,4.279182258,,,,,,,,,,,,,
CLUSTER_365,D,horse_man,1341,4.279182258,,,,,,,,,,,,,
CLUSTER_365,D,legume_str,86.1,4.279182258,,,,,,,,,,,,,
CLUSTER_365,D,rape_str,408.7,4.279182258,,,,,,,,,,,,,
CLUSTER_366,D,horse_man,199.48,44.17620517,,,,,,,,,,,,,
CLUSTER_368,D,cattle_man,6947,24.07919788,,,,,,,,,,,,,
CLUSTER_368,D,horse_man,1001.7,24.07919788,,,,,,,,,,,,,
CLUSTER_368,D,legume_str,152.78,24.07919788,,,,,,,,,,,,,
CLUSTER_368,D,pig_man,61.345,24.07919788,,,,,,,,,,,,,
CLUSTER_368,D,rape_str,482.8,24.07919788,,,,,,,,,,,,,
CLUSTER_376,D,cattle_man,2955,29.84077301,,,,,,,,,,,,,
CLUSTER_376,D,horse_man,494.96,29.84077301,,,,,,,,,,,,,
CLUSTER_376,D,legume_str,508,29.84077301,,,,,,,,,,,,,
CLUSTER_376,D,pig_man,263.4000241,29.84077301,,,,,,,,,,,,,
CLUSTER_377,D,cattle_man,1881.3,48.19439363,,,,,,,,,,,,,
CLUSTER_377,D,horse_man,627.7,48.19439363,,,,,,,,,,,,,
CLUSTER_377,D,pig_man,294.4,48.19439363,,,,,,,,,,,,,
CLUSTER_383,D,cattle_man,4512,21.44124575,,,,,,,,,,,,,
CLUSTER_383,D,horse_man,1382.2,21.44124575,,,,,,,,,,,,,
CLUSTER_383,D,legume_str,135.1,21.44124575,,,,,,,,,,,,,
CLUSTER_383,D,pig_man,350.7,21.44124575,,,,,,,,,,,,,
CLUSTER_383,D,rape_str,355.5,21.44124575,,,,,,,,,,,,,
CLUSTER_393,D,cattle_man,1357,13.54605769,,,,,,,,,,,,,
CLUSTER_393,D,cattle_slu,6467,13.54605769,,,,,,,,,,,,,
CLUSTER_393,D,horse_man,968.1,13.54605769,,,,,,,,,,,,,
CLUSTER_393,D,legume_str,44.84,13.54605769,,,,,,,,,,,,,
CLUSTER_393,D,rape_str,213.5,13.54605769,,,,,,,,,,,,,
CLUSTER_411,D,cattle_man,18310,28.13255226,,,,,,,,,,,,,
CLUSTER_411,D,horse_man,1163.4,28.13255226,,,,,,,,,,,,,
CLUSTER_411,D,legume_str,302.2,28.13255226,,,,,,,,,,,,,
CLUSTER_411,D,pig_man,527.79,28.13255226,,,,,,,,,,,,,
CLUSTER_411,D,rape_str,409.6,28.13255226,,,,,,,,,,,,,
CLUSTER_415,D,horse_man,3241,54.77782639,,,,,,,,,,,,,
CLUSTER_42,D,cattle_man,15075,36.83631639,,,,,,,,,,,,,
CLUSTER_42,D,horse_man,1097.5,36.83631639,,,,,,,,,,,,,
CLUSTER_42,D,pig_man,1804.5,36.83631639,,,,,,,,,,,,,
CLUSTER_427,D,cattle_man,8930,30.32625344,,,,,,,,,,,,,
CLUSTER_427,D,horse_man,3104.5,30.32625344,,,,,,,,,,,,,
CLUSTER_427,D,legume_str,351,30.32625344,,,,,,,,,,,,,
CLUSTER_427,D,pig_man,799.2,30.32625344,,,,,,,,,,,,,
CLUSTER_428,D,cattle_man,6500,38.30979029,,,,,,,,,,,,,
CLUSTER_428,D,horse_man,792,38.30979029,,,,,,,,,,,,,
CLUSTER_428,D,pig_man,58.397,38.30979029,,,,,,,,,,,,,
CLUSTER_432,D,cattle_man,3340,28.34785216,,,,,,,,,,,,,
CLUSTER_432,D,horse_man,1122.3,28.34785216,,,,,,,,,,,,,
CLUSTER_432,D,legume_str,291.34,28.34785216,,,,,,,,,,,,,
CLUSTER_432,D,pig_man,80.1,28.34785216,,,,,,,,,,,,,
CLUSTER_432,D,rape_str,1000.7,28.34785216,,,,,,,,,,,,,
CLUSTER_44,D,cattle_man,14660,18.18744442,,,,,,,,,,,,,
CLUSTER_44,D,cattle_slu,73970,18.18744442,,,,,,,,,,,,,
CLUSTER_44,D,horse_man,1288,18.18744442,,,,,,,,,,,,,
CLUSTER_44,D,legume_str,336.7,18.18744442,,,,,,,,,,,,,
CLUSTER_44,D,rape_str,694.67,18.18744442,,,,,,,,,,,,,
CLUSTER_446,D,cattle_man,11600,21.15960954,,,,,,,,,,,,,
CLUSTER_446,D,cattle_slu,55827.21163,21.15960954,,,,,,,,,,,,,
CLUSTER_446,D,horse_man,1600,21.15960954,,,,,,,,,,,,,
CLUSTER_446,D,legume_str,132.72,21.15960954,,,,,,,,,,,,,
CLUSTER_446,D,pig_man,216.2920123,21.15960954,,,,,,,,,,,,,
CLUSTER_446,D,rape_str,165,21.15960954,,,,,,,,,,,,,
CLUSTER_452,D,cattle_man,3960,41.34683498,,,,,,,,,,,,,
CLUSTER_452,D,horse_man,922,41.34683498,,,,,,,,,,,,,
CLUSTER_452,D,pig_man,550,41.34683498,,,,,,,,,,,,,
CLUSTER_463,D,cattle_man,3189,40.68114881,,,,,,,,,,,,,
CLUSTER_463,D,horse_man,384.3,40.68114881,,,,,,,,,,,,,
CLUSTER_463,D,pig_man,180.00319,40.68114881,,,,,,,,,,,,,
CLUSTER_479,D,cattle_man,6870,5.908453753,,,,,,,,,,,,,
CLUSTER_479,D,cattle_slu,44370,5.908453753,,,,,,,,,,,,,
CLUSTER_479,D,horse_man,1092,5.908453753,,,,,,,,,,,,,
CLUSTER_479,D,legume_str,75.09,5.908453753,,,,,,,,,,,,,
CLUSTER_479,D,rape_str,157.9,5.908453753,,,,,,,,,,,,,
CLUSTER_485,D,cattle_man,3740,19.53374078,,,,,,,,,,,,,
CLUSTER_485,D,cattle_slu,12510,19.53374078,,,,,,,,,,,,,
CLUSTER_485,D,horse_man,1447,19.53374078,,,,,,,,,,,,,
CLUSTER_485,D,legume_str,229,19.53374078,,,,,,,,,,,,,
CLUSTER_485,D,pig_man,19.72,19.53374078,,,,,,,,,,,,,
CLUSTER_485,D,rape_str,948,19.53374078,,,,,,,,,,,,,
CLUSTER_500,D,cattle_man,5430,31.87177093,,,,,,,,,,,,,
CLUSTER_500,D,horse_man,798,31.87177093,,,,,,,,,,,,,
CLUSTER_500,D,legume_str,135.3,31.87177093,,,,,,,,,,,,,
CLUSTER_500,D,pig_man,32.31,31.87177093,,,,,,,,,,,,,
CLUSTER_507,D,cattle_man,9890,35.25151451,,,,,,,,,,,,,
CLUSTER_507,D,horse_man,1199.4,35.25151451,,,,,,,,,,,,,
CLUSTER_511,D,cattle_man,2498,22.32751246,,,,,,,,,,,,,
CLUSTER_511,D,horse_man,1308.31,22.32751246,,,,,,,,,,,,,
CLUSTER_511,D,legume_str,142.4,22.32751246,,,,,,,,,,,,,
CLUSTER_511,D,pig_man,317.6,22.32751246,,,,,,,,,,,,,
CLUSTER_511,D,rape_str,393.2,22.32751246,,,,,,,,,,,,,
CLUSTER_515,D,cattle_man,991,35.99703867,,,,,,,,,,,,,
CLUSTER_515,D,horse_man,126.2,35.99703867,,,,,,,,,,,,,
CLUSTER_515,D,pig_man,1089,35.99703867,,,,,,,,,,,,,
CLUSTER_531,D,cattle_man,750,28.68492918,,,,,,,,,,,,,
CLUSTER_531,D,horse_man,424.9,28.68492918,,,,,,,,,,,,,
CLUSTER_531,D,legume_str,89.3,28.68492918,,,,,,,,,,,,,
CLUSTER_531,D,pig_man,133,28.68492918,,,,,,,,,,,,,
CLUSTER_531,D,rape_str,167,28.68492918,,,,,,,,,,,,,
CLUSTER_533,D,cattle_man,693,38.70838529,,,,,,,,,,,,,
CLUSTER_533,D,horse_man,654,38.70838529,,,,,,,,,,,,,
CLUSTER_533,D,pig_man,70.1,38.70838529,,,,,,,,,,,,,
CLUSTER_534,D,cattle_man,2189,28.4673362,,,,,,,,,,,,,
CLUSTER_534,D,horse_man,1873.6,28.4673362,,,,,,,,,,,,,
CLUSTER_534,D,legume_str,317.1,28.4673362,,,,,,,,,,,,,
CLUSTER_534,D,pig_man,1003,28.4673362,,,,,,,,,,,,,
CLUSTER_534,D,rape_str,1184,28.4673362,,,,,,,,,,,,,
CLUSTER_6,D,horse_man,339.439139,59.8283511,,,,,,,,,,,,,
CLUSTER_6,D,pig_man,1816.7,59.8283511,,,,,,,,,,,,,
CLUSTER_63,D,horse_man,4380.740621,53.05136056,,,,,,,,,,,,,
CLUSTER_63,D,pig_man,79.20406,53.05136056,,,,,,,,,,,,,
CLUSTER_83,D,cattle_man,8530,9.506499337,,,,,,,,,,,,,
CLUSTER_83,D,cattle_slu,46620,9.506499337,,,,,,,,,,,,,
CLUSTER_83,D,horse_man,2092,9.506499337,,,,,,,,,,,,,
CLUSTER_83,D,legume_str,40.02,9.506499337,,,,,,,,,,,,,
CLUSTER_83,D,pig_man,44.2,9.506499337,,,,,,,,,,,,,
CLUSTER_83,D,rape_str,472,9.506499337,,,,,,,,,,,,,
CLUSTER_84,D,horse_man,1672.149564,50.78015184,,,,,,,,,,,,,
CLUSTER_9,D,cattle_man,4512.6,31.41560227,,,,,,,,,,,,,
CLUSTER_9,D,horse_man,1859.2,31.41560227,,,,,,,,,,,,,
CLUSTER_9,D,legume_str,267.44,31.41560227,,,,,,,,,,,,,
CLUSTER_9,D,pig_man,1813,31.41560227,,,,,,,,,,,,,
CLUSTER_150,E,legume_str,116.5,41.89930385,,,,,,,,,,,,,
CLUSTER_150,E,rape_str,158.8,41.89930385,,,,,,,,,,,,,
CLUSTER_155,E,legume_str,662.1,20.74870694,,,,,,,,,,,,,
CLUSTER_155,E,maize_str,5236,20.74870694,,,,,,,,,,,,,
CLUSTER_155,E,rape_str,1777,20.74870694,,,,,,,,,,,,,
CLUSTER_175,E,beet_leaf,28760,10.09715799,,,,,,,,,,,,,
CLUSTER_175,E,cattle_man,2182.272,10.09715799,,,,,,,,,,,,,
CLUSTER_175,E,legume_str,508.2,10.09715799,,,,,,,,,,,,,
CLUSTER_175,E,maize_str,1895,10.09715799,,,,,,,,,,,,,
CLUSTER_175,E,rape_str,1513,10.09715799,,,,,,,,,,,,,
CLUSTER_180,E,cattle_man,2402.6,22.2313385,,,,,,,,,,,,,
CLUSTER_180,E,legume_str,350,22.2313385,,,,,,,,,,,,,
CLUSTER_180,E,maize_str,9410,22.2313385,,,,,,,,,,,,,
CLUSTER_180,E,rape_str,2510,22.2313385,,,,,,,,,,,,,
CLUSTER_184,E,beet_leaf,43100,5.038988384,,,,,,,,,,,,,
CLUSTER_184,E,cattle_man,2092,5.038988384,,,,,,,,,,,,,
CLUSTER_184,E,cattle_slu,11230,5.038988384,,,,,,,,,,,,,
CLUSTER_184,E,legume_str,480,5.038988384,,,,,,,,,,,,,
CLUSTER_184,E,maize_str,4690,5.038988384,,,,,,,,,,,,,
CLUSTER_184,E,rape_str,1554,5.038988384,,,,,,,,,,,,,
CLUSTER_186,E,cattle_man,2851,22.79650062,,,,,,,,,,,,,
CLUSTER_186,E,legume_str,321.6,22.79650062,,,,,,,,,,,,,
CLUSTER_186,E,maize_str,2451,22.79650062,,,,,,,,,,,,,
CLUSTER_186,E,rape_str,2267,22.79650062,,,,,,,,,,,,,
CLUSTER_195,E,legume_str,17.12,40.78300778,,,,,,,,,,,,,
CLUSTER_195,E,rape_str,51.9,40.78300778,,,,,,,,,,,,,
CLUSTER_2,E,legume_str,639.4,32.29273334,,,,,,,,,,,,,
CLUSTER_2,E,rape_str,2407,32.29273334,,,,,,,,,,,,,
CLUSTER_223,E,legume_str,122.22,33.26582409,,,,,,,,,,,,,
CLUSTER_223,E,rape_str,240.1,33.26582409,,,,,,,,,,,,,
CLUSTER_240,E,cattle_man,402.04,15.66716825,,,,,,,,,,,,,
CLUSTER_240,E,legume_str,511.7,15.66716825,,,,,,,,,,,,,
CLUSTER_240,E,maize_str,2018.1,15.66716825,,,,,,,,,,,,,
CLUSTER_240,E,rape_str,698,15.66716825,,,,,,,,,,,,,
CLUSTER_241,E,legume_str,14.47,41.05369058,,,,,,,,,,,,,
CLUSTER_241,E,rape_str,46,41.05369058,,,,,,,,,,,,,
CLUSTER_267,E,beet_leaf,9280.733313,13.9575231,,,,,,,,,,,,,
CLUSTER_267,E,cattle_man,6170,13.9575231,,,,,,,,,,,,,
CLUSTER_267,E,legume_str,523.5,13.9575231,,,,,,,,,,,,,
CLUSTER_267,E,maize_str,4239,13.9575231,,,,,,,,,,,,,
CLUSTER_267,E,rape_str,1938,13.9575231,,,,,,,,,,,,,
CLUSTER_274,E,legume_str,393.2,35.36945043,,,,,,,,,,,,,
CLUSTER_274,E,rape_str,401.4,35.36945043,,,,,,,,,,,,,
CLUSTER_280,E,legume_str,227.3,37.84289603,,,,,,,,,,,,,
CLUSTER_280,E,rape_str,224.4,37.84289603,,,,,,,,,,,,,
CLUSTER_284,E,legume_str,192.3,24.07287264,,,,,,,,,,,,,
CLUSTER_284,E,maize_str,3599,24.07287264,,,,,,,,,,,,,
CLUSTER_284,E,rape_str,262.2,24.07287264,,,,,,,,,,,,,
CLUSTER_295,E,legume_str,228.28,21.53532564,,,,,,,,,,,,,
CLUSTER_295,E,maize_str,1481,21.53532564,,,,,,,,,,,,,
CLUSTER_295,E,rape_str,310.5,21.53532564,,,,,,,,,,,,,
CLUSTER_301,E,legume_str,364.26,19.67845911,,,,,,,,,,,,,
CLUSTER_301,E,maize_str,3168,19.67845911,,,,,,,,,,,,,
CLUSTER_301,E,rape_str,382.1,19.67845911,,,,,,,,,,,,,
CLUSTER_321,E,legume_str,474.1,25.69527588,,,,,,,,,,,,,
CLUSTER_321,E,maize_str,1399,25.69527588,,,,,,,,,,,,,
CLUSTER_321,E,rape_str,1433,25.69527588,,,,,,,,,,,,,
CLUSTER_354,E,legume_str,257.3,25.69656337,,,,,,,,,,,,,
CLUSTER_354,E,maize_str,3760.8,25.69656337,,,,,,,,,,,,,
CLUSTER_354,E,rape_str,1672.1,25.69656337,,,,,,,,,,,,,
CLUSTER_355,E,legume_str,1096,31.16728927,,,,,,,,,,,,,
CLUSTER_355,E,maize_str,4310.100321,31.16728927,,,,,,,,,,,,,
CLUSTER_355,E,rape_str,1192,31.16728927,,,,,,,,,,,,,
CLUSTER_37,E,legume_str,791.6,39.92039919,,,,,,,,,,,,,
CLUSTER_37,E,rape_str,2494.6,39.92039919,,,,,,,,,,,,,
CLUSTER_370,E,legume_str,38.17,31.02232964,,,,,,,,,,,,,
CLUSTER_370,E,maize_str,133.51,31.02232964,,,,,,,,,,,,,
CLUSTER_370,E,rape_str,42.4,31.02232964,,,,,,,,,,,,,
CLUSTER_372,E,legume_str,304.78,46.60765729,,,,,,,,,,,,,
CLUSTER_400,E,legume_str,558,16.90428465,,,,,,,,,,,,,
CLUSTER_400,E,maize_str,7990,16.90428465,,,,,,,,,,,,,
CLUSTER_400,E,rape_str,1315,16.90428465,,,,,,,,,,,,,
CLUSTER_408,E,legume_str,270.2,31.94608113,,,,,,,,,,,,,
CLUSTER_408,E,rape_str,1388,31.94608113,,,,,,,,,,,,,
CLUSTER_429,E,legume_str,61.7,32.34706559,,,,,,,,,,,,,
CLUSTER_429,E,rape_str,185.6,32.34706559,,,,,,,,,,,,,
CLUSTER_453,E,beet_leaf,20540,10.63561709,,,,,,,,,,,,,
CLUSTER_453,E,cattle_man,163.9,10.63561709,,,,,,,,,,,,,
CLUSTER_453,E,legume_str,457,10.63561709,,,,,,,,,,,,,
CLUSTER_453,E,maize_str,1817,10.63561709,,,,,,,,,,,,,
CLUSTER_453,E,rape_str,449.1,10.63561709,,,,,,,,,,,,,
CLUSTER_477,E,legume_str,101.5,29.55831631,,,,,,,,,,,,,
CLUSTER_477,E,maize_str,141.3,29.55831631,,,,,,,,,,,,,
CLUSTER_477,E,rape_str,247.7,29.55831631,,,,,,,,,,,,,
CLUSTER_48,E,legume_str,448.03,28.16155113,,,,,,,,,,,,,
CLUSTER_48,E,rape_str,1712,28.16155113,,,,,,,,,,,,,
CLUSTER_488,E,legume_str,451,35.86221074,,,,,,,,,,,,,
CLUSTER_488,E,rape_str,315,35.86221074,,,,,,,,,,,,,
CLUSTER_501,E,beet_leaf,13770,9.676821467,,,,,,,,,,,,,
CLUSTER_501,E,cattle_man,230,9.676821467,,,,,,,,,,,,,
CLUSTER_501,E,legume_str,355.2,9.676821467,,,,,,,,,,,,,
CLUSTER_501,E,maize_str,3960,9.676821467,,,,,,,,,,,,,
CLUSTER_501,E,rape_str,1822,9.676821467,,,,,,,,,,,,,
CLUSTER_73,E,cattle_man,5812,18.12573806,,,,,,,,,,,,,
CLUSTER_73,E,legume_str,648,18.12573806,,,,,,,,,,,,,
CLUSTER_73,E,maize_str,11358,18.12573806,,,,,,,,,,,,,
CLUSTER_73,E,rape_str,3434,18.12573806,,,,,,,,,,,,,
CLUSTER_91,E,legume_str,391.1,18.49498768,,,,,,,,,,,,,
CLUSTER_91,E,maize_str,5136,18.49498768,,,,,,,,,,,,,
CLUSTER_91,E,rape_str,434.47,18.49498768,,,,,,,,,,,,,
CLUSTER_109,I,pig_man,121.22265,50.89775012,,,,,,,,,,,,,
CLUSTER_124,I,cattle_man,20030,30.68288607,,,,,,,,,,,,,
CLUSTER_124,I,horse_man,2749,30.68288607,,,,,,,,,,,,,
CLUSTER_124,I,pig_man,225.04,30.68288607,,,,,,,,,,,,,
CLUSTER_146,I,cattle_man,2485,26.99046674,,,,,,,,,,,,,
CLUSTER_146,I,horse_man,847,26.99046674,,,,,,,,,,,,,
CLUSTER_155,I,cattle_man,533.52,40.92254458,,,,,,,,,,,,,
CLUSTER_155,I,horse_man,1141.3,40.92254458,,,,,,,,,,,,,
CLUSTER_155,I,pig_man,1243.7,40.92254458,,,,,,,,,,,,,
CLUSTER_159,I,cattle_man,8440,29.58702533,,,,,,,,,,,,,
CLUSTER_159,I,horse_man,2721,29.58702533,,,,,,,,,,,,,
CLUSTER_159,I,pig_man,3550.315,29.58702533,,,,,,,,,,,,,
CLUSTER_175,I,horse_man,1207.3,68.92265923,,,,,,,,,,,,,
CLUSTER_175,I,pig_man,35.4,68.92265923,,,,,,,,,,,,,
CLUSTER_184,I,horse_man,556,56.73803307,,,,,,,,,,,,,
CLUSTER_184,I,pig_man,1364,56.73803307,,,,,,,,,,,,,
CLUSTER_189,I,cattle_man,4488.98,31.42003033,,,,,,,,,,,,,
CLUSTER_189,I,horse_man,1789,31.42003033,,,,,,,,,,,,,
CLUSTER_193,I,cattle_man,1113,32.31073396,,,,,,,,,,,,,
CLUSTER_193,I,horse_man,1133,32.31073396,,,,,,,,,,,,,
CLUSTER_195,I,horse_man,1276.5,46.31364663,,,,,,,,,,,,,
CLUSTER_195,I,pig_man,34.13825,46.31364663,,,,,,,,,,,,,
CLUSTER_196,I,cattle_man,17380,48.05357889,,,,,,,,,,,,,
CLUSTER_196,I,horse_man,1807,48.05357889,,,,,,,,,,,,,
CLUSTER_2,I,horse_man,975.2,45.69487111,,,,,,,,,,,,,
CLUSTER_2,I,pig_man,1666.5,45.69487111,,,,,,,,,,,,,
CLUSTER_202,I,cattle_man,16100,5.830485008,,,,,,,,,,,,,
CLUSTER_202,I,cattle_slu,88060,5.830485008,,,,,,,,,,,,,
CLUSTER_202,I,horse_man,1917.3,5.830485008,,,,,,,,,,,,,
CLUSTER_202,I,legume_str,151.06,5.830485008,,,,,,,,,,,,,
CLUSTER_202,I,pig_man,229.17,5.830485008,,,,,,,,,,,,,
CLUSTER_202,I,rape_str,65.6,5.830485008,,,,,,,,,,,,,
CLUSTER_214,I,cattle_man,24580,41.94284662,,,,,,,,,,,,,
CLUSTER_214,I,horse_man,1119.6,41.94284662,,,,,,,,,,,,,
CLUSTER_214,I,pig_man,13.92,41.94284662,,,,,,,,,,,,,
CLUSTER_223,I,cattle_man,9326,36.68717286,,,,,,,,,,,,,
CLUSTER_223,I,horse_man,1582.6,36.68717286,,,,,,,,,,,,,
CLUSTER_223,I,pig_man,439.438657,36.68717286,,,,,,,,,,,,,
CLUSTER_225,I,cattle_man,6770,22.20718906,,,,,,,,,,,,,
CLUSTER_225,I,horse_man,1039.7,22.20718906,,,,,,,,,,,,,
CLUSTER_225,I,pig_man,1314.9,22.20718906,,,,,,,,,,,,,
CLUSTER_228,I,cattle_man,10463,14.02276308,,,,,,,,,,,,,
CLUSTER_228,I,cattle_slu,65770,14.02276308,,,,,,,,,,,,,
CLUSTER_228,I,horse_man,1313.4,14.02276308,,,,,,,,,,,,,
CLUSTER_231,I,pig_man,10.6436,48.6804423,,,,,,,,,,,,,
CLUSTER_233,I,cattle_man,5430,25.4220665,,,,,,,,,,,,,
CLUSTER_233,I,horse_man,1224,25.4220665,,,,,,,,,,,,,
CLUSTER_233,I,pig_man,435.2,25.4220665,,,,,,,,,,,,,
CLUSTER_241,I,cattle_man,10430,31.95654953,,,,,,,,,,,,,
CLUSTER_241,I,horse_man,968.1,31.95654953,,,,,,,,,,,,,
CLUSTER_250,I,cattle_man,8735.82,16.94664877,,,,,,,,,,,,,
CLUSTER_250,I,cattle_slu,55100,16.94664877,,,,,,,,,,,,,
CLUSTER_250,I,horse_man,1190,16.94664877,,,,,,,,,,,,,
CLUSTER_250,I,pig_man,54.334,16.94664877,,,,,,,,,,,,,
CLUSTER_254,I,cattle_man,8256,27.19345205,,,,,,,,,,,,,
CLUSTER_254,I,horse_man,1711.5,27.19345205,,,,,,,,,,,,,
CLUSTER_258,I,cattle_man,16820,24.96113616,,,,,,,,,,,,,
CLUSTER_258,I,horse_man,1914,24.96113616,,,,,,,,,,,,,
CLUSTER_258,I,legume_str,10.47,24.96113616,,,,,,,,,,,,,
CLUSTER_270,I,cattle_man,9712,19.01363012,,,,,,,,,,,,,
CLUSTER_270,I,cattle_slu,47590,19.01363012,,,,,,,,,,,,,
CLUSTER_270,I,horse_man,2875,19.01363012,,,,,,,,,,,,,
CLUSTER_270,I,legume_str,180.75,19.01363012,,,,,,,,,,,,,
CLUSTER_270,I,pig_man,61.2952,19.01363012,,,,,,,,,,,,,
CLUSTER_270,I,rape_str,169.7,19.01363012,,,,,,,,,,,,,
CLUSTER_274,I,cattle_man,2163,27.31470535,,,,,,,,,,,,,
CLUSTER_274,I,horse_man,783.4,27.31470535,,,,,,,,,,,,,
CLUSTER_274,I,pig_man,587.9,27.31470535,,,,,,,,,,,,,
CLUSTER_276,I,cattle_man,3122,41.3137232,,,,,,,,,,,,,
CLUSTER_276,I,horse_man,1192,41.3137232,,,,,,,,,,,,,
CLUSTER_282,I,cattle_man,10020,5.998183203,,,,,,,,,,,,,
CLUSTER_282,I,cattle_slu,48900,5.998183203,,,,,,,,,,,,,
CLUSTER_282,I,horse_man,1029,5.998183203,,,,,,,,,,,,,
CLUSTER_282,I,legume_str,149.16,5.998183203,,,,,,,,,,,,,
CLUSTER_282,I,pig_man,277.076,5.998183203,,,,,,,,,,,,,
CLUSTER_282,I,rape_str,168.6,5.998183203,,,,,,,,,,,,,
CLUSTER_284,I,cattle_man,1152.783,40.90002693,,,,,,,,,,,,,
CLUSTER_284,I,horse_man,195.4,40.90002693,,,,,,,,,,,,,
CLUSTER_284,I,pig_man,447.9,40.90002693,,,,,,,,,,,,,
CLUSTER_285,I,cattle_man,15870,21.6918991,,,,,,,,,,,,,
CLUSTER_285,I,horse_man,3438,21.6918991,,,,,,,,,,,,,
CLUSTER_291,I,cattle_man,2457.376,39.15597497,,,,,,,,,,,,,
CLUSTER_291,I,horse_man,1658,39.15597497,,,,,,,,,,,,,
CLUSTER_291,I,pig_man,7740,39.15597497,,,,,,,,,,,,,
CLUSTER_292,I,cattle_man,8900,32.13095576,,,,,,,,,,,,,
CLUSTER_292,I,horse_man,3197,32.13095576,,,,,,,,,,,,,
CLUSTER_292,I,pig_man,2862,32.13095576,,,,,,,,,,,,,
CLUSTER_296,I,cattle_man,6573,14.0755,,,,,,,,,,,,,
CLUSTER_296,I,cattle_slu,37120,14.0755,,,,,,,,,,,,,
CLUSTER_296,I,horse_man,902,14.0755,,,,,,,,,,,,,
CLUSTER_296,I,legume_str,10.71,14.0755,,,,,,,,,,,,,
CLUSTER_301,I,pig_man,225.23,59.58815613,,,,,,,,,,,,,
CLUSTER_33,I,cattle_man,6952,43.53538063,,,,,,,,,,,,,
CLUSTER_33,I,horse_man,1803,43.53538063,,,,,,,,,,,,,
CLUSTER_354,I,pig_man,883.52,57.59671286,,,,,,,,,,,,,
CLUSTER_355,I,cattle_man,3895,35.70451686,,,,,,,,,,,,,
CLUSTER_355,I,horse_man,1202,35.70451686,,,,,,,,,,,,,
CLUSTER_355,I,pig_man,1341,35.70451686,,,,,,,,,,,,,
CLUSTER_370,I,horse_man,1921,50.34518892,,,,,,,,,,,,,
CLUSTER_370,I,pig_man,15.373134,50.34518892,,,,,,,,,,,,,
CLUSTER_400,I,cattle_man,3903.8,50.26219928,,,,,,,,,,,,,
CLUSTER_400,I,horse_man,1513,50.26219928,,,,,,,,,,,,,
CLUSTER_400,I,pig_man,2588,50.26219928,,,,,,,,,,,,,
CLUSTER_402,I,cattle_man,1505,47.96178265,,,,,,,,,,,,,
CLUSTER_402,I,horse_man,859,47.96178265,,,,,,,,,,,,,
CLUSTER_402,I,pig_man,1540,47.96178265,,,,,,,,,,,,,
CLUSTER_406,I,cattle_man,16790,37.07062047,,,,,,,,,,,,,
CLUSTER_406,I,horse_man,1539,37.07062047,,,,,,,,,,,,,
CLUSTER_406,I,pig_man,52.746,37.07062047,,,,,,,,,,,,,
CLUSTER_416,I,cattle_man,553.9,38.29525153,,,,,,,,,,,,,
CLUSTER_416,I,horse_man,387.2,38.29525153,,,,,,,,,,,,,
CLUSTER_442,I,cattle_man,14580,37.56577048,,,,,,,,,,,,,
CLUSTER_442,I,horse_man,2096,37.56577048,,,,,,,,,,,,,
CLUSTER_453,I,horse_man,209.4,58.41983229,,,,,,,,,,,,,
CLUSTER_453,I,pig_man,269,58.41983229,,,,,,,,,,,,,
CLUSTER_456,I,cattle_man,18.534,13.98832896,,,,,,,,,,,,,
CLUSTER_456,I,cattle_slu,45.89,13.98832896,,,,,,,,,,,,,
CLUSTER_456,I,horse_man,275,13.98832896,,,,,,,,,,,,,
CLUSTER_456,I,legume_str,113.6,13.98832896,,,,,,,,,,,,,
CLUSTER_456,I,pig_man,30.472,13.98832896,,,,,,,,,,,,,
CLUSTER_456,I,rape_str,206.8,13.98832896,,,,,,,,,,,,,
CLUSTER_457,I,cattle_man,11400,21.90313546,,,,,,,,,,,,,
CLUSTER_457,I,horse_man,1512.5,21.90313546,,,,,,,,,,,,,
CLUSTER_488,I,cattle_man,62.5,26.48397269,,,,,,,,,,,,,
CLUSTER_488,I,horse_man,236.9,26.48397269,,,,,,,,,,,,,
CLUSTER_488,I,pig_man,1185.8,26.48397269,,,,,,,,,,,,,
CLUSTER_501,I,horse_man,474.5,68.53541217,,,,,,,,,,,,,
CLUSTER_501,I,pig_man,1378,68.53541217,,,,,,,,,,,,,
CLUSTER_513,I,cattle_man,2780,12.6680884,,,,,,,,,,,,,
CLUSTER_513,I,cattle_slu,5462,12.6680884,,,,,,,,,,,,,
CLUSTER_513,I,horse_man,1042,12.6680884,,,,,,,,,,,,,
CLUSTER_513,I,legume_str,913,12.6680884,,,,,,,,,,,,,
CLUSTER_513,I,pig_man,657,12.6680884,,,,,,,,,,,,,
CLUSTER_513,I,rape_str,985,12.6680884,,,,,,,,,,,,,
CLUSTER_514,I,cattle_man,11580,11.15856473,,,,,,,,,,,,,
CLUSTER_514,I,cattle_slu,60210,11.15856473,,,,,,,,,,,,,
CLUSTER_514,I,horse_man,1246,11.15856473,,,,,,,,,,,,,
CLUSTER_514,I,legume_str,49.46,11.15856473,,,,,,,,,,,,,
CLUSTER_514,I,pig_man,13.03,11.15856473,,,,,,,,,,,,,
CLUSTER_520,I,cattle_man,3690,30.62105167,,,,,,,,,,,,,
CLUSTER_520,I,horse_man,799,30.62105167,,,,,,,,,,,,,
CLUSTER_528,I,cattle_man,7940,32.13243986,,,,,,,,,,,,,
CLUSTER_528,I,horse_man,1337,32.13243986,,,,,,,,,,,,,
CLUSTER_537,I,horse_man,1468,41.52682109,,,,,,,,,,,,,
CLUSTER_537,I,pig_man,2429,41.52682109,,,,,,,,,,,,,
CLUSTER_540,I,cattle_man,2510,46.16802844,,,,,,,,,,,,,
CLUSTER_540,I,horse_man,1390,46.16802844,,,,,,,,,,,,,
CLUSTER_547,I,cattle_man,10790,20.51023864,,,,,,,,,,,,,
CLUSTER_547,I,cattle_slu,62400,20.51023864,,,,,,,,,,,,,
CLUSTER_547,I,horse_man,1621,20.51023864,,,,,,,,,,,,,
CLUSTER_549,I,cattle_man,6580,4.622099232,,,,,,,,,,,,,
CLUSTER_549,I,cattle_slu,38900,4.622099232,,,,,,,,,,,,,
CLUSTER_549,I,horse_man,1622,4.622099232,,,,,,,,,,,,,
CLUSTER_549,I,legume_str,16.9,4.622099232,,,,,,,,,,,,,
CLUSTER_549,I,rape_str,76.9,4.622099232,,,,,,,,,,,,,
CLUSTER_68,I,cattle_man,2715.3,20.96854584,,,,,,,,,,,,,
CLUSTER_68,I,cattle_slu,608,20.96854584,,,,,,,,,,,,,
CLUSTER_68,I,horse_man,1155.3,20.96854584,,,,,,,,,,,,,
CLUSTER_68,I,legume_str,893.9,20.96854584,,,,,,,,,,,,,
CLUSTER_68,I,pig_man,1241.4,20.96854584,,,,,,,,,,,,,
CLUSTER_68,I,rape_str,708.4,20.96854584,,,,,,,,,,,,,
CLUSTER_70,I,cattle_man,9994.977606,34.53970731,,,,,,,,,,,,,
CLUSTER_70,I,horse_man,1087.859,34.53970731,,,,,,,,,,,,,
CLUSTER_70,I,pig_man,751,34.53970731,,,,,,,,,,,,,
CLUSTER_73,I,pig_man,3455,65.75625672,,,,,,,,,,,,,
CLUSTER_79,I,cattle_man,15570,18.6598966,,,,,,,,,,,,,
CLUSTER_79,I,cattle_slu,91500,18.6598966,,,,,,,,,,,,,
CLUSTER_79,I,horse_man,1933,18.6598966,,,,,,,,,,,,,
CLUSTER_79,I,pig_man,1322.00245,18.6598966,,,,,,,,,,,,,
CLUSTER_91,I,cattle_man,1586.06,50.48708621,,,,,,,,,,,,,
CLUSTER_91,I,horse_man,619.6,50.48708621,,,,,,,,,,,,,
CLUSTER_91,I,pig_man,218,50.48708621,,,,,,,,,,,,,
CLUSTER_136,K,cattle_man,22230,13.4877486,,,,,,,,,,,,,
CLUSTER_136,K,cattle_slu,108700,13.4877486,,,,,,,,,,,,,
CLUSTER_136,K,horse_man,3775,13.4877486,,,,,,,,,,,,,
CLUSTER_157,K,cattle_man,22880,7.983234646,,,,,,,,,,,,,
CLUSTER_157,K,cattle_slu,106800,7.983234646,,,,,,,,,,,,,
CLUSTER_157,K,horse_man,3454,7.983234646,,,,,,,,,,,,,
CLUSTER_178,K,cattle_man,16790,15.60911655,,,,,,,,,,,,,
CLUSTER_178,K,horse_man,5256,15.60911655,,,,,,,,,,,,,
CLUSTER_204,K,cattle_man,10730,9.084678052,,,,,,,,,,,,,
CLUSTER_204,K,cattle_slu,49310,9.084678052,,,,,,,,,,,,,
CLUSTER_204,K,horse_man,2958,9.084678052,,,,,,,,,,,,,
CLUSTER_204,K,pig_man,37.494,9.084678052,,,,,,,,,,,,,
CLUSTER_226,K,cattle_man,16880,15.2274099,,,,,,,,,,,,,
CLUSTER_226,K,cattle_slu,79137.71174,15.2274099,,,,,,,,,,,,,
CLUSTER_226,K,horse_man,2471.6,15.2274099,,,,,,,,,,,,,
CLUSTER_243,K,cattle_man,19320,23.55501666,,,,,,,,,,,,,
CLUSTER_256,K,cattle_man,2666.96,34.81798952,,,,,,,,,,,,,
CLUSTER_256,K,horse_man,2930,34.81798952,,,,,,,,,,,,,
CLUSTER_27,K,cattle_man,18405,5.585882296,,,,,,,,,,,,,
CLUSTER_27,K,cattle_slu,81790,5.585882296,,,,,,,,,,,,,
CLUSTER_27,K,horse_man,4194,5.585882296,,,,,,,,,,,,,
CLUSTER_28,K,cattle_man,8410,17.54709154,,,,,,,,,,,,,
CLUSTER_28,K,horse_man,2761.9,17.54709154,,,,,,,,,,,,,
CLUSTER_287,K,cattle_man,2184,32.60697359,,,,,,,,,,,,,
CLUSTER_287,K,horse_man,1571,32.60697359,,,,,,,,,,,,,
CLUSTER_3,K,cattle_man,7883,22.88991141,,,,,,,,,,,,,
CLUSTER_3,K,horse_man,5877,22.88991141,,,,,,,,,,,,,
CLUSTER_3,K,pig_man,16.916,22.88991141,,,,,,,,,,,,,
CLUSTER_304,K,cattle_man,2118,38.08800262,,,,,,,,,,,,,
CLUSTER_304,K,horse_man,706.6,38.08800262,,,,,,,,,,,,,
CLUSTER_312,K,cattle_man,11300,26.45916934,,,,,,,,,,,,,
CLUSTER_312,K,horse_man,1544,26.45916934,,,,,,,,,,,,,
CLUSTER_352,K,cattle_man,13540,12.93222713,,,,,,,,,,,,,
CLUSTER_352,K,cattle_slu,64390,12.93222713,,,,,,,,,,,,,
CLUSTER_352,K,horse_man,3832,12.93222713,,,,,,,,,,,,,
CLUSTER_352,K,pig_man,32.1,12.93222713,,,,,,,,,,,,,
CLUSTER_369,K,cattle_man,3235.7,20.99155673,,,,,,,,,,,,,
CLUSTER_369,K,horse_man,3562.3,20.99155673,,,,,,,,,,,,,
CLUSTER_391,K,cattle_man,11195,15.84927258,,,,,,,,,,,,,
CLUSTER_391,K,horse_man,3066,15.84927258,,,,,,,,,,,,,
CLUSTER_396,K,cattle_man,5375,31.69152361,,,,,,,,,,,,,
CLUSTER_407,K,cattle_man,10172,26.42329358,,,,,,,,,,,,,
CLUSTER_415,K,cattle_man,6170,31.47300378,,,,,,,,,,,,,
CLUSTER_489,K,cattle_man,1068,28.63284041,,,,,,,,,,,,,
CLUSTER_489,K,horse_man,367.5,28.63284041,,,,,,,,,,,,,
CLUSTER_5,K,cattle_man,1031,28.12113937,,,,,,,,,,,,,
CLUSTER_5,K,horse_man,895.0000003,28.12113937,,,,,,,,,,,,,
CLUSTER_502,K,cattle_man,12710,23.73854814,,,,,,,,,,,,,
CLUSTER_508,K,cattle_man,21640,23.83815061,,,,,,,,,,,,,
CLUSTER_508,K,horse_man,3810,23.83815061,,,,,,,,,,,,,
CLUSTER_53,K,cattle_man,6226.92,25.75174454,,,,,,,,,,,,,
CLUSTER_53,K,horse_man,1543,25.75174454,,,,,,,,,,,,,
CLUSTER_84,K,cattle_man,15427.9,28.74913883,,,,,,,,,,,,,
CLUSTER_10,L,pig_man,15.9693,50.50180648,,,,,,,,,,,,,
CLUSTER_110,L,cattle_man,22036,9.876496676,,,,,,,,,,,,,
CLUSTER_110,L,cattle_slu,24343,9.876496676,,,,,,,,,,,,,
CLUSTER_110,L,horse_man,797,9.876496676,,,,,,,,,,,,,
CLUSTER_110,L,pig_slu,26.2009,9.876496676,,,,,,,,,,,,,
CLUSTER_119,L,cattle_man,14930,7.04650254,,,,,,,,,,,,,
CLUSTER_119,L,cattle_slu,17250,7.04650254,,,,,,,,,,,,,
CLUSTER_119,L,horse_man,1764,7.04650254,,,,,,,,,,,,,
CLUSTER_119,L,pig_man,210.9,7.04650254,,,,,,,,,,,,,
CLUSTER_119,L,pig_slu,3702,7.04650254,,,,,,,,,,,,,
CLUSTER_139,L,pig_man,42.67,39.22425736,,,,,,,,,,,,,
CLUSTER_156,L,pig_man,137.8229,46.69196027,,,,,,,,,,,,,
CLUSTER_158,L,cattle_man,791.9999997,37.34273264,,,,,,,,,,,,,
CLUSTER_158,L,horse_man,253.7999997,37.34273264,,,,,,,,,,,,,
CLUSTER_163,L,cattle_man,10520,27.06708295,,,,,,,,,,,,,
CLUSTER_163,L,cattle_slu,11000,27.06708295,,,,,,,,,,,,,
CLUSTER_163,L,horse_man,1805,27.06708295,,,,,,,,,,,,,
CLUSTER_164,L,cattle_man,5420,17.19721711,,,,,,,,,,,,,
CLUSTER_164,L,cattle_slu,4795.1,17.19721711,,,,,,,,,,,,,
CLUSTER_164,L,horse_man,1264,17.19721711,,,,,,,,,,,,,
CLUSTER_164,L,pig_man,46.635,17.19721711,,,,,,,,,,,,,
CLUSTER_164,L,pig_slu,758.28,17.19721711,,,,,,,,,,,,,
CLUSTER_170,L,cattle_man,2987.28,30.30940442,,,,,,,,,,,,,
CLUSTER_170,L,horse_man,782,30.30940442,,,,,,,,,,,,,
CLUSTER_172,L,horse_man,2882.7,56.83295532,,,,,,,,,,,,,
CLUSTER_173,L,cattle_man,7846,13.81795355,,,,,,,,,,,,,
CLUSTER_173,L,cattle_slu,8502,13.81795355,,,,,,,,,,,,,
CLUSTER_173,L,horse_man,973,13.81795355,,,,,,,,,,,,,
CLUSTER_173,L,pig_man,64.52416,13.81795355,,,,,,,,,,,,,
CLUSTER_173,L,pig_slu,1495.07,13.81795355,,,,,,,,,,,,,
CLUSTER_177,L,cattle_man,5132,25.820507,,,,,,,,,,,,,
CLUSTER_177,L,cattle_slu,4510.4,25.820507,,,,,,,,,,,,,
CLUSTER_177,L,pig_man,779.21,25.820507,,,,,,,,,,,,,
CLUSTER_179,L,cattle_man,11220,3.317752757,,,,,,,,,,,,,
CLUSTER_179,L,cattle_slu,12390,3.317752757,,,,,,,,,,,,,
CLUSTER_179,L,horse_man,1139,3.317752757,,,,,,,,,,,,,
CLUSTER_179,L,pig_man,63.566,3.317752757,,,,,,,,,,,,,
CLUSTER_179,L,pig_slu,1466.78,3.317752757,,,,,,,,,,,,,
CLUSTER_200,L,cattle_man,3150,38.18527304,,,,,,,,,,,,,
CLUSTER_200,L,pig_man,508.565,38.18527304,,,,,,,,,,,,,
CLUSTER_213,L,cattle_man,3968,19.59871637,,,,,,,,,,,,,
CLUSTER_213,L,cattle_slu,5510,19.59871637,,,,,,,,,,,,,
CLUSTER_213,L,horse_man,642.2,19.59871637,,,,,,,,,,,,,
CLUSTER_213,L,pig_slu,71.2,19.59871637,,,,,,,,,,,,,
CLUSTER_236,L,cattle_man,1177.4,18.0085371,,,,,,,,,,,,,
CLUSTER_236,L,cattle_slu,756.6,18.0085371,,,,,,,,,,,,,
CLUSTER_236,L,pig_man,144.7,18.0085371,,,,,,,,,,,,,
CLUSTER_236,L,pig_slu,2645,18.0085371,,,,,,,,,,,,,
CLUSTER_238,L,cattle_man,7143,38.5129446,,,,,,,,,,,,,
CLUSTER_238,L,horse_man,820.7,38.5129446,,,,,,,,,,,,,
CLUSTER_238,L,pig_man,123.38,38.5129446,,,,,,,,,,,,,
CLUSTER_247,L,pig_man,228,34.43707597,,,,,,,,,,,,,
CLUSTER_251,L,pig_man,335.71,52.31308483,,,,,,,,,,,,,
CLUSTER_260,L,horse_man,1035,41.99894679,,,,,,,,,,,,,
CLUSTER_260,L,pig_man,45.446,41.99894679,,,,,,,,,,,,,
CLUSTER_271,L,horse_man,278.4,39.54167856,,,,,,,,,,,,,
CLUSTER_271,L,pig_man,831.7,39.54167856,,,,,,,,,,,,,
CLUSTER_275,L,cattle_man,3212.5,19.80771514,,,,,,,,,,,,,
CLUSTER_275,L,cattle_slu,989.6,19.80771514,,,,,,,,,,,,,
CLUSTER_275,L,horse_man,564,19.80771514,,,,,,,,,,,,,
CLUSTER_277,L,cattle_man,6870,29.34806035,,,,,,,,,,,,,
CLUSTER_277,L,cattle_slu,2284.809858,29.34806035,,,,,,,,,,,,,
CLUSTER_277,L,pig_man,203.959,29.34806035,,,,,,,,,,,,,
CLUSTER_310,L,pig_man,67.0999995,70.50673454,,,,,,,,,,,,,
CLUSTER_317,L,pig_man,92.31,48.75788544,,,,,,,,,,,,,
CLUSTER_320,L,pig_man,16,34.46589246,,,,,,,,,,,,,
CLUSTER_325,L,pig_man,710.15139,65.97549138,,,,,,,,,,,,,
CLUSTER_332,L,pig_man,132.8458,46.75616264,,,,,,,,,,,,,
CLUSTER_334,L,pig_man,214.22,58.49758889,,,,,,,,,,,,,
CLUSTER_388,L,horse_man,410.3,43.23380991,,,,,,,,,,,,,
CLUSTER_410,L,cattle_man,8090,10.78504174,,,,,,,,,,,,,
CLUSTER_410,L,cattle_slu,6470,10.78504174,,,,,,,,,,,,,
CLUSTER_410,L,horse_man,808.4,10.78504174,,,,,,,,,,,,,
CLUSTER_410,L,pig_man,261.9019,10.78504174,,,,,,,,,,,,,
CLUSTER_410,L,pig_slu,4418,10.78504174,,,,,,,,,,,,,
CLUSTER_424,L,pig_man,185.966,42.30076931,,,,,,,,,,,,,
CLUSTER_426,L,horse_man,3962.2,49.09375537,,,,,,,,,,,,,
CLUSTER_426,L,pig_man,46.733,49.09375537,,,,,,,,,,,,,
CLUSTER_430,L,cattle_man,1180,23.56182556,,,,,,,,,,,,,
CLUSTER_430,L,cattle_slu,644.35,23.56182556,,,,,,,,,,,,,
CLUSTER_430,L,horse_man,480,23.56182556,,,,,,,,,,,,,
CLUSTER_430,L,pig_man,159.375,23.56182556,,,,,,,,,,,,,
CLUSTER_449,L,cattle_man,7060.2,30.46026113,,,,,,,,,,,,,
CLUSTER_449,L,horse_man,518.500398,30.46026113,,,,,,,,,,,,,
CLUSTER_449,L,pig_man,577.091,30.46026113,,,,,,,,,,,,,
CLUSTER_47,L,cattle_man,681.7,36.69220049,,,,,,,,,,,,,
CLUSTER_47,L,horse_man,414,36.69220049,,,,,,,,,,,,,
CLUSTER_487,L,pig_man,299.25,30.2542956,,,,,,,,,,,,,
CLUSTER_49,L,cattle_man,15490,23.16707713,,,,,,,,,,,,,
CLUSTER_49,L,cattle_slu,4801.4,23.16707713,,,,,,,,,,,,,
CLUSTER_49,L,pig_man,231.961,23.16707713,,,,,,,,,,,,,
CLUSTER_491,L,cattle_man,6717,36.29023405,,,,,,,,,,,,,
CLUSTER_491,L,pig_man,236.64,36.29023405,,,,,,,,,,,,,
CLUSTER_497,L,cattle_man,5760,34.52724974,,,,,,,,,,,,,
CLUSTER_497,L,pig_man,347.9,34.52724974,,,,,,,,,,,,,
CLUSTER_519,L,cattle_man,4091,19.75142859,,,,,,,,,,,,,
CLUSTER_519,L,cattle_slu,3254,19.75142859,,,,,,,,,,,,,
CLUSTER_519,L,horse_man,814,19.75142859,,,,,,,,,,,,,
CLUSTER_519,L,pig_slu,11.8,19.75142859,,,,,,,,,,,,,
CLUSTER_530,L,pig_man,84.5,66.8093983,,,,,,,,,,,,,
CLUSTER_538,L,cattle_man,3387,13.45394331,,,,,,,,,,,,,
CLUSTER_538,L,cattle_slu,3543,13.45394331,,,,,,,,,,,,,
CLUSTER_538,L,horse_man,768.4,13.45394331,,,,,,,,,,,,,
CLUSTER_538,L,pig_man,151.197,13.45394331,,,,,,,,,,,,,
CLUSTER_538,L,pig_slu,2128.6,13.45394331,,,,,,,,,,,,,
CLUSTER_546,L,cattle_man,4163.240045,39.08962602,,,,,,,,,,,,,
CLUSTER_546,L,horse_man,444,39.08962602,,,,,,,,,,,,,
CLUSTER_56,L,pig_man,427.76,62.07102579,,,,,,,,,,,,,
CLUSTER_60,L,horse_man,2507.8,49.44513656,,,,,,,,,,,,,
CLUSTER_60,L,pig_man,45.1582,49.44513656,,,,,,,,,,,,,
CLUSTER_80,L,cattle_man,2733.9,29.13380688,,,,,,,,,,,,,
CLUSTER_80,L,cattle_slu,4518.7,29.13380688,,,,,,,,,,,,,
CLUSTER_80,L,pig_man,275.303,29.13380688,,,,,,,,,,,,,
CLUSTER_95,L,pig_man,778.92,46.44186145,,,,,,,,,,,,,
CLUSTER_97,L,cattle_slu,4389,28.07756279,,,,,,,,,,,,,
CLUSTER_97,L,pig_man,302.6467,28.07756279,,,,,,,,,,,,,
CLUSTER_104,P,cattle_man,26110,11.27214017,,,,,,,,,,,,,
CLUSTER_104,P,cattle_slu,114400,11.27214017,,,,,,,,,,,,,
CLUSTER_104,P,horse_man,871.7,11.27214017,,,,,,,,,,,,,
CLUSTER_104,P,pig_man,527.218,11.27214017,,,,,,,,,,,,,
CLUSTER_2,P,cattle_man,3616,33.35116175,,,,,,,,,,,,,
CLUSTER_208,P,cattle_man,5066,16.66795826,,,,,,,,,,,,,
CLUSTER_208,P,cattle_slu,27310,16.66795826,,,,,,,,,,,,,
CLUSTER_208,P,horse_man,1364.6,16.66795826,,,,,,,,,,,,,
CLUSTER_208,P,pig_man,22.65,16.66795826,,,,,,,,,,,,,
CLUSTER_273,P,cattle_man,6690,26.51438986,,,,,,,,,,,,,
CLUSTER_273,P,horse_man,1064,26.51438986,,,,,,,,,,,,,
CLUSTER_273,P,pig_man,524.6,26.51438986,,,,,,,,,,,,,
CLUSTER_302,P,cattle_man,16130,4.846717749,,,,,,,,,,,,,
CLUSTER_302,P,cattle_slu,68920,4.846717749,,,,,,,,,,,,,
CLUSTER_302,P,horse_man,1597,4.846717749,,,,,,,,,,,,,
CLUSTER_302,P,pig_man,141.874306,4.846717749,,,,,,,,,,,,,
CLUSTER_330,P,cattle_man,21960,25.04719087,,,,,,,,,,,,,
CLUSTER_330,P,horse_man,1269.6,25.04719087,,,,,,,,,,,,,
CLUSTER_330,P,pig_man,378.71,25.04719087,,,,,,,,,,,,,
CLUSTER_354,P,cattle_man,4844,41.66769991,,,,,,,,,,,,,
CLUSTER_354,P,horse_man,793.6,41.66769991,,,,,,,,,,,,,
CLUSTER_37,P,cattle_man,31920,26.93418672,,,,,,,,,,,,,
CLUSTER_37,P,horse_man,943,26.93418672,,,,,,,,,,,,,
CLUSTER_37,P,pig_man,3353.8,26.93418672,,,,,,,,,,,,,
CLUSTER_398,P,cattle_man,5117,14.240312,,,,,,,,,,,,,
CLUSTER_398,P,cattle_slu,15360,14.240312,,,,,,,,,,,,,
CLUSTER_436,P,cattle_man,14080,17.88279845,,,,,,,,,,,,,
CLUSTER_436,P,horse_man,830,17.88279845,,,,,,,,,,,,,
CLUSTER_436,P,pig_man,326,17.88279845,,,,,,,,,,,,,
CLUSTER_450,P,cattle_man,18270,5.432661601,,,,,,,,,,,,,
CLUSTER_450,P,cattle_slu,92800,5.432661601,,,,,,,,,,,,,
CLUSTER_450,P,horse_man,963.9,5.432661601,,,,,,,,,,,,,
CLUSTER_450,P,pig_man,315.5,5.432661601,,,,,,,,,,,,,
CLUSTER_473,P,cattle_man,11380,17.00859114,,,,,,,,,,,,,
CLUSTER_473,P,cattle_slu,39530,17.00859114,,,,,,,,,,,,,
CLUSTER_473,P,horse_man,745,17.00859114,,,,,,,,,,,,,
CLUSTER_473,P,pig_man,511,17.00859114,,,,,,,,,,,,,
CLUSTER_493,P,cattle_man,9040,10.98038463,,,,,,,,,,,,,
CLUSTER_493,P,cattle_slu,39030,10.98038463,,,,,,,,,,,,,
CLUSTER_493,P,horse_man,951.2,10.98038463,,,,,,,,,,,,,
CLUSTER_493,P,pig_man,193.15,10.98038463,,,,,,,,,,,,,
CLUSTER_516,P,cattle_man,8820,9.332654644,,,,,,,,,,,,,
CLUSTER_516,P,cattle_slu,45370,9.332654644,,,,,,,,,,,,,
CLUSTER_516,P,horse_man,1178,9.332654644,,,,,,,,,,,,,
CLUSTER_516,P,pig_man,123.100375,9.332654644,,,,,,,,,,,,,
CLUSTER_537,P,cattle_man,2682,30.02462054,,,,,,,,,,,,,
CLUSTER_541,P,cattle_man,4103,15.74651678,,,,,,,,,,,,,
CLUSTER_541,P,cattle_slu,16040,15.74651678,,,,,,,,,,,,,
CLUSTER_61,P,cattle_man,33290,16.77429038,,,,,,,,,,,,,
CLUSTER_61,P,cattle_slu,178600,16.77429038,,,,,,,,,,,,,
CLUSTER_61,P,horse_man,2388,16.77429038,,,,,,,,,,,,,
CLUSTER_61,P,pig_man,392.8,16.77429038,,,,,,,,,,,,,
CLUSTER_70,P,cattle_man,8100.022394,24.57504752,,,,,,,,,,,,,
CLUSTER_92,P,cattle_man,17416,17.20773296,,,,,,,,,,,,,
CLUSTER_92,P,cattle_slu,11334.14429,17.20773296,,,,,,,,,,,,,
CLUSTER_92,P,horse_man,2276,17.20773296,,,,,,,,,,,,,
CLUSTER_103,R,cattle_man,2660,36.92489432,,,,,,,,,,,,,
CLUSTER_161,R,cattle_man,6850,26.91444832,,,,,,,,,,,,,
CLUSTER_161,R,horse_man,429.62,26.91444832,,,,,,,,,,,,,
CLUSTER_169,R,cattle_man,8425.7,18.9729731,,,,,,,,,,,,,
CLUSTER_169,R,horse_man,1079.5,18.9729731,,,,,,,,,,,,,
CLUSTER_169,R,pig_man,332.076,18.9729731,,,,,,,,,,,,,
CLUSTER_171,R,cattle_man,11040,40.80583957,,,,,,,,,,,,,
CLUSTER_183,R,cattle_man,16594,9.298673668,,,,,,,,,,,,,
CLUSTER_183,R,cattle_slu,91870,9.298673668,,,,,,,,,,,,,
CLUSTER_183,R,horse_man,2503,9.298673668,,,,,,,,,,,,,
CLUSTER_183,R,pig_man,458.82,9.298673668,,,,,,,,,,,,,
CLUSTER_188,R,cattle_man,6172,47.21496249,,,,,,,,,,,,,
CLUSTER_190,R,cattle_man,9509,22.43379639,,,,,,,,,,,,,
CLUSTER_190,R,horse_man,1595.7,22.43379639,,,,,,,,,,,,,
CLUSTER_190,R,pig_man,1086,22.43379639,,,,,,,,,,,,,
CLUSTER_232,R,cattle_man,9900,9.624677858,,,,,,,,,,,,,
CLUSTER_232,R,cattle_slu,55900,9.624677858,,,,,,,,,,,,,
CLUSTER_232,R,horse_man,3168,9.624677858,,,,,,,,,,,,,
CLUSTER_232,R,pig_man,245.35,9.624677858,,,,,,,,,,,,,
CLUSTER_237,R,cattle_man,4862,27.29230351,,,,,,,,,,,,,
CLUSTER_237,R,horse_man,478.63,27.29230351,,,,,,,,,,,,,
CLUSTER_237,R,pig_man,687.516,27.29230351,,,,,,,,,,,,,
CLUSTER_248,R,cattle_man,377,34.94851101,,,,,,,,,,,,,
CLUSTER_266,R,cattle_man,5864.8,24.16955758,,,,,,,,,,,,,
CLUSTER_266,R,horse_man,271.0126,24.16955758,,,,,,,,,,,,,
CLUSTER_266,R,pig_man,616.51,24.16955758,,,,,,,,,,,,,
CLUSTER_278,R,cattle_man,5274.7,18.60483802,,,,,,,,,,,,,
CLUSTER_278,R,horse_man,660.7,18.60483802,,,,,,,,,,,,,
CLUSTER_278,R,pig_man,334.991,18.60483802,,,,,,,,,,,,,
CLUSTER_294,R,cattle_man,6386,18.02267332,,,,,,,,,,,,,
CLUSTER_294,R,horse_man,1187.9,18.02267332,,,,,,,,,,,,,
CLUSTER_294,R,pig_man,937.6,18.02267332,,,,,,,,,,,,,
CLUSTER_314,R,cattle_man,812.91,22.33254541,,,,,,,,,,,,,
CLUSTER_314,R,horse_man,639,22.33254541,,,,,,,,,,,,,
CLUSTER_390,R,cattle_man,4736.4,12.35222989,,,,,,,,,,,,,
CLUSTER_390,R,cattle_slu,29050,12.35222989,,,,,,,,,,,,,
CLUSTER_390,R,horse_man,147.848,12.35222989,,,,,,,,,,,,,
CLUSTER_390,R,pig_man,1056.886,12.35222989,,,,,,,,,,,,,
CLUSTER_404,R,cattle_man,4430,41.9007929,,,,,,,,,,,,,
CLUSTER_404,R,horse_man,1753.708917,41.9007929,,,,,,,,,,,,,
CLUSTER_433,R,cattle_man,4450.0297,9.852831329,,,,,,,,,,,,,
CLUSTER_433,R,cattle_slu,24750,9.852831329,,,,,,,,,,,,,
CLUSTER_433,R,horse_man,1106,9.852831329,,,,,,,,,,,,,
CLUSTER_433,R,pig_man,179.118,9.852831329,,,,,,,,,,,,,
CLUSTER_454,R,cattle_man,5716.1,27.77987946,,,,,,,,,,,,,
CLUSTER_454,R,horse_man,105.4,27.77987946,,,,,,,,,,,,,
CLUSTER_459,R,cattle_man,3719.2,29.38524378,,,,,,,,,,,,,
CLUSTER_459,R,horse_man,167.4,29.38524378,,,,,,,,,,,,,
CLUSTER_459,R,pig_man,243.8,29.38524378,,,,,,,,,,,,,
CLUSTER_460,R,cattle_man,3371.2,19.62587248,,,,,,,,,,,,,
CLUSTER_460,R,horse_man,392.16,19.62587248,,,,,,,,,,,,,
CLUSTER_460,R,pig_man,189.907,19.62587248,,,,,,,,,,,,,
CLUSTER_462,R,cattle_man,3029,18.43700081,,,,,,,,,,,,,
CLUSTER_462,R,horse_man,386,18.43700081,,,,,,,,,,,,,
CLUSTER_462,R,pig_man,169.4,18.43700081,,,,,,,,,,,,,
CLUSTER_486,R,cattle_man,1158,25.50548817,,,,,,,,,,,,,
CLUSTER_486,R,horse_man,429.2,25.50548817,,,,,,,,,,,,,
CLUSTER_490,R,cattle_man,3600,30.22675922,,,,,,,,,,,,,
CLUSTER_490,R,horse_man,745.2,30.22675922,,,,,,,,,,,,,
CLUSTER_6,R,cattle_man,810.17,32.97860943,,,,,,,,,,,,,
CLUSTER_66,R,cattle_man,2641.0375,5.434857775,,,,,,,,,,,,,
CLUSTER_66,R,cattle_slu,15050,5.434857775,,,,,,,,,,,,,
CLUSTER_66,R,horse_man,880.00908,5.434857775,,,,,,,,,,,,,
CLUSTER_66,R,pig_man,180.310571,5.434857775,,,,,,,,,,,,,
CLUSTER_76,R,cattle_man,2539,40.30408051,,,,,,,,,,,,,
CLUSTER_76,R,horse_man,2263,40.30408051,,,,,,,,,,,,,
CLUSTER_78,R,cattle_man,7012,32.23183434,,,,,,,,,,,,,
CLUSTER_78,R,horse_man,873.4,32.23183434,,,,,,,,,,,,,
CLUSTER_78,R,pig_man,141,32.23183434,,,,,,,,,,,,,
CLUSTER_106,S,cattle_man,12224,12.91400941,,,,,,,,,,,,,
CLUSTER_106,S,horse_man,820.1473682,12.91400941,,,,,,,,,,,,,
CLUSTER_137,S,cattle_man,15222.1995,14.6696917,,,,,,,,,,,,,
CLUSTER_264,S,cattle_man,33570,3.005455509,,,,,,,,,,,,,
CLUSTER_264,S,cattle_slu,230130,3.005455509,,,,,,,,,,,,,
CLUSTER_264,S,horse_man,387.684,3.005455509,,,,,,,,,,,,,
CLUSTER_366,S,cattle_man,8803,24.11004798,,,,,,,,,,,,,
CLUSTER_375,S,cattle_man,14310,11.52443993,,,,,,,,,,,,,
CLUSTER_375,S,cattle_slu,32027.70413,11.52443993,,,,,,,,,,,,,
CLUSTER_375,S,horse_man,280.5,11.52443993,,,,,,,,,,,,,
CLUSTER_51,S,cattle_slu,177430,8.793312246,,,,,,,,,,,,,
CLUSTER_548,S,cattle_man,7311,15.5215268,,,,,,,,,,,,,
CLUSTER_548,S,horse_man,2324,15.5215268,,,,,,,,,,,,,
CLUSTER_100,AB,cattle_man,9536,33.52731021,,,,,,,,,,,,,
CLUSTER_100,AB,horse_man,3925.5,33.52731021,,,,,,,,,,,,,
CLUSTER_100,AB,pig_man,69.61,33.52731021,,,,,,,,,,,,,
CLUSTER_126,AB,cattle_man,6163,44.55261411,,,,,,,,,,,,,
CLUSTER_126,AB,horse_man,1435.2,44.55261411,,,,,,,,,,,,,
CLUSTER_126,AB,pig_man,2894,44.55261411,,,,,,,,,,,,,
CLUSTER_131,AB,cattle_man,9440,36.12301627,,,,,,,,,,,,,
CLUSTER_131,AB,horse_man,1232,36.12301627,,,,,,,,,,,,,
CLUSTER_131,AB,pig_man,1497.8,36.12301627,,,,,,,,,,,,,
CLUSTER_142,AB,cattle_man,32190,10.68733055,,,,,,,,,,,,,
CLUSTER_142,AB,cattle_slu,156000,10.68733055,,,,,,,,,,,,,
CLUSTER_142,AB,horse_man,1982,10.68733055,,,,,,,,,,,,,
CLUSTER_142,AB,pig_man,67.2671,10.68733055,,,,,,,,,,,,,
CLUSTER_165,AB,cattle_man,8970,27.36605849,,,,,,,,,,,,,
CLUSTER_165,AB,horse_man,1926.7,27.36605849,,,,,,,,,,,,,
CLUSTER_165,AB,pig_man,1019.9,27.36605849,,,,,,,,,,,,,
CLUSTER_180,AB,horse_man,1481,56.33212076,,,,,,,,,,,,,
CLUSTER_20,AB,cattle_man,27140,36.06375167,,,,,,,,,,,,,
CLUSTER_20,AB,horse_man,3289,36.06375167,,,,,,,,,,,,,
CLUSTER_20,AB,pig_man,3376,36.06375167,,,,,,,,,,,,,
CLUSTER_205,AB,cattle_man,11000.35932,21.13714998,,,,,,,,,,,,,
CLUSTER_22,AB,cattle_man,44030,5.379378112,,,,,,,,,,,,,
CLUSTER_22,AB,cattle_slu,203300,5.379378112,,,,,,,,,,,,,
CLUSTER_22,AB,horse_man,2301,5.379378112,,,,,,,,,,,,,
CLUSTER_22,AB,pig_man,696,5.379378112,,,,,,,,,,,,,
CLUSTER_279,AB,cattle_man,21730,13.37979584,,,,,,,,,,,,,
CLUSTER_279,AB,cattle_slu,74670,13.37979584,,,,,,,,,,,,,
CLUSTER_279,AB,horse_man,1665.3,13.37979584,,,,,,,,,,,,,
CLUSTER_279,AB,pig_man,723.8400164,13.37979584,,,,,,,,,,,,,
CLUSTER_288,AB,cattle_man,23510,19.70952748,,,,,,,,,,,,,
CLUSTER_288,AB,horse_man,1884,19.70952748,,,,,,,,,,,,,
CLUSTER_288,AB,pig_man,786,19.70952748,,,,,,,,,,,,,
CLUSTER_300,AB,cattle_man,12150,21.57113809,,,,,,,,,,,,,
CLUSTER_300,AB,horse_man,6326,21.57113809,,,,,,,,,,,,,
CLUSTER_300,AB,pig_man,581.845,21.57113809,,,,,,,,,,,,,
CLUSTER_323,AB,cattle_man,18150,6.936719242,,,,,,,,,,,,,
CLUSTER_323,AB,cattle_slu,79000,6.936719242,,,,,,,,,,,,,
CLUSTER_323,AB,horse_man,2339,6.936719242,,,,,,,,,,,,,
CLUSTER_323,AB,pig_man,275.81,6.936719242,,,,,,,,,,,,,
CLUSTER_371,AB,cattle_man,13910,27.8372932,,,,,,,,,,,,,
CLUSTER_371,AB,horse_man,1280.1,27.8372932,,,,,,,,,,,,,
CLUSTER_371,AB,pig_man,228.32,27.8372932,,,,,,,,,,,,,
CLUSTER_378,AB,cattle_slu,22497.57494,18.41336604,,,,,,,,,,,,,
CLUSTER_386,AB,cattle_man,420,27.71045177,,,,,,,,,,,,,
CLUSTER_386,AB,horse_man,3289,27.71045177,,,,,,,,,,,,,
CLUSTER_403,AB,cattle_man,9000,22.99969004,,,,,,,,,,,,,
CLUSTER_403,AB,horse_man,1197,22.99969004,,,,,,,,,,,,,
CLUSTER_403,AB,pig_man,782,22.99969004,,,,,,,,,,,,,
CLUSTER_423,AB,cattle_man,22380,19.61364974,,,,,,,,,,,,,
CLUSTER_423,AB,horse_man,1678.0106,19.61364974,,,,,,,,,,,,,
CLUSTER_423,AB,pig_man,669.519,19.61364974,,,,,,,,,,,,,
CLUSTER_43,AB,cattle_man,697.37,33.10611981,,,,,,,,,,,,,
CLUSTER_43,AB,horse_man,1609.2,33.10611981,,,,,,,,,,,,,
CLUSTER_43,AB,pig_man,36.5,33.10611981,,,,,,,,,,,,,
CLUSTER_458,AB,cattle_man,4990,43.9647222,,,,,,,,,,,,,
CLUSTER_458,AB,horse_man,2320,43.9647222,,,,,,,,,,,,,
CLUSTER_466,AB,cattle_man,13690,25.46786841,,,,,,,,,,,,,
CLUSTER_466,AB,horse_man,4155,25.46786841,,,,,,,,,,,,,
CLUSTER_466,AB,pig_man,43.27129,25.46786841,,,,,,,,,,,,,
CLUSTER_498,AB,cattle_man,3436,24.74030721,,,,,,,,,,,,,
CLUSTER_498,AB,horse_man,2767,24.74030721,,,,,,,,,,,,,
CLUSTER_523,AB,cattle_man,13260,13.9538498,,,,,,,,,,,,,
CLUSTER_523,AB,cattle_slu,65000,13.9538498,,,,,,,,,,,,,
CLUSTER_523,AB,horse_man,1417,13.9538498,,,,,,,,,,,,,
CLUSTER_523,AB,pig_man,56.7,13.9538498,,,,,,,,,,,,,
CLUSTER_544,AB,cattle_man,5520,28.55925603,,,,,,,,,,,,,
CLUSTER_544,AB,pig_man,15.55,28.55925603,,,,,,,,,,,,,
CLUSTER_57,AB,cattle_man,1262.9,35.7296853,,,,,,,,,,,,,
CLUSTER_57,AB,horse_man,1420,35.7296853,,,,,,,,,,,,,
CLUSTER_64,AB,cattle_man,35510,23.74543061,,,,,,,,,,,,,
CLUSTER_64,AB,horse_man,1753.8,23.74543061,,,,,,,,,,,,,
CLUSTER_69,AB,cattle_man,40940,11.72731986,,,,,,,,,,,,,
CLUSTER_69,AB,cattle_slu,159380,11.72731986,,,,,,,,,,,,,
CLUSTER_69,AB,horse_man,2441.2,11.72731986,,,,,,,,,,,,,
CLUSTER_69,AB,pig_man,1247.43,11.72731986,,,,,,,,,,,,,
CLUSTER_71,AB,cattle_man,8797,37.40183243,,,,,,,,,,,,,
CLUSTER_71,AB,horse_man,2948.9,37.40183243,,,,,,,,,,,,,
CLUSTER_71,AB,pig_man,226.348,37.40183243,,,,,,,,,,,,,
CLUSTER_73,AB,horse_man,1613.1,53.43650367,,,,,,,,,,,,,
CLUSTER_10,AD,legume_str,66.8,53.14883413,,,,,,,,,,,,,
CLUSTER_10,AD,maize_str,92.1,53.14883413,,,,,,,,,,,,,
CLUSTER_10,AD,rape_str,247.75,53.14883413,,,,,,,,,,,,,
CLUSTER_110,AD,legume_str,32.8,45.8603007,,,,,,,,,,,,,
CLUSTER_110,AD,rape_str,218.1,45.8603007,,,,,,,,,,,,,
CLUSTER_119,AD,legume_str,143.3,40.82485179,,,,,,,,,,,,,
CLUSTER_119,AD,rape_str,1302,40.82485179,,,,,,,,,,,,,
CLUSTER_134,AD,beet_leaf,32080,9.351153143,,,,,,,,,,,,,
CLUSTER_134,AD,cattle_man,8431.4,9.351153143,,,,,,,,,,,,,
CLUSTER_134,AD,clover_alfalfa_grass,7349,9.351153143,,,,,,,,,,,,,
CLUSTER_134,AD,legume_str,277.13,9.351153143,,,,,,,,,,,,,
CLUSTER_134,AD,maize_str,712.3,9.351153143,,,,,,,,,,,,,
CLUSTER_134,AD,rape_str,1039.3,9.351153143,,,,,,,,,,,,,
CLUSTER_139,AD,cattle_man,3032.51,25.3772757,,,,,,,,,,,,,
CLUSTER_139,AD,legume_str,570.9,25.3772757,,,,,,,,,,,,,
CLUSTER_139,AD,rape_str,1083.5,25.3772757,,,,,,,,,,,,,
CLUSTER_148,AD,legume_str,71.2,46.37530285,,,,,,,,,,,,,
CLUSTER_148,AD,maize_str,21.2,46.37530285,,,,,,,,,,,,,
CLUSTER_148,AD,rape_str,856,46.37530285,,,,,,,,,,,,,
CLUSTER_153,AD,legume_str,465.2,45.56677226,,,,,,,,,,,,,
CLUSTER_153,AD,maize_str,346.3,45.56677226,,,,,,,,,,,,,
CLUSTER_153,AD,rape_str,2865,45.56677226,,,,,,,,,,,,,
CLUSTER_154,AD,beet_leaf,15730,4.460870622,,,,,,,,,,,,,
CLUSTER_154,AD,cattle_man,5634.1,4.460870622,,,,,,,,,,,,,
CLUSTER_154,AD,cattle_slu,264.058,4.460870622,,,,,,,,,,,,,
CLUSTER_154,AD,clover_alfalfa_grass,5113,4.460870622,,,,,,,,,,,,,
CLUSTER_154,AD,legume_str,348.1,4.460870622,,,,,,,,,,,,,
CLUSTER_154,AD,maize_str,84.14,4.460870622,,,,,,,,,,,,,
CLUSTER_154,AD,rape_str,1500.8,4.460870622,,,,,,,,,,,,,
CLUSTER_156,AD,legume_str,342.4,44.12077453,,,,,,,,,,,,,
CLUSTER_156,AD,maize_str,250.711,44.12077453,,,,,,,,,,,,,
CLUSTER_156,AD,rape_str,1599,44.12077453,,,,,,,,,,,,,
CLUSTER_158,AD,legume_str,41.66,44.13112227,,,,,,,,,,,,,
CLUSTER_158,AD,rape_str,44.4,44.13112227,,,,,,,,,,,,,
CLUSTER_16,AD,legume_str,320.2,21.47166009,,,,,,,,,,,,,
CLUSTER_16,AD,maize_str,361.46,21.47166009,,,,,,,,,,,,,
CLUSTER_16,AD,rape_str,1459.3,21.47166009,,,,,,,,,,,,,
CLUSTER_160,AD,legume_str,109.73,61.77536446,,,,,,,,,,,,,
CLUSTER_163,AD,legume_str,26.23,54.35003151,,,,,,,,,,,,,
CLUSTER_163,AD,rape_str,435.3,54.35003151,,,,,,,,,,,,,
CLUSTER_164,AD,legume_str,154.5,37.91042428,,,,,,,,,,,,,
CLUSTER_164,AD,maize_str,100.7,37.91042428,,,,,,,,,,,,,
CLUSTER_164,AD,rape_str,740,37.91042428,,,,,,,,,,,,,
CLUSTER_170,AD,maize_str,38.8,44.19277582,,,,,,,,,,,,,
CLUSTER_170,AD,rape_str,334.9,44.19277582,,,,,,,,,,,,,
CLUSTER_173,AD,legume_str,245,42.22893348,,,,,,,,,,,,,
CLUSTER_173,AD,rape_str,696.9,42.22893348,,,,,,,,,,,,,
CLUSTER_177,AD,legume_str,144.7,29.42996192,,,,,,,,,,,,,
CLUSTER_177,AD,maize_str,263.9,29.42996192,,,,,,,,,,,,,
CLUSTER_177,AD,rape_str,3337,29.42996192,,,,,,,,,,,,,
CLUSTER_179,AD,legume_str,197.6,37.36125805,,,,,,,,,,,,,
CLUSTER_179,AD,rape_str,741.5,37.36125805,,,,,,,,,,,,,
CLUSTER_181,AD,legume_str,393.5,34.71703374,,,,,,,,,,,,,
CLUSTER_181,AD,maize_str,737.8,34.71703374,,,,,,,,,,,,,
CLUSTER_181,AD,rape_str,425.5,34.71703374,,,,,,,,,,,,,
CLUSTER_194,AD,legume_str,213.55,34.24675625,,,,,,,,,,,,,
CLUSTER_194,AD,maize_str,238.4,34.24675625,,,,,,,,,,,,,
CLUSTER_194,AD,rape_str,1397,34.24675625,,,,,,,,,,,,,
CLUSTER_200,AD,legume_str,199.5,42.26237223,,,,,,,,,,,,,
CLUSTER_200,AD,maize_str,105.4,42.26237223,,,,,,,,,,,,,
CLUSTER_200,AD,rape_str,2260,42.26237223,,,,,,,,,,,,,
CLUSTER_213,AD,legume_str,10.36,49.10079923,,,,,,,,,,,,,
CLUSTER_213,AD,rape_str,43.9,49.10079923,,,,,,,,,,,,,
CLUSTER_217,AD,legume_str,337.9,62.10354681,,,,,,,,,,,,,
CLUSTER_222,AD,legume_str,145.8,54.96144068,,,,,,,,,,,,,
CLUSTER_222,AD,maize_str,154.36,54.96144068,,,,,,,,,,,,,
CLUSTER_222,AD,rape_str,844.8,54.96144068,,,,,,,,,,,,,
CLUSTER_236,AD,beet_leaf,390.7954423,18.88302815,,,,,,,,,,,,,
CLUSTER_236,AD,horse_man,1045.5,18.88302815,,,,,,,,,,,,,
CLUSTER_236,AD,legume_str,601.1,18.88302815,,,,,,,,,,,,,
CLUSTER_236,AD,maize_str,46.4,18.88302815,,,,,,,,,,,,,
CLUSTER_236,AD,rape_str,1247,18.88302815,,,,,,,,,,,,,
CLUSTER_238,AD,legume_str,234.7,60.15491151,,,,,,,,,,,,,
CLUSTER_24,AD,legume_str,769.8,19.13700915,,,,,,,,,,,,,
CLUSTER_24,AD,maize_str,610.37,19.13700915,,,,,,,,,,,,,
CLUSTER_24,AD,rape_str,4848,19.13700915,,,,,,,,,,,,,
CLUSTER_242,AD,legume_str,233.5,61.3624274,,,,,,,,,,,,,
CLUSTER_246,AD,legume_str,345,33.29771043,,,,,,,,,,,,,
CLUSTER_246,AD,maize_str,156.3,33.29771043,,,,,,,,,,,,,
CLUSTER_246,AD,rape_str,1181,33.29771043,,,,,,,,,,,,,
CLUSTER_247,AD,legume_str,474.1,21.66384055,,,,,,,,,,,,,
CLUSTER_247,AD,maize_str,161.1,21.66384055,,,,,,,,,,,,,
CLUSTER_247,AD,rape_str,3410,21.66384055,,,,,,,,,,,,,
CLUSTER_251,AD,legume_str,633.2,38.69265312,,,,,,,,,,,,,
CLUSTER_251,AD,maize_str,70.9,38.69265312,,,,,,,,,,,,,
CLUSTER_251,AD,rape_str,2183,38.69265312,,,,,,,,,,,,,
CLUSTER_271,AD,legume_str,258.8,53.67390152,,,,,,,,,,,,,
CLUSTER_271,AD,maize_str,266.3,53.67390152,,,,,,,,,,,,,
CLUSTER_271,AD,rape_str,2906,53.67390152,,,,,,,,,,,,,
CLUSTER_275,AD,legume_str,322.6,26.64945036,,,,,,,,,,,,,
CLUSTER_275,AD,maize_str,130.5,26.64945036,,,,,,,,,,,,,
CLUSTER_275,AD,rape_str,2420,26.64945036,,,,,,,,,,,,,
CLUSTER_277,AD,legume_str,748.8,29.02881143,,,,,,,,,,,,,
CLUSTER_277,AD,maize_str,52.9,29.02881143,,,,,,,,,,,,,
CLUSTER_277,AD,rape_str,2519,29.02881143,,,,,,,,,,,,,
CLUSTER_283,AD,beet_leaf,20320,15.49188683,,,,,,,,,,,,,
CLUSTER_283,AD,legume_str,287.6,15.49188683,,,,,,,,,,,,,
CLUSTER_283,AD,maize_str,483.1,15.49188683,,,,,,,,,,,,,
CLUSTER_283,AD,rape_str,1599.65,15.49188683,,,,,,,,,,,,,
CLUSTER_289,AD,legume_str,485.4,38.65237165,,,,,,,,,,,,,
CLUSTER_289,AD,maize_str,455.8,38.65237165,,,,,,,,,,,,,
CLUSTER_289,AD,rape_str,1516,38.65237165,,,,,,,,,,,,,
CLUSTER_293,AD,legume_str,195.85,50.16877949,,,,,,,,,,,,,
CLUSTER_293,AD,maize_str,181.2,50.16877949,,,,,,,,,,,,,
CLUSTER_293,AD,rape_str,1991,50.16877949,,,,,,,,,,,,,
CLUSTER_298,AD,legume_str,191.9,30.67663035,,,,,,,,,,,,,
CLUSTER_298,AD,maize_str,131.71,30.67663035,,,,,,,,,,,,,
CLUSTER_298,AD,rape_str,1018,30.67663035,,,,,,,,,,,,,
CLUSTER_30,AD,legume_str,592.4,51.263644,,,,,,,,,,,,,
CLUSTER_30,AD,maize_str,530.4,51.263644,,,,,,,,,,,,,
CLUSTER_30,AD,rape_str,844,51.263644,,,,,,,,,,,,,
CLUSTER_317,AD,legume_str,236.2,42.33885213,,,,,,,,,,,,,
CLUSTER_317,AD,maize_str,120.7,42.33885213,,,,,,,,,,,,,
CLUSTER_317,AD,rape_str,692,42.33885213,,,,,,,,,,,,,
CLUSTER_320,AD,beet_leaf,2141,12.48551725,,,,,,,,,,,,,
CLUSTER_320,AD,cattle_man,1036,12.48551725,,,,,,,,,,,,,
CLUSTER_320,AD,legume_str,113.12,12.48551725,,,,,,,,,,,,,
CLUSTER_320,AD,maize_str,24.13,12.48551725,,,,,,,,,,,,,
CLUSTER_320,AD,rape_str,1162.3,12.48551725,,,,,,,,,,,,,
CLUSTER_326,AD,legume_str,268.6,55.15825036,,,,,,,,,,,,,
CLUSTER_326,AD,maize_str,598,55.15825036,,,,,,,,,,,,,
CLUSTER_326,AD,rape_str,2611,55.15825036,,,,,,,,,,,,,
CLUSTER_328,AD,legume_str,524,32.65937863,,,,,,,,,,,,,
CLUSTER_328,AD,maize_str,276,32.65937863,,,,,,,,,,,,,
CLUSTER_328,AD,rape_str,1819,32.65937863,,,,,,,,,,,,,
CLUSTER_332,AD,legume_str,553.2,29.50875432,,,,,,,,,,,,,
CLUSTER_332,AD,maize_str,50.4,29.50875432,,,,,,,,,,,,,
CLUSTER_332,AD,rape_str,1546.9,29.50875432,,,,,,,,,,,,,
CLUSTER_336,AD,legume_str,270.07,30.07391422,,,,,,,,,,,,,
CLUSTER_336,AD,maize_str,516.74,30.07391422,,,,,,,,,,,,,
CLUSTER_336,AD,rape_str,912.3,30.07391422,,,,,,,,,,,,,
CLUSTER_347,AD,legume_str,72.7,62.19000156,,,,,,,,,,,,,
CLUSTER_348,AD,legume_str,156.9,33.95314253,,,,,,,,,,,,,
CLUSTER_348,AD,maize_str,65,33.95314253,,,,,,,,,,,,,
CLUSTER_348,AD,rape_str,718,33.95314253,,,,,,,,,,,,,
CLUSTER_361,AD,legume_str,175.4,41.51169776,,,,,,,,,,,,,
CLUSTER_361,AD,maize_str,579.6,41.51169776,,,,,,,,,,,,,
CLUSTER_361,AD,rape_str,169.4,41.51169776,,,,,,,,,,,,,
CLUSTER_38,AD,legume_str,159.5,21.89050852,,,,,,,,,,,,,
CLUSTER_38,AD,maize_str,30,21.89050852,,,,,,,,,,,,,
CLUSTER_38,AD,rape_str,891,21.89050852,,,,,,,,,,,,,
CLUSTER_389,AD,beet_leaf,8760,10.52771733,,,,,,,,,,,,,
CLUSTER_389,AD,clover_alfalfa_grass,3283.6,10.52771733,,,,,,,,,,,,,
CLUSTER_389,AD,legume_str,294,10.52771733,,,,,,,,,,,,,
CLUSTER_389,AD,maize_str,132.9,10.52771733,,,,,,,,,,,,,
CLUSTER_389,AD,rape_str,826.81,10.52771733,,,,,,,,,,,,,
CLUSTER_395,AD,legume_str,73.81,50.98033604,,,,,,,,,,,,,
CLUSTER_395,AD,maize_str,582.4,50.98033604,,,,,,,,,,,,,
CLUSTER_395,AD,rape_str,1105,50.98033604,,,,,,,,,,,,,
CLUSTER_4,AD,legume_str,531.23,22.33046597,,,,,,,,,,,,,
CLUSTER_4,AD,maize_str,287.9,22.33046597,,,,,,,,,,,,,
CLUSTER_4,AD,rape_str,2234.4,22.33046597,,,,,,,,,,,,,
CLUSTER_405,AD,legume_str,321.95,41.09512165,,,,,,,,,,,,,
CLUSTER_405,AD,maize_str,43.2,41.09512165,,,,,,,,,,,,,
CLUSTER_405,AD,rape_str,758.7,41.09512165,,,,,,,,,,,,,
CLUSTER_410,AD,legume_str,361.8,27.09738429,,,,,,,,,,,,,
CLUSTER_410,AD,maize_str,31.67,27.09738429,,,,,,,,,,,,,
CLUSTER_410,AD,rape_str,2374,27.09738429,,,,,,,,,,,,,
CLUSTER_417,AD,beet_leaf,12800,14.19462917,,,,,,,,,,,,,
CLUSTER_417,AD,legume_str,179.52,14.19462917,,,,,,,,,,,,,
CLUSTER_417,AD,maize_str,88.36,14.19462917,,,,,,,,,,,,,
CLUSTER_417,AD,rape_str,677.4,14.19462917,,,,,,,,,,,,,
CLUSTER_418,AD,legume_str,130.8,43.73139952,,,,,,,,,,,,,
CLUSTER_418,AD,maize_str,247.58,43.73139952,,,,,,,,,,,,,
CLUSTER_418,AD,rape_str,1244,43.73139952,,,,,,,,,,,,,
CLUSTER_420,AD,legume_str,308.5,50.69980322,,,,,,,,,,,,,
CLUSTER_420,AD,maize_str,18.3,50.69980322,,,,,,,,,,,,,
CLUSTER_420,AD,rape_str,472,50.69980322,,,,,,,,,,,,,
CLUSTER_421,AD,legume_str,191,55.80962759,,,,,,,,,,,,,
CLUSTER_421,AD,maize_str,277.1,55.80962759,,,,,,,,,,,,,
CLUSTER_421,AD,rape_str,740.8,55.80962759,,,,,,,,,,,,,
CLUSTER_424,AD,legume_str,524.5,35.78548789,,,,,,,,,,,,,
CLUSTER_424,AD,maize_str,42.1,35.78548789,,,,,,,,,,,,,
CLUSTER_424,AD,rape_str,2239.8,35.78548789,,,,,,,,,,,,,
CLUSTER_430,AD,legume_str,108.18,41.47375064,,,,,,,,,,,,,
CLUSTER_430,AD,maize_str,59.93,41.47375064,,,,,,,,,,,,,
CLUSTER_430,AD,rape_str,1226,41.47375064,,,,,,,,,,,,,
CLUSTER_445,AD,legume_str,171.5,53.95551723,,,,,,,,,,,,,
CLUSTER_445,AD,maize_str,620.6,53.95551723,,,,,,,,,,,,,
CLUSTER_445,AD,rape_str,1059,53.95551723,,,,,,,,,,,,,
CLUSTER_449,AD,legume_str,67.55,47.96288123,,,,,,,,,,,,,
CLUSTER_449,AD,maize_str,119,47.96288123,,,,,,,,,,,,,
CLUSTER_449,AD,rape_str,2855,47.96288123,,,,,,,,,,,,,
CLUSTER_455,AD,legume_str,362.4,44.55657713,,,,,,,,,,,,,
CLUSTER_455,AD,maize_str,263.67,44.55657713,,,,,,,,,,,,,
CLUSTER_455,AD,rape_str,1213,44.55657713,,,,,,,,,,,,,
CLUSTER_46,AD,legume_str,245.44,43.65819013,,,,,,,,,,,,,
CLUSTER_46,AD,maize_str,216.072,43.65819013,,,,,,,,,,,,,
CLUSTER_46,AD,rape_str,1841.4,43.65819013,,,,,,,,,,,,,
CLUSTER_468,AD,legume_str,142.73,53.46753865,,,,,,,,,,,,,
CLUSTER_468,AD,maize_str,120,53.46753865,,,,,,,,,,,,,
CLUSTER_468,AD,rape_str,574.4,53.46753865,,,,,,,,,,,,,
CLUSTER_47,AD,rape_str,155,55.13877393,,,,,,,,,,,,,
CLUSTER_483,AD,legume_str,415.5,45.01104999,,,,,,,,,,,,,
CLUSTER_483,AD,maize_str,387.2,45.01104999,,,,,,,,,,,,,
CLUSTER_483,AD,rape_str,440.9,45.01104999,,,,,,,,,,,,,
CLUSTER_487,AD,beet_leaf,25760,6.515493797,,,,,,,,,,,,,
CLUSTER_487,AD,cattle_man,16400,6.515493797,,,,,,,,,,,,,
CLUSTER_487,AD,cattle_slu,2333,6.515493797,,,,,,,,,,,,,
CLUSTER_487,AD,clover_alfalfa_grass,3453,6.515493797,,,,,,,,,,,,,
CLUSTER_487,AD,horse_man,431.5,6.515493797,,,,,,,,,,,,,
CLUSTER_487,AD,legume_str,702.12,6.515493797,,,,,,,,,,,,,
CLUSTER_487,AD,maize_str,637.4,6.515493797,,,,,,,,,,,,,
CLUSTER_487,AD,rape_str,1529,6.515493797,,,,,,,,,,,,,
CLUSTER_49,AD,beet_leaf,9947,18.70183692,,,,,,,,,,,,,
CLUSTER_49,AD,legume_str,470.832,18.70183692,,,,,,,,,,,,,
CLUSTER_49,AD,maize_str,516.3,18.70183692,,,,,,,,,,,,,
CLUSTER_49,AD,rape_str,2778,18.70183692,,,,,,,,,,,,,
CLUSTER_491,AD,legume_str,275.7,32.26437519,,,,,,,,,,,,,
CLUSTER_491,AD,maize_str,50.9,32.26437519,,,,,,,,,,,,,
CLUSTER_491,AD,rape_str,1665,32.26437519,,,,,,,,,,,,,
CLUSTER_494,AD,legume_str,89.8,48.55483028,,,,,,,,,,,,,
CLUSTER_494,AD,maize_str,343.7,48.55483028,,,,,,,,,,,,,
CLUSTER_494,AD,rape_str,500.2,48.55483028,,,,,,,,,,,,,
CLUSTER_497,AD,legume_str,206.1,36.56854701,,,,,,,,,,,,,
CLUSTER_497,AD,maize_str,25.5,36.56854701,,,,,,,,,,,,,
CLUSTER_497,AD,rape_str,1290,36.56854701,,,,,,,,,,,,,
CLUSTER_506,AD,legume_str,340,31.13053658,,,,,,,,,,,,,
CLUSTER_506,AD,maize_str,146.4,31.13053658,,,,,,,,,,,,,
CLUSTER_506,AD,rape_str,1143,31.13053658,,,,,,,,,,,,,
CLUSTER_517,AD,legume_str,119.6,39.90015722,,,,,,,,,,,,,
CLUSTER_517,AD,maize_str,38.76,39.90015722,,,,,,,,,,,,,
CLUSTER_517,AD,rape_str,729.3,39.90015722,,,,,,,,,,,,,
CLUSTER_519,AD,legume_str,11.1,54.96942716,,,,,,,,,,,,,
CLUSTER_525,AD,legume_str,32.37,47.06842435,,,,,,,,,,,,,
CLUSTER_525,AD,maize_str,16.1,47.06842435,,,,,,,,,,,,,
CLUSTER_525,AD,rape_str,758,47.06842435,,,,,,,,,,,,,
CLUSTER_538,AD,legume_str,213.05,29.83162182,,,,,,,,,,,,,
CLUSTER_538,AD,maize_str,24.6,29.83162182,,,,,,,,,,,,,
CLUSTER_538,AD,rape_str,957,29.83162182,,,,,,,,,,,,,
CLUSTER_75,AD,legume_str,172.5,27.88266207,,,,,,,,,,,,,
CLUSTER_75,AD,maize_str,550.06,27.88266207,,,,,,,,,,,,,
CLUSTER_75,AD,rape_str,1046.1,27.88266207,,,,,,,,,,,,,
CLUSTER_80,AD,legume_str,346.7,38.90121743,,,,,,,,,,,,,
CLUSTER_80,AD,maize_str,115,38.90121743,,,,,,,,,,,,,
CLUSTER_80,AD,rape_str,3516,38.90121743,,,,,,,,,,,,,
CLUSTER_87,AD,legume_str,729,38.61399938,,,,,,,,,,,,,
CLUSTER_87,AD,maize_str,676.6,38.61399938,,,,,,,,,,,,,
CLUSTER_87,AD,rape_str,922.9,38.61399938,,,,,,,,,,,,,
CLUSTER_88,AD,legume_str,227.87,60.28105079,,,,,,,,,,,,,
CLUSTER_95,AD,legume_str,380.1,48.71422094,,,,,,,,,,,,,
CLUSTER_95,AD,maize_str,231.9,48.71422094,,,,,,,,,,,,,
CLUSTER_95,AD,rape_str,4774,48.71422094,,,,,,,,,,,,,
CLUSTER_97,AD,beet_leaf,10300,15.60646184,,,,,,,,,,,,,
CLUSTER_97,AD,cattle_man,4494,15.60646184,,,,,,,,,,,,,
CLUSTER_97,AD,horse_man,192.6213835,15.60646184,,,,,,,,,,,,,
CLUSTER_97,AD,legume_str,684.7,15.60646184,,,,,,,,,,,,,
CLUSTER_97,AD,maize_str,150.8,15.60646184,,,,,,,,,,,,,
CLUSTER_97,AD,rape_str,3629,15.60646184,,,,,,,,,,,,,
CLUSTER_102,AJ,cattle_man,1724,36.07861363,,,,,,,,,,,,,
CLUSTER_102,AJ,horse_man,961,36.07861363,,,,,,,,,,,,,
CLUSTER_108,AJ,horse_man,2893,42.14177095,,,,,,,,,,,,,
CLUSTER_11,AJ,cattle_man,3764.1,26.89144894,,,,,,,,,,,,,
CLUSTER_11,AJ,horse_man,1455,26.89144894,,,,,,,,,,,,,
CLUSTER_11,AJ,pig_man,23.6720704,26.89144894,,,,,,,,,,,,,
CLUSTER_112,AJ,cattle_man,13057,29.84386143,,,,,,,,,,,,,
CLUSTER_112,AJ,horse_man,1571,29.84386143,,,,,,,,,,,,,
CLUSTER_112,AJ,pig_man,508.8,29.84386143,,,,,,,,,,,,,
CLUSTER_113,AJ,cattle_man,1617,61.87863174,,,,,,,,,,,,,
CLUSTER_113,AJ,horse_man,513.4,61.87863174,,,,,,,,,,,,,
CLUSTER_114,AJ,cattle_man,3025,42.53548417,,,,,,,,,,,,,
CLUSTER_114,AJ,horse_man,632.9,42.53548417,,,,,,,,,,,,,
CLUSTER_114,AJ,pig_man,77.821,42.53548417,,,,,,,,,,,,,
CLUSTER_115,AJ,cattle_man,12403,51.88792744,,,,,,,,,,,,,
CLUSTER_115,AJ,horse_man,190.35,51.88792744,,,,,,,,,,,,,
CLUSTER_115,AJ,pig_man,276.8087,51.88792744,,,,,,,,,,,,,
CLUSTER_12,AJ,cattle_man,6212,35.10168815,,,,,,,,,,,,,
CLUSTER_12,AJ,horse_man,2496.5,35.10168815,,,,,,,,,,,,,
CLUSTER_12,AJ,pig_man,96.610847,35.10168815,,,,,,,,,,,,,
CLUSTER_120,AJ,horse_man,643.23,69.4917835,,,,,,,,,,,,,
CLUSTER_120,AJ,pig_man,313.972,69.4917835,,,,,,,,,,,,,
CLUSTER_133,AJ,horse_man,538.3,72.05778424,,,,,,,,,,,,,
CLUSTER_147,AJ,cattle_man,5220,16.94158902,,,,,,,,,,,,,
CLUSTER_147,AJ,cattle_slu,32950,16.94158902,,,,,,,,,,,,,
CLUSTER_147,AJ,horse_man,869.8,16.94158902,,,,,,,,,,,,,
CLUSTER_147,AJ,legume_str,68.23,16.94158902,,,,,,,,,,,,,
CLUSTER_147,AJ,pig_man,23.898,16.94158902,,,,,,,,,,,,,
CLUSTER_147,AJ,rape_str,506.3,16.94158902,,,,,,,,,,,,,
CLUSTER_15,AJ,cattle_man,7650,46.85347212,,,,,,,,,,,,,
CLUSTER_15,AJ,horse_man,5057,46.85347212,,,,,,,,,,,,,
CLUSTER_15,AJ,pig_man,68.319,46.85347212,,,,,,,,,,,,,
CLUSTER_167,AJ,cattle_man,16680,29.4068986,,,,,,,,,,,,,
CLUSTER_167,AJ,horse_man,1062.4,29.4068986,,,,,,,,,,,,,
CLUSTER_167,AJ,pig_man,722.3,29.4068986,,,,,,,,,,,,,
CLUSTER_168,AJ,cattle_man,4187,55.82136353,,,,,,,,,,,,,
CLUSTER_168,AJ,horse_man,2384,55.82136353,,,,,,,,,,,,,
CLUSTER_168,AJ,pig_man,426.892,55.82136353,,,,,,,,,,,,,
CLUSTER_18,AJ,cattle_man,14355,39.33027497,,,,,,,,,,,,,
CLUSTER_18,AJ,horse_man,809.7,39.33027497,,,,,,,,,,,,,
CLUSTER_18,AJ,pig_man,338.1159,39.33027497,,,,,,,,,,,,,
CLUSTER_185,AJ,horse_man,786.4,67.59060378,,,,,,,,,,,,,
CLUSTER_185,AJ,pig_man,183.43,67.59060378,,,,,,,,,,,,,
CLUSTER_188,AJ,horse_man,1732,67.9728098,,,,,,,,,,,,,
CLUSTER_19,AJ,cattle_man,13523,3.664791795,,,,,,,,,,,,,
CLUSTER_19,AJ,cattle_slu,80570,3.664791795,,,,,,,,,,,,,
CLUSTER_19,AJ,horse_man,1890,3.664791795,,,,,,,,,,,,,
CLUSTER_19,AJ,legume_str,163.01,3.664791795,,,,,,,,,,,,,
CLUSTER_19,AJ,pig_man,322.3,3.664791795,,,,,,,,,,,,,
CLUSTER_19,AJ,rape_str,1053,3.664791795,,,,,,,,,,,,,
CLUSTER_197,AJ,cattle_man,6600,14.97959961,,,,,,,,,,,,,
CLUSTER_197,AJ,cattle_slu,30490,14.97959961,,,,,,,,,,,,,
CLUSTER_197,AJ,horse_man,194.9,14.97959961,,,,,,,,,,,,,
CLUSTER_197,AJ,legume_str,64.6,14.97959961,,,,,,,,,,,,,
CLUSTER_197,AJ,rape_str,192,14.97959961,,,,,,,,,,,,,
CLUSTER_199,AJ,cattle_man,3629,32.96475625,,,,,,,,,,,,,
CLUSTER_199,AJ,horse_man,704,32.96475625,,,,,,,,,,,,,
CLUSTER_199,AJ,pig_man,341.399,32.96475625,,,,,,,,,,,,,
CLUSTER_21,AJ,cattle_man,11680,19.66004603,,,,,,,,,,,,,
CLUSTER_21,AJ,cattle_slu,60910,19.66004603,,,,,,,,,,,,,
CLUSTER_21,AJ,horse_man,1242.7,19.66004603,,,,,,,,,,,,,
CLUSTER_21,AJ,legume_str,141,19.66004603,,,,,,,,,,,,,
CLUSTER_21,AJ,rape_str,567.3,19.66004603,,,,,,,,,,,,,
CLUSTER_211,AJ,cattle_man,4080,50.2701525,,,,,,,,,,,,,
CLUSTER_211,AJ,horse_man,442,50.2701525,,,,,,,,,,,,,
CLUSTER_211,AJ,pig_man,51.2,50.2701525,,,,,,,,,,,,,
CLUSTER_216,AJ,cattle_man,6405,43.99758317,,,,,,,,,,,,,
CLUSTER_216,AJ,horse_man,1391.183,43.99758317,,,,,,,,,,,,,
CLUSTER_217,AJ,cattle_man,3099,49.51872404,,,,,,,,,,,,,
CLUSTER_217,AJ,horse_man,1360,49.51872404,,,,,,,,,,,,,
CLUSTER_220,AJ,cattle_man,1849,16.88339094,,,,,,,,,,,,,
CLUSTER_220,AJ,cattle_slu,14660,16.88339094,,,,,,,,,,,,,
CLUSTER_220,AJ,horse_man,806,16.88339094,,,,,,,,,,,,,
CLUSTER_220,AJ,legume_str,140.7,16.88339094,,,,,,,,,,,,,
CLUSTER_220,AJ,pig_man,25.08,16.88339094,,,,,,,,,,,,,
CLUSTER_220,AJ,rape_str,396,16.88339094,,,,,,,,,,,,,
CLUSTER_221,AJ,cattle_man,8125,20.50362618,,,,,,,,,,,,,
CLUSTER_221,AJ,horse_man,1171.9,20.50362618,,,,,,,,,,,,,
CLUSTER_221,AJ,legume_str,89.54,20.50362618,,,,,,,,,,,,,
CLUSTER_221,AJ,pig_man,218.174,20.50362618,,,,,,,,,,,,,
CLUSTER_221,AJ,rape_str,447.85,20.50362618,,,,,,,,,,,,,
CLUSTER_227,AJ,cattle_man,7020,60.00209034,,,,,,,,,,,,,
CLUSTER_227,AJ,horse_man,79.97,60.00209034,,,,,,,,,,,,,
CLUSTER_227,AJ,pig_man,882,60.00209034,,,,,,,,,,,,,
CLUSTER_230,AJ,cattle_man,11370,43.63116225,,,,,,,,,,,,,
CLUSTER_230,AJ,horse_man,900,43.63116225,,,,,,,,,,,,,
CLUSTER_230,AJ,pig_man,156.99,43.63116225,,,,,,,,,,,,,
CLUSTER_234,AJ,pig_man,472.3,59.37735157,,,,,,,,,,,,,
CLUSTER_245,AJ,cattle_man,13085,59.95847845,,,,,,,,,,,,,
CLUSTER_245,AJ,horse_man,793.9,59.95847845,,,,,,,,,,,,,
CLUSTER_245,AJ,pig_man,381.8,59.95847845,,,,,,,,,,,,,
CLUSTER_249,AJ,cattle_man,9836,39.07999732,,,,,,,,,,,,,
CLUSTER_249,AJ,horse_man,1754,39.07999732,,,,,,,,,,,,,
CLUSTER_249,AJ,pig_man,509.23,39.07999732,,,,,,,,,,,,,
CLUSTER_25,AJ,cattle_man,2469.58,56.1445996,,,,,,,,,,,,,
CLUSTER_25,AJ,horse_man,395.1,56.1445996,,,,,,,,,,,,,
CLUSTER_255,AJ,cattle_man,5100,56.5777485,,,,,,,,,,,,,
CLUSTER_255,AJ,horse_man,1720.5,56.5777485,,,,,,,,,,,,,
CLUSTER_255,AJ,pig_man,204.36,56.5777485,,,,,,,,,,,,,
CLUSTER_259,AJ,cattle_man,11538,35.48824155,,,,,,,,,,,,,
CLUSTER_259,AJ,horse_man,817.6,35.48824155,,,,,,,,,,,,,
CLUSTER_259,AJ,pig_man,260.08,35.48824155,,,,,,,,,,,,,
CLUSTER_261,AJ,cattle_man,10670,23.88670348,,,,,,,,,,,,,
CLUSTER_261,AJ,horse_man,1088.2,23.88670348,,,,,,,,,,,,,
CLUSTER_261,AJ,legume_str,260,23.88670348,,,,,,,,,,,,,
CLUSTER_261,AJ,pig_man,42.392,23.88670348,,,,,,,,,,,,,
CLUSTER_262,AJ,cattle_man,7320,34.66531212,,,,,,,,,,,,,
CLUSTER_262,AJ,horse_man,491,34.66531212,,,,,,,,,,,,,
CLUSTER_262,AJ,pig_man,55.52,34.66531212,,,,,,,,,,,,,
CLUSTER_265,AJ,cattle_man,1417,30.88689627,,,,,,,,,,,,,
CLUSTER_265,AJ,horse_man,1119.1,30.88689627,,,,,,,,,,,,,
CLUSTER_265,AJ,pig_man,39.79,30.88689627,,,,,,,,,,,,,
CLUSTER_269,AJ,cattle_man,10313,14.65698701,,,,,,,,,,,,,
CLUSTER_269,AJ,cattle_slu,70838,14.65698701,,,,,,,,,,,,,
CLUSTER_269,AJ,horse_man,2387.8,14.65698701,,,,,,,,,,,,,
CLUSTER_269,AJ,legume_str,139.774,14.65698701,,,,,,,,,,,,,
CLUSTER_269,AJ,pig_man,389.745,14.65698701,,,,,,,,,,,,,
CLUSTER_269,AJ,rape_str,727.1,14.65698701,,,,,,,,,,,,,
CLUSTER_286,AJ,horse_man,502.1,65.87511577,,,,,,,,,,,,,
CLUSTER_286,AJ,pig_man,407.6,65.87511577,,,,,,,,,,,,,
CLUSTER_299,AJ,cattle_man,4359,30.38272147,,,,,,,,,,,,,
CLUSTER_299,AJ,horse_man,817.8,30.38272147,,,,,,,,,,,,,
CLUSTER_299,AJ,pig_man,111.861,30.38272147,,,,,,,,,,,,,
CLUSTER_307,AJ,cattle_man,3600,56.18728747,,,,,,,,,,,,,
CLUSTER_307,AJ,horse_man,1101,56.18728747,,,,,,,,,,,,,
CLUSTER_309,AJ,cattle_man,7630,43.95949237,,,,,,,,,,,,,
CLUSTER_309,AJ,horse_man,240.3,43.95949237,,,,,,,,,,,,,
CLUSTER_309,AJ,pig_man,216.09,43.95949237,,,,,,,,,,,,,
CLUSTER_322,AJ,cattle_man,5790,55.21145455,,,,,,,,,,,,,
CLUSTER_322,AJ,horse_man,1355,55.21145455,,,,,,,,,,,,,
CLUSTER_322,AJ,pig_man,57.48,55.21145455,,,,,,,,,,,,,
CLUSTER_327,AJ,horse_man,336.5,79.71368413,,,,,,,,,,,,,
CLUSTER_331,AJ,cattle_man,5700,42.69128814,,,,,,,,,,,,,
CLUSTER_331,AJ,horse_man,3020,42.69128814,,,,,,,,,,,,,
CLUSTER_331,AJ,pig_man,621,42.69128814,,,,,,,,,,,,,
CLUSTER_335,AJ,cattle_man,4820,27.80713764,,,,,,,,,,,,,
CLUSTER_335,AJ,horse_man,3071,27.80713764,,,,,,,,,,,,,
CLUSTER_335,AJ,pig_man,497.042,27.80713764,,,,,,,,,,,,,
CLUSTER_346,AJ,cattle_man,146.3,40.60252905,,,,,,,,,,,,,
CLUSTER_346,AJ,horse_man,804.6,40.60252905,,,,,,,,,,,,,
CLUSTER_347,AJ,horse_man,826.5,44.74511255,,,,,,,,,,,,,
CLUSTER_357,AJ,cattle_man,11532,36.18054907,,,,,,,,,,,,,
CLUSTER_357,AJ,horse_man,1403.7,36.18054907,,,,,,,,,,,,,
CLUSTER_357,AJ,pig_man,843.3,36.18054907,,,,,,,,,,,,,
CLUSTER_358,AJ,cattle_man,8329,40.43140673,,,,,,,,,,,,,
CLUSTER_358,AJ,horse_man,586.9,40.43140673,,,,,,,,,,,,,
CLUSTER_358,AJ,pig_man,505.06,40.43140673,,,,,,,,,,,,,
CLUSTER_359,AJ,horse_man,362.1,67.37024317,,,,,,,,,,,,,
CLUSTER_359,AJ,pig_man,13.947,67.37024317,,,,,,,,,,,,,
CLUSTER_36,AJ,horse_man,1610.7,69.63556335,,,,,,,,,,,,,
CLUSTER_36,AJ,pig_man,1634,69.63556335,,,,,,,,,,,,,
CLUSTER_367,AJ,horse_man,1169.9,70.57401077,,,,,,,,,,,,,
CLUSTER_380,AJ,cattle_man,6580,33.52893889,,,,,,,,,,,,,
CLUSTER_380,AJ,horse_man,1242,33.52893889,,,,,,,,,,,,,
CLUSTER_380,AJ,pig_man,507,33.52893889,,,,,,,,,,,,,
CLUSTER_384,AJ,cattle_man,3170,16.16716942,,,,,,,,,,,,,
CLUSTER_384,AJ,cattle_slu,23530,16.16716942,,,,,,,,,,,,,
CLUSTER_384,AJ,horse_man,619,16.16716942,,,,,,,,,,,,,
CLUSTER_384,AJ,legume_str,93.3,16.16716942,,,,,,,,,,,,,
CLUSTER_384,AJ,pig_man,123.71,16.16716942,,,,,,,,,,,,,
CLUSTER_384,AJ,rape_str,817,16.16716942,,,,,,,,,,,,,
CLUSTER_387,AJ,pig_man,180.0399,42.38338197,,,,,,,,,,,,,
CLUSTER_392,AJ,cattle_man,5800,44.37710371,,,,,,,,,,,,,
CLUSTER_392,AJ,horse_man,513,44.37710371,,,,,,,,,,,,,
CLUSTER_392,AJ,pig_man,46.5,44.37710371,,,,,,,,,,,,,
CLUSTER_40,AJ,cattle_man,5321,24.68202245,,,,,,,,,,,,,
CLUSTER_40,AJ,horse_man,2457.6,24.68202245,,,,,,,,,,,,,
CLUSTER_40,AJ,legume_str,149.5231237,24.68202245,,,,,,,,,,,,,
CLUSTER_40,AJ,pig_man,213.46,24.68202245,,,,,,,,,,,,,
CLUSTER_401,AJ,cattle_man,1666.8,59.29228731,,,,,,,,,,,,,
CLUSTER_401,AJ,horse_man,929.5,59.29228731,,,,,,,,,,,,,
CLUSTER_401,AJ,pig_man,189.6729,59.29228731,,,,,,,,,,,,,
CLUSTER_409,AJ,cattle_man,1106.189164,40.37210944,,,,,,,,,,,,,
CLUSTER_409,AJ,horse_man,858,40.37210944,,,,,,,,,,,,,
CLUSTER_409,AJ,pig_man,568.9,40.37210944,,,,,,,,,,,,,
CLUSTER_41,AJ,horse_man,2108.8,43.61782988,,,,,,,,,,,,,
CLUSTER_413,AJ,cattle_man,8790,48.10173158,,,,,,,,,,,,,
CLUSTER_413,AJ,horse_man,36,48.10173158,,,,,,,,,,,,,
CLUSTER_413,AJ,pig_man,1220.808,48.10173158,,,,,,,,,,,,,
CLUSTER_414,AJ,cattle_man,13020,8.013149413,,,,,,,,,,,,,
CLUSTER_414,AJ,cattle_slu,62810,8.013149413,,,,,,,,,,,,,
CLUSTER_414,AJ,horse_man,1048.1,8.013149413,,,,,,,,,,,,,
CLUSTER_414,AJ,legume_str,213.38,8.013149413,,,,,,,,,,,,,
CLUSTER_414,AJ,pig_man,218.538,8.013149413,,,,,,,,,,,,,
CLUSTER_414,AJ,rape_str,522.6,8.013149413,,,,,,,,,,,,,
CLUSTER_419,AJ,cattle_man,2304,37.60453988,,,,,,,,,,,,,
CLUSTER_419,AJ,horse_man,791,37.60453988,,,,,,,,,,,,,
CLUSTER_419,AJ,pig_man,62.91952,37.60453988,,,,,,,,,,,,,
CLUSTER_425,AJ,cattle_man,2512.95,34.61985029,,,,,,,,,,,,,
CLUSTER_425,AJ,horse_man,526.6,34.61985029,,,,,,,,,,,,,
CLUSTER_425,AJ,pig_man,14.561,34.61985029,,,,,,,,,,,,,
CLUSTER_435,AJ,cattle_man,3990,61.01960737,,,,,,,,,,,,,
CLUSTER_435,AJ,horse_man,1508,61.01960737,,,,,,,,,,,,,
CLUSTER_435,AJ,pig_man,46.49,61.01960737,,,,,,,,,,,,,
CLUSTER_437,AJ,cattle_man,8510,19.52717283,,,,,,,,,,,,,
CLUSTER_437,AJ,cattle_slu,64300,19.52717283,,,,,,,,,,,,,
CLUSTER_437,AJ,horse_man,938,19.52717283,,,,,,,,,,,,,
CLUSTER_437,AJ,legume_str,135,19.52717283,,,,,,,,,,,,,
CLUSTER_437,AJ,pig_man,50,19.52717283,,,,,,,,,,,,,
CLUSTER_437,AJ,rape_str,308.6,19.52717283,,,,,,,,,,,,,
CLUSTER_438,AJ,cattle_man,3331,31.59533462,,,,,,,,,,,,,
CLUSTER_438,AJ,horse_man,832.8,31.59533462,,,,,,,,,,,,,
CLUSTER_438,AJ,pig_man,223.18,31.59533462,,,,,,,,,,,,,
CLUSTER_444,AJ,cattle_man,2690,31.7434211,,,,,,,,,,,,,
CLUSTER_444,AJ,horse_man,379.2,31.7434211,,,,,,,,,,,,,
CLUSTER_444,AJ,pig_man,84.611,31.7434211,,,,,,,,,,,,,
CLUSTER_461,AJ,horse_man,1385,62.72026331,,,,,,,,,,,,,
CLUSTER_461,AJ,pig_man,138.37,62.72026331,,,,,,,,,,,,,
CLUSTER_465,AJ,cattle_man,5980,57.35057576,,,,,,,,,,,,,
CLUSTER_465,AJ,horse_man,1448,57.35057576,,,,,,,,,,,,,
CLUSTER_467,AJ,horse_man,266.5,81.91484697,,,,,,,,,,,,,
CLUSTER_471,AJ,cattle_man,292,33.60350511,,,,,,,,,,,,,
CLUSTER_471,AJ,horse_man,250.5,33.60350511,,,,,,,,,,,,,
CLUSTER_475,AJ,cattle_man,3878,52.89878596,,,,,,,,,,,,,
CLUSTER_475,AJ,horse_man,665.9,52.89878596,,,,,,,,,,,,,
CLUSTER_475,AJ,pig_man,250.66,52.89878596,,,,,,,,,,,,,
CLUSTER_476,AJ,cattle_man,2730,58.60198828,,,,,,,,,,,,,
CLUSTER_476,AJ,horse_man,492,58.60198828,,,,,,,,,,,,,
CLUSTER_510,AJ,cattle_man,2238.5,37.01567016,,,,,,,,,,,,,
CLUSTER_510,AJ,horse_man,1319,37.01567016,,,,,,,,,,,,,
CLUSTER_512,AJ,cattle_man,5080,26.68382893,,,,,,,,,,,,,
CLUSTER_512,AJ,horse_man,541,26.68382893,,,,,,,,,,,,,
CLUSTER_512,AJ,pig_man,391,26.68382893,,,,,,,,,,,,,
CLUSTER_518,AJ,cattle_man,9270,51.79072568,,,,,,,,,,,,,
CLUSTER_518,AJ,horse_man,1313,51.79072568,,,,,,,,,,,,,
CLUSTER_518,AJ,pig_man,245.9,51.79072568,,,,,,,,,,,,,
CLUSTER_522,AJ,cattle_man,6580,54.12371109,,,,,,,,,,,,,
CLUSTER_522,AJ,horse_man,288.1,54.12371109,,,,,,,,,,,,,
CLUSTER_522,AJ,pig_man,183.7,54.12371109,,,,,,,,,,,,,
CLUSTER_524,AJ,horse_man,1677.6,42.54318135,,,,,,,,,,,,,
CLUSTER_529,AJ,cattle_man,7480,20.49046215,,,,,,,,,,,,,
CLUSTER_529,AJ,horse_man,807,20.49046215,,,,,,,,,,,,,
CLUSTER_529,AJ,legume_str,186.5,20.49046215,,,,,,,,,,,,,
CLUSTER_529,AJ,pig_man,18.6,20.49046215,,,,,,,,,,,,,
CLUSTER_529,AJ,rape_str,859,20.49046215,,,,,,,,,,,,,
CLUSTER_535,AJ,horse_man,706,71.11199285,,,,,,,,,,,,,
CLUSTER_535,AJ,pig_man,282.4393414,71.11199285,,,,,,,,,,,,,
CLUSTER_536,AJ,cattle_man,3358,27.2775133,,,,,,,,,,,,,
CLUSTER_536,AJ,horse_man,483.9,27.2775133,,,,,,,,,,,,,
CLUSTER_536,AJ,pig_man,168.6,27.2775133,,,,,,,,,,,,,
CLUSTER_539,AJ,cattle_man,2743,48.64748209,,,,,,,,,,,,,
CLUSTER_539,AJ,horse_man,433,48.64748209,,,,,,,,,,,,,
CLUSTER_55,AJ,cattle_man,3272,36.32071248,,,,,,,,,,,,,
CLUSTER_55,AJ,horse_man,3076.3,36.32071248,,,,,,,,,,,,,
CLUSTER_55,AJ,pig_man,46.48,36.32071248,,,,,,,,,,,,,
CLUSTER_59,AJ,cattle_man,5668,36.65429461,,,,,,,,,,,,,
CLUSTER_59,AJ,horse_man,456.477,36.65429461,,,,,,,,,,,,,
CLUSTER_59,AJ,pig_man,56.019,36.65429461,,,,,,,,,,,,,
CLUSTER_77,AJ,cattle_man,15680,56.68086517,,,,,,,,,,,,,
CLUSTER_77,AJ,horse_man,1160,56.68086517,,,,,,,,,,,,,
CLUSTER_77,AJ,pig_man,82.7,56.68086517,,,,,,,,,,,,,
CLUSTER_98,AJ,cattle_man,5002.1,46.45046913,,,,,,,,,,,,,
CLUSTER_98,AJ,horse_man,673.1,46.45046913,,,,,,,,,,,,,
CLUSTER_98,AJ,pig_man,181.343,46.45046913,,,,,,,,,,,,,
CLUSTER_100,AK,beet_leaf,1319,11.43956603,,,,,,,,,,,,,
CLUSTER_100,AK,legume_str,592.6,11.43956603,,,,,,,,,,,,,
CLUSTER_100,AK,maize_str,6753,11.43956603,,,,,,,,,,,,,
CLUSTER_100,AK,rape_str,1247,11.43956603,,,,,,,,,,,,,
CLUSTER_122,AK,legume_str,179.2,42.69406868,,,,,,,,,,,,,
CLUSTER_126,AK,legume_str,544.6,24.22895585,,,,,,,,,,,,,
CLUSTER_126,AK,maize_str,6491,24.22895585,,,,,,,,,,,,,
CLUSTER_126,AK,rape_str,2381,24.22895585,,,,,,,,,,,,,
CLUSTER_131,AK,beet_leaf,2747,21.72564502,,,,,,,,,,,,,
CLUSTER_131,AK,legume_str,1004,21.72564502,,,,,,,,,,,,,
CLUSTER_131,AK,maize_str,4594,21.72564502,,,,,,,,,,,,,
CLUSTER_131,AK,rape_str,1908,21.72564502,,,,,,,,,,,,,
CLUSTER_142,AK,legume_str,157.6,36.67580042,,,,,,,,,,,,,
CLUSTER_144,AK,legume_str,474.3,41.60386105,,,,,,,,,,,,,
CLUSTER_144,AK,rape_str,1689,41.60386105,,,,,,,,,,,,,
CLUSTER_151,AK,legume_str,305.9,45.28246346,,,,,,,,,,,,,
CLUSTER_151,AK,rape_str,655,45.28246346,,,,,,,,,,,,,
CLUSTER_152,AK,legume_str,331.6,34.36894477,,,,,,,,,,,,,
CLUSTER_152,AK,rape_str,1311,34.36894477,,,,,,,,,,,,,
CLUSTER_165,AK,beet_leaf,673,20.01793316,,,,,,,,,,,,,
CLUSTER_165,AK,legume_str,854,20.01793316,,,,,,,,,,,,,
CLUSTER_165,AK,maize_str,1640,20.01793316,,,,,,,,,,,,,
CLUSTER_165,AK,rape_str,1507,20.01793316,,,,,,,,,,,,,
CLUSTER_20,AK,legume_str,1043,31.49123339,,,,,,,,,,,,,
CLUSTER_20,AK,rape_str,2658,31.49123339,,,,,,,,,,,,,
CLUSTER_22,AK,legume_str,405.9,30.27514215,,,,,,,,,,,,,
CLUSTER_22,AK,rape_str,418.6,30.27514215,,,,,,,,,,,,,
CLUSTER_239,AK,legume_str,357.8,28.64061051,,,,,,,,,,,,,
CLUSTER_239,AK,maize_str,2374,28.64061051,,,,,,,,,,,,,
CLUSTER_239,AK,rape_str,1717,28.64061051,,,,,,,,,,,,,
CLUSTER_257,AK,legume_str,280.6,29.87166732,,,,,,,,,,,,,
CLUSTER_257,AK,maize_str,4169.460165,29.87166732,,,,,,,,,,,,,
CLUSTER_257,AK,rape_str,1210.4,29.87166732,,,,,,,,,,,,,
CLUSTER_263,AK,legume_str,774.2,38.48479522,,,,,,,,,,,,,
CLUSTER_263,AK,rape_str,1071.4,38.48479522,,,,,,,,,,,,,
CLUSTER_279,AK,beet_leaf,1594,16.6533079,,,,,,,,,,,,,
CLUSTER_279,AK,legume_str,338.3,16.6533079,,,,,,,,,,,,,
CLUSTER_279,AK,maize_str,3223,16.6533079,,,,,,,,,,,,,
CLUSTER_279,AK,rape_str,766,16.6533079,,,,,,,,,,,,,
CLUSTER_288,AK,beet_leaf,7380,7.575409141,,,,,,,,,,,,,
CLUSTER_288,AK,cattle_slu,69700,7.575409141,,,,,,,,,,,,,
CLUSTER_288,AK,legume_str,851,7.575409141,,,,,,,,,,,,,
CLUSTER_288,AK,maize_str,5080,7.575409141,,,,,,,,,,,,,
CLUSTER_288,AK,rape_str,1600,7.575409141,,,,,,,,,,,,,
CLUSTER_300,AK,legume_str,424.7,22.99627699,,,,,,,,,,,,,
CLUSTER_300,AK,maize_str,1868,22.99627699,,,,,,,,,,,,,
CLUSTER_300,AK,rape_str,548,22.99627699,,,,,,,,,,,,,
CLUSTER_306,AK,beet_leaf,350.409,18.7462761,,,,,,,,,,,,,
CLUSTER_306,AK,legume_str,1097,18.7462761,,,,,,,,,,,,,
CLUSTER_306,AK,maize_str,5143,18.7462761,,,,,,,,,,,,,
CLUSTER_306,AK,rape_str,2327,18.7462761,,,,,,,,,,,,,
CLUSTER_323,AK,legume_str,62.45,25.19764111,,,,,,,,,,,,,
CLUSTER_323,AK,maize_str,944.5,25.19764111,,,,,,,,,,,,,
CLUSTER_323,AK,rape_str,313.3,25.19764111,,,,,,,,,,,,,
CLUSTER_330,AK,legume_str,753.8,39.77769257,,,,,,,,,,,,,
CLUSTER_330,AK,rape_str,2235,39.77769257,,,,,,,,,,,,,
CLUSTER_345,AK,legume_str,1226,24.25602049,,,,,,,,,,,,,
CLUSTER_345,AK,maize_str,5294,24.25602049,,,,,,,,,,,,,
CLUSTER_345,AK,rape_str,1424,24.25602049,,,,,,,,,,,,,
CLUSTER_371,AK,beet_leaf,729.6,8.483365457,,,,,,,,,,,,,
CLUSTER_371,AK,cattle_slu,44150,8.483365457,,,,,,,,,,,,,
CLUSTER_371,AK,legume_str,445.8,8.483365457,,,,,,,,,,,,,
CLUSTER_371,AK,maize_str,1554,8.483365457,,,,,,,,,,,,,
CLUSTER_371,AK,rape_str,918.4,8.483365457,,,,,,,,,,,,,
CLUSTER_386,AK,legume_str,404.9,30.13728108,,,,,,,,,,,,,
CLUSTER_386,AK,rape_str,588,30.13728108,,,,,,,,,,,,,
CLUSTER_396,AK,legume_str,280.9,51.35690101,,,,,,,,,,,,,
CLUSTER_403,AK,legume_str,587,27.81993253,,,,,,,,,,,,,
CLUSTER_403,AK,maize_str,3050,27.81993253,,,,,,,,,,,,,
CLUSTER_403,AK,rape_str,1011,27.81993253,,,,,,,,,,,,,
CLUSTER_423,AK,beet_leaf,453.7,15.27186549,,,,,,,,,,,,,
CLUSTER_423,AK,legume_str,670.7,15.27186549,,,,,,,,,,,,,
CLUSTER_423,AK,maize_str,2091,15.27186549,,,,,,,,,,,,,
CLUSTER_423,AK,rape_str,1295.9,15.27186549,,,,,,,,,,,,,
CLUSTER_43,AK,legume_str,631.3,24.50701825,,,,,,,,,,,,,
CLUSTER_43,AK,maize_str,3920,24.50701825,,,,,,,,,,,,,
CLUSTER_43,AK,rape_str,981,24.50701825,,,,,,,,,,,,,
CLUSTER_441,AK,beet_leaf,58.7,21.40965571,,,,,,,,,,,,,
CLUSTER_441,AK,legume_str,342.2,21.40965571,,,,,,,,,,,,,
CLUSTER_441,AK,maize_str,2827,21.40965571,,,,,,,,,,,,,
CLUSTER_441,AK,rape_str,1217,21.40965571,,,,,,,,,,,,,
CLUSTER_447,AK,beet_leaf,154,22.23887128,,,,,,,,,,,,,
CLUSTER_447,AK,legume_str,578,22.23887128,,,,,,,,,,,,,
CLUSTER_447,AK,maize_str,2057,22.23887128,,,,,,,,,,,,,
CLUSTER_447,AK,rape_str,901,22.23887128,,,,,,,,,,,,,
CLUSTER_458,AK,legume_str,366,37.47261671,,,,,,,,,,,,,
CLUSTER_458,AK,rape_str,489,37.47261671,,,,,,,,,,,,,
CLUSTER_466,AK,beet_leaf,489,15.92995768,,,,,,,,,,,,,
CLUSTER_466,AK,legume_str,253.7,15.92995768,,,,,,,,,,,,,
CLUSTER_466,AK,maize_str,3586,15.92995768,,,,,,,,,,,,,
CLUSTER_466,AK,rape_str,1039,15.92995768,,,,,,,,,,,,,
CLUSTER_495,AK,legume_str,495,31.98218254,,,,,,,,,,,,,
CLUSTER_495,AK,rape_str,574.7,31.98218254,,,,,,,,,,,,,
CLUSTER_498,AK,legume_str,259.3,35.12648635,,,,,,,,,,,,,
CLUSTER_498,AK,rape_str,235,35.12648635,,,,,,,,,,,,,
CLUSTER_499,AK,legume_str,206.8,45.85124166,,,,,,,,,,,,,
CLUSTER_499,AK,rape_str,500,45.85124166,,,,,,,,,,,,,
CLUSTER_523,AK,legume_str,49.6,33.02534828,,,,,,,,,,,,,
CLUSTER_523,AK,rape_str,139.1,33.02534828,,,,,,,,,,,,,
CLUSTER_544,AK,beet_leaf,586.1,1.589760143,,,,,,,,,,,,,
CLUSTER_544,AK,cattle_slu,15250,1.589760143,,,,,,,,,,,,,
CLUSTER_544,AK,clover_alfalfa_grass,1421,1.589760143,,,,,,,,,,,,,
CLUSTER_544,AK,legume_str,101.3,1.589760143,,,,,,,,,,,,,
CLUSTER_544,AK,maize_str,1670,1.589760143,,,,,,,,,,,,,
CLUSTER_544,AK,pig_slu,129,1.589760143,,,,,,,,,,,,,
CLUSTER_544,AK,rape_str,531,1.589760143,,,,,,,,,,,,,
CLUSTER_545,AK,legume_str,184.9,28.8452267,,,,,,,,,,,,,
CLUSTER_545,AK,maize_str,2700,28.8452267,,,,,,,,,,,,,
CLUSTER_545,AK,rape_str,992,28.8452267,,,,,,,,,,,,,
CLUSTER_57,AK,legume_str,757.7,39.2237679,,,,,,,,,,,,,
CLUSTER_57,AK,rape_str,917.4,39.2237679,,,,,,,,,,,,,
CLUSTER_63,AK,legume_str,611.5,48.2011895,,,,,,,,,,,,,
CLUSTER_64,AK,legume_str,944.8,38.11385823,,,,,,,,,,,,,
CLUSTER_64,AK,rape_str,1531.1,38.11385823,,,,,,,,,,,,,
CLUSTER_69,AK,legume_str,517.8,25.06538845,,,,,,,,,,,,,
CLUSTER_69,AK,maize_str,4142,25.06538845,,,,,,,,,,,,,
CLUSTER_69,AK,rape_str,964.5,25.06538845,,,,,,,,,,,,,
CLUSTER_71,AK,beet_leaf,4858.7,11.14807649,,,,,,,,,,,,,
CLUSTER_71,AK,cattle_slu,6021.205043,11.14807649,,,,,,,,,,,,,
CLUSTER_71,AK,legume_str,1174.2,11.14807649,,,,,,,,,,,,,
CLUSTER_71,AK,maize_str,4451,11.14807649,,,,,,,,,,,,,
CLUSTER_71,AK,rape_str,2450,11.14807649,,,,,,,,,,,,,
CLUSTER_109,AM,cattle_man,10424,38.18999645,,,,,,,,,,,,,
CLUSTER_109,AM,horse_man,2924,38.18999645,,,,,,,,,,,,,
CLUSTER_130,AM,cattle_man,16581,14.31260016,,,,,,,,,,,,,
CLUSTER_130,AM,cattle_slu,77450,14.31260016,,,,,,,,,,,,,
CLUSTER_130,AM,horse_man,373.2,14.31260016,,,,,,,,,,,,,
CLUSTER_130,AM,legume_str,185.4,14.31260016,,,,,,,,,,,,,
CLUSTER_130,AM,pig_man,304.35,14.31260016,,,,,,,,,,,,,
CLUSTER_140,AM,cattle_man,7209,37.86861318,,,,,,,,,,,,,
CLUSTER_140,AM,horse_man,867,37.86861318,,,,,,,,,,,,,
CLUSTER_140,AM,pig_man,765.7,37.86861318,,,,,,,,,,,,,
CLUSTER_143,AM,cattle_man,20920,25.03575909,,,,,,,,,,,,,
CLUSTER_143,AM,horse_man,1329,25.03575909,,,,,,,,,,,,,
CLUSTER_143,AM,pig_man,52.20089,25.03575909,,,,,,,,,,,,,
CLUSTER_150,AM,cattle_man,18940,28.46794055,,,,,,,,,,,,,
CLUSTER_150,AM,horse_man,998,28.46794055,,,,,,,,,,,,,
CLUSTER_150,AM,pig_man,605.1,28.46794055,,,,,,,,,,,,,
CLUSTER_17,AM,cattle_man,9480,12.0929406,,,,,,,,,,,,,
CLUSTER_17,AM,cattle_slu,36030,12.0929406,,,,,,,,,,,,,
CLUSTER_17,AM,horse_man,663.59,12.0929406,,,,,,,,,,,,,
CLUSTER_17,AM,legume_str,112.2,12.0929406,,,,,,,,,,,,,
CLUSTER_17,AM,pig_man,202.955,12.0929406,,,,,,,,,,,,,
CLUSTER_17,AM,rape_str,126.64,12.0929406,,,,,,,,,,,,,
CLUSTER_195,AM,cattle_man,17240,39.13942122,,,,,,,,,,,,,
CLUSTER_231,AM,cattle_man,13870,36.03797099,,,,,,,,,,,,,
CLUSTER_231,AM,horse_man,1176,36.03797099,,,,,,,,,,,,,
CLUSTER_234,AM,cattle_man,28380,53.6188476,,,,,,,,,,,,,
CLUSTER_234,AM,horse_man,2507,53.6188476,,,,,,,,,,,,,
CLUSTER_240,AM,horse_man,172.5,51.42687847,,,,,,,,,,,,,
CLUSTER_240,AM,pig_man,24.931,51.42687847,,,,,,,,,,,,,
CLUSTER_280,AM,cattle_man,7664,26.40484217,,,,,,,,,,,,,
CLUSTER_280,AM,horse_man,1101.277,26.40484217,,,,,,,,,,,,,
CLUSTER_280,AM,pig_man,171.3,26.40484217,,,,,,,,,,,,,
CLUSTER_290,AM,cattle_man,4269,55.14572676,,,,,,,,,,,,,
CLUSTER_290,AM,horse_man,887,55.14572676,,,,,,,,,,,,,
CLUSTER_290,AM,pig_man,122.188,55.14572676,,,,,,,,,,,,,
CLUSTER_295,AM,cattle_man,1036.53,44.48700461,,,,,,,,,,,,,
CLUSTER_295,AM,horse_man,46.7,44.48700461,,,,,,,,,,,,,
CLUSTER_301,AM,cattle_man,2641,44.91233432,,,,,,,,,,,,,
CLUSTER_301,AM,horse_man,760,44.91233432,,,,,,,,,,,,,
CLUSTER_31,AM,cattle_man,11270.176,36.17391253,,,,,,,,,,,,,
CLUSTER_31,AM,horse_man,3786,36.17391253,,,,,,,,,,,,,
CLUSTER_31,AM,pig_man,390.4,36.17391253,,,,,,,,,,,,,
CLUSTER_311,AM,cattle_man,22700,26.53112249,,,,,,,,,,,,,
CLUSTER_311,AM,horse_man,1250.5,26.53112249,,,,,,,,,,,,,
CLUSTER_32,AM,cattle_man,20691,38.18615626,,,,,,,,,,,,,
CLUSTER_32,AM,horse_man,1842.9,38.18615626,,,,,,,,,,,,,
CLUSTER_32,AM,pig_man,176.1042,38.18615626,,,,,,,,,,,,,
CLUSTER_321,AM,cattle_man,2184,53.19870567,,,,,,,,,,,,,
CLUSTER_321,AM,horse_man,1668,53.19870567,,,,,,,,,,,,,
CLUSTER_321,AM,pig_man,53.32708,53.19870567,,,,,,,,,,,,,
CLUSTER_333,AM,cattle_man,11300,25.76077648,,,,,,,,,,,,,
CLUSTER_333,AM,horse_man,712.5,25.76077648,,,,,,,,,,,,,
CLUSTER_333,AM,pig_man,364.2,25.76077648,,,,,,,,,,,,,
CLUSTER_343,AM,cattle_man,10540,3.423603321,,,,,,,,,,,,,
CLUSTER_343,AM,cattle_slu,47200,3.423603321,,,,,,,,,,,,,
CLUSTER_343,AM,horse_man,329.269,3.423603321,,,,,,,,,,,,,
CLUSTER_343,AM,legume_str,77.46,3.423603321,,,,,,,,,,,,,
CLUSTER_343,AM,pig_man,296.7,3.423603321,,,,,,,,,,,,,
CLUSTER_343,AM,rape_str,152.8,3.423603321,,,,,,,,,,,,,
CLUSTER_370,AM,cattle_man,11090,40.4301695,,,,,,,,,,,,,
CLUSTER_372,AM,cattle_man,9440,22.14322487,,,,,,,,,,,,,
CLUSTER_372,AM,horse_man,1283,22.14322487,,,,,,,,,,,,,
CLUSTER_372,AM,pig_man,127.52,22.14322487,,,,,,,,,,,,,
CLUSTER_385,AM,cattle_man,5530,27.64785104,,,,,,,,,,,,,
CLUSTER_385,AM,horse_man,616.3,27.64785104,,,,,,,,,,,,,
CLUSTER_385,AM,pig_man,407.79,27.64785104,,,,,,,,,,,,,
CLUSTER_387,AM,cattle_man,7795,36.46452595,,,,,,,,,,,,,
CLUSTER_387,AM,horse_man,1714.3,36.46452595,,,,,,,,,,,,,
CLUSTER_397,AM,cattle_man,5686,46.13634307,,,,,,,,,,,,,
CLUSTER_397,AM,horse_man,797.2,46.13634307,,,,,,,,,,,,,
CLUSTER_397,AM,pig_man,80.291,46.13634307,,,,,,,,,,,,,
CLUSTER_408,AM,cattle_man,7585.8,36.71099912,,,,,,,,,,,,,
CLUSTER_408,AM,horse_man,3122,36.71099912,,,,,,,,,,,,,
CLUSTER_408,AM,pig_man,511.6,36.71099912,,,,,,,,,,,,,
CLUSTER_409,AM,cattle_man,11123.81084,36.78132779,,,,,,,,,,,,,
CLUSTER_429,AM,cattle_man,6420,33.19914263,,,,,,,,,,,,,
CLUSTER_429,AM,horse_man,723,33.19914263,,,,,,,,,,,,,
CLUSTER_439,AM,cattle_man,12440,13.57448123,,,,,,,,,,,,,
CLUSTER_439,AM,cattle_slu,56500,13.57448123,,,,,,,,,,,,,
CLUSTER_439,AM,horse_man,163.7,13.57448123,,,,,,,,,,,,,
CLUSTER_439,AM,legume_str,194.2,13.57448123,,,,,,,,,,,,,
CLUSTER_439,AM,pig_man,625.9,13.57448123,,,,,,,,,,,,,
CLUSTER_439,AM,rape_str,429,13.57448123,,,,,,,,,,,,,
CLUSTER_45,AM,cattle_man,15750,24.42409224,,,,,,,,,,,,,
CLUSTER_45,AM,horse_man,1188,24.42409224,,,,,,,,,,,,,
CLUSTER_45,AM,pig_man,55.502,24.42409224,,,,,,,,,,,,,
CLUSTER_470,AM,cattle_man,25970,37.16609571,,,,,,,,,,,,,
CLUSTER_470,AM,horse_man,1289,37.16609571,,,,,,,,,,,,,
CLUSTER_470,AM,pig_man,190.5,37.16609571,,,,,,,,,,,,,
CLUSTER_472,AM,cattle_man,24810,6.993324377,,,,,,,,,,,,,
CLUSTER_472,AM,cattle_slu,106200,6.993324377,,,,,,,,,,,,,
CLUSTER_472,AM,horse_man,709,6.993324377,,,,,,,,,,,,,
CLUSTER_472,AM,legume_str,59.1,6.993324377,,,,,,,,,,,,,
CLUSTER_472,AM,pig_man,22.5159,6.993324377,,,,,,,,,,,,,
CLUSTER_472,AM,rape_str,336.6,6.993324377,,,,,,,,,,,,,
CLUSTER_477,AM,cattle_man,6130,34.83762221,,,,,,,,,,,,,
CLUSTER_477,AM,horse_man,908,34.83762221,,,,,,,,,,,,,
CLUSTER_484,AM,cattle_man,10650,16.74322963,,,,,,,,,,,,,
CLUSTER_484,AM,cattle_slu,42730,16.74322963,,,,,,,,,,,,,
CLUSTER_484,AM,horse_man,420.9,16.74322963,,,,,,,,,,,,,
CLUSTER_484,AM,pig_man,64.9729,16.74322963,,,,,,,,,,,,,
CLUSTER_50,AM,cattle_man,17080,24.06504514,,,,,,,,,,,,,
CLUSTER_50,AM,horse_man,1154.13,24.06504514,,,,,,,,,,,,,
CLUSTER_50,AM,pig_man,604.7121,24.06504514,,,,,,,,,,,,,
CLUSTER_503,AM,cattle_man,1023.71,48.03084766,,,,,,,,,,,,,
CLUSTER_503,AM,horse_man,847.1,48.03084766,,,,,,,,,,,,,
CLUSTER_505,AM,cattle_man,10770,27.91751083,,,,,,,,,,,,,
CLUSTER_505,AM,horse_man,942,27.91751083,,,,,,,,,,,,,
CLUSTER_509,AM,cattle_man,10453,16.76083902,,,,,,,,,,,,,
CLUSTER_509,AM,cattle_slu,44128,16.76083902,,,,,,,,,,,,,
CLUSTER_509,AM,horse_man,798,16.76083902,,,,,,,,,,,,,
CLUSTER_509,AM,pig_man,70.445,16.76083902,,,,,,,,,,,,,
CLUSTER_542,AM,cattle_man,20360,9.335435569,,,,,,,,,,,,,
CLUSTER_542,AM,cattle_slu,101000,9.335435569,,,,,,,,,,,,,
CLUSTER_542,AM,horse_man,1452.1,9.335435569,,,,,,,,,,,,,
CLUSTER_542,AM,legume_str,208,9.335435569,,,,,,,,,,,,,
CLUSTER_542,AM,pig_man,564.19,9.335435569,,,,,,,,,,,,,
CLUSTER_542,AM,rape_str,510,9.335435569,,,,,,,,,,,,,
CLUSTER_7,AM,cattle_man,6818,45.95721134,,,,,,,,,,,,,
CLUSTER_7,AM,horse_man,843.8,45.95721134,,,,,,,,,,,,,
CLUSTER_7,AM,pig_man,353.272,45.95721134,,,,,,,,,,,,,
CLUSTER_89,AM,cattle_man,6220,57.54974949,,,,,,,,,,,,,
CLUSTER_89,AM,horse_man,1274.4,57.54974949,,,,,,,,,,,,,
CLUSTER_89,AM,pig_man,499.775,57.54974949,,,,,,,,,,,,,
CLUSTER_99,AM,cattle_man,18960,15.00164466,,,,,,,,,,,,,
CLUSTER_99,AM,cattle_slu,98580,15.00164466,,,,,,,,,,,,,
CLUSTER_99,AM,horse_man,170.398,15.00164466,,,,,,,,,,,,,
CLUSTER_99,AM,legume_str,144,15.00164466,,,,,,,,,,,,,
CLUSTER_99,AM,pig_man,173.7,15.00164466,,,,,,,,,,,,,
CLUSTER_104,AN,legume_str,171.7,36.30187664,,,,,,,,,,,,,
CLUSTER_104,AN,rape_str,732.1,36.30187664,,,,,,,,,,,,,
CLUSTER_124,AN,legume_str,92.4,41.5752547,,,,,,,,,,,,,
CLUSTER_159,AN,legume_str,421.3,24.337658,,,,,,,,,,,,,
CLUSTER_159,AN,maize_str,9172,24.337658,,,,,,,,,,,,,
CLUSTER_159,AN,rape_str,771,24.337658,,,,,,,,,,,,,
CLUSTER_208,AN,legume_str,344.5,15.89891372,,,,,,,,,,,,,
CLUSTER_208,AN,maize_str,2548,15.89891372,,,,,,,,,,,,,
CLUSTER_208,AN,rape_str,87.1,15.89891372,,,,,,,,,,,,,
CLUSTER_214,AN,legume_str,85.15,46.45544261,,,,,,,,,,,,,
CLUSTER_225,AN,beet_leaf,5020,21.27256396,,,,,,,,,,,,,
CLUSTER_225,AN,legume_str,589.4,21.27256396,,,,,,,,,,,,,
CLUSTER_225,AN,maize_str,8410,21.27256396,,,,,,,,,,,,,
CLUSTER_225,AN,rape_str,1132.3,21.27256396,,,,,,,,,,,,,
CLUSTER_233,AN,legume_str,413,25.45485284,,,,,,,,,,,,,
CLUSTER_233,AN,maize_str,2980,25.45485284,,,,,,,,,,,,,
CLUSTER_233,AN,rape_str,718,25.45485284,,,,,,,,,,,,,
CLUSTER_273,AN,beet_leaf,639,6.241475886,,,,,,,,,,,,,
CLUSTER_273,AN,cattle_slu,36190,6.241475886,,,,,,,,,,,,,
CLUSTER_273,AN,legume_str,126.2,6.241475886,,,,,,,,,,,,,
CLUSTER_273,AN,maize_str,4942,6.241475886,,,,,,,,,,,,,
CLUSTER_273,AN,rape_str,116.6,6.241475886,,,,,,,,,,,,,
CLUSTER_291,AN,beet_leaf,5904.1,16.05460202,,,,,,,,,,,,,
CLUSTER_291,AN,legume_str,875.6,16.05460202,,,,,,,,,,,,,
CLUSTER_291,AN,maize_str,29880,16.05460202,,,,,,,,,,,,,
CLUSTER_291,AN,rape_str,424,16.05460202,,,,,,,,,,,,,
CLUSTER_292,AN,beet_leaf,1388,10.62226204,,,,,,,,,,,,,
CLUSTER_292,AN,cattle_slu,37420,10.62226204,,,,,,,,,,,,,
CLUSTER_292,AN,legume_str,588,10.62226204,,,,,,,,,,,,,
CLUSTER_292,AN,maize_str,10970,10.62226204,,,,,,,,,,,,,
CLUSTER_292,AN,rape_str,1890,10.62226204,,,,,,,,,,,,,
CLUSTER_302,AN,legume_str,313.8,29.79838726,,,,,,,,,,,,,
CLUSTER_302,AN,maize_str,71.46800147,29.79838726,,,,,,,,,,,,,
CLUSTER_302,AN,rape_str,140.1,29.79838726,,,,,,,,,,,,,
CLUSTER_398,AN,legume_str,250.7,39.37010152,,,,,,,,,,,,,
CLUSTER_398,AN,rape_str,535.6,39.37010152,,,,,,,,,,,,,
CLUSTER_402,AN,beet_leaf,366,12.61548822,,,,,,,,,,,,,
CLUSTER_402,AN,legume_str,299,12.61548822,,,,,,,,,,,,,
CLUSTER_402,AN,maize_str,9600,12.61548822,,,,,,,,,,,,,
CLUSTER_402,AN,rape_str,21.1,12.61548822,,,,,,,,,,,,,
CLUSTER_436,AN,beet_leaf,44.5,8.997893245,,,,,,,,,,,,,
CLUSTER_436,AN,cattle_slu,81800,8.997893245,,,,,,,,,,,,,
CLUSTER_436,AN,legume_str,253.4,8.997893245,,,,,,,,,,,,,
CLUSTER_436,AN,maize_str,2198,8.997893245,,,,,,,,,,,,,
CLUSTER_436,AN,rape_str,941,8.997893245,,,,,,,,,,,,,
CLUSTER_450,AN,legume_str,406.3,26.32279559,,,,,,,,,,,,,
CLUSTER_450,AN,maize_str,1425,26.32279559,,,,,,,,,,,,,
CLUSTER_450,AN,rape_str,562.7,26.32279559,,,,,,,,,,,,,
CLUSTER_457,AN,legume_str,108.18,36.28580153,,,,,,,,,,,,,
CLUSTER_457,AN,rape_str,30.8,36.28580153,,,,,,,,,,,,,
CLUSTER_473,AN,legume_str,346.1,32.57110951,,,,,,,,,,,,,
CLUSTER_473,AN,rape_str,1204,32.57110951,,,,,,,,,,,,,
CLUSTER_493,AN,legume_str,157.4,25.16223293,,,,,,,,,,,,,
CLUSTER_493,AN,maize_str,865.8,25.16223293,,,,,,,,,,,,,
CLUSTER_493,AN,rape_str,189.92,25.16223293,,,,,,,,,,,,,
CLUSTER_516,AN,legume_str,330.5,17.89165437,,,,,,,,,,,,,
CLUSTER_516,AN,maize_str,1508,17.89165437,,,,,,,,,,,,,
CLUSTER_516,AN,rape_str,861,17.89165437,,,,,,,,,,,,,
CLUSTER_537,AN,beet_leaf,708,3.376732157,,,,,,,,,,,,,
CLUSTER_537,AN,cattle_slu,13070,3.376732157,,,,,,,,,,,,,
CLUSTER_537,AN,clover_alfalfa_grass,227.951,3.376732157,,,,,,,,,,,,,
CLUSTER_537,AN,legume_str,243.7,3.376732157,,,,,,,,,,,,,
CLUSTER_537,AN,maize_str,8082,3.376732157,,,,,,,,,,,,,
CLUSTER_537,AN,pig_slu,12564.65916,3.376732157,,,,,,,,,,,,,
CLUSTER_537,AN,rape_str,567.4,3.376732157,,,,,,,,,,,,,
CLUSTER_541,AN,legume_str,57.8,32.73825262,,,,,,,,,,,,,
CLUSTER_541,AN,rape_str,221.9,32.73825262,,,,,,,,,,,,,
CLUSTER_61,AN,beet_leaf,2272,18.84206976,,,,,,,,,,,,,
CLUSTER_61,AN,legume_str,504.6,18.84206976,,,,,,,,,,,,,
CLUSTER_61,AN,maize_str,3365,18.84206976,,,,,,,,,,,,,
CLUSTER_61,AN,rape_str,986,18.84206976,,,,,,,,,,,,,
CLUSTER_70,AN,legume_str,758.6,31.23157399,,,,,,,,,,,,,
CLUSTER_70,AN,rape_str,1041.14,31.23157399,,,,,,,,,,,,,
CLUSTER_79,AN,legume_str,931.4,25.870785,,,,,,,,,,,,,
CLUSTER_79,AN,maize_str,6400,25.870785,,,,,,,,,,,,,
CLUSTER_79,AN,rape_str,1076.6,25.870785,,,,,,,,,,,,,
CLUSTER_92,AN,legume_str,339,43.86656046,,,,,,,,,,,,,
CLUSTER_92,AN,rape_str,752.9,43.86656046,,,,,,,,,,,,,
CLUSTER_1,AP,legume_str,279.7,26.92629997,,,,,,,,,,,,,
CLUSTER_1,AP,maize_str,371.5,26.92629997,,,,,,,,,,,,,
CLUSTER_1,AP,rape_str,1763,26.92629997,,,,,,,,,,,,,
CLUSTER_101,AP,legume_str,210.4,41.6847347,,,,,,,,,,,,,
CLUSTER_101,AP,maize_str,163.78503,41.6847347,,,,,,,,,,,,,
CLUSTER_101,AP,rape_str,1060.3,41.6847347,,,,,,,,,,,,,
CLUSTER_103,AP,legume_str,84.59,44.09016792,,,,,,,,,,,,,
CLUSTER_103,AP,maize_str,65.200176,44.09016792,,,,,,,,,,,,,
CLUSTER_103,AP,rape_str,208.4,44.09016792,,,,,,,,,,,,,
CLUSTER_116,AP,legume_str,256.53,40.24557965,,,,,,,,,,,,,
CLUSTER_116,AP,maize_str,4270,40.24557965,,,,,,,,,,,,,
CLUSTER_116,AP,rape_str,1331.7,40.24557965,,,,,,,,,,,,,
CLUSTER_12,AP,legume_str,192.82,53.86747,,,,,,,,,,,,,
CLUSTER_12,AP,rape_str,261.194,53.86747,,,,,,,,,,,,,
CLUSTER_125,AP,beet_leaf,1455,20.60178103,,,,,,,,,,,,,
CLUSTER_125,AP,cattle_man,17940,20.60178103,,,,,,,,,,,,,
CLUSTER_125,AP,legume_str,441,20.60178103,,,,,,,,,,,,,
CLUSTER_125,AP,maize_str,642.8,20.60178103,,,,,,,,,,,,,
CLUSTER_125,AP,rape_str,3920,20.60178103,,,,,,,,,,,,,
CLUSTER_140,AP,legume_str,312.5,55.95510646,,,,,,,,,,,,,
CLUSTER_145,AP,legume_str,263.2,36.56911656,,,,,,,,,,,,,
CLUSTER_145,AP,maize_str,1224.5,36.56911656,,,,,,,,,,,,,
CLUSTER_145,AP,rape_str,1224,36.56911656,,,,,,,,,,,,,
CLUSTER_15,AP,legume_str,224.491,40.71582574,,,,,,,,,,,,,
CLUSTER_15,AP,maize_str,45.96,40.71582574,,,,,,,,,,,,,
CLUSTER_15,AP,rape_str,787.2,40.71582574,,,,,,,,,,,,,
CLUSTER_162,AP,legume_str,744.7,24.25894069,,,,,,,,,,,,,
CLUSTER_162,AP,maize_str,4165,24.25894069,,,,,,,,,,,,,
CLUSTER_162,AP,rape_str,2424,24.25894069,,,,,,,,,,,,,
CLUSTER_169,AP,legume_str,59.436,58.0109135,,,,,,,,,,,,,
CLUSTER_171,AP,legume_str,188.6,36.25324884,,,,,,,,,,,,,
CLUSTER_171,AP,maize_str,987,36.25324884,,,,,,,,,,,,,
CLUSTER_171,AP,rape_str,1563,36.25324884,,,,,,,,,,,,,
CLUSTER_176,AP,legume_str,185.1,49.63869827,,,,,,,,,,,,,
CLUSTER_176,AP,rape_str,773.6,49.63869827,,,,,,,,,,,,,
CLUSTER_188,AP,legume_str,67.118,39.9740081,,,,,,,,,,,,,
CLUSTER_188,AP,maize_str,198.76,39.9740081,,,,,,,,,,,,,
CLUSTER_188,AP,rape_str,21.25,39.9740081,,,,,,,,,,,,,
CLUSTER_212,AP,beet_leaf,11460,16.74750244,,,,,,,,,,,,,
CLUSTER_212,AP,legume_str,423.4,16.74750244,,,,,,,,,,,,,
CLUSTER_212,AP,maize_str,2516,16.74750244,,,,,,,,,,,,,
CLUSTER_212,AP,rape_str,2994,16.74750244,,,,,,,,,,,,,
CLUSTER_219,AP,beet_leaf,326,18.3168062,,,,,,,,,,,,,
CLUSTER_219,AP,legume_str,276,18.3168062,,,,,,,,,,,,,
CLUSTER_219,AP,maize_str,434.5,18.3168062,,,,,,,,,,,,,
CLUSTER_219,AP,rape_str,2300,18.3168062,,,,,,,,,,,,,
CLUSTER_229,AP,legume_str,169.7,55.96236856,,,,,,,,,,,,,
CLUSTER_230,AP,legume_str,288,46.21938479,,,,,,,,,,,,,
CLUSTER_230,AP,rape_str,1536,46.21938479,,,,,,,,,,,,,
CLUSTER_237,AP,legume_str,29.248,52.50098898,,,,,,,,,,,,,
CLUSTER_237,AP,rape_str,431,52.50098898,,,,,,,,,,,,,
CLUSTER_259,AP,legume_str,90.26,55.73980393,,,,,,,,,,,,,
CLUSTER_262,AP,legume_str,189.5,50.33586315,,,,,,,,,,,,,
CLUSTER_262,AP,rape_str,727.9,50.33586315,,,,,,,,,,,,,
CLUSTER_266,AP,legume_str,14.388,55.0386044,,,,,,,,,,,,,
CLUSTER_290,AP,legume_str,233.8,33.41734274,,,,,,,,,,,,,
CLUSTER_290,AP,maize_str,388.7,33.41734274,,,,,,,,,,,,,
CLUSTER_290,AP,rape_str,1121.03,33.41734274,,,,,,,,,,,,,
CLUSTER_31,AP,legume_str,400.9,49.61861689,,,,,,,,,,,,,
CLUSTER_31,AP,rape_str,3014,49.61861689,,,,,,,,,,,,,
CLUSTER_322,AP,legume_str,115.8,30.96953322,,,,,,,,,,,,,
CLUSTER_322,AP,maize_str,206.2,30.96953322,,,,,,,,,,,,,
CLUSTER_322,AP,rape_str,704.3,30.96953322,,,,,,,,,,,,,
CLUSTER_34,AP,legume_str,428.6,44.14712624,,,,,,,,,,,,,
CLUSTER_34,AP,maize_str,3172.831167,44.14712624,,,,,,,,,,,,,
CLUSTER_34,AP,rape_str,1322.6,44.14712624,,,,,,,,,,,,,
CLUSTER_340,AP,legume_str,294.533,27.04213962,,,,,,,,,,,,,
CLUSTER_340,AP,maize_str,1072.4,27.04213962,,,,,,,,,,,,,
CLUSTER_340,AP,rape_str,944,27.04213962,,,,,,,,,,,,,
CLUSTER_349,AP,legume_str,257,32.03612526,,,,,,,,,,,,,
CLUSTER_349,AP,maize_str,1939,32.03612526,,,,,,,,,,,,,
CLUSTER_349,AP,rape_str,1306,32.03612526,,,,,,,,,,,,,
CLUSTER_35,AP,beet_leaf,5272,10.93793445,,,,,,,,,,,,,
CLUSTER_35,AP,cattle_slu,7869.303021,10.93793445,,,,,,,,,,,,,
CLUSTER_35,AP,clover_alfalfa_grass,6178,10.93793445,,,,,,,,,,,,,
CLUSTER_35,AP,legume_str,631.6,10.93793445,,,,,,,,,,,,,
CLUSTER_35,AP,maize_str,1422,10.93793445,,,,,,,,,,,,,
CLUSTER_35,AP,rape_str,3218,10.93793445,,,,,,,,,,,,,
CLUSTER_351,AP,beet_leaf,525,23.19065363,,,,,,,,,,,,,
CLUSTER_351,AP,cattle_man,14750,23.19065363,,,,,,,,,,,,,
CLUSTER_351,AP,legume_str,523,23.19065363,,,,,,,,,,,,,
CLUSTER_351,AP,maize_str,544,23.19065363,,,,,,,,,,,,,
CLUSTER_351,AP,rape_str,1727,23.19065363,,,,,,,,,,,,,
CLUSTER_353,AP,legume_str,276,52.50517264,,,,,,,,,,,,,
CLUSTER_373,AP,beet_leaf,13286,17.50594598,,,,,,,,,,,,,
CLUSTER_373,AP,legume_str,370.5,17.50594598,,,,,,,,,,,,,
CLUSTER_373,AP,maize_str,870.8,17.50594598,,,,,,,,,,,,,
CLUSTER_373,AP,rape_str,814.9,17.50594598,,,,,,,,,,,,,
CLUSTER_382,AP,legume_str,385.1,29.62222764,,,,,,,,,,,,,
CLUSTER_382,AP,maize_str,346.7,29.62222764,,,,,,,,,,,,,
CLUSTER_382,AP,rape_str,1028,29.62222764,,,,,,,,,,,,,
CLUSTER_392,AP,legume_str,315.9,40.69085321,,,,,,,,,,,,,
CLUSTER_392,AP,rape_str,1560,40.69085321,,,,,,,,,,,,,
CLUSTER_394,AP,beet_leaf,221.3,10.50327493,,,,,,,,,,,,,
CLUSTER_394,AP,cattle_man,6080,10.50327493,,,,,,,,,,,,,
CLUSTER_394,AP,cattle_slu,34450,10.50327493,,,,,,,,,,,,,
CLUSTER_394,AP,clover_alfalfa_grass,8320,10.50327493,,,,,,,,,,,,,
CLUSTER_394,AP,legume_str,403.6,10.50327493,,,,,,,,,,,,,
CLUSTER_394,AP,maize_str,629,10.50327493,,,,,,,,,,,,,
CLUSTER_394,AP,rape_str,3108,10.50327493,,,,,,,,,,,,,
CLUSTER_397,AP,legume_str,173.8,39.37143693,,,,,,,,,,,,,
CLUSTER_397,AP,maize_str,658.9,39.37143693,,,,,,,,,,,,,
CLUSTER_397,AP,rape_str,641,39.37143693,,,,,,,,,,,,,
CLUSTER_399,AP,legume_str,297.37,29.06293966,,,,,,,,,,,,,
CLUSTER_399,AP,maize_str,1120.2,29.06293966,,,,,,,,,,,,,
CLUSTER_399,AP,rape_str,723.2,29.06293966,,,,,,,,,,,,,
CLUSTER_404,AP,legume_str,89.8,51.51789474,,,,,,,,,,,,,
CLUSTER_404,AP,rape_str,430,51.51789474,,,,,,,,,,,,,
CLUSTER_431,AP,legume_str,310.4,37.48592307,,,,,,,,,,,,,
CLUSTER_431,AP,maize_str,4683,37.48592307,,,,,,,,,,,,,
CLUSTER_431,AP,rape_str,203.4,37.48592307,,,,,,,,,,,,,
CLUSTER_435,AP,legume_str,63.4,33.1229882,,,,,,,,,,,,,
CLUSTER_435,AP,maize_str,65.7,33.1229882,,,,,,,,,,,,,
CLUSTER_435,AP,rape_str,153.1,33.1229882,,,,,,,,,,,,,
CLUSTER_451,AP,cattle_man,7650,18.31024916,,,,,,,,,,,,,
CLUSTER_451,AP,legume_str,293,18.31024916,,,,,,,,,,,,,
CLUSTER_451,AP,maize_str,737,18.31024916,,,,,,,,,,,,,
CLUSTER_451,AP,rape_str,3060,18.31024916,,,,,,,,,,,,,
CLUSTER_464,AP,legume_str,82.21301567,45.74827197,,,,,,,,,,,,,
CLUSTER_469,AP,legume_str,204.7,24.53216868,,,,,,,,,,,,,
CLUSTER_469,AP,maize_str,489,24.53216868,,,,,,,,,,,,,
CLUSTER_469,AP,rape_str,1099,24.53216868,,,,,,,,,,,,,
CLUSTER_476,AP,legume_str,20.15,42.49494982,,,,,,,,,,,,,
CLUSTER_476,AP,maize_str,70.1,42.49494982,,,,,,,,,,,,,
CLUSTER_476,AP,rape_str,21.8,42.49494982,,,,,,,,,,,,,
CLUSTER_478,AP,legume_str,86.75,41.00618178,,,,,,,,,,,,,
CLUSTER_478,AP,maize_str,1389,41.00618178,,,,,,,,,,,,,
CLUSTER_478,AP,rape_str,205.7,41.00618178,,,,,,,,,,,,,
CLUSTER_48,AP,maize_str,4581,40.34991382,,,,,,,,,,,,,
CLUSTER_481,AP,beet_leaf,3240,5.832566894,,,,,,,,,,,,,
CLUSTER_481,AP,cattle_man,7890,5.832566894,,,,,,,,,,,,,
CLUSTER_481,AP,cattle_slu,39800,5.832566894,,,,,,,,,,,,,
CLUSTER_481,AP,clover_alfalfa_grass,10280,5.832566894,,,,,,,,,,,,,
CLUSTER_481,AP,legume_str,620,5.832566894,,,,,,,,,,,,,
CLUSTER_481,AP,maize_str,1163,5.832566894,,,,,,,,,,,,,
CLUSTER_481,AP,rape_str,4790,5.832566894,,,,,,,,,,,,,
CLUSTER_490,AP,legume_str,80.4,55.18535879,,,,,,,,,,,,,
CLUSTER_496,AP,legume_str,144.6,49.72629866,,,,,,,,,,,,,
CLUSTER_496,AP,rape_str,1060,49.72629866,,,,,,,,,,,,,
CLUSTER_503,AP,legume_str,401.2,41.71661749,,,,,,,,,,,,,
CLUSTER_503,AP,maize_str,953,41.71661749,,,,,,,,,,,,,
CLUSTER_503,AP,rape_str,1574,41.71661749,,,,,,,,,,,,,
CLUSTER_504,AP,legume_str,94.63,40.7357699,,,,,,,,,,,,,
CLUSTER_504,AP,maize_str,1285,40.7357699,,,,,,,,,,,,,
CLUSTER_504,AP,rape_str,268.5,40.7357699,,,,,,,,,,,,,
CLUSTER_52,AP,legume_str,277.4,27.49768994,,,,,,,,,,,,,
CLUSTER_52,AP,maize_str,4642,27.49768994,,,,,,,,,,,,,
CLUSTER_52,AP,rape_str,675,27.49768994,,,,,,,,,,,,,
CLUSTER_536,AP,legume_str,88.7,57.73564517,,,,,,,,,,,,,
CLUSTER_7,AP,legume_str,232,41.93846762,,,,,,,,,,,,,
CLUSTER_7,AP,maize_str,153.4,41.93846762,,,,,,,,,,,,,
CLUSTER_7,AP,rape_str,2308,41.93846762,,,,,,,,,,,,,
CLUSTER_72,AP,beet_leaf,153.123,17.78780221,,,,,,,,,,,,,
CLUSTER_72,AP,cattle_man,21650,17.78780221,,,,,,,,,,,,,
CLUSTER_72,AP,legume_str,700.5,17.78780221,,,,,,,,,,,,,
CLUSTER_72,AP,maize_str,914,17.78780221,,,,,,,,,,,,,
CLUSTER_72,AP,rape_str,3098,17.78780221,,,,,,,,,,,,,
CLUSTER_76,AP,legume_str,109.68,41.12036204,,,,,,,,,,,,,
CLUSTER_76,AP,maize_str,96.25,41.12036204,,,,,,,,,,,,,
CLUSTER_76,AP,rape_str,35.114,41.12036204,,,,,,,,,,,,,
CLUSTER_77,AP,legume_str,300,30.35173852,,,,,,,,,,,,,
CLUSTER_77,AP,maize_str,102.6,30.35173852,,,,,,,,,,,,,
CLUSTER_77,AP,rape_str,1929,30.35173852,,,,,,,,,,,,,
CLUSTER_78,AP,legume_str,40.33,45.52105321,,,,,,,,,,,,,
CLUSTER_78,AP,rape_str,178.1,45.52105321,,,,,,,,,,,,,
CLUSTER_82,AP,legume_str,122.92,54.80439641,,,,,,,,,,,,,
CLUSTER_89,AP,legume_str,351.6,27.83913229,,,,,,,,,,,,,
CLUSTER_89,AP,maize_str,601.4,27.83913229,,,,,,,,,,,,,
CLUSTER_89,AP,rape_str,2965,27.83913229,,,,,,,,,,,,,
CLUSTER_122,AU,cattle_man,17000,26.66345951,,,,,,,,,,,,,
CLUSTER_122,AU,horse_man,5260,26.66345951,,,,,,,,,,,,,
CLUSTER_122,AU,pig_man,40.78257,26.66345951,,,,,,,,,,,,,
CLUSTER_149,AU,cattle_man,19570,15.99764505,,,,,,,,,,,,,
CLUSTER_149,AU,cattle_slu,98800,15.99764505,,,,,,,,,,,,,
CLUSTER_151,AU,cattle_man,5361,35.23346296,,,,,,,,,,,,,
CLUSTER_151,AU,horse_man,5352,35.23346296,,,,,,,,,,,,,
CLUSTER_151,AU,pig_man,33.274,35.23346296,,,,,,,,,,,,,
CLUSTER_198,AU,cattle_man,19100,22.99814987,,,,,,,,,,,,,
CLUSTER_198,AU,horse_man,2306,22.99814987,,,,,,,,,,,,,
CLUSTER_215,AU,cattle_man,11500,20.87373599,,,,,,,,,,,,,
CLUSTER_215,AU,horse_man,2969,20.87373599,,,,,,,,,,,,,
CLUSTER_218,AU,cattle_man,42980,20.01156092,,,,,,,,,,,,,
CLUSTER_218,AU,cattle_slu,191700,20.01156092,,,,,,,,,,,,,
CLUSTER_218,AU,horse_man,4008,20.01156092,,,,,,,,,,,,,
CLUSTER_218,AU,legume_str,38.61,20.01156092,,,,,,,,,,,,,
CLUSTER_26,AU,cattle_man,27390,5.510685903,,,,,,,,,,,,,
CLUSTER_26,AU,cattle_slu,127300,5.510685903,,,,,,,,,,,,,
CLUSTER_26,AU,horse_man,4471,5.510685903,,,,,,,,,,,,,
CLUSTER_26,AU,legume_str,17.01,5.510685903,,,,,,,,,,,,,
CLUSTER_281,AU,cattle_man,11914,37.9695801,,,,,,,,,,,,,
CLUSTER_281,AU,horse_man,1024.5,37.9695801,,,,,,,,,,,,,
CLUSTER_29,AU,cattle_man,35210,9.052379201,,,,,,,,,,,,,
CLUSTER_29,AU,cattle_slu,162470,9.052379201,,,,,,,,,,,,,
CLUSTER_29,AU,horse_man,2338.7,9.052379201,,,,,,,,,,,,,
CLUSTER_29,AU,legume_str,109.47,9.052379201,,,,,,,,,,,,,
CLUSTER_29,AU,rape_str,84.37,9.052379201,,,,,,,,,,,,,
CLUSTER_363,AU,cattle_man,13430,20.62408685,,,,,,,,,,,,,
CLUSTER_363,AU,horse_man,3180,20.62408685,,,,,,,,,,,,,
CLUSTER_363,AU,legume_str,43.2,20.62408685,,,,,,,,,,,,,
CLUSTER_363,AU,pig_man,154.91,20.62408685,,,,,,,,,,,,,
CLUSTER_396,AU,horse_man,4460,46.460921,,,,,,,,,,,,,
CLUSTER_407,AU,horse_man,3348,40.85462959,,,,,,,,,,,,,
CLUSTER_474,AU,cattle_man,11990,13.3269174,,,,,,,,,,,,,
CLUSTER_474,AU,cattle_slu,55000,13.3269174,,,,,,,,,,,,,
CLUSTER_474,AU,horse_man,1341,13.3269174,,,,,,,,,,,,,
CLUSTER_482,AU,cattle_man,16500,19.11056009,,,,,,,,,,,,,
CLUSTER_482,AU,cattle_slu,67590,19.11056009,,,,,,,,,,,,,
CLUSTER_54,AU,cattle_man,5070,33.16281827,,,,,,,,,,,,,
CLUSTER_54,AU,horse_man,1695,33.16281827,,,,,,,,,,,,,
CLUSTER_62,AU,cattle_man,29750,9.999872413,,,,,,,,,,,,,
CLUSTER_62,AU,cattle_slu,156900,9.999872413,,,,,,,,,,,,,
CLUSTER_62,AU,horse_man,4905,9.999872413,,,,,,,,,,,,,
CLUSTER_62,AU,legume_str,34.27,9.999872413,,,,,,,,,,,,,
CLUSTER_62,AU,pig_man,33.995,9.999872413,,,,,,,,,,,,,
CLUSTER_67,AU,cattle_man,12270,17.78809565,,,,,,,,,,,,,
CLUSTER_67,AU,cattle_slu,53280,17.78809565,,,,,,,,,,,,,
CLUSTER_67,AU,horse_man,2276.6,17.78809565,,,,,,,,,,,,,
CLUSTER_67,AU,legume_str,13,17.78809565,,,,,,,,,,,,,
CLUSTER_8,AU,cattle_man,26900,32.66698161,,,,,,,,,,,,,
CLUSTER_8,AU,horse_man,7120,32.66698161,,,,,,,,,,,,,
CLUSTER_8,AU,pig_man,13.2831,32.66698161,,,,,,,,,,,,,
CLUSTER_81,AU,cattle_man,26470,20.24638579,,,,,,,,,,,,,
CLUSTER_81,AU,cattle_slu,19648.68024,20.24638579,,,,,,,,,,,,,
CLUSTER_81,AU,horse_man,1535,20.24638579,,,,,,,,,,,,,
CLUSTER_81,AU,legume_str,73.12,20.24638579,,,,,,,,,,,,,
CLUSTER_81,AU,pig_man,12.9891,20.24638579,,,,,,,,,,,,,
CLUSTER_90,AU,cattle_man,9800,17.14166393,,,,,,,,,,,,,
CLUSTER_90,AU,cattle_slu,36040,17.14166393,,,,,,,,,,,,,
CLUSTER_90,AU,horse_man,1376,17.14166393,,,,,,,,,,,,,
CLUSTER_117,BD,cattle_man,13052,3.778358082,,,,,,,,,,,,,
CLUSTER_117,BD,cattle_slu,92260,3.778358082,,,,,,,,,,,,,
CLUSTER_117,BD,horse_man,1848.2,3.778358082,,,,,,,,,,,,,
CLUSTER_117,BD,pig_man,153.071,3.778358082,,,,,,,,,,,,,
CLUSTER_137,BD,cattle_man,12467.8005,25.03957845,,,,,,,,,,,,,
CLUSTER_137,BD,horse_man,2768,25.03957845,,,,,,,,,,,,,
CLUSTER_137,BD,pig_man,11.12,25.03957845,,,,,,,,,,,,,
CLUSTER_191,BD,cattle_man,11290,35.04060512,,,,,,,,,,,,,
CLUSTER_191,BD,horse_man,1592,35.04060512,,,,,,,,,,,,,
CLUSTER_224,BD,cattle_man,12420,26.519029,,,,,,,,,,,,,
CLUSTER_224,BD,horse_man,1438,26.519029,,,,,,,,,,,,,
CLUSTER_268,BD,cattle_man,5520,14.25867442,,,,,,,,,,,,,
CLUSTER_268,BD,cattle_slu,38860,14.25867442,,,,,,,,,,,,,
CLUSTER_268,BD,horse_man,1285.41,14.25867442,,,,,,,,,,,,,
CLUSTER_329,BD,cattle_man,13430,6.346295408,,,,,,,,,,,,,
CLUSTER_329,BD,cattle_slu,83900,6.346295408,,,,,,,,,,,,,
CLUSTER_329,BD,horse_man,1337,6.346295408,,,,,,,,,,,,,
CLUSTER_480,BD,cattle_man,173.2,22.21153717,,,,,,,,,,,,,
CLUSTER_480,BD,horse_man,560.6,22.21153717,,,,,,,,,,,,,
CLUSTER_492,BD,cattle_man,6610,37.52890035,,,,,,,,,,,,,
CLUSTER_492,BD,horse_man,472,37.52890035,,,,,,,,,,,,,
CLUSTER_527,BD,cattle_man,7620,5.999759665,,,,,,,,,,,,,
CLUSTER_527,BD,cattle_slu,57500,5.999759665,,,,,,,,,,,,,
CLUSTER_527,BD,horse_man,1912,5.999759665,,,,,,,,,,,,,
CLUSTER_527,BD,pig_man,48.0347,5.999759665,,,,,,,,,,,,,
CLUSTER_65,BD,cattle_man,29310,19.24340893,,,,,,,,,,,,,
CLUSTER_65,BD,horse_man,2654,19.24340893,,,,,,,,,,,,,
CLUSTER_65,BD,pig_man,165.989,19.24340893,,,,,,,,,,,,,
CLUSTER_94,BD,cattle_man,10320,14.63916991,,,,,,,,,,,,,
CLUSTER_94,BD,cattle_slu,41209.99999,14.63916991,,,,,,,,,,,,,
CLUSTER_94,BD,horse_man,907.3,14.63916991,,,,,,,,,,,,,
CLUSTER_105,BF,cattle_man,16042,16.2016638,,,,,,,,,,,,,
CLUSTER_105,BF,cattle_slu,80198.8,16.2016638,,,,,,,,,,,,,
CLUSTER_105,BF,horse_man,2293,16.2016638,,,,,,,,,,,,,
CLUSTER_106,BF,horse_man,260.9526318,31.5257893,,,,,,,,,,,,,
CLUSTER_106,BF,pig_man,245.613,31.5257893,,,,,,,,,,,,,
CLUSTER_118,BF,cattle_man,21190,25.95312167,,,,,,,,,,,,,
CLUSTER_118,BF,horse_man,710,25.95312167,,,,,,,,,,,,,
CLUSTER_127,BF,cattle_man,15806,25.83611026,,,,,,,,,,,,,
CLUSTER_13,BF,cattle_man,22490,21.03926798,,,,,,,,,,,,,
CLUSTER_13,BF,horse_man,4880,21.03926798,,,,,,,,,,,,,
CLUSTER_13,BF,pig_man,152.17,21.03926798,,,,,,,,,,,,,
CLUSTER_174,BF,cattle_man,17810,9.3258986,,,,,,,,,,,,,
CLUSTER_174,BF,cattle_slu,117700,9.3258986,,,,,,,,,,,,,
CLUSTER_174,BF,horse_man,1427.5,9.3258986,,,,,,,,,,,,,
CLUSTER_207,BF,cattle_man,25080,14.7879364,,,,,,,,,,,,,
CLUSTER_207,BF,cattle_slu,171700,14.7879364,,,,,,,,,,,,,
CLUSTER_207,BF,horse_man,1783,14.7879364,,,,,,,,,,,,,
CLUSTER_209,BF,cattle_man,13940,32.1329725,,,,,,,,,,,,,
CLUSTER_209,BF,horse_man,1265.6,32.1329725,,,,,,,,,,,,,
CLUSTER_243,BF,horse_man,2781,31.43487887,,,,,,,,,,,,,
CLUSTER_252,BF,cattle_man,23950,20.14611706,,,,,,,,,,,,,
CLUSTER_252,BF,horse_man,2046,20.14611706,,,,,,,,,,,,,
CLUSTER_264,BF,pig_man,100.19925,25.08172664,,,,,,,,,,,,,
CLUSTER_313,BF,cattle_man,20560,3.883300972,,,,,,,,,,,,,
CLUSTER_313,BF,cattle_slu,130200,3.883300972,,,,,,,,,,,,,
CLUSTER_313,BF,horse_man,2810,3.883300972,,,,,,,,,,,,,
CLUSTER_313,BF,pig_man,14.107,3.883300972,,,,,,,,,,,,,
CLUSTER_360,BF,cattle_man,8890,29.58744095,,,,,,,,,,,,,
CLUSTER_360,BF,horse_man,2360,29.58744095,,,,,,,,,,,,,
CLUSTER_362,BF,cattle_man,13100,10.80779981,,,,,,,,,,,,,
CLUSTER_362,BF,cattle_slu,81600,10.80779981,,,,,,,,,,,,,
CLUSTER_362,BF,horse_man,2769,10.80779981,,,,,,,,,,,,,
CLUSTER_362,BF,legume_str,13.96,10.80779981,,,,,,,,,,,,,
CLUSTER_379,BF,cattle_man,18540,14.74992729,,,,,,,,,,,,,
CLUSTER_379,BF,cattle_slu,106980,14.74992729,,,,,,,,,,,,,
CLUSTER_379,BF,horse_man,612.5,14.74992729,,,,,,,,,,,,,
CLUSTER_379,BF,legume_str,33.1,14.74992729,,,,,,,,,,,,,
CLUSTER_39,BF,cattle_man,19310,21.80163644,,,,,,,,,,,,,
CLUSTER_39,BF,horse_man,1942,21.80163644,,,,,,,,,,,,,
CLUSTER_412,BF,cattle_man,16640,22.66513257,,,,,,,,,,,,,
CLUSTER_412,BF,horse_man,2158,22.66513257,,,,,,,,,,,,,
CLUSTER_422,BF,cattle_man,4670,24.95819796,,,,,,,,,,,,,
CLUSTER_422,BF,horse_man,1414,24.95819796,,,,,,,,,,,,,
CLUSTER_434,BF,cattle_man,10390,13.60650125,,,,,,,,,,,,,
CLUSTER_434,BF,cattle_slu,77000,13.60650125,,,,,,,,,,,,,
CLUSTER_434,BF,horse_man,816.4,13.60650125,,,,,,,,,,,,,
CLUSTER_443,BF,cattle_man,12880,18.82732746,,,,,,,,,,,,,
CLUSTER_443,BF,horse_man,1017,18.82732746,,,,,,,,,,,,,
CLUSTER_502,BF,horse_man,2093,31.86753736,,,,,,,,,,,,,
CLUSTER_51,BF,cattle_man,28020,20.34212013,,,,,,,,,,,,,
CLUSTER_51,BF,horse_man,2617,20.34212013,,,,,,,,,,,,,
CLUSTER_521,BF,cattle_man,12160,30.57699544,,,,,,,,,,,,,
CLUSTER_521,BF,horse_man,1448,30.57699544,,,,,,,,,,,,,
CLUSTER_543,BF,cattle_man,10570,22.44442847,,,,,,,,,,,,,
CLUSTER_543,BF,horse_man,158.9,22.44442847,,,,,,,,,,,,,
CLUSTER_543,BF,pig_man,36.089,22.44442847,,,,,,,,,,,,,
CLUSTER_74,BF,cattle_man,27550,10.35630996,,,,,,,,,,,,,
CLUSTER_74,BF,cattle_slu,168800,10.35630996,,,,,,,,,,,,,
CLUSTER_74,BF,horse_man,3010,10.35630996,,,,,,,,,,,,,
CLUSTER_84,BF,horse_man,2678.850436,39.56531583,,,,,,,,,,,,,
CLUSTER_86,BF,cattle_man,15698,25.46180035,,,,,,,,,,,,,
CLUSTER_86,BF,horse_man,1875,25.46180035,,,,,,,,,,,,,
CLUSTER_1,BM,cattle_man,7654.55,51.56380968,,,,,,,,,,,,,
CLUSTER_1,BM,horse_man,642.4,51.56380968,,,,,,,,,,,,,
CLUSTER_1,BM,pig_man,381.6,51.56380968,,,,,,,,,,,,,
CLUSTER_101,BM,cattle_man,7667.4141,36.44721811,,,,,,,,,,,,,
CLUSTER_101,BM,horse_man,1895.41,36.44721811,,,,,,,,,,,,,
CLUSTER_101,BM,pig_man,311.45,36.44721811,,,,,,,,,,,,,
CLUSTER_103,BM,horse_man,678.2,50.95994941,,,,,,,,,,,,,
CLUSTER_103,BM,pig_man,791.300184,50.95994941,,,,,,,,,,,,,
CLUSTER_107,BM,cattle_man,13402.1,27.02366915,,,,,,,,,,,,,
CLUSTER_107,BM,horse_man,1668.9,27.02366915,,,,,,,,,,,,,
CLUSTER_107,BM,pig_man,993.2,27.02366915,,,,,,,,,,,,,
CLUSTER_116,BM,cattle_man,856,26.38359239,,,,,,,,,,,,,
CLUSTER_116,BM,horse_man,1252,26.38359239,,,,,,,,,,,,,
CLUSTER_116,BM,pig_man,144.5,26.38359239,,,,,,,,,,,,,
CLUSTER_125,BM,horse_man,653,56.14908077,,,,,,,,,,,,,
CLUSTER_125,BM,pig_man,536,56.14908077,,,,,,,,,,,,,
CLUSTER_144,BM,cattle_man,16190,17.58420418,,,,,,,,,,,,,
CLUSTER_144,BM,cattle_slu,62870,17.58420418,,,,,,,,,,,,,
CLUSTER_144,BM,horse_man,1888,17.58420418,,,,,,,,,,,,,
CLUSTER_144,BM,pig_man,1094.5,17.58420418,,,,,,,,,,,,,
CLUSTER_145,BM,cattle_man,10356,25.86528588,,,,,,,,,,,,,
CLUSTER_145,BM,horse_man,1174,25.86528588,,,,,,,,,,,,,
CLUSTER_145,BM,pig_man,104.2,25.86528588,,,,,,,,,,,,,
CLUSTER_152,BM,cattle_man,3361,41.41080695,,,,,,,,,,,,,
CLUSTER_152,BM,horse_man,2493.3,41.41080695,,,,,,,,,,,,,
CLUSTER_152,BM,pig_man,174.1485,41.41080695,,,,,,,,,,,,,
CLUSTER_162,BM,cattle_man,4108.423,19.77510476,,,,,,,,,,,,,
CLUSTER_162,BM,cattle_slu,16000,19.77510476,,,,,,,,,,,,,
CLUSTER_162,BM,horse_man,3375.9,19.77510476,,,,,,,,,,,,,
CLUSTER_162,BM,pig_man,126.94,19.77510476,,,,,,,,,,,,,
CLUSTER_171,BM,horse_man,1981,54.30337249,,,,,,,,,,,,,
CLUSTER_171,BM,pig_man,887,54.30337249,,,,,,,,,,,,,
CLUSTER_176,BM,cattle_man,2533.2,34.52404651,,,,,,,,,,,,,
CLUSTER_176,BM,horse_man,750,34.52404651,,,,,,,,,,,,,
CLUSTER_176,BM,pig_man,232.96,34.52404651,,,,,,,,,,,,,
CLUSTER_180,BM,pig_man,6160,58.13726879,,,,,,,,,,,,,
CLUSTER_182,BM,cattle_man,9590,21.10935301,,,,,,,,,,,,,
CLUSTER_182,BM,horse_man,2035,21.10935301,,,,,,,,,,,,,
CLUSTER_182,BM,pig_man,1527,21.10935301,,,,,,,,,,,,,
CLUSTER_186,BM,horse_man,2019.1,60.31132546,,,,,,,,,,,,,
CLUSTER_186,BM,pig_man,471.4,60.31132546,,,,,,,,,,,,,
CLUSTER_212,BM,cattle_man,5215,38.39928645,,,,,,,,,,,,,
CLUSTER_212,BM,horse_man,525,38.39928645,,,,,,,,,,,,,
CLUSTER_212,BM,pig_man,132,38.39928645,,,,,,,,,,,,,
CLUSTER_219,BM,cattle_man,5290,40.57552513,,,,,,,,,,,,,
CLUSTER_219,BM,horse_man,452,40.57552513,,,,,,,,,,,,,
CLUSTER_219,BM,pig_man,686,40.57552513,,,,,,,,,,,,,
CLUSTER_229,BM,cattle_man,1142.8,32.15691917,,,,,,,,,,,,,
CLUSTER_229,BM,horse_man,466.3,32.15691917,,,,,,,,,,,,,
CLUSTER_229,BM,pig_man,38.028209,32.15691917,,,,,,,,,,,,,
CLUSTER_239,BM,cattle_man,3789,25.2251683,,,,,,,,,,,,,
CLUSTER_239,BM,horse_man,2882.5,25.2251683,,,,,,,,,,,,,
CLUSTER_239,BM,pig_man,931.74,25.2251683,,,,,,,,,,,,,
CLUSTER_257,BM,cattle_man,512.5,46.07213595,,,,,,,,,,,,,
CLUSTER_257,BM,horse_man,1598,46.07213595,,,,,,,,,,,,,
CLUSTER_257,BM,pig_man,1704.41,46.07213595,,,,,,,,,,,,,
CLUSTER_263,BM,cattle_man,11151.51,29.88437233,,,,,,,,,,,,,
CLUSTER_263,BM,horse_man,3265,29.88437233,,,,,,,,,,,,,
CLUSTER_263,BM,pig_man,198.21,29.88437233,,,,,,,,,,,,,
CLUSTER_267,BM,horse_man,951,64.43561167,,,,,,,,,,,,,
CLUSTER_267,BM,pig_man,778.8,64.43561167,,,,,,,,,,,,,
CLUSTER_306,BM,cattle_man,13760,36.74405262,,,,,,,,,,,,,
CLUSTER_306,BM,horse_man,2610,36.74405262,,,,,,,,,,,,,
CLUSTER_306,BM,pig_man,479.4,36.74405262,,,,,,,,,,,,,
CLUSTER_338,BM,cattle_man,6102.53,14.18132153,,,,,,,,,,,,,
CLUSTER_338,BM,cattle_slu,23550,14.18132153,,,,,,,,,,,,,
CLUSTER_338,BM,horse_man,816,14.18132153,,,,,,,,,,,,,
CLUSTER_338,BM,legume_str,307,14.18132153,,,,,,,,,,,,,
CLUSTER_338,BM,pig_man,496,14.18132153,,,,,,,,,,,,,
CLUSTER_338,BM,rape_str,566,14.18132153,,,,,,,,,,,,,
CLUSTER_339,BM,cattle_man,3014.917,27.16377991,,,,,,,,,,,,,
CLUSTER_34,BM,cattle_man,4823.3,15.77825812,,,,,,,,,,,,,
CLUSTER_34,BM,cattle_slu,19123.6,15.77825812,,,,,,,,,,,,,
CLUSTER_34,BM,horse_man,3660.3,15.77825812,,,,,,,,,,,,,
CLUSTER_34,BM,pig_man,547.047,15.77825812,,,,,,,,,,,,,
CLUSTER_340,BM,cattle_man,979,23.81606437,,,,,,,,,,,,,
CLUSTER_340,BM,horse_man,1279,23.81606437,,,,,,,,,,,,,
CLUSTER_340,BM,pig_man,150.7,23.81606437,,,,,,,,,,,,,
CLUSTER_344,BM,cattle_man,9980,4.881006132,,,,,,,,,,,,,
CLUSTER_344,BM,cattle_slu,41190,4.881006132,,,,,,,,,,,,,
CLUSTER_344,BM,horse_man,1961,4.881006132,,,,,,,,,,,,,
CLUSTER_344,BM,legume_str,332,4.881006132,,,,,,,,,,,,,
CLUSTER_344,BM,pig_man,347.5,4.881006132,,,,,,,,,,,,,
CLUSTER_344,BM,rape_str,232.2,4.881006132,,,,,,,,,,,,,
CLUSTER_345,BM,cattle_man,8870,39.8112405,,,,,,,,,,,,,
CLUSTER_345,BM,horse_man,3059,39.8112405,,,,,,,,,,,,,
CLUSTER_345,BM,pig_man,131.752025,39.8112405,,,,,,,,,,,,,
CLUSTER_349,BM,cattle_man,4717,16.83686142,,,,,,,,,,,,,
CLUSTER_349,BM,cattle_slu,19810,16.83686142,,,,,,,,,,,,,
CLUSTER_349,BM,horse_man,668,16.83686142,,,,,,,,,,,,,
CLUSTER_349,BM,pig_man,105.746,16.83686142,,,,,,,,,,,,,
CLUSTER_35,BM,cattle_man,3291,33.77458448,,,,,,,,,,,,,
CLUSTER_35,BM,horse_man,655.3,33.77458448,,,,,,,,,,,,,
CLUSTER_35,BM,pig_man,754.829,33.77458448,,,,,,,,,,,,,
CLUSTER_351,BM,horse_man,1500,57.5329127,,,,,,,,,,,,,
CLUSTER_351,BM,pig_man,456.3,57.5329127,,,,,,,,,,,,,
CLUSTER_353,BM,cattle_man,9000,15.30021375,,,,,,,,,,,,,
CLUSTER_353,BM,cattle_slu,39800,15.30021375,,,,,,,,,,,,,
CLUSTER_353,BM,horse_man,840,15.30021375,,,,,,,,,,,,,
CLUSTER_353,BM,pig_man,473,15.30021375,,,,,,,,,,,,,
CLUSTER_353,BM,rape_str,696,15.30021375,,,,,,,,,,,,,
CLUSTER_373,BM,cattle_man,930.61,29.16342844,,,,,,,,,,,,,
CLUSTER_373,BM,horse_man,1879.8,29.16342844,,,,,,,,,,,,,
CLUSTER_382,BM,cattle_man,2959,37.9289681,,,,,,,,,,,,,
CLUSTER_382,BM,horse_man,1045,37.9289681,,,,,,,,,,,,,
CLUSTER_382,BM,pig_man,429,37.9289681,,,,,,,,,,,,,
CLUSTER_394,BM,horse_man,571.3,47.46999452,,,,,,,,,,,,,
CLUSTER_394,BM,pig_man,434.7,47.46999452,,,,,,,,,,,,,
CLUSTER_399,BM,cattle_man,1238.6,54.33633758,,,,,,,,,,,,,
CLUSTER_399,BM,horse_man,218.1,54.33633758,,,,,,,,,,,,,
CLUSTER_399,BM,pig_man,646.33,54.33633758,,,,,,,,,,,,,
CLUSTER_431,BM,cattle_man,3900.2,7.018107967,,,,,,,,,,,,,
CLUSTER_431,BM,cattle_slu,13763,7.018107967,,,,,,,,,,,,,
CLUSTER_431,BM,horse_man,1912,7.018107967,,,,,,,,,,,,,
CLUSTER_431,BM,pig_man,238.34,7.018107967,,,,,,,,,,,,,
CLUSTER_441,BM,cattle_man,3147,46.83895493,,,,,,,,,,,,,
CLUSTER_441,BM,horse_man,821,46.83895493,,,,,,,,,,,,,
CLUSTER_441,BM,pig_man,1272,46.83895493,,,,,,,,,,,,,
CLUSTER_447,BM,cattle_man,6210,33.02889507,,,,,,,,,,,,,
CLUSTER_447,BM,horse_man,3973,33.02889507,,,,,,,,,,,,,
CLUSTER_447,BM,pig_man,67.14,33.02889507,,,,,,,,,,,,,
CLUSTER_451,BM,horse_man,523,61.36879106,,,,,,,,,,,,,
CLUSTER_451,BM,pig_man,528,61.36879106,,,,,,,,,,,,,
CLUSTER_464,BM,cattle_man,4492,7.750765966,,,,,,,,,,,,,
CLUSTER_464,BM,cattle_slu,19850,7.750765966,,,,,,,,,,,,,
CLUSTER_464,BM,horse_man,752,7.750765966,,,,,,,,,,,,,
CLUSTER_464,BM,legume_str,152.7869843,7.750765966,,,,,,,,,,,,,
CLUSTER_464,BM,pig_man,54.032,7.750765966,,,,,,,,,,,,,
CLUSTER_464,BM,rape_str,387,7.750765966,,,,,,,,,,,,,
CLUSTER_469,BM,cattle_man,3134,27.61552024,,,,,,,,,,,,,
CLUSTER_469,BM,horse_man,840,27.61552024,,,,,,,,,,,,,
CLUSTER_469,BM,pig_man,324,27.61552024,,,,,,,,,,,,,
CLUSTER_478,BM,cattle_man,1374,13.95236596,,,,,,,,,,,,,
CLUSTER_478,BM,cattle_slu,6110,13.95236596,,,,,,,,,,,,,
CLUSTER_478,BM,horse_man,340.1,13.95236596,,,,,,,,,,,,,
CLUSTER_478,BM,pig_man,35.4,13.95236596,,,,,,,,,,,,,
CLUSTER_48,BM,cattle_man,4164,50.17267913,,,,,,,,,,,,,
CLUSTER_48,BM,horse_man,1045.96,50.17267913,,,,,,,,,,,,,
CLUSTER_48,BM,pig_man,1701.4,50.17267913,,,,,,,,,,,,,
CLUSTER_481,BM,horse_man,1085,48.19339303,,,,,,,,,,,,,
CLUSTER_481,BM,pig_man,527.3,48.19339303,,,,,,,,,,,,,
CLUSTER_495,BM,cattle_man,7770,26.63677,,,,,,,,,,,,,
CLUSTER_495,BM,horse_man,1575,26.63677,,,,,,,,,,,,,
CLUSTER_495,BM,pig_man,180.446,26.63677,,,,,,,,,,,,,
CLUSTER_496,BM,cattle_man,6675.3,22.75318419,,,,,,,,,,,,,
CLUSTER_496,BM,horse_man,451,22.75318419,,,,,,,,,,,,,
CLUSTER_496,BM,pig_man,687.3,22.75318419,,,,,,,,,,,,,
CLUSTER_499,BM,cattle_man,4370,33.008363,,,,,,,,,,,,,
CLUSTER_499,BM,horse_man,3670,33.008363,,,,,,,,,,,,,
CLUSTER_499,BM,pig_man,128.13,33.008363,,,,,,,,,,,,,
CLUSTER_504,BM,cattle_man,41,42.04955011,,,,,,,,,,,,,
CLUSTER_504,BM,horse_man,1033,42.04955011,,,,,,,,,,,,,
CLUSTER_504,BM,pig_man,442,42.04955011,,,,,,,,,,,,,
CLUSTER_52,BM,cattle_man,3984.5,36.64268752,,,,,,,,,,,,,
CLUSTER_52,BM,horse_man,1083.1,36.64268752,,,,,,,,,,,,,
CLUSTER_52,BM,pig_man,917.46,36.64268752,,,,,,,,,,,,,
CLUSTER_545,BM,cattle_man,1080,35.89812839,,,,,,,,,,,,,
CLUSTER_545,BM,horse_man,1719,35.89812839,,,,,,,,,,,,,
CLUSTER_545,BM,pig_man,227.1,35.89812839,,,,,,,,,,,,,
CLUSTER_63,BM,cattle_man,14627,43.85594312,,,,,,,,,,,,,
CLUSTER_63,BM,horse_man,1785.259379,43.85594312,,,,,,,,,,,,,
CLUSTER_72,BM,horse_man,4938,60.3724424,,,,,,,,,,,,,
CLUSTER_72,BM,pig_man,949.3,60.3724424,,,,,,,,,,,,,
CLUSTER_82,BM,cattle_man,7392.7,48.22763775,,,,,,,,,,,,,
CLUSTER_82,BM,horse_man,1220.1,48.22763775,,,,,,,,,,,,,
CLUSTER_82,BM,pig_man,554.226263,48.22763775,,,,,,,,,,,,,
CLUSTER_0,BO,cattle_man,28890,23.53452901,,,,,,,,,,,,,
CLUSTER_0,BO,horse_man,2610,23.53452901,,,,,,,,,,,,,
CLUSTER_0,BO,legume_str,690.7,23.53452901,,,,,,,,,,,,,
CLUSTER_0,BO,pig_man,1695.2,23.53452901,,,,,,,,,,,,,
CLUSTER_0,BO,rape_str,1701.9,23.53452901,,,,,,,,,,,,,
CLUSTER_121,BO,cattle_man,11370,19.4962416,,,,,,,,,,,,,
CLUSTER_121,BO,cattle_slu,47600,19.4962416,,,,,,,,,,,,,
CLUSTER_121,BO,horse_man,2073,19.4962416,,,,,,,,,,,,,
CLUSTER_135,BO,cattle_man,35210,11.96549893,,,,,,,,,,,,,
CLUSTER_135,BO,cattle_slu,152400,11.96549893,,,,,,,,,,,,,
CLUSTER_135,BO,horse_man,2847,11.96549893,,,,,,,,,,,,,
CLUSTER_135,BO,legume_str,330.2,11.96549893,,,,,,,,,,,,,
CLUSTER_135,BO,pig_man,159.368,11.96549893,,,,,,,,,,,,,
CLUSTER_149,BO,horse_man,2613.8,20.49565316,,,,,,,,,,,,,
CLUSTER_149,BO,legume_str,27.93,20.49565316,,,,,,,,,,,,,
CLUSTER_149,BO,pig_man,19.0894,20.49565316,,,,,,,,,,,,,
CLUSTER_192,BO,cattle_man,3130,48.15640524,,,,,,,,,,,,,
CLUSTER_192,BO,horse_man,605,48.15640524,,,,,,,,,,,,,
CLUSTER_203,BO,cattle_man,28660,14.53923768,,,,,,,,,,,,,
CLUSTER_203,BO,cattle_slu,104700.608,14.53923768,,,,,,,,,,,,,
CLUSTER_203,BO,horse_man,3313,14.53923768,,,,,,,,,,,,,
CLUSTER_203,BO,legume_str,259.1,14.53923768,,,,,,,,,,,,,
CLUSTER_203,BO,pig_man,696.08362,14.53923768,,,,,,,,,,,,,
CLUSTER_203,BO,rape_str,472.3,14.53923768,,,,,,,,,,,,,
CLUSTER_205,BO,cattle_man,5566.640679,29.93789249,,,,,,,,,,,,,
CLUSTER_205,BO,horse_man,3447,29.93789249,,,,,,,,,,,,,
CLUSTER_205,BO,legume_str,366.9,29.93789249,,,,,,,,,,,,,
CLUSTER_205,BO,pig_man,123.23616,29.93789249,,,,,,,,,,,,,
CLUSTER_205,BO,rape_str,424.8,29.93789249,,,,,,,,,,,,,
CLUSTER_244,BO,cattle_man,18650,14.08970762,,,,,,,,,,,,,
CLUSTER_244,BO,cattle_slu,84140,14.08970762,,,,,,,,,,,,,
CLUSTER_244,BO,horse_man,3070,14.08970762,,,,,,,,,,,,,
CLUSTER_244,BO,legume_str,50.04,14.08970762,,,,,,,,,,,,,
CLUSTER_308,BO,cattle_man,2235,30.69725166,,,,,,,,,,,,,
CLUSTER_308,BO,horse_man,482,30.69725166,,,,,,,,,,,,,
CLUSTER_319,BO,cattle_man,9700,24.15302894,,,,,,,,,,,,,
CLUSTER_319,BO,horse_man,1821.5,24.15302894,,,,,,,,,,,,,
CLUSTER_319,BO,legume_str,497,24.15302894,,,,,,,,,,,,,
CLUSTER_319,BO,pig_man,343,24.15302894,,,,,,,,,,,,,
CLUSTER_319,BO,rape_str,429,24.15302894,,,,,,,,,,,,,
CLUSTER_350,BO,cattle_man,14500,3.540678988,,,,,,,,,,,,,
CLUSTER_350,BO,cattle_slu,66000,3.540678988,,,,,,,,,,,,,
CLUSTER_350,BO,horse_man,2875,3.540678988,,,,,,,,,,,,,
CLUSTER_350,BO,legume_str,207.8,3.540678988,,,,,,,,,,,,,
CLUSTER_350,BO,maize_str,444.4,3.540678988,,,,,,,,,,,,,
CLUSTER_350,BO,pig_man,183.62,3.540678988,,,,,,,,,,,,,
CLUSTER_350,BO,pig_slu,3214.13,3.540678988,,,,,,,,,,,,,
CLUSTER_350,BO,rape_str,241.9,3.540678988,,,,,,,,,,,,,
CLUSTER_374,BO,cattle_man,5400,42.47158084,,,,,,,,,,,,,
CLUSTER_374,BO,horse_man,1839,42.47158084,,,,,,,,,,,,,
CLUSTER_378,BO,cattle_man,31200,26.54008796,,,,,,,,,,,,,
CLUSTER_378,BO,horse_man,1373,26.54008796,,,,,,,,,,,,,
CLUSTER_378,BO,legume_str,300.1,26.54008796,,,,,,,,,,,,,
CLUSTER_378,BO,pig_man,297.007,26.54008796,,,,,,,,,,,,,
CLUSTER_378,BO,rape_str,180.6,26.54008796,,,,,,,,,,,,,
CLUSTER_398,BO,horse_man,1395,32.37046685,,,,,,,,,,,,,
CLUSTER_398,BO,pig_man,169.0001898,32.37046685,,,,,,,,,,,,,
CLUSTER_440,BO,cattle_man,13440,8.075414912,,,,,,,,,,,,,
CLUSTER_440,BO,cattle_slu,62200,8.075414912,,,,,,,,,,,,,
CLUSTER_440,BO,horse_man,2708,8.075414912,,,,,,,,,,,,,
CLUSTER_440,BO,legume_str,29.4,8.075414912,,,,,,,,,,,,,
CLUSTER_440,BO,maize_str,12.5,8.075414912,,,,,,,,,,,,,
CLUSTER_448,BO,cattle_man,3200,28.77367432,,,,,,,,,,,,,
CLUSTER_448,BO,horse_man,654,28.77367432,,,,,,,,,,,,,
CLUSTER_482,BO,horse_man,1167.3,25.21883832,,,,,,,,,,,,,
CLUSTER_482,BO,legume_str,62.8,25.21883832,,,,,,,,,,,,,
CLUSTER_482,BO,pig_man,28.99635,25.21883832,,,,,,,,,,,,,
CLUSTER_541,BO,horse_man,835.5,29.90800965,,,,,,,,,,,,,
CLUSTER_58,BO,cattle_man,49010,11.67682933,,,,,,,,,,,,,
CLUSTER_58,BO,cattle_slu,201870,11.67682933,,,,,,,,,,,,,
CLUSTER_58,BO,horse_man,3739.6,11.67682933,,,,,,,,,,,,,
CLUSTER_58,BO,legume_str,822,11.67682933,,,,,,,,,,,,,
CLUSTER_58,BO,maize_str,2538,11.67682933,,,,,,,,,,,,,
CLUSTER_58,BO,pig_man,585.7193,11.67682933,,,,,,,,,,,,,
CLUSTER_58,BO,rape_str,948,11.67682933,,,,,,,,,,,,,
CLUSTER_64,BO,pig_man,1190.4,41.52072245,,,,,,,,,,,,,
CLUSTER_85,BO,cattle_man,17750,25.99376387,,,,,,,,,,,,,
CLUSTER_85,BO,horse_man,2141,25.99376387,,,,,,,,,,,,,
CLUSTER_85,BO,legume_str,11.6,25.99376387,,,,,,,,,,,,,
CLUSTER_85,BO,pig_man,109.2627,25.99376387,,,,,,,,,,,,,
CLUSTER_92,BO,pig_man,122.737,40.26784613,,,,,,,,,,,,,
CLUSTER_93,BO,cattle_man,44710,19.12992698,,,,,,,,,,,,,
CLUSTER_93,BO,cattle_slu,202100,19.12992698,,,,,,,,,,,,,
CLUSTER_93,BO,horse_man,4360,19.12992698,,,,,,,,,,,,,
CLUSTER_93,BO,legume_str,120.6,19.12992698,,,,,,,,,,,,,
CLUSTER_93,BO,pig_man,56.565,19.12992698,,,,,,,,,,,,,
