PlantLocation,SupplyNode,Feedstock,FlowTons,Distance_km
E,CLUSTER_0,horse_man,2610.0,40.116063588880586
E,CLUSTER_0,pig_man,1695.2,40.116063588880586
E,CLUSTER_100,cattle_man,9536.0,24.787700901177715
E,CLUSTER_100,horse_man,3925.5,24.787700901177715
E,CLUSTER_100,pig_man,69.61,24.787700901177715
E,CLUSTER_101,pig_man,311.45,107.07514894897352
E,CLUSTER_104,pig_man,527.2180000000001,49.6483807908765
E,CLUSTER_107,pig_man,993.2,62.93090581073481
E,CLUSTER_111,pig_man,262.226,94.181930729094
E,CLUSTER_116,pig_man,144.5,56.919720832973454
E,CLUSTER_122,cattle_man,17000.0,24.555881517768704
E,CLUSTER_122,horse_man,5260.0,24.555881517768704
E,CLUSTER_122,pig_man,40.78257,24.555881517768704
E,CLUSTER_125,pig_man,536.0,93.00528920316223
E,CLUSTER_126,horse_man,1435.2,41.620311781374056
E,CLUSTER_126,pig_man,2894.0,41.620311781374056
E,CLUSTER_13,pig_man,152.17000000000002,95.85522446184363
E,CLUSTER_131,horse_man,1232.0,34.87070742784063
E,CLUSTER_131,pig_man,1497.8,34.87070742784063
E,CLUSTER_132,pig_man,943.9,106.75436170062672
E,CLUSTER_135,pig_man,159.368,62.50108714118152
E,CLUSTER_138,pig_man,1203.8,84.5721632309565
E,CLUSTER_14,pig_man,256.805,111.79827872117336
E,CLUSTER_142,cattle_man,32190.000000000004,16.545679246285765
E,CLUSTER_142,horse_man,1981.9999999999998,16.545679246285765
E,CLUSTER_142,pig_man,67.2671,16.545679246285765
E,CLUSTER_144,pig_man,1094.5,55.80919083999145
E,CLUSTER_145,pig_man,104.2,96.256378327161
E,CLUSTER_149,horse_man,2613.8,40.65080959512734
E,CLUSTER_149,pig_man,19.0894,40.65080959512734
E,CLUSTER_150,pig_man,605.1,112.28448255867988
E,CLUSTER_151,horse_man,5352.0,30.798722758316025
E,CLUSTER_151,pig_man,33.274,30.798722758316025
E,CLUSTER_152,horse_man,2493.3,39.82393852684487
E,CLUSTER_152,pig_man,174.14849999999998,39.82393852684487
E,CLUSTER_155,pig_man,1243.7,76.92378788109698
E,CLUSTER_159,pig_man,3550.315,105.66209946744748
E,CLUSTER_162,pig_man,126.94,80.59017478322741
E,CLUSTER_165,horse_man,1926.7,27.54620888042217
E,CLUSTER_165,pig_man,1019.9,27.54620888042217
E,CLUSTER_175,pig_man,35.4,77.45921163150477
E,CLUSTER_176,pig_man,232.96,104.90168417063202
E,CLUSTER_180,pig_man,6160.0,53.68151260962062
E,CLUSTER_182,pig_man,1527.0,73.67874507267523
E,CLUSTER_184,pig_man,1364.0,71.14488117542673
E,CLUSTER_186,pig_man,471.4,75.1547469148147
E,CLUSTER_187,pig_man,939.3,93.70233725748228
E,CLUSTER_195,pig_man,34.13825,108.43053913262682
E,CLUSTER_2,pig_man,1666.5,58.97093725206919
E,CLUSTER_20,horse_man,3289.0,38.20635512290734
E,CLUSTER_20,pig_man,3376.0,38.20635512290734
E,CLUSTER_202,pig_man,229.17,101.99624131061265
E,CLUSTER_203,horse_man,3313.0,39.53571300913105
E,CLUSTER_203,pig_man,696.08362,39.53571300913105
E,CLUSTER_204,pig_man,37.494,64.73530635503914
E,CLUSTER_205,horse_man,3447.0,30.478424563338063
E,CLUSTER_205,pig_man,123.23616,30.478424563338063
E,CLUSTER_208,pig_man,22.65,72.53541449913136
E,CLUSTER_210,pig_man,122.09999999999998,110.8735823181419
E,CLUSTER_212,pig_man,132.0,80.92452780507553
E,CLUSTER_218,cattle_man,42980.0,25.02092809452386
E,CLUSTER_218,horse_man,4008.0000000000005,25.02092809452386
E,CLUSTER_219,pig_man,686.0,104.297730044218
E,CLUSTER_22,cattle_man,44030.0,14.659576076363248
E,CLUSTER_22,horse_man,2301.0,14.659576076363248
E,CLUSTER_22,pig_man,696.0,14.659576076363248
E,CLUSTER_223,pig_man,439.438657,96.35859036399464
E,CLUSTER_225,pig_man,1314.9,87.81060446845963
E,CLUSTER_229,pig_man,38.028209,100.62730098340886
E,CLUSTER_233,pig_man,435.2,79.57899263602016
E,CLUSTER_235,pig_man,439.78,93.90486796327856
E,CLUSTER_239,pig_man,931.74,45.99382935023328
E,CLUSTER_240,pig_man,24.931,84.21204164489973
E,CLUSTER_256,pig_man,14.8359,50.1300624975198
E,CLUSTER_257,pig_man,1704.41,49.79195707003715
E,CLUSTER_263,pig_man,198.21,48.597745057707215
E,CLUSTER_267,pig_man,778.8,68.47471305541262
E,CLUSTER_270,pig_man,61.2952,100.3318660043116
E,CLUSTER_273,pig_man,524.6,84.1395083919137
E,CLUSTER_274,pig_man,587.9,89.9247563881004
E,CLUSTER_279,cattle_man,21730.0,4.311790666415534
E,CLUSTER_279,cattle_slu,74670.0,4.311790666415534
E,CLUSTER_279,horse_man,1665.3,4.311790666415534
E,CLUSTER_279,pig_slu,11484.0,4.311790666415534
E,CLUSTER_279,pig_man,723.8400164000001,4.311790666415534
E,CLUSTER_280,pig_man,171.3,108.77786891084716
E,CLUSTER_282,pig_man,277.076,99.66421190788074
E,CLUSTER_284,pig_man,447.9,87.4042787107065
E,CLUSTER_288,cattle_man,23510.0,13.103351900147086
E,CLUSTER_288,cattle_slu,27481.68178335092,13.103351900147086
E,CLUSTER_288,horse_man,1884.0,13.103351900147086
E,CLUSTER_288,pig_man,786.0,13.103351900147086
E,CLUSTER_29,horse_man,2338.7,34.34813458590196
E,CLUSTER_290,pig_man,122.18799999999999,94.00136605133132
E,CLUSTER_291,pig_man,7740.0,100.63583726909164
E,CLUSTER_292,pig_man,2862.0,89.0243321337813
E,CLUSTER_297,pig_man,153.126,68.15267477493703
E,CLUSTER_3,pig_man,16.916,61.64823679520245
E,CLUSTER_300,cattle_man,12150.0,12.757921305167269
E,CLUSTER_300,cattle_slu,48040.0,12.757921305167269
E,CLUSTER_300,horse_man,6326.0,12.757921305167269
E,CLUSTER_300,pig_man,581.8449999999999,12.757921305167269
E,CLUSTER_301,pig_man,225.23,90.80128661737876
E,CLUSTER_302,pig_man,141.874306,55.40911233109576
E,CLUSTER_306,horse_man,2610.0,38.651144414055146
E,CLUSTER_306,pig_man,479.4,38.651144414055146
E,CLUSTER_31,pig_man,390.4,108.74389804520544
E,CLUSTER_313,pig_man,14.107,115.06690720704708
E,CLUSTER_315,pig_man,304.38530000000003,67.81822842875388
E,CLUSTER_319,pig_man,343.0,51.60340375250447
E,CLUSTER_321,pig_man,53.32708,87.05490885389987
E,CLUSTER_323,cattle_man,18150.0,4.723030808846975
E,CLUSTER_323,cattle_slu,79000.0,4.723030808846975
E,CLUSTER_323,horse_man,2339.0,4.723030808846975
E,CLUSTER_323,pig_slu,4466.1,4.723030808846975
E,CLUSTER_323,pig_man,275.81,4.723030808846975
E,CLUSTER_324,pig_man,258.47,61.905208517411936
E,CLUSTER_330,horse_man,1269.6,38.96391401284662
E,CLUSTER_330,pig_man,378.71,38.96391401284662
E,CLUSTER_338,pig_man,496.0,65.29735218861396
E,CLUSTER_339,pig_man,586.97,91.65269394410768
E,CLUSTER_34,pig_man,547.047,58.10345516655202
E,CLUSTER_340,pig_man,150.7,70.88311678723136
E,CLUSTER_342,pig_man,109.9,56.510072759842416
E,CLUSTER_344,pig_man,347.5,74.02305278244253
E,CLUSTER_345,horse_man,3059.0,33.46651834427662
E,CLUSTER_345,pig_man,131.752025,33.46651834427662
E,CLUSTER_349,pig_man,105.746,85.62502904021436
E,CLUSTER_35,pig_man,754.8290000000001,91.78490287433844
E,CLUSTER_350,pig_man,183.62,51.74843068562771
E,CLUSTER_352,pig_man,32.1,60.05989802732128
E,CLUSTER_353,pig_man,473.0,81.68590498721312
E,CLUSTER_354,pig_man,883.52,51.36397400543302
E,CLUSTER_355,pig_man,1341.0,70.87260169794892
E,CLUSTER_363,horse_man,3180.0,35.36543538353118
E,CLUSTER_363,pig_man,154.91,35.36543538353118
E,CLUSTER_37,pig_man,3353.8,48.27247580110311
E,CLUSTER_370,pig_man,15.373134,100.25736028231472
E,CLUSTER_371,cattle_man,13910.0,23.81194367041497
E,CLUSTER_371,horse_man,1280.1,23.81194367041497
E,CLUSTER_371,pig_man,228.32,23.81194367041497
E,CLUSTER_372,pig_man,127.52,116.06971731133292
E,CLUSTER_376,pig_man,263.4000241,77.75338608549175
E,CLUSTER_378,horse_man,1373.0,27.657641742026414
E,CLUSTER_378,pig_man,297.007,27.657641742026414
E,CLUSTER_382,pig_man,429.0,106.218999655099
E,CLUSTER_386,cattle_man,420.0,19.87666770031567
E,CLUSTER_386,horse_man,3289.0,19.87666770031567
E,CLUSTER_394,pig_man,434.7,105.54661754626318
E,CLUSTER_396,horse_man,4460.0,40.80818840306785
E,CLUSTER_397,pig_man,80.291,104.77312922210092
E,CLUSTER_398,pig_man,169.0001898,46.87063206865761
E,CLUSTER_399,pig_man,646.33,81.85437858633031
E,CLUSTER_400,pig_man,2588.0,64.31280480031289
E,CLUSTER_402,pig_man,1540.0,95.94085705442444
E,CLUSTER_403,cattle_man,2410.622840947507,27.04022444026832
E,CLUSTER_403,horse_man,1197.0,27.04022444026832
E,CLUSTER_403,pig_man,782.0,27.04022444026832
E,CLUSTER_406,pig_man,52.746,114.9315619824198
E,CLUSTER_408,pig_man,511.6000000000001,100.46862712083347
E,CLUSTER_423,cattle_man,22380.0,18.875245315829154
E,CLUSTER_423,horse_man,1678.0106,18.875245315829154
E,CLUSTER_423,pig_man,669.519,18.875245315829154
E,CLUSTER_427,pig_man,799.2,75.5904704350645
E,CLUSTER_428,pig_man,58.397,84.64185051659689
E,CLUSTER_43,cattle_man,697.37,23.7384854655003
E,CLUSTER_43,horse_man,1609.1999999999998,23.7384854655003
E,CLUSTER_43,pig_man,36.5,23.7384854655003
E,CLUSTER_431,pig_man,238.34,71.51090219565113
E,CLUSTER_432,pig_man,80.1,86.67896276920659
E,CLUSTER_436,pig_man,326.0,75.96937625757172
E,CLUSTER_441,horse_man,821.0,41.359750902413005
E,CLUSTER_441,pig_man,1272.0,41.359750902413005
E,CLUSTER_446,pig_man,216.2920123,103.27410586462209
E,CLUSTER_447,horse_man,3973.0,37.714821055795866
E,CLUSTER_447,pig_man,67.14,37.714821055795866
E,CLUSTER_450,pig_man,315.5,59.29723071317426
E,CLUSTER_451,pig_man,528.0,105.89766270766305
E,CLUSTER_452,pig_man,550.0,109.6845604567037
E,CLUSTER_453,pig_man,269.0,81.62326916718405
E,CLUSTER_456,pig_man,30.472,92.80873255714724
E,CLUSTER_458,horse_man,2320.0,35.16578187010661
E,CLUSTER_464,pig_man,54.032,63.28630326736983
E,CLUSTER_466,cattle_man,13690.0,15.96894314021321
E,CLUSTER_466,horse_man,4155.0,15.96894314021321
E,CLUSTER_466,pig_man,43.27128999999999,15.96894314021321
E,CLUSTER_469,pig_man,324.0,94.30712589575433
E,CLUSTER_473,pig_man,510.99999999999994,59.519056662029975
E,CLUSTER_478,pig_man,35.400000000000006,84.69295067017332
E,CLUSTER_48,pig_man,1701.4,65.2668628027185
E,CLUSTER_481,pig_man,527.3,96.99055633492868
E,CLUSTER_482,horse_man,1167.3,31.86127104313404
E,CLUSTER_482,pig_man,28.99635,31.86127104313404
E,CLUSTER_485,pig_man,19.72,85.31079786274317
E,CLUSTER_488,pig_man,1185.8,81.81794185851865
E,CLUSTER_493,pig_man,193.15,62.71053854476537
E,CLUSTER_495,pig_man,180.446,45.503205803643056
E,CLUSTER_496,pig_man,687.3,92.08105110286492
E,CLUSTER_498,cattle_man,3436.0,19.525944209064924
E,CLUSTER_498,horse_man,2767.0,19.525944209064924
E,CLUSTER_499,pig_man,128.13,53.99167723175562
E,CLUSTER_501,pig_man,1378.0,63.07330685636414
E,CLUSTER_504,pig_man,442.0,59.00757103721784
E,CLUSTER_511,pig_man,317.6,85.49768782091735
E,CLUSTER_513,pig_man,657.0,90.46708837316298
E,CLUSTER_514,pig_man,13.03,108.41936456756842
E,CLUSTER_516,pig_man,123.100375,67.15500878584282
E,CLUSTER_52,pig_man,917.46,70.34593487062902
E,CLUSTER_523,cattle_man,13260.0,12.97987823529139
E,CLUSTER_523,cattle_slu,65000.0,12.97987823529139
E,CLUSTER_523,horse_man,1417.0,12.97987823529139
E,CLUSTER_523,pig_man,56.7,12.97987823529139
E,CLUSTER_534,pig_man,1003.0,76.49775073773837
E,CLUSTER_537,pig_man,2429.0,88.15731069847841
E,CLUSTER_544,cattle_man,5520.0,21.64529734347489
E,CLUSTER_544,pig_man,15.550000000000002,21.64529734347489
E,CLUSTER_545,pig_man,227.1,49.37788377663642
E,CLUSTER_57,horse_man,1420.0,28.798407528603065
E,CLUSTER_58,pig_man,585.7193,51.71129951305498
E,CLUSTER_61,pig_man,392.8,71.09275520321455
E,CLUSTER_62,horse_man,4905.0,43.0602617300938
E,CLUSTER_62,pig_man,33.995,43.0602617300938
E,CLUSTER_63,pig_man,79.20406,52.07787421800288
E,CLUSTER_64,horse_man,1753.8,31.18404916273802
E,CLUSTER_64,pig_man,1190.4,31.18404916273802
E,CLUSTER_68,pig_man,1241.4,82.4811271121041
E,CLUSTER_69,cattle_man,40940.0,16.922617063107978
E,CLUSTER_69,horse_man,2441.2,16.922617063107978
E,CLUSTER_69,pig_man,1247.43,16.922617063107978
E,CLUSTER_70,pig_man,751.0,68.77675683574569
E,CLUSTER_71,horse_man,2948.9,31.548900560661767
E,CLUSTER_71,pig_man,226.348,31.548900560661767
E,CLUSTER_72,pig_man,949.3,114.04497560412588
E,CLUSTER_73,pig_man,3455.0,53.17682423866831
E,CLUSTER_79,pig_man,1322.00245,99.19819742731369
E,CLUSTER_8,horse_man,7120.0,43.24255785584386
E,CLUSTER_8,pig_man,13.2831,43.24255785584386
E,CLUSTER_81,cattle_man,26470.0,25.561351658610903
E,CLUSTER_81,horse_man,1535.0,25.561351658610903
E,CLUSTER_81,pig_man,12.9891,25.561351658610903
E,CLUSTER_83,pig_man,44.2,96.37930641853612
E,CLUSTER_85,pig_man,109.2627,79.85912888094293
E,CLUSTER_89,pig_man,499.7749999999999,105.77209961468502
E,CLUSTER_9,pig_man,1813.0,101.36831318530648
E,CLUSTER_91,pig_man,218.0,87.26640060206114
E,CLUSTER_92,horse_man,2276.0,40.986289325761526
E,CLUSTER_92,pig_man,122.73699999999998,40.986289325761526
E,CLUSTER_93,pig_man,56.565000000000005,72.67851481179895
J,CLUSTER_105,cattle_man,16042.0,29.302871547629923
J,CLUSTER_105,horse_man,2293.0,29.302871547629923
J,CLUSTER_106,cattle_man,12224.0,34.26372613181991
J,CLUSTER_106,horse_man,1081.1,34.26372613181991
J,CLUSTER_106,pig_man,245.613,34.26372613181991
J,CLUSTER_111,horse_man,2114.0,50.575508240394335
J,CLUSTER_117,horse_man,1848.2,41.87983407795506
J,CLUSTER_117,pig_man,153.071,41.87983407795506
J,CLUSTER_118,cattle_man,21190.0,33.03397491196227
J,CLUSTER_118,horse_man,710.0,33.03397491196227
J,CLUSTER_123,pig_man,92.5800179,72.87168723001122
J,CLUSTER_127,horse_man,2828.1,40.9729213592273
J,CLUSTER_128,pig_man,539.0,81.13712108483803
J,CLUSTER_129,pig_man,245.9917,102.68156547627424
J,CLUSTER_13,cattle_man,22490.0,37.12302764160194
J,CLUSTER_13,horse_man,4880.0,37.12302764160194
J,CLUSTER_136,horse_man,3775.0,52.03109043174148
J,CLUSTER_137,cattle_man,27690.0,19.88586864787132
J,CLUSTER_137,horse_man,2768.0,19.88586864787132
J,CLUSTER_137,pig_man,11.12,19.88586864787132
J,CLUSTER_157,horse_man,3454.0,55.96194975510164
J,CLUSTER_166,horse_man,763.7,57.08511420963487
J,CLUSTER_166,pig_man,110.044731,57.08511420963487
J,CLUSTER_174,cattle_man,17810.0,8.95576574729111
J,CLUSTER_174,cattle_slu,117700.0,8.95576574729111
J,CLUSTER_174,horse_man,1427.5,8.95576574729111
J,CLUSTER_178,horse_man,5256.0,59.22403739445731
J,CLUSTER_187,horse_man,2955.0,62.42442744244354
J,CLUSTER_191,cattle_man,11290.0,24.585781112389284
J,CLUSTER_191,horse_man,1592.0,24.585781112389284
J,CLUSTER_201,horse_man,2174.1,62.97713278172883
J,CLUSTER_206,horse_man,726.8,47.51305147868523
J,CLUSTER_206,pig_man,146.60494999999997,47.51305147868523
J,CLUSTER_207,cattle_man,25080.0,10.827076244741654
J,CLUSTER_207,cattle_slu,171700.0,10.827076244741654
J,CLUSTER_207,horse_man,1783.0,10.827076244741654
J,CLUSTER_209,horse_man,1265.6,48.00733203453375
J,CLUSTER_210,horse_man,779.0,42.0174019752326
J,CLUSTER_224,cattle_man,12420.0,30.538749106822078
J,CLUSTER_224,horse_man,1438.0,30.538749106822078
J,CLUSTER_243,horse_man,2781.0,40.743008723387945
J,CLUSTER_248,pig_man,337.0,130.684775193327
J,CLUSTER_252,cattle_man,23950.0,4.050690751312522
J,CLUSTER_252,cattle_slu,150300.0,4.050690751312522
J,CLUSTER_252,horse_man,2046.0,4.050690751312522
J,CLUSTER_253,pig_man,379.28,78.06416788807202
J,CLUSTER_264,cattle_man,33570.0,24.6923213422928
J,CLUSTER_264,horse_man,387.684,24.6923213422928
J,CLUSTER_264,pig_man,100.19925,24.6923213422928
J,CLUSTER_268,horse_man,1285.41,53.30309724242694
J,CLUSTER_27,horse_man,1039.8389017674954,65.25676403866086
J,CLUSTER_28,horse_man,2761.9,63.05562442752115
J,CLUSTER_303,pig_man,1707.0,121.22188818977934
J,CLUSTER_304,horse_man,706.6,53.59816022145559
J,CLUSTER_305,pig_man,388.58,84.0180471835457
J,CLUSTER_313,cattle_man,20560.0,18.22867483854881
J,CLUSTER_313,horse_man,2810.0,18.22867483854881
J,CLUSTER_316,pig_man,1285.8,93.62391957990246
J,CLUSTER_329,cattle_man,13430.0,32.85133414734288
J,CLUSTER_329,horse_man,1337.0,32.85133414734288
J,CLUSTER_337,horse_man,1000.0599999999998,57.63613804253382
J,CLUSTER_341,pig_man,160.94299999999998,65.92895245054082
J,CLUSTER_360,cattle_man,8890.0,31.091070267371126
J,CLUSTER_360,horse_man,2360.0,31.091070267371126
J,CLUSTER_362,cattle_man,13100.0,26.667281339696583
J,CLUSTER_362,horse_man,2769.0,26.667281339696583
J,CLUSTER_366,horse_man,199.48,45.6918410548886
J,CLUSTER_368,horse_man,1001.7000000000002,58.95921508115722
J,CLUSTER_368,pig_man,61.345000000000006,58.95921508115722
J,CLUSTER_375,cattle_man,14310.0,28.86199960884833
J,CLUSTER_375,horse_man,280.5,28.86199960884833
J,CLUSTER_377,pig_man,294.4,117.90047735736266
J,CLUSTER_379,cattle_man,18540.0,26.598616143033738
J,CLUSTER_379,horse_man,612.5,26.598616143033738
J,CLUSTER_383,pig_man,350.7,68.0288179462651
J,CLUSTER_39,cattle_man,19310.0,19.670302179208047
J,CLUSTER_39,horse_man,1942.0,19.670302179208047
J,CLUSTER_391,horse_man,3066.0,51.824199553852985
J,CLUSTER_411,horse_man,1163.4,46.30838271276829
J,CLUSTER_411,pig_man,527.79,46.30838271276829
J,CLUSTER_412,cattle_man,16640.0,30.10509284943306
J,CLUSTER_412,horse_man,2158.0,30.10509284943306
J,CLUSTER_42,pig_man,1804.5,108.08114243311282
J,CLUSTER_422,cattle_man,4670.0,14.282354167131132
J,CLUSTER_422,horse_man,1414.0,14.282354167131132
J,CLUSTER_428,horse_man,792.0,51.82481357593773
J,CLUSTER_432,horse_man,1122.3,57.37653130055628
J,CLUSTER_434,cattle_man,10390.0,18.83594095237602
J,CLUSTER_434,horse_man,816.4,18.83594095237602
J,CLUSTER_44,horse_man,1288.0,57.338965259006464
J,CLUSTER_443,cattle_man,12880.0,33.478007363030265
J,CLUSTER_443,horse_man,1016.9999999999999,33.478007363030265
J,CLUSTER_446,horse_man,1600.0,51.61096430119704
J,CLUSTER_463,horse_man,384.3,53.85352925081391
J,CLUSTER_463,pig_man,180.00319,53.85352925081391
J,CLUSTER_480,horse_man,560.6,61.26108841242312
J,CLUSTER_489,horse_man,367.5,54.4236809208973
J,CLUSTER_492,horse_man,472.0,39.48893356755418
J,CLUSTER_500,pig_man,32.309999999999995,68.00965552405965
J,CLUSTER_502,horse_man,2093.0,46.26232667775421
J,CLUSTER_507,horse_man,1199.4,61.57945060306255
J,CLUSTER_51,cattle_man,28020.0,13.776802000487264
J,CLUSTER_51,cattle_slu,67525.59566297334,13.776802000487264
J,CLUSTER_51,horse_man,2617.0,13.776802000487264
J,CLUSTER_515,pig_man,1089.0,103.78216617392027
J,CLUSTER_521,cattle_man,12160.0,14.805967913497348
J,CLUSTER_521,horse_man,1448.0,14.805967913497348
J,CLUSTER_527,horse_man,1912.0,42.93702710269239
J,CLUSTER_527,pig_man,48.0347,42.93702710269239
J,CLUSTER_53,horse_man,1543.0,46.55494465353841
J,CLUSTER_531,pig_man,133.0,91.64848169959988
J,CLUSTER_533,pig_man,70.10000000000001,84.60187373399893
J,CLUSTER_543,cattle_man,10570.0,32.95446113361991
J,CLUSTER_543,horse_man,158.9,32.95446113361991
J,CLUSTER_543,pig_man,36.089,32.95446113361991
J,CLUSTER_548,cattle_man,7311.0,37.03180634475638
J,CLUSTER_548,horse_man,2324.0,37.03180634475638
J,CLUSTER_6,pig_man,1816.7,130.08626010030542
J,CLUSTER_65,cattle_man,29310.0,20.944392086613256
J,CLUSTER_65,horse_man,2654.0,20.944392086613256
J,CLUSTER_65,pig_man,165.989,20.944392086613256
J,CLUSTER_74,cattle_man,27550.0,18.738650308848825
J,CLUSTER_74,horse_man,3010.0,18.738650308848825
J,CLUSTER_82,pig_man,554.226263,130.911965645384
J,CLUSTER_84,horse_man,4351.0,55.16843201866229
J,CLUSTER_86,horse_man,1875.0,38.529355327488425
J,CLUSTER_94,cattle_man,10320.0,34.839028955539945
J,CLUSTER_94,horse_man,907.3,34.839028955539945
G,CLUSTER_0,cattle_man,28890.0,24.07811658550438
G,CLUSTER_104,horse_man,871.7,48.59897455963844
G,CLUSTER_121,cattle_man,11370.0,19.556912111523843
G,CLUSTER_121,horse_man,2073.0,19.556912111523843
G,CLUSTER_124,pig_man,225.04,106.01166325959132
G,CLUSTER_135,cattle_man,35210.0,15.630580937589142
G,CLUSTER_135,horse_man,2847.0,15.630580937589142
G,CLUSTER_149,cattle_man,19570.0,16.894436604949917
G,CLUSTER_192,horse_man,605.0,49.05628124681343
G,CLUSTER_198,horse_man,2306.0,54.47469992633958
G,CLUSTER_2,horse_man,975.2,73.11607943199868
G,CLUSTER_203,cattle_man,28660.0,12.092988641439444
G,CLUSTER_203,cattle_slu,104700.608,12.092988641439444
G,CLUSTER_205,cattle_man,16567.0,29.39789255229921
G,CLUSTER_208,horse_man,1364.6,48.57405907262456
G,CLUSTER_214,pig_man,13.92,109.8703851760894
G,CLUSTER_215,horse_man,2969.0,51.82842704575869
G,CLUSTER_231,pig_man,10.6436,134.44105926829778
G,CLUSTER_233,horse_man,1224.0,75.90521763427142
G,CLUSTER_244,cattle_man,18650.0,11.933556237394988
G,CLUSTER_244,cattle_slu,84140.0,11.933556237394988
G,CLUSTER_244,horse_man,3070.0,11.933556237394988
G,CLUSTER_250,pig_man,54.334,117.56419010007582
G,CLUSTER_26,cattle_man,27390.0,30.36593534354599
G,CLUSTER_26,horse_man,4471.0,30.36593534354599
G,CLUSTER_273,horse_man,1064.0,60.15092526424216
G,CLUSTER_281,horse_man,1024.5,69.69653509044137
G,CLUSTER_29,cattle_man,35210.0,30.82662340371749
G,CLUSTER_292,horse_man,3197.0,73.645391223976
G,CLUSTER_302,cattle_man,16129.999999999998,41.40883972118918
G,CLUSTER_302,horse_man,1597.0,41.40883972118918
G,CLUSTER_308,cattle_man,2235.0,31.85288281939548
G,CLUSTER_308,horse_man,482.0,31.85288281939548
G,CLUSTER_319,cattle_man,9700.0,26.30371518347252
G,CLUSTER_319,horse_man,1821.5,26.30371518347252
G,CLUSTER_350,cattle_man,14500.0,0.1395679759478186
G,CLUSTER_350,cattle_slu,66000.0,0.1395679759478186
G,CLUSTER_350,horse_man,2875.0,0.1395679759478186
G,CLUSTER_350,pig_slu,3214.13,0.1395679759478186
G,CLUSTER_354,horse_man,793.6,75.07286716128327
G,CLUSTER_37,horse_man,943.0,62.08306880007877
G,CLUSTER_374,cattle_man,5400.0,44.18191127435896
G,CLUSTER_374,horse_man,1839.0,44.18191127435896
G,CLUSTER_378,cattle_man,31200.0,24.753413329368424
G,CLUSTER_398,cattle_man,5117.0,33.84090165029432
G,CLUSTER_398,horse_man,1395.0,33.84090165029432
G,CLUSTER_402,horse_man,859.0,70.26096012903118
G,CLUSTER_407,horse_man,3348.0,72.2243051098862
G,CLUSTER_436,horse_man,830.0,58.73868748730294
G,CLUSTER_440,cattle_man,13440.0,9.84543050972939
G,CLUSTER_440,cattle_slu,62200.0,9.84543050972939
G,CLUSTER_440,horse_man,2708.0,9.84543050972939
G,CLUSTER_448,cattle_man,3200.0,26.785868078329973
G,CLUSTER_448,horse_man,654.0,26.785868078329973
G,CLUSTER_450,horse_man,963.9,51.30919292705204
G,CLUSTER_473,horse_man,745.0,60.86720181547668
G,CLUSTER_474,cattle_man,11990.0,19.23052662855781
G,CLUSTER_474,horse_man,1341.0,19.23052662855781
G,CLUSTER_482,cattle_man,16500.0,22.08364103809453
G,CLUSTER_493,cattle_man,9040.0,40.38978807075308
G,CLUSTER_493,horse_man,951.2,40.38978807075308
G,CLUSTER_508,horse_man,3810.0,76.3614108244742
G,CLUSTER_516,horse_man,1178.0,49.63551377567728
G,CLUSTER_537,horse_man,1468.0,67.44555655748157
G,CLUSTER_54,horse_man,1695.0,64.30162930388103
G,CLUSTER_541,cattle_man,4103.0,32.540074558654545
G,CLUSTER_541,horse_man,835.5,32.540074558654545
G,CLUSTER_58,cattle_man,49010.0,14.063026066001628
G,CLUSTER_58,cattle_slu,201870.0,14.063026066001628
G,CLUSTER_58,horse_man,3739.6,14.063026066001628
G,CLUSTER_61,horse_man,2388.0,62.67219205833268
G,CLUSTER_62,cattle_man,29750.0,41.581944312436654
G,CLUSTER_64,cattle_man,35510.0,41.43335167198755
G,CLUSTER_67,cattle_man,8038.747512302935,44.79975692051013
G,CLUSTER_67,horse_man,2276.6,44.79975692051013
G,CLUSTER_70,horse_man,1087.859,70.12026342913336
G,CLUSTER_85,cattle_man,17750.0,28.434519698391007
G,CLUSTER_85,horse_man,2141.0,28.434519698391007
G,CLUSTER_90,cattle_man,9800.0,25.418209992164407
G,CLUSTER_90,horse_man,1376.0,25.418209992164407
G,CLUSTER_92,cattle_man,17416.0,41.0583283759853
G,CLUSTER_93,cattle_man,44710.0,22.112169457567536
G,CLUSTER_93,horse_man,4360.0,22.112169457567536
C,CLUSTER_1,pig_man,381.6,86.7118101347634
C,CLUSTER_103,pig_man,791.300184,107.05421626779508
C,CLUSTER_108,pig_man,291.926,105.47090779342322
C,CLUSTER_109,horse_man,2924.0,48.59285726444713
C,CLUSTER_109,pig_man,121.22265,48.59285726444713
C,CLUSTER_11,pig_man,23.6720704,83.45415648719279
C,CLUSTER_112,pig_man,508.8,93.70545277336404
C,CLUSTER_114,pig_man,77.82100000000001,112.9175024710314
C,CLUSTER_115,pig_man,276.8087,75.85527944875595
C,CLUSTER_12,horse_man,2496.5,67.36947170165952
C,CLUSTER_12,pig_man,96.610847,67.36947170165952
C,CLUSTER_120,pig_man,313.972,122.24614783028228
C,CLUSTER_125,horse_man,653.0,47.22098463641965
C,CLUSTER_130,cattle_man,16581.0,26.50856476372532
C,CLUSTER_130,horse_man,373.2,26.50856476372532
C,CLUSTER_130,pig_man,304.35,26.50856476372532
C,CLUSTER_140,cattle_man,7209.0,24.90110993779076
C,CLUSTER_140,horse_man,867.0,24.90110993779076
C,CLUSTER_140,pig_man,765.7,24.90110993779076
C,CLUSTER_141,pig_man,111.971,104.04217441360606
C,CLUSTER_143,cattle_man,20920.0,32.80965424981905
C,CLUSTER_143,horse_man,1329.0,32.80965424981905
C,CLUSTER_143,pig_man,52.20089,32.80965424981905
C,CLUSTER_147,horse_man,869.8,61.747545953552056
C,CLUSTER_147,pig_man,23.898,61.747545953552056
C,CLUSTER_148,pig_man,361.14175,126.2545751705529
C,CLUSTER_15,horse_man,5057.0,63.711386762064805
C,CLUSTER_15,pig_man,68.319,63.711386762064805
C,CLUSTER_150,cattle_man,18940.0,29.293659409859693
C,CLUSTER_150,horse_man,998.0,29.293659409859693
C,CLUSTER_153,pig_man,71.88691,122.4858018376343
C,CLUSTER_155,horse_man,1141.3,59.72823735441465
C,CLUSTER_160,pig_man,238.759,112.66789795820956
C,CLUSTER_167,cattle_man,16680.0,40.98202256184605
C,CLUSTER_167,horse_man,1062.4,40.98202256184605
C,CLUSTER_167,pig_man,722.3,40.98202256184605
C,CLUSTER_168,pig_man,426.892,123.95777068165384
C,CLUSTER_169,pig_man,332.076,115.06493720658456
C,CLUSTER_17,cattle_man,9480.0,31.31493178028319
C,CLUSTER_17,horse_man,663.59,31.31493178028319
C,CLUSTER_17,pig_man,202.955,31.31493178028319
C,CLUSTER_171,pig_man,887.0,96.25182413355638
C,CLUSTER_175,cattle_man,2182.272,43.72832302908406
C,CLUSTER_175,horse_man,1207.3,43.72832302908406
C,CLUSTER_18,horse_man,809.7,71.92853379086183
C,CLUSTER_18,pig_man,338.1159,71.92853379086183
C,CLUSTER_180,horse_man,1481.0,67.53885156549876
C,CLUSTER_183,pig_man,458.82,141.7644397911901
C,CLUSTER_184,horse_man,556.0,53.89618853112566
C,CLUSTER_185,pig_man,183.43,126.20871080942707
C,CLUSTER_186,horse_man,2019.1,48.198278816084816
C,CLUSTER_188,pig_man,27.346000000000004,85.80368399420658
C,CLUSTER_189,horse_man,1789.0,72.2268102106373
C,CLUSTER_19,horse_man,1890.0,71.34916387628614
C,CLUSTER_19,pig_man,322.3,71.34916387628614
C,CLUSTER_190,pig_man,1086.0,126.17743649504516
C,CLUSTER_194,pig_man,308.943,139.84700508744442
C,CLUSTER_195,cattle_man,17240.0,40.7045320049086
C,CLUSTER_195,horse_man,1276.5,40.7045320049086
C,CLUSTER_197,horse_man,194.9,61.452374652665135
C,CLUSTER_199,pig_man,341.399,102.8567655805041
C,CLUSTER_211,pig_man,51.2,97.5323152204006
C,CLUSTER_212,horse_man,525.0,64.21951407262418
C,CLUSTER_217,pig_man,542.22,118.6807906790287
C,CLUSTER_220,pig_man,25.08,83.43326892465069
C,CLUSTER_221,pig_man,218.174,90.50082224692328
C,CLUSTER_222,pig_man,43.141,119.9912841050686
C,CLUSTER_223,horse_man,1582.6,50.75126101749216
C,CLUSTER_227,pig_man,882.0,79.73451804112601
C,CLUSTER_230,cattle_man,11370.0,38.96571702451836
C,CLUSTER_230,horse_man,900.0,38.96571702451836
C,CLUSTER_230,pig_man,156.99,38.96571702451836
C,CLUSTER_231,cattle_man,13870.0,42.01096935665744
C,CLUSTER_231,horse_man,1176.0,42.01096935665744
C,CLUSTER_232,pig_man,245.34999999999997,132.6309047458143
C,CLUSTER_234,horse_man,2507.0,65.74771438047816
C,CLUSTER_234,pig_man,472.3,65.74771438047816
C,CLUSTER_237,pig_man,687.516,113.65239081370808
C,CLUSTER_240,cattle_man,402.04,36.97174689367405
C,CLUSTER_240,horse_man,172.5,36.97174689367405
C,CLUSTER_241,horse_man,968.1,54.6495395033965
C,CLUSTER_242,pig_man,257.9398,119.34333782911096
C,CLUSTER_245,pig_man,381.8,116.007773008286
C,CLUSTER_249,horse_man,1754.0,53.59139502139335
C,CLUSTER_249,pig_man,509.2300000000001,53.59139502139335
C,CLUSTER_254,horse_man,1711.5,62.28699400421476
C,CLUSTER_255,pig_man,204.36,126.9246881894004
C,CLUSTER_259,cattle_man,11538.0,39.82995655220658
C,CLUSTER_259,horse_man,817.6,39.82995655220658
C,CLUSTER_259,pig_man,260.08,39.82995655220658
C,CLUSTER_261,horse_man,1088.2,64.41383715855224
C,CLUSTER_261,pig_man,42.392,64.41383715855224
C,CLUSTER_262,horse_man,491.0,54.112670675438295
C,CLUSTER_262,pig_man,55.52,54.112670675438295
C,CLUSTER_265,pig_man,39.79,94.06246324176172
C,CLUSTER_266,pig_man,616.51,108.5170091546251
C,CLUSTER_267,horse_man,951.0,52.660747780864696
C,CLUSTER_269,pig_man,389.745,83.33328808134557
C,CLUSTER_270,horse_man,2875.0,67.59539162729646
C,CLUSTER_274,horse_man,783.4,62.66954898785863
C,CLUSTER_278,pig_man,334.991,135.59903454068714
C,CLUSTER_280,cattle_man,7664.0,17.100952878598157
C,CLUSTER_280,cattle_slu,35900.00425,17.100952878598157
C,CLUSTER_280,horse_man,1101.277,17.100952878598157
C,CLUSTER_284,horse_man,195.4,51.08893978892221
C,CLUSTER_286,pig_man,407.6,113.98589859087448
C,CLUSTER_289,pig_man,222.68,129.86148446083894
C,CLUSTER_290,cattle_man,4269.0,35.966996891338184
C,CLUSTER_290,horse_man,887.0,35.966996891338184
C,CLUSTER_293,pig_man,338.2269,131.72776833139852
C,CLUSTER_294,pig_man,937.6,119.3174543305052
C,CLUSTER_295,cattle_man,1036.53,30.33512527967933
C,CLUSTER_295,horse_man,46.7,30.33512527967933
C,CLUSTER_299,pig_man,111.861,76.6432582223975
C,CLUSTER_30,pig_man,2280.0,139.60450776297984
C,CLUSTER_301,cattle_man,2641.0,34.786789218473416
C,CLUSTER_301,horse_man,760.0,34.786789218473416
C,CLUSTER_309,pig_man,216.09,97.63136200588204
C,CLUSTER_31,cattle_man,11270.176,16.823267205661786
C,CLUSTER_31,cattle_slu,55000.0,16.823267205661786
C,CLUSTER_31,horse_man,3786.0,16.823267205661786
C,CLUSTER_311,cattle_man,22700.0,40.266642207600206
C,CLUSTER_311,horse_man,1250.5,40.266642207600206
C,CLUSTER_314,pig_man,452.226,130.8833987890061
C,CLUSTER_32,horse_man,1842.9,47.49006412591
C,CLUSTER_32,pig_man,176.1042,47.49006412591
C,CLUSTER_321,cattle_man,2184.0,35.62181272208985
C,CLUSTER_321,horse_man,1668.0,35.62181272208985
C,CLUSTER_322,horse_man,1355.0,60.6527415324159
C,CLUSTER_322,pig_man,57.48,60.6527415324159
C,CLUSTER_326,pig_man,707.3,141.3512861628661
C,CLUSTER_33,horse_man,1803.0,58.97002185440804
C,CLUSTER_331,pig_man,621.0,111.18337956062643
C,CLUSTER_333,cattle_man,11300.0,27.17091123452085
C,CLUSTER_333,horse_man,712.5,27.17091123452085
C,CLUSTER_333,pig_man,364.2,27.17091123452085
C,CLUSTER_335,pig_man,497.042,96.75110014773806
C,CLUSTER_343,cattle_man,10540.0,20.63737956329357
C,CLUSTER_343,horse_man,329.269,20.63737956329357
C,CLUSTER_343,pig_man,296.7,20.63737956329357
C,CLUSTER_347,pig_man,55.193,111.71517361132187
C,CLUSTER_348,pig_man,264.2,139.3583338886998
C,CLUSTER_351,pig_man,456.3,76.80455479282736
C,CLUSTER_355,horse_man,1202.0,73.77366360853377
C,CLUSTER_357,horse_man,1403.7,62.24759189910294
C,CLUSTER_357,pig_man,843.3,62.24759189910294
C,CLUSTER_358,pig_man,505.06,101.09386206868334
C,CLUSTER_359,pig_man,13.947,134.6185949888092
C,CLUSTER_36,pig_man,1634.0,139.4946066363823
C,CLUSTER_367,pig_man,1184.2,140.9341616817511
C,CLUSTER_370,cattle_man,11090.0,36.91958603040547
C,CLUSTER_370,horse_man,1921.0,36.91958603040547
C,CLUSTER_372,cattle_man,9440.0,5.172581154710652
C,CLUSTER_372,cattle_slu,40550.0,5.172581154710652
C,CLUSTER_372,horse_man,1283.0,5.172581154710652
C,CLUSTER_372,pig_slu,2308.914,5.172581154710652
C,CLUSTER_38,pig_man,315.61,146.04984286037623
C,CLUSTER_380,pig_man,506.99999999999994,103.61906923812386
C,CLUSTER_381,pig_man,167.133571,104.11595706533843
C,CLUSTER_384,horse_man,619.0,73.81886656926675
C,CLUSTER_384,pig_man,123.71,73.81886656926675
C,CLUSTER_385,cattle_man,5530.0,11.39056768114834
C,CLUSTER_385,cattle_slu,21690.0,11.39056768114834
C,CLUSTER_385,horse_man,616.3,11.39056768114834
C,CLUSTER_385,pig_man,407.79,11.39056768114834
C,CLUSTER_387,cattle_man,7795.0,40.94505981506889
C,CLUSTER_387,horse_man,1714.3,40.94505981506889
C,CLUSTER_387,pig_man,180.0399,40.94505981506889
C,CLUSTER_390,pig_man,1056.886,126.06477071471656
C,CLUSTER_392,horse_man,513.0,51.522896168044525
C,CLUSTER_392,pig_man,46.5,51.522896168044525
C,CLUSTER_394,horse_man,571.3,71.85800281039987
C,CLUSTER_395,pig_man,29.4111,119.0944015310626
C,CLUSTER_397,cattle_man,5686.0,26.75076434324748
C,CLUSTER_397,horse_man,797.2,26.75076434324748
C,CLUSTER_399,horse_man,218.1,48.74574552705338
C,CLUSTER_4,pig_man,730.49,147.3024596530406
C,CLUSTER_40,horse_man,2457.6,70.96125789558462
C,CLUSTER_40,pig_man,213.46,70.96125789558462
C,CLUSTER_400,horse_man,1513.0,65.73091000985916
C,CLUSTER_401,pig_man,189.6729,128.76585210701856
C,CLUSTER_404,pig_man,75.63,93.96299073792132
C,CLUSTER_405,pig_man,1316.0,140.19372313496814
C,CLUSTER_406,horse_man,1539.0,53.50041298811196
C,CLUSTER_408,cattle_man,7585.8,20.503998331387525
C,CLUSTER_408,horse_man,3122.0,20.503998331387525
C,CLUSTER_409,cattle_man,12230.0,30.05596830613999
C,CLUSTER_409,horse_man,858.0,30.05596830613999
C,CLUSTER_409,pig_man,568.9,30.05596830613999
C,CLUSTER_41,pig_man,16.8586,101.6552469557566
C,CLUSTER_413,horse_man,36.0,59.90411058621177
C,CLUSTER_413,pig_man,1220.808,59.90411058621177
C,CLUSTER_414,horse_man,1048.1,67.78104635252622
C,CLUSTER_414,pig_man,218.538,67.78104635252622
C,CLUSTER_418,pig_man,116.425,130.83571410847406
C,CLUSTER_419,pig_man,62.91951999999999,103.63902760345476
C,CLUSTER_420,pig_man,412.5,128.0753066213436
C,CLUSTER_425,pig_man,14.561,91.9780388875592
C,CLUSTER_429,cattle_man,6420.0,27.038631102758167
C,CLUSTER_429,horse_man,723.0,27.038631102758167
C,CLUSTER_433,pig_man,179.118,122.85760855936302
C,CLUSTER_435,horse_man,1508.0,73.28969540874459
C,CLUSTER_435,pig_man,46.49,73.28969540874459
C,CLUSTER_437,pig_man,50.0,81.63849741103343
C,CLUSTER_438,horse_man,832.8,52.08294235328046
C,CLUSTER_438,pig_man,223.18,52.08294235328046
C,CLUSTER_439,cattle_man,12440.0,18.594572498398943
C,CLUSTER_439,cattle_slu,1886.1409924133543,18.594572498398943
C,CLUSTER_439,horse_man,163.7,18.594572498398943
C,CLUSTER_439,pig_man,625.9,18.594572498398943
C,CLUSTER_444,pig_man,84.611,99.36251611894416
C,CLUSTER_45,cattle_man,15750.0,38.32349445425737
C,CLUSTER_45,horse_man,1188.0,38.32349445425737
C,CLUSTER_45,pig_man,55.502,38.32349445425737
C,CLUSTER_451,horse_man,523.0,49.29343588951166
C,CLUSTER_453,cattle_man,163.9,43.04484396127167
C,CLUSTER_453,horse_man,209.4,43.04484396127167
C,CLUSTER_454,pig_man,279.8,114.61478489162046
C,CLUSTER_455,pig_man,488.40999999999997,144.91267142192572
C,CLUSTER_459,pig_man,243.8,121.9940773106616
C,CLUSTER_46,pig_man,83.87871,126.61825676294544
C,CLUSTER_460,pig_man,189.907,149.6673083940519
C,CLUSTER_461,pig_man,138.37,107.1883525312336
C,CLUSTER_462,pig_man,169.4,142.6892144182224
C,CLUSTER_465,pig_man,518.0,127.41333601485124
C,CLUSTER_470,horse_man,1289.0,51.27129842685051
C,CLUSTER_470,pig_man,190.5,51.27129842685051
C,CLUSTER_472,cattle_man,24810.0,23.29884404404517
C,CLUSTER_472,horse_man,709.0,23.29884404404517
C,CLUSTER_472,pig_man,22.5159,23.29884404404517
C,CLUSTER_475,pig_man,250.66,87.37375865394982
C,CLUSTER_477,cattle_man,6130.0,23.19724950578065
C,CLUSTER_477,horse_man,908.0,23.19724950578065
C,CLUSTER_48,horse_man,1045.96,60.142372763316274
C,CLUSTER_481,horse_man,1085.0,60.10199703740543
C,CLUSTER_484,cattle_man,10650.0,27.402337223093102
C,CLUSTER_484,horse_man,420.9,27.402337223093102
C,CLUSTER_484,pig_man,64.9729,27.402337223093102
C,CLUSTER_486,pig_man,772.0,142.32355702989787
C,CLUSTER_488,horse_man,236.9,70.93408300366856
C,CLUSTER_490,pig_man,105.9,103.83343465412146
C,CLUSTER_50,cattle_man,17080.0,17.82884162582554
C,CLUSTER_50,cattle_slu,83500.0,17.82884162582554
C,CLUSTER_50,horse_man,1154.13,17.82884162582554
C,CLUSTER_50,pig_man,604.7121,17.82884162582554
C,CLUSTER_501,horse_man,474.5,58.23610941439606
C,CLUSTER_503,cattle_man,1023.7099999999999,29.29911716889787
C,CLUSTER_503,horse_man,847.1,29.29911716889787
C,CLUSTER_504,horse_man,1033.0,69.38938787635287
C,CLUSTER_505,cattle_man,10770.0,36.51216874895203
C,CLUSTER_505,horse_man,942.0,36.51216874895203
C,CLUSTER_509,cattle_man,10453.0,33.631197088666184
C,CLUSTER_509,horse_man,798.0,33.631197088666184
C,CLUSTER_509,pig_man,70.445,33.631197088666184
C,CLUSTER_512,horse_man,541.0,49.099396643489385
C,CLUSTER_512,pig_man,391.0,49.099396643489385
C,CLUSTER_518,pig_man,245.9,110.25660229200729
C,CLUSTER_52,horse_man,1083.1,67.09453233775011
C,CLUSTER_520,horse_man,799.0,64.37115326515824
C,CLUSTER_522,pig_man,183.7,105.3373325482248
C,CLUSTER_524,pig_man,18.178,96.44508964149212
C,CLUSTER_529,horse_man,807.0,50.38195440394012
C,CLUSTER_529,pig_man,18.6,50.38195440394012
C,CLUSTER_532,pig_man,411.16,126.82865407067514
C,CLUSTER_535,pig_man,303.3,141.44043883731632
C,CLUSTER_536,horse_man,483.9,57.122003933285264
C,CLUSTER_536,pig_man,168.6,57.122003933285264
C,CLUSTER_542,cattle_man,20360.0,10.663489658462494
C,CLUSTER_542,cattle_slu,101000.0,10.663489658462494
C,CLUSTER_542,horse_man,1452.1,10.663489658462494
C,CLUSTER_542,pig_man,564.19,10.663489658462494
C,CLUSTER_55,pig_man,46.48,80.8030006204626
C,CLUSTER_59,cattle_man,5668.0,39.20134269398718
C,CLUSTER_59,horse_man,456.477,39.20134269398718
C,CLUSTER_59,pig_man,56.019,39.20134269398718
C,CLUSTER_66,pig_man,180.310571,131.93302409697912
C,CLUSTER_7,cattle_man,6818.0,28.33425020145632
C,CLUSTER_7,horse_man,843.8,28.33425020145632
C,CLUSTER_7,pig_man,353.272,28.33425020145632
C,CLUSTER_72,horse_man,4938.0,62.432546768029546
C,CLUSTER_73,horse_man,1613.1,69.45388819471805
C,CLUSTER_75,pig_man,307.71995623810056,149.8434386918542
C,CLUSTER_76,pig_man,125.42999999999999,92.3877577129669
C,CLUSTER_77,horse_man,1160.0,45.4065249396317
C,CLUSTER_77,pig_man,82.7,45.4065249396317
C,CLUSTER_78,pig_man,141.0,101.16297521549762
C,CLUSTER_88,pig_man,46.485800000000005,109.3817532578953
C,CLUSTER_89,cattle_man,6220.0,38.44793095362744
C,CLUSTER_89,horse_man,1274.4,38.44793095362744
C,CLUSTER_91,cattle_man,1586.06,43.36972608157746
C,CLUSTER_91,horse_man,619.6,43.36972608157746
C,CLUSTER_96,pig_man,107.14,93.06802994044708
C,CLUSTER_98,pig_man,181.343,110.51788337651652
C,CLUSTER_99,cattle_man,18960.0,17.1311043402315
C,CLUSTER_99,cattle_slu,98580.0,17.1311043402315
C,CLUSTER_99,horse_man,170.398,17.1311043402315
C,CLUSTER_99,pig_man,173.7,17.1311043402315
K,CLUSTER_107,horse_man,1668.9,65.69281668663892
K,CLUSTER_111,cattle_man,3961.7637388238427,55.56241337875876
K,CLUSTER_123,horse_man,1614.0,91.838863688514
K,CLUSTER_127,cattle_man,15806.0,54.89162670759762
K,CLUSTER_136,cattle_man,22230.0,17.521510202849218
K,CLUSTER_136,cattle_slu,108700.0,17.521510202849218
K,CLUSTER_138,horse_man,665.1,82.14101141622263
K,CLUSTER_14,horse_man,2695.2,92.4619436446788
K,CLUSTER_144,horse_man,1888.0,75.02937697437837
K,CLUSTER_151,cattle_man,5361.0,37.71357806077269
K,CLUSTER_152,cattle_man,3361.0,53.71181919504346
K,CLUSTER_157,cattle_man,22880.0,13.065908197274563
K,CLUSTER_157,cattle_slu,106800.0,13.065908197274563
K,CLUSTER_178,cattle_man,16790.0,16.978942538023865
K,CLUSTER_178,cattle_slu,76750.0,16.978942538023865
K,CLUSTER_182,horse_man,2035.0,77.12888680157961
K,CLUSTER_198,cattle_man,19100.0,39.42233263455471
K,CLUSTER_201,cattle_man,7892.0,37.90532685734596
K,CLUSTER_204,cattle_man,10730.0,6.753338015905588
K,CLUSTER_204,cattle_slu,49310.0,6.753338015905588
K,CLUSTER_204,horse_man,2958.0,6.753338015905588
K,CLUSTER_209,cattle_man,13940.0,35.95302025776707
K,CLUSTER_215,cattle_man,11500.0,47.4155610899589
K,CLUSTER_226,cattle_man,16880.0,12.132329869687757
K,CLUSTER_226,cattle_slu,81430.0,12.132329869687757
K,CLUSTER_226,horse_man,2471.6,12.132329869687757
K,CLUSTER_235,horse_man,1307.7,84.65966165542378
K,CLUSTER_239,horse_man,2882.5,80.13639192556607
K,CLUSTER_243,cattle_man,19320.0,28.616880832864123
K,CLUSTER_256,cattle_man,2666.96,32.2359447538633
K,CLUSTER_256,horse_man,2930.0,32.2359447538633
K,CLUSTER_263,horse_man,3265.0,62.80869153724051
K,CLUSTER_27,cattle_man,18405.0,7.734080099481492
K,CLUSTER_27,cattle_slu,81790.0,7.734080099481492
K,CLUSTER_27,horse_man,3154.1610982325046,7.734080099481492
K,CLUSTER_28,cattle_man,8410.0,20.34573569174787
K,CLUSTER_281,cattle_man,11914.0,27.01766506816664
K,CLUSTER_287,cattle_man,2184.0,35.07572251479892
K,CLUSTER_287,horse_man,1571.0,35.07572251479892
K,CLUSTER_297,cattle_man,11530.0,44.08760465674566
K,CLUSTER_297,horse_man,3459.0,44.08760465674566
K,CLUSTER_3,cattle_man,7882.999999999999,21.7560250745828
K,CLUSTER_3,horse_man,5877.0,21.7560250745828
K,CLUSTER_304,cattle_man,2118.0,42.089877011027184
K,CLUSTER_312,cattle_man,11300.0,25.558199936069304
K,CLUSTER_312,horse_man,1544.0,25.558199936069304
K,CLUSTER_315,cattle_man,6294.0,53.32090409125139
K,CLUSTER_315,horse_man,1179.8,53.32090409125139
K,CLUSTER_324,horse_man,736.19,55.8595414867902
K,CLUSTER_338,horse_man,816.0,77.7708289542571
K,CLUSTER_34,horse_man,3660.3,89.99494387541087
K,CLUSTER_342,cattle_man,4948.0,38.89040632188617
K,CLUSTER_342,horse_man,2247.0,38.89040632188617
K,CLUSTER_344,horse_man,1961.0,90.9798603750732
K,CLUSTER_352,cattle_man,13540.0,7.851900473776931
K,CLUSTER_352,cattle_slu,64390.0,7.851900473776931
K,CLUSTER_352,horse_man,3832.0,7.851900473776931
K,CLUSTER_353,horse_man,840.0,91.15251691621482
K,CLUSTER_363,cattle_man,13430.0,44.067645096959765
K,CLUSTER_365,horse_man,1341.0,81.71939563299536
K,CLUSTER_369,cattle_man,3235.7,17.57458287679034
K,CLUSTER_369,cattle_slu,12359.4,17.57458287679034
K,CLUSTER_369,horse_man,3562.3,17.57458287679034
K,CLUSTER_376,cattle_man,2955.0,53.32744573289568
K,CLUSTER_376,horse_man,494.96000000000004,53.32744573289568
K,CLUSTER_391,cattle_man,11195.0,20.7055627853453
K,CLUSTER_393,horse_man,968.1,87.34356067880086
K,CLUSTER_396,cattle_man,5375.0,26.954118932105025
K,CLUSTER_407,cattle_man,10172.0,21.88440943304808
K,CLUSTER_415,cattle_man,6170.0,30.432418039031976
K,CLUSTER_415,horse_man,3241.0,30.432418039031976
K,CLUSTER_427,horse_man,3104.5,68.23708869148783
K,CLUSTER_428,cattle_man,6500.0,43.48162748807396
K,CLUSTER_432,cattle_man,3340.0,52.69399847087571
K,CLUSTER_458,cattle_man,4990.0,42.33020864630008
K,CLUSTER_464,horse_man,752.0,88.04281035348468
K,CLUSTER_479,horse_man,1092.0,75.03171421890971
K,CLUSTER_485,horse_man,1447.0,69.8976299006714
K,CLUSTER_489,cattle_man,1068.0,32.60932585718745
K,CLUSTER_495,horse_man,1575.0,70.36771409067366
K,CLUSTER_499,horse_man,3670.0,58.38904002924945
K,CLUSTER_5,cattle_man,1031.0,24.30912591391617
K,CLUSTER_5,horse_man,895.0,24.30912591391617
K,CLUSTER_502,cattle_man,12710.0,27.19134403661385
K,CLUSTER_507,cattle_man,9890.0,45.97695440492247
K,CLUSTER_508,cattle_man,21640.0,18.81473120987589
K,CLUSTER_508,cattle_slu,104700.0,18.81473120987589
K,CLUSTER_511,horse_man,1308.3100000000002,59.26914441920177
K,CLUSTER_53,cattle_man,6226.92,30.52118519865866
K,CLUSTER_534,horse_man,1873.6,58.61536740580679
K,CLUSTER_54,cattle_man,5070.0,38.788177314033085
K,CLUSTER_57,cattle_man,1262.9,39.3238066247035
K,CLUSTER_63,cattle_man,14627.0,47.54138214856681
K,CLUSTER_63,horse_man,6166.0,47.54138214856681
K,CLUSTER_8,cattle_man,26900.0,30.53857342147088
K,CLUSTER_83,horse_man,2092.0,78.1791463829663
K,CLUSTER_84,cattle_man,15427.9,30.338534375360386
K,CLUSTER_86,cattle_man,15698.0,31.24586438780096
I,CLUSTER_104,cattle_man,26110.0,55.27121281841592
I,CLUSTER_124,cattle_man,20030.0,16.592777914059383
I,CLUSTER_124,cattle_slu,117600.0,16.592777914059383
I,CLUSTER_124,horse_man,2749.0,16.592777914059383
I,CLUSTER_146,cattle_man,2485.0,37.30639425959531
I,CLUSTER_146,horse_man,847.0,37.30639425959531
I,CLUSTER_155,cattle_man,533.52,57.91687693383536
I,CLUSTER_159,cattle_man,8440.0,7.109614313512341
I,CLUSTER_159,cattle_slu,40590.0,7.109614313512341
I,CLUSTER_159,horse_man,2721.0,7.109614313512341
I,CLUSTER_159,rape_str,771.0,7.109614313512341
I,CLUSTER_159,legume_str,421.3,7.109614313512341
I,CLUSTER_189,cattle_man,4488.98,50.70187628297917
I,CLUSTER_193,cattle_man,1113.0,47.91087021013092
I,CLUSTER_193,horse_man,1133.0,47.91087021013092
I,CLUSTER_196,cattle_man,17380.0,34.45581482647912
I,CLUSTER_196,horse_man,1807.0,34.45581482647912
I,CLUSTER_2,cattle_man,3616.0,54.47745367199718
I,CLUSTER_202,cattle_man,16100.0,28.229475150984804
I,CLUSTER_202,horse_man,1917.3,28.229475150984804
I,CLUSTER_208,cattle_man,5066.0,43.01814091433935
I,CLUSTER_214,cattle_man,24580.0,25.68675015751536
I,CLUSTER_214,horse_man,1119.6,25.68675015751536
I,CLUSTER_223,cattle_man,9326.0,58.1576087291458
I,CLUSTER_225,cattle_man,6770.0,17.469976731436606
I,CLUSTER_225,cattle_slu,30790.0,17.469976731436606
I,CLUSTER_225,horse_man,1039.7,17.469976731436606
I,CLUSTER_228,cattle_man,10463.0,33.64812606630837
I,CLUSTER_228,horse_man,1313.4,33.64812606630837
I,CLUSTER_233,cattle_man,5430.0,26.912274306887007
I,CLUSTER_241,cattle_man,10430.0,54.18972995151754
I,CLUSTER_250,cattle_man,8735.82,32.29573339249854
I,CLUSTER_250,horse_man,1190.0,32.29573339249854
I,CLUSTER_254,cattle_man,8256.0,49.52316899700572
I,CLUSTER_258,cattle_man,16820.0,22.24895642530426
I,CLUSTER_258,horse_man,1914.0,22.24895642530426
I,CLUSTER_270,cattle_man,9712.0,41.18189877342712
I,CLUSTER_273,cattle_man,6690.0,32.843702082450214
I,CLUSTER_274,cattle_man,2163.0,47.290560379272144
I,CLUSTER_276,cattle_man,3122.0,37.1759360201318
I,CLUSTER_276,horse_man,1192.0,37.1759360201318
I,CLUSTER_282,cattle_man,10020.0,17.74011960157732
I,CLUSTER_282,cattle_slu,48900.0,17.74011960157732
I,CLUSTER_282,horse_man,1029.0,17.74011960157732
I,CLUSTER_285,cattle_man,15869.999999999998,42.035823816788415
I,CLUSTER_285,horse_man,3438.0,42.035823816788415
I,CLUSTER_291,cattle_man,2457.376,17.921049754293158
I,CLUSTER_291,cattle_slu,6869.0,17.921049754293158
I,CLUSTER_291,horse_man,1658.0,17.921049754293158
I,CLUSTER_292,cattle_man,8900.0,17.84642645793354
I,CLUSTER_292,cattle_slu,37420.0,17.84642645793354
I,CLUSTER_296,cattle_man,6573.0,19.2501998794532
I,CLUSTER_296,cattle_slu,37120.0,19.2501998794532
I,CLUSTER_296,horse_man,902.0,19.2501998794532
I,CLUSTER_355,cattle_man,3895.0,48.24904487723564
I,CLUSTER_37,cattle_man,31919.999999999996,59.81845309913705
I,CLUSTER_402,cattle_man,1505.0,27.990199573682784
I,CLUSTER_406,cattle_man,16790.0,59.43946499471709
I,CLUSTER_416,cattle_man,553.9,40.8671133819708
I,CLUSTER_416,horse_man,387.2,40.8671133819708
I,CLUSTER_436,cattle_man,14080.0,32.918791735451144
I,CLUSTER_442,cattle_man,14580.0,29.283212397737067
I,CLUSTER_442,horse_man,2096.0,29.283212397737067
I,CLUSTER_450,cattle_man,18270.0,46.24866485887866
I,CLUSTER_456,cattle_man,18.534,33.2069719613572
I,CLUSTER_456,horse_man,275.0,33.2069719613572
I,CLUSTER_457,cattle_man,11400.0,9.027374771115834
I,CLUSTER_457,cattle_slu,64960.00000000001,9.027374771115834
I,CLUSTER_457,horse_man,1512.5,9.027374771115834
I,CLUSTER_457,rape_str,30.800000000000004,9.027374771115834
I,CLUSTER_457,legume_str,108.18,9.027374771115834
I,CLUSTER_473,cattle_man,11380.0,45.7780503823025
I,CLUSTER_488,cattle_man,62.5,42.67909952314491
I,CLUSTER_513,cattle_man,2780.0,23.437485779503294
I,CLUSTER_513,horse_man,1042.0,23.437485779503294
I,CLUSTER_514,cattle_man,11580.0,13.767403539059014
I,CLUSTER_514,cattle_slu,60210.0,13.767403539059014
I,CLUSTER_514,horse_man,1246.0,13.767403539059014
I,CLUSTER_516,cattle_man,8820.0,42.52355685424939
I,CLUSTER_520,cattle_man,3690.0,52.057330222563394
I,CLUSTER_528,cattle_man,7939.999999999999,32.80324819203666
I,CLUSTER_528,horse_man,1337.0,32.80324819203666
I,CLUSTER_537,cattle_man,2682.0,24.934389125537425
I,CLUSTER_540,cattle_man,2510.0,37.78676785116402
I,CLUSTER_540,horse_man,1390.0,37.78676785116402
I,CLUSTER_547,cattle_man,10790.0,28.566808865639192
I,CLUSTER_547,horse_man,1621.0,28.566808865639192
I,CLUSTER_549,cattle_man,6580.0,23.40148860960625
I,CLUSTER_549,horse_man,1622.0,23.40148860960625
I,CLUSTER_61,cattle_man,33290.0,33.77424464581663
I,CLUSTER_68,cattle_man,2715.3,33.368420748675064
I,CLUSTER_68,horse_man,1155.3,33.368420748675064
I,CLUSTER_70,cattle_man,18095.0,38.230662399547406
I,CLUSTER_79,cattle_man,15570.0,6.602831223534587
I,CLUSTER_79,cattle_slu,91500.0,6.602831223534587
I,CLUSTER_79,horse_man,1933.0,6.602831223534587
I,CLUSTER_79,rape_str,1076.6,6.602831223534587
I,CLUSTER_79,legume_str,931.4,6.602831223534587
A,CLUSTER_10,pig_man,15.9693,72.03630734519845
A,CLUSTER_108,horse_man,2893.0,43.48267892515856
A,CLUSTER_108,rape_str,1296.1,43.48267892515856
A,CLUSTER_108,legume_str,386.8,43.48267892515856
A,CLUSTER_119,pig_man,210.9,67.6339067480182
A,CLUSTER_134,cattle_man,8431.4,29.285180508295625
A,CLUSTER_134,horse_man,721.52,29.285180508295625
A,CLUSTER_134,pig_man,1021.56,29.285180508295625
A,CLUSTER_134,maize_str,712.3,29.285180508295625
A,CLUSTER_134,rape_str,1039.3,29.285180508295625
A,CLUSTER_134,legume_str,277.13,29.285180508295625
A,CLUSTER_139,horse_man,980.3,43.96898028522914
A,CLUSTER_139,pig_man,42.67,43.96898028522914
A,CLUSTER_139,rape_str,1083.5,43.96898028522914
A,CLUSTER_139,legume_str,570.9,43.96898028522914
A,CLUSTER_141,horse_man,2815.0,50.95109099236865
A,CLUSTER_141,legume_str,364.1,50.95109099236865
A,CLUSTER_148,cattle_man,4501.0,19.63048404359735
A,CLUSTER_148,horse_man,500.77,19.63048404359735
A,CLUSTER_148,maize_str,21.2,19.63048404359735
A,CLUSTER_148,beet_leaf,524.5,19.63048404359735
A,CLUSTER_148,rape_str,856.0,19.63048404359735
A,CLUSTER_148,legume_str,71.2,19.63048404359735
A,CLUSTER_153,cattle_man,5103.062,23.775410828272832
A,CLUSTER_153,horse_man,1262.5,23.775410828272832
A,CLUSTER_153,maize_str,346.3,23.775410828272832
A,CLUSTER_153,rape_str,2865.0,23.775410828272832
A,CLUSTER_153,legume_str,465.2,23.775410828272832
A,CLUSTER_154,cattle_man,5634.1,23.65698531937003
A,CLUSTER_154,horse_man,347.6,23.65698531937003
A,CLUSTER_154,pig_man,309.885,23.65698531937003
A,CLUSTER_154,maize_str,84.14,23.65698531937003
A,CLUSTER_154,rape_str,1500.8,23.65698531937003
A,CLUSTER_154,legume_str,348.1,23.65698531937003
A,CLUSTER_156,pig_man,137.8229,62.271269966254266
A,CLUSTER_16,cattle_man,11750.6,29.66074293948328
A,CLUSTER_16,horse_man,1532.4,29.66074293948328
A,CLUSTER_16,pig_man,563.7029,29.66074293948328
A,CLUSTER_16,maize_str,361.46,29.66074293948328
A,CLUSTER_16,rape_str,1459.3,29.66074293948328
A,CLUSTER_16,legume_str,320.2,29.66074293948328
A,CLUSTER_160,horse_man,2174.2,34.978176494634184
A,CLUSTER_160,maize_str,250.69999999999996,34.978176494634184
A,CLUSTER_160,rape_str,1197.5,34.978176494634184
A,CLUSTER_160,legume_str,109.73,34.978176494634184
A,CLUSTER_161,horse_man,429.62,49.97448363015407
A,CLUSTER_161,pig_man,1184.0,49.97448363015407
A,CLUSTER_161,legume_str,357.73,49.97448363015407
A,CLUSTER_164,pig_man,46.635000000000005,64.1273386317853
A,CLUSTER_173,pig_man,64.52416,66.93377979829805
A,CLUSTER_177,horse_man,285.4,49.918316795187806
A,CLUSTER_177,pig_man,779.21,49.918316795187806
A,CLUSTER_177,legume_str,144.7,49.918316795187806
A,CLUSTER_179,pig_man,63.56600000000001,63.59605159193063
A,CLUSTER_181,cattle_man,10934.199,22.478007255401888
A,CLUSTER_181,horse_man,824.1,22.478007255401888
A,CLUSTER_181,pig_man,1482.4,22.478007255401888
A,CLUSTER_181,maize_str,737.8,22.478007255401888
A,CLUSTER_181,beet_leaf,35930.0,22.478007255401888
A,CLUSTER_181,rape_str,425.5,22.478007255401888
A,CLUSTER_181,legume_str,393.5,22.478007255401888
A,CLUSTER_194,cattle_man,4180.5,27.248081530647028
A,CLUSTER_194,horse_man,974.4,27.248081530647028
A,CLUSTER_194,maize_str,238.4,27.248081530647028
A,CLUSTER_194,rape_str,1397.0,27.248081530647028
A,CLUSTER_194,legume_str,213.55,27.248081530647028
A,CLUSTER_200,pig_man,508.565,57.92019798819157
A,CLUSTER_217,horse_man,1360.0,49.45344633652268
A,CLUSTER_217,rape_str,2680.0,49.45344633652268
A,CLUSTER_217,legume_str,337.9,49.45344633652268
A,CLUSTER_222,horse_man,643.3,40.27842078810764
A,CLUSTER_222,rape_str,844.8,40.27842078810764
A,CLUSTER_222,legume_str,145.8,40.27842078810764
A,CLUSTER_236,horse_man,1045.5,45.2572792012248
A,CLUSTER_236,pig_man,144.7,45.2572792012248
A,CLUSTER_236,rape_str,1247.0,45.2572792012248
A,CLUSTER_236,legume_str,601.1,45.2572792012248
A,CLUSTER_238,pig_man,123.38,80.44200634865754
A,CLUSTER_24,cattle_man,15326.0,24.173224370921357
A,CLUSTER_24,horse_man,1586.5,24.173224370921357
A,CLUSTER_24,pig_man,438.94,24.173224370921357
A,CLUSTER_24,maize_str,610.37,24.173224370921357
A,CLUSTER_24,rape_str,4848.0,24.173224370921357
A,CLUSTER_24,legume_str,769.8,24.173224370921357
A,CLUSTER_242,horse_man,850.0,35.42453731350449
A,CLUSTER_242,rape_str,1229.6,35.42453731350449
A,CLUSTER_242,legume_str,233.5,35.42453731350449
A,CLUSTER_246,horse_man,1160.4,39.48364628706461
A,CLUSTER_246,pig_man,400.322,39.48364628706461
A,CLUSTER_246,rape_str,1181.0,39.48364628706461
A,CLUSTER_246,legume_str,345.0,39.48364628706461
A,CLUSTER_247,horse_man,632.0,37.99840991181951
A,CLUSTER_247,pig_man,228.0,37.99840991181951
A,CLUSTER_247,rape_str,3410.0,37.99840991181951
A,CLUSTER_247,legume_str,474.1,37.99840991181951
A,CLUSTER_251,horse_man,239.3,51.7526175136418
A,CLUSTER_251,pig_man,335.71000000000004,51.7526175136418
A,CLUSTER_260,pig_man,45.446,90.47524169894083
A,CLUSTER_271,pig_man,831.7,71.5572971119644
A,CLUSTER_272,horse_man,1033.0,45.38266896788542
A,CLUSTER_272,rape_str,238.3,45.38266896788542
A,CLUSTER_272,legume_str,111.767,45.38266896788542
A,CLUSTER_275,horse_man,564.0,52.57682769192501
A,CLUSTER_277,horse_man,872.3,52.36183155727053
A,CLUSTER_277,pig_man,203.959,52.36183155727053
A,CLUSTER_283,cattle_man,4490.4,21.03579743314312
A,CLUSTER_283,horse_man,349.112,21.03579743314312
A,CLUSTER_283,pig_man,1637.37,21.03579743314312
A,CLUSTER_283,maize_str,483.1,21.03579743314312
A,CLUSTER_283,beet_leaf,20320.0,21.03579743314312
A,CLUSTER_283,rape_str,1599.65,21.03579743314312
A,CLUSTER_283,legume_str,287.6,21.03579743314312
A,CLUSTER_289,cattle_man,2928.51287,13.190976422867877
A,CLUSTER_289,horse_man,747.4,13.190976422867877
A,CLUSTER_289,clover_alfalfa_grass,1319.8345856365277,13.190976422867877
A,CLUSTER_289,maize_str,455.8,13.190976422867877
A,CLUSTER_289,beet_leaf,1875.9,13.190976422867877
A,CLUSTER_289,rape_str,1516.0,13.190976422867877
A,CLUSTER_289,legume_str,485.4,13.190976422867877
A,CLUSTER_293,horse_man,504.0,42.20484098981909
A,CLUSTER_293,rape_str,1991.0000000000002,42.20484098981909
A,CLUSTER_293,legume_str,195.85,42.20484098981909
A,CLUSTER_298,cattle_man,6560.0,16.10586470800943
A,CLUSTER_298,horse_man,591.0,16.10586470800943
A,CLUSTER_298,maize_str,131.71,16.10586470800943
A,CLUSTER_298,beet_leaf,290.0,16.10586470800943
A,CLUSTER_298,rape_str,1018.0,16.10586470800943
A,CLUSTER_298,legume_str,191.9,16.10586470800943
A,CLUSTER_30,cattle_man,5446.59,30.78498767527438
A,CLUSTER_30,horse_man,478.27,30.78498767527438
A,CLUSTER_30,maize_str,530.4,30.78498767527438
A,CLUSTER_30,rape_str,844.0,30.78498767527438
A,CLUSTER_30,legume_str,592.4,30.78498767527438
A,CLUSTER_310,pig_man,67.1,84.91009244671
A,CLUSTER_314,horse_man,639.0,44.01190250264749
A,CLUSTER_314,rape_str,258.9,44.01190250264749
A,CLUSTER_314,legume_str,103.5,44.01190250264749
A,CLUSTER_317,horse_man,217.4,51.4919144608568
A,CLUSTER_317,pig_man,92.31,51.4919144608568
A,CLUSTER_320,cattle_man,1036.0,31.38692821753403
A,CLUSTER_320,horse_man,151.8,31.38692821753403
A,CLUSTER_320,pig_man,16.0,31.38692821753403
A,CLUSTER_320,maize_str,24.130000000000003,31.38692821753403
A,CLUSTER_320,rape_str,1162.3,31.38692821753403
A,CLUSTER_320,legume_str,113.12,31.38692821753403
A,CLUSTER_325,pig_man,710.15139,97.18453441879257
A,CLUSTER_326,horse_man,1285.4,53.49439940912529
A,CLUSTER_328,horse_man,333.38,41.954795854715805
A,CLUSTER_328,pig_man,824.57,41.954795854715805
A,CLUSTER_328,rape_str,1819.0,41.954795854715805
A,CLUSTER_328,legume_str,524.0,41.954795854715805
A,CLUSTER_332,horse_man,404.6,43.66312688432549
A,CLUSTER_332,pig_man,132.8458,43.66312688432549
A,CLUSTER_332,rape_str,1546.9,43.66312688432549
A,CLUSTER_332,legume_str,553.2,43.66312688432549
A,CLUSTER_334,pig_man,214.22,103.51593059892222
A,CLUSTER_336,cattle_man,9570.0,26.846548775390115
A,CLUSTER_336,horse_man,579.9,26.846548775390115
A,CLUSTER_336,pig_man,552.236,26.846548775390115
A,CLUSTER_336,maize_str,516.74,26.846548775390115
A,CLUSTER_336,rape_str,912.3,26.846548775390115
A,CLUSTER_336,legume_str,270.07,26.846548775390115
A,CLUSTER_347,horse_man,826.5,45.10993267668314
A,CLUSTER_347,rape_str,703.0,45.10993267668314
A,CLUSTER_347,legume_str,72.69999999999999,45.10993267668314
A,CLUSTER_348,cattle_man,2194.0,8.850622611252732
A,CLUSTER_348,cattle_slu,13760.0,8.850622611252732
A,CLUSTER_348,horse_man,429.0,8.850622611252732
A,CLUSTER_348,clover_alfalfa_grass,4570.0,8.850622611252732
A,CLUSTER_348,maize_str,65.0,8.850622611252732
A,CLUSTER_348,beet_leaf,527.7,8.850622611252732
A,CLUSTER_348,rape_str,718.0,8.850622611252732
A,CLUSTER_348,legume_str,156.9,8.850622611252732
A,CLUSTER_361,horse_man,200.3,34.03336738323211
A,CLUSTER_361,pig_man,900.0,34.03336738323211
A,CLUSTER_361,maize_str,579.6,34.03336738323211
A,CLUSTER_361,rape_str,169.4,34.03336738323211
A,CLUSTER_361,legume_str,175.4,34.03336738323211
A,CLUSTER_38,cattle_man,6536.0,11.29695221802024
A,CLUSTER_38,cattle_slu,11030.0,11.29695221802024
A,CLUSTER_38,horse_man,253.79999999999998,11.29695221802024
A,CLUSTER_38,clover_alfalfa_grass,2646.0,11.29695221802024
A,CLUSTER_38,maize_str,30.0,11.29695221802024
A,CLUSTER_38,beet_leaf,1765.0,11.29695221802024
A,CLUSTER_38,rape_str,891.0,11.29695221802024
A,CLUSTER_38,legume_str,159.5,11.29695221802024
A,CLUSTER_381,horse_man,1692.89,40.85392753386208
A,CLUSTER_381,rape_str,1369.1,40.85392753386208
A,CLUSTER_381,legume_str,127.29,40.85392753386208
A,CLUSTER_389,cattle_man,790.9,16.712998291310722
A,CLUSTER_389,horse_man,483.0,16.712998291310722
A,CLUSTER_389,pig_man,58.461,16.712998291310722
A,CLUSTER_389,maize_str,132.9,16.712998291310722
A,CLUSTER_389,beet_leaf,8760.0,16.712998291310722
A,CLUSTER_389,rape_str,826.81,16.712998291310722
A,CLUSTER_389,legume_str,294.0,16.712998291310722
A,CLUSTER_395,cattle_man,1724.5,24.41494952605315
A,CLUSTER_395,horse_man,552.0799999999999,24.41494952605315
A,CLUSTER_395,maize_str,582.4,24.41494952605315
A,CLUSTER_395,rape_str,1105.0,24.41494952605315
A,CLUSTER_395,legume_str,73.81,24.41494952605315
A,CLUSTER_4,cattle_man,20439.0,4.5550621286427
A,CLUSTER_4,cattle_slu,14925.2,4.5550621286427
A,CLUSTER_4,horse_man,2532.2,4.5550621286427
A,CLUSTER_4,clover_alfalfa_grass,7467.0,4.5550621286427
A,CLUSTER_4,maize_str,287.90000000000003,4.5550621286427
A,CLUSTER_4,beet_leaf,8998.6,4.5550621286427
A,CLUSTER_4,rape_str,2234.4,4.5550621286427
A,CLUSTER_4,legume_str,531.23,4.5550621286427
A,CLUSTER_405,cattle_man,3574.0,19.313299462646345
A,CLUSTER_405,horse_man,311.8,19.313299462646345
A,CLUSTER_405,maize_str,43.2,19.313299462646345
A,CLUSTER_405,beet_leaf,2313.0,19.313299462646345
A,CLUSTER_405,rape_str,758.7,19.313299462646345
A,CLUSTER_405,legume_str,321.95,19.313299462646345
A,CLUSTER_41,horse_man,2108.8,42.66545413610795
A,CLUSTER_41,rape_str,100.22,42.66545413610795
A,CLUSTER_41,legume_str,35.1,42.66545413610795
A,CLUSTER_410,pig_man,261.9019,53.91201300130248
A,CLUSTER_417,cattle_man,11640.0,15.559861013114594
A,CLUSTER_417,horse_man,430.8,15.559861013114594
A,CLUSTER_417,pig_man,197.25,15.559861013114594
A,CLUSTER_417,maize_str,88.36,15.559861013114594
A,CLUSTER_417,beet_leaf,12800.0,15.559861013114594
A,CLUSTER_417,rape_str,677.4,15.559861013114594
A,CLUSTER_417,legume_str,179.52,15.559861013114594
A,CLUSTER_418,horse_man,144.9,32.39678056081243
A,CLUSTER_418,maize_str,247.58,32.39678056081243
A,CLUSTER_418,rape_str,1244.0,32.39678056081243
A,CLUSTER_418,legume_str,130.8,32.39678056081243
A,CLUSTER_420,cattle_man,7064.0,25.277868800909875
A,CLUSTER_420,horse_man,315.77,25.277868800909875
A,CLUSTER_420,maize_str,18.3,25.277868800909875
A,CLUSTER_420,rape_str,472.0,25.277868800909875
A,CLUSTER_420,legume_str,308.5,25.277868800909875
A,CLUSTER_421,cattle_man,2121.0,31.484309858386823
A,CLUSTER_421,horse_man,802.6,31.484309858386823
A,CLUSTER_421,maize_str,277.1,31.484309858386823
A,CLUSTER_421,rape_str,740.8,31.484309858386823
A,CLUSTER_421,legume_str,191.0,31.484309858386823
A,CLUSTER_424,pig_man,185.966,54.215304853165705
A,CLUSTER_425,horse_man,526.6,52.57413129914561
A,CLUSTER_426,pig_man,46.733,94.79661582337395
A,CLUSTER_430,pig_man,159.375,63.32744571499799
A,CLUSTER_445,horse_man,58.691,38.935274469923655
A,CLUSTER_445,pig_man,3700.0,38.935274469923655
A,CLUSTER_445,rape_str,1059.0,38.935274469923655
A,CLUSTER_445,legume_str,171.5,38.935274469923655
A,CLUSTER_449,pig_man,577.091,68.3372634751509
A,CLUSTER_454,horse_man,105.4,48.45223443400345
A,CLUSTER_454,rape_str,1065.8200000000002,48.45223443400345
A,CLUSTER_454,legume_str,117.9,48.45223443400345
A,CLUSTER_455,horse_man,810.1,44.28843241430169
A,CLUSTER_455,rape_str,1213.0,44.28843241430169
A,CLUSTER_455,legume_str,362.4,44.28843241430169
A,CLUSTER_46,cattle_man,1697.0,27.1164267111533
A,CLUSTER_46,horse_man,2237.0,27.1164267111533
A,CLUSTER_46,maize_str,216.072,27.1164267111533
A,CLUSTER_46,rape_str,1841.4,27.1164267111533
A,CLUSTER_46,legume_str,245.43999999999997,27.1164267111533
A,CLUSTER_462,horse_man,386.0,52.16380270252262
A,CLUSTER_467,pig_man,1040.9,72.23585569726903
A,CLUSTER_468,horse_man,11.2,33.23859084313573
A,CLUSTER_468,maize_str,120.0,33.23859084313573
A,CLUSTER_468,rape_str,574.4,33.23859084313573
A,CLUSTER_468,legume_str,142.73,33.23859084313573
A,CLUSTER_483,cattle_man,2116.9,31.597137957998324
A,CLUSTER_483,horse_man,289.75,31.597137957998324
A,CLUSTER_483,pig_man,2458.9,31.597137957998324
A,CLUSTER_483,maize_str,387.2,31.597137957998324
A,CLUSTER_483,rape_str,440.9,31.597137957998324
A,CLUSTER_483,legume_str,415.5,31.597137957998324
A,CLUSTER_486,horse_man,429.2,43.74454786421076
A,CLUSTER_486,rape_str,303.0,43.74454786421076
A,CLUSTER_486,legume_str,57.1,43.74454786421076
A,CLUSTER_487,horse_man,431.5,33.08113530725777
A,CLUSTER_487,pig_man,299.25,33.08113530725777
A,CLUSTER_487,maize_str,637.4,33.08113530725777
A,CLUSTER_487,rape_str,1529.0,33.08113530725777
A,CLUSTER_487,legume_str,702.12,33.08113530725777
A,CLUSTER_49,horse_man,1710.1,42.46130522845837
A,CLUSTER_49,pig_man,231.961,42.46130522845837
A,CLUSTER_49,rape_str,2778.0,42.46130522845837
A,CLUSTER_49,legume_str,470.832,42.46130522845837
A,CLUSTER_491,horse_man,277.6,47.365932813731405
A,CLUSTER_491,pig_man,236.64,47.365932813731405
A,CLUSTER_491,rape_str,1665.0,47.365932813731405
A,CLUSTER_491,legume_str,275.7,47.365932813731405
A,CLUSTER_494,horse_man,104.9,42.70887307778592
A,CLUSTER_494,pig_man,566.9,42.70887307778592
A,CLUSTER_494,rape_str,500.2,42.70887307778592
A,CLUSTER_494,legume_str,89.8,42.70887307778592
A,CLUSTER_497,pig_man,347.9,58.57046227002465
A,CLUSTER_506,horse_man,529.0,34.16521766898127
A,CLUSTER_506,pig_man,228.0325,34.16521766898127
A,CLUSTER_506,maize_str,146.4,34.16521766898127
A,CLUSTER_506,rape_str,1143.0,34.16521766898127
A,CLUSTER_506,legume_str,340.0,34.16521766898127
A,CLUSTER_517,horse_man,372.7,34.5132974553721
A,CLUSTER_517,maize_str,38.76,34.5132974553721
A,CLUSTER_517,rape_str,729.3,34.5132974553721
A,CLUSTER_517,legume_str,119.6,34.5132974553721
A,CLUSTER_524,horse_man,1677.6,46.6967130316412
A,CLUSTER_524,rape_str,55.9,46.6967130316412
A,CLUSTER_524,legume_str,84.033,46.6967130316412
A,CLUSTER_525,horse_man,29.06,51.15447831847524
A,CLUSTER_525,pig_man,24.965,51.15447831847524
A,CLUSTER_526,pig_man,141.0,68.74626624428147
A,CLUSTER_530,pig_man,84.5,75.97831124475768
A,CLUSTER_532,horse_man,177.7,38.37566797906903
A,CLUSTER_532,rape_str,590.2,38.37566797906903
A,CLUSTER_532,legume_str,85.86,38.37566797906903
A,CLUSTER_538,pig_man,151.197,54.62331186065964
A,CLUSTER_56,pig_man,427.76,84.51318495123257
A,CLUSTER_60,pig_man,45.1582,88.31939020883055
A,CLUSTER_75,cattle_man,15511.3,12.512165222766852
A,CLUSTER_75,cattle_slu,5254.777341399425,12.512165222766852
A,CLUSTER_75,horse_man,1454.5,12.512165222766852
A,CLUSTER_75,pig_man,806.0000437618994,12.512165222766852
A,CLUSTER_75,clover_alfalfa_grass,4346.0,12.512165222766852
A,CLUSTER_75,maize_str,550.06,12.512165222766852
A,CLUSTER_75,beet_leaf,6044.0,12.512165222766852
A,CLUSTER_75,rape_str,1046.1,12.512165222766852
A,CLUSTER_75,legume_str,172.5,12.512165222766852
A,CLUSTER_80,pig_man,275.303,58.33315354218342
A,CLUSTER_87,horse_man,362.10543,38.31688014190752
A,CLUSTER_87,pig_man,544.04,38.31688014190752
A,CLUSTER_87,rape_str,922.9,38.31688014190752
A,CLUSTER_87,legume_str,729.0,38.31688014190752
A,CLUSTER_88,horse_man,1496.2,33.9713868060302
A,CLUSTER_88,maize_str,94.46,33.9713868060302
A,CLUSTER_88,rape_str,1116.4,33.9713868060302
A,CLUSTER_88,legume_str,227.87,33.9713868060302
A,CLUSTER_95,pig_man,778.92,61.47786020107037
A,CLUSTER_97,horse_man,1266.8,40.619549683011215
A,CLUSTER_97,pig_man,302.6467,40.619549683011215
A,CLUSTER_97,rape_str,3629.0,40.619549683011215
A,CLUSTER_97,legume_str,684.7,40.619549683011215
T,CLUSTER_101,horse_man,1895.41,74.55447261772542
T,CLUSTER_103,horse_man,678.2,85.65559739193529
T,CLUSTER_107,cattle_man,13402.1,54.91411021083491
T,CLUSTER_111,cattle_man,9211.236261176156,25.488829270453373
T,CLUSTER_116,horse_man,1252.0,95.92153857776536
T,CLUSTER_123,cattle_man,9000.0,12.621978596327155
T,CLUSTER_123,cattle_slu,48680.0,12.621978596327155
T,CLUSTER_128,cattle_man,10124.4,26.163796646465315
T,CLUSTER_128,horse_man,2411.7,26.163796646465315
T,CLUSTER_129,cattle_man,8284.0,43.20890825114179
T,CLUSTER_129,horse_man,1743.9,43.20890825114179
T,CLUSTER_132,cattle_man,7032.59,34.45427440499072
T,CLUSTER_132,horse_man,795.885,34.45427440499072
T,CLUSTER_138,cattle_man,10203.0,43.21838084983244
T,CLUSTER_14,cattle_man,9659.0,20.80327545927267
T,CLUSTER_14,cattle_slu,49630.0,20.80327545927267
T,CLUSTER_145,horse_man,1174.0,74.18507137526672
T,CLUSTER_162,horse_man,3375.9,87.83878028197492
T,CLUSTER_166,cattle_man,6826.0,20.511989606752547
T,CLUSTER_166,cattle_slu,40970.0,20.511989606752547
T,CLUSTER_169,horse_man,1079.5,98.32873570813696
T,CLUSTER_171,horse_man,1981.0000000000002,97.1019423610111
T,CLUSTER_176,horse_man,750.0,64.62007494133714
T,CLUSTER_182,cattle_man,9590.0,51.49696271675667
T,CLUSTER_183,horse_man,2503.0,99.53346880444415
T,CLUSTER_187,cattle_man,4002.9999999999995,19.5734534315967
T,CLUSTER_187,cattle_slu,24160.0,19.5734534315967
T,CLUSTER_190,horse_man,1595.7,82.23100121128202
T,CLUSTER_206,cattle_man,21950.0,21.83387600769253
T,CLUSTER_210,cattle_man,12910.0,19.787881698373354
T,CLUSTER_210,cattle_slu,64400.0,19.787881698373354
T,CLUSTER_219,horse_man,452.0,97.0176940261269
T,CLUSTER_229,cattle_man,1142.8,55.71256800427351
T,CLUSTER_229,horse_man,466.3,55.71256800427351
T,CLUSTER_235,cattle_man,3182.0,33.86997005731161
T,CLUSTER_237,horse_man,478.63,88.07324385931302
T,CLUSTER_248,horse_man,258.4,69.71926695814268
T,CLUSTER_253,cattle_man,6043.0,32.292694212159425
T,CLUSTER_253,horse_man,3082.0,32.292694212159425
T,CLUSTER_278,horse_man,660.7,83.26091271572936
T,CLUSTER_303,horse_man,1570.0,60.35937487946888
T,CLUSTER_305,cattle_man,4426.0,24.263808916139624
T,CLUSTER_305,horse_man,533.2,24.263808916139624
T,CLUSTER_316,cattle_man,7202.0,32.65526327147757
T,CLUSTER_316,horse_man,1505.3,32.65526327147757
T,CLUSTER_324,cattle_man,6315.0,51.887717756346525
T,CLUSTER_337,cattle_man,13540.0,7.005641010883853
T,CLUSTER_337,cattle_slu,79080.0,7.005641010883853
T,CLUSTER_337,rape_str,148.0,7.005641010883853
T,CLUSTER_337,legume_str,187.9,7.005641010883853
T,CLUSTER_339,cattle_man,3014.917,49.320443284053056
T,CLUSTER_339,horse_man,2136.8,49.320443284053056
T,CLUSTER_340,horse_man,1279.0,95.21024323215498
T,CLUSTER_341,cattle_man,862.8,28.8144323346434
T,CLUSTER_341,horse_man,2031.7999999999997,28.8144323346434
T,CLUSTER_349,horse_man,668.0,77.72413437179969
T,CLUSTER_35,horse_man,655.3,98.66789776239496
T,CLUSTER_353,cattle_man,9000.0,58.14760135384029
T,CLUSTER_365,cattle_man,16119.999999999998,9.583281545426791
T,CLUSTER_365,cattle_slu,94000.0,9.583281545426791
T,CLUSTER_365,rape_str,408.7,9.583281545426791
T,CLUSTER_365,legume_str,86.1,9.583281545426791
T,CLUSTER_366,cattle_man,8803.0,30.552033781093684
T,CLUSTER_368,cattle_man,6947.0,11.516854070808863
T,CLUSTER_368,cattle_slu,38230.0,11.516854070808863
T,CLUSTER_373,horse_man,1879.8,98.9394117394434
T,CLUSTER_377,cattle_man,1881.3,56.97727261676064
T,CLUSTER_377,horse_man,627.7,56.97727261676064
T,CLUSTER_382,horse_man,1045.0,86.69331647765894
T,CLUSTER_383,cattle_man,4512.0,13.535396628948453
T,CLUSTER_383,cattle_slu,28660.0,13.535396628948453
T,CLUSTER_383,horse_man,1382.2,13.535396628948453
T,CLUSTER_390,horse_man,147.848,92.56835550026744
T,CLUSTER_393,cattle_man,1357.0,26.82597309296804
T,CLUSTER_411,cattle_man,18310.0,15.231422969650906
T,CLUSTER_411,cattle_slu,112200.0,15.231422969650906
T,CLUSTER_42,cattle_man,15075.0,47.13293722364572
T,CLUSTER_42,horse_man,1097.5,47.13293722364572
T,CLUSTER_427,cattle_man,8930.0,41.83101089292879
T,CLUSTER_431,horse_man,1912.0,78.16818009979932
T,CLUSTER_44,cattle_man,14660.0,4.516632919077223
T,CLUSTER_44,cattle_slu,73970.0,4.516632919077223
T,CLUSTER_44,rape_str,694.67,4.516632919077223
T,CLUSTER_44,legume_str,336.7,4.516632919077223
T,CLUSTER_446,cattle_man,11600.0,15.05744994767814
T,CLUSTER_446,cattle_slu,63610.0,15.05744994767814
T,CLUSTER_452,cattle_man,3960.0,53.451505655703535
T,CLUSTER_452,horse_man,922.0,53.451505655703535
T,CLUSTER_459,horse_man,167.4,78.3422944699962
T,CLUSTER_463,cattle_man,3189.0,27.67414387484756
T,CLUSTER_469,horse_man,840.0,85.56264914322891
T,CLUSTER_478,horse_man,340.1,68.8157960354257
T,CLUSTER_479,cattle_man,6870.0,14.000730238619738
T,CLUSTER_479,cattle_slu,44370.0,14.000730238619738
T,CLUSTER_485,cattle_man,3740.0,30.81798108039676
T,CLUSTER_496,cattle_man,6675.3,59.972345853573295
T,CLUSTER_496,horse_man,451.0,59.972345853573295
T,CLUSTER_500,cattle_man,5430.0,22.50339025726157
T,CLUSTER_500,horse_man,798.0,22.50339025726157
T,CLUSTER_511,cattle_man,2498.0,27.72304472409748
T,CLUSTER_515,cattle_man,990.9999999999999,43.17742951436773
T,CLUSTER_515,horse_man,126.2,43.17742951436773
T,CLUSTER_531,cattle_man,750.0,32.28724179091832
T,CLUSTER_531,horse_man,424.9,32.28724179091832
T,CLUSTER_533,cattle_man,693.0,34.46222896878072
T,CLUSTER_533,horse_man,654.0,34.46222896878072
T,CLUSTER_534,cattle_man,2189.0,36.81623949006683
T,CLUSTER_6,horse_man,339.439139,69.11032569764372
T,CLUSTER_66,horse_man,880.00908,96.5814870462228
T,CLUSTER_82,horse_man,1220.1,70.53124638673108
T,CLUSTER_83,cattle_man,8530.0,22.69169105207752
T,CLUSTER_9,cattle_man,4512.6,44.43172595303868
T,CLUSTER_9,horse_man,1859.2,44.43172595303868
S,CLUSTER_104,maize_str,2432.1479589480973,26.339994461805084
S,CLUSTER_104,rape_str,732.1,26.339994461805084
S,CLUSTER_104,legume_str,171.70000000000002,26.339994461805084
S,CLUSTER_126,rape_str,2381.0,34.53450527408025
S,CLUSTER_126,legume_str,544.6,34.53450527408025
S,CLUSTER_131,cattle_man,9440.0,29.25076612140671
S,CLUSTER_131,rape_str,1908.0,29.25076612140671
S,CLUSTER_131,legume_str,1003.9999999999999,29.25076612140671
S,CLUSTER_155,maize_str,5236.0,22.61205491124733
S,CLUSTER_155,rape_str,1777.0,22.61205491124733
S,CLUSTER_155,legume_str,662.1,22.61205491124733
S,CLUSTER_165,rape_str,1507.0,30.744869215723146
S,CLUSTER_165,legume_str,854.0,30.744869215723146
S,CLUSTER_175,rape_str,1513.0,40.33821007635616
S,CLUSTER_175,legume_str,508.2,40.33821007635616
S,CLUSTER_180,rape_str,2510.0,35.02857910352555
S,CLUSTER_180,legume_str,350.0,35.02857910352555
S,CLUSTER_184,cattle_man,2092.0,26.471021254068415
S,CLUSTER_184,rape_str,1554.0,26.471021254068415
S,CLUSTER_184,legume_str,480.0,26.471021254068415
S,CLUSTER_2,cattle_slu,10109.8,3.480495466149462
S,CLUSTER_2,clover_alfalfa_grass,4224.0,3.480495466149462
S,CLUSTER_2,maize_str,6515.0,3.480495466149462
S,CLUSTER_2,beet_leaf,10250.0,3.480495466149462
S,CLUSTER_2,rape_str,2407.0,3.480495466149462
S,CLUSTER_2,legume_str,639.4,3.480495466149462
S,CLUSTER_20,cattle_man,27140.0,18.95017176682246
S,CLUSTER_20,maize_str,3732.0,18.95017176682246
S,CLUSTER_20,beet_leaf,2532.0,18.95017176682246
S,CLUSTER_20,rape_str,2658.0,18.95017176682246
S,CLUSTER_20,legume_str,1043.0,18.95017176682246
S,CLUSTER_223,rape_str,240.1,41.41546463061659
S,CLUSTER_223,legume_str,122.22,41.41546463061659
S,CLUSTER_225,rape_str,1132.3,40.91275003482442
S,CLUSTER_225,legume_str,589.4,40.91275003482442
S,CLUSTER_233,rape_str,718.0,31.28836991904942
S,CLUSTER_233,legume_str,413.0,31.28836991904942
S,CLUSTER_240,legume_str,511.70000000000016,45.66583412739625
S,CLUSTER_257,horse_man,1598.0,45.455323021772536
S,CLUSTER_257,legume_str,280.6,45.455323021772536
S,CLUSTER_267,rape_str,1938.0,39.677351239445535
S,CLUSTER_267,legume_str,523.5,39.677351239445535
S,CLUSTER_270,rape_str,169.7,43.7332973338578
S,CLUSTER_270,legume_str,180.75,43.7332973338578
S,CLUSTER_274,rape_str,401.4,33.44882836906442
S,CLUSTER_274,legume_str,393.2,33.44882836906442
S,CLUSTER_284,rape_str,262.2,33.70650582632936
S,CLUSTER_284,legume_str,192.3,33.70650582632936
S,CLUSTER_301,rape_str,382.1,44.81060397341792
S,CLUSTER_301,legume_str,364.26,44.81060397341792
S,CLUSTER_302,rape_str,140.1,38.0414165458421
S,CLUSTER_302,legume_str,313.8,38.0414165458421
S,CLUSTER_330,cattle_man,21960.0,22.03989578243476
S,CLUSTER_330,maize_str,3233.0,22.03989578243476
S,CLUSTER_330,rape_str,2235.0,22.03989578243476
S,CLUSTER_330,legume_str,753.8,22.03989578243476
S,CLUSTER_354,cattle_man,4844.0,9.618879065577165
S,CLUSTER_354,cattle_slu,18160.0,9.618879065577165
S,CLUSTER_354,maize_str,3760.8,9.618879065577165
S,CLUSTER_354,beet_leaf,3651.0,9.618879065577165
S,CLUSTER_354,rape_str,1672.1,9.618879065577165
S,CLUSTER_354,legume_str,257.3,9.618879065577165
S,CLUSTER_355,maize_str,6490.0,14.309391076695782
S,CLUSTER_355,beet_leaf,29970.0,14.309391076695782
S,CLUSTER_355,rape_str,1192.0,14.309391076695782
S,CLUSTER_355,legume_str,1096.0,14.309391076695782
S,CLUSTER_37,cattle_slu,73046.49158223186,11.250723176410164
S,CLUSTER_37,maize_str,5157.0,11.250723176410164
S,CLUSTER_37,beet_leaf,3310.0,11.250723176410164
S,CLUSTER_37,rape_str,2494.6,11.250723176410164
S,CLUSTER_37,legume_str,791.6,11.250723176410164
S,CLUSTER_371,rape_str,918.4,41.529635123176206
S,CLUSTER_371,legume_str,445.8,41.529635123176206
S,CLUSTER_398,rape_str,535.6,40.78611899431704
S,CLUSTER_398,legume_str,250.69999999999996,40.78611899431704
S,CLUSTER_400,cattle_man,3903.8,13.9078667216696
S,CLUSTER_400,maize_str,7990.000000000001,13.9078667216696
S,CLUSTER_400,beet_leaf,11210.0,13.9078667216696
S,CLUSTER_400,rape_str,1315.0,13.9078667216696
S,CLUSTER_400,legume_str,558.0,13.9078667216696
S,CLUSTER_403,rape_str,1011.0,30.229382985748508
S,CLUSTER_403,legume_str,587.0,30.229382985748508
S,CLUSTER_423,rape_str,1295.9,38.779621988779226
S,CLUSTER_423,legume_str,670.7,38.779621988779226
S,CLUSTER_436,rape_str,941.0,43.44266798088348
S,CLUSTER_436,legume_str,253.39999999999998,43.44266798088348
S,CLUSTER_441,rape_str,1217.0,44.45370768074398
S,CLUSTER_441,legume_str,342.2,44.45370768074398
S,CLUSTER_450,rape_str,562.7,30.55449300708121
S,CLUSTER_450,legume_str,406.3,30.55449300708121
S,CLUSTER_453,rape_str,449.1,36.63716277769641
S,CLUSTER_453,legume_str,457.0,36.63716277769641
S,CLUSTER_456,rape_str,206.8,37.00447790550579
S,CLUSTER_456,legume_str,113.6,37.00447790550579
S,CLUSTER_473,maize_str,2065.0,19.4437300910929
S,CLUSTER_473,rape_str,1204.0,19.4437300910929
S,CLUSTER_473,legume_str,346.1,19.4437300910929
S,CLUSTER_488,maize_str,3580.0,25.281759507811497
S,CLUSTER_488,rape_str,315.0,25.281759507811497
S,CLUSTER_488,legume_str,451.0,25.281759507811497
S,CLUSTER_501,rape_str,1822.0,30.309974059803757
S,CLUSTER_501,legume_str,355.2,30.309974059803757
S,CLUSTER_513,rape_str,985.0,37.66003617464052
S,CLUSTER_513,legume_str,913.0,37.66003617464052
S,CLUSTER_516,rape_str,861.0,41.34358772811737
S,CLUSTER_516,legume_str,330.5,41.34358772811737
S,CLUSTER_61,rape_str,985.9999999999999,32.12616341224014
S,CLUSTER_61,legume_str,504.6,32.12616341224014
S,CLUSTER_64,rape_str,1531.1,34.246988226689346
S,CLUSTER_64,legume_str,944.8,34.246988226689346
S,CLUSTER_68,rape_str,708.4,27.92163985724937
S,CLUSTER_68,legume_str,893.9,27.92163985724937
S,CLUSTER_69,rape_str,964.5,41.49059000065631
S,CLUSTER_69,legume_str,517.8,41.49059000065631
S,CLUSTER_70,maize_str,4266.0,20.72181702317008
S,CLUSTER_70,rape_str,1041.14,20.72181702317008
S,CLUSTER_70,legume_str,758.6,20.72181702317008
S,CLUSTER_73,cattle_man,5812.0,21.226558708715096
S,CLUSTER_73,maize_str,11358.0,21.226558708715096
S,CLUSTER_73,rape_str,3434.0,21.226558708715096
S,CLUSTER_73,legume_str,648.0,21.226558708715096
S,CLUSTER_91,rape_str,434.47,37.38880764156966
S,CLUSTER_91,legume_str,391.1,37.38880764156966
S,CLUSTER_92,rape_str,752.9,32.19435138769335
S,CLUSTER_92,legume_str,339.0,32.19435138769335
D,CLUSTER_100,rape_str,1247.0,35.76836836014473
D,CLUSTER_100,legume_str,592.6,35.76836836014473
D,CLUSTER_107,cattle_slu,55620.0,8.685319645597085
D,CLUSTER_107,clover_alfalfa_grass,6142.0,8.685319645597085
D,CLUSTER_107,maize_str,1970.0,8.685319645597085
D,CLUSTER_107,beet_leaf,1072.0,8.685319645597085
D,CLUSTER_107,rape_str,1132.0,8.685319645597085
D,CLUSTER_107,legume_str,421.2,8.685319645597085
D,CLUSTER_116,rape_str,1331.7,35.39447560490849
D,CLUSTER_116,legume_str,256.53,35.39447560490849
D,CLUSTER_132,rape_str,929.0,48.56376552550225
D,CLUSTER_132,legume_str,147.22,48.56376552550225
D,CLUSTER_138,maize_str,2746.0,26.26505587025034
D,CLUSTER_138,rape_str,1121.4,26.26505587025034
D,CLUSTER_138,legume_str,467.8,26.26505587025034
D,CLUSTER_144,cattle_man,16190.0,7.312830288787405
D,CLUSTER_144,cattle_slu,62869.99999999999,7.312830288787405
D,CLUSTER_144,clover_alfalfa_grass,8280.0,7.312830288787405
D,CLUSTER_144,maize_str,3055.0,7.312830288787405
D,CLUSTER_144,beet_leaf,1759.8,7.312830288787405
D,CLUSTER_144,rape_str,1689.0,7.312830288787405
D,CLUSTER_144,legume_str,474.3,7.312830288787405
D,CLUSTER_145,rape_str,1224.0,44.521578782766696
D,CLUSTER_145,legume_str,263.2,44.521578782766696
D,CLUSTER_152,maize_str,2300.0,22.544408385722363
D,CLUSTER_152,rape_str,1311.0,22.544408385722363
D,CLUSTER_152,legume_str,331.6,22.544408385722363
D,CLUSTER_162,rape_str,2424.0,40.14273362853346
D,CLUSTER_162,legume_str,744.7,40.14273362853346
D,CLUSTER_176,legume_str,185.1,49.07406039292842
D,CLUSTER_182,maize_str,2575.0,15.160199505972642
D,CLUSTER_182,beet_leaf,1723.0,15.160199505972642
D,CLUSTER_182,rape_str,811.0,15.160199505972642
D,CLUSTER_182,legume_str,180.1,15.160199505972642
D,CLUSTER_187,rape_str,1186.6,46.49137780278135
D,CLUSTER_187,legume_str,419.6,46.49137780278135
D,CLUSTER_201,rape_str,52.69,42.3635885683354
D,CLUSTER_201,legume_str,94.3,42.3635885683354
D,CLUSTER_229,rape_str,30.7,43.10833668907636
D,CLUSTER_229,legume_str,169.7,43.10833668907636
D,CLUSTER_235,rape_str,208.9,36.365401967579146
D,CLUSTER_235,legume_str,260.6,36.365401967579146
D,CLUSTER_239,cattle_man,3789.0,22.109129291610618
D,CLUSTER_239,maize_str,2374.0,22.109129291610618
D,CLUSTER_239,rape_str,1717.0,22.109129291610618
D,CLUSTER_239,legume_str,357.8,22.109129291610618
D,CLUSTER_256,rape_str,862.4,38.474384584572405
D,CLUSTER_256,legume_str,337.66,38.474384584572405
D,CLUSTER_263,cattle_man,11151.51,10.83332859596708
D,CLUSTER_263,cattle_slu,166.5867342048599,10.83332859596708
D,CLUSTER_263,maize_str,2453.0,10.83332859596708
D,CLUSTER_263,beet_leaf,6296.4,10.83332859596708
D,CLUSTER_263,rape_str,1071.4,10.83332859596708
D,CLUSTER_263,legume_str,774.2,10.83332859596708
D,CLUSTER_297,maize_str,776.0,33.5807187190413
D,CLUSTER_297,rape_str,668.0,33.5807187190413
D,CLUSTER_297,legume_str,363.98,33.5807187190413
D,CLUSTER_3,legume_str,100.2,49.71546747516992
D,CLUSTER_300,legume_str,424.7,49.35680116762804
D,CLUSTER_306,maize_str,86.86040556397934,34.859454247148484
D,CLUSTER_306,rape_str,2327.0,34.859454247148484
D,CLUSTER_306,legume_str,1097.0,34.859454247148484
D,CLUSTER_315,maize_str,775.3,24.794381361123342
D,CLUSTER_315,rape_str,1513.0,24.794381361123342
D,CLUSTER_315,legume_str,373.6,24.794381361123342
D,CLUSTER_324,maize_str,2092.0,17.643833359646514
D,CLUSTER_324,beet_leaf,4986.0,17.643833359646514
D,CLUSTER_324,rape_str,1080.0,17.643833359646514
D,CLUSTER_324,legume_str,578.7,17.643833359646514
D,CLUSTER_338,cattle_man,6102.530000000001,8.078849590321614
D,CLUSTER_338,cattle_slu,23550.0,8.078849590321614
D,CLUSTER_338,clover_alfalfa_grass,2959.8,8.078849590321614
D,CLUSTER_338,maize_str,2637.0,8.078849590321614
D,CLUSTER_338,beet_leaf,2428.0,8.078849590321614
D,CLUSTER_338,rape_str,566.0,8.078849590321614
D,CLUSTER_338,legume_str,307.0,8.078849590321614
D,CLUSTER_339,maize_str,1719.0,33.25391174721796
D,CLUSTER_339,rape_str,716.33,33.25391174721796
D,CLUSTER_339,legume_str,276.25,33.25391174721796
D,CLUSTER_34,cattle_man,4823.3,23.964957577225316
D,CLUSTER_34,maize_str,4809.0,23.964957577225316
D,CLUSTER_34,rape_str,1322.6,23.964957577225316
D,CLUSTER_34,legume_str,428.6,23.964957577225316
D,CLUSTER_340,rape_str,944.0,40.25977463922188
D,CLUSTER_340,legume_str,294.533,40.25977463922188
D,CLUSTER_342,maize_str,1338.0,32.09753357629471
D,CLUSTER_342,rape_str,755.7,32.09753357629471
D,CLUSTER_342,legume_str,689.9,32.09753357629471
D,CLUSTER_344,cattle_man,9980.0,20.96718978239316
D,CLUSTER_344,maize_str,5434.0,20.96718978239316
D,CLUSTER_344,rape_str,232.2,20.96718978239316
D,CLUSTER_344,legume_str,332.0,20.96718978239316
D,CLUSTER_345,cattle_man,8870.0,25.156651375214004
D,CLUSTER_345,maize_str,5294.0,25.156651375214004
D,CLUSTER_345,rape_str,1424.0,25.156651375214004
D,CLUSTER_345,legume_str,1226.0,25.156651375214004
D,CLUSTER_349,rape_str,1306.0,37.4117520924623
D,CLUSTER_349,legume_str,257.0,37.4117520924623
D,CLUSTER_353,maize_str,3170.0,24.65454367864139
D,CLUSTER_353,rape_str,696.0,24.65454367864139
D,CLUSTER_353,legume_str,276.0,24.65454367864139
D,CLUSTER_373,rape_str,814.9,47.91234184217268
D,CLUSTER_373,legume_str,370.5,47.91234184217268
D,CLUSTER_376,rape_str,1421.0,35.014365139139656
D,CLUSTER_376,legume_str,508.0,35.014365139139656
D,CLUSTER_386,legume_str,404.9,48.8085891729114
D,CLUSTER_393,rape_str,213.5,44.787236445965405
D,CLUSTER_393,legume_str,44.84,44.787236445965405
D,CLUSTER_415,rape_str,246.40000000000003,41.58058596614631
D,CLUSTER_415,legume_str,238.0,41.58058596614631
D,CLUSTER_427,maize_str,2221.8,21.12275798689281
D,CLUSTER_427,rape_str,1173.4,21.12275798689281
D,CLUSTER_427,legume_str,351.0,21.12275798689281
D,CLUSTER_43,rape_str,981.0000000000001,37.64432213452465
D,CLUSTER_43,legume_str,631.3,37.64432213452465
D,CLUSTER_431,cattle_man,3900.2,26.76597317959716
D,CLUSTER_431,maize_str,4683.0,26.76597317959716
D,CLUSTER_431,rape_str,203.4,26.76597317959716
D,CLUSTER_431,legume_str,310.4,26.76597317959716
D,CLUSTER_432,rape_str,1000.6999999999999,46.34199058402657
D,CLUSTER_432,legume_str,291.34000000000003,46.34199058402657
D,CLUSTER_447,cattle_man,6210.0,24.39761178034851
D,CLUSTER_447,maize_str,2057.0,24.39761178034851
D,CLUSTER_447,rape_str,901.0,24.39761178034851
D,CLUSTER_447,legume_str,578.0,24.39761178034851
D,CLUSTER_458,rape_str,488.99999999999994,36.00620671059419
D,CLUSTER_458,legume_str,366.0,36.00620671059419
D,CLUSTER_464,cattle_man,4492.0,18.659520726769472
D,CLUSTER_464,maize_str,1659.0,18.659520726769472
D,CLUSTER_464,beet_leaf,511.79,18.659520726769472
D,CLUSTER_464,rape_str,387.0,18.659520726769472
D,CLUSTER_464,legume_str,235.0,18.659520726769472
D,CLUSTER_466,rape_str,1039.0,42.718919421943625
D,CLUSTER_466,legume_str,253.7,42.718919421943625
D,CLUSTER_469,rape_str,1099.0,48.37332541211067
D,CLUSTER_469,legume_str,204.7,48.37332541211067
D,CLUSTER_478,cattle_man,1374.0,31.947455703892505
D,CLUSTER_478,maize_str,1389.0,31.947455703892505
D,CLUSTER_478,rape_str,205.7,31.947455703892505
D,CLUSTER_478,legume_str,86.75,31.947455703892505
D,CLUSTER_479,legume_str,75.09,48.97636401865784
D,CLUSTER_485,maize_str,988.0,32.14796431748917
D,CLUSTER_485,rape_str,948.0,32.14796431748917
D,CLUSTER_485,legume_str,229.0,32.14796431748917
D,CLUSTER_495,cattle_man,7770.0,14.402711176452026
D,CLUSTER_495,maize_str,798.8,14.402711176452026
D,CLUSTER_495,beet_leaf,1260.0,14.402711176452026
D,CLUSTER_495,rape_str,574.7,14.402711176452026
D,CLUSTER_495,legume_str,495.0,14.402711176452026
D,CLUSTER_496,rape_str,1060.0,35.67890745321999
D,CLUSTER_496,legume_str,144.6,35.67890745321999
D,CLUSTER_499,cattle_man,4370.0,12.051548174289811
D,CLUSTER_499,maize_str,1191.0,12.051548174289811
D,CLUSTER_499,beet_leaf,6790.0,12.051548174289811
D,CLUSTER_499,rape_str,500.0,12.051548174289811
D,CLUSTER_499,legume_str,206.8,12.051548174289811
D,CLUSTER_5,legume_str,30.66,49.11408831044911
D,CLUSTER_507,rape_str,1388.0,41.60205375780979
D,CLUSTER_507,legume_str,319.0,41.60205375780979
D,CLUSTER_511,rape_str,393.2,39.67401743506315
D,CLUSTER_511,legume_str,142.4,39.67401743506315
D,CLUSTER_534,maize_str,1117.0,29.251539520812944
D,CLUSTER_534,rape_str,1184.0,29.251539520812944
D,CLUSTER_534,legume_str,317.1,29.251539520812944
D,CLUSTER_544,rape_str,531.0,44.82086231358677
D,CLUSTER_544,legume_str,101.3,44.82086231358677
D,CLUSTER_545,horse_man,1719.0,40.9189246080326
D,CLUSTER_545,rape_str,992.0,40.9189246080326
D,CLUSTER_545,legume_str,184.9,40.9189246080326
D,CLUSTER_63,maize_str,1895.5,22.898750493896102
D,CLUSTER_63,rape_str,653.77,22.898750493896102
D,CLUSTER_63,legume_str,611.5,22.898750493896102
D,CLUSTER_71,rape_str,2450.0,44.65350740506423
D,CLUSTER_71,legume_str,1174.2,44.65350740506423
D,CLUSTER_83,rape_str,472.0,41.91866304943029
D,CLUSTER_83,legume_str,40.02,41.91866304943029
D,CLUSTER_9,rape_str,712.84,42.7770483529567
D,CLUSTER_9,legume_str,267.44,42.7770483529567
F,CLUSTER_102,cattle_man,1724.0,12.980647320192682
F,CLUSTER_102,cattle_slu,10771.0,12.980647320192682
F,CLUSTER_102,horse_man,961.0,12.980647320192682
F,CLUSTER_11,horse_man,1455.0,66.4953997747225
F,CLUSTER_112,cattle_man,13057.0,19.07636604822817
F,CLUSTER_112,cattle_slu,95060.0,19.07636604822817
F,CLUSTER_112,horse_man,1571.0,19.07636604822817
F,CLUSTER_113,cattle_man,1617.0,26.90600933264296
F,CLUSTER_113,horse_man,513.4,26.90600933264296
F,CLUSTER_114,cattle_man,3025.0,47.074483155989455
F,CLUSTER_114,horse_man,632.9,47.074483155989455
F,CLUSTER_115,cattle_man,12403.0,34.436229469005525
F,CLUSTER_115,horse_man,190.35,34.436229469005525
F,CLUSTER_120,cattle_man,10758.0,25.28670580992347
F,CLUSTER_120,horse_man,643.23,25.28670580992347
F,CLUSTER_133,cattle_man,1800.0,41.65314638202749
F,CLUSTER_133,horse_man,538.3,41.65314638202749
F,CLUSTER_168,cattle_man,4187.0,37.745429412068674
F,CLUSTER_168,horse_man,2384.0,37.745429412068674
F,CLUSTER_18,cattle_man,14355.0,29.10022888283004
F,CLUSTER_185,cattle_man,4461.0,27.63698132605148
F,CLUSTER_185,horse_man,786.4,27.63698132605148
F,CLUSTER_19,cattle_man,13523.0,47.75944440501087
F,CLUSTER_197,cattle_man,6600.0,41.53782345997831
F,CLUSTER_199,cattle_man,3629.0,48.9139554258448
F,CLUSTER_199,horse_man,704.0,48.9139554258448
F,CLUSTER_21,cattle_man,11680.0,27.96178331263481
F,CLUSTER_21,horse_man,1242.7,27.96178331263481
F,CLUSTER_211,cattle_man,4080.0000000000005,9.329047559812194
F,CLUSTER_211,cattle_slu,27580.0,9.329047559812194
F,CLUSTER_211,horse_man,442.0,9.329047559812194
F,CLUSTER_216,cattle_man,6405.0,16.376625293247233
F,CLUSTER_216,cattle_slu,18914.0,16.376625293247233
F,CLUSTER_216,horse_man,1391.183,16.376625293247233
F,CLUSTER_220,cattle_man,1849.0,52.53637378293646
F,CLUSTER_220,horse_man,806.0,52.53637378293646
F,CLUSTER_221,cattle_man,8125.0,44.88714952327261
F,CLUSTER_221,horse_man,1171.9,44.88714952327261
F,CLUSTER_227,cattle_man,7020.0,39.32900501646075
F,CLUSTER_227,horse_man,79.97,39.32900501646075
F,CLUSTER_234,cattle_man,28380.0,50.3639977282538
F,CLUSTER_245,cattle_man,13085.0,17.435206560515656
F,CLUSTER_245,cattle_slu,83740.0,17.435206560515656
F,CLUSTER_245,horse_man,793.9,17.435206560515656
F,CLUSTER_249,cattle_man,9836.0,46.52033604107441
F,CLUSTER_25,cattle_man,2469.58,28.66747953757437
F,CLUSTER_25,horse_man,395.1,28.66747953757437
F,CLUSTER_255,cattle_man,5100.0,52.66835624981744
F,CLUSTER_255,horse_man,1720.5,52.66835624981744
F,CLUSTER_261,cattle_man,10670.0,34.74804708641558
F,CLUSTER_265,horse_man,1119.1,63.15273156735458
F,CLUSTER_269,cattle_man,10313.0,33.64525152425336
F,CLUSTER_269,horse_man,2387.8,33.64525152425336
F,CLUSTER_286,cattle_man,4579.0,21.11332893864242
F,CLUSTER_286,horse_man,502.1,21.11332893864242
F,CLUSTER_299,cattle_man,4359.0,22.012237502636843
F,CLUSTER_299,horse_man,817.8,22.012237502636843
F,CLUSTER_307,cattle_man,3600.0,19.137382423253086
F,CLUSTER_307,cattle_slu,16547.7,19.137382423253086
F,CLUSTER_307,horse_man,1101.0,19.137382423253086
F,CLUSTER_309,cattle_man,7630.0,1.0226810251023608
F,CLUSTER_309,cattle_slu,56380.0,1.0226810251023608
F,CLUSTER_309,horse_man,240.3,1.0226810251023608
F,CLUSTER_309,pig_slu,2572.0,1.0226810251023608
F,CLUSTER_309,rape_str,199.0,1.0226810251023608
F,CLUSTER_309,legume_str,115.88,1.0226810251023608
F,CLUSTER_32,cattle_man,20691.0,57.05108486077011
F,CLUSTER_327,cattle_man,2540.0,50.84418033751664
F,CLUSTER_327,horse_man,336.5,50.84418033751664
F,CLUSTER_331,cattle_man,5700.0,31.771907169407825
F,CLUSTER_331,horse_man,3020.0,31.771907169407825
F,CLUSTER_335,cattle_man,4820.0,30.67173694607373
F,CLUSTER_335,horse_man,3071.0,30.67173694607373
F,CLUSTER_346,horse_man,804.6,84.32933163929494
F,CLUSTER_357,cattle_man,11532.0,37.51347198646486
F,CLUSTER_358,cattle_man,8329.0,11.136269695526789
F,CLUSTER_358,cattle_slu,38440.0,11.136269695526789
F,CLUSTER_358,horse_man,586.9,11.136269695526789
F,CLUSTER_359,cattle_man,4205.0,43.52429647327087
F,CLUSTER_359,horse_man,362.1,43.52429647327087
F,CLUSTER_36,cattle_man,5369.2,56.61384538642128
F,CLUSTER_36,horse_man,1610.7,56.61384538642128
F,CLUSTER_367,horse_man,1169.9,66.70695384992004
F,CLUSTER_380,cattle_man,6580.0,37.5069566042688
F,CLUSTER_380,horse_man,1242.0,37.5069566042688
F,CLUSTER_401,cattle_man,1666.8,46.286896793916654
F,CLUSTER_401,horse_man,929.5,46.286896793916654
F,CLUSTER_413,cattle_man,8790.0,45.725670811649394
F,CLUSTER_414,cattle_man,13020.0,39.96158210310711
F,CLUSTER_419,cattle_man,2304.0,22.356155809291327
F,CLUSTER_419,horse_man,791.0,22.356155809291327
F,CLUSTER_437,cattle_man,8510.0,25.403216641045308
F,CLUSTER_437,horse_man,938.0,25.403216641045308
F,CLUSTER_438,cattle_man,3331.0,46.54015114589316
F,CLUSTER_444,cattle_man,2690.0,56.33390054019121
F,CLUSTER_444,horse_man,379.2,56.33390054019121
F,CLUSTER_461,cattle_man,3302.0,19.58603254431441
F,CLUSTER_461,cattle_slu,19740.0,19.58603254431441
F,CLUSTER_461,horse_man,1385.0,19.58603254431441
F,CLUSTER_465,horse_man,1448.0,61.1532533510736
F,CLUSTER_467,horse_man,266.5,71.09080916897514
F,CLUSTER_471,cattle_man,292.0,11.31815557307279
F,CLUSTER_471,cattle_slu,1307.0,11.31815557307279
F,CLUSTER_471,horse_man,250.50000000000003,11.31815557307279
F,CLUSTER_475,cattle_man,3878.0,23.954614553778807
F,CLUSTER_475,horse_man,665.9,23.954614553778807
F,CLUSTER_510,horse_man,1319.0,75.97380302082895
F,CLUSTER_518,cattle_man,9270.0,12.523395727438752
F,CLUSTER_518,cattle_slu,56400.0,12.523395727438752
F,CLUSTER_518,horse_man,1313.0,12.523395727438752
F,CLUSTER_522,cattle_man,6580.0,9.277310718556624
F,CLUSTER_522,cattle_slu,29310.0,9.277310718556624
F,CLUSTER_522,horse_man,288.1,9.277310718556624
F,CLUSTER_526,horse_man,485.0,78.4856642278906
F,CLUSTER_535,horse_man,706.0,62.94963890355296
F,CLUSTER_539,cattle_man,2743.0,41.58769174187098
F,CLUSTER_539,horse_man,433.0,41.58769174187098
F,CLUSTER_55,horse_man,3076.3,78.68950702204995
F,CLUSTER_95,horse_man,229.22,98.88894780275471
F,CLUSTER_96,horse_man,2943.838,98.15632697727732
F,CLUSTER_98,cattle_man,5002.1,20.14616356885377
F,CLUSTER_98,cattle_slu,30704.5,20.14616356885377
F,CLUSTER_98,horse_man,673.1,20.14616356885377
B,CLUSTER_1,horse_man,642.4,52.37604450998809
B,CLUSTER_116,cattle_man,856.0,23.17587762669925
B,CLUSTER_116,maize_str,4270.0,23.17587762669925
B,CLUSTER_116,beet_leaf,1830.0,23.17587762669925
B,CLUSTER_125,cattle_man,17940.0,19.288193112906463
B,CLUSTER_125,maize_str,642.8,19.288193112906463
B,CLUSTER_125,beet_leaf,1455.0,19.288193112906463
B,CLUSTER_125,rape_str,3920.0,19.288193112906463
B,CLUSTER_125,legume_str,441.0,19.288193112906463
B,CLUSTER_126,maize_str,3157.082196710306,37.47383995705478
B,CLUSTER_162,cattle_man,4108.423,28.868066030065204
B,CLUSTER_162,maize_str,4165.0,28.868066030065204
B,CLUSTER_175,maize_str,1895.0,34.605815407247995
B,CLUSTER_180,cattle_man,2402.6,29.72065235025936
B,CLUSTER_180,maize_str,9410.0,29.72065235025936
B,CLUSTER_186,cattle_man,2851.0,19.133994274630567
B,CLUSTER_186,maize_str,2451.0,19.133994274630567
B,CLUSTER_186,beet_leaf,14510.0,19.133994274630567
B,CLUSTER_186,rape_str,2267.0,19.133994274630567
B,CLUSTER_186,legume_str,321.6,19.133994274630567
B,CLUSTER_212,cattle_man,5215.0,10.204069811013332
B,CLUSTER_212,cattle_slu,20238.0,10.204069811013332
B,CLUSTER_212,clover_alfalfa_grass,2327.0,10.204069811013332
B,CLUSTER_212,maize_str,2516.0,10.204069811013332
B,CLUSTER_212,beet_leaf,11460.0,10.204069811013332
B,CLUSTER_212,rape_str,2994.0,10.204069811013332
B,CLUSTER_212,legume_str,423.4,10.204069811013332
B,CLUSTER_219,rape_str,2300.0,41.55019920598151
B,CLUSTER_219,legume_str,276.0,41.55019920598151
B,CLUSTER_240,maize_str,2018.1000000000001,36.86859057205646
B,CLUSTER_240,rape_str,698.0,36.86859057205646
B,CLUSTER_257,cattle_man,512.5,25.36740913099128
B,CLUSTER_257,maize_str,4463.0,25.36740913099128
B,CLUSTER_257,rape_str,1210.4,25.36740913099128
B,CLUSTER_267,cattle_man,6170.0,26.72496634577855
B,CLUSTER_267,maize_str,4239.0,26.72496634577855
B,CLUSTER_290,maize_str,388.7,25.34343405924305
B,CLUSTER_290,rape_str,1121.03,25.34343405924305
B,CLUSTER_290,legume_str,233.8,25.34343405924305
B,CLUSTER_295,rape_str,310.5,41.36371342539419
B,CLUSTER_295,legume_str,228.28,41.36371342539419
B,CLUSTER_31,rape_str,3014.0,44.442568776476826
B,CLUSTER_31,legume_str,400.9,44.442568776476826
B,CLUSTER_321,maize_str,1399.0,27.76364799256888
B,CLUSTER_321,rape_str,1433.0,27.76364799256888
B,CLUSTER_321,legume_str,474.1,27.76364799256888
B,CLUSTER_340,cattle_man,979.0,18.8035536179914
B,CLUSTER_340,maize_str,1072.4,18.8035536179914
B,CLUSTER_340,beet_leaf,20402.0,18.8035536179914
B,CLUSTER_35,cattle_man,3291.0,27.9589708751052
B,CLUSTER_35,maize_str,1422.0,27.9589708751052
B,CLUSTER_35,rape_str,3218.0,27.9589708751052
B,CLUSTER_35,legume_str,631.6,27.9589708751052
B,CLUSTER_351,horse_man,1500.0,49.50420323607551
B,CLUSTER_351,rape_str,1727.0,49.50420323607551
B,CLUSTER_351,legume_str,523.0,49.50420323607551
B,CLUSTER_373,cattle_man,930.61,18.352009074920005
B,CLUSTER_373,maize_str,870.8,18.352009074920005
B,CLUSTER_373,beet_leaf,13286.0,18.352009074920005
B,CLUSTER_382,rape_str,1028.0,50.1706253332809
B,CLUSTER_382,legume_str,385.1,50.1706253332809
B,CLUSTER_394,maize_str,629.0,36.76336445710714
B,CLUSTER_394,rape_str,3108.0,36.76336445710714
B,CLUSTER_394,legume_str,403.6,36.76336445710714
B,CLUSTER_397,maize_str,658.9,36.367905659595216
B,CLUSTER_397,rape_str,641.0,36.367905659595216
B,CLUSTER_397,legume_str,173.8,36.367905659595216
B,CLUSTER_399,cattle_man,1238.6,12.084130295742815
B,CLUSTER_399,cattle_slu,6217.0,12.084130295742815
B,CLUSTER_399,clover_alfalfa_grass,3714.193,12.084130295742815
B,CLUSTER_399,maize_str,1120.2,12.084130295742815
B,CLUSTER_399,beet_leaf,2780.0,12.084130295742815
B,CLUSTER_399,rape_str,723.2,12.084130295742815
B,CLUSTER_399,legume_str,297.37,12.084130295742815
B,CLUSTER_408,rape_str,1388.0,44.16568335501823
B,CLUSTER_408,legume_str,270.2,44.16568335501823
B,CLUSTER_441,maize_str,2827.0,33.27680386093176
B,CLUSTER_451,cattle_man,7650.0,31.67366396293797
B,CLUSTER_451,maize_str,737.0,31.67366396293797
B,CLUSTER_451,rape_str,3060.0,31.67366396293797
B,CLUSTER_451,legume_str,293.0,31.67366396293797
B,CLUSTER_477,rape_str,247.70000000000002,50.78877848294082
B,CLUSTER_477,legume_str,101.5,50.78877848294082
B,CLUSTER_48,cattle_man,4164.0,14.16511224363142
B,CLUSTER_48,clover_alfalfa_grass,3397.92903276266,14.16511224363142
B,CLUSTER_48,maize_str,4581.0,14.16511224363142
B,CLUSTER_48,beet_leaf,4005.1000000000004,14.16511224363142
B,CLUSTER_48,rape_str,1712.0,14.16511224363142
B,CLUSTER_48,legume_str,448.03,14.16511224363142
B,CLUSTER_481,cattle_man,7889.999999999999,24.3166117659611
B,CLUSTER_481,maize_str,1163.0,24.3166117659611
B,CLUSTER_481,rape_str,4790.0,24.3166117659611
B,CLUSTER_481,legume_str,620.0,24.3166117659611
B,CLUSTER_501,maize_str,3960.0,34.71906270594732
B,CLUSTER_503,maize_str,953.0,31.59090055571513
B,CLUSTER_503,rape_str,1574.0,31.59090055571513
B,CLUSTER_503,legume_str,401.2,31.59090055571513
B,CLUSTER_504,cattle_man,41.0,15.468804852021446
B,CLUSTER_504,maize_str,1285.0,15.468804852021446
B,CLUSTER_504,rape_str,268.5,15.468804852021446
B,CLUSTER_504,legume_str,94.63,15.468804852021446
B,CLUSTER_52,cattle_man,3984.5,6.277391126059704
B,CLUSTER_52,cattle_slu,20497.0,6.277391126059704
B,CLUSTER_52,clover_alfalfa_grass,1409.0,6.277391126059704
B,CLUSTER_52,maize_str,4642.0,6.277391126059704
B,CLUSTER_52,beet_leaf,27950.0,6.277391126059704
B,CLUSTER_52,rape_str,675.0,6.277391126059704
B,CLUSTER_52,legume_str,277.4,6.277391126059704
B,CLUSTER_545,cattle_man,1080.0,25.583809129812558
B,CLUSTER_545,maize_str,2700.0,25.583809129812558
B,CLUSTER_7,rape_str,2308.0,47.053307385051575
B,CLUSTER_7,legume_str,232.0,47.053307385051575
B,CLUSTER_72,rape_str,3098.0,41.343197257143
B,CLUSTER_72,legume_str,700.5,41.343197257143
B,CLUSTER_77,rape_str,1929.0,44.7639939476957
B,CLUSTER_77,legume_str,300.0,44.7639939476957
B,CLUSTER_89,maize_str,601.4,32.769411544506745
B,CLUSTER_89,rape_str,2965.0,32.769411544506745
B,CLUSTER_89,legume_str,351.6,32.769411544506745
O,CLUSTER_10,horse_man,1392.2,65.59813410839374
O,CLUSTER_10,maize_str,92.1,65.59813410839374
O,CLUSTER_10,rape_str,247.74999999999997,65.59813410839374
O,CLUSTER_10,legume_str,66.8,65.59813410839374
O,CLUSTER_110,cattle_man,22036.0,20.49873217417336
O,CLUSTER_110,horse_man,797.0,20.49873217417336
O,CLUSTER_110,clover_alfalfa_grass,1581.5,20.49873217417336
O,CLUSTER_110,rape_str,218.1,20.49873217417336
O,CLUSTER_110,legume_str,32.8,20.49873217417336
O,CLUSTER_119,cattle_man,14930.0,25.270236585159687
O,CLUSTER_119,horse_man,1764.0,25.270236585159687
O,CLUSTER_119,clover_alfalfa_grass,2730.0,25.270236585159687
O,CLUSTER_119,beet_leaf,644.0,25.270236585159687
O,CLUSTER_119,rape_str,1302.0,25.270236585159687
O,CLUSTER_119,legume_str,143.3,25.270236585159687
O,CLUSTER_156,horse_man,1144.7,60.01263296865629
O,CLUSTER_156,maize_str,250.71100000000004,60.01263296865629
O,CLUSTER_156,rape_str,1599.0,60.01263296865629
O,CLUSTER_156,legume_str,342.4,60.01263296865629
O,CLUSTER_158,horse_man,253.79999999999998,52.69950904977682
O,CLUSTER_158,rape_str,44.4,52.69950904977682
O,CLUSTER_158,legume_str,41.66,52.69950904977682
O,CLUSTER_163,cattle_man,10520.0,20.454346041988394
O,CLUSTER_163,horse_man,1805.0,20.454346041988394
O,CLUSTER_163,clover_alfalfa_grass,5751.6,20.454346041988394
O,CLUSTER_163,beet_leaf,38.36,20.454346041988394
O,CLUSTER_163,rape_str,435.3,20.454346041988394
O,CLUSTER_163,legume_str,26.23,20.454346041988394
O,CLUSTER_164,cattle_man,5420.0,34.07247564138584
O,CLUSTER_164,horse_man,1264.0,34.07247564138584
O,CLUSTER_164,clover_alfalfa_grass,1189.4358892743096,34.07247564138584
O,CLUSTER_164,maize_str,100.7,34.07247564138584
O,CLUSTER_164,rape_str,740.0,34.07247564138584
O,CLUSTER_164,legume_str,154.5,34.07247564138584
O,CLUSTER_170,horse_man,782.0,46.925270623902406
O,CLUSTER_170,maize_str,38.8,46.925270623902406
O,CLUSTER_170,rape_str,334.9,46.925270623902406
O,CLUSTER_172,maize_str,54.92,73.86693946534083
O,CLUSTER_173,cattle_man,7846.000000000001,11.015072656192917
O,CLUSTER_173,cattle_slu,8502.0,11.015072656192917
O,CLUSTER_173,horse_man,973.0,11.015072656192917
O,CLUSTER_173,clover_alfalfa_grass,4227.0,11.015072656192917
O,CLUSTER_173,rape_str,696.9,11.015072656192917
O,CLUSTER_173,legume_str,245.0,11.015072656192917
O,CLUSTER_177,cattle_man,5132.0,9.28037729145628
O,CLUSTER_177,cattle_slu,4510.4,9.28037729145628
O,CLUSTER_177,clover_alfalfa_grass,1485.5,9.28037729145628
O,CLUSTER_177,maize_str,263.9,9.28037729145628
O,CLUSTER_177,beet_leaf,2919.0,9.28037729145628
O,CLUSTER_177,rape_str,3337.0,9.28037729145628
O,CLUSTER_179,cattle_man,11220.0,15.5585677577792
O,CLUSTER_179,horse_man,1139.0,15.5585677577792
O,CLUSTER_179,clover_alfalfa_grass,1690.0,15.5585677577792
O,CLUSTER_179,rape_str,741.5,15.5585677577792
O,CLUSTER_179,legume_str,197.6,15.5585677577792
O,CLUSTER_200,cattle_man,3150.0,19.920834355447536
O,CLUSTER_200,horse_man,797.9,19.920834355447536
O,CLUSTER_200,clover_alfalfa_grass,2944.0,19.920834355447536
O,CLUSTER_200,maize_str,105.4,19.920834355447536
O,CLUSTER_200,beet_leaf,1422.0,19.920834355447536
O,CLUSTER_200,rape_str,2260.0,19.920834355447536
O,CLUSTER_200,legume_str,199.5,19.920834355447536
O,CLUSTER_213,cattle_man,3968.0,37.83860753860669
O,CLUSTER_213,horse_man,642.2,37.83860753860669
O,CLUSTER_213,rape_str,43.9,37.83860753860669
O,CLUSTER_213,legume_str,10.36,37.83860753860669
O,CLUSTER_217,maize_str,304.0,70.51782820700925
O,CLUSTER_222,maize_str,154.36,67.40085075952204
O,CLUSTER_236,cattle_man,1177.4,18.459959161287223
O,CLUSTER_236,clover_alfalfa_grass,7577.00461,18.459959161287223
O,CLUSTER_236,maize_str,46.4,18.459959161287223
O,CLUSTER_236,beet_leaf,1965.0000000000002,18.459959161287223
O,CLUSTER_238,cattle_man,7143.0,26.936375000827955
O,CLUSTER_238,horse_man,820.7,26.936375000827955
O,CLUSTER_238,clover_alfalfa_grass,4807.0,26.936375000827955
O,CLUSTER_238,beet_leaf,948.4,26.936375000827955
O,CLUSTER_238,rape_str,2251.0,26.936375000827955
O,CLUSTER_238,legume_str,234.7,26.936375000827955
O,CLUSTER_246,maize_str,156.3,63.05928978180626
O,CLUSTER_247,cattle_man,2871.0,21.202279350639497
O,CLUSTER_247,clover_alfalfa_grass,4320.0,21.202279350639497
O,CLUSTER_247,maize_str,161.1,21.202279350639497
O,CLUSTER_247,beet_leaf,1045.0,21.202279350639497
O,CLUSTER_251,maize_str,70.9,62.20490100311315
O,CLUSTER_251,rape_str,2183.0,62.20490100311315
O,CLUSTER_251,legume_str,633.1999999999999,62.20490100311315
O,CLUSTER_255,maize_str,91.14,71.7848899021373
O,CLUSTER_260,horse_man,1035.0,60.27759376130966
O,CLUSTER_260,maize_str,57.0,60.27759376130966
O,CLUSTER_260,rape_str,97.5,60.27759376130966
O,CLUSTER_260,legume_str,66.4,60.27759376130966
O,CLUSTER_271,cattle_man,3622.2,23.68483299342132
O,CLUSTER_271,horse_man,278.4,23.68483299342132
O,CLUSTER_271,clover_alfalfa_grass,3043.0,23.68483299342132
O,CLUSTER_271,maize_str,266.3,23.68483299342132
O,CLUSTER_271,beet_leaf,4136.0,23.68483299342132
O,CLUSTER_271,rape_str,2906.0,23.68483299342132
O,CLUSTER_271,legume_str,258.8,23.68483299342132
O,CLUSTER_275,cattle_man,3212.5,31.57887114646768
O,CLUSTER_275,clover_alfalfa_grass,2152.0,31.57887114646768
O,CLUSTER_275,maize_str,130.5,31.57887114646768
O,CLUSTER_275,rape_str,2420.0,31.57887114646768
O,CLUSTER_275,legume_str,322.6,31.57887114646768
O,CLUSTER_277,cattle_man,5821.6782849092315,41.15651419525812
O,CLUSTER_277,maize_str,52.900000000000006,41.15651419525812
O,CLUSTER_277,rape_str,2519.0,41.15651419525812
O,CLUSTER_277,legume_str,748.8,41.15651419525812
O,CLUSTER_293,maize_str,181.2,56.77459476449162
O,CLUSTER_317,cattle_man,11860.0,30.89394132958366
O,CLUSTER_317,clover_alfalfa_grass,4220.0,30.89394132958366
O,CLUSTER_317,maize_str,120.7,30.89394132958366
O,CLUSTER_317,rape_str,692.0,30.89394132958366
O,CLUSTER_317,legume_str,236.2,30.89394132958366
O,CLUSTER_320,clover_alfalfa_grass,1436.3,25.78773729018028
O,CLUSTER_320,beet_leaf,2141.0,25.78773729018028
O,CLUSTER_326,maize_str,598.0,52.505700914538494
O,CLUSTER_326,rape_str,2611.0,52.505700914538494
O,CLUSTER_326,legume_str,268.6,52.505700914538494
O,CLUSTER_328,cattle_man,9120.0,28.48248178843849
O,CLUSTER_328,clover_alfalfa_grass,6407.0,28.48248178843849
O,CLUSTER_328,maize_str,276.0,28.48248178843849
O,CLUSTER_328,beet_leaf,2953.0,28.48248178843849
O,CLUSTER_332,maize_str,50.4,54.73481559707064
O,CLUSTER_36,maize_str,381.1,69.91717982188973
O,CLUSTER_36,legume_str,273.0,69.91717982188973
O,CLUSTER_367,maize_str,296.88,57.6584851671416
O,CLUSTER_367,rape_str,1095.0,57.6584851671416
O,CLUSTER_367,legume_str,263.8,57.6584851671416
O,CLUSTER_388,horse_man,410.3,60.069710848076014
O,CLUSTER_410,cattle_man,8090.0,21.21008776095509
O,CLUSTER_410,horse_man,808.4,21.21008776095509
O,CLUSTER_410,clover_alfalfa_grass,6962.0,21.21008776095509
O,CLUSTER_410,maize_str,31.67,21.21008776095509
O,CLUSTER_410,beet_leaf,1747.4,21.21008776095509
O,CLUSTER_410,rape_str,2374.0,21.21008776095509
O,CLUSTER_410,legume_str,361.8,21.21008776095509
O,CLUSTER_424,horse_man,879.04,53.89097210177609
O,CLUSTER_424,maize_str,42.1,53.89097210177609
O,CLUSTER_424,rape_str,2239.8,53.89097210177609
O,CLUSTER_424,legume_str,524.5,53.89097210177609
O,CLUSTER_426,horse_man,3962.2,67.35455182955982
O,CLUSTER_426,maize_str,506.6000000000001,67.35455182955982
O,CLUSTER_426,rape_str,345.91,67.35455182955982
O,CLUSTER_426,legume_str,76.906,67.35455182955982
O,CLUSTER_430,cattle_man,1180.0,8.073334789230962
O,CLUSTER_430,cattle_slu,644.35,8.073334789230962
O,CLUSTER_430,horse_man,480.0,8.073334789230962
O,CLUSTER_430,clover_alfalfa_grass,633.0,8.073334789230962
O,CLUSTER_430,maize_str,59.93000000000001,8.073334789230962
O,CLUSTER_430,beet_leaf,674.0,8.073334789230962
O,CLUSTER_430,rape_str,1226.0,8.073334789230962
O,CLUSTER_430,legume_str,108.18,8.073334789230962
O,CLUSTER_449,cattle_man,7060.2,15.545379694377514
O,CLUSTER_449,horse_man,518.500398,15.545379694377514
O,CLUSTER_449,clover_alfalfa_grass,2815.0,15.545379694377514
O,CLUSTER_449,maize_str,119.0,15.545379694377514
O,CLUSTER_449,beet_leaf,1486.5,15.545379694377514
O,CLUSTER_449,rape_str,2855.0,15.545379694377514
O,CLUSTER_449,legume_str,67.55,15.545379694377514
O,CLUSTER_455,maize_str,263.67,44.68695109412608
O,CLUSTER_465,maize_str,1243.0,65.11726101043173
O,CLUSTER_465,rape_str,2360.0,65.11726101043173
O,CLUSTER_465,legume_str,750.0,65.11726101043173
O,CLUSTER_467,maize_str,240.8,57.28434752377416
O,CLUSTER_467,rape_str,1193.5,57.28434752377416
O,CLUSTER_467,legume_str,423.2,57.28434752377416
O,CLUSTER_47,horse_man,414.0,54.52109177290665
O,CLUSTER_47,rape_str,155.0,54.52109177290665
O,CLUSTER_487,cattle_man,16400.0,28.11221205456169
O,CLUSTER_487,clover_alfalfa_grass,3453.0,28.11221205456169
O,CLUSTER_487,beet_leaf,25760.0,28.11221205456169
O,CLUSTER_49,cattle_man,15490.0,15.369252178462164
O,CLUSTER_49,clover_alfalfa_grass,6059.8,15.369252178462164
O,CLUSTER_49,maize_str,516.3,15.369252178462164
O,CLUSTER_49,beet_leaf,9947.0,15.369252178462164
O,CLUSTER_491,cattle_man,6717.0,19.159090167258864
O,CLUSTER_491,clover_alfalfa_grass,4660.0,19.159090167258864
O,CLUSTER_491,maize_str,50.9,19.159090167258864
O,CLUSTER_491,beet_leaf,1289.0,19.159090167258864
O,CLUSTER_497,horse_man,138.1,48.12188799145694
O,CLUSTER_497,maize_str,25.5,48.12188799145694
O,CLUSTER_497,rape_str,1290.0,48.12188799145694
O,CLUSTER_497,legume_str,206.1,48.12188799145694
O,CLUSTER_506,cattle_man,1700.0,36.44929079749518
O,CLUSTER_519,cattle_man,4091.0,25.78833744499736
O,CLUSTER_519,horse_man,814.0,25.78833744499736
O,CLUSTER_519,clover_alfalfa_grass,56.8,25.78833744499736
O,CLUSTER_519,legume_str,11.1,25.78833744499736
O,CLUSTER_525,cattle_man,4927.7,40.30477412382022
O,CLUSTER_525,maize_str,16.1,40.30477412382022
O,CLUSTER_525,rape_str,758.0,40.30477412382022
O,CLUSTER_525,legume_str,32.37,40.30477412382022
O,CLUSTER_526,rape_str,1150.0,49.622927228499655
O,CLUSTER_526,legume_str,215.0,49.622927228499655
O,CLUSTER_535,maize_str,176.0,62.23761012300687
O,CLUSTER_535,rape_str,709.22,62.23761012300687
O,CLUSTER_535,legume_str,91.4,62.23761012300687
O,CLUSTER_538,cattle_man,3387.0,6.747766169003415
O,CLUSTER_538,cattle_slu,3543.0,6.747766169003415
O,CLUSTER_538,horse_man,768.4,6.747766169003415
O,CLUSTER_538,clover_alfalfa_grass,2378.0,6.747766169003415
O,CLUSTER_538,maize_str,24.6,6.747766169003415
O,CLUSTER_538,beet_leaf,343.8,6.747766169003415
O,CLUSTER_538,rape_str,957.0,6.747766169003415
O,CLUSTER_538,legume_str,213.05,6.747766169003415
O,CLUSTER_546,cattle_man,5370.0,30.986040820873956
O,CLUSTER_546,horse_man,444.0,30.986040820873956
O,CLUSTER_546,clover_alfalfa_grass,1237.0,30.986040820873956
O,CLUSTER_546,rape_str,476.2,30.986040820873956
O,CLUSTER_546,legume_str,32.5,30.986040820873956
O,CLUSTER_60,horse_man,2507.8,67.26906869958572
O,CLUSTER_60,maize_str,135.7,67.26906869958572
O,CLUSTER_60,rape_str,542.5,67.26906869958572
O,CLUSTER_60,legume_str,82.928,67.26906869958572
O,CLUSTER_80,cattle_man,2733.9,10.99546450188372
O,CLUSTER_80,cattle_slu,4518.7,10.99546450188372
O,CLUSTER_80,horse_man,210.9,10.99546450188372
O,CLUSTER_80,clover_alfalfa_grass,3708.0,10.99546450188372
O,CLUSTER_80,maize_str,115.0,10.99546450188372
O,CLUSTER_80,beet_leaf,2904.0,10.99546450188372
O,CLUSTER_80,rape_str,3516.0,10.99546450188372
O,CLUSTER_80,legume_str,346.7,10.99546450188372
O,CLUSTER_87,maize_str,676.6,70.38662614268253
O,CLUSTER_95,cattle_man,4536.0,28.222191367181814
O,CLUSTER_95,clover_alfalfa_grass,6962.0,28.222191367181814
O,CLUSTER_95,maize_str,231.9,28.222191367181814
O,CLUSTER_95,beet_leaf,4022.9999999999995,28.222191367181814
O,CLUSTER_95,rape_str,4774.0,28.222191367181814
O,CLUSTER_95,legume_str,380.1,28.222191367181814
O,CLUSTER_97,cattle_man,4494.0,33.609759854078725
O,CLUSTER_97,clover_alfalfa_grass,9077.0,33.609759854078725
O,CLUSTER_97,maize_str,150.8,33.609759854078725
N,CLUSTER_1,cattle_man,7654.55,32.3072838511313
N,CLUSTER_103,cattle_man,2660.0,49.30952320020257
N,CLUSTER_108,cattle_man,372.4,52.506927760138566
N,CLUSTER_11,cattle_man,3764.1,35.61897909608213
N,CLUSTER_12,cattle_man,6212.0,17.443583194182164
N,CLUSTER_12,cattle_slu,47452.0,17.443583194182164
N,CLUSTER_141,cattle_man,6618.0,30.876068764494235
N,CLUSTER_147,cattle_man,5220.0,36.827781372373416
N,CLUSTER_15,cattle_man,7650.0,9.924125361092468
N,CLUSTER_15,cattle_slu,47060.0,9.924125361092468
N,CLUSTER_160,cattle_man,5620.0,41.90794242637988
N,CLUSTER_169,cattle_man,8425.7,47.31723821436299
N,CLUSTER_171,cattle_man,11040.0,37.04091388855871
N,CLUSTER_188,cattle_man,6172.0,16.352591820309843
N,CLUSTER_188,cattle_slu,39630.0,16.352591820309843
N,CLUSTER_188,horse_man,1732.0,16.352591820309843
N,CLUSTER_219,cattle_man,5290.0,40.46278946071544
N,CLUSTER_232,horse_man,3168.0,60.40984769929113
N,CLUSTER_237,cattle_man,4862.0,51.07981226751477
N,CLUSTER_242,cattle_man,11300.0,46.90602127143289
N,CLUSTER_262,cattle_man,7320.0,24.611796963408302
N,CLUSTER_265,cattle_man,1417.0,46.297610433742975
N,CLUSTER_266,cattle_man,5864.8,38.83355272702504
N,CLUSTER_266,horse_man,271.0126,38.83355272702504
N,CLUSTER_272,cattle_man,3166.9,32.71803328922805
N,CLUSTER_294,cattle_man,6386.0,46.81589300183706
N,CLUSTER_294,horse_man,1187.9,46.81589300183706
N,CLUSTER_322,cattle_man,5790.0,14.561756345981063
N,CLUSTER_322,cattle_slu,28610.0,14.561756345981063
N,CLUSTER_346,cattle_man,146.3,15.111891509836216
N,CLUSTER_346,cattle_slu,1167.2,15.111891509836216
N,CLUSTER_351,cattle_man,14750.0,23.32720038103152
N,CLUSTER_381,cattle_man,4175.2,35.031735833917494
N,CLUSTER_382,cattle_man,2959.0,47.89718058696931
N,CLUSTER_384,cattle_man,3170.0,38.396182870817135
N,CLUSTER_392,cattle_man,5800.0,22.11112152008039
N,CLUSTER_394,cattle_man,6080.0,33.91137779036167
N,CLUSTER_40,cattle_man,5321.0,28.518472837813334
N,CLUSTER_404,cattle_man,4430.0,21.003807242384923
N,CLUSTER_404,horse_man,1860.0,21.003807242384923
N,CLUSTER_41,cattle_man,390.8,43.65042949570344
N,CLUSTER_425,cattle_man,2512.95,38.30723149235684
N,CLUSTER_433,cattle_man,4450.0297,52.4394137194602
N,CLUSTER_433,horse_man,1106.0,52.4394137194602
N,CLUSTER_435,cattle_man,3989.9999999999995,9.409640230184513
N,CLUSTER_435,cattle_slu,23870.0,9.409640230184513
N,CLUSTER_454,cattle_man,5716.1,41.39466662217614
N,CLUSTER_460,horse_man,392.16,77.36748047082024
N,CLUSTER_469,cattle_man,3134.0,53.84753864670213
N,CLUSTER_476,cattle_man,2730.0,7.720936088198288
N,CLUSTER_476,cattle_slu,21010.0,7.720936088198288
N,CLUSTER_476,horse_man,492.00000000000006,7.720936088198288
N,CLUSTER_490,cattle_man,3600.0,32.006009822690984
N,CLUSTER_490,horse_man,745.2,32.006009822690984
N,CLUSTER_510,cattle_man,2238.5,31.81434222600124
N,CLUSTER_512,cattle_man,5080.0,37.05815719643466
N,CLUSTER_524,cattle_man,2192.0,36.50230143580973
N,CLUSTER_529,cattle_man,7480.0,46.18459654248634
N,CLUSTER_532,cattle_man,3510.0508,53.70112805082932
N,CLUSTER_536,cattle_man,3358.0,28.72467322838852
N,CLUSTER_55,cattle_man,3272.0,22.92860903678731
N,CLUSTER_72,cattle_man,21650.0,24.38306296080844
N,CLUSTER_76,cattle_man,2539.0,24.772813642373222
N,CLUSTER_76,horse_man,2263.0,24.772813642373222
N,CLUSTER_77,cattle_man,15680.0,29.81415724854001
N,CLUSTER_78,cattle_man,7012.0,34.843704392679804
N,CLUSTER_78,horse_man,873.4,34.843704392679804
N,CLUSTER_88,cattle_man,1437.0,42.50472076885264
N,CLUSTER_96,cattle_man,3690.0,21.353288655590845
H,CLUSTER_232,cattle_man,5614.9829306397205,6.021727996171884
H,CLUSTER_232,cattle_slu,3612.43657076122,6.021727996171884
P,CLUSTER_10,cattle_man,3121.0,7.214627581426665
P,CLUSTER_10,cattle_slu,2932.515798258156,7.214627581426665
P,CLUSTER_158,cattle_man,792.0,6.280945075349567
P,CLUSTER_158,cattle_slu,1096.0,6.280945075349567
P,CLUSTER_172,horse_man,675.7508266834633,17.718474213544805
P,CLUSTER_388,cattle_man,490.4,7.997379756300884
M,CLUSTER_255,cattle_slu,3612.436570761273,5.254333445527126
M,CLUSTER_465,cattle_man,5614.982930639803,8.954397898987526
Q,CLUSTER_176,cattle_man,2533.2,8.125968911826348
Q,CLUSTER_176,cattle_slu,3612.4365707612733,8.125968911826348
Q,CLUSTER_82,cattle_man,3081.7829306398044,8.77732505036834
R,CLUSTER_254,cattle_slu,11201.88666094947,1.982861947344351
R,CLUSTER_33,cattle_man,2508.755866775142,18.806702349505148
