PlantLocation,SupplyNode,Feedstock,FlowTons,Distance_km
CV,CLUSTER_0,cattle_man,28890.0,32.95978738510055
CV,CLUSTER_0,horse_man,2610.0,32.95978738510055
CV,CLUSTER_0,pig_man,1695.2,32.95978738510055
CV,CLUSTER_100,cattle_man,9536.0,31.24771452873148
CV,CLUSTER_100,horse_man,3925.5,31.24771452873148
CV,CLUSTER_100,pig_man,69.61,31.24771452873148
CV,CLUSTER_101,pig_man,311.45,113.41617261415658
CV,CLUSTER_104,horse_man,871.7,43.94215576727816
CV,CLUSTER_104,pig_man,527.2180000000001,43.94215576727816
CV,CLUSTER_107,pig_man,993.2,70.09139212001567
CV,CLUSTER_111,pig_man,262.226,100.95732454692066
CV,CLUSTER_116,pig_man,144.5,62.008467724478095
CV,CLUSTER_122,cattle_man,17000.0,26.09435593217077
CV,CLUSTER_122,horse_man,5260.0,26.09435593217077
CV,CLUSTER_122,pig_man,40.78257,26.09435593217077
CV,CLUSTER_124,pig_man,225.04,115.76428769470564
CV,CLUSTER_125,pig_man,536.0,96.36639882625278
CV,CLUSTER_126,horse_man,1435.2,43.432086639346245
CV,CLUSTER_126,pig_man,2894.0,43.432086639346245
CV,CLUSTER_13,pig_man,152.17000000000002,102.05985185974224
CV,CLUSTER_131,horse_man,1232.0,35.34706008111779
CV,CLUSTER_131,pig_man,1497.8,35.34706008111779
CV,CLUSTER_132,pig_man,943.9,113.88348546245356
CV,CLUSTER_135,horse_man,2847.0,55.47333947203544
CV,CLUSTER_135,pig_man,159.368,55.47333947203544
CV,CLUSTER_138,pig_man,1203.8,91.68044150623192
CV,CLUSTER_142,cattle_man,32190.000000000004,11.898469427455286
CV,CLUSTER_142,horse_man,1981.9999999999998,11.898469427455286
CV,CLUSTER_142,pig_man,67.2671,11.898469427455286
CV,CLUSTER_144,pig_man,1094.5,62.66080284949809
CV,CLUSTER_145,pig_man,104.2,102.54259111951484
CV,CLUSTER_149,horse_man,2613.8,35.32696026602102
CV,CLUSTER_149,pig_man,19.0894,35.32696026602102
CV,CLUSTER_150,pig_man,605.1,111.45159985280812
CV,CLUSTER_151,horse_man,5352.0,34.35619790467084
CV,CLUSTER_151,pig_man,33.274,34.35619790467084
CV,CLUSTER_152,horse_man,2493.3,46.99645269141967
CV,CLUSTER_152,pig_man,174.14849999999998,46.99645269141967
CV,CLUSTER_155,pig_man,1243.7,74.91436710138818
CV,CLUSTER_159,pig_man,3550.315,99.82288908132035
CV,CLUSTER_162,pig_man,126.94,86.21372258371515
CV,CLUSTER_165,cattle_man,8970.0,26.861394130314373
CV,CLUSTER_165,horse_man,1926.7,26.861394130314373
CV,CLUSTER_165,pig_man,1019.9,26.861394130314373
CV,CLUSTER_175,pig_man,35.4,78.13243112132804
CV,CLUSTER_176,pig_man,232.96,111.51751700245076
CV,CLUSTER_180,horse_man,1481.0,55.31187479119173
CV,CLUSTER_180,pig_man,6160.0,55.31187479119173
CV,CLUSTER_182,pig_man,1527.0,80.75408170387308
CV,CLUSTER_184,pig_man,1364.0,70.5788731687122
CV,CLUSTER_186,pig_man,471.4,77.24298598898115
CV,CLUSTER_187,pig_man,939.3,100.73759064330709
CV,CLUSTER_195,pig_man,34.13825,106.90033511968002
CV,CLUSTER_198,horse_man,2306.0,46.88939213862314
CV,CLUSTER_2,horse_man,975.2,55.72331326241407
CV,CLUSTER_2,pig_man,1666.5,55.72331326241407
CV,CLUSTER_20,horse_man,3289.0,36.13417868717772
CV,CLUSTER_20,pig_man,3376.0,36.13417868717772
CV,CLUSTER_202,pig_man,229.17,97.93851417633552
CV,CLUSTER_203,cattle_man,28660.0,33.01063095941536
CV,CLUSTER_203,horse_man,3313.0,33.01063095941536
CV,CLUSTER_203,pig_man,696.08362,33.01063095941536
CV,CLUSTER_204,pig_man,37.494,69.53459034352295
CV,CLUSTER_205,cattle_man,16567.0,23.373128120906443
CV,CLUSTER_205,horse_man,3447.0,23.373128120906443
CV,CLUSTER_205,pig_man,123.23616,23.373128120906443
CV,CLUSTER_208,pig_man,22.65,65.80779155570337
CV,CLUSTER_210,pig_man,122.09999999999998,117.62074970350508
CV,CLUSTER_212,pig_man,132.0,85.21729012428466
CV,CLUSTER_215,horse_man,2969.0,54.60890436691712
CV,CLUSTER_218,cattle_man,42980.0,24.15397666878238
CV,CLUSTER_218,horse_man,4008.0000000000005,24.15397666878238
CV,CLUSTER_219,pig_man,686.0,109.720632076091
CV,CLUSTER_22,cattle_man,44030.0,7.5493750395724435
CV,CLUSTER_22,cattle_slu,203300.0,7.5493750395724435
CV,CLUSTER_22,horse_man,2301.0,7.5493750395724435
CV,CLUSTER_22,pig_man,696.0,7.5493750395724435
CV,CLUSTER_223,pig_man,439.438657,94.3357915981359
CV,CLUSTER_225,pig_man,1314.9,82.51297649308562
CV,CLUSTER_229,pig_man,38.028209,107.44650568690076
CV,CLUSTER_231,pig_man,10.6436,115.85223615570864
CV,CLUSTER_233,pig_man,435.2,74.60628638221598
CV,CLUSTER_235,pig_man,439.78,101.0611189337814
CV,CLUSTER_239,horse_man,2882.5,52.23013506978815
CV,CLUSTER_239,pig_man,931.74,52.23013506978815
CV,CLUSTER_240,pig_man,24.931,84.89914023338105
CV,CLUSTER_244,horse_man,3070.0,51.82229517091272
CV,CLUSTER_250,pig_man,54.334,115.00269035286976
CV,CLUSTER_256,horse_man,2930.0,56.53020600019583
CV,CLUSTER_256,pig_man,14.8359,56.53020600019583
CV,CLUSTER_257,horse_man,1598.0,52.96563586958576
CV,CLUSTER_257,pig_man,1704.41,52.96563586958576
CV,CLUSTER_26,horse_man,4471.0,44.90436323309344
CV,CLUSTER_263,horse_man,3265.0,55.72883396203232
CV,CLUSTER_263,pig_man,198.21,55.72883396203232
CV,CLUSTER_267,pig_man,778.8,69.82624890766834
CV,CLUSTER_270,pig_man,61.2952,97.09130260738628
CV,CLUSTER_273,pig_man,524.6,77.56031853447216
CV,CLUSTER_274,pig_man,587.9,87.13868980418191
CV,CLUSTER_279,cattle_man,21730.0,11.031558259413728
CV,CLUSTER_279,horse_man,1665.3,11.031558259413728
CV,CLUSTER_279,pig_man,723.8400164000001,11.031558259413728
CV,CLUSTER_280,pig_man,171.3,108.9286338407684
CV,CLUSTER_282,pig_man,277.076,94.99273179255248
CV,CLUSTER_284,pig_man,447.9,85.66835347690045
CV,CLUSTER_288,cattle_man,23510.0,17.68950683010639
CV,CLUSTER_288,horse_man,1884.0,17.68950683010639
CV,CLUSTER_288,pig_man,786.0,17.68950683010639
CV,CLUSTER_29,cattle_man,35210.0,31.12165739550796
CV,CLUSTER_29,horse_man,2338.7,31.12165739550796
CV,CLUSTER_290,pig_man,122.18799999999999,96.4760624995587
CV,CLUSTER_291,pig_man,7740.0,94.38971664900475
CV,CLUSTER_292,pig_man,2862.0,83.11383539010119
CV,CLUSTER_297,pig_man,153.126,75.02304900411426
CV,CLUSTER_3,pig_man,16.916,67.5199822368907
CV,CLUSTER_300,cattle_man,12150.0,19.419689098818463
CV,CLUSTER_300,horse_man,6326.0,19.419689098818463
CV,CLUSTER_300,pig_man,581.8449999999999,19.419689098818463
CV,CLUSTER_301,pig_man,225.23,90.56230276629525
CV,CLUSTER_302,horse_man,1597.0,48.869543447835845
CV,CLUSTER_302,pig_man,141.874306,48.869543447835845
CV,CLUSTER_306,horse_man,2610.0,43.89008287478487
CV,CLUSTER_306,pig_man,479.4,43.89008287478487
CV,CLUSTER_31,pig_man,390.4,110.34903498234182
CV,CLUSTER_315,pig_man,304.38530000000003,74.91411005572327
CV,CLUSTER_319,horse_man,1821.5,44.48413214899364
CV,CLUSTER_319,pig_man,343.0,44.48413214899364
CV,CLUSTER_321,pig_man,53.32708,88.75215511769505
CV,CLUSTER_323,cattle_man,18150.0,5.156823989847338
CV,CLUSTER_323,cattle_slu,79000.0,5.156823989847338
CV,CLUSTER_323,horse_man,2339.0,5.156823989847338
CV,CLUSTER_323,pig_man,275.81,5.156823989847338
CV,CLUSTER_324,pig_man,258.47,69.06393630699725
CV,CLUSTER_330,horse_man,1269.6,34.40385789089731
CV,CLUSTER_330,pig_man,378.71,34.40385789089731
CV,CLUSTER_338,pig_man,496.0,72.23016711554297
CV,CLUSTER_339,pig_man,586.97,98.61842212340169
CV,CLUSTER_34,pig_man,547.047,64.09077182573014
CV,CLUSTER_340,pig_man,150.7,76.01883639114908
CV,CLUSTER_342,pig_man,109.9,63.28334718517564
CV,CLUSTER_344,pig_man,347.5,80.63116655706803
CV,CLUSTER_345,horse_man,3059.0,40.54956277053057
CV,CLUSTER_345,pig_man,131.752025,40.54956277053057
CV,CLUSTER_349,pig_man,105.746,91.74546193006935
CV,CLUSTER_35,pig_man,754.8290000000001,96.92428553003386
CV,CLUSTER_350,horse_man,2875.0,45.1941792478453
CV,CLUSTER_350,pig_man,183.62,45.1941792478453
CV,CLUSTER_352,pig_man,32.1,64.19481036427389
CV,CLUSTER_353,pig_man,473.0,88.510346358972
CV,CLUSTER_354,horse_man,793.6,49.50240411780903
CV,CLUSTER_354,pig_man,883.52,49.50240411780903
CV,CLUSTER_355,pig_man,1341.0,67.71710504387184
CV,CLUSTER_363,horse_man,3180.0,35.90929030521772
CV,CLUSTER_363,pig_man,154.91,35.90929030521772
CV,CLUSTER_37,horse_man,943.0,44.45929358347082
CV,CLUSTER_37,pig_man,3353.8,44.45929358347082
CV,CLUSTER_370,pig_man,15.373134,99.18183152218168
CV,CLUSTER_371,cattle_man,13910.0,26.37999511097714
CV,CLUSTER_371,horse_man,1280.1,26.37999511097714
CV,CLUSTER_371,pig_man,228.32,26.37999511097714
CV,CLUSTER_372,pig_man,127.52,116.85346091592224
CV,CLUSTER_376,pig_man,263.4000241,84.75695296990514
CV,CLUSTER_378,cattle_man,31200.0,20.728953553161137
CV,CLUSTER_378,horse_man,1373.0,20.728953553161137
CV,CLUSTER_378,pig_man,297.007,20.728953553161137
CV,CLUSTER_382,pig_man,429.0,112.1184088109072
CV,CLUSTER_386,cattle_man,420.0,25.802722200347365
CV,CLUSTER_386,horse_man,3289.0,25.802722200347365
CV,CLUSTER_394,pig_man,434.7,110.435371256725
CV,CLUSTER_396,horse_man,4460.0,45.527721221183725
CV,CLUSTER_397,pig_man,80.291,106.99377590137674
CV,CLUSTER_398,horse_man,1395.0,40.07096797043555
CV,CLUSTER_398,pig_man,169.0001898,40.07096797043555
CV,CLUSTER_399,pig_man,646.33,84.81882296262467
CV,CLUSTER_400,pig_man,2588.0,62.65616029170521
CV,CLUSTER_402,pig_man,1540.0,89.37751093720205
CV,CLUSTER_403,cattle_man,9000.0,23.478681676176947
CV,CLUSTER_403,horse_man,1197.0,23.478681676176947
CV,CLUSTER_403,pig_man,782.0,23.478681676176947
CV,CLUSTER_406,pig_man,52.746,112.587444534494
CV,CLUSTER_407,horse_man,3348.0,58.05176042810976
CV,CLUSTER_408,pig_man,511.6000000000001,101.38010189116169
CV,CLUSTER_423,cattle_man,22380.0,18.761046761181507
CV,CLUSTER_423,horse_man,1678.0106,18.761046761181507
CV,CLUSTER_423,pig_man,669.519,18.761046761181507
CV,CLUSTER_427,pig_man,799.2,82.77108889079007
CV,CLUSTER_428,pig_man,58.397,91.20036732618225
CV,CLUSTER_43,cattle_man,697.37,30.832514511973976
CV,CLUSTER_43,horse_man,1609.1999999999998,30.832514511973976
CV,CLUSTER_43,pig_man,36.5,30.832514511973976
CV,CLUSTER_431,pig_man,238.34,77.65742182767423
CV,CLUSTER_432,pig_man,80.1,93.52618292374522
CV,CLUSTER_436,pig_man,326.0,69.71054986822018
CV,CLUSTER_440,horse_man,2708.0,54.87645048990315
CV,CLUSTER_441,horse_man,821.0,44.7231229490226
CV,CLUSTER_441,pig_man,1272.0,44.7231229490226
CV,CLUSTER_446,pig_man,216.2920123,110.17435647199196
CV,CLUSTER_447,horse_man,3973.0,44.22709998451476
CV,CLUSTER_447,pig_man,67.14,44.22709998451476
CV,CLUSTER_450,horse_man,963.9,53.34686831691841
CV,CLUSTER_450,pig_man,315.5,53.34686831691841
CV,CLUSTER_451,pig_man,528.0,109.58445690159084
CV,CLUSTER_452,pig_man,550.0,116.56662190794472
CV,CLUSTER_453,pig_man,269.0,81.3413525536995
CV,CLUSTER_456,pig_man,30.472,89.03296763181173
CV,CLUSTER_458,horse_man,2320.0,41.8575852036844
CV,CLUSTER_464,pig_man,54.032,69.66611974576291
CV,CLUSTER_466,cattle_man,13690.0,23.11633723952611
CV,CLUSTER_466,horse_man,4155.0,23.11633723952611
CV,CLUSTER_466,pig_man,43.27128999999999,23.11633723952611
CV,CLUSTER_469,pig_man,324.0,100.12924659393668
CV,CLUSTER_473,horse_man,745.0,54.52891934639604
CV,CLUSTER_473,pig_man,510.99999999999994,54.52891934639604
CV,CLUSTER_474,horse_man,1341.0,42.769455821386586
CV,CLUSTER_478,pig_man,35.400000000000006,91.1621006454243
CV,CLUSTER_48,pig_man,1701.4,68.05424057127752
CV,CLUSTER_481,pig_man,527.3,101.25891319867664
CV,CLUSTER_482,cattle_man,16500.0,26.43282796504462
CV,CLUSTER_482,horse_man,1167.3,26.43282796504462
CV,CLUSTER_482,pig_man,28.99635,26.43282796504462
CV,CLUSTER_485,pig_man,19.72,92.48427188048304
CV,CLUSTER_488,pig_man,1185.8,78.55524118375372
CV,CLUSTER_493,horse_man,951.2,55.898552561789394
CV,CLUSTER_493,pig_man,193.15,55.898552561789394
CV,CLUSTER_495,horse_man,1575.0,52.36750120241345
CV,CLUSTER_495,pig_man,180.446,52.36750120241345
CV,CLUSTER_496,pig_man,687.3,98.80354764856664
CV,CLUSTER_498,cattle_man,3436.0,23.393608431867317
CV,CLUSTER_498,horse_man,2767.0,23.393608431867317
CV,CLUSTER_499,pig_man,128.13,61.17298288919289
CV,CLUSTER_5,horse_man,895.0,52.70914092466138
CV,CLUSTER_501,pig_man,1378.0,63.63002105344641
CV,CLUSTER_504,pig_man,442.0,62.554049122627816
CV,CLUSTER_508,horse_man,3810.0,53.14680833921583
CV,CLUSTER_511,pig_man,317.6,92.5330368777763
CV,CLUSTER_513,pig_man,657.0,85.9515537970301
CV,CLUSTER_514,pig_man,13.03,103.506047687543
CV,CLUSTER_516,pig_man,123.100375,60.70342054552102
CV,CLUSTER_52,pig_man,917.46,74.49291493309761
CV,CLUSTER_523,cattle_man,13260.0,13.324732062129144
CV,CLUSTER_523,horse_man,1417.0,13.324732062129144
CV,CLUSTER_523,pig_man,56.7,13.324732062129144
CV,CLUSTER_534,pig_man,1003.0,83.61250518579136
CV,CLUSTER_537,pig_man,2429.0,81.83419839866733
CV,CLUSTER_541,horse_man,835.5,51.12149243348671
CV,CLUSTER_544,cattle_man,5520.0,26.55732828475244
CV,CLUSTER_544,pig_man,15.550000000000002,26.55732828475244
CV,CLUSTER_545,horse_man,1719.0,53.79788784564426
CV,CLUSTER_545,pig_man,227.1,53.79788784564426
CV,CLUSTER_57,horse_man,1420.0,34.06406530756305
CV,CLUSTER_58,horse_man,3739.6,44.58986948388238
CV,CLUSTER_58,pig_man,585.7193,44.58986948388238
CV,CLUSTER_61,pig_man,392.8,65.44951133865035
CV,CLUSTER_62,horse_man,4905.0,41.61283964465223
CV,CLUSTER_62,pig_man,33.995,41.61283964465223
CV,CLUSTER_63,pig_man,79.20406,59.13928581995098
CV,CLUSTER_64,cattle_man,35510.0,25.28802302000031
CV,CLUSTER_64,horse_man,1753.8,25.28802302000031
CV,CLUSTER_64,pig_man,1190.4,25.28802302000031
CV,CLUSTER_67,horse_man,2276.6,56.90336389823476
CV,CLUSTER_68,pig_man,1241.4,78.43915062663856
CV,CLUSTER_69,cattle_man,40940.0,12.3262575805667
CV,CLUSTER_69,horse_man,2441.2,12.3262575805667
CV,CLUSTER_69,pig_man,1247.43,12.3262575805667
CV,CLUSTER_70,pig_man,751.0,64.09936119820388
CV,CLUSTER_71,horse_man,2948.9,35.63492614380814
CV,CLUSTER_71,pig_man,226.348,35.63492614380814
CV,CLUSTER_72,pig_man,943.7962998993798,118.40240056806788
CV,CLUSTER_73,horse_man,1613.1,52.97434996658714
CV,CLUSTER_73,pig_man,3455.0,52.97434996658714
CV,CLUSTER_79,pig_man,1322.00245,93.83667335458698
CV,CLUSTER_8,horse_man,7120.0,45.6003512001029
CV,CLUSTER_8,pig_man,13.2831,45.6003512001029
CV,CLUSTER_81,cattle_man,26470.0,20.919489799809835
CV,CLUSTER_81,horse_man,1535.0,20.919489799809835
CV,CLUSTER_81,pig_man,12.9891,20.919489799809835
CV,CLUSTER_83,pig_man,44.2,103.55600708391115
CV,CLUSTER_85,pig_man,109.2627,73.1284417095889
CV,CLUSTER_89,pig_man,499.7749999999999,108.80894963102756
CV,CLUSTER_9,pig_man,1813.0,108.3904863019816
CV,CLUSTER_90,horse_man,1376.0,52.77486463143299
CV,CLUSTER_91,pig_man,218.0,86.31444859240159
CV,CLUSTER_92,horse_man,2276.0,34.84708946324488
CV,CLUSTER_92,pig_man,122.73699999999998,34.84708946324488
CV,CLUSTER_93,pig_man,56.565000000000005,65.81219950265104
BR,CLUSTER_1,pig_man,381.6,122.76254692993356
BR,CLUSTER_103,pig_man,791.300184,109.68948140653922
BR,CLUSTER_105,cattle_man,16042.0,24.522864367119578
BR,CLUSTER_105,horse_man,2293.0,24.522864367119578
BR,CLUSTER_106,cattle_man,12224.0,31.017284830385403
BR,CLUSTER_106,horse_man,1081.1,31.017284830385403
BR,CLUSTER_106,pig_man,245.613,31.017284830385403
BR,CLUSTER_107,horse_man,1668.9,57.81341255281749
BR,CLUSTER_111,cattle_man,13173.0,12.943394317953846
BR,CLUSTER_111,cattle_slu,54520.0,12.943394317953846
BR,CLUSTER_111,horse_man,2114.0,12.943394317953846
BR,CLUSTER_117,pig_man,153.071,71.51985717881027
BR,CLUSTER_118,cattle_man,21190.0,21.578912516814725
BR,CLUSTER_118,horse_man,710.0,21.578912516814725
BR,CLUSTER_123,horse_man,1614.0,43.23054673674401
BR,CLUSTER_123,pig_man,92.5800179,43.23054673674401
BR,CLUSTER_127,cattle_man,15806.0,3.339951389943876
BR,CLUSTER_127,cattle_slu,88570.0,3.339951389943876
BR,CLUSTER_127,horse_man,2828.1,3.339951389943876
BR,CLUSTER_128,horse_man,2411.7,56.21218166228757
BR,CLUSTER_128,pig_man,539.0,56.21218166228757
BR,CLUSTER_129,pig_man,245.9917,73.6398505703473
BR,CLUSTER_13,cattle_man,22490.0,11.319350755089063
BR,CLUSTER_13,cattle_slu,113980.0,11.319350755089063
BR,CLUSTER_13,horse_man,4880.0,11.319350755089063
BR,CLUSTER_132,horse_man,795.885,59.6777896705114
BR,CLUSTER_136,cattle_man,22230.0,38.57744088269506
BR,CLUSTER_136,horse_man,3775.0,38.57744088269506
BR,CLUSTER_137,horse_man,2768.0,44.964526145840345
BR,CLUSTER_137,pig_man,11.12,44.964526145840345
BR,CLUSTER_138,horse_man,665.1,57.907703479569975
BR,CLUSTER_14,horse_man,2695.2,48.94736709896836
BR,CLUSTER_14,pig_man,256.805,48.94736709896836
BR,CLUSTER_157,horse_man,3454.0,47.088056887215394
BR,CLUSTER_166,cattle_man,6826.0,39.5135790998833
BR,CLUSTER_166,horse_man,763.7,39.5135790998833
BR,CLUSTER_166,pig_man,110.044731,39.5135790998833
BR,CLUSTER_169,pig_man,332.076,124.79397277217176
BR,CLUSTER_171,pig_man,887.0,119.98705634508632
BR,CLUSTER_174,cattle_man,17810.0,28.98860694209665
BR,CLUSTER_174,horse_man,1427.5,28.98860694209665
BR,CLUSTER_178,cattle_man,16790.0,39.15444374745047
BR,CLUSTER_178,horse_man,5256.0,39.15444374745047
BR,CLUSTER_182,horse_man,2035.0,61.1788547832457
BR,CLUSTER_183,pig_man,458.82,128.95600327849056
BR,CLUSTER_187,cattle_man,4002.9999999999995,25.25868402304812
BR,CLUSTER_187,horse_man,2955.0,25.25868402304812
BR,CLUSTER_190,pig_man,1086.0,109.72464203919266
BR,CLUSTER_191,horse_man,1592.0,61.79820142995361
BR,CLUSTER_201,cattle_man,7892.0,30.512353859981943
BR,CLUSTER_201,horse_man,2174.1,30.512353859981943
BR,CLUSTER_204,horse_man,2958.0,51.02588994038729
BR,CLUSTER_206,cattle_man,21950.0,32.039076704885524
BR,CLUSTER_206,horse_man,726.8,32.039076704885524
BR,CLUSTER_206,pig_man,146.60494999999997,32.039076704885524
BR,CLUSTER_207,cattle_man,25080.0,37.08293191321055
BR,CLUSTER_207,horse_man,1783.0,37.08293191321055
BR,CLUSTER_209,cattle_man,13940.0,20.159923128778097
BR,CLUSTER_209,horse_man,1265.6,20.159923128778097
BR,CLUSTER_210,cattle_man,12910.0,12.996177438032916
BR,CLUSTER_210,cattle_slu,64400.0,12.996177438032916
BR,CLUSTER_210,horse_man,779.0,12.996177438032916
BR,CLUSTER_224,horse_man,1438.0,68.0886323497812
BR,CLUSTER_226,horse_man,2471.6,66.93045339341404
BR,CLUSTER_235,horse_man,1307.7,52.93056499124873
BR,CLUSTER_237,pig_man,687.516,113.76532096784562
BR,CLUSTER_243,cattle_man,19320.0,39.5573720827631
BR,CLUSTER_243,horse_man,2781.0,39.5573720827631
BR,CLUSTER_248,pig_man,337.0,96.84055108333192
BR,CLUSTER_252,cattle_man,10139.181943389585,41.57202726097253
BR,CLUSTER_252,horse_man,2046.0,41.57202726097253
BR,CLUSTER_253,horse_man,3082.0,59.08946400150037
BR,CLUSTER_253,pig_man,379.28,59.08946400150037
BR,CLUSTER_264,cattle_man,33570.0,31.738823807588155
BR,CLUSTER_264,horse_man,387.684,31.738823807588155
BR,CLUSTER_264,pig_man,100.19925,31.738823807588155
BR,CLUSTER_266,pig_man,616.51,132.41530352043637
BR,CLUSTER_27,horse_man,4194.0,56.23328828462979
BR,CLUSTER_278,pig_man,334.991,112.02840332013356
BR,CLUSTER_28,horse_man,2761.9,61.62933244335789
BR,CLUSTER_297,cattle_man,11530.0,36.19909722701337
BR,CLUSTER_297,horse_man,3459.0,36.19909722701337
BR,CLUSTER_3,horse_man,5877.0,43.5044245262973
BR,CLUSTER_303,pig_man,1707.0,87.12478532004822
BR,CLUSTER_304,horse_man,706.6,66.08308398018814
BR,CLUSTER_305,horse_man,533.2,54.825683067634216
BR,CLUSTER_305,pig_man,388.58,54.825683067634216
BR,CLUSTER_313,cattle_man,20560.0,19.528875708487565
BR,CLUSTER_313,horse_man,2810.0,19.528875708487565
BR,CLUSTER_313,pig_man,14.107,19.528875708487565
BR,CLUSTER_315,horse_man,1179.8,42.10372495539654
BR,CLUSTER_316,horse_man,1505.3,61.77171827660784
BR,CLUSTER_316,pig_man,1285.8,61.77171827660784
BR,CLUSTER_324,horse_man,736.19,49.86811221206133
BR,CLUSTER_329,horse_man,1337.0,64.85392276151948
BR,CLUSTER_337,cattle_man,13540.0,24.745348067914083
BR,CLUSTER_337,horse_man,1000.0599999999998,24.745348067914083
BR,CLUSTER_338,horse_man,816.0,69.16127990015794
BR,CLUSTER_339,horse_man,2136.8,67.9654872517059
BR,CLUSTER_341,horse_man,2031.7999999999997,50.58870437368413
BR,CLUSTER_341,pig_man,160.94299999999998,50.58870437368413
BR,CLUSTER_342,horse_man,2247.0,46.38624955952256
BR,CLUSTER_351,pig_man,456.3,132.25075921790096
BR,CLUSTER_352,horse_man,3832.0,60.158360196771255
BR,CLUSTER_360,horse_man,2360.0,46.764837214846175
BR,CLUSTER_362,cattle_man,13100.0,16.28694257641711
BR,CLUSTER_362,horse_man,2769.0,16.28694257641711
BR,CLUSTER_365,cattle_man,16119.999999999998,35.99534854333551
BR,CLUSTER_365,horse_man,1341.0,35.99534854333551
BR,CLUSTER_366,cattle_man,8803.0,37.80999583765123
BR,CLUSTER_366,horse_man,199.48,37.80999583765123
BR,CLUSTER_368,cattle_man,6947.0,35.30834376437621
BR,CLUSTER_368,horse_man,1001.7000000000002,35.30834376437621
BR,CLUSTER_368,pig_man,61.345000000000006,35.30834376437621
BR,CLUSTER_369,horse_man,3562.3,54.081563477699326
BR,CLUSTER_375,horse_man,280.5,42.31167040240349
BR,CLUSTER_376,cattle_man,2955.0,31.419426262644773
BR,CLUSTER_376,horse_man,494.96000000000004,31.419426262644773
BR,CLUSTER_377,pig_man,294.4,85.77330854898733
BR,CLUSTER_379,cattle_man,18540.0,13.246820105564916
BR,CLUSTER_379,cattle_slu,106980.0,13.246820105564916
BR,CLUSTER_379,horse_man,612.5,13.246820105564916
BR,CLUSTER_383,horse_man,1382.2,42.55659879777026
BR,CLUSTER_383,pig_man,350.7,42.55659879777026
BR,CLUSTER_39,horse_man,1942.0,42.477819451878055
BR,CLUSTER_390,pig_man,1056.886,120.37431450405782
BR,CLUSTER_391,horse_man,3066.0,49.51182761953231
BR,CLUSTER_393,horse_man,968.1,49.91605240556361
BR,CLUSTER_411,cattle_man,18310.0,22.079047652321
BR,CLUSTER_411,horse_man,1163.4,22.079047652321
BR,CLUSTER_411,pig_man,527.79,22.079047652321
BR,CLUSTER_412,cattle_man,16640.0,36.18057480081865
BR,CLUSTER_412,horse_man,2158.0,36.18057480081865
BR,CLUSTER_415,horse_man,3241.0,41.65107932779224
BR,CLUSTER_42,pig_man,1804.5,74.53557579331301
BR,CLUSTER_422,horse_man,1414.0,47.46056096487983
BR,CLUSTER_427,horse_man,3104.5,48.813614366538346
BR,CLUSTER_428,cattle_man,6500.0,17.771796196122057
BR,CLUSTER_428,horse_man,792.0,17.771796196122057
BR,CLUSTER_432,cattle_man,3340.0,20.120218913594236
BR,CLUSTER_432,horse_man,1122.3,20.120218913594236
BR,CLUSTER_433,pig_man,179.118,131.32209960277444
BR,CLUSTER_434,cattle_man,10390.0,23.1287824231437
BR,CLUSTER_434,horse_man,816.4,23.1287824231437
BR,CLUSTER_44,cattle_man,14660.0,28.98248355976088
BR,CLUSTER_44,horse_man,1288.0,28.98248355976088
BR,CLUSTER_443,cattle_man,12880.0,4.382246066253079
BR,CLUSTER_443,cattle_slu,70720.0,4.382246066253079
BR,CLUSTER_443,horse_man,1016.9999999999999,4.382246066253079
BR,CLUSTER_446,cattle_man,11600.0,16.700143956164176
BR,CLUSTER_446,horse_man,1600.0,16.700143956164176
BR,CLUSTER_459,pig_man,243.8,104.897256859903
BR,CLUSTER_463,horse_man,384.3,41.94233932146503
BR,CLUSTER_463,pig_man,180.00319,41.94233932146503
BR,CLUSTER_479,cattle_man,6870.0,32.78357551555631
BR,CLUSTER_479,horse_man,1092.0,32.78357551555631
BR,CLUSTER_485,cattle_man,3740.0,41.14788317591864
BR,CLUSTER_485,horse_man,1447.0,41.14788317591864
BR,CLUSTER_489,horse_man,367.5,61.17686242960246
BR,CLUSTER_499,horse_man,3670.0,59.01578614109084
BR,CLUSTER_500,horse_man,798.0,47.95872681409711
BR,CLUSTER_500,pig_man,32.309999999999995,47.95872681409711
BR,CLUSTER_502,cattle_man,12710.0,28.10346568607469
BR,CLUSTER_502,horse_man,2093.0,28.10346568607469
BR,CLUSTER_507,cattle_man,9890.0,26.07815102454241
BR,CLUSTER_507,horse_man,1199.4,26.07815102454241
BR,CLUSTER_51,cattle_man,28020.0,35.321693183969145
BR,CLUSTER_51,horse_man,2617.0,35.321693183969145
BR,CLUSTER_511,cattle_man,2498.0,28.19964108311279
BR,CLUSTER_511,horse_man,1308.3100000000002,28.19964108311279
BR,CLUSTER_515,pig_man,1089.0,72.84544010125398
BR,CLUSTER_521,horse_man,1448.0,52.43775923203547
BR,CLUSTER_527,pig_man,48.0347,75.25963805573555
BR,CLUSTER_53,horse_man,1543.0,51.62609162907823
BR,CLUSTER_531,horse_man,424.9,62.857732154838985
BR,CLUSTER_531,pig_man,133.0,62.857732154838985
BR,CLUSTER_533,horse_man,654.0,63.23371351466842
BR,CLUSTER_533,pig_man,70.10000000000001,63.23371351466842
BR,CLUSTER_534,cattle_man,2189.0,37.61224467028306
BR,CLUSTER_534,horse_man,1873.6,37.61224467028306
BR,CLUSTER_543,cattle_man,10570.0,14.141843167915956
BR,CLUSTER_543,horse_man,158.9,14.141843167915956
BR,CLUSTER_543,pig_man,36.089,14.141843167915956
BR,CLUSTER_548,cattle_man,7311.0,38.33569156636237
BR,CLUSTER_548,horse_man,2324.0,38.33569156636237
BR,CLUSTER_6,pig_man,1816.7,97.52010009695938
BR,CLUSTER_63,horse_man,6166.0,53.65122375798797
BR,CLUSTER_65,horse_man,2654.0,56.04893285836297
BR,CLUSTER_65,pig_man,165.989,56.04893285836297
BR,CLUSTER_66,pig_man,180.310571,125.11621645555692
BR,CLUSTER_74,cattle_man,27550.0,29.081554182185872
BR,CLUSTER_74,horse_man,3010.0,29.081554182185872
BR,CLUSTER_76,pig_man,125.42999999999999,135.09020563605694
BR,CLUSTER_78,pig_man,141.0,127.85010379101097
BR,CLUSTER_82,pig_man,554.226263,95.77746711597322
BR,CLUSTER_83,cattle_man,8530.0,41.35010870952617
BR,CLUSTER_83,horse_man,2092.0,41.35010870952617
BR,CLUSTER_84,cattle_man,15427.9,27.978125682727857
BR,CLUSTER_84,horse_man,4351.0,27.978125682727857
BR,CLUSTER_86,cattle_man,15698.0,28.34145859599208
BR,CLUSTER_86,horse_man,1875.0,28.34145859599208
BR,CLUSTER_9,horse_man,1859.2,67.06688368015985
BR,CLUSTER_94,horse_man,907.3,70.55540605057712
Y,CLUSTER_102,horse_man,961.0,81.2186935894386
Y,CLUSTER_108,pig_man,291.926,113.07867265843494
Y,CLUSTER_109,cattle_man,10424.0,39.017446006764914
Y,CLUSTER_109,horse_man,2924.0,39.017446006764914
Y,CLUSTER_109,pig_man,121.22265,39.017446006764914
Y,CLUSTER_11,horse_man,1455.0,91.94900562837272
Y,CLUSTER_11,pig_man,23.6720704,91.94900562837272
Y,CLUSTER_112,horse_man,1571.0,92.6841548889458
Y,CLUSTER_112,pig_man,508.8,92.6841548889458
Y,CLUSTER_114,pig_man,77.82100000000001,115.89321300326938
Y,CLUSTER_115,horse_man,190.35,66.41725262188551
Y,CLUSTER_115,pig_man,276.8087,66.41725262188551
Y,CLUSTER_12,horse_man,2496.5,79.10220490824707
Y,CLUSTER_12,pig_man,96.610847,79.10220490824707
Y,CLUSTER_120,pig_man,313.972,115.81660037119556
Y,CLUSTER_125,horse_man,653.0,65.6393883394516
Y,CLUSTER_130,cattle_man,16581.0,14.074515994806651
Y,CLUSTER_130,cattle_slu,77450.0,14.074515994806651
Y,CLUSTER_130,horse_man,373.2,14.074515994806651
Y,CLUSTER_130,pig_man,304.35,14.074515994806651
Y,CLUSTER_130,rape_str,594.2,14.074515994806651
Y,CLUSTER_130,legume_str,185.4,14.074515994806651
Y,CLUSTER_140,cattle_man,7209.0,36.7800086482825
Y,CLUSTER_140,horse_man,867.0,36.7800086482825
Y,CLUSTER_140,pig_man,765.7,36.7800086482825
Y,CLUSTER_141,pig_man,111.971,117.94986383690777
Y,CLUSTER_143,cattle_man,20920.0,25.631337513621528
Y,CLUSTER_143,horse_man,1329.0,25.631337513621528
Y,CLUSTER_143,pig_man,52.20089,25.631337513621528
Y,CLUSTER_143,rape_str,89.7,25.631337513621528
Y,CLUSTER_143,legume_str,47.158,25.631337513621528
Y,CLUSTER_146,horse_man,847.0,86.04046582223228
Y,CLUSTER_147,horse_man,869.8,69.41455507033153
Y,CLUSTER_147,pig_man,23.898,69.41455507033153
Y,CLUSTER_148,pig_man,361.14175,137.5801134484348
Y,CLUSTER_15,horse_man,5057.0,77.80697989840057
Y,CLUSTER_15,pig_man,68.319,77.80697989840057
Y,CLUSTER_150,cattle_man,18940.0,28.68032214960584
Y,CLUSTER_150,horse_man,998.0,28.68032214960584
Y,CLUSTER_153,pig_man,71.88691,131.32941936013668
Y,CLUSTER_155,horse_man,1141.3,66.59202718811981
Y,CLUSTER_160,pig_man,238.759,124.90639934870288
Y,CLUSTER_167,cattle_man,16680.0,46.31369986292746
Y,CLUSTER_167,horse_man,1062.4,46.31369986292746
Y,CLUSTER_167,pig_man,722.3,46.31369986292746
Y,CLUSTER_168,pig_man,426.892,123.62723565099525
Y,CLUSTER_17,cattle_man,9480.0,12.96151358094888
Y,CLUSTER_17,cattle_slu,36030.0,12.96151358094888
Y,CLUSTER_17,horse_man,663.59,12.96151358094888
Y,CLUSTER_17,pig_man,202.955,12.96151358094888
Y,CLUSTER_17,rape_str,126.64,12.96151358094888
Y,CLUSTER_17,legume_str,112.2,12.96151358094888
Y,CLUSTER_175,horse_man,1207.3,57.53814528059317
Y,CLUSTER_18,horse_man,809.7,65.42518845530665
Y,CLUSTER_18,pig_man,338.1159,65.42518845530665
Y,CLUSTER_184,horse_man,556.0,64.80452622468405
Y,CLUSTER_185,pig_man,183.43,121.47173655501663
Y,CLUSTER_186,horse_man,2019.1,64.78010471965925
Y,CLUSTER_188,pig_man,27.346000000000004,101.4059325478941
Y,CLUSTER_189,horse_man,1789.0,64.61788521935631
Y,CLUSTER_19,horse_man,1890.0,75.89114794269854
Y,CLUSTER_19,pig_man,322.3,75.89114794269854
Y,CLUSTER_193,horse_man,1133.0,74.13728787645981
Y,CLUSTER_194,pig_man,308.943,146.95932863534532
Y,CLUSTER_195,cattle_man,17240.0,39.49023669731642
Y,CLUSTER_195,horse_man,1276.5,39.49023669731642
Y,CLUSTER_197,horse_man,194.9,62.23536456729701
Y,CLUSTER_199,pig_man,341.399,107.03891751786529
Y,CLUSTER_202,horse_man,1917.3,79.35446155166996
Y,CLUSTER_21,horse_man,1242.7,72.62518177948367
Y,CLUSTER_211,horse_man,442.0,91.21164542043516
Y,CLUSTER_211,pig_man,51.2,91.21164542043516
Y,CLUSTER_212,horse_man,525.0,82.55608042326942
Y,CLUSTER_214,pig_man,13.92,122.8443205999675
Y,CLUSTER_216,horse_man,1391.183,79.55641085195643
Y,CLUSTER_217,pig_man,542.22,123.58799393972782
Y,CLUSTER_220,horse_man,806.0,89.20930427062333
Y,CLUSTER_220,pig_man,25.08,89.20930427062333
Y,CLUSTER_221,pig_man,218.174,94.58983579617818
Y,CLUSTER_222,pig_man,43.141,126.2354050403428
Y,CLUSTER_223,cattle_man,9326.0,52.72389960326903
Y,CLUSTER_223,horse_man,1582.6,52.72389960326903
Y,CLUSTER_227,horse_man,79.97,68.71322404658576
Y,CLUSTER_227,pig_man,882.0,68.71322404658576
Y,CLUSTER_228,horse_man,1313.4,76.29843218355128
Y,CLUSTER_230,cattle_man,11370.0,52.3465762197998
Y,CLUSTER_230,horse_man,900.0,52.3465762197998
Y,CLUSTER_230,pig_man,156.99,52.3465762197998
Y,CLUSTER_231,cattle_man,13870.0,36.617855486982
Y,CLUSTER_231,horse_man,1176.0,36.617855486982
Y,CLUSTER_232,pig_man,245.34999999999997,147.86296525324053
Y,CLUSTER_234,cattle_man,28380.0,53.70106127112902
Y,CLUSTER_234,horse_man,2507.0,53.70106127112902
Y,CLUSTER_234,pig_man,472.3,53.70106127112902
Y,CLUSTER_24,pig_man,438.94,161.75045115621546
Y,CLUSTER_240,cattle_man,402.04,50.9074361118024
Y,CLUSTER_240,horse_man,172.5,50.9074361118024
Y,CLUSTER_241,cattle_man,10430.0,54.05422212792697
Y,CLUSTER_241,horse_man,968.1,54.05422212792697
Y,CLUSTER_242,pig_man,257.9398,132.35639222231976
Y,CLUSTER_245,pig_man,381.8,110.90073930293384
Y,CLUSTER_249,cattle_man,9836.0,47.46340792019771
Y,CLUSTER_249,horse_man,1754.0,47.46340792019771
Y,CLUSTER_249,pig_man,509.2300000000001,47.46340792019771
Y,CLUSTER_250,horse_man,1190.0,81.23123429751482
Y,CLUSTER_254,horse_man,1711.5,58.46526674482151
Y,CLUSTER_255,pig_man,204.36,129.2268418366187
Y,CLUSTER_259,cattle_man,11538.0,50.21694953188814
Y,CLUSTER_259,horse_man,817.6,50.21694953188814
Y,CLUSTER_259,pig_man,260.08,50.21694953188814
Y,CLUSTER_261,horse_man,1088.2,62.10355548666257
Y,CLUSTER_261,pig_man,42.392,62.10355548666257
Y,CLUSTER_262,horse_man,491.0,65.99111696168087
Y,CLUSTER_262,pig_man,55.52,65.99111696168087
Y,CLUSTER_265,pig_man,39.79,101.37832397683802
Y,CLUSTER_267,horse_man,951.0,67.65751334031518
Y,CLUSTER_269,horse_man,2387.8,85.09361667613437
Y,CLUSTER_269,pig_man,389.745,85.09361667613437
Y,CLUSTER_270,horse_man,2875.0,66.78223894487589
Y,CLUSTER_274,horse_man,783.4,65.12152369591766
Y,CLUSTER_280,cattle_man,7664.0,26.006082976559835
Y,CLUSTER_280,horse_man,1101.277,26.006082976559835
Y,CLUSTER_280,rape_str,224.4,26.006082976559835
Y,CLUSTER_280,legume_str,227.3,26.006082976559835
Y,CLUSTER_282,horse_man,1029.0,90.14872328651352
Y,CLUSTER_284,horse_man,195.4,56.278461845439885
Y,CLUSTER_285,horse_man,3438.0,68.80519791394701
Y,CLUSTER_286,pig_man,407.6,106.69005118587926
Y,CLUSTER_289,pig_man,222.68,139.8256398722689
Y,CLUSTER_290,cattle_man,4269.0,54.238009902128766
Y,CLUSTER_290,horse_man,887.0,54.238009902128766
Y,CLUSTER_293,pig_man,338.2269,137.113163663609
Y,CLUSTER_294,pig_man,937.6,134.35763963835757
Y,CLUSTER_295,cattle_man,1036.53,43.964709770901344
Y,CLUSTER_295,horse_man,46.7,43.964709770901344
Y,CLUSTER_299,horse_man,817.8,72.75782075867536
Y,CLUSTER_299,pig_man,111.861,72.75782075867536
Y,CLUSTER_30,pig_man,2280.0,152.69894128870527
Y,CLUSTER_301,cattle_man,2641.0,44.63163985455887
Y,CLUSTER_301,horse_man,760.0,44.63163985455887
Y,CLUSTER_307,horse_man,1101.0,88.05062010535268
Y,CLUSTER_309,pig_man,216.09,93.05977852127592
Y,CLUSTER_31,cattle_man,11270.176,35.22277160419875
Y,CLUSTER_31,horse_man,3786.0,35.22277160419875
Y,CLUSTER_311,cattle_man,22700.0,27.48175240770984
Y,CLUSTER_311,horse_man,1250.5,27.48175240770984
Y,CLUSTER_311,legume_str,30.47,27.48175240770984
Y,CLUSTER_314,pig_man,452.226,145.11143875119603
Y,CLUSTER_32,cattle_man,20691.0,37.99502242346414
Y,CLUSTER_32,horse_man,1842.9,37.99502242346414
Y,CLUSTER_32,pig_man,176.1042,37.99502242346414
Y,CLUSTER_321,cattle_man,2184.0,52.4603450698143
Y,CLUSTER_321,horse_man,1668.0,52.4603450698143
Y,CLUSTER_322,horse_man,1355.0,76.24899686372308
Y,CLUSTER_322,pig_man,57.48,76.24899686372308
Y,CLUSTER_326,pig_man,707.3,145.24550842856118
Y,CLUSTER_33,cattle_man,6952.0,49.75101039592288
Y,CLUSTER_33,horse_man,1803.0,49.75101039592288
Y,CLUSTER_331,pig_man,621.0,111.4852703138303
Y,CLUSTER_333,cattle_man,11300.0,24.99581197650427
Y,CLUSTER_333,horse_man,712.5,24.99581197650427
Y,CLUSTER_333,pig_man,364.2,24.99581197650427
Y,CLUSTER_333,rape_str,1408.0,24.99581197650427
Y,CLUSTER_333,legume_str,254.9,24.99581197650427
Y,CLUSTER_335,pig_man,497.042,97.91982011995708
Y,CLUSTER_343,cattle_man,10540.0,3.397923376507964
Y,CLUSTER_343,cattle_slu,47200.0,3.397923376507964
Y,CLUSTER_343,horse_man,329.269,3.397923376507964
Y,CLUSTER_343,pig_slu,4325.0,3.397923376507964
Y,CLUSTER_343,pig_man,296.7,3.397923376507964
Y,CLUSTER_343,rape_str,152.8,3.397923376507964
Y,CLUSTER_343,legume_str,77.46000000000001,3.397923376507964
Y,CLUSTER_346,horse_man,804.6,88.93000854976435
Y,CLUSTER_347,pig_man,55.193,117.96236137434916
Y,CLUSTER_348,pig_man,264.2,150.32717189235694
Y,CLUSTER_355,horse_man,1202.0,80.00299242527983
Y,CLUSTER_357,horse_man,1403.7,56.47332596809119
Y,CLUSTER_357,pig_man,843.3,56.47332596809119
Y,CLUSTER_358,pig_man,505.06,98.40664839508484
Y,CLUSTER_359,pig_man,13.947,133.42457980927384
Y,CLUSTER_36,pig_man,1634.0,140.5131762435297
Y,CLUSTER_367,pig_man,1184.2,143.85329643690469
Y,CLUSTER_370,cattle_man,11090.0,40.501600401808496
Y,CLUSTER_370,horse_man,1921.0,40.501600401808496
Y,CLUSTER_372,cattle_man,9440.0,21.30458533257949
Y,CLUSTER_372,horse_man,1283.0,21.30458533257949
Y,CLUSTER_372,rape_str,903.9,21.30458533257949
Y,CLUSTER_372,legume_str,304.78,21.30458533257949
Y,CLUSTER_373,horse_man,1879.8,92.4826842429916
Y,CLUSTER_38,pig_man,315.61,155.00125489270798
Y,CLUSTER_380,pig_man,506.99999999999994,105.67328797343104
Y,CLUSTER_381,pig_man,167.133571,115.97873219035736
Y,CLUSTER_384,horse_man,619.0,81.11823932624083
Y,CLUSTER_384,pig_man,123.71,81.11823932624083
Y,CLUSTER_385,cattle_man,5530.0,26.557341566149876
Y,CLUSTER_385,horse_man,616.3,26.557341566149876
Y,CLUSTER_385,pig_man,407.79,26.557341566149876
Y,CLUSTER_385,rape_str,1325.68,26.557341566149876
Y,CLUSTER_385,legume_str,299.0,26.557341566149876
Y,CLUSTER_387,cattle_man,7795.0,35.95187884402963
Y,CLUSTER_387,horse_man,1714.3,35.95187884402963
Y,CLUSTER_387,pig_man,180.0399,35.95187884402963
Y,CLUSTER_392,horse_man,513.0,65.5416292445152
Y,CLUSTER_392,pig_man,46.5,65.5416292445152
Y,CLUSTER_394,horse_man,571.3,89.72134623069736
Y,CLUSTER_395,pig_man,29.4111,129.96582196464766
Y,CLUSTER_397,cattle_man,5686.0,45.15276572804976
Y,CLUSTER_397,horse_man,797.2,45.15276572804976
Y,CLUSTER_399,horse_man,218.1,66.68935175131583
Y,CLUSTER_4,pig_man,730.49,157.27700214829522
Y,CLUSTER_40,horse_man,2457.6,80.35381184223755
Y,CLUSTER_40,pig_man,213.46,80.35381184223755
Y,CLUSTER_400,horse_man,1513.0,75.22749518719365
Y,CLUSTER_401,pig_man,189.6729,129.47176337071696
Y,CLUSTER_404,pig_man,75.63,108.63836286133665
Y,CLUSTER_405,pig_man,1316.0,152.23089128089433
Y,CLUSTER_406,cattle_man,16790.0,48.6689922729776
Y,CLUSTER_406,horse_man,1539.0,48.6689922729776
Y,CLUSTER_408,cattle_man,7585.8,36.02917205366754
Y,CLUSTER_408,horse_man,3122.0,36.02917205366754
Y,CLUSTER_409,cattle_man,12230.0,35.80641216548232
Y,CLUSTER_409,horse_man,858.0,35.80641216548232
Y,CLUSTER_409,pig_man,568.9,35.80641216548232
Y,CLUSTER_41,pig_man,16.8586,110.71955093229924
Y,CLUSTER_413,cattle_man,8790.0,50.674724630369845
Y,CLUSTER_413,horse_man,36.0,50.674724630369845
Y,CLUSTER_413,pig_man,1220.808,50.674724630369845
Y,CLUSTER_414,horse_man,1048.1,69.63274147098446
Y,CLUSTER_414,pig_man,218.538,69.63274147098446
Y,CLUSTER_417,pig_man,197.25,162.70375147385488
Y,CLUSTER_418,pig_man,116.425,137.54205512188904
Y,CLUSTER_419,pig_man,62.91951999999999,102.88230799238224
Y,CLUSTER_420,pig_man,412.5,140.38743562156566
Y,CLUSTER_425,pig_man,14.561,100.8037713319822
Y,CLUSTER_429,cattle_man,6420.0,33.06128309402074
Y,CLUSTER_429,horse_man,723.0,33.06128309402074
Y,CLUSTER_435,horse_man,1508.0,88.93903143892426
Y,CLUSTER_435,pig_man,46.49,88.93903143892426
Y,CLUSTER_437,horse_man,938.0,81.2339706228786
Y,CLUSTER_437,pig_man,50.0,81.2339706228786
Y,CLUSTER_438,cattle_man,3331.0,48.87629747697624
Y,CLUSTER_438,horse_man,832.8,48.87629747697624
Y,CLUSTER_438,pig_man,223.18,48.87629747697624
Y,CLUSTER_439,cattle_man,12440.0,12.73272829130877
Y,CLUSTER_439,cattle_slu,56500.0,12.73272829130877
Y,CLUSTER_439,horse_man,163.7,12.73272829130877
Y,CLUSTER_439,pig_man,625.9,12.73272829130877
Y,CLUSTER_439,rape_str,429.0,12.73272829130877
Y,CLUSTER_439,legume_str,194.2,12.73272829130877
Y,CLUSTER_444,pig_man,84.611,105.11890646814253
Y,CLUSTER_445,pig_man,2936.248183681399,164.52405707702124
Y,CLUSTER_45,cattle_man,15750.0,24.530458765581137
Y,CLUSTER_45,horse_man,1188.0,24.530458765581137
Y,CLUSTER_45,pig_man,55.502,24.530458765581137
Y,CLUSTER_45,rape_str,1301.0,24.530458765581137
Y,CLUSTER_45,legume_str,252.20000000000002,24.530458765581137
Y,CLUSTER_451,horse_man,523.0,67.17175199841763
Y,CLUSTER_453,cattle_man,163.9,53.79899079882966
Y,CLUSTER_453,horse_man,209.4,53.79899079882966
Y,CLUSTER_454,pig_man,279.8,128.88483310226576
Y,CLUSTER_455,pig_man,488.40999999999997,150.00564997884578
Y,CLUSTER_456,horse_man,275.0,76.82525546797818
Y,CLUSTER_46,pig_man,83.87871,134.32896423672014
Y,CLUSTER_461,pig_man,138.37,99.37243958181958
Y,CLUSTER_462,pig_man,169.4,157.4889321566329
Y,CLUSTER_465,pig_man,518.0,131.25692955661242
Y,CLUSTER_467,pig_man,1040.9,154.00166372026044
Y,CLUSTER_470,cattle_man,25970.0,38.16324625489221
Y,CLUSTER_470,horse_man,1289.0,38.16324625489221
Y,CLUSTER_470,pig_man,190.5,38.16324625489221
Y,CLUSTER_471,horse_man,250.50000000000003,87.93737048490091
Y,CLUSTER_472,cattle_man,24810.0,7.901802661014122
Y,CLUSTER_472,cattle_slu,106200.0,7.901802661014122
Y,CLUSTER_472,horse_man,709.0,7.901802661014122
Y,CLUSTER_472,pig_man,22.5159,7.901802661014122
Y,CLUSTER_472,rape_str,336.6,7.901802661014122
Y,CLUSTER_472,legume_str,59.1,7.901802661014122
Y,CLUSTER_475,horse_man,665.9,78.89602330127127
Y,CLUSTER_475,pig_man,250.66,78.89602330127127
Y,CLUSTER_477,cattle_man,6130.0,34.4084586612376
Y,CLUSTER_477,horse_man,908.0,34.4084586612376
Y,CLUSTER_48,horse_man,1045.96,76.8451847597894
Y,CLUSTER_481,horse_man,1085.0,78.37545605252066
Y,CLUSTER_484,cattle_man,10650.0,17.408944211312587
Y,CLUSTER_484,cattle_slu,42730.0,17.408944211312587
Y,CLUSTER_484,horse_man,420.9,17.408944211312587
Y,CLUSTER_484,pig_man,64.9729,17.408944211312587
Y,CLUSTER_484,rape_str,75.4,17.408944211312587
Y,CLUSTER_484,legume_str,72.6,17.408944211312587
Y,CLUSTER_486,pig_man,772.0,156.48047688884304
Y,CLUSTER_488,horse_man,236.9,74.75009389375535
Y,CLUSTER_490,pig_man,105.9,119.12271497953108
Y,CLUSTER_50,cattle_man,17080.0,23.030646517365746
Y,CLUSTER_50,horse_man,1154.13,23.030646517365746
Y,CLUSTER_50,pig_man,604.7121,23.030646517365746
Y,CLUSTER_50,rape_str,1007.7,23.030646517365746
Y,CLUSTER_50,legume_str,456.7,23.030646517365746
Y,CLUSTER_501,horse_man,474.5,71.72265010933539
Y,CLUSTER_503,cattle_man,1023.7099999999999,47.17950543062418
Y,CLUSTER_503,horse_man,847.1,47.17950543062418
Y,CLUSTER_504,horse_man,1033.0,86.28284917505242
Y,CLUSTER_505,cattle_man,10770.0,27.59929293796279
Y,CLUSTER_505,horse_man,942.0,27.59929293796279
Y,CLUSTER_505,legume_str,212.3,27.59929293796279
Y,CLUSTER_506,pig_man,228.0325,157.23204344707597
Y,CLUSTER_509,cattle_man,10453.0,17.822834595972896
Y,CLUSTER_509,cattle_slu,44128.0,17.822834595972896
Y,CLUSTER_509,horse_man,798.0,17.822834595972896
Y,CLUSTER_509,pig_man,70.445,17.822834595972896
Y,CLUSTER_509,rape_str,51.9,17.822834595972896
Y,CLUSTER_509,legume_str,25.2,17.822834595972896
Y,CLUSTER_512,horse_man,541.0,58.05892351209792
Y,CLUSTER_512,pig_man,391.0,58.05892351209792
Y,CLUSTER_513,horse_man,1042.0,88.45164712010681
Y,CLUSTER_518,pig_man,245.9,106.24978808591707
Y,CLUSTER_52,horse_man,1083.1,85.00180768628638
Y,CLUSTER_520,horse_man,799.0,58.32473967598716
Y,CLUSTER_522,pig_man,183.7,99.46083331214074
Y,CLUSTER_524,pig_man,18.178,106.315718751496
Y,CLUSTER_525,pig_man,24.965,156.91857187336768
Y,CLUSTER_526,pig_man,141.0,159.71937512450697
Y,CLUSTER_529,horse_man,807.0,56.174658970259614
Y,CLUSTER_529,pig_man,18.6,56.174658970259614
Y,CLUSTER_532,pig_man,411.16,140.48764794982833
Y,CLUSTER_535,pig_man,303.3,143.4930319713525
Y,CLUSTER_536,horse_man,483.9,67.26763477839395
Y,CLUSTER_536,pig_man,168.6,67.26763477839395
Y,CLUSTER_542,cattle_man,20360.0,8.262221445507214
Y,CLUSTER_542,cattle_slu,101000.0,8.262221445507214
Y,CLUSTER_542,horse_man,1452.1,8.262221445507214
Y,CLUSTER_542,pig_man,564.19,8.262221445507214
Y,CLUSTER_542,rape_str,510.00000000000006,8.262221445507214
Y,CLUSTER_542,legume_str,208.0,8.262221445507214
Y,CLUSTER_547,horse_man,1621.0,89.99901996923424
Y,CLUSTER_549,horse_man,1622.0,84.77171033534752
Y,CLUSTER_55,horse_man,3076.3,91.6638288662778
Y,CLUSTER_55,pig_man,46.48,91.6638288662778
Y,CLUSTER_59,cattle_man,5668.0,38.19558145253378
Y,CLUSTER_59,horse_man,456.477,38.19558145253378
Y,CLUSTER_59,pig_man,56.019,38.19558145253378
Y,CLUSTER_68,horse_man,1155.3,83.7589842210655
Y,CLUSTER_7,cattle_man,6818.0,44.86796114692314
Y,CLUSTER_7,horse_man,843.8,44.86796114692314
Y,CLUSTER_7,pig_man,353.272,44.86796114692314
Y,CLUSTER_72,horse_man,4938.0,79.59113510482649
Y,CLUSTER_72,pig_man,5.503700100620108,79.59113510482649
Y,CLUSTER_75,pig_man,1113.72,160.95416610529367
Y,CLUSTER_77,horse_man,1160.0,61.78081883280596
Y,CLUSTER_77,pig_man,82.7,61.78081883280596
Y,CLUSTER_88,pig_man,46.485800000000005,120.36841454119732
Y,CLUSTER_89,horse_man,1274.4,56.51142148069508
Y,CLUSTER_91,cattle_man,1586.06,50.96840785841601
Y,CLUSTER_91,horse_man,619.6,50.96840785841601
Y,CLUSTER_96,pig_man,107.14,106.21360740294942
Y,CLUSTER_98,pig_man,181.343,108.55334543490493
Y,CLUSTER_99,cattle_man,18960.0,14.954048869078846
Y,CLUSTER_99,cattle_slu,98580.0,14.954048869078846
Y,CLUSTER_99,horse_man,170.398,14.954048869078846
Y,CLUSTER_99,pig_man,173.7,14.954048869078846
Y,CLUSTER_99,rape_str,371.8,14.954048869078846
Y,CLUSTER_99,legume_str,144.0,14.954048869078846
AU,CLUSTER_0,cattle_slu,89880.0,18.429052547755923
AU,CLUSTER_0,rape_str,1701.9,18.429052547755923
AU,CLUSTER_0,legume_str,690.7,18.429052547755923
AU,CLUSTER_104,cattle_man,26110.0,7.7834057513775186
AU,CLUSTER_104,cattle_slu,114400.0,7.7834057513775186
AU,CLUSTER_104,maize_str,1329.400888245841,7.7834057513775186
AU,CLUSTER_104,beet_leaf,1270.3,7.7834057513775186
AU,CLUSTER_104,rape_str,732.1,7.7834057513775186
AU,CLUSTER_104,legume_str,171.70000000000002,7.7834057513775186
AU,CLUSTER_116,horse_man,1252.0,84.79599394298063
AU,CLUSTER_121,horse_man,2073.0,58.55920509187551
AU,CLUSTER_124,horse_man,2749.0,74.66449319780835
AU,CLUSTER_126,cattle_man,6163.0,54.56214483417297
AU,CLUSTER_131,cattle_man,9440.0,44.57557874352791
AU,CLUSTER_135,cattle_man,35210.0,37.61562143308904
AU,CLUSTER_144,horse_man,1888.0,96.64846596541273
AU,CLUSTER_149,cattle_man,19570.0,47.98564019281868
AU,CLUSTER_155,cattle_man,533.52,55.02516986994786
AU,CLUSTER_159,horse_man,2721.0,58.17735876522515
AU,CLUSTER_192,horse_man,605.0,84.15047827924685
AU,CLUSTER_196,horse_man,1807.0,91.08246882437857
AU,CLUSTER_2,cattle_man,3616.0,33.11618720182321
AU,CLUSTER_2,rape_str,2407.0,33.11618720182321
AU,CLUSTER_2,legume_str,639.4,33.11618720182321
AU,CLUSTER_20,cattle_man,27140.0,32.65657633508934
AU,CLUSTER_20,rape_str,2658.0,32.65657633508934
AU,CLUSTER_20,legume_str,1043.0,32.65657633508934
AU,CLUSTER_205,rape_str,424.8,21.845797371086928
AU,CLUSTER_205,legume_str,366.9,21.845797371086928
AU,CLUSTER_208,cattle_man,5066.0,24.91492616080894
AU,CLUSTER_208,horse_man,1364.6,24.91492616080894
AU,CLUSTER_208,rape_str,87.1,24.91492616080894
AU,CLUSTER_208,legume_str,344.5,24.91492616080894
AU,CLUSTER_214,horse_man,1119.6,81.55202874037145
AU,CLUSTER_22,legume_str,405.9,35.08335339633165
AU,CLUSTER_225,cattle_man,6770.0,42.875294676747984
AU,CLUSTER_225,horse_man,1039.7,42.875294676747984
AU,CLUSTER_233,cattle_man,5430.0,36.9380888431684
AU,CLUSTER_233,horse_man,1224.0,36.9380888431684
AU,CLUSTER_244,cattle_man,18650.0,52.994059221711794
AU,CLUSTER_258,horse_man,1914.0,79.33812586082891
AU,CLUSTER_273,cattle_man,6690.0,35.816145574371845
AU,CLUSTER_273,horse_man,1064.0,35.816145574371845
AU,CLUSTER_276,horse_man,1192.0,95.36634564639516
AU,CLUSTER_281,horse_man,1024.5,95.53558544367264
AU,CLUSTER_282,cattle_man,10020.0,57.658962381819634
AU,CLUSTER_291,cattle_man,2457.376,52.246477047793
AU,CLUSTER_291,horse_man,1658.0,52.246477047793
AU,CLUSTER_292,cattle_man,8900.0,41.424479392367296
AU,CLUSTER_292,horse_man,3197.0,41.424479392367296
AU,CLUSTER_296,horse_man,902.0,71.79926589924479
AU,CLUSTER_302,cattle_man,16129.999999999998,7.414878451387545
AU,CLUSTER_302,cattle_slu,68920.0,7.414878451387545
AU,CLUSTER_302,maize_str,1324.0,7.414878451387545
AU,CLUSTER_302,rape_str,140.1,7.414878451387545
AU,CLUSTER_302,legume_str,313.8,7.414878451387545
AU,CLUSTER_308,horse_man,482.0,66.88260016544353
AU,CLUSTER_319,cattle_man,9700.0,16.626524139624067
AU,CLUSTER_319,cattle_slu,26490.0,16.626524139624067
AU,CLUSTER_319,rape_str,429.0,16.626524139624067
AU,CLUSTER_319,legume_str,497.00000000000006,16.626524139624067
AU,CLUSTER_330,cattle_man,21960.0,18.22173463923052
AU,CLUSTER_330,cattle_slu,99050.0,18.22173463923052
AU,CLUSTER_330,rape_str,2235.0,18.22173463923052
AU,CLUSTER_330,legume_str,753.8,18.22173463923052
AU,CLUSTER_34,horse_man,3660.3,91.87719654436512
AU,CLUSTER_350,cattle_man,14500.0,41.06965458345088
AU,CLUSTER_354,cattle_man,4844.0,38.52783308637583
AU,CLUSTER_355,cattle_man,3895.0,42.17431941705235
AU,CLUSTER_37,cattle_man,31919.999999999996,23.7775329431349
AU,CLUSTER_37,rape_str,2494.6,23.7775329431349
AU,CLUSTER_37,legume_str,791.6,23.7775329431349
AU,CLUSTER_374,horse_man,1839.0,75.36721620814552
AU,CLUSTER_378,rape_str,180.6,32.09991369820548
AU,CLUSTER_378,legume_str,300.1,32.09991369820548
AU,CLUSTER_398,cattle_man,5117.0,7.246752930120764
AU,CLUSTER_398,cattle_slu,15360.0,7.246752930120764
AU,CLUSTER_398,maize_str,2774.0,7.246752930120764
AU,CLUSTER_398,beet_leaf,62.10000000000001,7.246752930120764
AU,CLUSTER_398,rape_str,535.6,7.246752930120764
AU,CLUSTER_398,legume_str,250.69999999999996,7.246752930120764
AU,CLUSTER_400,cattle_man,3903.8,47.88164310352074
AU,CLUSTER_402,cattle_man,1505.0,47.55516457644468
AU,CLUSTER_402,horse_man,859.0,47.55516457644468
AU,CLUSTER_403,rape_str,1011.0,27.55426974973642
AU,CLUSTER_403,legume_str,587.0,27.55426974973642
AU,CLUSTER_436,cattle_man,14080.0,27.572127569250465
AU,CLUSTER_436,horse_man,830.0,27.572127569250465
AU,CLUSTER_436,rape_str,941.0,27.572127569250465
AU,CLUSTER_436,legume_str,253.39999999999998,27.572127569250465
AU,CLUSTER_440,cattle_man,13440.0,46.16600145738066
AU,CLUSTER_442,horse_man,2096.0,87.62352873856314
AU,CLUSTER_448,horse_man,654.0,67.82772836268909
AU,CLUSTER_450,cattle_man,18270.0,12.28555447753524
AU,CLUSTER_450,cattle_slu,92800.0,12.28555447753524
AU,CLUSTER_450,rape_str,562.7,12.28555447753524
AU,CLUSTER_450,legume_str,406.3,12.28555447753524
AU,CLUSTER_456,cattle_man,18.534,56.70610770921284
AU,CLUSTER_457,horse_man,1512.5,67.07374990726808
AU,CLUSTER_473,cattle_man,11380.0,19.829559223732264
AU,CLUSTER_473,cattle_slu,39530.0,19.829559223732264
AU,CLUSTER_473,rape_str,1204.0,19.829559223732264
AU,CLUSTER_473,legume_str,346.1,19.829559223732264
AU,CLUSTER_474,cattle_man,11990.0,55.25126697771372
AU,CLUSTER_488,cattle_man,62.5,50.39082284036215
AU,CLUSTER_493,cattle_man,9040.0,16.350084666204033
AU,CLUSTER_493,cattle_slu,39030.0,16.350084666204033
AU,CLUSTER_493,rape_str,189.92,16.350084666204033
AU,CLUSTER_493,legume_str,157.4,16.350084666204033
AU,CLUSTER_513,cattle_man,2780.0,49.86506106996154
AU,CLUSTER_514,horse_man,1246.0,64.82458382640593
AU,CLUSTER_516,cattle_man,8820.0,18.69103965947849
AU,CLUSTER_516,cattle_slu,45370.0,18.69103965947849
AU,CLUSTER_516,horse_man,1178.0,18.69103965947849
AU,CLUSTER_516,rape_str,861.0,18.69103965947849
AU,CLUSTER_516,legume_str,330.5,18.69103965947849
AU,CLUSTER_528,horse_man,1337.0,89.55526722187074
AU,CLUSTER_537,cattle_man,2682.0,39.691404930334336
AU,CLUSTER_537,horse_man,1468.0,39.691404930334336
AU,CLUSTER_54,horse_man,1695.0,94.68746034983204
AU,CLUSTER_540,horse_man,1390.0,96.00196604522574
AU,CLUSTER_541,cattle_man,4103.0,16.503608039018054
AU,CLUSTER_541,cattle_slu,16039.999999999998,16.503608039018054
AU,CLUSTER_541,rape_str,221.9,16.503608039018054
AU,CLUSTER_541,legume_str,57.8,16.503608039018054
AU,CLUSTER_58,cattle_man,49010.0,28.354444984293625
AU,CLUSTER_58,rape_str,948.0,28.354444984293625
AU,CLUSTER_58,legume_str,822.0,28.354444984293625
AU,CLUSTER_61,cattle_man,33290.0,25.057522915875044
AU,CLUSTER_61,horse_man,2388.0,25.057522915875044
AU,CLUSTER_61,rape_str,985.9999999999999,25.057522915875044
AU,CLUSTER_61,legume_str,504.6,25.057522915875044
AU,CLUSTER_64,cattle_slu,117990.0,17.649403926154893
AU,CLUSTER_64,rape_str,1531.1,17.649403926154893
AU,CLUSTER_64,legume_str,944.8,17.649403926154893
AU,CLUSTER_68,cattle_man,2715.3,45.63554931920592
AU,CLUSTER_69,rape_str,964.5,32.36694291152005
AU,CLUSTER_69,legume_str,517.8,32.36694291152005
AU,CLUSTER_70,cattle_man,18095.0,29.411802953608227
AU,CLUSTER_70,horse_man,1087.859,29.411802953608227
AU,CLUSTER_70,rape_str,1041.14,29.411802953608227
AU,CLUSTER_70,legume_str,758.6,29.411802953608227
AU,CLUSTER_73,cattle_man,5812.0,50.014406082822525
AU,CLUSTER_79,cattle_man,15570.0,53.643220181197165
AU,CLUSTER_79,horse_man,1933.0,53.643220181197165
AU,CLUSTER_85,cattle_man,17750.0,57.265585378168986
AU,CLUSTER_85,horse_man,2141.0,57.265585378168986
AU,CLUSTER_92,cattle_man,17416.0,7.809755284667654
AU,CLUSTER_92,cattle_slu,68400.0,7.809755284667654
AU,CLUSTER_92,rape_str,752.9,7.809755284667654
AU,CLUSTER_92,legume_str,339.0,7.809755284667654
AU,CLUSTER_93,cattle_man,44710.0,48.925243655562966
AU,CLUSTER_93,horse_man,4360.0,48.925243655562966
K,CLUSTER_10,horse_man,1392.2,52.491026863386
K,CLUSTER_10,pig_man,15.9693,52.491026863386
K,CLUSTER_10,maize_str,92.1,52.491026863386
K,CLUSTER_10,rape_str,247.74999999999997,52.491026863386
K,CLUSTER_10,legume_str,66.8,52.491026863386
K,CLUSTER_119,pig_man,210.9,65.40838526043231
K,CLUSTER_134,cattle_man,8431.4,25.524604630531943
K,CLUSTER_134,horse_man,721.52,25.524604630531943
K,CLUSTER_134,pig_man,1021.56,25.524604630531943
K,CLUSTER_134,maize_str,712.3,25.524604630531943
K,CLUSTER_134,rape_str,1039.3,25.524604630531943
K,CLUSTER_134,legume_str,277.13,25.524604630531943
K,CLUSTER_139,cattle_man,3032.51,29.440564806802943
K,CLUSTER_139,horse_man,980.3,29.440564806802943
K,CLUSTER_139,pig_man,42.67,29.440564806802943
K,CLUSTER_139,rape_str,1083.5,29.440564806802943
K,CLUSTER_139,legume_str,570.9,29.440564806802943
K,CLUSTER_141,horse_man,2815.0,60.6892770333367
K,CLUSTER_148,cattle_man,4501.0,36.140264754657466
K,CLUSTER_148,horse_man,500.77,36.140264754657466
K,CLUSTER_148,maize_str,21.2,36.140264754657466
K,CLUSTER_148,rape_str,856.0,36.140264754657466
K,CLUSTER_148,legume_str,71.2,36.140264754657466
K,CLUSTER_153,horse_man,1262.5,49.793525890895495
K,CLUSTER_153,maize_str,346.3,49.793525890895495
K,CLUSTER_153,rape_str,2865.0,49.793525890895495
K,CLUSTER_153,legume_str,465.2,49.793525890895495
K,CLUSTER_154,cattle_man,5634.1,32.40691976934761
K,CLUSTER_154,horse_man,347.6,32.40691976934761
K,CLUSTER_154,pig_man,309.885,32.40691976934761
K,CLUSTER_154,maize_str,84.14,32.40691976934761
K,CLUSTER_154,rape_str,1500.8,32.40691976934761
K,CLUSTER_154,legume_str,348.1,32.40691976934761
K,CLUSTER_156,horse_man,1144.7,43.09101120613333
K,CLUSTER_156,pig_man,137.8229,43.09101120613333
K,CLUSTER_156,maize_str,250.71100000000004,43.09101120613333
K,CLUSTER_156,rape_str,1599.0,43.09101120613333
K,CLUSTER_156,legume_str,342.4,43.09101120613333
K,CLUSTER_158,horse_man,253.79999999999998,50.989660854624304
K,CLUSTER_158,rape_str,44.4,50.989660854624304
K,CLUSTER_158,legume_str,41.66,50.989660854624304
K,CLUSTER_16,cattle_man,11750.6,13.974977042679075
K,CLUSTER_16,horse_man,1532.4,13.974977042679075
K,CLUSTER_16,pig_man,563.7029,13.974977042679075
K,CLUSTER_16,clover_alfalfa_grass,5461.0,13.974977042679075
K,CLUSTER_16,maize_str,361.46,13.974977042679075
K,CLUSTER_16,beet_leaf,16749.9,13.974977042679075
K,CLUSTER_16,rape_str,1459.3,13.974977042679075
K,CLUSTER_16,legume_str,320.2,13.974977042679075
K,CLUSTER_160,horse_man,2174.2,49.096141700638114
K,CLUSTER_160,maize_str,250.69999999999996,49.096141700638114
K,CLUSTER_160,rape_str,1197.5,49.096141700638114
K,CLUSTER_160,legume_str,109.73,49.096141700638114
K,CLUSTER_161,cattle_man,6850.0,34.876208010612665
K,CLUSTER_161,horse_man,429.62,34.876208010612665
K,CLUSTER_161,pig_man,1184.0,34.876208010612665
K,CLUSTER_161,maize_str,217.1,34.876208010612665
K,CLUSTER_161,rape_str,1567.0,34.876208010612665
K,CLUSTER_161,legume_str,357.73,34.876208010612665
K,CLUSTER_164,horse_man,1264.0,57.22126107350861
K,CLUSTER_164,pig_man,46.635000000000005,57.22126107350861
K,CLUSTER_164,rape_str,640.5745486680048,57.22126107350861
K,CLUSTER_164,legume_str,154.5,57.22126107350861
K,CLUSTER_170,horse_man,782.0,56.18859939346106
K,CLUSTER_170,rape_str,334.9,56.18859939346106
K,CLUSTER_173,pig_man,64.52416,72.25955048288591
K,CLUSTER_177,horse_man,285.4,61.12464783270632
K,CLUSTER_177,pig_man,779.21,61.12464783270632
K,CLUSTER_179,pig_man,63.56600000000001,65.29977601942372
K,CLUSTER_181,cattle_man,10934.199,8.355469822361247
K,CLUSTER_181,cattle_slu,14488.0,8.355469822361247
K,CLUSTER_181,horse_man,824.1,8.355469822361247
K,CLUSTER_181,pig_man,1482.4,8.355469822361247
K,CLUSTER_181,clover_alfalfa_grass,11208.0,8.355469822361247
K,CLUSTER_181,maize_str,737.8,8.355469822361247
K,CLUSTER_181,beet_leaf,35930.0,8.355469822361247
K,CLUSTER_181,rape_str,425.5,8.355469822361247
K,CLUSTER_181,legume_str,393.5,8.355469822361247
K,CLUSTER_183,horse_man,2503.0,59.00497774758677
K,CLUSTER_183,legume_str,266.3,59.00497774758677
K,CLUSTER_194,horse_man,974.4,52.37037896339865
K,CLUSTER_194,maize_str,238.4,52.37037896339865
K,CLUSTER_194,rape_str,1397.0,52.37037896339865
K,CLUSTER_194,legume_str,213.55,52.37037896339865
K,CLUSTER_200,pig_man,508.565,73.40705395152354
K,CLUSTER_232,horse_man,3168.0,50.36248773765754
K,CLUSTER_232,maize_str,332.4,50.36248773765754
K,CLUSTER_232,rape_str,928.0,50.36248773765754
K,CLUSTER_232,legume_str,118.5,50.36248773765754
K,CLUSTER_236,horse_man,1045.5,48.06713163691255
K,CLUSTER_236,pig_man,144.7,48.06713163691255
K,CLUSTER_236,maize_str,46.4,48.06713163691255
K,CLUSTER_236,rape_str,1247.0,48.06713163691255
K,CLUSTER_236,legume_str,601.1,48.06713163691255
K,CLUSTER_238,pig_man,123.380000000093,91.7668263040498
K,CLUSTER_24,horse_man,1586.5,43.31361747745488
K,CLUSTER_24,maize_str,610.37,43.31361747745488
K,CLUSTER_24,rape_str,4848.0,43.31361747745488
K,CLUSTER_24,legume_str,769.8,43.31361747745488
K,CLUSTER_242,horse_man,850.0,43.72355247257417
K,CLUSTER_242,maize_str,82.1,43.72355247257417
K,CLUSTER_242,rape_str,1229.6,43.72355247257417
K,CLUSTER_242,legume_str,233.5,43.72355247257417
K,CLUSTER_246,cattle_man,2279.3,15.52729262069761
K,CLUSTER_246,horse_man,1160.4,15.52729262069761
K,CLUSTER_246,pig_man,400.322,15.52729262069761
K,CLUSTER_246,clover_alfalfa_grass,4368.2,15.52729262069761
K,CLUSTER_246,maize_str,156.3,15.52729262069761
K,CLUSTER_246,beet_leaf,15376.0,15.52729262069761
K,CLUSTER_246,rape_str,1181.0,15.52729262069761
K,CLUSTER_246,legume_str,345.0,15.52729262069761
K,CLUSTER_247,horse_man,632.0,52.284820804562536
K,CLUSTER_247,pig_man,228.0,52.284820804562536
K,CLUSTER_247,maize_str,161.1,52.284820804562536
K,CLUSTER_247,rape_str,3410.0,52.284820804562536
K,CLUSTER_247,legume_str,474.1,52.284820804562536
K,CLUSTER_251,cattle_man,1718.4,29.889762393355763
K,CLUSTER_251,horse_man,239.3,29.889762393355763
K,CLUSTER_251,pig_man,335.71000000000004,29.889762393355763
K,CLUSTER_251,maize_str,70.9,29.889762393355763
K,CLUSTER_251,rape_str,2183.0,29.889762393355763
K,CLUSTER_251,legume_str,633.1999999999999,29.889762393355763
K,CLUSTER_260,pig_man,45.446,77.86431406071608
K,CLUSTER_271,pig_man,831.7,85.31549528163983
K,CLUSTER_275,horse_man,564.0,46.44917611162252
K,CLUSTER_275,maize_str,130.5,46.44917611162252
K,CLUSTER_275,rape_str,2420.0,46.44917611162252
K,CLUSTER_275,legume_str,322.6,46.44917611162252
K,CLUSTER_277,horse_man,872.3,41.23725215013403
K,CLUSTER_277,pig_man,203.959,41.23725215013403
K,CLUSTER_277,maize_str,52.900000000000006,41.23725215013403
K,CLUSTER_277,rape_str,2519.0,41.23725215013403
K,CLUSTER_277,legume_str,748.8,41.23725215013403
K,CLUSTER_283,cattle_man,4490.4,16.229984978104756
K,CLUSTER_283,horse_man,349.112,16.229984978104756
K,CLUSTER_283,pig_man,1637.37,16.229984978104756
K,CLUSTER_283,clover_alfalfa_grass,4311.0,16.229984978104756
K,CLUSTER_283,maize_str,483.1,16.229984978104756
K,CLUSTER_283,beet_leaf,20320.0,16.229984978104756
K,CLUSTER_283,rape_str,1599.65,16.229984978104756
K,CLUSTER_283,legume_str,287.6,16.229984978104756
K,CLUSTER_289,horse_man,747.4,37.85828227779381
K,CLUSTER_289,maize_str,455.8,37.85828227779381
K,CLUSTER_289,rape_str,1516.0,37.85828227779381
K,CLUSTER_289,legume_str,485.4,37.85828227779381
K,CLUSTER_294,horse_man,1187.9,55.46863221891397
K,CLUSTER_294,rape_str,684.0,55.46863221891397
K,CLUSTER_294,legume_str,168.2,55.46863221891397
K,CLUSTER_298,horse_man,591.0,42.33343613546112
K,CLUSTER_298,maize_str,131.71,42.33343613546112
K,CLUSTER_298,rape_str,1018.0,42.33343613546112
K,CLUSTER_298,legume_str,191.9,42.33343613546112
K,CLUSTER_30,cattle_man,5446.59,26.03287590552516
K,CLUSTER_30,horse_man,478.27,26.03287590552516
K,CLUSTER_30,maize_str,530.4,26.03287590552516
K,CLUSTER_30,rape_str,844.0,26.03287590552516
K,CLUSTER_30,legume_str,592.4,26.03287590552516
K,CLUSTER_310,horse_man,462.0,61.389522434417714
K,CLUSTER_310,pig_man,67.1,61.389522434417714
K,CLUSTER_314,horse_man,639.0,40.91794439117757
K,CLUSTER_314,rape_str,258.9,40.91794439117757
K,CLUSTER_314,legume_str,103.5,40.91794439117757
K,CLUSTER_317,pig_man,92.31,71.11495180055542
K,CLUSTER_320,horse_man,151.8,43.21568792463736
K,CLUSTER_320,pig_man,16.0,43.21568792463736
K,CLUSTER_320,maize_str,24.130000000000003,43.21568792463736
K,CLUSTER_320,rape_str,1162.3,43.21568792463736
K,CLUSTER_320,legume_str,113.12,43.21568792463736
K,CLUSTER_325,pig_man,710.15139,77.19461983984515
K,CLUSTER_328,horse_man,333.38,61.02993260930416
K,CLUSTER_328,pig_man,824.57,61.02993260930416
K,CLUSTER_332,cattle_man,620.3,24.82721216659661
K,CLUSTER_332,horse_man,404.6,24.82721216659661
K,CLUSTER_332,pig_man,132.8458,24.82721216659661
K,CLUSTER_332,maize_str,50.4,24.82721216659661
K,CLUSTER_332,rape_str,1546.9,24.82721216659661
K,CLUSTER_332,legume_str,553.2,24.82721216659661
K,CLUSTER_334,pig_man,214.22,87.91938230328768
K,CLUSTER_336,cattle_man,9570.0,1.9874397749652368
K,CLUSTER_336,cattle_slu,3179.0,1.9874397749652368
K,CLUSTER_336,horse_man,579.9,1.9874397749652368
K,CLUSTER_336,pig_man,552.236,1.9874397749652368
K,CLUSTER_336,clover_alfalfa_grass,5869.0,1.9874397749652368
K,CLUSTER_336,maize_str,516.74,1.9874397749652368
K,CLUSTER_336,beet_leaf,24605.2,1.9874397749652368
K,CLUSTER_336,rape_str,912.3,1.9874397749652368
K,CLUSTER_336,legume_str,270.07,1.9874397749652368
K,CLUSTER_348,cattle_man,2194.0,24.61237808925346
K,CLUSTER_348,horse_man,429.0,24.61237808925346
K,CLUSTER_348,maize_str,65.0,24.61237808925346
K,CLUSTER_348,rape_str,718.0,24.61237808925346
K,CLUSTER_348,legume_str,156.9,24.61237808925346
K,CLUSTER_361,cattle_man,4111.29,9.832267757228164
K,CLUSTER_361,cattle_slu,9432.0,9.832267757228164
K,CLUSTER_361,horse_man,200.3,9.832267757228164
K,CLUSTER_361,pig_man,900.0,9.832267757228164
K,CLUSTER_361,clover_alfalfa_grass,1390.2,9.832267757228164
K,CLUSTER_361,maize_str,579.6,9.832267757228164
K,CLUSTER_361,beet_leaf,22740.0,9.832267757228164
K,CLUSTER_361,rape_str,169.4,9.832267757228164
K,CLUSTER_361,legume_str,175.4,9.832267757228164
K,CLUSTER_38,cattle_man,6536.0,34.59027708563097
K,CLUSTER_38,horse_man,253.79999999999998,34.59027708563097
K,CLUSTER_38,maize_str,30.0,34.59027708563097
K,CLUSTER_38,rape_str,891.0,34.59027708563097
K,CLUSTER_38,legume_str,159.5,34.59027708563097
K,CLUSTER_381,horse_man,1692.89,57.67614851849938
K,CLUSTER_381,legume_str,127.29,57.67614851849938
K,CLUSTER_388,horse_man,410.3,60.52607894521476
K,CLUSTER_389,cattle_man,790.9,24.75410204455898
K,CLUSTER_389,horse_man,483.0,24.75410204455898
K,CLUSTER_389,pig_man,58.461,24.75410204455898
K,CLUSTER_389,maize_str,132.9,24.75410204455898
K,CLUSTER_389,rape_str,826.81,24.75410204455898
K,CLUSTER_389,legume_str,294.0,24.75410204455898
K,CLUSTER_395,horse_man,552.0799999999999,44.19776263488966
K,CLUSTER_395,maize_str,582.4,44.19776263488966
K,CLUSTER_395,rape_str,1105.0,44.19776263488966
K,CLUSTER_395,legume_str,73.81,44.19776263488966
K,CLUSTER_4,cattle_man,20439.0,25.15348214057776
K,CLUSTER_4,horse_man,2532.2,25.15348214057776
K,CLUSTER_4,maize_str,287.90000000000003,25.15348214057776
K,CLUSTER_4,rape_str,2234.4,25.15348214057776
K,CLUSTER_4,legume_str,531.23,25.15348214057776
K,CLUSTER_405,cattle_man,3574.0,21.584776757727184
K,CLUSTER_405,horse_man,311.8,21.584776757727184
K,CLUSTER_405,maize_str,43.2,21.584776757727184
K,CLUSTER_405,beet_leaf,2313.0,21.584776757727184
K,CLUSTER_405,rape_str,758.7,21.584776757727184
K,CLUSTER_405,legume_str,321.95,21.584776757727184
K,CLUSTER_410,horse_man,808.4,52.87064285269684
K,CLUSTER_410,pig_man,261.9019,52.87064285269684
K,CLUSTER_410,maize_str,31.67,52.87064285269684
K,CLUSTER_410,rape_str,2374.0,52.87064285269684
K,CLUSTER_410,legume_str,361.8,52.87064285269684
K,CLUSTER_417,cattle_man,11640.0,32.589148872244714
K,CLUSTER_417,horse_man,430.8,32.589148872244714
K,CLUSTER_417,maize_str,88.36,32.589148872244714
K,CLUSTER_417,rape_str,677.4,32.589148872244714
K,CLUSTER_417,legume_str,179.52,32.589148872244714
K,CLUSTER_418,horse_man,144.9,58.87243977232666
K,CLUSTER_418,legume_str,130.8,58.87243977232666
K,CLUSTER_420,cattle_man,7064.0,33.8597340905099
K,CLUSTER_420,horse_man,315.77,33.8597340905099
K,CLUSTER_420,maize_str,18.3,33.8597340905099
K,CLUSTER_420,rape_str,472.0,33.8597340905099
K,CLUSTER_420,legume_str,308.5,33.8597340905099
K,CLUSTER_421,horse_man,802.6,55.06488360573765
K,CLUSTER_421,rape_str,740.8,55.06488360573765
K,CLUSTER_421,legume_str,191.0,55.06488360573765
K,CLUSTER_424,horse_man,879.04,36.65085797011607
K,CLUSTER_424,pig_man,185.966,36.65085797011607
K,CLUSTER_424,maize_str,42.1,36.65085797011607
K,CLUSTER_424,rape_str,2239.8,36.65085797011607
K,CLUSTER_424,legume_str,524.5,36.65085797011607
K,CLUSTER_426,pig_man,46.733,80.41734606446575
K,CLUSTER_430,pig_man,159.375,72.96192711487625
K,CLUSTER_433,horse_man,1106.0,62.46208001402553
K,CLUSTER_445,cattle_man,831.9,23.572417659944733
K,CLUSTER_445,horse_man,58.691,23.572417659944733
K,CLUSTER_445,pig_man,763.751816318601,23.572417659944733
K,CLUSTER_445,maize_str,620.6,23.572417659944733
K,CLUSTER_445,rape_str,1059.0,23.572417659944733
K,CLUSTER_445,legume_str,171.5,23.572417659944733
K,CLUSTER_449,pig_man,577.091,79.62016247561613
K,CLUSTER_454,horse_man,105.4,53.273228736538485
K,CLUSTER_454,rape_str,1065.8200000000002,53.273228736538485
K,CLUSTER_454,legume_str,117.9,53.273228736538485
K,CLUSTER_46,horse_man,2237.0,53.960805299640434
K,CLUSTER_46,rape_str,1841.4,53.960805299640434
K,CLUSTER_46,legume_str,245.43999999999997,53.960805299640434
K,CLUSTER_460,horse_man,392.16,45.70682367394909
K,CLUSTER_460,pig_man,189.907,45.70682367394909
K,CLUSTER_460,maize_str,99.5,45.70682367394909
K,CLUSTER_460,rape_str,204.4,45.70682367394909
K,CLUSTER_460,legume_str,101.4,45.70682367394909
K,CLUSTER_462,horse_man,386.0,41.259572844293466
K,CLUSTER_462,maize_str,119.4,41.259572844293466
K,CLUSTER_462,rape_str,192.1,41.259572844293466
K,CLUSTER_462,legume_str,58.4,41.259572844293466
K,CLUSTER_468,horse_man,11.2,59.362231790203786
K,CLUSTER_468,legume_str,142.73,59.362231790203786
K,CLUSTER_483,cattle_man,2116.9,14.905097408634704
K,CLUSTER_483,horse_man,289.75,14.905097408634704
K,CLUSTER_483,pig_man,2458.9,14.905097408634704
K,CLUSTER_483,clover_alfalfa_grass,7110.0,14.905097408634704
K,CLUSTER_483,maize_str,387.2,14.905097408634704
K,CLUSTER_483,beet_leaf,25530.0,14.905097408634704
K,CLUSTER_483,rape_str,440.9,14.905097408634704
K,CLUSTER_483,legume_str,415.5,14.905097408634704
K,CLUSTER_486,cattle_man,1158.0,33.73126927487114
K,CLUSTER_486,horse_man,429.2,33.73126927487114
K,CLUSTER_486,maize_str,23.9,33.73126927487114
K,CLUSTER_486,rape_str,303.0,33.73126927487114
K,CLUSTER_486,legume_str,57.1,33.73126927487114
K,CLUSTER_487,horse_man,431.5,37.17201376880808
K,CLUSTER_487,pig_man,299.25,37.17201376880808
K,CLUSTER_487,maize_str,637.4,37.17201376880808
K,CLUSTER_487,rape_str,1529.0,37.17201376880808
K,CLUSTER_487,legume_str,702.12,37.17201376880808
K,CLUSTER_49,horse_man,1710.1,50.18905614288385
K,CLUSTER_49,pig_man,231.961,50.18905614288385
K,CLUSTER_49,maize_str,516.3,50.18905614288385
K,CLUSTER_49,rape_str,2778.0,50.18905614288385
K,CLUSTER_49,legume_str,470.832,50.18905614288385
K,CLUSTER_491,horse_man,277.6,62.99451514287815
K,CLUSTER_491,pig_man,236.64,62.99451514287815
K,CLUSTER_494,cattle_man,9580.0,17.60421655023894
K,CLUSTER_494,horse_man,104.9,17.60421655023894
K,CLUSTER_494,pig_man,566.9,17.60421655023894
K,CLUSTER_494,clover_alfalfa_grass,1499.6,17.60421655023894
K,CLUSTER_494,maize_str,343.7,17.60421655023894
K,CLUSTER_494,beet_leaf,4576.0,17.60421655023894
K,CLUSTER_494,rape_str,500.2,17.60421655023894
K,CLUSTER_494,legume_str,89.8,17.60421655023894
K,CLUSTER_497,horse_man,138.1,44.32121396188729
K,CLUSTER_497,pig_man,347.9,44.32121396188729
K,CLUSTER_497,maize_str,25.5,44.32121396188729
K,CLUSTER_497,rape_str,1290.0,44.32121396188729
K,CLUSTER_497,legume_str,206.1,44.32121396188729
K,CLUSTER_506,horse_man,529.0,55.89218573094303
K,CLUSTER_506,rape_str,1143.0,55.89218573094303
K,CLUSTER_506,legume_str,340.0,55.89218573094303
K,CLUSTER_517,horse_man,372.7,59.62755938715524
K,CLUSTER_530,horse_man,443.6,52.09864848347734
K,CLUSTER_530,pig_man,84.5,52.09864848347734
K,CLUSTER_530,rape_str,1253.0,52.09864848347734
K,CLUSTER_530,legume_str,212.8,52.09864848347734
K,CLUSTER_532,horse_man,177.7,39.810130811081045
K,CLUSTER_532,maize_str,67.89999999999999,39.810130811081045
K,CLUSTER_532,rape_str,590.2,39.810130811081045
K,CLUSTER_532,legume_str,85.86,39.810130811081045
K,CLUSTER_538,horse_man,768.4,60.29273820072544
K,CLUSTER_538,pig_man,151.197,60.29273820072544
K,CLUSTER_56,horse_man,1846.8,63.2241759801156
K,CLUSTER_56,pig_man,427.76,63.2241759801156
K,CLUSTER_60,pig_man,45.1582,72.07092623499305
K,CLUSTER_75,cattle_man,15511.3,14.628268266291242
K,CLUSTER_75,horse_man,1454.5,14.628268266291242
K,CLUSTER_75,clover_alfalfa_grass,4346.0,14.628268266291242
K,CLUSTER_75,maize_str,550.06,14.628268266291242
K,CLUSTER_75,beet_leaf,6044.0,14.628268266291242
K,CLUSTER_75,rape_str,1046.1,14.628268266291242
K,CLUSTER_75,legume_str,172.5,14.628268266291242
K,CLUSTER_80,pig_man,275.303,70.58755952083631
K,CLUSTER_87,cattle_man,23670.0,11.538750565055178
K,CLUSTER_87,horse_man,362.10543,11.538750565055178
K,CLUSTER_87,pig_man,544.04,11.538750565055178
K,CLUSTER_87,clover_alfalfa_grass,6188.0,11.538750565055178
K,CLUSTER_87,maize_str,676.6,11.538750565055178
K,CLUSTER_87,beet_leaf,71850.0,11.538750565055178
K,CLUSTER_87,rape_str,922.9,11.538750565055178
K,CLUSTER_87,legume_str,729.0,11.538750565055178
K,CLUSTER_88,horse_man,1496.2,53.44760277968575
K,CLUSTER_88,rape_str,1116.4,53.44760277968575
K,CLUSTER_88,legume_str,227.87,53.44760277968575
K,CLUSTER_95,pig_man,778.92,79.13544556036257
K,CLUSTER_97,cattle_man,4494.0,35.6517795209077
K,CLUSTER_97,horse_man,1266.8,35.6517795209077
K,CLUSTER_97,pig_man,302.6467,35.6517795209077
K,CLUSTER_97,maize_str,150.8,35.6517795209077
K,CLUSTER_97,rape_str,3629.0,35.6517795209077
K,CLUSTER_97,legume_str,684.7,35.6517795209077
AT,CLUSTER_126,maize_str,6491.0,32.19134212854063
AT,CLUSTER_126,rape_str,2381.0,32.19134212854063
AT,CLUSTER_126,legume_str,544.6,32.19134212854063
AT,CLUSTER_131,rape_str,1908.0,35.02058709657541
AT,CLUSTER_131,legume_str,1003.9999999999999,35.02058709657541
AT,CLUSTER_150,rape_str,158.8,42.71365136392854
AT,CLUSTER_150,legume_str,116.5,42.71365136392854
AT,CLUSTER_155,maize_str,5236.0,16.666787173342726
AT,CLUSTER_155,beet_leaf,71100.0,16.666787173342726
AT,CLUSTER_155,rape_str,1777.0,16.666787173342726
AT,CLUSTER_155,legume_str,662.1,16.666787173342726
AT,CLUSTER_165,rape_str,1507.0,42.31951745533768
AT,CLUSTER_165,legume_str,854.0,42.31951745533768
AT,CLUSTER_175,cattle_man,2182.272,14.814158720409573
AT,CLUSTER_175,maize_str,1895.0,14.814158720409573
AT,CLUSTER_175,beet_leaf,28760.0,14.814158720409573
AT,CLUSTER_175,rape_str,1513.0,14.814158720409573
AT,CLUSTER_175,legume_str,508.2,14.814158720409573
AT,CLUSTER_180,cattle_man,2402.6,23.705209606494968
AT,CLUSTER_180,maize_str,9410.0,23.705209606494968
AT,CLUSTER_180,rape_str,2510.0,23.705209606494968
AT,CLUSTER_180,legume_str,350.0,23.705209606494968
AT,CLUSTER_184,cattle_man,2092.0,1.571736745637931
AT,CLUSTER_184,cattle_slu,11230.0,1.571736745637931
AT,CLUSTER_184,clover_alfalfa_grass,2796.0,1.571736745637931
AT,CLUSTER_184,maize_str,4690.0,1.571736745637931
AT,CLUSTER_184,beet_leaf,43100.0,1.571736745637931
AT,CLUSTER_184,rape_str,1554.0,1.571736745637931
AT,CLUSTER_184,legume_str,480.0,1.571736745637931
AT,CLUSTER_186,cattle_man,2851.0,27.40588877578602
AT,CLUSTER_186,maize_str,2451.0,27.40588877578602
AT,CLUSTER_186,rape_str,2267.0,27.40588877578602
AT,CLUSTER_186,legume_str,321.6,27.40588877578602
AT,CLUSTER_195,rape_str,51.9,40.261384772542826
AT,CLUSTER_195,legume_str,17.12,40.261384772542826
AT,CLUSTER_2,maize_str,6515.0,27.6429894253662
AT,CLUSTER_223,maize_str,1682.3,31.24852778021655
AT,CLUSTER_223,rape_str,240.1,31.24852778021655
AT,CLUSTER_223,legume_str,122.22,31.24852778021655
AT,CLUSTER_240,maize_str,2018.1000000000001,19.902417938102644
AT,CLUSTER_240,rape_str,698.0,19.902417938102644
AT,CLUSTER_240,legume_str,511.70000000000016,19.902417938102644
AT,CLUSTER_241,rape_str,46.0,38.85075562240199
AT,CLUSTER_241,legume_str,14.47,38.85075562240199
AT,CLUSTER_257,rape_str,1210.4,36.07868422366688
AT,CLUSTER_257,legume_str,280.6,36.07868422366688
AT,CLUSTER_267,cattle_man,6170.0,18.052435254789167
AT,CLUSTER_267,maize_str,4239.0,18.052435254789167
AT,CLUSTER_267,beet_leaf,19900.0,18.052435254789167
AT,CLUSTER_267,rape_str,1938.0,18.052435254789167
AT,CLUSTER_267,legume_str,523.5,18.052435254789167
AT,CLUSTER_270,rape_str,169.7,43.84849937684548
AT,CLUSTER_270,legume_str,180.75,43.84849937684548
AT,CLUSTER_274,maize_str,4828.0,31.877680285186607
AT,CLUSTER_274,rape_str,401.4,31.877680285186607
AT,CLUSTER_274,legume_str,393.2,31.877680285186607
AT,CLUSTER_284,cattle_man,1152.783,21.741786864133527
AT,CLUSTER_284,maize_str,3599.0,21.741786864133527
AT,CLUSTER_284,rape_str,262.2,21.741786864133527
AT,CLUSTER_284,legume_str,192.3,21.741786864133527
AT,CLUSTER_290,rape_str,1121.03,42.89190815169623
AT,CLUSTER_290,legume_str,233.8,42.89190815169623
AT,CLUSTER_295,maize_str,1481.0,25.216851327513748
AT,CLUSTER_295,rape_str,310.5,25.216851327513748
AT,CLUSTER_295,legume_str,228.28,25.216851327513748
AT,CLUSTER_301,maize_str,3168.0,21.55694165544048
AT,CLUSTER_301,rape_str,382.1,21.55694165544048
AT,CLUSTER_301,legume_str,364.26,21.55694165544048
AT,CLUSTER_31,legume_str,400.9,47.7962757302253
AT,CLUSTER_321,maize_str,1399.0,30.46302036067327
AT,CLUSTER_321,rape_str,1433.0,30.46302036067327
AT,CLUSTER_321,legume_str,474.1,30.46302036067327
AT,CLUSTER_354,maize_str,3760.8,22.042585229417767
AT,CLUSTER_354,rape_str,1672.1,22.042585229417767
AT,CLUSTER_354,legume_str,257.3,22.042585229417767
AT,CLUSTER_355,maize_str,6490.0,26.38016083669918
AT,CLUSTER_355,rape_str,1192.0,26.38016083669918
AT,CLUSTER_355,legume_str,1096.0,26.38016083669918
AT,CLUSTER_370,maize_str,133.51,31.06975131880258
AT,CLUSTER_370,rape_str,42.4,31.06975131880258
AT,CLUSTER_370,legume_str,38.17,31.06975131880258
AT,CLUSTER_399,rape_str,723.2,39.966368038798606
AT,CLUSTER_399,legume_str,297.37,39.966368038798606
AT,CLUSTER_400,maize_str,7990.000000000001,12.174027043246571
AT,CLUSTER_400,beet_leaf,11210.0,12.174027043246571
AT,CLUSTER_400,rape_str,1315.0,12.174027043246571
AT,CLUSTER_400,legume_str,558.0,12.174027043246571
AT,CLUSTER_408,rape_str,1388.0,35.70541373707391
AT,CLUSTER_408,legume_str,270.2,35.70541373707391
AT,CLUSTER_429,rape_str,185.6,33.86645134831017
AT,CLUSTER_429,legume_str,61.70000000000001,33.86645134831017
AT,CLUSTER_441,rape_str,1217.0,40.0737669410561
AT,CLUSTER_441,legume_str,342.2,40.0737669410561
AT,CLUSTER_453,maize_str,1817.0,12.37697345185902
AT,CLUSTER_453,beet_leaf,20540.0,12.37697345185902
AT,CLUSTER_453,rape_str,449.1,12.37697345185902
AT,CLUSTER_453,legume_str,457.0,12.37697345185902
AT,CLUSTER_456,rape_str,206.8,43.58393357661064
AT,CLUSTER_456,legume_str,113.6,43.58393357661064
AT,CLUSTER_477,rape_str,247.70000000000002,32.31310832968419
AT,CLUSTER_477,legume_str,101.5,32.31310832968419
AT,CLUSTER_48,maize_str,4581.0,31.82459098673263
AT,CLUSTER_48,rape_str,1712.0,31.82459098673263
AT,CLUSTER_48,legume_str,448.03,31.82459098673263
AT,CLUSTER_488,maize_str,3580.0,31.5177816266882
AT,CLUSTER_488,rape_str,315.0,31.5177816266882
AT,CLUSTER_488,legume_str,451.0,31.5177816266882
AT,CLUSTER_501,cattle_man,230.0,11.598532602503838
AT,CLUSTER_501,maize_str,3960.0,11.598532602503838
AT,CLUSTER_501,beet_leaf,13770.0,11.598532602503838
AT,CLUSTER_501,rape_str,1822.0,11.598532602503838
AT,CLUSTER_501,legume_str,355.2,11.598532602503838
AT,CLUSTER_503,rape_str,1574.0,38.79721113373184
AT,CLUSTER_503,legume_str,401.2,38.79721113373184
AT,CLUSTER_504,rape_str,268.5,38.63244447201711
AT,CLUSTER_504,legume_str,94.63,38.63244447201711
AT,CLUSTER_545,rape_str,992.0,46.52228364655276
AT,CLUSTER_545,legume_str,184.9,46.52228364655276
AT,CLUSTER_68,rape_str,708.4,40.37852402386781
AT,CLUSTER_68,legume_str,893.9,40.37852402386781
AT,CLUSTER_73,maize_str,11358.0,16.535502980370058
AT,CLUSTER_73,beet_leaf,17732.0,16.535502980370058
AT,CLUSTER_73,rape_str,3434.0,16.535502980370058
AT,CLUSTER_73,legume_str,648.0,16.535502980370058
AT,CLUSTER_91,maize_str,5136.0,18.07020348643489
AT,CLUSTER_91,beet_leaf,12116.419560024044,18.07020348643489
AT,CLUSTER_91,rape_str,434.47,18.07020348643489
AT,CLUSTER_91,legume_str,391.1,18.07020348643489
CC,CLUSTER_100,maize_str,6753.0,17.54850291007055
CC,CLUSTER_100,beet_leaf,1319.0,17.54850291007055
CC,CLUSTER_100,rape_str,1247.0,17.54850291007055
CC,CLUSTER_100,legume_str,592.6,17.54850291007055
CC,CLUSTER_107,cattle_man,13402.1,24.6365769227164
CC,CLUSTER_107,maize_str,1970.0,24.6365769227164
CC,CLUSTER_107,rape_str,1132.0,24.6365769227164
CC,CLUSTER_107,legume_str,421.2,24.6365769227164
CC,CLUSTER_116,maize_str,4270.0,35.716120168253084
CC,CLUSTER_116,rape_str,1331.7,35.716120168253084
CC,CLUSTER_116,legume_str,256.53,35.716120168253084
CC,CLUSTER_122,legume_str,179.2,47.49702817657632
CC,CLUSTER_138,rape_str,1121.4,45.96677332833753
CC,CLUSTER_138,legume_str,467.8,45.96677332833753
CC,CLUSTER_144,cattle_man,16190.0,18.77744672902527
CC,CLUSTER_144,maize_str,3055.0,18.77744672902527
CC,CLUSTER_144,beet_leaf,1759.8,18.77744672902527
CC,CLUSTER_144,rape_str,1689.0,18.77744672902527
CC,CLUSTER_144,legume_str,474.3,18.77744672902527
CC,CLUSTER_151,rape_str,655.0,42.77655469621594
CC,CLUSTER_151,legume_str,305.9,42.77655469621594
CC,CLUSTER_152,cattle_man,3361.0,8.486487799957555
CC,CLUSTER_152,cattle_slu,14125.0,8.486487799957555
CC,CLUSTER_152,clover_alfalfa_grass,5471.0,8.486487799957555
CC,CLUSTER_152,maize_str,2300.0,8.486487799957555
CC,CLUSTER_152,beet_leaf,7131.0,8.486487799957555
CC,CLUSTER_152,rape_str,1311.0,8.486487799957555
CC,CLUSTER_152,legume_str,331.6,8.486487799957555
CC,CLUSTER_162,horse_man,3375.9,51.39512330740584
CC,CLUSTER_182,maize_str,2575.0,35.084451987457314
CC,CLUSTER_182,rape_str,811.0,35.084451987457314
CC,CLUSTER_182,legume_str,180.1,35.084451987457314
CC,CLUSTER_201,rape_str,52.69,45.11333774103432
CC,CLUSTER_201,legume_str,94.3,45.11333774103432
CC,CLUSTER_239,cattle_man,3789.0,18.14446747780736
CC,CLUSTER_239,maize_str,2374.0,18.14446747780736
CC,CLUSTER_239,rape_str,1717.0,18.14446747780736
CC,CLUSTER_239,legume_str,357.8,18.14446747780736
CC,CLUSTER_256,cattle_man,2666.96,30.858052146412817
CC,CLUSTER_256,maize_str,754.49,30.858052146412817
CC,CLUSTER_256,rape_str,862.4,30.858052146412817
CC,CLUSTER_256,legume_str,337.66,30.858052146412817
CC,CLUSTER_263,cattle_man,11151.51,10.092548717918996
CC,CLUSTER_263,cattle_slu,30938.51648983398,10.092548717918996
CC,CLUSTER_263,clover_alfalfa_grass,8790.0,10.092548717918996
CC,CLUSTER_263,maize_str,2453.0,10.092548717918996
CC,CLUSTER_263,beet_leaf,6296.4,10.092548717918996
CC,CLUSTER_263,rape_str,1071.4,10.092548717918996
CC,CLUSTER_263,legume_str,774.2,10.092548717918996
CC,CLUSTER_279,maize_str,3223.0,34.73249773345923
CC,CLUSTER_279,rape_str,766.0,34.73249773345923
CC,CLUSTER_279,legume_str,338.3,34.73249773345923
CC,CLUSTER_288,maize_str,5080.0,32.31904734175879
CC,CLUSTER_288,rape_str,1600.0,32.31904734175879
CC,CLUSTER_288,legume_str,851.0,32.31904734175879
CC,CLUSTER_297,maize_str,776.0,38.0177578195405
CC,CLUSTER_297,rape_str,668.0,38.0177578195405
CC,CLUSTER_297,legume_str,363.98,38.0177578195405
CC,CLUSTER_3,rape_str,310.9,44.69503162229088
CC,CLUSTER_3,legume_str,100.2,44.69503162229088
CC,CLUSTER_300,maize_str,1868.0,29.356575657280203
CC,CLUSTER_300,rape_str,548.0,29.356575657280203
CC,CLUSTER_300,legume_str,424.7,29.356575657280203
CC,CLUSTER_306,cattle_man,13760.0,24.827579141263605
CC,CLUSTER_306,maize_str,5143.0,24.827579141263605
CC,CLUSTER_306,rape_str,2327.0,24.827579141263605
CC,CLUSTER_306,legume_str,1097.0,24.827579141263605
CC,CLUSTER_315,maize_str,775.3,33.52255122346476
CC,CLUSTER_315,rape_str,1513.0,33.52255122346476
CC,CLUSTER_315,legume_str,373.6,33.52255122346476
CC,CLUSTER_323,rape_str,313.3,42.4947282586348
CC,CLUSTER_323,legume_str,62.45,42.4947282586348
CC,CLUSTER_324,cattle_man,6315.0,26.168752349954158
CC,CLUSTER_324,maize_str,2092.0,26.168752349954158
CC,CLUSTER_324,rape_str,1080.0,26.168752349954158
CC,CLUSTER_324,legume_str,578.7,26.168752349954158
CC,CLUSTER_338,cattle_man,6102.530000000001,27.33007260167583
CC,CLUSTER_338,maize_str,2637.0,27.33007260167583
CC,CLUSTER_338,rape_str,566.0,27.33007260167583
CC,CLUSTER_338,legume_str,307.0,27.33007260167583
CC,CLUSTER_34,cattle_man,4823.3,29.01818847488469
CC,CLUSTER_34,maize_str,4809.0,29.01818847488469
CC,CLUSTER_34,rape_str,1322.6,29.01818847488469
CC,CLUSTER_34,legume_str,428.6,29.01818847488469
CC,CLUSTER_340,horse_man,1279.0,46.39106172562877
CC,CLUSTER_340,rape_str,944.0,46.39106172562877
CC,CLUSTER_340,legume_str,294.533,46.39106172562877
CC,CLUSTER_342,cattle_man,4948.0,29.943691791323744
CC,CLUSTER_342,maize_str,1338.0,29.943691791323744
CC,CLUSTER_342,rape_str,755.7,29.943691791323744
CC,CLUSTER_342,legume_str,689.9,29.943691791323744
CC,CLUSTER_344,horse_man,1961.0,38.03707986021345
CC,CLUSTER_344,maize_str,5434.0,38.03707986021345
CC,CLUSTER_344,rape_str,232.2,38.03707986021345
CC,CLUSTER_344,legume_str,332.0,38.03707986021345
CC,CLUSTER_345,cattle_man,8870.0,5.204857649765112
CC,CLUSTER_345,cattle_slu,26060.0,5.204857649765112
CC,CLUSTER_345,clover_alfalfa_grass,8300.0,5.204857649765112
CC,CLUSTER_345,maize_str,5294.0,5.204857649765112
CC,CLUSTER_345,beet_leaf,3693.0,5.204857649765112
CC,CLUSTER_345,rape_str,1424.0,5.204857649765112
CC,CLUSTER_345,legume_str,1226.0,5.204857649765112
CC,CLUSTER_349,horse_man,668.0,52.56105050482115
CC,CLUSTER_353,horse_man,840.0,44.11365601901743
CC,CLUSTER_353,rape_str,696.0,44.11365601901743
CC,CLUSTER_353,legume_str,276.0,44.11365601901743
CC,CLUSTER_369,rape_str,80.2,44.43860846438271
CC,CLUSTER_371,maize_str,1554.0,36.89473840875571
CC,CLUSTER_371,rape_str,918.4,36.89473840875571
CC,CLUSTER_371,legume_str,445.8,36.89473840875571
CC,CLUSTER_376,rape_str,1421.0,44.62048346025001
CC,CLUSTER_376,legume_str,508.0,44.62048346025001
CC,CLUSTER_386,maize_str,1350.5,29.66532833515419
CC,CLUSTER_386,rape_str,588.0,29.66532833515419
CC,CLUSTER_386,legume_str,404.9,29.66532833515419
CC,CLUSTER_396,rape_str,968.0,40.83141378573479
CC,CLUSTER_396,legume_str,280.9,40.83141378573479
CC,CLUSTER_415,rape_str,246.40000000000003,38.73627621492629
CC,CLUSTER_415,legume_str,238.0,38.73627621492629
CC,CLUSTER_423,rape_str,1295.9,43.76856688719244
CC,CLUSTER_423,legume_str,670.7,43.76856688719244
CC,CLUSTER_427,maize_str,2221.8,37.7952981983527
CC,CLUSTER_427,rape_str,1173.4,37.7952981983527
CC,CLUSTER_427,legume_str,351.0,37.7952981983527
CC,CLUSTER_43,maize_str,3920.0,18.03504413675202
CC,CLUSTER_43,rape_str,981.0000000000001,18.03504413675202
CC,CLUSTER_43,legume_str,631.3,18.03504413675202
CC,CLUSTER_431,horse_man,1912.0,39.20268121591868
CC,CLUSTER_431,rape_str,203.4,39.20268121591868
CC,CLUSTER_431,legume_str,310.4,39.20268121591868
CC,CLUSTER_441,maize_str,2827.0,38.35275611121816
CC,CLUSTER_447,cattle_man,6210.0,11.936941533399908
CC,CLUSTER_447,maize_str,2057.0,11.936941533399908
CC,CLUSTER_447,beet_leaf,154.0,11.936941533399908
CC,CLUSTER_447,rape_str,901.0,11.936941533399908
CC,CLUSTER_447,legume_str,578.0,11.936941533399908
CC,CLUSTER_458,cattle_man,4990.0,20.910072377744807
CC,CLUSTER_458,maize_str,2140.0,20.910072377744807
CC,CLUSTER_458,rape_str,488.99999999999994,20.910072377744807
CC,CLUSTER_458,legume_str,366.0,20.910072377744807
CC,CLUSTER_464,cattle_man,4492.0,29.86466422500564
CC,CLUSTER_464,horse_man,752.0,29.86466422500564
CC,CLUSTER_464,maize_str,1659.0,29.86466422500564
CC,CLUSTER_464,rape_str,387.0,29.86466422500564
CC,CLUSTER_464,legume_str,235.0,29.86466422500564
CC,CLUSTER_466,maize_str,3586.0,22.66664948267832
CC,CLUSTER_466,rape_str,1039.0,22.66664948267832
CC,CLUSTER_466,legume_str,253.7,22.66664948267832
CC,CLUSTER_478,horse_man,340.1,49.28439146502675
CC,CLUSTER_478,rape_str,205.7,49.28439146502675
CC,CLUSTER_478,legume_str,86.75,49.28439146502675
CC,CLUSTER_485,rape_str,948.0,48.21788032191242
CC,CLUSTER_485,legume_str,229.0,48.21788032191242
CC,CLUSTER_495,cattle_man,7770.0,9.618805145158047
CC,CLUSTER_495,cattle_slu,28160.0,9.618805145158047
CC,CLUSTER_495,clover_alfalfa_grass,6158.0,9.618805145158047
CC,CLUSTER_495,maize_str,798.8,9.618805145158047
CC,CLUSTER_495,beet_leaf,1260.0,9.618805145158047
CC,CLUSTER_495,rape_str,574.7,9.618805145158047
CC,CLUSTER_495,legume_str,495.0,9.618805145158047
CC,CLUSTER_496,horse_man,451.0,54.9456090413966
CC,CLUSTER_498,rape_str,235.0,38.53095408777156
CC,CLUSTER_498,legume_str,259.3,38.53095408777156
CC,CLUSTER_499,cattle_man,4370.0,16.909018428799808
CC,CLUSTER_499,maize_str,1191.0,16.909018428799808
CC,CLUSTER_499,beet_leaf,6790.0,16.909018428799808
CC,CLUSTER_499,rape_str,500.0,16.909018428799808
CC,CLUSTER_499,legume_str,206.8,16.909018428799808
CC,CLUSTER_5,rape_str,185.0,38.0542301153102
CC,CLUSTER_5,legume_str,30.66,38.0542301153102
CC,CLUSTER_507,rape_str,1388.0,48.10728278280212
CC,CLUSTER_507,legume_str,319.0,48.10728278280212
CC,CLUSTER_508,legume_str,52.2,49.84736070804514
CC,CLUSTER_523,rape_str,139.1,45.17418134209031
CC,CLUSTER_523,legume_str,49.6,45.17418134209031
CC,CLUSTER_534,rape_str,1184.0,41.28771686996607
CC,CLUSTER_534,legume_str,317.1,41.28771686996607
CC,CLUSTER_544,maize_str,1670.0,27.601976897882988
CC,CLUSTER_544,rape_str,531.0,27.601976897882988
CC,CLUSTER_544,legume_str,101.3,27.601976897882988
CC,CLUSTER_545,maize_str,2700.0,35.80357675877852
CC,CLUSTER_57,cattle_man,1262.9,33.15041600753024
CC,CLUSTER_57,maize_str,1267.7,33.15041600753024
CC,CLUSTER_57,rape_str,917.4,33.15041600753024
CC,CLUSTER_57,legume_str,757.7,33.15041600753024
CC,CLUSTER_63,cattle_man,14627.0,20.81073783052597
CC,CLUSTER_63,maize_str,1895.5,20.81073783052597
CC,CLUSTER_63,rape_str,653.77,20.81073783052597
CC,CLUSTER_63,legume_str,611.5,20.81073783052597
CC,CLUSTER_71,cattle_man,8797.0,31.04842626971715
CC,CLUSTER_71,maize_str,4451.0,31.04842626971715
CC,CLUSTER_71,rape_str,2450.0,31.04842626971715
CC,CLUSTER_71,legume_str,1174.2,31.04842626971715
AK,CLUSTER_124,cattle_man,20030.0,24.66953640492466
AK,CLUSTER_124,maize_str,473.2,24.66953640492466
AK,CLUSTER_124,legume_str,92.4,24.66953640492466
AK,CLUSTER_159,cattle_man,8440.0,18.646787635467263
AK,CLUSTER_159,maize_str,9172.0,18.646787635467263
AK,CLUSTER_159,rape_str,771.0,18.646787635467263
AK,CLUSTER_159,legume_str,421.3,18.646787635467263
AK,CLUSTER_202,cattle_man,16100.0,16.989577785589592
AK,CLUSTER_202,maize_str,1620.21,16.989577785589592
AK,CLUSTER_202,beet_leaf,748.0,16.989577785589592
AK,CLUSTER_202,rape_str,65.6,16.989577785589592
AK,CLUSTER_202,legume_str,151.06,16.989577785589592
AK,CLUSTER_214,legume_str,85.15,35.38438655601537
AK,CLUSTER_225,maize_str,8410.0,13.24216987310062
AK,CLUSTER_225,beet_leaf,5020.0,13.24216987310062
AK,CLUSTER_225,rape_str,1132.3,13.24216987310062
AK,CLUSTER_225,legume_str,589.4,13.24216987310062
AK,CLUSTER_228,cattle_man,10463.0,24.818680705886496
AK,CLUSTER_233,maize_str,2980.0,20.194122897451606
AK,CLUSTER_233,rape_str,718.0,20.194122897451606
AK,CLUSTER_233,legume_str,413.0,20.194122897451606
AK,CLUSTER_250,cattle_man,8735.82,25.632720586373114
AK,CLUSTER_250,maize_str,14.7,25.632720586373114
AK,CLUSTER_258,cattle_man,16820.0,24.22551146422404
AK,CLUSTER_258,maize_str,13.7,24.22551146422404
AK,CLUSTER_258,legume_str,10.47,24.22551146422404
AK,CLUSTER_270,cattle_man,9712.0,29.57312097820956
AK,CLUSTER_270,maize_str,1419.08,29.57312097820956
AK,CLUSTER_273,rape_str,116.6,37.87656538820248
AK,CLUSTER_273,legume_str,126.2,37.87656538820248
AK,CLUSTER_282,cattle_slu,48900.0,6.087978140740391
AK,CLUSTER_282,maize_str,1199.9,6.087978140740391
AK,CLUSTER_282,beet_leaf,497.00000000000006,6.087978140740391
AK,CLUSTER_282,rape_str,168.6,6.087978140740391
AK,CLUSTER_282,legume_str,149.16,6.087978140740391
AK,CLUSTER_291,maize_str,29880.0,27.543254192447503
AK,CLUSTER_291,rape_str,424.0,27.543254192447503
AK,CLUSTER_291,legume_str,875.6,27.543254192447503
AK,CLUSTER_292,maize_str,10970.0,21.106005634134977
AK,CLUSTER_292,rape_str,1890.0,21.106005634134977
AK,CLUSTER_292,legume_str,588.0,21.106005634134977
AK,CLUSTER_296,cattle_man,6573.0,15.84957132813178
AK,CLUSTER_296,maize_str,81.94,15.84957132813178
AK,CLUSTER_296,legume_str,10.71,15.84957132813178
AK,CLUSTER_402,rape_str,21.1,36.32470472785701
AK,CLUSTER_402,legume_str,299.0,36.32470472785701
AK,CLUSTER_416,horse_man,387.2,41.38048888319686
AK,CLUSTER_442,legume_str,12.73,34.98495704355965
AK,CLUSTER_456,maize_str,2995.0,21.34826924912601
AK,CLUSTER_457,cattle_man,11400.0,15.093433277530874
AK,CLUSTER_457,maize_str,314.0,15.093433277530874
AK,CLUSTER_457,rape_str,30.800000000000004,15.093433277530874
AK,CLUSTER_457,legume_str,108.18,15.093433277530874
AK,CLUSTER_513,maize_str,11970.0,12.365525359969158
AK,CLUSTER_513,beet_leaf,37270.0,12.365525359969158
AK,CLUSTER_513,rape_str,985.0,12.365525359969158
AK,CLUSTER_513,legume_str,913.0,12.365525359969158
AK,CLUSTER_514,cattle_man,11580.0,8.871291287044672
AK,CLUSTER_514,cattle_slu,60210.0,8.871291287044672
AK,CLUSTER_514,maize_str,350.0,8.871291287044672
AK,CLUSTER_514,legume_str,49.46,8.871291287044672
AK,CLUSTER_537,maize_str,5908.12429338812,30.30316977585385
AK,CLUSTER_537,rape_str,567.4,30.30316977585385
AK,CLUSTER_537,legume_str,243.7,30.30316977585385
AK,CLUSTER_547,cattle_man,10790.0,25.33790394542153
AK,CLUSTER_549,cattle_man,6580.0,14.104110340094936
AK,CLUSTER_549,maize_str,115.4,14.104110340094936
AK,CLUSTER_549,rape_str,76.9,14.104110340094936
AK,CLUSTER_549,legume_str,16.9,14.104110340094936
AK,CLUSTER_68,maize_str,8434.0,22.72496451079204
AK,CLUSTER_79,cattle_slu,91500.0,7.01993856864579
AK,CLUSTER_79,maize_str,6400.0,7.01993856864579
AK,CLUSTER_79,beet_leaf,2597.0,7.01993856864579
AK,CLUSTER_79,rape_str,1076.6,7.01993856864579
AK,CLUSTER_79,legume_str,931.4,7.01993856864579
BH,CLUSTER_151,cattle_man,5361.0,25.62345056803681
BH,CLUSTER_157,cattle_man,22880.0,42.00864952672993
BH,CLUSTER_157,legume_str,10.8,42.00864952672993
BH,CLUSTER_198,cattle_man,19100.0,10.729868282245258
BH,CLUSTER_198,cattle_slu,95800.0,10.729868282245258
BH,CLUSTER_204,cattle_man,10730.0,33.4529197342374
BH,CLUSTER_204,legume_str,23.92,33.4529197342374
BH,CLUSTER_215,cattle_man,11500.0,17.32142148338648
BH,CLUSTER_215,cattle_slu,55550.0,17.32142148338648
BH,CLUSTER_218,legume_str,38.61,32.62779191583196
BH,CLUSTER_226,cattle_man,16880.0,20.509115217518804
BH,CLUSTER_226,cattle_slu,81430.0,20.509115217518804
BH,CLUSTER_26,cattle_man,27390.0,36.06321737360317
BH,CLUSTER_26,legume_str,17.009999999999998,36.06321737360317
BH,CLUSTER_27,cattle_man,18405.0,32.657406018499785
BH,CLUSTER_27,legume_str,18.4,32.657406018499785
BH,CLUSTER_28,cattle_man,8410.0,38.50898863233863
BH,CLUSTER_281,cattle_man,11914.0,4.932200737771407
BH,CLUSTER_281,cattle_slu,54009.0,4.932200737771407
BH,CLUSTER_281,pig_slu,25.5,4.932200737771407
BH,CLUSTER_287,cattle_man,2184.0,46.462680700068205
BH,CLUSTER_287,horse_man,1571.0,46.462680700068205
BH,CLUSTER_29,rape_str,84.37,35.7911046435082
BH,CLUSTER_29,legume_str,109.47,35.7911046435082
BH,CLUSTER_3,cattle_man,7882.999999999999,44.28821100608967
BH,CLUSTER_304,cattle_man,2118.0,60.22801291874308
BH,CLUSTER_312,cattle_man,11300.0,25.25502898859707
BH,CLUSTER_312,horse_man,1544.0,25.25502898859707
BH,CLUSTER_352,cattle_man,13540.0,24.321079232211517
BH,CLUSTER_352,rape_str,33.3,24.321079232211517
BH,CLUSTER_363,cattle_man,13430.0,20.068648065960573
BH,CLUSTER_363,cattle_slu,51370.0,20.068648065960573
BH,CLUSTER_363,maize_str,459.0,20.068648065960573
BH,CLUSTER_363,legume_str,43.2,20.068648065960573
BH,CLUSTER_369,cattle_man,3235.7,33.888188977256625
BH,CLUSTER_391,cattle_man,11195.0,46.78866905182741
BH,CLUSTER_396,cattle_man,5375.0,26.815617089146315
BH,CLUSTER_407,cattle_man,10172.0,8.422090445895114
BH,CLUSTER_407,cattle_slu,45520.0,8.422090445895114
BH,CLUSTER_415,cattle_man,6170.0,51.207695506824976
BH,CLUSTER_448,cattle_man,3200.0,56.996932518919714
BH,CLUSTER_489,cattle_man,1068.0,52.097968332356174
BH,CLUSTER_5,cattle_man,1031.0,34.48745871260982
BH,CLUSTER_508,cattle_man,21640.0,20.7243411724752
BH,CLUSTER_508,cattle_slu,104700.0,20.7243411724752
BH,CLUSTER_508,rape_str,67.5,20.7243411724752
BH,CLUSTER_53,cattle_man,6226.92,54.83967528708751
BH,CLUSTER_54,cattle_man,5070.0,12.490855520745678
BH,CLUSTER_54,cattle_slu,17890.0,12.490855520745678
BH,CLUSTER_62,cattle_man,29750.0,23.44518128393513
BH,CLUSTER_62,legume_str,34.27,23.44518128393513
BH,CLUSTER_67,cattle_man,12270.0,28.5137393447632
BH,CLUSTER_67,legume_str,13.0,28.5137393447632
BH,CLUSTER_8,cattle_man,26900.0,11.904383331057378
BH,CLUSTER_8,cattle_slu,141350.0,11.904383331057378
BH,CLUSTER_8,maize_str,41.8,11.904383331057378
BH,CLUSTER_8,beet_leaf,65.2,11.904383331057378
BH,CLUSTER_8,rape_str,48.5,11.904383331057378
BH,CLUSTER_8,legume_str,105.89,11.904383331057378
BH,CLUSTER_90,cattle_man,9800.0,46.75326891652384
X,CLUSTER_105,legume_str,17.03,38.15570078912796
X,CLUSTER_106,cattle_slu,67740.0,10.967606658956145
X,CLUSTER_106,maize_str,227.0,10.967606658956145
X,CLUSTER_106,beet_leaf,408.0,10.967606658956145
X,CLUSTER_106,rape_str,253.62000000000003,10.967606658956145
X,CLUSTER_106,legume_str,84.6,10.967606658956145
X,CLUSTER_111,rape_str,739.75,40.56294895140114
X,CLUSTER_111,legume_str,253.9,40.56294895140114
X,CLUSTER_117,cattle_man,13052.0,42.897225368527
X,CLUSTER_117,horse_man,1848.2,42.897225368527
X,CLUSTER_118,cattle_slu,125400.00000000001,12.677159691667574
X,CLUSTER_118,maize_str,124.29999999999998,12.677159691667574
X,CLUSTER_118,beet_leaf,119.0,12.677159691667574
X,CLUSTER_118,rape_str,80.0,12.677159691667574
X,CLUSTER_118,legume_str,97.25,12.677159691667574
X,CLUSTER_123,cattle_man,9000.0,52.438754805892415
X,CLUSTER_127,maize_str,111.55,32.223986179475624
X,CLUSTER_127,rape_str,575.6,32.223986179475624
X,CLUSTER_127,legume_str,193.6,32.223986179475624
X,CLUSTER_128,cattle_man,10124.4,58.80417070952991
X,CLUSTER_129,horse_man,1743.9,81.07064053995174
X,CLUSTER_13,rape_str,186.63,36.08364018224111
X,CLUSTER_13,legume_str,218.8,36.08364018224111
X,CLUSTER_137,cattle_man,27690.0,17.313927444975327
X,CLUSTER_137,cattle_slu,183000.0,17.313927444975327
X,CLUSTER_14,cattle_man,9659.0,62.49385456651244
X,CLUSTER_166,rape_str,257.0,34.17027794694513
X,CLUSTER_166,legume_str,112.33,34.17027794694513
X,CLUSTER_174,cattle_slu,117700.0,17.206261282361993
X,CLUSTER_187,legume_str,419.6,49.14848921650753
X,CLUSTER_191,cattle_man,11290.0,45.28282347760965
X,CLUSTER_206,maize_str,277.889,24.814690325544923
X,CLUSTER_206,rape_str,81.58,24.814690325544923
X,CLUSTER_206,legume_str,98.69,24.814690325544923
X,CLUSTER_209,legume_str,188.51,47.66845729452462
X,CLUSTER_210,maize_str,159.54,26.14857230828465
X,CLUSTER_210,rape_str,548.7,26.14857230828465
X,CLUSTER_210,legume_str,108.0,26.14857230828465
X,CLUSTER_224,cattle_man,12420.0,47.36933229016047
X,CLUSTER_229,horse_man,466.3,97.14233388066408
X,CLUSTER_252,cattle_man,13810.818056610415,25.232997054895947
X,CLUSTER_253,cattle_man,6043.0,54.87695640973523
X,CLUSTER_264,cattle_slu,230130.0,2.558202469348682
X,CLUSTER_264,pig_slu,2295.79,2.558202469348682
X,CLUSTER_264,maize_str,79.4,2.558202469348682
X,CLUSTER_264,beet_leaf,541.0,2.558202469348682
X,CLUSTER_264,rape_str,125.89999999999999,2.558202469348682
X,CLUSTER_264,legume_str,18.9,2.558202469348682
X,CLUSTER_268,cattle_man,5520.0,54.03771198600035
X,CLUSTER_268,horse_man,1285.41,54.03771198600035
X,CLUSTER_303,horse_man,1570.0,101.87495617230864
X,CLUSTER_305,cattle_man,4426.0,62.91958545032303
X,CLUSTER_313,cattle_slu,130200.00000000001,20.14230985986352
X,CLUSTER_313,maize_str,26.06,20.14230985986352
X,CLUSTER_329,cattle_man,13430.0,37.588324334726046
X,CLUSTER_337,rape_str,148.0,40.3547579217909
X,CLUSTER_337,legume_str,187.9,40.3547579217909
X,CLUSTER_341,cattle_man,862.8,42.64469692103255
X,CLUSTER_341,rape_str,497.09999999999997,42.64469692103255
X,CLUSTER_341,legume_str,177.98,42.64469692103255
X,CLUSTER_360,cattle_man,8890.0,50.660251278475606
X,CLUSTER_362,maize_str,11.4,30.03510756698173
X,CLUSTER_362,legume_str,13.96,30.03510756698173
X,CLUSTER_366,cattle_slu,44280.0,22.40062095385072
X,CLUSTER_366,maize_str,14.85,22.40062095385072
X,CLUSTER_366,rape_str,303.82,22.40062095385072
X,CLUSTER_366,legume_str,55.69,22.40062095385072
X,CLUSTER_368,rape_str,482.8,37.278068683987655
X,CLUSTER_368,legume_str,152.78,37.278068683987655
X,CLUSTER_375,cattle_man,14310.0,12.99209863627502
X,CLUSTER_375,cattle_slu,101650.0,12.99209863627502
X,CLUSTER_375,maize_str,173.0,12.99209863627502
X,CLUSTER_377,horse_man,627.7,97.36338428142707
X,CLUSTER_379,maize_str,28.1,16.67514231990973
X,CLUSTER_379,rape_str,35.6,16.67514231990973
X,CLUSTER_379,legume_str,33.1,16.67514231990973
X,CLUSTER_383,cattle_man,4512.0,46.318744095048594
X,CLUSTER_383,rape_str,355.5,46.318744095048594
X,CLUSTER_383,legume_str,135.1,46.318744095048594
X,CLUSTER_39,cattle_man,19310.0,40.60993277992769
X,CLUSTER_411,maize_str,443.52,26.608400908777742
X,CLUSTER_411,rape_str,409.6,26.608400908777742
X,CLUSTER_411,legume_str,302.2,26.608400908777742
X,CLUSTER_42,horse_man,1097.5,88.57675360524956
X,CLUSTER_422,cattle_man,4670.0,37.57784835677636
X,CLUSTER_428,legume_str,401.5,47.2115533412788
X,CLUSTER_432,legume_str,291.34000000000003,48.536505082112924
X,CLUSTER_434,cattle_slu,77000.0,9.256585465392195
X,CLUSTER_44,rape_str,694.67,37.58283825316579
X,CLUSTER_44,legume_str,336.7,37.58283825316579
X,CLUSTER_443,maize_str,154.0,25.45792075561774
X,CLUSTER_443,rape_str,172.0,25.45792075561774
X,CLUSTER_443,legume_str,58.24,25.45792075561774
X,CLUSTER_446,rape_str,165.0,36.83482152258574
X,CLUSTER_446,legume_str,132.72,36.83482152258574
X,CLUSTER_452,horse_man,922.0,95.27455974645456
X,CLUSTER_463,cattle_man,3189.0,30.55414366413148
X,CLUSTER_463,maize_str,256.2,30.55414366413148
X,CLUSTER_463,rape_str,181.4,30.55414366413148
X,CLUSTER_463,legume_str,20.57,30.55414366413148
X,CLUSTER_480,cattle_man,173.2,61.36169083933891
X,CLUSTER_480,horse_man,560.6,61.36169083933891
X,CLUSTER_492,cattle_man,6610.0,58.7427746821802
X,CLUSTER_492,horse_man,472.0,58.7427746821802
X,CLUSTER_500,cattle_man,5430.0,45.10322042194993
X,CLUSTER_500,rape_str,858.0,45.10322042194993
X,CLUSTER_500,legume_str,135.3,45.10322042194993
X,CLUSTER_51,cattle_slu,177430.0,11.07591292902518
X,CLUSTER_515,horse_man,126.2,82.90894229144499
X,CLUSTER_521,cattle_man,12160.0,34.63687897312609
X,CLUSTER_527,cattle_man,7620.0,47.56233196666667
X,CLUSTER_527,horse_man,1912.0,47.56233196666667
X,CLUSTER_533,cattle_man,693.0,61.57810808281703
X,CLUSTER_543,cattle_slu,58800.0,17.206852469681508
X,CLUSTER_543,maize_str,21.22,17.206852469681508
X,CLUSTER_543,rape_str,46.2,17.206852469681508
X,CLUSTER_543,legume_str,17.48,17.206852469681508
X,CLUSTER_548,cattle_slu,38500.0,14.679329625797036
X,CLUSTER_548,maize_str,47.5,14.679329625797036
X,CLUSTER_548,rape_str,123.00000000000001,14.679329625797036
X,CLUSTER_548,legume_str,30.47,14.679329625797036
X,CLUSTER_65,cattle_man,29310.0,32.154500672735296
X,CLUSTER_94,cattle_man,10320.0,45.74400606093663
AV,CLUSTER_102,cattle_man,1724.0,27.982691929988423
AV,CLUSTER_102,rape_str,88.5,27.982691929988423
AV,CLUSTER_102,legume_str,12.3,27.982691929988423
AV,CLUSTER_108,cattle_man,372.4,47.13787918856371
AV,CLUSTER_108,horse_man,2893.0,47.13787918856371
AV,CLUSTER_108,legume_str,386.8,47.13787918856371
AV,CLUSTER_11,cattle_man,3764.1,48.92003366824374
AV,CLUSTER_11,legume_str,180.37,48.92003366824374
AV,CLUSTER_112,cattle_man,13057.0,9.785141503640752
AV,CLUSTER_112,cattle_slu,95060.0,9.785141503640752
AV,CLUSTER_112,rape_str,740.13,9.785141503640752
AV,CLUSTER_112,legume_str,69.21000000000001,9.785141503640752
AV,CLUSTER_113,cattle_man,1617.0,27.32630290397776
AV,CLUSTER_113,horse_man,513.4,27.32630290397776
AV,CLUSTER_113,rape_str,57.67,27.32630290397776
AV,CLUSTER_113,legume_str,53.1,27.32630290397776
AV,CLUSTER_114,cattle_man,3025.0,23.04869143017369
AV,CLUSTER_114,horse_man,632.9,23.04869143017369
AV,CLUSTER_114,maize_str,77.8,23.04869143017369
AV,CLUSTER_114,rape_str,2133.0,23.04869143017369
AV,CLUSTER_114,legume_str,233.9,23.04869143017369
AV,CLUSTER_115,cattle_man,12403.0,53.79416681118182
AV,CLUSTER_120,cattle_man,10758.0,40.7161082604972
AV,CLUSTER_120,horse_man,643.23,40.7161082604972
AV,CLUSTER_120,rape_str,1687.0,40.7161082604972
AV,CLUSTER_120,legume_str,254.4,40.7161082604972
AV,CLUSTER_133,cattle_man,1800.0,36.38372966194248
AV,CLUSTER_133,horse_man,538.3,36.38372966194248
AV,CLUSTER_133,rape_str,74.2,36.38372966194248
AV,CLUSTER_147,cattle_man,5220.0,51.81977903194353
AV,CLUSTER_153,cattle_man,5103.062,63.52969536777538
AV,CLUSTER_168,cattle_man,4187.0,21.60199528060301
AV,CLUSTER_168,cattle_slu,27900.0,21.60199528060301
AV,CLUSTER_168,horse_man,2384.0,21.60199528060301
AV,CLUSTER_168,maize_str,165.79,21.60199528060301
AV,CLUSTER_168,rape_str,528.6,21.60199528060301
AV,CLUSTER_168,legume_str,159.0,21.60199528060301
AV,CLUSTER_18,cattle_man,14355.0,44.20475281905524
AV,CLUSTER_18,rape_str,930.0,44.20475281905524
AV,CLUSTER_18,legume_str,160.1,44.20475281905524
AV,CLUSTER_185,cattle_man,4461.0,34.668754636491286
AV,CLUSTER_185,horse_man,786.4,34.668754636491286
AV,CLUSTER_185,rape_str,980.9000000000001,34.668754636491286
AV,CLUSTER_185,legume_str,368.9,34.668754636491286
AV,CLUSTER_188,horse_man,1732.0,96.61338966921268
AV,CLUSTER_19,cattle_man,13523.0,36.97293008874363
AV,CLUSTER_19,rape_str,1053.0,36.97293008874363
AV,CLUSTER_19,legume_str,163.01,36.97293008874363
AV,CLUSTER_197,cattle_man,6600.0,40.98474529637967
AV,CLUSTER_197,rape_str,192.0,40.98474529637967
AV,CLUSTER_197,legume_str,64.6,40.98474529637967
AV,CLUSTER_199,cattle_man,3629.0,25.757194883933693
AV,CLUSTER_199,horse_man,704.0,25.757194883933693
AV,CLUSTER_199,maize_str,12.3167,25.757194883933693
AV,CLUSTER_199,rape_str,2095.0,25.757194883933693
AV,CLUSTER_199,legume_str,218.02,25.757194883933693
AV,CLUSTER_200,horse_man,797.9,84.63484181339983
AV,CLUSTER_21,cattle_man,11680.0,29.486127269088414
AV,CLUSTER_21,rape_str,567.3,29.486127269088414
AV,CLUSTER_21,legume_str,141.0,29.486127269088414
AV,CLUSTER_211,cattle_man,4080.0000000000005,33.35875459677519
AV,CLUSTER_211,rape_str,526.0,33.35875459677519
AV,CLUSTER_211,legume_str,121.2,33.35875459677519
AV,CLUSTER_216,cattle_man,6405.0,36.61849036123458
AV,CLUSTER_216,rape_str,604.0,36.61849036123458
AV,CLUSTER_216,legume_str,149.51999999999998,36.61849036123458
AV,CLUSTER_217,cattle_man,3099.0,37.18208911102537
AV,CLUSTER_217,horse_man,1360.0,37.18208911102537
AV,CLUSTER_217,rape_str,2680.0,37.18208911102537
AV,CLUSTER_217,legume_str,337.9,37.18208911102537
AV,CLUSTER_220,cattle_man,1849.0,35.414614127738325
AV,CLUSTER_220,rape_str,396.0,35.414614127738325
AV,CLUSTER_220,legume_str,140.7,35.414614127738325
AV,CLUSTER_221,cattle_man,8125.0,25.49599540209244
AV,CLUSTER_221,horse_man,1171.9,25.49599540209244
AV,CLUSTER_221,maize_str,70.25,25.49599540209244
AV,CLUSTER_221,rape_str,447.85,25.49599540209244
AV,CLUSTER_221,legume_str,89.54,25.49599540209244
AV,CLUSTER_222,cattle_man,794.6,45.75315739005308
AV,CLUSTER_222,horse_man,643.3,45.75315739005308
AV,CLUSTER_222,rape_str,844.8,45.75315739005308
AV,CLUSTER_222,legume_str,145.8,45.75315739005308
AV,CLUSTER_227,cattle_man,7020.0,60.3190733918255
AV,CLUSTER_238,horse_man,820.7,104.09955030327583
AV,CLUSTER_245,cattle_man,13085.0,30.304775932270346
AV,CLUSTER_245,horse_man,793.9,30.304775932270346
AV,CLUSTER_245,rape_str,863.6,30.304775932270346
AV,CLUSTER_245,legume_str,148.70000000000002,30.304775932270346
AV,CLUSTER_25,cattle_man,2469.58,20.520973743653684
AV,CLUSTER_25,cattle_slu,14300.0,20.520973743653684
AV,CLUSTER_25,horse_man,395.1,20.520973743653684
AV,CLUSTER_25,rape_str,361.4,20.520973743653684
AV,CLUSTER_25,legume_str,111.18,20.520973743653684
AV,CLUSTER_255,cattle_man,5100.0,30.69783599253777
AV,CLUSTER_255,horse_man,1720.5,30.69783599253777
AV,CLUSTER_255,maize_str,91.14,30.69783599253777
AV,CLUSTER_255,rape_str,1415.5,30.69783599253777
AV,CLUSTER_255,legume_str,246.64000000000001,30.69783599253777
AV,CLUSTER_261,cattle_man,10670.0,40.19037920100514
AV,CLUSTER_261,rape_str,885.0,40.19037920100514
AV,CLUSTER_261,legume_str,260.0,40.19037920100514
AV,CLUSTER_265,cattle_man,1417.0,42.62991953284925
AV,CLUSTER_265,horse_man,1119.1,42.62991953284925
AV,CLUSTER_265,rape_str,352.79,42.62991953284925
AV,CLUSTER_265,legume_str,130.86,42.62991953284925
AV,CLUSTER_269,cattle_man,10313.0,21.02261280340163
AV,CLUSTER_269,cattle_slu,70838.0,21.02261280340163
AV,CLUSTER_269,rape_str,727.1,21.02261280340163
AV,CLUSTER_269,legume_str,139.774,21.02261280340163
AV,CLUSTER_271,horse_man,278.4,93.24716666085668
AV,CLUSTER_272,horse_man,1033.0,66.47608790184589
AV,CLUSTER_286,cattle_man,4579.0,41.78493283648409
AV,CLUSTER_286,horse_man,502.1,41.78493283648409
AV,CLUSTER_286,rape_str,875.9,41.78493283648409
AV,CLUSTER_286,legume_str,241.6,41.78493283648409
AV,CLUSTER_293,cattle_man,4637.0,48.96570523324159
AV,CLUSTER_293,horse_man,504.0,48.96570523324159
AV,CLUSTER_293,legume_str,195.85,48.96570523324159
AV,CLUSTER_299,cattle_man,4359.0,32.46022121898839
AV,CLUSTER_299,rape_str,270.28,32.46022121898839
AV,CLUSTER_299,legume_str,62.4,32.46022121898839
AV,CLUSTER_307,cattle_man,3600.0,43.02920734097231
AV,CLUSTER_307,rape_str,648.6,43.02920734097231
AV,CLUSTER_307,legume_str,128.0,43.02920734097231
AV,CLUSTER_309,cattle_man,7630.0,23.883802383810597
AV,CLUSTER_309,horse_man,240.3,23.883802383810597
AV,CLUSTER_309,rape_str,199.0,23.883802383810597
AV,CLUSTER_309,legume_str,115.88,23.883802383810597
AV,CLUSTER_317,horse_man,217.4,71.65068650456533
AV,CLUSTER_326,cattle_man,7270.0,49.77807669050846
AV,CLUSTER_326,horse_man,1285.4,49.77807669050846
AV,CLUSTER_327,cattle_man,2540.0,44.18015389748495
AV,CLUSTER_327,horse_man,336.5,44.18015389748495
AV,CLUSTER_327,rape_str,68.7,44.18015389748495
AV,CLUSTER_327,legume_str,27.7,44.18015389748495
AV,CLUSTER_331,cattle_man,5700.0,9.851321203809407
AV,CLUSTER_331,cattle_slu,37300.0,9.851321203809407
AV,CLUSTER_331,horse_man,3020.0,9.851321203809407
AV,CLUSTER_331,maize_str,232.3,9.851321203809407
AV,CLUSTER_331,beet_leaf,208.9,9.851321203809407
AV,CLUSTER_331,rape_str,1228.0,9.851321203809407
AV,CLUSTER_331,legume_str,336.0,9.851321203809407
AV,CLUSTER_335,cattle_man,4820.0,9.589621610573928
AV,CLUSTER_335,cattle_slu,36400.0,9.589621610573928
AV,CLUSTER_335,horse_man,3071.0,9.589621610573928
AV,CLUSTER_335,maize_str,16.3,9.589621610573928
AV,CLUSTER_335,rape_str,517.7,9.589621610573928
AV,CLUSTER_335,legume_str,75.2,9.589621610573928
AV,CLUSTER_347,cattle_man,674.0,41.29477020484962
AV,CLUSTER_347,horse_man,826.5,41.29477020484962
AV,CLUSTER_347,rape_str,703.0,41.29477020484962
AV,CLUSTER_347,legume_str,72.69999999999999,41.29477020484962
AV,CLUSTER_357,cattle_man,11532.0,49.06638258714407
AV,CLUSTER_357,legume_str,131.1,49.06638258714407
AV,CLUSTER_358,cattle_man,8329.0,13.118594907870454
AV,CLUSTER_358,cattle_slu,38440.0,13.118594907870454
AV,CLUSTER_358,horse_man,586.9,13.118594907870454
AV,CLUSTER_358,beet_leaf,105.7,13.118594907870454
AV,CLUSTER_358,rape_str,1314.0,13.118594907870454
AV,CLUSTER_358,legume_str,122.64,13.118594907870454
AV,CLUSTER_359,cattle_man,4205.0,32.308931754476006
AV,CLUSTER_359,horse_man,362.1,32.308931754476006
AV,CLUSTER_359,maize_str,36.5,32.308931754476006
AV,CLUSTER_359,rape_str,388.5,32.308931754476006
AV,CLUSTER_359,legume_str,17.74,32.308931754476006
AV,CLUSTER_36,cattle_man,5369.2,38.87921742081419
AV,CLUSTER_36,horse_man,1610.7,38.87921742081419
AV,CLUSTER_36,rape_str,1517.0,38.87921742081419
AV,CLUSTER_36,legume_str,273.0,38.87921742081419
AV,CLUSTER_367,cattle_man,1682.0,45.60665963055792
AV,CLUSTER_367,horse_man,1169.9,45.60665963055792
AV,CLUSTER_367,rape_str,1095.0,45.60665963055792
AV,CLUSTER_367,legume_str,263.8,45.60665963055792
AV,CLUSTER_380,cattle_man,6580.0,13.71269228556809
AV,CLUSTER_380,cattle_slu,43700.0,13.71269228556809
AV,CLUSTER_380,horse_man,1242.0,13.71269228556809
AV,CLUSTER_380,maize_str,92.9,13.71269228556809
AV,CLUSTER_380,beet_leaf,15.840000000000002,13.71269228556809
AV,CLUSTER_380,rape_str,2235.0,13.71269228556809
AV,CLUSTER_380,legume_str,263.0,13.71269228556809
AV,CLUSTER_384,cattle_man,3170.0,45.15079805443981
AV,CLUSTER_384,rape_str,817.0,45.15079805443981
AV,CLUSTER_384,legume_str,93.3,45.15079805443981
AV,CLUSTER_40,cattle_man,5321.0,55.02007550372959
AV,CLUSTER_401,cattle_man,1666.8,27.73195886944336
AV,CLUSTER_401,horse_man,929.5,27.73195886944336
AV,CLUSTER_401,maize_str,100.7,27.73195886944336
AV,CLUSTER_401,rape_str,292.6,27.73195886944336
AV,CLUSTER_401,legume_str,39.49,27.73195886944336
AV,CLUSTER_404,horse_man,1860.0,92.19206942389118
AV,CLUSTER_41,cattle_man,390.8,55.052509774328
AV,CLUSTER_41,horse_man,2108.8,55.052509774328
AV,CLUSTER_414,cattle_man,13020.0,35.214181230112494
AV,CLUSTER_414,rape_str,522.6,35.214181230112494
AV,CLUSTER_414,legume_str,213.38,35.214181230112494
AV,CLUSTER_418,cattle_man,5426.46,55.69076485411656
AV,CLUSTER_419,cattle_man,2304.0,2.4945858193317174
AV,CLUSTER_419,cattle_slu,11373.0,2.4945858193317174
AV,CLUSTER_419,horse_man,791.0,2.4945858193317174
AV,CLUSTER_419,pig_slu,1081.8,2.4945858193317174
AV,CLUSTER_419,maize_str,23.4,2.4945858193317174
AV,CLUSTER_419,rape_str,386.1,2.4945858193317174
AV,CLUSTER_419,legume_str,177.2,2.4945858193317174
AV,CLUSTER_421,cattle_man,2121.0,62.646868288914185
AV,CLUSTER_425,cattle_man,2512.95,51.23701188578325
AV,CLUSTER_425,horse_man,526.6,51.23701188578325
AV,CLUSTER_430,horse_man,480.0,101.17449090863016
AV,CLUSTER_437,cattle_man,8510.0,20.93574807866633
AV,CLUSTER_437,cattle_slu,64299.99999999999,20.93574807866633
AV,CLUSTER_437,rape_str,308.6,20.93574807866633
AV,CLUSTER_437,legume_str,135.0,20.93574807866633
AV,CLUSTER_444,cattle_man,2690.0,34.26315384995487
AV,CLUSTER_444,horse_man,379.2,34.26315384995487
AV,CLUSTER_444,rape_str,842.13,34.26315384995487
AV,CLUSTER_444,legume_str,165.45999999999998,34.26315384995487
AV,CLUSTER_449,horse_man,518.500398,99.00213208076698
AV,CLUSTER_455,cattle_man,11640.0,58.239419150592056
AV,CLUSTER_455,horse_man,810.1,58.239419150592056
AV,CLUSTER_46,cattle_man,1697.0,58.867770489612425
AV,CLUSTER_461,cattle_man,3302.0,42.7865397561307
AV,CLUSTER_461,horse_man,1385.0,42.7865397561307
AV,CLUSTER_461,rape_str,342.2,42.7865397561307
AV,CLUSTER_461,legume_str,79.77,42.7865397561307
AV,CLUSTER_465,cattle_man,5980.0,37.79535375631841
AV,CLUSTER_465,horse_man,1448.0,37.79535375631841
AV,CLUSTER_465,rape_str,2360.0,37.79535375631841
AV,CLUSTER_465,legume_str,750.0,37.79535375631841
AV,CLUSTER_467,cattle_man,779.0,53.02018093311839
AV,CLUSTER_467,horse_man,266.5,53.02018093311839
AV,CLUSTER_468,cattle_man,1492.0,54.244811178023824
AV,CLUSTER_471,cattle_man,292.0,18.554889124419574
AV,CLUSTER_471,cattle_slu,1307.0,18.554889124419574
AV,CLUSTER_471,rape_str,11.4,18.554889124419574
AV,CLUSTER_471,legume_str,10.2,18.554889124419574
AV,CLUSTER_475,cattle_man,3878.0,46.165927038603314
AV,CLUSTER_475,rape_str,859.6,46.165927038603314
AV,CLUSTER_475,legume_str,261.4,46.165927038603314
AV,CLUSTER_476,horse_man,492.00000000000006,87.66762299994618
AV,CLUSTER_490,horse_man,745.2,102.5360533918928
AV,CLUSTER_510,cattle_man,2238.5,57.14799323675296
AV,CLUSTER_510,horse_man,1319.0,57.14799323675296
AV,CLUSTER_512,cattle_man,5080.0,62.3494786400682
AV,CLUSTER_517,cattle_man,2042.0,59.26752943365832
AV,CLUSTER_518,cattle_man,9270.0,21.893222189379284
AV,CLUSTER_518,cattle_slu,56400.0,21.893222189379284
AV,CLUSTER_518,horse_man,1313.0,21.893222189379284
AV,CLUSTER_518,rape_str,1018.0,21.893222189379284
AV,CLUSTER_518,legume_str,172.5,21.893222189379284
AV,CLUSTER_522,cattle_man,6580.0,31.173312892692238
AV,CLUSTER_522,horse_man,288.1,31.173312892692238
AV,CLUSTER_522,rape_str,722.0,31.173312892692238
AV,CLUSTER_522,legume_str,144.6,31.173312892692238
AV,CLUSTER_524,cattle_man,2192.0,58.65190808752964
AV,CLUSTER_524,horse_man,1677.6,58.65190808752964
AV,CLUSTER_525,cattle_man,4927.7,62.06837231146959
AV,CLUSTER_525,horse_man,29.06,62.06837231146959
AV,CLUSTER_526,cattle_man,2490.0,59.62288281464291
AV,CLUSTER_526,horse_man,485.0,59.62288281464291
AV,CLUSTER_529,cattle_man,7480.0,55.26999562181485
AV,CLUSTER_535,cattle_man,1578.0,43.284990507494925
AV,CLUSTER_535,horse_man,706.0,43.284990507494925
AV,CLUSTER_535,rape_str,709.22,43.284990507494925
AV,CLUSTER_535,legume_str,91.4,43.284990507494925
AV,CLUSTER_536,cattle_man,3358.0,62.12098736269727
AV,CLUSTER_539,cattle_man,2743.0,19.60707262981716
AV,CLUSTER_539,cattle_slu,23862.0,19.60707262981716
AV,CLUSTER_539,horse_man,433.0,19.60707262981716
AV,CLUSTER_539,maize_str,65.900231,19.60707262981716
AV,CLUSTER_539,rape_str,737.0,19.60707262981716
AV,CLUSTER_539,legume_str,111.4,19.60707262981716
AV,CLUSTER_55,cattle_man,3272.0,62.022723949107984
AV,CLUSTER_76,horse_man,2263.0,104.1618643578541
AV,CLUSTER_80,horse_man,210.9,93.28981709366974
AV,CLUSTER_95,horse_man,229.22,78.4092336456572
AV,CLUSTER_96,horse_man,2943.838,79.8782389794911
AV,CLUSTER_98,cattle_man,5002.1,11.830976804083935
AV,CLUSTER_98,cattle_slu,30704.5,11.830976804083935
AV,CLUSTER_98,horse_man,673.1,11.830976804083935
AV,CLUSTER_98,rape_str,1266.0,11.830976804083935
AV,CLUSTER_98,legume_str,294.81,11.830976804083935
D,CLUSTER_1,cattle_man,7654.55,14.024106327062922
D,CLUSTER_1,cattle_slu,47629.0145,14.024106327062922
D,CLUSTER_1,horse_man,642.4,14.024106327062922
D,CLUSTER_1,maize_str,371.5,14.024106327062922
D,CLUSTER_1,beet_leaf,1232.41,14.024106327062922
D,CLUSTER_1,rape_str,1763.0,14.024106327062922
D,CLUSTER_1,legume_str,279.7,14.024106327062922
D,CLUSTER_101,cattle_man,7667.4141,34.94462208954411
D,CLUSTER_101,horse_man,1895.41,34.94462208954411
D,CLUSTER_101,rape_str,1060.3,34.94462208954411
D,CLUSTER_101,legume_str,210.4,34.94462208954411
D,CLUSTER_103,cattle_man,2660.0,22.45113623054286
D,CLUSTER_103,horse_man,678.2,22.45113623054286
D,CLUSTER_103,maize_str,65.200176,22.45113623054286
D,CLUSTER_103,rape_str,208.4,22.45113623054286
D,CLUSTER_103,legume_str,84.58999999999999,22.45113623054286
D,CLUSTER_12,cattle_man,6212.0,44.72846165372738
D,CLUSTER_12,rape_str,261.194,44.72846165372738
D,CLUSTER_12,legume_str,192.82,44.72846165372738
D,CLUSTER_125,cattle_man,17940.0,57.20481293711636
D,CLUSTER_141,cattle_man,6618.0,27.379798584114724
D,CLUSTER_141,maize_str,54.6,27.379798584114724
D,CLUSTER_141,rape_str,1518.4,27.379798584114724
D,CLUSTER_141,legume_str,364.1,27.379798584114724
D,CLUSTER_145,cattle_man,10356.0,41.02506381837896
D,CLUSTER_145,horse_man,1174.0,41.02506381837896
D,CLUSTER_145,rape_str,1224.0,41.02506381837896
D,CLUSTER_145,legume_str,263.2,41.02506381837896
D,CLUSTER_15,cattle_man,7650.0,36.08029280795765
D,CLUSTER_15,rape_str,787.2,36.08029280795765
D,CLUSTER_15,legume_str,224.491,36.08029280795765
D,CLUSTER_160,cattle_man,5620.0,44.073697557378274
D,CLUSTER_162,cattle_man,4108.423,50.03849893358595
D,CLUSTER_169,cattle_man,8425.7,21.9744781973724
D,CLUSTER_169,cattle_slu,42497.0,21.9744781973724
D,CLUSTER_169,horse_man,1079.5,21.9744781973724
D,CLUSTER_169,maize_str,446.0,21.9744781973724
D,CLUSTER_169,rape_str,268.41,21.9744781973724
D,CLUSTER_169,legume_str,59.436,21.9744781973724
D,CLUSTER_171,cattle_man,11040.0,11.398475923098305
D,CLUSTER_171,cattle_slu,68600.0,11.398475923098305
D,CLUSTER_171,horse_man,1981.0000000000002,11.398475923098305
D,CLUSTER_171,maize_str,987.0,11.398475923098305
D,CLUSTER_171,beet_leaf,1955.9999999999998,11.398475923098305
D,CLUSTER_171,rape_str,1563.0,11.398475923098305
D,CLUSTER_171,legume_str,188.6,11.398475923098305
D,CLUSTER_176,cattle_man,2533.2,44.39145064963936
D,CLUSTER_176,horse_man,750.0,44.39145064963936
D,CLUSTER_176,rape_str,773.6,44.39145064963936
D,CLUSTER_176,legume_str,185.1,44.39145064963936
D,CLUSTER_183,cattle_man,16594.0,48.79151413383725
D,CLUSTER_188,cattle_man,6172.0,11.510772931791552
D,CLUSTER_188,cattle_slu,39630.0,11.510772931791552
D,CLUSTER_188,maize_str,198.76,11.510772931791552
D,CLUSTER_188,rape_str,21.25,11.510772931791552
D,CLUSTER_188,legume_str,67.118,11.510772931791552
D,CLUSTER_190,cattle_man,9509.0,35.492256035209365
D,CLUSTER_190,horse_man,1595.7,35.492256035209365
D,CLUSTER_190,rape_str,642.0,35.492256035209365
D,CLUSTER_190,legume_str,186.5,35.492256035209365
D,CLUSTER_212,cattle_man,5215.0,55.485039606477066
D,CLUSTER_219,cattle_man,5290.0,26.314681295770843
D,CLUSTER_219,horse_man,452.0,26.314681295770843
D,CLUSTER_219,maize_str,434.5,26.314681295770843
D,CLUSTER_219,rape_str,2300.0,26.314681295770843
D,CLUSTER_219,legume_str,276.0,26.314681295770843
D,CLUSTER_229,cattle_man,1142.8,53.88636742778434
D,CLUSTER_232,cattle_man,9900.0,41.68744325361899
D,CLUSTER_237,cattle_man,4862.0,23.569804511386792
D,CLUSTER_237,horse_man,478.63,23.569804511386792
D,CLUSTER_237,maize_str,150.0,23.569804511386792
D,CLUSTER_237,rape_str,431.0,23.569804511386792
D,CLUSTER_237,legume_str,29.248,23.569804511386792
D,CLUSTER_242,cattle_man,11300.0,42.94208795238744
D,CLUSTER_248,cattle_man,377.0,42.59260564208802
D,CLUSTER_248,horse_man,258.4,42.59260564208802
D,CLUSTER_248,rape_str,349.9,42.59260564208802
D,CLUSTER_248,legume_str,201.2,42.59260564208802
D,CLUSTER_262,cattle_man,7320.0,51.498422164718
D,CLUSTER_266,cattle_man,5864.8,16.179704517074683
D,CLUSTER_266,cattle_slu,34980.0,16.179704517074683
D,CLUSTER_266,horse_man,271.0126,16.179704517074683
D,CLUSTER_266,beet_leaf,387.0,16.179704517074683
D,CLUSTER_266,rape_str,64.9,16.179704517074683
D,CLUSTER_266,legume_str,14.388000000000002,16.179704517074683
D,CLUSTER_272,cattle_man,3166.9,46.3895973861452
D,CLUSTER_272,rape_str,238.3,46.3895973861452
D,CLUSTER_272,legume_str,111.767,46.3895973861452
D,CLUSTER_278,cattle_man,5274.7,43.6736265805831
D,CLUSTER_278,horse_man,660.7,43.6736265805831
D,CLUSTER_278,rape_str,532.8,43.6736265805831
D,CLUSTER_278,legume_str,94.28,43.6736265805831
D,CLUSTER_294,cattle_man,6386.0,30.22749421224762
D,CLUSTER_294,maize_str,175.3,30.22749421224762
D,CLUSTER_303,cattle_man,3262.0,49.64419929334653
D,CLUSTER_314,cattle_man,812.91,44.64779469562218
D,CLUSTER_322,cattle_man,5790.0,33.7234059861223
D,CLUSTER_322,rape_str,704.3,33.7234059861223
D,CLUSTER_322,legume_str,115.8,33.7234059861223
D,CLUSTER_340,cattle_man,979.0,60.24162492319818
D,CLUSTER_346,cattle_man,146.3,39.40189818348927
D,CLUSTER_346,rape_str,14.6,39.40189818348927
D,CLUSTER_349,cattle_man,4717.0,47.69732583507355
D,CLUSTER_349,legume_str,257.0,47.69732583507355
D,CLUSTER_35,cattle_man,3291.0,39.67784243450112
D,CLUSTER_35,horse_man,655.3,39.67784243450112
D,CLUSTER_35,rape_str,3218.0,39.67784243450112
D,CLUSTER_35,legume_str,631.6,39.67784243450112
D,CLUSTER_351,cattle_man,14750.0,17.56065331716859
D,CLUSTER_351,cattle_slu,87200.0,17.56065331716859
D,CLUSTER_351,horse_man,1500.0,17.56065331716859
D,CLUSTER_351,maize_str,544.0,17.56065331716859
D,CLUSTER_351,rape_str,1727.0,17.56065331716859
D,CLUSTER_351,legume_str,523.0,17.56065331716859
D,CLUSTER_353,cattle_man,9000.0,63.38855350008179
D,CLUSTER_373,cattle_man,930.61,51.73617326060924
D,CLUSTER_377,cattle_man,1881.3,58.262804027696006
D,CLUSTER_381,cattle_man,4175.2,42.62777414410888
D,CLUSTER_381,rape_str,1369.1,42.62777414410888
D,CLUSTER_382,cattle_man,2959.0,26.91975754340807
D,CLUSTER_382,horse_man,1045.0,26.91975754340807
D,CLUSTER_382,maize_str,346.7,26.91975754340807
D,CLUSTER_382,rape_str,1028.0,26.91975754340807
D,CLUSTER_382,legume_str,385.1,26.91975754340807
D,CLUSTER_390,cattle_man,4736.4,33.15137236365948
D,CLUSTER_390,horse_man,147.848,33.15137236365948
D,CLUSTER_390,maize_str,92.3,33.15137236365948
D,CLUSTER_390,rape_str,957.4,33.15137236365948
D,CLUSTER_390,legume_str,91.61,33.15137236365948
D,CLUSTER_392,cattle_man,5800.0,46.44185839831983
D,CLUSTER_392,rape_str,1560.0,46.44185839831983
D,CLUSTER_392,legume_str,315.9,46.44185839831983
D,CLUSTER_394,cattle_man,6080.0,28.892403458457185
D,CLUSTER_394,maize_str,629.0,28.892403458457185
D,CLUSTER_394,rape_str,3108.0,28.892403458457185
D,CLUSTER_394,legume_str,403.6,28.892403458457185
D,CLUSTER_395,cattle_man,1724.5,56.85965395404395
D,CLUSTER_404,cattle_man,4430.0,17.810991923965982
D,CLUSTER_404,cattle_slu,40280.0,17.810991923965982
D,CLUSTER_404,maize_str,137.9,17.810991923965982
D,CLUSTER_404,rape_str,430.0,17.810991923965982
D,CLUSTER_404,legume_str,89.80000000000001,17.810991923965982
D,CLUSTER_42,cattle_man,15075.0,62.522184607480405
D,CLUSTER_431,cattle_man,3900.2,60.90548341476189
D,CLUSTER_433,cattle_man,4450.0297,30.268830516555155
D,CLUSTER_433,maize_str,124.49999999999999,30.268830516555155
D,CLUSTER_433,rape_str,464.4,30.268830516555155
D,CLUSTER_433,legume_str,55.8,30.268830516555155
D,CLUSTER_435,cattle_man,3989.9999999999995,21.575456868703185
D,CLUSTER_435,cattle_slu,23870.0,21.575456868703185
D,CLUSTER_435,maize_str,65.7,21.575456868703185
D,CLUSTER_435,rape_str,153.1,21.575456868703185
D,CLUSTER_435,legume_str,63.4,21.575456868703185
D,CLUSTER_451,cattle_man,7650.0,46.52490483003192
D,CLUSTER_451,rape_str,3060.0,46.52490483003192
D,CLUSTER_451,legume_str,293.0,46.52490483003192
D,CLUSTER_452,cattle_man,3960.0,54.563959972713405
D,CLUSTER_454,cattle_man,5716.1,31.125642668848776
D,CLUSTER_454,maize_str,265.5,31.125642668848776
D,CLUSTER_459,cattle_man,3719.2,34.00082374880607
D,CLUSTER_459,horse_man,167.4,34.00082374880607
D,CLUSTER_459,rape_str,91.0,34.00082374880607
D,CLUSTER_459,legume_str,28.68,34.00082374880607
D,CLUSTER_460,cattle_man,3371.2,58.207702199791605
D,CLUSTER_462,cattle_man,3029.0,52.8710703745146
D,CLUSTER_469,cattle_man,3134.0,37.22464440707557
D,CLUSTER_469,horse_man,840.0,37.22464440707557
D,CLUSTER_469,rape_str,1099.0,37.22464440707557
D,CLUSTER_469,legume_str,204.7,37.22464440707557
D,CLUSTER_476,cattle_man,2730.0,20.882010902694077
D,CLUSTER_476,cattle_slu,21010.0,20.882010902694077
D,CLUSTER_476,maize_str,70.1,20.882010902694077
D,CLUSTER_476,rape_str,21.8,20.882010902694077
D,CLUSTER_476,legume_str,20.15,20.882010902694077
D,CLUSTER_478,cattle_man,1374.0,53.159172686056586
D,CLUSTER_481,cattle_man,7889.999999999999,43.070573866630696
D,CLUSTER_481,rape_str,4790.0,43.070573866630696
D,CLUSTER_481,legume_str,620.0,43.070573866630696
D,CLUSTER_490,cattle_man,3600.0,16.21368802544572
D,CLUSTER_490,cattle_slu,21550.0,16.21368802544572
D,CLUSTER_490,maize_str,80.1,16.21368802544572
D,CLUSTER_490,beet_leaf,87.2,16.21368802544572
D,CLUSTER_490,rape_str,340.0,16.21368802544572
D,CLUSTER_490,legume_str,80.4,16.21368802544572
D,CLUSTER_496,cattle_man,6675.3,54.24695851011648
D,CLUSTER_532,cattle_man,3510.0508,44.44920707421126
D,CLUSTER_55,rape_str,291.6,45.77519522677459
D,CLUSTER_55,legume_str,299.8,45.77519522677459
D,CLUSTER_6,cattle_man,810.17,48.27207064106092
D,CLUSTER_6,horse_man,339.439139,48.27207064106092
D,CLUSTER_6,legume_str,401.8,48.27207064106092
D,CLUSTER_66,cattle_man,2641.0375,38.82461300014447
D,CLUSTER_66,horse_man,880.00908,38.82461300014447
D,CLUSTER_66,rape_str,449.2,38.82461300014447
D,CLUSTER_66,legume_str,66.985,38.82461300014447
D,CLUSTER_72,cattle_man,21650.0,31.491207091857387
D,CLUSTER_72,maize_str,914.0,31.491207091857387
D,CLUSTER_72,rape_str,3098.0,31.491207091857387
D,CLUSTER_72,legume_str,700.5,31.491207091857387
D,CLUSTER_76,cattle_man,2539.0,3.804858833823317
D,CLUSTER_76,cattle_slu,16801.3,3.804858833823317
D,CLUSTER_76,pig_slu,1677.7,3.804858833823317
D,CLUSTER_76,maize_str,96.25,3.804858833823317
D,CLUSTER_76,beet_leaf,13.0,3.804858833823317
D,CLUSTER_76,rape_str,35.114,3.804858833823317
D,CLUSTER_76,legume_str,109.68,3.804858833823317
D,CLUSTER_77,cattle_man,15680.0,47.80169657702975
D,CLUSTER_77,legume_str,300.0,47.80169657702975
D,CLUSTER_78,cattle_man,7012.0,8.119895861596788
D,CLUSTER_78,cattle_slu,45580.0,8.119895861596788
D,CLUSTER_78,horse_man,873.4,8.119895861596788
D,CLUSTER_78,maize_str,136.0,8.119895861596788
D,CLUSTER_78,beet_leaf,818.5,8.119895861596788
D,CLUSTER_78,rape_str,178.1,8.119895861596788
D,CLUSTER_78,legume_str,40.33,8.119895861596788
D,CLUSTER_82,cattle_man,7392.7,38.0916313202138
D,CLUSTER_82,horse_man,1220.1,38.0916313202138
D,CLUSTER_82,rape_str,680.1,38.0916313202138
D,CLUSTER_82,legume_str,122.92,38.0916313202138
D,CLUSTER_88,cattle_man,1437.0,50.86234063722107
D,CLUSTER_89,cattle_man,6220.0,57.09947463256773
D,CLUSTER_96,cattle_man,3690.0,30.359597311472324
D,CLUSTER_96,maize_str,261.74,30.359597311472324
D,CLUSTER_96,rape_str,553.6,30.359597311472324
D,CLUSTER_96,legume_str,216.1,30.359597311472324
CU,CLUSTER_124,cattle_slu,117600.0,9.625976841489871
CU,CLUSTER_146,cattle_man,2485.0,38.30146170610527
CU,CLUSTER_193,cattle_man,1113.0,51.38068079775215
CU,CLUSTER_196,cattle_man,17380.0,10.74253218788421
CU,CLUSTER_196,cattle_slu,100900.0,10.74253218788421
CU,CLUSTER_214,cattle_man,24580.0,1.6480380945778903
CU,CLUSTER_214,cattle_slu,147600.0,1.6480380945778903
CU,CLUSTER_276,cattle_man,3122.0,22.512977703120573
CU,CLUSTER_285,cattle_man,15869.999999999998,52.59868799946056
CU,CLUSTER_416,cattle_man,553.9,32.28953017452239
CU,CLUSTER_442,cattle_man,14580.0,13.601598751924234
CU,CLUSTER_442,cattle_slu,90800.0,13.601598751924234
CU,CLUSTER_528,cattle_man,7939.999999999999,25.87131291319941
CU,CLUSTER_540,cattle_man,2510.0,18.12145550514014
CU,CLUSTER_540,cattle_slu,12800.0,18.12145550514014
AR,CLUSTER_10,cattle_man,3121.0,46.36141879162727
AR,CLUSTER_110,cattle_man,22036.0,11.33747090640714
AR,CLUSTER_110,cattle_slu,24343.0,11.33747090640714
AR,CLUSTER_110,horse_man,797.0,11.33747090640714
AR,CLUSTER_110,rape_str,218.1,11.33747090640714
AR,CLUSTER_110,legume_str,32.8,11.33747090640714
AR,CLUSTER_119,cattle_man,14930.0,1.073173187686375
AR,CLUSTER_119,cattle_slu,17250.0,1.073173187686375
AR,CLUSTER_119,horse_man,1764.0,1.073173187686375
AR,CLUSTER_119,pig_slu,3702.0,1.073173187686375
AR,CLUSTER_119,beet_leaf,644.0,1.073173187686375
AR,CLUSTER_119,rape_str,1302.0,1.073173187686375
AR,CLUSTER_119,legume_str,143.3,1.073173187686375
AR,CLUSTER_156,cattle_man,3713.2,43.5002551324589
AR,CLUSTER_158,cattle_man,792.0,33.28102944185308
AR,CLUSTER_163,cattle_man,10520.0,31.04897253022508
AR,CLUSTER_163,horse_man,1805.0,31.04897253022508
AR,CLUSTER_164,cattle_man,5420.0,12.8767767299522
AR,CLUSTER_164,cattle_slu,4795.1,12.8767767299522
AR,CLUSTER_164,rape_str,99.42545133199519,12.8767767299522
AR,CLUSTER_170,cattle_man,2987.28,25.625238268209117
AR,CLUSTER_172,cattle_man,2980.7,51.61020397111129
AR,CLUSTER_172,horse_man,2882.7,51.61020397111129
AR,CLUSTER_173,cattle_man,7846.000000000001,18.79437579017854
AR,CLUSTER_173,cattle_slu,8259.497706725668,18.79437579017854
AR,CLUSTER_173,horse_man,973.0,18.79437579017854
AR,CLUSTER_173,rape_str,696.9,18.79437579017854
AR,CLUSTER_173,legume_str,245.0,18.79437579017854
AR,CLUSTER_177,cattle_man,5132.0,31.817199400643247
AR,CLUSTER_179,cattle_man,11220.0,8.955941858744653
AR,CLUSTER_179,cattle_slu,12390.0,8.955941858744653
AR,CLUSTER_179,horse_man,1139.0,8.955941858744653
AR,CLUSTER_179,rape_str,741.5,8.955941858744653
AR,CLUSTER_179,legume_str,197.6,8.955941858744653
AR,CLUSTER_200,cattle_man,3150.0,44.22115298430149
AR,CLUSTER_213,cattle_man,3968.0,13.532210067904048
AR,CLUSTER_213,cattle_slu,5510.0,13.532210067904048
AR,CLUSTER_213,horse_man,642.2,13.532210067904048
AR,CLUSTER_213,rape_str,43.9,13.532210067904048
AR,CLUSTER_213,legume_str,10.36,13.532210067904048
AR,CLUSTER_23,cattle_man,4229.4,52.01385417327086
AR,CLUSTER_23,horse_man,1920.4,52.01385417327086
AR,CLUSTER_236,cattle_man,1177.4,21.944559929559905
AR,CLUSTER_238,cattle_man,7142.999999999975,43.09985089909116
AR,CLUSTER_24,cattle_man,15326.0,51.310442764270206
AR,CLUSTER_247,cattle_man,2871.0,39.93152456624021
AR,CLUSTER_260,cattle_man,4728.0,35.95874930888229
AR,CLUSTER_260,horse_man,1035.0,35.95874930888229
AR,CLUSTER_271,cattle_man,3622.2,45.03257594411385
AR,CLUSTER_275,cattle_man,3212.5,18.906528281911324
AR,CLUSTER_277,cattle_man,6870.0,27.54109047856494
AR,CLUSTER_318,horse_man,569.4,76.24877981604034
AR,CLUSTER_320,cattle_man,1036.0,39.15142088618161
AR,CLUSTER_325,horse_man,3401.8,60.51056027024317
AR,CLUSTER_328,cattle_man,9120.0,50.61697437205381
AR,CLUSTER_334,cattle_man,2641.3,52.46368255106808
AR,CLUSTER_334,horse_man,1501.5,52.46368255106808
AR,CLUSTER_364,horse_man,483.8,65.4065134547266
AR,CLUSTER_388,cattle_man,490.4,38.2148950812858
AR,CLUSTER_410,cattle_man,8090.0,12.798891292400349
AR,CLUSTER_410,cattle_slu,6470.0,12.798891292400349
AR,CLUSTER_424,cattle_man,6654.0,40.042409797478776
AR,CLUSTER_426,cattle_man,5784.0,43.087385006289054
AR,CLUSTER_426,horse_man,3962.2,43.087385006289054
AR,CLUSTER_430,cattle_man,1180.0,29.290643627604933
AR,CLUSTER_449,cattle_man,7060.2,35.920905142535915
AR,CLUSTER_47,cattle_man,681.7,31.068182682129752
AR,CLUSTER_47,horse_man,414.0,31.068182682129752
AR,CLUSTER_487,cattle_man,16400.0,33.62776424564088
AR,CLUSTER_49,cattle_man,15490.0,28.256219189287084
AR,CLUSTER_491,cattle_man,6717.0,42.27868253404134
AR,CLUSTER_497,cattle_man,5760.0,31.52734426783041
AR,CLUSTER_519,cattle_man,4091.0,20.672483198500814
AR,CLUSTER_519,horse_man,814.0,20.672483198500814
AR,CLUSTER_519,legume_str,11.1,20.672483198500814
AR,CLUSTER_538,cattle_man,3387.0,19.418382816795948
AR,CLUSTER_538,rape_str,957.0,19.418382816795948
AR,CLUSTER_538,legume_str,213.05,19.418382816795948
AR,CLUSTER_546,cattle_man,5370.0,42.821815640825285
AR,CLUSTER_546,horse_man,444.0,42.821815640825285
AR,CLUSTER_60,cattle_man,6475.0,43.7762160780033
AR,CLUSTER_60,horse_man,2507.8,43.7762160780033
AR,CLUSTER_80,cattle_man,2733.9,35.13955908802198
AR,CLUSTER_95,cattle_man,4536.0,52.45401507738397
H,CLUSTER_121,cattle_man,11370.0,17.52851944333581
H,CLUSTER_121,cattle_slu,47600.0,17.52851944333581
H,CLUSTER_135,cattle_slu,152400.0,7.358642717382496
H,CLUSTER_135,legume_str,330.2,7.358642717382496
H,CLUSTER_192,cattle_man,3130.0,39.181222909679065
H,CLUSTER_244,legume_str,50.040000000000006,21.34650803695943
H,CLUSTER_308,cattle_man,2235.0,22.004808671655795
H,CLUSTER_350,cattle_slu,66000.0,17.17699764681293
H,CLUSTER_350,rape_str,241.9,17.17699764681293
H,CLUSTER_350,legume_str,207.8,17.17699764681293
H,CLUSTER_374,cattle_man,5400.0,31.07389323339133
H,CLUSTER_440,cattle_slu,62200.0,9.234360614147093
H,CLUSTER_440,legume_str,29.4,9.234360614147093
H,CLUSTER_85,cattle_slu,83770.0,13.143490284454447
H,CLUSTER_85,legume_str,11.6,13.143490284454447
H,CLUSTER_93,cattle_slu,202100.0,5.144510734902892
H,CLUSTER_93,legume_str,120.6,5.144510734902892
CN,CLUSTER_189,cattle_man,4488.98,4.062988523993539
CN,CLUSTER_189,cattle_slu,1417.4163689885138,4.062988523993539
CN,CLUSTER_520,cattle_man,2024.3856955900717,6.667703182747494
