PlantID,SupplyCluster,Feedstock,Quantity_t,Distance_km
O,CLUSTER_0,pig_man,1695.2,136.11702933167084
O,CLUSTER_100,horse_man,3925.5,55.09741502363027
O,CLUSTER_100,pig_man,69.61,55.09741502363027
O,CLUSTER_101,cattle_man,7667.4141,42.61928469760483
O,CLUSTER_101,horse_man,1895.41,42.61928469760483
O,CLUSTER_101,pig_man,311.45,42.61928469760483
O,CLUSTER_102,cattle_man,1724.0,47.47316834332895
O,CLUSTER_102,horse_man,961.0,47.47316834332895
O,CLUSTER_104,cattle_man,26110.0,45.84698893704288
O,CLUSTER_104,horse_man,871.7,45.84698893704288
O,CLUSTER_104,pig_man,527.2180000000001,45.84698893704288
O,CLUSTER_107,cattle_man,13402.1,35.992465162276375
O,CLUSTER_107,horse_man,1668.9,35.992465162276375
O,CLUSTER_107,pig_man,993.2,35.992465162276375
O,CLUSTER_108,pig_man,291.926,86.3375094396691
O,CLUSTER_109,pig_man,121.22265,115.9016125647772
O,CLUSTER_11,horse_man,1455.0,59.79798084409372
O,CLUSTER_11,pig_man,23.6720704,59.79798084409372
O,CLUSTER_111,horse_man,2114.0,81.91922963477458
O,CLUSTER_111,pig_man,262.226,81.91922963477458
O,CLUSTER_114,pig_man,77.82100000000001,128.8209334503416
O,CLUSTER_115,cattle_man,12403.0,10.608675947781617
O,CLUSTER_115,cattle_slu,44890.0,10.608675947781617
O,CLUSTER_115,horse_man,190.35,10.608675947781617
O,CLUSTER_115,pig_man,276.8087,10.608675947781617
O,CLUSTER_115,rape_str,646.0,10.608675947781617
O,CLUSTER_115,legume_str,147.8,10.608675947781617
O,CLUSTER_117,pig_man,153.071,138.97645833315102
O,CLUSTER_12,cattle_man,6212.0,39.589736585762175
O,CLUSTER_12,horse_man,2496.5,39.589736585762175
O,CLUSTER_12,pig_man,96.610847,39.589736585762175
O,CLUSTER_120,pig_man,313.972,148.28562263872473
O,CLUSTER_122,pig_man,40.78257,144.3738439897768
O,CLUSTER_123,pig_man,92.5800179,91.13341116894355
O,CLUSTER_125,pig_man,536.0,109.31684787520402
O,CLUSTER_126,cattle_man,6163.0,45.71645608826308
O,CLUSTER_126,horse_man,1435.2,45.71645608826308
O,CLUSTER_126,pig_man,2894.0,45.71645608826308
O,CLUSTER_128,horse_man,2411.7,76.74382250938669
O,CLUSTER_128,pig_man,539.0,76.74382250938669
O,CLUSTER_129,horse_man,1743.9,74.4149207941979
O,CLUSTER_129,pig_man,245.9917,74.4149207941979
O,CLUSTER_13,cattle_man,22490.0,44.68249348793456
O,CLUSTER_13,horse_man,4880.0,44.68249348793456
O,CLUSTER_13,pig_man,152.17000000000002,44.68249348793456
O,CLUSTER_130,horse_man,373.2,65.26749525952816
O,CLUSTER_130,pig_man,304.35,65.26749525952816
O,CLUSTER_132,pig_man,943.9,88.66041910508137
O,CLUSTER_135,pig_man,159.368,89.95463078689646
O,CLUSTER_137,pig_man,11.12,108.13923242327732
O,CLUSTER_144,pig_man,1094.5,131.68166218518607
O,CLUSTER_145,horse_man,1174.0,58.40274994803887
O,CLUSTER_145,pig_man,104.2,58.40274994803887
O,CLUSTER_147,pig_man,23.898,89.90970987358108
O,CLUSTER_148,horse_man,500.77,56.40297744218184
O,CLUSTER_148,pig_man,361.14175,56.40297744218184
O,CLUSTER_149,horse_man,2613.8,77.27874309238967
O,CLUSTER_149,pig_man,19.0894,77.27874309238967
O,CLUSTER_15,horse_man,5057.0,67.98180530389907
O,CLUSTER_15,pig_man,68.319,67.98180530389907
O,CLUSTER_154,horse_man,347.6,50.08622714404451
O,CLUSTER_154,pig_man,309.885,50.08622714404451
O,CLUSTER_16,horse_man,1532.4,79.86295523380846
O,CLUSTER_16,pig_man,563.7029,79.86295523380846
O,CLUSTER_160,pig_man,238.759,91.83936592023382
O,CLUSTER_161,pig_man,1184.0,120.4475385602136
O,CLUSTER_165,horse_man,1926.7,61.15918987212799
O,CLUSTER_165,pig_man,1019.9,61.15918987212799
O,CLUSTER_166,horse_man,763.7,78.36447453910864
O,CLUSTER_166,pig_man,110.044731,78.36447453910864
O,CLUSTER_168,horse_man,2384.0,63.34699822450909
O,CLUSTER_168,pig_man,426.892,63.34699822450909
O,CLUSTER_17,horse_man,663.59,65.52682292492489
O,CLUSTER_17,pig_man,202.955,65.52682292492489
O,CLUSTER_170,cattle_man,2987.28,34.28606951203406
O,CLUSTER_170,horse_man,782.0,34.28606951203406
O,CLUSTER_172,horse_man,2882.7,82.47836254557545
O,CLUSTER_175,pig_man,35.4,97.446675414286
O,CLUSTER_176,cattle_man,2533.2,47.61199418593026
O,CLUSTER_176,horse_man,750.0,47.61199418593026
O,CLUSTER_176,pig_man,232.96,47.61199418593026
O,CLUSTER_178,cattle_man,16790.0,4.6303225867399
O,CLUSTER_178,cattle_slu,76750.0,4.6303225867399
O,CLUSTER_178,horse_man,5256.0,4.6303225867399
O,CLUSTER_178,rape_str,39.4,4.6303225867399
O,CLUSTER_178,legume_str,41.78,4.6303225867399
O,CLUSTER_179,cattle_man,11220.0,35.28885122979161
O,CLUSTER_179,horse_man,1139.0,35.28885122979161
O,CLUSTER_179,pig_man,63.56600000000001,35.28885122979161
O,CLUSTER_18,horse_man,809.7,73.75456863274015
O,CLUSTER_18,pig_man,338.1159,73.75456863274015
O,CLUSTER_180,horse_man,1481.0,78.21395462154372
O,CLUSTER_180,pig_man,6160.0,78.21395462154372
O,CLUSTER_183,horse_man,2503.0,78.29728300076735
O,CLUSTER_183,pig_man,458.82,78.29728300076735
O,CLUSTER_184,horse_man,556.0,73.1290750315443
O,CLUSTER_184,pig_man,1364.0,73.1290750315443
O,CLUSTER_186,cattle_man,2851.0,45.391306861475385
O,CLUSTER_186,horse_man,2019.1,45.391306861475385
O,CLUSTER_186,pig_man,471.4,45.391306861475385
O,CLUSTER_188,pig_man,27.346000000000004,129.7940600084057
O,CLUSTER_191,cattle_man,11290.0,41.43485971141192
O,CLUSTER_191,horse_man,1592.0,41.43485971141192
O,CLUSTER_193,horse_man,1133.0,77.51440805334636
O,CLUSTER_2,horse_man,975.2,71.22071191747891
O,CLUSTER_2,pig_man,1666.5,71.22071191747891
O,CLUSTER_200,horse_man,797.9,65.62289727141842
O,CLUSTER_200,pig_man,508.565,65.62289727141842
O,CLUSTER_203,cattle_man,28660.0,1.8578196967968537
O,CLUSTER_203,cattle_slu,104700.608,1.8578196967968537
O,CLUSTER_203,horse_man,3313.0,1.8578196967968537
O,CLUSTER_203,pig_slu,13243.3,1.8578196967968537
O,CLUSTER_203,pig_man,696.08362,1.8578196967968537
O,CLUSTER_203,rape_str,472.3,1.8578196967968537
O,CLUSTER_203,legume_str,259.1,1.8578196967968537
O,CLUSTER_205,pig_man,123.23616,111.59848661832588
O,CLUSTER_206,pig_man,146.60494999999997,119.88276023819871
O,CLUSTER_219,pig_man,686.0,118.4246909294464
O,CLUSTER_22,pig_man,696.0,89.52579952517517
O,CLUSTER_221,horse_man,1171.9,80.86685949199831
O,CLUSTER_221,pig_man,218.174,80.86685949199831
O,CLUSTER_223,horse_man,1582.6,76.0969396669727
O,CLUSTER_223,pig_man,439.438657,76.0969396669727
O,CLUSTER_23,horse_man,1920.4,51.54025372858591
O,CLUSTER_230,pig_man,156.99,86.094212929808
O,CLUSTER_232,cattle_man,9900.0,22.680635894604308
O,CLUSTER_232,horse_man,3168.0,22.680635894604308
O,CLUSTER_232,pig_man,245.34999999999997,22.680635894604308
O,CLUSTER_234,pig_man,472.3,128.86158867558484
O,CLUSTER_235,horse_man,1307.7,74.91516612582342
O,CLUSTER_235,pig_man,439.78,74.91516612582342
O,CLUSTER_238,pig_man,123.38,146.23673362002674
O,CLUSTER_240,pig_man,24.931,112.31152860831752
O,CLUSTER_241,horse_man,968.1,75.77151124907506
O,CLUSTER_243,horse_man,2781.0,52.06743500526832
O,CLUSTER_246,pig_man,400.322,86.8819039642539
O,CLUSTER_248,cattle_man,377.0,41.90088135483782
O,CLUSTER_248,horse_man,258.4,41.90088135483782
O,CLUSTER_248,pig_man,337.0,41.90088135483782
O,CLUSTER_25,horse_man,395.1,63.80787733815608
O,CLUSTER_250,horse_man,1190.0,68.04557892945593
O,CLUSTER_250,pig_man,54.334,68.04557892945593
O,CLUSTER_256,cattle_man,2666.96,30.60869438623918
O,CLUSTER_256,horse_man,2930.0,30.60869438623918
O,CLUSTER_256,pig_man,14.8359,30.60869438623918
O,CLUSTER_258,horse_man,1914.0,66.06553530507904
O,CLUSTER_260,pig_man,45.446,128.92099368948124
O,CLUSTER_262,cattle_man,7320.0,27.09844395188373
O,CLUSTER_262,horse_man,491.0,27.09844395188373
O,CLUSTER_262,pig_man,55.52,27.09844395188373
O,CLUSTER_264,pig_man,100.19925,136.98135500865573
O,CLUSTER_266,pig_man,616.51,147.81832868699155
O,CLUSTER_267,pig_man,778.8,128.6305125903662
O,CLUSTER_268,horse_man,1285.41,65.07204829926212
O,CLUSTER_269,cattle_man,10313.0,28.874360330117064
O,CLUSTER_269,horse_man,2387.8,28.874360330117064
O,CLUSTER_269,pig_man,389.745,28.874360330117064
O,CLUSTER_271,horse_man,278.4,65.8091141097666
O,CLUSTER_271,pig_man,831.7,65.8091141097666
O,CLUSTER_272,cattle_man,3166.9,34.79382155642791
O,CLUSTER_272,horse_man,1033.0,34.79382155642791
O,CLUSTER_273,pig_man,524.6,85.57521898709474
O,CLUSTER_278,horse_man,660.7,57.46919515133912
O,CLUSTER_278,pig_man,334.991,57.46919515133912
O,CLUSTER_279,horse_man,1665.3,69.76019024231863
O,CLUSTER_279,pig_man,723.8400164000001,69.76019024231863
O,CLUSTER_28,cattle_man,8410.0,42.88507813695194
O,CLUSTER_28,horse_man,2761.9,42.88507813695194
O,CLUSTER_280,cattle_man,7664.0,46.34831893653102
O,CLUSTER_280,horse_man,1101.277,46.34831893653102
O,CLUSTER_280,pig_man,171.3,46.34831893653102
O,CLUSTER_282,horse_man,1029.0,55.72339677753954
O,CLUSTER_282,pig_man,277.076,55.72339677753954
O,CLUSTER_283,pig_man,1637.37,137.00834582104466
O,CLUSTER_284,pig_man,447.9,92.71410770764577
O,CLUSTER_286,cattle_man,4579.0,14.16703111599379
O,CLUSTER_286,cattle_slu,23279.0,14.16703111599379
O,CLUSTER_286,horse_man,502.1,14.16703111599379
O,CLUSTER_286,pig_man,407.6,14.16703111599379
O,CLUSTER_289,horse_man,747.4,53.17677793479231
O,CLUSTER_289,pig_man,222.68,53.17677793479231
O,CLUSTER_291,cattle_man,2457.376,21.204200972609144
O,CLUSTER_291,horse_man,1658.0,21.204200972609144
O,CLUSTER_291,pig_man,7740.0,21.204200972609144
O,CLUSTER_294,horse_man,1187.9,65.14076000311366
O,CLUSTER_294,pig_man,937.6,65.14076000311366
O,CLUSTER_296,cattle_man,6573.0,29.65438815760796
O,CLUSTER_296,horse_man,902.0,29.65438815760796
O,CLUSTER_297,pig_man,153.126,146.91233591320773
O,CLUSTER_299,cattle_man,4359.0,37.96194116601421
O,CLUSTER_299,horse_man,817.8,37.96194116601421
O,CLUSTER_299,pig_man,111.861,37.96194116601421
O,CLUSTER_30,cattle_man,5446.59,27.17051241721037
O,CLUSTER_30,horse_man,478.27,27.17051241721037
O,CLUSTER_30,pig_man,2280.0,27.17051241721037
O,CLUSTER_300,pig_man,581.8449999999999,98.91491128916952
O,CLUSTER_301,pig_man,225.23,143.64576504090945
O,CLUSTER_303,cattle_man,3262.0,41.286812358940814
O,CLUSTER_303,horse_man,1570.0,41.286812358940814
O,CLUSTER_303,pig_man,1707.0,41.286812358940814
O,CLUSTER_306,horse_man,275.9380297737979,83.11252294159735
O,CLUSTER_306,pig_man,479.4,83.11252294159735
O,CLUSTER_310,pig_man,67.1,124.1007518669914
O,CLUSTER_315,pig_man,304.38530000000003,83.23170895428359
O,CLUSTER_316,cattle_man,7202.0,35.200902037004795
O,CLUSTER_316,horse_man,1505.3,35.200902037004795
O,CLUSTER_316,pig_man,1285.8,35.200902037004795
O,CLUSTER_321,horse_man,1668.0,74.3426186884262
O,CLUSTER_321,pig_man,53.32708,74.3426186884262
O,CLUSTER_326,horse_man,1285.4,61.33770609388092
O,CLUSTER_326,pig_man,707.3,61.33770609388092
O,CLUSTER_327,horse_man,336.5,58.31837964890646
O,CLUSTER_328,horse_man,333.38,63.210326438746215
O,CLUSTER_328,pig_man,824.57,63.210326438746215
O,CLUSTER_331,pig_man,621.0,108.9480664384462
O,CLUSTER_332,horse_man,404.6,62.28729083281762
O,CLUSTER_332,pig_man,132.8458,62.28729083281762
O,CLUSTER_333,horse_man,712.5,54.77124230463467
O,CLUSTER_333,pig_man,364.2,54.77124230463467
O,CLUSTER_334,horse_man,1501.5,67.92057131495285
O,CLUSTER_334,pig_man,214.22,67.92057131495285
O,CLUSTER_336,pig_man,552.236,84.03780137722796
O,CLUSTER_339,pig_man,586.97,122.94826478716531
O,CLUSTER_344,horse_man,1961.0,63.96871366393751
O,CLUSTER_344,pig_man,347.5,63.96871366393751
O,CLUSTER_345,pig_man,131.752025,86.64781751572428
O,CLUSTER_346,horse_man,804.6,62.96245063370078
O,CLUSTER_349,horse_man,668.0,79.69312861487793
O,CLUSTER_349,pig_man,105.746,79.69312861487793
O,CLUSTER_35,horse_man,655.3,49.21288165237898
O,CLUSTER_35,pig_man,754.8290000000001,49.21288165237898
O,CLUSTER_351,pig_man,456.3,151.39225738161872
O,CLUSTER_352,horse_man,3832.0,73.56627294542085
O,CLUSTER_352,pig_man,32.1,73.56627294542085
O,CLUSTER_353,pig_man,473.0,83.61614250287862
O,CLUSTER_354,horse_man,793.6,82.52063992928237
O,CLUSTER_354,pig_man,883.52,82.52063992928237
O,CLUSTER_355,pig_man,1341.0,98.6766444904715
O,CLUSTER_357,pig_man,843.3,97.81706309526729
O,CLUSTER_361,cattle_man,4111.29,13.116411511376858
O,CLUSTER_361,cattle_slu,9432.0,13.116411511376858
O,CLUSTER_361,horse_man,200.3,13.116411511376858
O,CLUSTER_361,pig_man,900.0,13.116411511376858
O,CLUSTER_361,rape_str,169.4,13.116411511376858
O,CLUSTER_365,horse_man,1341.0,55.17238384471053
O,CLUSTER_366,cattle_man,8803.0,35.06993214366602
O,CLUSTER_366,horse_man,199.48,35.06993214366602
O,CLUSTER_368,pig_man,61.345000000000006,91.82449715921692
O,CLUSTER_371,pig_man,228.32,90.32126364706788
O,CLUSTER_372,cattle_man,9440.0,22.337331303647197
O,CLUSTER_372,horse_man,1283.0,22.337331303647197
O,CLUSTER_372,pig_man,127.52,22.337331303647197
O,CLUSTER_373,cattle_man,930.61,44.81300090333607
O,CLUSTER_373,horse_man,1879.8,44.81300090333607
O,CLUSTER_374,horse_man,1839.0,73.64008114235111
O,CLUSTER_377,horse_man,627.7,81.21857224615077
O,CLUSTER_377,pig_man,294.4,81.21857224615077
O,CLUSTER_378,pig_man,297.007,84.41419284250883
O,CLUSTER_379,horse_man,612.5,82.86758166579902
O,CLUSTER_380,horse_man,1242.0,79.80784253404454
O,CLUSTER_380,pig_man,506.99999999999994,79.80784253404454
O,CLUSTER_381,pig_man,167.133571,131.93582081251492
O,CLUSTER_382,pig_man,429.0,112.84549811478374
O,CLUSTER_383,pig_man,350.7,88.9206699496077
O,CLUSTER_384,pig_man,123.71,138.65933401303448
O,CLUSTER_386,horse_man,3289.0,71.3528987961866
O,CLUSTER_388,cattle_man,490.4,25.85223132592042
O,CLUSTER_388,horse_man,410.3,25.85223132592042
O,CLUSTER_39,cattle_man,19310.0,32.86786643562478
O,CLUSTER_39,horse_man,1942.0,32.86786643562478
O,CLUSTER_390,horse_man,147.848,63.38836388641201
O,CLUSTER_390,pig_man,1056.886,63.38836388641201
O,CLUSTER_393,horse_man,968.1,70.22804663421228
O,CLUSTER_394,horse_man,571.3,56.07136784334429
O,CLUSTER_394,pig_man,434.7,56.07136784334429
O,CLUSTER_395,cattle_man,1724.5,42.84537510996839
O,CLUSTER_395,horse_man,552.0799999999999,42.84537510996839
O,CLUSTER_395,pig_man,29.4111,42.84537510996839
O,CLUSTER_397,pig_man,80.291,121.26287056549992
O,CLUSTER_40,cattle_man,5321.0,37.12523023928578
O,CLUSTER_40,horse_man,2457.6,37.12523023928578
O,CLUSTER_40,pig_man,213.46,37.12523023928578
O,CLUSTER_405,pig_man,1316.0,112.71395517842085
O,CLUSTER_408,pig_man,511.6000000000001,100.0084522341081
O,CLUSTER_410,pig_man,261.9019,90.77655840078783
O,CLUSTER_413,pig_man,1220.808,99.80313399512758
O,CLUSTER_414,pig_man,218.538,97.64873816789584
O,CLUSTER_417,horse_man,430.8,56.23490830218832
O,CLUSTER_417,pig_man,197.25,56.23490830218832
O,CLUSTER_419,horse_man,791.0,76.06125117035235
O,CLUSTER_419,pig_man,62.91951999999999,76.06125117035235
O,CLUSTER_42,horse_man,1097.5,49.66889337412591
O,CLUSTER_42,pig_man,1804.5,49.66889337412591
O,CLUSTER_420,horse_man,315.77,73.35417806712839
O,CLUSTER_420,pig_man,412.5,73.35417806712839
O,CLUSTER_421,cattle_man,2121.0,33.11167604779576
O,CLUSTER_421,horse_man,802.6,33.11167604779576
O,CLUSTER_423,cattle_man,22380.0,20.521733187445147
O,CLUSTER_423,horse_man,1678.0106,20.521733187445147
O,CLUSTER_423,pig_man,669.519,20.521733187445147
O,CLUSTER_424,cattle_man,6654.0,45.540381757262175
O,CLUSTER_424,horse_man,879.04,45.540381757262175
O,CLUSTER_424,pig_man,185.966,45.540381757262175
O,CLUSTER_425,pig_man,14.561,87.046637930373
O,CLUSTER_427,pig_man,799.2,139.26968343205593
O,CLUSTER_429,horse_man,723.0,66.85135886633992
O,CLUSTER_43,pig_man,36.5,101.54984036509596
O,CLUSTER_430,cattle_man,1180.0,48.59079026626689
O,CLUSTER_430,horse_man,480.0,48.59079026626689
O,CLUSTER_430,pig_man,159.375,48.59079026626689
O,CLUSTER_432,pig_man,80.1,88.55754433397372
O,CLUSTER_435,horse_man,1508.0,61.73849260063757
O,CLUSTER_435,pig_man,46.49,61.73849260063757
O,CLUSTER_436,horse_man,830.0,78.05377385167783
O,CLUSTER_436,pig_man,326.0,78.05377385167783
O,CLUSTER_437,pig_man,50.0,130.39098260378486
O,CLUSTER_438,pig_man,223.18,86.91500259391363
O,CLUSTER_439,cattle_man,12440.0,35.47239007203945
O,CLUSTER_439,horse_man,163.7,35.47239007203945
O,CLUSTER_439,pig_man,625.9,35.47239007203945
O,CLUSTER_441,pig_man,1272.0,122.90640508646032
O,CLUSTER_442,cattle_man,14580.0,34.56802039585089
O,CLUSTER_442,horse_man,2096.0,34.56802039585089
O,CLUSTER_445,horse_man,58.691,80.89690501149364
O,CLUSTER_445,pig_man,3700.0,80.89690501149364
O,CLUSTER_447,horse_man,3973.0,62.049950614697394
O,CLUSTER_447,pig_man,67.14,62.049950614697394
O,CLUSTER_449,pig_man,577.091,110.58033228162392
O,CLUSTER_450,horse_man,963.9,73.87689380786479
O,CLUSTER_450,pig_man,315.5,73.87689380786479
O,CLUSTER_453,pig_man,269.0,120.93005714112716
O,CLUSTER_455,pig_man,488.40999999999997,110.36858428423098
O,CLUSTER_457,horse_man,1512.5,69.70564890198266
O,CLUSTER_46,cattle_man,1697.0,31.77111406845656
O,CLUSTER_46,horse_man,2237.0,31.77111406845656
O,CLUSTER_46,pig_man,83.87871,31.77111406845656
O,CLUSTER_460,pig_man,189.907,143.72891619629763
O,CLUSTER_461,pig_man,138.37,90.5904075244062
O,CLUSTER_464,horse_man,752.0,70.05246797509845
O,CLUSTER_464,pig_man,54.032,70.05246797509845
O,CLUSTER_465,horse_man,1448.0,49.05648636364795
O,CLUSTER_465,pig_man,518.0,49.05648636364795
O,CLUSTER_467,cattle_man,779.0,36.747680142907896
O,CLUSTER_467,horse_man,266.5,36.747680142907896
O,CLUSTER_467,pig_man,1040.9,36.747680142907896
O,CLUSTER_468,cattle_man,1492.0,21.325714230186183
O,CLUSTER_468,horse_man,11.2,21.325714230186183
O,CLUSTER_470,horse_man,1289.0,56.93307631350597
O,CLUSTER_470,pig_man,190.5,56.93307631350597
O,CLUSTER_472,pig_man,22.5159,147.73201971422847
O,CLUSTER_475,cattle_man,3878.0,33.382914605758415
O,CLUSTER_475,horse_man,665.9,33.382914605758415
O,CLUSTER_475,pig_man,250.66,33.382914605758415
O,CLUSTER_476,cattle_man,2730.0,26.716901192859822
O,CLUSTER_476,horse_man,492.00000000000006,26.716901192859822
O,CLUSTER_478,horse_man,340.1,64.54463814078875
O,CLUSTER_478,pig_man,35.400000000000006,64.54463814078875
O,CLUSTER_481,pig_man,527.3,89.47004101050823
O,CLUSTER_482,pig_man,28.99635,127.13692317558478
O,CLUSTER_483,horse_man,289.75,56.9830763214104
O,CLUSTER_483,pig_man,2458.9,56.9830763214104
O,CLUSTER_486,horse_man,429.2,82.46419112838196
O,CLUSTER_486,pig_man,772.0,82.46419112838196
O,CLUSTER_487,horse_man,431.5,72.79565866145225
O,CLUSTER_487,pig_man,299.25,72.79565866145225
O,CLUSTER_488,pig_man,1185.8,138.64600339688909
O,CLUSTER_49,pig_man,231.961,116.89127974880498
O,CLUSTER_490,pig_man,105.9,93.29308778489
O,CLUSTER_491,cattle_man,6717.0,43.793791488685166
O,CLUSTER_491,horse_man,277.6,43.793791488685166
O,CLUSTER_491,pig_man,236.64,43.793791488685166
O,CLUSTER_494,cattle_man,9580.0,17.74140343214549
O,CLUSTER_494,horse_man,104.9,17.74140343214549
O,CLUSTER_494,pig_man,566.9,17.74140343214549
O,CLUSTER_496,pig_man,687.3,109.6086622303969
O,CLUSTER_499,cattle_man,4370.0,22.216135318501863
O,CLUSTER_499,horse_man,3670.0,22.216135318501863
O,CLUSTER_499,pig_man,128.13,22.216135318501863
O,CLUSTER_5,horse_man,895.0,51.35017517132006
O,CLUSTER_501,pig_man,1378.0,88.9892380868468
O,CLUSTER_507,cattle_man,9890.0,38.09185162163982
O,CLUSTER_507,horse_man,1199.4,38.09185162163982
O,CLUSTER_51,cattle_man,28020.0,42.478489262057735
O,CLUSTER_51,horse_man,2617.0,42.478489262057735
O,CLUSTER_511,cattle_man,2498.0,44.598134266201896
O,CLUSTER_511,horse_man,1308.3100000000002,44.598134266201896
O,CLUSTER_511,pig_man,317.6,44.598134266201896
O,CLUSTER_516,pig_man,123.100375,103.42567673674812
O,CLUSTER_517,cattle_man,2042.0,15.479319920602109
O,CLUSTER_517,cattle_slu,1455.5,15.479319920602109
O,CLUSTER_517,horse_man,372.7,15.479319920602109
O,CLUSTER_518,horse_man,1313.0,59.4352331845435
O,CLUSTER_518,pig_man,245.9,59.4352331845435
O,CLUSTER_52,horse_man,1083.1,71.36260776289873
O,CLUSTER_52,pig_man,917.46,71.36260776289873
O,CLUSTER_525,horse_man,29.06,66.1651927826159
O,CLUSTER_525,pig_man,24.965,66.1651927826159
O,CLUSTER_526,cattle_man,2490.0,37.59726538106483
O,CLUSTER_526,horse_man,485.0,37.59726538106483
O,CLUSTER_526,pig_man,141.0,37.59726538106483
O,CLUSTER_527,cattle_man,7620.0,47.01085330510303
O,CLUSTER_527,horse_man,1912.0,47.01085330510303
O,CLUSTER_527,pig_man,48.0347,47.01085330510303
O,CLUSTER_530,pig_man,84.5,115.9025775966568
O,CLUSTER_534,pig_man,1003.0,148.33540498957615
O,CLUSTER_535,cattle_man,1578.0,35.50865889564409
O,CLUSTER_535,horse_man,706.0,35.50865889564409
O,CLUSTER_535,pig_man,303.3,35.50865889564409
O,CLUSTER_536,horse_man,483.9,71.45027696930005
O,CLUSTER_536,pig_man,168.6,71.45027696930005
O,CLUSTER_538,pig_man,151.197,126.1209028905509
O,CLUSTER_542,pig_man,564.19,126.50117512012828
O,CLUSTER_546,horse_man,444.0,80.50715980856322
O,CLUSTER_56,horse_man,1846.8,55.88062204119532
O,CLUSTER_56,pig_man,427.76,55.88062204119532
O,CLUSTER_57,cattle_man,1262.9,16.272164704875188
O,CLUSTER_57,cattle_slu,3526.0,16.272164704875188
O,CLUSTER_57,horse_man,1420.0,16.272164704875188
O,CLUSTER_58,horse_man,3739.6,61.899245308434665
O,CLUSTER_58,pig_man,585.7193,61.899245308434665
O,CLUSTER_6,pig_man,1816.7,90.05100784777758
O,CLUSTER_62,pig_man,33.995,147.42908129968006
O,CLUSTER_63,cattle_man,14627.0,33.95135518196842
O,CLUSTER_63,horse_man,6166.0,33.95135518196842
O,CLUSTER_63,pig_man,79.20406,33.95135518196842
O,CLUSTER_66,horse_man,880.00908,58.87371708621312
O,CLUSTER_66,pig_man,180.310571,58.87371708621312
O,CLUSTER_68,pig_man,1241.4,131.77165963533258
O,CLUSTER_72,pig_man,949.3,129.49636767996253
O,CLUSTER_73,horse_man,1613.1,80.88661377157386
O,CLUSTER_73,pig_man,3455.0,80.88661377157386
O,CLUSTER_8,cattle_man,26900.0,24.846653629102946
O,CLUSTER_8,horse_man,7120.0,24.846653629102946
O,CLUSTER_8,pig_man,13.2831,24.846653629102946
O,CLUSTER_80,cattle_man,2733.9,27.00252784965371
O,CLUSTER_80,horse_man,210.9,27.00252784965371
O,CLUSTER_80,pig_man,275.303,27.00252784965371
O,CLUSTER_81,cattle_man,26470.0,17.81357036951112
O,CLUSTER_81,horse_man,1535.0,17.81357036951112
O,CLUSTER_81,pig_man,12.9891,17.81357036951112
O,CLUSTER_82,pig_man,554.226263,132.41276393416803
O,CLUSTER_83,pig_man,44.2,89.37171591370146
O,CLUSTER_87,pig_man,544.04,104.29877866455516
O,CLUSTER_9,pig_man,1813.0,127.18341884563362
O,CLUSTER_93,horse_man,4360.0,79.60854846347084
O,CLUSTER_93,pig_man,56.565000000000005,79.60854846347084
O,CLUSTER_96,horse_man,2943.838,81.86429994703892
O,CLUSTER_96,pig_man,107.14,81.86429994703892
O,CLUSTER_97,pig_man,302.6467,85.57182653788936
A,CLUSTER_1,pig_man,381.6,90.01856110251121
A,CLUSTER_10,cattle_man,3121.0,31.958441019692543
A,CLUSTER_10,horse_man,1392.2,31.958441019692543
A,CLUSTER_10,pig_man,15.9693,31.958441019692543
A,CLUSTER_105,cattle_man,16042.0,41.74095905139075
A,CLUSTER_105,horse_man,2293.0,41.74095905139075
A,CLUSTER_106,cattle_man,12224.0,32.2456263589138
A,CLUSTER_106,horse_man,1081.1,32.2456263589138
A,CLUSTER_106,pig_man,245.613,32.2456263589138
A,CLUSTER_110,horse_man,797.0,57.791813394620256
A,CLUSTER_112,pig_man,508.8,140.39760368933418
A,CLUSTER_116,horse_man,1252.0,64.25992151828136
A,CLUSTER_116,pig_man,144.5,64.25992151828136
A,CLUSTER_119,cattle_man,14930.0,35.07686504529579
A,CLUSTER_119,horse_man,1764.0,35.07686504529579
A,CLUSTER_119,pig_man,210.9,35.07686504529579
A,CLUSTER_131,cattle_man,9440.0,42.3604857935018
A,CLUSTER_131,horse_man,1232.0,42.3604857935018
A,CLUSTER_131,pig_man,1497.8,42.3604857935018
A,CLUSTER_134,horse_man,721.52,52.52460193371387
A,CLUSTER_134,pig_man,1021.56,52.52460193371387
A,CLUSTER_138,cattle_man,10203.0,43.46706373482617
A,CLUSTER_138,horse_man,665.1,43.46706373482617
A,CLUSTER_138,pig_man,1203.8,43.46706373482617
A,CLUSTER_139,horse_man,980.3,57.9532424806616
A,CLUSTER_139,pig_man,42.67,57.9532424806616
A,CLUSTER_140,pig_man,765.7,99.8627587021631
A,CLUSTER_141,horse_man,2815.0,58.200844746615296
A,CLUSTER_141,pig_man,111.971,58.200844746615296
A,CLUSTER_142,cattle_man,32190.000000000004,42.69115950409003
A,CLUSTER_142,horse_man,1981.9999999999998,42.69115950409003
A,CLUSTER_142,pig_man,67.2671,42.69115950409003
A,CLUSTER_143,horse_man,1329.0,70.03658786951121
A,CLUSTER_143,pig_man,52.20089,70.03658786951121
A,CLUSTER_150,pig_man,605.1,80.99074893197539
A,CLUSTER_151,horse_man,5352.0,65.11017742789038
A,CLUSTER_151,pig_man,33.274,65.11017742789038
A,CLUSTER_155,horse_man,1141.3,55.94032569847398
A,CLUSTER_155,pig_man,1243.7,55.94032569847398
A,CLUSTER_156,horse_man,1144.7,74.54389597794322
A,CLUSTER_156,pig_man,137.8229,74.54389597794322
A,CLUSTER_157,cattle_man,22880.0,18.1465021011822
A,CLUSTER_157,horse_man,3454.0,18.1465021011822
A,CLUSTER_158,cattle_man,792.0,42.69645755301647
A,CLUSTER_158,horse_man,253.79999999999998,42.69645755301647
A,CLUSTER_159,cattle_man,8440.0,21.17759140427877
A,CLUSTER_159,horse_man,2721.0,21.17759140427877
A,CLUSTER_159,pig_man,3550.315,21.17759140427877
A,CLUSTER_163,cattle_man,10520.0,35.13848935978238
A,CLUSTER_163,horse_man,1805.0,35.13848935978238
A,CLUSTER_164,cattle_man,5420.0,43.13989556276299
A,CLUSTER_164,horse_man,1264.0,43.13989556276299
A,CLUSTER_164,pig_man,46.635000000000005,43.13989556276299
A,CLUSTER_167,horse_man,1062.4,61.49482134151796
A,CLUSTER_167,pig_man,722.3,61.49482134151796
A,CLUSTER_169,horse_man,1079.5,69.37043482576712
A,CLUSTER_169,pig_man,332.076,69.37043482576712
A,CLUSTER_171,cattle_man,11040.0,38.71693091215494
A,CLUSTER_171,horse_man,1981.0000000000002,38.71693091215494
A,CLUSTER_171,pig_man,887.0,38.71693091215494
A,CLUSTER_173,pig_man,64.52416,139.58697985904985
A,CLUSTER_177,horse_man,285.4,59.60311954650496
A,CLUSTER_177,pig_man,779.21,59.60311954650496
A,CLUSTER_181,horse_man,824.1,73.09380917056373
A,CLUSTER_181,pig_man,1482.4,73.09380917056373
A,CLUSTER_182,cattle_man,9590.0,23.481688814582736
A,CLUSTER_182,horse_man,2035.0,23.481688814582736
A,CLUSTER_182,pig_man,1527.0,23.481688814582736
A,CLUSTER_185,cattle_man,4461.0,41.63722877627325
A,CLUSTER_185,horse_man,786.4,41.63722877627325
A,CLUSTER_185,pig_man,183.43,41.63722877627325
A,CLUSTER_187,cattle_man,4002.9999999999995,18.461802228985466
A,CLUSTER_187,horse_man,2955.0,18.461802228985466
A,CLUSTER_187,pig_man,939.3,18.461802228985466
A,CLUSTER_189,horse_man,1789.0,58.01158896477267
A,CLUSTER_19,pig_man,322.3,85.02679161624236
A,CLUSTER_190,cattle_man,9509.0,43.99583835577257
A,CLUSTER_190,horse_man,1595.7,43.99583835577257
A,CLUSTER_190,pig_man,1086.0,43.99583835577257
A,CLUSTER_192,horse_man,605.0,61.04177579739274
A,CLUSTER_194,pig_man,308.943,120.41989709979882
A,CLUSTER_195,pig_man,34.13825,139.01703243609694
A,CLUSTER_199,horse_man,704.0,50.70064388854717
A,CLUSTER_199,pig_man,341.399,50.70064388854717
A,CLUSTER_20,pig_man,3376.0,108.25152466318454
A,CLUSTER_201,cattle_man,7892.0,27.505496357043786
A,CLUSTER_201,horse_man,2174.1,27.505496357043786
A,CLUSTER_202,horse_man,1917.3,51.2075342149227
A,CLUSTER_202,pig_man,229.17,51.2075342149227
A,CLUSTER_204,pig_man,37.494,104.07790286357238
A,CLUSTER_207,cattle_man,25080.0,43.32194777704542
A,CLUSTER_207,horse_man,1783.0,43.32194777704542
A,CLUSTER_208,cattle_man,5066.0,20.81510948455132
A,CLUSTER_208,horse_man,1364.6,20.81510948455132
A,CLUSTER_208,pig_man,22.65,20.81510948455132
A,CLUSTER_210,horse_man,779.0,61.105420194007095
A,CLUSTER_210,pig_man,122.09999999999998,61.105420194007095
A,CLUSTER_211,cattle_man,4080.0000000000005,10.05851913083938
A,CLUSTER_211,cattle_slu,27580.0,10.05851913083938
A,CLUSTER_211,horse_man,442.0,10.05851913083938
A,CLUSTER_211,pig_man,51.2,10.05851913083938
A,CLUSTER_212,pig_man,132.0,91.3398501552146
A,CLUSTER_218,horse_man,4008.0000000000005,69.36090168456478
A,CLUSTER_225,horse_man,1039.7,62.27767171694203
A,CLUSTER_225,pig_man,1314.9,62.27767171694203
A,CLUSTER_227,pig_man,882.0,90.60349498355654
A,CLUSTER_229,pig_man,38.028209,108.87220893603931
A,CLUSTER_231,horse_man,1176.0,67.31851382933742
A,CLUSTER_231,pig_man,10.6436,67.31851382933742
A,CLUSTER_236,pig_man,144.7,138.00190347088912
A,CLUSTER_237,pig_man,687.516,122.10782845671672
A,CLUSTER_238,horse_man,820.7,72.95548091206051
A,CLUSTER_239,horse_man,2882.5,55.28491089964535
A,CLUSTER_239,pig_man,931.74,55.28491089964535
A,CLUSTER_24,cattle_man,15326.0,38.11392043088909
A,CLUSTER_24,horse_man,1586.5,38.11392043088909
A,CLUSTER_24,pig_man,438.94,38.11392043088909
A,CLUSTER_242,cattle_man,11300.0,31.952003081215725
A,CLUSTER_242,horse_man,850.0,31.952003081215725
A,CLUSTER_242,pig_man,257.9398,31.952003081215725
A,CLUSTER_244,cattle_man,18650.0,39.652442700870886
A,CLUSTER_244,horse_man,3070.0,39.652442700870886
A,CLUSTER_245,cattle_man,13085.0,14.508419798096975
A,CLUSTER_245,cattle_slu,83740.0,14.508419798096975
A,CLUSTER_245,horse_man,793.9,14.508419798096975
A,CLUSTER_245,pig_man,381.8,14.508419798096975
A,CLUSTER_247,horse_man,632.0,57.00966000577542
A,CLUSTER_247,pig_man,228.0,57.00966000577542
A,CLUSTER_249,cattle_man,9836.0,39.52400481490064
A,CLUSTER_249,horse_man,1754.0,39.52400481490064
A,CLUSTER_249,pig_man,509.2300000000001,39.52400481490064
A,CLUSTER_251,horse_man,239.3,64.25190980717115
A,CLUSTER_251,pig_man,335.71000000000004,64.25190980717115
A,CLUSTER_253,cattle_man,6043.0,8.380490324749962
A,CLUSTER_253,cattle_slu,33225.0,8.380490324749962
A,CLUSTER_253,horse_man,3082.0,8.380490324749962
A,CLUSTER_253,pig_man,379.28,8.380490324749962
A,CLUSTER_257,horse_man,1598.0,76.32846587254794
A,CLUSTER_257,pig_man,1704.41,76.32846587254794
A,CLUSTER_259,horse_man,817.6,53.068625705310765
A,CLUSTER_259,pig_man,260.08,53.068625705310765
A,CLUSTER_261,pig_man,42.392,78.33851759629972
A,CLUSTER_263,cattle_man,11151.51,6.066365296683243
A,CLUSTER_263,cattle_slu,31750.0,6.066365296683243
A,CLUSTER_263,horse_man,3265.0,6.066365296683243
A,CLUSTER_263,pig_man,198.21,6.066365296683243
A,CLUSTER_263,rape_str,1024.8209549406506,6.066365296683243
A,CLUSTER_265,horse_man,1119.1,52.19175420687392
A,CLUSTER_265,pig_man,39.79,52.19175420687392
A,CLUSTER_270,pig_man,61.2952,137.20281639947947
A,CLUSTER_274,pig_man,587.9,115.81299900712628
A,CLUSTER_277,cattle_man,6870.0,43.9514683632542
A,CLUSTER_277,horse_man,872.3,43.9514683632542
A,CLUSTER_277,pig_man,203.959,43.9514683632542
A,CLUSTER_281,horse_man,1024.5,56.802693185973006
A,CLUSTER_288,horse_man,1884.0,54.346040293322886
A,CLUSTER_288,pig_man,786.0,54.346040293322886
A,CLUSTER_290,pig_man,122.18799999999999,86.1548787774901
A,CLUSTER_293,pig_man,338.2269,101.56187500076854
A,CLUSTER_3,horse_man,5877.0,75.9864398479407
A,CLUSTER_3,pig_man,16.916,75.9864398479407
A,CLUSTER_301,horse_man,760.0,73.68685719231642
A,CLUSTER_305,pig_man,388.58,117.2153714161664
A,CLUSTER_308,horse_man,482.0,49.82764672842967
A,CLUSTER_309,horse_man,240.3,67.61530679361668
A,CLUSTER_309,pig_man,216.09,67.61530679361668
A,CLUSTER_313,cattle_man,20560.0,41.52600450623784
A,CLUSTER_313,horse_man,2810.0,41.52600450623784
A,CLUSTER_313,pig_man,14.107,41.52600450623784
A,CLUSTER_314,pig_man,452.226,121.70245393295782
A,CLUSTER_319,pig_man,343.0,130.4577920651493
A,CLUSTER_32,cattle_man,20691.0,24.115315026992736
A,CLUSTER_32,horse_man,1842.9,24.115315026992736
A,CLUSTER_32,pig_man,176.1042,24.115315026992736
A,CLUSTER_322,pig_man,57.48,79.30289146137605
A,CLUSTER_323,pig_man,275.81,128.2796245919584
A,CLUSTER_324,horse_man,736.19,48.25986825389992
A,CLUSTER_324,pig_man,258.47,48.25986825389992
A,CLUSTER_325,pig_man,710.15139,96.64331188112816
A,CLUSTER_335,pig_man,497.042,114.0326119204406
A,CLUSTER_338,pig_man,496.0,104.02165975475612
A,CLUSTER_34,pig_man,547.047,114.69385355418176
A,CLUSTER_340,horse_man,1279.0,46.65482429942671
A,CLUSTER_340,pig_man,150.7,46.65482429942671
A,CLUSTER_341,pig_man,160.94299999999998,98.57203219937752
A,CLUSTER_343,horse_man,329.269,54.87180394943698
A,CLUSTER_343,pig_man,296.7,54.87180394943698
A,CLUSTER_347,horse_man,826.5,50.09082769877433
A,CLUSTER_347,pig_man,55.193,50.09082769877433
A,CLUSTER_348,cattle_man,2194.0,40.15669813927691
A,CLUSTER_348,horse_man,429.0,40.15669813927691
A,CLUSTER_348,pig_man,264.2,40.15669813927691
A,CLUSTER_350,cattle_man,14500.0,40.89483033824485
A,CLUSTER_350,horse_man,2875.0,40.89483033824485
A,CLUSTER_350,pig_man,183.62,40.89483033824485
A,CLUSTER_351,horse_man,1500.0,67.10053748647869
A,CLUSTER_36,horse_man,1610.7,69.61168607270416
A,CLUSTER_36,pig_man,1634.0,69.61168607270416
A,CLUSTER_362,cattle_man,13100.0,15.207017366724976
A,CLUSTER_362,cattle_slu,81600.0,15.207017366724976
A,CLUSTER_362,horse_man,2769.0,15.207017366724976
A,CLUSTER_367,pig_man,1184.2,125.18315483796012
A,CLUSTER_369,cattle_man,3235.7,29.95411835943476
A,CLUSTER_369,horse_man,3562.3,29.95411835943476
A,CLUSTER_37,horse_man,943.0,57.78072386797286
A,CLUSTER_37,pig_man,3353.8,57.78072386797286
A,CLUSTER_370,cattle_man,11090.0,26.558376153217825
A,CLUSTER_370,horse_man,1921.0,26.558376153217825
A,CLUSTER_370,pig_man,15.373134,26.558376153217825
A,CLUSTER_375,horse_man,280.5,64.4610500127093
A,CLUSTER_376,pig_man,263.4000241,121.85958126178322
A,CLUSTER_385,horse_man,616.3,50.9024160389416
A,CLUSTER_385,pig_man,407.79,50.9024160389416
A,CLUSTER_387,pig_man,180.0399,132.4138771541592
A,CLUSTER_389,pig_man,58.461,128.0780706749961
A,CLUSTER_391,cattle_man,11195.0,20.533740015575933
A,CLUSTER_391,horse_man,3066.0,20.533740015575933
A,CLUSTER_392,horse_man,513.0,64.01370260149434
A,CLUSTER_392,pig_man,46.5,64.01370260149434
A,CLUSTER_396,horse_man,4460.0,63.2737484233378
A,CLUSTER_398,horse_man,1395.0,75.37399422980822
A,CLUSTER_398,pig_man,169.0001898,75.37399422980822
A,CLUSTER_399,pig_man,646.33,81.30974612900788
A,CLUSTER_4,horse_man,2532.2,51.70686189192628
A,CLUSTER_4,pig_man,730.49,51.70686189192628
A,CLUSTER_400,pig_man,2588.0,91.21348066457423
A,CLUSTER_401,cattle_man,1666.8,34.87116265604755
A,CLUSTER_401,horse_man,929.5,34.87116265604755
A,CLUSTER_401,pig_man,189.6729,34.87116265604755
A,CLUSTER_403,pig_man,782.0,104.8126536550533
A,CLUSTER_404,horse_man,1860.0,49.64665413632767
A,CLUSTER_404,pig_man,75.63,49.64665413632767
A,CLUSTER_409,cattle_man,12230.0,14.255533584801324
A,CLUSTER_409,cattle_slu,56380.0,14.255533584801324
A,CLUSTER_409,horse_man,858.0,14.255533584801324
A,CLUSTER_409,pig_man,568.9,14.255533584801324
A,CLUSTER_41,pig_man,16.8586,92.2385350648729
A,CLUSTER_415,cattle_man,6170.0,20.500566986717665
A,CLUSTER_415,horse_man,3241.0,20.500566986717665
A,CLUSTER_416,horse_man,387.2,74.91549908003113
A,CLUSTER_418,pig_man,116.425,86.87899515113969
A,CLUSTER_422,horse_man,1414.0,47.85754378689245
A,CLUSTER_426,horse_man,3962.2,69.54258328177752
A,CLUSTER_426,pig_man,46.733,69.54258328177752
A,CLUSTER_428,horse_man,792.0,48.47842086687636
A,CLUSTER_428,pig_man,58.397,48.47842086687636
A,CLUSTER_431,pig_man,238.34,85.20507464854262
A,CLUSTER_434,cattle_man,10390.0,44.32887089368855
A,CLUSTER_434,horse_man,816.4,44.32887089368855
A,CLUSTER_443,cattle_man,12880.0,35.88744743155749
A,CLUSTER_443,horse_man,1016.9999999999999,35.88744743155749
A,CLUSTER_444,cattle_man,2690.0,40.2690927738138
A,CLUSTER_444,horse_man,379.2,40.2690927738138
A,CLUSTER_444,pig_man,84.611,40.2690927738138
A,CLUSTER_446,horse_man,1600.0,51.8189729188856
A,CLUSTER_446,pig_man,216.2920123,51.8189729188856
A,CLUSTER_448,horse_man,654.0,69.69511672525863
A,CLUSTER_451,cattle_man,7650.0,29.220644769141384
A,CLUSTER_451,horse_man,523.0,29.220644769141384
A,CLUSTER_451,pig_man,528.0,29.220644769141384
A,CLUSTER_452,horse_man,922.0,56.018057864893336
A,CLUSTER_452,pig_man,550.0,56.018057864893336
A,CLUSTER_454,pig_man,279.8,101.5679915626775
A,CLUSTER_458,cattle_man,4990.0,5.532322482796874
A,CLUSTER_458,cattle_slu,11000.0,5.532322482796874
A,CLUSTER_458,horse_man,2320.0,5.532322482796874
A,CLUSTER_458,rape_str,488.99999999999994,5.532322482796874
A,CLUSTER_459,pig_man,243.8,135.6191389574703
A,CLUSTER_462,horse_man,386.0,75.24325223572903
A,CLUSTER_462,pig_man,169.4,75.24325223572903
A,CLUSTER_463,horse_man,384.3,61.18698537432101
A,CLUSTER_463,pig_man,180.00319,61.18698537432101
A,CLUSTER_466,horse_man,4155.0,67.18423057145642
A,CLUSTER_466,pig_man,43.27128999999999,67.18423057145642
A,CLUSTER_469,cattle_man,3134.0,25.078203212964517
A,CLUSTER_469,horse_man,840.0,25.078203212964517
A,CLUSTER_469,pig_man,324.0,25.078203212964517
A,CLUSTER_47,horse_man,414.0,51.968428964375256
A,CLUSTER_472,horse_man,709.0,73.12442091669651
A,CLUSTER_473,horse_man,745.0,48.96603928093177
A,CLUSTER_473,pig_man,510.99999999999994,48.96603928093177
A,CLUSTER_477,horse_man,908.0,73.2802237847258
A,CLUSTER_48,horse_man,1045.96,50.011174274055065
A,CLUSTER_48,pig_man,1701.4,50.011174274055065
A,CLUSTER_480,cattle_man,173.2,17.059969438236426
A,CLUSTER_480,horse_man,560.6,17.059969438236426
A,CLUSTER_484,horse_man,420.9,58.38987374659484
A,CLUSTER_484,pig_man,64.9729,58.38987374659484
A,CLUSTER_485,cattle_man,3740.0,33.20209641142554
A,CLUSTER_485,horse_man,1447.0,33.20209641142554
A,CLUSTER_485,pig_man,19.72,33.20209641142554
A,CLUSTER_489,horse_man,367.5,57.68214544464127
A,CLUSTER_493,pig_man,193.15,142.46038397755794
A,CLUSTER_497,cattle_man,5760.0,17.07264439448667
A,CLUSTER_497,horse_man,138.1,17.07264439448667
A,CLUSTER_497,pig_man,347.9,17.07264439448667
A,CLUSTER_50,horse_man,1154.13,63.67414045894898
A,CLUSTER_50,pig_man,604.7121,63.67414045894898
A,CLUSTER_500,horse_man,798.0,63.0075211854065
A,CLUSTER_500,pig_man,32.309999999999995,63.0075211854065
A,CLUSTER_502,horse_man,2093.0,63.02513185508883
A,CLUSTER_504,pig_man,442.0,98.74052156000356
A,CLUSTER_506,cattle_man,1700.0,40.25445741000759
A,CLUSTER_506,horse_man,529.0,40.25445741000759
A,CLUSTER_506,pig_man,228.0325,40.25445741000759
A,CLUSTER_508,horse_man,3810.0,65.97241610545154
A,CLUSTER_509,horse_man,798.0,61.18556674790812
A,CLUSTER_509,pig_man,70.445,61.18556674790812
A,CLUSTER_512,cattle_man,5080.0,36.78257258926192
A,CLUSTER_512,horse_man,541.0,36.78257258926192
A,CLUSTER_512,pig_man,391.0,36.78257258926192
A,CLUSTER_513,cattle_man,2780.0,37.62116436813127
A,CLUSTER_513,horse_man,1042.0,37.62116436813127
A,CLUSTER_513,pig_man,657.0,37.62116436813127
A,CLUSTER_514,horse_man,1246.0,67.325602609159
A,CLUSTER_514,pig_man,13.03,67.325602609159
A,CLUSTER_515,cattle_man,990.9999999999999,45.30507032217479
A,CLUSTER_515,horse_man,126.2,45.30507032217479
A,CLUSTER_515,pig_man,1089.0,45.30507032217479
A,CLUSTER_522,cattle_man,6580.0,33.652434616620944
A,CLUSTER_522,horse_man,288.1,33.652434616620944
A,CLUSTER_522,pig_man,183.7,33.652434616620944
A,CLUSTER_523,pig_man,56.7,115.133761606955
A,CLUSTER_524,cattle_man,2192.0,24.261650263811767
A,CLUSTER_524,horse_man,1677.6,24.261650263811767
A,CLUSTER_524,pig_man,18.178,24.261650263811767
A,CLUSTER_529,horse_man,807.0,61.68622285127066
A,CLUSTER_529,pig_man,18.6,61.68622285127066
A,CLUSTER_53,horse_man,1543.0,59.38404520554782
A,CLUSTER_531,horse_man,424.9,69.59149845147427
A,CLUSTER_531,pig_man,133.0,69.59149845147427
A,CLUSTER_533,horse_man,654.0,75.82859549082231
A,CLUSTER_533,pig_man,70.10000000000001,75.82859549082231
A,CLUSTER_537,pig_man,2429.0,99.00404625725568
A,CLUSTER_539,horse_man,433.0,49.70234339992278
A,CLUSTER_543,cattle_man,10570.0,36.18488208052024
A,CLUSTER_543,horse_man,158.9,36.18488208052024
A,CLUSTER_543,pig_man,36.089,36.18488208052024
A,CLUSTER_544,pig_man,15.550000000000002,78.95057424475526
A,CLUSTER_545,cattle_man,1080.0,36.48079940847762
A,CLUSTER_545,horse_man,1719.0,36.48079940847762
A,CLUSTER_545,pig_man,227.1,36.48079940847762
A,CLUSTER_548,horse_man,2324.0,60.34342622510701
A,CLUSTER_59,horse_man,456.477,73.78021994149739
A,CLUSTER_59,pig_man,56.019,73.78021994149739
A,CLUSTER_60,cattle_man,6475.0,25.14232226691127
A,CLUSTER_60,horse_man,2507.8,25.14232226691127
A,CLUSTER_60,pig_man,45.1582,25.14232226691127
A,CLUSTER_61,horse_man,2388.0,66.41990080430602
A,CLUSTER_61,pig_man,392.8,66.41990080430602
A,CLUSTER_64,pig_man,1190.4,134.87857596208897
A,CLUSTER_65,horse_man,2654.0,69.25385208645736
A,CLUSTER_65,pig_man,165.989,69.25385208645736
A,CLUSTER_70,cattle_man,18095.0,6.698597411719443
A,CLUSTER_70,cattle_slu,74820.0,6.698597411719443
A,CLUSTER_70,horse_man,1087.859,6.698597411719443
A,CLUSTER_70,pig_man,751.0,6.698597411719443
A,CLUSTER_71,horse_man,2948.9,58.768701120449286
A,CLUSTER_71,pig_man,226.348,58.768701120449286
A,CLUSTER_75,pig_man,1113.72,82.99097369591664
A,CLUSTER_76,pig_man,125.42999999999999,110.92705194452664
A,CLUSTER_77,horse_man,1160.0,77.28033415479685
A,CLUSTER_77,pig_man,82.7,77.28033415479685
A,CLUSTER_79,cattle_man,15570.0,35.80386607774472
A,CLUSTER_79,horse_man,1933.0,35.80386607774472
A,CLUSTER_79,pig_man,1322.00245,35.80386607774472
A,CLUSTER_85,pig_man,109.2627,139.69907207380936
A,CLUSTER_88,cattle_man,1437.0,17.271724173954993
A,CLUSTER_88,horse_man,1496.2,17.271724173954993
A,CLUSTER_88,pig_man,46.485800000000005,17.271724173954993
A,CLUSTER_90,horse_man,1376.0,58.55374318596933
A,CLUSTER_91,cattle_man,1586.06,34.03018530518364
A,CLUSTER_91,horse_man,619.6,34.03018530518364
A,CLUSTER_91,pig_man,218.0,34.03018530518364
A,CLUSTER_92,horse_man,2276.0,58.058094202153136
A,CLUSTER_92,pig_man,122.73699999999998,58.058094202153136
A,CLUSTER_95,pig_man,778.92,83.78486201164756
A,CLUSTER_98,cattle_man,5002.1,26.12868113843454
A,CLUSTER_98,horse_man,673.1,26.12868113843454
A,CLUSTER_98,pig_man,181.343,26.12868113843454
A,CLUSTER_99,pig_man,173.7,132.18221722733347
M,CLUSTER_0,cattle_man,28890.0,26.462777803031067
M,CLUSTER_0,horse_man,2610.0,26.462777803031067
M,CLUSTER_0,rape_str,1701.9,26.462777803031067
M,CLUSTER_0,legume_str,690.7,26.462777803031067
M,CLUSTER_1,horse_man,642.4,81.5040817572205
M,CLUSTER_103,horse_man,678.2,70.44786058301767
M,CLUSTER_103,pig_man,791.300184,70.44786058301767
M,CLUSTER_108,horse_man,2893.0,66.43998293872386
M,CLUSTER_109,cattle_man,10424.0,50.43832595461551
M,CLUSTER_109,horse_man,2924.0,50.43832595461551
M,CLUSTER_112,cattle_man,13057.0,38.79270303425054
M,CLUSTER_112,horse_man,1571.0,38.79270303425054
M,CLUSTER_114,horse_man,632.9,82.84236940719991
M,CLUSTER_116,cattle_man,856.0,43.43907193924174
M,CLUSTER_117,horse_man,1848.2,78.98211061599868
M,CLUSTER_120,horse_man,643.23,76.56344645614186
M,CLUSTER_121,horse_man,2073.0,67.86253449120183
M,CLUSTER_122,cattle_man,17000.0,8.897643443183364
M,CLUSTER_122,cattle_slu,61990.0,8.897643443183364
M,CLUSTER_122,horse_man,5260.0,8.897643443183364
M,CLUSTER_122,legume_str,179.2,8.897643443183364
M,CLUSTER_124,pig_man,225.04,104.37562017293482
M,CLUSTER_125,horse_man,653.0,94.3698289016231
M,CLUSTER_127,horse_man,2828.1,86.54554126987577
M,CLUSTER_137,cattle_man,27690.0,52.90879029651467
M,CLUSTER_137,horse_man,2768.0,52.90879029651467
M,CLUSTER_14,horse_man,2695.2,84.24812963245267
M,CLUSTER_14,pig_man,256.805,84.24812963245267
M,CLUSTER_144,horse_man,1888.0,92.49057601076902
M,CLUSTER_146,cattle_man,2485.0,1.3317975017103136
M,CLUSTER_146,cattle_slu,13700.0,1.3317975017103136
M,CLUSTER_146,horse_man,847.0,1.3317975017103136
M,CLUSTER_146,pig_slu,73.2,1.3317975017103136
M,CLUSTER_150,horse_man,998.0,64.01324772707055
M,CLUSTER_152,horse_man,2493.3,90.188855609393
M,CLUSTER_152,pig_man,174.14849999999998,90.188855609393
M,CLUSTER_153,horse_man,1262.5,85.90367074091067
M,CLUSTER_153,pig_man,71.88691,85.90367074091067
M,CLUSTER_156,cattle_man,3713.2,33.67775214042847
M,CLUSTER_156,legume_str,342.4,33.67775214042847
M,CLUSTER_160,horse_man,2174.2,87.55562356269999
M,CLUSTER_161,horse_man,429.62,59.81082712434127
M,CLUSTER_162,pig_man,126.94,124.86861563677802
M,CLUSTER_173,horse_man,973.0,85.6794804134201
M,CLUSTER_175,cattle_man,2182.272,52.44515995834509
M,CLUSTER_175,horse_man,1207.3,52.44515995834509
M,CLUSTER_188,horse_man,1732.0,92.00638829141047
M,CLUSTER_194,horse_man,974.4,80.01289922970582
M,CLUSTER_197,cattle_man,6600.0,35.27661508242175
M,CLUSTER_197,horse_man,194.9,35.27661508242175
M,CLUSTER_198,horse_man,2306.0,76.19458904928915
M,CLUSTER_20,cattle_man,27140.0,8.803956177799256
M,CLUSTER_20,cattle_slu,118530.0,8.803956177799256
M,CLUSTER_20,horse_man,3289.0,8.803956177799256
M,CLUSTER_20,beet_leaf,2532.0,8.803956177799256
M,CLUSTER_20,rape_str,2658.0,8.803956177799256
M,CLUSTER_20,legume_str,1043.0,8.803956177799256
M,CLUSTER_204,cattle_man,10730.0,40.2532935132844
M,CLUSTER_204,horse_man,2958.0,40.2532935132844
M,CLUSTER_209,horse_man,1265.6,85.25435068534946
M,CLUSTER_213,horse_man,642.2,87.00533848084233
M,CLUSTER_214,cattle_man,24580.0,54.39277142034543
M,CLUSTER_214,horse_man,1119.6,54.39277142034543
M,CLUSTER_214,pig_man,13.92,54.39277142034543
M,CLUSTER_215,horse_man,2969.0,77.70235324977183
M,CLUSTER_216,horse_man,1391.183,71.53949877268357
M,CLUSTER_217,pig_man,542.22,98.2058975800376
M,CLUSTER_219,horse_man,452.0,77.81943994103244
M,CLUSTER_22,horse_man,2301.0,91.81382678157848
M,CLUSTER_220,pig_man,25.08,131.56478773622877
M,CLUSTER_222,horse_man,643.3,60.40729372184512
M,CLUSTER_222,pig_man,43.141,60.40729372184512
M,CLUSTER_226,cattle_man,16880.0,11.631140582410575
M,CLUSTER_226,cattle_slu,81430.0,11.631140582410575
M,CLUSTER_226,horse_man,2471.6,11.631140582410575
M,CLUSTER_227,horse_man,79.97,71.84443772853228
M,CLUSTER_231,cattle_man,13870.0,42.89407243945478
M,CLUSTER_233,horse_man,1224.0,84.58873171037868
M,CLUSTER_233,pig_man,435.2,84.58873171037868
M,CLUSTER_234,cattle_man,28380.0,48.2894309665129
M,CLUSTER_234,horse_man,2507.0,48.2894309665129
M,CLUSTER_236,horse_man,1045.5,73.84200747416143
M,CLUSTER_238,cattle_man,7143.0,54.25185756475309
M,CLUSTER_247,cattle_man,2871.0,51.02246887333513
M,CLUSTER_252,cattle_man,23950.0,45.757487954826765
M,CLUSTER_252,horse_man,2046.0,45.757487954826765
M,CLUSTER_255,pig_man,204.36,113.68769063693976
M,CLUSTER_26,cattle_man,27390.0,25.97053720228328
M,CLUSTER_26,horse_man,4471.0,25.97053720228328
M,CLUSTER_26,legume_str,17.009999999999998,25.97053720228328
M,CLUSTER_261,horse_man,1088.2,81.31174363760839
M,CLUSTER_264,horse_man,387.684,68.44467419174306
M,CLUSTER_266,cattle_man,5864.8,27.70797380706465
M,CLUSTER_266,horse_man,271.0126,27.70797380706465
M,CLUSTER_266,rape_str,64.9,27.70797380706465
M,CLUSTER_266,legume_str,14.388000000000002,27.70797380706465
M,CLUSTER_267,horse_man,951.0,60.53763169900751
M,CLUSTER_274,horse_man,783.4,93.0907432245763
M,CLUSTER_275,horse_man,564.0,58.668353002738414
M,CLUSTER_283,horse_man,349.112,92.86146365886464
M,CLUSTER_284,horse_man,195.4,80.27637137644793
M,CLUSTER_285,cattle_man,15869.999999999998,30.577492289781823
M,CLUSTER_285,horse_man,3438.0,30.577492289781823
M,CLUSTER_29,cattle_man,35210.0,21.49307792382856
M,CLUSTER_29,horse_man,2338.7,21.49307792382856
M,CLUSTER_29,rape_str,84.37,21.49307792382856
M,CLUSTER_29,legume_str,109.47,21.49307792382856
M,CLUSTER_292,horse_man,3197.0,85.14366757082912
M,CLUSTER_292,pig_man,2862.0,85.14366757082912
M,CLUSTER_295,horse_man,46.7,68.34056621318594
M,CLUSTER_297,cattle_man,11530.0,17.444066184034117
M,CLUSTER_297,cattle_slu,40380.0,17.444066184034117
M,CLUSTER_297,horse_man,3459.0,17.444066184034117
M,CLUSTER_297,rape_str,668.0,17.444066184034117
M,CLUSTER_297,legume_str,363.98,17.444066184034117
M,CLUSTER_298,horse_man,591.0,84.14871248201476
M,CLUSTER_302,horse_man,1597.0,91.29333570227163
M,CLUSTER_302,pig_man,141.874306,91.29333570227163
M,CLUSTER_304,horse_man,706.6,88.79053783998924
M,CLUSTER_305,cattle_man,4426.0,14.910275359480108
M,CLUSTER_305,cattle_slu,18427.0,14.910275359480108
M,CLUSTER_305,horse_man,533.2,14.910275359480108
M,CLUSTER_305,rape_str,1126.6,14.910275359480108
M,CLUSTER_305,legume_str,120.96,14.910275359480108
M,CLUSTER_307,horse_man,1101.0,95.85918936222072
M,CLUSTER_31,cattle_man,11270.176,55.82171223312103
M,CLUSTER_31,horse_man,3786.0,55.82171223312103
M,CLUSTER_31,pig_man,390.4,55.82171223312103
M,CLUSTER_311,horse_man,1250.5,94.17654899703436
M,CLUSTER_314,horse_man,639.0,74.03874343502248
M,CLUSTER_317,pig_man,92.31,136.13896429897997
M,CLUSTER_319,horse_man,1821.5,74.30814395020815
M,CLUSTER_320,pig_man,16.0,101.76928988181982
M,CLUSTER_322,cattle_man,5790.0,40.024334013065584
M,CLUSTER_322,horse_man,1355.0,40.024334013065584
M,CLUSTER_323,horse_man,2339.0,86.85670754131084
M,CLUSTER_325,cattle_man,8099.0,39.99248352561972
M,CLUSTER_325,horse_man,3401.8,39.99248352561972
M,CLUSTER_329,horse_man,1337.0,90.97673772224914
M,CLUSTER_33,cattle_man,6952.0,20.234180515388463
M,CLUSTER_33,horse_man,1803.0,20.234180515388463
M,CLUSTER_330,pig_man,378.71,100.64858515574892
M,CLUSTER_331,horse_man,3020.0,81.52477147527733
M,CLUSTER_336,horse_man,579.9,71.70430292791436
M,CLUSTER_338,cattle_man,6102.530000000001,32.35965906713197
M,CLUSTER_338,horse_man,816.0,32.35965906713197
M,CLUSTER_338,rape_str,566.0,32.35965906713197
M,CLUSTER_338,legume_str,307.0,32.35965906713197
M,CLUSTER_339,horse_man,2136.8,86.01804960851479
M,CLUSTER_34,cattle_man,4823.3,46.60379864093656
M,CLUSTER_34,horse_man,3660.3,46.60379864093656
M,CLUSTER_342,pig_man,109.9,116.41660578778692
M,CLUSTER_353,horse_man,840.0,80.77545990031133
M,CLUSTER_358,horse_man,586.9,67.39982650269799
M,CLUSTER_358,pig_man,505.06,67.39982650269799
M,CLUSTER_359,horse_man,362.1,85.80513224190507
M,CLUSTER_359,pig_man,13.947,85.80513224190507
M,CLUSTER_36,cattle_man,5369.2,47.2376012261584
M,CLUSTER_363,horse_man,3180.0,80.3328613371991
M,CLUSTER_363,pig_man,154.91,80.3328613371991
M,CLUSTER_364,horse_man,483.8,65.70236402354269
M,CLUSTER_367,cattle_man,1682.0,57.06534031827453
M,CLUSTER_367,horse_man,1169.9,57.06534031827453
M,CLUSTER_368,horse_man,1001.7000000000002,73.23627011888878
M,CLUSTER_38,horse_man,253.79999999999998,70.16195474470389
M,CLUSTER_38,pig_man,315.61,70.16195474470389
M,CLUSTER_382,horse_man,1045.0,84.89766540889124
M,CLUSTER_383,horse_man,1382.2,94.30663334780452
M,CLUSTER_384,cattle_man,3170.0,17.760218877431736
M,CLUSTER_384,cattle_slu,23530.0,17.760218877431736
M,CLUSTER_384,horse_man,619.0,17.760218877431736
M,CLUSTER_384,rape_str,817.0,17.760218877431736
M,CLUSTER_384,legume_str,93.3,17.760218877431736
M,CLUSTER_387,cattle_man,7795.0,30.667673883439488
M,CLUSTER_387,horse_man,1714.3,30.667673883439488
M,CLUSTER_387,rape_str,583.1,30.667673883439488
M,CLUSTER_387,legume_str,99.478,30.667673883439488
M,CLUSTER_389,horse_man,483.0,79.11832867285808
M,CLUSTER_397,cattle_man,5686.0,37.849173102975605
M,CLUSTER_397,horse_man,797.2,37.849173102975605
M,CLUSTER_398,cattle_man,5117.0,37.60335392207242
M,CLUSTER_400,cattle_man,3903.8,45.02021511432863
M,CLUSTER_400,horse_man,1513.0,45.02021511432863
M,CLUSTER_402,pig_man,1540.0,118.30423584767186
M,CLUSTER_403,horse_man,1197.0,59.802580962912685
M,CLUSTER_406,pig_man,52.746,108.20748388697706
M,CLUSTER_407,cattle_man,10172.0,48.31359424429796
M,CLUSTER_407,horse_man,3348.0,48.31359424429796
M,CLUSTER_41,cattle_man,390.8,55.27641518823606
M,CLUSTER_41,horse_man,2108.8,55.27641518823606
M,CLUSTER_411,pig_man,527.7900000000506,140.7100064069639
M,CLUSTER_413,horse_man,36.0,89.11868728129474
M,CLUSTER_414,horse_man,1048.1,96.43857884677163
M,CLUSTER_416,cattle_man,553.9,43.000475008930216
M,CLUSTER_418,cattle_man,5426.46,34.0945683036674
M,CLUSTER_418,horse_man,144.9,34.0945683036674
M,CLUSTER_418,legume_str,130.8,34.0945683036674
M,CLUSTER_425,horse_man,526.6,71.36186865396088
M,CLUSTER_427,cattle_man,363.9822183247876,57.43380722241889
M,CLUSTER_427,horse_man,3104.5,57.43380722241889
M,CLUSTER_43,horse_man,1609.1999999999998,71.52447549291765
M,CLUSTER_431,cattle_man,3900.2,45.82139861733665
M,CLUSTER_431,horse_man,1912.0,45.82139861733665
M,CLUSTER_432,horse_man,1122.3,61.41398389068756
M,CLUSTER_433,cattle_man,4450.0297,51.518863938676624
M,CLUSTER_433,horse_man,1106.0,51.518863938676624
M,CLUSTER_433,pig_man,179.118,51.518863938676624
M,CLUSTER_45,horse_man,1188.0,95.37511046278688
M,CLUSTER_45,pig_man,55.502,95.37511046278688
M,CLUSTER_452,cattle_man,3960.0,54.61761380700211
M,CLUSTER_455,cattle_man,11640.0,40.24294439949513
M,CLUSTER_455,horse_man,810.1,40.24294439949513
M,CLUSTER_456,horse_man,275.0,80.0117777888985
M,CLUSTER_456,pig_man,30.472,80.0117777888985
M,CLUSTER_459,horse_man,167.4,87.29536710890643
M,CLUSTER_460,cattle_man,3371.2,52.65155988586324
M,CLUSTER_460,horse_man,392.16,52.65155988586324
M,CLUSTER_47,cattle_man,681.7,55.54096573373343
M,CLUSTER_474,cattle_man,11990.0,37.07464529653673
M,CLUSTER_474,horse_man,1341.0,37.07464529653673
M,CLUSTER_482,horse_man,1167.3,62.32200346078779
M,CLUSTER_492,horse_man,472.0,80.28349142441948
M,CLUSTER_495,horse_man,1575.0,78.32061086177369
M,CLUSTER_495,pig_man,180.446,78.32061086177369
M,CLUSTER_496,horse_man,451.0,73.78935005673746
M,CLUSTER_502,cattle_man,12710.0,47.74821530524512
M,CLUSTER_503,horse_man,847.1,64.84673720551355
M,CLUSTER_504,cattle_man,41.0,10.110425870960045
M,CLUSTER_504,cattle_slu,403.0,10.110425870960045
M,CLUSTER_504,horse_man,1033.0,10.110425870960045
M,CLUSTER_504,rape_str,268.5,10.110425870960045
M,CLUSTER_504,legume_str,94.63,10.110425870960045
M,CLUSTER_516,horse_man,1178.0,83.86614381338154
M,CLUSTER_519,cattle_man,4091.0,46.17129297700892
M,CLUSTER_519,horse_man,814.0,46.17129297700892
M,CLUSTER_520,horse_man,799.0,90.68298296843555
M,CLUSTER_521,horse_man,1448.0,94.16193322118602
M,CLUSTER_523,horse_man,1417.0,61.620314800762586
M,CLUSTER_528,horse_man,1337.0,75.1486905322939
M,CLUSTER_532,pig_man,411.16,126.32610442766412
M,CLUSTER_534,cattle_man,2189.0,9.010930619728263
M,CLUSTER_534,cattle_slu,5887.64,9.010930619728263
M,CLUSTER_534,horse_man,1873.6,9.010930619728263
M,CLUSTER_534,beet_leaf,5100.0,9.010930619728263
M,CLUSTER_534,rape_str,1184.0,9.010930619728263
M,CLUSTER_534,legume_str,317.1,9.010930619728263
M,CLUSTER_537,cattle_man,2682.0,46.47830732350768
M,CLUSTER_537,horse_man,1468.0,46.47830732350768
M,CLUSTER_54,cattle_man,5070.0,27.148743621954274
M,CLUSTER_54,horse_man,1695.0,27.148743621954274
M,CLUSTER_541,cattle_man,4103.0,27.47013278051543
M,CLUSTER_541,horse_man,835.5,27.47013278051543
M,CLUSTER_541,rape_str,221.9,27.47013278051543
M,CLUSTER_541,legume_str,57.8,27.47013278051543
M,CLUSTER_542,horse_man,1452.1,70.30921537555454
M,CLUSTER_544,cattle_man,5520.0,47.67628622418763
M,CLUSTER_55,horse_man,3076.3,89.34114394240288
M,CLUSTER_55,pig_man,46.48,89.34114394240288
M,CLUSTER_59,cattle_man,5668.0,39.39333018644622
M,CLUSTER_62,horse_man,4905.0,86.95784723306889
M,CLUSTER_64,horse_man,1753.8,62.03040221564809
M,CLUSTER_67,cattle_man,12270.0,22.287692958297622
M,CLUSTER_67,horse_man,2276.6,22.287692958297622
M,CLUSTER_67,legume_str,13.0,22.287692958297622
M,CLUSTER_69,horse_man,2441.2,94.84941789046592
M,CLUSTER_69,pig_man,1247.43,94.84941789046592
M,CLUSTER_7,horse_man,843.8,94.93292489618304
M,CLUSTER_7,pig_man,353.272,94.93292489618304
M,CLUSTER_72,cattle_man,21650.0,55.90909228927545
M,CLUSTER_72,horse_man,4938.0,55.90909228927545
M,CLUSTER_75,cattle_man,15511.3,54.961469080239794
M,CLUSTER_75,horse_man,1454.5,54.961469080239794
M,CLUSTER_76,horse_man,2263.0,83.46619080196245
M,CLUSTER_78,pig_man,141.0,128.50492183333037
M,CLUSTER_84,cattle_man,15427.9,38.89049900572477
M,CLUSTER_84,horse_man,4351.0,38.89049900572477
M,CLUSTER_89,pig_man,499.7749999999999,98.32794107720083
M,CLUSTER_9,horse_man,1859.2,71.86209154248337
M,CLUSTER_92,cattle_man,17416.0,49.89987016090641
M,CLUSTER_95,horse_man,229.22,73.1129957929506
M,CLUSTER_97,horse_man,1266.8,64.31009895643554
M,CLUSTER_99,cattle_man,18960.0,45.55378936451472
M,CLUSTER_99,horse_man,170.398,45.55378936451472
D,CLUSTER_117,cattle_man,13052.0,56.887522341292815
D,CLUSTER_118,cattle_man,21190.0,31.87069374092146
D,CLUSTER_118,horse_man,710.0,31.87069374092146
D,CLUSTER_118,rape_str,80.0,31.87069374092146
D,CLUSTER_118,legume_str,97.25,31.87069374092146
D,CLUSTER_125,cattle_man,17940.0,23.861189467427707
D,CLUSTER_125,maize_str,642.8,23.861189467427707
D,CLUSTER_125,rape_str,3920.0,23.861189467427707
D,CLUSTER_125,legume_str,441.0,23.861189467427707
D,CLUSTER_129,cattle_man,8284.0,52.445220959597926
D,CLUSTER_135,cattle_man,35210.0,12.15087853989411
D,CLUSTER_135,cattle_slu,152400.0,12.15087853989411
D,CLUSTER_135,horse_man,2847.0,12.15087853989411
D,CLUSTER_135,maize_str,641.8,12.15087853989411
D,CLUSTER_135,beet_leaf,429.0,12.15087853989411
D,CLUSTER_135,legume_str,330.2,12.15087853989411
D,CLUSTER_144,cattle_man,16190.0,46.35949998112587
D,CLUSTER_147,cattle_man,5220.0,20.31606348990041
D,CLUSTER_147,cattle_slu,32950.0,20.31606348990041
D,CLUSTER_147,horse_man,869.8,20.31606348990041
D,CLUSTER_147,maize_str,127.70000000000002,20.31606348990041
D,CLUSTER_147,rape_str,506.3,20.31606348990041
D,CLUSTER_147,legume_str,68.23,20.31606348990041
D,CLUSTER_149,cattle_man,19570.0,9.040458371880735
D,CLUSTER_149,cattle_slu,98800.0,9.040458371880735
D,CLUSTER_149,maize_str,10.72,9.040458371880735
D,CLUSTER_149,legume_str,27.93,9.040458371880735
D,CLUSTER_16,cattle_man,11750.6,61.003677847838695
D,CLUSTER_161,cattle_man,6850.0,49.4027564393852
D,CLUSTER_166,cattle_man,6826.0,35.34253330845631
D,CLUSTER_166,rape_str,257.0,35.34253330845631
D,CLUSTER_166,legume_str,112.33,35.34253330845631
D,CLUSTER_193,cattle_man,1113.0,44.92091100698959
D,CLUSTER_205,cattle_man,16567.0,25.953728312637462
D,CLUSTER_205,horse_man,3447.0,25.953728312637462
D,CLUSTER_205,maize_str,1092.3028436838033,25.953728312637462
D,CLUSTER_205,rape_str,424.8,25.953728312637462
D,CLUSTER_205,legume_str,366.9,25.953728312637462
D,CLUSTER_213,cattle_man,3968.0,30.944874422273447
D,CLUSTER_213,rape_str,43.9,30.944874422273447
D,CLUSTER_213,legume_str,10.36,30.944874422273447
D,CLUSTER_219,cattle_man,5290.0,38.04071083473939
D,CLUSTER_219,rape_str,2300.0,38.04071083473939
D,CLUSTER_219,legume_str,276.0,38.04071083473939
D,CLUSTER_22,cattle_man,44030.0,11.963993927329753
D,CLUSTER_22,cattle_slu,203300.0,11.963993927329753
D,CLUSTER_22,maize_str,1286.9,11.963993927329753
D,CLUSTER_22,beet_leaf,232.81,11.963993927329753
D,CLUSTER_22,rape_str,418.6,11.963993927329753
D,CLUSTER_22,legume_str,405.9,11.963993927329753
D,CLUSTER_23,cattle_man,4229.4,36.70174425464956
D,CLUSTER_23,rape_str,579.28,36.70174425464956
D,CLUSTER_23,legume_str,30.65,36.70174425464956
D,CLUSTER_230,cattle_man,11370.0,55.55403181042129
D,CLUSTER_230,horse_man,900.0,55.55403181042129
D,CLUSTER_250,cattle_man,8735.82,34.90753169233573
D,CLUSTER_258,cattle_man,16820.0,47.38852917333485
D,CLUSTER_267,cattle_man,6170.0,54.82934134113239
D,CLUSTER_271,cattle_man,3622.2,21.60301274900287
D,CLUSTER_271,cattle_slu,2256.529,21.60301274900287
D,CLUSTER_271,maize_str,266.3,21.60301274900287
D,CLUSTER_271,rape_str,2906.0,21.60301274900287
D,CLUSTER_271,legume_str,258.8,21.60301274900287
D,CLUSTER_279,cattle_man,21730.0,57.82671376040063
D,CLUSTER_287,cattle_man,2184.0,16.33000939057589
D,CLUSTER_287,cattle_slu,8670.0,16.33000939057589
D,CLUSTER_287,horse_man,1571.0,16.33000939057589
D,CLUSTER_294,cattle_man,6386.0,26.417424644351428
D,CLUSTER_294,rape_str,684.0,26.417424644351428
D,CLUSTER_294,legume_str,168.2,26.417424644351428
D,CLUSTER_304,cattle_man,2118.0,17.24269618414193
D,CLUSTER_304,cattle_slu,6193.0,17.24269618414193
D,CLUSTER_326,cattle_man,7270.0,39.872209771248144
D,CLUSTER_326,rape_str,2611.0,39.872209771248144
D,CLUSTER_326,legume_str,268.6,39.872209771248144
D,CLUSTER_331,cattle_man,5700.0,28.718606701885168
D,CLUSTER_331,rape_str,1228.0,28.718606701885168
D,CLUSTER_331,legume_str,336.0,28.718606701885168
D,CLUSTER_333,cattle_man,11300.0,57.621606753302
D,CLUSTER_334,cattle_man,2641.3,30.555972024212544
D,CLUSTER_334,rape_str,438.62,30.555972024212544
D,CLUSTER_334,legume_str,53.6,30.555972024212544
D,CLUSTER_336,cattle_man,9570.0,40.0354275289094
D,CLUSTER_336,rape_str,912.3,40.0354275289094
D,CLUSTER_336,legume_str,270.07,40.0354275289094
D,CLUSTER_339,cattle_man,3014.917,39.11253367217459
D,CLUSTER_339,rape_str,716.33,39.11253367217459
D,CLUSTER_339,legume_str,276.25,39.11253367217459
D,CLUSTER_344,cattle_man,9980.0,22.27749923074341
D,CLUSTER_344,maize_str,5434.0,22.27749923074341
D,CLUSTER_344,rape_str,232.2,22.27749923074341
D,CLUSTER_344,legume_str,332.0,22.27749923074341
D,CLUSTER_345,horse_man,3059.0,63.58250805414617
D,CLUSTER_35,cattle_man,3291.0,44.55534378199357
D,CLUSTER_35,legume_str,631.6,44.55534378199357
D,CLUSTER_353,cattle_man,9000.0,27.017977614107384
D,CLUSTER_353,rape_str,696.0,27.017977614107384
D,CLUSTER_353,legume_str,276.0,27.017977614107384
D,CLUSTER_357,cattle_man,11532.0,28.398468048235973
D,CLUSTER_357,horse_man,1403.7,28.398468048235973
D,CLUSTER_357,rape_str,1320.0,28.398468048235973
D,CLUSTER_357,legume_str,131.1,28.398468048235973
D,CLUSTER_365,cattle_man,16119.999999999998,41.04953585365893
D,CLUSTER_365,rape_str,408.7,41.04953585365893
D,CLUSTER_365,legume_str,86.1,41.04953585365893
D,CLUSTER_371,cattle_man,13910.0,5.774254157420066
D,CLUSTER_371,cattle_slu,44150.0,5.774254157420066
D,CLUSTER_371,horse_man,1280.1,5.774254157420066
D,CLUSTER_371,pig_slu,2956.0,5.774254157420066
D,CLUSTER_371,maize_str,1554.0,5.774254157420066
D,CLUSTER_371,beet_leaf,729.6,5.774254157420066
D,CLUSTER_371,rape_str,918.4,5.774254157420066
D,CLUSTER_371,legume_str,445.8,5.774254157420066
D,CLUSTER_373,rape_str,814.9,41.60687083182541
D,CLUSTER_373,legume_str,370.5,41.60687083182541
D,CLUSTER_374,cattle_man,5400.0,25.391648723336456
D,CLUSTER_378,cattle_man,31200.0,40.63397000326891
D,CLUSTER_378,horse_man,1373.0,40.63397000326891
D,CLUSTER_378,rape_str,180.6,40.63397000326891
D,CLUSTER_378,legume_str,300.1,40.63397000326891
D,CLUSTER_380,cattle_man,6580.0,30.35759334494021
D,CLUSTER_380,rape_str,2235.0,30.35759334494021
D,CLUSTER_380,legume_str,263.0,30.35759334494021
D,CLUSTER_405,cattle_man,3574.0,35.554474454085934
D,CLUSTER_405,horse_man,311.8,35.554474454085934
D,CLUSTER_405,rape_str,758.7,35.554474454085934
D,CLUSTER_405,legume_str,321.95,35.554474454085934
D,CLUSTER_438,cattle_man,3331.0,0.992990609685941
D,CLUSTER_438,cattle_slu,18770.0,0.992990609685941
D,CLUSTER_438,horse_man,832.8,0.992990609685941
D,CLUSTER_438,pig_slu,2600.6,0.992990609685941
D,CLUSTER_438,rape_str,20.6,0.992990609685941
D,CLUSTER_438,legume_str,13.04,0.992990609685941
D,CLUSTER_457,cattle_man,11400.0,37.11374455059519
D,CLUSTER_457,rape_str,30.800000000000004,37.11374455059519
D,CLUSTER_457,legume_str,108.18,37.11374455059519
D,CLUSTER_464,cattle_man,4492.0,16.28746156440638
D,CLUSTER_464,cattle_slu,19850.0,16.28746156440638
D,CLUSTER_464,maize_str,1659.0,16.28746156440638
D,CLUSTER_464,rape_str,387.0,16.28746156440638
D,CLUSTER_464,legume_str,235.0,16.28746156440638
D,CLUSTER_483,cattle_man,2116.9,30.503133493460343
D,CLUSTER_483,rape_str,440.9,30.503133493460343
D,CLUSTER_483,legume_str,415.5,30.503133493460343
D,CLUSTER_490,cattle_man,3600.0,40.68836946941814
D,CLUSTER_490,horse_man,745.2,40.68836946941814
D,CLUSTER_490,rape_str,340.0,40.68836946941814
D,CLUSTER_490,legume_str,80.4,40.68836946941814
D,CLUSTER_496,cattle_man,6675.3,33.89242081700342
D,CLUSTER_496,rape_str,1060.0,33.89242081700342
D,CLUSTER_496,legume_str,144.6,33.89242081700342
D,CLUSTER_501,cattle_man,230.0,36.50748951942057
D,CLUSTER_501,horse_man,474.5,36.50748951942057
D,CLUSTER_501,rape_str,1822.0,36.50748951942057
D,CLUSTER_501,legume_str,355.2,36.50748951942057
D,CLUSTER_510,cattle_man,2238.5,21.64074811897856
D,CLUSTER_510,cattle_slu,16032.999999999998,21.64074811897856
D,CLUSTER_510,horse_man,1319.0,21.64074811897856
D,CLUSTER_510,maize_str,22.419,21.64074811897856
D,CLUSTER_510,rape_str,86.1,21.64074811897856
D,CLUSTER_510,legume_str,52.36,21.64074811897856
D,CLUSTER_511,legume_str,142.4,44.921582928542406
D,CLUSTER_516,cattle_man,8820.0,23.594084006845133
D,CLUSTER_516,maize_str,1508.0,23.594084006845133
D,CLUSTER_516,rape_str,861.0,23.594084006845133
D,CLUSTER_516,legume_str,330.5,23.594084006845133
D,CLUSTER_536,cattle_man,3358.0,43.32159737157036
D,CLUSTER_536,legume_str,88.69999999999999,43.32159737157036
D,CLUSTER_542,cattle_man,20360.0,48.31291654734631
D,CLUSTER_58,cattle_man,49010.0,38.29962198213611
D,CLUSTER_58,rape_str,948.0,38.29962198213611
D,CLUSTER_58,legume_str,822.0,38.29962198213611
D,CLUSTER_66,cattle_man,2641.0375,48.26809412997851
D,CLUSTER_73,cattle_man,5812.0,21.732041282423204
D,CLUSTER_73,cattle_slu,21887.0,21.732041282423204
D,CLUSTER_73,maize_str,11358.0,21.732041282423204
D,CLUSTER_73,rape_str,3434.0,21.732041282423204
D,CLUSTER_73,legume_str,648.0,21.732041282423204
D,CLUSTER_89,horse_man,1274.4,97.209403005874
D,CLUSTER_97,cattle_man,4494.0,54.98974766896184
T,CLUSTER_100,cattle_man,9536.0,31.10735166904074
T,CLUSTER_100,maize_str,6753.0,31.10735166904074
T,CLUSTER_100,rape_str,1247.0,31.10735166904074
T,CLUSTER_100,legume_str,592.6,31.10735166904074
T,CLUSTER_101,rape_str,1060.3,49.634359805741504
T,CLUSTER_101,legume_str,210.4,49.634359805741504
T,CLUSTER_108,rape_str,1296.1,52.85640932988855
T,CLUSTER_108,legume_str,386.8,52.85640932988855
T,CLUSTER_11,cattle_man,3764.1,30.42139001786823
T,CLUSTER_11,maize_str,190.9,30.42139001786823
T,CLUSTER_11,rape_str,672.41,30.42139001786823
T,CLUSTER_11,legume_str,180.37,30.42139001786823
T,CLUSTER_114,legume_str,233.9,55.655108179815706
T,CLUSTER_126,rape_str,2381.0,54.24682834143583
T,CLUSTER_126,legume_str,544.6,54.24682834143583
T,CLUSTER_130,cattle_man,16581.0,32.086183423140895
T,CLUSTER_130,maize_str,270.1,32.086183423140895
T,CLUSTER_130,rape_str,594.2,32.086183423140895
T,CLUSTER_130,legume_str,185.4,32.086183423140895
T,CLUSTER_132,cattle_man,7032.59,25.402905935104847
T,CLUSTER_132,horse_man,795.885,25.402905935104847
T,CLUSTER_132,maize_str,1533.2,25.402905935104847
T,CLUSTER_132,rape_str,929.0,25.402905935104847
T,CLUSTER_132,legume_str,147.22,25.402905935104847
T,CLUSTER_160,cattle_man,5620.0,25.79446757791416
T,CLUSTER_160,maize_str,250.69999999999996,25.79446757791416
T,CLUSTER_160,rape_str,1197.5,25.79446757791416
T,CLUSTER_160,legume_str,109.73,25.79446757791416
T,CLUSTER_165,cattle_man,8970.0,18.10798987444165
T,CLUSTER_165,maize_str,1640.0,18.10798987444165
T,CLUSTER_165,beet_leaf,673.0,18.10798987444165
T,CLUSTER_165,rape_str,1507.0,18.10798987444165
T,CLUSTER_165,legume_str,854.0,18.10798987444165
T,CLUSTER_168,cattle_man,4187.0,24.294524367957465
T,CLUSTER_168,maize_str,165.79,24.294524367957465
T,CLUSTER_168,rape_str,528.6,24.294524367957465
T,CLUSTER_168,legume_str,159.0,24.294524367957465
T,CLUSTER_176,maize_str,248.73000000000002,48.49702507222517
T,CLUSTER_176,rape_str,773.6,48.49702507222517
T,CLUSTER_176,legume_str,185.1,48.49702507222517
T,CLUSTER_180,maize_str,9410.0,42.057800956554544
T,CLUSTER_180,rape_str,2510.0,42.057800956554544
T,CLUSTER_180,legume_str,350.0,42.057800956554544
T,CLUSTER_183,cattle_man,16594.0,9.980106551174506
T,CLUSTER_183,cattle_slu,91870.0,9.980106551174506
T,CLUSTER_183,clover_alfalfa_grass,2359.5,9.980106551174506
T,CLUSTER_183,maize_str,210.88,9.980106551174506
T,CLUSTER_183,beet_leaf,99.4,9.980106551174506
T,CLUSTER_183,rape_str,1374.3,9.980106551174506
T,CLUSTER_183,legume_str,266.3,9.980106551174506
T,CLUSTER_184,cattle_man,2092.0,32.23371299645649
T,CLUSTER_184,maize_str,4690.0,32.23371299645649
T,CLUSTER_184,rape_str,1554.0,32.23371299645649
T,CLUSTER_184,legume_str,480.0,32.23371299645649
T,CLUSTER_186,maize_str,2451.0,35.79150878660513
T,CLUSTER_186,rape_str,2267.0,35.79150878660513
T,CLUSTER_186,legume_str,321.6,35.79150878660513
T,CLUSTER_188,rape_str,21.25,53.74924852667163
T,CLUSTER_188,legume_str,67.118,53.74924852667163
T,CLUSTER_2,cattle_man,3616.0,10.851783507824177
T,CLUSTER_2,cattle_slu,10109.8,10.851783507824177
T,CLUSTER_2,clover_alfalfa_grass,4224.0,10.851783507824177
T,CLUSTER_2,maize_str,6515.0,10.851783507824177
T,CLUSTER_2,beet_leaf,10250.0,10.851783507824177
T,CLUSTER_2,rape_str,2407.0,10.851783507824177
T,CLUSTER_2,legume_str,639.4,10.851783507824177
T,CLUSTER_223,cattle_man,9326.0,29.679546097421493
T,CLUSTER_223,maize_str,1682.3,29.679546097421493
T,CLUSTER_223,rape_str,240.1,29.679546097421493
T,CLUSTER_223,legume_str,122.22,29.679546097421493
T,CLUSTER_246,horse_man,1160.4,44.595562450507614
T,CLUSTER_246,maize_str,156.3,44.595562450507614
T,CLUSTER_246,rape_str,1181.0,44.595562450507614
T,CLUSTER_246,legume_str,345.0,44.595562450507614
T,CLUSTER_256,rape_str,862.4,54.59643181108904
T,CLUSTER_256,legume_str,337.66,54.59643181108904
T,CLUSTER_27,cattle_man,18405.0,26.22432192525031
T,CLUSTER_27,horse_man,4194.0,26.22432192525031
T,CLUSTER_27,legume_str,18.4,26.22432192525031
T,CLUSTER_275,legume_str,322.6,55.18262636205108
T,CLUSTER_278,maize_str,274.04,48.8834510358233
T,CLUSTER_278,rape_str,532.8,48.8834510358233
T,CLUSTER_278,legume_str,94.28,48.8834510358233
T,CLUSTER_284,cattle_man,1152.783,32.55858010510951
T,CLUSTER_284,maize_str,3599.0,32.55858010510951
T,CLUSTER_284,rape_str,262.2,32.55858010510951
T,CLUSTER_284,legume_str,192.3,32.55858010510951
T,CLUSTER_289,rape_str,1516.0,50.65438093757059
T,CLUSTER_289,legume_str,485.4,50.65438093757059
T,CLUSTER_298,cattle_man,6560.0,35.46113053152515
T,CLUSTER_298,maize_str,131.71,35.46113053152515
T,CLUSTER_298,rape_str,1018.0,35.46113053152515
T,CLUSTER_298,legume_str,191.9,35.46113053152515
T,CLUSTER_299,legume_str,62.4,56.77487625527214
T,CLUSTER_300,cattle_man,12150.0,19.791311617715845
T,CLUSTER_300,horse_man,6326.0,19.791311617715845
T,CLUSTER_300,maize_str,1868.0,19.791311617715845
T,CLUSTER_300,beet_leaf,212.0,19.791311617715845
T,CLUSTER_300,rape_str,548.0,19.791311617715845
T,CLUSTER_300,legume_str,424.7,19.791311617715845
T,CLUSTER_306,cattle_man,13760.0,13.416504705580191
T,CLUSTER_306,horse_man,2334.061970226202,13.416504705580191
T,CLUSTER_306,clover_alfalfa_grass,6386.0,13.416504705580191
T,CLUSTER_306,maize_str,5143.0,13.416504705580191
T,CLUSTER_306,beet_leaf,350.409,13.416504705580191
T,CLUSTER_306,rape_str,2327.0,13.416504705580191
T,CLUSTER_306,legume_str,1097.0,13.416504705580191
T,CLUSTER_311,cattle_man,22700.0,34.94283994290471
T,CLUSTER_311,maize_str,38.61,34.94283994290471
T,CLUSTER_311,rape_str,316.0,34.94283994290471
T,CLUSTER_311,legume_str,30.47,34.94283994290471
T,CLUSTER_316,rape_str,1137.0,49.57345215908864
T,CLUSTER_316,legume_str,235.5,49.57345215908864
T,CLUSTER_321,cattle_man,2184.0,21.83597871830106
T,CLUSTER_321,maize_str,1399.0,21.83597871830106
T,CLUSTER_321,beet_leaf,6030.0,21.83597871830106
T,CLUSTER_321,rape_str,1433.0,21.83597871830106
T,CLUSTER_321,legume_str,474.1,21.83597871830106
T,CLUSTER_328,maize_str,276.0,42.17950251973933
T,CLUSTER_328,rape_str,1819.0,42.17950251973933
T,CLUSTER_328,legume_str,524.0,42.17950251973933
T,CLUSTER_337,cattle_man,13540.0,31.431543325188372
T,CLUSTER_337,horse_man,1000.0599999999998,31.431543325188372
T,CLUSTER_337,maize_str,130.3155,31.431543325188372
T,CLUSTER_337,rape_str,148.0,31.431543325188372
T,CLUSTER_337,legume_str,187.9,31.431543325188372
T,CLUSTER_346,rape_str,14.6,53.87316821501521
T,CLUSTER_349,rape_str,1306.0,53.41505160302204
T,CLUSTER_349,legume_str,257.0,53.41505160302204
T,CLUSTER_368,maize_str,310.2,39.74839533905908
T,CLUSTER_368,rape_str,482.8,39.74839533905908
T,CLUSTER_368,legume_str,152.78,39.74839533905908
T,CLUSTER_379,maize_str,28.1,48.38468241830978
T,CLUSTER_379,rape_str,35.6,48.38468241830978
T,CLUSTER_379,legume_str,33.1,48.38468241830978
T,CLUSTER_382,maize_str,346.7,40.4117543463413
T,CLUSTER_382,rape_str,1028.0,40.4117543463413
T,CLUSTER_382,legume_str,385.1,40.4117543463413
T,CLUSTER_383,cattle_man,4512.0,19.13226336451238
T,CLUSTER_383,maize_str,862.0,19.13226336451238
T,CLUSTER_383,beet_leaf,1845.0,19.13226336451238
T,CLUSTER_383,rape_str,355.5,19.13226336451238
T,CLUSTER_383,legume_str,135.1,19.13226336451238
T,CLUSTER_386,cattle_man,420.0,8.199486426616298
T,CLUSTER_386,cattle_slu,15.9,8.199486426616298
T,CLUSTER_386,clover_alfalfa_grass,2425.0,8.199486426616298
T,CLUSTER_386,maize_str,1350.5,8.199486426616298
T,CLUSTER_386,rape_str,588.0,8.199486426616298
T,CLUSTER_386,legume_str,404.9,8.199486426616298
T,CLUSTER_390,cattle_man,4736.4,17.025283108710976
T,CLUSTER_390,clover_alfalfa_grass,863.0,17.025283108710976
T,CLUSTER_390,maize_str,92.3,17.025283108710976
T,CLUSTER_390,beet_leaf,674.0,17.025283108710976
T,CLUSTER_390,rape_str,957.4,17.025283108710976
T,CLUSTER_390,legume_str,91.61,17.025283108710976
T,CLUSTER_395,maize_str,582.4,36.41411942740841
T,CLUSTER_395,rape_str,1105.0,36.41411942740841
T,CLUSTER_395,legume_str,73.81,36.41411942740841
T,CLUSTER_413,cattle_man,8790.0,28.36661771189844
T,CLUSTER_413,maize_str,14.1,28.36661771189844
T,CLUSTER_413,rape_str,1054.0,28.36661771189844
T,CLUSTER_413,legume_str,164.1,28.36661771189844
T,CLUSTER_414,cattle_man,13020.0,22.586955928041316
T,CLUSTER_414,rape_str,522.6,22.586955928041316
T,CLUSTER_414,legume_str,213.38,22.586955928041316
T,CLUSTER_42,maize_str,1879.0,39.27978506884111
T,CLUSTER_42,rape_str,813.0,39.27978506884111
T,CLUSTER_42,legume_str,175.21,39.27978506884111
T,CLUSTER_421,maize_str,277.1,47.58463865513844
T,CLUSTER_421,rape_str,740.8,47.58463865513844
T,CLUSTER_421,legume_str,191.0,47.58463865513844
T,CLUSTER_425,maize_str,64.34,43.97980964872512
T,CLUSTER_425,rape_str,615.3,43.97980964872512
T,CLUSTER_425,legume_str,35.99,43.97980964872512
T,CLUSTER_429,maize_str,90.5,48.04977618470349
T,CLUSTER_429,rape_str,185.6,48.04977618470349
T,CLUSTER_429,legume_str,61.70000000000001,48.04977618470349
T,CLUSTER_43,maize_str,3920.0,42.11555221124905
T,CLUSTER_43,rape_str,981.0000000000001,42.11555221124905
T,CLUSTER_43,legume_str,631.3,42.11555221124905
T,CLUSTER_436,maize_str,2198.0,45.17385155497466
T,CLUSTER_436,rape_str,941.0,45.17385155497466
T,CLUSTER_436,legume_str,253.39999999999998,45.17385155497466
T,CLUSTER_445,cattle_man,831.9,27.54572744385809
T,CLUSTER_445,maize_str,620.6,27.54572744385809
T,CLUSTER_445,rape_str,1059.0,27.54572744385809
T,CLUSTER_445,legume_str,171.5,27.54572744385809
T,CLUSTER_461,cattle_man,3302.0,15.257806725538094
T,CLUSTER_461,horse_man,1385.0,15.257806725538094
T,CLUSTER_461,clover_alfalfa_grass,4690.0,15.257806725538094
T,CLUSTER_461,rape_str,342.2,15.257806725538094
T,CLUSTER_461,legume_str,79.77,15.257806725538094
T,CLUSTER_465,maize_str,1243.0,35.89130411778756
T,CLUSTER_465,rape_str,2360.0,35.89130411778756
T,CLUSTER_465,legume_str,750.0,35.89130411778756
T,CLUSTER_470,cattle_man,25970.0,25.432026493513007
T,CLUSTER_470,maize_str,164.6,25.432026493513007
T,CLUSTER_470,rape_str,89.8,25.432026493513007
T,CLUSTER_470,legume_str,43.7,25.432026493513007
T,CLUSTER_475,rape_str,859.6,48.470016853619285
T,CLUSTER_475,legume_str,261.4,48.470016853619285
T,CLUSTER_476,rape_str,21.8,52.70851593001581
T,CLUSTER_476,legume_str,20.15,52.70851593001581
T,CLUSTER_478,maize_str,1389.0,48.9085593311048
T,CLUSTER_478,rape_str,205.7,48.9085593311048
T,CLUSTER_478,legume_str,86.75,48.9085593311048
T,CLUSTER_486,cattle_man,1158.0,17.269552686505158
T,CLUSTER_486,clover_alfalfa_grass,1803.0,17.269552686505158
T,CLUSTER_486,maize_str,23.9,17.269552686505158
T,CLUSTER_486,beet_leaf,172.0,17.269552686505158
T,CLUSTER_486,rape_str,303.0,17.269552686505158
T,CLUSTER_486,legume_str,57.1,17.269552686505158
T,CLUSTER_487,rape_str,1529.0,50.22086245225128
T,CLUSTER_487,legume_str,702.12,50.22086245225128
T,CLUSTER_488,horse_man,236.9,60.87283918577462
T,CLUSTER_49,horse_man,1710.1,38.30250496613552
T,CLUSTER_49,maize_str,516.3,38.30250496613552
T,CLUSTER_49,rape_str,2778.0,38.30250496613552
T,CLUSTER_49,legume_str,470.832,38.30250496613552
T,CLUSTER_518,cattle_man,9270.0,22.13032906532057
T,CLUSTER_518,beet_leaf,23.3,22.13032906532057
T,CLUSTER_518,rape_str,1018.0,22.13032906532057
T,CLUSTER_518,legume_str,172.5,22.13032906532057
T,CLUSTER_52,maize_str,3536.4563318719956,48.98101053460884
T,CLUSTER_52,rape_str,675.0,48.98101053460884
T,CLUSTER_52,legume_str,277.4,48.98101053460884
T,CLUSTER_525,maize_str,16.1,35.51478851445861
T,CLUSTER_525,rape_str,758.0,35.51478851445861
T,CLUSTER_525,legume_str,32.37,35.51478851445861
T,CLUSTER_6,cattle_man,810.17,17.70972322596244
T,CLUSTER_6,horse_man,339.439139,17.70972322596244
T,CLUSTER_6,maize_str,359.49,17.70972322596244
T,CLUSTER_6,beet_leaf,24972.0,17.70972322596244
T,CLUSTER_6,rape_str,644.6,17.70972322596244
T,CLUSTER_6,legume_str,401.8,17.70972322596244
T,CLUSTER_83,cattle_man,8530.0,12.02738965588693
T,CLUSTER_83,horse_man,2092.0,12.02738965588693
T,CLUSTER_83,clover_alfalfa_grass,617.7,12.02738965588693
T,CLUSTER_83,maize_str,573.0,12.02738965588693
T,CLUSTER_83,beet_leaf,205.0,12.02738965588693
T,CLUSTER_83,rape_str,472.0,12.02738965588693
T,CLUSTER_83,legume_str,40.02,12.02738965588693
T,CLUSTER_87,cattle_man,23670.0,26.83730582133036
T,CLUSTER_87,horse_man,362.10543,26.83730582133036
T,CLUSTER_87,maize_str,676.6,26.83730582133036
T,CLUSTER_87,rape_str,922.9,26.83730582133036
T,CLUSTER_87,legume_str,729.0,26.83730582133036
T,CLUSTER_96,maize_str,261.74,37.30757012157675
T,CLUSTER_96,rape_str,553.6,37.30757012157675
T,CLUSTER_96,legume_str,216.1,37.30757012157675
G,CLUSTER_1,cattle_man,7654.55,14.298948848296144
G,CLUSTER_1,clover_alfalfa_grass,7508.0,14.298948848296144
G,CLUSTER_1,maize_str,371.5,14.298948848296144
G,CLUSTER_1,beet_leaf,1232.41,14.298948848296144
G,CLUSTER_1,rape_str,1763.0,14.298948848296144
G,CLUSTER_1,legume_str,279.7,14.298948848296144
G,CLUSTER_10,maize_str,92.1,47.21932968352164
G,CLUSTER_10,rape_str,247.74999999999997,47.21932968352164
G,CLUSTER_10,legume_str,66.8,47.21932968352164
G,CLUSTER_110,cattle_man,22036.0,21.85853472275392
G,CLUSTER_110,rape_str,218.1,21.85853472275392
G,CLUSTER_110,legume_str,32.8,21.85853472275392
G,CLUSTER_116,maize_str,1567.905921326676,48.71411292815716
G,CLUSTER_116,rape_str,1331.7,48.71411292815716
G,CLUSTER_116,legume_str,256.53,48.71411292815716
G,CLUSTER_136,horse_man,3775.0,55.2690950866211
G,CLUSTER_138,maize_str,2746.0,37.52093834651967
G,CLUSTER_138,rape_str,1121.4,37.52093834651967
G,CLUSTER_138,legume_str,467.8,37.52093834651967
G,CLUSTER_140,horse_man,867.0,43.844942248928064
G,CLUSTER_140,maize_str,426.4,43.844942248928064
G,CLUSTER_140,rape_str,2088.0,43.844942248928064
G,CLUSTER_140,legume_str,312.5,43.844942248928064
G,CLUSTER_150,cattle_man,18940.0,7.38457060762129
G,CLUSTER_150,cattle_slu,87300.0,7.38457060762129
G,CLUSTER_150,clover_alfalfa_grass,4401.0,7.38457060762129
G,CLUSTER_150,maize_str,307.3,7.38457060762129
G,CLUSTER_150,rape_str,158.8,7.38457060762129
G,CLUSTER_150,legume_str,116.5,7.38457060762129
G,CLUSTER_169,cattle_man,8425.7,9.78046389355322
G,CLUSTER_169,cattle_slu,42497.0,9.78046389355322
G,CLUSTER_169,clover_alfalfa_grass,1108.2,9.78046389355322
G,CLUSTER_169,maize_str,446.0,9.78046389355322
G,CLUSTER_169,beet_leaf,697.2,9.78046389355322
G,CLUSTER_169,rape_str,268.41,9.78046389355322
G,CLUSTER_169,legume_str,59.436,9.78046389355322
G,CLUSTER_181,cattle_man,10934.199,32.470523645219416
G,CLUSTER_181,maize_str,737.8,32.470523645219416
G,CLUSTER_181,rape_str,425.5,32.470523645219416
G,CLUSTER_181,legume_str,393.5,32.470523645219416
G,CLUSTER_19,horse_man,1890.0,43.81888830582489
G,CLUSTER_19,rape_str,1053.0,43.81888830582489
G,CLUSTER_19,legume_str,163.01,43.81888830582489
G,CLUSTER_192,cattle_man,3130.0,18.291234476060023
G,CLUSTER_194,maize_str,238.4,41.39761904178066
G,CLUSTER_194,rape_str,1397.0,41.39761904178066
G,CLUSTER_194,legume_str,213.55,41.39761904178066
G,CLUSTER_204,legume_str,23.92,39.8261128207519
G,CLUSTER_209,maize_str,82.59,39.0245403862555
G,CLUSTER_209,rape_str,261.2,39.0245403862555
G,CLUSTER_209,legume_str,188.51,39.0245403862555
G,CLUSTER_227,cattle_man,7020.0,11.55206376990776
G,CLUSTER_227,clover_alfalfa_grass,6360.0,11.55206376990776
G,CLUSTER_227,beet_leaf,29.8,11.55206376990776
G,CLUSTER_227,rape_str,1209.0,11.55206376990776
G,CLUSTER_227,legume_str,212.3,11.55206376990776
G,CLUSTER_229,horse_man,466.3,48.98084131732677
G,CLUSTER_229,rape_str,30.7,48.98084131732677
G,CLUSTER_229,legume_str,169.7,48.98084131732677
G,CLUSTER_237,horse_man,478.63,59.54636091641758
G,CLUSTER_239,rape_str,1717.0,53.24103981631609
G,CLUSTER_239,legume_str,357.8,53.24103981631609
G,CLUSTER_247,maize_str,161.1,46.64170890654958
G,CLUSTER_247,rape_str,3410.0,46.64170890654958
G,CLUSTER_247,legume_str,474.1,46.64170890654958
G,CLUSTER_249,rape_str,1051.2,54.24447599290845
G,CLUSTER_249,legume_str,275.8,54.24447599290845
G,CLUSTER_251,maize_str,70.9,37.82783025860723
G,CLUSTER_251,rape_str,2183.0,37.82783025860723
G,CLUSTER_251,legume_str,633.1999999999999,37.82783025860723
G,CLUSTER_261,cattle_man,10670.0,10.140914247744956
G,CLUSTER_261,cattle_slu,38770.0,10.140914247744956
G,CLUSTER_261,clover_alfalfa_grass,7268.0,10.140914247744956
G,CLUSTER_261,maize_str,132.71,10.140914247744956
G,CLUSTER_261,beet_leaf,64.58,10.140914247744956
G,CLUSTER_261,rape_str,885.0,10.140914247744956
G,CLUSTER_261,legume_str,260.0,10.140914247744956
G,CLUSTER_270,horse_man,2875.0,58.6273227167815
G,CLUSTER_274,maize_str,4828.0,38.87707646812339
G,CLUSTER_274,rape_str,401.4,38.87707646812339
G,CLUSTER_274,legume_str,393.2,38.87707646812339
G,CLUSTER_277,maize_str,52.900000000000006,40.44183006727179
G,CLUSTER_277,rape_str,2519.0,40.44183006727179
G,CLUSTER_277,legume_str,748.8,40.44183006727179
G,CLUSTER_290,cattle_man,4269.0,30.375321403487963
G,CLUSTER_290,horse_man,887.0,30.375321403487963
G,CLUSTER_290,maize_str,388.7,30.375321403487963
G,CLUSTER_290,rape_str,1121.03,30.375321403487963
G,CLUSTER_290,legume_str,233.8,30.375321403487963
G,CLUSTER_293,horse_man,504.0,36.88341173971734
G,CLUSTER_293,maize_str,181.2,36.88341173971734
G,CLUSTER_293,rape_str,1991.0000000000002,36.88341173971734
G,CLUSTER_293,legume_str,195.85,36.88341173971734
G,CLUSTER_295,cattle_man,1036.53,34.04155034373795
G,CLUSTER_295,maize_str,1481.0,34.04155034373795
G,CLUSTER_295,rape_str,310.5,34.04155034373795
G,CLUSTER_295,legume_str,228.28,34.04155034373795
G,CLUSTER_307,cattle_man,3600.0,24.904606638610456
G,CLUSTER_307,rape_str,648.6,24.904606638610456
G,CLUSTER_307,legume_str,128.0,24.904606638610456
G,CLUSTER_308,cattle_man,2235.0,31.5097262571599
G,CLUSTER_309,rape_str,199.0,51.732485225482826
G,CLUSTER_309,legume_str,115.88,51.732485225482826
G,CLUSTER_312,horse_man,1544.0,54.76281975868752
G,CLUSTER_314,rape_str,258.9,43.337514627527646
G,CLUSTER_314,legume_str,103.5,43.337514627527646
G,CLUSTER_318,horse_man,569.4,49.06679744886923
G,CLUSTER_318,rape_str,518.0,49.06679744886923
G,CLUSTER_318,legume_str,57.2,49.06679744886923
G,CLUSTER_319,rape_str,429.0,52.805088329776375
G,CLUSTER_319,legume_str,497.00000000000006,52.805088329776375
G,CLUSTER_322,maize_str,206.2,32.6122209537026
G,CLUSTER_322,rape_str,704.3,32.6122209537026
G,CLUSTER_322,legume_str,115.8,32.6122209537026
G,CLUSTER_323,rape_str,313.3,49.2375151499716
G,CLUSTER_323,legume_str,62.45,49.2375151499716
G,CLUSTER_325,maize_str,2223.0,34.7531361598577
G,CLUSTER_325,rape_str,1476.0,34.7531361598577
G,CLUSTER_325,legume_str,43.68,34.7531361598577
G,CLUSTER_329,cattle_man,13430.0,23.607495319194825
G,CLUSTER_335,horse_man,3071.0,40.37193457626309
G,CLUSTER_335,maize_str,16.3,40.37193457626309
G,CLUSTER_335,rape_str,517.7,40.37193457626309
G,CLUSTER_335,legume_str,75.2,40.37193457626309
G,CLUSTER_338,maize_str,2637.0,45.25772005699164
G,CLUSTER_34,maize_str,4809.0,46.03751888948253
G,CLUSTER_34,rape_str,1322.6,46.03751888948253
G,CLUSTER_34,legume_str,428.6,46.03751888948253
G,CLUSTER_340,rape_str,944.0,51.88091867391347
G,CLUSTER_340,legume_str,294.533,51.88091867391347
G,CLUSTER_341,horse_man,2031.7999999999997,50.21539866312116
G,CLUSTER_341,rape_str,497.09999999999997,50.21539866312116
G,CLUSTER_341,legume_str,177.98,50.21539866312116
G,CLUSTER_36,maize_str,381.1,30.647316980499017
G,CLUSTER_36,rape_str,1517.0,30.647316980499017
G,CLUSTER_36,legume_str,273.0,30.647316980499017
G,CLUSTER_364,cattle_man,2098.4,25.50340496780543
G,CLUSTER_364,maize_str,34.79,25.50340496780543
G,CLUSTER_364,rape_str,184.8,25.50340496780543
G,CLUSTER_364,legume_str,64.12,25.50340496780543
G,CLUSTER_367,rape_str,1095.0,52.51714651121811
G,CLUSTER_367,legume_str,263.8,52.51714651121811
G,CLUSTER_376,horse_man,494.96000000000004,55.967306171958185
G,CLUSTER_376,legume_str,508.0,55.967306171958185
G,CLUSTER_389,rape_str,826.81,49.418328164917625
G,CLUSTER_389,legume_str,294.0,49.418328164917625
G,CLUSTER_392,cattle_man,5800.0,15.39072623284786
G,CLUSTER_392,clover_alfalfa_grass,18270.0,15.39072623284786
G,CLUSTER_392,rape_str,1560.0,15.39072623284786
G,CLUSTER_392,legume_str,315.9,15.39072623284786
G,CLUSTER_396,cattle_man,5375.0,23.844830901401536
G,CLUSTER_396,maize_str,639.3,23.844830901401536
G,CLUSTER_396,rape_str,968.0,23.844830901401536
G,CLUSTER_396,legume_str,280.9,23.844830901401536
G,CLUSTER_398,maize_str,2774.0,38.77721312749894
G,CLUSTER_398,rape_str,535.6,38.77721312749894
G,CLUSTER_398,legume_str,250.69999999999996,38.77721312749894
G,CLUSTER_399,horse_man,218.1,35.755831910043405
G,CLUSTER_399,maize_str,1120.2,35.755831910043405
G,CLUSTER_399,rape_str,723.2,35.755831910043405
G,CLUSTER_399,legume_str,297.37,35.755831910043405
G,CLUSTER_400,maize_str,7990.000000000001,27.93660872393437
G,CLUSTER_400,rape_str,1315.0,27.93660872393437
G,CLUSTER_400,legume_str,558.0,27.93660872393437
G,CLUSTER_403,cattle_man,9000.0,29.32710877119201
G,CLUSTER_403,maize_str,3050.0,29.32710877119201
G,CLUSTER_403,rape_str,1011.0,29.32710877119201
G,CLUSTER_403,legume_str,587.0,29.32710877119201
G,CLUSTER_41,maize_str,85.41,20.51764635532301
G,CLUSTER_41,rape_str,100.22,20.51764635532301
G,CLUSTER_41,legume_str,35.1,20.51764635532301
G,CLUSTER_418,maize_str,247.58,37.17788949550273
G,CLUSTER_418,rape_str,1244.0,37.17788949550273
G,CLUSTER_431,maize_str,4683.0,25.507974713532604
G,CLUSTER_431,rape_str,203.4,25.507974713532604
G,CLUSTER_431,legume_str,310.4,25.507974713532604
G,CLUSTER_440,horse_man,2708.0,60.28860032914685
G,CLUSTER_459,legume_str,28.68,56.63320818408174
G,CLUSTER_466,cattle_man,13690.0,16.708721747403004
G,CLUSTER_466,clover_alfalfa_grass,2109.0,16.708721747403004
G,CLUSTER_466,maize_str,3586.0,16.708721747403004
G,CLUSTER_466,beet_leaf,488.99999999999994,16.708721747403004
G,CLUSTER_466,rape_str,1039.0,16.708721747403004
G,CLUSTER_466,legume_str,253.7,16.708721747403004
G,CLUSTER_469,rape_str,1099.0,54.44962689337332
G,CLUSTER_469,legume_str,204.7,54.44962689337332
G,CLUSTER_477,cattle_man,6130.0,17.451542850491144
G,CLUSTER_477,maize_str,141.3,17.451542850491144
G,CLUSTER_477,rape_str,247.70000000000002,17.451542850491144
G,CLUSTER_477,legume_str,101.5,17.451542850491144
G,CLUSTER_502,maize_str,12.1,39.06162110193894
G,CLUSTER_502,rape_str,37.2,39.06162110193894
G,CLUSTER_505,cattle_man,10770.0,30.983193482272963
G,CLUSTER_505,horse_man,942.0,30.983193482272963
G,CLUSTER_505,maize_str,18.72,30.983193482272963
G,CLUSTER_505,rape_str,1195.0,30.983193482272963
G,CLUSTER_505,legume_str,212.3,30.983193482272963
G,CLUSTER_509,rape_str,51.9,52.64260145901616
G,CLUSTER_509,legume_str,25.2,52.64260145901616
G,CLUSTER_515,maize_str,787.1,41.93256092331312
G,CLUSTER_515,rape_str,366.0,41.93256092331312
G,CLUSTER_515,legume_str,82.35000000000001,41.93256092331312
G,CLUSTER_521,cattle_man,12160.0,24.054592978156656
G,CLUSTER_522,rape_str,722.0,48.88787777161384
G,CLUSTER_522,legume_str,144.6,48.88787777161384
G,CLUSTER_523,maize_str,795.0,39.47592946511237
G,CLUSTER_523,rape_str,139.1,39.47592946511237
G,CLUSTER_523,legume_str,49.6,39.47592946511237
G,CLUSTER_537,maize_str,8082.000000000001,31.60423805013479
G,CLUSTER_537,rape_str,567.4,31.60423805013479
G,CLUSTER_537,legume_str,243.7,31.60423805013479
G,CLUSTER_544,maize_str,1670.0,24.114580804831284
G,CLUSTER_544,rape_str,531.0,24.114580804831284
G,CLUSTER_544,legume_str,101.3,24.114580804831284
G,CLUSTER_545,maize_str,2700.0,43.41508102976582
G,CLUSTER_545,rape_str,992.0,43.41508102976582
G,CLUSTER_545,legume_str,184.9,43.41508102976582
G,CLUSTER_61,cattle_man,33290.0,17.001266600244918
G,CLUSTER_61,clover_alfalfa_grass,3202.0,17.001266600244918
G,CLUSTER_61,maize_str,3365.0,17.001266600244918
G,CLUSTER_61,beet_leaf,2272.0,17.001266600244918
G,CLUSTER_61,rape_str,985.9999999999999,17.001266600244918
G,CLUSTER_61,legume_str,504.6,17.001266600244918
G,CLUSTER_75,clover_alfalfa_grass,4346.0,16.431325692289864
G,CLUSTER_75,maize_str,550.06,16.431325692289864
G,CLUSTER_75,beet_leaf,6044.0,16.431325692289864
G,CLUSTER_75,rape_str,1046.1,16.431325692289864
G,CLUSTER_75,legume_str,172.5,16.431325692289864
G,CLUSTER_76,cattle_man,2539.0,32.34969856217856
G,CLUSTER_76,maize_str,96.25,32.34969856217856
G,CLUSTER_76,rape_str,35.114,32.34969856217856
G,CLUSTER_76,legume_str,109.68,32.34969856217856
G,CLUSTER_86,horse_man,1875.0,50.56679133775605
G,CLUSTER_91,rape_str,434.47,52.29417043379012
G,CLUSTER_91,legume_str,391.1,52.29417043379012
G,CLUSTER_95,cattle_man,4536.0,5.0514673058831
G,CLUSTER_95,cattle_slu,825.8,5.0514673058831
G,CLUSTER_95,clover_alfalfa_grass,6962.0,5.0514673058831
G,CLUSTER_95,maize_str,231.9,5.0514673058831
G,CLUSTER_95,beet_leaf,4022.9999999999995,5.0514673058831
G,CLUSTER_95,rape_str,4774.0,5.0514673058831
G,CLUSTER_95,legume_str,380.1,5.0514673058831
L,CLUSTER_103,cattle_man,2660.0,35.15242163863284
L,CLUSTER_103,maize_str,65.200176,35.15242163863284
L,CLUSTER_103,rape_str,208.4,35.15242163863284
L,CLUSTER_103,legume_str,84.58999999999999,35.15242163863284
L,CLUSTER_113,cattle_man,1617.0,17.429012542290995
L,CLUSTER_113,cattle_slu,11400.0,17.429012542290995
L,CLUSTER_113,horse_man,513.4,17.429012542290995
L,CLUSTER_113,rape_str,57.67,17.429012542290995
L,CLUSTER_113,legume_str,53.1,17.429012542290995
L,CLUSTER_121,cattle_man,11370.0,36.50457682806736
L,CLUSTER_124,cattle_man,20030.0,29.631658731563363
L,CLUSTER_124,horse_man,2749.0,29.631658731563363
L,CLUSTER_124,maize_str,473.2,29.631658731563363
L,CLUSTER_124,legume_str,92.4,29.631658731563363
L,CLUSTER_127,cattle_man,15806.0,20.02503697674717
L,CLUSTER_127,cattle_slu,88570.0,20.02503697674717
L,CLUSTER_127,maize_str,111.55,20.02503697674717
L,CLUSTER_127,rape_str,575.6,20.02503697674717
L,CLUSTER_127,legume_str,193.6,20.02503697674717
L,CLUSTER_133,cattle_man,1800.0,39.808511499899744
L,CLUSTER_133,horse_man,538.3,39.808511499899744
L,CLUSTER_133,rape_str,74.2,39.808511499899744
L,CLUSTER_14,cattle_man,9659.0,45.2488635888114
L,CLUSTER_14,rape_str,1443.9,45.2488635888114
L,CLUSTER_14,legume_str,20.98,45.2488635888114
L,CLUSTER_152,cattle_man,3361.0,16.62363041642098
L,CLUSTER_152,cattle_slu,14125.0,16.62363041642098
L,CLUSTER_152,maize_str,2300.0,16.62363041642098
L,CLUSTER_152,beet_leaf,7131.0,16.62363041642098
L,CLUSTER_152,rape_str,1311.0,16.62363041642098
L,CLUSTER_152,legume_str,331.6,16.62363041642098
L,CLUSTER_153,cattle_man,5103.062,57.64428502774917
L,CLUSTER_162,cattle_man,4108.423,23.322000783386034
L,CLUSTER_162,horse_man,3375.9,23.322000783386034
L,CLUSTER_162,maize_str,4165.0,23.322000783386034
L,CLUSTER_162,rape_str,2424.0,23.322000783386034
L,CLUSTER_162,legume_str,744.7,23.322000783386034
L,CLUSTER_173,cattle_man,7846.000000000001,55.701681356246624
L,CLUSTER_195,horse_man,1276.5,90.42189300534103
L,CLUSTER_196,cattle_man,17380.0,34.68138939805972
L,CLUSTER_196,horse_man,1807.0,34.68138939805972
L,CLUSTER_198,cattle_man,19100.0,58.79689434670168
L,CLUSTER_21,cattle_man,11680.0,39.83522826606901
L,CLUSTER_21,horse_man,1242.7,39.83522826606901
L,CLUSTER_21,rape_str,567.3,39.83522826606901
L,CLUSTER_21,legume_str,141.0,39.83522826606901
L,CLUSTER_216,cattle_man,6405.0,44.98812184220559
L,CLUSTER_216,rape_str,604.0,44.98812184220559
L,CLUSTER_216,legume_str,149.51999999999998,44.98812184220559
L,CLUSTER_217,cattle_man,3099.0,45.08136913311896
L,CLUSTER_217,horse_man,1360.0,45.08136913311896
L,CLUSTER_217,rape_str,2680.0,45.08136913311896
L,CLUSTER_217,legume_str,337.9,45.08136913311896
L,CLUSTER_220,cattle_man,1849.0,27.40015428493689
L,CLUSTER_220,horse_man,806.0,27.40015428493689
L,CLUSTER_220,rape_str,396.0,27.40015428493689
L,CLUSTER_220,legume_str,140.7,27.40015428493689
L,CLUSTER_222,cattle_man,794.6,56.58432729930511
L,CLUSTER_228,cattle_man,10463.0,12.635312542384026
L,CLUSTER_228,cattle_slu,65770.0,12.635312542384026
L,CLUSTER_228,horse_man,1313.4,12.635312542384026
L,CLUSTER_233,cattle_man,5430.0,30.63694036580327
L,CLUSTER_233,maize_str,2980.0,30.63694036580327
L,CLUSTER_233,rape_str,718.0,30.63694036580327
L,CLUSTER_233,legume_str,413.0,30.63694036580327
L,CLUSTER_236,cattle_man,1177.4,50.65507987790184
L,CLUSTER_236,legume_str,601.1,50.65507987790184
L,CLUSTER_255,cattle_man,5100.0,31.78235306521511
L,CLUSTER_255,horse_man,1720.5,31.78235306521511
L,CLUSTER_255,maize_str,91.14,31.78235306521511
L,CLUSTER_255,rape_str,1415.5,31.78235306521511
L,CLUSTER_255,legume_str,246.64000000000001,31.78235306521511
L,CLUSTER_276,cattle_man,3122.0,7.4308498401185075
L,CLUSTER_276,cattle_slu,20060.0,7.4308498401185075
L,CLUSTER_276,horse_man,1192.0,7.4308498401185075
L,CLUSTER_292,cattle_man,8900.0,46.17525887049923
L,CLUSTER_292,rape_str,1890.0,46.17525887049923
L,CLUSTER_292,legume_str,588.0,46.17525887049923
L,CLUSTER_302,cattle_man,16129.999999999998,46.38582870831368
L,CLUSTER_302,rape_str,140.1,46.38582870831368
L,CLUSTER_302,legume_str,313.8,46.38582870831368
L,CLUSTER_31,legume_str,400.9,50.51734010840314
L,CLUSTER_317,horse_man,217.4,104.57840652379744
L,CLUSTER_319,cattle_man,9700.0,59.90419821163351
L,CLUSTER_320,cattle_man,1036.0,2.9286773211608663
L,CLUSTER_320,cattle_slu,1671.0,2.9286773211608663
L,CLUSTER_320,horse_man,151.8,2.9286773211608663
L,CLUSTER_320,pig_slu,361.0,2.9286773211608663
L,CLUSTER_320,clover_alfalfa_grass,1436.3,2.9286773211608663
L,CLUSTER_320,maize_str,24.130000000000003,2.9286773211608663
L,CLUSTER_320,beet_leaf,2141.0,2.9286773211608663
L,CLUSTER_320,rape_str,1162.3,2.9286773211608663
L,CLUSTER_320,legume_str,113.12,2.9286773211608663
L,CLUSTER_330,cattle_man,21960.0,32.535950859619774
L,CLUSTER_330,horse_man,1269.6,32.535950859619774
L,CLUSTER_330,maize_str,3233.0,32.535950859619774
L,CLUSTER_330,rape_str,2235.0,32.535950859619774
L,CLUSTER_330,legume_str,753.8,32.535950859619774
L,CLUSTER_342,cattle_man,4948.0,12.198231690058211
L,CLUSTER_342,cattle_slu,14750.0,12.198231690058211
L,CLUSTER_342,horse_man,2247.0,12.198231690058211
L,CLUSTER_342,maize_str,1338.0,12.198231690058211
L,CLUSTER_342,beet_leaf,1757.0,12.198231690058211
L,CLUSTER_342,rape_str,755.7,12.198231690058211
L,CLUSTER_342,legume_str,689.9,12.198231690058211
L,CLUSTER_359,cattle_man,4205.0,33.95447252216271
L,CLUSTER_359,maize_str,36.5,33.95447252216271
L,CLUSTER_359,rape_str,388.5,33.95447252216271
L,CLUSTER_359,legume_str,17.74,33.95447252216271
L,CLUSTER_363,cattle_man,13430.0,30.93694510552987
L,CLUSTER_363,maize_str,459.0,30.93694510552987
L,CLUSTER_363,legume_str,43.2,30.93694510552987
L,CLUSTER_38,cattle_man,6536.0,53.26701959309137
L,CLUSTER_402,cattle_man,1505.0,44.26381420282107
L,CLUSTER_402,horse_man,859.0,44.26381420282107
L,CLUSTER_402,rape_str,21.1,44.26381420282107
L,CLUSTER_402,legume_str,299.0,44.26381420282107
L,CLUSTER_406,cattle_man,16790.0,5.963805064702959
L,CLUSTER_406,cattle_slu,94100.0,5.963805064702959
L,CLUSTER_406,horse_man,1539.0,5.963805064702959
L,CLUSTER_406,pig_slu,526.3919,5.963805064702959
L,CLUSTER_406,maize_str,29.7,5.963805064702959
L,CLUSTER_406,beet_leaf,27.2,5.963805064702959
L,CLUSTER_411,cattle_man,18310.0,36.53510461240239
L,CLUSTER_411,horse_man,1163.4,36.53510461240239
L,CLUSTER_411,maize_str,443.52,36.53510461240239
L,CLUSTER_411,rape_str,409.6,36.53510461240239
L,CLUSTER_411,legume_str,302.2,36.53510461240239
L,CLUSTER_45,cattle_man,15750.0,25.949347544670623
L,CLUSTER_45,maize_str,13.21,25.949347544670623
L,CLUSTER_45,rape_str,1301.0,25.949347544670623
L,CLUSTER_45,legume_str,252.20000000000002,25.949347544670623
L,CLUSTER_456,cattle_man,18.534,24.253489326128832
L,CLUSTER_456,maize_str,2995.0,24.253489326128832
L,CLUSTER_456,rape_str,206.8,24.253489326128832
L,CLUSTER_456,legume_str,113.6,24.253489326128832
L,CLUSTER_459,cattle_man,3719.2,62.09142221111697
L,CLUSTER_492,cattle_man,6610.0,35.94101989122627
L,CLUSTER_493,cattle_man,9040.0,63.18787250104795
L,CLUSTER_493,horse_man,951.2,63.18787250104795
L,CLUSTER_495,cattle_man,7770.0,26.318593801801395
L,CLUSTER_495,maize_str,798.8,26.318593801801395
L,CLUSTER_495,rape_str,574.7,26.318593801801395
L,CLUSTER_495,legume_str,495.0,26.318593801801395
L,CLUSTER_503,cattle_man,1023.7099999999999,45.0435692598788
L,CLUSTER_503,rape_str,1574.0,45.0435692598788
L,CLUSTER_503,legume_str,401.2,45.0435692598788
L,CLUSTER_520,cattle_man,3690.0,36.07286090337468
L,CLUSTER_528,cattle_man,7939.999999999999,30.31939357351921
L,CLUSTER_532,cattle_man,3510.0508,24.504414215241248
L,CLUSTER_532,horse_man,177.7,24.504414215241248
L,CLUSTER_532,maize_str,67.89999999999999,24.504414215241248
L,CLUSTER_532,rape_str,590.2,24.504414215241248
L,CLUSTER_532,legume_str,85.86,24.504414215241248
L,CLUSTER_540,cattle_man,2510.0,36.12161843763475
L,CLUSTER_540,horse_man,1390.0,36.12161843763475
L,CLUSTER_547,cattle_man,10790.0,14.305096036433548
L,CLUSTER_547,cattle_slu,62400.0,14.305096036433548
L,CLUSTER_547,horse_man,1621.0,14.305096036433548
L,CLUSTER_549,cattle_man,6580.0,8.375072332271934
L,CLUSTER_549,cattle_slu,38900.0,8.375072332271934
L,CLUSTER_549,horse_man,1622.0,8.375072332271934
L,CLUSTER_549,maize_str,115.4,8.375072332271934
L,CLUSTER_549,rape_str,76.9,8.375072332271934
L,CLUSTER_549,legume_str,16.9,8.375072332271934
L,CLUSTER_55,cattle_man,3272.0,37.31360862711858
L,CLUSTER_55,maize_str,329.6,37.31360862711858
L,CLUSTER_55,rape_str,291.6,37.31360862711858
L,CLUSTER_55,legume_str,299.8,37.31360862711858
L,CLUSTER_64,cattle_man,35510.0,52.16217796424526
L,CLUSTER_64,legume_str,944.8,52.16217796424526
L,CLUSTER_69,cattle_man,40940.0,10.534848124158788
L,CLUSTER_69,cattle_slu,159380.0,10.534848124158788
L,CLUSTER_69,maize_str,4142.0,10.534848124158788
L,CLUSTER_69,beet_leaf,225.0,10.534848124158788
L,CLUSTER_69,rape_str,964.5,10.534848124158788
L,CLUSTER_69,legume_str,517.8,10.534848124158788
L,CLUSTER_7,cattle_man,6818.0,53.90454927466139
L,CLUSTER_78,horse_man,873.4,96.7410658842514
L,CLUSTER_85,horse_man,2141.0,103.15601729162184
L,CLUSTER_89,cattle_man,6220.0,51.45985555007724
L,CLUSTER_89,legume_str,351.6,51.45985555007724
L,CLUSTER_94,cattle_man,10320.0,23.95502234258708
L,CLUSTER_94,horse_man,907.3,23.95502234258708
S,CLUSTER_119,clover_alfalfa_grass,2730.0,17.17017495850354
S,CLUSTER_119,beet_leaf,644.0,17.17017495850354
S,CLUSTER_119,rape_str,1302.0,17.17017495850354
S,CLUSTER_119,legume_str,143.3,17.17017495850354
S,CLUSTER_131,legume_str,1003.9999999999999,58.16824522424448
S,CLUSTER_139,rape_str,1083.5,54.02343488708179
S,CLUSTER_139,legume_str,570.9,54.02343488708179
S,CLUSTER_141,maize_str,54.6,37.31887440876957
S,CLUSTER_141,rape_str,1518.4,37.31887440876957
S,CLUSTER_141,legume_str,364.1,37.31887440876957
S,CLUSTER_143,cattle_man,20920.0,35.31770810455318
S,CLUSTER_143,maize_str,405.5,35.31770810455318
S,CLUSTER_143,rape_str,89.7,35.31770810455318
S,CLUSTER_143,legume_str,47.158,35.31770810455318
S,CLUSTER_157,legume_str,10.8,55.47503237392402
S,CLUSTER_158,rape_str,44.4,25.2494232690345
S,CLUSTER_158,legume_str,41.66,25.2494232690345
S,CLUSTER_159,maize_str,8671.847234084387,51.156333920255065
S,CLUSTER_159,rape_str,771.0,51.156333920255065
S,CLUSTER_159,legume_str,421.3,51.156333920255065
S,CLUSTER_167,cattle_man,16680.0,18.61894601888658
S,CLUSTER_167,clover_alfalfa_grass,3581.0284,18.61894601888658
S,CLUSTER_167,maize_str,255.30000000000004,18.61894601888658
S,CLUSTER_167,rape_str,2138.0,18.61894601888658
S,CLUSTER_167,legume_str,378.19,18.61894601888658
S,CLUSTER_171,maize_str,987.0,46.14947920224996
S,CLUSTER_171,rape_str,1563.0,46.14947920224996
S,CLUSTER_171,legume_str,188.6,46.14947920224996
S,CLUSTER_177,cattle_man,5132.0,24.065101706381963
S,CLUSTER_177,maize_str,263.9,24.065101706381963
S,CLUSTER_177,rape_str,3337.0,24.065101706381963
S,CLUSTER_177,legume_str,144.7,24.065101706381963
S,CLUSTER_187,maize_str,1046.0,42.28309937148052
S,CLUSTER_187,rape_str,1186.6,42.28309937148052
S,CLUSTER_187,legume_str,419.6,42.28309937148052
S,CLUSTER_189,cattle_man,4488.98,29.802664461553352
S,CLUSTER_190,maize_str,183.5,41.41669439007382
S,CLUSTER_190,rape_str,642.0,41.41669439007382
S,CLUSTER_190,legume_str,186.5,41.41669439007382
S,CLUSTER_199,cattle_man,3629.0,13.032735755553947
S,CLUSTER_199,clover_alfalfa_grass,18000.0,13.032735755553947
S,CLUSTER_199,maize_str,12.3167,13.032735755553947
S,CLUSTER_199,rape_str,2095.0,13.032735755553947
S,CLUSTER_199,legume_str,218.02,13.032735755553947
S,CLUSTER_201,rape_str,52.69,55.46183461872466
S,CLUSTER_201,legume_str,94.3,55.46183461872466
S,CLUSTER_202,cattle_man,16100.0,31.75472519195189
S,CLUSTER_202,maize_str,1620.21,31.75472519195189
S,CLUSTER_202,rape_str,65.6,31.75472519195189
S,CLUSTER_202,legume_str,151.06,31.75472519195189
S,CLUSTER_211,rape_str,526.0,40.09346922796725
S,CLUSTER_211,legume_str,121.2,40.09346922796725
S,CLUSTER_218,cattle_man,42980.0,21.76941908514296
S,CLUSTER_218,maize_str,351.6,21.76941908514296
S,CLUSTER_218,legume_str,38.61,21.76941908514296
S,CLUSTER_225,cattle_man,6770.0,13.153101470264373
S,CLUSTER_225,clover_alfalfa_grass,381.268,13.153101470264373
S,CLUSTER_225,maize_str,8410.0,13.153101470264373
S,CLUSTER_225,beet_leaf,5020.0,13.153101470264373
S,CLUSTER_225,rape_str,1132.3,13.153101470264373
S,CLUSTER_225,legume_str,589.4,13.153101470264373
S,CLUSTER_24,maize_str,610.37,25.562361716009903
S,CLUSTER_24,rape_str,4848.0,25.562361716009903
S,CLUSTER_24,legume_str,769.8,25.562361716009903
S,CLUSTER_242,maize_str,82.1,45.766986528171095
S,CLUSTER_242,rape_str,1229.6,45.766986528171095
S,CLUSTER_242,legume_str,233.5,45.766986528171095
S,CLUSTER_245,rape_str,863.6,36.32394003749008
S,CLUSTER_245,legume_str,148.70000000000002,36.32394003749008
S,CLUSTER_253,maize_str,1508.9,45.70907376934505
S,CLUSTER_253,rape_str,1129.4,45.70907376934505
S,CLUSTER_253,legume_str,352.0,45.70907376934505
S,CLUSTER_257,cattle_man,512.5,32.913393642554055
S,CLUSTER_257,maize_str,4463.0,32.913393642554055
S,CLUSTER_257,rape_str,1210.4,32.913393642554055
S,CLUSTER_257,legume_str,280.6,32.913393642554055
S,CLUSTER_259,cattle_man,11538.0,8.411151033398774
S,CLUSTER_259,cattle_slu,55980.0,8.411151033398774
S,CLUSTER_259,clover_alfalfa_grass,5914.0,8.411151033398774
S,CLUSTER_259,maize_str,51.0,8.411151033398774
S,CLUSTER_259,rape_str,1130.8,8.411151033398774
S,CLUSTER_259,legume_str,90.26,8.411151033398774
S,CLUSTER_263,rape_str,46.57904505934948,53.399838161764826
S,CLUSTER_263,legume_str,774.2,53.399838161764826
S,CLUSTER_281,cattle_man,11914.0,11.922355813767892
S,CLUSTER_283,maize_str,483.1,51.04690818411395
S,CLUSTER_283,rape_str,1599.65,51.04690818411395
S,CLUSTER_283,legume_str,287.6,51.04690818411395
S,CLUSTER_3,cattle_man,7882.999999999999,29.004443764500333
S,CLUSTER_3,maize_str,506.7,29.004443764500333
S,CLUSTER_3,rape_str,310.9,29.004443764500333
S,CLUSTER_3,legume_str,100.2,29.004443764500333
S,CLUSTER_301,rape_str,382.1,52.59946626515114
S,CLUSTER_301,legume_str,364.26,52.59946626515114
S,CLUSTER_313,clover_alfalfa_grass,2004.0000000000002,17.25677291882899
S,CLUSTER_313,maize_str,26.06,17.25677291882899
S,CLUSTER_32,maize_str,10.9,41.04983910966831
S,CLUSTER_32,rape_str,1330.0,41.04983910966831
S,CLUSTER_32,legume_str,282.0,41.04983910966831
S,CLUSTER_343,maize_str,12.732,45.74519357533144
S,CLUSTER_343,rape_str,152.8,45.74519357533144
S,CLUSTER_343,legume_str,77.46000000000001,45.74519357533144
S,CLUSTER_347,maize_str,40.67,48.11533657455503
S,CLUSTER_347,rape_str,703.0,48.11533657455503
S,CLUSTER_347,legume_str,72.69999999999999,48.11533657455503
S,CLUSTER_348,rape_str,718.0,55.637765635840026
S,CLUSTER_348,legume_str,156.9,55.637765635840026
S,CLUSTER_350,clover_alfalfa_grass,10090.0,18.40578655862556
S,CLUSTER_350,maize_str,444.4,18.40578655862556
S,CLUSTER_350,rape_str,241.9,18.40578655862556
S,CLUSTER_350,legume_str,207.8,18.40578655862556
S,CLUSTER_351,maize_str,544.0,42.54153717581091
S,CLUSTER_351,rape_str,1727.0,42.54153717581091
S,CLUSTER_351,legume_str,523.0,42.54153717581091
S,CLUSTER_362,maize_str,11.4,50.478474299067415
S,CLUSTER_362,legume_str,13.96,50.478474299067415
S,CLUSTER_369,rape_str,80.2,29.1617026779586
S,CLUSTER_370,maize_str,133.51,26.637404036575344
S,CLUSTER_370,rape_str,42.4,26.637404036575344
S,CLUSTER_370,legume_str,38.17,26.637404036575344
S,CLUSTER_385,maize_str,270.19,50.31607928735027
S,CLUSTER_385,rape_str,1325.68,50.31607928735027
S,CLUSTER_385,legume_str,299.0,50.31607928735027
S,CLUSTER_4,maize_str,287.90000000000003,38.66944644740727
S,CLUSTER_4,rape_str,2234.4,38.66944644740727
S,CLUSTER_4,legume_str,531.23,38.66944644740727
S,CLUSTER_404,cattle_man,4430.0,18.291034496856568
S,CLUSTER_404,clover_alfalfa_grass,1980.0,18.291034496856568
S,CLUSTER_404,maize_str,137.9,18.291034496856568
S,CLUSTER_404,beet_leaf,1040.6,18.291034496856568
S,CLUSTER_404,rape_str,430.0,18.291034496856568
S,CLUSTER_404,legume_str,89.80000000000001,18.291034496856568
S,CLUSTER_409,maize_str,369.0,38.51357477108916
S,CLUSTER_409,rape_str,1187.0,38.51357477108916
S,CLUSTER_409,legume_str,168.2,38.51357477108916
S,CLUSTER_426,cattle_man,5784.0,26.9887432409158
S,CLUSTER_426,maize_str,506.6000000000001,26.9887432409158
S,CLUSTER_426,rape_str,345.91,26.9887432409158
S,CLUSTER_426,legume_str,76.906,26.9887432409158
S,CLUSTER_451,rape_str,3060.0,54.22601975813191
S,CLUSTER_451,legume_str,293.0,54.22601975813191
S,CLUSTER_458,legume_str,366.0,52.84981979863711
S,CLUSTER_462,cattle_man,3029.0,35.90309307634345
S,CLUSTER_462,maize_str,119.4,35.90309307634345
S,CLUSTER_462,rape_str,192.1,35.90309307634345
S,CLUSTER_462,legume_str,58.4,35.90309307634345
S,CLUSTER_463,cattle_man,3189.0,30.49678710649064
S,CLUSTER_463,maize_str,256.2,30.49678710649064
S,CLUSTER_463,rape_str,181.4,30.49678710649064
S,CLUSTER_463,legume_str,20.57,30.49678710649064
S,CLUSTER_472,maize_str,62.6,42.11903251978168
S,CLUSTER_472,rape_str,336.6,42.11903251978168
S,CLUSTER_472,legume_str,59.1,42.11903251978168
S,CLUSTER_473,cattle_man,11380.0,24.67303963827071
S,CLUSTER_473,maize_str,2065.0,24.67303963827071
S,CLUSTER_473,rape_str,1204.0,24.67303963827071
S,CLUSTER_473,legume_str,346.1,24.67303963827071
S,CLUSTER_48,cattle_man,4164.0,14.467013768089098
S,CLUSTER_48,clover_alfalfa_grass,3547.0,14.467013768089098
S,CLUSTER_48,maize_str,4581.0,14.467013768089098
S,CLUSTER_48,beet_leaf,4005.1000000000004,14.467013768089098
S,CLUSTER_48,rape_str,1712.0,14.467013768089098
S,CLUSTER_48,legume_str,448.03,14.467013768089098
S,CLUSTER_484,rape_str,75.4,52.73687297112866
S,CLUSTER_484,legume_str,72.6,52.73687297112866
S,CLUSTER_485,maize_str,988.0,32.44970270330752
S,CLUSTER_485,rape_str,948.0,32.44970270330752
S,CLUSTER_485,legume_str,229.0,32.44970270330752
S,CLUSTER_488,maize_str,3580.0,49.88427201599468
S,CLUSTER_488,rape_str,315.0,49.88427201599468
S,CLUSTER_488,legume_str,451.0,49.88427201599468
S,CLUSTER_500,cattle_man,5430.0,19.26572280380662
S,CLUSTER_500,maize_str,751.0,19.26572280380662
S,CLUSTER_500,beet_leaf,1212.0,19.26572280380662
S,CLUSTER_500,rape_str,858.0,19.26572280380662
S,CLUSTER_500,legume_str,135.3,19.26572280380662
S,CLUSTER_506,clover_alfalfa_grass,6870.0,9.880608776741235
S,CLUSTER_506,maize_str,146.4,9.880608776741235
S,CLUSTER_506,beet_leaf,5910.0,9.880608776741235
S,CLUSTER_506,rape_str,1143.0,9.880608776741235
S,CLUSTER_506,legume_str,340.0,9.880608776741235
S,CLUSTER_508,cattle_man,21640.0,27.65923664224237
S,CLUSTER_508,rape_str,67.5,27.65923664224237
S,CLUSTER_508,legume_str,52.2,27.65923664224237
S,CLUSTER_513,maize_str,11970.0,24.264255123104448
S,CLUSTER_513,rape_str,985.0,24.264255123104448
S,CLUSTER_513,legume_str,913.0,24.264255123104448
S,CLUSTER_524,maize_str,134.6,26.13394892953525
S,CLUSTER_524,rape_str,55.9,26.13394892953525
S,CLUSTER_524,legume_str,84.033,26.13394892953525
S,CLUSTER_53,cattle_man,6226.92,25.31071960659808
S,CLUSTER_531,cattle_man,750.0,21.69024163850717
S,CLUSTER_531,maize_str,337.7,21.69024163850717
S,CLUSTER_531,beet_leaf,3669.0,21.69024163850717
S,CLUSTER_531,rape_str,167.0,21.69024163850717
S,CLUSTER_531,legume_str,89.3,21.69024163850717
S,CLUSTER_533,cattle_man,693.0,26.45106775511375
S,CLUSTER_533,maize_str,287.11,26.45106775511375
S,CLUSTER_533,rape_str,542.0,26.45106775511375
S,CLUSTER_533,legume_str,42.59,26.45106775511375
S,CLUSTER_539,maize_str,65.900231,38.65230530841698
S,CLUSTER_539,rape_str,737.0,38.65230530841698
S,CLUSTER_539,legume_str,111.4,38.65230530841698
S,CLUSTER_543,maize_str,21.22,38.222273347564965
S,CLUSTER_543,rape_str,46.2,38.222273347564965
S,CLUSTER_543,legume_str,17.48,38.222273347564965
S,CLUSTER_548,maize_str,47.5,45.51101892311202
S,CLUSTER_548,rape_str,123.00000000000001,45.51101892311202
S,CLUSTER_548,legume_str,30.47,45.51101892311202
S,CLUSTER_60,maize_str,135.7,48.10183613149815
S,CLUSTER_60,rape_str,542.5,48.10183613149815
S,CLUSTER_60,legume_str,82.928,48.10183613149815
S,CLUSTER_65,cattle_man,29310.0,19.55582336249186
S,CLUSTER_70,legume_str,758.6,56.67973922078409
S,CLUSTER_71,maize_str,4451.0,44.978655128601886
S,CLUSTER_71,rape_str,2450.0,44.978655128601886
S,CLUSTER_71,legume_str,1174.2,44.978655128601886
S,CLUSTER_77,cattle_man,15680.0,30.75523160809489
S,CLUSTER_77,maize_str,102.6,30.75523160809489
S,CLUSTER_77,rape_str,1929.0,30.75523160809489
S,CLUSTER_77,legume_str,300.0,30.75523160809489
S,CLUSTER_79,clover_alfalfa_grass,7720.0,17.385995009826996
S,CLUSTER_79,maize_str,6400.0,17.385995009826996
S,CLUSTER_79,beet_leaf,2597.0,17.385995009826996
S,CLUSTER_79,rape_str,1076.6,17.385995009826996
S,CLUSTER_79,legume_str,931.4,17.385995009826996
S,CLUSTER_88,legume_str,227.87,56.51023193456693
S,CLUSTER_90,cattle_man,9800.0,35.681150275352515
S,CLUSTER_90,maize_str,12.9,35.681150275352515
K,CLUSTER_111,cattle_man,13173.0,29.67873583075078
K,CLUSTER_111,maize_str,503.2,29.67873583075078
K,CLUSTER_111,rape_str,739.75,29.67873583075078
K,CLUSTER_111,legume_str,253.9,29.67873583075078
K,CLUSTER_123,cattle_man,9000.0,15.581169682183752
K,CLUSTER_123,horse_man,1614.0,15.581169682183752
K,CLUSTER_123,clover_alfalfa_grass,2735.0,15.581169682183752
K,CLUSTER_123,maize_str,965.9,15.581169682183752
K,CLUSTER_123,beet_leaf,1203.0,15.581169682183752
K,CLUSTER_123,rape_str,1051.0,15.581169682183752
K,CLUSTER_123,legume_str,222.8,15.581169682183752
K,CLUSTER_145,maize_str,1224.5,48.49597484069966
K,CLUSTER_145,rape_str,1224.0,48.49597484069966
K,CLUSTER_145,legume_str,263.2,48.49597484069966
K,CLUSTER_148,maize_str,21.2,52.97783984031126
K,CLUSTER_148,rape_str,856.0,52.97783984031126
K,CLUSTER_148,legume_str,71.2,52.97783984031126
K,CLUSTER_15,maize_str,45.96,45.9377984734358
K,CLUSTER_15,rape_str,787.2,45.9377984734358
K,CLUSTER_15,legume_str,224.491,45.9377984734358
K,CLUSTER_200,maize_str,105.4,42.699068555860606
K,CLUSTER_200,rape_str,2260.0,42.699068555860606
K,CLUSTER_200,legume_str,199.5,42.699068555860606
K,CLUSTER_206,cattle_man,21950.0,19.88337110751012
K,CLUSTER_206,horse_man,726.8,19.88337110751012
K,CLUSTER_206,clover_alfalfa_grass,1049.039,19.88337110751012
K,CLUSTER_206,maize_str,277.889,19.88337110751012
K,CLUSTER_206,beet_leaf,491.2,19.88337110751012
K,CLUSTER_206,rape_str,81.58,19.88337110751012
K,CLUSTER_206,legume_str,98.69,19.88337110751012
K,CLUSTER_221,maize_str,70.25,50.32773349482196
K,CLUSTER_221,rape_str,447.85,50.32773349482196
K,CLUSTER_221,legume_str,89.54,50.32773349482196
K,CLUSTER_224,cattle_man,12420.0,28.41371007186513
K,CLUSTER_224,horse_man,1438.0,28.41371007186513
K,CLUSTER_235,maize_str,1195.0,39.30062410859776
K,CLUSTER_235,rape_str,208.9,39.30062410859776
K,CLUSTER_235,legume_str,260.6,39.30062410859776
K,CLUSTER_240,cattle_man,402.04,6.330780513905333
K,CLUSTER_240,cattle_slu,1963.4,6.330780513905333
K,CLUSTER_240,horse_man,172.5,6.330780513905333
K,CLUSTER_240,clover_alfalfa_grass,3638.0,6.330780513905333
K,CLUSTER_240,maize_str,2018.1000000000001,6.330780513905333
K,CLUSTER_240,beet_leaf,25740.0,6.330780513905333
K,CLUSTER_240,rape_str,698.0,6.330780513905333
K,CLUSTER_240,legume_str,511.70000000000016,6.330780513905333
K,CLUSTER_241,cattle_man,10430.0,32.098490817441004
K,CLUSTER_241,maize_str,29.1,32.098490817441004
K,CLUSTER_241,rape_str,46.0,32.098490817441004
K,CLUSTER_241,legume_str,14.47,32.098490817441004
K,CLUSTER_254,cattle_man,8256.0,15.548178224796835
K,CLUSTER_254,horse_man,1711.5,15.548178224796835
K,CLUSTER_254,clover_alfalfa_grass,1722.0,15.548178224796835
K,CLUSTER_260,cattle_man,4728.0,24.3246053777179
K,CLUSTER_260,horse_man,1035.0,24.3246053777179
K,CLUSTER_260,clover_alfalfa_grass,941.6,24.3246053777179
K,CLUSTER_260,maize_str,57.0,24.3246053777179
K,CLUSTER_260,rape_str,97.5,24.3246053777179
K,CLUSTER_260,legume_str,66.4,24.3246053777179
K,CLUSTER_273,horse_man,1064.0,50.48559490947965
K,CLUSTER_273,maize_str,4942.0,50.48559490947965
K,CLUSTER_273,rape_str,116.6,50.48559490947965
K,CLUSTER_273,legume_str,126.2,50.48559490947965
K,CLUSTER_310,cattle_man,9950.0,24.62473312667953
K,CLUSTER_310,horse_man,462.0,24.62473312667953
K,CLUSTER_310,clover_alfalfa_grass,797.2553033830307,24.62473312667953
K,CLUSTER_310,maize_str,164.1,24.62473312667953
K,CLUSTER_310,beet_leaf,300.0,24.62473312667953
K,CLUSTER_310,rape_str,699.0,24.62473312667953
K,CLUSTER_310,legume_str,87.58,24.62473312667953
K,CLUSTER_315,cattle_man,6294.0,25.36131763854156
K,CLUSTER_315,horse_man,1179.8,25.36131763854156
K,CLUSTER_315,maize_str,775.3,25.36131763854156
K,CLUSTER_315,rape_str,1513.0,25.36131763854156
K,CLUSTER_315,legume_str,373.6,25.36131763854156
K,CLUSTER_332,maize_str,50.4,44.49281161739895
K,CLUSTER_332,rape_str,1546.9,44.49281161739895
K,CLUSTER_332,legume_str,553.2,44.49281161739895
K,CLUSTER_349,maize_str,1939.0,46.89132921397741
K,CLUSTER_354,maize_str,3760.8,39.73579914404912
K,CLUSTER_354,rape_str,1672.1,39.73579914404912
K,CLUSTER_354,legume_str,257.3,39.73579914404912
K,CLUSTER_355,cattle_man,3895.0,14.647992152967344
K,CLUSTER_355,horse_man,1202.0,14.647992152967344
K,CLUSTER_355,clover_alfalfa_grass,3876.0,14.647992152967344
K,CLUSTER_355,maize_str,6490.0,14.647992152967344
K,CLUSTER_355,beet_leaf,29970.0,14.647992152967344
K,CLUSTER_355,rape_str,1192.0,14.647992152967344
K,CLUSTER_355,legume_str,1096.0,14.647992152967344
K,CLUSTER_360,cattle_man,8890.0,36.64496391274555
K,CLUSTER_360,horse_man,2360.0,36.64496391274555
K,CLUSTER_377,cattle_man,1881.3,30.161923265141613
K,CLUSTER_377,maize_str,329.2,30.161923265141613
K,CLUSTER_377,rape_str,504.0299999999999,30.161923265141613
K,CLUSTER_377,legume_str,142.95,30.161923265141613
K,CLUSTER_381,cattle_man,4175.2,25.402318365006987
K,CLUSTER_381,horse_man,1692.89,25.402318365006987
K,CLUSTER_381,maize_str,43.94,25.402318365006987
K,CLUSTER_381,rape_str,1369.1,25.402318365006987
K,CLUSTER_381,legume_str,127.29,25.402318365006987
K,CLUSTER_408,cattle_man,7585.8,18.319589481464803
K,CLUSTER_408,horse_man,3122.0,18.319589481464803
K,CLUSTER_408,clover_alfalfa_grass,7489.0,18.319589481464803
K,CLUSTER_408,maize_str,816.0,18.319589481464803
K,CLUSTER_408,beet_leaf,504.49999999999994,18.319589481464803
K,CLUSTER_408,rape_str,1388.0,18.319589481464803
K,CLUSTER_408,legume_str,270.2,18.319589481464803
K,CLUSTER_410,cattle_man,8090.0,23.476644179457857
K,CLUSTER_410,horse_man,808.4,23.476644179457857
K,CLUSTER_410,clover_alfalfa_grass,6962.0,23.476644179457857
K,CLUSTER_410,maize_str,31.67,23.476644179457857
K,CLUSTER_410,beet_leaf,1747.4,23.476644179457857
K,CLUSTER_410,rape_str,2374.0,23.476644179457857
K,CLUSTER_410,legume_str,361.8,23.476644179457857
K,CLUSTER_412,cattle_man,16640.0,30.79022544513857
K,CLUSTER_412,horse_man,2158.0,30.79022544513857
K,CLUSTER_420,maize_str,18.3,48.91125829505483
K,CLUSTER_420,rape_str,472.0,48.91125829505483
K,CLUSTER_420,legume_str,308.5,48.91125829505483
K,CLUSTER_424,legume_str,524.5,61.67214586302048
K,CLUSTER_430,maize_str,59.93000000000001,58.11394582598885
K,CLUSTER_430,rape_str,1226.0,58.11394582598885
K,CLUSTER_430,legume_str,108.18,58.11394582598885
K,CLUSTER_437,cattle_man,8510.0,32.11326606808286
K,CLUSTER_437,horse_man,938.0,32.11326606808286
K,CLUSTER_437,rape_str,308.6,32.11326606808286
K,CLUSTER_437,legume_str,135.0,32.11326606808286
K,CLUSTER_441,cattle_man,3147.0,16.414181000380474
K,CLUSTER_441,horse_man,821.0,16.414181000380474
K,CLUSTER_441,clover_alfalfa_grass,835.129,16.414181000380474
K,CLUSTER_441,maize_str,2827.0,16.414181000380474
K,CLUSTER_441,beet_leaf,58.7,16.414181000380474
K,CLUSTER_441,rape_str,1217.0,16.414181000380474
K,CLUSTER_441,legume_str,342.2,16.414181000380474
K,CLUSTER_449,cattle_man,7060.2,5.318737955469733
K,CLUSTER_449,cattle_slu,3955.0999999999995,5.318737955469733
K,CLUSTER_449,horse_man,518.500398,5.318737955469733
K,CLUSTER_449,clover_alfalfa_grass,2815.0,5.318737955469733
K,CLUSTER_449,maize_str,119.0,5.318737955469733
K,CLUSTER_449,beet_leaf,1486.5,5.318737955469733
K,CLUSTER_449,rape_str,2855.0,5.318737955469733
K,CLUSTER_449,legume_str,67.55,5.318737955469733
K,CLUSTER_450,maize_str,1425.0,58.192781232250994
K,CLUSTER_450,rape_str,562.7,58.192781232250994
K,CLUSTER_450,legume_str,406.3,58.192781232250994
K,CLUSTER_453,cattle_man,163.9,17.575261903105996
K,CLUSTER_453,horse_man,209.4,17.575261903105996
K,CLUSTER_453,clover_alfalfa_grass,837.0,17.575261903105996
K,CLUSTER_453,maize_str,1817.0,17.575261903105996
K,CLUSTER_453,beet_leaf,20540.0,17.575261903105996
K,CLUSTER_453,rape_str,449.1,17.575261903105996
K,CLUSTER_453,legume_str,457.0,17.575261903105996
K,CLUSTER_471,cattle_man,292.0,9.54861480457055
K,CLUSTER_471,cattle_slu,1307.0,9.54861480457055
K,CLUSTER_471,horse_man,250.50000000000003,9.54861480457055
K,CLUSTER_471,clover_alfalfa_grass,212.8,9.54861480457055
K,CLUSTER_471,rape_str,11.4,9.54861480457055
K,CLUSTER_471,legume_str,10.2,9.54861480457055
K,CLUSTER_479,cattle_man,6870.0,21.789121748346552
K,CLUSTER_479,horse_man,1092.0,21.789121748346552
K,CLUSTER_479,clover_alfalfa_grass,577.5,21.789121748346552
K,CLUSTER_479,maize_str,21.09,21.789121748346552
K,CLUSTER_479,rape_str,157.9,21.789121748346552
K,CLUSTER_479,legume_str,75.09,21.789121748346552
K,CLUSTER_481,cattle_man,7889.999999999999,18.15786723146481
K,CLUSTER_481,horse_man,1085.0,18.15786723146481
K,CLUSTER_481,clover_alfalfa_grass,10280.0,18.15786723146481
K,CLUSTER_481,maize_str,1163.0,18.15786723146481
K,CLUSTER_481,beet_leaf,3240.0,18.15786723146481
K,CLUSTER_481,rape_str,4790.0,18.15786723146481
K,CLUSTER_481,legume_str,620.0,18.15786723146481
K,CLUSTER_498,cattle_man,3436.0,19.02829467288057
K,CLUSTER_498,horse_man,2767.0,19.02829467288057
K,CLUSTER_498,clover_alfalfa_grass,2531.0,19.02829467288057
K,CLUSTER_498,maize_str,769.1,19.02829467288057
K,CLUSTER_498,rape_str,235.0,19.02829467288057
K,CLUSTER_498,legume_str,259.3,19.02829467288057
K,CLUSTER_5,rape_str,185.0,57.66679085607314
K,CLUSTER_5,legume_str,30.66,57.66679085607314
K,CLUSTER_52,maize_str,1105.5436681280044,52.55184931152124
K,CLUSTER_530,cattle_man,1179.0,22.87941864510759
K,CLUSTER_530,horse_man,443.6,22.87941864510759
K,CLUSTER_530,clover_alfalfa_grass,217.7,22.87941864510759
K,CLUSTER_530,beet_leaf,842.0,22.87941864510759
K,CLUSTER_530,rape_str,1253.0,22.87941864510759
K,CLUSTER_530,legume_str,212.8,22.87941864510759
K,CLUSTER_538,cattle_man,3387.0,27.90576161143935
K,CLUSTER_538,horse_man,768.4,27.90576161143935
K,CLUSTER_538,maize_str,24.6,27.90576161143935
K,CLUSTER_538,rape_str,957.0,27.90576161143935
K,CLUSTER_538,legume_str,213.05,27.90576161143935
K,CLUSTER_56,maize_str,373.4,57.2792112898899
K,CLUSTER_56,rape_str,1531.2,57.2792112898899
K,CLUSTER_56,legume_str,61.13,57.2792112898899
K,CLUSTER_68,cattle_man,2715.3,25.56393360816826
K,CLUSTER_68,horse_man,1155.3,25.56393360816826
K,CLUSTER_68,maize_str,8434.0,25.56393360816826
K,CLUSTER_68,rape_str,708.4,25.56393360816826
K,CLUSTER_68,legume_str,893.9,25.56393360816826
K,CLUSTER_74,cattle_man,27550.0,27.09519810023165
K,CLUSTER_74,horse_man,3010.0,27.09519810023165
K,CLUSTER_82,cattle_man,7392.7,33.664222811662974
K,CLUSTER_82,horse_man,1220.1,33.664222811662974
K,CLUSTER_82,maize_str,505.26,33.664222811662974
K,CLUSTER_82,rape_str,680.1,33.664222811662974
K,CLUSTER_82,legume_str,122.92,33.664222811662974
K,CLUSTER_93,maize_str,212.0,39.355921511119135
K,CLUSTER_93,legume_str,120.6,39.355921511119135
P,CLUSTER_136,cattle_man,22230.0,27.681938408391147
P,CLUSTER_140,cattle_man,7209.0,26.755978979275262
P,CLUSTER_19,cattle_man,13523.0,43.95142299376179
P,CLUSTER_194,cattle_man,4180.5,38.03839117083684
P,CLUSTER_195,cattle_man,17240.0,19.15678913419488
P,CLUSTER_195,cattle_slu,93330.0,19.15678913419488
P,CLUSTER_195,rape_str,51.9,19.15678913419488
P,CLUSTER_195,legume_str,17.12,19.15678913419488
P,CLUSTER_209,cattle_man,13940.0,30.484796844507876
P,CLUSTER_229,cattle_man,1142.8,19.17278073149595
P,CLUSTER_229,cattle_slu,5196.0,19.17278073149595
P,CLUSTER_237,cattle_man,4862.0,14.953372143847329
P,CLUSTER_237,cattle_slu,37570.0,14.953372143847329
P,CLUSTER_237,rape_str,431.0,14.953372143847329
P,CLUSTER_237,legume_str,29.248,14.953372143847329
P,CLUSTER_270,cattle_man,9712.0,33.133131792557826
P,CLUSTER_274,cattle_man,2163.0,20.68249467372616
P,CLUSTER_293,cattle_man,4637.0,20.50534943197329
P,CLUSTER_312,cattle_man,11300.0,19.30682285064705
P,CLUSTER_312,cattle_slu,43800.0,19.30682285064705
P,CLUSTER_314,cattle_man,812.91,45.69161989586059
P,CLUSTER_317,cattle_man,11860.0,28.49837480742823
P,CLUSTER_317,rape_str,692.0,28.49837480742823
P,CLUSTER_317,legume_str,236.2,28.49837480742823
P,CLUSTER_318,cattle_man,17210.0,18.49033785535409
P,CLUSTER_318,cattle_slu,22440.0,18.49033785535409
P,CLUSTER_323,cattle_man,18150.0,36.62504974968524
P,CLUSTER_335,cattle_man,4820.0,12.821792195698876
P,CLUSTER_335,cattle_slu,36400.0,12.821792195698876
P,CLUSTER_341,cattle_man,862.8,34.34375009381053
P,CLUSTER_376,cattle_man,2955.0,8.564290866593783
P,CLUSTER_376,cattle_slu,11090.0,8.564290866593783
P,CLUSTER_376,rape_str,1421.0,8.564290866593783
P,CLUSTER_389,cattle_man,790.9,45.26660272433109
P,CLUSTER_399,cattle_man,1238.6,43.161173244723
P,CLUSTER_44,cattle_man,14660.0,44.73303193268232
P,CLUSTER_44,horse_man,1288.0,44.73303193268232
P,CLUSTER_440,cattle_man,13440.0,8.49056759120042
P,CLUSTER_440,cattle_slu,62200.0,8.49056759120042
P,CLUSTER_440,legume_str,29.4,8.49056759120042
P,CLUSTER_523,cattle_man,13260.0,55.23188270703839
P,CLUSTER_78,cattle_man,7012.0,25.08177752874424
P,CLUSTER_78,rape_str,178.1,25.08177752874424
P,CLUSTER_78,legume_str,40.33,25.08177752874424
P,CLUSTER_85,cattle_man,17750.0,18.306923727138603
P,CLUSTER_85,cattle_slu,83770.0,18.306923727138603
P,CLUSTER_85,legume_str,11.6,18.306923727138603
P,CLUSTER_86,cattle_man,15698.0,1.36478930984261
P,CLUSTER_86,cattle_slu,74300.0,1.36478930984261
P,CLUSTER_86,pig_slu,14.78,1.36478930984261
H,CLUSTER_106,legume_str,84.6,31.2230198216256
H,CLUSTER_139,cattle_man,3032.51,22.3685082488644
H,CLUSTER_155,cattle_man,533.52,22.454367639354
H,CLUSTER_155,rape_str,1777.0,22.454367639354
H,CLUSTER_155,legume_str,662.1,22.454367639354
H,CLUSTER_174,cattle_man,17810.0,31.536923567909767
H,CLUSTER_174,horse_man,1427.5,31.536923567909767
H,CLUSTER_210,cattle_man,12910.0,16.513414877195284
H,CLUSTER_210,cattle_slu,64400.0,16.513414877195284
H,CLUSTER_210,rape_str,548.7,16.513414877195284
H,CLUSTER_210,legume_str,108.0,16.513414877195284
H,CLUSTER_212,cattle_man,5215.0,36.72567972364147
H,CLUSTER_212,horse_man,525.0,36.72567972364147
H,CLUSTER_244,legume_str,50.040000000000006,26.02734197122607
H,CLUSTER_324,cattle_man,6315.0,24.44232836850212
H,CLUSTER_324,rape_str,1080.0,24.44232836850212
H,CLUSTER_324,legume_str,578.7,24.44232836850212
H,CLUSTER_343,cattle_man,10540.0,29.50471267497658
H,CLUSTER_347,cattle_man,674.0,23.77928679250762
H,CLUSTER_348,cattle_slu,13760.0,17.96509757092274
H,CLUSTER_37,cattle_man,31919.999999999996,7.467362183236203
H,CLUSTER_37,cattle_slu,114880.0,7.467362183236203
H,CLUSTER_37,beet_leaf,3310.0,7.467362183236203
H,CLUSTER_37,rape_str,2494.6,7.467362183236203
H,CLUSTER_37,legume_str,791.6,7.467362183236203
H,CLUSTER_375,cattle_man,14310.0,25.950237363504986
H,CLUSTER_4,cattle_man,20439.0,35.17461663129804
H,CLUSTER_422,cattle_man,4670.0,11.641461272359871
H,CLUSTER_422,cattle_slu,27900.0,11.641461272359871
H,CLUSTER_428,cattle_man,6500.0,14.041771529007423
H,CLUSTER_428,cattle_slu,27720.0,14.041771529007423
H,CLUSTER_428,rape_str,780.5,14.041771529007423
H,CLUSTER_428,legume_str,401.5,14.041771529007423
H,CLUSTER_434,cattle_slu,77000.0,18.578139469909235
H,CLUSTER_446,cattle_man,11600.0,16.504147645531376
H,CLUSTER_446,cattle_slu,63610.0,16.504147645531376
H,CLUSTER_446,rape_str,165.0,16.504147645531376
H,CLUSTER_446,legume_str,132.72,16.504147645531376
H,CLUSTER_454,cattle_man,5716.1,47.35708834395274
H,CLUSTER_454,horse_man,105.40000000000072,47.35708834395274
H,CLUSTER_512,rape_str,499.0,20.54253943866006
H,CLUSTER_512,legume_str,138.2,20.54253943866006
H,CLUSTER_514,cattle_man,11580.0,14.137010100299632
H,CLUSTER_514,cattle_slu,60210.0,14.137010100299632
H,CLUSTER_514,legume_str,49.46,14.137010100299632
H,CLUSTER_529,cattle_man,7480.0,4.74787139292924
H,CLUSTER_529,cattle_slu,39200.0,4.74787139292924
H,CLUSTER_529,pig_slu,335.0,4.74787139292924
H,CLUSTER_529,rape_str,859.0,4.74787139292924
H,CLUSTER_529,legume_str,186.5,4.74787139292924
H,CLUSTER_548,cattle_man,7311.0,34.77981734570284
F,CLUSTER_108,cattle_man,372.4,56.335673101394136
F,CLUSTER_109,rape_str,16.3,33.265818900083524
F,CLUSTER_109,legume_str,13.7,33.265818900083524
F,CLUSTER_114,cattle_man,3025.0,6.422945708280608
F,CLUSTER_114,cattle_slu,30090.0,6.422945708280608
F,CLUSTER_114,maize_str,77.8,6.422945708280608
F,CLUSTER_114,beet_leaf,323.0584,6.422945708280608
F,CLUSTER_114,rape_str,2133.0,6.422945708280608
F,CLUSTER_141,cattle_man,6618.0,30.546094288976395
F,CLUSTER_188,cattle_man,6172.0,15.540539772421573
F,CLUSTER_188,cattle_slu,39630.0,15.540539772421573
F,CLUSTER_215,cattle_man,11500.0,21.28659534265259
F,CLUSTER_234,rape_str,1344.0,28.487767289485863
F,CLUSTER_234,legume_str,176.9,28.487767289485863
F,CLUSTER_238,rape_str,2251.0,28.70829040813836
F,CLUSTER_238,legume_str,234.7,28.70829040813836
F,CLUSTER_264,cattle_man,33570.0,11.203824998655016
F,CLUSTER_264,cattle_slu,230130.0,11.203824998655016
F,CLUSTER_264,maize_str,79.4,11.203824998655016
F,CLUSTER_264,rape_str,125.89999999999999,11.203824998655016
F,CLUSTER_264,legume_str,18.9,11.203824998655016
F,CLUSTER_275,cattle_man,3212.5,30.26591394107726
F,CLUSTER_275,rape_str,2420.0,30.26591394107726
F,CLUSTER_283,cattle_man,4490.4,17.303641919022784
F,CLUSTER_283,cattle_slu,6544.7,17.303641919022784
F,CLUSTER_301,cattle_man,2641.0,15.28466039991914
F,CLUSTER_301,cattle_slu,12180.0,15.28466039991914
F,CLUSTER_351,cattle_man,14750.0,21.856787072116585
F,CLUSTER_368,cattle_man,6947.0,40.88948454227221
F,CLUSTER_382,cattle_man,2959.0,18.31879866855548
F,CLUSTER_382,cattle_slu,22100.0,18.31879866855548
F,CLUSTER_385,cattle_man,5530.0,42.46733378455381
F,CLUSTER_425,cattle_man,2512.95,48.8007542583545
F,CLUSTER_43,cattle_man,697.37,30.256691343230507
F,CLUSTER_436,cattle_man,14080.0,58.712994169790186
F,CLUSTER_448,cattle_man,3200.0,18.767272264798
F,CLUSTER_448,cattle_slu,9830.0,18.767272264798
F,CLUSTER_472,cattle_man,24810.0,19.73700078810624
F,CLUSTER_472,cattle_slu,106200.0,19.73700078810624
F,CLUSTER_482,cattle_man,16500.0,14.526262824138222
F,CLUSTER_482,cattle_slu,67590.0,14.526262824138222
F,CLUSTER_482,legume_str,62.8,14.526262824138222
F,CLUSTER_484,cattle_man,10650.0,35.31456648136583
F,CLUSTER_488,cattle_man,62.5,24.890494535732028
F,CLUSTER_49,cattle_man,15490.0,30.55487353721413
F,CLUSTER_539,cattle_man,2743.0,38.89545259521644
F,CLUSTER_71,cattle_man,8797.0,30.415818426974862
F,CLUSTER_72,rape_str,3098.0,20.634627829155377
F,CLUSTER_72,legume_str,700.5,20.634627829155377
F,CLUSTER_9,cattle_man,4512.6,5.220213879551922
F,CLUSTER_9,cattle_slu,16322.900000000001,5.220213879551922
F,CLUSTER_9,pig_slu,28612.0,5.220213879551922
F,CLUSTER_9,maize_str,2940.98,5.220213879551922
F,CLUSTER_9,beet_leaf,23584.0,5.220213879551922
F,CLUSTER_9,rape_str,712.84,5.220213879551922
F,CLUSTER_9,legume_str,267.44,5.220213879551922
F,CLUSTER_96,cattle_man,3690.0,50.62222658688351
J,CLUSTER_145,cattle_man,10356.0,27.14268401320154
J,CLUSTER_148,cattle_man,4501.0,19.200668175553744
J,CLUSTER_15,cattle_man,7650.0,51.01430331284822
J,CLUSTER_154,cattle_man,5634.1,33.11216875877835
J,CLUSTER_18,cattle_man,14355.0,29.05166392895574
J,CLUSTER_200,cattle_man,3150.0,40.80663965060268
J,CLUSTER_221,cattle_man,8125.0,14.264895979548294
J,CLUSTER_221,cattle_slu,57620.0,14.264895979548294
J,CLUSTER_235,cattle_man,3182.0,17.792068942043272
J,CLUSTER_235,cattle_slu,11970.0,17.792068942043272
J,CLUSTER_243,cattle_man,19320.0,14.685221003856482
J,CLUSTER_243,cattle_slu,94100.0,14.685221003856482
J,CLUSTER_25,cattle_man,2469.58,12.049726435929516
J,CLUSTER_25,cattle_slu,14300.0,12.049726435929516
J,CLUSTER_25,rape_str,361.4,12.049726435929516
J,CLUSTER_25,legume_str,111.18,12.049726435929516
J,CLUSTER_268,cattle_man,5520.0,3.3913245242279157
J,CLUSTER_268,cattle_slu,38860.0,3.3913245242279157
J,CLUSTER_268,pig_slu,27.77,3.3913245242279157
J,CLUSTER_273,cattle_man,6690.0,18.936252888118947
J,CLUSTER_332,cattle_man,620.3,34.098348005054085
J,CLUSTER_354,cattle_man,4844.0,19.197485202116184
J,CLUSTER_393,cattle_man,1357.0,32.69469818687339
J,CLUSTER_394,cattle_man,6080.0,14.541633308349027
J,CLUSTER_394,cattle_slu,34450.0,14.541633308349027
J,CLUSTER_394,rape_str,3108.0,14.541633308349027
J,CLUSTER_394,legume_str,403.6,14.541633308349027
J,CLUSTER_419,cattle_man,2304.0,14.147396437070476
J,CLUSTER_419,cattle_slu,11373.0,14.147396437070476
J,CLUSTER_419,rape_str,386.1,14.147396437070476
J,CLUSTER_419,legume_str,177.2,14.147396437070476
J,CLUSTER_420,cattle_man,7064.0,8.549595420373835
J,CLUSTER_420,cattle_slu,40370.0,8.549595420373835
J,CLUSTER_447,cattle_man,6210.0,19.03016130560976
J,CLUSTER_447,rape_str,901.0,19.03016130560976
J,CLUSTER_447,legume_str,578.0,19.03016130560976
J,CLUSTER_450,cattle_man,18270.0,8.551108543008507
J,CLUSTER_450,cattle_slu,92800.0,8.551108543008507
J,CLUSTER_5,cattle_man,1031.0,43.29914132417106
J,CLUSTER_546,cattle_man,5370.0,33.03458548272449
J,CLUSTER_56,cattle_man,5444.4,13.65277685940712
J,CLUSTER_56,cattle_slu,4200.12,13.65277685940712
R,CLUSTER_134,cattle_man,8431.4,17.644821624333947
R,CLUSTER_134,cattle_slu,7822.520999999999,17.644821624333947
R,CLUSTER_134,rape_str,1039.3,17.644821624333947
R,CLUSTER_134,legume_str,277.13,17.644821624333947
R,CLUSTER_142,cattle_slu,156000.0,5.192127064930437
R,CLUSTER_142,legume_str,157.6,5.192127064930437
R,CLUSTER_151,cattle_man,5361.0,37.68729692805532
R,CLUSTER_163,rape_str,435.3,18.980150941905432
R,CLUSTER_163,legume_str,26.23,18.980150941905432
R,CLUSTER_164,cattle_slu,4795.1,5.702663670556926
R,CLUSTER_164,rape_str,740.0,5.702663670556926
R,CLUSTER_164,legume_str,154.5,5.702663670556926
R,CLUSTER_185,legume_str,368.9,22.279561317576174
R,CLUSTER_207,cattle_slu,171700.0,11.051405722825963
R,CLUSTER_239,cattle_man,3789.0,17.05964303439948
R,CLUSTER_239,cattle_slu,12880.0,17.05964303439948
R,CLUSTER_251,cattle_man,1718.4,33.962942296744984
R,CLUSTER_265,cattle_man,1417.0,8.322986803013722
R,CLUSTER_265,cattle_slu,9050.0,8.322986803013722
R,CLUSTER_265,rape_str,352.79,8.322986803013722
R,CLUSTER_265,legume_str,130.86,8.322986803013722
R,CLUSTER_288,cattle_man,23510.0,11.292942649416345
R,CLUSTER_288,cattle_slu,69700.0,11.292942649416345
R,CLUSTER_288,rape_str,1600.0,11.292942649416345
R,CLUSTER_288,legume_str,851.0,11.292942649416345
R,CLUSTER_309,cattle_man,7630.0,27.36287670153062
R,CLUSTER_443,cattle_slu,70720.0,16.038727156525475
R,CLUSTER_443,rape_str,172.0,16.038727156525475
R,CLUSTER_443,legume_str,58.24,16.038727156525475
R,CLUSTER_444,cattle_slu,17910.0,11.96544540694522
R,CLUSTER_444,rape_str,842.13,11.96544540694522
R,CLUSTER_444,legume_str,165.45999999999998,11.96544540694522
R,CLUSTER_489,cattle_man,1068.0,28.41871231296333
R,CLUSTER_50,cattle_man,17080.0,26.53278946053687
R,CLUSTER_509,cattle_man,10453.0,21.379293227036516
R,CLUSTER_98,rape_str,1266.0,21.62481594074832
R,CLUSTER_98,legume_str,294.81,21.62481594074832
