PlantLocation,SupplyNode,Feedstock,FlowTons,Distance_km
BF,CLUSTER_0,horse_man,2610.0,39.51424769761925
BF,CLUSTER_0,pig_man,1695.2,39.51424769761925
BF,CLUSTER_0,rape_str,1701.9,39.51424769761925
BF,CLUSTER_100,horse_man,3925.5,31.35155529391889
BF,CLUSTER_100,pig_man,69.61,31.35155529391889
BF,CLUSTER_100,rape_str,1247.0,31.35155529391889
BF,CLUSTER_100,legume_str,592.6,31.35155529391889
BF,CLUSTER_104,horse_man,871.7,33.90462350519518
BF,CLUSTER_104,pig_man,527.2180000000001,33.90462350519518
BF,CLUSTER_104,rape_str,732.1,33.90462350519518
BF,CLUSTER_104,legume_str,171.70000000000002,33.90462350519518
BF,CLUSTER_107,pig_man,993.2,72.52284092075008
BF,CLUSTER_109,pig_man,121.22265,102.02013054944103
BF,CLUSTER_116,pig_man,144.5,48.67156019272874
BF,CLUSTER_122,pig_man,40.78257,50.12747670446059
BF,CLUSTER_124,pig_man,225.04,101.60183064301148
BF,CLUSTER_125,pig_man,536.0,75.73567928801164
BF,CLUSTER_126,cattle_man,6163.0,21.500573401214297
BF,CLUSTER_126,horse_man,1435.2,21.500573401214297
BF,CLUSTER_126,pig_man,2894.0,21.500573401214297
BF,CLUSTER_126,beet_leaf,6252.0,21.500573401214297
BF,CLUSTER_126,rape_str,2381.0,21.500573401214297
BF,CLUSTER_126,legume_str,544.6,21.500573401214297
BF,CLUSTER_131,cattle_man,9440.0,11.553967786108707
BF,CLUSTER_131,horse_man,1232.0,11.553967786108707
BF,CLUSTER_131,pig_man,1497.8,11.553967786108707
BF,CLUSTER_131,beet_leaf,2747.0,11.553967786108707
BF,CLUSTER_131,rape_str,1908.0,11.553967786108707
BF,CLUSTER_131,legume_str,1003.9999999999999,11.553967786108707
BF,CLUSTER_135,pig_man,159.368,65.6597997840345
BF,CLUSTER_138,pig_man,1203.8,91.51712125689728
BF,CLUSTER_142,horse_man,1981.9999999999998,35.80264459172342
BF,CLUSTER_142,pig_man,67.2671,35.80264459172342
BF,CLUSTER_142,legume_str,157.6,35.80264459172342
BF,CLUSTER_143,pig_man,52.20089,96.62755535102838
BF,CLUSTER_144,pig_man,1094.5,60.39426487691135
BF,CLUSTER_145,pig_man,104.2,93.38830601640728
BF,CLUSTER_149,pig_man,19.0894,55.97549261031208
BF,CLUSTER_150,pig_man,605.1,86.73264755943754
BF,CLUSTER_151,pig_man,33.274,56.48192066450613
BF,CLUSTER_152,pig_man,174.14849999999998,54.04296533539839
BF,CLUSTER_155,pig_man,1243.7,51.14979687540525
BF,CLUSTER_159,pig_man,3550.315,87.36703260692316
BF,CLUSTER_162,pig_man,126.94,73.86799400288986
BF,CLUSTER_165,cattle_man,8970.0,2.174490335981366
BF,CLUSTER_165,cattle_slu,37970.0,2.174490335981366
BF,CLUSTER_165,horse_man,1926.7,2.174490335981366
BF,CLUSTER_165,pig_man,1019.9,2.174490335981366
BF,CLUSTER_165,clover_alfalfa_grass,4997.0,2.174490335981366
BF,CLUSTER_165,maize_str,1640.0,2.174490335981366
BF,CLUSTER_165,beet_leaf,673.0,2.174490335981366
BF,CLUSTER_165,rape_str,1507.0,2.174490335981366
BF,CLUSTER_165,legume_str,854.0,2.174490335981366
BF,CLUSTER_175,pig_man,35.4,53.61251368914605
BF,CLUSTER_180,horse_man,1481.0,32.26163414382118
BF,CLUSTER_180,pig_man,6160.0,32.26163414382118
BF,CLUSTER_180,rape_str,2510.0,32.26163414382118
BF,CLUSTER_180,legume_str,350.0,32.26163414382118
BF,CLUSTER_182,pig_man,1527.0,80.3793247427596
BF,CLUSTER_184,pig_man,1364.0,45.75322973813087
BF,CLUSTER_186,pig_man,471.4,54.3875707127892
BF,CLUSTER_195,pig_man,34.13825,82.61779341124848
BF,CLUSTER_2,horse_man,975.2,34.520751818089416
BF,CLUSTER_2,pig_man,1666.5,34.520751818089416
BF,CLUSTER_2,rape_str,2407.0,34.520751818089416
BF,CLUSTER_2,legume_str,639.4,34.520751818089416
BF,CLUSTER_20,cattle_man,27140.0,12.83260919775202
BF,CLUSTER_20,horse_man,3289.0,12.83260919775202
BF,CLUSTER_20,pig_man,3376.0,12.83260919775202
BF,CLUSTER_20,beet_leaf,2532.0,12.83260919775202
BF,CLUSTER_20,rape_str,2658.0,12.83260919775202
BF,CLUSTER_20,legume_str,1043.0,12.83260919775202
BF,CLUSTER_202,pig_man,229.17,78.27739985327106
BF,CLUSTER_203,pig_man,696.08362,49.63961533509578
BF,CLUSTER_204,pig_man,37.494,88.98169156423782
BF,CLUSTER_205,horse_man,3447.0,31.261102488131836
BF,CLUSTER_205,pig_man,123.23616,31.261102488131836
BF,CLUSTER_205,rape_str,424.8,31.261102488131836
BF,CLUSTER_205,legume_str,366.9,31.261102488131836
BF,CLUSTER_208,pig_man,22.65,61.34698658740948
BF,CLUSTER_212,pig_man,132.0,67.51890444507144
BF,CLUSTER_219,pig_man,686.0,95.65145084862831
BF,CLUSTER_22,horse_man,2301.0,24.555934648284147
BF,CLUSTER_22,pig_man,696.0,24.555934648284147
BF,CLUSTER_22,beet_leaf,232.81,24.555934648284147
BF,CLUSTER_22,rape_str,418.6,24.555934648284147
BF,CLUSTER_22,legume_str,405.9,24.555934648284147
BF,CLUSTER_223,pig_man,439.438657,70.567266107588
BF,CLUSTER_225,pig_man,1314.9,67.72665364879136
BF,CLUSTER_229,pig_man,38.028209,102.53998349870088
BF,CLUSTER_231,pig_man,10.6436,91.6706248765544
BF,CLUSTER_233,pig_man,435.2,58.61553417070094
BF,CLUSTER_235,pig_man,439.78,101.97388539527344
BF,CLUSTER_239,pig_man,931.74,46.10881799395461
BF,CLUSTER_240,pig_man,24.931,60.35957964176792
BF,CLUSTER_250,pig_man,54.334,95.50553742845138
BF,CLUSTER_256,pig_man,14.8359,70.70199999023744
BF,CLUSTER_257,horse_man,1598.0,33.62964654770884
BF,CLUSTER_257,pig_man,1704.41,33.62964654770884
BF,CLUSTER_257,rape_str,1210.4,33.62964654770884
BF,CLUSTER_257,legume_str,280.6,33.62964654770884
BF,CLUSTER_263,pig_man,198.21,58.33168433874298
BF,CLUSTER_267,pig_man,778.8,46.024467420425935
BF,CLUSTER_270,pig_man,61.2952,75.3683547473916
BF,CLUSTER_273,pig_man,524.6,71.01287557918761
BF,CLUSTER_274,pig_man,587.9,64.55368359753867
BF,CLUSTER_279,horse_man,1665.3,24.846765670299085
BF,CLUSTER_279,pig_man,723.8400164000001,24.846765670299085
BF,CLUSTER_279,beet_leaf,1594.0,24.846765670299085
BF,CLUSTER_279,rape_str,766.0,24.846765670299085
BF,CLUSTER_279,legume_str,338.3,24.846765670299085
BF,CLUSTER_280,pig_man,171.3,84.11928144372341
BF,CLUSTER_282,pig_man,277.076,77.36908990083384
BF,CLUSTER_284,pig_man,447.9,61.57821336236415
BF,CLUSTER_288,cattle_man,23510.0,18.819737130442057
BF,CLUSTER_288,horse_man,1884.0,18.819737130442057
BF,CLUSTER_288,pig_man,786.0,18.819737130442057
BF,CLUSTER_288,beet_leaf,7380.0,18.819737130442057
BF,CLUSTER_288,rape_str,1600.0,18.819737130442057
BF,CLUSTER_288,legume_str,851.0,18.819737130442057
BF,CLUSTER_290,pig_man,122.18799999999999,73.99681767444834
BF,CLUSTER_291,pig_man,7740.0,84.60981594112499
BF,CLUSTER_292,pig_man,2862.0,71.52579607399427
BF,CLUSTER_297,pig_man,153.126,85.2110972684027
BF,CLUSTER_3,pig_man,16.916,83.7031659901723
BF,CLUSTER_300,horse_man,6326.0,35.78601444802745
BF,CLUSTER_300,pig_man,581.8449999999999,35.78601444802745
BF,CLUSTER_300,rape_str,548.0,35.78601444802745
BF,CLUSTER_300,legume_str,424.7,35.78601444802745
BF,CLUSTER_301,pig_man,225.23,65.71498467151663
BF,CLUSTER_302,pig_man,141.874306,44.14940141469064
BF,CLUSTER_306,horse_man,2610.0,33.72364643043742
BF,CLUSTER_306,pig_man,479.4,33.72364643043742
BF,CLUSTER_306,rape_str,2327.0,33.72364643043742
BF,CLUSTER_306,legume_str,1097.0,33.72364643043742
BF,CLUSTER_31,pig_man,390.4,86.50759979847996
BF,CLUSTER_315,pig_man,304.38530000000003,82.18755078573474
BF,CLUSTER_319,pig_man,343.0,47.91033523485939
BF,CLUSTER_321,pig_man,53.32708,65.1677528865591
BF,CLUSTER_323,horse_man,2339.0,28.48203698188708
BF,CLUSTER_323,pig_man,275.81,28.48203698188708
BF,CLUSTER_323,rape_str,313.3,28.48203698188708
BF,CLUSTER_323,legume_str,62.45,28.48203698188708
BF,CLUSTER_324,pig_man,258.47,75.01330911402094
BF,CLUSTER_330,cattle_man,21960.0,20.11828017745163
BF,CLUSTER_330,horse_man,1269.6,20.11828017745163
BF,CLUSTER_330,pig_man,378.71,20.11828017745163
BF,CLUSTER_330,beet_leaf,1270.11,20.11828017745163
BF,CLUSTER_330,rape_str,2235.0,20.11828017745163
BF,CLUSTER_330,legume_str,753.8,20.11828017745163
BF,CLUSTER_338,pig_man,496.0,70.18347528030634
BF,CLUSTER_339,pig_man,586.97,95.75027250763264
BF,CLUSTER_34,pig_man,547.047,55.10719250881365
BF,CLUSTER_340,pig_man,150.7,61.91082279048781
BF,CLUSTER_342,pig_man,109.9,74.78966626645824
BF,CLUSTER_344,pig_man,347.5,74.80553380401996
BF,CLUSTER_345,pig_man,131.752025,44.14721705100765
BF,CLUSTER_349,pig_man,105.746,81.9136741425857
BF,CLUSTER_35,pig_man,754.8290000000001,81.97598500615332
BF,CLUSTER_350,pig_man,183.62,60.43605960100681
BF,CLUSTER_352,pig_man,32.1,85.13436264081162
BF,CLUSTER_353,pig_man,473.0,84.34035895786413
BF,CLUSTER_354,horse_man,793.6,25.61244936868553
BF,CLUSTER_354,pig_man,883.52,25.61244936868553
BF,CLUSTER_354,beet_leaf,2515.7580324942573,25.61244936868553
BF,CLUSTER_354,rape_str,1672.1,25.61244936868553
BF,CLUSTER_354,legume_str,257.3,25.61244936868553
BF,CLUSTER_355,pig_man,1341.0,46.05456972102224
BF,CLUSTER_363,pig_man,154.91,60.51508574254665
BF,CLUSTER_37,horse_man,943.0,25.55456533426067
BF,CLUSTER_37,pig_man,3353.8,25.55456533426067
BF,CLUSTER_37,beet_leaf,3310.0,25.55456533426067
BF,CLUSTER_37,rape_str,2494.6,25.55456533426067
BF,CLUSTER_37,legume_str,791.6,25.55456533426067
BF,CLUSTER_370,pig_man,15.373134,74.57254669092613
BF,CLUSTER_371,cattle_man,13910.0,12.540494446914243
BF,CLUSTER_371,horse_man,1280.1,12.540494446914243
BF,CLUSTER_371,pig_man,228.32,12.540494446914243
BF,CLUSTER_371,beet_leaf,729.6,12.540494446914243
BF,CLUSTER_371,rape_str,918.4,12.540494446914243
BF,CLUSTER_371,legume_str,445.8,12.540494446914243
BF,CLUSTER_372,pig_man,127.52,92.29099931087164
BF,CLUSTER_376,pig_man,263.4000241,93.11934364867572
BF,CLUSTER_378,horse_man,1373.0,36.94601144088945
BF,CLUSTER_378,pig_man,297.007,36.94601144088945
BF,CLUSTER_378,rape_str,180.6,36.94601144088945
BF,CLUSTER_378,legume_str,300.1,36.94601144088945
BF,CLUSTER_382,pig_man,429.0,100.35474180341876
BF,CLUSTER_385,pig_man,407.79,100.98282340297617
BF,CLUSTER_394,pig_man,434.7,94.14795966025213
BF,CLUSTER_397,pig_man,80.291,83.99003123208853
BF,CLUSTER_398,horse_man,1395.0,39.24938911982923
BF,CLUSTER_398,pig_man,169.0001898,39.24938911982923
BF,CLUSTER_398,rape_str,535.6,39.24938911982923
BF,CLUSTER_399,pig_man,646.33,63.50542765701713
BF,CLUSTER_400,horse_man,1513.0,38.488275262193305
BF,CLUSTER_400,pig_man,2588.0,38.488275262193305
BF,CLUSTER_400,rape_str,1315.0,38.488275262193305
BF,CLUSTER_400,legume_str,558.0,38.488275262193305
BF,CLUSTER_402,pig_man,1540.0,82.21872108688855
BF,CLUSTER_403,cattle_man,9000.0,9.596664791166292
BF,CLUSTER_403,horse_man,1197.0,9.596664791166292
BF,CLUSTER_403,pig_man,782.0,9.596664791166292
BF,CLUSTER_403,beet_leaf,1416.0,9.596664791166292
BF,CLUSTER_403,rape_str,1011.0,9.596664791166292
BF,CLUSTER_403,legume_str,587.0,9.596664791166292
BF,CLUSTER_406,pig_man,52.746,89.22684090775022
BF,CLUSTER_408,pig_man,511.6000000000001,76.93703880953986
BF,CLUSTER_423,cattle_man,22380.0,7.115966024300349
BF,CLUSTER_423,cattle_slu,43328.18292517223,7.115966024300349
BF,CLUSTER_423,horse_man,1678.0106,7.115966024300349
BF,CLUSTER_423,pig_man,669.519,7.115966024300349
BF,CLUSTER_423,maize_str,2091.0,7.115966024300349
BF,CLUSTER_423,beet_leaf,453.7,7.115966024300349
BF,CLUSTER_423,rape_str,1295.9,7.115966024300349
BF,CLUSTER_423,legume_str,670.7,7.115966024300349
BF,CLUSTER_427,pig_man,799.2,85.94706515719739
BF,CLUSTER_428,pig_man,58.397,103.39661055355305
BF,CLUSTER_43,pig_man,36.5,42.05880387325793
BF,CLUSTER_431,pig_man,238.34,68.66918133026321
BF,CLUSTER_432,pig_man,80.1,103.39036444323924
BF,CLUSTER_436,pig_man,326.0,60.993386515318285
BF,CLUSTER_441,horse_man,821.0,26.98086248767963
BF,CLUSTER_441,pig_man,1272.0,26.98086248767963
BF,CLUSTER_441,rape_str,1217.0,26.98086248767963
BF,CLUSTER_441,legume_str,342.2,26.98086248767963
BF,CLUSTER_447,pig_man,67.14,41.32336812156412
BF,CLUSTER_450,pig_man,315.5,43.71439461281728
BF,CLUSTER_451,pig_man,528.0,89.54473912644613
BF,CLUSTER_453,pig_man,269.0,56.49402472142211
BF,CLUSTER_456,pig_man,30.472,68.6712788374253
BF,CLUSTER_464,pig_man,54.032,62.765688776105954
BF,CLUSTER_466,horse_man,4155.0,32.44615381592104
BF,CLUSTER_466,pig_man,43.27128999999999,32.44615381592104
BF,CLUSTER_466,rape_str,1039.0,32.44615381592104
BF,CLUSTER_466,legume_str,253.7,32.44615381592104
BF,CLUSTER_469,pig_man,324.0,88.28808326723886
BF,CLUSTER_473,pig_man,510.99999999999994,39.58034010310831
BF,CLUSTER_473,rape_str,1204.0,39.58034010310831
BF,CLUSTER_478,pig_man,35.400000000000006,83.72636035817175
BF,CLUSTER_48,pig_man,1701.4,46.82305641326772
BF,CLUSTER_481,pig_man,527.3,83.03746991543208
BF,CLUSTER_482,pig_man,28.99635,47.56110052044284
BF,CLUSTER_484,pig_man,64.9729,101.7569990176505
BF,CLUSTER_485,pig_man,19.72,96.71517175184326
BF,CLUSTER_488,pig_man,1185.8,57.01627762997479
BF,CLUSTER_493,pig_man,193.15,53.1481490929861
BF,CLUSTER_495,pig_man,180.446,51.31777298780448
BF,CLUSTER_496,pig_man,687.3,93.20678114286672
BF,CLUSTER_499,pig_man,128.13,65.770814960688
BF,CLUSTER_501,horse_man,474.5,39.11804819514545
BF,CLUSTER_501,pig_man,1378.0,39.11804819514545
BF,CLUSTER_501,rape_str,1822.0,39.11804819514545
BF,CLUSTER_504,pig_man,442.0,43.58400668414418
BF,CLUSTER_511,pig_man,317.6,100.21191831870536
BF,CLUSTER_513,pig_man,657.0,67.92069791377506
BF,CLUSTER_514,pig_man,13.03,86.66655688336024
BF,CLUSTER_516,pig_man,123.100375,54.06898963345306
BF,CLUSTER_52,pig_man,917.46,56.74424757550353
BF,CLUSTER_523,horse_man,1417.0,37.70736659542681
BF,CLUSTER_523,pig_man,56.7,37.70736659542681
BF,CLUSTER_523,rape_str,139.1,37.70736659542681
BF,CLUSTER_523,legume_str,49.6,37.70736659542681
BF,CLUSTER_534,pig_man,1003.0,90.1475994114031
BF,CLUSTER_537,pig_man,2429.0,73.02472268970368
BF,CLUSTER_544,cattle_man,5520.0,21.292272014865464
BF,CLUSTER_544,pig_man,15.550000000000002,21.292272014865464
BF,CLUSTER_544,beet_leaf,586.1,21.292272014865464
BF,CLUSTER_544,rape_str,531.0,21.292272014865464
BF,CLUSTER_544,legume_str,101.3,21.292272014865464
BF,CLUSTER_545,horse_man,1719.0,38.555546693301935
BF,CLUSTER_545,pig_man,227.1,38.555546693301935
BF,CLUSTER_545,rape_str,992.0,38.555546693301935
BF,CLUSTER_545,legume_str,184.9,38.555546693301935
BF,CLUSTER_58,pig_man,585.7193,54.08566143833319
BF,CLUSTER_61,pig_man,392.8,53.09468792345312
BF,CLUSTER_62,pig_man,33.995,66.35969204768095
BF,CLUSTER_63,pig_man,79.20406,67.83307900955215
BF,CLUSTER_64,cattle_man,19410.2451985049,21.622364096844077
BF,CLUSTER_64,horse_man,1753.8,21.622364096844077
BF,CLUSTER_64,pig_man,1190.4,21.622364096844077
BF,CLUSTER_64,beet_leaf,1909.3,21.622364096844077
BF,CLUSTER_64,rape_str,1531.1,21.622364096844077
BF,CLUSTER_64,legume_str,944.8,21.622364096844077
BF,CLUSTER_68,pig_man,1241.4,58.98801021326604
BF,CLUSTER_69,cattle_man,40940.0,15.151496446535312
BF,CLUSTER_69,horse_man,2441.2,15.151496446535312
BF,CLUSTER_69,pig_man,1247.43,15.151496446535312
BF,CLUSTER_69,beet_leaf,225.0,15.151496446535312
BF,CLUSTER_69,rape_str,964.5,15.151496446535312
BF,CLUSTER_69,legume_str,517.8,15.151496446535312
BF,CLUSTER_7,pig_man,353.272,98.1269742132326
BF,CLUSTER_70,pig_man,751.0,47.27716218282418
BF,CLUSTER_71,horse_man,2948.9,22.72131191473497
BF,CLUSTER_71,pig_man,226.348,22.72131191473497
BF,CLUSTER_71,beet_leaf,4858.7,22.72131191473497
BF,CLUSTER_71,rape_str,2450.0,22.72131191473497
BF,CLUSTER_71,legume_str,1174.2,22.72131191473497
BF,CLUSTER_72,pig_man,949.3,100.13954094185728
BF,CLUSTER_73,horse_man,1613.1,28.154313021158952
BF,CLUSTER_73,pig_man,3455.0,28.154313021158952
BF,CLUSTER_73,rape_str,3434.0,28.154313021158952
BF,CLUSTER_73,legume_str,648.0,28.154313021158952
BF,CLUSTER_77,pig_man,82.7,101.51193082543816
BF,CLUSTER_79,pig_man,1322.00245,79.07101222976047
BF,CLUSTER_8,pig_man,13.2831,69.06672385496088
BF,CLUSTER_81,pig_man,12.9891,43.917091383447584
BF,CLUSTER_85,pig_man,109.2627,85.4832274570828
BF,CLUSTER_89,pig_man,499.7749999999999,87.26320782100417
BF,CLUSTER_91,pig_man,218.0,61.6315769577016
BF,CLUSTER_92,horse_man,2276.0,29.43103522507081
BF,CLUSTER_92,pig_man,122.73699999999998,29.43103522507081
BF,CLUSTER_92,rape_str,752.9,29.43103522507081
BF,CLUSTER_92,legume_str,339.0,29.43103522507081
BF,CLUSTER_93,pig_man,56.565000000000005,77.2796439927771
BF,CLUSTER_99,pig_man,173.7,96.02459004995195
CB,CLUSTER_1,pig_man,381.6,114.10057415164796
CB,CLUSTER_10,pig_man,15.9693,55.2518487974012
CB,CLUSTER_103,pig_man,791.300184,113.2086406856594
CB,CLUSTER_108,pig_man,291.926,61.06716085526276
CB,CLUSTER_11,pig_man,23.6720704,81.4132840331559
CB,CLUSTER_110,horse_man,797.0,49.983211472457945
CB,CLUSTER_112,pig_man,508.8,104.28186131719669
CB,CLUSTER_114,pig_man,77.82100000000001,73.93792568669026
CB,CLUSTER_119,horse_man,1764.0,44.98217645377562
CB,CLUSTER_119,pig_man,210.9,44.98217645377562
CB,CLUSTER_119,legume_str,143.3,44.98217645377562
CB,CLUSTER_12,pig_man,96.610847,97.49510271567058
CB,CLUSTER_134,cattle_man,8431.4,10.16788668573173
CB,CLUSTER_134,horse_man,721.52,10.16788668573173
CB,CLUSTER_134,pig_man,1021.56,10.16788668573173
CB,CLUSTER_134,maize_str,712.3,10.16788668573173
CB,CLUSTER_134,beet_leaf,32079.999999999996,10.16788668573173
CB,CLUSTER_134,rape_str,1039.3,10.16788668573173
CB,CLUSTER_134,legume_str,277.13,10.16788668573173
CB,CLUSTER_139,cattle_man,3032.51,26.950865806079783
CB,CLUSTER_139,horse_man,980.3,26.950865806079783
CB,CLUSTER_139,pig_man,42.67,26.950865806079783
CB,CLUSTER_139,rape_str,1083.5,26.950865806079783
CB,CLUSTER_139,legume_str,570.9,26.950865806079783
CB,CLUSTER_141,pig_man,111.971,73.34068746345211
CB,CLUSTER_147,pig_man,23.898,103.96476668266573
CB,CLUSTER_148,horse_man,500.77,42.21697823917267
CB,CLUSTER_148,pig_man,361.14175,42.21697823917267
CB,CLUSTER_148,rape_str,856.0,42.21697823917267
CB,CLUSTER_148,legume_str,71.2,42.21697823917267
CB,CLUSTER_15,pig_man,68.319,105.17082040458187
CB,CLUSTER_153,horse_man,1262.5,42.04828731832943
CB,CLUSTER_153,pig_man,71.88691,42.04828731832943
CB,CLUSTER_153,rape_str,2865.0,42.04828731832943
CB,CLUSTER_153,legume_str,465.2,42.04828731832943
CB,CLUSTER_154,cattle_man,5634.1,3.5362994724473507
CB,CLUSTER_154,cattle_slu,264.058,3.5362994724473507
CB,CLUSTER_154,horse_man,347.6,3.5362994724473507
CB,CLUSTER_154,pig_man,309.885,3.5362994724473507
CB,CLUSTER_154,clover_alfalfa_grass,5113.0,3.5362994724473507
CB,CLUSTER_154,maize_str,84.14,3.5362994724473507
CB,CLUSTER_154,beet_leaf,15730.000000000002,3.5362994724473507
CB,CLUSTER_154,rape_str,1500.8,3.5362994724473507
CB,CLUSTER_154,legume_str,348.1,3.5362994724473507
CB,CLUSTER_156,horse_man,1144.7,45.96977677914524
CB,CLUSTER_156,pig_man,137.8229,45.96977677914524
CB,CLUSTER_158,horse_man,253.79999999999998,46.90567360857293
CB,CLUSTER_16,cattle_man,11750.6,20.28107331166964
CB,CLUSTER_16,horse_man,1532.4,20.28107331166964
CB,CLUSTER_16,pig_man,563.7029,20.28107331166964
CB,CLUSTER_16,maize_str,361.46,20.28107331166964
CB,CLUSTER_16,rape_str,1459.3,20.28107331166964
CB,CLUSTER_16,legume_str,320.2,20.28107331166964
CB,CLUSTER_160,pig_man,238.759,57.62289636452094
CB,CLUSTER_161,pig_man,1184.0,62.40450025542076
CB,CLUSTER_164,horse_man,1264.0,41.78620676224635
CB,CLUSTER_164,pig_man,46.635000000000005,41.78620676224635
CB,CLUSTER_164,rape_str,740.0,41.78620676224635
CB,CLUSTER_164,legume_str,154.5,41.78620676224635
CB,CLUSTER_168,pig_man,426.892,89.55914478410716
CB,CLUSTER_169,pig_man,332.076,93.64237506060422
CB,CLUSTER_170,horse_man,782.0,47.50753062793138
CB,CLUSTER_171,pig_man,887.0,109.22709254553229
CB,CLUSTER_173,horse_man,973.0,46.11357696074822
CB,CLUSTER_173,pig_man,64.52416,46.11357696074822
CB,CLUSTER_177,horse_man,285.4,32.364538319346416
CB,CLUSTER_177,pig_man,779.21,32.364538319346416
CB,CLUSTER_177,rape_str,3337.0,32.364538319346416
CB,CLUSTER_177,legume_str,144.7,32.364538319346416
CB,CLUSTER_179,horse_man,1139.0,41.48653289596468
CB,CLUSTER_179,pig_man,63.56600000000001,41.48653289596468
CB,CLUSTER_179,rape_str,741.5,41.48653289596468
CB,CLUSTER_179,legume_str,197.6,41.48653289596468
CB,CLUSTER_181,horse_man,824.1,31.323130214260736
CB,CLUSTER_181,pig_man,1482.4,31.323130214260736
CB,CLUSTER_181,rape_str,425.5,31.323130214260736
CB,CLUSTER_181,legume_str,393.5,31.323130214260736
CB,CLUSTER_183,pig_man,458.82,85.31168718020957
CB,CLUSTER_188,pig_man,27.346000000000004,96.49330157572544
CB,CLUSTER_19,pig_man,322.3,100.18091638021704
CB,CLUSTER_190,pig_man,1086.0,105.48493308527598
CB,CLUSTER_194,horse_man,974.4,32.240181402036875
CB,CLUSTER_194,pig_man,308.943,32.240181402036875
CB,CLUSTER_194,rape_str,1397.0,32.240181402036875
CB,CLUSTER_194,legume_str,213.55,32.240181402036875
CB,CLUSTER_199,pig_man,341.399,74.9633812010134
CB,CLUSTER_200,horse_man,797.9,44.426384763030335
CB,CLUSTER_200,pig_man,508.565,44.426384763030335
CB,CLUSTER_200,rape_str,2260.0,44.426384763030335
CB,CLUSTER_200,legume_str,199.5,44.426384763030335
CB,CLUSTER_213,horse_man,642.2,53.10646827084499
CB,CLUSTER_217,pig_man,542.22,59.94202932550189
CB,CLUSTER_220,pig_man,25.08,86.25053464410891
CB,CLUSTER_221,pig_man,218.174,85.0449032437374
CB,CLUSTER_222,horse_man,643.3,52.435122670676215
CB,CLUSTER_222,pig_man,43.141,52.435122670676215
CB,CLUSTER_232,pig_man,245.34999999999997,74.19201015828102
CB,CLUSTER_236,cattle_man,1177.4,23.00687039115828
CB,CLUSTER_236,horse_man,1045.5,23.00687039115828
CB,CLUSTER_236,pig_man,144.7,23.00687039115828
CB,CLUSTER_236,maize_str,46.4,23.00687039115828
CB,CLUSTER_236,rape_str,1247.0,23.00687039115828
CB,CLUSTER_236,legume_str,601.1,23.00687039115828
CB,CLUSTER_237,pig_man,687.516,105.42563788021296
CB,CLUSTER_238,pig_man,123.38,63.32684275676471
CB,CLUSTER_24,cattle_man,15326.0,17.969905091556527
CB,CLUSTER_24,horse_man,1586.5,17.969905091556527
CB,CLUSTER_24,pig_man,438.94,17.969905091556527
CB,CLUSTER_24,maize_str,610.37,17.969905091556527
CB,CLUSTER_24,rape_str,4848.0,17.969905091556527
CB,CLUSTER_24,legume_str,769.8,17.969905091556527
CB,CLUSTER_242,pig_man,257.9398,57.20483741022512
CB,CLUSTER_246,horse_man,1160.4,32.43020915451571
CB,CLUSTER_246,pig_man,400.322,32.43020915451571
CB,CLUSTER_246,rape_str,1181.0,32.43020915451571
CB,CLUSTER_246,legume_str,345.0,32.43020915451571
CB,CLUSTER_247,cattle_man,2871.0,23.392281080116604
CB,CLUSTER_247,horse_man,632.0,23.392281080116604
CB,CLUSTER_247,pig_man,228.0,23.392281080116604
CB,CLUSTER_247,maize_str,161.1,23.392281080116604
CB,CLUSTER_247,rape_str,3410.0,23.392281080116604
CB,CLUSTER_247,legume_str,474.1,23.392281080116604
CB,CLUSTER_251,horse_man,239.3,39.34634367220045
CB,CLUSTER_251,pig_man,335.71000000000004,39.34634367220045
CB,CLUSTER_251,rape_str,2183.0,39.34634367220045
CB,CLUSTER_251,legume_str,633.1999999999999,39.34634367220045
CB,CLUSTER_255,pig_man,204.36,71.09481000352791
CB,CLUSTER_260,pig_man,45.446,69.09510597695707
CB,CLUSTER_262,pig_man,55.52,110.4348701923595
CB,CLUSTER_265,pig_man,39.79,72.71300030656658
CB,CLUSTER_266,pig_man,616.51,89.29045206978746
CB,CLUSTER_269,pig_man,389.745,98.75940967078525
CB,CLUSTER_271,pig_man,831.7,56.377547433117456
CB,CLUSTER_275,cattle_man,3212.5,30.39861988602162
CB,CLUSTER_275,horse_man,564.0,30.39861988602162
CB,CLUSTER_275,rape_str,2420.0,30.39861988602162
CB,CLUSTER_275,legume_str,322.6,30.39861988602162
CB,CLUSTER_277,horse_man,872.3,31.988031499086954
CB,CLUSTER_277,pig_man,203.959,31.988031499086954
CB,CLUSTER_277,rape_str,2519.0,31.988031499086954
CB,CLUSTER_277,legume_str,748.8,31.988031499086954
CB,CLUSTER_278,pig_man,334.991,102.01952969979848
CB,CLUSTER_283,cattle_man,4490.4,12.864544419053075
CB,CLUSTER_283,horse_man,349.112,12.864544419053075
CB,CLUSTER_283,pig_man,1637.37,12.864544419053075
CB,CLUSTER_283,maize_str,483.1,12.864544419053075
CB,CLUSTER_283,beet_leaf,20320.0,12.864544419053075
CB,CLUSTER_283,rape_str,1599.65,12.864544419053075
CB,CLUSTER_283,legume_str,287.6,12.864544419053075
CB,CLUSTER_289,horse_man,747.4,34.69258632065335
CB,CLUSTER_289,pig_man,222.68,34.69258632065335
CB,CLUSTER_289,rape_str,1516.0,34.69258632065335
CB,CLUSTER_289,legume_str,485.4,34.69258632065335
CB,CLUSTER_293,horse_man,504.0,48.49582380920081
CB,CLUSTER_293,pig_man,338.2269,48.49582380920081
CB,CLUSTER_294,pig_man,937.6,75.29213215710874
CB,CLUSTER_298,cattle_man,6560.0,27.53647402374458
CB,CLUSTER_298,horse_man,591.0,27.53647402374458
CB,CLUSTER_298,maize_str,131.71,27.53647402374458
CB,CLUSTER_298,rape_str,1018.0,27.53647402374458
CB,CLUSTER_298,legume_str,191.9,27.53647402374458
CB,CLUSTER_30,horse_man,478.27,47.43384065808175
CB,CLUSTER_30,pig_man,2280.0,47.43384065808175
CB,CLUSTER_310,pig_man,67.1,71.41083733568735
CB,CLUSTER_314,pig_man,452.226,62.46226739284332
CB,CLUSTER_317,horse_man,217.4,43.2860764298129
CB,CLUSTER_317,pig_man,92.31,43.2860764298129
CB,CLUSTER_317,rape_str,692.0,43.2860764298129
CB,CLUSTER_317,legume_str,236.2,43.2860764298129
CB,CLUSTER_320,cattle_man,1036.0,14.231382114174052
CB,CLUSTER_320,horse_man,151.8,14.231382114174052
CB,CLUSTER_320,pig_man,16.0,14.231382114174052
CB,CLUSTER_320,maize_str,24.130000000000003,14.231382114174052
CB,CLUSTER_320,beet_leaf,2141.0,14.231382114174052
CB,CLUSTER_320,rape_str,1162.3,14.231382114174052
CB,CLUSTER_320,legume_str,113.12,14.231382114174052
CB,CLUSTER_322,pig_man,57.48,112.93621609205756
CB,CLUSTER_325,pig_man,710.15139,79.63413642435177
CB,CLUSTER_326,horse_man,1285.4,54.52834754747056
CB,CLUSTER_326,pig_man,707.3,54.52834754747056
CB,CLUSTER_328,horse_man,333.38,33.356312265196706
CB,CLUSTER_328,pig_man,824.57,33.356312265196706
CB,CLUSTER_328,rape_str,1819.0,33.356312265196706
CB,CLUSTER_328,legume_str,524.0,33.356312265196706
CB,CLUSTER_331,pig_man,621.0,89.73400282608824
CB,CLUSTER_332,cattle_man,620.3,30.13493923333936
CB,CLUSTER_332,horse_man,404.6,30.13493923333936
CB,CLUSTER_332,pig_man,132.8458,30.13493923333936
CB,CLUSTER_332,rape_str,1546.9,30.13493923333936
CB,CLUSTER_332,legume_str,553.2,30.13493923333936
CB,CLUSTER_334,pig_man,214.22,83.10133708140992
CB,CLUSTER_335,pig_man,497.042,92.4595490585574
CB,CLUSTER_336,cattle_man,9570.0,27.523774882828818
CB,CLUSTER_336,horse_man,579.9,27.523774882828818
CB,CLUSTER_336,pig_man,552.236,27.523774882828818
CB,CLUSTER_336,maize_str,516.74,27.523774882828818
CB,CLUSTER_336,rape_str,912.3,27.523774882828818
CB,CLUSTER_336,legume_str,270.07,27.523774882828818
CB,CLUSTER_347,pig_man,55.193,59.42270684493685
CB,CLUSTER_348,cattle_man,2194.0,29.79018568912578
CB,CLUSTER_348,horse_man,429.0,29.79018568912578
CB,CLUSTER_348,pig_man,264.2,29.79018568912578
CB,CLUSTER_348,rape_str,718.0,29.79018568912578
CB,CLUSTER_348,legume_str,156.9,29.79018568912578
CB,CLUSTER_351,pig_man,456.3,113.393079801632
CB,CLUSTER_358,pig_man,505.06,109.88194207612057
CB,CLUSTER_359,pig_man,13.947,93.99627698693502
CB,CLUSTER_36,pig_man,1634.0,77.00441222963548
CB,CLUSTER_361,horse_man,200.3,38.83962829413146
CB,CLUSTER_361,pig_man,900.0,38.83962829413146
CB,CLUSTER_361,rape_str,169.4,38.83962829413146
CB,CLUSTER_361,legume_str,175.4,38.83962829413146
CB,CLUSTER_367,pig_man,1184.2,62.16522871684602
CB,CLUSTER_38,cattle_man,6536.0,18.445707294559178
CB,CLUSTER_38,horse_man,253.79999999999998,18.445707294559178
CB,CLUSTER_38,pig_man,315.61,18.445707294559178
CB,CLUSTER_38,maize_str,30.0,18.445707294559178
CB,CLUSTER_38,rape_str,891.0,18.445707294559178
CB,CLUSTER_38,legume_str,159.5,18.445707294559178
CB,CLUSTER_380,pig_man,506.99999999999994,84.19477698415963
CB,CLUSTER_381,pig_man,167.133571,63.44882905414375
CB,CLUSTER_384,pig_man,123.71,92.48786353248435
CB,CLUSTER_389,cattle_man,790.9,6.393594176269084
CB,CLUSTER_389,cattle_slu,250.0,6.393594176269084
CB,CLUSTER_389,horse_man,483.0,6.393594176269084
CB,CLUSTER_389,pig_man,58.461,6.393594176269084
CB,CLUSTER_389,maize_str,132.9,6.393594176269084
CB,CLUSTER_389,beet_leaf,8760.0,6.393594176269084
CB,CLUSTER_389,rape_str,826.81,6.393594176269084
CB,CLUSTER_389,legume_str,294.0,6.393594176269084
CB,CLUSTER_390,pig_man,1056.886,94.72346151108448
CB,CLUSTER_395,horse_man,552.0799999999999,46.91525625180099
CB,CLUSTER_395,pig_man,29.4111,46.91525625180099
CB,CLUSTER_4,cattle_man,20439.0,18.18080239195777
CB,CLUSTER_4,horse_man,2532.2,18.18080239195777
CB,CLUSTER_4,pig_man,730.49,18.18080239195777
CB,CLUSTER_4,maize_str,287.90000000000003,18.18080239195777
CB,CLUSTER_4,rape_str,2234.4,18.18080239195777
CB,CLUSTER_4,legume_str,531.23,18.18080239195777
CB,CLUSTER_40,pig_man,213.46,93.3335983278734
CB,CLUSTER_401,pig_man,189.6729,81.36586796352034
CB,CLUSTER_404,pig_man,75.63,84.98106669008038
CB,CLUSTER_405,horse_man,311.8,37.09850232861847
CB,CLUSTER_405,pig_man,1316.0,37.09850232861847
CB,CLUSTER_405,rape_str,758.7,37.09850232861847
CB,CLUSTER_405,legume_str,321.95,37.09850232861847
CB,CLUSTER_41,pig_man,16.8586,62.68992046920829
CB,CLUSTER_410,cattle_man,1890.440970430146,31.2529362597304
CB,CLUSTER_410,horse_man,808.4,31.2529362597304
CB,CLUSTER_410,pig_man,261.9019,31.2529362597304
CB,CLUSTER_410,rape_str,2374.0,31.2529362597304
CB,CLUSTER_410,legume_str,361.8,31.2529362597304
CB,CLUSTER_414,pig_man,218.538,110.09596944497952
CB,CLUSTER_417,cattle_man,11640.0,10.978695487239545
CB,CLUSTER_417,horse_man,430.8,10.978695487239545
CB,CLUSTER_417,pig_man,197.25,10.978695487239545
CB,CLUSTER_417,maize_str,88.36,10.978695487239545
CB,CLUSTER_417,beet_leaf,12800.0,10.978695487239545
CB,CLUSTER_417,rape_str,677.4,10.978695487239545
CB,CLUSTER_417,legume_str,179.52,10.978695487239545
CB,CLUSTER_418,horse_man,144.9,41.44676423070559
CB,CLUSTER_418,pig_man,116.425,41.44676423070559
CB,CLUSTER_418,rape_str,1244.0,41.44676423070559
CB,CLUSTER_418,legume_str,130.8,41.44676423070559
CB,CLUSTER_419,pig_man,62.91951999999999,98.64032051714288
CB,CLUSTER_420,horse_man,315.77,46.55514107526804
CB,CLUSTER_420,pig_man,412.5,46.55514107526804
CB,CLUSTER_421,horse_man,802.6,52.065125535830326
CB,CLUSTER_424,horse_man,879.04,37.57417020072709
CB,CLUSTER_424,pig_man,185.966,37.57417020072709
CB,CLUSTER_424,rape_str,2239.8,37.57417020072709
CB,CLUSTER_424,legume_str,524.5,37.57417020072709
CB,CLUSTER_425,pig_man,14.561,72.5726346782438
CB,CLUSTER_426,pig_man,46.733,74.00734264182081
CB,CLUSTER_430,horse_man,480.0,44.82469823299164
CB,CLUSTER_430,pig_man,159.375,44.82469823299164
CB,CLUSTER_430,legume_str,108.18,44.82469823299164
CB,CLUSTER_433,pig_man,179.118,84.62876088219384
CB,CLUSTER_435,pig_man,46.49,104.52561870372948
CB,CLUSTER_437,pig_man,50.0,107.99955910053328
CB,CLUSTER_444,pig_man,84.611,71.9316680761306
CB,CLUSTER_445,horse_man,58.691,50.64990680208731
CB,CLUSTER_445,pig_man,3700.0,50.64990680208731
CB,CLUSTER_449,horse_man,518.500398,51.08102180290623
CB,CLUSTER_449,pig_man,577.091,51.08102180290623
CB,CLUSTER_454,pig_man,279.8,69.79789598094057
CB,CLUSTER_455,horse_man,810.1,43.93453505685531
CB,CLUSTER_455,pig_man,488.40999999999997,43.93453505685531
CB,CLUSTER_455,rape_str,1213.0,43.93453505685531
CB,CLUSTER_455,legume_str,362.4,43.93453505685531
CB,CLUSTER_459,pig_man,243.8,111.58170298070092
CB,CLUSTER_46,horse_man,2237.0,40.7114370749871
CB,CLUSTER_46,pig_man,83.87871,40.7114370749871
CB,CLUSTER_46,rape_str,1841.4,40.7114370749871
CB,CLUSTER_46,legume_str,245.43999999999997,40.7114370749871
CB,CLUSTER_460,pig_man,189.907,73.21475937220814
CB,CLUSTER_462,pig_man,169.4,67.20293640305653
CB,CLUSTER_465,pig_man,518.0,60.77497446630811
CB,CLUSTER_467,pig_man,1040.9,69.82912641244582
CB,CLUSTER_468,horse_man,11.2,50.21382793583979
CB,CLUSTER_483,horse_man,289.75,41.745824205180256
CB,CLUSTER_483,pig_man,2458.9,41.745824205180256
CB,CLUSTER_483,rape_str,440.9,41.745824205180256
CB,CLUSTER_483,legume_str,415.5,41.745824205180256
CB,CLUSTER_486,pig_man,772.0,58.883663044470445
CB,CLUSTER_487,cattle_man,16400.0,10.63810093232082
CB,CLUSTER_487,horse_man,431.5,10.63810093232082
CB,CLUSTER_487,pig_man,299.25,10.63810093232082
CB,CLUSTER_487,maize_str,637.4,10.63810093232082
CB,CLUSTER_487,beet_leaf,25760.0,10.63810093232082
CB,CLUSTER_487,rape_str,1529.0,10.63810093232082
CB,CLUSTER_487,legume_str,702.12,10.63810093232082
CB,CLUSTER_49,cattle_man,15490.0,22.20688108798745
CB,CLUSTER_49,horse_man,1710.1,22.20688108798745
CB,CLUSTER_49,pig_man,231.961,22.20688108798745
CB,CLUSTER_49,maize_str,516.3,22.20688108798745
CB,CLUSTER_49,rape_str,2778.0,22.20688108798745
CB,CLUSTER_49,legume_str,470.832,22.20688108798745
CB,CLUSTER_490,pig_man,105.9,84.29271468481221
CB,CLUSTER_491,horse_man,277.6,34.11579193741128
CB,CLUSTER_491,pig_man,236.64,34.11579193741128
CB,CLUSTER_491,rape_str,1665.0,34.11579193741128
CB,CLUSTER_491,legume_str,275.7,34.11579193741128
CB,CLUSTER_494,horse_man,104.9,46.25014543479059
CB,CLUSTER_494,pig_man,566.9,46.25014543479059
CB,CLUSTER_497,horse_man,138.1,39.25106476331538
CB,CLUSTER_497,pig_man,347.9,39.25106476331538
CB,CLUSTER_497,rape_str,1290.0,39.25106476331538
CB,CLUSTER_497,legume_str,206.1,39.25106476331538
CB,CLUSTER_506,cattle_man,1700.0,30.587167783987603
CB,CLUSTER_506,horse_man,529.0,30.587167783987603
CB,CLUSTER_506,pig_man,228.0325,30.587167783987603
CB,CLUSTER_506,rape_str,1143.0,30.587167783987603
CB,CLUSTER_506,legume_str,340.0,30.587167783987603
CB,CLUSTER_517,horse_man,372.7,38.34639601027136
CB,CLUSTER_517,rape_str,729.3,38.34639601027136
CB,CLUSTER_517,legume_str,119.6,38.34639601027136
CB,CLUSTER_524,pig_man,18.178,67.70817952041712
CB,CLUSTER_525,horse_man,29.06,47.226638744372416
CB,CLUSTER_525,pig_man,24.965,47.226638744372416
CB,CLUSTER_526,pig_man,141.0,64.28185041659714
CB,CLUSTER_530,pig_man,84.5,63.45817452698976
CB,CLUSTER_532,pig_man,411.16,58.270904501589655
CB,CLUSTER_535,pig_man,303.3,68.75894630090814
CB,CLUSTER_536,pig_man,168.6,107.04079390633896
CB,CLUSTER_538,horse_man,768.4,33.68544709201734
CB,CLUSTER_538,pig_man,151.197,33.68544709201734
CB,CLUSTER_538,rape_str,957.0,33.68544709201734
CB,CLUSTER_538,legume_str,213.05,33.68544709201734
CB,CLUSTER_55,pig_man,46.48,83.67228497819377
CB,CLUSTER_56,pig_man,427.76,68.56611934433299
CB,CLUSTER_60,pig_man,45.1582,68.58572516605824
CB,CLUSTER_66,pig_man,180.310571,89.12678944281333
CB,CLUSTER_75,cattle_man,15511.3,23.991733776637723
CB,CLUSTER_75,horse_man,1454.5,23.991733776637723
CB,CLUSTER_75,pig_man,1113.72,23.991733776637723
CB,CLUSTER_75,maize_str,550.06,23.991733776637723
CB,CLUSTER_75,rape_str,1046.1,23.991733776637723
CB,CLUSTER_75,legume_str,172.5,23.991733776637723
CB,CLUSTER_76,pig_man,125.42999999999999,97.16779002909092
CB,CLUSTER_78,pig_man,141.0,97.87213164019325
CB,CLUSTER_80,horse_man,210.9,41.75469299276755
CB,CLUSTER_80,pig_man,275.303,41.75469299276755
CB,CLUSTER_80,rape_str,3516.0,41.75469299276755
CB,CLUSTER_80,legume_str,346.7,41.75469299276755
CB,CLUSTER_87,horse_man,362.10543,36.849350318076624
CB,CLUSTER_87,pig_man,544.04,36.849350318076624
CB,CLUSTER_87,rape_str,922.9,36.849350318076624
CB,CLUSTER_87,legume_str,729.0,36.849350318076624
CB,CLUSTER_88,pig_man,46.485800000000005,56.26873696195264
CB,CLUSTER_95,horse_man,229.22,50.43252780000346
CB,CLUSTER_95,pig_man,778.92,50.43252780000346
CB,CLUSTER_96,pig_man,107.14,77.52768011759609
CB,CLUSTER_97,cattle_man,4494.0,18.92319564984584
CB,CLUSTER_97,horse_man,1266.8,18.92319564984584
CB,CLUSTER_97,pig_man,302.6467,18.92319564984584
CB,CLUSTER_97,maize_str,150.8,18.92319564984584
CB,CLUSTER_97,rape_str,3629.0,18.92319564984584
CB,CLUSTER_97,legume_str,684.7,18.92319564984584
CB,CLUSTER_98,pig_man,181.343,103.15979693859524
BR,CLUSTER_101,pig_man,311.45,96.49510437677972
BR,CLUSTER_105,cattle_man,16042.0,24.522864367119578
BR,CLUSTER_105,horse_man,2293.0,24.522864367119578
BR,CLUSTER_105,legume_str,17.03,24.522864367119578
BR,CLUSTER_106,horse_man,1081.1,31.017284830385403
BR,CLUSTER_106,pig_man,245.613,31.017284830385403
BR,CLUSTER_106,beet_leaf,408.0,31.017284830385403
BR,CLUSTER_106,rape_str,253.62000000000003,31.017284830385403
BR,CLUSTER_106,legume_str,84.6,31.017284830385403
BR,CLUSTER_111,cattle_man,13173.0,12.943394317953846
BR,CLUSTER_111,horse_man,2114.0,12.943394317953846
BR,CLUSTER_111,pig_man,262.226,12.943394317953846
BR,CLUSTER_111,clover_alfalfa_grass,7266.0,12.943394317953846
BR,CLUSTER_111,maize_str,503.2,12.943394317953846
BR,CLUSTER_111,beet_leaf,1805.49,12.943394317953846
BR,CLUSTER_111,rape_str,739.75,12.943394317953846
BR,CLUSTER_111,legume_str,253.9,12.943394317953846
BR,CLUSTER_117,pig_man,153.071,71.51985717881027
BR,CLUSTER_118,cattle_man,21190.0,21.578912516814725
BR,CLUSTER_118,horse_man,710.0,21.578912516814725
BR,CLUSTER_118,maize_str,124.29999999999998,21.578912516814725
BR,CLUSTER_118,beet_leaf,119.0,21.578912516814725
BR,CLUSTER_118,rape_str,80.0,21.578912516814725
BR,CLUSTER_118,legume_str,97.25,21.578912516814725
BR,CLUSTER_123,horse_man,1614.0,43.23054673674401
BR,CLUSTER_123,pig_man,92.5800179,43.23054673674401
BR,CLUSTER_123,rape_str,1051.0,43.23054673674401
BR,CLUSTER_123,legume_str,222.8,43.23054673674401
BR,CLUSTER_127,cattle_man,15806.0,3.339951389943876
BR,CLUSTER_127,cattle_slu,88570.0,3.339951389943876
BR,CLUSTER_127,horse_man,2828.1,3.339951389943876
BR,CLUSTER_127,pig_slu,90.2,3.339951389943876
BR,CLUSTER_127,clover_alfalfa_grass,8332.0,3.339951389943876
BR,CLUSTER_127,maize_str,111.55,3.339951389943876
BR,CLUSTER_127,beet_leaf,301.0,3.339951389943876
BR,CLUSTER_127,rape_str,575.6,3.339951389943876
BR,CLUSTER_127,legume_str,193.6,3.339951389943876
BR,CLUSTER_128,pig_man,539.0,56.21218166228757
BR,CLUSTER_129,pig_man,245.9917,73.6398505703473
BR,CLUSTER_13,cattle_man,22490.0,11.319350755089063
BR,CLUSTER_13,cattle_slu,50369.98009504837,11.319350755089063
BR,CLUSTER_13,horse_man,4880.0,11.319350755089063
BR,CLUSTER_13,pig_man,152.17000000000002,11.319350755089063
BR,CLUSTER_13,clover_alfalfa_grass,11325.6,11.319350755089063
BR,CLUSTER_13,maize_str,79.0,11.319350755089063
BR,CLUSTER_13,beet_leaf,855.0,11.319350755089063
BR,CLUSTER_13,rape_str,186.63,11.319350755089063
BR,CLUSTER_13,legume_str,218.8,11.319350755089063
BR,CLUSTER_132,pig_man,943.9,59.6777896705114
BR,CLUSTER_136,horse_man,3775.0,38.57744088269506
BR,CLUSTER_137,pig_man,11.12,44.964526145840345
BR,CLUSTER_14,pig_man,256.805,48.94736709896836
BR,CLUSTER_14,rape_str,1443.9,48.94736709896836
BR,CLUSTER_14,legume_str,20.98,48.94736709896836
BR,CLUSTER_157,legume_str,10.8,47.088056887215394
BR,CLUSTER_166,horse_man,763.7,39.5135790998833
BR,CLUSTER_166,pig_man,110.044731,39.5135790998833
BR,CLUSTER_166,rape_str,257.0,39.5135790998833
BR,CLUSTER_166,legume_str,112.33,39.5135790998833
BR,CLUSTER_174,horse_man,1427.5,28.98860694209665
BR,CLUSTER_176,pig_man,232.96,86.92008713399531
BR,CLUSTER_178,horse_man,5256.0,39.15444374745047
BR,CLUSTER_178,rape_str,39.4,39.15444374745047
BR,CLUSTER_178,legume_str,41.78,39.15444374745047
BR,CLUSTER_187,cattle_man,2506.0622638399254,25.25868402304812
BR,CLUSTER_187,horse_man,2955.0,25.25868402304812
BR,CLUSTER_187,pig_man,939.3,25.25868402304812
BR,CLUSTER_187,maize_str,1046.0,25.25868402304812
BR,CLUSTER_187,beet_leaf,15060.0,25.25868402304812
BR,CLUSTER_187,rape_str,1186.6,25.25868402304812
BR,CLUSTER_187,legume_str,419.6,25.25868402304812
BR,CLUSTER_201,horse_man,2174.1,30.512353859981943
BR,CLUSTER_201,beet_leaf,188.4,30.512353859981943
BR,CLUSTER_201,rape_str,52.69,30.512353859981943
BR,CLUSTER_201,legume_str,94.3,30.512353859981943
BR,CLUSTER_206,horse_man,726.8,32.039076704885524
BR,CLUSTER_206,pig_man,146.60494999999997,32.039076704885524
BR,CLUSTER_206,beet_leaf,491.2,32.039076704885524
BR,CLUSTER_206,rape_str,81.58,32.039076704885524
BR,CLUSTER_206,legume_str,98.69,32.039076704885524
BR,CLUSTER_207,horse_man,1783.0,37.08293191321055
BR,CLUSTER_209,cattle_man,13940.0,20.159923128778097
BR,CLUSTER_209,horse_man,1265.6,20.159923128778097
BR,CLUSTER_209,maize_str,82.59,20.159923128778097
BR,CLUSTER_209,rape_str,261.2,20.159923128778097
BR,CLUSTER_209,legume_str,188.51,20.159923128778097
BR,CLUSTER_210,cattle_man,12910.0,12.996177438032916
BR,CLUSTER_210,horse_man,779.0,12.996177438032916
BR,CLUSTER_210,pig_man,122.09999999999998,12.996177438032916
BR,CLUSTER_210,clover_alfalfa_grass,5428.0,12.996177438032916
BR,CLUSTER_210,maize_str,159.54,12.996177438032916
BR,CLUSTER_210,rape_str,548.7,12.996177438032916
BR,CLUSTER_210,legume_str,108.0,12.996177438032916
BR,CLUSTER_243,horse_man,2781.0,39.5573720827631
BR,CLUSTER_248,pig_man,337.0,96.84055108333192
BR,CLUSTER_252,horse_man,2046.0,41.57202726097253
BR,CLUSTER_253,pig_man,379.28,59.08946400150037
BR,CLUSTER_264,horse_man,387.684,31.738823807588155
BR,CLUSTER_264,pig_man,100.19925,31.738823807588155
BR,CLUSTER_264,beet_leaf,541.0,31.738823807588155
BR,CLUSTER_264,rape_str,125.89999999999999,31.738823807588155
BR,CLUSTER_264,legume_str,18.9,31.738823807588155
BR,CLUSTER_297,horse_man,3459.0,36.19909722701337
BR,CLUSTER_297,rape_str,668.0,36.19909722701337
BR,CLUSTER_297,legume_str,363.98,36.19909722701337
BR,CLUSTER_3,rape_str,310.9,43.5044245262973
BR,CLUSTER_3,legume_str,100.2,43.5044245262973
BR,CLUSTER_303,pig_man,1707.0,87.12478532004822
BR,CLUSTER_305,pig_man,388.58,54.825683067634216
BR,CLUSTER_313,cattle_man,20560.0,19.528875708487565
BR,CLUSTER_313,horse_man,2810.0,19.528875708487565
BR,CLUSTER_313,pig_man,14.107,19.528875708487565
BR,CLUSTER_313,clover_alfalfa_grass,2004.0000000000002,19.528875708487565
BR,CLUSTER_313,maize_str,26.06,19.528875708487565
BR,CLUSTER_315,horse_man,1179.8,42.10372495539654
BR,CLUSTER_315,rape_str,1513.0,42.10372495539654
BR,CLUSTER_315,legume_str,373.6,42.10372495539654
BR,CLUSTER_316,pig_man,1285.8,61.77171827660784
BR,CLUSTER_324,rape_str,1080.0,49.86811221206133
BR,CLUSTER_324,legume_str,578.7,49.86811221206133
BR,CLUSTER_337,cattle_man,13540.0,24.745348067914083
BR,CLUSTER_337,horse_man,1000.0599999999998,24.745348067914083
BR,CLUSTER_337,maize_str,130.3155,24.745348067914083
BR,CLUSTER_337,beet_leaf,417.0,24.745348067914083
BR,CLUSTER_337,rape_str,148.0,24.745348067914083
BR,CLUSTER_337,legume_str,187.9,24.745348067914083
BR,CLUSTER_341,pig_man,160.94299999999998,50.58870437368413
BR,CLUSTER_342,rape_str,755.7,46.38624955952256
BR,CLUSTER_342,legume_str,689.9,46.38624955952256
BR,CLUSTER_362,cattle_man,13100.0,16.28694257641711
BR,CLUSTER_362,horse_man,2769.0,16.28694257641711
BR,CLUSTER_362,clover_alfalfa_grass,1835.0,16.28694257641711
BR,CLUSTER_362,maize_str,11.4,16.28694257641711
BR,CLUSTER_362,legume_str,13.96,16.28694257641711
BR,CLUSTER_365,horse_man,1341.0,35.99534854333551
BR,CLUSTER_365,rape_str,408.7,35.99534854333551
BR,CLUSTER_365,legume_str,86.1,35.99534854333551
BR,CLUSTER_366,horse_man,199.48,37.80999583765123
BR,CLUSTER_366,rape_str,303.82,37.80999583765123
BR,CLUSTER_366,legume_str,55.69,37.80999583765123
BR,CLUSTER_368,horse_man,1001.7000000000002,35.30834376437621
BR,CLUSTER_368,pig_man,61.345000000000006,35.30834376437621
BR,CLUSTER_368,rape_str,482.8,35.30834376437621
BR,CLUSTER_368,legume_str,152.78,35.30834376437621
BR,CLUSTER_375,horse_man,280.5,42.31167040240349
BR,CLUSTER_376,horse_man,494.96000000000004,31.419426262644773
BR,CLUSTER_376,beet_leaf,9480.0,31.419426262644773
BR,CLUSTER_376,rape_str,1421.0,31.419426262644773
BR,CLUSTER_376,legume_str,508.0,31.419426262644773
BR,CLUSTER_377,pig_man,294.4,85.77330854898733
BR,CLUSTER_379,cattle_man,18540.0,13.246820105564916
BR,CLUSTER_379,horse_man,612.5,13.246820105564916
BR,CLUSTER_379,clover_alfalfa_grass,4509.0,13.246820105564916
BR,CLUSTER_379,maize_str,28.1,13.246820105564916
BR,CLUSTER_379,beet_leaf,586.0,13.246820105564916
BR,CLUSTER_379,rape_str,35.6,13.246820105564916
BR,CLUSTER_379,legume_str,33.1,13.246820105564916
BR,CLUSTER_383,horse_man,1382.2,42.55659879777026
BR,CLUSTER_383,pig_man,350.7,42.55659879777026
BR,CLUSTER_383,rape_str,355.5,42.55659879777026
BR,CLUSTER_383,legume_str,135.1,42.55659879777026
BR,CLUSTER_39,horse_man,1942.0,42.477819451878055
BR,CLUSTER_393,rape_str,213.5,49.91605240556361
BR,CLUSTER_393,legume_str,44.84,49.91605240556361
BR,CLUSTER_411,cattle_man,18310.0,22.079047652321
BR,CLUSTER_411,horse_man,1163.4,22.079047652321
BR,CLUSTER_411,pig_man,527.79,22.079047652321
BR,CLUSTER_411,maize_str,443.52,22.079047652321
BR,CLUSTER_411,beet_leaf,190.0,22.079047652321
BR,CLUSTER_411,rape_str,409.6,22.079047652321
BR,CLUSTER_411,legume_str,302.2,22.079047652321
BR,CLUSTER_412,horse_man,2158.0,36.18057480081865
BR,CLUSTER_415,horse_man,3241.0,41.65107932779224
BR,CLUSTER_415,rape_str,246.40000000000003,41.65107932779224
BR,CLUSTER_415,legume_str,238.0,41.65107932779224
BR,CLUSTER_42,pig_man,1804.5,74.53557579331301
BR,CLUSTER_427,rape_str,1173.4,48.813614366538346
BR,CLUSTER_427,legume_str,351.0,48.813614366538346
BR,CLUSTER_428,cattle_man,6500.0,17.771796196122057
BR,CLUSTER_428,horse_man,792.0,17.771796196122057
BR,CLUSTER_428,clover_alfalfa_grass,7594.0,17.771796196122057
BR,CLUSTER_428,maize_str,453.0,17.771796196122057
BR,CLUSTER_428,beet_leaf,2088.0,17.771796196122057
BR,CLUSTER_428,rape_str,780.5,17.771796196122057
BR,CLUSTER_428,legume_str,401.5,17.771796196122057
BR,CLUSTER_432,cattle_man,3340.0,20.120218913594236
BR,CLUSTER_432,horse_man,1122.3,20.120218913594236
BR,CLUSTER_432,clover_alfalfa_grass,4298.434793272049,20.120218913594236
BR,CLUSTER_432,maize_str,329.9,20.120218913594236
BR,CLUSTER_432,beet_leaf,3840.0,20.120218913594236
BR,CLUSTER_432,rape_str,1000.6999999999999,20.120218913594236
BR,CLUSTER_432,legume_str,291.34000000000003,20.120218913594236
BR,CLUSTER_434,cattle_man,10390.0,23.1287824231437
BR,CLUSTER_434,horse_man,816.4,23.1287824231437
BR,CLUSTER_44,horse_man,1288.0,28.98248355976088
BR,CLUSTER_44,rape_str,694.67,28.98248355976088
BR,CLUSTER_44,legume_str,336.7,28.98248355976088
BR,CLUSTER_443,cattle_man,12880.0,4.382246066253079
BR,CLUSTER_443,cattle_slu,70720.0,4.382246066253079
BR,CLUSTER_443,horse_man,1016.9999999999999,4.382246066253079
BR,CLUSTER_443,clover_alfalfa_grass,5871.0,4.382246066253079
BR,CLUSTER_443,maize_str,154.0,4.382246066253079
BR,CLUSTER_443,rape_str,172.0,4.382246066253079
BR,CLUSTER_443,legume_str,58.24,4.382246066253079
BR,CLUSTER_446,cattle_man,11600.0,16.700143956164176
BR,CLUSTER_446,horse_man,1600.0,16.700143956164176
BR,CLUSTER_446,pig_man,216.2920123,16.700143956164176
BR,CLUSTER_446,clover_alfalfa_grass,4190.0,16.700143956164176
BR,CLUSTER_446,maize_str,265.09,16.700143956164176
BR,CLUSTER_446,beet_leaf,229.0,16.700143956164176
BR,CLUSTER_446,rape_str,165.0,16.700143956164176
BR,CLUSTER_446,legume_str,132.72,16.700143956164176
BR,CLUSTER_452,pig_man,550.0,78.11384449797812
BR,CLUSTER_463,horse_man,384.3,41.94233932146503
BR,CLUSTER_463,pig_man,180.00319,41.94233932146503
BR,CLUSTER_463,rape_str,181.4,41.94233932146503
BR,CLUSTER_463,legume_str,20.57,41.94233932146503
BR,CLUSTER_479,horse_man,1092.0,32.78357551555631
BR,CLUSTER_479,rape_str,157.9,32.78357551555631
BR,CLUSTER_479,legume_str,75.09,32.78357551555631
BR,CLUSTER_485,horse_man,1447.0,41.14788317591864
BR,CLUSTER_485,rape_str,948.0,41.14788317591864
BR,CLUSTER_485,legume_str,229.0,41.14788317591864
BR,CLUSTER_500,pig_man,32.309999999999995,47.95872681409711
BR,CLUSTER_500,rape_str,858.0,47.95872681409711
BR,CLUSTER_500,legume_str,135.3,47.95872681409711
BR,CLUSTER_502,horse_man,2093.0,28.10346568607469
BR,CLUSTER_502,rape_str,37.2,28.10346568607469
BR,CLUSTER_507,horse_man,1199.4,26.07815102454241
BR,CLUSTER_507,maize_str,699.0,26.07815102454241
BR,CLUSTER_507,beet_leaf,5360.0,26.07815102454241
BR,CLUSTER_507,rape_str,1388.0,26.07815102454241
BR,CLUSTER_507,legume_str,319.0,26.07815102454241
BR,CLUSTER_51,horse_man,2617.0,35.321693183969145
BR,CLUSTER_511,horse_man,1308.3100000000002,28.19964108311279
BR,CLUSTER_511,beet_leaf,1983.0,28.19964108311279
BR,CLUSTER_511,rape_str,393.2,28.19964108311279
BR,CLUSTER_511,legume_str,142.4,28.19964108311279
BR,CLUSTER_515,pig_man,1089.0,72.84544010125398
BR,CLUSTER_527,pig_man,48.0347,75.25963805573555
BR,CLUSTER_531,pig_man,133.0,62.857732154838985
BR,CLUSTER_533,pig_man,70.10000000000001,63.23371351466842
BR,CLUSTER_534,horse_man,1873.6,37.61224467028306
BR,CLUSTER_534,rape_str,1184.0,37.61224467028306
BR,CLUSTER_534,legume_str,317.1,37.61224467028306
BR,CLUSTER_543,cattle_man,10570.0,14.141843167915956
BR,CLUSTER_543,horse_man,158.9,14.141843167915956
BR,CLUSTER_543,pig_man,36.089,14.141843167915956
BR,CLUSTER_543,clover_alfalfa_grass,928.0,14.141843167915956
BR,CLUSTER_543,maize_str,21.22,14.141843167915956
BR,CLUSTER_543,rape_str,46.2,14.141843167915956
BR,CLUSTER_543,legume_str,17.48,14.141843167915956
BR,CLUSTER_548,horse_man,2324.0,38.33569156636237
BR,CLUSTER_548,rape_str,123.00000000000001,38.33569156636237
BR,CLUSTER_548,legume_str,30.47,38.33569156636237
BR,CLUSTER_6,pig_man,1816.7,97.52010009695938
BR,CLUSTER_65,pig_man,165.989,56.04893285836297
BR,CLUSTER_74,horse_man,3010.0,29.081554182185872
BR,CLUSTER_82,pig_man,554.226263,95.77746711597322
BR,CLUSTER_83,horse_man,2092.0,41.35010870952617
BR,CLUSTER_83,pig_man,44.2,41.35010870952617
BR,CLUSTER_83,rape_str,472.0,41.35010870952617
BR,CLUSTER_83,legume_str,40.02,41.35010870952617
BR,CLUSTER_84,horse_man,4351.0,27.978125682727857
BR,CLUSTER_84,rape_str,62.8,27.978125682727857
BR,CLUSTER_84,legume_str,70.97,27.978125682727857
BR,CLUSTER_86,horse_man,1875.0,28.34145859599208
BR,CLUSTER_9,pig_man,1813.0,67.06688368015985
AK,CLUSTER_124,cattle_man,20030.0,24.66953640492466
AK,CLUSTER_124,horse_man,2749.0,24.66953640492466
AK,CLUSTER_124,legume_str,92.4,24.66953640492466
AK,CLUSTER_130,pig_man,304.35,109.88468623716344
AK,CLUSTER_146,horse_man,847.0,33.5644130692433
AK,CLUSTER_155,horse_man,1141.3,46.62985952854388
AK,CLUSTER_159,cattle_man,8440.0,18.646787635467263
AK,CLUSTER_159,horse_man,2721.0,18.646787635467263
AK,CLUSTER_159,maize_str,9172.0,18.646787635467263
AK,CLUSTER_159,beet_leaf,1650.0,18.646787635467263
AK,CLUSTER_159,rape_str,771.0,18.646787635467263
AK,CLUSTER_159,legume_str,421.3,18.646787635467263
AK,CLUSTER_17,pig_man,202.955,99.52038096552742
AK,CLUSTER_189,horse_man,1789.0,42.3880988125506
AK,CLUSTER_193,horse_man,1133.0,41.713946009044776
AK,CLUSTER_196,horse_man,1807.0,43.09059517693943
AK,CLUSTER_202,cattle_man,16100.0,16.989577785589592
AK,CLUSTER_202,horse_man,1917.3,16.989577785589592
AK,CLUSTER_202,maize_str,1620.21,16.989577785589592
AK,CLUSTER_202,beet_leaf,748.0,16.989577785589592
AK,CLUSTER_202,rape_str,65.6,16.989577785589592
AK,CLUSTER_202,legume_str,151.06,16.989577785589592
AK,CLUSTER_208,horse_man,1364.6,45.6573044730746
AK,CLUSTER_214,horse_man,1119.6,35.38438655601537
AK,CLUSTER_214,pig_man,13.92,35.38438655601537
AK,CLUSTER_214,legume_str,85.15,35.38438655601537
AK,CLUSTER_223,horse_man,1582.6,46.30925193021236
AK,CLUSTER_225,cattle_man,6770.0,13.24216987310062
AK,CLUSTER_225,cattle_slu,30790.0,13.24216987310062
AK,CLUSTER_225,horse_man,1039.7,13.24216987310062
AK,CLUSTER_225,maize_str,8410.0,13.24216987310062
AK,CLUSTER_225,beet_leaf,5020.0,13.24216987310062
AK,CLUSTER_225,rape_str,1132.3,13.24216987310062
AK,CLUSTER_225,legume_str,589.4,13.24216987310062
AK,CLUSTER_228,cattle_man,10463.0,24.818680705886496
AK,CLUSTER_228,horse_man,1313.4,24.818680705886496
AK,CLUSTER_233,cattle_man,5430.0,20.194122897451606
AK,CLUSTER_233,horse_man,1224.0,20.194122897451606
AK,CLUSTER_233,maize_str,2980.0,20.194122897451606
AK,CLUSTER_233,beet_leaf,1632.0,20.194122897451606
AK,CLUSTER_233,rape_str,718.0,20.194122897451606
AK,CLUSTER_233,legume_str,413.0,20.194122897451606
AK,CLUSTER_241,horse_man,968.1,42.55303763402243
AK,CLUSTER_241,rape_str,46.0,42.55303763402243
AK,CLUSTER_241,legume_str,14.47,42.55303763402243
AK,CLUSTER_250,cattle_man,8735.82,25.632720586373114
AK,CLUSTER_250,horse_man,1190.0,25.632720586373114
AK,CLUSTER_254,horse_man,1711.5,38.78260812001495
AK,CLUSTER_258,cattle_man,16820.0,24.22551146422404
AK,CLUSTER_258,horse_man,1914.0,24.22551146422404
AK,CLUSTER_258,legume_str,10.47,24.22551146422404
AK,CLUSTER_270,horse_man,2875.0,29.57312097820956
AK,CLUSTER_270,rape_str,169.7,29.57312097820956
AK,CLUSTER_270,legume_str,180.75,29.57312097820956
AK,CLUSTER_273,horse_man,1064.0,37.87656538820248
AK,CLUSTER_273,rape_str,116.6,37.87656538820248
AK,CLUSTER_273,legume_str,126.2,37.87656538820248
AK,CLUSTER_274,horse_man,783.4,35.44721806148899
AK,CLUSTER_274,rape_str,401.4,35.44721806148899
AK,CLUSTER_274,legume_str,393.2,35.44721806148899
AK,CLUSTER_276,horse_man,1192.0,41.05986712628592
AK,CLUSTER_282,cattle_man,10020.0,6.087978140740391
AK,CLUSTER_282,cattle_slu,48900.0,6.087978140740391
AK,CLUSTER_282,horse_man,1029.0,6.087978140740391
AK,CLUSTER_282,clover_alfalfa_grass,1289.0,6.087978140740391
AK,CLUSTER_282,maize_str,1199.9,6.087978140740391
AK,CLUSTER_282,beet_leaf,497.00000000000006,6.087978140740391
AK,CLUSTER_282,rape_str,168.6,6.087978140740391
AK,CLUSTER_282,legume_str,149.16,6.087978140740391
AK,CLUSTER_285,horse_man,3438.0,32.94695065465131
AK,CLUSTER_291,cattle_man,2457.376,27.543254192447503
AK,CLUSTER_291,horse_man,1658.0,27.543254192447503
AK,CLUSTER_291,rape_str,424.0,27.543254192447503
AK,CLUSTER_291,legume_str,875.6,27.543254192447503
AK,CLUSTER_292,cattle_man,8900.0,21.106005634134977
AK,CLUSTER_292,horse_man,3197.0,21.106005634134977
AK,CLUSTER_292,maize_str,6436.247680182174,21.106005634134977
AK,CLUSTER_292,beet_leaf,1388.0,21.106005634134977
AK,CLUSTER_292,rape_str,1890.0,21.106005634134977
AK,CLUSTER_292,legume_str,588.0,21.106005634134977
AK,CLUSTER_296,cattle_man,6573.0,15.84957132813178
AK,CLUSTER_296,horse_man,902.0,15.84957132813178
AK,CLUSTER_296,maize_str,81.94,15.84957132813178
AK,CLUSTER_296,legume_str,10.71,15.84957132813178
AK,CLUSTER_343,pig_man,296.7,99.09083851993832
AK,CLUSTER_355,horse_man,1202.0,38.08249317818321
AK,CLUSTER_355,rape_str,1192.0,38.08249317818321
AK,CLUSTER_355,legume_str,1096.0,38.08249317818321
AK,CLUSTER_402,horse_man,859.0,36.32470472785701
AK,CLUSTER_402,rape_str,21.1,36.32470472785701
AK,CLUSTER_402,legume_str,299.0,36.32470472785701
AK,CLUSTER_416,horse_man,387.2,41.38048888319686
AK,CLUSTER_436,horse_man,830.0,34.323387590771
AK,CLUSTER_436,rape_str,941.0,34.323387590771
AK,CLUSTER_436,legume_str,253.39999999999998,34.323387590771
AK,CLUSTER_439,pig_man,625.9,108.0834792360596
AK,CLUSTER_442,horse_man,2096.0,34.98495704355965
AK,CLUSTER_442,legume_str,12.73,34.98495704355965
AK,CLUSTER_45,pig_man,55.502,117.71081238409552
AK,CLUSTER_450,horse_man,963.9,43.693696116165306
AK,CLUSTER_450,rape_str,562.7,43.693696116165306
AK,CLUSTER_450,legume_str,406.3,43.693696116165306
AK,CLUSTER_456,cattle_man,18.534,21.34826924912601
AK,CLUSTER_456,horse_man,275.0,21.34826924912601
AK,CLUSTER_456,beet_leaf,15160.0,21.34826924912601
AK,CLUSTER_456,rape_str,206.8,21.34826924912601
AK,CLUSTER_456,legume_str,113.6,21.34826924912601
AK,CLUSTER_457,cattle_man,11400.0,15.093433277530874
AK,CLUSTER_457,horse_man,1512.5,15.093433277530874
AK,CLUSTER_457,maize_str,314.0,15.093433277530874
AK,CLUSTER_457,rape_str,30.800000000000004,15.093433277530874
AK,CLUSTER_457,legume_str,108.18,15.093433277530874
AK,CLUSTER_470,pig_man,190.5,71.24231685726686
AK,CLUSTER_472,pig_man,22.5159,89.67111822996016
AK,CLUSTER_473,horse_man,745.0,40.27182124508369
AK,CLUSTER_473,legume_str,346.1,40.27182124508369
AK,CLUSTER_488,horse_man,236.9,31.383156395353197
AK,CLUSTER_488,rape_str,315.0,31.383156395353197
AK,CLUSTER_488,legume_str,451.0,31.383156395353197
AK,CLUSTER_50,pig_man,604.7121,113.92213547920386
AK,CLUSTER_509,pig_man,70.445,85.79464058186855
AK,CLUSTER_513,cattle_man,2780.0,12.365525359969158
AK,CLUSTER_513,cattle_slu,5462.0,12.365525359969158
AK,CLUSTER_513,horse_man,1042.0,12.365525359969158
AK,CLUSTER_513,maize_str,11970.0,12.365525359969158
AK,CLUSTER_513,beet_leaf,37270.0,12.365525359969158
AK,CLUSTER_513,rape_str,985.0,12.365525359969158
AK,CLUSTER_513,legume_str,913.0,12.365525359969158
AK,CLUSTER_514,cattle_man,11580.0,8.871291287044672
AK,CLUSTER_514,cattle_slu,60210.0,8.871291287044672
AK,CLUSTER_514,horse_man,1246.0,8.871291287044672
AK,CLUSTER_514,maize_str,350.0,8.871291287044672
AK,CLUSTER_514,legume_str,49.46,8.871291287044672
AK,CLUSTER_516,horse_man,1178.0,42.95475141550183
AK,CLUSTER_516,rape_str,861.0,42.95475141550183
AK,CLUSTER_516,legume_str,330.5,42.95475141550183
AK,CLUSTER_520,horse_man,799.0,42.2347264881673
AK,CLUSTER_528,horse_man,1337.0,33.89808972910453
AK,CLUSTER_537,horse_man,1468.0,30.30316977585385
AK,CLUSTER_537,rape_str,567.4,30.30316977585385
AK,CLUSTER_537,legume_str,243.7,30.30316977585385
AK,CLUSTER_540,horse_man,1390.0,43.89700901566603
AK,CLUSTER_542,pig_man,564.19,98.24081644051697
AK,CLUSTER_547,cattle_man,10790.0,25.33790394542153
AK,CLUSTER_547,horse_man,1621.0,25.33790394542153
AK,CLUSTER_549,cattle_man,6580.0,14.104110340094936
AK,CLUSTER_549,horse_man,1622.0,14.104110340094936
AK,CLUSTER_549,maize_str,115.4,14.104110340094936
AK,CLUSTER_549,rape_str,76.9,14.104110340094936
AK,CLUSTER_549,legume_str,16.9,14.104110340094936
AK,CLUSTER_61,horse_man,2388.0,30.970851424307845
AK,CLUSTER_61,rape_str,985.9999999999999,30.970851424307845
AK,CLUSTER_61,legume_str,504.6,30.970851424307845
AK,CLUSTER_68,cattle_man,2715.3,22.72496451079204
AK,CLUSTER_68,horse_man,1155.3,22.72496451079204
AK,CLUSTER_68,beet_leaf,1205.1113898632339,22.72496451079204
AK,CLUSTER_68,rape_str,708.4,22.72496451079204
AK,CLUSTER_68,legume_str,893.9,22.72496451079204
AK,CLUSTER_70,horse_man,1087.859,31.24319212485738
AK,CLUSTER_70,rape_str,1041.14,31.24319212485738
AK,CLUSTER_70,legume_str,758.6,31.24319212485738
AK,CLUSTER_79,cattle_man,15570.0,7.01993856864579
AK,CLUSTER_79,cattle_slu,91500.0,7.01993856864579
AK,CLUSTER_79,horse_man,1933.0,7.01993856864579
AK,CLUSTER_79,clover_alfalfa_grass,7720.0,7.01993856864579
AK,CLUSTER_79,maize_str,6400.0,7.01993856864579
AK,CLUSTER_79,beet_leaf,2597.0,7.01993856864579
AK,CLUSTER_79,rape_str,1076.6,7.01993856864579
AK,CLUSTER_79,legume_str,931.4,7.01993856864579
L,CLUSTER_0,legume_str,690.7,51.97385060474717
L,CLUSTER_122,cattle_man,17000.0,5.797655200635496
L,CLUSTER_122,cattle_slu,61990.0,5.797655200635496
L,CLUSTER_122,horse_man,5260.0,5.797655200635496
L,CLUSTER_122,clover_alfalfa_grass,6347.0,5.797655200635496
L,CLUSTER_122,maize_str,446.3,5.797655200635496
L,CLUSTER_122,legume_str,179.2,5.797655200635496
L,CLUSTER_142,clover_alfalfa_grass,5293.0,23.40251943530196
L,CLUSTER_142,maize_str,396.0,23.40251943530196
L,CLUSTER_149,horse_man,2613.8,32.19135795582853
L,CLUSTER_149,clover_alfalfa_grass,2642.4,32.19135795582853
L,CLUSTER_149,maize_str,10.72,32.19135795582853
L,CLUSTER_149,legume_str,27.93,32.19135795582853
L,CLUSTER_151,cattle_man,5361.0,12.58797647607041
L,CLUSTER_151,horse_man,5352.0,12.58797647607041
L,CLUSTER_151,clover_alfalfa_grass,3595.00191,12.58797647607041
L,CLUSTER_151,maize_str,761.0,12.58797647607041
L,CLUSTER_151,rape_str,655.0,12.58797647607041
L,CLUSTER_151,legume_str,305.9,12.58797647607041
L,CLUSTER_152,rape_str,1311.0,48.47224096746831
L,CLUSTER_152,legume_str,331.6,48.47224096746831
L,CLUSTER_198,cattle_man,19100.0,16.33964204009019
L,CLUSTER_198,horse_man,2306.0,16.33964204009019
L,CLUSTER_198,clover_alfalfa_grass,717.4,16.33964204009019
L,CLUSTER_203,horse_man,3313.0,39.58066293115552
L,CLUSTER_203,rape_str,472.3,39.58066293115552
L,CLUSTER_203,legume_str,259.1,39.58066293115552
L,CLUSTER_204,legume_str,23.92,45.70776488789677
L,CLUSTER_215,horse_man,2969.0,26.27901813106857
L,CLUSTER_215,clover_alfalfa_grass,205.0,26.27901813106857
L,CLUSTER_218,cattle_man,42980.0,8.88129501895571
L,CLUSTER_218,cattle_slu,131458.6644169799,8.88129501895571
L,CLUSTER_218,horse_man,4008.0000000000005,8.88129501895571
L,CLUSTER_218,clover_alfalfa_grass,4721.25,8.88129501895571
L,CLUSTER_218,maize_str,351.6,8.88129501895571
L,CLUSTER_218,legume_str,38.61,8.88129501895571
L,CLUSTER_244,legume_str,50.040000000000006,48.308844911293065
L,CLUSTER_256,rape_str,862.4,44.22814288210486
L,CLUSTER_256,legume_str,337.66,44.22814288210486
L,CLUSTER_26,horse_man,4471.0,28.10060376384891
L,CLUSTER_26,clover_alfalfa_grass,4342.0,28.10060376384891
L,CLUSTER_26,maize_str,217.7,28.10060376384891
L,CLUSTER_26,legume_str,17.009999999999998,28.10060376384891
L,CLUSTER_27,legume_str,18.4,51.36231667651781
L,CLUSTER_279,maize_str,3223.0,32.598449735304534
L,CLUSTER_281,horse_man,1024.5,29.29036551195441
L,CLUSTER_29,cattle_man,35210.0,18.42470839817988
L,CLUSTER_29,horse_man,2338.7,18.42470839817988
L,CLUSTER_29,clover_alfalfa_grass,5205.8,18.42470839817988
L,CLUSTER_29,maize_str,170.22,18.42470839817988
L,CLUSTER_29,beet_leaf,262.2,18.42470839817988
L,CLUSTER_29,rape_str,84.37,18.42470839817988
L,CLUSTER_29,legume_str,109.47,18.42470839817988
L,CLUSTER_300,clover_alfalfa_grass,5565.00836,26.64549361807382
L,CLUSTER_300,maize_str,1868.0,26.64549361807382
L,CLUSTER_300,beet_leaf,212.0,26.64549361807382
L,CLUSTER_323,clover_alfalfa_grass,3150.0,26.84912885361923
L,CLUSTER_323,maize_str,944.5,26.84912885361923
L,CLUSTER_323,beet_leaf,118.0,26.84912885361923
L,CLUSTER_345,rape_str,1424.0,48.77807338377558
L,CLUSTER_345,legume_str,1226.0,48.77807338377558
L,CLUSTER_350,rape_str,241.9,49.017615068491175
L,CLUSTER_350,legume_str,207.8,49.017615068491175
L,CLUSTER_352,horse_man,3832.0,38.17238013317495
L,CLUSTER_352,rape_str,33.3,38.17238013317495
L,CLUSTER_363,cattle_man,13430.0,5.425999848068782
L,CLUSTER_363,cattle_slu,51370.0,5.425999848068782
L,CLUSTER_363,horse_man,3180.0,5.425999848068782
L,CLUSTER_363,clover_alfalfa_grass,3989.9999999999995,5.425999848068782
L,CLUSTER_363,maize_str,459.0,5.425999848068782
L,CLUSTER_363,legume_str,43.2,5.425999848068782
L,CLUSTER_369,horse_man,3562.3,39.130827256261504
L,CLUSTER_369,rape_str,80.2,39.130827256261504
L,CLUSTER_386,horse_man,3289.0,22.98302954433449
L,CLUSTER_386,clover_alfalfa_grass,2425.0,22.98302954433449
L,CLUSTER_386,maize_str,1350.5,22.98302954433449
L,CLUSTER_386,rape_str,588.0,22.98302954433449
L,CLUSTER_386,legume_str,404.9,22.98302954433449
L,CLUSTER_396,horse_man,4460.0,24.793023187431555
L,CLUSTER_396,clover_alfalfa_grass,4275.0,24.793023187431555
L,CLUSTER_396,maize_str,639.3,24.793023187431555
L,CLUSTER_396,rape_str,968.0,24.793023187431555
L,CLUSTER_396,legume_str,280.9,24.793023187431555
L,CLUSTER_407,horse_man,3348.0,28.21449379960572
L,CLUSTER_407,clover_alfalfa_grass,607.3,28.21449379960572
L,CLUSTER_43,horse_man,1609.1999999999998,34.74676376259723
L,CLUSTER_43,maize_str,3740.909011819959,34.74676376259723
L,CLUSTER_43,rape_str,981.0000000000001,34.74676376259723
L,CLUSTER_43,legume_str,631.3,34.74676376259723
L,CLUSTER_440,legume_str,29.4,57.473389413669466
L,CLUSTER_458,horse_man,2320.0,35.99607521652773
L,CLUSTER_458,rape_str,488.99999999999994,35.99607521652773
L,CLUSTER_458,legume_str,366.0,35.99607521652773
L,CLUSTER_466,beet_leaf,488.99999999999994,35.56886054948779
L,CLUSTER_474,horse_man,1341.0,34.279085867043406
L,CLUSTER_482,horse_man,1167.3,28.01111880855932
L,CLUSTER_482,clover_alfalfa_grass,1868.0,28.01111880855932
L,CLUSTER_482,maize_str,141.8,28.01111880855932
L,CLUSTER_482,beet_leaf,124.20000000000002,28.01111880855932
L,CLUSTER_482,legume_str,62.8,28.01111880855932
L,CLUSTER_498,cattle_man,3436.0,14.509462846820712
L,CLUSTER_498,horse_man,2767.0,14.509462846820712
L,CLUSTER_498,clover_alfalfa_grass,2531.0,14.509462846820712
L,CLUSTER_498,maize_str,769.1,14.509462846820712
L,CLUSTER_498,rape_str,235.0,14.509462846820712
L,CLUSTER_498,legume_str,259.3,14.509462846820712
L,CLUSTER_5,horse_man,895.0,34.8330395735649
L,CLUSTER_5,rape_str,185.0,34.8330395735649
L,CLUSTER_5,legume_str,30.66,34.8330395735649
L,CLUSTER_508,horse_man,3810.0,27.962753036010483
L,CLUSTER_508,clover_alfalfa_grass,11710.0,27.962753036010483
L,CLUSTER_508,rape_str,67.5,27.962753036010483
L,CLUSTER_508,legume_str,52.2,27.962753036010483
L,CLUSTER_523,cattle_man,13260.0,17.64953357515442
L,CLUSTER_523,clover_alfalfa_grass,3340.0,17.64953357515442
L,CLUSTER_523,maize_str,795.0,17.64953357515442
L,CLUSTER_523,beet_leaf,75.1,17.64953357515442
L,CLUSTER_54,horse_man,1695.0,32.90359709058656
L,CLUSTER_57,cattle_man,1262.9,21.254794426390035
L,CLUSTER_57,horse_man,1420.0,21.254794426390035
L,CLUSTER_57,clover_alfalfa_grass,934.8,21.254794426390035
L,CLUSTER_57,maize_str,1267.7,21.254794426390035
L,CLUSTER_57,rape_str,917.4,21.254794426390035
L,CLUSTER_57,legume_str,757.7,21.254794426390035
L,CLUSTER_58,rape_str,948.0,56.69085322792987
L,CLUSTER_58,legume_str,822.0,56.69085322792987
L,CLUSTER_62,cattle_man,29750.0,16.64705874254209
L,CLUSTER_62,horse_man,4905.0,16.64705874254209
L,CLUSTER_62,clover_alfalfa_grass,7706.0,16.64705874254209
L,CLUSTER_62,maize_str,136.93,16.64705874254209
L,CLUSTER_62,legume_str,34.27,16.64705874254209
L,CLUSTER_63,rape_str,653.77,54.737940893699545
L,CLUSTER_63,legume_str,611.5,54.737940893699545
L,CLUSTER_67,horse_man,2276.6,32.60362807462886
L,CLUSTER_67,legume_str,13.0,32.60362807462886
L,CLUSTER_8,cattle_man,26900.0,16.059259843494853
L,CLUSTER_8,horse_man,7120.0,16.059259843494853
L,CLUSTER_8,clover_alfalfa_grass,13709.0,16.059259843494853
L,CLUSTER_8,maize_str,41.8,16.059259843494853
L,CLUSTER_8,beet_leaf,65.2,16.059259843494853
L,CLUSTER_8,rape_str,48.5,16.059259843494853
L,CLUSTER_8,legume_str,105.89,16.059259843494853
L,CLUSTER_81,cattle_man,9062.072710300074,22.50547644639521
L,CLUSTER_81,horse_man,1535.0,22.50547644639521
L,CLUSTER_81,clover_alfalfa_grass,3782.0,22.50547644639521
L,CLUSTER_81,maize_str,309.0,22.50547644639521
L,CLUSTER_81,beet_leaf,88.9,22.50547644639521
L,CLUSTER_81,legume_str,73.12,22.50547644639521
L,CLUSTER_90,horse_man,1376.0,39.92834908892159
E,CLUSTER_109,cattle_man,10424.0,21.926339601321736
E,CLUSTER_109,horse_man,2924.0,21.926339601321736
E,CLUSTER_109,rape_str,16.3,21.926339601321736
E,CLUSTER_109,legume_str,13.7,21.926339601321736
E,CLUSTER_115,pig_man,276.8087,107.67070798765003
E,CLUSTER_125,horse_man,653.0,70.81580752568222
E,CLUSTER_130,horse_man,373.2,55.933611911768985
E,CLUSTER_140,horse_man,867.0,67.15073702438556
E,CLUSTER_140,pig_man,765.7,67.15073702438556
E,CLUSTER_143,cattle_man,20920.0,18.617338165915548
E,CLUSTER_143,horse_man,1329.0,18.617338165915548
E,CLUSTER_143,rape_str,89.7,18.617338165915548
E,CLUSTER_143,legume_str,47.158,18.617338165915548
E,CLUSTER_150,cattle_man,18940.0,13.74724721261342
E,CLUSTER_150,horse_man,998.0,13.74724721261342
E,CLUSTER_150,rape_str,158.8,13.74724721261342
E,CLUSTER_150,legume_str,116.5,13.74724721261342
E,CLUSTER_155,cattle_man,533.52,30.00342297916177
E,CLUSTER_155,beet_leaf,11960.947739622308,30.00342297916177
E,CLUSTER_155,rape_str,1777.0,30.00342297916177
E,CLUSTER_155,legume_str,662.1,30.00342297916177
E,CLUSTER_167,horse_man,1062.4,83.23238963403199
E,CLUSTER_167,pig_man,722.3,83.23238963403199
E,CLUSTER_17,horse_man,663.59,47.64495545011359
E,CLUSTER_175,cattle_man,2182.272,40.164215670685614
E,CLUSTER_175,horse_man,1207.3,40.164215670685614
E,CLUSTER_175,rape_str,1513.0,40.164215670685614
E,CLUSTER_175,legume_str,508.2,40.164215670685614
E,CLUSTER_18,pig_man,338.1159,107.35768611746155
E,CLUSTER_184,cattle_man,2092.0,36.985569772375705
E,CLUSTER_184,horse_man,556.0,36.985569772375705
E,CLUSTER_184,rape_str,1554.0,36.985569772375705
E,CLUSTER_184,legume_str,480.0,36.985569772375705
E,CLUSTER_186,horse_man,2019.1,54.87959398739891
E,CLUSTER_189,cattle_man,4488.98,33.860227417742784
E,CLUSTER_193,cattle_man,1113.0,44.19530311357322
E,CLUSTER_195,cattle_man,17240.0,2.6184837110134005
E,CLUSTER_195,cattle_slu,93330.0,2.6184837110134005
E,CLUSTER_195,horse_man,1276.5,2.6184837110134005
E,CLUSTER_195,maize_str,21.4,2.6184837110134005
E,CLUSTER_195,rape_str,51.9,2.6184837110134005
E,CLUSTER_195,legume_str,17.12,2.6184837110134005
E,CLUSTER_211,pig_man,51.2,133.1011585982021
E,CLUSTER_212,horse_man,525.0,81.94724756785794
E,CLUSTER_223,cattle_man,9326.0,11.65515249601404
E,CLUSTER_223,cattle_slu,53130.0,11.65515249601404
E,CLUSTER_223,beet_leaf,4811.0,11.65515249601404
E,CLUSTER_223,rape_str,240.1,11.65515249601404
E,CLUSTER_223,legume_str,122.22,11.65515249601404
E,CLUSTER_227,pig_man,882.0,109.08555027687017
E,CLUSTER_230,horse_man,900.0,79.78986156557528
E,CLUSTER_230,pig_man,156.99,79.78986156557528
E,CLUSTER_231,cattle_man,13870.0,11.190171875110176
E,CLUSTER_231,cattle_slu,72600.0,11.190171875110176
E,CLUSTER_231,horse_man,1176.0,11.190171875110176
E,CLUSTER_231,legume_str,26.42,11.190171875110176
E,CLUSTER_234,pig_man,472.3,93.772091027624
E,CLUSTER_240,cattle_man,402.04,36.99046183209224
E,CLUSTER_240,horse_man,172.5,36.99046183209224
E,CLUSTER_240,rape_str,698.0,36.99046183209224
E,CLUSTER_240,legume_str,511.70000000000016,36.99046183209224
E,CLUSTER_241,cattle_man,10430.0,12.332990379380997
E,CLUSTER_241,cattle_slu,36895.2682584896,12.332990379380997
E,CLUSTER_245,pig_man,381.8,152.85448951848056
E,CLUSTER_249,pig_man,509.2300000000001,89.4112623288422
E,CLUSTER_254,cattle_man,8256.0,20.483492917523638
E,CLUSTER_259,horse_man,817.6,82.08171297429489
E,CLUSTER_259,pig_man,260.08,82.08171297429489
E,CLUSTER_261,pig_man,42.392,103.51276800849809
E,CLUSTER_267,horse_man,951.0,50.76694646044924
E,CLUSTER_270,cattle_man,9712.0,25.32996970791658
E,CLUSTER_270,beet_leaf,3502.0,25.32996970791658
E,CLUSTER_274,cattle_man,2163.0,23.60542883895802
E,CLUSTER_274,beet_leaf,47160.0,23.60542883895802
E,CLUSTER_280,cattle_man,7664.0,26.865470826632965
E,CLUSTER_280,horse_man,1101.277,26.865470826632965
E,CLUSTER_280,rape_str,224.4,26.865470826632965
E,CLUSTER_280,legume_str,227.3,26.865470826632965
E,CLUSTER_284,cattle_man,1152.783,19.026873411936982
E,CLUSTER_284,horse_man,195.4,19.026873411936982
E,CLUSTER_284,beet_leaf,46370.0,19.026873411936982
E,CLUSTER_284,rape_str,262.2,19.026873411936982
E,CLUSTER_284,legume_str,192.3,19.026873411936982
E,CLUSTER_285,cattle_man,15869.999999999998,32.809709801180226
E,CLUSTER_286,pig_man,407.6,148.34899774993545
E,CLUSTER_290,horse_man,887.0,58.25199554464933
E,CLUSTER_295,cattle_man,1036.53,33.47216658223763
E,CLUSTER_295,horse_man,46.7,33.47216658223763
E,CLUSTER_295,rape_str,310.5,33.47216658223763
E,CLUSTER_295,legume_str,228.28,33.47216658223763
E,CLUSTER_299,pig_man,111.861,114.58517663069412
E,CLUSTER_301,cattle_man,2641.0,24.136738101201423
E,CLUSTER_301,horse_man,760.0,24.136738101201423
E,CLUSTER_301,beet_leaf,17566.0,24.136738101201423
E,CLUSTER_301,rape_str,382.1,24.136738101201423
E,CLUSTER_301,legume_str,364.26,24.136738101201423
E,CLUSTER_309,pig_man,216.09,135.00080309288796
E,CLUSTER_31,horse_man,3786.0,48.5349128049122
E,CLUSTER_311,cattle_man,22700.0,28.39941096763236
E,CLUSTER_311,horse_man,1250.5,28.39941096763236
E,CLUSTER_311,beet_leaf,78.8,28.39941096763236
E,CLUSTER_311,rape_str,316.0,28.39941096763236
E,CLUSTER_311,legume_str,30.47,28.39941096763236
E,CLUSTER_32,horse_man,1842.9,79.71004789721404
E,CLUSTER_32,pig_man,176.1042,79.71004789721404
E,CLUSTER_321,horse_man,1668.0,47.91008383176232
E,CLUSTER_33,cattle_man,6952.0,26.379249433036733
E,CLUSTER_33,horse_man,1803.0,26.379249433036733
E,CLUSTER_333,horse_man,712.5,65.46790251130642
E,CLUSTER_333,pig_man,364.2,65.46790251130642
E,CLUSTER_343,cattle_man,10540.0,45.033534388180186
E,CLUSTER_343,horse_man,329.269,45.033534388180186
E,CLUSTER_355,cattle_man,3895.0,41.05609637064722
E,CLUSTER_357,pig_man,843.3,98.42426762973112
E,CLUSTER_370,cattle_man,11090.0,9.870001468986436
E,CLUSTER_370,cattle_slu,71480.0,9.870001468986436
E,CLUSTER_370,horse_man,1921.0,9.870001468986436
E,CLUSTER_370,beet_leaf,653.03,9.870001468986436
E,CLUSTER_370,rape_str,42.4,9.870001468986436
E,CLUSTER_370,legume_str,38.17,9.870001468986436
E,CLUSTER_372,cattle_man,9440.0,38.83999562485354
E,CLUSTER_372,horse_man,1283.0,38.83999562485354
E,CLUSTER_372,rape_str,903.9,38.83999562485354
E,CLUSTER_372,legume_str,304.78,38.83999562485354
E,CLUSTER_385,horse_man,616.3,53.39150540530937
E,CLUSTER_387,horse_man,1714.3,77.67623699725158
E,CLUSTER_387,pig_man,180.0399,77.67623699725158
E,CLUSTER_392,pig_man,46.5,91.1057611202788
E,CLUSTER_397,horse_man,797.2,56.66110556006812
E,CLUSTER_399,horse_man,218.1,64.17394635852685
E,CLUSTER_400,cattle_man,3903.8,42.04640437767499
E,CLUSTER_406,cattle_man,16790.0,14.084306790327002
E,CLUSTER_406,horse_man,1539.0,14.084306790327002
E,CLUSTER_406,beet_leaf,27.2,14.084306790327002
E,CLUSTER_408,cattle_man,7585.8,36.78813344048148
E,CLUSTER_408,horse_man,3122.0,36.78813344048148
E,CLUSTER_408,rape_str,1388.0,36.78813344048148
E,CLUSTER_408,legume_str,270.2,36.78813344048148
E,CLUSTER_409,horse_man,858.0,72.19058935177081
E,CLUSTER_409,pig_man,568.9,72.19058935177081
E,CLUSTER_413,pig_man,1220.808,92.23880911893164
E,CLUSTER_429,cattle_man,6420.0,18.04939712657089
E,CLUSTER_429,horse_man,723.0,18.04939712657089
E,CLUSTER_429,beet_leaf,22.9,18.04939712657089
E,CLUSTER_429,rape_str,185.6,18.04939712657089
E,CLUSTER_429,legume_str,61.70000000000001,18.04939712657089
E,CLUSTER_438,pig_man,223.18,90.39387070004996
E,CLUSTER_439,horse_man,163.7,53.34825185472037
E,CLUSTER_45,horse_man,1188.0,65.02949029826348
E,CLUSTER_451,horse_man,523.0,79.85852574325226
E,CLUSTER_453,cattle_man,163.9,29.728493577377197
E,CLUSTER_453,horse_man,209.4,29.728493577377197
E,CLUSTER_453,beet_leaf,20540.0,29.728493577377197
E,CLUSTER_453,rape_str,449.1,29.728493577377197
E,CLUSTER_453,legume_str,457.0,29.728493577377197
E,CLUSTER_461,pig_man,138.37,140.91699478715574
E,CLUSTER_470,cattle_man,25970.0,32.231429666279965
E,CLUSTER_470,horse_man,1289.0,32.231429666279965
E,CLUSTER_470,rape_str,89.8,32.231429666279965
E,CLUSTER_470,legume_str,43.7,32.231429666279965
E,CLUSTER_472,cattle_man,24810.0,36.24205421438624
E,CLUSTER_472,horse_man,709.0,36.24205421438624
E,CLUSTER_472,rape_str,336.6,36.24205421438624
E,CLUSTER_472,legume_str,59.1,36.24205421438624
E,CLUSTER_475,pig_man,250.66,120.3662324337538
E,CLUSTER_477,cattle_man,6130.0,27.17981030170789
E,CLUSTER_477,horse_man,908.0,27.17981030170789
E,CLUSTER_477,rape_str,247.70000000000002,27.17981030170789
E,CLUSTER_477,legume_str,101.5,27.17981030170789
E,CLUSTER_48,horse_man,1045.96,64.69380073547248
E,CLUSTER_484,cattle_man,10650.0,26.37412497849878
E,CLUSTER_484,horse_man,420.9,26.37412497849878
E,CLUSTER_484,rape_str,75.4,26.37412497849878
E,CLUSTER_484,legume_str,72.6,26.37412497849878
E,CLUSTER_488,cattle_man,62.5,33.74845052603171
E,CLUSTER_50,horse_man,1154.13,59.13504018631184
E,CLUSTER_503,horse_man,847.1,50.22967721843841
E,CLUSTER_504,horse_man,1033.0,73.47352553803164
E,CLUSTER_505,horse_man,942.0,69.54124806623007
E,CLUSTER_509,cattle_man,10453.0,35.55920969611399
E,CLUSTER_509,horse_man,798.0,35.55920969611399
E,CLUSTER_509,rape_str,51.9,35.55920969611399
E,CLUSTER_509,legume_str,25.2,35.55920969611399
E,CLUSTER_512,pig_man,391.0,91.52697478825444
E,CLUSTER_518,pig_man,245.9,148.16358412356007
E,CLUSTER_52,horse_man,1083.1,78.8746005811512
E,CLUSTER_520,cattle_man,3690.0,24.737036330902853
E,CLUSTER_522,pig_man,183.7,141.38116697999467
E,CLUSTER_529,pig_man,18.6,92.80708424229633
E,CLUSTER_542,cattle_man,20360.0,43.3694939808456
E,CLUSTER_542,horse_man,1452.1,43.3694939808456
E,CLUSTER_59,horse_man,456.477,78.74646728176909
E,CLUSTER_59,pig_man,56.019,78.74646728176909
E,CLUSTER_7,horse_man,843.8,66.3187392254561
E,CLUSTER_77,horse_man,1160.0,81.70111834961727
E,CLUSTER_89,horse_man,1274.4,69.47220496500243
E,CLUSTER_91,cattle_man,1586.06,20.82125045844607
E,CLUSTER_91,horse_man,619.6,20.82125045844607
E,CLUSTER_91,beet_leaf,25720.0,20.82125045844607
E,CLUSTER_91,rape_str,434.47,20.82125045844607
E,CLUSTER_91,legume_str,391.1,20.82125045844607
E,CLUSTER_99,cattle_man,18960.0,28.173656940606225
E,CLUSTER_99,horse_man,170.398,28.173656940606225
E,CLUSTER_99,rape_str,371.8,28.173656940606225
E,CLUSTER_99,legume_str,144.0,28.173656940606225
BB,CLUSTER_1,horse_man,642.4,64.80512717634333
BB,CLUSTER_101,cattle_man,7667.4141,40.685996788684456
BB,CLUSTER_101,horse_man,1895.41,40.685996788684456
BB,CLUSTER_103,horse_man,678.2,55.7200381881973
BB,CLUSTER_107,cattle_man,13402.1,19.179166322974957
BB,CLUSTER_107,horse_man,1668.9,19.179166322974957
BB,CLUSTER_107,beet_leaf,1072.0,19.179166322974957
BB,CLUSTER_107,rape_str,1132.0,19.179166322974957
BB,CLUSTER_107,legume_str,421.2,19.179166322974957
BB,CLUSTER_116,horse_man,1252.0,50.26022010516027
BB,CLUSTER_123,cattle_man,9000.0,44.346992570200136
BB,CLUSTER_128,horse_man,2411.7,56.337902551958585
BB,CLUSTER_129,horse_man,1743.9,52.18775398696181
BB,CLUSTER_132,cattle_man,7032.59,25.941582447290077
BB,CLUSTER_132,horse_man,795.885,25.941582447290077
BB,CLUSTER_132,beet_leaf,10410.0,25.941582447290077
BB,CLUSTER_132,rape_str,929.0,25.941582447290077
BB,CLUSTER_132,legume_str,147.22,25.941582447290077
BB,CLUSTER_138,cattle_man,10203.0,3.763960634286166
BB,CLUSTER_138,cattle_slu,43420.0,3.763960634286166
BB,CLUSTER_138,horse_man,665.1,3.763960634286166
BB,CLUSTER_138,pig_slu,16360.0,3.763960634286166
BB,CLUSTER_138,beet_leaf,6203.0,3.763960634286166
BB,CLUSTER_138,rape_str,1121.4,3.763960634286166
BB,CLUSTER_138,legume_str,467.8,3.763960634286166
BB,CLUSTER_14,cattle_man,9659.0,34.52558304898137
BB,CLUSTER_14,horse_man,2695.2,34.52558304898137
BB,CLUSTER_144,cattle_man,16190.0,27.39510843009245
BB,CLUSTER_144,horse_man,1888.0,27.39510843009245
BB,CLUSTER_144,beet_leaf,1759.8,27.39510843009245
BB,CLUSTER_144,rape_str,1689.0,27.39510843009245
BB,CLUSTER_144,legume_str,474.3,27.39510843009245
BB,CLUSTER_145,cattle_man,10356.0,34.75956638252664
BB,CLUSTER_145,horse_man,1174.0,34.75956638252664
BB,CLUSTER_145,rape_str,1224.0,34.75956638252664
BB,CLUSTER_145,legume_str,263.2,34.75956638252664
BB,CLUSTER_152,cattle_man,3361.0,43.13534042816137
BB,CLUSTER_152,horse_man,2493.3,43.13534042816137
BB,CLUSTER_162,cattle_man,4108.423,42.507249844006864
BB,CLUSTER_162,horse_man,3375.9,42.507249844006864
BB,CLUSTER_169,horse_man,1079.5,74.28639734602535
BB,CLUSTER_171,horse_man,1981.0000000000002,63.797023805118464
BB,CLUSTER_176,cattle_man,2533.2,32.853307309175655
BB,CLUSTER_176,horse_man,750.0,32.853307309175655
BB,CLUSTER_176,rape_str,773.6,32.853307309175655
BB,CLUSTER_176,legume_str,185.1,32.853307309175655
BB,CLUSTER_182,cattle_man,9590.0,7.502026336214789
BB,CLUSTER_182,cattle_slu,48000.0,7.502026336214789
BB,CLUSTER_182,horse_man,2035.0,7.502026336214789
BB,CLUSTER_182,beet_leaf,1723.0,7.502026336214789
BB,CLUSTER_182,rape_str,811.0,7.502026336214789
BB,CLUSTER_182,legume_str,180.1,7.502026336214789
BB,CLUSTER_187,cattle_man,1496.9377361600746,34.94518314956866
BB,CLUSTER_190,horse_man,1595.7,63.460969827709405
BB,CLUSTER_201,cattle_man,7892.0,45.45402924793926
BB,CLUSTER_204,horse_man,2958.0,74.2033555635833
BB,CLUSTER_219,horse_man,452.0,56.74097574984183
BB,CLUSTER_229,cattle_man,1142.8,24.47140396409973
BB,CLUSTER_229,horse_man,466.3,24.47140396409973
BB,CLUSTER_229,beet_leaf,15420.0,24.47140396409973
BB,CLUSTER_229,rape_str,30.7,24.47140396409973
BB,CLUSTER_229,legume_str,169.7,24.47140396409973
BB,CLUSTER_235,cattle_man,3182.0,14.560438492264426
BB,CLUSTER_235,cattle_slu,11970.0,14.560438492264426
BB,CLUSTER_235,horse_man,1307.7,14.560438492264426
BB,CLUSTER_235,beet_leaf,5684.0,14.560438492264426
BB,CLUSTER_235,rape_str,208.9,14.560438492264426
BB,CLUSTER_235,legume_str,260.6,14.560438492264426
BB,CLUSTER_237,horse_man,478.63,62.487112392302
BB,CLUSTER_239,cattle_man,3789.0,42.3393052266447
BB,CLUSTER_239,horse_man,2882.5,42.3393052266447
BB,CLUSTER_248,horse_man,258.4,51.50759593763458
BB,CLUSTER_253,horse_man,3082.0,68.89457807688707
BB,CLUSTER_256,horse_man,2930.0,52.0677485026256
BB,CLUSTER_263,cattle_man,11151.51,32.60135409322036
BB,CLUSTER_263,horse_man,3265.0,32.60135409322036
BB,CLUSTER_263,rape_str,1071.4,32.60135409322036
BB,CLUSTER_263,legume_str,774.2,32.60135409322036
BB,CLUSTER_278,horse_man,660.7,69.96456171946558
BB,CLUSTER_297,cattle_man,11530.0,37.42776894899716
BB,CLUSTER_3,horse_man,5877.0,59.18936696236081
BB,CLUSTER_303,cattle_man,3262.0,42.97246249361076
BB,CLUSTER_303,horse_man,1570.0,42.97246249361076
BB,CLUSTER_305,cattle_man,4426.0,45.60257653899523
BB,CLUSTER_305,horse_man,533.2,45.60257653899523
BB,CLUSTER_315,cattle_man,6294.0,27.68071289694375
BB,CLUSTER_315,beet_leaf,5647.0,27.68071289694375
BB,CLUSTER_316,cattle_man,7202.0,38.60963341826829
BB,CLUSTER_316,horse_man,1505.3,38.60963341826829
BB,CLUSTER_316,rape_str,311.96163689752035,38.60963341826829
BB,CLUSTER_316,legume_str,235.5,38.60963341826829
BB,CLUSTER_324,cattle_man,6315.0,26.11491459843466
BB,CLUSTER_324,horse_man,736.19,26.11491459843466
BB,CLUSTER_324,beet_leaf,4986.0,26.11491459843466
BB,CLUSTER_338,cattle_man,6102.530000000001,17.763597773868256
BB,CLUSTER_338,cattle_slu,23550.0,17.763597773868256
BB,CLUSTER_338,horse_man,816.0,17.763597773868256
BB,CLUSTER_338,beet_leaf,2428.0,17.763597773868256
BB,CLUSTER_338,rape_str,566.0,17.763597773868256
BB,CLUSTER_338,legume_str,307.0,17.763597773868256
BB,CLUSTER_339,cattle_man,3014.917,13.022861257067984
BB,CLUSTER_339,cattle_slu,16749.4,13.022861257067984
BB,CLUSTER_339,horse_man,2136.8,13.022861257067984
BB,CLUSTER_339,beet_leaf,11011.0,13.022861257067984
BB,CLUSTER_339,rape_str,716.33,13.022861257067984
BB,CLUSTER_339,legume_str,276.25,13.022861257067984
BB,CLUSTER_34,cattle_man,4823.3,38.40253175753878
BB,CLUSTER_34,horse_man,3660.3,38.40253175753878
BB,CLUSTER_34,rape_str,1322.6,38.40253175753878
BB,CLUSTER_34,legume_str,428.6,38.40253175753878
BB,CLUSTER_340,horse_man,1279.0,48.94638001683366
BB,CLUSTER_341,horse_man,2031.7999999999997,71.73689960919279
BB,CLUSTER_342,cattle_man,4948.0,42.92765146853301
BB,CLUSTER_342,horse_man,2247.0,42.92765146853301
BB,CLUSTER_344,cattle_man,9980.0,20.89612480095787
BB,CLUSTER_344,horse_man,1961.0,20.89612480095787
BB,CLUSTER_344,beet_leaf,2029.1,20.89612480095787
BB,CLUSTER_344,rape_str,232.2,20.89612480095787
BB,CLUSTER_344,legume_str,332.0,20.89612480095787
BB,CLUSTER_345,horse_man,3059.0,47.645354503827285
BB,CLUSTER_349,cattle_man,4717.0,33.872134298993096
BB,CLUSTER_349,horse_man,668.0,33.872134298993096
BB,CLUSTER_349,rape_str,1306.0,33.872134298993096
BB,CLUSTER_349,legume_str,257.0,33.872134298993096
BB,CLUSTER_35,horse_man,655.3,54.81742051223729
BB,CLUSTER_351,horse_man,1500.0,73.53449759039341
BB,CLUSTER_353,cattle_man,9000.0,13.312637671758676
BB,CLUSTER_353,cattle_slu,39800.0,13.312637671758676
BB,CLUSTER_353,horse_man,840.0,13.312637671758676
BB,CLUSTER_353,beet_leaf,6390.0,13.312637671758676
BB,CLUSTER_353,rape_str,696.0,13.312637671758676
BB,CLUSTER_353,legume_str,276.0,13.312637671758676
BB,CLUSTER_365,cattle_man,16119.999999999998,37.26239825714001
BB,CLUSTER_373,horse_man,1879.8,53.24510981778239
BB,CLUSTER_376,cattle_man,2955.0,31.689773412934095
BB,CLUSTER_377,horse_man,627.7,49.33486820079067
BB,CLUSTER_382,horse_man,1045.0,49.15936853797506
BB,CLUSTER_390,horse_man,147.848,73.85052875312427
BB,CLUSTER_393,cattle_man,1357.0,23.40147234026637
BB,CLUSTER_393,horse_man,968.1,23.40147234026637
BB,CLUSTER_393,beet_leaf,1190.0,23.40147234026637
BB,CLUSTER_394,horse_man,571.3,66.38779408043658
BB,CLUSTER_42,cattle_man,15075.0,37.063670845955
BB,CLUSTER_42,horse_man,1097.5,37.063670845955
BB,CLUSTER_42,rape_str,813.0,37.063670845955
BB,CLUSTER_42,legume_str,175.21,37.063670845955
BB,CLUSTER_427,cattle_man,8930.0,13.010293332704864
BB,CLUSTER_427,cattle_slu,25660.0,13.010293332704864
BB,CLUSTER_427,horse_man,3104.5,13.010293332704864
BB,CLUSTER_427,beet_leaf,1978.0000000000002,13.010293332704864
BB,CLUSTER_431,cattle_man,3900.2,31.921816374935645
BB,CLUSTER_431,horse_man,1912.0,31.921816374935645
BB,CLUSTER_431,rape_str,203.4,31.921816374935645
BB,CLUSTER_431,legume_str,310.4,31.921816374935645
BB,CLUSTER_447,cattle_man,6210.0,46.57317683130366
BB,CLUSTER_447,horse_man,3973.0,46.57317683130366
BB,CLUSTER_452,cattle_man,3960.0,31.18956655254628
BB,CLUSTER_452,horse_man,922.0,31.18956655254628
BB,CLUSTER_452,beet_leaf,13311.286959074825,31.18956655254628
BB,CLUSTER_452,rape_str,580.0,31.18956655254628
BB,CLUSTER_452,legume_str,173.8,31.18956655254628
BB,CLUSTER_459,horse_man,167.4,56.65217412345983
BB,CLUSTER_464,cattle_man,4492.0,29.85626484765336
BB,CLUSTER_464,horse_man,752.0,29.85626484765336
BB,CLUSTER_464,beet_leaf,511.79,29.85626484765336
BB,CLUSTER_464,rape_str,387.0,29.85626484765336
BB,CLUSTER_464,legume_str,235.0,29.85626484765336
BB,CLUSTER_469,cattle_man,3134.0,43.69646598130095
BB,CLUSTER_469,horse_man,840.0,43.69646598130095
BB,CLUSTER_478,cattle_man,1374.0,25.090512001004797
BB,CLUSTER_478,horse_man,340.1,25.090512001004797
BB,CLUSTER_478,beet_leaf,1300.0,25.090512001004797
BB,CLUSTER_478,rape_str,205.7,25.090512001004797
BB,CLUSTER_478,legume_str,86.75,25.090512001004797
BB,CLUSTER_479,cattle_man,6870.0,32.826527177213535
BB,CLUSTER_481,horse_man,1085.0,70.66513846213148
BB,CLUSTER_485,cattle_man,3740.0,18.37822027538511
BB,CLUSTER_485,cattle_slu,3434.290408729668,18.37822027538511
BB,CLUSTER_485,beet_leaf,1510.0,18.37822027538511
BB,CLUSTER_495,cattle_man,7770.0,36.81092253275924
BB,CLUSTER_495,horse_man,1575.0,36.81092253275924
BB,CLUSTER_495,rape_str,574.7,36.81092253275924
BB,CLUSTER_495,legume_str,495.0,36.81092253275924
BB,CLUSTER_496,cattle_man,6675.3,20.920474410814744
BB,CLUSTER_496,horse_man,451.0,20.920474410814744
BB,CLUSTER_496,beet_leaf,20620.0,20.920474410814744
BB,CLUSTER_496,rape_str,1060.0,20.920474410814744
BB,CLUSTER_496,legume_str,144.6,20.920474410814744
BB,CLUSTER_499,cattle_man,4370.0,29.10236007445336
BB,CLUSTER_499,horse_man,3670.0,29.10236007445336
BB,CLUSTER_499,beet_leaf,6790.0,29.10236007445336
BB,CLUSTER_499,rape_str,500.0,29.10236007445336
BB,CLUSTER_499,legume_str,206.8,29.10236007445336
BB,CLUSTER_500,horse_man,798.0,63.77522642723191
BB,CLUSTER_507,cattle_man,9890.0,40.4123989519713
BB,CLUSTER_511,cattle_man,2498.0,31.49614477058891
BB,CLUSTER_515,cattle_man,990.9999999999999,45.89051254849616
BB,CLUSTER_515,horse_man,126.2,45.89051254849616
BB,CLUSTER_531,horse_man,424.9,48.56310895940378
BB,CLUSTER_533,horse_man,654.0,66.04959844251253
BB,CLUSTER_534,cattle_man,2189.0,24.68177090607718
BB,CLUSTER_534,beet_leaf,5100.0,24.68177090607718
BB,CLUSTER_6,horse_man,339.439139,56.46174523628816
BB,CLUSTER_63,cattle_man,14627.0,37.27067554596447
BB,CLUSTER_63,horse_man,6166.0,37.27067554596447
BB,CLUSTER_76,horse_man,2263.0,78.93900347772762
BB,CLUSTER_78,horse_man,873.4,73.37782545619058
BB,CLUSTER_82,cattle_man,7392.7,45.785143539769166
BB,CLUSTER_82,horse_man,1220.1,45.785143539769166
BB,CLUSTER_83,cattle_man,8530.0,23.6185295610519
BB,CLUSTER_83,beet_leaf,205.0,23.6185295610519
BB,CLUSTER_9,cattle_man,4512.6,20.801540842067613
BB,CLUSTER_9,horse_man,1859.2,20.801540842067613
BB,CLUSTER_9,beet_leaf,23584.0,20.801540842067613
BB,CLUSTER_9,rape_str,712.84,20.801540842067613
BB,CLUSTER_9,legume_str,267.44,20.801540842067613
AU,CLUSTER_0,cattle_man,28890.0,18.429052547755923
AU,CLUSTER_0,beet_leaf,114.0,18.429052547755923
AU,CLUSTER_104,cattle_man,26110.0,7.7834057513775186
AU,CLUSTER_104,cattle_slu,88681.8511846918,7.7834057513775186
AU,CLUSTER_104,clover_alfalfa_grass,4683.2,7.7834057513775186
AU,CLUSTER_104,maize_str,2760.0,7.7834057513775186
AU,CLUSTER_104,beet_leaf,1270.3,7.7834057513775186
AU,CLUSTER_121,horse_man,2073.0,58.55920509187551
AU,CLUSTER_135,cattle_man,35210.0,37.61562143308904
AU,CLUSTER_135,horse_man,2847.0,37.61562143308904
AU,CLUSTER_135,beet_leaf,429.0,37.61562143308904
AU,CLUSTER_135,legume_str,330.2,37.61562143308904
AU,CLUSTER_2,cattle_man,3616.0,33.11618720182321
AU,CLUSTER_2,beet_leaf,10250.0,33.11618720182321
AU,CLUSTER_203,cattle_man,28660.0,36.870809703681466
AU,CLUSTER_205,cattle_man,16567.0,21.845797371086928
AU,CLUSTER_205,beet_leaf,702.0,21.845797371086928
AU,CLUSTER_208,cattle_man,5066.0,24.91492616080894
AU,CLUSTER_208,rape_str,87.1,24.91492616080894
AU,CLUSTER_208,legume_str,344.5,24.91492616080894
AU,CLUSTER_22,cattle_man,44030.0,35.08335339633165
AU,CLUSTER_244,horse_man,3070.0,52.994059221711794
AU,CLUSTER_273,cattle_man,6690.0,35.816145574371845
AU,CLUSTER_273,beet_leaf,639.0,35.816145574371845
AU,CLUSTER_302,cattle_man,16129.999999999998,7.414878451387545
AU,CLUSTER_302,cattle_slu,68920.0,7.414878451387545
AU,CLUSTER_302,horse_man,1597.0,7.414878451387545
AU,CLUSTER_302,clover_alfalfa_grass,590.9,7.414878451387545
AU,CLUSTER_302,maize_str,1324.0,7.414878451387545
AU,CLUSTER_302,rape_str,140.1,7.414878451387545
AU,CLUSTER_302,legume_str,313.8,7.414878451387545
AU,CLUSTER_308,horse_man,482.0,66.88260016544353
AU,CLUSTER_319,cattle_man,9700.0,16.626524139624067
AU,CLUSTER_319,horse_man,1821.5,16.626524139624067
AU,CLUSTER_319,clover_alfalfa_grass,4991.0,16.626524139624067
AU,CLUSTER_319,beet_leaf,424.0,16.626524139624067
AU,CLUSTER_319,rape_str,429.0,16.626524139624067
AU,CLUSTER_319,legume_str,497.00000000000006,16.626524139624067
AU,CLUSTER_350,horse_man,2875.0,41.06965458345088
AU,CLUSTER_354,cattle_man,4844.0,38.52783308637583
AU,CLUSTER_354,beet_leaf,1135.2419675057427,38.52783308637583
AU,CLUSTER_355,beet_leaf,29970.0,42.17431941705235
AU,CLUSTER_37,cattle_man,31919.999999999996,23.7775329431349
AU,CLUSTER_378,cattle_man,31200.0,32.09991369820548
AU,CLUSTER_398,cattle_man,5117.0,7.246752930120764
AU,CLUSTER_398,cattle_slu,15360.0,7.246752930120764
AU,CLUSTER_398,clover_alfalfa_grass,1698.0,7.246752930120764
AU,CLUSTER_398,maize_str,2774.0,7.246752930120764
AU,CLUSTER_398,beet_leaf,62.10000000000001,7.246752930120764
AU,CLUSTER_398,legume_str,250.69999999999996,7.246752930120764
AU,CLUSTER_400,beet_leaf,11210.0,47.88164310352074
AU,CLUSTER_402,beet_leaf,366.0,47.55516457644468
AU,CLUSTER_436,cattle_man,14080.0,27.572127569250465
AU,CLUSTER_436,beet_leaf,44.5,27.572127569250465
AU,CLUSTER_440,horse_man,2708.0,46.16600145738066
AU,CLUSTER_448,horse_man,654.0,67.82772836268909
AU,CLUSTER_450,cattle_man,18270.0,12.28555447753524
AU,CLUSTER_450,clover_alfalfa_grass,2678.0,12.28555447753524
AU,CLUSTER_450,beet_leaf,179.0,12.28555447753524
AU,CLUSTER_473,cattle_man,11380.0,19.829559223732264
AU,CLUSTER_488,beet_leaf,11817.089527432794,50.39082284036215
AU,CLUSTER_493,cattle_man,9040.0,16.350084666204033
AU,CLUSTER_493,horse_man,951.2,16.350084666204033
AU,CLUSTER_493,clover_alfalfa_grass,746.0,16.350084666204033
AU,CLUSTER_493,rape_str,189.92,16.350084666204033
AU,CLUSTER_493,legume_str,157.4,16.350084666204033
AU,CLUSTER_516,cattle_man,8820.0,18.69103965947849
AU,CLUSTER_537,beet_leaf,708.0,39.691404930334336
AU,CLUSTER_541,cattle_man,4103.0,16.503608039018054
AU,CLUSTER_541,horse_man,835.5,16.503608039018054
AU,CLUSTER_541,clover_alfalfa_grass,631.2,16.503608039018054
AU,CLUSTER_541,rape_str,221.9,16.503608039018054
AU,CLUSTER_541,legume_str,57.8,16.503608039018054
AU,CLUSTER_58,cattle_man,49010.0,28.354444984293625
AU,CLUSTER_58,horse_man,3739.6,28.354444984293625
AU,CLUSTER_58,beet_leaf,321.39,28.354444984293625
AU,CLUSTER_61,cattle_man,33290.0,25.057522915875044
AU,CLUSTER_61,beet_leaf,2272.0,25.057522915875044
AU,CLUSTER_64,cattle_man,16099.7548014951,17.649403926154893
AU,CLUSTER_64,clover_alfalfa_grass,4176.7713914713895,17.649403926154893
AU,CLUSTER_68,beet_leaf,43924.88861013677,45.63554931920592
AU,CLUSTER_70,cattle_man,18095.0,29.411802953608227
AU,CLUSTER_70,beet_leaf,4041.0000000000005,29.411802953608227
AU,CLUSTER_73,beet_leaf,17732.0,50.014406082822525
AU,CLUSTER_85,horse_man,2141.0,57.265585378168986
AU,CLUSTER_92,cattle_man,17416.0,7.809755284667654
AU,CLUSTER_92,clover_alfalfa_grass,3425.0,7.809755284667654
AU,CLUSTER_92,maize_str,2888.0,7.809755284667654
AU,CLUSTER_93,horse_man,4360.0,48.925243655562966
AU,CLUSTER_93,legume_str,120.6,48.925243655562966
BO,CLUSTER_1,cattle_man,7654.55,24.647529102710298
BO,CLUSTER_1,beet_leaf,1232.41,24.647529102710298
BO,CLUSTER_1,rape_str,1763.0,24.647529102710298
BO,CLUSTER_1,legume_str,279.7,24.647529102710298
BO,CLUSTER_103,cattle_man,2660.0,45.22576462255776
BO,CLUSTER_103,rape_str,208.4,45.22576462255776
BO,CLUSTER_103,legume_str,84.58999999999999,45.22576462255776
BO,CLUSTER_108,horse_man,2893.0,71.61871061382585
BO,CLUSTER_11,horse_man,1455.0,53.10490976510568
BO,CLUSTER_12,cattle_man,6212.0,31.623887130324803
BO,CLUSTER_12,horse_man,2496.5,31.623887130324803
BO,CLUSTER_12,rape_str,261.194,31.623887130324803
BO,CLUSTER_12,legume_str,192.82,31.623887130324803
BO,CLUSTER_120,pig_man,313.972,133.9055963279551
BO,CLUSTER_125,cattle_man,17940.0,31.91903316440161
BO,CLUSTER_125,beet_leaf,1455.0,31.91903316440161
BO,CLUSTER_125,rape_str,3920.0,31.91903316440161
BO,CLUSTER_125,legume_str,441.0,31.91903316440161
BO,CLUSTER_140,cattle_man,7209.0,46.04058362000093
BO,CLUSTER_140,rape_str,2088.0,46.04058362000093
BO,CLUSTER_140,legume_str,312.5,46.04058362000093
BO,CLUSTER_141,cattle_man,6618.0,46.00979081767834
BO,CLUSTER_141,horse_man,2815.0,46.00979081767834
BO,CLUSTER_141,rape_str,1518.4,46.00979081767834
BO,CLUSTER_141,legume_str,364.1,46.00979081767834
BO,CLUSTER_147,horse_man,869.8,47.523181236592265
BO,CLUSTER_147,rape_str,506.3,47.523181236592265
BO,CLUSTER_147,legume_str,68.23,47.523181236592265
BO,CLUSTER_15,cattle_man,7650.0,18.44287066064052
BO,CLUSTER_15,horse_man,5057.0,18.44287066064052
BO,CLUSTER_15,rape_str,787.2,18.44287066064052
BO,CLUSTER_15,legume_str,224.491,18.44287066064052
BO,CLUSTER_160,horse_man,2174.2,59.67113963999579
BO,CLUSTER_162,rape_str,2424.0,45.05281004564906
BO,CLUSTER_162,legume_str,744.7,45.05281004564906
BO,CLUSTER_171,cattle_man,11040.0,33.381175414260674
BO,CLUSTER_171,beet_leaf,1955.9999999999998,33.381175414260674
BO,CLUSTER_171,rape_str,1563.0,33.381175414260674
BO,CLUSTER_171,legume_str,188.6,33.381175414260674
BO,CLUSTER_183,horse_man,2503.0,78.15119267470997
BO,CLUSTER_185,pig_man,183.43,131.6549527888021
BO,CLUSTER_188,cattle_man,6172.0,23.69479561783883
BO,CLUSTER_188,horse_man,1732.0,23.69479561783883
BO,CLUSTER_188,rape_str,21.25,23.69479561783883
BO,CLUSTER_188,legume_str,67.118,23.69479561783883
BO,CLUSTER_19,horse_man,1890.0,62.01858204304674
BO,CLUSTER_197,horse_man,194.9,69.72337328827129
BO,CLUSTER_212,cattle_man,5215.0,38.097653274910016
BO,CLUSTER_212,beet_leaf,11460.0,38.097653274910016
BO,CLUSTER_212,rape_str,2994.0,38.097653274910016
BO,CLUSTER_212,legume_str,423.4,38.097653274910016
BO,CLUSTER_219,cattle_man,5290.0,26.929143172547366
BO,CLUSTER_219,beet_leaf,326.0,26.929143172547366
BO,CLUSTER_219,rape_str,2300.0,26.929143172547366
BO,CLUSTER_219,legume_str,276.0,26.929143172547366
BO,CLUSTER_220,horse_man,806.0,63.7626847127506
BO,CLUSTER_221,horse_man,1171.9,74.30849324631754
BO,CLUSTER_230,cattle_man,11370.0,32.07570304041256
BO,CLUSTER_230,rape_str,1536.0,32.07570304041256
BO,CLUSTER_230,legume_str,288.0,32.07570304041256
BO,CLUSTER_232,horse_man,3168.0,70.02183652985705
BO,CLUSTER_242,horse_man,850.0,63.01551168794591
BO,CLUSTER_259,cattle_man,11538.0,40.29698536938976
BO,CLUSTER_259,rape_str,1130.8,40.29698536938976
BO,CLUSTER_259,legume_str,90.26,40.29698536938976
BO,CLUSTER_261,horse_man,1088.2,79.7345019245687
BO,CLUSTER_262,cattle_man,7320.0,30.42769720142986
BO,CLUSTER_262,horse_man,491.0,30.42769720142986
BO,CLUSTER_262,rape_str,727.9,30.42769720142986
BO,CLUSTER_262,legume_str,189.5,30.42769720142986
BO,CLUSTER_265,horse_man,1119.1,64.51804315477388
BO,CLUSTER_266,cattle_man,5864.8,45.10589558305246
BO,CLUSTER_266,horse_man,271.0126,45.10589558305246
BO,CLUSTER_266,rape_str,64.9,45.10589558305246
BO,CLUSTER_266,legume_str,14.388000000000002,45.10589558305246
BO,CLUSTER_269,horse_man,2387.8,77.90723070808882
BO,CLUSTER_272,horse_man,1033.0,52.15823192944583
BO,CLUSTER_290,cattle_man,4269.0,41.42993190263279
BO,CLUSTER_290,rape_str,1121.03,41.42993190263279
BO,CLUSTER_290,legume_str,233.8,41.42993190263279
BO,CLUSTER_294,horse_man,1187.9,57.30408445567408
BO,CLUSTER_314,horse_man,639.0,70.43454863889727
BO,CLUSTER_322,cattle_man,5790.0,9.221161115127588
BO,CLUSTER_322,cattle_slu,28610.0,9.221161115127588
BO,CLUSTER_322,horse_man,1355.0,9.221161115127588
BO,CLUSTER_322,clover_alfalfa_grass,9910.0,9.221161115127588
BO,CLUSTER_322,maize_str,206.2,9.221161115127588
BO,CLUSTER_322,rape_str,704.3,9.221161115127588
BO,CLUSTER_322,legume_str,115.8,9.221161115127588
BO,CLUSTER_346,cattle_man,146.3,33.58995416168001
BO,CLUSTER_346,horse_man,804.6,33.58995416168001
BO,CLUSTER_346,beet_leaf,12.9,33.58995416168001
BO,CLUSTER_346,rape_str,14.6,33.58995416168001
BO,CLUSTER_347,horse_man,826.5,81.60914483713076
BO,CLUSTER_35,cattle_man,3291.0,30.85638871326931
BO,CLUSTER_35,beet_leaf,5272.0,30.85638871326931
BO,CLUSTER_35,rape_str,3218.0,30.85638871326931
BO,CLUSTER_35,legume_str,631.6,30.85638871326931
BO,CLUSTER_351,cattle_man,14750.0,13.680184371886414
BO,CLUSTER_351,cattle_slu,79473.21379019479,13.680184371886414
BO,CLUSTER_351,maize_str,544.0,13.680184371886414
BO,CLUSTER_351,beet_leaf,525.0,13.680184371886414
BO,CLUSTER_351,rape_str,1727.0,13.680184371886414
BO,CLUSTER_351,legume_str,523.0,13.680184371886414
BO,CLUSTER_373,cattle_man,930.61,39.9871900439885
BO,CLUSTER_373,beet_leaf,3464.4976062274195,39.9871900439885
BO,CLUSTER_373,rape_str,814.9,39.9871900439885
BO,CLUSTER_373,legume_str,370.5,39.9871900439885
BO,CLUSTER_381,horse_man,1692.89,53.75919349941773
BO,CLUSTER_382,cattle_man,2959.0,37.44994573519982
BO,CLUSTER_382,beet_leaf,170.3,37.44994573519982
BO,CLUSTER_382,rape_str,1028.0,37.44994573519982
BO,CLUSTER_382,legume_str,385.1,37.44994573519982
BO,CLUSTER_384,horse_man,619.0,52.99851285494508
BO,CLUSTER_392,cattle_man,5800.0,21.86658206512938
BO,CLUSTER_392,horse_man,513.0,21.86658206512938
BO,CLUSTER_392,rape_str,1560.0,21.86658206512938
BO,CLUSTER_392,legume_str,315.9,21.86658206512938
BO,CLUSTER_394,cattle_man,6080.0,17.027467598986846
BO,CLUSTER_394,beet_leaf,221.3,17.027467598986846
BO,CLUSTER_394,rape_str,3108.0,17.027467598986846
BO,CLUSTER_394,legume_str,403.6,17.027467598986846
BO,CLUSTER_397,cattle_man,5686.0,41.20561922281333
BO,CLUSTER_397,rape_str,641.0,41.20561922281333
BO,CLUSTER_397,legume_str,173.8,41.20561922281333
BO,CLUSTER_399,cattle_man,1238.6,44.20827948922618
BO,CLUSTER_399,rape_str,723.2,44.20827948922618
BO,CLUSTER_399,legume_str,297.37,44.20827948922618
BO,CLUSTER_40,cattle_man,5321.0,43.342409169836834
BO,CLUSTER_40,horse_man,2457.6,43.342409169836834
BO,CLUSTER_40,rape_str,458.3,43.342409169836834
BO,CLUSTER_40,legume_str,180.49,43.342409169836834
BO,CLUSTER_404,cattle_man,4430.0,34.23192222198189
BO,CLUSTER_404,horse_man,1860.0,34.23192222198189
BO,CLUSTER_404,beet_leaf,1040.6,34.23192222198189
BO,CLUSTER_404,rape_str,430.0,34.23192222198189
BO,CLUSTER_404,legume_str,89.80000000000001,34.23192222198189
BO,CLUSTER_41,horse_man,2108.8,63.01754772264047
BO,CLUSTER_414,horse_man,1048.1,69.24982576875975
BO,CLUSTER_425,horse_man,526.6,57.06728437300687
BO,CLUSTER_433,horse_man,1106.0,59.42649796385703
BO,CLUSTER_435,cattle_man,3989.9999999999995,12.622134036068756
BO,CLUSTER_435,cattle_slu,23870.0,12.622134036068756
BO,CLUSTER_435,horse_man,1508.0,12.622134036068756
BO,CLUSTER_435,clover_alfalfa_grass,926.7886613212179,12.622134036068756
BO,CLUSTER_435,maize_str,65.7,12.622134036068756
BO,CLUSTER_435,rape_str,153.1,12.622134036068756
BO,CLUSTER_435,legume_str,63.4,12.622134036068756
BO,CLUSTER_438,horse_man,832.8,76.29529471003605
BO,CLUSTER_444,horse_man,379.2,74.1871543825766
BO,CLUSTER_451,cattle_man,7650.0,18.7493724765823
BO,CLUSTER_451,rape_str,3060.0,18.7493724765823
BO,CLUSTER_451,legume_str,293.0,18.7493724765823
BO,CLUSTER_454,horse_man,105.4,54.70405355457497
BO,CLUSTER_462,horse_man,386.0,80.72285585754332
BO,CLUSTER_469,beet_leaf,6318.8,39.54369553305267
BO,CLUSTER_469,rape_str,1099.0,39.54369553305267
BO,CLUSTER_469,legume_str,204.7,39.54369553305267
BO,CLUSTER_476,cattle_man,2730.0,22.28385694410875
BO,CLUSTER_476,horse_man,492.00000000000006,22.28385694410875
BO,CLUSTER_476,rape_str,21.8,22.28385694410875
BO,CLUSTER_476,legume_str,20.15,22.28385694410875
BO,CLUSTER_481,cattle_man,7889.999999999999,22.096487292632396
BO,CLUSTER_481,beet_leaf,3240.0,22.096487292632396
BO,CLUSTER_481,rape_str,4790.0,22.096487292632396
BO,CLUSTER_481,legume_str,620.0,22.096487292632396
BO,CLUSTER_486,horse_man,429.2,81.73099689377163
BO,CLUSTER_490,cattle_man,3600.0,41.69968240313608
BO,CLUSTER_490,horse_man,745.2,41.69968240313608
BO,CLUSTER_490,rape_str,340.0,41.69968240313608
BO,CLUSTER_490,legume_str,80.4,41.69968240313608
BO,CLUSTER_503,legume_str,401.2,48.34906260701627
BO,CLUSTER_510,horse_man,1319.0,50.80696231051354
BO,CLUSTER_512,cattle_man,5080.0,42.20520258145697
BO,CLUSTER_512,horse_man,541.0,42.20520258145697
BO,CLUSTER_512,rape_str,499.0,42.20520258145697
BO,CLUSTER_512,legume_str,138.2,42.20520258145697
BO,CLUSTER_52,legume_str,277.4,48.86604970744602
BO,CLUSTER_524,horse_man,1677.6,55.89014096473106
BO,CLUSTER_529,horse_man,807.0,52.21939396865124
BO,CLUSTER_532,horse_man,177.7,68.05810760705381
BO,CLUSTER_536,cattle_man,3358.0,37.38033065506673
BO,CLUSTER_536,horse_man,483.9,37.38033065506673
BO,CLUSTER_536,rape_str,222.0,37.38033065506673
BO,CLUSTER_536,legume_str,88.69999999999999,37.38033065506673
BO,CLUSTER_55,cattle_man,3272.0,41.40558651877132
BO,CLUSTER_55,horse_man,3076.3,41.40558651877132
BO,CLUSTER_55,rape_str,291.6,41.40558651877132
BO,CLUSTER_55,legume_str,299.8,41.40558651877132
BO,CLUSTER_66,horse_man,880.00908,68.20931257656889
BO,CLUSTER_7,cattle_man,6818.0,35.61434217299388
BO,CLUSTER_7,rape_str,2308.0,35.61434217299388
BO,CLUSTER_7,legume_str,232.0,35.61434217299388
BO,CLUSTER_72,cattle_man,21650.0,4.913400429345276
BO,CLUSTER_72,cattle_slu,106500.0,4.913400429345276
BO,CLUSTER_72,horse_man,4938.0,4.913400429345276
BO,CLUSTER_72,clover_alfalfa_grass,23705.0,4.913400429345276
BO,CLUSTER_72,maize_str,914.0,4.913400429345276
BO,CLUSTER_72,beet_leaf,153.123,4.913400429345276
BO,CLUSTER_72,rape_str,3098.0,4.913400429345276
BO,CLUSTER_72,legume_str,700.5,4.913400429345276
BO,CLUSTER_76,cattle_man,2539.0,28.975277274466
BO,CLUSTER_76,beet_leaf,13.0,28.975277274466
BO,CLUSTER_76,rape_str,35.114,28.975277274466
BO,CLUSTER_76,legume_str,109.68,28.975277274466
BO,CLUSTER_77,cattle_man,15680.0,18.67421801696519
BO,CLUSTER_77,rape_str,1929.0,18.67421801696519
BO,CLUSTER_77,legume_str,300.0,18.67421801696519
BO,CLUSTER_78,cattle_man,7012.0,37.406857587673386
BO,CLUSTER_78,beet_leaf,818.5,37.406857587673386
BO,CLUSTER_78,rape_str,178.1,37.406857587673386
BO,CLUSTER_78,legume_str,40.33,37.406857587673386
BO,CLUSTER_88,horse_man,1496.2,61.56626326815798
BO,CLUSTER_89,cattle_man,6220.0,28.34609034056744
BO,CLUSTER_89,beet_leaf,94.7221,28.34609034056744
BO,CLUSTER_89,rape_str,2965.0,28.34609034056744
BO,CLUSTER_89,legume_str,351.6,28.34609034056744
BO,CLUSTER_96,cattle_man,3690.0,39.50800997748276
BO,CLUSTER_96,horse_man,2943.838,39.50800997748276
BO,CLUSTER_96,beet_leaf,1891.91,39.50800997748276
BO,CLUSTER_96,rape_str,553.6,39.50800997748276
BO,CLUSTER_96,legume_str,216.1,39.50800997748276
AV,CLUSTER_102,cattle_man,1724.0,27.982691929988423
AV,CLUSTER_102,horse_man,961.0,27.982691929988423
AV,CLUSTER_102,rape_str,88.5,27.982691929988423
AV,CLUSTER_102,legume_str,12.3,27.982691929988423
AV,CLUSTER_108,cattle_man,372.4,47.13787918856371
AV,CLUSTER_108,rape_str,1296.1,47.13787918856371
AV,CLUSTER_108,legume_str,386.8,47.13787918856371
AV,CLUSTER_11,cattle_man,3764.1,48.92003366824374
AV,CLUSTER_11,rape_str,672.41,48.92003366824374
AV,CLUSTER_11,legume_str,180.37,48.92003366824374
AV,CLUSTER_112,cattle_man,13057.0,9.785141503640752
AV,CLUSTER_112,cattle_slu,95060.0,9.785141503640752
AV,CLUSTER_112,horse_man,1571.0,9.785141503640752
AV,CLUSTER_112,clover_alfalfa_grass,8797.0,9.785141503640752
AV,CLUSTER_112,rape_str,740.13,9.785141503640752
AV,CLUSTER_112,legume_str,69.21000000000001,9.785141503640752
AV,CLUSTER_113,cattle_man,1617.0,27.32630290397776
AV,CLUSTER_113,horse_man,513.4,27.32630290397776
AV,CLUSTER_113,rape_str,57.67,27.32630290397776
AV,CLUSTER_113,legume_str,53.1,27.32630290397776
AV,CLUSTER_114,cattle_man,3025.0,23.04869143017369
AV,CLUSTER_114,horse_man,632.9,23.04869143017369
AV,CLUSTER_114,maize_str,77.8,23.04869143017369
AV,CLUSTER_114,beet_leaf,323.0584,23.04869143017369
AV,CLUSTER_114,rape_str,2133.0,23.04869143017369
AV,CLUSTER_114,legume_str,233.9,23.04869143017369
AV,CLUSTER_115,horse_man,190.35,53.79416681118182
AV,CLUSTER_115,rape_str,646.0,53.79416681118182
AV,CLUSTER_115,legume_str,147.8,53.79416681118182
AV,CLUSTER_120,cattle_man,10758.0,40.7161082604972
AV,CLUSTER_120,horse_man,643.23,40.7161082604972
AV,CLUSTER_120,beet_leaf,12.28,40.7161082604972
AV,CLUSTER_120,rape_str,1687.0,40.7161082604972
AV,CLUSTER_120,legume_str,254.4,40.7161082604972
AV,CLUSTER_133,cattle_man,1800.0,36.38372966194248
AV,CLUSTER_133,horse_man,538.3,36.38372966194248
AV,CLUSTER_133,rape_str,74.2,36.38372966194248
AV,CLUSTER_168,cattle_man,4187.0,21.60199528060301
AV,CLUSTER_168,horse_man,2384.0,21.60199528060301
AV,CLUSTER_168,maize_str,165.79,21.60199528060301
AV,CLUSTER_168,rape_str,528.6,21.60199528060301
AV,CLUSTER_168,legume_str,159.0,21.60199528060301
AV,CLUSTER_18,cattle_man,14355.0,44.20475281905524
AV,CLUSTER_18,horse_man,809.7,44.20475281905524
AV,CLUSTER_18,rape_str,930.0,44.20475281905524
AV,CLUSTER_18,legume_str,160.1,44.20475281905524
AV,CLUSTER_185,cattle_man,4461.0,34.668754636491286
AV,CLUSTER_185,horse_man,786.4,34.668754636491286
AV,CLUSTER_185,rape_str,980.9000000000001,34.668754636491286
AV,CLUSTER_185,legume_str,368.9,34.668754636491286
AV,CLUSTER_19,cattle_man,13523.0,36.97293008874363
AV,CLUSTER_19,rape_str,1053.0,36.97293008874363
AV,CLUSTER_19,legume_str,163.01,36.97293008874363
AV,CLUSTER_197,cattle_man,6600.0,40.98474529637967
AV,CLUSTER_197,beet_leaf,34.1,40.98474529637967
AV,CLUSTER_197,rape_str,192.0,40.98474529637967
AV,CLUSTER_197,legume_str,64.6,40.98474529637967
AV,CLUSTER_199,cattle_man,3629.0,25.757194883933693
AV,CLUSTER_199,horse_man,704.0,25.757194883933693
AV,CLUSTER_199,maize_str,12.3167,25.757194883933693
AV,CLUSTER_199,rape_str,2095.0,25.757194883933693
AV,CLUSTER_199,legume_str,218.02,25.757194883933693
AV,CLUSTER_21,cattle_man,11680.0,29.486127269088414
AV,CLUSTER_21,horse_man,1242.7,29.486127269088414
AV,CLUSTER_21,beet_leaf,47.05,29.486127269088414
AV,CLUSTER_21,rape_str,567.3,29.486127269088414
AV,CLUSTER_21,legume_str,141.0,29.486127269088414
AV,CLUSTER_211,cattle_man,4080.0000000000005,33.35875459677519
AV,CLUSTER_211,horse_man,442.0,33.35875459677519
AV,CLUSTER_211,rape_str,526.0,33.35875459677519
AV,CLUSTER_211,legume_str,121.2,33.35875459677519
AV,CLUSTER_216,cattle_man,6405.0,36.61849036123458
AV,CLUSTER_216,horse_man,1391.183,36.61849036123458
AV,CLUSTER_216,beet_leaf,134.0,36.61849036123458
AV,CLUSTER_216,rape_str,604.0,36.61849036123458
AV,CLUSTER_216,legume_str,149.51999999999998,36.61849036123458
AV,CLUSTER_217,cattle_man,3099.0,37.18208911102537
AV,CLUSTER_217,horse_man,1360.0,37.18208911102537
AV,CLUSTER_217,beet_leaf,1679.0,37.18208911102537
AV,CLUSTER_217,rape_str,2680.0,37.18208911102537
AV,CLUSTER_217,legume_str,337.9,37.18208911102537
AV,CLUSTER_220,cattle_man,1849.0,35.414614127738325
AV,CLUSTER_220,rape_str,396.0,35.414614127738325
AV,CLUSTER_220,legume_str,140.7,35.414614127738325
AV,CLUSTER_221,cattle_man,8125.0,25.49599540209244
AV,CLUSTER_221,maize_str,70.25,25.49599540209244
AV,CLUSTER_221,beet_leaf,20.22,25.49599540209244
AV,CLUSTER_221,rape_str,447.85,25.49599540209244
AV,CLUSTER_221,legume_str,89.54,25.49599540209244
AV,CLUSTER_222,cattle_man,794.6,45.75315739005308
AV,CLUSTER_222,rape_str,844.8,45.75315739005308
AV,CLUSTER_222,legume_str,145.8,45.75315739005308
AV,CLUSTER_227,horse_man,79.97,60.3190733918255
AV,CLUSTER_234,horse_man,2507.0,68.18832453189474
AV,CLUSTER_245,cattle_man,13085.0,30.304775932270346
AV,CLUSTER_245,horse_man,793.9,30.304775932270346
AV,CLUSTER_245,beet_leaf,61.3,30.304775932270346
AV,CLUSTER_245,rape_str,863.6,30.304775932270346
AV,CLUSTER_245,legume_str,148.70000000000002,30.304775932270346
AV,CLUSTER_249,horse_man,1754.0,56.95727776415276
AV,CLUSTER_249,legume_str,275.8,56.95727776415276
AV,CLUSTER_25,cattle_man,2469.58,20.520973743653684
AV,CLUSTER_25,horse_man,395.1,20.520973743653684
AV,CLUSTER_25,clover_alfalfa_grass,6764.0,20.520973743653684
AV,CLUSTER_25,rape_str,361.4,20.520973743653684
AV,CLUSTER_25,legume_str,111.18,20.520973743653684
AV,CLUSTER_255,cattle_man,5100.0,30.69783599253777
AV,CLUSTER_255,horse_man,1720.5,30.69783599253777
AV,CLUSTER_255,maize_str,91.14,30.69783599253777
AV,CLUSTER_255,beet_leaf,402.0,30.69783599253777
AV,CLUSTER_255,rape_str,1415.5,30.69783599253777
AV,CLUSTER_255,legume_str,246.64000000000001,30.69783599253777
AV,CLUSTER_261,cattle_man,10670.0,40.19037920100514
AV,CLUSTER_261,beet_leaf,64.58,40.19037920100514
AV,CLUSTER_261,rape_str,885.0,40.19037920100514
AV,CLUSTER_261,legume_str,260.0,40.19037920100514
AV,CLUSTER_265,cattle_man,1417.0,42.62991953284925
AV,CLUSTER_265,rape_str,352.79,42.62991953284925
AV,CLUSTER_265,legume_str,130.86,42.62991953284925
AV,CLUSTER_269,cattle_man,10313.0,21.02261280340163
AV,CLUSTER_269,rape_str,727.1,21.02261280340163
AV,CLUSTER_269,legume_str,139.774,21.02261280340163
AV,CLUSTER_286,cattle_man,4579.0,41.78493283648409
AV,CLUSTER_286,horse_man,502.1,41.78493283648409
AV,CLUSTER_286,beet_leaf,113.9,41.78493283648409
AV,CLUSTER_286,rape_str,875.9,41.78493283648409
AV,CLUSTER_286,legume_str,241.6,41.78493283648409
AV,CLUSTER_293,cattle_man,4637.0,48.96570523324159
AV,CLUSTER_293,rape_str,1991.0000000000002,48.96570523324159
AV,CLUSTER_293,legume_str,195.85,48.96570523324159
AV,CLUSTER_299,cattle_man,4359.0,32.46022121898839
AV,CLUSTER_299,horse_man,817.8,32.46022121898839
AV,CLUSTER_299,beet_leaf,35.65,32.46022121898839
AV,CLUSTER_299,rape_str,270.28,32.46022121898839
AV,CLUSTER_299,legume_str,62.4,32.46022121898839
AV,CLUSTER_307,cattle_man,3600.0,43.02920734097231
AV,CLUSTER_307,horse_man,1101.0,43.02920734097231
AV,CLUSTER_307,rape_str,648.6,43.02920734097231
AV,CLUSTER_307,legume_str,128.0,43.02920734097231
AV,CLUSTER_309,cattle_man,7630.0,23.883802383810597
AV,CLUSTER_309,horse_man,240.3,23.883802383810597
AV,CLUSTER_309,beet_leaf,64.7,23.883802383810597
AV,CLUSTER_309,rape_str,199.0,23.883802383810597
AV,CLUSTER_309,legume_str,115.88,23.883802383810597
AV,CLUSTER_326,cattle_man,682.9191417605518,49.77807669050846
AV,CLUSTER_326,rape_str,2611.0,49.77807669050846
AV,CLUSTER_326,legume_str,268.6,49.77807669050846
AV,CLUSTER_327,cattle_man,2540.0,44.18015389748495
AV,CLUSTER_327,horse_man,336.5,44.18015389748495
AV,CLUSTER_327,rape_str,68.7,44.18015389748495
AV,CLUSTER_327,legume_str,27.7,44.18015389748495
AV,CLUSTER_331,cattle_man,5700.0,9.851321203809407
AV,CLUSTER_331,cattle_slu,37300.0,9.851321203809407
AV,CLUSTER_331,horse_man,3020.0,9.851321203809407
AV,CLUSTER_331,clover_alfalfa_grass,10090.0,9.851321203809407
AV,CLUSTER_331,maize_str,232.3,9.851321203809407
AV,CLUSTER_331,beet_leaf,208.9,9.851321203809407
AV,CLUSTER_331,rape_str,1228.0,9.851321203809407
AV,CLUSTER_331,legume_str,336.0,9.851321203809407
AV,CLUSTER_335,cattle_man,4820.0,9.589621610573928
AV,CLUSTER_335,cattle_slu,36400.0,9.589621610573928
AV,CLUSTER_335,horse_man,3071.0,9.589621610573928
AV,CLUSTER_335,clover_alfalfa_grass,8442.0,9.589621610573928
AV,CLUSTER_335,maize_str,16.3,9.589621610573928
AV,CLUSTER_335,rape_str,517.7,9.589621610573928
AV,CLUSTER_335,legume_str,75.2,9.589621610573928
AV,CLUSTER_347,cattle_man,674.0,41.29477020484962
AV,CLUSTER_347,beet_leaf,426.0,41.29477020484962
AV,CLUSTER_347,rape_str,703.0,41.29477020484962
AV,CLUSTER_347,legume_str,72.69999999999999,41.29477020484962
AV,CLUSTER_357,cattle_man,11532.0,49.06638258714407
AV,CLUSTER_357,horse_man,1403.7,49.06638258714407
AV,CLUSTER_357,rape_str,1320.0,49.06638258714407
AV,CLUSTER_357,legume_str,131.1,49.06638258714407
AV,CLUSTER_358,cattle_man,8329.0,13.118594907870454
AV,CLUSTER_358,cattle_slu,7536.654066841952,13.118594907870454
AV,CLUSTER_358,horse_man,586.9,13.118594907870454
AV,CLUSTER_358,clover_alfalfa_grass,9675.0,13.118594907870454
AV,CLUSTER_358,beet_leaf,105.7,13.118594907870454
AV,CLUSTER_358,rape_str,1314.0,13.118594907870454
AV,CLUSTER_358,legume_str,122.64,13.118594907870454
AV,CLUSTER_359,cattle_man,4205.0,32.308931754476006
AV,CLUSTER_359,horse_man,362.1,32.308931754476006
AV,CLUSTER_359,beet_leaf,282.0,32.308931754476006
AV,CLUSTER_359,rape_str,388.5,32.308931754476006
AV,CLUSTER_359,legume_str,17.74,32.308931754476006
AV,CLUSTER_36,cattle_man,5369.2,38.87921742081419
AV,CLUSTER_36,horse_man,1610.7,38.87921742081419
AV,CLUSTER_36,beet_leaf,843.4,38.87921742081419
AV,CLUSTER_36,rape_str,1517.0,38.87921742081419
AV,CLUSTER_36,legume_str,273.0,38.87921742081419
AV,CLUSTER_367,cattle_man,1682.0,45.60665963055792
AV,CLUSTER_367,horse_man,1169.9,45.60665963055792
AV,CLUSTER_367,rape_str,1095.0,45.60665963055792
AV,CLUSTER_367,legume_str,263.8,45.60665963055792
AV,CLUSTER_380,cattle_man,6580.0,13.71269228556809
AV,CLUSTER_380,horse_man,1242.0,13.71269228556809
AV,CLUSTER_380,clover_alfalfa_grass,8660.0,13.71269228556809
AV,CLUSTER_380,maize_str,92.9,13.71269228556809
AV,CLUSTER_380,beet_leaf,15.840000000000002,13.71269228556809
AV,CLUSTER_380,rape_str,2235.0,13.71269228556809
AV,CLUSTER_380,legume_str,263.0,13.71269228556809
AV,CLUSTER_384,cattle_man,3170.0,45.15079805443981
AV,CLUSTER_384,rape_str,817.0,45.15079805443981
AV,CLUSTER_384,legume_str,93.3,45.15079805443981
AV,CLUSTER_401,cattle_man,1666.8,27.73195886944336
AV,CLUSTER_401,horse_man,929.5,27.73195886944336
AV,CLUSTER_401,maize_str,100.7,27.73195886944336
AV,CLUSTER_401,rape_str,292.6,27.73195886944336
AV,CLUSTER_401,legume_str,39.49,27.73195886944336
AV,CLUSTER_41,rape_str,100.22,55.052509774328
AV,CLUSTER_41,legume_str,35.1,55.052509774328
AV,CLUSTER_413,horse_man,36.0,60.424104195617886
AV,CLUSTER_414,cattle_man,13020.0,35.214181230112494
AV,CLUSTER_414,rape_str,522.6,35.214181230112494
AV,CLUSTER_414,legume_str,213.38,35.214181230112494
AV,CLUSTER_419,cattle_man,2304.0,2.4945858193317174
AV,CLUSTER_419,cattle_slu,11373.0,2.4945858193317174
AV,CLUSTER_419,horse_man,791.0,2.4945858193317174
AV,CLUSTER_419,clover_alfalfa_grass,5001.0,2.4945858193317174
AV,CLUSTER_419,maize_str,23.4,2.4945858193317174
AV,CLUSTER_419,rape_str,386.1,2.4945858193317174
AV,CLUSTER_419,legume_str,177.2,2.4945858193317174
AV,CLUSTER_425,rape_str,615.3,51.23701188578325
AV,CLUSTER_425,legume_str,35.99,51.23701188578325
AV,CLUSTER_437,cattle_man,8510.0,20.93574807866633
AV,CLUSTER_437,horse_man,938.0,20.93574807866633
AV,CLUSTER_437,clover_alfalfa_grass,3793.2466211505616,20.93574807866633
AV,CLUSTER_437,rape_str,308.6,20.93574807866633
AV,CLUSTER_437,legume_str,135.0,20.93574807866633
AV,CLUSTER_438,rape_str,20.6,53.397527192562166
AV,CLUSTER_438,legume_str,13.04,53.397527192562166
AV,CLUSTER_444,cattle_man,2690.0,34.26315384995487
AV,CLUSTER_444,beet_leaf,494.0,34.26315384995487
AV,CLUSTER_444,rape_str,842.13,34.26315384995487
AV,CLUSTER_444,legume_str,165.45999999999998,34.26315384995487
AV,CLUSTER_461,cattle_man,3302.0,42.7865397561307
AV,CLUSTER_461,horse_man,1385.0,42.7865397561307
AV,CLUSTER_461,rape_str,342.2,42.7865397561307
AV,CLUSTER_461,legume_str,79.77,42.7865397561307
AV,CLUSTER_465,cattle_man,5980.0,37.79535375631841
AV,CLUSTER_465,horse_man,1448.0,37.79535375631841
AV,CLUSTER_465,beet_leaf,1146.0,37.79535375631841
AV,CLUSTER_465,rape_str,2360.0,37.79535375631841
AV,CLUSTER_465,legume_str,750.0,37.79535375631841
AV,CLUSTER_467,horse_man,266.5,53.02018093311839
AV,CLUSTER_467,rape_str,1193.5,53.02018093311839
AV,CLUSTER_467,legume_str,423.2,53.02018093311839
AV,CLUSTER_468,rape_str,574.4,54.244811178023824
AV,CLUSTER_468,legume_str,142.73,54.244811178023824
AV,CLUSTER_471,cattle_man,292.0,18.554889124419574
AV,CLUSTER_471,horse_man,250.50000000000003,18.554889124419574
AV,CLUSTER_471,clover_alfalfa_grass,212.8,18.554889124419574
AV,CLUSTER_471,rape_str,11.4,18.554889124419574
AV,CLUSTER_471,legume_str,10.2,18.554889124419574
AV,CLUSTER_475,cattle_man,3878.0,46.165927038603314
AV,CLUSTER_475,horse_man,665.9,46.165927038603314
AV,CLUSTER_475,rape_str,859.6,46.165927038603314
AV,CLUSTER_475,legume_str,261.4,46.165927038603314
AV,CLUSTER_510,legume_str,52.36,57.14799323675296
AV,CLUSTER_518,cattle_man,9270.0,21.893222189379284
AV,CLUSTER_518,horse_man,1313.0,21.893222189379284
AV,CLUSTER_518,beet_leaf,23.3,21.893222189379284
AV,CLUSTER_518,rape_str,1018.0,21.893222189379284
AV,CLUSTER_518,legume_str,172.5,21.893222189379284
AV,CLUSTER_522,cattle_man,6580.0,31.173312892692238
AV,CLUSTER_522,horse_man,288.1,31.173312892692238
AV,CLUSTER_522,beet_leaf,103.0,31.173312892692238
AV,CLUSTER_522,rape_str,722.0,31.173312892692238
AV,CLUSTER_522,legume_str,144.6,31.173312892692238
AV,CLUSTER_526,horse_man,485.0,59.62288281464291
AV,CLUSTER_529,rape_str,859.0,55.26999562181485
AV,CLUSTER_529,legume_str,186.5,55.26999562181485
AV,CLUSTER_535,cattle_man,1578.0,43.284990507494925
AV,CLUSTER_535,horse_man,706.0,43.284990507494925
AV,CLUSTER_535,rape_str,709.22,43.284990507494925
AV,CLUSTER_535,legume_str,91.4,43.284990507494925
AV,CLUSTER_539,cattle_man,2743.0,19.60707262981716
AV,CLUSTER_539,horse_man,433.0,19.60707262981716
AV,CLUSTER_539,clover_alfalfa_grass,1980.0,19.60707262981716
AV,CLUSTER_539,maize_str,65.900231,19.60707262981716
AV,CLUSTER_539,beet_leaf,110.0356,19.60707262981716
AV,CLUSTER_539,rape_str,737.0,19.60707262981716
AV,CLUSTER_539,legume_str,111.4,19.60707262981716
AV,CLUSTER_98,cattle_man,5002.1,11.830976804083935
AV,CLUSTER_98,cattle_slu,30704.5,11.830976804083935
AV,CLUSTER_98,horse_man,673.1,11.830976804083935
AV,CLUSTER_98,clover_alfalfa_grass,6049.0,11.830976804083935
AV,CLUSTER_98,rape_str,1266.0,11.830976804083935
AV,CLUSTER_98,legume_str,294.81,11.830976804083935
CG,CLUSTER_105,clover_alfalfa_grass,1028.5,17.101682248587412
CG,CLUSTER_105,perm_grass,2199.59,17.101682248587412
CG,CLUSTER_136,cattle_man,22230.0,6.290546874917085
CG,CLUSTER_136,cattle_slu,108700.0,6.290546874917085
CG,CLUSTER_136,clover_alfalfa_grass,6696.0,6.290546874917085
CG,CLUSTER_136,perm_grass,2134.5187,6.290546874917085
CG,CLUSTER_137,horse_man,2768.0,63.21148833606735
CG,CLUSTER_152,beet_leaf,7131.0,60.165254119057884
CG,CLUSTER_157,cattle_man,22880.0,14.04464479793618
CG,CLUSTER_157,horse_man,3454.0,14.04464479793618
CG,CLUSTER_157,clover_alfalfa_grass,3196.0,14.04464479793618
CG,CLUSTER_157,perm_grass,1634.831,14.04464479793618
CG,CLUSTER_174,cattle_man,17810.0,42.15620927496496
CG,CLUSTER_174,clover_alfalfa_grass,442.0,42.15620927496496
CG,CLUSTER_178,cattle_man,16790.0,13.699845387406585
CG,CLUSTER_178,clover_alfalfa_grass,3272.0,13.699845387406585
CG,CLUSTER_178,perm_grass,8480.024,13.699845387406585
CG,CLUSTER_191,horse_man,1592.0,62.58105560368432
CG,CLUSTER_201,clover_alfalfa_grass,3031.2,28.7149521290412
CG,CLUSTER_201,maize_str,93.3,28.7149521290412
CG,CLUSTER_204,cattle_man,10730.0,22.1459450438711
CG,CLUSTER_204,clover_alfalfa_grass,2841.0,22.1459450438711
CG,CLUSTER_207,cattle_man,25080.0,37.65288718971044
CG,CLUSTER_207,clover_alfalfa_grass,85.0,37.65288718971044
CG,CLUSTER_209,clover_alfalfa_grass,4631.0,17.715641632288886
CG,CLUSTER_209,perm_grass,1744.7820000000002,17.715641632288886
CG,CLUSTER_224,horse_man,1438.0,72.42553607271867
CG,CLUSTER_226,cattle_man,16880.0,34.847785965659064
CG,CLUSTER_226,horse_man,2471.6,34.847785965659064
CG,CLUSTER_226,clover_alfalfa_grass,220.5,34.847785965659064
CG,CLUSTER_243,cattle_man,19320.0,12.850471246660405
CG,CLUSTER_243,perm_grass,6423.0,12.850471246660405
CG,CLUSTER_256,cattle_man,2666.96,38.414428350840815
CG,CLUSTER_256,clover_alfalfa_grass,1952.4,38.414428350840815
CG,CLUSTER_256,maize_str,754.49,38.414428350840815
CG,CLUSTER_27,cattle_man,18405.0,23.416909424732804
CG,CLUSTER_27,horse_man,4194.0,23.416909424732804
CG,CLUSTER_27,clover_alfalfa_grass,3958.9000000000005,23.416909424732804
CG,CLUSTER_28,cattle_man,8410.0,29.073331954495885
CG,CLUSTER_28,horse_man,2761.9,29.073331954495885
CG,CLUSTER_287,cattle_man,2184.0,41.984074257463874
CG,CLUSTER_287,horse_man,1571.0,41.984074257463874
CG,CLUSTER_297,clover_alfalfa_grass,5541.0,37.44397860850352
CG,CLUSTER_297,maize_str,776.0,37.44397860850352
CG,CLUSTER_297,beet_leaf,1622.0,37.44397860850352
CG,CLUSTER_3,cattle_man,7882.999999999999,24.498933584242018
CG,CLUSTER_3,clover_alfalfa_grass,9972.0,24.498933584242018
CG,CLUSTER_3,maize_str,506.7,24.498933584242018
CG,CLUSTER_304,cattle_man,2118.0,39.63380990929736
CG,CLUSTER_304,horse_man,706.6,39.63380990929736
CG,CLUSTER_312,cattle_man,5416.751099279138,44.0286945811547
CG,CLUSTER_312,horse_man,1544.0,44.0286945811547
CG,CLUSTER_315,maize_str,484.820416809837,47.43806092819487
CG,CLUSTER_329,horse_man,1337.0,79.01761098226768
CG,CLUSTER_342,clover_alfalfa_grass,4055.7,39.28911142109108
CG,CLUSTER_342,maize_str,1338.0,39.28911142109108
CG,CLUSTER_342,beet_leaf,1757.0,39.28911142109108
CG,CLUSTER_352,cattle_man,13540.0,30.55586044823072
CG,CLUSTER_352,clover_alfalfa_grass,674.0,30.55586044823072
CG,CLUSTER_360,cattle_man,8890.0,30.070685729631062
CG,CLUSTER_360,horse_man,2360.0,30.070685729631062
CG,CLUSTER_365,beet_leaf,181.0,64.60841388449734
CG,CLUSTER_369,cattle_man,3235.7,30.74555742254937
CG,CLUSTER_369,clover_alfalfa_grass,2284.0,30.74555742254937
CG,CLUSTER_376,clover_alfalfa_grass,5676.0,42.49074775178276
CG,CLUSTER_376,maize_str,681.8,42.49074775178276
CG,CLUSTER_39,cattle_man,19310.0,35.13517360519537
CG,CLUSTER_39,clover_alfalfa_grass,172.0,35.13517360519537
CG,CLUSTER_391,cattle_man,11195.0,17.84869281923024
CG,CLUSTER_391,horse_man,3066.0,17.84869281923024
CG,CLUSTER_391,clover_alfalfa_grass,226.0,17.84869281923024
CG,CLUSTER_391,perm_grass,10360.0,17.84869281923024
CG,CLUSTER_412,cattle_man,16640.0,20.002945209891603
CG,CLUSTER_412,clover_alfalfa_grass,83.7,20.002945209891603
CG,CLUSTER_415,cattle_man,6170.0,29.90549634708212
CG,CLUSTER_415,clover_alfalfa_grass,6865.0,29.90549634708212
CG,CLUSTER_415,maize_str,263.2,29.90549634708212
CG,CLUSTER_422,horse_man,1414.0,46.14275394623297
CG,CLUSTER_432,clover_alfalfa_grass,3386.5652067279507,37.15161408300554
CG,CLUSTER_434,clover_alfalfa_grass,635.0,44.91582026010162
CG,CLUSTER_489,cattle_man,1068.0,32.09162954359319
CG,CLUSTER_489,horse_man,367.5,32.09162954359319
CG,CLUSTER_489,clover_alfalfa_grass,15.299999999999999,32.09162954359319
CG,CLUSTER_492,horse_man,472.0,76.45927821301376
CG,CLUSTER_5,cattle_man,1031.0,37.69975686946376
CG,CLUSTER_5,clover_alfalfa_grass,972.8,37.69975686946376
CG,CLUSTER_502,cattle_man,12710.0,6.166069499133851
CG,CLUSTER_502,cattle_slu,63900.0,6.166069499133851
CG,CLUSTER_502,clover_alfalfa_grass,2467.0,6.166069499133851
CG,CLUSTER_502,perm_grass,1374.0,6.166069499133851
CG,CLUSTER_502,maize_str,12.1,6.166069499133851
CG,CLUSTER_507,clover_alfalfa_grass,5280.0,33.75986651350881
CG,CLUSTER_508,cattle_man,21640.0,39.86377887245924
CG,CLUSTER_511,maize_str,399.7,45.799477290666985
CG,CLUSTER_521,horse_man,1448.0,57.44957378770648
CG,CLUSTER_53,cattle_man,6226.92,23.82236347398782
CG,CLUSTER_53,horse_man,1543.0,23.82236347398782
CG,CLUSTER_53,clover_alfalfa_grass,15.6,23.82236347398782
CG,CLUSTER_63,beet_leaf,6426.0,49.21399614680701
CG,CLUSTER_65,horse_man,2654.0,66.90704835919216
CG,CLUSTER_74,cattle_man,27550.0,27.51473426568057
CG,CLUSTER_74,clover_alfalfa_grass,792.4,27.51473426568057
CG,CLUSTER_84,cattle_man,15427.9,17.686842002939454
CG,CLUSTER_84,clover_alfalfa_grass,5946.0,17.686842002939454
CG,CLUSTER_84,perm_grass,6497.0,17.686842002939454
CG,CLUSTER_84,maize_str,95.97,17.686842002939454
CG,CLUSTER_86,cattle_man,15698.0,7.706634665209233
CG,CLUSTER_86,cattle_slu,29392.6341948719,7.706634665209233
CG,CLUSTER_86,clover_alfalfa_grass,3003.3,7.706634665209233
CG,CLUSTER_86,perm_grass,2011.0000000000002,7.706634665209233
CG,CLUSTER_94,horse_man,907.3,79.96549829968349
AJ,CLUSTER_0,clover_alfalfa_grass,5319.878000000001,32.94089445155949
AJ,CLUSTER_0,maize_str,6575.0,32.94089445155949
AJ,CLUSTER_121,cattle_man,11370.0,30.07164901006257
AJ,CLUSTER_121,clover_alfalfa_grass,277.0,30.07164901006257
AJ,CLUSTER_135,clover_alfalfa_grass,7910.0,34.98804675460816
AJ,CLUSTER_135,maize_str,641.8,34.98804675460816
AJ,CLUSTER_142,cattle_man,32190.000000000004,25.146430660126228
AJ,CLUSTER_149,cattle_man,19570.0,3.3739923957199296
AJ,CLUSTER_149,cattle_slu,98800.0,3.3739923957199296
AJ,CLUSTER_149,perm_grass,440.54,3.3739923957199296
AJ,CLUSTER_192,horse_man,605.0,58.87604701085896
AJ,CLUSTER_203,clover_alfalfa_grass,11420.0,14.740743556478185
AJ,CLUSTER_203,maize_str,1493.3,14.740743556478185
AJ,CLUSTER_205,clover_alfalfa_grass,1914.486,32.340075513572486
AJ,CLUSTER_205,maize_str,2715.0,32.340075513572486
AJ,CLUSTER_215,cattle_man,11500.0,33.56914879484592
AJ,CLUSTER_22,clover_alfalfa_grass,10752.0,33.85221956569244
AJ,CLUSTER_22,maize_str,1286.9,33.85221956569244
AJ,CLUSTER_244,cattle_man,18650.0,18.08749794964804
AJ,CLUSTER_244,clover_alfalfa_grass,4980.0,18.08749794964804
AJ,CLUSTER_244,maize_str,186.9,18.08749794964804
AJ,CLUSTER_26,cattle_man,27390.0,13.19641933677666
AJ,CLUSTER_26,perm_grass,4694.629,13.19641933677666
AJ,CLUSTER_279,cattle_man,21730.0,45.89119155505608
AJ,CLUSTER_288,maize_str,282.00066198384025,54.22275810649642
AJ,CLUSTER_29,perm_grass,118.7003,12.098887889984756
AJ,CLUSTER_300,cattle_man,12150.0,47.447386416975625
AJ,CLUSTER_308,cattle_man,2235.0,44.01736805535272
AJ,CLUSTER_319,maize_str,2464.0,40.52197102275267
AJ,CLUSTER_323,cattle_man,18150.0,36.91518766943503
AJ,CLUSTER_350,cattle_man,14500.0,19.49945037428074
AJ,CLUSTER_350,clover_alfalfa_grass,10090.0,19.49945037428074
AJ,CLUSTER_350,maize_str,444.4,19.49945037428074
AJ,CLUSTER_374,horse_man,1839.0,57.468680221185565
AJ,CLUSTER_378,clover_alfalfa_grass,7640.0,22.439290491734862
AJ,CLUSTER_378,maize_str,977.9999999999999,22.439290491734862
AJ,CLUSTER_386,cattle_man,420.0,48.270657915905886
AJ,CLUSTER_403,maize_str,3050.0,52.16372676118485
AJ,CLUSTER_440,cattle_man,13440.0,27.106580403105173
AJ,CLUSTER_440,clover_alfalfa_grass,3219.0,27.106580403105173
AJ,CLUSTER_440,maize_str,12.5,27.106580403105173
AJ,CLUSTER_448,cattle_man,3200.0,25.66072605199784
AJ,CLUSTER_474,cattle_man,11990.0,6.0519761098508935
AJ,CLUSTER_474,cattle_slu,55000.0,6.0519761098508935
AJ,CLUSTER_474,clover_alfalfa_grass,1891.0,6.0519761098508935
AJ,CLUSTER_474,perm_grass,552.15,6.0519761098508935
AJ,CLUSTER_482,cattle_man,16500.0,10.649687296726372
AJ,CLUSTER_482,cattle_slu,44789.84914941561,10.649687296726372
AJ,CLUSTER_482,perm_grass,49.267,10.649687296726372
AJ,CLUSTER_54,cattle_man,5070.0,45.93049401814663
AJ,CLUSTER_541,maize_str,282.7,47.94233380407979
AJ,CLUSTER_58,clover_alfalfa_grass,15869.999999999998,30.58009911478845
AJ,CLUSTER_58,maize_str,2538.0,30.58009911478845
AJ,CLUSTER_64,maize_str,4991.0,44.599868228630925
AJ,CLUSTER_67,cattle_man,12270.0,28.6517263816126
AJ,CLUSTER_67,clover_alfalfa_grass,1300.0,28.6517263816126
AJ,CLUSTER_69,clover_alfalfa_grass,1865.2431477949872,43.044136142767485
AJ,CLUSTER_69,maize_str,4142.0,43.044136142767485
AJ,CLUSTER_81,cattle_man,17407.927289699925,16.07125225694556
AJ,CLUSTER_85,cattle_man,17750.0,44.93831661156535
AJ,CLUSTER_85,maize_str,102.8,44.93831661156535
AJ,CLUSTER_85,legume_str,11.6,44.93831661156535
AJ,CLUSTER_90,cattle_man,9800.0,16.33932305119155
AJ,CLUSTER_90,clover_alfalfa_grass,1610.0,16.33932305119155
AJ,CLUSTER_90,maize_str,12.9,16.33932305119155
AJ,CLUSTER_93,cattle_man,44710.0,40.26050360748904
AJ,CLUSTER_93,clover_alfalfa_grass,11420.0,40.26050360748904
AJ,CLUSTER_93,maize_str,212.0,40.26050360748904
BC,CLUSTER_115,cattle_man,12403.0,31.840442164049048
BC,CLUSTER_115,beet_leaf,52.0,31.840442164049048
BC,CLUSTER_130,cattle_man,16581.0,20.587940420703813
BC,CLUSTER_130,clover_alfalfa_grass,13349.0,20.587940420703813
BC,CLUSTER_130,maize_str,270.1,20.587940420703813
BC,CLUSTER_130,beet_leaf,18.3,20.587940420703813
BC,CLUSTER_130,rape_str,594.2,20.587940420703813
BC,CLUSTER_130,legume_str,185.4,20.587940420703813
BC,CLUSTER_167,cattle_man,16680.0,36.38419589641977
BC,CLUSTER_167,maize_str,255.30000000000004,36.38419589641977
BC,CLUSTER_167,rape_str,2138.0,36.38419589641977
BC,CLUSTER_167,legume_str,378.19,36.38419589641977
BC,CLUSTER_17,cattle_man,9480.0,30.20156507980351
BC,CLUSTER_17,maize_str,87.2,30.20156507980351
BC,CLUSTER_17,rape_str,126.64,30.20156507980351
BC,CLUSTER_17,legume_str,112.2,30.20156507980351
BC,CLUSTER_18,beet_leaf,100.32,31.825861669888937
BC,CLUSTER_197,maize_str,23.0,38.617921735554816
BC,CLUSTER_227,cattle_man,7020.0,34.78564031820651
BC,CLUSTER_227,beet_leaf,29.8,34.78564031820651
BC,CLUSTER_227,rape_str,1209.0,34.78564031820651
BC,CLUSTER_227,legume_str,212.3,34.78564031820651
BC,CLUSTER_234,cattle_man,28380.0,20.79769285120764
BC,CLUSTER_234,clover_alfalfa_grass,20870.0,20.79769285120764
BC,CLUSTER_234,maize_str,20.8,20.79769285120764
BC,CLUSTER_234,beet_leaf,142.4,20.79769285120764
BC,CLUSTER_234,rape_str,1344.0,20.79769285120764
BC,CLUSTER_234,legume_str,176.9,20.79769285120764
BC,CLUSTER_249,cattle_man,9836.0,16.054659240461636
BC,CLUSTER_249,clover_alfalfa_grass,7185.0,16.054659240461636
BC,CLUSTER_249,maize_str,56.66,16.054659240461636
BC,CLUSTER_249,rape_str,1051.2,16.054659240461636
BC,CLUSTER_261,maize_str,132.71,33.58802895608363
BC,CLUSTER_31,rape_str,3014.0,58.76553260623189
BC,CLUSTER_31,legume_str,400.9,58.76553260623189
BC,CLUSTER_32,cattle_man,20691.0,3.922419409536462
BC,CLUSTER_32,cattle_slu,101886.0,3.922419409536462
BC,CLUSTER_32,clover_alfalfa_grass,10506.0,3.922419409536462
BC,CLUSTER_32,maize_str,10.9,3.922419409536462
BC,CLUSTER_32,rape_str,1330.0,3.922419409536462
BC,CLUSTER_32,legume_str,282.0,3.922419409536462
BC,CLUSTER_333,cattle_man,11300.0,20.996635354767637
BC,CLUSTER_333,clover_alfalfa_grass,10321.0,20.996635354767637
BC,CLUSTER_333,maize_str,122.09999999999998,20.996635354767637
BC,CLUSTER_333,beet_leaf,12.3,20.996635354767637
BC,CLUSTER_333,rape_str,1408.0,20.996635354767637
BC,CLUSTER_333,legume_str,254.9,20.996635354767637
BC,CLUSTER_343,maize_str,12.732,31.3125765556598
BC,CLUSTER_343,rape_str,152.8,31.3125765556598
BC,CLUSTER_343,legume_str,77.46000000000001,31.3125765556598
BC,CLUSTER_357,clover_alfalfa_grass,2920.4099999999844,24.13452038259108
BC,CLUSTER_357,maize_str,105.7,24.13452038259108
BC,CLUSTER_385,cattle_man,5530.0,44.36946733515854
BC,CLUSTER_385,rape_str,1325.68,44.36946733515854
BC,CLUSTER_385,legume_str,299.0,44.36946733515854
BC,CLUSTER_387,cattle_man,7795.0,12.860324135401411
BC,CLUSTER_387,cattle_slu,37790.0,12.860324135401411
BC,CLUSTER_387,clover_alfalfa_grass,4081.9999999999995,12.860324135401411
BC,CLUSTER_387,maize_str,85.39,12.860324135401411
BC,CLUSTER_387,rape_str,583.1,12.860324135401411
BC,CLUSTER_387,legume_str,99.478,12.860324135401411
BC,CLUSTER_409,cattle_man,12230.0,32.96482588951011
BC,CLUSTER_409,maize_str,369.0,32.96482588951011
BC,CLUSTER_409,rape_str,1187.0,32.96482588951011
BC,CLUSTER_409,legume_str,168.2,32.96482588951011
BC,CLUSTER_413,cattle_man,8790.0,16.110162209584068
BC,CLUSTER_413,clover_alfalfa_grass,5600.0,16.110162209584068
BC,CLUSTER_413,maize_str,14.1,16.110162209584068
BC,CLUSTER_413,rape_str,1054.0,16.110162209584068
BC,CLUSTER_413,legume_str,164.1,16.110162209584068
BC,CLUSTER_438,cattle_man,3331.0,21.912440832633752
BC,CLUSTER_438,clover_alfalfa_grass,1333.0,21.912440832633752
BC,CLUSTER_439,cattle_man,12440.0,26.57974715319357
BC,CLUSTER_439,maize_str,371.2,26.57974715319357
BC,CLUSTER_439,rape_str,429.0,26.57974715319357
BC,CLUSTER_439,legume_str,194.2,26.57974715319357
BC,CLUSTER_45,cattle_man,15750.0,12.009244845613642
BC,CLUSTER_45,cattle_slu,61912.6,12.009244845613642
BC,CLUSTER_45,clover_alfalfa_grass,7580.0,12.009244845613642
BC,CLUSTER_45,maize_str,13.21,12.009244845613642
BC,CLUSTER_45,beet_leaf,43.3,12.009244845613642
BC,CLUSTER_45,rape_str,1301.0,12.009244845613642
BC,CLUSTER_45,legume_str,252.20000000000002,12.009244845613642
BC,CLUSTER_472,maize_str,62.6,39.96659788757969
BC,CLUSTER_50,cattle_man,17080.0,31.840715969260447
BC,CLUSTER_50,maize_str,398.4,31.840715969260447
BC,CLUSTER_50,rape_str,1007.7,31.840715969260447
BC,CLUSTER_50,legume_str,456.7,31.840715969260447
BC,CLUSTER_505,cattle_man,10770.0,8.7104265757009
BC,CLUSTER_505,cattle_slu,46800.0,8.7104265757009
BC,CLUSTER_505,clover_alfalfa_grass,5420.0,8.7104265757009
BC,CLUSTER_505,maize_str,18.72,8.7104265757009
BC,CLUSTER_505,rape_str,1195.0,8.7104265757009
BC,CLUSTER_505,legume_str,212.3,8.7104265757009
BC,CLUSTER_529,cattle_man,7480.0,43.274477399487296
BC,CLUSTER_542,maize_str,114.14,36.63061453765417
BC,CLUSTER_542,rape_str,510.00000000000006,36.63061453765417
BC,CLUSTER_542,legume_str,208.0,36.63061453765417
BC,CLUSTER_59,cattle_man,5668.0,21.279877954805315
BC,CLUSTER_59,clover_alfalfa_grass,3329.0,21.279877954805315
BC,CLUSTER_59,maize_str,77.9,21.279877954805315
BC,CLUSTER_59,beet_leaf,88.46,21.279877954805315
BC,CLUSTER_59,rape_str,1029.9,21.279877954805315
BC,CLUSTER_59,legume_str,177.1,21.279877954805315
X,CLUSTER_106,cattle_man,12224.0,10.967606658956145
X,CLUSTER_106,clover_alfalfa_grass,4081.600869,10.967606658956145
X,CLUSTER_106,perm_grass,267.212,10.967606658956145
X,CLUSTER_106,maize_str,227.0,10.967606658956145
X,CLUSTER_117,cattle_man,13052.0,42.897225368527
X,CLUSTER_117,horse_man,1848.2,42.897225368527
X,CLUSTER_117,clover_alfalfa_grass,254.8,42.897225368527
X,CLUSTER_118,clover_alfalfa_grass,4784.0,12.677159691667574
X,CLUSTER_118,perm_grass,1551.4,12.677159691667574
X,CLUSTER_123,clover_alfalfa_grass,2735.0,52.438754805892415
X,CLUSTER_123,maize_str,965.9,52.438754805892415
X,CLUSTER_123,beet_leaf,1203.0,52.438754805892415
X,CLUSTER_128,maize_str,1924.5,58.80417070952991
X,CLUSTER_128,beet_leaf,8697.0,58.80417070952991
X,CLUSTER_128,rape_str,635.2,58.80417070952991
X,CLUSTER_128,legume_str,170.4,58.80417070952991
X,CLUSTER_129,legume_str,211.4,81.07064053995174
X,CLUSTER_137,cattle_man,27690.0,17.313927444975327
X,CLUSTER_137,clover_alfalfa_grass,187.3,17.313927444975327
X,CLUSTER_137,perm_grass,4379.3,17.313927444975327
X,CLUSTER_14,maize_str,853.8,62.49385456651244
X,CLUSTER_14,beet_leaf,1545.1,62.49385456651244
X,CLUSTER_166,cattle_man,6826.0,34.17027794694513
X,CLUSTER_166,clover_alfalfa_grass,302.000173,34.17027794694513
X,CLUSTER_166,maize_str,353.156,34.17027794694513
X,CLUSTER_166,beet_leaf,95.305,34.17027794694513
X,CLUSTER_174,perm_grass,2502.5285,17.206261282361993
X,CLUSTER_187,clover_alfalfa_grass,3989.0000000000005,49.14848921650753
X,CLUSTER_191,cattle_man,11290.0,45.28282347760965
X,CLUSTER_206,cattle_man,21950.0,24.814690325544923
X,CLUSTER_206,clover_alfalfa_grass,1049.039,24.814690325544923
X,CLUSTER_206,perm_grass,8033.028200000001,24.814690325544923
X,CLUSTER_206,maize_str,277.889,24.814690325544923
X,CLUSTER_210,perm_grass,1644.47,26.14857230828465
X,CLUSTER_224,cattle_man,12420.0,47.36933229016047
X,CLUSTER_252,cattle_man,23950.0,25.232997054895947
X,CLUSTER_252,clover_alfalfa_grass,205.6,25.232997054895947
X,CLUSTER_252,perm_grass,12947.44,25.232997054895947
X,CLUSTER_253,clover_alfalfa_grass,5385.0,54.87695640973523
X,CLUSTER_253,maize_str,1508.9,54.87695640973523
X,CLUSTER_253,beet_leaf,5579.0,54.87695640973523
X,CLUSTER_253,rape_str,1129.4,54.87695640973523
X,CLUSTER_253,legume_str,352.0,54.87695640973523
X,CLUSTER_264,cattle_man,33570.0,2.558202469348682
X,CLUSTER_264,cattle_slu,230130.0,2.558202469348682
X,CLUSTER_264,clover_alfalfa_grass,3440.0,2.558202469348682
X,CLUSTER_264,perm_grass,11.635,2.558202469348682
X,CLUSTER_264,maize_str,79.4,2.558202469348682
X,CLUSTER_268,horse_man,1285.41,54.03771198600035
X,CLUSTER_268,clover_alfalfa_grass,698.0,54.03771198600035
X,CLUSTER_305,maize_str,1335.4,62.91958545032303
X,CLUSTER_305,beet_leaf,4975.0,62.91958545032303
X,CLUSTER_305,rape_str,1126.6,62.91958545032303
X,CLUSTER_305,legume_str,120.96,62.91958545032303
X,CLUSTER_313,perm_grass,1117.77,20.14230985986352
X,CLUSTER_316,rape_str,825.0383631024797,73.44823988630492
X,CLUSTER_329,cattle_man,13430.0,37.588324334726046
X,CLUSTER_329,clover_alfalfa_grass,36.3,37.588324334726046
X,CLUSTER_337,clover_alfalfa_grass,1875.6,40.3547579217909
X,CLUSTER_341,cattle_man,862.8,42.64469692103255
X,CLUSTER_341,clover_alfalfa_grass,952.6,42.64469692103255
X,CLUSTER_341,maize_str,793.0,42.64469692103255
X,CLUSTER_341,beet_leaf,457.0,42.64469692103255
X,CLUSTER_341,rape_str,497.09999999999997,42.64469692103255
X,CLUSTER_341,legume_str,177.98,42.64469692103255
X,CLUSTER_365,clover_alfalfa_grass,1600.0,50.99385328850377
X,CLUSTER_365,maize_str,269.0,50.99385328850377
X,CLUSTER_366,cattle_man,8803.0,22.40062095385072
X,CLUSTER_366,clover_alfalfa_grass,1355.9,22.40062095385072
X,CLUSTER_366,perm_grass,1927.0,22.40062095385072
X,CLUSTER_366,maize_str,14.85,22.40062095385072
X,CLUSTER_366,beet_leaf,660.2,22.40062095385072
X,CLUSTER_368,cattle_man,6947.0,37.278068683987655
X,CLUSTER_368,clover_alfalfa_grass,3154.0,37.278068683987655
X,CLUSTER_368,maize_str,310.2,37.278068683987655
X,CLUSTER_368,beet_leaf,1540.0,37.278068683987655
X,CLUSTER_375,cattle_man,14310.0,12.99209863627502
X,CLUSTER_375,clover_alfalfa_grass,1290.4,12.99209863627502
X,CLUSTER_375,perm_grass,958.72,12.99209863627502
X,CLUSTER_375,maize_str,173.0,12.99209863627502
X,CLUSTER_379,perm_grass,2739.21,16.67514231990973
X,CLUSTER_383,cattle_man,4512.0,46.318744095048594
X,CLUSTER_383,clover_alfalfa_grass,666.000759,46.318744095048594
X,CLUSTER_383,maize_str,862.0,46.318744095048594
X,CLUSTER_383,beet_leaf,1845.0,46.318744095048594
X,CLUSTER_411,clover_alfalfa_grass,4066.0,26.608400908777742
X,CLUSTER_422,cattle_man,4670.0,37.57784835677636
X,CLUSTER_434,perm_grass,18.09,9.256585465392195
X,CLUSTER_44,cattle_man,14660.0,37.58283825316579
X,CLUSTER_44,clover_alfalfa_grass,3342.0,37.58283825316579
X,CLUSTER_44,maize_str,129.64239999999998,37.58283825316579
X,CLUSTER_443,perm_grass,32.2,25.45792075561774
X,CLUSTER_463,cattle_man,3189.0,30.55414366413148
X,CLUSTER_463,clover_alfalfa_grass,228.5,30.55414366413148
X,CLUSTER_463,maize_str,256.2,30.55414366413148
X,CLUSTER_463,beet_leaf,497.99999999999994,30.55414366413148
X,CLUSTER_479,clover_alfalfa_grass,577.5,52.0370554047301
X,CLUSTER_479,maize_str,21.09,52.0370554047301
X,CLUSTER_480,horse_man,560.6,61.36169083933891
X,CLUSTER_500,cattle_man,5430.0,45.10322042194993
X,CLUSTER_500,clover_alfalfa_grass,1100.0,45.10322042194993
X,CLUSTER_500,maize_str,751.0,45.10322042194993
X,CLUSTER_500,beet_leaf,1212.0,45.10322042194993
X,CLUSTER_51,cattle_man,28020.0,11.07591292902518
X,CLUSTER_51,clover_alfalfa_grass,1186.86,11.07591292902518
X,CLUSTER_51,perm_grass,3882.328,11.07591292902518
X,CLUSTER_511,clover_alfalfa_grass,1280.4092358974992,54.87971683590899
X,CLUSTER_521,cattle_man,12160.0,34.63687897312609
X,CLUSTER_527,cattle_man,7620.0,47.56233196666667
X,CLUSTER_527,horse_man,1912.0,47.56233196666667
X,CLUSTER_531,rape_str,167.0,70.17995095802064
X,CLUSTER_531,legume_str,89.3,70.17995095802064
X,CLUSTER_533,maize_str,287.11,61.57810808281703
X,CLUSTER_533,beet_leaf,728.0,61.57810808281703
X,CLUSTER_533,rape_str,542.0,61.57810808281703
X,CLUSTER_533,legume_str,42.59,61.57810808281703
X,CLUSTER_534,maize_str,1117.0,65.19649354013832
X,CLUSTER_543,perm_grass,565.3,17.206852469681508
X,CLUSTER_548,cattle_man,7311.0,14.679329625797036
X,CLUSTER_548,clover_alfalfa_grass,1256.0,14.679329625797036
X,CLUSTER_548,perm_grass,625.0,14.679329625797036
X,CLUSTER_548,maize_str,47.5,14.679329625797036
X,CLUSTER_65,cattle_man,29310.0,32.154500672735296
X,CLUSTER_65,clover_alfalfa_grass,31.6,32.154500672735296
X,CLUSTER_83,maize_str,573.0,61.84516098978167
X,CLUSTER_94,cattle_man,10320.0,45.74400606093663
AL,CLUSTER_10,horse_man,1392.2,83.08726964802828
AL,CLUSTER_148,cattle_man,4501.0,18.25211018717861
AL,CLUSTER_148,beet_leaf,524.5,18.25211018717861
AL,CLUSTER_153,cattle_man,5103.062,39.67279227796213
AL,CLUSTER_160,cattle_man,5620.0,22.25356461658017
AL,CLUSTER_160,beet_leaf,488.99999999999994,22.25356461658017
AL,CLUSTER_160,rape_str,1197.5,22.25356461658017
AL,CLUSTER_160,legume_str,109.73,22.25356461658017
AL,CLUSTER_161,cattle_man,6850.0,25.36215374923753
AL,CLUSTER_161,horse_man,429.62,25.36215374923753
AL,CLUSTER_161,rape_str,1567.0,25.36215374923753
AL,CLUSTER_161,legume_str,357.73,25.36215374923753
AL,CLUSTER_169,cattle_man,8425.7,44.48979799959275
AL,CLUSTER_181,cattle_man,10934.199,22.78688242778928
AL,CLUSTER_181,beet_leaf,27214.192467499975,22.78688242778928
AL,CLUSTER_183,cattle_man,16594.0,40.21949098309212
AL,CLUSTER_183,rape_str,1374.3,40.21949098309212
AL,CLUSTER_183,legume_str,266.3,40.21949098309212
AL,CLUSTER_232,cattle_man,9900.0,26.525311537744784
AL,CLUSTER_232,rape_str,928.0,26.525311537744784
AL,CLUSTER_232,legume_str,118.5,26.525311537744784
AL,CLUSTER_242,cattle_man,11300.0,13.936627277300229
AL,CLUSTER_242,cattle_slu,83100.0,13.936627277300229
AL,CLUSTER_242,maize_str,82.1,13.936627277300229
AL,CLUSTER_242,beet_leaf,2062.0,13.936627277300229
AL,CLUSTER_242,rape_str,1229.6,13.936627277300229
AL,CLUSTER_242,legume_str,233.5,13.936627277300229
AL,CLUSTER_246,cattle_man,2279.3,45.89297133453773
AL,CLUSTER_272,cattle_man,3166.9,40.442493812265546
AL,CLUSTER_272,rape_str,238.3,40.442493812265546
AL,CLUSTER_272,legume_str,111.767,40.442493812265546
AL,CLUSTER_289,cattle_man,2928.51287,29.460063716973377
AL,CLUSTER_294,cattle_man,6386.0,26.21613341618151
AL,CLUSTER_294,rape_str,684.0,26.21613341618151
AL,CLUSTER_294,legume_str,168.2,26.21613341618151
AL,CLUSTER_30,cattle_man,5446.59,6.468107108865084
AL,CLUSTER_30,cattle_slu,33570.0,6.468107108865084
AL,CLUSTER_30,maize_str,530.4,6.468107108865084
AL,CLUSTER_30,beet_leaf,11088.0,6.468107108865084
AL,CLUSTER_30,rape_str,844.0,6.468107108865084
AL,CLUSTER_30,legume_str,592.4,6.468107108865084
AL,CLUSTER_310,horse_man,462.0,89.8119749068255
AL,CLUSTER_314,cattle_man,812.91,13.836029601897662
AL,CLUSTER_314,cattle_slu,17910.988,13.836029601897662
AL,CLUSTER_314,beet_leaf,161.4,13.836029601897662
AL,CLUSTER_314,rape_str,258.9,13.836029601897662
AL,CLUSTER_314,legume_str,103.5,13.836029601897662
AL,CLUSTER_348,beet_leaf,527.7,21.326355185896777
AL,CLUSTER_361,cattle_man,4111.29,28.639505570127174
AL,CLUSTER_381,cattle_man,4175.2,31.530046921017675
AL,CLUSTER_381,rape_str,1369.1,31.530046921017675
AL,CLUSTER_381,legume_str,127.29,31.530046921017675
AL,CLUSTER_388,horse_man,410.3,91.41801462050545
AL,CLUSTER_390,cattle_man,4736.4,46.08530784302949
AL,CLUSTER_395,cattle_man,1724.5,25.20969983933112
AL,CLUSTER_395,rape_str,1105.0,25.20969983933112
AL,CLUSTER_395,legume_str,73.81,25.20969983933112
AL,CLUSTER_405,cattle_man,3574.0,12.078708079986708
AL,CLUSTER_405,cattle_slu,18811.7,12.078708079986708
AL,CLUSTER_405,maize_str,43.2,12.078708079986708
AL,CLUSTER_405,beet_leaf,2313.0,12.078708079986708
AL,CLUSTER_41,cattle_man,390.8,46.89084297069942
AL,CLUSTER_420,cattle_man,7064.0,8.979370992818307
AL,CLUSTER_420,cattle_slu,40370.0,8.979370992818307
AL,CLUSTER_420,maize_str,18.3,8.979370992818307
AL,CLUSTER_420,beet_leaf,631.108,8.979370992818307
AL,CLUSTER_420,rape_str,472.0,8.979370992818307
AL,CLUSTER_420,legume_str,308.5,8.979370992818307
AL,CLUSTER_421,cattle_man,2121.0,37.997493713823886
AL,CLUSTER_421,rape_str,740.8,37.997493713823886
AL,CLUSTER_421,legume_str,191.0,37.997493713823886
AL,CLUSTER_433,cattle_man,4450.0297,35.59579981180402
AL,CLUSTER_433,rape_str,464.4,35.59579981180402
AL,CLUSTER_433,legume_str,55.8,35.59579981180402
AL,CLUSTER_445,cattle_man,831.9,19.181733241826272
AL,CLUSTER_445,beet_leaf,8660.0,19.181733241826272
AL,CLUSTER_445,rape_str,1059.0,19.181733241826272
AL,CLUSTER_445,legume_str,171.5,19.181733241826272
AL,CLUSTER_454,cattle_man,5716.1,22.445143322321183
AL,CLUSTER_454,beet_leaf,1964.0,22.445143322321183
AL,CLUSTER_454,rape_str,1065.8200000000002,22.445143322321183
AL,CLUSTER_454,legume_str,117.9,22.445143322321183
AL,CLUSTER_46,cattle_man,1697.0,48.13596442740883
AL,CLUSTER_460,cattle_man,3371.2,32.92886417388125
AL,CLUSTER_460,horse_man,392.16,32.92886417388125
AL,CLUSTER_460,rape_str,204.4,32.92886417388125
AL,CLUSTER_460,legume_str,101.4,32.92886417388125
AL,CLUSTER_462,cattle_man,3029.0,23.93702674778636
AL,CLUSTER_462,rape_str,192.1,23.93702674778636
AL,CLUSTER_462,legume_str,58.4,23.93702674778636
AL,CLUSTER_468,cattle_man,1492.0,47.47262429430116
AL,CLUSTER_483,cattle_man,2116.9,19.76491884492896
AL,CLUSTER_483,beet_leaf,25530.0,19.76491884492896
AL,CLUSTER_486,cattle_man,1158.0,16.512778567537428
AL,CLUSTER_486,beet_leaf,172.0,16.512778567537428
AL,CLUSTER_486,rape_str,303.0,16.512778567537428
AL,CLUSTER_486,legume_str,57.1,16.512778567537428
AL,CLUSTER_494,cattle_man,9580.0,34.06753850109607
AL,CLUSTER_494,rape_str,500.2,34.06753850109607
AL,CLUSTER_494,legume_str,89.8,34.06753850109607
AL,CLUSTER_510,cattle_man,2238.5,52.0746267405704
AL,CLUSTER_524,cattle_man,2192.0,46.360239372643335
AL,CLUSTER_530,horse_man,443.6,80.47934072037718
AL,CLUSTER_532,cattle_man,3510.0508,9.335445071502985
AL,CLUSTER_532,cattle_slu,21390.0,9.335445071502985
AL,CLUSTER_532,maize_str,67.89999999999999,9.335445071502985
AL,CLUSTER_532,beet_leaf,612.0,9.335445071502985
AL,CLUSTER_532,rape_str,590.2,9.335445071502985
AL,CLUSTER_532,legume_str,85.86,9.335445071502985
AL,CLUSTER_66,cattle_man,2641.0375,41.36126574889333
AL,CLUSTER_66,legume_str,66.985,41.36126574889333
AL,CLUSTER_87,cattle_man,23670.0,38.65821748794325
AL,CLUSTER_88,cattle_man,1437.0,30.920897370268133
AL,CLUSTER_88,rape_str,1116.4,30.920897370268133
AL,CLUSTER_88,legume_str,227.87,30.920897370268133
AR,CLUSTER_110,cattle_man,22036.0,11.33747090640714
AR,CLUSTER_110,cattle_slu,24343.0,11.33747090640714
AR,CLUSTER_110,rape_str,218.1,11.33747090640714
AR,CLUSTER_110,legume_str,32.8,11.33747090640714
AR,CLUSTER_119,cattle_man,14930.0,1.073173187686375
AR,CLUSTER_119,cattle_slu,17250.0,1.073173187686375
AR,CLUSTER_119,pig_slu,3702.0,1.073173187686375
AR,CLUSTER_119,clover_alfalfa_grass,2730.0,1.073173187686375
AR,CLUSTER_119,beet_leaf,644.0,1.073173187686375
AR,CLUSTER_119,rape_str,1302.0,1.073173187686375
AR,CLUSTER_139,beet_leaf,3099.2,38.49798401234388
AR,CLUSTER_156,cattle_man,3713.2,43.5002551324589
AR,CLUSTER_156,legume_str,342.4,43.5002551324589
AR,CLUSTER_158,cattle_man,792.0,33.28102944185308
AR,CLUSTER_158,rape_str,44.4,33.28102944185308
AR,CLUSTER_158,legume_str,41.66,33.28102944185308
AR,CLUSTER_163,cattle_man,10520.0,31.04897253022508
AR,CLUSTER_163,horse_man,1805.0,31.04897253022508
AR,CLUSTER_163,beet_leaf,38.36,31.04897253022508
AR,CLUSTER_163,rape_str,435.3,31.04897253022508
AR,CLUSTER_163,legume_str,26.23,31.04897253022508
AR,CLUSTER_164,cattle_man,5420.0,12.8767767299522
AR,CLUSTER_164,cattle_slu,4795.1,12.8767767299522
AR,CLUSTER_164,beet_leaf,410.7,12.8767767299522
AR,CLUSTER_170,cattle_man,2987.28,25.625238268209117
AR,CLUSTER_170,rape_str,334.9,25.625238268209117
AR,CLUSTER_172,horse_man,2882.7,51.61020397111129
AR,CLUSTER_173,cattle_man,7846.000000000001,18.79437579017854
AR,CLUSTER_173,cattle_slu,1213.6695903867817,18.79437579017854
AR,CLUSTER_173,rape_str,696.9,18.79437579017854
AR,CLUSTER_173,legume_str,245.0,18.79437579017854
AR,CLUSTER_177,cattle_man,5132.0,31.817199400643247
AR,CLUSTER_177,beet_leaf,2919.0,31.817199400643247
AR,CLUSTER_179,cattle_man,11220.0,8.955941858744653
AR,CLUSTER_179,cattle_slu,12390.0,8.955941858744653
AR,CLUSTER_179,clover_alfalfa_grass,1690.0,8.955941858744653
AR,CLUSTER_200,cattle_man,3150.0,44.22115298430149
AR,CLUSTER_213,cattle_man,3968.0,13.532210067904048
AR,CLUSTER_213,cattle_slu,5510.0,13.532210067904048
AR,CLUSTER_213,rape_str,43.9,13.532210067904048
AR,CLUSTER_213,legume_str,10.36,13.532210067904048
AR,CLUSTER_23,horse_man,1920.4,52.01385417327086
AR,CLUSTER_236,beet_leaf,1965.0000000000002,21.944559929559905
AR,CLUSTER_238,cattle_man,7143.0,43.09985089909116
AR,CLUSTER_238,horse_man,820.7,43.09985089909116
AR,CLUSTER_238,rape_str,2132.173154989153,43.09985089909116
AR,CLUSTER_238,legume_str,234.7,43.09985089909116
AR,CLUSTER_260,cattle_man,4728.0,35.95874930888229
AR,CLUSTER_260,horse_man,1035.0,35.95874930888229
AR,CLUSTER_260,rape_str,97.5,35.95874930888229
AR,CLUSTER_260,legume_str,66.4,35.95874930888229
AR,CLUSTER_271,horse_man,278.4,45.03257594411385
AR,CLUSTER_275,beet_leaf,3992.0,18.906528281911324
AR,CLUSTER_277,cattle_man,6870.0,27.54109047856494
AR,CLUSTER_277,beet_leaf,7043.0,27.54109047856494
AR,CLUSTER_325,horse_man,3401.8,60.51056027024317
AR,CLUSTER_334,horse_man,1501.5,52.46368255106808
AR,CLUSTER_364,horse_man,483.8,65.4065134547266
AR,CLUSTER_388,cattle_man,490.4,38.2148950812858
AR,CLUSTER_410,cattle_man,6199.559029569854,12.798891292400349
AR,CLUSTER_410,cattle_slu,6470.0,12.798891292400349
AR,CLUSTER_410,beet_leaf,1747.4,12.798891292400349
AR,CLUSTER_424,cattle_man,6654.0,40.042409797478776
AR,CLUSTER_426,cattle_man,5784.0,43.087385006289054
AR,CLUSTER_426,horse_man,3962.2,43.087385006289054
AR,CLUSTER_426,rape_str,345.91,43.087385006289054
AR,CLUSTER_426,legume_str,76.906,43.087385006289054
AR,CLUSTER_430,cattle_man,1180.0,29.290643627604933
AR,CLUSTER_430,beet_leaf,674.0,29.290643627604933
AR,CLUSTER_430,rape_str,1226.0,29.290643627604933
AR,CLUSTER_449,cattle_man,7060.2,35.920905142535915
AR,CLUSTER_449,beet_leaf,1486.5,35.920905142535915
AR,CLUSTER_449,rape_str,2855.0,35.920905142535915
AR,CLUSTER_449,legume_str,67.55,35.920905142535915
AR,CLUSTER_47,cattle_man,681.7,31.068182682129752
AR,CLUSTER_47,horse_man,414.0,31.068182682129752
AR,CLUSTER_47,rape_str,155.0,31.068182682129752
AR,CLUSTER_49,beet_leaf,9947.0,28.256219189287084
AR,CLUSTER_491,cattle_man,6717.0,42.27868253404134
AR,CLUSTER_497,cattle_man,5760.0,31.52734426783041
AR,CLUSTER_497,beet_leaf,4640.0,31.52734426783041
AR,CLUSTER_519,cattle_man,4091.0,20.672483198500814
AR,CLUSTER_519,horse_man,814.0,20.672483198500814
AR,CLUSTER_519,legume_str,11.1,20.672483198500814
AR,CLUSTER_538,cattle_man,3387.0,19.418382816795948
AR,CLUSTER_538,beet_leaf,343.8,19.418382816795948
AR,CLUSTER_546,cattle_man,5370.0,42.821815640825285
AR,CLUSTER_546,horse_man,444.0,42.821815640825285
AR,CLUSTER_546,rape_str,476.2,42.821815640825285
AR,CLUSTER_546,legume_str,32.5,42.821815640825285
AR,CLUSTER_56,horse_man,1846.8,57.36147754956306
AR,CLUSTER_60,cattle_man,6475.0,43.7762160780033
AR,CLUSTER_60,horse_man,2507.8,43.7762160780033
AR,CLUSTER_60,legume_str,82.928,43.7762160780033
AR,CLUSTER_80,cattle_man,2733.9,35.13955908802198
AR,CLUSTER_80,beet_leaf,2904.0,35.13955908802198
AR,CLUSTER_97,beet_leaf,10300.0,29.156856620036503
