PlantLocation,SupplyNode,Feedstock,FlowTons,Distance_km
AN,CLUSTER_0,cattle_man,13049.929222439472,25.58839085296284
AN,CLUSTER_0,horse_man,2610.0,25.58839085296284
AN,CLUSTER_0,pig_man,1695.2,25.58839085296284
AN,CLUSTER_100,horse_man,3925.5,36.98533102481247
AN,CLUSTER_100,pig_man,69.61,36.98533102481247
AN,CLUSTER_104,horse_man,871.7,35.98993234518586
AN,CLUSTER_104,pig_man,527.2180000000001,35.98993234518586
AN,CLUSTER_107,pig_man,993.2,77.16049009158148
AN,CLUSTER_116,pig_man,144.5,65.23005412485143
AN,CLUSTER_122,horse_man,5260.0,32.63847422226349
AN,CLUSTER_122,pig_man,40.78257,32.63847422226349
AN,CLUSTER_125,pig_man,536.0,97.00341718543076
AN,CLUSTER_126,horse_man,1435.2,42.98865980297714
AN,CLUSTER_126,pig_man,2894.0,42.98865980297714
AN,CLUSTER_131,horse_man,1232.0,33.71010580396915
AN,CLUSTER_131,pig_man,1497.8,33.71010580396915
AN,CLUSTER_135,pig_man,159.368,49.523370368548846
AN,CLUSTER_138,pig_man,1203.8,98.44891501404334
AN,CLUSTER_142,cattle_man,32190.000000000004,14.397544681217456
AN,CLUSTER_142,horse_man,1981.9999999999998,14.397544681217456
AN,CLUSTER_142,pig_man,67.2671,14.397544681217456
AN,CLUSTER_144,pig_man,1094.5,68.76695829679144
AN,CLUSTER_149,horse_man,2613.8,33.950727233532994
AN,CLUSTER_149,pig_man,19.0894,33.950727233532994
AN,CLUSTER_151,horse_man,5352.0,41.80470365228637
AN,CLUSTER_151,pig_man,33.274,41.80470365228637
AN,CLUSTER_152,pig_man,174.14849999999998,54.5172281203692
AN,CLUSTER_155,pig_man,1243.7,69.7724102118848
AN,CLUSTER_159,pig_man,3550.315,91.74786300938
AN,CLUSTER_162,pig_man,126.94,90.01421839742495
AN,CLUSTER_165,cattle_man,8970.0,24.458873977912443
AN,CLUSTER_165,horse_man,1926.7,24.458873977912443
AN,CLUSTER_165,pig_man,1019.9,24.458873977912443
AN,CLUSTER_175,pig_man,35.4,75.75761165362265
AN,CLUSTER_180,pig_man,6160.0,54.3480138525839
AN,CLUSTER_182,pig_man,1527.0,87.41523577882194
AN,CLUSTER_184,pig_man,1364.0,66.94324283746917
AN,CLUSTER_186,pig_man,471.4,76.49179487106794
AN,CLUSTER_2,pig_man,1666.5,49.58939070881563
AN,CLUSTER_20,horse_man,3289.0,31.60953259040591
AN,CLUSTER_20,pig_man,3376.0,31.60953259040591
AN,CLUSTER_202,pig_man,229.17,90.90720637634662
AN,CLUSTER_203,horse_man,3313.0,29.091135749577543
AN,CLUSTER_203,pig_man,696.08362,29.091135749577543
AN,CLUSTER_204,pig_man,37.494,77.35822764756375
AN,CLUSTER_205,cattle_man,16567.0,15.80724475456108
AN,CLUSTER_205,horse_man,3447.0,15.80724475456108
AN,CLUSTER_205,pig_man,123.23616,15.80724475456108
AN,CLUSTER_208,pig_man,22.65,57.67777761682637
AN,CLUSTER_212,pig_man,132.0,87.13671070844826
AN,CLUSTER_218,horse_man,4008.0000000000005,29.044542625612447
AN,CLUSTER_22,cattle_man,44030.0,2.3426207776325008
AN,CLUSTER_22,cattle_slu,203300.0,2.3426207776325008
AN,CLUSTER_22,horse_man,2301.0,2.3426207776325008
AN,CLUSTER_22,pig_man,696.0,2.3426207776325008
AN,CLUSTER_223,pig_man,439.438657,89.0615688206608
AN,CLUSTER_225,pig_man,1314.9,74.69463074578776
AN,CLUSTER_233,pig_man,435.2,66.99342551339163
AN,CLUSTER_239,pig_man,931.74,57.26697058509
AN,CLUSTER_240,pig_man,24.931,82.47840249834965
AN,CLUSTER_256,pig_man,14.8359,64.70851081281297
AN,CLUSTER_257,pig_man,1704.41,53.87571643529464
AN,CLUSTER_26,horse_man,4471.0,46.09627860161292
AN,CLUSTER_263,pig_man,198.21,62.67435878185101
AN,CLUSTER_267,pig_man,778.8,68.30762917922807
AN,CLUSTER_270,pig_man,61.2952,90.71445711419555
AN,CLUSTER_273,pig_man,524.6,69.38858338887741
AN,CLUSTER_274,pig_man,587.9,81.1962132364072
AN,CLUSTER_279,cattle_man,21730.0,18.067696356495624
AN,CLUSTER_279,horse_man,1665.3,18.067696356495624
AN,CLUSTER_279,pig_man,723.8400164000001,18.067696356495624
AN,CLUSTER_282,pig_man,277.076,87.53369919523226
AN,CLUSTER_284,pig_man,447.9,80.7167513468869
AN,CLUSTER_288,cattle_man,23510.0,22.05615585444728
AN,CLUSTER_288,horse_man,1884.0,22.05615585444728
AN,CLUSTER_288,pig_man,786.0,22.05615585444728
AN,CLUSTER_29,horse_man,2338.7,33.1094468351605
AN,CLUSTER_290,pig_man,122.18799999999999,96.02397732565224
AN,CLUSTER_291,pig_man,7740.0,86.21579061898447
AN,CLUSTER_292,pig_man,2862.0,75.02207521652234
AN,CLUSTER_297,pig_man,153.126,83.05567535106752
AN,CLUSTER_3,pig_man,16.916,75.67035289705261
AN,CLUSTER_300,horse_man,6326.0,27.51336770666065
AN,CLUSTER_300,pig_man,581.8449999999999,27.51336770666065
AN,CLUSTER_301,pig_man,225.23,87.09834872259766
AN,CLUSTER_302,horse_man,1597.0,40.68866245269627
AN,CLUSTER_302,pig_man,141.874306,40.68866245269627
AN,CLUSTER_306,pig_man,479.4,47.61273210198088
AN,CLUSTER_315,pig_man,304.38530000000003,82.6813716165778
AN,CLUSTER_319,horse_man,1821.5,36.87796813671581
AN,CLUSTER_319,pig_man,343.0,36.87796813671581
AN,CLUSTER_321,pig_man,53.32708,87.44124340780482
AN,CLUSTER_323,cattle_man,18150.0,13.257054541720343
AN,CLUSTER_323,horse_man,2339.0,13.257054541720343
AN,CLUSTER_323,pig_man,275.81,13.257054541720343
AN,CLUSTER_324,pig_man,258.47,76.64202939619018
AN,CLUSTER_330,horse_man,1269.6,27.38839289567521
AN,CLUSTER_330,pig_man,378.71,27.38839289567521
AN,CLUSTER_338,pig_man,496.0,78.49292097914164
AN,CLUSTER_34,pig_man,547.047,68.61194114782123
AN,CLUSTER_340,pig_man,150.7,79.16828606326021
AN,CLUSTER_342,pig_man,109.9,71.36959549053124
AN,CLUSTER_344,pig_man,347.5,86.14164075656107
AN,CLUSTER_345,pig_man,131.752025,47.38821449088993
AN,CLUSTER_349,pig_man,105.746,96.31973507309846
AN,CLUSTER_35,pig_man,754.8290000000001,99.94564813843216
AN,CLUSTER_350,horse_man,2875.0,40.882923313444536
AN,CLUSTER_350,pig_man,183.62,40.882923313444536
AN,CLUSTER_352,pig_man,32.1,71.72791354281887
AN,CLUSTER_353,pig_man,473.0,94.45918449328396
AN,CLUSTER_354,horse_man,793.6,44.828219027456655
AN,CLUSTER_354,pig_man,883.52,44.828219027456655
AN,CLUSTER_355,pig_man,1341.0,61.55859539526504
AN,CLUSTER_363,horse_man,3180.0,41.43933709061052
AN,CLUSTER_363,pig_man,154.91,41.43933709061052
AN,CLUSTER_37,horse_man,943.0,37.95085725223834
AN,CLUSTER_37,pig_man,3353.8,37.95085725223834
AN,CLUSTER_370,pig_man,15.373134,94.806238530848
AN,CLUSTER_371,horse_man,1280.1,27.712659762023847
AN,CLUSTER_371,pig_man,228.32,27.712659762023847
AN,CLUSTER_376,pig_man,263.4000241,92.66881794051965
AN,CLUSTER_378,cattle_man,31200.0,16.08033926342318
AN,CLUSTER_378,horse_man,1373.0,16.08033926342318
AN,CLUSTER_378,pig_man,297.007,16.08033926342318
AN,CLUSTER_386,horse_man,3289.0,33.98466724418212
AN,CLUSTER_398,horse_man,1395.0,31.97179565734494
AN,CLUSTER_398,pig_man,169.0001898,31.97179565734494
AN,CLUSTER_399,pig_man,646.33,85.04786933473893
AN,CLUSTER_400,pig_man,2588.0,57.98527249832678
AN,CLUSTER_402,pig_man,1540.0,81.20401251140177
AN,CLUSTER_403,cattle_man,9000.0,17.978024349336277
AN,CLUSTER_403,horse_man,1197.0,17.978024349336277
AN,CLUSTER_403,pig_man,782.0,17.978024349336277
AN,CLUSTER_408,pig_man,511.6000000000001,99.09304939506038
AN,CLUSTER_423,cattle_man,22380.0,18.049356558028663
AN,CLUSTER_423,horse_man,1678.0106,18.049356558028663
AN,CLUSTER_423,pig_man,669.519,18.049356558028663
AN,CLUSTER_427,pig_man,799.2,90.04298088889504
AN,CLUSTER_428,pig_man,58.397,99.36056734063328
AN,CLUSTER_43,horse_man,1609.1999999999998,38.628440838372114
AN,CLUSTER_43,pig_man,36.5,38.628440838372114
AN,CLUSTER_431,pig_man,238.34,82.3437385832939
AN,CLUSTER_432,pig_man,80.1,101.5754904680624
AN,CLUSTER_436,pig_man,326.0,61.53826841998914
AN,CLUSTER_441,horse_man,821.0,46.06644494586082
AN,CLUSTER_441,pig_man,1272.0,46.06644494586082
AN,CLUSTER_447,pig_man,67.14,49.81962694596689
AN,CLUSTER_450,horse_man,963.9,45.26492639038141
AN,CLUSTER_450,pig_man,315.5,45.26492639038141
AN,CLUSTER_453,pig_man,269.0,77.9019118605426
AN,CLUSTER_456,pig_man,30.472,82.24380953498627
AN,CLUSTER_464,pig_man,54.032,74.80210318922731
AN,CLUSTER_466,horse_man,4155.0,30.34557339125552
AN,CLUSTER_466,pig_man,43.27128999999999,30.34557339125552
AN,CLUSTER_473,pig_man,510.99999999999994,46.97141552628546
AN,CLUSTER_474,horse_man,1341.0,41.969697857089656
AN,CLUSTER_478,pig_man,35.400000000000006,96.36331862394
AN,CLUSTER_48,pig_man,1701.4,68.24426852845575
AN,CLUSTER_482,cattle_man,16500.0,25.357360082258676
AN,CLUSTER_482,horse_man,1167.3,25.357360082258676
AN,CLUSTER_482,pig_man,28.99635,25.357360082258676
AN,CLUSTER_485,pig_man,19.72,99.95242517940272
AN,CLUSTER_488,pig_man,1185.8,72.23549605651613
AN,CLUSTER_493,pig_man,193.15,47.81089980707971
AN,CLUSTER_495,pig_man,180.446,58.56184438896885
AN,CLUSTER_498,horse_man,2767.0,31.139033787896707
AN,CLUSTER_499,pig_man,128.13,68.50208151964507
AN,CLUSTER_501,pig_man,1378.0,61.30228610949322
AN,CLUSTER_504,pig_man,442.0,63.75261475675182
AN,CLUSTER_511,pig_man,317.6,100.4024423970911
AN,CLUSTER_513,pig_man,657.0,78.61669155357457
AN,CLUSTER_514,pig_man,13.03,95.88183290484184
AN,CLUSTER_516,pig_man,123.100375,52.5184390972704
AN,CLUSTER_52,pig_man,917.46,76.31224544918292
AN,CLUSTER_523,cattle_man,13260.0,20.05225331033948
AN,CLUSTER_523,horse_man,1417.0,20.05225331033948
AN,CLUSTER_523,pig_man,56.7,20.05225331033948
AN,CLUSTER_534,pig_man,1003.0,91.333511421532
AN,CLUSTER_537,pig_man,2429.0,73.65312398682649
AN,CLUSTER_541,horse_man,835.5,43.26215575479807
AN,CLUSTER_544,pig_man,15.550000000000002,30.503848040247476
AN,CLUSTER_545,pig_man,227.1,56.24745458584768
AN,CLUSTER_57,horse_man,1420.0,42.13230725122176
AN,CLUSTER_58,horse_man,3739.6,38.24758871043035
AN,CLUSTER_58,pig_man,585.7193,38.24758871043035
AN,CLUSTER_61,pig_man,392.8,57.48015049061751
AN,CLUSTER_62,horse_man,4905.0,45.19032769303594
AN,CLUSTER_62,pig_man,33.995,45.19032769303594
AN,CLUSTER_63,pig_man,79.20406,66.97417916250065
AN,CLUSTER_64,cattle_man,35510.0,17.342164938245727
AN,CLUSTER_64,horse_man,1753.8,17.342164938245727
AN,CLUSTER_64,pig_man,1190.4,17.342164938245727
AN,CLUSTER_68,pig_man,1241.4,71.47737103674812
AN,CLUSTER_69,cattle_man,40940.0,7.230855262781015
AN,CLUSTER_69,cattle_slu,159380.0,7.230855262781015
AN,CLUSTER_69,horse_man,2441.2,7.230855262781015
AN,CLUSTER_69,pig_man,1247.43,7.230855262781015
AN,CLUSTER_70,pig_man,751.0,56.71861759868485
AN,CLUSTER_71,horse_man,2948.9,38.16041909392701
AN,CLUSTER_71,pig_man,226.348,38.16041909392701
AN,CLUSTER_73,pig_man,3455.0,49.99895746557191
AN,CLUSTER_79,pig_man,1322.00245,85.97190556677933
AN,CLUSTER_8,pig_man,13.2831,52.23620816093976
AN,CLUSTER_81,cattle_man,26470.0,21.74085560127553
AN,CLUSTER_81,horse_man,1535.0,21.74085560127553
AN,CLUSTER_81,pig_man,12.9891,21.74085560127553
AN,CLUSTER_85,pig_man,109.2627,68.05531316014513
AN,CLUSTER_91,pig_man,218.0,82.14012852134113
AN,CLUSTER_92,horse_man,2276.0,26.729137171712857
AN,CLUSTER_92,pig_man,122.73699999999998,26.729137171712857
AN,CLUSTER_93,pig_man,56.565000000000005,60.38022492606769
H,CLUSTER_101,pig_man,311.45,106.35108029464014
H,CLUSTER_103,pig_man,791.300184,117.6764649758708
H,CLUSTER_105,horse_man,2293.0,38.4497019373793
H,CLUSTER_106,cattle_man,12224.0,7.70887560432966
H,CLUSTER_106,cattle_slu,67740.0,7.70887560432966
H,CLUSTER_106,horse_man,1081.1,7.70887560432966
H,CLUSTER_106,pig_man,245.613,7.70887560432966
H,CLUSTER_111,cattle_man,13173.0,32.789980887501684
H,CLUSTER_111,horse_man,2114.0,32.789980887501684
H,CLUSTER_111,pig_man,262.226,32.789980887501684
H,CLUSTER_117,horse_man,1848.2,51.89323754630757
H,CLUSTER_117,pig_man,153.071,51.89323754630757
H,CLUSTER_118,cattle_man,21190.0,2.938057828133919
H,CLUSTER_118,cattle_slu,125400.00000000001,2.938057828133919
H,CLUSTER_118,horse_man,710.0,2.938057828133919
H,CLUSTER_118,pig_slu,32.46,2.938057828133919
H,CLUSTER_123,horse_man,1614.0,42.84919685637426
H,CLUSTER_123,pig_man,92.5800179,42.84919685637426
H,CLUSTER_127,cattle_man,15806.0,25.60036090299293
H,CLUSTER_127,horse_man,2828.1,25.60036090299293
H,CLUSTER_128,horse_man,2411.7,50.16192413181233
H,CLUSTER_128,pig_man,539.0,50.16192413181233
H,CLUSTER_129,pig_man,245.9917,71.96818014872731
H,CLUSTER_13,cattle_man,22490.0,32.409731658569555
H,CLUSTER_13,horse_man,4880.0,32.409731658569555
H,CLUSTER_13,pig_man,152.17000000000002,32.409731658569555
H,CLUSTER_132,pig_man,943.9,66.44698220682687
H,CLUSTER_136,horse_man,3775.0,58.79841753198114
H,CLUSTER_137,cattle_man,27690.0,27.020927500880735
H,CLUSTER_137,horse_man,2768.0,27.020927500880735
H,CLUSTER_137,pig_man,11.12,27.020927500880735
H,CLUSTER_14,horse_man,2695.2,52.728480439388896
H,CLUSTER_14,pig_man,256.805,52.728480439388896
H,CLUSTER_145,pig_man,104.2,105.27221080050704
H,CLUSTER_166,cattle_man,6826.0,26.35901133011497
H,CLUSTER_166,horse_man,763.7,26.35901133011497
H,CLUSTER_166,pig_man,110.044731,26.35901133011497
H,CLUSTER_174,cattle_man,17810.0,23.204721989117584
H,CLUSTER_174,horse_man,1427.5,23.204721989117584
H,CLUSTER_176,pig_man,232.96,96.42757211079105
H,CLUSTER_178,horse_man,151.8913308851816,61.39675074628428
H,CLUSTER_187,horse_man,2955.0,40.08387483500413
H,CLUSTER_187,pig_man,939.3,40.08387483500413
H,CLUSTER_190,pig_man,1086.0,113.64359724980176
H,CLUSTER_191,horse_man,1592.0,54.27716433601866
H,CLUSTER_201,horse_man,2174.1,53.81753700171352
H,CLUSTER_206,cattle_man,21950.0,16.713877733089017
H,CLUSTER_206,horse_man,726.8,16.713877733089017
H,CLUSTER_206,pig_man,146.60494999999997,16.713877733089017
H,CLUSTER_207,horse_man,1783.0,37.22129794909964
H,CLUSTER_209,horse_man,1265.6,43.23387929408965
H,CLUSTER_210,cattle_man,12910.0,17.101151324235857
H,CLUSTER_210,horse_man,779.0,17.101151324235857
H,CLUSTER_210,pig_man,122.09999999999998,17.101151324235857
H,CLUSTER_224,horse_man,1438.0,56.98900636117742
H,CLUSTER_229,pig_man,38.028209,87.34066463195222
H,CLUSTER_235,pig_man,439.78,64.20690797211877
H,CLUSTER_237,pig_man,687.516,119.9787474097728
H,CLUSTER_243,horse_man,2781.0,54.91938011742111
H,CLUSTER_248,pig_man,337.0,101.36243965998776
H,CLUSTER_252,cattle_man,23950.0,33.58861265541503
H,CLUSTER_252,horse_man,2046.0,33.58861265541503
H,CLUSTER_253,horse_man,3082.0,47.61494008700498
H,CLUSTER_253,pig_man,379.28,47.61494008700498
H,CLUSTER_264,cattle_man,33570.0,10.777189057458342
H,CLUSTER_264,cattle_slu,230130.0,10.777189057458342
H,CLUSTER_264,horse_man,387.684,10.777189057458342
H,CLUSTER_264,pig_man,100.19925,10.777189057458342
H,CLUSTER_278,pig_man,334.991,113.85323359890914
H,CLUSTER_297,horse_man,3459.0,58.68031919021887
H,CLUSTER_303,pig_man,1707.0,92.16702380710193
H,CLUSTER_305,horse_man,533.2,53.56336568332144
H,CLUSTER_305,pig_man,388.58,53.56336568332144
H,CLUSTER_313,cattle_man,20560.0,21.70544084725421
H,CLUSTER_313,horse_man,2810.0,21.70544084725421
H,CLUSTER_313,pig_man,14.107,21.70544084725421
H,CLUSTER_316,pig_man,1285.8,63.84710623814857
H,CLUSTER_329,horse_man,1337.0,47.160097697368336
H,CLUSTER_337,cattle_man,13540.0,30.626532556699136
H,CLUSTER_337,horse_man,1000.0599999999998,30.626532556699136
H,CLUSTER_339,pig_man,586.97,79.94888102514899
H,CLUSTER_341,horse_man,2031.7999999999997,36.04802482154516
H,CLUSTER_341,pig_man,160.94299999999998,36.04802482154516
H,CLUSTER_360,horse_man,2360.0,54.745613059571
H,CLUSTER_362,cattle_man,13100.0,29.26895667636861
H,CLUSTER_362,horse_man,2769.0,29.26895667636861
H,CLUSTER_365,horse_man,1341.0,41.176569423644544
H,CLUSTER_366,cattle_man,8803.0,17.452733353611176
H,CLUSTER_366,horse_man,199.48,17.452733353611176
H,CLUSTER_368,cattle_man,6947.0,28.119908896216504
H,CLUSTER_368,horse_man,1001.7000000000002,28.119908896216504
H,CLUSTER_368,pig_man,61.345000000000006,28.119908896216504
H,CLUSTER_375,cattle_man,14310.0,20.194583058885463
H,CLUSTER_375,horse_man,280.5,20.194583058885463
H,CLUSTER_376,horse_man,494.96000000000004,51.85484721491202
H,CLUSTER_377,pig_man,294.4,87.88084633477361
H,CLUSTER_379,cattle_man,18540.0,13.29614167030654
H,CLUSTER_379,horse_man,612.5,13.29614167030654
H,CLUSTER_382,pig_man,429.0,118.2503588902268
H,CLUSTER_383,horse_man,1382.2,37.20791179980564
H,CLUSTER_383,pig_man,350.7,37.20791179980564
H,CLUSTER_39,horse_man,1942.0,45.90595903729843
H,CLUSTER_390,pig_man,1056.886,123.7568060299286
H,CLUSTER_393,horse_man,968.1,58.29711363747663
H,CLUSTER_411,cattle_man,18310.0,16.79665435038964
H,CLUSTER_411,horse_man,1163.4,16.79665435038964
H,CLUSTER_411,pig_man,527.79,16.79665435038964
H,CLUSTER_412,horse_man,2158.0,47.47354703044559
H,CLUSTER_42,pig_man,1804.5,78.87824134029496
H,CLUSTER_422,horse_man,1414.0,44.91184133288774
H,CLUSTER_428,horse_man,792.0,41.10456862780125
H,CLUSTER_432,horse_man,1122.3,40.81983325817013
H,CLUSTER_434,cattle_man,10390.0,12.754876483480768
H,CLUSTER_434,cattle_slu,5207.201898027592,12.754876483480768
H,CLUSTER_434,horse_man,816.4,12.754876483480768
H,CLUSTER_44,cattle_man,14660.0,27.816473979199262
H,CLUSTER_44,horse_man,1288.0,27.816473979199262
H,CLUSTER_443,cattle_man,12880.0,20.226180837447984
H,CLUSTER_443,horse_man,1016.9999999999999,20.226180837447984
H,CLUSTER_446,cattle_man,11600.0,27.66699884181336
H,CLUSTER_446,horse_man,1600.0,27.66699884181336
H,CLUSTER_446,pig_man,216.2920123,27.66699884181336
H,CLUSTER_452,pig_man,550.0,85.46682301760775
H,CLUSTER_459,pig_man,243.8,110.10402147906404
H,CLUSTER_463,cattle_man,3189.0,24.49429866828536
H,CLUSTER_463,horse_man,384.3,24.49429866828536
H,CLUSTER_463,pig_man,180.00319,24.49429866828536
H,CLUSTER_469,pig_man,324.0,116.24634947829944
H,CLUSTER_479,horse_man,1092.0,42.36672965811943
H,CLUSTER_485,horse_man,1447.0,56.47064766956531
H,CLUSTER_496,pig_man,687.3,90.76450980812471
H,CLUSTER_500,horse_man,798.0,37.200288584332455
H,CLUSTER_500,pig_man,32.309999999999995,37.200288584332455
H,CLUSTER_502,horse_man,2093.0,49.0306181792486
H,CLUSTER_507,horse_man,1199.4,48.41626129519023
H,CLUSTER_51,cattle_man,28020.0,20.48509720476592
H,CLUSTER_51,horse_man,2617.0,20.48509720476592
H,CLUSTER_511,horse_man,1308.3100000000002,46.32478655963198
H,CLUSTER_515,pig_man,1089.0,73.50844339628732
H,CLUSTER_521,horse_man,1448.0,43.65979381726407
H,CLUSTER_527,horse_man,1912.0,56.94677936005298
H,CLUSTER_527,pig_man,48.0347,56.94677936005298
H,CLUSTER_531,horse_man,424.9,60.99346164052216
H,CLUSTER_531,pig_man,133.0,60.99346164052216
H,CLUSTER_533,horse_man,654.0,53.84469513534472
H,CLUSTER_533,pig_man,70.10000000000001,53.84469513534472
H,CLUSTER_534,horse_man,1873.6,56.78999670450277
H,CLUSTER_543,cattle_man,10570.0,9.495853610745124
H,CLUSTER_543,cattle_slu,58800.0,9.495853610745124
H,CLUSTER_543,horse_man,158.9,9.495853610745124
H,CLUSTER_543,pig_man,36.089,9.495853610745124
H,CLUSTER_548,cattle_man,7311.0,14.91526564884019
H,CLUSTER_548,horse_man,2324.0,14.91526564884019
H,CLUSTER_6,pig_man,1816.7,100.131131195815
H,CLUSTER_65,horse_man,2654.0,41.94432078351671
H,CLUSTER_65,pig_man,165.989,41.94432078351671
H,CLUSTER_74,cattle_man,27550.0,35.57490520652907
H,CLUSTER_74,horse_man,3010.0,35.57490520652907
H,CLUSTER_82,pig_man,554.226263,102.52726247833031
H,CLUSTER_83,horse_man,2092.0,52.178374628816776
H,CLUSTER_83,pig_man,44.2,52.178374628816776
H,CLUSTER_84,horse_man,4351.0,51.24701827519489
H,CLUSTER_86,horse_man,1875.0,46.06253542139222
H,CLUSTER_9,pig_man,1813.0,76.13696283096188
H,CLUSTER_94,horse_man,907.3,55.55352122181157
AM,CLUSTER_1,pig_man,381.6,107.53181652352012
AM,CLUSTER_108,pig_man,291.926,123.60440244487488
AM,CLUSTER_109,cattle_man,10424.0,28.28974097163416
AM,CLUSTER_109,horse_man,2924.0,28.28974097163416
AM,CLUSTER_109,pig_man,121.22265,28.28974097163416
AM,CLUSTER_11,pig_man,23.6720704,102.06561165846178
AM,CLUSTER_112,pig_man,508.8,104.99830509639928
AM,CLUSTER_114,pig_man,77.82100000000001,127.70625988217104
AM,CLUSTER_115,horse_man,190.35,78.22720366440512
AM,CLUSTER_115,pig_man,276.8087,78.22720366440512
AM,CLUSTER_12,pig_man,96.610847,87.62666113021426
AM,CLUSTER_120,pig_man,313.972,128.00035428022758
AM,CLUSTER_124,pig_man,225.04,100.25790813034658
AM,CLUSTER_125,horse_man,653.0,65.71589830776517
AM,CLUSTER_130,cattle_man,16581.0,26.28863587690132
AM,CLUSTER_130,horse_man,373.2,26.28863587690132
AM,CLUSTER_130,pig_man,304.35,26.28863587690132
AM,CLUSTER_140,cattle_man,7209.0,44.74037121766866
AM,CLUSTER_140,horse_man,867.0,44.74037121766866
AM,CLUSTER_140,pig_man,765.7,44.74037121766866
AM,CLUSTER_141,pig_man,111.971,125.15514808230648
AM,CLUSTER_143,cattle_man,20920.0,13.568124974114816
AM,CLUSTER_143,cattle_slu,94100.0,13.568124974114816
AM,CLUSTER_143,horse_man,1329.0,13.568124974114816
AM,CLUSTER_143,pig_man,52.20089,13.568124974114816
AM,CLUSTER_146,horse_man,847.0,74.64866683563986
AM,CLUSTER_147,horse_man,869.8,79.71913008671497
AM,CLUSTER_147,pig_man,23.898,79.71913008671497
AM,CLUSTER_148,pig_man,361.14175,146.48625755447733
AM,CLUSTER_15,pig_man,68.319,84.80182669166051
AM,CLUSTER_150,cattle_man,18940.0,16.73656394146973
AM,CLUSTER_150,horse_man,998.0,16.73656394146973
AM,CLUSTER_150,pig_man,605.1,16.73656394146973
AM,CLUSTER_153,pig_man,71.88691,141.4173801035733
AM,CLUSTER_155,horse_man,1141.3,55.55561160194416
AM,CLUSTER_160,pig_man,238.759,133.26139669013415
AM,CLUSTER_167,horse_man,1062.4,57.118774735415336
AM,CLUSTER_167,pig_man,722.3,57.118774735415336
AM,CLUSTER_168,pig_man,426.892,135.91908415753466
AM,CLUSTER_169,pig_man,332.076,136.26978326894894
AM,CLUSTER_17,cattle_man,9480.0,19.763756302018727
AM,CLUSTER_17,horse_man,663.59,19.763756302018727
AM,CLUSTER_17,pig_man,202.955,19.763756302018727
AM,CLUSTER_171,pig_man,887.0,117.1545551579505
AM,CLUSTER_175,horse_man,1207.3,50.51040472880132
AM,CLUSTER_18,horse_man,809.7,77.71593191343014
AM,CLUSTER_18,pig_man,338.1159,77.71593191343014
AM,CLUSTER_180,horse_man,1481.0,75.4188286614084
AM,CLUSTER_184,horse_man,556.0,55.61247799516138
AM,CLUSTER_185,pig_man,183.43,133.816045231951
AM,CLUSTER_186,horse_man,2019.1,60.20590356418075
AM,CLUSTER_188,pig_man,27.346000000000004,107.12298480299944
AM,CLUSTER_189,horse_man,1789.0,53.319698849435134
AM,CLUSTER_19,pig_man,322.3,87.2111319746277
AM,CLUSTER_193,horse_man,1133.0,63.17339089018427
AM,CLUSTER_195,cattle_man,17240.0,27.14775464186379
AM,CLUSTER_195,horse_man,1276.5,27.14775464186379
AM,CLUSTER_195,pig_man,34.13825,27.14775464186379
AM,CLUSTER_197,horse_man,194.9,74.24701826538036
AM,CLUSTER_199,pig_man,341.399,118.56939799982304
AM,CLUSTER_2,horse_man,975.2,77.77393459389594
AM,CLUSTER_202,horse_man,1917.3,66.96596786934293
AM,CLUSTER_211,pig_man,51.2,103.45361441382768
AM,CLUSTER_214,pig_man,13.92,110.83161784764576
AM,CLUSTER_217,pig_man,542.22,134.97673906474463
AM,CLUSTER_219,pig_man,686.0,103.13077356772492
AM,CLUSTER_220,pig_man,25.08,100.2534453994262
AM,CLUSTER_221,pig_man,218.174,106.10492585124548
AM,CLUSTER_222,pig_man,43.141,137.2499370032032
AM,CLUSTER_223,cattle_man,9326.0,40.63884266011453
AM,CLUSTER_223,horse_man,1582.6,40.63884266011453
AM,CLUSTER_227,horse_man,79.97,80.04861069346093
AM,CLUSTER_227,pig_man,882.0,80.04861069346093
AM,CLUSTER_228,horse_man,1313.4,64.17939785014902
AM,CLUSTER_230,horse_man,900.0,59.70632762876495
AM,CLUSTER_230,pig_man,156.99,59.70632762876495
AM,CLUSTER_231,cattle_man,13870.0,24.41667445922412
AM,CLUSTER_231,horse_man,1176.0,24.41667445922412
AM,CLUSTER_231,pig_man,10.6436,24.41667445922412
AM,CLUSTER_234,horse_man,2507.0,64.83533774992462
AM,CLUSTER_234,pig_man,472.3,64.83533774992462
AM,CLUSTER_240,cattle_man,402.04,44.29513735182129
AM,CLUSTER_240,horse_man,172.5,44.29513735182129
AM,CLUSTER_241,cattle_man,10430.0,41.67356869585599
AM,CLUSTER_241,horse_man,968.1,41.67356869585599
AM,CLUSTER_242,pig_man,257.9398,140.22194342719095
AM,CLUSTER_245,pig_man,381.8,123.2277584262082
AM,CLUSTER_249,horse_man,1754.0,59.838692103285055
AM,CLUSTER_249,pig_man,509.2300000000001,59.838692103285055
AM,CLUSTER_250,horse_man,1190.0,69.31595727714205
AM,CLUSTER_250,pig_man,54.334,69.31595727714205
AM,CLUSTER_254,cattle_man,8256.0,46.21808212308057
AM,CLUSTER_254,horse_man,1711.5,46.21808212308057
AM,CLUSTER_255,pig_man,204.36,141.18635329653847
AM,CLUSTER_259,horse_man,817.6,59.18422363852332
AM,CLUSTER_259,pig_man,260.08,59.18422363852332
AM,CLUSTER_261,horse_man,1088.2,74.45042916580077
AM,CLUSTER_261,pig_man,42.392,74.45042916580077
AM,CLUSTER_262,horse_man,491.0,74.35945018504856
AM,CLUSTER_262,pig_man,55.52,74.35945018504856
AM,CLUSTER_265,pig_man,39.79,111.97233828041269
AM,CLUSTER_266,pig_man,616.51,129.81078885060396
AM,CLUSTER_267,horse_man,951.0,61.2888271034716
AM,CLUSTER_269,pig_man,389.745,97.04825517027788
AM,CLUSTER_270,horse_man,2875.0,54.37895805431668
AM,CLUSTER_274,horse_man,783.4,52.99540346109818
AM,CLUSTER_280,cattle_man,7664.0,19.16742307798017
AM,CLUSTER_280,horse_man,1101.277,19.16742307798017
AM,CLUSTER_280,pig_man,171.3,19.16742307798017
AM,CLUSTER_282,horse_man,1029.0,77.7490994744223
AM,CLUSTER_284,cattle_man,1152.783,44.89721623616551
AM,CLUSTER_284,horse_man,195.4,44.89721623616551
AM,CLUSTER_285,horse_man,3438.0,56.864953785138106
AM,CLUSTER_286,pig_man,407.6,118.76241628712842
AM,CLUSTER_290,horse_man,887.0,53.33581846012655
AM,CLUSTER_294,pig_man,937.6,140.62225796804327
AM,CLUSTER_295,cattle_man,1036.53,37.56956780728988
AM,CLUSTER_295,horse_man,46.7,37.56956780728988
AM,CLUSTER_296,horse_man,902.0,81.17428155554397
AM,CLUSTER_299,pig_man,111.861,85.16156255488585
AM,CLUSTER_301,cattle_man,2641.0,35.708600171395084
AM,CLUSTER_301,horse_man,760.0,35.708600171395084
AM,CLUSTER_309,pig_man,216.09,105.43576824426648
AM,CLUSTER_31,cattle_man,11270.176,35.963343885028465
AM,CLUSTER_31,horse_man,3786.0,35.963343885028465
AM,CLUSTER_31,pig_man,390.4,35.963343885028465
AM,CLUSTER_311,cattle_man,22700.0,18.947555510382205
AM,CLUSTER_311,horse_man,1250.5,18.947555510382205
AM,CLUSTER_32,horse_man,1842.9,50.08421358660721
AM,CLUSTER_32,pig_man,176.1042,50.08421358660721
AM,CLUSTER_321,horse_man,1668.0,48.69183763889458
AM,CLUSTER_322,pig_man,57.48,81.96937355505995
AM,CLUSTER_33,cattle_man,6952.0,38.99015067327496
AM,CLUSTER_33,horse_man,1803.0,38.99015067327496
AM,CLUSTER_331,pig_man,621.0,123.70128444765152
AM,CLUSTER_333,cattle_man,11300.0,36.94350191762816
AM,CLUSTER_333,horse_man,712.5,36.94350191762816
AM,CLUSTER_333,pig_man,364.2,36.94350191762816
AM,CLUSTER_335,pig_man,497.042,110.0016191320806
AM,CLUSTER_343,cattle_man,10540.0,15.390416213599426
AM,CLUSTER_343,cattle_slu,47200.0,15.390416213599426
AM,CLUSTER_343,horse_man,329.269,15.390416213599426
AM,CLUSTER_343,pig_man,296.7,15.390416213599426
AM,CLUSTER_347,pig_man,55.193,128.95713876030263
AM,CLUSTER_351,pig_man,456.3,97.85425037456028
AM,CLUSTER_355,horse_man,1202.0,68.59170553859413
AM,CLUSTER_357,horse_man,1403.7,68.84247086637252
AM,CLUSTER_357,pig_man,843.3,68.84247086637252
AM,CLUSTER_358,pig_man,505.06,110.80553111905051
AM,CLUSTER_359,pig_man,13.947,145.78412568962634
AM,CLUSTER_370,cattle_man,11090.0,29.11178136395805
AM,CLUSTER_370,horse_man,1921.0,29.11178136395805
AM,CLUSTER_372,cattle_man,9440.0,21.229933113733004
AM,CLUSTER_372,horse_man,1283.0,21.229933113733004
AM,CLUSTER_372,pig_man,127.52,21.229933113733004
AM,CLUSTER_380,pig_man,506.99999999999994,117.63342250172758
AM,CLUSTER_381,pig_man,167.133571,124.54233848688732
AM,CLUSTER_384,pig_man,123.71,91.63033130485148
AM,CLUSTER_385,cattle_man,5530.0,32.24587733573985
AM,CLUSTER_385,horse_man,616.3,32.24587733573985
AM,CLUSTER_385,pig_man,407.79,32.24587733573985
AM,CLUSTER_387,horse_man,1714.3,48.34390139647905
AM,CLUSTER_387,pig_man,180.0399,48.34390139647905
AM,CLUSTER_392,horse_man,513.0,72.55146263830609
AM,CLUSTER_392,pig_man,46.5,72.55146263830609
AM,CLUSTER_394,pig_man,434.7,92.21617975184856
AM,CLUSTER_395,pig_man,29.4111,139.10348124965924
AM,CLUSTER_397,cattle_man,5686.0,46.201156660527424
AM,CLUSTER_397,horse_man,797.2,46.201156660527424
AM,CLUSTER_397,pig_man,80.291,46.201156660527424
AM,CLUSTER_399,horse_man,218.1,64.39282534794184
AM,CLUSTER_40,pig_man,213.46,90.04036084631197
AM,CLUSTER_400,horse_man,1513.0,65.09720124358036
AM,CLUSTER_401,pig_man,189.6729,141.66293734287805
AM,CLUSTER_404,pig_man,75.63,115.2157944693422
AM,CLUSTER_406,cattle_man,16790.0,36.50639868899079
AM,CLUSTER_406,horse_man,1539.0,36.50639868899079
AM,CLUSTER_406,pig_man,52.746,36.50639868899079
AM,CLUSTER_408,cattle_man,7585.8,32.05164712664598
AM,CLUSTER_408,horse_man,3122.0,32.05164712664598
AM,CLUSTER_409,cattle_man,12230.0,46.234331100557455
AM,CLUSTER_409,horse_man,858.0,46.234331100557455
AM,CLUSTER_409,pig_man,568.9,46.234331100557455
AM,CLUSTER_41,pig_man,16.8586,120.66613239091764
AM,CLUSTER_413,horse_man,36.0,62.66379229705646
AM,CLUSTER_413,pig_man,1220.808,62.66379229705646
AM,CLUSTER_414,pig_man,218.538,81.50670467594607
AM,CLUSTER_419,pig_man,62.91951999999999,115.18866037504864
AM,CLUSTER_425,pig_man,14.561,110.81964346228582
AM,CLUSTER_429,cattle_man,6420.0,23.21267501444529
AM,CLUSTER_429,horse_man,723.0,23.21267501444529
AM,CLUSTER_433,pig_man,179.118,144.1539426504049
AM,CLUSTER_435,pig_man,46.49,94.60909565922002
AM,CLUSTER_437,pig_man,50.0,93.47146611156424
AM,CLUSTER_438,horse_man,832.8,61.237297863628726
AM,CLUSTER_438,pig_man,223.18,61.237297863628726
AM,CLUSTER_439,cattle_man,12440.0,24.577369899733167
AM,CLUSTER_439,horse_man,163.7,24.577369899733167
AM,CLUSTER_439,pig_man,625.9,24.577369899733167
AM,CLUSTER_444,pig_man,84.611,116.22636656261407
AM,CLUSTER_45,cattle_man,15750.0,35.74695054316808
AM,CLUSTER_45,horse_man,1188.0,35.74695054316808
AM,CLUSTER_45,pig_man,55.502,35.74695054316808
AM,CLUSTER_451,horse_man,523.0,69.78487483761954
AM,CLUSTER_451,pig_man,528.0,69.78487483761954
AM,CLUSTER_453,cattle_man,163.9,44.89615156448804
AM,CLUSTER_453,horse_man,209.4,44.89615156448804
AM,CLUSTER_454,pig_man,279.8,135.81461863163636
AM,CLUSTER_456,horse_man,275.0,64.4679597683543
AM,CLUSTER_46,pig_man,83.87871,144.86578988578535
AM,CLUSTER_461,pig_man,138.37,111.37230597515838
AM,CLUSTER_465,pig_man,518.0,142.91659835788624
AM,CLUSTER_470,cattle_man,25970.0,29.962906440121
AM,CLUSTER_470,horse_man,1289.0,29.962906440121
AM,CLUSTER_470,pig_man,190.5,29.962906440121
AM,CLUSTER_472,cattle_man,24810.0,7.3143087899291315
AM,CLUSTER_472,cattle_slu,106200.0,7.3143087899291315
AM,CLUSTER_472,horse_man,709.0,7.3143087899291315
AM,CLUSTER_472,pig_man,22.5159,7.3143087899291315
AM,CLUSTER_475,pig_man,250.66,90.8431344490825
AM,CLUSTER_477,cattle_man,6130.0,27.322831491600382
AM,CLUSTER_477,horse_man,908.0,27.322831491600382
AM,CLUSTER_48,horse_man,1045.96,72.12844339521145
AM,CLUSTER_481,horse_man,1085.0,79.66116544622622
AM,CLUSTER_481,pig_man,527.3,79.66116544622622
AM,CLUSTER_484,cattle_man,10650.0,6.243354706539414
AM,CLUSTER_484,cattle_slu,42730.0,6.243354706539414
AM,CLUSTER_484,horse_man,420.9,6.243354706539414
AM,CLUSTER_484,pig_man,64.9729,6.243354706539414
AM,CLUSTER_488,horse_man,236.9,62.794336468649455
AM,CLUSTER_490,pig_man,105.9,125.14898095379536
AM,CLUSTER_50,cattle_man,17080.0,32.94426643558807
AM,CLUSTER_50,horse_man,1154.13,32.94426643558807
AM,CLUSTER_50,pig_man,604.7121,32.94426643558807
AM,CLUSTER_501,horse_man,474.5,64.00089542744605
AM,CLUSTER_503,cattle_man,1023.7099999999999,45.415231549566585
AM,CLUSTER_503,horse_man,847.1,45.415231549566585
AM,CLUSTER_505,cattle_man,10770.0,39.91223098752661
AM,CLUSTER_505,horse_man,942.0,39.91223098752661
AM,CLUSTER_509,cattle_man,10453.0,13.919222811874244
AM,CLUSTER_509,cattle_slu,44128.0,13.919222811874244
AM,CLUSTER_509,horse_man,798.0,13.919222811874244
AM,CLUSTER_509,pig_man,70.445,13.919222811874244
AM,CLUSTER_512,horse_man,541.0,67.75516437466872
AM,CLUSTER_512,pig_man,391.0,67.75516437466872
AM,CLUSTER_513,horse_man,1042.0,76.09411918676527
AM,CLUSTER_518,pig_man,245.9,118.6393406325992
AM,CLUSTER_520,cattle_man,3690.0,46.500861378112674
AM,CLUSTER_520,horse_man,799.0,46.500861378112674
AM,CLUSTER_522,pig_man,183.7,111.73483383885436
AM,CLUSTER_524,pig_man,18.178,115.89148737280271
AM,CLUSTER_529,horse_man,807.0,66.98064936605313
AM,CLUSTER_529,pig_man,18.6,66.98064936605313
AM,CLUSTER_532,pig_man,411.16,147.90164713317884
AM,CLUSTER_536,horse_man,483.9,76.52926638758818
AM,CLUSTER_536,pig_man,168.6,76.52926638758818
AM,CLUSTER_542,cattle_man,20360.0,16.0854101026514
AM,CLUSTER_542,cattle_slu,43899.75809476787,16.0854101026514
AM,CLUSTER_542,horse_man,1452.1,16.0854101026514
AM,CLUSTER_542,pig_man,564.19,16.0854101026514
AM,CLUSTER_547,horse_man,1621.0,78.18793100274638
AM,CLUSTER_549,horse_man,1622.0,72.46362496433986
AM,CLUSTER_55,pig_man,46.48,100.7077748048659
AM,CLUSTER_59,horse_man,456.477,50.25556375524788
AM,CLUSTER_59,pig_man,56.019,50.25556375524788
AM,CLUSTER_68,horse_man,1155.3,71.6111302127422
AM,CLUSTER_7,horse_man,843.8,49.64623554858069
AM,CLUSTER_7,pig_man,353.272,49.64623554858069
AM,CLUSTER_72,pig_man,949.3,83.44715022920629
AM,CLUSTER_73,horse_man,1613.1,73.35452584947417
AM,CLUSTER_76,pig_man,125.42999999999999,113.67316065632122
AM,CLUSTER_77,horse_man,1160.0,66.70239420815267
AM,CLUSTER_77,pig_man,82.7,66.70239420815267
AM,CLUSTER_78,pig_man,141.0,122.36799243956833
AM,CLUSTER_88,pig_man,46.485800000000005,129.4270640406377
AM,CLUSTER_89,horse_man,1274.4,58.7839628822136
AM,CLUSTER_89,pig_man,499.7749999999999,58.7839628822136
AM,CLUSTER_91,cattle_man,1586.06,40.61876464193664
AM,CLUSTER_91,horse_man,619.6,40.61876464193664
AM,CLUSTER_96,pig_man,107.14,113.95063756095028
AM,CLUSTER_98,pig_man,181.343,120.9360377759544
AM,CLUSTER_99,cattle_man,18960.0,6.302892696727512
AM,CLUSTER_99,cattle_slu,98580.0,6.302892696727512
AM,CLUSTER_99,horse_man,170.398,6.302892696727512
AM,CLUSTER_99,pig_man,173.7,6.302892696727512
AR,CLUSTER_105,cattle_man,16042.0,22.84928934209884
AR,CLUSTER_107,horse_man,1668.9,69.81381063624077
AR,CLUSTER_136,cattle_man,22230.0,6.985222232039859
AR,CLUSTER_136,cattle_slu,108700.0,6.985222232039859
AR,CLUSTER_138,horse_man,665.1,82.06231298883486
AR,CLUSTER_144,horse_man,1888.0,82.02736051434523
AR,CLUSTER_152,horse_man,2493.3,63.9308551265438
AR,CLUSTER_157,cattle_man,22880.0,6.07503923250956
AR,CLUSTER_157,cattle_slu,106800.0,6.07503923250956
AR,CLUSTER_157,horse_man,3454.0,6.07503923250956
AR,CLUSTER_178,cattle_man,16790.0,16.737521487842255
AR,CLUSTER_178,cattle_slu,43251.61085559659,16.737521487842255
AR,CLUSTER_178,horse_man,5104.108669114818,16.737521487842255
AR,CLUSTER_182,horse_man,2035.0,79.49433747586737
AR,CLUSTER_198,horse_man,2306.0,57.79541810180284
AR,CLUSTER_201,cattle_man,7892.0,36.25937253145942
AR,CLUSTER_204,cattle_man,10730.0,19.77377022380225
AR,CLUSTER_204,horse_man,2958.0,19.77377022380225
AR,CLUSTER_207,cattle_man,25080.0,40.29667673392332
AR,CLUSTER_209,cattle_man,13940.0,26.87440287728966
AR,CLUSTER_215,horse_man,2969.0,64.80977324269983
AR,CLUSTER_226,cattle_man,16880.0,27.930150804905743
AR,CLUSTER_226,horse_man,2471.6,27.930150804905743
AR,CLUSTER_235,horse_man,1307.7,82.15581384431775
AR,CLUSTER_243,cattle_man,19320.0,10.126513850376872
AR,CLUSTER_243,cattle_slu,94100.0,10.126513850376872
AR,CLUSTER_256,cattle_man,2666.96,41.60179512362705
AR,CLUSTER_256,horse_man,2930.0,41.60179512362705
AR,CLUSTER_263,horse_man,3265.0,70.75281002950939
AR,CLUSTER_27,cattle_man,18405.0,15.786250962303985
AR,CLUSTER_27,cattle_slu,81790.0,15.786250962303985
AR,CLUSTER_27,horse_man,4194.0,15.786250962303985
AR,CLUSTER_28,cattle_man,8410.0,19.75067265966139
AR,CLUSTER_28,horse_man,2761.9,19.75067265966139
AR,CLUSTER_281,cattle_man,11914.0,44.24367614951928
AR,CLUSTER_281,horse_man,1024.5,44.24367614951928
AR,CLUSTER_287,cattle_man,2184.0,32.82033000065219
AR,CLUSTER_287,horse_man,1571.0,32.82033000065219
AR,CLUSTER_297,cattle_man,11530.0,44.63512571199484
AR,CLUSTER_3,cattle_man,7882.999999999999,27.735695337639974
AR,CLUSTER_3,horse_man,5877.0,27.735695337639974
AR,CLUSTER_304,cattle_man,2118.0,32.099234286502366
AR,CLUSTER_304,horse_man,706.6,32.099234286502366
AR,CLUSTER_312,cattle_man,11300.0,35.31809957752673
AR,CLUSTER_312,horse_man,1544.0,35.31809957752673
AR,CLUSTER_315,horse_man,1179.8,54.68470109556343
AR,CLUSTER_324,horse_man,736.19,59.49703053624633
AR,CLUSTER_338,horse_man,816.0,82.59279514778895
AR,CLUSTER_342,cattle_man,4948.0,44.46469579676776
AR,CLUSTER_342,horse_man,2247.0,44.46469579676776
AR,CLUSTER_345,horse_man,3059.0,73.69636257088804
AR,CLUSTER_352,cattle_man,13540.0,26.38505704284723
AR,CLUSTER_352,horse_man,3832.0,26.38505704284723
AR,CLUSTER_360,cattle_man,8890.0,27.80100567578761
AR,CLUSTER_369,cattle_man,3235.7,30.78582415432459
AR,CLUSTER_369,horse_man,3562.3,30.78582415432459
AR,CLUSTER_39,cattle_man,19310.0,35.655777128667985
AR,CLUSTER_391,cattle_man,11195.0,8.842718525159789
AR,CLUSTER_391,cattle_slu,53800.0,8.842718525159789
AR,CLUSTER_391,horse_man,3066.0,8.842718525159789
AR,CLUSTER_396,cattle_man,5375.0,43.78393584983511
AR,CLUSTER_396,horse_man,4460.0,43.78393584983511
AR,CLUSTER_407,cattle_man,10172.0,39.99798996271116
AR,CLUSTER_407,horse_man,3348.0,39.99798996271116
AR,CLUSTER_412,cattle_man,16640.0,20.64291410628179
AR,CLUSTER_415,cattle_man,6170.0,34.859658856027515
AR,CLUSTER_415,horse_man,3241.0,34.859658856027515
AR,CLUSTER_422,cattle_man,4670.0,47.25737386940927
AR,CLUSTER_427,horse_man,3104.5,68.70558129101735
AR,CLUSTER_428,cattle_man,6500.0,35.94883253427053
AR,CLUSTER_432,cattle_man,3340.0,46.22872972549751
AR,CLUSTER_458,horse_man,2320.0,55.17665301633694
AR,CLUSTER_489,cattle_man,1068.0,23.756880825281957
AR,CLUSTER_489,horse_man,367.5,23.756880825281957
AR,CLUSTER_492,horse_man,472.0,76.10109070627765
AR,CLUSTER_495,horse_man,1575.0,79.48989922252753
AR,CLUSTER_499,horse_man,3670.0,64.64769486189253
AR,CLUSTER_5,cattle_man,1031.0,38.15092285286283
AR,CLUSTER_5,horse_man,895.0,38.15092285286283
AR,CLUSTER_502,cattle_man,12710.0,15.363020198553714
AR,CLUSTER_502,cattle_slu,63900.0,15.363020198553714
AR,CLUSTER_507,cattle_man,9890.0,42.202346532246445
AR,CLUSTER_508,cattle_man,21640.0,36.91797646122802
AR,CLUSTER_508,horse_man,3810.0,36.91797646122802
AR,CLUSTER_53,cattle_man,6226.92,16.76749343888791
AR,CLUSTER_53,horse_man,1543.0,16.76749343888791
AR,CLUSTER_54,horse_man,1695.0,54.83107899422155
AR,CLUSTER_63,horse_man,6166.0,54.317339617979904
AR,CLUSTER_67,horse_man,2276.6,75.77310218137208
AR,CLUSTER_8,cattle_man,26900.0,49.23480869855386
AR,CLUSTER_8,horse_man,7120.0,49.23480869855386
AR,CLUSTER_84,cattle_man,15427.9,25.52542496198869
AR,CLUSTER_86,cattle_man,15698.0,14.463252600813036
AR,CLUSTER_86,cattle_slu,74300.0,14.463252600813036
AF,CLUSTER_0,cattle_man,15840.070777560528,15.47169388329226
AF,CLUSTER_0,cattle_slu,89880.0,15.47169388329226
AF,CLUSTER_104,cattle_man,26110.0,40.29531478462653
AF,CLUSTER_121,cattle_man,11370.0,27.99295761961223
AF,CLUSTER_121,horse_man,2073.0,27.99295761961223
AF,CLUSTER_122,cattle_man,17000.0,47.886687405836696
AF,CLUSTER_135,cattle_man,35210.0,16.97507833596206
AF,CLUSTER_135,horse_man,2847.0,16.97507833596206
AF,CLUSTER_149,cattle_man,19570.0,18.512903477114392
AF,CLUSTER_159,horse_man,2721.0,83.39386750186385
AF,CLUSTER_192,horse_man,605.0,57.00629037958849
AF,CLUSTER_203,cattle_man,28660.0,8.451417175528896
AF,CLUSTER_203,cattle_slu,104700.608,8.451417175528896
AF,CLUSTER_208,cattle_man,5066.0,43.27254338726191
AF,CLUSTER_208,horse_man,1364.6,43.27254338726191
AF,CLUSTER_218,cattle_man,42980.0,39.74736883783354
AF,CLUSTER_225,horse_man,1039.7,72.68532598918503
AF,CLUSTER_233,horse_man,1224.0,68.54193420453562
AF,CLUSTER_244,cattle_man,18650.0,20.2571451814964
AF,CLUSTER_244,horse_man,3070.0,20.2571451814964
AF,CLUSTER_26,cattle_man,27390.0,34.44141255260772
AF,CLUSTER_273,horse_man,1064.0,55.33926178056345
AF,CLUSTER_29,cattle_man,35210.0,31.24512276711782
AF,CLUSTER_291,horse_man,1658.0,74.35584465774929
AF,CLUSTER_292,horse_man,3197.0,67.70453641096283
AF,CLUSTER_302,cattle_man,16129.999999999998,33.97599196770515
AF,CLUSTER_306,horse_man,2610.0,81.33559790825919
AF,CLUSTER_308,cattle_man,2235.0,39.55987449906771
AF,CLUSTER_308,horse_man,482.0,39.55987449906771
AF,CLUSTER_319,cattle_man,9700.0,19.36067880520195
AF,CLUSTER_330,cattle_man,21960.0,43.65503430331408
AF,CLUSTER_350,cattle_man,14500.0,8.67817440440637
AF,CLUSTER_350,cattle_slu,66000.0,8.67817440440637
AF,CLUSTER_363,cattle_man,13430.0,49.4205756006839
AF,CLUSTER_374,horse_man,1839.0,51.21890793694082
AF,CLUSTER_398,cattle_man,5117.0,25.748862588235088
AF,CLUSTER_402,horse_man,859.0,66.0991094448755
AF,CLUSTER_436,horse_man,830.0,52.64155396889803
AF,CLUSTER_440,cattle_man,13440.0,16.934102595136128
AF,CLUSTER_440,cattle_slu,60874.37399768131,16.934102595136128
AF,CLUSTER_440,horse_man,2708.0,16.934102595136128
AF,CLUSTER_447,horse_man,3973.0,83.13256669140296
AF,CLUSTER_448,cattle_man,3200.0,34.99660345190119
AF,CLUSTER_448,horse_man,654.0,34.99660345190119
AF,CLUSTER_450,cattle_man,18270.0,43.679957353466
AF,CLUSTER_473,horse_man,745.0,52.74720791496813
AF,CLUSTER_474,cattle_man,11990.0,23.842868130870187
AF,CLUSTER_493,cattle_man,9040.0,34.25817225453143
AF,CLUSTER_493,horse_man,951.2,34.25817225453143
AF,CLUSTER_516,cattle_man,8820.0,43.19459519893928
AF,CLUSTER_516,horse_man,1178.0,43.19459519893928
AF,CLUSTER_537,horse_man,1468.0,62.23149016331609
AF,CLUSTER_541,cattle_man,4103.0,26.442493371660884
AF,CLUSTER_58,cattle_man,49010.0,8.969948882637581
AF,CLUSTER_58,cattle_slu,201870.0,8.969948882637581
AF,CLUSTER_61,horse_man,2388.0,55.49252284068448
AF,CLUSTER_62,cattle_man,29750.0,43.69093769996538
AF,CLUSTER_67,cattle_man,12270.0,49.65810579825234
AF,CLUSTER_70,horse_man,1087.859,62.19918670846136
AF,CLUSTER_79,horse_man,1933.0,82.1730452743908
AF,CLUSTER_85,cattle_man,17750.0,34.31291042533058
AF,CLUSTER_85,horse_man,2141.0,34.31291042533058
AF,CLUSTER_90,cattle_man,9800.0,32.01893451067042
AF,CLUSTER_90,horse_man,1376.0,32.01893451067042
AF,CLUSTER_92,cattle_man,17416.0,32.48142890204863
AF,CLUSTER_93,cattle_man,44710.0,26.820651272634716
AF,CLUSTER_93,horse_man,4360.0,26.820651272634716
AQ,CLUSTER_10,pig_man,15.9693,165.361190741073
AQ,CLUSTER_102,cattle_man,1724.0,18.3641968416007
AQ,CLUSTER_102,cattle_slu,10771.0,18.3641968416007
AQ,CLUSTER_102,horse_man,961.0,18.3641968416007
AQ,CLUSTER_108,cattle_man,372.4,51.92164655263317
AQ,CLUSTER_108,horse_man,2893.0,51.92164655263317
AQ,CLUSTER_11,cattle_man,3764.1,42.40096460781378
AQ,CLUSTER_11,horse_man,1455.0,42.40096460781378
AQ,CLUSTER_112,cattle_man,13057.0,15.643672743258977
AQ,CLUSTER_112,cattle_slu,95060.0,15.643672743258977
AQ,CLUSTER_112,horse_man,1571.0,15.643672743258977
AQ,CLUSTER_113,cattle_man,1617.0,47.13836537030432
AQ,CLUSTER_113,horse_man,513.4,47.13836537030432
AQ,CLUSTER_114,cattle_man,3025.0,40.745251146792015
AQ,CLUSTER_114,horse_man,632.9,40.745251146792015
AQ,CLUSTER_115,cattle_man,12403.0,38.332909913944135
AQ,CLUSTER_119,pig_man,210.9,144.70095468514194
AQ,CLUSTER_12,cattle_man,6212.0,53.05768385269725
AQ,CLUSTER_12,horse_man,2496.5,53.05768385269725
AQ,CLUSTER_120,cattle_man,10758.0,52.14142694434298
AQ,CLUSTER_120,horse_man,643.23,52.14142694434298
AQ,CLUSTER_133,horse_man,538.3,59.2272481450805
AQ,CLUSTER_134,pig_man,1021.56,120.16995241219652
AQ,CLUSTER_139,pig_man,42.67,136.7975107884249
AQ,CLUSTER_141,horse_man,2815.0,85.89514524177318
AQ,CLUSTER_147,cattle_man,5220.0,34.476475920157895
AQ,CLUSTER_148,horse_man,500.77,87.1884146890231
AQ,CLUSTER_15,horse_man,5057.0,64.65058300349843
AQ,CLUSTER_153,horse_man,1262.5,71.36624480923602
AQ,CLUSTER_154,pig_man,309.885,108.52266163130446
AQ,CLUSTER_156,pig_man,137.8229,155.82592995929173
AQ,CLUSTER_16,pig_man,563.7029,124.45348306314654
AQ,CLUSTER_160,horse_man,2174.2,81.6551780158812
AQ,CLUSTER_161,pig_man,1184.0,127.57429530020896
AQ,CLUSTER_164,pig_man,46.635000000000005,147.7601093537612
AQ,CLUSTER_167,cattle_man,16680.0,39.258384219236575
AQ,CLUSTER_168,cattle_man,4187.0,46.14424089623
AQ,CLUSTER_168,horse_man,2384.0,46.14424089623
AQ,CLUSTER_173,pig_man,64.52416,132.19976691511368
AQ,CLUSTER_177,pig_man,779.21,112.77293053015558
AQ,CLUSTER_179,pig_man,63.56600000000001,136.2108188069449
AQ,CLUSTER_18,cattle_man,14355.0,26.12265883598329
AQ,CLUSTER_181,pig_man,1482.4,114.24250653215992
AQ,CLUSTER_183,pig_man,458.82,132.22195849662282
AQ,CLUSTER_185,cattle_man,4461.0,51.6000980650702
AQ,CLUSTER_185,horse_man,786.4,51.6000980650702
AQ,CLUSTER_188,horse_man,1732.0,85.86170969850097
AQ,CLUSTER_19,cattle_man,13523.0,21.13158714113609
AQ,CLUSTER_19,horse_man,1890.0,21.13158714113609
AQ,CLUSTER_194,horse_man,974.4,79.25106161818073
AQ,CLUSTER_194,pig_man,308.943,79.25106161818073
AQ,CLUSTER_197,cattle_man,6600.0,16.823091512218202
AQ,CLUSTER_197,cattle_slu,30490.0,16.823091512218202
AQ,CLUSTER_199,cattle_man,3629.0,35.58433259684122
AQ,CLUSTER_199,horse_man,704.0,35.58433259684122
AQ,CLUSTER_200,pig_man,508.565,105.5436450544274
AQ,CLUSTER_21,cattle_man,11680.0,5.66317174244701
AQ,CLUSTER_21,cattle_slu,60910.0,5.66317174244701
AQ,CLUSTER_21,horse_man,1242.7,5.66317174244701
AQ,CLUSTER_211,cattle_man,4080.0000000000005,32.3356731333588
AQ,CLUSTER_211,horse_man,442.0,32.3356731333588
AQ,CLUSTER_216,cattle_man,6405.0,26.96274298011504
AQ,CLUSTER_216,horse_man,1391.183,26.96274298011504
AQ,CLUSTER_217,cattle_man,3099.0,51.98748195473367
AQ,CLUSTER_217,horse_man,1360.0,51.98748195473367
AQ,CLUSTER_220,cattle_man,1849.0,29.32664833349084
AQ,CLUSTER_220,horse_man,806.0,29.32664833349084
AQ,CLUSTER_221,cattle_man,8125.0,25.738171981171472
AQ,CLUSTER_221,horse_man,1171.9,25.738171981171472
AQ,CLUSTER_222,horse_man,643.3,58.04204673998709
AQ,CLUSTER_227,cattle_man,7020.0,46.226352505528105
AQ,CLUSTER_232,pig_man,245.34999999999997,117.9416384653976
AQ,CLUSTER_234,cattle_man,28380.0,49.42605532735543
AQ,CLUSTER_236,pig_man,144.7,123.71411363608392
AQ,CLUSTER_238,pig_man,123.38,126.54824493384636
AQ,CLUSTER_24,horse_man,1586.5,94.94632856645411
AQ,CLUSTER_24,pig_man,438.94,94.94632856645411
AQ,CLUSTER_242,horse_man,850.0,91.59552287757757
AQ,CLUSTER_245,cattle_man,13085.0,43.05759660107432
AQ,CLUSTER_245,horse_man,793.9,43.05759660107432
AQ,CLUSTER_246,pig_man,400.322,134.57200213843012
AQ,CLUSTER_247,pig_man,228.0,103.7710308385796
AQ,CLUSTER_249,cattle_man,9836.0,33.86822660349475
AQ,CLUSTER_25,cattle_man,2469.58,43.26862530629476
AQ,CLUSTER_25,horse_man,395.1,43.26862530629476
AQ,CLUSTER_251,pig_man,335.71000000000004,146.60196449679265
AQ,CLUSTER_255,cattle_man,5100.0,52.61670292151526
AQ,CLUSTER_255,horse_man,1720.5,52.61670292151526
AQ,CLUSTER_259,cattle_man,11538.0,49.19072010809133
AQ,CLUSTER_261,cattle_man,10670.0,16.330558179208893
AQ,CLUSTER_261,cattle_slu,38770.0,16.330558179208893
AQ,CLUSTER_262,cattle_man,7320.0,51.71742349483958
AQ,CLUSTER_265,cattle_man,1417.0,42.49479987699155
AQ,CLUSTER_265,horse_man,1119.1,42.49479987699155
AQ,CLUSTER_269,cattle_man,10313.0,11.683170685014938
AQ,CLUSTER_269,cattle_slu,70838.0,11.683170685014938
AQ,CLUSTER_269,horse_man,2387.8,11.683170685014938
AQ,CLUSTER_271,pig_man,831.7,115.40701916906124
AQ,CLUSTER_272,horse_man,1033.0,63.827104296137485
AQ,CLUSTER_277,pig_man,203.959,141.9938134754158
AQ,CLUSTER_283,pig_man,1637.37,115.22897886443464
AQ,CLUSTER_286,cattle_man,4579.0,47.99647779945615
AQ,CLUSTER_286,horse_man,502.1,47.99647779945615
AQ,CLUSTER_289,horse_man,747.4,83.03987900447918
AQ,CLUSTER_289,pig_man,222.68,83.03987900447918
AQ,CLUSTER_293,horse_man,504.0,65.56444995261884
AQ,CLUSTER_293,pig_man,338.2269,65.56444995261884
AQ,CLUSTER_298,horse_man,591.0,83.11662571973636
AQ,CLUSTER_299,cattle_man,4359.0,14.62335141507426
AQ,CLUSTER_299,cattle_slu,20499.0,14.62335141507426
AQ,CLUSTER_299,horse_man,817.8,14.62335141507426
AQ,CLUSTER_30,pig_man,2280.0,108.83437848356807
AQ,CLUSTER_307,cattle_man,3600.0,38.692574576530106
AQ,CLUSTER_307,horse_man,1101.0,38.692574576530106
AQ,CLUSTER_309,cattle_man,7630.0,26.188639501175327
AQ,CLUSTER_309,horse_man,240.3,26.188639501175327
AQ,CLUSTER_314,pig_man,452.226,109.02457124844302
AQ,CLUSTER_317,horse_man,217.4,92.10668638867229
AQ,CLUSTER_317,pig_man,92.31,92.10668638867229
AQ,CLUSTER_32,cattle_man,20691.0,46.12203782444664
AQ,CLUSTER_320,pig_man,16.0,106.60254659824956
AQ,CLUSTER_322,horse_man,1355.0,72.7143812678698
AQ,CLUSTER_326,horse_man,1285.4,70.31492535317956
AQ,CLUSTER_326,pig_man,707.3,70.31492535317956
AQ,CLUSTER_327,horse_man,336.5,67.69642646780076
AQ,CLUSTER_328,horse_man,333.38,93.4129442085166
AQ,CLUSTER_328,pig_man,824.57,93.4129442085166
AQ,CLUSTER_331,cattle_man,5700.0,33.863117327046496
AQ,CLUSTER_331,horse_man,3020.0,33.863117327046496
AQ,CLUSTER_332,pig_man,132.8458,138.0624176967707
AQ,CLUSTER_335,cattle_man,4820.0,21.05033528269575
AQ,CLUSTER_335,horse_man,3071.0,21.05033528269575
AQ,CLUSTER_336,pig_man,552.236,121.32311049758609
AQ,CLUSTER_346,horse_man,804.6,58.28812077243532
AQ,CLUSTER_347,cattle_man,674.0,50.961087929308285
AQ,CLUSTER_347,horse_man,826.5,50.961087929308285
AQ,CLUSTER_348,pig_man,264.2,96.37959542803264
AQ,CLUSTER_351,horse_man,1500.0,92.24002961438188
AQ,CLUSTER_357,cattle_man,11532.0,27.276706898298155
AQ,CLUSTER_358,cattle_man,8329.0,24.468798705554654
AQ,CLUSTER_358,horse_man,586.9,24.468798705554654
AQ,CLUSTER_359,cattle_man,361.0113475589483,56.5400061833369
AQ,CLUSTER_359,horse_man,362.1,56.5400061833369
AQ,CLUSTER_36,horse_man,1610.7,62.95180047344892
AQ,CLUSTER_36,pig_man,1634.0,62.95180047344892
AQ,CLUSTER_361,pig_man,900.0,125.4828059134149
AQ,CLUSTER_367,horse_man,1169.9,67.61610058044636
AQ,CLUSTER_367,pig_man,1184.2,67.61610058044636
AQ,CLUSTER_38,horse_man,253.79999999999998,92.51588778847388
AQ,CLUSTER_38,pig_man,315.61,92.51588778847388
AQ,CLUSTER_380,cattle_man,6580.0,29.622471643466945
AQ,CLUSTER_380,horse_man,1242.0,29.622471643466945
AQ,CLUSTER_381,horse_man,1692.89,73.12744778460481
AQ,CLUSTER_384,cattle_man,3170.0,33.32664186271655
AQ,CLUSTER_384,horse_man,619.0,33.32664186271655
AQ,CLUSTER_387,cattle_man,7795.0,42.21323935940453
AQ,CLUSTER_389,pig_man,58.461,107.39313832670692
AQ,CLUSTER_395,horse_man,552.0799999999999,78.8706757313714
AQ,CLUSTER_4,pig_man,730.49,98.37679813562715
AQ,CLUSTER_40,cattle_man,5321.0,42.47331774754522
AQ,CLUSTER_40,horse_man,2457.6,42.47331774754522
AQ,CLUSTER_401,cattle_man,1666.8,51.870374477841466
AQ,CLUSTER_401,horse_man,929.5,51.870374477841466
AQ,CLUSTER_404,horse_man,1860.0,84.26088120704837
AQ,CLUSTER_405,pig_man,1316.0,102.99016449282747
AQ,CLUSTER_41,cattle_man,390.8,56.19452095633976
AQ,CLUSTER_41,horse_man,2108.8,56.19452095633976
AQ,CLUSTER_410,pig_man,261.9019,133.60708945561043
AQ,CLUSTER_413,cattle_man,8790.0,39.6180093434405
AQ,CLUSTER_414,cattle_man,13020.0,13.022845255377009
AQ,CLUSTER_414,cattle_slu,62810.00000000001,13.022845255377009
AQ,CLUSTER_414,horse_man,1048.1,13.022845255377009
AQ,CLUSTER_417,pig_man,197.25,99.4126168052148
AQ,CLUSTER_418,horse_man,144.9,69.4853329743618
AQ,CLUSTER_418,pig_man,116.425,69.4853329743618
AQ,CLUSTER_419,cattle_man,2304.0,25.578862776132137
AQ,CLUSTER_419,horse_man,791.0,25.578862776132137
AQ,CLUSTER_420,horse_man,315.77,94.3554325679972
AQ,CLUSTER_420,pig_man,412.5,94.3554325679972
AQ,CLUSTER_421,horse_man,802.6,66.47311949515581
AQ,CLUSTER_424,pig_man,185.966,147.46445635822823
AQ,CLUSTER_425,cattle_man,2512.95,48.63631966298647
AQ,CLUSTER_425,horse_man,526.6,48.63631966298647
AQ,CLUSTER_430,pig_man,159.375,121.6967875011534
AQ,CLUSTER_435,horse_man,1508.0,78.94748704394824
AQ,CLUSTER_437,cattle_man,8510.0,3.61191412666802
AQ,CLUSTER_437,cattle_slu,64299.99999999999,3.61191412666802
AQ,CLUSTER_437,horse_man,938.0,3.61191412666802
AQ,CLUSTER_437,pig_slu,805.1,3.61191412666802
AQ,CLUSTER_438,cattle_man,3331.0,29.222309635470268
AQ,CLUSTER_444,cattle_man,2690.0,39.08241303506373
AQ,CLUSTER_444,horse_man,379.2,39.08241303506373
AQ,CLUSTER_445,pig_man,3700.0,121.75276575610296
AQ,CLUSTER_449,pig_man,577.091,120.3795635323008
AQ,CLUSTER_455,horse_man,810.1,77.07378168070139
AQ,CLUSTER_455,pig_man,488.40999999999997,77.07378168070139
AQ,CLUSTER_46,horse_man,2237.0,69.81377843161167
AQ,CLUSTER_460,pig_man,189.907,132.36323017055005
AQ,CLUSTER_461,cattle_man,3302.0,44.77647297555342
AQ,CLUSTER_461,horse_man,1385.0,44.77647297555342
AQ,CLUSTER_462,pig_man,169.4,123.12507149391271
AQ,CLUSTER_465,horse_man,1448.0,56.80611989015269
AQ,CLUSTER_467,horse_man,266.5,76.69326826004935
AQ,CLUSTER_467,pig_man,1040.9,76.69326826004935
AQ,CLUSTER_468,horse_man,11.2,61.87803827754072
AQ,CLUSTER_471,cattle_man,292.0,16.048079931905583
AQ,CLUSTER_471,cattle_slu,1307.0,16.048079931905583
AQ,CLUSTER_471,horse_man,250.50000000000003,16.048079931905583
AQ,CLUSTER_475,cattle_man,3878.0,36.524186497228456
AQ,CLUSTER_475,horse_man,665.9,36.524186497228456
AQ,CLUSTER_476,horse_man,492.00000000000006,76.49841847782264
AQ,CLUSTER_483,pig_man,2458.9,119.09837992265716
AQ,CLUSTER_486,pig_man,772.0,118.17876192886416
AQ,CLUSTER_487,pig_man,299.25,116.2941007825574
AQ,CLUSTER_49,pig_man,231.961,115.82459304297194
AQ,CLUSTER_491,pig_man,236.64,102.60499388145143
AQ,CLUSTER_494,pig_man,566.9,133.4522137100259
AQ,CLUSTER_497,pig_man,347.9,149.52160990929357
AQ,CLUSTER_506,horse_man,529.0,87.03214835843957
AQ,CLUSTER_506,pig_man,228.0325,87.03214835843957
AQ,CLUSTER_510,cattle_man,2238.5,52.46185412510515
AQ,CLUSTER_510,horse_man,1319.0,52.46185412510515
AQ,CLUSTER_512,cattle_man,5080.0,41.90974558108009
AQ,CLUSTER_517,horse_man,372.7,75.29435657715759
AQ,CLUSTER_518,cattle_man,9270.0,35.35411576203908
AQ,CLUSTER_518,horse_man,1313.0,35.35411576203908
AQ,CLUSTER_522,cattle_man,6580.0,36.313227130099975
AQ,CLUSTER_522,horse_man,288.1,36.313227130099975
AQ,CLUSTER_524,horse_man,1677.6,56.84109511432892
AQ,CLUSTER_525,horse_man,29.06,82.54074316227353
AQ,CLUSTER_525,pig_man,24.965,82.54074316227353
AQ,CLUSTER_526,horse_man,485.0,82.80824583697179
AQ,CLUSTER_526,pig_man,141.0,82.80824583697179
AQ,CLUSTER_529,cattle_man,7480.0,33.23799450048102
AQ,CLUSTER_535,horse_man,706.0,66.43421374376653
AQ,CLUSTER_535,pig_man,303.3,66.43421374376653
AQ,CLUSTER_536,cattle_man,3358.0,44.549385707638685
AQ,CLUSTER_538,pig_man,151.197,124.66847803244592
AQ,CLUSTER_539,cattle_man,2743.0,42.464582119138754
AQ,CLUSTER_539,horse_man,433.0,42.464582119138754
AQ,CLUSTER_55,cattle_man,3272.0,53.4090327104564
AQ,CLUSTER_55,horse_man,3076.3,53.4090327104564
AQ,CLUSTER_59,cattle_man,5668.0,39.75586848105966
AQ,CLUSTER_66,pig_man,180.310571,126.06442234189436
AQ,CLUSTER_72,horse_man,4938.0,85.5000820062147
AQ,CLUSTER_75,pig_man,1113.72,106.36447488094394
AQ,CLUSTER_76,horse_man,2263.0,94.07873967302854
AQ,CLUSTER_80,pig_man,275.303,113.7080714891972
AQ,CLUSTER_87,pig_man,544.04,132.34372801528372
AQ,CLUSTER_88,horse_man,1496.2,71.9740382320705
AQ,CLUSTER_95,pig_man,778.92,100.11669345550936
AQ,CLUSTER_96,horse_man,2943.838,73.48045782486446
AQ,CLUSTER_97,pig_man,302.6467,128.45205048731503
AQ,CLUSTER_98,cattle_man,5002.1,32.71922368390798
AQ,CLUSTER_98,horse_man,673.1,32.71922368390798
AC,CLUSTER_10,horse_man,1392.2,56.05727101591092
AC,CLUSTER_119,horse_man,1764.0,52.99469429501734
AC,CLUSTER_134,cattle_man,8431.4,12.818026757375982
AC,CLUSTER_134,horse_man,721.52,12.818026757375982
AC,CLUSTER_134,maize_str,712.3,12.818026757375982
AC,CLUSTER_134,beet_leaf,32079.999999999996,12.818026757375982
AC,CLUSTER_134,rape_str,1039.3,12.818026757375982
AC,CLUSTER_134,legume_str,277.13,12.818026757375982
AC,CLUSTER_139,cattle_man,3032.51,27.65253575589739
AC,CLUSTER_139,horse_man,980.3,27.65253575589739
AC,CLUSTER_139,rape_str,1083.5,27.65253575589739
AC,CLUSTER_139,legume_str,570.9,27.65253575589739
AC,CLUSTER_148,maize_str,21.2,35.00957648899134
AC,CLUSTER_148,rape_str,856.0,35.00957648899134
AC,CLUSTER_148,legume_str,71.2,35.00957648899134
AC,CLUSTER_153,rape_str,2865.0,39.1817965179331
AC,CLUSTER_153,legume_str,465.2,39.1817965179331
AC,CLUSTER_154,cattle_man,5634.1,12.567433976146711
AC,CLUSTER_154,horse_man,347.6,12.567433976146711
AC,CLUSTER_154,maize_str,84.14,12.567433976146711
AC,CLUSTER_154,beet_leaf,15730.000000000002,12.567433976146711
AC,CLUSTER_154,rape_str,1500.8,12.567433976146711
AC,CLUSTER_154,legume_str,348.1,12.567433976146711
AC,CLUSTER_156,horse_man,1144.7,46.362641926520745
AC,CLUSTER_156,rape_str,1599.0,46.362641926520745
AC,CLUSTER_156,legume_str,342.4,46.362641926520745
AC,CLUSTER_158,horse_man,253.79999999999998,49.6892750413891
AC,CLUSTER_158,rape_str,44.4,49.6892750413891
AC,CLUSTER_158,legume_str,41.66,49.6892750413891
AC,CLUSTER_16,cattle_man,11750.6,15.377576807121674
AC,CLUSTER_16,horse_man,1532.4,15.377576807121674
AC,CLUSTER_16,maize_str,361.46,15.377576807121674
AC,CLUSTER_16,beet_leaf,16749.9,15.377576807121674
AC,CLUSTER_16,rape_str,1459.3,15.377576807121674
AC,CLUSTER_16,legume_str,320.2,15.377576807121674
AC,CLUSTER_160,legume_str,109.73,50.38104622388099
AC,CLUSTER_161,horse_man,429.62,52.90371379050776
AC,CLUSTER_164,horse_man,1264.0,48.18471366302186
AC,CLUSTER_164,rape_str,740.0,48.18471366302186
AC,CLUSTER_164,legume_str,154.5,48.18471366302186
AC,CLUSTER_170,horse_man,782.0,51.85334899484021
AC,CLUSTER_173,horse_man,973.0,55.52920794374829
AC,CLUSTER_177,horse_man,285.4,41.833146908380506
AC,CLUSTER_177,rape_str,3337.0,41.833146908380506
AC,CLUSTER_177,legume_str,144.7,41.833146908380506
AC,CLUSTER_179,horse_man,1139.0,50.37724799961037
AC,CLUSTER_179,legume_str,197.6,50.37724799961037
AC,CLUSTER_181,cattle_man,10934.199,21.79626183791107
AC,CLUSTER_181,horse_man,824.1,21.79626183791107
AC,CLUSTER_181,maize_str,737.8,21.79626183791107
AC,CLUSTER_181,rape_str,425.5,21.79626183791107
AC,CLUSTER_181,legume_str,393.5,21.79626183791107
AC,CLUSTER_194,maize_str,238.4,34.69613293277254
AC,CLUSTER_194,rape_str,1397.0,34.69613293277254
AC,CLUSTER_194,legume_str,213.55,34.69613293277254
AC,CLUSTER_200,horse_man,797.9,53.32152011031648
AC,CLUSTER_236,cattle_man,1177.4,31.975308361245897
AC,CLUSTER_236,horse_man,1045.5,31.975308361245897
AC,CLUSTER_236,maize_str,46.4,31.975308361245897
AC,CLUSTER_236,rape_str,1247.0,31.975308361245897
AC,CLUSTER_236,legume_str,601.1,31.975308361245897
AC,CLUSTER_24,cattle_man,15326.0,23.362245218814284
AC,CLUSTER_24,maize_str,610.37,23.362245218814284
AC,CLUSTER_24,rape_str,4848.0,23.362245218814284
AC,CLUSTER_24,legume_str,769.8,23.362245218814284
AC,CLUSTER_242,rape_str,1229.6,48.92320304988635
AC,CLUSTER_242,legume_str,233.5,48.92320304988635
AC,CLUSTER_246,cattle_man,2279.3,27.1651855635368
AC,CLUSTER_246,horse_man,1160.4,27.1651855635368
AC,CLUSTER_246,maize_str,156.3,27.1651855635368
AC,CLUSTER_246,rape_str,1181.0,27.1651855635368
AC,CLUSTER_246,legume_str,345.0,27.1651855635368
AC,CLUSTER_247,cattle_man,2871.0,32.14686018085787
AC,CLUSTER_247,horse_man,632.0,32.14686018085787
AC,CLUSTER_247,maize_str,161.1,32.14686018085787
AC,CLUSTER_247,rape_str,3410.0,32.14686018085787
AC,CLUSTER_247,legume_str,474.1,32.14686018085787
AC,CLUSTER_251,horse_man,239.3,37.13147493827821
AC,CLUSTER_251,maize_str,70.9,37.13147493827821
AC,CLUSTER_251,rape_str,2183.0,37.13147493827821
AC,CLUSTER_251,legume_str,633.1999999999999,37.13147493827821
AC,CLUSTER_260,pig_man,45.446,73.95584718453709
AC,CLUSTER_275,horse_man,564.0,36.577638497111096
AC,CLUSTER_275,maize_str,130.5,36.577638497111096
AC,CLUSTER_275,rape_str,2420.0,36.577638497111096
AC,CLUSTER_275,legume_str,322.6,36.577638497111096
AC,CLUSTER_277,horse_man,872.3,35.77982043851394
AC,CLUSTER_277,maize_str,52.900000000000006,35.77982043851394
AC,CLUSTER_277,rape_str,2519.0,35.77982043851394
AC,CLUSTER_277,legume_str,748.8,35.77982043851394
AC,CLUSTER_283,cattle_man,4490.4,5.902713095479375
AC,CLUSTER_283,cattle_slu,6544.7,5.902713095479375
AC,CLUSTER_283,horse_man,349.112,5.902713095479375
AC,CLUSTER_283,clover_alfalfa_grass,4311.0,5.902713095479375
AC,CLUSTER_283,maize_str,483.1,5.902713095479375
AC,CLUSTER_283,beet_leaf,20320.0,5.902713095479375
AC,CLUSTER_283,rape_str,1599.65,5.902713095479375
AC,CLUSTER_283,legume_str,287.6,5.902713095479375
AC,CLUSTER_289,cattle_man,2928.51287,29.70476099784868
AC,CLUSTER_289,maize_str,455.8,29.70476099784868
AC,CLUSTER_289,rape_str,1516.0,29.70476099784868
AC,CLUSTER_289,legume_str,485.4,29.70476099784868
AC,CLUSTER_293,legume_str,195.85,51.179032030967385
AC,CLUSTER_298,cattle_man,6560.0,26.914452846728977
AC,CLUSTER_298,maize_str,131.71,26.914452846728977
AC,CLUSTER_298,rape_str,1018.0,26.914452846728977
AC,CLUSTER_298,legume_str,191.9,26.914452846728977
AC,CLUSTER_30,horse_man,478.27,37.96343336774567
AC,CLUSTER_30,maize_str,530.4,37.96343336774567
AC,CLUSTER_30,rape_str,844.0,37.96343336774567
AC,CLUSTER_30,legume_str,592.4,37.96343336774567
AC,CLUSTER_310,pig_man,67.1,70.22643783198556
AC,CLUSTER_314,horse_man,639.0,53.09938988662477
AC,CLUSTER_317,legume_str,236.2,50.83000317995785
AC,CLUSTER_320,cattle_man,1036.0,23.273862667387963
AC,CLUSTER_320,horse_man,151.8,23.273862667387963
AC,CLUSTER_320,maize_str,24.130000000000003,23.273862667387963
AC,CLUSTER_320,rape_str,1162.3,23.273862667387963
AC,CLUSTER_320,legume_str,113.12,23.273862667387963
AC,CLUSTER_325,pig_man,710.15139,81.08803492477195
AC,CLUSTER_328,rape_str,1819.0,40.74964965210505
AC,CLUSTER_328,legume_str,524.0,40.74964965210505
AC,CLUSTER_332,cattle_man,620.3,28.37420637666374
AC,CLUSTER_332,horse_man,404.6,28.37420637666374
AC,CLUSTER_332,maize_str,50.4,28.37420637666374
AC,CLUSTER_332,rape_str,1546.9,28.37420637666374
AC,CLUSTER_332,legume_str,553.2,28.37420637666374
AC,CLUSTER_334,pig_man,214.22,86.92122885185525
AC,CLUSTER_336,cattle_man,9570.0,19.104133502159254
AC,CLUSTER_336,horse_man,579.9,19.104133502159254
AC,CLUSTER_336,maize_str,516.74,19.104133502159254
AC,CLUSTER_336,beet_leaf,24605.2,19.104133502159254
AC,CLUSTER_336,rape_str,912.3,19.104133502159254
AC,CLUSTER_336,legume_str,270.07,19.104133502159254
AC,CLUSTER_348,cattle_man,2194.0,21.87878814458621
AC,CLUSTER_348,horse_man,429.0,21.87878814458621
AC,CLUSTER_348,maize_str,65.0,21.87878814458621
AC,CLUSTER_348,rape_str,718.0,21.87878814458621
AC,CLUSTER_348,legume_str,156.9,21.87878814458621
AC,CLUSTER_361,cattle_man,4111.29,30.022818668202248
AC,CLUSTER_361,horse_man,200.3,30.022818668202248
AC,CLUSTER_361,maize_str,579.6,30.022818668202248
AC,CLUSTER_361,rape_str,169.4,30.022818668202248
AC,CLUSTER_361,legume_str,175.4,30.022818668202248
AC,CLUSTER_38,cattle_man,6536.0,17.65526444318084
AC,CLUSTER_38,maize_str,30.0,17.65526444318084
AC,CLUSTER_38,beet_leaf,1765.0,17.65526444318084
AC,CLUSTER_38,rape_str,891.0,17.65526444318084
AC,CLUSTER_38,legume_str,159.5,17.65526444318084
AC,CLUSTER_389,cattle_man,790.9,4.433811967554643
AC,CLUSTER_389,cattle_slu,250.0,4.433811967554643
AC,CLUSTER_389,horse_man,483.0,4.433811967554643
AC,CLUSTER_389,clover_alfalfa_grass,3283.6,4.433811967554643
AC,CLUSTER_389,maize_str,132.9,4.433811967554643
AC,CLUSTER_389,beet_leaf,8760.0,4.433811967554643
AC,CLUSTER_389,rape_str,826.81,4.433811967554643
AC,CLUSTER_389,legume_str,294.0,4.433811967554643
AC,CLUSTER_395,rape_str,1105.0,40.80327134139876
AC,CLUSTER_395,legume_str,73.81,40.80327134139876
AC,CLUSTER_4,cattle_man,20439.0,12.239941185500232
AC,CLUSTER_4,horse_man,2532.2,12.239941185500232
AC,CLUSTER_4,maize_str,287.90000000000003,12.239941185500232
AC,CLUSTER_4,beet_leaf,8998.6,12.239941185500232
AC,CLUSTER_4,rape_str,2234.4,12.239941185500232
AC,CLUSTER_4,legume_str,531.23,12.239941185500232
AC,CLUSTER_405,cattle_man,3574.0,27.93795887923317
AC,CLUSTER_405,horse_man,311.8,27.93795887923317
AC,CLUSTER_405,maize_str,43.2,27.93795887923317
AC,CLUSTER_405,rape_str,758.7,27.93795887923317
AC,CLUSTER_405,legume_str,321.95,27.93795887923317
AC,CLUSTER_410,horse_man,808.4,39.35822971259149
AC,CLUSTER_410,rape_str,2374.0,39.35822971259149
AC,CLUSTER_410,legume_str,361.8,39.35822971259149
AC,CLUSTER_417,cattle_man,11640.0,13.032905080408725
AC,CLUSTER_417,horse_man,430.8,13.032905080408725
AC,CLUSTER_417,maize_str,88.36,13.032905080408725
AC,CLUSTER_417,beet_leaf,12800.0,13.032905080408725
AC,CLUSTER_417,rape_str,677.4,13.032905080408725
AC,CLUSTER_417,legume_str,179.52,13.032905080408725
AC,CLUSTER_418,rape_str,1244.0,42.77735030790592
AC,CLUSTER_418,legume_str,130.8,42.77735030790592
AC,CLUSTER_420,maize_str,18.3,38.14475866060643
AC,CLUSTER_420,rape_str,472.0,38.14475866060643
AC,CLUSTER_420,legume_str,308.5,38.14475866060643
AC,CLUSTER_421,rape_str,740.8,47.89957752482319
AC,CLUSTER_421,legume_str,191.0,47.89957752482319
AC,CLUSTER_424,horse_man,879.04,38.12684059550613
AC,CLUSTER_424,maize_str,42.1,38.12684059550613
AC,CLUSTER_424,rape_str,2239.8,38.12684059550613
AC,CLUSTER_424,legume_str,524.5,38.12684059550613
AC,CLUSTER_426,pig_man,46.733,78.2044014873284
AC,CLUSTER_430,horse_man,480.0,54.40422936669167
AC,CLUSTER_445,horse_man,58.691,41.142315950933146
AC,CLUSTER_445,rape_str,1059.0,41.142315950933146
AC,CLUSTER_445,legume_str,171.5,41.142315950933146
AC,CLUSTER_455,rape_str,1213.0,48.95620075651154
AC,CLUSTER_455,legume_str,362.4,48.95620075651154
AC,CLUSTER_46,rape_str,1841.4,40.06674807895632
AC,CLUSTER_46,legume_str,245.43999999999997,40.06674807895632
AC,CLUSTER_462,horse_man,386.0,57.61538207269331
AC,CLUSTER_468,rape_str,574.4,48.20138492730279
AC,CLUSTER_468,legume_str,142.73,48.20138492730279
AC,CLUSTER_483,cattle_man,2116.9,32.27629024765568
AC,CLUSTER_483,horse_man,289.75,32.27629024765568
AC,CLUSTER_483,maize_str,387.2,32.27629024765568
AC,CLUSTER_483,rape_str,440.9,32.27629024765568
AC,CLUSTER_483,legume_str,415.5,32.27629024765568
AC,CLUSTER_486,horse_man,429.2,49.298284526083016
AC,CLUSTER_486,rape_str,303.0,49.298284526083016
AC,CLUSTER_486,legume_str,57.1,49.298284526083016
AC,CLUSTER_487,cattle_man,16400.0,19.726384971354506
AC,CLUSTER_487,horse_man,431.5,19.726384971354506
AC,CLUSTER_487,maize_str,637.4,19.726384971354506
AC,CLUSTER_487,beet_leaf,4913.064865469136,19.726384971354506
AC,CLUSTER_487,rape_str,1529.0,19.726384971354506
AC,CLUSTER_487,legume_str,702.12,19.726384971354506
AC,CLUSTER_49,cattle_man,15490.0,31.788051974287825
AC,CLUSTER_49,horse_man,1710.1,31.788051974287825
AC,CLUSTER_49,maize_str,516.3,31.788051974287825
AC,CLUSTER_49,rape_str,2778.0,31.788051974287825
AC,CLUSTER_49,legume_str,470.832,31.788051974287825
AC,CLUSTER_491,horse_man,277.6,42.80831726721812
AC,CLUSTER_491,rape_str,1665.0,42.80831726721812
AC,CLUSTER_491,legume_str,275.7,42.80831726721812
AC,CLUSTER_494,horse_man,104.9,37.89180744288675
AC,CLUSTER_494,maize_str,343.7,37.89180744288675
AC,CLUSTER_494,rape_str,500.2,37.89180744288675
AC,CLUSTER_494,legume_str,89.8,37.89180744288675
AC,CLUSTER_497,horse_man,138.1,42.00907316690835
AC,CLUSTER_497,rape_str,1290.0,42.00907316690835
AC,CLUSTER_497,legume_str,206.1,42.00907316690835
AC,CLUSTER_506,maize_str,146.4,36.17812801562913
AC,CLUSTER_506,rape_str,1143.0,36.17812801562913
AC,CLUSTER_506,legume_str,340.0,36.17812801562913
AC,CLUSTER_517,rape_str,729.3,41.60888893025875
AC,CLUSTER_517,legume_str,119.6,41.60888893025875
AC,CLUSTER_530,pig_man,84.5,61.65616485968727
AC,CLUSTER_532,horse_man,177.7,49.21976800169242
AC,CLUSTER_532,rape_str,590.2,49.21976800169242
AC,CLUSTER_532,legume_str,85.86,49.21976800169242
AC,CLUSTER_538,horse_man,768.4,43.12976931395404
AC,CLUSTER_538,rape_str,957.0,43.12976931395404
AC,CLUSTER_538,legume_str,213.05,43.12976931395404
AC,CLUSTER_56,pig_man,427.76,68.87244144755775
AC,CLUSTER_60,pig_man,45.1582,71.76435599462052
AC,CLUSTER_75,cattle_man,15511.3,14.621227960172902
AC,CLUSTER_75,horse_man,1454.5,14.621227960172902
AC,CLUSTER_75,maize_str,550.06,14.621227960172902
AC,CLUSTER_75,beet_leaf,6044.0,14.621227960172902
AC,CLUSTER_75,rape_str,1046.1,14.621227960172902
AC,CLUSTER_75,legume_str,172.5,14.621227960172902
AC,CLUSTER_80,horse_man,210.9,51.16022126170169
AC,CLUSTER_80,legume_str,346.7,51.16022126170169
AC,CLUSTER_87,cattle_man,23670.0,29.58140733855816
AC,CLUSTER_87,horse_man,362.10543,29.58140733855816
AC,CLUSTER_87,maize_str,676.6,29.58140733855816
AC,CLUSTER_87,rape_str,922.9,29.58140733855816
AC,CLUSTER_87,legume_str,729.0,29.58140733855816
AC,CLUSTER_88,legume_str,227.87,50.45245918828601
AC,CLUSTER_97,cattle_man,4494.0,24.494480129654477
AC,CLUSTER_97,horse_man,1266.8,24.494480129654477
AC,CLUSTER_97,maize_str,150.8,24.494480129654477
AC,CLUSTER_97,rape_str,3629.0,24.494480129654477
AC,CLUSTER_97,legume_str,684.7,24.494480129654477
Y,CLUSTER_124,cattle_man,20030.0,6.601211199133951
Y,CLUSTER_124,cattle_slu,117600.0,6.601211199133951
Y,CLUSTER_124,horse_man,2749.0,6.601211199133951
Y,CLUSTER_146,cattle_man,2485.0,24.959885603045983
Y,CLUSTER_159,cattle_man,8440.0,22.320373457575062
Y,CLUSTER_189,cattle_man,4488.98,44.39232696775594
Y,CLUSTER_193,cattle_man,1113.0,37.87406992228329
Y,CLUSTER_196,cattle_man,17380.0,19.73628029173549
Y,CLUSTER_196,horse_man,1807.0,19.73628029173549
Y,CLUSTER_202,cattle_man,16100.0,33.491370023937534
Y,CLUSTER_214,cattle_man,24580.0,15.407796382162305
Y,CLUSTER_214,cattle_slu,147600.0,15.407796382162305
Y,CLUSTER_214,horse_man,1119.6,15.407796382162305
Y,CLUSTER_225,cattle_man,6770.0,36.028564325506935
Y,CLUSTER_228,cattle_man,10463.0,31.43626049005368
Y,CLUSTER_233,cattle_man,5430.0,44.63598475309391
Y,CLUSTER_250,cattle_man,8735.82,26.25703111099109
Y,CLUSTER_258,cattle_man,16820.0,6.419214469917624
Y,CLUSTER_258,cattle_slu,98070.0,6.419214469917624
Y,CLUSTER_258,horse_man,1914.0,6.419214469917624
Y,CLUSTER_270,cattle_man,9712.0,45.926422602575286
Y,CLUSTER_273,cattle_man,6690.0,51.29474223482429
Y,CLUSTER_276,cattle_man,3122.0,17.36748237987309
Y,CLUSTER_276,cattle_slu,20060.0,17.36748237987309
Y,CLUSTER_276,horse_man,1192.0,17.36748237987309
Y,CLUSTER_282,cattle_man,10020.0,27.617659580445004
Y,CLUSTER_285,cattle_man,15869.999999999998,38.64326462382501
Y,CLUSTER_291,cattle_man,2457.376,33.461004548554925
Y,CLUSTER_292,cattle_man,8900.0,37.53855878260051
Y,CLUSTER_296,cattle_man,6573.0,15.158910988981662
Y,CLUSTER_296,cattle_slu,37120.0,15.158910988981662
Y,CLUSTER_402,cattle_man,1505.0,43.88944141250537
Y,CLUSTER_416,cattle_man,553.9,22.633727368931485
Y,CLUSTER_416,horse_man,387.2,22.633727368931485
Y,CLUSTER_442,cattle_man,14580.0,10.05213857786478
Y,CLUSTER_442,cattle_slu,90800.0,10.05213857786478
Y,CLUSTER_442,horse_man,2096.0,10.05213857786478
Y,CLUSTER_456,cattle_man,18.534,42.326072404930514
Y,CLUSTER_457,cattle_man,11400.0,11.006121885726694
Y,CLUSTER_457,cattle_slu,64960.00000000001,11.006121885726694
Y,CLUSTER_457,horse_man,1512.5,11.006121885726694
Y,CLUSTER_513,cattle_man,2780.0,36.72428840791412
Y,CLUSTER_514,cattle_man,11580.0,17.889756941267905
Y,CLUSTER_514,cattle_slu,60210.0,17.889756941267905
Y,CLUSTER_514,horse_man,1246.0,17.889756941267905
Y,CLUSTER_528,cattle_man,7939.999999999999,14.79064400221564
Y,CLUSTER_528,cattle_slu,44500.0,14.79064400221564
Y,CLUSTER_528,horse_man,1337.0,14.79064400221564
Y,CLUSTER_537,cattle_man,2682.0,43.59686883068499
Y,CLUSTER_540,cattle_man,2510.0,18.95428066433217
Y,CLUSTER_540,horse_man,1390.0,18.95428066433217
Y,CLUSTER_547,cattle_man,10790.0,17.99949648059068
Y,CLUSTER_547,cattle_slu,12826.39298766719,17.99949648059068
Y,CLUSTER_549,cattle_man,6580.0,25.78168167892133
Y,CLUSTER_68,cattle_man,2715.3,47.02700855287416
Y,CLUSTER_79,cattle_man,15570.0,24.67143947626194
AB,CLUSTER_100,cattle_man,9536.0,24.50594489042984
AB,CLUSTER_100,maize_str,6753.0,24.50594489042984
AB,CLUSTER_100,rape_str,1247.0,24.50594489042984
AB,CLUSTER_100,legume_str,592.6,24.50594489042984
AB,CLUSTER_104,rape_str,732.1,43.047725768591405
AB,CLUSTER_104,legume_str,171.70000000000002,43.047725768591405
AB,CLUSTER_116,horse_man,1252.0,39.15492022268506
AB,CLUSTER_116,rape_str,1331.7,39.15492022268506
AB,CLUSTER_116,legume_str,256.53,39.15492022268506
AB,CLUSTER_126,cattle_man,6163.0,14.667830995120772
AB,CLUSTER_126,maize_str,6491.0,14.667830995120772
AB,CLUSTER_126,beet_leaf,6252.0,14.667830995120772
AB,CLUSTER_126,rape_str,2381.0,14.667830995120772
AB,CLUSTER_126,legume_str,544.6,14.667830995120772
AB,CLUSTER_131,cattle_man,9440.0,8.445711036531295
AB,CLUSTER_131,cattle_slu,41960.0,8.445711036531295
AB,CLUSTER_131,maize_str,4594.0,8.445711036531295
AB,CLUSTER_131,beet_leaf,2747.0,8.445711036531295
AB,CLUSTER_131,rape_str,1908.0,8.445711036531295
AB,CLUSTER_131,legume_str,1003.9999999999999,8.445711036531295
AB,CLUSTER_142,legume_str,157.6,40.559404435535086
AB,CLUSTER_165,cattle_slu,37970.0,8.450202563652567
AB,CLUSTER_165,maize_str,1640.0,8.450202563652567
AB,CLUSTER_165,beet_leaf,673.0,8.450202563652567
AB,CLUSTER_165,rape_str,1507.0,8.450202563652567
AB,CLUSTER_165,legume_str,854.0,8.450202563652567
AB,CLUSTER_180,cattle_man,2402.6,26.59940226062212
AB,CLUSTER_180,rape_str,2510.0,26.59940226062212
AB,CLUSTER_180,legume_str,350.0,26.59940226062212
AB,CLUSTER_2,rape_str,2407.0,39.75274657263091
AB,CLUSTER_2,legume_str,639.4,39.75274657263091
AB,CLUSTER_20,cattle_man,27140.0,18.515458768602954
AB,CLUSTER_20,maize_str,3732.0,18.515458768602954
AB,CLUSTER_20,beet_leaf,2532.0,18.515458768602954
AB,CLUSTER_20,rape_str,2658.0,18.515458768602954
AB,CLUSTER_20,legume_str,1043.0,18.515458768602954
AB,CLUSTER_205,rape_str,424.8,39.97843838374088
AB,CLUSTER_205,legume_str,366.9,39.97843838374088
AB,CLUSTER_22,rape_str,418.6,30.723569306708445
AB,CLUSTER_22,legume_str,405.9,30.723569306708445
AB,CLUSTER_239,horse_man,2882.5,36.91136449449258
AB,CLUSTER_239,rape_str,1717.0,36.91136449449258
AB,CLUSTER_239,legume_str,357.8,36.91136449449258
AB,CLUSTER_257,cattle_man,512.5,25.2542137286928
AB,CLUSTER_257,horse_man,1598.0,25.2542137286928
AB,CLUSTER_257,rape_str,1210.4,25.2542137286928
AB,CLUSTER_257,legume_str,280.6,25.2542137286928
AB,CLUSTER_267,rape_str,1938.0,41.27861927157195
AB,CLUSTER_267,legume_str,523.5,41.27861927157195
AB,CLUSTER_279,maize_str,2509.481302307229,24.815120156107017
AB,CLUSTER_279,rape_str,766.0,24.815120156107017
AB,CLUSTER_279,legume_str,338.3,24.815120156107017
AB,CLUSTER_288,maize_str,5080.0,16.148580498990576
AB,CLUSTER_288,beet_leaf,7380.0,16.148580498990576
AB,CLUSTER_288,rape_str,1600.0,16.148580498990576
AB,CLUSTER_288,legume_str,851.0,16.148580498990576
AB,CLUSTER_300,rape_str,548.0,34.252390165167846
AB,CLUSTER_300,legume_str,424.7,34.252390165167846
AB,CLUSTER_306,cattle_man,13760.0,24.27615417472561
AB,CLUSTER_306,maize_str,5143.0,24.27615417472561
AB,CLUSTER_306,rape_str,2327.0,24.27615417472561
AB,CLUSTER_306,legume_str,1097.0,24.27615417472561
AB,CLUSTER_323,rape_str,313.3,31.057608743791956
AB,CLUSTER_323,legume_str,62.45,31.057608743791956
AB,CLUSTER_330,rape_str,2235.0,29.16137696138161
AB,CLUSTER_330,legume_str,753.8,29.16137696138161
AB,CLUSTER_34,horse_man,3660.3,45.55529918347314
AB,CLUSTER_345,rape_str,1424.0,37.20859136972272
AB,CLUSTER_345,legume_str,1226.0,37.20859136972272
AB,CLUSTER_354,cattle_man,4844.0,28.577314323663916
AB,CLUSTER_354,rape_str,1672.1,28.577314323663916
AB,CLUSTER_354,legume_str,257.3,28.577314323663916
AB,CLUSTER_37,rape_str,2494.6,32.747048492408304
AB,CLUSTER_37,legume_str,791.6,32.747048492408304
AB,CLUSTER_371,cattle_man,13910.0,5.056498305174638
AB,CLUSTER_371,cattle_slu,44150.0,5.056498305174638
AB,CLUSTER_371,maize_str,1554.0,5.056498305174638
AB,CLUSTER_371,beet_leaf,729.6,5.056498305174638
AB,CLUSTER_371,rape_str,918.4,5.056498305174638
AB,CLUSTER_371,legume_str,445.8,5.056498305174638
AB,CLUSTER_378,legume_str,300.1,44.405968502371714
AB,CLUSTER_386,rape_str,588.0,41.97470346974163
AB,CLUSTER_386,legume_str,404.9,41.97470346974163
AB,CLUSTER_400,rape_str,1315.0,40.13017183591919
AB,CLUSTER_400,legume_str,558.0,40.13017183591919
AB,CLUSTER_403,maize_str,3050.0,19.17062389278525
AB,CLUSTER_403,rape_str,1011.0,19.17062389278525
AB,CLUSTER_403,legume_str,587.0,19.17062389278525
AB,CLUSTER_423,cattle_slu,63597.670017201905,10.65444405358328
AB,CLUSTER_423,maize_str,2091.0,10.65444405358328
AB,CLUSTER_423,beet_leaf,453.7,10.65444405358328
AB,CLUSTER_423,rape_str,1295.9,10.65444405358328
AB,CLUSTER_423,legume_str,670.7,10.65444405358328
AB,CLUSTER_43,rape_str,981.0000000000001,37.81481343360085
AB,CLUSTER_43,legume_str,631.3,37.81481343360085
AB,CLUSTER_441,cattle_man,3147.0,17.88200401988691
AB,CLUSTER_441,maize_str,2827.0,17.88200401988691
AB,CLUSTER_441,beet_leaf,58.7,17.88200401988691
AB,CLUSTER_441,rape_str,1217.0,17.88200401988691
AB,CLUSTER_441,legume_str,342.2,17.88200401988691
AB,CLUSTER_447,rape_str,901.0,32.852118567040485
AB,CLUSTER_447,legume_str,578.0,32.852118567040485
AB,CLUSTER_466,cattle_man,13690.0,28.726226807233974
AB,CLUSTER_466,rape_str,1039.0,28.726226807233974
AB,CLUSTER_466,legume_str,253.7,28.726226807233974
AB,CLUSTER_48,rape_str,1712.0,39.60839448442668
AB,CLUSTER_48,legume_str,448.03,39.60839448442668
AB,CLUSTER_495,rape_str,574.7,42.88786757532199
AB,CLUSTER_495,legume_str,495.0,42.88786757532199
AB,CLUSTER_501,rape_str,1822.0,35.900691531085094
AB,CLUSTER_501,legume_str,355.2,35.900691531085094
AB,CLUSTER_504,horse_man,1033.0,35.19645254785095
AB,CLUSTER_504,rape_str,268.5,35.19645254785095
AB,CLUSTER_504,legume_str,94.63,35.19645254785095
AB,CLUSTER_52,horse_man,1083.1,48.06442824596051
AB,CLUSTER_523,rape_str,139.1,40.14966736161862
AB,CLUSTER_523,legume_str,49.6,40.14966736161862
AB,CLUSTER_544,cattle_man,5520.0,14.452222915136517
AB,CLUSTER_544,maize_str,1670.0,14.452222915136517
AB,CLUSTER_544,beet_leaf,586.1,14.452222915136517
AB,CLUSTER_544,rape_str,531.0,14.452222915136517
AB,CLUSTER_544,legume_str,101.3,14.452222915136517
AB,CLUSTER_545,cattle_man,1080.0,29.1575069193758
AB,CLUSTER_545,horse_man,1719.0,29.1575069193758
AB,CLUSTER_545,rape_str,992.0,29.1575069193758
AB,CLUSTER_545,legume_str,184.9,29.1575069193758
AB,CLUSTER_64,rape_str,1531.1,31.110554160495653
AB,CLUSTER_64,legume_str,944.8,31.110554160495653
AB,CLUSTER_69,maize_str,4142.0,22.27833878097881
AB,CLUSTER_69,rape_str,964.5,22.27833878097881
AB,CLUSTER_69,legume_str,517.8,22.27833878097881
AB,CLUSTER_71,cattle_man,8797.0,13.266323347030356
AB,CLUSTER_71,maize_str,4451.0,13.266323347030356
AB,CLUSTER_71,beet_leaf,4858.7,13.266323347030356
AB,CLUSTER_71,rape_str,2450.0,13.266323347030356
AB,CLUSTER_71,legume_str,1174.2,13.266323347030356
AB,CLUSTER_73,cattle_man,5812.0,26.78878649397268
AB,CLUSTER_73,rape_str,3434.0,26.78878649397268
AB,CLUSTER_73,legume_str,648.0,26.78878649397268
AB,CLUSTER_92,rape_str,752.9,39.00836195796707
AB,CLUSTER_92,legume_str,339.0,39.00836195796707
V,CLUSTER_1,horse_man,642.4,51.13082041986155
V,CLUSTER_101,cattle_man,7667.4141,27.74562336477433
V,CLUSTER_101,horse_man,1895.41,27.74562336477433
V,CLUSTER_101,maize_str,163.78503,27.74562336477433
V,CLUSTER_101,rape_str,1060.3,27.74562336477433
V,CLUSTER_101,legume_str,210.4,27.74562336477433
V,CLUSTER_103,horse_man,678.2,43.0641239378179
V,CLUSTER_103,rape_str,208.4,43.0641239378179
V,CLUSTER_103,legume_str,84.58999999999999,43.0641239378179
V,CLUSTER_107,cattle_man,13402.1,28.60937035443851
V,CLUSTER_107,maize_str,1970.0,28.60937035443851
V,CLUSTER_107,rape_str,1132.0,28.60937035443851
V,CLUSTER_107,legume_str,421.2,28.60937035443851
V,CLUSTER_132,cattle_man,7032.59,28.48885974847752
V,CLUSTER_132,horse_man,795.885,28.48885974847752
V,CLUSTER_132,maize_str,1533.2,28.48885974847752
V,CLUSTER_132,rape_str,929.0,28.48885974847752
V,CLUSTER_132,legume_str,147.22,28.48885974847752
V,CLUSTER_138,cattle_man,10203.0,14.783165080323435
V,CLUSTER_138,maize_str,2746.0,14.783165080323435
V,CLUSTER_138,beet_leaf,6203.0,14.783165080323435
V,CLUSTER_138,rape_str,1121.4,14.783165080323435
V,CLUSTER_138,legume_str,467.8,14.783165080323435
V,CLUSTER_14,rape_str,1443.9,40.99355008301644
V,CLUSTER_14,legume_str,20.98,40.99355008301644
V,CLUSTER_144,cattle_man,16190.0,29.59837543499883
V,CLUSTER_144,maize_str,3055.0,29.59837543499883
V,CLUSTER_144,rape_str,1689.0,29.59837543499883
V,CLUSTER_144,legume_str,474.3,29.59837543499883
V,CLUSTER_145,cattle_man,10356.0,21.08427554719552
V,CLUSTER_145,horse_man,1174.0,21.08427554719552
V,CLUSTER_145,maize_str,1224.5,21.08427554719552
V,CLUSTER_145,beet_leaf,8238.0,21.08427554719552
V,CLUSTER_145,rape_str,1224.0,21.08427554719552
V,CLUSTER_145,legume_str,263.2,21.08427554719552
V,CLUSTER_162,horse_man,3375.9,31.364917960941582
V,CLUSTER_162,rape_str,2424.0,31.364917960941582
V,CLUSTER_162,legume_str,744.7,31.364917960941582
V,CLUSTER_171,horse_man,1981.0000000000002,50.39971002452787
V,CLUSTER_176,cattle_man,2533.2,21.27203112255037
V,CLUSTER_176,horse_man,750.0,21.27203112255037
V,CLUSTER_176,maize_str,248.73000000000002,21.27203112255037
V,CLUSTER_176,beet_leaf,5962.1,21.27203112255037
V,CLUSTER_176,rape_str,773.6,21.27203112255037
V,CLUSTER_176,legume_str,185.1,21.27203112255037
V,CLUSTER_182,cattle_man,9590.0,16.27757435532668
V,CLUSTER_182,maize_str,2575.0,16.27757435532668
V,CLUSTER_182,beet_leaf,1723.0,16.27757435532668
V,CLUSTER_182,rape_str,811.0,16.27757435532668
V,CLUSTER_182,legume_str,180.1,16.27757435532668
V,CLUSTER_187,rape_str,520.8521915792754,47.7862992634516
V,CLUSTER_187,legume_str,419.6,47.7862992634516
V,CLUSTER_219,horse_man,452.0,43.19513510703924
V,CLUSTER_219,rape_str,2300.0,43.19513510703924
V,CLUSTER_219,legume_str,276.0,43.19513510703924
V,CLUSTER_229,cattle_man,1142.8,15.234779758738036
V,CLUSTER_229,horse_man,466.3,15.234779758738036
V,CLUSTER_229,maize_str,474.61,15.234779758738036
V,CLUSTER_229,beet_leaf,15420.0,15.234779758738036
V,CLUSTER_229,rape_str,30.7,15.234779758738036
V,CLUSTER_229,legume_str,169.7,15.234779758738036
V,CLUSTER_235,cattle_man,3182.0,22.712959723723493
V,CLUSTER_235,maize_str,1195.0,22.712959723723493
V,CLUSTER_235,beet_leaf,2573.2101865410805,22.712959723723493
V,CLUSTER_235,rape_str,208.9,22.712959723723493
V,CLUSTER_235,legume_str,260.6,22.712959723723493
V,CLUSTER_237,horse_man,478.63,50.5714026246158
V,CLUSTER_248,horse_man,258.4,42.45756316485531
V,CLUSTER_248,rape_str,349.9,42.45756316485531
V,CLUSTER_248,legume_str,201.2,42.45756316485531
V,CLUSTER_263,rape_str,1071.4,38.90371844973446
V,CLUSTER_263,legume_str,774.2,38.90371844973446
V,CLUSTER_303,horse_man,1570.0,35.392417026715165
V,CLUSTER_303,rape_str,914.0,35.392417026715165
V,CLUSTER_303,legume_str,375.4,35.392417026715165
V,CLUSTER_315,rape_str,1513.0,40.57104573257195
V,CLUSTER_315,legume_str,373.6,40.57104573257195
V,CLUSTER_316,horse_man,1505.3,40.79945078679296
V,CLUSTER_316,rape_str,1137.0,40.79945078679296
V,CLUSTER_316,legume_str,235.5,40.79945078679296
V,CLUSTER_324,rape_str,1080.0,37.61493642251394
V,CLUSTER_324,legume_str,578.7,37.61493642251394
V,CLUSTER_338,cattle_man,6102.530000000001,20.386412645844217
V,CLUSTER_338,maize_str,2637.0,20.386412645844217
V,CLUSTER_338,beet_leaf,2428.0,20.386412645844217
V,CLUSTER_338,rape_str,566.0,20.386412645844217
V,CLUSTER_338,legume_str,307.0,20.386412645844217
V,CLUSTER_339,cattle_man,3014.917,8.646187191265037
V,CLUSTER_339,cattle_slu,16749.4,8.646187191265037
V,CLUSTER_339,horse_man,2136.8,8.646187191265037
V,CLUSTER_339,clover_alfalfa_grass,2636.0,8.646187191265037
V,CLUSTER_339,maize_str,1719.0,8.646187191265037
V,CLUSTER_339,beet_leaf,11011.0,8.646187191265037
V,CLUSTER_339,rape_str,716.33,8.646187191265037
V,CLUSTER_339,legume_str,276.25,8.646187191265037
V,CLUSTER_34,rape_str,1322.6,34.29252138494167
V,CLUSTER_34,legume_str,428.6,34.29252138494167
V,CLUSTER_340,horse_man,1279.0,40.16758372409272
V,CLUSTER_340,rape_str,944.0,40.16758372409272
V,CLUSTER_340,legume_str,294.533,40.16758372409272
V,CLUSTER_344,cattle_man,9980.0,13.803206680553531
V,CLUSTER_344,horse_man,1961.0,13.803206680553531
V,CLUSTER_344,maize_str,5434.0,13.803206680553531
V,CLUSTER_344,beet_leaf,2029.1,13.803206680553531
V,CLUSTER_344,rape_str,232.2,13.803206680553531
V,CLUSTER_344,legume_str,332.0,13.803206680553531
V,CLUSTER_349,cattle_man,4717.0,21.27277023161664
V,CLUSTER_349,horse_man,668.0,21.27277023161664
V,CLUSTER_349,maize_str,1939.0,21.27277023161664
V,CLUSTER_349,beet_leaf,8680.0,21.27277023161664
V,CLUSTER_349,rape_str,1306.0,21.27277023161664
V,CLUSTER_349,legume_str,257.0,21.27277023161664
V,CLUSTER_35,horse_man,655.3,42.36052133623437
V,CLUSTER_35,rape_str,3218.0,42.36052133623437
V,CLUSTER_35,legume_str,631.6,42.36052133623437
V,CLUSTER_353,cattle_man,9000.0,3.772260992416793
V,CLUSTER_353,cattle_slu,39800.0,3.772260992416793
V,CLUSTER_353,horse_man,840.0,3.772260992416793
V,CLUSTER_353,pig_slu,5250.0,3.772260992416793
V,CLUSTER_353,clover_alfalfa_grass,2363.16,3.772260992416793
V,CLUSTER_353,maize_str,3170.0,3.772260992416793
V,CLUSTER_353,beet_leaf,6390.0,3.772260992416793
V,CLUSTER_353,rape_str,696.0,3.772260992416793
V,CLUSTER_353,legume_str,276.0,3.772260992416793
V,CLUSTER_365,rape_str,408.7,47.082754760840096
V,CLUSTER_365,legume_str,86.1,47.082754760840096
V,CLUSTER_373,horse_man,1879.8,42.59290908828254
V,CLUSTER_373,rape_str,814.9,42.59290908828254
V,CLUSTER_373,legume_str,370.5,42.59290908828254
V,CLUSTER_376,rape_str,1421.0,45.35310428660337
V,CLUSTER_376,legume_str,508.0,45.35310428660337
V,CLUSTER_377,horse_man,627.7,44.18593525169405
V,CLUSTER_377,rape_str,504.0299999999999,44.18593525169405
V,CLUSTER_377,legume_str,142.95,44.18593525169405
V,CLUSTER_382,horse_man,1045.0,35.50110944777094
V,CLUSTER_382,rape_str,1028.0,35.50110944777094
V,CLUSTER_382,legume_str,385.1,35.50110944777094
V,CLUSTER_393,rape_str,213.5,30.686954303546983
V,CLUSTER_393,legume_str,44.84,30.686954303546983
V,CLUSTER_42,horse_man,1097.5,33.78026298050428
V,CLUSTER_42,rape_str,813.0,33.78026298050428
V,CLUSTER_42,legume_str,175.21,33.78026298050428
V,CLUSTER_427,cattle_man,8930.0,26.4482323085106
V,CLUSTER_427,maize_str,2221.8,26.4482323085106
V,CLUSTER_427,rape_str,1173.4,26.4482323085106
V,CLUSTER_427,legume_str,351.0,26.4482323085106
V,CLUSTER_431,cattle_man,3900.2,23.70028083797829
V,CLUSTER_431,horse_man,1912.0,23.70028083797829
V,CLUSTER_431,maize_str,4683.0,23.70028083797829
V,CLUSTER_431,rape_str,203.4,23.70028083797829
V,CLUSTER_431,legume_str,310.4,23.70028083797829
V,CLUSTER_452,cattle_man,3960.0,24.385137164464524
V,CLUSTER_452,horse_man,922.0,24.385137164464524
V,CLUSTER_452,maize_str,639.0,24.385137164464524
V,CLUSTER_452,rape_str,580.0,24.385137164464524
V,CLUSTER_452,legume_str,173.8,24.385137164464524
V,CLUSTER_459,horse_man,167.4,46.07766757555138
V,CLUSTER_459,rape_str,91.0,46.07766757555138
V,CLUSTER_459,legume_str,28.68,46.07766757555138
V,CLUSTER_464,cattle_man,4492.0,25.75887639853543
V,CLUSTER_464,horse_man,752.0,25.75887639853543
V,CLUSTER_464,maize_str,1659.0,25.75887639853543
V,CLUSTER_464,rape_str,387.0,25.75887639853543
V,CLUSTER_464,legume_str,235.0,25.75887639853543
V,CLUSTER_469,cattle_man,3134.0,30.346640146232485
V,CLUSTER_469,horse_man,840.0,30.346640146232485
V,CLUSTER_469,maize_str,488.99999999999994,30.346640146232485
V,CLUSTER_469,rape_str,1099.0,30.346640146232485
V,CLUSTER_469,legume_str,204.7,30.346640146232485
V,CLUSTER_478,cattle_man,1374.0,12.303589558976034
V,CLUSTER_478,cattle_slu,6110.0,12.303589558976034
V,CLUSTER_478,horse_man,340.1,12.303589558976034
V,CLUSTER_478,maize_str,1389.0,12.303589558976034
V,CLUSTER_478,beet_leaf,1300.0,12.303589558976034
V,CLUSTER_478,rape_str,205.7,12.303589558976034
V,CLUSTER_478,legume_str,86.75,12.303589558976034
V,CLUSTER_479,rape_str,157.9,44.07426939180832
V,CLUSTER_479,legume_str,75.09,44.07426939180832
V,CLUSTER_485,rape_str,948.0,31.54613382800401
V,CLUSTER_485,legume_str,229.0,31.54613382800401
V,CLUSTER_496,cattle_man,6675.3,8.02389625237105
V,CLUSTER_496,cattle_slu,20415.3,8.02389625237105
V,CLUSTER_496,horse_man,451.0,8.02389625237105
V,CLUSTER_496,clover_alfalfa_grass,872.0,8.02389625237105
V,CLUSTER_496,maize_str,1429.0,8.02389625237105
V,CLUSTER_496,beet_leaf,20620.0,8.02389625237105
V,CLUSTER_496,rape_str,1060.0,8.02389625237105
V,CLUSTER_496,legume_str,144.6,8.02389625237105
V,CLUSTER_499,rape_str,500.0,38.002251750219145
V,CLUSTER_499,legume_str,206.8,38.002251750219145
V,CLUSTER_511,rape_str,393.2,45.006469606404224
V,CLUSTER_511,legume_str,142.4,45.006469606404224
V,CLUSTER_515,horse_man,126.2,44.9626375542899
V,CLUSTER_515,rape_str,366.0,44.9626375542899
V,CLUSTER_515,legume_str,82.35000000000001,44.9626375542899
V,CLUSTER_534,rape_str,1184.0,38.32061477172361
V,CLUSTER_534,legume_str,317.1,38.32061477172361
V,CLUSTER_6,horse_man,339.439139,48.69240720042367
V,CLUSTER_6,legume_str,401.8,48.69240720042367
V,CLUSTER_63,rape_str,653.77,47.72273867778289
V,CLUSTER_63,legume_str,611.5,47.72273867778289
V,CLUSTER_82,horse_man,1220.1,35.17569992282159
V,CLUSTER_82,rape_str,680.1,35.17569992282159
V,CLUSTER_82,legume_str,122.92,35.17569992282159
V,CLUSTER_83,rape_str,472.0,34.31532997569486
V,CLUSTER_83,legume_str,40.02,34.31532997569486
V,CLUSTER_9,cattle_man,4512.6,18.68110973495059
V,CLUSTER_9,horse_man,1859.2,18.68110973495059
V,CLUSTER_9,maize_str,2940.98,18.68110973495059
V,CLUSTER_9,beet_leaf,23584.0,18.68110973495059
V,CLUSTER_9,rape_str,712.84,18.68110973495059
V,CLUSTER_9,legume_str,267.44,18.68110973495059
J,CLUSTER_155,cattle_man,533.52,21.36554630658049
J,CLUSTER_155,maize_str,5236.0,21.36554630658049
J,CLUSTER_155,rape_str,1777.0,21.36554630658049
J,CLUSTER_155,legume_str,662.1,21.36554630658049
J,CLUSTER_159,rape_str,771.0,42.50498154275267
J,CLUSTER_159,legume_str,421.3,42.50498154275267
J,CLUSTER_184,rape_str,1554.0,36.94373347178216
J,CLUSTER_184,legume_str,480.0,36.94373347178216
J,CLUSTER_195,rape_str,51.9,39.40373581301327
J,CLUSTER_195,legume_str,17.12,39.40373581301327
J,CLUSTER_2,cattle_man,3616.0,25.90641214110296
J,CLUSTER_2,maize_str,6515.0,25.90641214110296
J,CLUSTER_202,maize_str,1620.21,18.074692538054784
J,CLUSTER_202,rape_str,65.6,18.074692538054784
J,CLUSTER_202,legume_str,151.06,18.074692538054784
J,CLUSTER_223,maize_str,1682.3,25.78669551984269
J,CLUSTER_223,rape_str,240.1,25.78669551984269
J,CLUSTER_223,legume_str,122.22,25.78669551984269
J,CLUSTER_225,maize_str,8410.0,24.372481751417443
J,CLUSTER_225,rape_str,1132.3,24.372481751417443
J,CLUSTER_225,legume_str,589.4,24.372481751417443
J,CLUSTER_231,legume_str,26.42,45.44529919800281
J,CLUSTER_233,maize_str,2980.0,18.82592407354788
J,CLUSTER_233,rape_str,718.0,18.82592407354788
J,CLUSTER_233,legume_str,413.0,18.82592407354788
J,CLUSTER_241,maize_str,29.1,25.854244124184596
J,CLUSTER_241,rape_str,46.0,25.854244124184596
J,CLUSTER_241,legume_str,14.47,25.854244124184596
J,CLUSTER_270,maize_str,1419.08,17.208085953091654
J,CLUSTER_270,rape_str,169.7,17.208085953091654
J,CLUSTER_270,legume_str,180.75,17.208085953091654
J,CLUSTER_274,cattle_man,2163.0,13.38042070054068
J,CLUSTER_274,maize_str,4828.0,13.38042070054068
J,CLUSTER_274,beet_leaf,47160.0,13.38042070054068
J,CLUSTER_274,rape_str,401.4,13.38042070054068
J,CLUSTER_274,legume_str,393.2,13.38042070054068
J,CLUSTER_282,maize_str,1199.9,20.989212119135917
J,CLUSTER_282,rape_str,168.6,20.989212119135917
J,CLUSTER_282,legume_str,149.16,20.989212119135917
J,CLUSTER_284,maize_str,3599.0,25.194812983730824
J,CLUSTER_284,rape_str,262.2,25.194812983730824
J,CLUSTER_284,legume_str,192.3,25.194812983730824
J,CLUSTER_292,rape_str,1890.0,35.91156193704479
J,CLUSTER_292,legume_str,588.0,35.91156193704479
J,CLUSTER_296,legume_str,10.71,34.959279096607
J,CLUSTER_301,rape_str,382.1,44.11099591515509
J,CLUSTER_301,legume_str,364.26,44.11099591515509
J,CLUSTER_355,cattle_man,3895.0,14.932568035097946
J,CLUSTER_355,maize_str,6490.0,14.932568035097946
J,CLUSTER_355,beet_leaf,29970.0,14.932568035097946
J,CLUSTER_355,rape_str,1192.0,14.932568035097946
J,CLUSTER_355,legume_str,1096.0,14.932568035097946
J,CLUSTER_370,rape_str,42.4,39.01820387936032
J,CLUSTER_370,legume_str,38.17,39.01820387936032
J,CLUSTER_400,cattle_man,3903.8,29.382490193338384
J,CLUSTER_436,rape_str,941.0,41.02354220933494
J,CLUSTER_436,legume_str,253.39999999999998,41.02354220933494
J,CLUSTER_450,rape_str,562.7,39.689124208965545
J,CLUSTER_450,legume_str,406.3,39.689124208965545
J,CLUSTER_453,rape_str,449.1,40.679017246892535
J,CLUSTER_453,legume_str,457.0,40.679017246892535
J,CLUSTER_456,cattle_slu,45.89,8.245822711321079
J,CLUSTER_456,maize_str,2995.0,8.245822711321079
J,CLUSTER_456,beet_leaf,15160.0,8.245822711321079
J,CLUSTER_456,rape_str,206.8,8.245822711321079
J,CLUSTER_456,legume_str,113.6,8.245822711321079
J,CLUSTER_457,rape_str,30.800000000000004,40.021219446431225
J,CLUSTER_457,legume_str,108.18,40.021219446431225
J,CLUSTER_473,cattle_man,11380.0,30.155490209260236
J,CLUSTER_473,rape_str,1204.0,30.155490209260236
J,CLUSTER_473,legume_str,346.1,30.155490209260236
J,CLUSTER_488,cattle_man,62.5,6.110967492381086
J,CLUSTER_488,cattle_slu,254.0,6.110967492381086
J,CLUSTER_488,maize_str,3580.0,6.110967492381086
J,CLUSTER_488,beet_leaf,39300.0,6.110967492381086
J,CLUSTER_488,rape_str,315.0,6.110967492381086
J,CLUSTER_488,legume_str,451.0,6.110967492381086
J,CLUSTER_513,maize_str,11970.0,13.15877791726706
J,CLUSTER_513,beet_leaf,37270.0,13.15877791726706
J,CLUSTER_513,rape_str,985.0,13.15877791726706
J,CLUSTER_513,legume_str,913.0,13.15877791726706
J,CLUSTER_514,legume_str,49.46,30.622378630121077
J,CLUSTER_516,legume_str,330.5,45.42074222750078
J,CLUSTER_537,legume_str,243.7,44.55635682806435
J,CLUSTER_549,maize_str,115.4,25.05133247082176
J,CLUSTER_549,rape_str,76.9,25.05133247082176
J,CLUSTER_549,legume_str,16.9,25.05133247082176
J,CLUSTER_61,cattle_man,13687.392858399115,30.850732248294204
J,CLUSTER_61,rape_str,985.9999999999999,30.850732248294204
J,CLUSTER_61,legume_str,504.6,30.850732248294204
J,CLUSTER_68,cattle_slu,608.0,5.280485003134988
J,CLUSTER_68,maize_str,8434.0,5.280485003134988
J,CLUSTER_68,beet_leaf,45130.0,5.280485003134988
J,CLUSTER_68,rape_str,708.4,5.280485003134988
J,CLUSTER_68,legume_str,893.9,5.280485003134988
J,CLUSTER_70,cattle_man,18095.0,20.61576956925805
J,CLUSTER_70,maize_str,4266.0,20.61576956925805
J,CLUSTER_70,rape_str,1041.14,20.61576956925805
J,CLUSTER_70,legume_str,758.6,20.61576956925805
J,CLUSTER_79,rape_str,1076.6,30.29692135372858
J,CLUSTER_79,legume_str,931.4,30.29692135372858
J,CLUSTER_91,rape_str,434.47,34.46154927836286
J,CLUSTER_91,legume_str,391.1,34.46154927836286
N,CLUSTER_116,cattle_man,856.0,27.385892324876284
N,CLUSTER_116,maize_str,4270.0,27.385892324876284
N,CLUSTER_125,cattle_man,17940.0,24.79891982586253
N,CLUSTER_125,maize_str,642.8,24.79891982586253
N,CLUSTER_125,rape_str,3920.0,24.79891982586253
N,CLUSTER_125,legume_str,441.0,24.79891982586253
N,CLUSTER_175,cattle_man,2182.272,23.80172562384064
N,CLUSTER_175,maize_str,1895.0,23.80172562384064
N,CLUSTER_175,rape_str,1513.0,23.80172562384064
N,CLUSTER_175,legume_str,508.2,23.80172562384064
N,CLUSTER_180,maize_str,9410.0,19.62705719955928
N,CLUSTER_180,beet_leaf,6890.0,19.62705719955928
N,CLUSTER_184,maize_str,4690.0,33.74868125488516
N,CLUSTER_186,cattle_man,2851.0,9.46641704884746
N,CLUSTER_186,cattle_slu,11870.0,9.46641704884746
N,CLUSTER_186,clover_alfalfa_grass,2720.2,9.46641704884746
N,CLUSTER_186,maize_str,2451.0,9.46641704884746
N,CLUSTER_186,beet_leaf,14510.0,9.46641704884746
N,CLUSTER_186,rape_str,2267.0,9.46641704884746
N,CLUSTER_186,legume_str,321.6,9.46641704884746
N,CLUSTER_212,cattle_man,5215.0,21.9644983238758
N,CLUSTER_212,horse_man,525.0,21.9644983238758
N,CLUSTER_212,maize_str,2516.0,21.9644983238758
N,CLUSTER_212,beet_leaf,11460.0,21.9644983238758
N,CLUSTER_212,rape_str,2994.0,21.9644983238758
N,CLUSTER_212,legume_str,423.4,21.9644983238758
N,CLUSTER_240,maize_str,2018.1000000000001,27.270358495861384
N,CLUSTER_240,rape_str,698.0,27.270358495861384
N,CLUSTER_240,legume_str,511.70000000000016,27.270358495861384
N,CLUSTER_257,maize_str,4463.0,19.846010860689937
N,CLUSTER_257,beet_leaf,421.68,19.846010860689937
N,CLUSTER_267,cattle_man,6170.0,14.955460733871613
N,CLUSTER_267,maize_str,4239.0,14.955460733871613
N,CLUSTER_267,beet_leaf,19900.0,14.955460733871613
N,CLUSTER_280,rape_str,224.4,50.47821011188674
N,CLUSTER_280,legume_str,227.3,50.47821011188674
N,CLUSTER_290,cattle_man,4269.0,24.695845989199483
N,CLUSTER_290,maize_str,388.7,24.695845989199483
N,CLUSTER_290,rape_str,1121.03,24.695845989199483
N,CLUSTER_290,legume_str,233.8,24.695845989199483
N,CLUSTER_295,maize_str,1481.0,32.823592782817514
N,CLUSTER_295,rape_str,310.5,32.823592782817514
N,CLUSTER_295,legume_str,228.28,32.823592782817514
N,CLUSTER_31,rape_str,3014.0,41.66906144940389
N,CLUSTER_31,legume_str,400.9,41.66906144940389
N,CLUSTER_321,cattle_man,2184.0,21.333318141597186
N,CLUSTER_321,maize_str,1399.0,21.333318141597186
N,CLUSTER_321,beet_leaf,6030.0,21.333318141597186
N,CLUSTER_321,rape_str,1433.0,21.333318141597186
N,CLUSTER_321,legume_str,474.1,21.333318141597186
N,CLUSTER_340,cattle_man,979.0,28.421886805859337
N,CLUSTER_340,maize_str,1072.4,28.421886805859337
N,CLUSTER_372,legume_str,137.62066839224235,52.72106851241599
N,CLUSTER_373,cattle_man,930.61,29.944459281102752
N,CLUSTER_373,maize_str,870.8,29.944459281102752
N,CLUSTER_394,horse_man,571.3,47.8402811563424
N,CLUSTER_394,rape_str,3108.0,47.8402811563424
N,CLUSTER_394,legume_str,403.6,47.8402811563424
N,CLUSTER_397,maize_str,658.9,35.8127660610763
N,CLUSTER_397,rape_str,641.0,35.8127660610763
N,CLUSTER_397,legume_str,173.8,35.8127660610763
N,CLUSTER_399,cattle_man,1238.6,12.572688159004011
N,CLUSTER_399,clover_alfalfa_grass,3714.193,12.572688159004011
N,CLUSTER_399,maize_str,1120.2,12.572688159004011
N,CLUSTER_399,beet_leaf,2780.0,12.572688159004011
N,CLUSTER_399,rape_str,723.2,12.572688159004011
N,CLUSTER_399,legume_str,297.37,12.572688159004011
N,CLUSTER_408,maize_str,816.0,37.92862509221455
N,CLUSTER_408,rape_str,1388.0,37.92862509221455
N,CLUSTER_408,legume_str,270.2,37.92862509221455
N,CLUSTER_429,rape_str,185.6,50.53527467222998
N,CLUSTER_429,legume_str,61.70000000000001,50.53527467222998
N,CLUSTER_451,maize_str,737.0,38.75796817560623
N,CLUSTER_451,rape_str,3060.0,38.75796817560623
N,CLUSTER_451,legume_str,293.0,38.75796817560623
N,CLUSTER_453,maize_str,1817.0,34.90074307418159
N,CLUSTER_477,rape_str,247.70000000000002,42.88959123563461
N,CLUSTER_477,legume_str,101.5,42.88959123563461
N,CLUSTER_48,cattle_man,4164.0,4.257781795861841
N,CLUSTER_48,cattle_slu,22750.0,4.257781795861841
N,CLUSTER_48,clover_alfalfa_grass,3547.0,4.257781795861841
N,CLUSTER_48,maize_str,4581.0,4.257781795861841
N,CLUSTER_48,beet_leaf,4005.1000000000004,4.257781795861841
N,CLUSTER_481,maize_str,1163.0,34.38351385845686
N,CLUSTER_481,rape_str,4790.0,34.38351385845686
N,CLUSTER_481,legume_str,620.0,34.38351385845686
N,CLUSTER_501,cattle_man,230.0,22.91989145522425
N,CLUSTER_501,maize_str,3960.0,22.91989145522425
N,CLUSTER_501,beet_leaf,13622.523251879293,22.91989145522425
N,CLUSTER_503,maize_str,953.0,28.08292093212736
N,CLUSTER_503,rape_str,1574.0,28.08292093212736
N,CLUSTER_503,legume_str,401.2,28.08292093212736
N,CLUSTER_504,cattle_man,41.0,12.623431987349418
N,CLUSTER_504,clover_alfalfa_grass,592.509,12.623431987349418
N,CLUSTER_504,maize_str,1285.0,12.623431987349418
N,CLUSTER_52,cattle_man,3984.5,15.358777015864336
N,CLUSTER_52,maize_str,4642.0,15.358777015864336
N,CLUSTER_52,beet_leaf,27950.0,15.358777015864336
N,CLUSTER_52,rape_str,675.0,15.358777015864336
N,CLUSTER_52,legume_str,277.4,15.358777015864336
N,CLUSTER_545,maize_str,2700.0,24.94019212192885
N,CLUSTER_7,rape_str,2308.0,48.81152834151949
N,CLUSTER_7,legume_str,232.0,48.81152834151949
N,CLUSTER_72,rape_str,3098.0,50.68130923532144
N,CLUSTER_72,legume_str,700.5,50.68130923532144
N,CLUSTER_73,maize_str,11358.0,31.689787652881478
N,CLUSTER_77,rape_str,1929.0,50.53561493041089
N,CLUSTER_77,legume_str,300.0,50.53561493041089
N,CLUSTER_89,maize_str,601.4,36.534698825110205
N,CLUSTER_89,rape_str,2965.0,36.534698825110205
N,CLUSTER_89,legume_str,351.6,36.534698825110205
AS,CLUSTER_117,cattle_man,13052.0,24.24840186474283
AS,CLUSTER_191,cattle_man,11290.0,14.81895225859568
AS,CLUSTER_191,cattle_slu,10634.578734022181,14.81895225859568
AS,CLUSTER_224,cattle_man,12420.0,9.909266332683814
AS,CLUSTER_224,cattle_slu,52060.0,9.909266332683814
AS,CLUSTER_268,cattle_man,5520.0,33.73832583031934
AS,CLUSTER_268,horse_man,1285.41,33.73832583031934
AS,CLUSTER_329,cattle_man,13430.0,14.775262403554065
AS,CLUSTER_329,cattle_slu,83900.0,14.775262403554065
AS,CLUSTER_480,cattle_man,173.2,41.31902173581744
AS,CLUSTER_480,horse_man,560.6,41.31902173581744
AS,CLUSTER_492,cattle_man,6610.0,22.333240767981955
AS,CLUSTER_521,cattle_man,12160.0,11.955603794787258
AS,CLUSTER_521,cattle_slu,66000.0,11.955603794787258
AS,CLUSTER_527,cattle_man,7620.0,21.912664980951742
AS,CLUSTER_65,cattle_man,29310.0,6.205713989615217
AS,CLUSTER_65,cattle_slu,183100.0,6.205713989615217
AS,CLUSTER_94,cattle_man,10320.0,10.943382387720296
AS,CLUSTER_94,cattle_slu,41210.0,10.943382387720296
AP,CLUSTER_1,cattle_man,7654.55,22.40999120843123
AP,CLUSTER_1,cattle_slu,47629.0145,22.40999120843123
AP,CLUSTER_103,cattle_man,2660.0,25.45398931854013
AP,CLUSTER_129,horse_man,1743.9,77.19171808675121
AP,CLUSTER_141,cattle_man,6618.0,20.443263579199176
AP,CLUSTER_141,cattle_slu,53750.0,20.443263579199176
AP,CLUSTER_141,legume_str,364.1,20.443263579199176
AP,CLUSTER_148,cattle_man,4501.0,50.99847963486528
AP,CLUSTER_15,cattle_man,7650.0,39.57479836363711
AP,CLUSTER_160,cattle_man,5620.0,37.04769451923264
AP,CLUSTER_161,cattle_man,6850.0,53.54561710547255
AP,CLUSTER_162,cattle_man,4108.423,58.10023524638376
AP,CLUSTER_169,cattle_man,8425.7,17.25699548643317
AP,CLUSTER_169,cattle_slu,42497.0,17.25699548643317
AP,CLUSTER_169,horse_man,1079.5,17.25699548643317
AP,CLUSTER_169,rape_str,268.41,17.25699548643317
AP,CLUSTER_169,legume_str,59.436,17.25699548643317
AP,CLUSTER_171,cattle_man,11040.0,17.44250169525492
AP,CLUSTER_171,cattle_slu,68600.0,17.44250169525492
AP,CLUSTER_171,rape_str,1563.0,17.44250169525492
AP,CLUSTER_171,legume_str,188.6,17.44250169525492
AP,CLUSTER_183,cattle_man,16594.0,42.39534006448343
AP,CLUSTER_183,horse_man,2503.0,42.39534006448343
AP,CLUSTER_188,cattle_man,6172.0,14.177748334237512
AP,CLUSTER_188,cattle_slu,39630.0,14.177748334237512
AP,CLUSTER_188,rape_str,21.25,14.177748334237512
AP,CLUSTER_188,legume_str,67.118,14.177748334237512
AP,CLUSTER_190,cattle_man,9509.0,33.34407303638336
AP,CLUSTER_190,horse_man,1595.7,33.34407303638336
AP,CLUSTER_219,cattle_man,5290.0,34.6349154286835
AP,CLUSTER_230,cattle_man,11370.0,63.95892073074917
AP,CLUSTER_232,cattle_man,9900.0,33.847764189774445
AP,CLUSTER_232,horse_man,3168.0,33.847764189774445
AP,CLUSTER_237,cattle_man,4862.0,23.114757035181796
AP,CLUSTER_242,cattle_man,11300.0,34.91928830663449
AP,CLUSTER_248,cattle_man,377.0,42.66145226411588
AP,CLUSTER_266,cattle_man,5864.8,9.087331854207228
AP,CLUSTER_266,cattle_slu,34980.0,9.087331854207228
AP,CLUSTER_266,horse_man,271.0126,9.087331854207228
AP,CLUSTER_266,rape_str,64.9,9.087331854207228
AP,CLUSTER_266,legume_str,14.388000000000002,9.087331854207228
AP,CLUSTER_272,cattle_man,3166.9,42.03305630655751
AP,CLUSTER_278,cattle_man,5274.7,40.0663551623588
AP,CLUSTER_278,horse_man,660.7,40.0663551623588
AP,CLUSTER_294,cattle_man,6386.0,21.814190502767172
AP,CLUSTER_294,cattle_slu,28322.1,21.814190502767172
AP,CLUSTER_294,horse_man,1187.9,21.814190502767172
AP,CLUSTER_30,cattle_man,5446.59,49.744977932807046
AP,CLUSTER_303,cattle_man,3262.0,50.83477693462415
AP,CLUSTER_314,cattle_man,812.91,36.10990451008589
AP,CLUSTER_322,cattle_man,5790.0,39.138019236443945
AP,CLUSTER_346,cattle_man,146.3,39.19378693878154
AP,CLUSTER_35,cattle_man,3291.0,48.16513087892161
AP,CLUSTER_351,cattle_man,14750.0,25.630868819782695
AP,CLUSTER_377,cattle_man,1881.3,58.14486817959103
AP,CLUSTER_381,cattle_man,4175.2,36.91678151628776
AP,CLUSTER_382,cattle_man,2959.0,33.79601416467496
AP,CLUSTER_390,cattle_man,4736.4,28.54821814577164
AP,CLUSTER_390,horse_man,147.848,28.54821814577164
AP,CLUSTER_392,cattle_man,5800.0,50.93774823740359
AP,CLUSTER_394,cattle_man,6080.0,37.41029215143779
AP,CLUSTER_395,cattle_man,1724.5,49.971367787726685
AP,CLUSTER_404,cattle_man,4430.0,13.80673841636944
AP,CLUSTER_404,cattle_slu,40280.0,13.80673841636944
AP,CLUSTER_404,rape_str,430.0,13.80673841636944
AP,CLUSTER_404,legume_str,89.80000000000001,13.80673841636944
AP,CLUSTER_42,cattle_man,15075.0,64.06879171796008
AP,CLUSTER_420,cattle_man,7064.0,45.58434410620327
AP,CLUSTER_421,cattle_man,2121.0,55.59304070023076
AP,CLUSTER_433,cattle_man,4450.0297,23.378181682759404
AP,CLUSTER_433,horse_man,1106.0,23.378181682759404
AP,CLUSTER_435,cattle_man,3989.9999999999995,26.465116745460747
AP,CLUSTER_445,cattle_man,831.9,57.36660276149448
AP,CLUSTER_451,cattle_man,7650.0,54.144307833734246
AP,CLUSTER_454,cattle_man,5716.1,22.70377362220649
AP,CLUSTER_454,cattle_slu,28706.674400339416,22.70377362220649
AP,CLUSTER_454,horse_man,105.4,22.70377362220649
AP,CLUSTER_459,cattle_man,3719.2,33.69288247981551
AP,CLUSTER_460,cattle_man,3371.2,50.6591295163654
AP,CLUSTER_460,horse_man,392.16,50.6591295163654
AP,CLUSTER_462,cattle_man,3029.0,44.81039484745658
AP,CLUSTER_476,cattle_man,2730.0,22.4960754241997
AP,CLUSTER_476,cattle_slu,21010.0,22.4960754241997
AP,CLUSTER_481,cattle_man,7889.999999999999,51.45521184726824
AP,CLUSTER_486,cattle_man,1158.0,46.83979518785871
AP,CLUSTER_490,cattle_man,3600.0,7.840880258596925
AP,CLUSTER_490,cattle_slu,21550.0,7.840880258596925
AP,CLUSTER_490,horse_man,745.2,7.840880258596925
AP,CLUSTER_490,rape_str,340.0,7.840880258596925
AP,CLUSTER_490,legume_str,80.4,7.840880258596925
AP,CLUSTER_524,cattle_man,2192.0,49.40795951541289
AP,CLUSTER_532,cattle_man,3510.0508,35.91962601456906
AP,CLUSTER_6,cattle_man,810.17,47.1367083089185
AP,CLUSTER_66,cattle_man,2641.0375,33.00919059069907
AP,CLUSTER_66,horse_man,880.00908,33.00919059069907
AP,CLUSTER_72,cattle_man,21650.0,38.95888872607487
AP,CLUSTER_76,cattle_man,2539.0,7.341003931859266
AP,CLUSTER_76,cattle_slu,16801.3,7.341003931859266
AP,CLUSTER_76,rape_str,35.114,7.341003931859266
AP,CLUSTER_76,legume_str,109.68,7.341003931859266
AP,CLUSTER_77,cattle_man,15680.0,54.09347254049096
AP,CLUSTER_78,cattle_man,7012.0,7.279112217353885
AP,CLUSTER_78,cattle_slu,45580.0,7.279112217353885
AP,CLUSTER_78,horse_man,873.4,7.279112217353885
AP,CLUSTER_78,rape_str,178.1,7.279112217353885
AP,CLUSTER_78,legume_str,40.33,7.279112217353885
AP,CLUSTER_82,cattle_man,7392.7,40.03520675198692
AP,CLUSTER_88,cattle_man,1437.0,44.86383267806183
AP,CLUSTER_96,cattle_man,3690.0,26.50586846762977
D,CLUSTER_110,cattle_man,22036.0,10.198454952490575
D,CLUSTER_110,cattle_slu,24343.0,10.198454952490575
D,CLUSTER_110,horse_man,797.0,10.198454952490575
D,CLUSTER_110,pig_slu,26.2009,10.198454952490575
D,CLUSTER_119,cattle_man,14930.0,12.240363998968062
D,CLUSTER_119,cattle_slu,17250.0,12.240363998968062
D,CLUSTER_119,pig_slu,3702.0,12.240363998968062
D,CLUSTER_119,beet_leaf,644.0,12.240363998968062
D,CLUSTER_156,cattle_man,3198.503255260027,50.90478851428098
D,CLUSTER_158,cattle_man,792.0,42.08727001313587
D,CLUSTER_163,cattle_man,10520.0,23.13424256836321
D,CLUSTER_163,cattle_slu,11000.0,23.13424256836321
D,CLUSTER_163,horse_man,1805.0,23.13424256836321
D,CLUSTER_164,cattle_man,5420.0,22.25291891276481
D,CLUSTER_164,cattle_slu,4795.1,22.25291891276481
D,CLUSTER_170,cattle_man,2987.28,35.36935082396646
D,CLUSTER_172,horse_man,2882.7,62.04206030692933
D,CLUSTER_173,cattle_man,7846.000000000001,9.343945670946573
D,CLUSTER_173,cattle_slu,8502.0,9.343945670946573
D,CLUSTER_173,pig_slu,1495.07,9.343945670946573
D,CLUSTER_177,cattle_man,5132.0,21.068938784946045
D,CLUSTER_177,cattle_slu,4510.4,21.068938784946045
D,CLUSTER_177,pig_slu,10894.855045432909,21.068938784946045
D,CLUSTER_179,cattle_man,11220.0,2.5754620157960675
D,CLUSTER_179,cattle_slu,12390.0,2.5754620157960675
D,CLUSTER_179,pig_slu,1466.78,2.5754620157960675
D,CLUSTER_179,rape_str,741.5,2.5754620157960675
D,CLUSTER_200,cattle_man,3150.0,32.89976569759674
D,CLUSTER_213,cattle_man,3968.0,24.801434295263437
D,CLUSTER_213,cattle_slu,5510.0,24.801434295263437
D,CLUSTER_213,horse_man,642.2,24.801434295263437
D,CLUSTER_23,horse_man,1920.4,63.16080166843006
D,CLUSTER_236,cattle_slu,756.6,17.07780548078928
D,CLUSTER_236,pig_slu,2645.0,17.07780548078928
D,CLUSTER_238,cattle_man,7143.0,33.91973142945113
D,CLUSTER_238,horse_man,820.7,33.91973142945113
D,CLUSTER_247,cattle_slu,3040.0,30.67098789673432
D,CLUSTER_260,cattle_man,4728.0,47.28425556234581
D,CLUSTER_260,horse_man,1035.0,47.28425556234581
D,CLUSTER_271,cattle_man,3622.2,34.32193929161083
D,CLUSTER_271,horse_man,278.4,34.32193929161083
D,CLUSTER_275,cattle_man,3212.5,23.115264447638133
D,CLUSTER_275,cattle_slu,989.6,23.115264447638133
D,CLUSTER_277,cattle_man,6870.0,32.916884050971404
D,CLUSTER_310,horse_man,462.0,75.25458147612058
D,CLUSTER_317,cattle_man,11860.0,43.762993609617226
D,CLUSTER_320,cattle_slu,1671.0,31.905101068577075
D,CLUSTER_325,horse_man,3401.8,71.26161685238003
D,CLUSTER_328,cattle_man,9120.0,40.29365440516577
D,CLUSTER_334,horse_man,1501.5,63.790340555763976
D,CLUSTER_364,horse_man,483.8,75.2203090506651
D,CLUSTER_388,cattle_man,490.4,48.38290901994227
D,CLUSTER_388,horse_man,410.3,48.38290901994227
D,CLUSTER_410,cattle_man,8090.0,12.865400631284665
D,CLUSTER_410,cattle_slu,6470.0,12.865400631284665
D,CLUSTER_410,pig_slu,4418.0,12.865400631284665
D,CLUSTER_410,beet_leaf,1747.4,12.865400631284665
D,CLUSTER_424,cattle_man,6654.0,45.968922712928354
D,CLUSTER_426,horse_man,3962.2,54.41086622748543
D,CLUSTER_430,cattle_man,1180.0,18.25136947874733
D,CLUSTER_430,cattle_slu,644.35,18.25136947874733
D,CLUSTER_430,pig_slu,1767.3,18.25136947874733
D,CLUSTER_449,cattle_man,7060.2,25.27778846380765
D,CLUSTER_449,cattle_slu,3955.0999999999995,25.27778846380765
D,CLUSTER_449,horse_man,518.500398,25.27778846380765
D,CLUSTER_47,cattle_man,681.7,42.02889386688823
D,CLUSTER_47,horse_man,414.0,42.02889386688823
D,CLUSTER_487,cattle_slu,2333.0,29.40065651964807
D,CLUSTER_49,cattle_slu,4801.4,20.29398856275986
D,CLUSTER_49,pig_slu,4894.7,20.29398856275986
D,CLUSTER_491,cattle_man,6717.0,31.511466021297647
D,CLUSTER_491,cattle_slu,482.2,31.511466021297647
D,CLUSTER_497,cattle_man,5760.0,38.7308178177339
D,CLUSTER_506,cattle_man,1700.0,47.17342524138524
D,CLUSTER_519,cattle_man,4091.0,19.079024428248687
D,CLUSTER_519,cattle_slu,3254.0,19.079024428248687
D,CLUSTER_519,horse_man,814.0,19.079024428248687
D,CLUSTER_519,pig_slu,11.8,19.079024428248687
D,CLUSTER_530,horse_man,443.6,71.22563043227785
D,CLUSTER_538,cattle_man,3387.0,9.054286804598112
D,CLUSTER_538,cattle_slu,3543.0,9.054286804598112
D,CLUSTER_538,pig_slu,2128.6,9.054286804598112
D,CLUSTER_538,beet_leaf,343.8,9.054286804598112
D,CLUSTER_546,cattle_man,5370.0,35.1926279620909
D,CLUSTER_546,horse_man,444.0,35.1926279620909
D,CLUSTER_56,horse_man,1846.8,67.05532360760704
D,CLUSTER_60,horse_man,2507.8,54.78553990236587
D,CLUSTER_80,cattle_man,2733.9,23.81273532969968
D,CLUSTER_80,cattle_slu,4518.7,23.81273532969968
D,CLUSTER_95,cattle_man,4536.0,41.12688216214332
D,CLUSTER_95,horse_man,229.22,41.12688216214332
D,CLUSTER_97,cattle_slu,4389.0,29.545257782709765
W,CLUSTER_123,cattle_man,9000.0,7.264400147093005
W,CLUSTER_123,cattle_slu,48680.0,7.264400147093005
W,CLUSTER_128,cattle_man,10124.4,13.948834957578647
W,CLUSTER_128,cattle_slu,40444.8,13.948834957578647
W,CLUSTER_129,cattle_man,8284.0,33.85809471004437
W,CLUSTER_14,cattle_man,9659.0,18.75262658839073
W,CLUSTER_14,cattle_slu,49630.0,18.75262658839073
W,CLUSTER_166,cattle_slu,40970.0,16.80552217902144
W,CLUSTER_187,cattle_man,4002.9999999999995,31.080016229924404
W,CLUSTER_253,cattle_man,6043.0,20.446602181523875
W,CLUSTER_305,cattle_man,4426.0,15.527862780817022
W,CLUSTER_305,cattle_slu,18427.0,15.527862780817022
W,CLUSTER_315,cattle_man,1100.0408170932785,55.7098903981426
W,CLUSTER_316,cattle_man,7202.0,26.745717423850007
W,CLUSTER_341,cattle_man,862.8,20.397030118473783
W,CLUSTER_365,cattle_man,16119.999999999998,15.676384207032047
W,CLUSTER_365,cattle_slu,94000.0,15.676384207032047
W,CLUSTER_368,cattle_slu,38230.0,10.168308666980993
W,CLUSTER_376,cattle_man,2955.0,46.87616448322062
W,CLUSTER_383,cattle_man,4512.0,2.164530103471652
W,CLUSTER_383,cattle_slu,28660.0,2.164530103471652
W,CLUSTER_383,pig_slu,4858.0,2.164530103471652
W,CLUSTER_393,cattle_man,1357.0,28.72683259708658
W,CLUSTER_44,cattle_slu,73970.0,13.292729514994187
W,CLUSTER_479,cattle_man,6870.0,22.97236857187894
W,CLUSTER_485,cattle_man,3740.0,38.90307956966676
W,CLUSTER_500,cattle_man,5430.0,12.529086317539823
W,CLUSTER_500,cattle_slu,19830.0,12.529086317539823
W,CLUSTER_511,cattle_man,2498.0,38.9216654325155
W,CLUSTER_515,cattle_man,990.9999999999999,35.52465478129203
W,CLUSTER_531,cattle_man,750.0,22.84765859623364
W,CLUSTER_533,cattle_man,693.0,21.986002825355182
W,CLUSTER_534,cattle_man,2189.0,46.95632558211818
W,CLUSTER_83,cattle_man,8530.0,28.6755803552172
