SupplyNode,PlantLocation,Feedstock,FlowTons,Distance_km
CLUSTER_180,A,horse_man,662.4962510109389,3.643762606514474
CLUSTER_180,A,pig_man,2923.264707585762,3.643762606514474
