SupplyNode,PlantLocation,Feedstock,FlowTons,Distance_km
CLUSTER_10,A,horse_man,1392.1999999999723,72.03630734519845
CLUSTER_10,A,pig_man,15.96929999999306,72.03630734519845
CLUSTER_108,A,cattle_man,372.3999999990563,43.48267892515856
CLUSTER_108,A,horse_man,2893.0,43.48267892515856
CLUSTER_108,A,pig_man,291.926,43.48267892515856
CLUSTER_114,A,pig_man,77.82100000000001,63.68139703530928
CLUSTER_119,A,pig_man,210.9,67.6339067480182
CLUSTER_134,A,cattle_man,8431.39999999935,29.285180508295625
CLUSTER_134,A,horse_man,721.52,29.285180508295625
CLUSTER_134,A,pig_man,1021.56,29.285180508295625
CLUSTER_139,A,cattle_man,3032.51,43.96898028522914
CLUSTER_139,A,horse_man,980.3,43.96898028522914
CLUSTER_139,A,pig_man,42.67,43.96898028522914
CLUSTER_148,A,cattle_man,4501.0,19.63048404359735
CLUSTER_148,A,cattle_slu,36150.0,19.63048404359735
CLUSTER_148,A,horse_man,500.77,19.63048404359735
CLUSTER_148,A,legume_str,71.2,19.63048404359735
CLUSTER_148,A,pig_man,361.14175,19.63048404359735
CLUSTER_148,A,rape_str,856.0,19.63048404359735
CLUSTER_153,A,cattle_man,5103.062,23.775410828272832
CLUSTER_153,A,cattle_slu,34327.0,23.775410828272832
CLUSTER_153,A,horse_man,1262.5,23.775410828272832
CLUSTER_153,A,legume_str,465.2,23.775410828272832
CLUSTER_153,A,pig_man,71.88691,23.775410828272832
CLUSTER_153,A,rape_str,2865.0,23.775410828272832
CLUSTER_154,A,cattle_man,5634.1,23.65698531937003
CLUSTER_154,A,cattle_slu,264.058,23.65698531937003
CLUSTER_154,A,horse_man,347.6,23.65698531937003
CLUSTER_154,A,pig_man,309.885,23.65698531937003
CLUSTER_156,A,horse_man,1144.7,62.271269966254266
CLUSTER_156,A,pig_man,137.8229,62.271269966254266
CLUSTER_158,A,horse_man,253.79999999999998,66.23329797771383
CLUSTER_16,A,cattle_man,11750.6,29.66074293948328
CLUSTER_16,A,horse_man,1532.4,29.66074293948328
CLUSTER_16,A,pig_man,563.7029,29.66074293948328
CLUSTER_160,A,cattle_man,5620.0,34.978176494634184
CLUSTER_160,A,horse_man,2174.2,34.978176494634184
CLUSTER_160,A,pig_man,238.759,34.978176494634184
CLUSTER_161,A,cattle_man,6850.0,49.97448363015407
CLUSTER_161,A,horse_man,429.62,49.97448363015407
CLUSTER_161,A,pig_man,1184.0,49.97448363015407
CLUSTER_164,A,horse_man,1264.0,64.1273386317853
CLUSTER_164,A,pig_man,46.635000000000005,64.1273386317853
CLUSTER_170,A,horse_man,782.0,68.41681826789632
CLUSTER_172,A,horse_man,2882.7,87.28422354521676
CLUSTER_173,A,pig_man,64.52416,66.93377979829805
CLUSTER_177,A,horse_man,285.4,49.918316795187806
CLUSTER_177,A,pig_man,779.21,49.918316795187806
CLUSTER_179,A,pig_man,63.56600000000001,63.59605159193063
CLUSTER_181,A,cattle_man,10934.199,22.478007255401888
CLUSTER_181,A,cattle_slu,14488.0,22.478007255401888
CLUSTER_181,A,horse_man,824.1,22.478007255401888
CLUSTER_181,A,legume_str,393.5,22.478007255401888
CLUSTER_181,A,pig_man,1482.4,22.478007255401888
CLUSTER_181,A,rape_str,425.5,22.478007255401888
CLUSTER_183,A,horse_man,2503.0,69.69165823661866
CLUSTER_183,A,pig_man,458.82,69.69165823661866
CLUSTER_194,A,cattle_man,4180.5,27.248081530647028
CLUSTER_194,A,cattle_slu,4298.8,27.248081530647028
CLUSTER_194,A,horse_man,974.4,27.248081530647028
CLUSTER_194,A,pig_man,308.943,27.248081530647028
CLUSTER_199,A,pig_man,341.399,61.3292109221677
CLUSTER_200,A,horse_man,797.9,57.92019798819157
CLUSTER_200,A,pig_man,508.565,57.92019798819157
CLUSTER_213,A,horse_man,642.2,75.66217311942643
CLUSTER_217,A,cattle_man,3099.0,49.45344633652268
CLUSTER_217,A,horse_man,1360.0,49.45344633652268
CLUSTER_217,A,pig_man,542.22,49.45344633652268
CLUSTER_221,A,pig_man,218.174,69.37629954996027
CLUSTER_222,A,cattle_man,794.6,40.27842078810764
CLUSTER_222,A,horse_man,643.3,40.27842078810764
CLUSTER_222,A,pig_man,43.141,40.27842078810764
CLUSTER_23,A,horse_man,1920.4,96.54183846912068
CLUSTER_232,A,cattle_man,9900.0,56.63756620938945
CLUSTER_232,A,horse_man,3168.0,56.63756620938945
CLUSTER_232,A,pig_man,245.34999999999997,56.63756620938945
CLUSTER_236,A,cattle_man,1177.4,45.2572792012248
CLUSTER_236,A,horse_man,1045.5,45.2572792012248
CLUSTER_236,A,pig_man,144.7,45.2572792012248
CLUSTER_238,A,pig_man,123.38,80.44200634865754
CLUSTER_24,A,cattle_man,15326.0,24.173224370921357
CLUSTER_24,A,cattle_slu,7552.1,24.173224370921357
CLUSTER_24,A,horse_man,1586.5,24.173224370921357
CLUSTER_24,A,pig_man,438.94,24.173224370921357
CLUSTER_242,A,cattle_man,11300.0,35.42453731350449
CLUSTER_242,A,horse_man,850.0,35.42453731350449
CLUSTER_242,A,pig_man,257.9398,35.42453731350449
CLUSTER_246,A,cattle_man,2279.3,39.48364628706461
CLUSTER_246,A,horse_man,1160.4,39.48364628706461
CLUSTER_246,A,pig_man,400.322,39.48364628706461
CLUSTER_247,A,cattle_man,2871.0,37.99840991181951
CLUSTER_247,A,horse_man,632.0,37.99840991181951
CLUSTER_247,A,pig_man,228.0,37.99840991181951
CLUSTER_251,A,cattle_man,1718.4,51.7526175136418
CLUSTER_251,A,horse_man,239.3,51.7526175136418
CLUSTER_251,A,pig_man,335.71000000000004,51.7526175136418
CLUSTER_255,A,pig_man,204.36,65.3054809311904
CLUSTER_260,A,horse_man,1035.0,90.47524169894083
CLUSTER_260,A,pig_man,45.446,90.47524169894083
CLUSTER_265,A,pig_man,39.79,54.44119965832381
CLUSTER_271,A,pig_man,831.7,71.5572971119644
CLUSTER_275,A,cattle_man,3212.5,52.57682769192501
CLUSTER_275,A,horse_man,564.0,52.57682769192501
CLUSTER_277,A,cattle_man,6870.0,52.36183155727053
CLUSTER_277,A,horse_man,872.3,52.36183155727053
CLUSTER_277,A,pig_man,203.959,52.36183155727053
CLUSTER_278,A,pig_man,334.991,84.85414465117951
CLUSTER_283,A,cattle_man,4490.4,21.03579743314312
CLUSTER_283,A,cattle_slu,6544.7,21.03579743314312
CLUSTER_283,A,horse_man,349.112,21.03579743314312
CLUSTER_283,A,pig_man,1637.37,21.03579743314312
CLUSTER_289,A,cattle_man,2928.51287,13.190976422867877
CLUSTER_289,A,cattle_slu,21630.0,13.190976422867877
CLUSTER_289,A,horse_man,747.4,13.190976422867877
CLUSTER_289,A,legume_str,485.4,13.190976422867877
CLUSTER_289,A,pig_man,222.68,13.190976422867877
CLUSTER_289,A,rape_str,1516.0,13.190976422867877
CLUSTER_293,A,cattle_man,4637.0,42.20484098981909
CLUSTER_293,A,horse_man,504.0,42.20484098981909
CLUSTER_293,A,pig_man,338.2269,42.20484098981909
CLUSTER_294,A,pig_man,937.6,55.112513883942064
CLUSTER_298,A,cattle_man,6560.0,16.10586470800943
CLUSTER_298,A,cattle_slu,19530.0,16.10586470800943
CLUSTER_298,A,horse_man,591.0,16.10586470800943
CLUSTER_298,A,rape_str,36.254579618139616,16.10586470800943
CLUSTER_30,A,cattle_man,5446.59,30.78498767527438
CLUSTER_30,A,horse_man,478.27,30.78498767527438
CLUSTER_30,A,pig_man,2280.0,30.78498767527438
CLUSTER_310,A,horse_man,462.0,84.91009244671
CLUSTER_310,A,pig_man,67.1,84.91009244671
CLUSTER_314,A,cattle_man,812.91,44.01190250264749
CLUSTER_314,A,horse_man,639.0,44.01190250264749
CLUSTER_314,A,pig_man,452.226,44.01190250264749
CLUSTER_317,A,cattle_man,11860.0,51.4919144608568
CLUSTER_317,A,horse_man,217.4,51.4919144608568
CLUSTER_317,A,pig_man,92.31,51.4919144608568
CLUSTER_318,A,horse_man,569.4,91.32096835787908
CLUSTER_320,A,cattle_man,1036.0,31.38692821753403
CLUSTER_320,A,horse_man,151.8,31.38692821753403
CLUSTER_320,A,pig_man,16.0,31.38692821753403
CLUSTER_325,A,pig_man,710.15139,97.18453441879257
CLUSTER_326,A,cattle_man,7270.0,53.49439940912529
CLUSTER_326,A,horse_man,1285.4,53.49439940912529
CLUSTER_326,A,pig_man,707.3,53.49439940912529
CLUSTER_328,A,cattle_man,9120.0,41.954795854715805
CLUSTER_328,A,horse_man,333.38,41.954795854715805
CLUSTER_328,A,pig_man,824.57,41.954795854715805
CLUSTER_332,A,cattle_man,620.3,43.66312688432549
CLUSTER_332,A,horse_man,404.6,43.66312688432549
CLUSTER_332,A,pig_man,132.8458,43.66312688432549
CLUSTER_334,A,pig_man,214.22,103.51593059892222
CLUSTER_336,A,cattle_man,9570.0,26.846548775390115
CLUSTER_336,A,cattle_slu,3179.0,26.846548775390115
CLUSTER_336,A,horse_man,579.9,26.846548775390115
CLUSTER_336,A,pig_man,552.236,26.846548775390115
CLUSTER_336,A,rape_str,204.15259135596136,26.846548775390115
CLUSTER_347,A,cattle_man,674.0,45.10993267668314
CLUSTER_347,A,horse_man,826.5,45.10993267668314
CLUSTER_347,A,pig_man,55.193,45.10993267668314
CLUSTER_348,A,beet_leaf,527.7,8.850622611252732
CLUSTER_348,A,cattle_man,2194.0,8.850622611252732
CLUSTER_348,A,cattle_slu,13760.0,8.850622611252732
CLUSTER_348,A,horse_man,429.0,8.850622611252732
CLUSTER_348,A,legume_str,156.9,8.850622611252732
CLUSTER_348,A,pig_man,264.2,8.850622611252732
CLUSTER_348,A,pig_slu,4246.0,8.850622611252732
CLUSTER_348,A,rape_str,718.0,8.850622611252732
CLUSTER_36,A,pig_man,1634.0,75.22309680655782
CLUSTER_361,A,cattle_man,4111.29,34.03336738323211
CLUSTER_361,A,horse_man,200.3,34.03336738323211
CLUSTER_361,A,pig_man,900.0,34.03336738323211
CLUSTER_364,A,horse_man,483.8,91.06161944255756
CLUSTER_367,A,horse_man,1169.9,61.04364357906913
CLUSTER_367,A,pig_man,1184.2,61.04364357906913
CLUSTER_38,A,beet_leaf,1765.0,11.29695221802024
CLUSTER_38,A,cattle_man,6536.0,11.29695221802024
CLUSTER_38,A,cattle_slu,11030.0,11.29695221802024
CLUSTER_38,A,horse_man,253.79999999999998,11.29695221802024
CLUSTER_38,A,pig_man,315.61,11.29695221802024
CLUSTER_38,A,pig_slu,4310.0,11.29695221802024
CLUSTER_38,A,rape_str,891.0,11.29695221802024
CLUSTER_381,A,pig_man,167.133571,40.85392753386208
CLUSTER_388,A,horse_man,410.3,76.76137507765564
CLUSTER_389,A,cattle_man,790.9,16.712998291310722
CLUSTER_389,A,cattle_slu,250.0,16.712998291310722
CLUSTER_389,A,horse_man,483.0,16.712998291310722
CLUSTER_389,A,pig_man,58.461,16.712998291310722
CLUSTER_395,A,cattle_man,1724.5,24.41494952605315
CLUSTER_395,A,cattle_slu,11396.0,24.41494952605315
CLUSTER_395,A,horse_man,552.0799999999999,24.41494952605315
CLUSTER_395,A,legume_str,73.81,24.41494952605315
CLUSTER_395,A,pig_man,29.4111,24.41494952605315
CLUSTER_395,A,rape_str,1105.0,24.41494952605315
CLUSTER_4,A,beet_leaf,8998.6,4.5550621286427
CLUSTER_4,A,cattle_man,20439.0,4.5550621286427
CLUSTER_4,A,cattle_slu,14925.2,4.5550621286427
CLUSTER_4,A,horse_man,2532.2,4.5550621286427
CLUSTER_4,A,legume_str,531.23,4.5550621286427
CLUSTER_4,A,pig_man,730.49,4.5550621286427
CLUSTER_4,A,pig_slu,11246.8,4.5550621286427
CLUSTER_4,A,rape_str,2234.4,4.5550621286427
CLUSTER_405,A,cattle_man,3574.0,19.313299462646345
CLUSTER_405,A,cattle_slu,18811.7,19.313299462646345
CLUSTER_405,A,horse_man,311.8,19.313299462646345
CLUSTER_405,A,legume_str,321.95,19.313299462646345
CLUSTER_405,A,pig_man,1316.0,19.313299462646345
CLUSTER_405,A,rape_str,758.7,19.313299462646345
CLUSTER_41,A,cattle_man,390.8,42.66545413610795
CLUSTER_41,A,horse_man,2108.8,42.66545413610795
CLUSTER_41,A,pig_man,16.8586,42.66545413610795
CLUSTER_410,A,horse_man,808.4,53.91201300130248
CLUSTER_410,A,pig_man,261.9019,53.91201300130248
CLUSTER_417,A,cattle_man,11640.0,15.559861013114594
CLUSTER_417,A,cattle_slu,13263.0,15.559861013114594
CLUSTER_417,A,horse_man,430.8,15.559861013114594
CLUSTER_417,A,pig_man,197.25,15.559861013114594
CLUSTER_418,A,cattle_man,5426.46,32.39678056081243
CLUSTER_418,A,horse_man,144.9,32.39678056081243
CLUSTER_418,A,pig_man,116.425,32.39678056081243
CLUSTER_420,A,cattle_man,7064.0,25.277868800909875
CLUSTER_420,A,cattle_slu,40370.0,25.277868800909875
CLUSTER_420,A,horse_man,315.77,25.277868800909875
CLUSTER_420,A,legume_str,308.5,25.277868800909875
CLUSTER_420,A,pig_man,412.5,25.277868800909875
CLUSTER_420,A,rape_str,472.0,25.277868800909875
CLUSTER_421,A,cattle_man,2121.0,31.484309858386823
CLUSTER_421,A,horse_man,802.6,31.484309858386823
CLUSTER_424,A,cattle_man,6654.0,54.215304853165705
CLUSTER_424,A,horse_man,879.04,54.215304853165705
CLUSTER_424,A,pig_man,185.966,54.215304853165705
CLUSTER_425,A,pig_man,14.561,52.57413129914561
CLUSTER_426,A,horse_man,3962.2,94.79661582337395
CLUSTER_426,A,pig_man,46.733,94.79661582337395
CLUSTER_430,A,pig_man,159.375,63.32744571499799
CLUSTER_433,A,pig_man,179.118,65.41673676274182
CLUSTER_444,A,cattle_man,2690.0,56.03879946148008
CLUSTER_444,A,horse_man,379.2,56.03879946148008
CLUSTER_444,A,pig_man,84.611,56.03879946148008
CLUSTER_445,A,cattle_man,831.9,38.935274469923655
CLUSTER_445,A,horse_man,58.691,38.935274469923655
CLUSTER_445,A,pig_man,3700.0,38.935274469923655
CLUSTER_449,A,pig_man,577.091,68.3372634751509
CLUSTER_454,A,pig_man,279.8,48.45223443400345
CLUSTER_455,A,cattle_man,11640.0,44.28843241430169
CLUSTER_455,A,horse_man,810.1,44.28843241430169
CLUSTER_455,A,pig_man,488.40999999999997,44.28843241430169
CLUSTER_46,A,cattle_man,1697.0,27.1164267111533
CLUSTER_46,A,cattle_slu,11639.0,27.1164267111533
CLUSTER_46,A,horse_man,2237.0,27.1164267111533
CLUSTER_46,A,pig_man,83.87871,27.1164267111533
CLUSTER_460,A,cattle_man,3371.2,59.94741320610834
CLUSTER_460,A,horse_man,392.16,59.94741320610834
CLUSTER_460,A,pig_man,189.907,59.94741320610834
CLUSTER_462,A,cattle_man,3029.0,52.16380270252262
CLUSTER_462,A,horse_man,386.0,52.16380270252262
CLUSTER_462,A,pig_man,169.4,52.16380270252262
CLUSTER_465,A,cattle_man,5980.0,54.30975742922752
CLUSTER_465,A,horse_man,1448.0,54.30975742922752
CLUSTER_465,A,pig_man,518.0,54.30975742922752
CLUSTER_467,A,horse_man,266.5,72.23585569726903
CLUSTER_467,A,pig_man,1040.9,72.23585569726903
CLUSTER_468,A,cattle_man,1492.0,33.23859084313573
CLUSTER_468,A,horse_man,11.2,33.23859084313573
CLUSTER_47,A,horse_man,414.0,79.40526205980018
CLUSTER_483,A,cattle_man,2116.9,31.597137957998324
CLUSTER_483,A,horse_man,289.75,31.597137957998324
CLUSTER_483,A,pig_man,2458.9,31.597137957998324
CLUSTER_486,A,cattle_man,1158.0,43.74454786421076
CLUSTER_486,A,horse_man,429.2,43.74454786421076
CLUSTER_486,A,pig_man,772.0,43.74454786421076
CLUSTER_487,A,cattle_man,16400.0,33.08113530725777
CLUSTER_487,A,horse_man,431.5,33.08113530725777
CLUSTER_487,A,pig_man,299.25,33.08113530725777
CLUSTER_49,A,cattle_man,15490.0,42.46130522845837
CLUSTER_49,A,horse_man,1710.1,42.46130522845837
CLUSTER_49,A,pig_man,231.961,42.46130522845837
CLUSTER_491,A,horse_man,277.6,47.365932813731405
CLUSTER_491,A,pig_man,236.64,47.365932813731405
CLUSTER_494,A,cattle_man,9580.0,42.70887307778592
CLUSTER_494,A,horse_man,104.9,42.70887307778592
CLUSTER_494,A,pig_man,566.9,42.70887307778592
CLUSTER_497,A,cattle_man,5760.0,58.57046227002465
CLUSTER_497,A,horse_man,138.1,58.57046227002465
CLUSTER_497,A,pig_man,347.9,58.57046227002465
CLUSTER_506,A,cattle_man,1700.0,34.16521766898127
CLUSTER_506,A,horse_man,529.0,34.16521766898127
CLUSTER_506,A,pig_man,228.0325,34.16521766898127
CLUSTER_517,A,cattle_man,2042.0,34.5132974553721
CLUSTER_517,A,horse_man,372.7,34.5132974553721
CLUSTER_524,A,pig_man,18.178,46.6967130316412
CLUSTER_525,A,cattle_man,4927.7,51.15447831847524
CLUSTER_525,A,horse_man,29.06,51.15447831847524
CLUSTER_525,A,pig_man,24.965,51.15447831847524
CLUSTER_526,A,horse_man,485.0,68.74626624428147
CLUSTER_526,A,pig_man,141.0,68.74626624428147
CLUSTER_530,A,horse_man,443.6,75.97831124475768
CLUSTER_530,A,pig_man,84.5,75.97831124475768
CLUSTER_532,A,cattle_man,3510.0508,38.37566797906903
CLUSTER_532,A,horse_man,177.7,38.37566797906903
CLUSTER_532,A,pig_man,411.16,38.37566797906903
CLUSTER_535,A,pig_man,303.3,67.751194293858
CLUSTER_538,A,pig_man,151.197,54.62331186065964
CLUSTER_56,A,horse_man,1846.8,84.51318495123257
CLUSTER_56,A,pig_man,427.76,84.51318495123257
CLUSTER_60,A,horse_man,2507.8,88.31939020883055
CLUSTER_60,A,pig_man,45.1582,88.31939020883055
CLUSTER_66,A,pig_man,180.310571,71.5292027896671
CLUSTER_75,A,beet_leaf,6044.0,12.512165222766852
CLUSTER_75,A,cattle_man,15511.3,12.512165222766852
CLUSTER_75,A,cattle_slu,10715.148,12.512165222766852
CLUSTER_75,A,horse_man,1454.5,12.512165222766852
CLUSTER_75,A,legume_str,172.5,12.512165222766852
CLUSTER_75,A,pig_man,1113.72,12.512165222766852
CLUSTER_75,A,pig_slu,5008.575278615039,12.512165222766852
CLUSTER_75,A,rape_str,1046.1,12.512165222766852
CLUSTER_80,A,pig_man,275.303,58.33315354218342
CLUSTER_87,A,cattle_man,23670.0,38.31688014190752
CLUSTER_87,A,horse_man,362.10543,38.31688014190752
CLUSTER_87,A,pig_man,544.04,38.31688014190752
CLUSTER_88,A,cattle_man,1437.0,33.9713868060302
CLUSTER_88,A,horse_man,1496.2,33.9713868060302
CLUSTER_88,A,pig_man,46.485800000000005,33.9713868060302
CLUSTER_95,A,horse_man,229.22,61.47786020107037
CLUSTER_95,A,pig_man,778.92,61.47786020107037
CLUSTER_97,A,cattle_man,4494.0,40.619549683011215
CLUSTER_97,A,horse_man,1266.8,40.619549683011215
CLUSTER_97,A,pig_man,302.6467,40.619549683011215
CLUSTER_116,B,legume_str,256.53,23.17587762669925
CLUSTER_116,B,maize_str,4269.999999999994,23.17587762669925
CLUSTER_116,B,rape_str,1331.7,23.17587762669925
CLUSTER_125,B,legume_str,441.0,19.288193112906463
CLUSTER_125,B,maize_str,642.8,19.288193112906463
CLUSTER_125,B,rape_str,3920.0,19.288193112906463
CLUSTER_162,B,legume_str,744.7,28.868066030065204
CLUSTER_162,B,rape_str,2424.0,28.868066030065204
CLUSTER_175,B,legume_str,508.2,34.605815407247995
CLUSTER_175,B,maize_str,1895.0,34.605815407247995
CLUSTER_175,B,rape_str,1513.0,34.605815407247995
CLUSTER_180,B,legume_str,350.0,29.72065235025936
CLUSTER_180,B,maize_str,9410.0,29.72065235025936
CLUSTER_180,B,rape_str,2510.0,29.72065235025936
CLUSTER_186,B,beet_leaf,5201.901332886935,19.133994274630567
CLUSTER_186,B,legume_str,321.6,19.133994274630567
CLUSTER_186,B,maize_str,2451.0,19.133994274630567
CLUSTER_186,B,rape_str,2267.0,19.133994274630567
CLUSTER_212,B,beet_leaf,11460.0,10.204069811013332
CLUSTER_212,B,cattle_man,5215.0,10.204069811013332
CLUSTER_212,B,legume_str,423.4,10.204069811013332
CLUSTER_212,B,maize_str,2516.0,10.204069811013332
CLUSTER_212,B,rape_str,2994.0,10.204069811013332
CLUSTER_239,B,legume_str,357.8,40.74383330410547
CLUSTER_239,B,rape_str,1717.0,40.74383330410547
CLUSTER_240,B,legume_str,511.70000000000016,36.86859057205646
CLUSTER_240,B,rape_str,698.0,36.86859057205646
CLUSTER_257,B,legume_str,280.6,25.36740913099128
CLUSTER_257,B,maize_str,4463.0,25.36740913099128
CLUSTER_257,B,rape_str,1210.4,25.36740913099128
CLUSTER_267,B,legume_str,523.5,26.72496634577855
CLUSTER_267,B,maize_str,4239.0,26.72496634577855
CLUSTER_267,B,rape_str,1938.0,26.72496634577855
CLUSTER_290,B,legume_str,233.8,25.34343405924305
CLUSTER_290,B,maize_str,388.7,25.34343405924305
CLUSTER_290,B,rape_str,1121.03,25.34343405924305
CLUSTER_295,B,legume_str,228.28,41.36371342539419
CLUSTER_295,B,rape_str,310.5,41.36371342539419
CLUSTER_306,B,legume_str,1097.0,37.99602477473921
CLUSTER_306,B,rape_str,2327.0,37.99602477473921
CLUSTER_31,B,legume_str,400.9,44.442568776476826
CLUSTER_31,B,rape_str,3014.0,44.442568776476826
CLUSTER_321,B,legume_str,474.1,27.76364799256888
CLUSTER_321,B,maize_str,1399.0,27.76364799256888
CLUSTER_321,B,rape_str,1433.0,27.76364799256888
CLUSTER_34,B,legume_str,428.6,33.23818120866924
CLUSTER_34,B,maize_str,4809.0,33.23818120866924
CLUSTER_34,B,rape_str,1322.6,33.23818120866924
CLUSTER_340,B,beet_leaf,20402.0,18.8035536179914
CLUSTER_340,B,legume_str,294.533,18.8035536179914
CLUSTER_340,B,maize_str,1072.4,18.8035536179914
CLUSTER_340,B,rape_str,944.0,18.8035536179914
CLUSTER_35,B,legume_str,631.6,27.9589708751052
CLUSTER_35,B,rape_str,3218.0,27.9589708751052
CLUSTER_373,B,beet_leaf,13286.0,18.352009074920005
CLUSTER_373,B,legume_str,370.5,18.352009074920005
CLUSTER_373,B,maize_str,870.8,18.352009074920005
CLUSTER_373,B,rape_str,814.9,18.352009074920005
CLUSTER_394,B,legume_str,403.6,36.76336445710714
CLUSTER_394,B,rape_str,3108.0,36.76336445710714
CLUSTER_397,B,legume_str,173.8,36.367905659595216
CLUSTER_397,B,rape_str,641.0,36.367905659595216
CLUSTER_399,B,beet_leaf,2780.0,12.084130295742815
CLUSTER_399,B,cattle_man,1238.6,12.084130295742815
CLUSTER_399,B,legume_str,297.37,12.084130295742815
CLUSTER_399,B,maize_str,1120.2,12.084130295742815
CLUSTER_399,B,rape_str,723.2,12.084130295742815
CLUSTER_408,B,legume_str,270.2,44.16568335501823
CLUSTER_408,B,rape_str,1388.0,44.16568335501823
CLUSTER_441,B,legume_str,342.2,33.27680386093176
CLUSTER_441,B,maize_str,2827.0,33.27680386093176
CLUSTER_441,B,rape_str,1217.0,33.27680386093176
CLUSTER_447,B,legume_str,578.0,47.77489586427691
CLUSTER_447,B,rape_str,901.0,47.77489586427691
CLUSTER_451,B,legume_str,293.0,31.67366396293797
CLUSTER_451,B,maize_str,737.0,31.67366396293797
CLUSTER_451,B,rape_str,3060.0,31.67366396293797
CLUSTER_464,B,legume_str,235.0,39.56517154638579
CLUSTER_464,B,rape_str,387.0,39.56517154638579
CLUSTER_48,B,beet_leaf,4005.1000000000004,14.16511224363142
CLUSTER_48,B,cattle_man,4164.0,14.16511224363142
CLUSTER_48,B,legume_str,448.03,14.16511224363142
CLUSTER_48,B,maize_str,4581.0,14.16511224363142
CLUSTER_48,B,rape_str,1712.0,14.16511224363142
CLUSTER_481,B,legume_str,620.0,24.3166117659611
CLUSTER_481,B,maize_str,1163.0,24.3166117659611
CLUSTER_481,B,rape_str,4790.0,24.3166117659611
CLUSTER_495,B,legume_str,495.0,51.08244978754498
CLUSTER_501,B,maize_str,2754.2759612200275,34.71906270594732
CLUSTER_503,B,legume_str,401.2,31.59090055571513
CLUSTER_503,B,maize_str,953.0,31.59090055571513
CLUSTER_503,B,rape_str,1574.0,31.59090055571513
CLUSTER_504,B,cattle_man,41.0,15.468804852021446
CLUSTER_504,B,legume_str,94.63,15.468804852021446
CLUSTER_504,B,maize_str,1285.0,15.468804852021446
CLUSTER_504,B,rape_str,268.5,15.468804852021446
CLUSTER_52,B,beet_leaf,27950.0,6.277391126059704
CLUSTER_52,B,cattle_man,3984.5,6.277391126059704
CLUSTER_52,B,cattle_slu,20497.0,6.277391126059704
CLUSTER_52,B,legume_str,277.4,6.277391126059704
CLUSTER_52,B,maize_str,4642.0,6.277391126059704
CLUSTER_52,B,rape_str,675.0,6.277391126059704
CLUSTER_545,B,legume_str,184.9,25.583809129812558
CLUSTER_545,B,maize_str,2700.0,25.583809129812558
CLUSTER_545,B,rape_str,992.0,25.583809129812558
CLUSTER_7,B,legume_str,232.0,47.053307385051575
CLUSTER_7,B,rape_str,2308.0,47.053307385051575
CLUSTER_71,B,legume_str,1174.2,42.6789580102004
CLUSTER_71,B,rape_str,2450.0,42.6789580102004
CLUSTER_72,B,legume_str,700.5,41.343197257143
CLUSTER_72,B,rape_str,3098.0,41.343197257143
CLUSTER_77,B,legume_str,300.0,44.7639939476957
CLUSTER_77,B,rape_str,1929.0,44.7639939476957
CLUSTER_89,B,legume_str,351.6,32.769411544506745
CLUSTER_89,B,maize_str,601.4,32.769411544506745
CLUSTER_89,B,rape_str,2965.0,32.769411544506745
CLUSTER_109,C,cattle_man,10424.0,48.59285726444713
CLUSTER_109,C,horse_man,2924.0,48.59285726444713
CLUSTER_109,C,pig_man,121.22265,48.59285726444713
CLUSTER_125,C,cattle_man,17940.0,47.22098463641965
CLUSTER_125,C,horse_man,653.0,47.22098463641965
CLUSTER_130,C,cattle_man,16581.0,26.50856476372532
CLUSTER_130,C,horse_man,373.2,26.50856476372532
CLUSTER_130,C,pig_man,304.35,26.50856476372532
CLUSTER_140,C,cattle_man,7209.0,24.90110993779076
CLUSTER_140,C,horse_man,867.0,24.90110993779076
CLUSTER_140,C,pig_man,765.7,24.90110993779076
CLUSTER_143,C,cattle_man,20920.0,32.80965424981905
CLUSTER_143,C,horse_man,1329.0,32.80965424981905
CLUSTER_143,C,pig_man,52.20089,32.80965424981905
CLUSTER_150,C,cattle_man,18940.0,29.293659409859693
CLUSTER_150,C,horse_man,998.0,29.293659409859693
CLUSTER_150,C,pig_man,605.1,29.293659409859693
CLUSTER_167,C,cattle_man,16680.0,40.98202256184605
CLUSTER_167,C,horse_man,1062.4,40.98202256184605
CLUSTER_167,C,pig_man,722.3,40.98202256184605
CLUSTER_17,C,cattle_man,9480.0,31.31493178028319
CLUSTER_17,C,horse_man,663.59,31.31493178028319
CLUSTER_17,C,pig_man,202.955,31.31493178028319
CLUSTER_175,C,cattle_man,2182.272,43.72832302908406
CLUSTER_175,C,horse_man,1207.3,43.72832302908406
CLUSTER_175,C,pig_man,35.4,43.72832302908406
CLUSTER_184,C,cattle_man,2092.0,53.89618853112566
CLUSTER_184,C,horse_man,556.0,53.89618853112566
CLUSTER_184,C,pig_man,1364.0,53.89618853112566
CLUSTER_186,C,cattle_man,2851.0,48.198278816084816
CLUSTER_186,C,horse_man,2019.1,48.198278816084816
CLUSTER_186,C,pig_man,471.4,48.198278816084816
CLUSTER_195,C,cattle_man,17240.0,40.7045320049086
CLUSTER_195,C,horse_man,1276.5,40.7045320049086
CLUSTER_195,C,pig_man,34.13825,40.7045320049086
CLUSTER_223,C,horse_man,1582.6,50.75126101749216
CLUSTER_223,C,pig_man,439.438657,50.75126101749216
CLUSTER_231,C,cattle_man,13870.0,42.01096935665744
CLUSTER_231,C,horse_man,1176.0,42.01096935665744
CLUSTER_231,C,pig_man,10.6436,42.01096935665744
CLUSTER_240,C,cattle_man,402.04,36.97174689367405
CLUSTER_240,C,horse_man,172.5,36.97174689367405
CLUSTER_240,C,pig_man,24.931,36.97174689367405
CLUSTER_259,C,cattle_man,6845.498721190779,39.82995655220658
CLUSTER_259,C,horse_man,817.6,39.82995655220658
CLUSTER_267,C,cattle_man,6170.0,52.660747780864696
CLUSTER_267,C,horse_man,951.0,52.660747780864696
CLUSTER_267,C,pig_man,778.8,52.660747780864696
CLUSTER_280,C,cattle_man,7664.0,17.100952878598157
CLUSTER_280,C,cattle_slu,35900.00425,17.100952878598157
CLUSTER_280,C,horse_man,1101.277,17.100952878598157
CLUSTER_280,C,pig_man,171.3,17.100952878598157
CLUSTER_284,C,cattle_man,1152.783,51.08893978892221
CLUSTER_284,C,horse_man,195.4,51.08893978892221
CLUSTER_284,C,pig_man,447.9,51.08893978892221
CLUSTER_290,C,cattle_man,4269.0,35.966996891338184
CLUSTER_290,C,horse_man,887.0,35.966996891338184
CLUSTER_290,C,pig_man,122.18799999999999,35.966996891338184
CLUSTER_295,C,cattle_man,1036.53,30.33512527967933
CLUSTER_295,C,horse_man,46.7,30.33512527967933
CLUSTER_301,C,cattle_man,2641.0,34.786789218473416
CLUSTER_301,C,horse_man,760.0,34.786789218473416
CLUSTER_301,C,pig_man,225.23,34.786789218473416
CLUSTER_31,C,cattle_man,11270.176,16.823267205661786
CLUSTER_31,C,cattle_slu,55000.0,16.823267205661786
CLUSTER_31,C,horse_man,3786.0,16.823267205661786
CLUSTER_31,C,pig_man,390.4,16.823267205661786
CLUSTER_311,C,cattle_man,22700.0,40.266642207600206
CLUSTER_311,C,horse_man,1250.5,40.266642207600206
CLUSTER_32,C,cattle_man,20691.0,47.49006412591
CLUSTER_32,C,horse_man,1842.9,47.49006412591
CLUSTER_32,C,pig_man,176.1042,47.49006412591
CLUSTER_321,C,cattle_man,2184.0,35.62181272208985
CLUSTER_321,C,horse_man,1668.0,35.62181272208985
CLUSTER_321,C,pig_man,53.32708,35.62181272208985
CLUSTER_33,C,horse_man,1803.0,58.97002185440804
CLUSTER_333,C,cattle_man,11300.0,27.17091123452085
CLUSTER_333,C,horse_man,712.5,27.17091123452085
CLUSTER_333,C,pig_man,364.2,27.17091123452085
CLUSTER_343,C,cattle_man,10540.0,20.63737956329357
CLUSTER_343,C,horse_man,329.269,20.63737956329357
CLUSTER_343,C,pig_man,296.7,20.63737956329357
CLUSTER_370,C,cattle_man,11090.0,36.91958603040547
CLUSTER_370,C,horse_man,1921.0,36.91958603040547
CLUSTER_370,C,pig_man,15.373134,36.91958603040547
CLUSTER_372,C,cattle_man,9440.0,5.172581154710652
CLUSTER_372,C,cattle_slu,40550.0,5.172581154710652
CLUSTER_372,C,horse_man,1283.0,5.172581154710652
CLUSTER_372,C,legume_str,304.78,5.172581154710652
CLUSTER_372,C,pig_man,127.52,5.172581154710652
CLUSTER_372,C,rape_str,903.9,5.172581154710652
CLUSTER_385,C,cattle_man,5530.0,11.39056768114834
CLUSTER_385,C,cattle_slu,21690.0,11.39056768114834
CLUSTER_385,C,horse_man,616.3,11.39056768114834
CLUSTER_385,C,legume_str,299.0,11.39056768114834
CLUSTER_385,C,pig_man,407.79,11.39056768114834
CLUSTER_387,C,cattle_man,7795.0,40.94505981506889
CLUSTER_387,C,horse_man,1714.3,40.94505981506889
CLUSTER_387,C,pig_man,180.0399,40.94505981506889
CLUSTER_397,C,cattle_man,5686.0,26.75076434324748
CLUSTER_397,C,horse_man,797.2,26.75076434324748
CLUSTER_397,C,pig_man,80.291,26.75076434324748
CLUSTER_399,C,horse_man,218.1,48.74574552705338
CLUSTER_399,C,pig_man,646.33,48.74574552705338
CLUSTER_406,C,pig_man,52.746,53.50041298811196
CLUSTER_408,C,cattle_man,7585.8,20.503998331387525
CLUSTER_408,C,horse_man,3122.0,20.503998331387525
CLUSTER_408,C,pig_man,511.6000000000001,20.503998331387525
CLUSTER_409,C,cattle_man,12230.0,30.05596830613999
CLUSTER_409,C,horse_man,858.0,30.05596830613999
CLUSTER_409,C,pig_man,568.9,30.05596830613999
CLUSTER_429,C,cattle_man,6420.0,27.038631102758167
CLUSTER_429,C,horse_man,723.0,27.038631102758167
CLUSTER_439,C,cattle_man,12440.0,18.594572498398943
CLUSTER_439,C,horse_man,163.7,18.594572498398943
CLUSTER_439,C,pig_man,625.9,18.594572498398943
CLUSTER_45,C,cattle_man,15750.0,38.32349445425737
CLUSTER_45,C,horse_man,1188.0,38.32349445425737
CLUSTER_45,C,pig_man,55.502,38.32349445425737
CLUSTER_453,C,cattle_man,163.9,43.04484396127167
CLUSTER_453,C,horse_man,209.4,43.04484396127167
CLUSTER_453,C,pig_man,269.0,43.04484396127167
CLUSTER_470,C,cattle_man,25970.0,51.27129842685051
CLUSTER_470,C,horse_man,1289.0,51.27129842685051
CLUSTER_470,C,pig_man,190.5,51.27129842685051
CLUSTER_472,C,cattle_man,24810.0,23.29884404404517
CLUSTER_472,C,horse_man,709.0,23.29884404404517
CLUSTER_472,C,pig_man,22.5159,23.29884404404517
CLUSTER_477,C,cattle_man,6130.0,23.19724950578065
CLUSTER_477,C,horse_man,908.0,23.19724950578065
CLUSTER_48,C,horse_man,1045.96,60.142372763316274
CLUSTER_48,C,pig_man,1701.4,60.142372763316274
CLUSTER_484,C,cattle_man,10650.0,27.402337223093102
CLUSTER_484,C,horse_man,420.9,27.402337223093102
CLUSTER_484,C,pig_man,64.9729,27.402337223093102
CLUSTER_50,C,cattle_man,17080.0,17.82884162582554
CLUSTER_50,C,cattle_slu,67562.20601975128,17.82884162582554
CLUSTER_50,C,horse_man,1154.13,17.82884162582554
CLUSTER_50,C,pig_man,604.7121,17.82884162582554
CLUSTER_501,C,horse_man,474.5,58.23610941439606
CLUSTER_501,C,pig_man,1378.0,58.23610941439606
CLUSTER_503,C,cattle_man,1023.7099999999999,29.29911716889787
CLUSTER_503,C,horse_man,847.1,29.29911716889787
CLUSTER_505,C,cattle_man,10770.0,36.51216874895203
CLUSTER_505,C,horse_man,942.0,36.51216874895203
CLUSTER_509,C,cattle_man,10453.0,33.631197088666184
CLUSTER_509,C,horse_man,798.0,33.631197088666184
CLUSTER_509,C,pig_man,70.445,33.631197088666184
CLUSTER_542,C,cattle_man,20360.0,10.663489658462494
CLUSTER_542,C,cattle_slu,101000.0,10.663489658462494
CLUSTER_542,C,horse_man,1452.1,10.663489658462494
CLUSTER_542,C,pig_man,564.19,10.663489658462494
CLUSTER_59,C,cattle_man,5668.0,39.20134269398718
CLUSTER_59,C,horse_man,456.477,39.20134269398718
CLUSTER_59,C,pig_man,56.019,39.20134269398718
CLUSTER_7,C,cattle_man,6818.0,28.33425020145632
CLUSTER_7,C,horse_man,843.8,28.33425020145632
CLUSTER_7,C,pig_man,353.272,28.33425020145632
CLUSTER_73,C,pig_man,1190.810732195017,69.45388819471805
CLUSTER_89,C,cattle_man,6220.0,38.44793095362744
CLUSTER_89,C,horse_man,1274.4,38.44793095362744
CLUSTER_91,C,cattle_man,1586.06,43.36972608157746
CLUSTER_91,C,horse_man,619.6,43.36972608157746
CLUSTER_91,C,pig_man,218.0,43.36972608157746
CLUSTER_99,C,cattle_man,18960.0,17.1311043402315
CLUSTER_99,C,cattle_slu,98580.0,17.1311043402315
CLUSTER_99,C,horse_man,170.398,17.1311043402315
CLUSTER_99,C,pig_man,173.7,17.1311043402315
CLUSTER_100,D,horse_man,3060.510812825143,35.76836836014473
CLUSTER_100,D,pig_man,69.60999999999653,35.76836836014473
CLUSTER_101,D,horse_man,1895.41,53.92398315783012
CLUSTER_107,D,cattle_man,13402.1,8.685319645597085
CLUSTER_107,D,cattle_slu,55620.0,8.685319645597085
CLUSTER_107,D,horse_man,1668.9,8.685319645597085
CLUSTER_107,D,pig_man,993.2,8.685319645597085
CLUSTER_116,D,cattle_man,856.0,35.39447560490849
CLUSTER_116,D,horse_man,1252.0,35.39447560490849
CLUSTER_116,D,pig_man,144.5,35.39447560490849
CLUSTER_126,D,pig_man,804.9786595820882,58.05512783162895
CLUSTER_138,D,cattle_man,10203.0,26.26505587025034
CLUSTER_138,D,horse_man,665.1,26.26505587025034
CLUSTER_138,D,pig_man,1203.8,26.26505587025034
CLUSTER_144,D,cattle_man,16190.0,7.312830288787405
CLUSTER_144,D,cattle_slu,62869.99999999999,7.312830288787405
CLUSTER_144,D,horse_man,1888.0,7.312830288787405
CLUSTER_144,D,pig_man,1094.5,7.312830288787405
CLUSTER_144,D,rape_str,1689.0,7.312830288787405
CLUSTER_145,D,cattle_man,10356.0,44.521578782766696
CLUSTER_145,D,horse_man,1174.0,44.521578782766696
CLUSTER_145,D,pig_man,104.2,44.521578782766696
CLUSTER_152,D,cattle_man,3361.0,22.544408385722363
CLUSTER_152,D,horse_man,2493.3,22.544408385722363
CLUSTER_152,D,pig_man,174.14849999999998,22.544408385722363
CLUSTER_162,D,cattle_man,4108.423,40.14273362853346
CLUSTER_162,D,horse_man,3375.9,40.14273362853346
CLUSTER_162,D,pig_man,126.94,40.14273362853346
CLUSTER_176,D,pig_man,232.96,49.07406039292842
CLUSTER_180,D,horse_man,1481.0,63.61102184506999
CLUSTER_180,D,pig_man,6160.0,63.61102184506999
CLUSTER_182,D,cattle_man,9590.0,15.160199505972642
CLUSTER_182,D,cattle_slu,48000.0,15.160199505972642
CLUSTER_182,D,horse_man,2035.0,15.160199505972642
CLUSTER_182,D,pig_man,1527.0,15.160199505972642
CLUSTER_212,D,horse_man,525.0,55.77798487048769
CLUSTER_229,D,horse_man,466.3,43.10833668907636
CLUSTER_229,D,pig_man,38.028209,43.10833668907636
CLUSTER_239,D,cattle_man,3789.0,22.109129291610618
CLUSTER_239,D,horse_man,2882.5,22.109129291610618
CLUSTER_239,D,pig_man,931.74,22.109129291610618
CLUSTER_257,D,cattle_man,512.5,51.22887220469772
CLUSTER_257,D,horse_man,1598.0,51.22887220469772
CLUSTER_257,D,pig_man,1704.41,51.22887220469772
CLUSTER_263,D,cattle_man,11151.51,10.83332859596708
CLUSTER_263,D,cattle_slu,31750.0,10.83332859596708
CLUSTER_263,D,horse_man,3265.0,10.83332859596708
CLUSTER_263,D,legume_str,774.2,10.83332859596708
CLUSTER_263,D,pig_man,198.21,10.83332859596708
CLUSTER_297,D,cattle_man,11530.0,33.5807187190413
CLUSTER_297,D,horse_man,3459.0,33.5807187190413
CLUSTER_297,D,pig_man,153.126,33.5807187190413
CLUSTER_306,D,cattle_man,13760.0,34.859454247148484
CLUSTER_306,D,horse_man,2610.0,34.859454247148484
CLUSTER_306,D,pig_man,479.4,34.859454247148484
CLUSTER_315,D,cattle_man,6294.0,24.794381361123342
CLUSTER_315,D,horse_man,1179.8,24.794381361123342
CLUSTER_315,D,pig_man,304.38530000000003,24.794381361123342
CLUSTER_324,D,cattle_man,6315.0,17.643833359646514
CLUSTER_324,D,cattle_slu,15461.0,17.643833359646514
CLUSTER_324,D,horse_man,736.19,17.643833359646514
CLUSTER_324,D,pig_man,258.47,17.643833359646514
CLUSTER_338,D,cattle_man,6102.530000000001,8.078849590321614
CLUSTER_338,D,cattle_slu,23550.0,8.078849590321614
CLUSTER_338,D,horse_man,816.0,8.078849590321614
CLUSTER_338,D,pig_man,496.0,8.078849590321614
CLUSTER_339,D,cattle_man,3014.917,33.25391174721796
CLUSTER_339,D,horse_man,2136.8,33.25391174721796
CLUSTER_339,D,pig_man,586.97,33.25391174721796
CLUSTER_34,D,cattle_man,4823.3,23.964957577225316
CLUSTER_34,D,horse_man,3660.3,23.964957577225316
CLUSTER_34,D,pig_man,547.047,23.964957577225316
CLUSTER_340,D,cattle_man,979.0,40.25977463922188
CLUSTER_340,D,horse_man,1279.0,40.25977463922188
CLUSTER_340,D,pig_man,150.7,40.25977463922188
CLUSTER_342,D,cattle_man,4948.0,32.09753357629471
CLUSTER_342,D,horse_man,2247.0,32.09753357629471
CLUSTER_342,D,pig_man,109.9,32.09753357629471
CLUSTER_344,D,cattle_man,9980.0,20.96718978239316
CLUSTER_344,D,horse_man,1961.0,20.96718978239316
CLUSTER_344,D,pig_man,347.5,20.96718978239316
CLUSTER_345,D,cattle_man,8870.0,25.156651375214004
CLUSTER_345,D,horse_man,3059.0,25.156651375214004
CLUSTER_345,D,pig_man,131.752025,25.156651375214004
CLUSTER_349,D,cattle_man,4717.0,37.4117520924623
CLUSTER_349,D,horse_man,668.0,37.4117520924623
CLUSTER_349,D,pig_man,105.746,37.4117520924623
CLUSTER_353,D,cattle_man,9000.0,24.65454367864139
CLUSTER_353,D,horse_man,840.0,24.65454367864139
CLUSTER_353,D,pig_man,473.0,24.65454367864139
CLUSTER_373,D,cattle_man,930.61,47.91234184217268
CLUSTER_373,D,horse_man,1879.8,47.91234184217268
CLUSTER_427,D,cattle_man,8930.0,21.12275798689281
CLUSTER_427,D,horse_man,3104.5,21.12275798689281
CLUSTER_427,D,pig_man,799.2,21.12275798689281
CLUSTER_43,D,pig_man,36.5,37.64432213452465
CLUSTER_431,D,cattle_man,3900.2,26.76597317959716
CLUSTER_431,D,horse_man,1912.0,26.76597317959716
CLUSTER_431,D,pig_man,238.34,26.76597317959716
CLUSTER_441,D,cattle_man,3147.0,48.38087403416922
CLUSTER_441,D,horse_man,821.0,48.38087403416922
CLUSTER_441,D,pig_man,1272.0,48.38087403416922
CLUSTER_447,D,cattle_man,6210.0,24.39761178034851
CLUSTER_447,D,horse_man,3973.0,24.39761178034851
CLUSTER_447,D,pig_man,67.14,24.39761178034851
CLUSTER_458,D,cattle_man,4990.0,36.00620671059419
CLUSTER_458,D,horse_man,2320.0,36.00620671059419
CLUSTER_464,D,cattle_man,4492.0,18.659520726769472
CLUSTER_464,D,horse_man,752.0,18.659520726769472
CLUSTER_464,D,pig_man,54.032,18.659520726769472
CLUSTER_469,D,cattle_man,3134.0,48.37332541211067
CLUSTER_469,D,horse_man,840.0,48.37332541211067
CLUSTER_478,D,cattle_man,1374.0,31.947455703892505
CLUSTER_478,D,horse_man,340.1,31.947455703892505
CLUSTER_478,D,pig_man,35.400000000000006,31.947455703892505
CLUSTER_495,D,cattle_man,7770.0,14.402711176452026
CLUSTER_495,D,cattle_slu,28160.0,14.402711176452026
CLUSTER_495,D,horse_man,1575.0,14.402711176452026
CLUSTER_495,D,pig_man,180.446,14.402711176452026
CLUSTER_496,D,cattle_man,6675.3,35.67890745321999
CLUSTER_496,D,horse_man,451.0,35.67890745321999
CLUSTER_496,D,pig_man,687.3,35.67890745321999
CLUSTER_499,D,cattle_man,4370.0,12.051548174289811
CLUSTER_499,D,cattle_slu,14880.0,12.051548174289811
CLUSTER_499,D,horse_man,3670.0,12.051548174289811
CLUSTER_499,D,pig_man,128.13,12.051548174289811
CLUSTER_504,D,horse_man,1033.0,51.2491694570728
CLUSTER_504,D,pig_man,442.0,51.2491694570728
CLUSTER_52,D,horse_man,1083.1,50.878749261504616
CLUSTER_52,D,pig_man,917.46,50.878749261504616
CLUSTER_534,D,cattle_man,2189.0,29.251539520812944
CLUSTER_545,D,cattle_man,1080.0,40.9189246080326
CLUSTER_545,D,horse_man,1719.0,40.9189246080326
CLUSTER_545,D,pig_man,227.1,40.9189246080326
CLUSTER_63,D,cattle_man,14627.0,22.898750493896102
CLUSTER_63,D,horse_man,6166.0,22.898750493896102
CLUSTER_63,D,pig_man,79.20406,22.898750493896102
CLUSTER_71,D,pig_man,226.348,44.65350740506423
CLUSTER_100,E,cattle_man,9536.0,24.787700901177715
CLUSTER_100,E,horse_man,864.9891871748156,24.787700901177715
CLUSTER_122,E,cattle_man,17000.0,24.555881517768704
CLUSTER_122,E,horse_man,5260.0,24.555881517768704
CLUSTER_122,E,pig_man,40.78257,24.555881517768704
CLUSTER_126,E,cattle_man,6163.0,41.620311781374056
CLUSTER_126,E,horse_man,1435.2,41.620311781374056
CLUSTER_126,E,pig_man,2089.0213404179117,41.620311781374056
CLUSTER_131,E,cattle_man,9440.0,34.87070742784063
CLUSTER_131,E,horse_man,1232.0,34.87070742784063
CLUSTER_131,E,pig_man,1497.8,34.87070742784063
CLUSTER_142,E,cattle_man,32190.000000000004,16.545679246285765
CLUSTER_142,E,horse_man,1981.9999999999998,16.545679246285765
CLUSTER_142,E,pig_man,67.2671,16.545679246285765
CLUSTER_165,E,cattle_man,8970.0,27.54620888042217
CLUSTER_165,E,horse_man,1926.7,27.54620888042217
CLUSTER_165,E,pig_man,1019.9,27.54620888042217
CLUSTER_20,E,cattle_man,27140.0,38.20635512290734
CLUSTER_20,E,horse_man,3289.0,38.20635512290734
CLUSTER_20,E,pig_man,3376.0,38.20635512290734
CLUSTER_218,E,cattle_man,42980.0,25.02092809452386
CLUSTER_218,E,horse_man,4008.0000000000005,25.02092809452386
CLUSTER_22,E,cattle_man,44030.0,14.659576076363248
CLUSTER_22,E,cattle_slu,115057.39695939021,14.659576076363248
CLUSTER_22,E,horse_man,2301.0,14.659576076363248
CLUSTER_22,E,pig_man,696.0,14.659576076363248
CLUSTER_279,E,cattle_man,21730.0,4.311790666415534
CLUSTER_279,E,cattle_slu,74670.0,4.311790666415534
CLUSTER_279,E,horse_man,1665.3,4.311790666415534
CLUSTER_279,E,pig_man,723.8400164000001,4.311790666415534
CLUSTER_288,E,cattle_man,23510.0,13.103351900147086
CLUSTER_288,E,cattle_slu,69700.0,13.103351900147086
CLUSTER_288,E,horse_man,1884.0,13.103351900147086
CLUSTER_288,E,pig_man,786.0,13.103351900147086
CLUSTER_300,E,cattle_man,12150.0,12.757921305167269
CLUSTER_300,E,cattle_slu,48040.0,12.757921305167269
CLUSTER_300,E,horse_man,6326.0,12.757921305167269
CLUSTER_300,E,pig_man,581.8449999999999,12.757921305167269
CLUSTER_323,E,cattle_man,18150.0,4.723030808846975
CLUSTER_323,E,cattle_slu,79000.0,4.723030808846975
CLUSTER_323,E,horse_man,2339.0,4.723030808846975
CLUSTER_323,E,pig_man,275.81,4.723030808846975
CLUSTER_330,E,cattle_man,21960.0,38.96391401284662
CLUSTER_330,E,horse_man,1269.6,38.96391401284662
CLUSTER_330,E,pig_man,378.71,38.96391401284662
CLUSTER_354,E,horse_man,793.6,51.36397400543302
CLUSTER_371,E,cattle_man,13910.0,23.81194367041497
CLUSTER_371,E,horse_man,1280.1,23.81194367041497
CLUSTER_371,E,pig_man,228.32,23.81194367041497
CLUSTER_386,E,cattle_man,420.0,19.87666770031567
CLUSTER_386,E,horse_man,3289.0,19.87666770031567
CLUSTER_403,E,cattle_man,9000.0,27.04022444026832
CLUSTER_403,E,horse_man,1197.0,27.04022444026832
CLUSTER_403,E,pig_man,782.0,27.04022444026832
CLUSTER_423,E,cattle_man,22380.0,18.875245315829154
CLUSTER_423,E,horse_man,1678.0106,18.875245315829154
CLUSTER_423,E,pig_man,669.519,18.875245315829154
CLUSTER_43,E,cattle_man,697.37,23.7384854655003
CLUSTER_43,E,horse_man,1609.1999999999998,23.7384854655003
CLUSTER_466,E,cattle_man,13690.0,15.96894314021321
CLUSTER_466,E,horse_man,4155.0,15.96894314021321
CLUSTER_466,E,pig_man,43.27128999999999,15.96894314021321
CLUSTER_498,E,cattle_man,3436.0,19.525944209064924
CLUSTER_498,E,horse_man,2767.0,19.525944209064924
CLUSTER_523,E,cattle_man,13260.0,12.97987823529139
CLUSTER_523,E,cattle_slu,65000.0,12.97987823529139
CLUSTER_523,E,horse_man,1417.0,12.97987823529139
CLUSTER_523,E,pig_man,56.7,12.97987823529139
CLUSTER_544,E,cattle_man,5520.0,21.64529734347489
CLUSTER_544,E,pig_man,15.550000000000002,21.64529734347489
CLUSTER_57,E,cattle_man,1262.9,28.798407528603065
CLUSTER_64,E,cattle_man,35510.0,31.18404916273802
CLUSTER_64,E,horse_man,1753.8,31.18404916273802
CLUSTER_64,E,pig_man,1190.4,31.18404916273802
CLUSTER_69,E,cattle_man,40940.0,16.922617063107978
CLUSTER_69,E,horse_man,2441.2,16.922617063107978
CLUSTER_69,E,pig_man,1247.43,16.922617063107978
CLUSTER_71,E,cattle_man,8797.0,31.548900560661767
CLUSTER_71,E,horse_man,2948.9,31.548900560661767
CLUSTER_73,E,horse_man,1613.1,53.17682423866831
CLUSTER_73,E,pig_man,2264.189267804983,53.17682423866831
CLUSTER_81,E,cattle_man,26470.0,25.561351658610903
CLUSTER_81,E,horse_man,1535.0,25.561351658610903
CLUSTER_81,E,pig_man,12.9891,25.561351658610903
CLUSTER_92,E,cattle_man,17416.0,40.986289325761526
CLUSTER_92,E,horse_man,2276.0,40.986289325761526
CLUSTER_92,E,pig_man,122.73699999999998,40.986289325761526
CLUSTER_102,F,cattle_man,1724.0,12.980647320192682
CLUSTER_102,F,cattle_slu,10771.0,12.980647320192682
CLUSTER_102,F,horse_man,961.0,12.980647320192682
CLUSTER_112,F,cattle_man,13057.0,19.07636604822817
CLUSTER_112,F,horse_man,1571.0,19.07636604822817
CLUSTER_112,F,pig_man,508.8,19.07636604822817
CLUSTER_113,F,cattle_man,1617.0,26.90600933264296
CLUSTER_113,F,horse_man,513.4,26.90600933264296
CLUSTER_114,F,cattle_man,3025.0,47.074483155989455
CLUSTER_114,F,horse_man,632.9,47.074483155989455
CLUSTER_115,F,cattle_man,12403.0,34.436229469005525
CLUSTER_115,F,horse_man,190.35,34.436229469005525
CLUSTER_115,F,pig_man,276.8087,34.436229469005525
CLUSTER_120,F,cattle_man,10758.0,25.28670580992347
CLUSTER_120,F,horse_man,643.23,25.28670580992347
CLUSTER_120,F,pig_man,313.972,25.28670580992347
CLUSTER_133,F,cattle_man,1800.0,41.65314638202749
CLUSTER_133,F,horse_man,538.3,41.65314638202749
CLUSTER_168,F,cattle_man,4187.0,37.745429412068674
CLUSTER_168,F,horse_man,2384.0,37.745429412068674
CLUSTER_168,F,pig_man,426.892,37.745429412068674
CLUSTER_18,F,cattle_man,14355.0,29.10022888283004
CLUSTER_18,F,horse_man,809.7,29.10022888283004
CLUSTER_18,F,pig_man,338.1159,29.10022888283004
CLUSTER_185,F,cattle_man,4461.0,27.63698132605148
CLUSTER_185,F,horse_man,786.4,27.63698132605148
CLUSTER_185,F,pig_man,183.43,27.63698132605148
CLUSTER_19,F,cattle_man,5522.399530862254,47.75944440501087
CLUSTER_19,F,horse_man,1890.0,47.75944440501087
CLUSTER_197,F,cattle_man,6600.0,41.53782345997831
CLUSTER_197,F,horse_man,194.9,41.53782345997831
CLUSTER_199,F,cattle_man,3629.0,48.9139554258448
CLUSTER_199,F,horse_man,704.0,48.9139554258448
CLUSTER_21,F,cattle_man,11680.0,27.96178331263481
CLUSTER_21,F,horse_man,1242.7,27.96178331263481
CLUSTER_211,F,cattle_man,4080.0000000000005,9.329047559812194
CLUSTER_211,F,cattle_slu,27580.0,9.329047559812194
CLUSTER_211,F,horse_man,442.0,9.329047559812194
CLUSTER_211,F,pig_man,51.2,9.329047559812194
CLUSTER_216,F,cattle_man,6405.0,16.376625293247233
CLUSTER_216,F,cattle_slu,18914.0,16.376625293247233
CLUSTER_216,F,horse_man,1391.183,16.376625293247233
CLUSTER_221,F,cattle_man,8125.0,44.88714952327261
CLUSTER_221,F,horse_man,1171.9,44.88714952327261
CLUSTER_227,F,cattle_man,7020.0,39.32900501646075
CLUSTER_227,F,horse_man,79.97,39.32900501646075
CLUSTER_227,F,pig_man,882.0,39.32900501646075
CLUSTER_234,F,cattle_man,28380.0,50.3639977282538
CLUSTER_234,F,horse_man,2507.0,50.3639977282538
CLUSTER_234,F,pig_man,472.3,50.3639977282538
CLUSTER_245,F,cattle_man,13085.0,17.435206560515656
CLUSTER_245,F,cattle_slu,48317.807148526765,17.435206560515656
CLUSTER_245,F,horse_man,793.9,17.435206560515656
CLUSTER_245,F,pig_man,381.8,17.435206560515656
CLUSTER_249,F,cattle_man,9836.0,46.52033604107441
CLUSTER_249,F,horse_man,1754.0,46.52033604107441
CLUSTER_249,F,pig_man,509.2300000000001,46.52033604107441
CLUSTER_25,F,cattle_man,2469.58,28.66747953757437
CLUSTER_25,F,horse_man,395.1,28.66747953757437
CLUSTER_255,F,cattle_man,5100.0,52.66835624981744
CLUSTER_255,F,horse_man,1720.5,52.66835624981744
CLUSTER_261,F,cattle_man,10670.0,34.74804708641558
CLUSTER_261,F,horse_man,1088.2,34.74804708641558
CLUSTER_261,F,pig_man,42.392,34.74804708641558
CLUSTER_269,F,cattle_man,10313.0,33.64525152425336
CLUSTER_269,F,horse_man,2387.8,33.64525152425336
CLUSTER_269,F,pig_man,389.745,33.64525152425336
CLUSTER_286,F,cattle_man,4579.0,21.11332893864242
CLUSTER_286,F,horse_man,502.1,21.11332893864242
CLUSTER_286,F,pig_man,407.6,21.11332893864242
CLUSTER_299,F,cattle_man,4359.0,22.012237502636843
CLUSTER_299,F,horse_man,817.8,22.012237502636843
CLUSTER_299,F,pig_man,111.861,22.012237502636843
CLUSTER_307,F,cattle_man,3600.0,19.137382423253086
CLUSTER_307,F,horse_man,1101.0,19.137382423253086
CLUSTER_309,F,cattle_man,7630.0,1.0226810251023608
CLUSTER_309,F,cattle_slu,56380.0,1.0226810251023608
CLUSTER_309,F,horse_man,240.3,1.0226810251023608
CLUSTER_309,F,legume_str,115.88,1.0226810251023608
CLUSTER_309,F,pig_man,216.09,1.0226810251023608
CLUSTER_309,F,pig_slu,2572.0,1.0226810251023608
CLUSTER_309,F,rape_str,199.0,1.0226810251023608
CLUSTER_327,F,cattle_man,2540.0,50.84418033751664
CLUSTER_327,F,horse_man,336.5,50.84418033751664
CLUSTER_331,F,cattle_man,5700.0,31.771907169407825
CLUSTER_331,F,horse_man,3020.0,31.771907169407825
CLUSTER_331,F,pig_man,621.0,31.771907169407825
CLUSTER_335,F,cattle_man,4820.0,30.67173694607373
CLUSTER_335,F,horse_man,3071.0,30.67173694607373
CLUSTER_335,F,pig_man,497.042,30.67173694607373
CLUSTER_357,F,cattle_man,11532.0,37.51347198646486
CLUSTER_357,F,horse_man,1403.7,37.51347198646486
CLUSTER_357,F,pig_man,843.3,37.51347198646486
CLUSTER_358,F,cattle_man,8329.0,11.136269695526789
CLUSTER_358,F,cattle_slu,38440.0,11.136269695526789
CLUSTER_358,F,horse_man,586.9,11.136269695526789
CLUSTER_358,F,pig_man,505.06,11.136269695526789
CLUSTER_359,F,cattle_man,4205.0,43.52429647327087
CLUSTER_359,F,horse_man,362.1,43.52429647327087
CLUSTER_359,F,pig_man,13.947,43.52429647327087
CLUSTER_36,F,horse_man,1610.7,56.61384538642128
CLUSTER_380,F,cattle_man,6580.0,37.5069566042688
CLUSTER_380,F,horse_man,1242.0,37.5069566042688
CLUSTER_380,F,pig_man,506.99999999999994,37.5069566042688
CLUSTER_401,F,cattle_man,1666.8,46.286896793916654
CLUSTER_401,F,horse_man,929.5,46.286896793916654
CLUSTER_401,F,pig_man,189.6729,46.286896793916654
CLUSTER_413,F,cattle_man,8790.0,45.725670811649394
CLUSTER_413,F,horse_man,36.0,45.725670811649394
CLUSTER_413,F,pig_man,1220.808,45.725670811649394
CLUSTER_414,F,cattle_man,13020.0,39.96158210310711
CLUSTER_414,F,horse_man,1048.1,39.96158210310711
CLUSTER_414,F,pig_man,218.538,39.96158210310711
CLUSTER_419,F,cattle_man,2304.0,22.356155809291327
CLUSTER_419,F,horse_man,791.0,22.356155809291327
CLUSTER_419,F,pig_man,62.91951999999999,22.356155809291327
CLUSTER_437,F,cattle_man,8510.0,25.403216641045308
CLUSTER_437,F,horse_man,938.0,25.403216641045308
CLUSTER_437,F,pig_man,50.0,25.403216641045308
CLUSTER_438,F,cattle_man,3331.0,46.54015114589316
CLUSTER_438,F,horse_man,832.8,46.54015114589316
CLUSTER_438,F,pig_man,223.18,46.54015114589316
CLUSTER_461,F,cattle_man,3302.0,19.58603254431441
CLUSTER_461,F,horse_man,1385.0,19.58603254431441
CLUSTER_461,F,pig_man,138.37,19.58603254431441
CLUSTER_471,F,cattle_man,292.0,11.31815557307279
CLUSTER_471,F,cattle_slu,1307.0,11.31815557307279
CLUSTER_471,F,horse_man,250.50000000000003,11.31815557307279
CLUSTER_475,F,cattle_man,3878.0,23.954614553778807
CLUSTER_475,F,horse_man,665.9,23.954614553778807
CLUSTER_475,F,pig_man,250.66,23.954614553778807
CLUSTER_518,F,cattle_man,9270.0,12.523395727438752
CLUSTER_518,F,cattle_slu,56400.0,12.523395727438752
CLUSTER_518,F,horse_man,1313.0,12.523395727438752
CLUSTER_518,F,pig_man,245.9,12.523395727438752
CLUSTER_522,F,cattle_man,6580.0,9.277310718556624
CLUSTER_522,F,cattle_slu,29310.0,9.277310718556624
CLUSTER_522,F,horse_man,288.1,9.277310718556624
CLUSTER_522,F,pig_man,183.7,9.277310718556624
CLUSTER_535,F,horse_man,706.0,62.94963890355296
CLUSTER_539,F,cattle_man,2743.0,41.58769174187098
CLUSTER_539,F,horse_man,433.0,41.58769174187098
CLUSTER_98,F,cattle_man,5002.1,20.14616356885377
CLUSTER_98,F,horse_man,673.1,20.14616356885377
CLUSTER_98,F,pig_man,181.343,20.14616356885377
CLUSTER_0,G,cattle_man,28889.999999999887,24.07811658550438
CLUSTER_0,G,horse_man,2610.0,24.07811658550438
CLUSTER_0,G,pig_man,1695.2,24.07811658550438
CLUSTER_121,G,cattle_man,11370.0,19.556912111523843
CLUSTER_121,G,horse_man,2073.0,19.556912111523843
CLUSTER_135,G,cattle_man,35210.0,15.630580937589142
CLUSTER_135,G,horse_man,2847.0,15.630580937589142
CLUSTER_135,G,pig_man,159.368,15.630580937589142
CLUSTER_149,G,cattle_man,19570.0,16.894436604949917
CLUSTER_149,G,horse_man,2613.8,16.894436604949917
CLUSTER_149,G,pig_man,19.0894,16.894436604949917
CLUSTER_192,G,cattle_man,3130.0,49.05628124681343
CLUSTER_192,G,horse_man,605.0,49.05628124681343
CLUSTER_203,G,cattle_man,28660.0,12.092988641439444
CLUSTER_203,G,cattle_slu,104700.608,12.092988641439444
CLUSTER_203,G,horse_man,3313.0,12.092988641439444
CLUSTER_203,G,pig_man,696.08362,12.092988641439444
CLUSTER_205,G,cattle_man,16567.0,29.39789255229921
CLUSTER_205,G,horse_man,3447.0,29.39789255229921
CLUSTER_205,G,pig_man,123.23616,29.39789255229921
CLUSTER_244,G,cattle_man,18650.0,11.933556237394988
CLUSTER_244,G,cattle_slu,84140.0,11.933556237394988
CLUSTER_244,G,horse_man,3070.0,11.933556237394988
CLUSTER_26,G,cattle_man,27390.0,30.36593534354599
CLUSTER_26,G,horse_man,4471.0,30.36593534354599
CLUSTER_29,G,cattle_man,35210.0,30.82662340371749
CLUSTER_29,G,horse_man,2338.7,30.82662340371749
CLUSTER_302,G,cattle_man,16129.999999999998,41.40883972118918
CLUSTER_308,G,cattle_man,2235.0,31.85288281939548
CLUSTER_308,G,horse_man,482.0,31.85288281939548
CLUSTER_319,G,cattle_man,9700.0,26.30371518347252
CLUSTER_319,G,horse_man,1821.5,26.30371518347252
CLUSTER_319,G,pig_man,343.0,26.30371518347252
CLUSTER_350,G,cattle_man,14500.0,0.1395679759478186
CLUSTER_350,G,cattle_slu,66000.0,0.1395679759478186
CLUSTER_350,G,horse_man,2875.0,0.1395679759478186
CLUSTER_350,G,pig_man,183.62,0.1395679759478186
CLUSTER_350,G,pig_slu,3214.13,0.1395679759478186
CLUSTER_374,G,cattle_man,5400.0,44.18191127435896
CLUSTER_374,G,horse_man,1839.0,44.18191127435896
CLUSTER_378,G,cattle_man,31200.0,24.753413329368424
CLUSTER_378,G,horse_man,1373.0,24.753413329368424
CLUSTER_378,G,pig_man,297.007,24.753413329368424
CLUSTER_398,G,cattle_man,5117.0,33.84090165029432
CLUSTER_398,G,horse_man,1395.0,33.84090165029432
CLUSTER_398,G,pig_man,169.0001898,33.84090165029432
CLUSTER_440,G,cattle_man,13440.0,9.84543050972939
CLUSTER_440,G,cattle_slu,62200.0,9.84543050972939
CLUSTER_440,G,horse_man,2708.0,9.84543050972939
CLUSTER_448,G,cattle_man,3200.0,26.785868078329973
CLUSTER_448,G,horse_man,654.0,26.785868078329973
CLUSTER_474,G,cattle_man,11990.0,19.23052662855781
CLUSTER_474,G,horse_man,1341.0,19.23052662855781
CLUSTER_482,G,cattle_man,16500.0,22.08364103809453
CLUSTER_482,G,horse_man,1167.3,22.08364103809453
CLUSTER_482,G,pig_man,28.99635,22.08364103809453
CLUSTER_493,G,cattle_man,9040.0,40.38978807075308
CLUSTER_541,G,cattle_man,4103.0,32.540074558654545
CLUSTER_541,G,horse_man,835.5,32.540074558654545
CLUSTER_58,G,cattle_man,49010.0,14.063026066001628
CLUSTER_58,G,cattle_slu,201870.0,14.063026066001628
CLUSTER_58,G,horse_man,3739.6,14.063026066001628
CLUSTER_58,G,pig_man,585.7193,14.063026066001628
CLUSTER_62,G,cattle_man,23434.841602509638,41.581944312436654
CLUSTER_67,G,cattle_man,12270.0,44.79975692051013
CLUSTER_85,G,cattle_man,17750.0,28.434519698391007
CLUSTER_85,G,horse_man,2141.0,28.434519698391007
CLUSTER_85,G,pig_man,109.2627,28.434519698391007
CLUSTER_90,G,cattle_man,9800.0,25.418209992164407
CLUSTER_90,G,horse_man,1376.0,25.418209992164407
CLUSTER_93,G,cattle_man,44710.0,22.112169457567536
CLUSTER_93,G,horse_man,4360.0,22.112169457567536
CLUSTER_93,G,pig_man,56.565000000000005,22.112169457567536
CLUSTER_104,I,cattle_man,26109.99999999989,55.27121281841592
CLUSTER_104,I,horse_man,871.6999999999861,55.27121281841592
CLUSTER_104,I,pig_man,527.2180000000001,55.27121281841592
CLUSTER_124,I,cattle_man,20030.0,16.592777914059383
CLUSTER_124,I,cattle_slu,117600.0,16.592777914059383
CLUSTER_124,I,horse_man,2749.0,16.592777914059383
CLUSTER_124,I,pig_man,225.04,16.592777914059383
CLUSTER_146,I,cattle_man,2485.0,37.30639425959531
CLUSTER_146,I,horse_man,847.0,37.30639425959531
CLUSTER_155,I,horse_man,1141.3,57.91687693383536
CLUSTER_155,I,pig_man,1243.7,57.91687693383536
CLUSTER_159,I,cattle_man,8440.0,7.109614313512341
CLUSTER_159,I,cattle_slu,40590.0,7.109614313512341
CLUSTER_159,I,horse_man,2721.0,7.109614313512341
CLUSTER_159,I,legume_str,421.3,7.109614313512341
CLUSTER_159,I,pig_man,3550.315,7.109614313512341
CLUSTER_159,I,rape_str,771.0,7.109614313512341
CLUSTER_189,I,horse_man,1789.0,50.70187628297917
CLUSTER_193,I,cattle_man,1113.0,47.91087021013092
CLUSTER_193,I,horse_man,1133.0,47.91087021013092
CLUSTER_196,I,cattle_man,17380.0,34.45581482647912
CLUSTER_196,I,horse_man,1807.0,34.45581482647912
CLUSTER_2,I,horse_man,975.2,54.47745367199718
CLUSTER_2,I,pig_man,1666.5,54.47745367199718
CLUSTER_202,I,cattle_man,16100.0,28.229475150984804
CLUSTER_202,I,horse_man,1917.3,28.229475150984804
CLUSTER_202,I,pig_man,229.17,28.229475150984804
CLUSTER_208,I,cattle_man,5066.0,43.01814091433935
CLUSTER_208,I,horse_man,1364.6,43.01814091433935
CLUSTER_208,I,pig_man,22.65,43.01814091433935
CLUSTER_214,I,cattle_man,24580.0,25.68675015751536
CLUSTER_214,I,horse_man,1119.6,25.68675015751536
CLUSTER_214,I,pig_man,13.92,25.68675015751536
CLUSTER_225,I,cattle_man,6770.0,17.469976731436606
CLUSTER_225,I,cattle_slu,30790.0,17.469976731436606
CLUSTER_225,I,horse_man,1039.7,17.469976731436606
CLUSTER_225,I,pig_man,1314.9,17.469976731436606
CLUSTER_228,I,cattle_man,10463.0,33.64812606630837
CLUSTER_228,I,horse_man,1313.4,33.64812606630837
CLUSTER_233,I,cattle_man,5430.0,26.912274306887007
CLUSTER_233,I,horse_man,1224.0,26.912274306887007
CLUSTER_233,I,pig_man,435.2,26.912274306887007
CLUSTER_241,I,horse_man,968.1,54.18972995151754
CLUSTER_250,I,cattle_man,8735.82,32.29573339249854
CLUSTER_250,I,horse_man,1190.0,32.29573339249854
CLUSTER_250,I,pig_man,54.334,32.29573339249854
CLUSTER_258,I,cattle_man,16820.0,22.24895642530426
CLUSTER_258,I,horse_man,1914.0,22.24895642530426
CLUSTER_270,I,cattle_man,1599.9601499326332,41.18189877342712
CLUSTER_270,I,horse_man,2875.0,41.18189877342712
CLUSTER_270,I,pig_man,61.2952,41.18189877342712
CLUSTER_273,I,cattle_man,6690.0,32.843702082450214
CLUSTER_273,I,horse_man,1064.0,32.843702082450214
CLUSTER_273,I,pig_man,524.6,32.843702082450214
CLUSTER_274,I,cattle_man,2163.0,47.290560379272144
CLUSTER_274,I,horse_man,783.4,47.290560379272144
CLUSTER_274,I,pig_man,587.9,47.290560379272144
CLUSTER_276,I,cattle_man,3122.0,37.1759360201318
CLUSTER_276,I,horse_man,1192.0,37.1759360201318
CLUSTER_282,I,cattle_man,10020.0,17.74011960157732
CLUSTER_282,I,cattle_slu,48900.0,17.74011960157732
CLUSTER_282,I,horse_man,1029.0,17.74011960157732
CLUSTER_282,I,pig_man,277.076,17.74011960157732
CLUSTER_285,I,cattle_man,15869.999999999998,42.035823816788415
CLUSTER_285,I,horse_man,3438.0,42.035823816788415
CLUSTER_291,I,cattle_man,2457.376,17.921049754293158
CLUSTER_291,I,cattle_slu,6869.0,17.921049754293158
CLUSTER_291,I,horse_man,1658.0,17.921049754293158
CLUSTER_291,I,pig_man,7740.0,17.921049754293158
CLUSTER_292,I,cattle_man,8900.0,17.84642645793354
CLUSTER_292,I,cattle_slu,37420.0,17.84642645793354
CLUSTER_292,I,horse_man,3197.0,17.84642645793354
CLUSTER_292,I,pig_man,2862.0,17.84642645793354
CLUSTER_296,I,cattle_man,6573.0,19.2501998794532
CLUSTER_296,I,horse_man,902.0,19.2501998794532
CLUSTER_302,I,horse_man,1597.0,53.42447816737283
CLUSTER_302,I,pig_man,141.874306,53.42447816737283
CLUSTER_354,I,pig_man,883.52,67.54696557582429
CLUSTER_355,I,cattle_man,3895.0,48.24904487723564
CLUSTER_355,I,horse_man,1202.0,48.24904487723564
CLUSTER_355,I,pig_man,1341.0,48.24904487723564
CLUSTER_37,I,horse_man,943.0,59.81845309913705
CLUSTER_37,I,pig_man,3353.8,59.81845309913705
CLUSTER_400,I,horse_man,1513.0,64.05543925744303
CLUSTER_400,I,pig_man,2588.0,64.05543925744303
CLUSTER_402,I,cattle_man,1505.0,27.990199573682784
CLUSTER_402,I,horse_man,859.0,27.990199573682784
CLUSTER_402,I,pig_man,1540.0,27.990199573682784
CLUSTER_416,I,cattle_man,553.9,40.8671133819708
CLUSTER_416,I,horse_man,387.2,40.8671133819708
CLUSTER_436,I,cattle_man,14080.0,32.918791735451144
CLUSTER_436,I,horse_man,830.0,32.918791735451144
CLUSTER_436,I,pig_man,326.0,32.918791735451144
CLUSTER_442,I,cattle_man,14580.0,29.283212397737067
CLUSTER_442,I,horse_man,2096.0,29.283212397737067
CLUSTER_450,I,cattle_man,18270.0,46.24866485887866
CLUSTER_450,I,horse_man,963.9,46.24866485887866
CLUSTER_450,I,pig_man,315.5,46.24866485887866
CLUSTER_456,I,cattle_man,18.534,33.2069719613572
CLUSTER_456,I,horse_man,275.0,33.2069719613572
CLUSTER_456,I,pig_man,30.472,33.2069719613572
CLUSTER_457,I,cattle_man,11400.0,9.027374771115834
CLUSTER_457,I,cattle_slu,64960.00000000001,9.027374771115834
CLUSTER_457,I,horse_man,1512.5,9.027374771115834
CLUSTER_473,I,cattle_man,11380.0,45.7780503823025
CLUSTER_473,I,horse_man,745.0,45.7780503823025
CLUSTER_473,I,pig_man,510.99999999999994,45.7780503823025
CLUSTER_488,I,cattle_man,62.5,42.67909952314491
CLUSTER_488,I,horse_man,236.9,42.67909952314491
CLUSTER_488,I,pig_man,1185.8,42.67909952314491
CLUSTER_493,I,horse_man,951.2,51.29565163429819
CLUSTER_493,I,pig_man,193.15,51.29565163429819
CLUSTER_513,I,cattle_man,2780.0,23.437485779503294
CLUSTER_513,I,horse_man,1042.0,23.437485779503294
CLUSTER_513,I,pig_man,657.0,23.437485779503294
CLUSTER_514,I,cattle_man,11580.0,13.767403539059014
CLUSTER_514,I,cattle_slu,60210.0,13.767403539059014
CLUSTER_514,I,horse_man,1246.0,13.767403539059014
CLUSTER_514,I,pig_man,13.03,13.767403539059014
CLUSTER_516,I,cattle_man,8820.0,42.52355685424939
CLUSTER_516,I,horse_man,1178.0,42.52355685424939
CLUSTER_516,I,pig_man,123.100375,42.52355685424939
CLUSTER_520,I,horse_man,799.0,52.057330222563394
CLUSTER_528,I,cattle_man,7939.999999999999,32.80324819203666
CLUSTER_528,I,horse_man,1337.0,32.80324819203666
CLUSTER_537,I,cattle_man,2682.0,24.934389125537425
CLUSTER_537,I,horse_man,1468.0,24.934389125537425
CLUSTER_537,I,pig_man,2429.0,24.934389125537425
CLUSTER_540,I,cattle_man,2510.0,37.78676785116402
CLUSTER_540,I,horse_man,1390.0,37.78676785116402
CLUSTER_547,I,cattle_man,10790.0,28.566808865639192
CLUSTER_547,I,horse_man,1621.0,28.566808865639192
CLUSTER_549,I,cattle_man,6580.0,23.40148860960625
CLUSTER_549,I,horse_man,1622.0,23.40148860960625
CLUSTER_61,I,cattle_man,33290.0,33.77424464581663
CLUSTER_61,I,horse_man,2388.0,33.77424464581663
CLUSTER_61,I,pig_man,392.8,33.77424464581663
CLUSTER_68,I,cattle_man,2715.3,33.368420748675064
CLUSTER_68,I,horse_man,1155.3,33.368420748675064
CLUSTER_68,I,pig_man,1241.4,33.368420748675064
CLUSTER_70,I,cattle_man,18095.0,38.230662399547406
CLUSTER_70,I,horse_man,1087.859,38.230662399547406
CLUSTER_70,I,pig_man,751.0,38.230662399547406
CLUSTER_79,I,cattle_man,15570.0,6.602831223534587
CLUSTER_79,I,cattle_slu,91500.0,6.602831223534587
CLUSTER_79,I,horse_man,1933.0,6.602831223534587
CLUSTER_79,I,pig_man,1322.00245,6.602831223534587
CLUSTER_105,J,cattle_man,16042.0,29.302871547629923
CLUSTER_105,J,horse_man,2293.0,29.302871547629923
CLUSTER_117,J,cattle_man,13052.0,41.87983407795506
CLUSTER_117,J,horse_man,1848.2,41.87983407795506
CLUSTER_117,J,pig_man,153.071,41.87983407795506
CLUSTER_13,J,cattle_man,13687.305254879559,37.12302764160194
CLUSTER_137,J,cattle_man,27690.0,19.88586864787132
CLUSTER_137,J,horse_man,2768.0,19.88586864787132
CLUSTER_137,J,pig_man,11.12,19.88586864787132
CLUSTER_174,J,cattle_man,17810.0,8.95576574729111
CLUSTER_174,J,cattle_slu,117700.0,8.95576574729111
CLUSTER_174,J,horse_man,1427.5,8.95576574729111
CLUSTER_191,J,cattle_man,11290.0,24.585781112389284
CLUSTER_191,J,horse_man,1592.0,24.585781112389284
CLUSTER_207,J,cattle_man,25080.0,10.827076244741654
CLUSTER_207,J,cattle_slu,171700.0,10.827076244741654
CLUSTER_207,J,horse_man,1783.0,10.827076244741654
CLUSTER_224,J,cattle_man,12420.0,30.538749106822078
CLUSTER_224,J,horse_man,1438.0,30.538749106822078
CLUSTER_252,J,cattle_man,23950.0,4.050690751312522
CLUSTER_252,J,cattle_slu,150300.0,4.050690751312522
CLUSTER_252,J,horse_man,2046.0,4.050690751312522
CLUSTER_264,J,cattle_man,33570.0,24.6923213422928
CLUSTER_264,J,horse_man,387.684,24.6923213422928
CLUSTER_264,J,pig_man,100.19925,24.6923213422928
CLUSTER_268,J,cattle_man,5520.0,53.30309724242694
CLUSTER_268,J,horse_man,1285.41,53.30309724242694
CLUSTER_313,J,cattle_man,20560.0,18.22867483854881
CLUSTER_313,J,cattle_slu,14161.499517053255,18.22867483854881
CLUSTER_313,J,horse_man,2810.0,18.22867483854881
CLUSTER_313,J,pig_man,14.107,18.22867483854881
CLUSTER_329,J,cattle_man,13430.0,32.85133414734288
CLUSTER_329,J,horse_man,1337.0,32.85133414734288
CLUSTER_360,J,cattle_man,8890.0,31.091070267371126
CLUSTER_360,J,horse_man,2360.0,31.091070267371126
CLUSTER_362,J,cattle_man,13100.0,26.667281339696583
CLUSTER_362,J,horse_man,2769.0,26.667281339696583
CLUSTER_375,J,cattle_man,14310.0,28.86199960884833
CLUSTER_375,J,horse_man,280.5,28.86199960884833
CLUSTER_379,J,cattle_man,18540.0,26.598616143033738
CLUSTER_379,J,horse_man,612.5,26.598616143033738
CLUSTER_39,J,cattle_man,19310.0,19.670302179208047
CLUSTER_39,J,horse_man,1942.0,19.670302179208047
CLUSTER_412,J,cattle_man,16640.0,30.10509284943306
CLUSTER_412,J,horse_man,2158.0,30.10509284943306
CLUSTER_422,J,cattle_man,4670.0,14.282354167131132
CLUSTER_422,J,cattle_slu,27900.0,14.282354167131132
CLUSTER_422,J,horse_man,1414.0,14.282354167131132
CLUSTER_434,J,cattle_man,10390.0,18.83594095237602
CLUSTER_434,J,horse_man,816.4,18.83594095237602
CLUSTER_480,J,horse_man,560.6,61.26108841242312
CLUSTER_492,J,cattle_man,6610.0,39.48893356755418
CLUSTER_492,J,horse_man,472.0,39.48893356755418
CLUSTER_51,J,cattle_man,28020.0,13.776802000487264
CLUSTER_51,J,cattle_slu,177430.0,13.776802000487264
CLUSTER_51,J,horse_man,2617.0,13.776802000487264
CLUSTER_521,J,cattle_man,12160.0,14.805967913497348
CLUSTER_521,J,cattle_slu,66000.0,14.805967913497348
CLUSTER_521,J,horse_man,1448.0,14.805967913497348
CLUSTER_527,J,cattle_man,7620.0,42.93702710269239
CLUSTER_527,J,horse_man,1912.0,42.93702710269239
CLUSTER_527,J,pig_man,48.0347,42.93702710269239
CLUSTER_65,J,cattle_man,29310.0,20.944392086613256
CLUSTER_65,J,horse_man,2654.0,20.944392086613256
CLUSTER_65,J,pig_man,165.989,20.944392086613256
CLUSTER_74,J,cattle_man,27550.0,18.738650308848825
CLUSTER_74,J,horse_man,3010.0,18.738650308848825
CLUSTER_94,J,cattle_man,10320.0,34.839028955539945
CLUSTER_94,J,horse_man,907.3,34.839028955539945
CLUSTER_136,K,cattle_man,22230.0,17.521510202849218
CLUSTER_136,K,cattle_slu,108700.0,17.521510202849218
CLUSTER_136,K,horse_man,3775.0,17.521510202849218
CLUSTER_151,K,cattle_man,5361.0,37.71357806077269
CLUSTER_151,K,horse_man,5352.0,37.71357806077269
CLUSTER_151,K,pig_man,33.274,37.71357806077269
CLUSTER_157,K,cattle_man,22880.0,13.065908197274563
CLUSTER_157,K,cattle_slu,106800.0,13.065908197274563
CLUSTER_157,K,horse_man,3454.0,13.065908197274563
CLUSTER_157,K,legume_str,10.8,13.065908197274563
CLUSTER_178,K,cattle_man,16790.0,16.978942538023865
CLUSTER_178,K,cattle_slu,76750.0,16.978942538023865
CLUSTER_178,K,horse_man,5256.0,16.978942538023865
CLUSTER_178,K,legume_str,41.78,16.978942538023865
CLUSTER_198,K,cattle_man,19100.0,39.42233263455471
CLUSTER_198,K,horse_man,2306.0,39.42233263455471
CLUSTER_201,K,cattle_man,7892.0,37.90532685734596
CLUSTER_201,K,horse_man,2174.1,37.90532685734596
CLUSTER_204,K,cattle_man,10730.0,6.753338015905588
CLUSTER_204,K,cattle_slu,49310.0,6.753338015905588
CLUSTER_204,K,horse_man,2958.0,6.753338015905588
CLUSTER_204,K,legume_str,23.92,6.753338015905588
CLUSTER_204,K,pig_man,37.494,6.753338015905588
CLUSTER_209,K,cattle_man,13940.0,35.95302025776707
CLUSTER_209,K,horse_man,1265.6,35.95302025776707
CLUSTER_215,K,cattle_man,11500.0,47.4155610899589
CLUSTER_215,K,horse_man,2969.0,47.4155610899589
CLUSTER_226,K,cattle_man,16880.0,12.132329869687757
CLUSTER_226,K,cattle_slu,81430.0,12.132329869687757
CLUSTER_226,K,horse_man,2471.6,12.132329869687757
CLUSTER_243,K,cattle_man,19320.0,28.616880832864123
CLUSTER_243,K,horse_man,2781.0,28.616880832864123
CLUSTER_256,K,cattle_man,2666.96,32.2359447538633
CLUSTER_256,K,horse_man,2930.0,32.2359447538633
CLUSTER_256,K,pig_man,14.8359,32.2359447538633
CLUSTER_27,K,cattle_man,18405.0,7.734080099481492
CLUSTER_27,K,cattle_slu,81790.0,7.734080099481492
CLUSTER_27,K,horse_man,4194.0,7.734080099481492
CLUSTER_27,K,legume_str,18.4,7.734080099481492
CLUSTER_28,K,cattle_man,8410.0,20.34573569174787
CLUSTER_28,K,horse_man,2761.9,20.34573569174787
CLUSTER_281,K,cattle_man,11914.0,27.01766506816664
CLUSTER_281,K,horse_man,1024.5,27.01766506816664
CLUSTER_287,K,cattle_man,2184.0,35.07572251479892
CLUSTER_287,K,horse_man,1571.0,35.07572251479892
CLUSTER_3,K,cattle_man,7882.999999999999,21.7560250745828
CLUSTER_3,K,horse_man,5877.0,21.7560250745828
CLUSTER_3,K,pig_man,16.916,21.7560250745828
CLUSTER_304,K,cattle_man,2118.0,42.089877011027184
CLUSTER_304,K,horse_man,706.6,42.089877011027184
CLUSTER_312,K,cattle_man,11300.0,25.558199936069304
CLUSTER_312,K,horse_man,1544.0,25.558199936069304
CLUSTER_352,K,cattle_man,13540.0,7.851900473776931
CLUSTER_352,K,cattle_slu,64390.0,7.851900473776931
CLUSTER_352,K,horse_man,3832.0,7.851900473776931
CLUSTER_352,K,pig_man,32.1,7.851900473776931
CLUSTER_352,K,rape_str,33.3,7.851900473776931
CLUSTER_363,K,cattle_man,13430.0,44.067645096959765
CLUSTER_363,K,horse_man,3180.0,44.067645096959765
CLUSTER_363,K,pig_man,154.91,44.067645096959765
CLUSTER_369,K,cattle_man,3235.7,17.57458287679034
CLUSTER_369,K,cattle_slu,12359.4,17.57458287679034
CLUSTER_369,K,horse_man,3562.3,17.57458287679034
CLUSTER_391,K,cattle_man,11195.0,20.7055627853453
CLUSTER_391,K,horse_man,3066.0,20.7055627853453
CLUSTER_396,K,cattle_man,5375.0,26.954118932105025
CLUSTER_396,K,horse_man,4460.0,26.954118932105025
CLUSTER_407,K,cattle_man,10172.0,21.88440943304808
CLUSTER_407,K,horse_man,3348.0,21.88440943304808
CLUSTER_415,K,cattle_man,6170.0,30.432418039031976
CLUSTER_415,K,horse_man,3241.0,30.432418039031976
CLUSTER_489,K,cattle_man,1068.0,32.60932585718745
CLUSTER_489,K,horse_man,367.5,32.60932585718745
CLUSTER_5,K,cattle_man,1031.0,24.30912591391617
CLUSTER_5,K,horse_man,895.0,24.30912591391617
CLUSTER_502,K,cattle_man,12710.0,27.19134403661385
CLUSTER_502,K,horse_man,2093.0,27.19134403661385
CLUSTER_508,K,cattle_man,21640.0,18.81473120987589
CLUSTER_508,K,cattle_slu,30765.507599504137,18.81473120987589
CLUSTER_508,K,horse_man,3810.0,18.81473120987589
CLUSTER_53,K,cattle_man,6226.92,30.52118519865866
CLUSTER_53,K,horse_man,1543.0,30.52118519865866
CLUSTER_54,K,cattle_man,5070.0,38.788177314033085
CLUSTER_54,K,horse_man,1695.0,38.788177314033085
CLUSTER_57,K,horse_man,1420.0,39.3238066247035
CLUSTER_62,K,cattle_man,6315.1583974903615,52.30369035182502
CLUSTER_62,K,horse_man,4905.0,52.30369035182502
CLUSTER_62,K,pig_man,33.995,52.30369035182502
CLUSTER_67,K,horse_man,2276.6,58.566550364516885
CLUSTER_8,K,cattle_man,26900.0,30.53857342147088
CLUSTER_8,K,horse_man,7120.0,30.53857342147088
CLUSTER_8,K,pig_man,13.2831,30.53857342147088
CLUSTER_84,K,cattle_man,15427.9,30.338534375360386
CLUSTER_84,K,horse_man,4351.0,30.338534375360386
CLUSTER_86,K,cattle_man,15698.0,31.24586438780096
CLUSTER_86,K,horse_man,1875.0,31.24586438780096
CLUSTER_1,N,cattle_man,7654.55,32.3072838511313
CLUSTER_1,N,horse_man,642.3999999999861,32.3072838511313
CLUSTER_1,N,pig_man,381.5999999999931,32.3072838511313
CLUSTER_101,N,pig_man,311.45,59.19279128209864
CLUSTER_103,N,horse_man,678.2,49.30952320020257
CLUSTER_103,N,pig_man,791.300184,49.30952320020257
CLUSTER_11,N,cattle_man,3764.1,35.61897909608213
CLUSTER_11,N,horse_man,1455.0,35.61897909608213
CLUSTER_11,N,pig_man,23.6720704,35.61897909608213
CLUSTER_12,N,cattle_man,6212.0,17.443583194182164
CLUSTER_12,N,cattle_slu,47452.0,17.443583194182164
CLUSTER_12,N,horse_man,2496.5,17.443583194182164
CLUSTER_12,N,pig_man,96.610847,17.443583194182164
CLUSTER_125,N,pig_man,536.0,50.442623579238166
CLUSTER_141,N,cattle_man,6618.0,30.876068764494235
CLUSTER_141,N,horse_man,2815.0,30.876068764494235
CLUSTER_141,N,pig_man,111.971,30.876068764494235
CLUSTER_147,N,cattle_man,5220.0,36.827781372373416
CLUSTER_147,N,horse_man,869.8,36.827781372373416
CLUSTER_147,N,pig_man,23.898,36.827781372373416
CLUSTER_15,N,cattle_man,7650.0,9.924125361092468
CLUSTER_15,N,cattle_slu,47060.0,9.924125361092468
CLUSTER_15,N,horse_man,5057.0,9.924125361092468
CLUSTER_15,N,legume_str,224.491,9.924125361092468
CLUSTER_15,N,pig_man,68.319,9.924125361092468
CLUSTER_15,N,rape_str,787.2,9.924125361092468
CLUSTER_169,N,cattle_man,8425.7,47.31723821436299
CLUSTER_169,N,horse_man,1079.5,47.31723821436299
CLUSTER_169,N,pig_man,332.076,47.31723821436299
CLUSTER_171,N,cattle_man,11040.0,37.04091388855871
CLUSTER_171,N,horse_man,1981.0000000000002,37.04091388855871
CLUSTER_171,N,pig_man,887.0,37.04091388855871
CLUSTER_188,N,cattle_man,6172.0,16.352591820309843
CLUSTER_188,N,cattle_slu,39630.0,16.352591820309843
CLUSTER_188,N,horse_man,1732.0,16.352591820309843
CLUSTER_188,N,pig_man,27.346000000000004,16.352591820309843
CLUSTER_19,N,cattle_man,8000.600469137746,49.47294723522028
CLUSTER_19,N,pig_man,322.3,49.47294723522028
CLUSTER_190,N,horse_man,1595.7,62.67249094637193
CLUSTER_190,N,pig_man,1086.0,62.67249094637193
CLUSTER_212,N,pig_man,132.0,57.52620233764485
CLUSTER_219,N,cattle_man,5290.0,40.46278946071544
CLUSTER_219,N,horse_man,452.0,40.46278946071544
CLUSTER_219,N,pig_man,686.0,40.46278946071544
CLUSTER_220,N,cattle_man,1849.0,47.89128596272607
CLUSTER_220,N,horse_man,806.0,47.89128596272607
CLUSTER_220,N,pig_man,25.08,47.89128596272607
CLUSTER_230,N,cattle_man,11370.0,35.33878649734148
CLUSTER_230,N,horse_man,900.0,35.33878649734148
CLUSTER_230,N,pig_man,156.99,35.33878649734148
CLUSTER_237,N,cattle_man,4862.0,51.07981226751477
CLUSTER_237,N,horse_man,478.63,51.07981226751477
CLUSTER_237,N,pig_man,687.516,51.07981226751477
CLUSTER_259,N,cattle_man,4692.501278809221,39.8602813928401
CLUSTER_259,N,pig_man,260.08,39.8602813928401
CLUSTER_262,N,cattle_man,7320.0,24.611796963408302
CLUSTER_262,N,horse_man,491.0,24.611796963408302
CLUSTER_262,N,pig_man,55.52,24.611796963408302
CLUSTER_265,N,cattle_man,1417.0,46.297610433742975
CLUSTER_265,N,horse_man,1119.1,46.297610433742975
CLUSTER_266,N,cattle_man,5864.8,38.83355272702504
CLUSTER_266,N,horse_man,271.0126,38.83355272702504
CLUSTER_266,N,pig_man,616.51,38.83355272702504
CLUSTER_272,N,cattle_man,3166.9,32.71803328922805
CLUSTER_272,N,horse_man,1033.0,32.71803328922805
CLUSTER_278,N,horse_man,660.7,70.05720326942124
CLUSTER_294,N,cattle_man,6386.0,46.81589300183706
CLUSTER_294,N,horse_man,1187.9,46.81589300183706
CLUSTER_322,N,cattle_man,5790.0,14.561756345981063
CLUSTER_322,N,cattle_slu,28610.0,14.561756345981063
CLUSTER_322,N,horse_man,1355.0,14.561756345981063
CLUSTER_322,N,legume_str,115.8,14.561756345981063
CLUSTER_322,N,pig_man,57.48,14.561756345981063
CLUSTER_322,N,rape_str,704.3,14.561756345981063
CLUSTER_346,N,cattle_man,146.3,15.111891509836216
CLUSTER_346,N,cattle_slu,1167.2,15.111891509836216
CLUSTER_346,N,horse_man,804.6,15.111891509836216
CLUSTER_35,N,cattle_man,3291.0,48.41220203833745
CLUSTER_35,N,horse_man,655.3,48.41220203833745
CLUSTER_35,N,pig_man,754.8290000000001,48.41220203833745
CLUSTER_351,N,cattle_man,14750.0,23.32720038103152
CLUSTER_351,N,horse_man,1500.0,23.32720038103152
CLUSTER_351,N,pig_man,456.3,23.32720038103152
CLUSTER_381,N,cattle_man,4175.2,35.031735833917494
CLUSTER_381,N,horse_man,1692.89,35.031735833917494
CLUSTER_382,N,cattle_man,2959.0,47.89718058696931
CLUSTER_382,N,horse_man,1045.0,47.89718058696931
CLUSTER_382,N,pig_man,429.0,47.89718058696931
CLUSTER_384,N,cattle_man,3170.0,38.396182870817135
CLUSTER_384,N,horse_man,619.0,38.396182870817135
CLUSTER_384,N,pig_man,123.71,38.396182870817135
CLUSTER_390,N,horse_man,147.848,58.62264250560115
CLUSTER_390,N,pig_man,1056.886,58.62264250560115
CLUSTER_392,N,cattle_man,5800.0,22.11112152008039
CLUSTER_392,N,cattle_slu,13033.472165448424,22.11112152008039
CLUSTER_392,N,horse_man,513.0,22.11112152008039
CLUSTER_392,N,pig_man,46.5,22.11112152008039
CLUSTER_394,N,cattle_man,6080.0,33.91137779036167
CLUSTER_394,N,horse_man,571.3,33.91137779036167
CLUSTER_394,N,pig_man,434.7,33.91137779036167
CLUSTER_40,N,cattle_man,5321.0,28.518472837813334
CLUSTER_40,N,horse_man,2457.6,28.518472837813334
CLUSTER_40,N,pig_man,213.46,28.518472837813334
CLUSTER_404,N,cattle_man,4430.0,21.003807242384923
CLUSTER_404,N,cattle_slu,40280.0,21.003807242384923
CLUSTER_404,N,horse_man,1860.0,21.003807242384923
CLUSTER_404,N,pig_man,75.63,21.003807242384923
CLUSTER_425,N,cattle_man,2512.95,38.30723149235684
CLUSTER_425,N,horse_man,526.6,38.30723149235684
CLUSTER_433,N,cattle_man,4450.0297,52.4394137194602
CLUSTER_433,N,horse_man,1106.0,52.4394137194602
CLUSTER_435,N,cattle_man,3989.9999999999995,9.409640230184513
CLUSTER_435,N,cattle_slu,23870.0,9.409640230184513
CLUSTER_435,N,horse_man,1508.0,9.409640230184513
CLUSTER_435,N,legume_str,63.4,9.409640230184513
CLUSTER_435,N,pig_man,46.49,9.409640230184513
CLUSTER_435,N,rape_str,153.1,9.409640230184513
CLUSTER_451,N,cattle_man,7650.0,36.50970077893744
CLUSTER_451,N,horse_man,523.0,36.50970077893744
CLUSTER_451,N,pig_man,528.0,36.50970077893744
CLUSTER_454,N,cattle_man,5716.1,41.39466662217614
CLUSTER_454,N,horse_man,105.4,41.39466662217614
CLUSTER_459,N,pig_man,243.8,61.55521205344378
CLUSTER_469,N,pig_man,324.0,53.84753864670213
CLUSTER_476,N,cattle_man,2730.0,7.720936088198288
CLUSTER_476,N,cattle_slu,21010.0,7.720936088198288
CLUSTER_476,N,horse_man,492.00000000000006,7.720936088198288
CLUSTER_476,N,legume_str,20.15,7.720936088198288
CLUSTER_476,N,rape_str,21.8,7.720936088198288
CLUSTER_481,N,cattle_man,7889.999999999999,41.5676180116724
CLUSTER_481,N,horse_man,1085.0,41.5676180116724
CLUSTER_481,N,pig_man,527.3,41.5676180116724
CLUSTER_490,N,cattle_man,3600.0,32.006009822690984
CLUSTER_490,N,horse_man,745.2,32.006009822690984
CLUSTER_490,N,pig_man,105.9,32.006009822690984
CLUSTER_510,N,cattle_man,2238.5,31.81434222600124
CLUSTER_510,N,horse_man,1319.0,31.81434222600124
CLUSTER_512,N,cattle_man,5080.0,37.05815719643466
CLUSTER_512,N,horse_man,541.0,37.05815719643466
CLUSTER_512,N,pig_man,391.0,37.05815719643466
CLUSTER_524,N,cattle_man,2192.0,36.50230143580973
CLUSTER_524,N,horse_man,1677.6,36.50230143580973
CLUSTER_529,N,cattle_man,7480.0,46.18459654248634
CLUSTER_529,N,horse_man,807.0,46.18459654248634
CLUSTER_529,N,pig_man,18.6,46.18459654248634
CLUSTER_536,N,cattle_man,3358.0,28.72467322838852
CLUSTER_536,N,horse_man,483.9,28.72467322838852
CLUSTER_536,N,pig_man,168.6,28.72467322838852
CLUSTER_55,N,cattle_man,3272.0,22.92860903678731
CLUSTER_55,N,horse_man,3076.3,22.92860903678731
CLUSTER_55,N,pig_man,46.48,22.92860903678731
CLUSTER_66,N,horse_man,880.00908,62.71802350639405
CLUSTER_72,N,cattle_man,21650.0,24.38306296080844
CLUSTER_72,N,horse_man,4938.0,24.38306296080844
CLUSTER_72,N,pig_man,949.3,24.38306296080844
CLUSTER_76,N,cattle_man,2539.0,24.772813642373222
CLUSTER_76,N,horse_man,2263.0,24.772813642373222
CLUSTER_76,N,pig_man,125.42999999999999,24.772813642373222
CLUSTER_77,N,cattle_man,15680.0,29.81415724854001
CLUSTER_77,N,horse_man,1160.0,29.81415724854001
CLUSTER_77,N,pig_man,82.7,29.81415724854001
CLUSTER_78,N,cattle_man,7012.0,34.843704392679804
CLUSTER_78,N,horse_man,873.4,34.843704392679804
CLUSTER_78,N,pig_man,141.0,34.843704392679804
CLUSTER_82,N,pig_man,554.226263,65.05409989165997
CLUSTER_89,N,pig_man,499.7749999999999,43.83796860622318
CLUSTER_96,N,cattle_man,3690.0,21.353288655590845
CLUSTER_96,N,cattle_slu,25860.0,21.353288655590845
CLUSTER_96,N,horse_man,2943.838,21.353288655590845
CLUSTER_96,N,pig_man,107.14,21.353288655590845
CLUSTER_10,O,legume_str,66.8,65.59813410839374
CLUSTER_110,O,cattle_man,22036.0,20.49873217417336
CLUSTER_110,O,clover_alfalfa_grass,1581.5,20.49873217417336
CLUSTER_110,O,horse_man,797.0,20.49873217417336
CLUSTER_110,O,legume_str,32.8,20.49873217417336
CLUSTER_110,O,rape_str,218.1,20.49873217417336
CLUSTER_119,O,beet_leaf,644.0,25.270236585159687
CLUSTER_119,O,cattle_man,14930.0,25.270236585159687
CLUSTER_119,O,horse_man,1764.0,25.270236585159687
CLUSTER_119,O,legume_str,143.3,25.270236585159687
CLUSTER_119,O,rape_str,1302.0,25.270236585159687
CLUSTER_134,O,legume_str,277.13,40.07225285629757
CLUSTER_134,O,maize_str,712.3,40.07225285629757
CLUSTER_134,O,rape_str,1039.3,40.07225285629757
CLUSTER_139,O,legume_str,570.9,47.597475441327575
CLUSTER_139,O,rape_str,1083.5,47.597475441327575
CLUSTER_154,O,legume_str,348.1,34.951571774118975
CLUSTER_154,O,maize_str,84.14,34.951571774118975
CLUSTER_154,O,rape_str,1500.8,34.951571774118975
CLUSTER_156,O,legume_str,342.4,60.01263296865629
CLUSTER_156,O,maize_str,250.71100000000004,60.01263296865629
CLUSTER_156,O,rape_str,1599.0,60.01263296865629
CLUSTER_158,O,legume_str,41.66,52.69950904977682
CLUSTER_158,O,rape_str,44.4,52.69950904977682
CLUSTER_16,O,legume_str,320.2,53.12622931647181
CLUSTER_16,O,maize_str,361.46,53.12622931647181
CLUSTER_16,O,rape_str,1459.3,53.12622931647181
CLUSTER_163,O,beet_leaf,38.36,20.454346041988394
CLUSTER_163,O,cattle_man,10520.0,20.454346041988394
CLUSTER_163,O,clover_alfalfa_grass,5751.6,20.454346041988394
CLUSTER_163,O,horse_man,1805.0,20.454346041988394
CLUSTER_163,O,legume_str,26.23,20.454346041988394
CLUSTER_163,O,rape_str,435.3,20.454346041988394
CLUSTER_164,O,legume_str,154.5,34.07247564138584
CLUSTER_164,O,maize_str,100.7,34.07247564138584
CLUSTER_164,O,rape_str,740.0,34.07247564138584
CLUSTER_170,O,maize_str,38.8,46.925270623902406
CLUSTER_170,O,rape_str,334.9,46.925270623902406
CLUSTER_173,O,cattle_man,7846.000000000001,11.015072656192917
CLUSTER_173,O,cattle_slu,8502.0,11.015072656192917
CLUSTER_173,O,clover_alfalfa_grass,4227.0,11.015072656192917
CLUSTER_173,O,horse_man,973.0,11.015072656192917
CLUSTER_173,O,legume_str,245.0,11.015072656192917
CLUSTER_173,O,rape_str,696.9,11.015072656192917
CLUSTER_177,O,beet_leaf,2919.0,9.28037729145628
CLUSTER_177,O,cattle_man,5132.0,9.28037729145628
CLUSTER_177,O,cattle_slu,4510.4,9.28037729145628
CLUSTER_177,O,clover_alfalfa_grass,1485.5,9.28037729145628
CLUSTER_177,O,legume_str,144.7,9.28037729145628
CLUSTER_177,O,maize_str,263.9,9.28037729145628
CLUSTER_177,O,rape_str,3337.0,9.28037729145628
CLUSTER_179,O,cattle_man,11220.0,15.5585677577792
CLUSTER_179,O,clover_alfalfa_grass,1690.0,15.5585677577792
CLUSTER_179,O,horse_man,1139.0,15.5585677577792
CLUSTER_179,O,legume_str,197.6,15.5585677577792
CLUSTER_179,O,rape_str,741.5,15.5585677577792
CLUSTER_194,O,legume_str,213.55,47.60634042682027
CLUSTER_194,O,maize_str,238.4,47.60634042682027
CLUSTER_194,O,rape_str,1397.0,47.60634042682027
CLUSTER_200,O,beet_leaf,1422.0,19.920834355447536
CLUSTER_200,O,cattle_man,3150.0,19.920834355447536
CLUSTER_200,O,clover_alfalfa_grass,2944.0,19.920834355447536
CLUSTER_200,O,legume_str,199.5,19.920834355447536
CLUSTER_200,O,maize_str,105.4,19.920834355447536
CLUSTER_200,O,rape_str,2260.0,19.920834355447536
CLUSTER_213,O,legume_str,10.36,37.83860753860669
CLUSTER_213,O,rape_str,43.9,37.83860753860669
CLUSTER_222,O,legume_str,145.8,67.40085075952204
CLUSTER_236,O,beet_leaf,1965.0000000000002,18.459959161287223
CLUSTER_236,O,clover_alfalfa_grass,7577.00461,18.459959161287223
CLUSTER_236,O,legume_str,601.1,18.459959161287223
CLUSTER_236,O,maize_str,46.4,18.459959161287223
CLUSTER_236,O,rape_str,1247.0,18.459959161287223
CLUSTER_238,O,beet_leaf,948.4,26.936375000827955
CLUSTER_238,O,cattle_man,7143.0,26.936375000827955
CLUSTER_238,O,horse_man,820.7,26.936375000827955
CLUSTER_238,O,legume_str,234.7,26.936375000827955
CLUSTER_238,O,rape_str,2251.0,26.936375000827955
CLUSTER_24,O,legume_str,769.8,35.68398077994471
CLUSTER_24,O,maize_str,610.37,35.68398077994471
CLUSTER_24,O,rape_str,4848.0,35.68398077994471
CLUSTER_246,O,legume_str,345.0,63.05928978180626
CLUSTER_246,O,maize_str,156.3,63.05928978180626
CLUSTER_246,O,rape_str,1181.0,63.05928978180626
CLUSTER_247,O,beet_leaf,1045.0,21.202279350639497
CLUSTER_247,O,clover_alfalfa_grass,4320.0,21.202279350639497
CLUSTER_247,O,legume_str,474.1,21.202279350639497
CLUSTER_247,O,maize_str,161.1,21.202279350639497
CLUSTER_247,O,rape_str,3410.0,21.202279350639497
CLUSTER_251,O,legume_str,633.1999999999999,62.20490100311315
CLUSTER_251,O,maize_str,70.9,62.20490100311315
CLUSTER_251,O,rape_str,2183.0,62.20490100311315
CLUSTER_260,O,legume_str,66.4,60.27759376130966
CLUSTER_260,O,maize_str,57.0,60.27759376130966
CLUSTER_260,O,rape_str,97.5,60.27759376130966
CLUSTER_271,O,beet_leaf,4136.0,23.68483299342132
CLUSTER_271,O,cattle_man,3622.2,23.68483299342132
CLUSTER_271,O,horse_man,278.4,23.68483299342132
CLUSTER_271,O,legume_str,258.8,23.68483299342132
CLUSTER_271,O,maize_str,266.3,23.68483299342132
CLUSTER_271,O,rape_str,2906.0,23.68483299342132
CLUSTER_275,O,legume_str,322.6,31.57887114646768
CLUSTER_275,O,maize_str,130.5,31.57887114646768
CLUSTER_275,O,rape_str,2420.0,31.57887114646768
CLUSTER_277,O,legume_str,748.8,41.15651419525812
CLUSTER_277,O,maize_str,52.900000000000006,41.15651419525812
CLUSTER_277,O,rape_str,2519.0,41.15651419525812
CLUSTER_283,O,legume_str,287.6,49.31447540876114
CLUSTER_283,O,maize_str,483.1,49.31447540876114
CLUSTER_283,O,rape_str,1599.65,49.31447540876114
CLUSTER_293,O,legume_str,195.85,56.77459476449162
CLUSTER_293,O,maize_str,181.2,56.77459476449162
CLUSTER_293,O,rape_str,1991.0000000000002,56.77459476449162
CLUSTER_298,O,legume_str,191.9,52.39551907429757
CLUSTER_298,O,maize_str,131.71,52.39551907429757
CLUSTER_298,O,rape_str,981.7454203818604,52.39551907429757
CLUSTER_317,O,legume_str,236.2,30.89394132958366
CLUSTER_317,O,maize_str,120.7,30.89394132958366
CLUSTER_317,O,rape_str,692.0,30.89394132958366
CLUSTER_320,O,beet_leaf,2141.0,25.78773729018028
CLUSTER_320,O,legume_str,113.12,25.78773729018028
CLUSTER_320,O,maize_str,24.130000000000003,25.78773729018028
CLUSTER_320,O,rape_str,1162.3,25.78773729018028
CLUSTER_326,O,legume_str,268.6,52.505700914538494
CLUSTER_326,O,maize_str,598.0,52.505700914538494
CLUSTER_326,O,rape_str,2611.0,52.505700914538494
CLUSTER_328,O,legume_str,524.0,28.48248178843849
CLUSTER_328,O,maize_str,276.0,28.48248178843849
CLUSTER_328,O,rape_str,1819.0,28.48248178843849
CLUSTER_332,O,legume_str,553.2,54.73481559707064
CLUSTER_332,O,maize_str,50.4,54.73481559707064
CLUSTER_332,O,rape_str,1546.9,54.73481559707064
CLUSTER_336,O,legume_str,270.07,63.50686007167173
CLUSTER_367,O,legume_str,263.8,57.6584851671416
CLUSTER_367,O,maize_str,296.88,57.6584851671416
CLUSTER_367,O,rape_str,1095.0,57.6584851671416
CLUSTER_38,O,legume_str,159.5,47.7220575673067
CLUSTER_38,O,maize_str,30.0,47.7220575673067
CLUSTER_389,O,legume_str,294.0,43.6288270468067
CLUSTER_389,O,maize_str,132.9,43.6288270468067
CLUSTER_389,O,rape_str,826.81,43.6288270468067
CLUSTER_4,O,maize_str,287.90000000000003,53.33945269147024
CLUSTER_410,O,beet_leaf,1747.4,21.21008776095509
CLUSTER_410,O,cattle_man,8090.0,21.21008776095509
CLUSTER_410,O,clover_alfalfa_grass,6962.0,21.21008776095509
CLUSTER_410,O,legume_str,361.8,21.21008776095509
CLUSTER_410,O,maize_str,31.67,21.21008776095509
CLUSTER_410,O,rape_str,2374.0,21.21008776095509
CLUSTER_417,O,legume_str,179.52,41.62281652947793
CLUSTER_417,O,maize_str,88.36,41.62281652947793
CLUSTER_417,O,rape_str,677.4,41.62281652947793
CLUSTER_418,O,legume_str,130.8,56.3799892828778
CLUSTER_418,O,maize_str,247.58,56.3799892828778
CLUSTER_418,O,rape_str,1244.0,56.3799892828778
CLUSTER_424,O,legume_str,524.5,53.89097210177609
CLUSTER_424,O,maize_str,42.1,53.89097210177609
CLUSTER_424,O,rape_str,2239.8,53.89097210177609
CLUSTER_426,O,legume_str,76.906,67.35455182955982
CLUSTER_430,O,beet_leaf,674.0,8.073334789230962
CLUSTER_430,O,cattle_man,1180.0,8.073334789230962
CLUSTER_430,O,cattle_slu,644.35,8.073334789230962
CLUSTER_430,O,clover_alfalfa_grass,633.0,8.073334789230962
CLUSTER_430,O,horse_man,480.0,8.073334789230962
CLUSTER_430,O,legume_str,108.18,8.073334789230962
CLUSTER_430,O,maize_str,59.93000000000001,8.073334789230962
CLUSTER_430,O,rape_str,1226.0,8.073334789230962
CLUSTER_449,O,beet_leaf,1486.5,15.545379694377514
CLUSTER_449,O,cattle_man,7060.2,15.545379694377514
CLUSTER_449,O,clover_alfalfa_grass,2815.0,15.545379694377514
CLUSTER_449,O,horse_man,518.500398,15.545379694377514
CLUSTER_449,O,legume_str,67.55,15.545379694377514
CLUSTER_449,O,maize_str,119.0,15.545379694377514
CLUSTER_449,O,rape_str,2855.0,15.545379694377514
CLUSTER_455,O,legume_str,362.4,44.68695109412608
CLUSTER_455,O,maize_str,263.67,44.68695109412608
CLUSTER_455,O,rape_str,1213.0,44.68695109412608
CLUSTER_46,O,legume_str,245.43999999999997,61.29171755079453
CLUSTER_46,O,maize_str,216.072,61.29171755079453
CLUSTER_46,O,rape_str,1841.4,61.29171755079453
CLUSTER_465,O,legume_str,750.0,65.11726101043173
CLUSTER_467,O,legume_str,423.2,57.28434752377416
CLUSTER_467,O,maize_str,240.8,57.28434752377416
CLUSTER_467,O,rape_str,1193.5,57.28434752377416
CLUSTER_47,O,rape_str,155.0,54.52109177290665
CLUSTER_487,O,beet_leaf,8692.634132442186,28.11221205456169
CLUSTER_487,O,legume_str,702.12,28.11221205456169
CLUSTER_487,O,maize_str,637.4,28.11221205456169
CLUSTER_487,O,rape_str,1529.0,28.11221205456169
CLUSTER_49,O,beet_leaf,9947.0,15.369252178462164
CLUSTER_49,O,clover_alfalfa_grass,6059.8,15.369252178462164
CLUSTER_49,O,legume_str,470.832,15.369252178462164
CLUSTER_49,O,maize_str,516.3,15.369252178462164
CLUSTER_49,O,rape_str,2778.0,15.369252178462164
CLUSTER_491,O,beet_leaf,1289.0,19.159090167258864
CLUSTER_491,O,cattle_man,6717.0,19.159090167258864
CLUSTER_491,O,clover_alfalfa_grass,4660.0,19.159090167258864
CLUSTER_491,O,legume_str,275.7,19.159090167258864
CLUSTER_491,O,maize_str,50.9,19.159090167258864
CLUSTER_491,O,rape_str,1665.0,19.159090167258864
CLUSTER_497,O,legume_str,206.1,48.12188799145694
CLUSTER_497,O,maize_str,25.5,48.12188799145694
CLUSTER_497,O,rape_str,1290.0,48.12188799145694
CLUSTER_506,O,legume_str,340.0,36.44929079749518
CLUSTER_506,O,maize_str,146.4,36.44929079749518
CLUSTER_506,O,rape_str,1143.0,36.44929079749518
CLUSTER_517,O,legume_str,119.6,48.3322480949962
CLUSTER_517,O,maize_str,38.76,48.3322480949962
CLUSTER_517,O,rape_str,729.3,48.3322480949962
CLUSTER_519,O,cattle_man,4091.0,25.78833744499736
CLUSTER_519,O,horse_man,814.0,25.78833744499736
CLUSTER_519,O,legume_str,11.1,25.78833744499736
CLUSTER_525,O,legume_str,32.37,40.30477412382022
CLUSTER_525,O,maize_str,16.1,40.30477412382022
CLUSTER_525,O,rape_str,758.0,40.30477412382022
CLUSTER_526,O,legume_str,215.0,49.622927228499655
CLUSTER_526,O,rape_str,1150.0,49.622927228499655
CLUSTER_535,O,legume_str,91.4,62.23761012300687
CLUSTER_535,O,maize_str,176.0,62.23761012300687
CLUSTER_535,O,rape_str,709.22,62.23761012300687
CLUSTER_538,O,beet_leaf,343.8,6.747766169003415
CLUSTER_538,O,cattle_man,3387.0,6.747766169003415
CLUSTER_538,O,cattle_slu,3543.0,6.747766169003415
CLUSTER_538,O,clover_alfalfa_grass,2378.0,6.747766169003415
CLUSTER_538,O,horse_man,768.4,6.747766169003415
CLUSTER_538,O,legume_str,213.05,6.747766169003415
CLUSTER_538,O,maize_str,24.6,6.747766169003415
CLUSTER_538,O,rape_str,957.0,6.747766169003415
CLUSTER_546,O,cattle_man,5370.0,30.986040820873956
CLUSTER_546,O,horse_man,444.0,30.986040820873956
CLUSTER_546,O,legume_str,32.5,30.986040820873956
CLUSTER_546,O,rape_str,476.2,30.986040820873956
CLUSTER_60,O,legume_str,82.928,67.26906869958572
CLUSTER_75,O,maize_str,550.06,61.45380790667684
CLUSTER_80,O,beet_leaf,2904.0,10.99546450188372
CLUSTER_80,O,cattle_man,2733.9,10.99546450188372
CLUSTER_80,O,cattle_slu,4518.7,10.99546450188372
CLUSTER_80,O,clover_alfalfa_grass,3708.0,10.99546450188372
CLUSTER_80,O,horse_man,210.9,10.99546450188372
CLUSTER_80,O,legume_str,346.7,10.99546450188372
CLUSTER_80,O,maize_str,115.0,10.99546450188372
CLUSTER_80,O,rape_str,3516.0,10.99546450188372
CLUSTER_95,O,cattle_man,4536.0,28.222191367181814
CLUSTER_95,O,legume_str,380.1,28.222191367181814
CLUSTER_95,O,maize_str,231.9,28.222191367181814
CLUSTER_95,O,rape_str,4774.0,28.222191367181814
CLUSTER_97,O,legume_str,684.7,33.609759854078725
CLUSTER_97,O,maize_str,150.8,33.609759854078725
CLUSTER_97,O,rape_str,3629.0,33.609759854078725
CLUSTER_1,Q,legume_str,279.7,40.14853360461574
CLUSTER_1,Q,maize_str,371.5,40.14853360461574
CLUSTER_1,Q,rape_str,1763.0,40.14853360461574
CLUSTER_101,Q,beet_leaf,839.0,14.456245101679684
CLUSTER_101,Q,cattle_man,7667.4141,14.456245101679684
CLUSTER_101,Q,legume_str,210.4,14.456245101679684
CLUSTER_101,Q,maize_str,163.78503,14.456245101679684
CLUSTER_101,Q,rape_str,1060.3,14.456245101679684
CLUSTER_103,Q,cattle_man,2660.0,22.765017577731832
CLUSTER_103,Q,legume_str,84.58999999999999,22.765017577731832
CLUSTER_103,Q,maize_str,65.200176,22.765017577731832
CLUSTER_103,Q,rape_str,208.4,22.765017577731832
CLUSTER_107,Q,legume_str,421.2,55.37717172117773
CLUSTER_107,Q,maize_str,1970.0,55.37717172117773
CLUSTER_107,Q,rape_str,1132.0,55.37717172117773
CLUSTER_123,Q,maize_str,965.9,53.40593283004387
CLUSTER_128,Q,legume_str,170.4,55.730052088359336
CLUSTER_128,Q,rape_str,635.2,55.730052088359336
CLUSTER_129,Q,legume_str,211.4,37.18997278594273
CLUSTER_129,Q,maize_str,396.8,37.18997278594273
CLUSTER_129,Q,rape_str,408.7,37.18997278594273
CLUSTER_132,Q,legume_str,147.22,28.512819973672705
CLUSTER_132,Q,maize_str,1533.2,28.512819973672705
CLUSTER_132,Q,rape_str,929.0,28.512819973672705
CLUSTER_138,Q,legume_str,467.8,35.73090673073074
CLUSTER_138,Q,maize_str,2746.0,35.73090673073074
CLUSTER_138,Q,rape_str,1121.4,35.73090673073074
CLUSTER_14,Q,legume_str,20.98,42.40127338314116
CLUSTER_14,Q,maize_str,853.8,42.40127338314116
CLUSTER_14,Q,rape_str,1443.9,42.40127338314116
CLUSTER_144,Q,legume_str,474.3,56.64421779794315
CLUSTER_145,Q,legume_str,263.2,21.72554757754528
CLUSTER_145,Q,maize_str,1224.5,21.72554757754528
CLUSTER_145,Q,rape_str,1224.0,21.72554757754528
CLUSTER_162,Q,maize_str,4165.0,43.6746070383936
CLUSTER_169,Q,legume_str,59.436,38.11919521503263
CLUSTER_169,Q,maize_str,446.0,38.11919521503263
CLUSTER_169,Q,rape_str,268.41,38.11919521503263
CLUSTER_171,Q,legume_str,188.6,34.381149609376926
CLUSTER_171,Q,maize_str,987.0,34.381149609376926
CLUSTER_171,Q,rape_str,1563.0,34.381149609376926
CLUSTER_176,Q,beet_leaf,5962.1,8.125968911826348
CLUSTER_176,Q,cattle_man,2533.2,8.125968911826348
CLUSTER_176,Q,cattle_slu,11078.30946164442,8.125968911826348
CLUSTER_176,Q,clover_alfalfa_grass,1477.0,8.125968911826348
CLUSTER_176,Q,horse_man,750.0,8.125968911826348
CLUSTER_176,Q,legume_str,185.1,8.125968911826348
CLUSTER_176,Q,maize_str,248.73000000000002,8.125968911826348
CLUSTER_176,Q,rape_str,773.6,8.125968911826348
CLUSTER_182,Q,legume_str,180.1,42.675986802858105
CLUSTER_182,Q,maize_str,2575.0,42.675986802858105
CLUSTER_182,Q,rape_str,811.0,42.675986802858105
CLUSTER_183,Q,legume_str,266.3,51.14913638023688
CLUSTER_183,Q,maize_str,210.88,51.14913638023688
CLUSTER_183,Q,rape_str,1374.3,51.14913638023688
CLUSTER_188,Q,legume_str,67.118,56.41350637479783
CLUSTER_188,Q,rape_str,21.25,56.41350637479783
CLUSTER_190,Q,cattle_man,9509.0,26.21987563694668
CLUSTER_190,Q,legume_str,186.5,26.21987563694668
CLUSTER_190,Q,maize_str,183.5,26.21987563694668
CLUSTER_190,Q,rape_str,642.0,26.21987563694668
CLUSTER_219,Q,legume_str,276.0,39.16038259302952
CLUSTER_219,Q,maize_str,434.5,39.16038259302952
CLUSTER_219,Q,rape_str,2300.0,39.16038259302952
CLUSTER_229,Q,beet_leaf,15420.0,12.841222802587044
CLUSTER_229,Q,cattle_man,1142.8,12.841222802587044
CLUSTER_229,Q,clover_alfalfa_grass,1292.5,12.841222802587044
CLUSTER_229,Q,legume_str,169.7,12.841222802587044
CLUSTER_229,Q,maize_str,474.61,12.841222802587044
CLUSTER_229,Q,rape_str,30.7,12.841222802587044
CLUSTER_232,Q,legume_str,118.5,57.45215617288714
CLUSTER_235,Q,legume_str,260.6,35.24699368423294
CLUSTER_235,Q,maize_str,1195.0,35.24699368423294
CLUSTER_235,Q,rape_str,208.9,35.24699368423294
CLUSTER_237,Q,legume_str,29.248,26.619322034868468
CLUSTER_237,Q,maize_str,150.0,26.619322034868468
CLUSTER_237,Q,rape_str,431.0,26.619322034868468
CLUSTER_248,Q,beet_leaf,4814.0,15.033166913554275
CLUSTER_248,Q,cattle_man,377.0,15.033166913554275
CLUSTER_248,Q,horse_man,258.4,15.033166913554275
CLUSTER_248,Q,legume_str,201.2,15.033166913554275
CLUSTER_248,Q,maize_str,301.88279,15.033166913554275
CLUSTER_248,Q,rape_str,349.9,15.033166913554275
CLUSTER_266,Q,legume_str,14.388000000000002,45.15385650666714
CLUSTER_266,Q,rape_str,64.9,45.15385650666714
CLUSTER_278,Q,legume_str,94.28,33.46786042025453
CLUSTER_278,Q,maize_str,274.04,33.46786042025453
CLUSTER_278,Q,rape_str,532.8,33.46786042025453
CLUSTER_294,Q,legume_str,168.2,56.347246252699954
CLUSTER_294,Q,rape_str,684.0,56.347246252699954
CLUSTER_303,Q,beet_leaf,5690.0,10.164315039762087
CLUSTER_303,Q,cattle_man,3262.0,10.164315039762087
CLUSTER_303,Q,clover_alfalfa_grass,5944.0,10.164315039762087
CLUSTER_303,Q,horse_man,1570.0,10.164315039762087
CLUSTER_303,Q,legume_str,375.4,10.164315039762087
CLUSTER_303,Q,maize_str,378.0,10.164315039762087
CLUSTER_303,Q,rape_str,914.0,10.164315039762087
CLUSTER_305,Q,legume_str,120.96,45.94216478616494
CLUSTER_305,Q,maize_str,1335.4,45.94216478616494
CLUSTER_305,Q,rape_str,1126.6,45.94216478616494
CLUSTER_316,Q,legume_str,235.5,33.86045424793987
CLUSTER_316,Q,maize_str,2021.2999999999997,33.86045424793987
CLUSTER_316,Q,rape_str,1137.0,33.86045424793987
CLUSTER_338,Q,legume_str,307.0,47.79144263444468
CLUSTER_338,Q,maize_str,2637.0,47.79144263444468
CLUSTER_338,Q,rape_str,566.0,47.79144263444468
CLUSTER_339,Q,legume_str,276.25,24.24682572657149
CLUSTER_339,Q,maize_str,1719.0,24.24682572657149
CLUSTER_339,Q,rape_str,716.33,24.24682572657149
CLUSTER_344,Q,legume_str,332.0,38.4160409374415
CLUSTER_344,Q,maize_str,5434.0,38.4160409374415
CLUSTER_344,Q,rape_str,232.2,38.4160409374415
CLUSTER_349,Q,legume_str,257.0,32.55142025498948
CLUSTER_349,Q,maize_str,1939.0,32.55142025498948
CLUSTER_349,Q,rape_str,1306.0,32.55142025498948
CLUSTER_35,Q,maize_str,1422.0,46.94330825675322
CLUSTER_351,Q,legume_str,523.0,51.15363387336862
CLUSTER_351,Q,maize_str,544.0,51.15363387336862
CLUSTER_351,Q,rape_str,1727.0,51.15363387336862
CLUSTER_353,Q,legume_str,276.0,30.96781761131243
CLUSTER_353,Q,maize_str,3170.0,30.96781761131243
CLUSTER_353,Q,rape_str,696.0,30.96781761131243
CLUSTER_365,Q,maize_str,269.0,53.90368223850869
CLUSTER_377,Q,cattle_man,1881.3,21.532580518656022
CLUSTER_377,Q,legume_str,142.95,21.532580518656022
CLUSTER_377,Q,maize_str,329.2,21.532580518656022
CLUSTER_377,Q,rape_str,504.0299999999999,21.532580518656022
CLUSTER_382,Q,legume_str,385.1,27.341582979929367
CLUSTER_382,Q,maize_str,346.7,27.341582979929367
CLUSTER_382,Q,rape_str,1028.0,27.341582979929367
CLUSTER_390,Q,legume_str,91.61,36.60059281483348
CLUSTER_390,Q,maize_str,92.3,36.60059281483348
CLUSTER_390,Q,rape_str,957.4,36.60059281483348
CLUSTER_393,Q,legume_str,44.84,37.5898875521539
CLUSTER_393,Q,maize_str,311.5,37.5898875521539
CLUSTER_393,Q,rape_str,213.5,37.5898875521539
CLUSTER_394,Q,maize_str,629.0,50.67572629419986
CLUSTER_404,Q,legume_str,89.80000000000001,61.55213277553021
CLUSTER_42,Q,beet_leaf,8847.0,18.76432076866688
CLUSTER_42,Q,legume_str,175.21,18.76432076866688
CLUSTER_42,Q,maize_str,1879.0,18.76432076866688
CLUSTER_42,Q,rape_str,813.0,18.76432076866688
CLUSTER_427,Q,legume_str,351.0,49.64250214085628
CLUSTER_427,Q,maize_str,2221.8,49.64250214085628
CLUSTER_427,Q,rape_str,1173.4,49.64250214085628
CLUSTER_431,Q,legume_str,310.4,44.08848924879886
CLUSTER_431,Q,maize_str,4683.0,44.08848924879886
CLUSTER_431,Q,rape_str,203.4,44.08848924879886
CLUSTER_433,Q,legume_str,55.8,46.29963071071386
CLUSTER_433,Q,maize_str,124.49999999999999,46.29963071071386
CLUSTER_433,Q,rape_str,464.4,46.29963071071386
CLUSTER_452,Q,beet_leaf,16020.0,9.460109681746705
CLUSTER_452,Q,cattle_man,3960.0,9.460109681746705
CLUSTER_452,Q,clover_alfalfa_grass,2570.0,9.460109681746705
CLUSTER_452,Q,legume_str,173.8,9.460109681746705
CLUSTER_452,Q,maize_str,639.0,9.460109681746705
CLUSTER_452,Q,rape_str,580.0,9.460109681746705
CLUSTER_459,Q,beet_leaf,1036.7,19.42748750806052
CLUSTER_459,Q,cattle_man,3719.2,19.42748750806052
CLUSTER_459,Q,horse_man,167.4,19.42748750806052
CLUSTER_459,Q,legume_str,28.68,19.42748750806052
CLUSTER_459,Q,maize_str,71.0,19.42748750806052
CLUSTER_459,Q,rape_str,91.0,19.42748750806052
CLUSTER_464,Q,maize_str,1659.0,50.03694242013612
CLUSTER_469,Q,legume_str,204.7,32.699296934579955
CLUSTER_469,Q,maize_str,488.99999999999994,32.699296934579955
CLUSTER_469,Q,rape_str,1099.0,32.699296934579955
CLUSTER_478,Q,legume_str,86.75,28.82599686200638
CLUSTER_478,Q,maize_str,1389.0,28.82599686200638
CLUSTER_478,Q,rape_str,205.7,28.82599686200638
CLUSTER_479,Q,maize_str,21.09,54.80080166041176
CLUSTER_485,Q,legume_str,229.0,49.70606651067929
CLUSTER_485,Q,maize_str,988.0,49.70606651067929
CLUSTER_485,Q,rape_str,948.0,49.70606651067929
CLUSTER_490,Q,legume_str,80.4,53.52345140637631
CLUSTER_490,Q,maize_str,80.1,53.52345140637631
CLUSTER_490,Q,rape_str,340.0,53.52345140637631
CLUSTER_496,Q,beet_leaf,20620.0,20.202541509342023
CLUSTER_496,Q,legume_str,144.6,20.202541509342023
CLUSTER_496,Q,maize_str,1429.0,20.202541509342023
CLUSTER_496,Q,rape_str,1060.0,20.202541509342023
CLUSTER_515,Q,legume_str,82.35000000000001,30.35712101438924
CLUSTER_515,Q,maize_str,787.1,30.35712101438924
CLUSTER_515,Q,rape_str,366.0,30.35712101438924
CLUSTER_531,Q,legume_str,89.3,42.36329149425061
CLUSTER_531,Q,maize_str,337.7,42.36329149425061
CLUSTER_531,Q,rape_str,167.0,42.36329149425061
CLUSTER_533,Q,legume_str,42.59,62.17323814390326
CLUSTER_534,Q,legume_str,317.1,59.83941192921117
CLUSTER_6,Q,cattle_man,810.17,21.887040284506163
CLUSTER_6,Q,legume_str,401.8,21.887040284506163
CLUSTER_6,Q,maize_str,359.49,21.887040284506163
CLUSTER_6,Q,rape_str,644.6,21.887040284506163
CLUSTER_66,Q,legume_str,66.985,43.386045282057125
CLUSTER_66,Q,rape_str,449.2,43.386045282057125
CLUSTER_76,Q,legume_str,109.68,48.7719639261714
CLUSTER_76,Q,maize_str,96.25,48.7719639261714
CLUSTER_76,Q,rape_str,35.114,48.7719639261714
CLUSTER_78,Q,legume_str,40.33,40.70105500378739
CLUSTER_78,Q,maize_str,136.0,40.70105500378739
CLUSTER_78,Q,rape_str,178.1,40.70105500378739
CLUSTER_82,Q,beet_leaf,1735.8,8.77732505036834
CLUSTER_82,Q,cattle_man,7392.7,8.77732505036834
CLUSTER_82,Q,clover_alfalfa_grass,3208.5,8.77732505036834
CLUSTER_82,Q,horse_man,1220.1,8.77732505036834
CLUSTER_82,Q,legume_str,122.92,8.77732505036834
CLUSTER_82,Q,maize_str,505.26,8.77732505036834
CLUSTER_82,Q,rape_str,680.1,8.77732505036834
CLUSTER_83,Q,legume_str,40.02,46.05741743553915
CLUSTER_83,Q,maize_str,573.0,46.05741743553915
CLUSTER_83,Q,rape_str,472.0,46.05741743553915
CLUSTER_9,Q,beet_leaf,23584.0,20.479564218404665
CLUSTER_9,Q,legume_str,267.44,20.479564218404665
CLUSTER_9,Q,maize_str,2940.98,20.479564218404665
CLUSTER_9,Q,rape_str,712.84,20.479564218404665
CLUSTER_109,R,legume_str,13.7,23.060080617991986
CLUSTER_109,R,maize_str,39.23,23.060080617991986
CLUSTER_109,R,rape_str,16.3,23.060080617991986
CLUSTER_124,R,legume_str,92.4,55.99720468529958
CLUSTER_143,R,legume_str,47.158,31.15008619333775
CLUSTER_143,R,maize_str,405.5,31.15008619333775
CLUSTER_143,R,rape_str,89.7,31.15008619333775
CLUSTER_150,R,legume_str,116.5,31.052399583243957
CLUSTER_150,R,maize_str,307.3,31.052399583243957
CLUSTER_150,R,rape_str,158.8,31.052399583243957
CLUSTER_155,R,maize_str,5236.0,35.03882462152154
CLUSTER_17,R,legume_str,112.2,59.3317744262493
CLUSTER_184,R,maize_str,4690.0,47.57492917655144
CLUSTER_189,R,cattle_man,4488.98,17.53215209134821
CLUSTER_195,R,legume_str,17.12,19.82530730328313
CLUSTER_195,R,maize_str,21.4,19.82530730328313
CLUSTER_195,R,rape_str,51.9,19.82530730328313
CLUSTER_202,R,legume_str,151.06,23.2292444871752
CLUSTER_202,R,maize_str,1620.21,23.2292444871752
CLUSTER_202,R,rape_str,65.6,23.2292444871752
CLUSTER_223,R,beet_leaf,4811.0,18.0693322334472
CLUSTER_223,R,cattle_man,9326.0,18.0693322334472
CLUSTER_223,R,legume_str,122.22,18.0693322334472
CLUSTER_223,R,maize_str,1682.3,18.0693322334472
CLUSTER_223,R,rape_str,240.1,18.0693322334472
CLUSTER_225,R,legume_str,589.4,47.98411333381514
CLUSTER_225,R,maize_str,8410.0,47.98411333381514
CLUSTER_225,R,rape_str,1132.3,47.98411333381514
CLUSTER_231,R,legume_str,26.42,20.143135727135626
CLUSTER_231,R,maize_str,13.35,20.143135727135626
CLUSTER_233,R,maize_str,2980.0,46.59510604672693
CLUSTER_240,R,maize_str,1331.4133977510855,53.08372696136503
CLUSTER_241,R,cattle_man,10430.0,10.219270817694646
CLUSTER_241,R,clover_alfalfa_grass,2487.0,10.219270817694646
CLUSTER_241,R,legume_str,14.47,10.219270817694646
CLUSTER_241,R,maize_str,29.1,10.219270817694646
CLUSTER_241,R,rape_str,46.0,10.219270817694646
CLUSTER_250,R,maize_str,14.7,26.15311497275041
CLUSTER_254,R,cattle_man,8256.0,1.982861947344351
CLUSTER_254,R,cattle_slu,49120.0,1.982861947344351
CLUSTER_254,R,clover_alfalfa_grass,1722.0,1.982861947344351
CLUSTER_254,R,horse_man,1711.5,1.982861947344351
CLUSTER_258,R,legume_str,10.47,45.897855560574506
CLUSTER_258,R,maize_str,13.7,45.897855560574506
CLUSTER_270,R,beet_leaf,3502.0,12.981428380208968
CLUSTER_270,R,cattle_man,8112.039850067367,12.981428380208968
CLUSTER_270,R,legume_str,180.75,12.981428380208968
CLUSTER_270,R,maize_str,1419.08,12.981428380208968
CLUSTER_270,R,rape_str,169.7,12.981428380208968
CLUSTER_274,R,beet_leaf,47160.0,20.858856488530392
CLUSTER_274,R,legume_str,393.2,20.858856488530392
CLUSTER_274,R,maize_str,4828.0,20.858856488530392
CLUSTER_274,R,rape_str,401.4,20.858856488530392
CLUSTER_280,R,legume_str,227.3,45.27857643174992
CLUSTER_280,R,maize_str,290.7,45.27857643174992
CLUSTER_280,R,rape_str,224.4,45.27857643174992
CLUSTER_282,R,legume_str,149.16,34.173078890177656
CLUSTER_282,R,maize_str,1199.9,34.173078890177656
CLUSTER_282,R,rape_str,168.6,34.173078890177656
CLUSTER_284,R,legume_str,192.3,27.259452394324228
CLUSTER_284,R,maize_str,3599.0,27.259452394324228
CLUSTER_284,R,rape_str,262.2,27.259452394324228
CLUSTER_295,R,maize_str,1481.0,50.7301959303208
CLUSTER_296,R,legume_str,10.71,36.88616250569488
CLUSTER_296,R,maize_str,81.94,36.88616250569488
CLUSTER_301,R,legume_str,364.26,40.58977727722793
CLUSTER_301,R,maize_str,3168.0,40.58977727722793
CLUSTER_301,R,rape_str,382.1,40.58977727722793
CLUSTER_311,R,legume_str,30.47,35.335085161153536
CLUSTER_311,R,maize_str,38.61,35.335085161153536
CLUSTER_311,R,rape_str,316.0,35.335085161153536
CLUSTER_33,R,cattle_man,6952.0,18.806702349505148
CLUSTER_343,R,legume_str,77.46000000000001,59.40711365648304
CLUSTER_370,R,legume_str,38.17,27.45133558848545
CLUSTER_370,R,maize_str,133.51,27.45133558848545
CLUSTER_370,R,rape_str,42.4,27.45133558848545
CLUSTER_406,R,beet_leaf,27.2,8.422459806383733
CLUSTER_406,R,cattle_man,16790.0,8.422459806383733
CLUSTER_406,R,cattle_slu,83416.2774822588,8.422459806383733
CLUSTER_406,R,clover_alfalfa_grass,6980.0,8.422459806383733
CLUSTER_406,R,horse_man,1539.0,8.422459806383733
CLUSTER_406,R,maize_str,29.7,8.422459806383733
CLUSTER_429,R,legume_str,61.70000000000001,36.51577137224174
CLUSTER_429,R,maize_str,90.5,36.51577137224174
CLUSTER_429,R,rape_str,185.6,36.51577137224174
CLUSTER_442,R,legume_str,12.73,58.08579800881595
CLUSTER_453,R,legume_str,457.0,43.67506354216697
CLUSTER_453,R,maize_str,1817.0,43.67506354216697
CLUSTER_453,R,rape_str,449.1,43.67506354216697
CLUSTER_456,R,legume_str,113.6,24.17379574084086
CLUSTER_456,R,maize_str,2995.0,24.17379574084086
CLUSTER_456,R,rape_str,206.8,24.17379574084086
CLUSTER_457,R,legume_str,108.18,48.85124137531635
CLUSTER_457,R,maize_str,314.0,48.85124137531635
CLUSTER_457,R,rape_str,30.800000000000004,48.85124137531635
CLUSTER_470,R,legume_str,43.7,32.972944756702844
CLUSTER_470,R,maize_str,164.6,32.972944756702844
CLUSTER_470,R,rape_str,89.8,32.972944756702844
CLUSTER_472,R,legume_str,59.1,49.80247275340322
CLUSTER_472,R,maize_str,62.6,49.80247275340322
CLUSTER_472,R,rape_str,336.6,49.80247275340322
CLUSTER_477,R,legume_str,101.5,45.48723646532512
CLUSTER_477,R,maize_str,141.3,45.48723646532512
CLUSTER_477,R,rape_str,247.70000000000002,45.48723646532512
CLUSTER_484,R,legume_str,72.6,39.53669179648667
CLUSTER_484,R,maize_str,160.5,39.53669179648667
CLUSTER_484,R,rape_str,75.4,39.53669179648667
CLUSTER_488,R,legume_str,451.0,30.032901561825486
CLUSTER_488,R,maize_str,3580.0,30.032901561825486
CLUSTER_488,R,rape_str,315.0,30.032901561825486
CLUSTER_509,R,legume_str,25.2,45.61023663455729
CLUSTER_509,R,maize_str,18.6,45.61023663455729
CLUSTER_509,R,rape_str,51.9,45.61023663455729
CLUSTER_513,R,legume_str,913.0,34.86680145498125
CLUSTER_513,R,maize_str,11970.0,34.86680145498125
CLUSTER_513,R,rape_str,985.0,34.86680145498125
CLUSTER_514,R,legume_str,49.46,38.317479022781285
CLUSTER_514,R,maize_str,350.0,38.317479022781285
CLUSTER_520,R,cattle_man,3690.0,8.681654457530108
CLUSTER_520,R,clover_alfalfa_grass,459.4,8.681654457530108
CLUSTER_542,R,legume_str,208.0,59.73095837970552
CLUSTER_549,R,legume_str,16.9,28.04570929107406
CLUSTER_549,R,maize_str,115.4,28.04570929107406
CLUSTER_549,R,rape_str,76.9,28.04570929107406
CLUSTER_68,R,legume_str,893.9,34.50729332029012
CLUSTER_68,R,maize_str,8434.0,34.50729332029012
CLUSTER_68,R,rape_str,708.4,34.50729332029012
CLUSTER_79,R,legume_str,931.4,47.21250019549719
CLUSTER_79,R,maize_str,6400.0,47.21250019549719
CLUSTER_79,R,rape_str,1076.6,47.21250019549719
CLUSTER_91,R,legume_str,391.1,34.18746397389845
CLUSTER_91,R,maize_str,5136.0,34.18746397389845
CLUSTER_91,R,rape_str,434.47,34.18746397389845
CLUSTER_99,R,legume_str,144.0,44.68416888155193
CLUSTER_99,R,maize_str,397.0,44.68416888155193
CLUSTER_99,R,rape_str,371.8,44.68416888155193
CLUSTER_0,S,legume_str,690.7,49.18246252322285
CLUSTER_104,S,legume_str,171.70000000000002,26.339994461805084
CLUSTER_104,S,maize_str,2760.0,26.339994461805084
CLUSTER_104,S,rape_str,732.1,26.339994461805084
CLUSTER_126,S,legume_str,544.6,34.53450527408025
CLUSTER_126,S,rape_str,2381.0,34.53450527408025
CLUSTER_131,S,legume_str,1003.9999999999999,29.25076612140671
CLUSTER_131,S,maize_str,4594.0,29.25076612140671
CLUSTER_131,S,rape_str,1908.0,29.25076612140671
CLUSTER_155,S,beet_leaf,1973.1247189548606,22.61205491124733
CLUSTER_155,S,cattle_man,533.52,22.61205491124733
CLUSTER_155,S,legume_str,662.1,22.61205491124733
CLUSTER_155,S,rape_str,1777.0,22.61205491124733
CLUSTER_165,S,legume_str,854.0,30.744869215723146
CLUSTER_165,S,rape_str,1507.0,30.744869215723146
CLUSTER_184,S,legume_str,480.0,26.471021254068415
CLUSTER_184,S,rape_str,1554.0,26.471021254068415
CLUSTER_2,S,beet_leaf,10250.0,3.480495466149462
CLUSTER_2,S,cattle_man,3616.0,3.480495466149462
CLUSTER_2,S,cattle_slu,10109.8,3.480495466149462
CLUSTER_2,S,clover_alfalfa_grass,4224.0,3.480495466149462
CLUSTER_2,S,legume_str,639.4,3.480495466149462
CLUSTER_2,S,maize_str,6515.0,3.480495466149462
CLUSTER_2,S,pig_slu,14138.61773569043,3.480495466149462
CLUSTER_2,S,rape_str,2407.0,3.480495466149462
CLUSTER_20,S,beet_leaf,2532.0,18.95017176682246
CLUSTER_20,S,legume_str,1043.0,18.95017176682246
CLUSTER_20,S,maize_str,3732.0,18.95017176682246
CLUSTER_20,S,rape_str,2658.0,18.95017176682246
CLUSTER_205,S,legume_str,366.9,46.53507492516634
CLUSTER_205,S,rape_str,424.8,46.53507492516634
CLUSTER_208,S,legume_str,344.5,49.641982468513575
CLUSTER_22,S,legume_str,405.9,50.10520079592187
CLUSTER_233,S,legume_str,413.0,31.28836991904942
CLUSTER_233,S,rape_str,718.0,31.28836991904942
CLUSTER_288,S,legume_str,851.0,50.46848775144483
CLUSTER_292,S,legume_str,588.0,48.305771233607125
CLUSTER_302,S,legume_str,313.8,38.0414165458421
CLUSTER_302,S,rape_str,140.1,38.0414165458421
CLUSTER_319,S,legume_str,497.00000000000006,50.59249374429155
CLUSTER_330,S,beet_leaf,1270.11,22.03989578243476
CLUSTER_330,S,legume_str,753.8,22.03989578243476
CLUSTER_330,S,maize_str,3233.0,22.03989578243476
CLUSTER_330,S,rape_str,2235.0,22.03989578243476
CLUSTER_354,S,beet_leaf,3651.0,9.618879065577165
CLUSTER_354,S,cattle_man,4844.0,9.618879065577165
CLUSTER_354,S,cattle_slu,18160.0,9.618879065577165
CLUSTER_354,S,legume_str,257.3,9.618879065577165
CLUSTER_354,S,maize_str,3760.8,9.618879065577165
CLUSTER_354,S,rape_str,1672.1,9.618879065577165
CLUSTER_355,S,beet_leaf,29970.0,14.309391076695782
CLUSTER_355,S,legume_str,1096.0,14.309391076695782
CLUSTER_355,S,maize_str,6490.0,14.309391076695782
CLUSTER_355,S,rape_str,1192.0,14.309391076695782
CLUSTER_37,S,beet_leaf,3310.0,11.250723176410164
CLUSTER_37,S,cattle_man,31919.999999999996,11.250723176410164
CLUSTER_37,S,legume_str,791.6,11.250723176410164
CLUSTER_37,S,maize_str,5157.0,11.250723176410164
CLUSTER_37,S,rape_str,2494.6,11.250723176410164
CLUSTER_371,S,legume_str,445.8,41.529635123176206
CLUSTER_371,S,rape_str,918.4,41.529635123176206
CLUSTER_398,S,legume_str,250.69999999999996,40.78611899431704
CLUSTER_398,S,rape_str,535.6,40.78611899431704
CLUSTER_400,S,beet_leaf,11210.0,13.9078667216696
CLUSTER_400,S,cattle_man,3903.8,13.9078667216696
CLUSTER_400,S,legume_str,558.0,13.9078667216696
CLUSTER_400,S,maize_str,7990.000000000001,13.9078667216696
CLUSTER_400,S,rape_str,1315.0,13.9078667216696
CLUSTER_403,S,legume_str,587.0,30.229382985748508
CLUSTER_403,S,maize_str,3050.0,30.229382985748508
CLUSTER_403,S,rape_str,1011.0,30.229382985748508
CLUSTER_423,S,legume_str,670.7,38.779621988779226
CLUSTER_423,S,rape_str,1295.9,38.779621988779226
CLUSTER_436,S,legume_str,253.39999999999998,43.44266798088348
CLUSTER_436,S,rape_str,941.0,43.44266798088348
CLUSTER_450,S,legume_str,406.3,30.55449300708121
CLUSTER_450,S,rape_str,562.7,30.55449300708121
CLUSTER_473,S,legume_str,346.1,19.4437300910929
CLUSTER_473,S,maize_str,2065.0,19.4437300910929
CLUSTER_473,S,rape_str,1204.0,19.4437300910929
CLUSTER_493,S,legume_str,157.4,46.12352298611844
CLUSTER_493,S,rape_str,189.92,46.12352298611844
CLUSTER_501,S,legume_str,355.2,30.309974059803757
CLUSTER_501,S,maize_str,1205.7240387799723,30.309974059803757
CLUSTER_501,S,rape_str,1822.0,30.309974059803757
CLUSTER_516,S,legume_str,330.5,41.34358772811737
CLUSTER_516,S,rape_str,861.0,41.34358772811737
CLUSTER_541,S,legume_str,57.8,49.60892938856527
CLUSTER_544,S,legume_str,101.3,51.01543848700644
CLUSTER_61,S,legume_str,504.6,32.12616341224014
CLUSTER_61,S,rape_str,985.9999999999999,32.12616341224014
CLUSTER_64,S,legume_str,944.8,34.246988226689346
CLUSTER_64,S,rape_str,1531.1,34.246988226689346
CLUSTER_69,S,legume_str,517.8,41.49059000065631
CLUSTER_69,S,rape_str,964.5,41.49059000065631
CLUSTER_70,S,beet_leaf,4041.0000000000005,20.72181702317008
CLUSTER_70,S,legume_str,758.6,20.72181702317008
CLUSTER_70,S,maize_str,4266.0,20.72181702317008
CLUSTER_70,S,rape_str,1041.14,20.72181702317008
CLUSTER_73,S,beet_leaf,17732.0,21.226558708715096
CLUSTER_73,S,cattle_man,5812.0,21.226558708715096
CLUSTER_73,S,legume_str,648.0,21.226558708715096
CLUSTER_73,S,maize_str,11358.0,21.226558708715096
CLUSTER_73,S,rape_str,3434.0,21.226558708715096
CLUSTER_92,S,legume_str,339.0,32.19435138769335
CLUSTER_92,S,rape_str,752.9,32.19435138769335
CLUSTER_106,T,cattle_man,12224.0,34.20086448978307
CLUSTER_106,T,horse_man,1081.1,34.20086448978307
CLUSTER_106,T,pig_man,245.613,34.20086448978307
CLUSTER_111,T,cattle_man,13173.0,25.488829270453373
CLUSTER_111,T,horse_man,2114.0,25.488829270453373
CLUSTER_111,T,pig_man,262.226,25.488829270453373
CLUSTER_118,T,cattle_man,21189.99999999999,29.25634181194686
CLUSTER_118,T,horse_man,710.0,29.25634181194686
CLUSTER_123,T,cattle_man,9000.0,12.621978596327155
CLUSTER_123,T,cattle_slu,48680.0,12.621978596327155
CLUSTER_123,T,horse_man,1614.0,12.621978596327155
CLUSTER_123,T,legume_str,222.8,12.621978596327155
CLUSTER_123,T,pig_man,92.5800179,12.621978596327155
CLUSTER_123,T,rape_str,1051.0,12.621978596327155
CLUSTER_127,T,cattle_man,15805.999999999945,28.883234293760307
CLUSTER_127,T,horse_man,2828.1,28.883234293760307
CLUSTER_128,T,cattle_man,10124.4,26.163796646465315
CLUSTER_128,T,horse_man,2411.7,26.163796646465315
CLUSTER_128,T,pig_man,539.0,26.163796646465315
CLUSTER_129,T,cattle_man,8284.0,43.20890825114179
CLUSTER_129,T,horse_man,1743.9,43.20890825114179
CLUSTER_129,T,pig_man,245.9917,43.20890825114179
CLUSTER_13,T,cattle_man,8802.694745120441,41.22523864176633
CLUSTER_13,T,horse_man,4880.0,41.22523864176633
CLUSTER_13,T,pig_man,152.17000000000002,41.22523864176633
CLUSTER_132,T,cattle_man,7032.59,34.45427440499072
CLUSTER_132,T,horse_man,795.885,34.45427440499072
CLUSTER_132,T,pig_man,943.9,34.45427440499072
CLUSTER_14,T,cattle_man,9659.0,20.80327545927267
CLUSTER_14,T,horse_man,2695.2,20.80327545927267
CLUSTER_14,T,pig_man,256.805,20.80327545927267
CLUSTER_166,T,cattle_man,6826.0,20.511989606752547
CLUSTER_166,T,horse_man,763.7,20.511989606752547
CLUSTER_166,T,legume_str,112.33,20.511989606752547
CLUSTER_166,T,pig_man,110.044731,20.511989606752547
CLUSTER_166,T,rape_str,257.0,20.511989606752547
CLUSTER_187,T,cattle_man,4002.9999999999995,19.5734534315967
CLUSTER_187,T,cattle_slu,24160.0,19.5734534315967
CLUSTER_187,T,horse_man,2955.0,19.5734534315967
CLUSTER_187,T,legume_str,419.6,19.5734534315967
CLUSTER_187,T,pig_man,939.3,19.5734534315967
CLUSTER_187,T,rape_str,1186.6,19.5734534315967
CLUSTER_206,T,cattle_man,21950.0,21.83387600769253
CLUSTER_206,T,horse_man,726.8,21.83387600769253
CLUSTER_206,T,legume_str,98.69,21.83387600769253
CLUSTER_206,T,pig_man,146.60494999999997,21.83387600769253
CLUSTER_206,T,rape_str,81.58,21.83387600769253
CLUSTER_210,T,cattle_man,12910.0,19.787881698373354
CLUSTER_210,T,cattle_slu,64400.0,19.787881698373354
CLUSTER_210,T,horse_man,779.0,19.787881698373354
CLUSTER_210,T,legume_str,108.0,19.787881698373354
CLUSTER_210,T,pig_man,122.09999999999998,19.787881698373354
CLUSTER_210,T,rape_str,548.7,19.787881698373354
CLUSTER_235,T,cattle_man,3182.0,33.86997005731161
CLUSTER_235,T,horse_man,1307.7,33.86997005731161
CLUSTER_235,T,pig_man,439.78,33.86997005731161
CLUSTER_248,T,pig_man,337.0,69.71926695814268
CLUSTER_253,T,cattle_man,6043.0,32.292694212159425
CLUSTER_253,T,horse_man,3082.0,32.292694212159425
CLUSTER_253,T,pig_man,379.28,32.292694212159425
CLUSTER_303,T,pig_man,1707.0,60.35937487946888
CLUSTER_305,T,cattle_man,4426.0,24.263808916139624
CLUSTER_305,T,horse_man,533.2,24.263808916139624
CLUSTER_305,T,pig_man,388.58,24.263808916139624
CLUSTER_316,T,cattle_man,7202.0,32.65526327147757
CLUSTER_316,T,horse_man,1505.3,32.65526327147757
CLUSTER_316,T,pig_man,1285.8,32.65526327147757
CLUSTER_337,T,cattle_man,13540.0,7.005641010883853
CLUSTER_337,T,cattle_slu,79079.99999999999,7.005641010883853
CLUSTER_337,T,horse_man,1000.0599999999998,7.005641010883853
CLUSTER_337,T,legume_str,187.9,7.005641010883853
CLUSTER_337,T,rape_str,148.0,7.005641010883853
CLUSTER_341,T,cattle_man,862.8,28.8144323346434
CLUSTER_341,T,horse_man,2031.7999999999997,28.8144323346434
CLUSTER_341,T,pig_man,160.94299999999998,28.8144323346434
CLUSTER_365,T,cattle_man,16119.999999999998,9.583281545426791
CLUSTER_365,T,cattle_slu,94000.0,9.583281545426791
CLUSTER_365,T,horse_man,1341.0,9.583281545426791
CLUSTER_365,T,legume_str,86.1,9.583281545426791
CLUSTER_365,T,rape_str,408.7,9.583281545426791
CLUSTER_366,T,cattle_man,8803.0,30.552033781093684
CLUSTER_366,T,horse_man,199.48,30.552033781093684
CLUSTER_368,T,cattle_man,6947.0,11.516854070808863
CLUSTER_368,T,cattle_slu,38230.0,11.516854070808863
CLUSTER_368,T,horse_man,1001.7000000000002,11.516854070808863
CLUSTER_368,T,legume_str,152.78,11.516854070808863
CLUSTER_368,T,pig_man,61.345000000000006,11.516854070808863
CLUSTER_368,T,rape_str,482.8,11.516854070808863
CLUSTER_376,T,cattle_man,2955.0,35.64203959061212
CLUSTER_376,T,horse_man,494.96000000000004,35.64203959061212
CLUSTER_376,T,pig_man,263.4000241,35.64203959061212
CLUSTER_377,T,horse_man,627.7,56.97727261676064
CLUSTER_377,T,pig_man,294.4,56.97727261676064
CLUSTER_383,T,cattle_man,4512.0,13.535396628948453
CLUSTER_383,T,cattle_slu,28660.0,13.535396628948453
CLUSTER_383,T,horse_man,1382.2,13.535396628948453
CLUSTER_383,T,legume_str,135.1,13.535396628948453
CLUSTER_383,T,pig_man,350.7,13.535396628948453
CLUSTER_383,T,rape_str,355.5,13.535396628948453
CLUSTER_393,T,cattle_man,1357.0,26.82597309296804
CLUSTER_393,T,horse_man,968.1,26.82597309296804
CLUSTER_411,T,cattle_man,18310.0,15.231422969650906
CLUSTER_411,T,cattle_slu,112200.0,15.231422969650906
CLUSTER_411,T,horse_man,1163.4,15.231422969650906
CLUSTER_411,T,legume_str,302.2,15.231422969650906
CLUSTER_411,T,pig_man,527.79,15.231422969650906
CLUSTER_411,T,rape_str,409.6,15.231422969650906
CLUSTER_42,T,cattle_man,15075.0,47.13293722364572
CLUSTER_42,T,horse_man,1097.5,47.13293722364572
CLUSTER_42,T,pig_man,1804.5,47.13293722364572
CLUSTER_428,T,cattle_man,6500.0,37.60741065853546
CLUSTER_428,T,horse_man,792.0,37.60741065853546
CLUSTER_428,T,pig_man,58.397,37.60741065853546
CLUSTER_432,T,cattle_man,3340.0,29.560261624707305
CLUSTER_432,T,horse_man,1122.3,29.560261624707305
CLUSTER_432,T,pig_man,80.1,29.560261624707305
CLUSTER_44,T,cattle_man,14660.0,4.516632919077223
CLUSTER_44,T,cattle_slu,73970.0,4.516632919077223
CLUSTER_44,T,horse_man,1288.0,4.516632919077223
CLUSTER_44,T,legume_str,336.7,4.516632919077223
CLUSTER_44,T,rape_str,694.67,4.516632919077223
CLUSTER_443,T,cattle_man,12880.0,32.369845550848574
CLUSTER_443,T,horse_man,1016.9999999999999,32.369845550848574
CLUSTER_446,T,cattle_man,11600.0,15.05744994767814
CLUSTER_446,T,cattle_slu,63610.0,15.05744994767814
CLUSTER_446,T,horse_man,1600.0,15.05744994767814
CLUSTER_446,T,legume_str,132.72,15.05744994767814
CLUSTER_446,T,pig_man,216.2920123,15.05744994767814
CLUSTER_446,T,rape_str,165.0,15.05744994767814
CLUSTER_452,T,horse_man,922.0,53.451505655703535
CLUSTER_452,T,pig_man,550.0,53.451505655703535
CLUSTER_463,T,cattle_man,3189.0,27.67414387484756
CLUSTER_463,T,horse_man,384.3,27.67414387484756
CLUSTER_463,T,pig_man,180.00319,27.67414387484756
CLUSTER_479,T,cattle_man,6870.0,14.000730238619738
CLUSTER_479,T,cattle_slu,44369.99999999999,14.000730238619738
CLUSTER_479,T,horse_man,1092.0,14.000730238619738
CLUSTER_479,T,legume_str,75.09,14.000730238619738
CLUSTER_479,T,rape_str,157.9,14.000730238619738
CLUSTER_485,T,cattle_man,3740.0,30.81798108039676
CLUSTER_485,T,horse_man,1447.0,30.81798108039676
CLUSTER_485,T,pig_man,19.72,30.81798108039676
CLUSTER_500,T,cattle_man,5430.0,22.50339025726157
CLUSTER_500,T,horse_man,798.0,22.50339025726157
CLUSTER_500,T,legume_str,135.3,22.50339025726157
CLUSTER_500,T,pig_man,32.309999999999995,22.50339025726157
CLUSTER_507,T,cattle_man,9890.0,38.13112648495069
CLUSTER_507,T,horse_man,1199.4,38.13112648495069
CLUSTER_511,T,cattle_man,2498.0,27.72304472409748
CLUSTER_511,T,horse_man,1308.3100000000002,27.72304472409748
CLUSTER_511,T,pig_man,317.6,27.72304472409748
CLUSTER_515,T,cattle_man,990.9999999999999,43.17742951436773
CLUSTER_515,T,horse_man,126.2,43.17742951436773
CLUSTER_515,T,pig_man,1089.0,43.17742951436773
CLUSTER_531,T,cattle_man,750.0,32.28724179091832
CLUSTER_531,T,horse_man,424.9,32.28724179091832
CLUSTER_531,T,pig_man,133.0,32.28724179091832
CLUSTER_533,T,cattle_man,693.0,34.46222896878072
CLUSTER_533,T,horse_man,654.0,34.46222896878072
CLUSTER_533,T,pig_man,70.10000000000001,34.46222896878072
CLUSTER_534,T,horse_man,1873.6,36.81623949006683
CLUSTER_534,T,pig_man,1003.0,36.81623949006683
CLUSTER_543,T,cattle_man,10570.0,28.118986171794127
CLUSTER_543,T,horse_man,158.9,28.118986171794127
CLUSTER_543,T,pig_man,36.089,28.118986171794127
CLUSTER_548,T,cattle_man,7311.0,39.07717058669388
CLUSTER_548,T,horse_man,2324.0,39.07717058669388
CLUSTER_6,T,horse_man,339.439139,69.11032569764372
CLUSTER_6,T,pig_man,1816.7,69.11032569764372
CLUSTER_83,T,cattle_man,8530.0,22.69169105207752
CLUSTER_83,T,horse_man,2092.0,22.69169105207752
CLUSTER_83,T,pig_man,44.2,22.69169105207752
CLUSTER_9,T,cattle_man,4512.6,44.43172595303868
CLUSTER_9,T,horse_man,1859.2,44.43172595303868
CLUSTER_9,T,pig_man,1813.0,44.43172595303868
